SYMBOL,SERIES,OPEN,HIGH,LOW,CLOSE,LAST,PREVCLOSE,TOTTRDQTY,TOTTRDVAL,TIMESTAMP,TOTALTRADES,ISIN
SGBJUN28,GB,15298,15298,14900,14925.83,14900,15059,210,3147752.45,24-Sep-2026,58,IN0020200104
SGBN28VIII,GB,15002,15003,14941,14949.98,14950,15120,90,1346803.94,24-Sep-2026,15,IN0020200286
SGBMAY29I,GB,15050,15050,14921,14936,14921,15099.99,508,7619378.12,24-Sep-2026,72,IN0020210053
SGBJUN29II,GB,15090,15090,14965,14965,14965,15097.5,54,813329.96,24-Sep-2026,15,IN0020210061
SGBJU29III,GB,15045,15045,14920,14922.32,14947.9,15125,61,911300.98,24-Sep-2026,22,IN0020210087
SGBSEP29VI,GB,15074,15094.54,14926,14942.72,14930,15094.54,331,4962763.96,24-Sep-2026,121,IN0020210145
SGBNV29VII,GB,15105,15105,14951,14961.48,14959,15106.63,58,870445.98,24-Sep-2026,23,IN0020210178
SGBDEC26,GB,15099.98,15100,15099.98,15100,15100,15100,6,90599.95,24-Sep-2026,4,IN0020180389
SGBJUL27,GB,15050,15050,15050,15050,15050,15050,5,75250.00,24-Sep-2026,3,IN0020190081
SGBAUG27,GB,15070,15070,14861,14928,14928,15070,33,492859.03,24-Sep-2026,16,IN0020190107
SGBSEP27,GB,15000,15000,15000,15000,15000,15049.9,1,15000.00,24-Sep-2026,1,IN0020190115
SGBOCT27,GB,15000,15000,14901,14950.5,14901,15105,2,29901.00,24-Sep-2026,2,IN0020190370
SGBFEB27,GB,14842,14930,14842,14899.9,14899.9,15145.35,17,252903.37,24-Sep-2026,8,IN0020180561
SGBOCT27VI,GB,14963.85,14963.85,14963.85,14963.85,14963.85,15115,1,14963.85,24-Sep-2026,1,IN0020190388
SGBDC27VII,GB,14901,15150,14901,14990,14990,15090,25,375254.51,24-Sep-2026,13,IN0020190461
SGBAPR28I,GB,15030,15130,14995.01,15010.9,15010,15150.04,808,12140132.33,24-Sep-2026,41,IN0020200062
SGBMAY28,GB,14925.61,15085,14910,14920,14920,15091.14,8,119685.63,24-Sep-2026,5,IN0020200088
SGBJUL28IV,GB,14910.01,14985,14831,14895.9,14865.03,15035.88,205,3060734.41,24-Sep-2026,46,IN0020200146
SGBAUG28V,GB,15100,15100,14915,14938.06,14930,15044.13,386,5777255.24,24-Sep-2026,95,IN0020200161
SGBSEP28VI,GB,14990,14998.99,14855.01,14899.06,14899,15051.66,58,866938.49,24-Sep-2026,37,IN0020200195
SGBOC28VII,GB,15040.2,15050,14951,14951,14951,15180,145,2173740.03,24-Sep-2026,14,IN0020200203
SGBJ28VIII,GB,15000.01,15049.98,15000.01,15049.98,15049.98,15078.99,6,90050.03,24-Sep-2026,2,IN0020190537
SGBMAR28X,GB,15500,15500,14836.11,14899.9,14899.9,15990,19,283160.24,24-Sep-2026,4,IN0020190552
SGBJUL29IV,GB,15000,15000.01,14942,14999.89,14999.89,15133.09,73,1092572.96,24-Sep-2026,19,IN0020210111
SGBJAN29IX,GB,15070,15070,14915,14915.6,14915.01,15070,71,1062038.20,24-Sep-2026,21,IN0020200377
SGBAUG29V,GB,15138,15144.99,14961.01,15020.05,15049.87,15107.06,64,961677.79,24-Sep-2026,23,IN0020210129
SGBD29VIII,GB,15140,15250,15000,15000,15000,15138.49,141,2124773.04,24-Sep-2026,43,IN0020210228
SGBJAN29X,GB,14975,14980,14916,14916.8,14916,15076.25,31,463924.00,24-Sep-2026,14,IN0020200385
SGBFEB29XI,GB,14911,14936.4,14910.01,14935.17,14935,15100,16,238777.47,24-Sep-2026,6,IN0020200393
SGBMR29XII,GB,15099,15099,14921,14995.48,14999,15098.36,308,4616786.82,24-Sep-2026,90,IN0020200427
SGBJUN30,GB,15299,15299,15045,15200,15200,15292.17,83,1262106.20,24-Sep-2026,23,IN0020220045
SGBAUG30,GB,15206,15375,15200,15210,15200,15380,150,2294179.47,24-Sep-2026,60,IN0020220078
SGBDE30III,GB,15200,15350,15180.03,15204.11,15200,15298,150,2286306.01,24-Sep-2026,57,IN0020220110
SGBJAN30IX,GB,15100,15170,15001.01,15145,15145,15190.1,48,724230.20,24-Sep-2026,23,IN0020210236
SGBMAR30X,GB,15100,15298,14970,15003.93,14972,15136,29,437525.10,24-Sep-2026,18,IN0020210319
SGBJUN31I,GB,15325,15374.99,15285.1,15325.92,15347.5,15376.18,323,4950328.66,24-Sep-2026,70,IN0020230069
SGBSEP31II,GB,15350,15369,15287.53,15292.88,15338,15356.78,598,9171915.21,24-Sep-2026,115,IN0020230093
SGBDE31III,GB,15429,15470,15386,15400.56,15401.02,15481.36,438,6755467.20,24-Sep-2026,147,IN0020230168
SGBMAR31IV,GB,15240.01,15379.88,15156.36,15229.35,15299,15350,173,2642864.79,24-Sep-2026,61,IN0020220169
SGBFEB32IV,GB,15511,15723.99,15511,15592.55,15640,15713.26,735,11501857.39,24-Sep-2026,169,IN0020230184
20MICRONS,EQ,217.7,217.8,212.16,213.87,216,219.21,65908,14168994.10,24-Sep-2026,2566,INE144J01027
21STCENMGM,EQ,40,40,39.16,39.77,40,39.92,3133,124827.64,24-Sep-2026,37,INE253B01015
360ONE,EQ,1099.5,1103,1066.9,1080.8,1080.8,1108,1356395,1463916226.50,24-Sep-2026,42931,INE466L01038
GOLD360,EQ,147,147,145.35,145.85,145.35,147.35,8851,1293327.60,24-Sep-2026,277,INF579M01BB5
MSCI360,EQ,10.17,10.19,9.74,9.88,10.05,10.25,55811,548835.67,24-Sep-2026,1033,INF579M01BP5
SILVER360,EQ,225.99,225.99,222,222.4,222.48,226.75,17624,3931481.17,24-Sep-2026,407,INF579M01BC3
3BBLACKBIO,EQ,1425,1425,1391,1406,1400.9,1431.6,6962,9802880.90,24-Sep-2026,776,INE994E01018
3IINFOLTD,BE,26.03,26.03,24.8,24.96,24.9,25.74,270182,6782631.87,24-Sep-2026,678,INE748C01038
3MINDIA,EQ,34600,34790,34285,34590,34700,34615,1608,55614305.00,24-Sep-2026,984,INE470A01017
3PLAND,EQ,31.5,31.5,30.51,30.52,30.51,30.91,302,9344.62,24-Sep-2026,22,INE105C01023
5PAISA,EQ,318.15,318.15,305.15,308.4,309,318.15,26049,8092154.30,24-Sep-2026,1150,INE618L01018
63MOONS,EQ,849.15,891.9,840.2,862.9,862,852.95,561321,489072608.80,24-Sep-2026,25983,INE111B01023
735PFCL35,N1,1206,1206,1206,1206,1206,1206,200,241200.00,24-Sep-2026,2,INE134E07570
760PFCL35,N3,1215,1246,1215,1215.1,1215.1,1230,8,9751.60,24-Sep-2026,3,INE134E07588
764NABAR31,N2,1116.6,1117,1114,1114.18,1114,1116.53,744,829250.60,24-Sep-2026,23,INE261F07032
764HUDCO31,N8,1130,1130,1130,1130,1130,1132,1,1130.00,24-Sep-2026,1,INE031A07AO5
769HUDCO31,N9,1138.1,1138.1,1136.35,1136.52,1136.35,1138,966,1098315.82,24-Sep-2026,15,INE031A07AT4
774IREDA31,N7,1127.5,1127.5,1127.5,1127.5,1127.5,1127.5,2,2255.00,24-Sep-2026,1,INE202E07229
812REC27,NI,1029.8,1029.8,1029.5,1029.5,1029.5,1030.79,88,90611.00,24-Sep-2026,3,INE020B07GH7
830PFCL27,N5,1085,1087,1085,1087,1087,1082.32,199,216115.37,24-Sep-2026,6,INE134E07208
875NHAI29,N6,1116.75,1118,1116.35,1118,1118,1118.05,751,838991.35,24-Sep-2026,7,INE906B07DF8
876HUDCO28,ND,1140.06,1142.01,1140.05,1142,1142,1139.06,850,970214.10,24-Sep-2026,5,INE031A07949
891NTPC33,N6,1276.05,1285,1276.05,1277.05,1277.05,1277.1,737,941222.15,24-Sep-2026,7,INE733E07JJ9
892NHPC33,N6,1260,1260,1260,1260,1260,1260,20,25200.00,24-Sep-2026,1,INE848E07567
892PFCL33,N8,1282.13,1282.51,1280.25,1280.48,1280.25,1282.13,111,142152.27,24-Sep-2026,4,INE134E07463
901HUDCO34,NE,1287.7,1287.7,1287.7,1287.7,1287.7,1287.89,1,1287.70,24-Sep-2026,1,INE031A07AB2
ABCOTS,EQ,202,207.9,200.98,201.58,202.5,203.57,5289,1065328.28,24-Sep-2026,130,INE08PH01015
ABINFRA,BE,12.32,12.8,12.06,12.31,12.49,12.57,202741,2505750.48,24-Sep-2026,290,INE00YB01025
ABMKNO,EQ,172.01,174.99,167.2,170.8,170.8,171.41,1253,211464.76,24-Sep-2026,54,INE850B01026
ACSTECH,BE,75.49,80.38,72.8,80.37,80.38,76.56,875467,67763827.70,24-Sep-2026,1534,INE366C01021
AKCAPIT,EQ,1746.2,1760,1698.2,1729.2,1753,1753.9,1647,2862962.90,24-Sep-2026,248,INE701G01012
A2ZINFRA,EQ,14.9,15.15,14.71,14.74,14.71,14.79,236843,3519081.06,24-Sep-2026,821,INE619I01012
AAATECH,EQ,94.16,95.98,90.25,91.84,92.77,93.56,128773,12103487.54,24-Sep-2026,893,INE0D0U01013
AADHARHFC,EQ,454.2,454.2,444.3,446.7,446.9,454.55,183120,81938380.70,24-Sep-2026,9756,INE883F01010
AAKAAR,SM,73.4,73.4,68.15,68.15,68.15,70,3200,226480.00,24-Sep-2026,2,INE1GYP01013
AAKASH,EQ,9.12,9.5,8.91,9.09,9.19,9.13,288598,2659203.99,24-Sep-2026,590,INE087Z01024
AARADHYA,ST,138,138,135.05,138,138,138.05,7200,983220.00,24-Sep-2026,6,INE124401014
AAREYDRUGS,EQ,101.75,101.78,99.5,100.26,101,102.63,350999,35223714.66,24-Sep-2026,1015,INE198H01019
AARNAV,BE,33,35.09,32.35,35,35.08,33.42,63958,2230779.88,24-Sep-2026,188,INE750R01016
AARON,EQ,122.6,125,115.5,116.68,117.41,122.6,48639,5763524.33,24-Sep-2026,959,INE721Z01010
AARTECH,BE,50.98,51,49.15,50.41,50.8,50.7,36408,1823701.25,24-Sep-2026,170,INE01C001026
AARTIDRUGS,EQ,436.35,450.2,434.6,437.25,438,436.25,387992,172026617.80,24-Sep-2026,13267,INE767A01016
AARTIIND,EQ,487.65,492.2,484.05,489.45,490.8,491.35,291316,142110039.90,24-Sep-2026,11580,INE769A01020
AARTIPHARM,EQ,934.5,957,923.35,934.25,930,940.1,800441,754620907.80,24-Sep-2026,41353,INE0LRU01027
AARTISURF,BE,530.95,540.95,511,516.75,523.7,530.95,10403,5418273.10,24-Sep-2026,293,INE09EO01013
AARVI,EQ,137.16,138.48,135.25,135.85,137.99,136.48,8657,1180670.37,24-Sep-2026,97,INE754X01016
AASTHA,EQ,96,96,80.8,80.8,80.8,89.77,3696534,304893873.66,24-Sep-2026,14159,INE2FMX01012
AAVAS,EQ,1270,1270,1243,1256.4,1256.6,1285.8,88763,111567951.60,24-Sep-2026,13280,INE216P01012
ABAN,BE,14,14.3,13.75,13.95,13.8,14.02,19590,274886.95,24-Sep-2026,115,INE421A01028
ABANSENT,EQ,27.34,27.34,26.35,27.25,27.28,26.86,2166,58475.86,24-Sep-2026,92,INE365O01028
AFSL,EQ,207.4,207.4,201.2,203.47,203.99,204.56,1319,267966.48,24-Sep-2026,88,INE00ZE01026
ABB,EQ,7080,7144.5,7062.5,7129,7129,7120,141360,1005958045.00,24-Sep-2026,17896,INE117A01022
ABBOTINDIA,EQ,26910,27225,26780,26860,26930,26935,4496,121316660.00,24-Sep-2026,2467,INE358A01014
ABH,SM,47.75,47.75,47.75,47.75,47.75,50.25,10800,515700.00,24-Sep-2026,9,INE1R2M01019
ABHAPOWER,SM,24.3,24.3,23.45,23.45,23.45,24.3,3200,76400.00,24-Sep-2026,2,INE0UYG01015
ABMINTLLTD,BE,46.83,46.83,46.12,46.12,46.12,47.06,1083,49949.38,24-Sep-2026,5,INE251C01025
ABSMARINE,SM,302.25,328,295.5,309.6,311.95,302.25,76500,23938425.00,24-Sep-2026,139,INE0QRV01016
ACC,EQ,1247,1247.1,1230.5,1236.1,1236.7,1251.4,89640,110896031.40,24-Sep-2026,6694,INE012A01025
ACCELYA,EQ,1124.6,1124.6,1115,1120.9,1123,1124.6,5200,5824724.80,24-Sep-2026,364,INE793A01012
ACCENTMIC,SM,665,688.5,665,674.25,675,670.35,94500,63973100.00,24-Sep-2026,143,INE0Q5D01013
ACCPL,ST,205,206.4,201.2,205,205,204.95,12000,2450340.00,24-Sep-2026,8,INE0T8T01010
ACCURACY,BE,4.2,4.51,4.2,4.3,4.37,4.3,105093,459293.88,24-Sep-2026,198,INE648Z01023
ACEINTEG,EQ,17.78,17.87,17.49,17.71,17.74,17.43,920,16342.22,24-Sep-2026,16,INE543V01017
ACETEC,SM,157.5,157.5,148,148,148,153,4800,737400.00,24-Sep-2026,4,INE1J6M01010
ACMESOLAR,EQ,454.8,459.45,444.15,446.65,447,452.3,1545806,698124645.50,24-Sep-2026,40898,INE622W01025
ACE,EQ,1250,1254.4,1234,1241,1244.6,1253.9,270648,336437805.40,24-Sep-2026,19867,INE731H01025
ACUTAAS,EQ,3232,3366.6,3232,3283.7,3295,3265.2,321801,1066606910.80,24-Sep-2026,39072,INE00FF01025
ADANIENSOL,EQ,1367,1371.4,1335.1,1340.5,1340.5,1380,1837547,2479879139.90,24-Sep-2026,61657,INE931S01010
ADANIENT,EQ,2978,2978,2898.2,2900,2900,2993.2,1082462,3172619624.40,24-Sep-2026,53908,INE423A01024
ADANIGREEN,EQ,1295,1309.8,1277.8,1280.1,1280.1,1300.9,2379526,3081027345.30,24-Sep-2026,44329,INE364U01010
ADANIPORTS,EQ,1802.4,1802.4,1775,1785.3,1785.3,1807.3,1589739,2840734463.30,24-Sep-2026,76347,INE742F01042
ADANIPOWER,EQ,203.8,203.8,198.8,199.48,199.48,204.8,20283670,4084346433.17,24-Sep-2026,96066,INE814H01029
ATGL,EQ,623.9,623.9,611.1,612.4,612.8,625.25,634187,391514151.80,24-Sep-2026,18041,INE399L01023
ADDIND,EQ,74.05,80,73.55,76.99,77,74.05,128,10100.21,24-Sep-2026,22,INE757C01021
ADDICTIVE,SM,44.4,44.55,44,44.1,44.1,45.55,14500,641675.00,24-Sep-2026,7,INE0RDH01021
ADFFOODS,EQ,266.8,273.9,264.2,271.65,272,268.05,85764,23226111.05,24-Sep-2026,4028,INE982B01027
ADISOFT,SM,255,262.4,246,251.05,253.95,258.35,157600,39952880.00,24-Sep-2026,171,INE20PL01012
ABSLAMC,EQ,1020,1030.3,1013.7,1024.2,1027,1026.6,67545,68974411.90,24-Sep-2026,9326,INE404A01024
ABCAPITAL,EQ,394.6,401.7,388.5,390.1,390.1,402.45,4053381,1595884567.15,24-Sep-2026,38319,INE674K01013
ABFRL,EQ,49,49,47.94,48.06,48.02,49.09,5072424,244752051.23,24-Sep-2026,22393,INE647O01011
ABLBL,EQ,80,80.08,77.78,78.59,78.73,79.81,942973,74255622.54,24-Sep-2026,9704,INE14LE01019
BIRLAMONEY,EQ,120.34,120.5,117.6,118.66,120.47,120.34,16031,1901877.20,24-Sep-2026,646,INE865C01022
ABREL,EQ,1200,1262.9,1189.6,1211.8,1209.2,1206.4,500792,618135113.50,24-Sep-2026,36941,INE055A01016
CPPLUS,EQ,3819.8,3874.6,3752,3800.1,3801,3831.9,318527,1214395109.00,24-Sep-2026,29371,INE819V01029
AUSL,SM,21.9,24.15,21.85,24.15,24.15,23,18000,411500.00,24-Sep-2026,8,INE01YQ01013
AVL,EQ,624.1,630,617,628.05,628,624.4,83082,51939807.30,24-Sep-2026,6917,INE679V01027
BSLGOLDETF,EQ,131.6,132.41,131.36,131.48,131.57,132.9,2075169,273274417.11,24-Sep-2026,2250,INF209KB18D3
BSLNIFTY,EQ,28.24,28.24,26.9,27.15,27.2,27.56,909838,24746547.68,24-Sep-2026,5239,INF209KB19D1
ADOR,EQ,1597,1655,1590,1612.9,1610.1,1598,33616,54857618.40,24-Sep-2026,4444,INE045A01017
ADROITINFO,EQ,13.88,13.91,12.61,12.73,12.79,13.53,170767,2260948.91,24-Sep-2026,1225,INE737B01033
ADVAIT,EQ,1975,1980.9,1915.3,1922.4,1936.5,1976.8,34484,67056387.90,24-Sep-2026,5154,INE0ALI01010
ADVANCE,EQ,118,122.49,118,118.67,118.69,119.37,197531,23703135.08,24-Sep-2026,3233,INE1B0W01010
ADVENZYMES,EQ,295,300.05,291.85,292.75,293,297,205547,60970150.95,24-Sep-2026,5960,INE837H01020
ADVANIHOTR,EQ,47.57,48.48,47.55,47.75,47.99,47.57,15922,760007.15,24-Sep-2026,292,INE199C01026
ADVENTHTL,EQ,128.57,128.78,126,127.04,127.04,130.36,133111,16922513.37,24-Sep-2026,1728,INE28GN01010
ADVIKCA,EQ,1.01,1.03,0.96,0.99,1,1.01,177622,177523.38,24-Sep-2026,250,INE178T01024
RAMBHAJO,EQ,284.9,285.45,275,275.76,276,286.1,240258,66919771.03,24-Sep-2026,3978,INE1SJO01012
AEGISLOG,EQ,1405.8,1405.8,1348.4,1369.7,1370,1404.5,547668,749220427.30,24-Sep-2026,32659,INE208C01025
AEGISVOPAK,EQ,300.8,300.8,283.6,289.1,290,302.8,2451978,709068876.00,24-Sep-2026,48438,INE0INX01018
848AEL29,NJ,1014.95,1014.95,1014.95,1014.95,1014.95,1015,5,5074.75,24-Sep-2026,1,INE423A07492
862AEL31,NM,1037,1037,1037,1037,1037,1020.99,18,18666.00,24-Sep-2026,1,INE423A07518
890AEL31,NN,1062,1062,1062,1062,1062,1058.79,103,109386.00,24-Sep-2026,3,INE423A07526
915AEL28,NC,1018,1018,1018,1018,1018,1025,6,6108.00,24-Sep-2026,1,INE423A07435
930AEL30,NF,1042.1,1042.1,1042,1042.02,1042,1042.15,30,31260.70,24-Sep-2026,4,INE423A07393
AEQUS,EQ,241.51,247,239.52,242.79,243,243.94,1907443,464139367.89,24-Sep-2026,41212,INE947N01017
AEROENTER,EQ,125.9,129.67,120,126.86,127.8,126.51,501763,63653899.31,24-Sep-2026,5875,INE065D01027
AEROFLEX,EQ,515,546,515,527.2,527.55,520.8,1258585,671659891.30,24-Sep-2026,32267,INE024001021
AERONEU,EQ,68.2,80.64,68,80.64,80.64,67.2,88367,6833037.21,24-Sep-2026,482,INE035801013
AERON,SM,81.25,85,81,82,81.5,81,17000,1409350.00,24-Sep-2026,17,INE0WL801011
AETHER,EQ,1648,1659,1629,1646.2,1648,1648.2,112531,184905525.30,24-Sep-2026,16340,INE0BWX01014
AFCONS,EQ,254,262.5,252.95,253.75,254,258.3,845057,217160784.35,24-Sep-2026,18241,INE101I01011
AFFLE,EQ,1574.3,1598.5,1555.7,1588.1,1588.3,1584.3,99024,155777876.50,24-Sep-2026,13610,INE00WC01027
AFFORDABLE,EQ,174.65,183.38,169.47,177.35,177.1,174.65,60546,10834606.88,24-Sep-2026,2236,INE692Z01013
12AFIL28,N0,10026.99,10026.99,10026.99,10026.99,10026.99,10023.94,48,481295.52,24-Sep-2026,3,INE916Y07057
AGARWALFT,SM,27.3,27.3,27.3,27.3,27.3,28.65,1500,40950.00,24-Sep-2026,1,INE0MLA01012
AGARIND,EQ,408.7,410,396.1,400.05,410,408.65,28830,11574765.15,24-Sep-2026,1684,INE204E01012
AGARWALTUF,SM,156.3,157.05,154.8,155.1,155.1,158.05,8400,1305900.00,24-Sep-2026,7,INE0P8X01016
AGI,EQ,837,837,819,821.35,821,837.2,93291,77173652.25,24-Sep-2026,7750,INE415A01038
AGIIL,EQ,268,273.3,267.05,271.45,272,268.8,1792301,482803687.00,24-Sep-2026,7298,INE976R01033
AGNI,SM,15.1,15.95,15.1,15.95,15.95,15.35,25000,384625.00,24-Sep-2026,10,INE0LF301013
AGRITECH,EQ,93,98.5,93,95.76,96,97.83,2897,278844.51,24-Sep-2026,135,INE449G01018
AGROPHOS,EQ,24.25,24.3,23.1,24.27,24.19,24.25,13144,310105.05,24-Sep-2026,152,INE740V01019
AGSTRA,BZ,2.29,2.29,2.28,2.29,2.29,2.19,64312,147250.21,24-Sep-2026,107,INE583L01014
AHLADA,EQ,39.15,39.89,37.2,38.76,38.95,39.15,4123,160425.07,24-Sep-2026,113,INE00PV01013
AHLUCONT,EQ,578,590,571.3,582.75,582.55,580.6,46626,27178728.45,24-Sep-2026,2999,INE758C01029
AIAENG,EQ,3955,4033.6,3912.4,3953.4,3965,3970,311377,1233366546.00,24-Sep-2026,12175,INE212H01026
AIMTRON,SM,1800.6,1868.95,1775,1797.55,1796.3,1813.6,49800,90427870.00,24-Sep-2026,227,INE0RUV01018
GOLDTECH,BE,45.44,46.28,44.9,46.28,46.28,44.08,9493,433912.96,24-Sep-2026,45,INE805A01014
AIRAN,EQ,16.45,17.5,16.38,16.58,16.55,16.78,30585,512088.93,24-Sep-2026,432,INE645W01026
AIROLAM,EQ,91.24,91.24,87.01,88.34,88.1,90.79,2630,237536.89,24-Sep-2026,79,INE801L01010
AJANTPHARM,EQ,3521.1,3594,3521.1,3539.5,3549.2,3568.1,37012,131599806.40,24-Sep-2026,8872,INE031B01049
AJAXENGG,EQ,555,588,555,575.2,572.1,569.15,1346962,775052522.00,24-Sep-2026,26160,INE274Y01021
AJMERA,EQ,119.01,121.78,116.82,120.51,120.51,120.63,338485,40573361.63,24-Sep-2026,4122,INE298G01035
AJOONI,EQ,3.3,3.32,3.18,3.18,3.19,3.28,340761,1100942.96,24-Sep-2026,512,INE820Y01021
AKANKSHA,SM,158.65,158.65,156,158.65,158.65,151.1,45000,7134000.00,24-Sep-2026,39,INE0PCY01014
AKASH,EQ,24.65,25.4,24.5,24.51,24.51,24.76,589,14553.83,24-Sep-2026,28,INE737W01013
AKG,EQ,10,10.33,9.6,9.76,9.61,9.97,36898,365018.44,24-Sep-2026,116,INE00Y801016
AKI,BE,7,7,6.7,6.85,6.8,6.74,200378,1369462.92,24-Sep-2026,519,INE642Z01026
AKIKO,SM,441.95,441.95,420,420.05,420.1,438,12000,5151200.00,24-Sep-2026,14,INE0PMR01017
AFIL,EQ,8.45,8.45,8,8.04,8.07,8.22,510964,4130360.48,24-Sep-2026,758,INE916Y01027
AKSHOPTFBR,BE,6.86,7.32,6.82,7.21,7.3,6.98,509773,3673046.60,24-Sep-2026,648,INE523B01011
AKSHAR,EQ,0.41,0.42,0.4,0.41,0.41,0.41,1589240,651554.70,24-Sep-2026,270,INE256Z01025
AKSHARCHEM,BE,389.95,390,375,379.3,380,389.95,12423,4738588.65,24-Sep-2026,176,INE542B01011
AKUMS,EQ,824,836.8,813.3,817.6,819.95,823.3,218858,180479934.95,24-Sep-2026,14484,INE09XN01023
ALANKIT,EQ,8.04,8.1,7.8,7.91,7.94,8.04,80891,642853.20,24-Sep-2026,447,INE914E01040
ALBERTDAVD,EQ,863.6,886,863.6,871.1,879.4,878.55,2557,2240615.85,24-Sep-2026,337,INE155C01010
ALEMBICLTD,EQ,105,107.85,104.5,107.18,107.06,106.04,1227728,130520276.67,24-Sep-2026,10655,INE426A01027
APLLTD,EQ,840,858.4,834.95,850,848,844.4,354230,301396814.20,24-Sep-2026,30166,INE901L01018
ALFREDHE,EQ,2796.9,2830,2780,2786.8,2780,2796.9,20,55935.90,24-Sep-2026,7,INE782D01027
ALGOQUANT,EQ,72,75.35,71.72,73.37,73.48,72.1,1563012,114846285.50,24-Sep-2026,8877,INE598D01035
ALICON,EQ,735.65,741.85,714.45,737.8,735.5,739.05,46506,33972144.60,24-Sep-2026,2838,INE062D01024
ALIVUS,EQ,1390,1396.7,1357.3,1370,1374,1383.1,39065,53731883.40,24-Sep-2026,5802,INE03Q201024
ALKALI,EQ,99.96,99.96,96,96.37,96.58,101.63,55361,5433063.51,24-Sep-2026,975,INE773I01017
ALKEM,EQ,5372,5447,5261.5,5326,5326,5417.5,165474,884472953.50,24-Sep-2026,33662,INE540L01014
ALKYLAMINE,EQ,1879,1895.7,1841.1,1862.5,1855.1,1883,25203,47030589.10,24-Sep-2026,5274,INE150B01039
ALLETEC,SM,127,130,125.05,128.25,129,129.1,8800,1121460.00,24-Sep-2026,21,INE0M2X01012
ALLTIME,EQ,205.25,207.1,198.25,201.03,200,205.36,150765,30229847.66,24-Sep-2026,2874,INE0GV601021
AGL,EQ,14.49,14.6,13.61,13.68,13.74,14.22,1874610,26073328.74,24-Sep-2026,3614,INE1YPB01014
ALLCARGO,EQ,11.4,11.42,10.88,10.95,10.94,11.38,6441937,71186174.37,24-Sep-2026,8285,INE418H01029
ATL,EQ,25.99,26.17,24.91,25.18,25.21,25.93,294106,7448194.98,24-Sep-2026,1741,INE0NN701020
ALLDIGI,EQ,780.25,784.1,762,771.65,766.95,780.25,4525,3504587.00,24-Sep-2026,602,INE835G01018
ABDL,EQ,660,722,650,712.15,722,656.4,6590774,4570840688.15,24-Sep-2026,154282,INE552Z01027
ADSL,EQ,97.1,98.69,95.62,96.27,96,97.78,123273,11916053.47,24-Sep-2026,2521,INE102I01027
ALMONDZ,EQ,19.24,20.35,19.24,19.86,20.05,19.55,448919,8947243.35,24-Sep-2026,1223,INE326B01035
ALOKINDS,EQ,7.6,7.6,7.4,7.48,7.53,7.64,13073959,97896570.94,24-Sep-2026,9987,INE270A01029
ALPA,EQ,60.69,61.6,58.61,59.07,59,60.39,87569,5256807.51,24-Sep-2026,986,INE385I01010
ALPEXSOLAR,SM,846,858.8,828,847,856,846,35000,29369200.00,24-Sep-2026,232,INE0R4701017
ALPHAGEO,BE,298.8,298.8,283.2,285.45,289,292.5,5339,1545079.20,24-Sep-2026,148,INE137C01018
ALPINETEX,EQ,52.46,52.46,50,50.65,50.51,52.44,290128,14836046.43,24-Sep-2026,3323,INE1JCQ01037
ALUFLUOR,EQ,577.55,577.55,562.55,565.8,568.9,577.55,4903,2775791.50,24-Sep-2026,410,INE058F01019
ALUWIND,SM,52.6,52.6,49.8,50.6,49.8,52.4,34500,1771275.00,24-Sep-2026,19,INE0STM01017
AMAGI,EQ,576.5,581.45,560.15,562.15,562.4,578.7,155822,88270506.25,24-Sep-2026,8230,INE121R01077
AMAL,EQ,700.05,714.35,685,687.65,689.8,704.3,14729,10225689.60,24-Sep-2026,1106,INE841D01013
AMANTA,BE,192,192,189.21,189.21,189.21,189.21,21865,4169980.04,24-Sep-2026,134,INE084K01015
ARE&M,EQ,809,809.05,793,795.4,795,812.85,302626,242122781.50,24-Sep-2026,20478,INE885A01032
AMARJOTHI,EQ,148.12,148.55,147,147,147,148.12,1266,186358.54,24-Sep-2026,17,INE484D01012
AMBAAUTO,SM,96,100,96,98,98,95.9,11000,1071700.00,24-Sep-2026,11,INE293601014
AMBALALSA,BE,41.94,42.49,40.1,41.27,41.49,40.47,55275,2312046.66,24-Sep-2026,224,INE432A01017
AMBANIORGO,SM,117,117.85,112,115.25,117,112.25,100000,11524350.00,24-Sep-2026,13,INE00C501018
AMBER,EQ,7025.5,7050,6911,6911,6911,7064.5,86469,603806708.00,24-Sep-2026,13748,INE371P01015
AMBICAAGAR,EQ,25.57,25.87,24.32,25.39,25.5,25.45,140237,3517765.40,24-Sep-2026,518,INE792B01012
AMBIKCO,EQ,1569.9,1578,1551.6,1556.5,1553.3,1582.7,3932,6142414.20,24-Sep-2026,663,INE540G01014
AMBUJACEM,EQ,390,390.9,382.65,384.1,384.1,392.75,912389,352373845.55,24-Sep-2026,22069,INE079A01024
AMDIND,BE,57.53,57.53,55.5,56.09,56.1,57.58,28678,1611923.87,24-Sep-2026,258,INE005I01014
AMEYA,SM,164.5,164.5,153.85,153.85,153.85,161.9,16000,2537100.00,24-Sep-2026,16,INE0KT901015
AMNPLST,EQ,170,171,160.8,164.09,164,169,7235,1185490.13,24-Sep-2026,288,INE275D01022
AEROPLANE,EQ,202.8,207.47,201.34,201.98,201.55,205.74,177483,36134191.92,24-Sep-2026,3895,INE05TO01019
AMJLAND,EQ,37.6,38.5,37.23,37.32,37.9,37.97,1615,60669.09,24-Sep-2026,92,INE606A01024
AMRUTANJAN,EQ,507.25,525.6,505,510.2,512.8,510.05,75103,38797642.00,24-Sep-2026,3679,INE098F01031
ARSSBL,EQ,508.8,509,495,497.45,496.1,510.8,139770,69851093.50,24-Sep-2026,4185,INE549H01021
ANANDRATHI,EQ,2168,2185,2161.5,2167.4,2168,2169.2,212941,462046465.30,24-Sep-2026,15034,INE463V01026
ANANTRAJ,EQ,625,636,621.05,624.1,622.55,631.8,1717068,1078633655.55,24-Sep-2026,31257,INE242C01024
ANANTAM,IV,105.99,106,104.9,105.3,105.32,105.49,383665,40409778.17,24-Sep-2026,132,INE1UA823019
ANAWIL,SM,438,445.3,420.2,428.9,428.65,440.3,95200,41257860.00,24-Sep-2026,222,INE1J5V01013
AMCL,SM,354.25,365,349,349.7,349.7,355.75,20800,7351180.00,24-Sep-2026,32,INE0VG001016
ACL,EQ,42.58,42.79,42.1,42.56,42.6,42.58,4530,192206.87,24-Sep-2026,169,INE666E01020
ANDHRAPAP,EQ,70.53,74.48,70.16,73.62,73.15,71.19,812860,59159050.54,24-Sep-2026,9070,INE435A01051
ANDHRSUGAR,EQ,95,95.14,92.51,92.98,93.32,95.2,192709,18057268.10,24-Sep-2026,7130,INE715B01021
ANDREWYU,EQ,28.25,28.28,26.3,26.85,27,28.09,181022,4910070.49,24-Sep-2026,1384,INE449C01025
ANGELONE,EQ,296,297.75,289.8,290.7,290.7,300,3663688,1073778735.85,24-Sep-2026,34905,INE732I01021
AISL,SM,54,54.1,53.35,54,54,56,11400,615270.00,24-Sep-2026,6,INE635Y01015
ANIKINDS,EQ,44.98,44.98,42.91,43,43,44.98,4476,194751.73,24-Sep-2026,128,INE087B01017
APCL,EQ,96.99,96.99,93.63,95.27,94.35,95.93,6625,625213.22,24-Sep-2026,167,INE071F01012
ANKITMETAL,BZ,1.82,1.85,1.82,1.85,1.85,1.82,3511,6495.32,24-Sep-2026,13,INE106I01010
AHCL,EQ,29.68,30.68,28.18,28.65,28.35,29.68,49040894,1434221508.44,24-Sep-2026,88604,INE0Y8W01025
ANLON,SM,755,817.95,755,809,812,769.95,10800,8628240.00,24-Sep-2026,25,INE0LR101013
ANMOL,BE,14,14,13.2,13.45,13.4,13.85,53722,722299.21,24-Sep-2026,433,INE02AR01019
ANNAPURNA,EQ,132.4,132.4,128.42,131.17,129.5,130.68,34805,4523776.62,24-Sep-2026,829,INE0MGM01017
ANNU,EQ,51.8,52.35,49.52,49.8,49.85,53.04,1047458,52940271.21,24-Sep-2026,10223,INE103001017
ANONDITA,SM,1090,1116,1056.05,1089.7,1109,1094.6,92000,99798650.00,24-Sep-2026,349,INE0VTV01012
ANSALBU,EQ,103.3,103.3,93,94.9,94.6,100.14,12729,1217846.87,24-Sep-2026,489,INE030C01015
ANSALAPI,BZ,3.86,3.86,3.72,3.86,3.86,3.79,36067,139215.40,24-Sep-2026,50,INE436A01026
ANTGRAPHIC,EQ,0.72,0.73,0.71,0.71,0.72,0.73,107802,77124.02,24-Sep-2026,146,INE414B01021
ANTELOPUS,EQ,1161.2,1177,1119.1,1130.95,1132,1161.2,379382,432058348.55,24-Sep-2026,15403,INE818A01017
ANTHEM,EQ,877,898.55,876.2,885.6,885.75,881.9,404794,360048965.50,24-Sep-2026,26714,INE0CZ201020
AWHCL,EQ,383.05,387.8,377.95,381.05,380.2,387.95,96746,37062392.85,24-Sep-2026,5220,INE01BK01022
ANUHPHR,EQ,92.11,93.6,90.2,90.78,91.19,93.39,72865,6665058.72,24-Sep-2026,1241,INE489G01022
ANURAS,EQ,1189.5,1199,1172,1177.2,1172.2,1193.4,215684,255644307.70,24-Sep-2026,14458,INE930P01018
ANYA,SM,17.55,20.7,17.55,18.3,20.7,17.6,25000,457250.00,24-Sep-2026,5,INE0SI601032
AONEGOLD,EQ,14.15,14.15,13.95,13.95,13.97,14.09,363524,5091907.44,24-Sep-2026,1710,INF1J2R01114
AONELIQUID,EQ,1078.15,1078.17,1078.14,1078.16,1078.17,1078.01,50840,54813402.07,24-Sep-2026,101,INF1J2R01056
AONENIFTY,EQ,9.44,9.79,9.44,9.59,9.59,9.69,159547,1529973.40,24-Sep-2026,1386,INF1J2R01064
AONESILVER,EQ,8.8,8.9,8.63,8.64,8.65,8.8,455481,3954173.99,24-Sep-2026,1328,INF1J2R01171
AONETMMQ50,EQ,10.26,10.26,10.07,10.11,10.13,10.21,133465,1359437.42,24-Sep-2026,230,INF1J2R01148
AONETOTAL,EQ,11.98,11.98,11.54,11.57,11.55,11.72,182637,2120493.47,24-Sep-2026,1070,INF1J2R01015
APARINDS,EQ,17876,18143,17705,17804,17882,17876,78141,1398845984.00,24-Sep-2026,24886,INE372A01015
APCOTEXIND,EQ,610,626,600.35,602.85,602.15,609.8,107799,66115828.45,24-Sep-2026,5748,INE116A01032
APEXECO,ST,268,268,255.4,255.4,255.4,268.8,15200,3943200.00,24-Sep-2026,19,INE0T4V01015
APEX,EQ,361,361.05,347.25,348.9,349.5,362.5,64058,22600438.05,24-Sep-2026,4032,INE346W01013
APLAPOLLO,EQ,2177,2204.9,2158.2,2184.8,2184.8,2195,469774,1025949015.80,24-Sep-2026,28227,INE702C01027
930APMD33,N0,105164.21,105164.21,105164.21,105164.21,105164.21,105800,2,210328.42,24-Sep-2026,1,INE0TLC07028
930APMD35,N0,107250,107500,107250,107500,107500,107000,6,644250.00,24-Sep-2026,2,INE0TLC07036
APOLLOHOSP,EQ,9069,9069,8888.5,8888.5,8888.5,9069,383106,3438489434.50,24-Sep-2026,38984,INE437A01024
APOLLO,EQ,401,407.8,396.8,399.05,399.9,404.6,5160852,2073188541.40,24-Sep-2026,53814,INE713T01028
APOLLOPIPE,EQ,519.85,524.35,503.25,510.5,511.8,522.45,71129,36347162.25,24-Sep-2026,3063,INE126J01016
APOLSINHOT,EQ,1214,1233.9,1214,1217.1,1217.1,1214,406,495619.00,24-Sep-2026,34,INE451F01024
APOLLOTYRE,EQ,405.5,405.5,396.2,397.95,397,405.7,432811,173194473.00,24-Sep-2026,16297,INE438A01022
APOORVA,EQ,35.58,35.58,32.61,33.7,33.7,34.32,2496,83121.80,24-Sep-2026,40,INE217S01014
APRAMEYA,SM,100,103.5,98,99.2,98,101.85,8500,849750.00,24-Sep-2026,14,INE0LQG01010
915APSBC31,N0,105000,105000,105000,105000,105000,104000,1,105000.00,24-Sep-2026,1,INE0M2307388
APSISAERO,ST,599.75,599.75,599.75,599.75,599.75,588,7200,4318200.00,24-Sep-2026,6,INE1OOJ01011
APTECHT,EQ,92.49,93.8,91.15,92.1,92.25,92.06,109778,10155564.57,24-Sep-2026,1295,INE266F01018
APTUS,EQ,248,248,238.81,240.92,240.5,251.33,2030314,490230666.94,24-Sep-2026,39006,INE852O01025
AQYLON,EQ,18.3,19.5,18.05,18.99,19.19,18.81,489420,9227123.63,24-Sep-2026,2123,INE416A01051
ARABIAN,SM,88.5,88.5,86,87,88,88.5,8000,697000.00,24-Sep-2026,4,INE08NJ01024
ARCIIL,SM,35,35,31.6,33.2,33.2,34.65,30000,989050.00,24-Sep-2026,18,INE0YDV01010
ACI,EQ,470,496,470,491.4,493.85,474.6,435141,210930119.80,24-Sep-2026,19172,INE128X01021
ADL,EQ,78.9,78.9,68,69.82,73.5,69.87,1669,119673.89,24-Sep-2026,66,INE0CHO01012
ARCHIDPLY,EQ,109.96,109.96,106.21,106.47,107,109.77,5897,634711.20,24-Sep-2026,223,INE877I01016
ARCHIES,EQ,12.99,13.15,12.6,12.66,12.67,12.93,3236,41665.11,24-Sep-2026,111,INE731A01020
ARCL,EQ,268.5,268.5,245.45,256.85,256.85,255.79,5963,1508268.45,24-Sep-2026,169,INE372M01010
ARDEE,EQ,51.3,51.35,49.11,49.62,49.9,52.25,3091839,155286355.53,24-Sep-2026,15564,INE0XNF01022
ARFIN,EQ,88.71,92,88.51,89.42,89.12,91.42,1135122,102213656.48,24-Sep-2026,4210,INE784R01023
ARHAM,SM,213,213.8,210.7,213.2,213.8,214.35,7000,1489400.00,24-Sep-2026,7,INE0L2Y01011
ARIES,BE,470,472,465,466.9,469.3,466.95,26734,12553548.20,24-Sep-2026,167,INE298I01015
ARIHANTACA,SM,499.95,499.95,470.05,470.05,470.05,500,1600,780000.00,24-Sep-2026,4,INE0NCC01015
ARIHANTCAP,EQ,95,95.39,91.22,91.95,91.87,94.06,779218,72490802.39,24-Sep-2026,7822,INE420B01036
ARIHANT,EQ,889.4,895,871.4,890.4,894.9,900.8,5086,4504860.40,24-Sep-2026,251,INE413D01011
ARIHANTSUP,EQ,239.85,247.85,239.85,243.1,243.05,239.95,6222,1511359.95,24-Sep-2026,126,INE643K01018
ARIS,EQ,143.9,143.9,139,141.92,141.65,143.72,767528,108444245.98,24-Sep-2026,12439,INE0H9P01028
ARKADE,EQ,127.47,128.89,123.2,124.73,125.31,127.73,186335,23421132.72,24-Sep-2026,2682,INE0QRL01017
ARMANFIN,EQ,1958,1959.9,1869,1897.5,1901,1968.9,39659,75406832.10,24-Sep-2026,6959,INE109C01017
ARMOUR,ST,19.15,19.15,19,19.15,19.15,18.25,12000,229400.00,24-Sep-2026,6,INE0TZX01019
AROGRANITE,EQ,24.13,24.13,23.7,23.97,23.7,24.23,1397,33333.87,24-Sep-2026,36,INE210C01013
ARROWGREEN,EQ,900,915.05,886,895.95,895.5,900,30653,27602345.85,24-Sep-2026,2962,INE570D01018
ARSHIYA,BZ,0.73,0.74,0.7,0.72,0.72,0.71,196619,141630.21,24-Sep-2026,75,INE968D01022
ARTNIRMAN,EQ,40.21,40.21,38.6,39.97,39.99,40.01,316,12362.86,24-Sep-2026,15,INE738V01013
AEPL,EQ,16.49,16.56,16,16.13,16.28,16.49,12427,200250.92,24-Sep-2026,147,INE757T01025
ARTEMISMED,EQ,339,342.65,331.1,332.7,333.5,341.9,212640,71459154.35,24-Sep-2026,7759,INE025R01021
ARUNAYA,SM,14.15,14.15,14,14,14,14.15,4000,56300.00,24-Sep-2026,2,INE0TTG01017
ARVEE,EQ,237.8,237.8,219.27,224.25,223.05,242.18,27441,6193721.42,24-Sep-2026,804,INE006Z01016
ARVINDFASN,EQ,422,422.05,413.2,414.25,415.9,425.45,112586,46963245.60,24-Sep-2026,9710,INE955V01021
ARVIND,EQ,541.1,571.9,541.1,565.7,566,548.25,1035806,583109031.30,24-Sep-2026,38554,INE034A01011
ARVINDPORT,SM,36.05,36.05,34.5,34.5,34.5,36.05,9000,315900.00,24-Sep-2026,6,INE0P4T01013
ARVSMART,EQ,630,637.9,618.55,622.75,627,634.05,168728,105828771.15,24-Sep-2026,6906,INE034S01021
ARYAMAN,EQ,611.05,615,610,615,615,611.05,885,544262.10,24-Sep-2026,4,INE032E01017
ASAHIINDIA,EQ,965,994.9,960,965.4,964.15,971.3,181631,178079601.35,24-Sep-2026,15649,INE439A01020
ASAHISONG,BE,382.9,393,376,388,389.9,382.9,12997,4987956.95,24-Sep-2026,211,INE228I01012
ASHALOG,SM,61.5,61.5,60,60.5,60.5,60,4000,242000.00,24-Sep-2026,3,INE0LAA01017
ASHAPURMIN,EQ,530.85,531.65,509,510.75,512,532.85,441922,227963346.40,24-Sep-2026,16178,INE348A01023
ASHIANA,EQ,387,395.9,386,388.5,387.7,391.05,30140,11782815.25,24-Sep-2026,1603,INE365D01021
ASHIKAG,BE,407.6,408.9,398.05,402.45,407.8,403.85,5424,2177428.25,24-Sep-2026,136,INE094B01013
ASHIMASYN,EQ,15.99,16.25,15.7,15.8,15.83,15.81,52805,839562.73,24-Sep-2026,250,INE440A01010
ASHOKLEY,EQ,160,160.6,157,157.3,157.3,162.89,8138134,1293424632.81,24-Sep-2026,102700,INE208A01029
ASHOKA,EQ,112.1,115,111.1,113.05,114,112.8,391179,43867997.05,24-Sep-2026,4753,INE442H01029
ASHOKAMET,EQ,15.75,16.1,14.71,15.68,15.69,15.54,143518,2224857.06,24-Sep-2026,696,INE760Y01011
ASHUTOSH,SM,160.55,164.85,156.3,161.1,161.85,161.45,99600,16053300.00,24-Sep-2026,82,INE19FR01012
ASHWINI,SM,160,160,160,160,160,160.95,1000,160000.00,24-Sep-2026,1,INE1A6Q01010
ASIANENE,EQ,490,496,470.05,474.65,477,489.7,252857,121382065.75,24-Sep-2026,9357,INE276G01015
ASIANTILES,EQ,50.9,50.9,49.32,50.35,50.63,51.16,2851492,142755268.90,24-Sep-2026,6261,INE022I01019
AHLEAST,EQ,135.57,143,135.55,136.41,136.1,136.36,3028,420776.73,24-Sep-2026,79,INE926K01017
ASIANHOTNR,EQ,392.65,398.25,381.05,389.5,383.8,390.45,5722,2208295.10,24-Sep-2026,323,INE363A01022
AHLWEST,BE,534,534,521.05,521.05,521.05,530,185,97689.25,24-Sep-2026,3,INE915K01010
ASIANPAINT,EQ,2430,2437.8,2391,2392.7,2392.7,2455,259577,626416484.00,24-Sep-2026,35870,INE021A01026
ASTAR,EQ,695,726.25,663,679.25,670,708.95,713,495104.05,24-Sep-2026,103,INE194D01017
ASIANTNE,EQ,9.75,9.75,9.02,9.19,9.2,9.24,3593,33200.91,24-Sep-2026,59,INE822B01017
ASKAUTOLTD,EQ,650.5,654.95,637.7,642.75,646.95,651.25,201541,130118719.80,24-Sep-2026,12671,INE491J01022
ASPINWALL,EQ,257,260.05,252.15,258.95,252.55,255.55,6938,1777030.20,24-Sep-2026,73,INE991I01015
ARCIL,EQ,145,157,145,148.62,148.5,149.76,9331667,1420390959.72,24-Sep-2026,103055,INE148G01016
ASALCBR,EQ,657.9,664.4,647.1,651,649.1,657.9,20912,13650736.30,24-Sep-2026,2967,INE073G01016
ASTEC,EQ,747.7,756.8,721,728.8,731,757.45,67021,49370260.40,24-Sep-2026,4232,INE563J01010
ASTERDM,EQ,752,780,752,768.65,763.2,760.05,1555012,1198768852.50,24-Sep-2026,58922,INE914M01019
ASTRAMICRO,EQ,1604.1,1609,1591,1596.2,1598.8,1602.1,225496,360812711.40,24-Sep-2026,11263,INE386C01029
ASTRAL,EQ,1387.8,1402.3,1384,1392,1392,1394.8,539189,752092097.40,24-Sep-2026,35939,INE006I01046
ASTRAZEN,EQ,6706,6706,6543,6591,6600,6706,4758,31482194.50,24-Sep-2026,1399,INE203A01020
ASTRON,BZ,2.97,3.04,2.84,2.95,2.98,2.97,23515,68664.59,24-Sep-2026,93,INE646X01014
ATALREAL,EQ,14.3,14.83,14.3,14.6,14.61,14.36,5678874,82821991.15,24-Sep-2026,3008,INE0ALR01029
ATAM,EQ,59.24,60.42,57,58.08,58.9,59.24,7448,432121.35,24-Sep-2026,308,INE09KD01013
ATHERENERG,EQ,1489,1524.5,1481,1499,1499,1499.4,3276318,4932425160.40,24-Sep-2026,83694,INE0LEZ01016
ATLPP,E1,9.21,9.21,8.82,8.82,8.82,9.1,569,5158.33,24-Sep-2026,10,IN90NN701011
ATLANTAELE,EQ,1676,1676,1577,1587.2,1590,1656.3,107385,172268408.40,24-Sep-2026,8831,INE0Z4F01028
ATLANTAA,EQ,35.65,35.83,35.06,35.65,35.82,35.83,6973,247694.01,24-Sep-2026,201,INE285H01022
ATLASCYCLE,EQ,100,101.55,96.32,97.89,97.86,100.46,8923,880980.50,24-Sep-2026,256,INE446A01025
ATMASTCO,SM,123.65,127.65,115.55,115.6,115.6,121.6,173600,20355300.00,24-Sep-2026,234,INE05DH01017
ATULAUTO,EQ,457.75,457.75,445,447.55,448.75,457.75,48768,21982432.05,24-Sep-2026,3004,INE951D01028
ATUL,EQ,6100,6208.5,6098.5,6135.5,6195,6118,22896,140762989.50,24-Sep-2026,7084,INE100A01010
AUBANK,EQ,1034.1,1034.1,999.2,1000.1,1000.1,1053,3448868,3478959697.10,24-Sep-2026,85022,INE949L01017
AUGMONT,EQ,879.95,895,858.6,864.1,860.35,886.3,448654,392699226.60,24-Sep-2026,21756,INE16W401027
AURIONPRO,EQ,680,704,675.25,682.55,682,689.4,115289,79601127.35,24-Sep-2026,6713,INE132H01018
AUROIMPEX,SM,40.95,40.95,39,40.95,40.95,39,152000,6198880.00,24-Sep-2026,81,INE0NUL01018
AUROPHARMA,EQ,1719.7,1740,1710,1716,1716,1721.5,819753,1415696549.70,24-Sep-2026,37170,INE406A01037
AURUM,EQ,223,223,219.9,220.22,220,223.19,67430,14876894.23,24-Sep-2026,1263,INE898S01029
AURUS,EQ,4.85,4.85,4.51,4.63,4.63,4.67,17035,79430.64,24-Sep-2026,117,INE142K01011
AUSOMENT,EQ,147.63,149,140.3,145.66,146.88,147.63,8104,1173851.74,24-Sep-2026,352,INE218C01016
AUSTENG,EQ,164.4,171.97,164.19,169.04,169.5,164.19,33265,5590867.39,24-Sep-2026,607,INE759F01012
APS,SM,236,239.9,235,237,237,235.7,6500,1540712.50,24-Sep-2026,23,INE0P0001010
AIIL,EQ,562.6,562.6,548.75,551.6,554.35,561.45,147739,81773738.25,24-Sep-2026,12583,INE206F01022
AUTOIND,EQ,87.5,89.54,84,84.32,84.3,87.79,768484,66196560.18,24-Sep-2026,5127,INE718H01014
ACGL,EQ,1731.8,1760,1700,1716.5,1700,1731.8,781,1347155.80,24-Sep-2026,115,INE451C01013
AUTOAXLES,EQ,1687.8,1700,1668.6,1683.6,1685,1682,4622,7799486.90,24-Sep-2026,513,INE449A01011
ASAL,EQ,451,454.8,439,441.7,443.9,452,8394,3732262.30,24-Sep-2026,545,INE900C01027
AVADHSUGAR,EQ,731.05,737,719.95,724.1,728.4,730.8,33701,24527459.15,24-Sep-2026,2879,INE349W01017
AVALON,EQ,2427.9,2470,2280,2316.1,2358,2445.6,373474,881841780.20,24-Sep-2026,37572,INE0LCL01028
AVANA,ST,139,139,134.2,135.9,138.55,138,18000,2450800.00,24-Sep-2026,9,INE1KU201016
AVANCE,EQ,0.84,0.84,0.8,0.8,0.81,0.83,4330582,3544998.52,24-Sep-2026,1295,INE758A01072
AVANTEL,EQ,153,160,151.38,155.34,155.19,146.17,19469119,3048226462.33,24-Sep-2026,149839,INE005B01027
AVANTIFEED,EQ,762,764.15,747.2,749.75,750.85,767.2,161012,121402443.75,24-Sep-2026,11162,INE871C01038
AVATAR,ST,197.2,197.2,178.55,178.55,178.55,187.9,8000,1465700.00,24-Sep-2026,4,INE617I01024
DMART,EQ,3818,3832.1,3780.1,3787.5,3787.5,3834.8,429727,1634969457.30,24-Sep-2026,21457,INE192R01011
CCAVENUE,EQ,16,16.26,15.82,15.99,16.03,16.09,9133232,146384566.92,24-Sep-2026,12187,INE483S01020
AVG,BE,168,168,162.3,162.99,163,167.05,6982,1144062.58,24-Sep-2026,89,INE680Z01018
AVIANSH,SM,101,101.5,101,101.5,101.5,100,2000,202500.00,24-Sep-2026,2,INE0TFB01017
AVIENCE,SM,350,350,334.4,338.2,340,354.45,79800,27283800.00,24-Sep-2026,122,INE0V9I01017
ASMS,EQ,6.45,6.55,6.34,6.41,6.4,6.47,201114,1298118.47,24-Sep-2026,703,INE855F01042
AVONMORE,EQ,13.64,13.64,13.01,13.1,13.06,13.48,174612,2312816.96,24-Sep-2026,575,INE323B01024
AVPINFRA,SM,57,57.5,56.45,56.45,56.45,57.4,9600,547560.00,24-Sep-2026,11,INE0R9401019
AVROIND,EQ,7.24,7.24,6.99,7.08,7.12,7.13,132690,941258.33,24-Sep-2026,559,INE652Z01025
AVTNPL,EQ,95.3,96.7,91.91,92.93,93.47,96.88,418880,39328591.04,24-Sep-2026,4752,INE488D01021
AWFIS,EQ,269.25,269.9,257.8,262.4,262.65,269.05,717703,188010089.25,24-Sep-2026,13843,INE108V01019
AWL,EQ,188.49,189.33,183.7,184.69,184.37,186.18,3163547,587274724.38,24-Sep-2026,36792,INE699H01024
AXISBANK,EQ,1225.2,1225.2,1175,1186.5,1186.5,1243.2,10890660,12978114327.60,24-Sep-2026,206284,INE238A01034
ENERGYAXIS,EQ,18.84,19,18.72,18.77,19,18.92,13067,245291.16,24-Sep-2026,86,INF846KA1598
BNKETFAXIS,EQ,575.6,575.6,572.01,573.8,574.18,584.85,1115,639823.35,24-Sep-2026,55,INF846K01X63
CONSUMAXIS,EQ,118.5,118.5,116.96,117.33,117.33,118.44,829,97415.06,24-Sep-2026,25,INF846K016C7
GOLDAXIS,EQ,124.6,125.14,124.17,124.24,124.25,125.69,2469888,307955483.01,24-Sep-2026,3091,INF846K01W80
HEALTHAXIS,EQ,173.6,173.6,170.5,172.51,173.6,173.88,15664,2687660.52,24-Sep-2026,139,INF846K01Z12
ITAXIS,EQ,316.48,316.48,308,308.61,308,313.65,2557,795592.08,24-Sep-2026,97,INF846K01Y96
NIFTYAXIS,EQ,260.08,261.5,255.84,257.37,261.5,260.08,17929,4609617.16,24-Sep-2026,260,INF846K01W98
SENSEXAXIS,EQ,78.28,78.28,76.5,76.71,76.7,77.86,6723,517542.63,24-Sep-2026,100,INF846K010Q0
SILVERAXIS,EQ,227,227,224.3,224.63,224.99,229.19,978031,220173738.27,24-Sep-2026,2554,INF846K011K1
VALUEAXIS,EQ,32.48,32.64,32.04,32.18,32.33,32.48,42653,1374288.94,24-Sep-2026,370,INF846KA1119
AXISCADES,EQ,1930,1959,1905.2,1923.1,1926,1940.2,118651,229107630.90,24-Sep-2026,12283,INE555B01013
AXITA,EQ,8.11,8.12,7.95,8,8,8,1313832,10526749.62,24-Sep-2026,1022,INE02EZ01022
AXTEL,EQ,449.5,459.9,435,442.3,444.95,450.35,1962,876697.55,24-Sep-2026,239,INE767C01012
AYE,EQ,181.99,181.99,170.6,171.99,172.5,180.66,1306567,227510231.95,24-Sep-2026,22831,INE501X01029
AYMSYNTEX,EQ,296.95,296.95,283.15,285.4,285,292.8,47064,13466626.45,24-Sep-2026,3242,INE193B01039
AZAD,EQ,2705,2739.3,2667.9,2678.3,2690,2713.2,194120,525128456.20,24-Sep-2026,19434,INE02IJ01035
AZADIND,EQ,84,88.9,81.06,83.77,85,80.93,39928,3356827.33,24-Sep-2026,1630,INE566M01017
BBTCL,EQ,232.69,234.02,223.52,229.17,231.8,231.3,5451,1249282.10,24-Sep-2026,372,INE01EE01011
BAGFILMS,EQ,4.35,4.38,4.25,4.29,4.29,4.34,43213,185092.80,24-Sep-2026,129,INE116D01028
BAGDIGITAL,SM,102.9,104.5,100,103.75,104.3,105,40000,4124240.00,24-Sep-2026,21,INE17CQ01015
BLKASHYAP,EQ,53.21,53.39,52.4,52.85,52.8,53.97,162477,8589457.46,24-Sep-2026,1468,INE350H01032
STYLEBAAZA,EQ,379,381.3,367,370.4,371.5,378.05,554142,206873078.75,24-Sep-2026,8629,INE01FR01028
BAFNAPH,BE,343.2,343.2,343.2,343.2,343.2,336.5,740,253968.00,24-Sep-2026,15,INE878I01022
BAGMANE,RR,110.29,110.89,109.12,109.72,109.3,110.29,494732,54523925.13,24-Sep-2026,7078,INE2OVN25015
BAHETI,SM,783,783,740,750.2,745,761.25,13125,10005731.25,24-Sep-2026,25,INE029Q01017
BAIDFIN,EQ,10.55,10.63,10.29,10.45,10.45,10.55,40141,416924.81,24-Sep-2026,322,INE020D01022
BAJAJ-AUTO,EQ,11341,11383,11201,11208,11208,11400,106766,1202512863.00,24-Sep-2026,18532,INE917I01010
BAJAJCON,EQ,504,514.1,499.5,501.7,502.55,505.85,542706,273644235.55,24-Sep-2026,19304,INE933K01021
BAJAJELEC,EQ,326.15,328,320.15,321.45,322.25,329.4,85820,27755612.00,24-Sep-2026,3521,INE193E01025
BAJFINANCE,EQ,1005,1015,974,982,982,1043.2,13385656,13237303283.40,24-Sep-2026,226906,INE296A01032
BAJAJFINSV,EQ,1818,1818,1760.9,1762.3,1762.3,1846.5,1520045,2704253753.10,24-Sep-2026,87450,INE918I01026
BAJAJHCARE,EQ,354,364.4,348.3,350.15,350.9,352.7,310385,110765051.85,24-Sep-2026,10570,INE411U01027
BAJAJHIND,EQ,20.48,20.48,19.7,19.9,20.06,20.52,9500176,190201824.64,24-Sep-2026,13849,INE306A01021
BAJAJHLDNG,EQ,11390,11390,10898,10917,10917,11449,43678,486310968.00,24-Sep-2026,11998,INE118A01012
BAJAJHFL,EQ,83.28,83.39,82.08,82.96,83,83.52,4579123,378421679.66,24-Sep-2026,28771,INE377Y01014
BAJAJST,EQ,347,349.1,345,347,347,349.8,3155,1092969.70,24-Sep-2026,234,INE704G01024
BAJEL,EQ,174.02,174.02,168,172.11,171.5,174.06,114747,19601287.72,24-Sep-2026,2868,INE0KQN01018
BALPHARMA,EQ,106.25,108.99,103,105.02,103.81,108.28,37460,3990011.08,24-Sep-2026,959,INE083D01012
BALAMINES,EQ,2259.1,2308.4,2209.1,2226,2220,2271.2,182755,411484335.70,24-Sep-2026,19094,INE050E01027
BALAJIPHOS,SM,116.5,116.5,110.05,110.05,110.05,112.6,6000,673200.00,24-Sep-2026,3,INE0PQ601019
BALAJITELE,EQ,93,97.3,92.76,93.82,94.49,94.18,173922,16545552.50,24-Sep-2026,2515,INE794B01026
BALAXI,EQ,22.5,23.25,22.5,22.73,22.78,22.94,20375,464236.46,24-Sep-2026,183,INE618N01022
BALKRISIND,EQ,2185,2201.7,2161.1,2167.8,2161.1,2199.6,49847,108765636.50,24-Sep-2026,9483,INE787D01026
BALKRISHNA,EQ,16.15,16.4,15.5,15.9,15.8,16.15,4835,76923.97,24-Sep-2026,153,INE875R01011
BALMLAWRIE,EQ,167,167,161.05,164.25,164.72,167.43,123861,20364831.34,24-Sep-2026,2480,INE164A01016
BLIL,EQ,67.3,67.3,66.66,66.73,66.77,67.28,49766,3326539.97,24-Sep-2026,1739,INE525F01025
BALRAMCHIN,EQ,674.8,677.5,657,659.4,663,676.4,578395,384545656.10,24-Sep-2026,15573,INE119A01028
BALUFORGE,EQ,502.55,506.95,495.15,498.1,500.5,506.25,319506,159948080.95,24-Sep-2026,11038,INE011E01029
BANARBEADS,EQ,116.99,119.64,113.1,115.86,116.39,113.28,7965,929396.14,24-Sep-2026,197,INE655B01011
BANCOINDIA,EQ,608,612.35,600.2,602.35,604.95,611.75,54525,33047918.20,24-Sep-2026,6621,INE213C01025
BANDHANBNK,EQ,186,189.28,182.62,182.9,182.9,191.38,19300035,3587171521.17,24-Sep-2026,81476,INE545U01014
GOLDBND,EQ,149.47,150.7,148.96,149.24,149.61,150.95,13781,2060542.30,24-Sep-2026,116,INF194KB1KJ7
IDFNIFTYET,EQ,257.7,262.9,255.05,262.64,262,259.52,934,240455.73,24-Sep-2026,56,INF194KA1U07
SILVERBND,EQ,227.9,230.09,226.11,226.46,226.11,231.23,7790,1771081.98,24-Sep-2026,133,INF194KB1KI9
BANG,EQ,32.38,32.4,31.45,31.61,31.61,31.78,10834,342850.78,24-Sep-2026,146,INE863I01016
BANKBARODA,EQ,234.5,236.22,233.77,234.3,234.3,236.87,3751372,880610936.10,24-Sep-2026,30881,INE028A01039
BANKINDIA,EQ,138.26,138.75,137.11,137.76,137.76,139.65,3672188,505541674.17,24-Sep-2026,22847,INE084A01016
MAHABANK,EQ,83.7,83.9,81.8,82.38,82.38,84.11,7964442,658895403.88,24-Sep-2026,36069,INE457A01014
BANKA,EQ,76.5,76.5,76.5,76.5,76.5,76.5,51,3901.50,24-Sep-2026,5,INE862Y01015
BASML,BE,24.6,25.4,24.25,24.26,24.27,25.04,69285,1696401.92,24-Sep-2026,126,INE186H01022
BANARISUG,EQ,3334.6,3334.6,3300,3306.5,3300,3342.8,550,1820124.00,24-Sep-2026,106,INE459A01010
BANSALWIRE,EQ,316.1,330,316.1,323.35,322,315.9,223728,72529515.55,24-Sep-2026,6301,INE0B9K01025
BANSWRAS,EQ,111.85,114.62,108.62,109.34,110.74,111.28,102020,11310294.90,24-Sep-2026,1547,INE629D01020
BVCL,EQ,41.75,42.14,41,41.18,41.79,42.12,3050,126198.65,24-Sep-2026,100,INE139I01011
BARFLEX,SM,59.5,60,59.5,60,60,60,22000,1317800.00,24-Sep-2026,8,INE0QX401014
BBNPNBETF,EQ,56.46,57.04,55.87,55.87,56.04,57.19,1140,63748.92,24-Sep-2026,32,INF251K01TL6
BBNPPGOLD,EQ,147.1,147.2,143.15,144.9,145,146.4,19352,2811471.65,24-Sep-2026,73,INF251K01SU9
BASF,EQ,3570,3579.9,3509.7,3523.9,3510,3580.4,13349,47140284.20,24-Sep-2026,3045,INE373A01013
BASILIC,SM,172.25,172.25,164.2,165.9,167.3,172.5,36600,6108315.00,24-Sep-2026,113,INE0OCC01013
BATAINDIA,EQ,637.2,638.95,626,627,627.25,637.2,89666,56479139.15,24-Sep-2026,8087,INE176A01028
BATLIBOI,EQ,82.5,84.5,81.5,83.77,83,84.28,18593,1551687.06,24-Sep-2026,713,INE177C01022
BAWEJA,SM,25.65,25.9,25.65,25.85,25.85,25.9,7200,185560.00,24-Sep-2026,7,INE0JFJ01011
BAYERCROP,EQ,3762.6,3764.9,3725,3736.3,3725,3762.6,20014,74867005.90,24-Sep-2026,5980,INE462A01022
BCLIND,EQ,33.99,34.09,33.14,33.48,33.33,34.14,428082,14385528.27,24-Sep-2026,2399,INE412G01024
BCPL,EQ,70.8,72.99,67.71,68.4,68.6,69.47,26282,1825320.90,24-Sep-2026,470,INE00SW01015
BEACON,SM,87.3,87.3,83.5,85.9,85.9,87.15,4000,340400.00,24-Sep-2026,4,INE639X01027
BEARDSELL,EQ,25.25,25.25,23.89,24.11,24.01,24.75,18314,443039.83,24-Sep-2026,222,INE520H01022
BEDMUTHA,EQ,104.96,108,102.1,103.05,106,104.89,527,55090.59,24-Sep-2026,29,INE844K01012
BEEKAY,EQ,427.5,427.5,423,426.4,425.05,423.25,745,317260.05,24-Sep-2026,64,INE213D01015
BLEL,EQ,464,464.35,442.2,447.3,448,469.6,611687,275397465.25,24-Sep-2026,17736,INE1EEM01017
BELLACASA,EQ,284,284,268.02,272.34,268.02,284.12,14031,3891879.44,24-Sep-2026,1151,INE344T01014
BELRISE,EQ,246,250.61,242.21,243.63,245,249.78,2808239,694837140.53,24-Sep-2026,38629,INE894V01022
BLAL,EQ,165.33,167.8,162.05,162.83,163,165.33,16847,2751564.51,24-Sep-2026,651,INE0N7W01012
BEML,EQ,2078.2,2089,2030,2044.4,2049,2095.4,193556,398302410.60,24-Sep-2026,15937,INE258A01024
BENARAS,EQ,10470,10550,10215,10299,10299,10470,83,857579.00,24-Sep-2026,26,INE664D01019
BENGALASM,EQ,6153,6179.5,6120.5,6126,6122.5,6182.5,142,872140.00,24-Sep-2026,31,INE083K01017
BERGEPAINT,EQ,457.85,457.85,444.35,449.4,450.8,459.75,671583,301176331.85,24-Sep-2026,19615,INE463A01038
BESTAGRO,EQ,18.48,18.75,18.01,18.19,18.1,18.59,400243,7326025.60,24-Sep-2026,1422,INE052T01021
BETA,EQ,2190.5,2197.9,2080,2093.4,2110,2187.8,16148,34125790.50,24-Sep-2026,2701,INE351Y01019
BEWLTD,SM,72,78,70,74.3,73.95,72.9,131000,9835450.00,24-Sep-2026,155,INE0HQI01014
BFINVEST,EQ,446.7,447.4,436.2,439.55,440.7,446.7,13440,5943684.65,24-Sep-2026,750,INE878K01010
BFUTILITIE,EQ,525,529,518,525.45,527.65,530.5,32590,17081257.85,24-Sep-2026,1473,INE243D01012
BANK10BETF,EQ,20.32,20.32,20.05,20.17,20.17,20.46,6777,136837.56,24-Sep-2026,47,INF0QA701CI0
BANKBETF,EQ,57.64,57.64,56.31,56.52,56.64,57.64,22513,1274611.88,24-Sep-2026,320,INF0QA701714
LIQUIDBETF,EQ,1100.04,1100.06,1100.04,1100.05,1100.05,1099.9,232382,255632390.21,24-Sep-2026,70,INF0QA701854
NIFTYBETF,EQ,241.85,241.85,237.12,238.03,238.69,241.75,3781,902874.90,24-Sep-2026,124,INF0QA701722
BGRENERGY,BE,259.99,265,247.57,251.53,250,260.6,63121,15878499.41,24-Sep-2026,631,INE661I01014
BHADORA,ST,127,129.55,126,126.5,126,127,12000,1531320.00,24-Sep-2026,10,INE0ZRC01017
BHAGERIA,EQ,340,361.95,335.25,359.65,360,351.75,243343,85470451.15,24-Sep-2026,4949,INE354C01027
BHAGCHEM,EQ,244.5,247.4,243.25,244.85,245,247,104144,25449540.65,24-Sep-2026,1448,INE414D01027
BHAGYANGR,EQ,448.9,453.4,429.35,432.3,434.45,444.65,137809,60889874.40,24-Sep-2026,6007,INE458B01036
BHANDARI,EQ,2.97,2.97,2.91,2.93,2.95,2.95,61014,179189.05,24-Sep-2026,187,INE474E01029
BEPL,EQ,130.2,131.04,126,127.09,127.3,130.49,995288,127390689.00,24-Sep-2026,8858,INE922A01025
BBL,EQ,2215,2242,2185,2203.1,2219,2231.1,14261,31412487.70,24-Sep-2026,2487,INE464A01036
BHARATCOAL,EQ,32.49,32.49,32,32.13,32.12,32.62,3636614,117161134.78,24-Sep-2026,13702,INE05XR01022
BDL,EQ,1170,1183,1152.1,1155,1155,1161,2015425,2359664930.50,24-Sep-2026,52373,INE171Z01026
BEL,EQ,394,398.05,392,392,392,396.05,5841116,2311621260.40,24-Sep-2026,81361,INE263A01024
BHARATFORG,EQ,1965,2023.2,1965,1998.9,1998.9,2004,1248669,2498391269.70,24-Sep-2026,57656,INE465A01025
BHARATGEAR,BE,101.25,101.3,100.02,100.33,100.1,101.42,5711,573074.67,24-Sep-2026,87,INE561C01019
BPLPHARMA,EQ,1539.9,1590.2,1539.9,1581.7,1587.8,1545.5,2856,4473554.10,24-Sep-2026,307,INE365Y01019
BPCL,EQ,312.4,313.95,306.7,307.1,307.1,315.75,3225066,998680107.85,24-Sep-2026,25125,INE029A01011
BHARATRAS,EQ,1136.4,1136.4,1105,1114,1111,1134,11034,12359405.70,24-Sep-2026,1271,INE838B01021
BRNL,EQ,16.66,16.92,16.12,16.71,16.92,16.66,10532,173787.60,24-Sep-2026,174,INE727S01012
BHARATSE,EQ,220.05,220.06,214.44,217.55,218.98,220.05,75195,16319297.18,24-Sep-2026,3886,INE415D01024
BHARATWIRE,EQ,170.1,170.11,164.1,165.34,165.39,170.1,119874,20044865.97,24-Sep-2026,3039,INE316L01019
BHARTIARTL,EQ,1829.7,1829.9,1795.8,1795.8,1795.8,1833.2,4567379,8255932060.20,24-Sep-2026,113401,INE397D01024
BHARTIHEXA,EQ,1511,1519.9,1496.8,1507.2,1505,1525.2,27837,41907853.10,24-Sep-2026,6153,INE343G01021
BIL,EQ,1036.55,1043.95,1001,1010.25,1022.95,1034.95,8544,8728668.60,24-Sep-2026,600,INE828A01016
BHEL,EQ,421.4,422.65,415.35,415.35,415.35,423.1,5474876,2293054571.85,24-Sep-2026,54114,INE257A01026
BTTL,BE,40,40,38.41,39,39,40,542,20974.69,24-Sep-2026,8,INE274K01012
BIGBLOC,EQ,40.4,40.95,39.52,40.56,40.94,39.97,22890,923389.32,24-Sep-2026,390,INE412U01025
BIKAJI,EQ,591.1,591.9,570.95,575.2,579.3,591.1,146636,85309742.30,24-Sep-2026,9250,INE00E101023
BIKEWO,ST,122.9,122.9,122.8,122.8,122.8,125.3,56000,6880000.00,24-Sep-2026,23,INE0SQH01013
BILVYAPAR,BE,4.29,4.44,4.29,4.29,4.29,4.29,4175,18198.41,24-Sep-2026,20,INE071A01013
BI,BE,103,103,102.77,102.77,102.77,104.86,10765,1107153.49,24-Sep-2026,29,INE986A01012
GROWW,EQ,188.88,189.87,184.25,186.55,186.56,188.63,20205654,3765504732.32,24-Sep-2026,134247,INE0HOQ01053
BIMETAL,EQ,661,661,645,659.1,661,660.65,137,89854.60,24-Sep-2026,18,INE469A01019
BMLL,SM,165,168.65,165,168.5,168.5,165.95,22000,3681150.00,24-Sep-2026,11,INE1BKA01015
BIOCON,EQ,390.9,394.8,384.9,387,387,395,1708424,665842175.10,24-Sep-2026,32800,INE376G01013
BIOFILCHEM,EQ,32.05,32.63,32.05,32.33,32.13,32.29,9891,319692.96,24-Sep-2026,165,INE829A01014
BIOPOL,SM,47.5,48.35,47.5,47.6,47.6,48.65,15600,744660.00,24-Sep-2026,13,INE0XW001014
BIRLACABLE,EQ,361.05,364.75,343.95,345.2,345,361.9,371183,130067077.65,24-Sep-2026,7719,INE800A01015
BIRLACORPN,EQ,831,849.75,828.85,840.9,843.4,839.95,60283,50745444.55,24-Sep-2026,5490,INE340A01012
BIRLAPREC,BE,58,58.95,55.32,56.47,57,56.67,128209,7375127.08,24-Sep-2026,528,INE372E01025
BIRLANU,EQ,1407.3,1445.9,1385.2,1421.3,1410,1407.3,9067,12725629.60,24-Sep-2026,1264,INE557A01011
ABGSEC,EQ,113.62,114.1,113.56,113.95,113.95,114.39,1465,166850.07,24-Sep-2026,8,INF209KC1134
ABSL10BANK,EQ,162.16,164.51,162.16,164.16,164.07,166.32,292,47884.64,24-Sep-2026,28,INF209KC1670
ABSLBANETF,EQ,59.11,59.11,56.81,57.26,57.49,57.95,153368,8761064.38,24-Sep-2026,403,INF209KB17D5
ABSLLIQUID,EQ,1000,1000.01,999.99,1000.01,1000.01,1000,5882,5881997.42,24-Sep-2026,58,INF209KB18T9
ABSLMSCIN,EQ,28.81,28.81,28.45,28.51,28.79,29.03,539,15434.28,24-Sep-2026,19,INF209KC1662
ABSLNN50ET,EQ,75,76.13,75,75.26,75.4,76.24,4562,344691.72,24-Sep-2026,185,INF209KB16D7
BSLSENETFG,EQ,75.32,75.75,74.36,74.42,74.5,75.32,9258,691264.30,24-Sep-2026,118,INF209KB10E8
HEALTHY,EQ,17.79,17.79,17.1,17.22,17.21,17.36,734744,12770271.51,24-Sep-2026,1110,INF209KB10C2
MOMENTUM,EQ,30.94,30.96,30.5,30.67,30.91,30.94,33664,1036530.06,24-Sep-2026,187,INF209KB14K7
NIFTYQLITY,EQ,20.56,20.59,20.31,20.34,20.38,20.56,9794,199807.80,24-Sep-2026,212,INF209KB15K4
SILVER,EQ,226.63,228.17,225.34,225.73,225.73,230.26,967902,219323301.49,24-Sep-2026,7174,INF209KB19F6
TECH,EQ,32.45,32.45,30.8,30.95,31.09,31.05,38691,1197820.91,24-Sep-2026,301,INF209KB11D8
ABSLPSE,EQ,10.02,10.22,9.89,9.97,10.06,10.02,123310,1232365.83,24-Sep-2026,438,INF209KB19Z4
BSOFT,EQ,280,280.35,276,277.7,277.3,281.1,673742,187261582.75,24-Sep-2026,18108,INE836A01035
BBOX,EQ,803,809.7,791.75,795.4,799,809.85,282103,225645944.35,24-Sep-2026,17746,INE676A01027
BLACKROSE,BE,112.61,115,110.2,112.86,112.8,114.91,13522,1528793.70,24-Sep-2026,191,INE761G01016
BLACKBUCK,EQ,610,610,588,592.95,593,616.05,482807,288301289.95,24-Sep-2026,24675,INE0UIZ01018
BLBLIMITED,EQ,17.26,17.5,16.84,17.12,17.13,17.33,159672,2749618.93,24-Sep-2026,610,INE791A01024
BLISSGVS,BE,707.75,707.75,680,687.05,685.1,699.2,159514,109470938.10,24-Sep-2026,1670,INE416D01022
BLSE,EQ,321.75,328,320.35,326.7,328,322.45,346574,112587187.55,24-Sep-2026,7879,INE0NLT01010
BLS,EQ,229.8,229.8,220.96,223.9,224.53,230.07,979443,220289777.64,24-Sep-2026,16752,INE153T01027
BLUECLOUDS,EQ,19.66,20.41,19.5,20.06,20.08,19.73,2344649,47090621.27,24-Sep-2026,6131,INE373T01047
BLUECOAST,EQ,20.82,21.79,20.69,20.72,20.72,20.82,724,15015.40,24-Sep-2026,28,INE472B01011
BLUEDART,EQ,4785,4839,4740,4793,4781.7,4799.5,4436,21153753.80,24-Sep-2026,1630,INE233B01017
BLUEJET,EQ,582,592,571.85,573.45,573.75,585.75,392347,228589863.90,24-Sep-2026,16804,INE0KBH01020
BLUEPEBBLE,ST,72,72,71.25,71.25,71.25,75,1600,114400.00,24-Sep-2026,4,INE0SAK01011
BLUESTARCO,EQ,1522.6,1545.6,1514.1,1525,1525,1532.6,204703,313154230.10,24-Sep-2026,18001,INE472A01039
BLUEWATER,ST,500,515,480.3,509.35,510,500,161000,81354650.00,24-Sep-2026,65,INE0X3M01010
BLUESTONE,EQ,862.45,862.55,790.05,807.15,799,855.5,6798097,5609277474.45,24-Sep-2026,87771,INE304W01038
BLUSPRING,EQ,132.59,142.75,131.32,140.56,139.2,132.59,1598336,222264793.57,24-Sep-2026,18985,INE0U4101014
BMWVENTLTD,EQ,51.49,52.9,50.01,52.23,52.48,51.2,112493,5791523.24,24-Sep-2026,1593,INE965W01036
BNAGROCHEM,EQ,207,215,200,207.99,207.99,206.88,646,130919.20,24-Sep-2026,48,INE00HZ01011
BODALCHEM,EQ,197.53,202.79,189.56,195.08,194.1,199.53,2298596,447158403.07,24-Sep-2026,15566,INE338D01028
BTML,EQ,7.3,7.3,6.95,6.97,6.97,7.15,123057,869062.25,24-Sep-2026,478,INE0EEJ01023
BOHRAIND,EQ,13.11,15,13.11,14.93,14.95,13.64,36086,523973.65,24-Sep-2026,112,INE802W01023
BBTC,EQ,1450.2,1450.2,1429.1,1437.4,1432.5,1450.2,36159,52042013.80,24-Sep-2026,3726,INE050A01025
BOMDYEING,EQ,111.04,111.97,109,109.63,109.39,111.52,395572,43583624.61,24-Sep-2026,3914,INE032A01023
BMETRICS,SM,34.8,34.85,34.5,34.5,34.5,34.9,5600,194680.00,24-Sep-2026,6,INE0I3Y01014
BSHSL,EQ,86.64,87.8,85.21,87.16,87.6,85.57,2701,234517.42,24-Sep-2026,128,INE032Z01020
810IRFC27,N2,1087,1087,1087,1087,1087,1089.44,799,868513.00,24-Sep-2026,4,INE053F07538
830NHAI27,N2,1004.65,1005,1003.6,1004.6,1004.9,1004.6,3564,3578734.96,24-Sep-2026,47,INE906B07CB9
865IRFC29,NA,1107,1111,1102.1,1107.4,1107.4,1107,972,1073469.73,24-Sep-2026,14,INE053F07686
871REC28,N9,1126.01,1126.01,1125.01,1125.5,1126,1126.26,1000,1125505.05,24-Sep-2026,5,INE020B07HS2
901NHB34,N6,6400,6400,6390,6390,6390,6397.11,47,300730.00,24-Sep-2026,4,INE557F07132
888REC29,NF,1144,1144,1144,1144,1144,1155.49,400,457600.00,24-Sep-2026,1,INE020B07IG5
BONLON,EQ,40.91,42.49,39.5,41.32,40.5,40.93,43963,1818803.51,24-Sep-2026,355,INE0B9A01018
BORANA,EQ,296,298.95,289.35,291,292,295.5,53011,15474720.70,24-Sep-2026,1147,INE16SF01016
BOROLTD,EQ,263,267.9,258,259.31,259,267.5,268071,70356584.26,24-Sep-2026,4941,INE02PY01013
BORORENEW,EQ,472.95,472.95,458,459.75,460,475,247809,115249811.75,24-Sep-2026,10951,INE666D01022
BOROSCI,EQ,116.3,118,114.08,115.77,115.5,117.74,136780,15861514.67,24-Sep-2026,1640,INE02L001032
BOSCH-HCIL,EQ,1755,1795,1725,1730,1728.1,1769.8,18011,31627048.10,24-Sep-2026,2184,INE782A01015
BOSCHLTD,EQ,47890,48080,47145,47750,47750,47955,14604,697913815.00,24-Sep-2026,7038,INE323A01026
BOSS,ST,57.2,57.2,57.2,57.2,57.2,56.65,2000,114400.00,24-Sep-2026,1,INE0QNI01012
BPL,EQ,45.9,45.9,44.11,44.85,45.49,45.09,39207,1751040.77,24-Sep-2026,683,INE110A01019
BRAHMINFRA,EQ,157,157,151.5,153.13,155.37,154.55,18627,2859750.37,24-Sep-2026,171,INE320I01017
FIRSTCRY,EQ,180.05,190.8,173.3,179.63,178.82,180.41,31265673,5634092423.67,24-Sep-2026,173097,INE02RE01045
BCONCEPTS,EQ,153.99,154,150.05,151.32,150.7,153.06,5900,899123.99,24-Sep-2026,230,INE977Y01011
BRANDMAN,SM,160,163.15,159.5,160.6,160.6,164,8000,1286560.00,24-Sep-2026,10,INE0XUD01014
BRIGADE,EQ,616,616,598.8,606.2,604,616.45,181473,110098021.95,24-Sep-2026,11673,INE791I01019
BRIGHOTEL,EQ,57,57.44,55.49,56.11,56.08,57.05,159327,9002585.23,24-Sep-2026,3408,INE03NU01014
BRIGHTBR,EQ,249.85,249.85,235.1,240.5,241.95,251.1,6586,1584185.95,24-Sep-2026,124,INE630D01010
BCG,EQ,9.54,9.61,9.4,9.46,9.47,9.59,4054174,38510991.80,24-Sep-2026,6024,INE425B01027
BRITANNIA,EQ,4935,4959.5,4885,4895,4895,4929,184523,909493845.50,24-Sep-2026,15766,INE216A01030
BIRET,RR,338.5,339,334.56,336.98,337,338.89,316319,106733670.48,24-Sep-2026,10481,INE0FDU25010
BROOKS,EQ,61,61.35,58.67,59.4,59,61,26893,1620088.33,24-Sep-2026,400,INE650L01011
BSE,EQ,3235,3308,3175,3183.8,3183.8,3270.7,5659943,18350386597.40,24-Sep-2026,217553,INE118H01025
BSL,EQ,123.62,124.24,120.55,120.9,121,124.24,3988,486581.17,24-Sep-2026,114,INE594B01012
BUTTERFLY,EQ,566,573.1,562.5,568.3,565,566,13853,7867515.45,24-Sep-2026,783,INE295F01017
BURNPUR,BE,15.05,16.39,15.05,15.62,15.6,15.77,36574,578438.69,24-Sep-2026,318,INE817H01022
CGVAK,EQ,151,151,141.81,148.11,148.25,148.67,2570,373860.86,24-Sep-2026,121,INE084D01010
CKKRETAIL,SM,184,184,174.1,178.35,178.8,173,7200,1281720.00,24-Sep-2026,8,INE0SMX01019
MAPMYINDIA,EQ,900,910,878.6,882.8,887.4,906.8,114146,101545640.50,24-Sep-2026,7462,INE0BV301023
C2C,SM,182.4,184.4,170,173.3,173.9,181.35,229350,40754775.00,24-Sep-2026,1098,INE0U7V01015
CADSYS,SM,46,46,46,46,46,46.05,500,23000.00,24-Sep-2026,1,INE090Y01013
CMLL,EQ,509,523,502.5,506.25,506.2,504.65,600592,307317483.85,24-Sep-2026,24034,INE11XY01018
CALSOFT,BE,39.6,39.99,38.02,38.02,38.02,40.02,139801,5364051.35,24-Sep-2026,1109,INE526B01014
CTE,BE,42.15,44.7,42.15,43.79,43.79,43.95,6322,272816.35,24-Sep-2026,53,INE627H01017
CAMLINFINE,EQ,98.1,98.34,96.6,97.25,97.29,98.69,330848,32277597.21,24-Sep-2026,4071,INE052I01032
CAMPUS,EQ,211,211.4,207.78,210.95,211.4,211.05,372182,78105147.48,24-Sep-2026,12292,INE278Y01022
CANFINHOME,EQ,757.95,759.9,740.05,743.15,741.6,757.95,224170,167350542.60,24-Sep-2026,15269,INE477A01020
CANBK,EQ,124.95,126.2,124.57,125.9,125.9,126,9112129,1142279636.33,24-Sep-2026,46491,INE476A01022
CANHLIFE,EQ,143,154.88,135.68,151.51,151.5,151.63,4556970,668043432.26,24-Sep-2026,65833,INE01TY01017
CRAMC,EQ,230,232.3,227.45,228.8,229.1,230.35,322477,74014169.90,24-Sep-2026,6332,INE218I01013
CANARYS,SM,31.7,31.95,29.25,30.8,31.2,31.95,268000,8299600.00,24-Sep-2026,62,INE0QG301017
CANTABIL,EQ,238.73,239.8,236.2,238.52,238,238.55,104044,24789233.45,24-Sep-2026,1392,INE068L01024
CAPACITE,EQ,195.3,196.88,191.3,192.57,192.92,198.25,202408,39296099.87,24-Sep-2026,3450,INE264T01014
CAPILLARY,EQ,544.45,574.9,523.15,567.55,565,545.55,780150,440634834.10,24-Sep-2026,25440,INE0ILV01024
CIFL,EQ,21.9,22.5,21.16,21.76,21.85,21.34,224279,4896494.07,24-Sep-2026,1674,INE345H01024
CAPINVIT,IV,77.22,77.22,76.11,76.48,76.5,77.04,252751,19398135.22,24-Sep-2026,3528,INE0Z8Z23013
CAPITALSFB,EQ,284.6,287.4,279.6,280.55,280,284.6,47408,13430670.80,24-Sep-2026,1171,INE646H01017
CAPTRUST,BE,19.5,19.7,18.6,19,19,19.35,27351,521248.99,24-Sep-2026,78,INE707C01018
CAPLIPOINT,EQ,2775,2990,2770,2867.4,2856,2793.8,1241321,3632194917.20,24-Sep-2026,111301,INE475E01026
CGCL,EQ,268,269.5,256.25,259.4,259.4,268.6,1779349,463605626.90,24-Sep-2026,23059,INE180C01042
CPL,EQ,62.8,62.99,61.96,62.54,62.35,62.46,23312,1460742.88,24-Sep-2026,232,INE536P01021
CARBORUNIV,EQ,1264,1368.9,1257.1,1296.5,1285,1264.5,3529279,4682065757.90,24-Sep-2026,166670,INE120A01034
CARERATING,EQ,1638.3,1638.3,1610,1616.8,1620,1639.6,22146,35846653.10,24-Sep-2026,4556,INE752H01013
CPEDU,EQ,180,182.89,175,179.17,180,179.52,1697,300150.16,24-Sep-2026,46,INE0P6P01016
CARRARO,EQ,549.85,554,541.2,550.05,549.1,554.6,82085,45002184.90,24-Sep-2026,5205,INE0V7W01012
CARTRADE,EQ,2989.1,3099,2963.6,3004.8,3015,3001.8,374113,1137454903.50,24-Sep-2026,39363,INE290S01011
CARYSIL,EQ,1083.7,1084.4,1040.1,1047.9,1042,1085.1,78532,82985778.20,24-Sep-2026,6092,INE482D01024
CUDML,SM,100.1,101.2,100.1,101.15,101.1,100.55,17000,1712700.00,24-Sep-2026,7,INE0WL201014
CASTROLIND,EQ,193.2,195.9,192.11,194.8,194.74,193.23,2326661,453060133.25,24-Sep-2026,31416,INE172A01027
CCL,EQ,1045,1050.1,1029.8,1039.5,1037.5,1043.2,114687,118878741.70,24-Sep-2026,16234,INE421D01022
CEATLTD,EQ,3408.9,3429.8,3335,3353.8,3355,3432.2,30034,101513797.80,24-Sep-2026,6340,INE482A01020
CEDAAR,ST,11.3,12.05,11,11.1,11,11.5,37000,427950.00,24-Sep-2026,25,INE11J101017
CEIGALL,EQ,387,390,379.65,382.55,382.25,388.85,154717,59444067.45,24-Sep-2026,4726,INE0AG901020
CEINSYS,EQ,701.4,713.65,688.35,695.5,704,712.05,49272,34595604.40,24-Sep-2026,3136,INE016Q01014
CELEBRITY,EQ,6.36,6.85,6.21,6.56,6.53,6.65,61846,400710.11,24-Sep-2026,312,INE185H01016
CELLECOR,SM,30,30.75,29.75,30.5,30.5,30,405000,12339600.00,24-Sep-2026,44,INE0OMO01025
CELLO,EQ,324,344,320.15,339.8,338,324.1,2264566,765327687.05,24-Sep-2026,58143,INE0LMW01024
CEMPRO,EQ,1305,1305,1254.5,1268.5,1265.1,1311.2,173946,221782566.10,24-Sep-2026,11555,INE686A01026
CENTRALBK,EQ,31.5,31.52,31.08,31.19,31.24,31.63,2898783,90570809.55,24-Sep-2026,10418,INE483A01010
CDSL,EQ,1339,1347.3,1318.1,1320,1320,1351.1,1232299,1642645712.90,24-Sep-2026,41854,INE736A01011
CMPDI,EQ,210,211.76,205.1,206.71,206.98,213.53,927444,193059311.01,24-Sep-2026,12229,INE05HV01027
CENTRUM,EQ,21.35,21.5,21,21.06,21.07,21.21,257403,5443188.58,24-Sep-2026,508,INE660C01027
CENTUM,EQ,4822.3,4959,4766.8,4837.6,4840,4826.1,91384,442747085.40,24-Sep-2026,17695,INE320B01020
CENTENKA,EQ,581.95,581.95,565,567.55,565,580.55,18962,10823401.45,24-Sep-2026,1666,INE485A01015
CENTEXT,EQ,19,19.1,18.61,18.82,18.88,18.79,95536,1799543.85,24-Sep-2026,464,INE281A01026
CENTEXT-RE,BE,2,3.06,1.35,1.92,2,2.19,317229,634046.57,24-Sep-2026,590,INE281A20018
CENTURYPLY,EQ,711.9,722.15,689.55,694.25,698,711.9,132522,92332294.10,24-Sep-2026,9357,INE348B01021
CERA,EQ,5480,5521.5,5475,5492.5,5486.5,5520,2719,14956298.50,24-Sep-2026,978,INE739E01017
CESC,EQ,142.44,142.44,139.6,139.89,140.01,142.56,1219300,171674457.57,24-Sep-2026,21126,INE486A01021
CGPOWER,EQ,877.1,896.4,877.1,886.7,886.7,895,1340393,1191112850.65,24-Sep-2026,33370,INE067A01029
CHALET,EQ,884,897,866.6,894.9,896,884.05,129562,114749452.80,24-Sep-2026,15734,INE427F01016
CLSEL,EQ,292.8,298.85,290.3,292.4,296.4,296.25,34504,10147578.15,24-Sep-2026,1466,INE419D01026
CMNL,SM,110,113.95,110,111.5,111.5,113.45,8250,923250.00,24-Sep-2026,11,INE06PV01010
CHAMBLFERT,EQ,419.6,421.5,415.45,418.2,419.1,419.6,269494,112792317.30,24-Sep-2026,11248,INE085A01013
CHAMUNDA,SM,41.15,41.15,40.55,40.55,40.55,41.45,12000,491400.00,24-Sep-2026,4,INE11HG01018
CHANDAN,SM,222.55,248,222.55,231.3,231.2,222.55,144000,34257440.00,24-Sep-2026,169,INE0B2N01016
CHAVDA,SM,74,84,70,70.3,70,140,654000,49960600.00,24-Sep-2026,245,INE0PT101017
CHEMBONDCH,BE,252,260,248.1,249.6,248.1,259.5,6764,1700313.65,24-Sep-2026,152,INE0TGX01019
CHEMBOND,EQ,197.83,197.83,191,191.59,195,193.68,6927,1334660.06,24-Sep-2026,371,INE995D01025
CHEMCON,BE,225.1,235,225.1,228.08,226.25,228.66,38636,8869622.41,24-Sep-2026,535,INE03YM01018
CHEMCRUX,EQ,78,79.9,77.77,78.61,79,78.16,3216,254339.96,24-Sep-2026,107,INE298W01016
CHEMFAB,EQ,352,375,350,358.2,358.5,351.6,5232,1887031.05,24-Sep-2026,278,INE783X01023
CHEMPLASTS,EQ,198,198,187.93,192.65,192.9,199.4,231387,44715001.24,24-Sep-2026,5292,INE488A01050
CHENNPETRO,EQ,1385.7,1398.2,1360.8,1372.7,1371,1388.6,873065,1200695593.40,24-Sep-2026,41730,INE178A01016
CHEVIOT,EQ,1190,1194,1165,1166.6,1165,1176.7,588,693770.90,24-Sep-2026,99,INE974B01016
CHOICEIN,EQ,749,759,745.75,749.5,750,751.85,178798,134442767.65,24-Sep-2026,5460,INE102B01014
CHOICEGOLD,EQ,149.9,149.98,147.23,148.1,148.73,149.87,32937,4904957.79,24-Sep-2026,241,INF2KCX01012
CHOLAHLDNG,EQ,1451,1456.4,1405.4,1432.6,1426.1,1472.4,415789,593122525.10,24-Sep-2026,35328,INE149A01033
CHOLAFIN,EQ,1630,1712,1629.9,1681.7,1681.7,1774,4152387,6977770926.50,24-Sep-2026,95022,INE121A01024
CIEINDIA,EQ,384.35,391.95,382.1,388.95,389,384.2,203748,79287395.80,24-Sep-2026,12837,INE536H01010
CINELINE,EQ,88.23,90.25,88.23,89.17,89.14,90.01,17998,1607040.18,24-Sep-2026,441,INE704H01022
CINEVISTA,EQ,14.21,14.4,14,14.11,14.05,14.1,21066,297117.72,24-Sep-2026,95,INE039B01026
CIPLA,EQ,1375,1419,1364.6,1399,1399,1383,1580784,2210580630.80,24-Sep-2026,52856,INE059A01026
CITIUSINVT,IV,119,119.18,116.31,117.04,117.54,118,34993,4112074.08,24-Sep-2026,131,INE2Q7823014
CUB,EQ,225,228.37,218.95,220.52,224.4,225.34,3679351,821957613.98,24-Sep-2026,45327,INE491A01021
CLEDUCATE,EQ,56.28,56.28,54.5,55.07,56.18,56.31,5647,309968.24,24-Sep-2026,77,INE201M01029
CLASSICEIL,SM,53,53.95,53,53,53,52.15,20800,1104240.00,24-Sep-2026,10,INE0UQ601012
CLAYCRAFT,SM,161.2,162,158,159.8,159.15,164.95,40200,6458190.00,24-Sep-2026,56,INE1QGM01024
CLEANMAX,EQ,1453,1453,1373.8,1385.2,1384.1,1457.5,285889,403197265.10,24-Sep-2026,25232,INE647U01026
CLEAN,EQ,831.3,831.3,811.35,815.45,815,836.6,221209,181325521.70,24-Sep-2026,11637,INE227W01023
CSSL,SM,88,88,75.5,77.2,78.6,88,121000,9582600.00,24-Sep-2026,89,INE1EF801010
CMRGREEN,EQ,227.73,227.73,219.91,220.72,221,227.73,411849,91992247.17,24-Sep-2026,12952,INE00WV01027
CMSINFO,EQ,234,234,230.1,232.32,232.15,234.12,516478,119497202.96,24-Sep-2026,9131,INE925R01014
COALINDIA,EQ,422,423.85,418.8,422,422,424.55,3565762,1502116002.05,24-Sep-2026,51623,INE522F01014
COASTCORP,EQ,38,38.48,37.2,37.68,37.6,38.04,26291,994006.83,24-Sep-2026,365,INE377E01024
COCHINSHIP,EQ,1365,1385,1358.1,1370,1370,1370,557426,766159544.30,24-Sep-2026,21904,INE704P01025
COFFEEDAY,EQ,30.99,31.35,30.6,30.7,30.75,31,401197,12376031.52,24-Sep-2026,1478,INE335K01011
COFORGE,EQ,1762,1803.4,1758.1,1785.9,1785.9,1782.4,1123720,2005661846.40,24-Sep-2026,52686,INE591G01025
COHANCE,EQ,459,464.45,451.1,454.15,453.55,461.45,349978,159897025.45,24-Sep-2026,14504,INE03QK01018
COLPAL,EQ,1875,1885.7,1852.2,1854.8,1854.8,1886.7,374034,697639803.30,24-Sep-2026,20862,INE259A01022
COMFINTE,EQ,5.75,5.83,5.6,5.69,5.63,5.73,139714,793935.15,24-Sep-2026,364,INE819A01049
COMSYN,EQ,299.7,308,290,292.5,292,299.3,326769,97896726.20,24-Sep-2026,6272,INE073V01015
COMPEAU,EQ,373,375,365,365,365,364.4,276,102654.00,24-Sep-2026,12,INE823B01015
COMPINFO,BZ,1.1,1.13,1.05,1.07,1.06,1.1,27408,29298.92,24-Sep-2026,32,INE070C01037
COMPUSOFT,EQ,13.48,13.59,13.2,13.3,13.4,13.35,29910,401736.63,24-Sep-2026,186,INE453B01029
CAMS,EQ,718.45,725,705,710.6,710.6,723.9,989945,709378333.15,24-Sep-2026,57003,INE596I01020
CONCORDBIO,EQ,1548.5,1548.5,1472.7,1478.8,1480,1560.3,317814,475487314.30,24-Sep-2026,38984,INE338H01029
CEWATER,EQ,273,275.8,266.25,268.75,270.1,274.4,44723,12154078.00,24-Sep-2026,2126,INE037Z01029
CFEL,BE,47.51,47.9,46,46.53,46.53,47.51,16686,778841.02,24-Sep-2026,103,INE700F01024
CONFIPET,EQ,88.8,90.43,85.41,86.29,87.3,89.12,2532139,222366218.53,24-Sep-2026,27428,INE552D01024
CONNPLEX,SM,262.75,267.25,258.55,260.25,259,264.1,37600,9894120.00,24-Sep-2026,45,INE0EAS01014
CCCL,EQ,13.26,13.48,13.03,13.31,13.48,13.26,125757,1658591.54,24-Sep-2026,580,INE429I01024
CONSOFINVT,BE,300.4,300.4,288.1,289.7,289,302.5,23155,6839780.05,24-Sep-2026,109,INE025A01027
CONCOR,EQ,462.9,472.9,457.55,466.3,466.3,464.65,2952951,1378423387.80,24-Sep-2026,30509,INE111A01025
CONTROLPR,EQ,585.05,588.2,578.35,584.65,582,584.55,14635,8534440.20,24-Sep-2026,1017,INE663B01015
COOLCAPS,SM,25.7,25.7,23.8,24.45,24.5,24.95,72500,1770312.50,24-Sep-2026,43,INE0HS001028
CORALFINAC,EQ,32.25,32.25,31.2,31.29,31.75,31.9,15514,487934.06,24-Sep-2026,104,INE558D01021
CORDSCABLE,EQ,365,373.9,360.95,366.75,364,369.65,92945,34076970.35,24-Sep-2026,5488,INE792I01017
COROMANDEL,EQ,1943,1957.4,1922.2,1942.5,1946,1956,368429,714714950.00,24-Sep-2026,9865,INE169A01031
CORONA,EQ,2163.4,2163.4,2101,2111,2118,2163.4,45427,97368336.60,24-Sep-2026,2747,INE02ZQ01018
COSMOFIRST,EQ,867.2,871.65,850,857.25,859.6,867.2,29882,25736386.40,24-Sep-2026,2267,INE757A01017
CCHHL,EQ,13.39,13.85,13.1,13.49,13.15,13.42,57882,783214.47,24-Sep-2026,483,INE652F01027
COUNCODOS,BE,6.52,6.52,6.23,6.38,6.4,6.38,16220,103926.73,24-Sep-2026,92,INE695B01025
CPCAP,EQ,153.5,157.78,152.5,154.6,154,152.95,24807,3833291.32,24-Sep-2026,1276,INE521J01018
CPSEETF,EQ,95.53,95.53,91.9,92.72,92.64,93.2,766534,71163540.14,24-Sep-2026,5459,INF457M01133
CRAFTSMAN,EQ,10720,11005,10640,10710,10659,10904,50498,546839957.00,24-Sep-2026,19003,INE00LO01017
CRAVATEX,EQ,341.7,410,340.95,361.45,365,341.7,14410,5623647.15,24-Sep-2026,637,INE145E01017
CREATIVEYE,EQ,6.25,6.35,5.66,6.26,6.27,6.19,37615,218212.57,24-Sep-2026,242,INE230B01021
CGRAPHICS,SM,133.6,136.5,133,134.5,134.5,135.15,23200,3121440.00,24-Sep-2026,29,INE0R7401011
CNL,EQ,1156.9,1156.9,1101,1106.9,1102,1146.1,10193,11459853.30,24-Sep-2026,1405,INE985W01018
CREDENT,SM,401,402,374,385.05,388,401.7,59400,23133090.00,24-Sep-2026,84,INE1KPX01025
CREDITACC,EQ,1345.8,1345.9,1311.2,1315.1,1315,1349.6,153580,202925388.00,24-Sep-2026,13538,INE741K01010
MUFTI,EQ,73.2,73.72,72,72.54,72.99,73.2,29602,2147970.66,24-Sep-2026,553,INE220Q01020
CRSL,BE,2.53,2.58,2.45,2.5,2.5,2.53,224860,562288.83,24-Sep-2026,720,INE716D01033
CREST,EQ,362.6,364.95,360,364.15,360,366,1486,535830.20,24-Sep-2026,48,INE559D01011
CRESTO,EQ,21.8,24.16,20.5,24.13,24.16,20.14,495249,11687569.12,24-Sep-2026,1759,INE203Y01012
CRISIL,EQ,4588.9,4599,4489,4503.5,4495,4605.8,14052,63741023.00,24-Sep-2026,4380,INE007A01025
CRIZAC,EQ,176.5,192.89,174.35,186.1,185.1,176.5,1104991,205605473.38,24-Sep-2026,14988,INE0S4R01014
CROMPTON,EQ,222.78,223.3,218.65,219.8,219.8,223.43,1694754,374358238.44,24-Sep-2026,21276,INE299U01018
CROWN,EQ,124.5,125.99,113.6,117.94,118.49,122.53,49383,5838242.70,24-Sep-2026,1128,INE491V01019
CSBBANK,EQ,336,336,325.3,333.75,334.85,336.4,347821,115200916.05,24-Sep-2026,14321,INE679A01013
CSLFINANCE,EQ,216.95,220.18,210.99,211.73,211.2,216.95,66295,14119875.08,24-Sep-2026,1368,INE718F01018
CSM,EQ,103,104.4,101,101.57,101.5,103.93,242909,24959824.30,24-Sep-2026,2419,INE0ZK601013
CUBEINVIT,IV,155.4,156.55,155.11,155.99,155.99,156.01,1415339,220954912.79,24-Sep-2026,10657,INE0NR623014
CUBEXTUB,EQ,138.4,138.4,125.82,138.4,138.4,125.82,807577,111202136.39,24-Sep-2026,2801,INE144D01012
CUMMINSIND,EQ,5003.5,5011.5,4958,4973,4973,5010,164357,818948245.50,24-Sep-2026,18224,INE298A01020
CUPID,EQ,274.9,276.95,263.5,266.3,266,273.85,30961528,8306049610.80,24-Sep-2026,178082,INE509F01029
CURAA,BE,68.4,75.4,68.4,74.4,74.4,72,462,32322.32,24-Sep-2026,16,INE117B01020
CURIS,ST,222.95,222.95,213,213,213,222.95,12000,2610750.00,24-Sep-2026,11,INE1BZN01016
CURRENT,SM,88.3,92.65,88.3,92.65,92.65,91,6400,581520.00,24-Sep-2026,4,INE1CRQ01014
CYBERMEDIA,BE,21.16,21.16,20.09,20.64,20.7,20.67,13460,274666.69,24-Sep-2026,103,INE278G01037
CMRSL,SM,74.2,74.35,74.2,74.35,74.35,70.85,4800,356760.00,24-Sep-2026,6,INE075Z01011
CYBERTECH,BE,135.5,139,135.5,137.01,137,137.33,10109,1391171.59,24-Sep-2026,107,INE214A01019
CYIENTDLM,EQ,952.1,968,905.6,912.7,919.1,963.5,311196,289956948.35,24-Sep-2026,23257,INE055S01018
CYIENT,EQ,1064.1,1085,1044,1057.8,1054.9,1072.2,225594,240030042.10,24-Sep-2026,23956,INE136B01020
DPWIRES,BE,163.56,170.03,163.56,170.02,170.01,161.94,25119,4258841.53,24-Sep-2026,419,INE864X01013
DLINKINDIA,EQ,424,426.7,414.45,418.9,419,426.1,52544,22064030.60,24-Sep-2026,2579,INE250K01012
DPABHUSHAN,EQ,1450,1461.4,1395,1405.6,1409,1455.9,22814,32563425.30,24-Sep-2026,1866,INE266Y01019
DBCORP,EQ,182,182.79,179.2,180.31,179.56,182.22,51129,9242269.31,24-Sep-2026,2168,INE950I01011
DABUR,EQ,387.2,388.9,383.45,385.7,385.7,387.4,836163,322678944.75,24-Sep-2026,25185,INE016A01026
DAICHI,BE,328,328,315,326.3,326.3,328,1333,425690.95,24-Sep-2026,20,INE928C01010
DALBHARAT,EQ,1748,1750,1711.2,1721.2,1719,1744,18355,31690053.70,24-Sep-2026,3884,INE00R701025
DALMIASUG,EQ,402.75,409.35,396.95,399.5,399.35,407.75,110048,44292056.55,24-Sep-2026,4885,INE495A01022
DAMCAPITAL,EQ,140.11,140.3,136.75,137.2,137.69,140.39,157626,21762578.87,24-Sep-2026,2966,INE284H01025
DAMODARIND,BE,29.7,29.7,28.1,28.61,28.61,29.49,1863,55174.08,24-Sep-2026,23,INE497D01022
DANGEE,EQ,2.75,2.97,2.74,2.97,2.97,2.7,7561092,21350876.67,24-Sep-2026,305,INE688Y01022
DANISH,SM,1025,1037,945,950.45,953.8,1003.2,55800,55403767.50,24-Sep-2026,270,INE0YU901016
DATAPATTNS,EQ,4390,4464,4370.8,4395.5,4394,4422.4,291150,1283724333.10,24-Sep-2026,31422,INE0IX101010
DATAMATICS,EQ,784.9,788.5,772.55,783.95,777.7,789.85,47138,36867122.60,24-Sep-2026,1922,INE365B01017
DAVANGERE,EQ,2.18,2.23,2.16,2.19,2.2,2.2,5520097,12057466.92,24-Sep-2026,1899,INE179G01029
DBSTOCKBRO,BE,29.6,30.29,29.6,30.28,30.28,30,618,18371.73,24-Sep-2026,36,INE921B01025
DCI,EQ,265,318.9,264.3,302.4,301.2,268.6,1477566,449032020.45,24-Sep-2026,32547,INE0A1101019
DCBBANK,EQ,218.4,218.99,206.69,213.35,213.25,223.69,2863570,609142356.62,24-Sep-2026,34466,INE503A01015
1225DCCL27,N0,99526.46,99526.46,99526.46,99526.46,99526.46,99526.46,1,99526.46,24-Sep-2026,1,INE04Q907108
DCG,ST,72,76,70.4,71.05,70.6,74.1,24000,1726980.00,24-Sep-2026,20,INE0S8401018
DCMFINSERV,EQ,5.01,5.16,4.91,4.99,4.96,5.01,2209,11075.91,24-Sep-2026,57,INE891B01012
DCM,EQ,76.85,76.85,74.3,75.07,75,75.34,14020,1053077.06,24-Sep-2026,102,INE498A01018
DCMNVL,EQ,177.94,179,176.27,178.64,178,179.43,2461,438829.95,24-Sep-2026,85,INE08KP01019
DSFCL,EQ,31.25,31.76,30.25,31.58,31.71,30.25,164659,5157942.93,24-Sep-2026,1024,INE0OFM01015
DCMSRIND,EQ,38,38.2,37.55,37.88,37.99,38.01,63506,2401902.26,24-Sep-2026,812,INE843D01027
DCMSIL,EQ,79.45,85.2,74.1,85.2,85.2,77.46,396594,31995957.37,24-Sep-2026,2510,INE0OU201013
DCMSHRIRAM,EQ,978,982.5,969,975.6,976,980,30872,30108943.80,24-Sep-2026,5267,INE499A01024
DCW,EQ,50.02,50.47,48.11,48.36,48.11,50.02,1887262,93048028.36,24-Sep-2026,12053,INE500A01029
DCXINDIA,EQ,164,165,161.1,162.28,162.51,164.73,254929,41562589.06,24-Sep-2026,5114,INE0KL801015
DDEVPLSTIK,EQ,264,264,255.15,257.75,257,262.6,45580,11797385.90,24-Sep-2026,1939,INE0HR601026
DENEERS,SM,172,173.6,170,172.95,172.95,175.45,7200,1237920.00,24-Sep-2026,11,INE0JWV01011
DENORA,EQ,791,800,782,783.9,783.8,795.65,1375,1087091.70,24-Sep-2026,293,INE244A01016
DECCANCE,EQ,560,569.45,555.1,555.95,555.1,560.45,9295,5198170.65,24-Sep-2026,796,INE583C01021
DECNGOLD,EQ,220.35,220.75,213,214.51,214.9,222.44,1062301,229427819.94,24-Sep-2026,16657,INE945F01025
DEEDEV,EQ,714.6,719.8,675.6,675.6,675.6,711.15,126760,87378706.50,24-Sep-2026,6814,INE841L01016
DEEM,ST,49.65,49.65,47.4,47.4,47.4,47.3,11000,541650.00,24-Sep-2026,11,INE586O01011
DEEPINDS,EQ,772.9,784.9,746.5,766,768.9,772.9,320720,244274589.60,24-Sep-2026,15850,INE0FHS01024
DEEP,BE,46,46,43.8,45.1,45.94,46.1,6933,307999.86,24-Sep-2026,98,INE00IY01012
DEEPA,EQ,193.95,198.3,190.1,194.18,193.35,196.4,2050357,397393556.34,24-Sep-2026,22399,INE1M2N01020
DBEIL,EQ,6.78,6.81,6.43,6.64,6.64,6.8,203483,1350793.37,24-Sep-2026,949,INE0OPA01027
DEEPAKFERT,EQ,1385,1393.8,1351.9,1361.4,1360,1386.2,150002,205594161.40,24-Sep-2026,13758,INE501A01019
DEEPAKNTR,EQ,1634,1634,1596.1,1600.9,1599,1635.8,90646,146018848.80,24-Sep-2026,12049,INE288B01029
DELAPLEX,SM,92,95.7,90.35,91.9,91.9,90,15000,1394250.00,24-Sep-2026,25,INE0SK801018
DELHIVERY,EQ,430,432.15,424.15,426.3,426.3,435,4190544,1790718580.35,24-Sep-2026,34042,INE148O01028
DELPHIFX,BE,5.91,5.91,5.91,5.91,5.91,5.63,34332,202902.12,24-Sep-2026,30,INE726L01027
DELTIC,SM,34.95,34.95,33.5,34.45,34.45,34.6,8000,273250.00,24-Sep-2026,8,INE0XRN01019
DELTACORP,EQ,68.85,74.8,68.85,72.68,72.2,68.65,28302261,2065033156.63,24-Sep-2026,112720,INE124G01033
DELTAMAGNT,EQ,54.4,56.37,53.4,54.45,55.99,56.57,3290,179195.06,24-Sep-2026,93,INE393A01011
DEN,EQ,26.99,26.99,26.4,26.52,26.65,26.84,269872,7180687.70,24-Sep-2026,1312,INE947J01015
DENTA,EQ,275.8,276.4,268.85,270.1,270.7,274.8,83961,22817159.25,24-Sep-2026,2176,INE0R4L01018
DEVX,EQ,34.1,36.6,34.1,36.13,36.3,35,160466,5696968.87,24-Sep-2026,759,INE0VOV01021
DEVIT,EQ,23.71,23.71,22.25,22.59,22.6,23.24,101583,2303403.90,24-Sep-2026,677,INE060X01034
DEVYANI,EQ,137.66,139.32,135.81,137.5,137.5,140.11,963555,132691738.24,24-Sep-2026,11195,INE872J01023
DHABRIYA,BE,494.7,500,482.15,486.3,490.8,494.7,2511,1234902.10,24-Sep-2026,140,INE260R01016
DBOL,EQ,116,116.05,112,113.2,113.38,115.63,103725,11847294.12,24-Sep-2026,2029,INE0I3401014
DHAMPURSUG,EQ,166.5,167.81,163.37,164.64,164.72,168.39,278678,46034185.46,24-Sep-2026,6719,INE041A01016
DHANBANK,EQ,30,30,29.22,29.68,29.8,30.01,361353,10678212.58,24-Sep-2026,1678,INE680A01011
DHANSA,ST,27.75,27.75,27.75,27.75,27.75,29,4000,111000.00,24-Sep-2026,2,INE0M3I01029
DHANUKA,EQ,985.5,985.5,960,967.6,961.65,982.65,14336,13905183.60,24-Sep-2026,1399,INE435G01025
DHARARAIL,ST,142.9,143,142.9,143,143,142.35,9000,1286900.00,24-Sep-2026,9,INE2HJL01019
DHARAN,BZ,0.14,0.15,0.14,0.14,0.15,0.14,7503654,1083330.29,24-Sep-2026,1150,INE278R01034
DHARIWAL,SM,25.3,26.25,24.4,25.85,25.75,25,219000,5656950.00,24-Sep-2026,59,INE0YRN01025
DHARMAJ,EQ,299.5,304,292,300.55,299.9,299.1,51334,15340229.35,24-Sep-2026,1838,INE00OQ01016
DHATRE,EQ,4.12,4.39,4.1,4.23,4.13,4.15,23807,99837.02,24-Sep-2026,116,INE715T01031
DHOOTTRANS,EQ,1608,1629.6,1553,1587.6,1589,1615.4,1317047,2095326242.10,24-Sep-2026,60780,INE01NH01023
DHRUV,EQ,21.4,22,20.87,20.94,20.87,21.07,4787,101053.23,24-Sep-2026,64,INE506Z01015
DHUNINV,EQ,1014.4,1014.4,975.3,991.2,1002,1001.75,710,698912.45,24-Sep-2026,89,INE320L01011
DTIL,BE,141.22,144.22,138.43,142,142,141.22,2767,389431.66,24-Sep-2026,53,INE341R01014
DVL,EQ,292.2,299.95,284.3,293.8,292.5,292.2,17896,5272108.25,24-Sep-2026,634,INE477B01010
DIAMINESQ,EQ,253.65,253.65,243.49,246.84,244,249.38,2830,701140.68,24-Sep-2026,141,INE591D01014
DIACABS,BE,374,374,359,360.45,365.9,377.85,744191,271458016.45,24-Sep-2026,6034,INE989C01038
DICIND,EQ,660,675,642,647.75,646,665.65,4423,2919445.95,24-Sep-2026,263,INE303A01010
DIFFNKG,EQ,437,440.95,425.1,427.25,427.1,439.3,87483,37792025.20,24-Sep-2026,4161,INE184O01015
DGCONTENT,EQ,25,25.15,22.55,23.77,23.79,24.9,23265,549572.64,24-Sep-2026,228,INE03JI01017
DIGIDRIVE,EQ,17.9,18.3,17.81,17.88,18.1,17.9,12856,231112.18,24-Sep-2026,145,INE0PSC01024
DIGIKORE,SM,38,38,35.05,35.7,36.1,37.5,33600,1207560.00,24-Sep-2026,58,INE0QJ901011
DIGISPICE,EQ,16.25,16.94,16.1,16.21,16.2,16.5,65448,1065811.96,24-Sep-2026,259,INE927C01020
DIGITIDE,EQ,81.5,81.5,79.04,79.76,80.2,81.13,152820,12247165.28,24-Sep-2026,2305,INE0U4701011
DIGJAMLMTD,BE,53.5,55,51.9,54.28,51.9,53.99,4690,253113.43,24-Sep-2026,45,INE731U01028
DNAMEDIA,EQ,2.5,2.51,2.46,2.48,2.48,2.5,23613,58778.10,24-Sep-2026,70,INE016M01021
DBL,EQ,412.4,416.3,411.25,412.6,413.5,413.55,80854,33364297.90,24-Sep-2026,3569,INE917M01012
DISAQ,EQ,11999,12100,11846,12008,11999,12088,67,799586.00,24-Sep-2026,41,INE131C01011
DISHTV,EQ,2.47,2.47,2.42,2.43,2.46,2.46,1510220,3686001.23,24-Sep-2026,1415,INE836F01026
DCAL,EQ,172.2,174,167.22,168.19,169.32,173.33,120226,20435520.77,24-Sep-2026,2942,INE385W01011
DIVGIITTS,EQ,1175,1185,1148.9,1156.6,1165.8,1177.1,58655,68346704.20,24-Sep-2026,6193,INE753U01022
DIVISLAB,EQ,9540.5,9740,9540,9602,9602,9624,666667,6425770785.00,24-Sep-2026,70605,INE361B01024
DIVINEHIRA,ST,96.05,98.95,95,98.5,98.5,100,44400,4260660.00,24-Sep-2026,35,INE0NA501011
DPEL,SM,640,646.85,628,633.8,632,640.15,29000,18395000.00,24-Sep-2026,49,INE0SCO01019
DIXON,EQ,13100,13315,13091,13299,13299,13200,185172,2449829152.00,24-Sep-2026,31814,INE935N01020
DJML,EQ,70.7,76.19,70.7,74.44,74.99,72.7,85690,6349999.71,24-Sep-2026,937,INE0B1K01014
DLF,EQ,666.75,681,666.55,670.4,670.4,675,5074007,3428580143.65,24-Sep-2026,51326,INE271C01023
DMCC,EQ,299,306.9,289.9,295.05,293.4,296.3,246754,74176032.80,24-Sep-2026,6653,INE505A01010
DODLA,EQ,1049.5,1058,1038.7,1045.7,1050.6,1048.6,12559,13162893.30,24-Sep-2026,1847,INE021O01019
DOLATALGO,EQ,68.76,69,66.42,66.7,66.8,68.72,120296,8102802.54,24-Sep-2026,1698,INE966A01022
DOLLAR,EQ,273.2,274.7,265.35,269.5,269,274.45,50023,13519308.55,24-Sep-2026,2092,INE325C01035
DOLLEX,EQ,38,38,35.5,37,37.45,37.75,37243,1356132.20,24-Sep-2026,198,INE0JHH01011
DOLPHIN,EQ,729.9,729.9,680.4,685.3,684,723.55,60219,41918038.55,24-Sep-2026,4237,INE920A01037
DOMS,EQ,2130,2133.9,2100,2109,2107.9,2141.5,13316,28166582.40,24-Sep-2026,3132,INE321T01012
DONEAR,EQ,83.79,83.79,81.9,82.22,82.7,83.13,15332,1264532.80,24-Sep-2026,256,INE668D01028
DPSCLTD,BE,7.19,7.19,6.74,7.06,6.98,7.09,121370,847680.06,24-Sep-2026,473,INE360C01024
AGARWALEYE,EQ,492.15,506.25,491,502.1,503.75,494.8,355015,178032222.45,24-Sep-2026,20414,INE943P01029
DRAGARWQ,EQ,5180,5300,5115,5159,5199,5202,5598,29148670.50,24-Sep-2026,681,INE934C01018
LALPATHLAB,EQ,1940,1976.2,1911.7,1961.3,1957,1924.3,430163,840296476.80,24-Sep-2026,57589,INE600L01024
DRREDDY,EQ,1210.9,1213.9,1197,1200.4,1200.4,1211.2,1667696,2009634451.50,24-Sep-2026,48822,INE089A01031
DRCSYSTEMS,EQ,12.8,12.8,12.18,12.55,12.42,12.67,61393,767812.22,24-Sep-2026,478,INE03RS01027
DREAMFOLKS,EQ,63.9,64.5,62.94,64.13,64.01,63.91,39635,2541285.12,24-Sep-2026,980,INE0JS101016
DREDGECORP,EQ,1015,1016.4,989.2,996.5,990,1017.5,44839,44808445.10,24-Sep-2026,3331,INE506A01018
DRONE,SM,33.5,34.3,33.4,33.6,33.6,33.5,19500,660625.00,24-Sep-2026,33,INE0P7201019
DSKULKARNI,BE,23.62,23.62,23.62,23.62,23.62,23.16,73,1724.26,24-Sep-2026,1,INE891A01022
KEEPLEARN,EQ,1.88,1.94,1.81,1.82,1.83,1.84,32956,61412.80,24-Sep-2026,96,INE055C01020
LIQUIDETF,EQ,1000,1000.01,999.99,1000,1000,999.99,152036,152036015.09,24-Sep-2026,218,INF740KA1EU7
BANK10ADD,EQ,16.54,16.89,16.36,16.53,16.89,16.59,116459,1913975.75,24-Sep-2026,296,INF740KA1YH2
BANKADD,EQ,57.78,57.78,56.78,56.9,56.89,58.01,33277,1896081.12,24-Sep-2026,186,INF740KA1RX3
GOLDADD,EQ,14.6,14.61,14.48,14.5,14.51,14.65,6431488,93607375.62,24-Sep-2026,5361,INF740KA1ZP2
ITADD,EQ,30.32,30.32,29.85,29.95,30.02,30.17,36337,1089930.10,24-Sep-2026,99,INF740KA1SX1
EQUAL50ADD,EQ,333,334.29,330.54,331.12,331.99,334.44,19683,6540066.17,24-Sep-2026,387,INF740KA1QK2
NIFTYADD,EQ,245.73,245.83,243.2,243.8,243.26,246.62,5276,1289499.15,24-Sep-2026,174,INF740KA1CL0
PSUBANKADD,EQ,84.44,84.44,83.4,83.81,83.4,84.44,23742,1989552.03,24-Sep-2026,299,INF740KA1SY9
PVTBANKADD,EQ,27.6,27.6,27.22,27.33,27.34,27.77,92971,2538792.53,24-Sep-2026,309,INF740KA1TA7
MIDQ50ADD,EQ,24.39,24.41,24.09,24.22,24.26,24.28,28869,700834.28,24-Sep-2026,175,INF740KA1ZF3
SENSEXADD,EQ,76.74,76.85,76.11,76.33,76.49,77.06,19345,1474968.12,24-Sep-2026,265,INF740KA1SZ6
SILVERADD,EQ,22,22.03,21.73,21.74,21.79,22.2,2739872,59879794.54,24-Sep-2026,4091,INF740KA1ZQ0
FLEXIADD,EQ,9.73,9.89,9.63,9.68,9.7,9.74,61962,601390.38,24-Sep-2026,491,INF740KA1WU9
FMCGADD,EQ,46.23,46.47,45.92,46,46,45.86,20150,930651.91,24-Sep-2026,191,INF740KA1ZA4
GSEC10ADD,EQ,26.71,26.77,26.7,26.73,26.77,26.35,75,2002.68,24-Sep-2026,10,INF740KA1ZI7
HEALTHADD,EQ,16.96,17.09,16.9,16.96,16.91,16.9,60251,1021112.76,24-Sep-2026,224,INF740KA1ZG1
LIQUIDADD,EQ,1146.07,1146.37,1146.07,1146.08,1146.09,1145.93,658390,754569896.94,24-Sep-2026,272,INF740KA1UM0
MIDBANKADD,EQ,17,17,16.84,16.86,16.89,17.25,253272,4281816.24,24-Sep-2026,123,INF740KA1ZH9
MIDCAPADD,EQ,22.86,22.86,22.52,22.59,22.63,22.86,32287,729601.95,24-Sep-2026,150,INF740KA1WW5
MSCIADD,EQ,28.75,28.75,28.5,28.55,28.74,28.88,368,10528.91,24-Sep-2026,106,INF740KA1WV7
NEXT30ADD,EQ,42.13,42.18,41.74,41.85,41.97,42.25,2175,91114.69,24-Sep-2026,106,INF740KA1VE5
NEXT50ADD,EQ,72.48,72.62,71.85,71.86,71.91,72.88,2314,167007.37,24-Sep-2026,44,INF740KA1XU7
SMALLADD,EQ,18.62,18.62,18.23,18.27,18.26,18.56,11221,205858.03,24-Sep-2026,196,INF740KA1WX3
TOP10ADD,EQ,86.69,86.69,83.47,83.79,83.96,84.58,414184,34773151.08,24-Sep-2026,1012,INF740KA1UR9
DUCOL,SM,123.5,128.8,123.5,128.75,128.75,124,16800,2091640.00,24-Sep-2026,8,INE0LZO01015
DUCON,EQ,1.64,1.68,1.54,1.64,1.66,1.6,9358405,15488910.93,24-Sep-2026,1944,INE741L01018
DUGLOBAL,SM,19.25,20.2,19.25,20.05,20,19,35000,692125.00,24-Sep-2026,14,INE0HPK01020
DURLAX,SM,60,60.95,59.55,60.55,60.95,60.05,98000,5946300.00,24-Sep-2026,45,INE0OUW01013
DWARKESH,EQ,41.65,41.8,40.47,40.74,40.98,41.86,929163,38017213.55,24-Sep-2026,5144,INE366A01041
DSSL,EQ,1038,1046.7,1011.9,1022.1,1020.7,1030.4,22654,23292250.40,24-Sep-2026,1808,INE417B01040
DYNAMATECH,EQ,12516,12630,12350,12551,12541,12561,23951,298924093.00,24-Sep-2026,9990,INE221B01012
DYCL,EQ,476.5,483.7,465,473.2,474,476.9,626764,297548184.70,24-Sep-2026,21170,INE600Y01019
DYNAMIC,SM,153.25,167.4,144,149,149,147.65,29000,4603100.00,24-Sep-2026,30,INE0DZ701010
DYNPRO,EQ,235.13,236.93,232,232.85,233.17,234.58,7401,1722853.10,24-Sep-2026,205,INE256H01015
EFACTOR,SM,155,161.95,155,161.95,161.95,151.05,27200,4347760.00,24-Sep-2026,26,INE0KFF01017
E2ERAIL,SM,319.95,344.8,313.2,331.55,320,320.75,261600,85704320.00,24-Sep-2026,208,INE1CEJ01017
E2E,BE,620,666.9,615,646.7,645.9,635.15,1060105,685229964.25,24-Sep-2026,17198,INE255Z01027
EASTWEST,EQ,2.41,2.42,2.34,2.36,2.4,2.39,32844,78121.86,24-Sep-2026,130,INE595R01023
EASTSILK,BE,71.25,71.93,68,71.8,71.93,68.51,4679,334837.68,24-Sep-2026,46,INE962C01035
EASEMYTRIP,EQ,5.84,5.86,5.77,5.8,5.8,5.87,9371481,54337419.17,24-Sep-2026,5910,INE07O001026
EBIX,BE,19.2,19.2,17.8,17.89,18,18.64,110608,1991999.86,24-Sep-2026,187,INE432F01032
888ECL28,N1,987,988.75,987,988.75,988.75,987,144,142373.00,24-Sep-2026,5,INE528S07110
ECLERX,EQ,1910,1920.8,1880,1890.1,1886.4,1924.2,63177,119922837.10,24-Sep-2026,9952,INE738I01010
ECORECO,EQ,425,425,417,419.25,420.9,419.55,7233,3044334.95,24-Sep-2026,766,INE316A01038
ECOLINE,SM,195,195,185.05,190.4,190.4,195.5,8000,1511900.00,24-Sep-2026,8,INE0VBS01016
ECOSMOBLTY,EQ,109,110.74,107,108.04,107.5,109.11,33055,3572705.34,24-Sep-2026,957,INE06HJ01020
BBETF0432,EQ,1335.36,1342.94,1335,1335.53,1335.2,1340.66,621,830650.58,24-Sep-2026,38,INF754K01OB1
EBANK10,EQ,16.64,16.64,16.3,16.58,16.58,16.64,583,9550.60,24-Sep-2026,24,INF754K01XH9
EBANKNIFTY,EQ,56.64,56.64,55.89,55.89,56.13,57.21,10879,610525.53,24-Sep-2026,61,INF754K01TE4
EBBETF0430,EQ,1612.97,1612.97,1602.26,1603.95,1602.26,1609.69,14910,23928552.37,24-Sep-2026,249,INF754K01KO2
EBBETF0431,EQ,1428,1433.58,1427.48,1430.1,1430.1,1431.06,3485,4985553.65,24-Sep-2026,61,INF754K01LE1
EBBETF0433,EQ,1306.92,1311.69,1300,1301.38,1300,1309.84,3112,4065128.00,24-Sep-2026,133,INF754K01QX0
ECAPINSURE,EQ,23.54,23.6,23.24,23.43,23.46,23.71,123588,2884874.99,24-Sep-2026,403,INF754K01TX4
EGOLD,EQ,150.5,150.5,149.1,149.3,149.3,150.9,32162,4806174.20,24-Sep-2026,750,INF754K01SE6
ELIQUID,EQ,1044.65,1048.98,1044.6,1048.98,1048.98,1048.83,51098,53578857.34,24-Sep-2026,25,INF754K01VW2
ELM250,EQ,15.88,16.3,15.88,16.11,16,16.2,292300,4734826.55,24-Sep-2026,240,INF754K01VV4
ELMDIV,EQ,35.48,35.49,35.19,35.25,35.25,35.76,870,30716.33,24-Sep-2026,38,INF754K01XI7
EMETAL,EQ,12.89,13.99,12.83,12.92,12.83,13.23,7559,97981.87,24-Sep-2026,50,INF754K01XG1
EMULTIMQ,EQ,41.12,41.58,41.02,41.3,41.54,41.32,71774,2967478.85,24-Sep-2026,145,INF754K01TF1
ENEXT50,EQ,72.16,72.52,70.77,71.53,71.46,72.16,1833,130775.09,24-Sep-2026,31,INF754K01XF3
ENIFTY,EQ,24.24,24.24,23.28,23.37,23.37,23.65,7421,173411.38,24-Sep-2026,69,INF754K01VX0
ESENSEX,EQ,75.21,75.21,74.33,74.47,74.47,75.54,318,23762.55,24-Sep-2026,39,INF754K01VY8
ESILVER,EQ,225.9,228.52,225.42,225.69,225.5,229.58,16246,3682032.68,24-Sep-2026,855,INF754K01SF3
EDELWEISS,EQ,140.6,142.8,138,139.01,138.5,142.03,5585348,783631762.38,24-Sep-2026,33723,INE532F01054
EFCIL,EQ,182.8,184,178,181.2,181.85,183.08,167623,30252515.47,24-Sep-2026,3694,INE886D01026
EFFWA,SM,374.95,375,355,361.75,355,365.7,17200,6266420.00,24-Sep-2026,26,INE0U9101019
EICHERMOT,EQ,7437,7460,7333,7338.5,7338.5,7470,258170,1904907195.00,24-Sep-2026,29096,INE066A01021
EIDPARRY,EQ,701.05,703.15,687.65,689.55,695.5,701.4,184152,127891576.45,24-Sep-2026,13998,INE126A01031
EIHAHOTELS,EQ,296.85,296.85,285.6,288.6,285.6,296.85,16256,4754233.75,24-Sep-2026,574,INE276C01014
EIHOTEL,EQ,299,301.15,295.25,296.9,297.5,301.15,85796,25581265.90,24-Sep-2026,6840,INE230A01023
EIMCOELECO,EQ,2270,2329.8,2250.5,2304.4,2312,2297.8,29400,67583854.30,24-Sep-2026,3187,INE158B01016
EKI,EQ,83.98,99.04,83.5,99.04,99.04,82.54,665973,64266998.32,24-Sep-2026,4442,INE0CPR01018
ELANTAS,EQ,14499,14499,13623,13849,13990,14308,2753,38351675.00,24-Sep-2026,1428,INE280B01018
ELCIDIN,EQ,104850,104850,104810,104830,104810,105800,3,314510.00,24-Sep-2026,3,INE927X01018
ELDEHSG,EQ,789.25,789.25,733,760,760,779.75,873,661082.40,24-Sep-2026,120,INE668G01021
ELECON,EQ,463,468.5,450.15,459.1,457.5,466.6,1947203,896007161.85,24-Sep-2026,47298,INE205B01031
EFORCE,SM,17.85,18.85,17.85,18.8,18.85,19.1,4800,88440.00,24-Sep-2026,4,INE0Q1W01012
EMIL,EQ,191.62,194.4,188.11,189.16,189,191.32,2792300,534478539.08,24-Sep-2026,40314,INE02YR01019
ELECTCAST,EQ,73.3,73.31,71.44,72.56,72.5,74.22,1426253,103411324.06,24-Sep-2026,10889,INE086A01029
ELECTHERM,EQ,909.2,920,875,887.7,880.6,904.65,5994,5359326.80,24-Sep-2026,364,INE822G01016
ELGNZ,SM,87,88.5,83.5,84.8,83.5,85.85,20000,1725750.00,24-Sep-2026,11,INE0R9101015
ELGIEQUIP,EQ,608.55,617.5,604.45,608.8,612,614.7,188186,115096305.20,24-Sep-2026,16834,INE285A01027
ELGIRUBCO,EQ,59.9,59.94,57,57.15,57.06,59.35,39799,2309037.05,24-Sep-2026,983,INE819L01012
ELIN,EQ,89.96,89.99,88.2,89.5,89.99,89.95,58154,5168907.59,24-Sep-2026,1126,INE050401020
ELITECON,EQ,9.2,9.58,9.2,9.55,9.58,9.13,14696070,140235614.36,24-Sep-2026,10034,INE669R01026
ELLEN,EQ,368,370,353.1,357.7,358.45,371.3,1000879,361617253.50,24-Sep-2026,15280,INE236E01022
ELPROINTL,EQ,171.5,174.4,170.45,172.01,172,171.5,3141,539786.23,24-Sep-2026,161,INE579B01039
EMAPARTNER,SM,84.8,84.8,80.45,82,82,82.1,10000,822000.00,24-Sep-2026,10,INE0ZOL01023
EMAMILTD,EQ,390,397.3,388,390.5,390,391.45,1756668,688962560.50,24-Sep-2026,37125,INE548C01032
EMAMIPAP,BE,115.99,117,112.9,115.54,115.15,115.6,15572,1791761.68,24-Sep-2026,129,INE830C01026
EMAMIREAL,EQ,69.75,69.9,68,69.03,69,69.58,6575,452529.49,24-Sep-2026,109,INE778K01012
EMBDL,EQ,60.4,60.99,58.2,58.81,58.65,61.22,2396537,142658874.05,24-Sep-2026,15723,INE069I01010
EMBASSY,RR,437.8,440,436.4,439.77,439.5,437.44,594992,261184661.88,24-Sep-2026,16488,INE041025011
EMCURE,EQ,1980,1991.4,1943.5,1952.1,1953.1,1981.7,47459,93163749.70,24-Sep-2026,7623,INE168P01015
ETML,SM,80,80,78.4,79.85,79.85,80.1,7200,568620.00,24-Sep-2026,6,INE0RHD01013
EMKAY,EQ,267.15,276,266.05,272.55,271,270.6,39396,10686567.65,24-Sep-2026,1062,INE296H01011
EMKAYTOOLS,SM,96,96,93.5,93.5,93.5,95,1050,99382.50,24-Sep-2026,6,INE332S01011
ETL,SM,1130,1145,1130,1145,1145,1118,1500,1706047.50,24-Sep-2026,9,INE0PXC01024
EMMBI,BE,90.19,90.45,88.1,88.49,88.9,88.71,5432,484630.36,24-Sep-2026,53,INE753K01015
EMMVEE,EQ,329.55,331.15,316.05,317.6,317.65,333.1,3608599,1160424259.05,24-Sep-2026,61011,INE1C6T01020
EMPIND,EQ,1046,1063.9,1046,1051.6,1052,1074.8,1192,1252065.20,24-Sep-2026,219,INE515H01014
EMPOWER,EQ,1.96,2.13,1.96,1.96,1.96,2.06,20949300,41204355.18,24-Sep-2026,2604,INE507F01023
EMSLIMITED,EQ,366.7,366.7,357.2,358.6,359,366.35,98178,35360860.20,24-Sep-2026,3001,INE0OV601013
EMUDHRA,EQ,640.1,667,638.75,659.4,657,637.8,1009718,659762511.20,24-Sep-2026,38881,INE01QM01018
ENCOMPAS,SM,255.25,255.25,239.95,240,240,255,7200,1769080.00,24-Sep-2026,14,INE433T01015
ENDURANCE,EQ,2645,2698.9,2636,2663.2,2659.2,2669.6,92156,246439231.60,24-Sep-2026,19807,INE913H01037
ENERGYDEV,EQ,14.69,14.95,14.64,14.91,14.94,14.71,17824,264483.33,24-Sep-2026,188,INE306C01019
EMMIL,SM,124,127.5,122,123.3,125.95,127.65,2750,343325.00,24-Sep-2026,9,INE0S1L01013
ENGINERSIN,EQ,303.5,305.65,295,296.65,297,306.2,4627761,1386919444.55,24-Sep-2026,64293,INE510A01028
ENKEIWHEL,EQ,399,405.35,381.5,385.75,387,399.45,2549,998024.75,24-Sep-2026,105,INE130L01014
ENSER,SM,15.45,15.45,14.3,14.7,14.3,15.25,40000,602000.00,24-Sep-2026,8,INE0R9I01021
ENTERO,EQ,1835,1875,1780,1852.2,1845.2,1842.5,247589,458268025.40,24-Sep-2026,18737,INE010601016
ENIL,EQ,100.02,101.46,99.65,99.66,99.65,100.17,4809,481535.90,24-Sep-2026,109,INE265F01028
EIEL,EQ,202.49,202.49,199.41,201.63,201.98,203.32,353347,71056936.26,24-Sep-2026,7240,INE0LLY01014
ENVIRO,SM,75,75,69.2,70.1,70.1,73.55,32000,2260850.00,24-Sep-2026,28,INE0SUH01015
EPACK,EQ,184,185.88,179.1,180.12,180.85,184.82,287195,52114639.22,24-Sep-2026,5265,INE0G5901015
EPACKPEB,EQ,253.01,258.97,241.3,246.29,248.49,253.95,815923,205148474.87,24-Sep-2026,17266,INE0MLS01022
EPIGRAL,EQ,1091,1099,1065,1071,1067,1093.6,32669,35301157.30,24-Sep-2026,3141,INE071N01016
EPL,EQ,238,240.25,234.3,238.05,237,239.1,1071636,254590870.40,24-Sep-2026,20951,INE255A01020
EEPL,ST,138,138,131,131.05,131,134.9,4000,535050.00,24-Sep-2026,4,INE11HF01010
EQUIPPP,BE,21.8,22.97,21.8,22.88,22.97,22.63,318,7096.51,24-Sep-2026,7,INE217G01035
EQUITASBNK,EQ,69,70.77,68.52,70.21,70.77,72.27,2416236,168927224.70,24-Sep-2026,15746,INE063P01018
ERIS,EQ,1266,1284.1,1264.5,1274.6,1275,1269.9,47023,59875601.90,24-Sep-2026,6140,INE406M01024
ESABINDIA,EQ,5604.5,5656.5,5476,5528,5518,5604.5,3824,21166577.00,24-Sep-2026,1316,INE284A01012
ESAFSFB,BE,40.51,42.4,39.57,40.82,40.66,40.69,1751479,72493470.43,24-Sep-2026,2641,INE818W01011
ESCONET,ST,216.15,216.15,208,209.95,211.95,216.2,10000,2099440.00,24-Sep-2026,24,INE0RQZ01017
ESCORTS,EQ,2804,2861.9,2789.1,2822.9,2831,2796.9,321127,906699209.00,24-Sep-2026,38822,INE042A01014
ESDS,EQ,1724,1859.2,1704.05,1853.15,1858,1770.7,2468558,4503062822.65,24-Sep-2026,98848,INE0DRI01029
ESSARSHPNG,EQ,16.37,16.43,16.08,16.18,16.24,16.38,82898,1345633.45,24-Sep-2026,444,INE122M01019
ESFL,SM,121.1,121.1,118.1,119.05,118.1,123.2,8640,1036476.00,24-Sep-2026,16,INE0ITO01014
ESTER,EQ,88,88.51,84.91,86.89,86.1,88.32,100440,8720591.56,24-Sep-2026,1378,INE778B01029
ETERNAL,EQ,338.7,343.6,333.55,335.5,335.5,342.65,14989187,5080825641.70,24-Sep-2026,217489,INE758T01015
ETHOSLTD,EQ,2675.2,2697,2575,2605.7,2576,2660.2,91793,240083807.50,24-Sep-2026,13170,INE04TZ01018
EUREKAFORB,EQ,379.9,379.9,368.6,375.1,375,378.45,223143,83342728.10,24-Sep-2026,10877,INE0KCE01017
EIFFL,BE,266.45,266.45,266.4,266.4,266.4,261.25,660,175848.20,24-Sep-2026,13,INE546V01010
EUROBOND,EQ,151,152.9,148.5,148.57,152,152.22,704,106306.95,24-Sep-2026,35,INE505V01016
EUROPRATIK,EQ,220,220.45,211,211.65,211.15,220.15,192201,41394100.45,24-Sep-2026,4969,INE198501012
EUROTEXIND,BE,11.2,12.23,11.07,12.21,12.21,11.65,10861,125645.29,24-Sep-2026,69,INE022C01012
EVEREADY,EQ,325,328.1,324.5,326.05,328.1,328.5,25369,8266969.60,24-Sep-2026,1195,INE128A01029
EVERESTIND,BE,449.9,449.9,425.6,431.75,430,445.65,5495,2386002.00,24-Sep-2026,121,INE295A01018
EKC,EQ,111,115,110.37,111.5,111.9,113.66,1474664,165993830.18,24-Sep-2026,16329,INE184H01027
EXCELINDUS,EQ,968,969.9,943,950,965,963.3,8092,7724658.80,24-Sep-2026,984,INE369A01029
EXCELLENT,ST,194,203,190.55,190.55,190.55,195,16000,3202880.00,24-Sep-2026,10,INE0Y4801011
EXCELSOFT,EQ,80.2,85,80.18,81.69,81.75,80.94,1877150,156453799.26,24-Sep-2026,17021,INE606N01019
EXICOM,EQ,166.95,166.95,163,164.64,164,168.09,700884,115331102.10,24-Sep-2026,8473,INE777F01014
EXIDEIND,EQ,426,436.8,421.9,426.55,426,425.95,3273879,1406663357.85,24-Sep-2026,59403,INE302A01020
EXIMROUTES,SM,88,97.1,88,90.1,97.1,90.6,217600,19817680.00,24-Sep-2026,23,INE19I001020
EXPLEOSOL,EQ,872.45,884.7,862,871.55,873,872.45,10007,8743345.80,24-Sep-2026,1241,INE201K01015
EXXARO,EQ,6.3,6.3,6.16,6.24,6.25,6.27,102930,641937.20,24-Sep-2026,267,INE0GFE01026
FABTECH,EQ,146.64,148.5,145.02,146.47,146.9,148.64,41003,6006514.32,24-Sep-2026,609,INE0HF201011
FACT,EQ,795,795,775.85,777.8,778.5,796.7,86883,68052673.15,24-Sep-2026,5627,INE188A01015
FAIRCHEMOR,BE,630,657.95,630,657.95,657.95,626.65,11704,7644351.40,24-Sep-2026,666,INE0DNW01011
FASCINATE,SM,57.95,58.05,54.15,58.05,58.05,55.3,423200,24437920.00,24-Sep-2026,328,INE1Q2D01019
FAZE3Q,EQ,444,444,421,422,422.1,438.05,16274,6976737.10,24-Sep-2026,754,INE963C01033
FCSSOFT,EQ,1.36,1.37,1.33,1.33,1.34,1.36,2041112,2753725.03,24-Sep-2026,1228,INE512B01022
FDC,EQ,348.9,353.15,343.5,345.7,345.25,349.95,159649,55262877.75,24-Sep-2026,6716,INE258B01022
FEDFINA,EQ,151.01,154.48,150.25,152.71,152.4,153.42,956440,145836140.43,24-Sep-2026,14086,INE007N01010
FEDDERSHOL,EQ,68.01,69.75,63.5,64.71,64.45,67.22,9579140,632697116.71,24-Sep-2026,37792,INE417D01020
FEDERALBNK,EQ,328,332.7,325.95,329.5,329.5,331.3,6031916,1986405301.20,24-Sep-2026,78222,INE171A01029
FMGOETZE,EQ,452.95,472.2,448.25,468.45,467,453.55,295065,135946314.55,24-Sep-2026,8183,INE529A01010
FELIX,SM,208.5,208.5,201.6,202.15,201.6,204.3,47500,9730775.00,24-Sep-2026,43,INE901X01013
FERMENTA,EQ,482.2,511.65,460,478.05,471.3,475.5,580390,286239300.25,24-Sep-2026,19638,INE225B01021
FIBERWEB,EQ,26.69,28.68,25.9,26.57,26.51,26.48,40274,1085609.68,24-Sep-2026,406,INE296C01020
FIDEL,SM,175,175.25,175,175,175,175.25,3000,525250.00,24-Sep-2026,3,INE0LQQ01019
FIEMIND,EQ,1929.7,1935,1903.5,1917.2,1916.1,1924.5,53114,101815886.40,24-Sep-2026,9327,INE737H01014
FILATFASH,EQ,0.19,0.19,0.18,0.18,0.18,0.18,47083777,8944670.33,24-Sep-2026,1454,INE185E01021
FILATEX,EQ,107.42,108.75,104.41,105.32,105.5,108.72,4644101,493278549.85,24-Sep-2026,25559,INE816B01035
FINBUD,SM,113,123.45,113,121.7,121.3,114.5,35000,4225800.00,24-Sep-2026,31,INE0EDU01014
FINEORG,EQ,5059,5124,4968,5062.5,5076,5096.5,21083,106742367.50,24-Sep-2026,6597,INE686Y01026
FCL,EQ,56.55,58.42,55.13,56.07,56.28,56.81,19880015,1127340351.26,24-Sep-2026,64395,INE045J01034
FINKURVE,EQ,69.2,71,69.1,70.18,70.5,70.12,15875,1108608.73,24-Sep-2026,407,INE734I01027
FINOPB,EQ,132.1,132.68,129,129.28,129.21,132.68,213176,27737451.64,24-Sep-2026,2720,INE02NC01014
FINCABLES,EQ,1465,1490.9,1450.1,1480,1480,1470.2,791508,1170476759.10,24-Sep-2026,41256,INE235A01022
FINPIPE,EQ,154,155.2,151.88,154.04,154.15,154.16,343672,52685566.08,24-Sep-2026,6770,INE183A01024
FSL,EQ,267.85,267.95,261,262.15,261.25,267.85,468349,123507609.15,24-Sep-2026,14192,INE684F01012
FISCHER,EQ,34.98,35.01,33.86,34.23,34.4,35.03,505113,17353538.21,24-Sep-2026,3210,INE771F01041
FIVESTAR,EQ,540,540,516.35,524.85,525,549.7,1610174,848831416.45,24-Sep-2026,56388,INE128S01021
FLAIR,EQ,238.99,248,237.26,242.96,243.95,240.79,132147,32127350.58,24-Sep-2026,4239,INE00Y201027
FLEXITUFF,BE,2.73,2.78,2.73,2.77,2.77,2.73,10204,27905.12,24-Sep-2026,13,INE060J01017
FLYSBS,SM,669,669,650.1,654.4,659,667.2,30000,19652750.00,24-Sep-2026,99,INE0VCK01011
FWSTC,SM,162,170,161,162,162,170,51000,8225700.00,24-Sep-2026,11,INE0SQZ01015
FOCUS,BE,59.61,60.74,57.9,58.24,58.79,60.1,54024,3182670.17,24-Sep-2026,373,INE593W01028
FONEBOX,ST,159.7,159.7,152.1,159.7,159.7,152.1,69000,11001200.00,24-Sep-2026,50,INE0Q4701019
FOODSIN,EQ,53.15,53.5,52.6,52.98,52.96,53.41,69602,3696435.33,24-Sep-2026,391,INE976E01023
FORCAS,ST,220,228,218,220.05,220,220,38400,8573520.00,24-Sep-2026,24,INE0U2501017
FORCEMOT,EQ,17300,17456,17112,17142,17142,17352,56971,982229122.00,24-Sep-2026,14688,INE451A01017
FORGEAUTO,SM,101.95,102,101,101,101,103,4800,488340.00,24-Sep-2026,4,INE0YKW01013
FORTIS,EQ,891.6,897.15,877.35,877.35,877.35,894,906861,805479552.80,24-Sep-2026,34122,INE061F01013
FOSECOIND,EQ,6555,6648,6440,6477,6475,6555,9084,59310063.00,24-Sep-2026,3009,INE519A01011
FRACTAL,EQ,758,758.95,745.4,749.25,746.4,761.65,173105,130144371.90,24-Sep-2026,14659,INE212S01015
FREDUN,EQ,1394,1400.8,1352.7,1360.3,1367,1394,30132,41396276.40,24-Sep-2026,3277,INE194R01017
FRESHARA,ST,405,409,398,404.35,407.85,406,13200,5325420.00,24-Sep-2026,20,INE0SFW01015
FROG,SM,266.95,277.95,261.1,268.95,271.4,267.1,29200,7884780.00,24-Sep-2026,67,INE385O01018
FRONTSP,EQ,1451.8,1569.8,1451.8,1510.4,1490.1,1394.6,1615746,2453990351.20,24-Sep-2026,110705,INE572D01014
NYKAA,EQ,337.35,343.9,333.05,335.3,335.3,340.85,3775285,1281055620.20,24-Sep-2026,37978,INE388Y01029
UTLSOLAR,EQ,443.85,443.85,428.3,433.4,434.5,446.1,205916,89361737.50,24-Sep-2026,10713,INE12UR01024
FUSION,EQ,184,184,176.01,176.8,176.78,184.2,456966,81646390.44,24-Sep-2026,8262,INE139R01012
FLFL,BZ,1.13,1.16,1.12,1.14,1.15,1.13,5239,5966.36,24-Sep-2026,46,INE452O01016
FEL,BZ,0.36,0.37,0.36,0.36,0.37,0.36,119323,43292.68,24-Sep-2026,100,INE623B01027
FELDVR,BZ,2.13,2.13,1.99,2.07,2.07,2.09,3806,7866.54,24-Sep-2026,15,IN9623B01058
FMNL,EQ,8.12,8.36,7.7,8.09,8.1,8.1,76249,608876.17,24-Sep-2026,176,INE360L01017
GMBREW,EQ,968,978.3,952,967.25,967,968.3,51293,49607613.05,24-Sep-2026,4024,INE075D01018
GRINFRA,EQ,820.05,822.95,798.3,810.3,812.95,825.65,26306,21295118.70,24-Sep-2026,3942,INE201P01022
GTECJAINX,EQ,27.18,27.99,26.11,26.48,26.14,28.07,5666,152623.58,24-Sep-2026,109,INE586X01012
GABRIEL,EQ,1415,1436.6,1389.2,1397.3,1401,1428.1,329569,465390975.40,24-Sep-2026,17834,INE524A01029
GATECH,BE,0.73,0.73,0.73,0.73,0.73,0.76,5313371,3878760.83,24-Sep-2026,3429,INE224E01028
GATECHDVR,BE,0.49,0.49,0.47,0.47,0.48,0.48,156220,74976.76,24-Sep-2026,151,INE224E01036
GAIL,EQ,172.1,173.85,171.84,173.85,173.85,172.95,6183667,1068670958.87,24-Sep-2026,37105,INE129A01019
GAJA,EQ,148.8,148.8,145.15,145.94,146,150.04,448375,65892927.50,24-Sep-2026,7790,INE18UN01038
GALAPREC,EQ,1164.2,1179.5,1111,1117.1,1114.2,1164.2,74133,84631948.90,24-Sep-2026,7573,INE0RE001014
GML,SM,17.8,17.8,16.95,16.95,16.95,17.8,8000,139100.00,24-Sep-2026,4,INE09A801015
GALAXYSURF,EQ,2205,2267.7,2194.7,2246.6,2247.9,2222,35010,78529527.50,24-Sep-2026,7313,INE600K01018
GALLANTT,EQ,550,556.4,542.55,545.25,545,556.45,40560,22276440.45,24-Sep-2026,2876,INE297H01019
GANDHAR,EQ,266,267.85,261.7,262.7,263.2,268.4,311752,82430459.80,24-Sep-2026,4784,INE717W01049
GANDHITUBE,EQ,994.75,994.75,967.4,979.1,980.6,995.05,14867,14568050.55,24-Sep-2026,1433,INE524B01027
GANESHBE,BE,128.5,132,125,126.49,126.55,131.08,196757,25006072.99,24-Sep-2026,692,INE388A01029
GANESHCP,EQ,164.97,166.13,161.49,161.92,162,164.48,179057,29156486.04,24-Sep-2026,2702,INE652V01016
GGBL,SM,220,224,215.6,218.3,219.1,224.7,17400,3798630.00,24-Sep-2026,51,INE0R8C01018
GANESHHOU,EQ,746.1,746.1,725,736.85,736.9,746.1,50131,36943761.10,24-Sep-2026,1688,INE460C01014
GANESHIN,SM,91,93.85,90.85,91,91,92.65,57600,5287920.00,24-Sep-2026,56,INE0TVT01024
GANECOS,EQ,1035,1048.4,1000,1014,1009,1036.6,83366,85491697.40,24-Sep-2026,5507,INE845D01014
GANGAFORGE,EQ,1.56,1.57,1.51,1.52,1.53,1.55,2658153,4090525.13,24-Sep-2026,1304,INE691Z01023
GANGESSECU,EQ,114.5,116.98,112,112.1,112.1,115.63,2357,266848.41,24-Sep-2026,61,INE335W01016
GRSE,EQ,2365,2369.3,2333.5,2344,2353.9,2380.6,197066,463549863.30,24-Sep-2026,16281,INE382Z01011
GARUDA,EQ,183.39,183.9,176.97,178.21,177.9,184.48,333762,59962156.58,24-Sep-2026,6321,INE0JVO01026
GRWRHITECH,EQ,6484.5,6484.5,6260,6342.5,6450,6537.5,58487,371046878.50,24-Sep-2026,13233,INE291A01017
GARFIBRES,EQ,783,799.9,764.05,781.95,785,787.15,36667,28647863.50,24-Sep-2026,5837,INE276A01018
GATEWAY,EQ,52.5,52.98,52.2,52.37,52.33,52.67,421697,22142544.88,24-Sep-2026,3846,INE079J01017
GAUDIUMIVF,EQ,119.7,123,114.61,115.85,115.8,117.69,292066,34356188.82,24-Sep-2026,4697,INE0P8B01020
GAYAHWS,EQ,1.87,1.9,1.85,1.85,1.85,1.88,188295,352360.57,24-Sep-2026,267,INE287Z01012
GAYAPROJ,EQ,24,24.47,22.97,23.01,23.09,24.17,1415515,33421728.01,24-Sep-2026,3322,INE336H01023
GRCL,SM,572,572.1,572,572,572,546,1000,572025.00,24-Sep-2026,4,INE0LVM01018
GVPIL,EQ,685,688,653,659.4,661.9,686.3,156642,104253087.70,24-Sep-2026,6771,INE878A01011
GVT&D,EQ,4372.1,4405,4286.3,4286.3,4286.3,4417,337791,1470239481.90,24-Sep-2026,49389,INE200A01026
GEECEE,BE,375.5,377.75,360,371.95,371.95,377.95,3987,1444101.70,24-Sep-2026,78,INE916G01016
GEEKAYWIRE,EQ,33.41,33.66,33.2,33.41,33.5,33.25,152650,5092818.54,24-Sep-2026,877,INE669X01032
GEMAROMA,EQ,154.2,157.6,150.25,155.18,155.99,154.94,47069,7227046.44,24-Sep-2026,1312,INE06XZ01023
GICRE,EQ,341.95,344.05,338.05,339.25,339.4,344.15,334321,113812345.10,24-Sep-2026,9349,INE481Y01014
GENCON,EQ,39.65,40.1,38.15,38.65,38.18,39.31,408402,16025263.21,24-Sep-2026,1002,INE854S01022
GENESYS,EQ,280.79,302,276.26,283.18,283,281.62,1214456,353291934.86,24-Sep-2026,24246,INE727B01026
GENSOL,BZ,16.95,17.2,16.4,17.04,17.12,16.77,48447,812109.30,24-Sep-2026,384,INE06H201014
GENUSPAPER,EQ,11.21,11.48,11.07,11.2,11.16,11.34,50058,561783.19,24-Sep-2026,228,INE949P01018
GENUSPOWER,EQ,308,321.3,304.75,306.6,307.95,308.35,2744915,857831072.40,24-Sep-2026,41748,INE955D01029
GENXAI,SM,75,75.7,72,72.15,72.15,75.4,20400,1508460.00,24-Sep-2026,13,INE1W0N01014
GEOJITFSL,EQ,80.8,80.8,78.5,79.17,78.52,81.98,478340,37856235.20,24-Sep-2026,5433,INE007B01023
GFLLIMITED,EQ,56.74,57,53.57,54.93,55.3,56.74,70943,3896357.11,24-Sep-2026,1017,INE538A01037
GHCL,EQ,430,430,419,421.3,421,424,167377,71031857.70,24-Sep-2026,4779,INE539A01019
GHCLTEXTIL,EQ,134.49,138.82,132.21,135.34,135,134.61,563475,76687810.71,24-Sep-2026,13487,INE0PA801013
GICHSGFIN,EQ,138.98,139.9,137.02,137.96,137.5,139.48,76031,10497899.34,24-Sep-2026,997,INE289B01019
GILLANDERS,EQ,105.96,106.49,101,103.76,103,104.91,2856,294509.63,24-Sep-2026,93,INE047B01011
GILLETTE,EQ,7094,7145,7032.5,7118.5,7113,7094,16115,114523035.50,24-Sep-2026,4636,INE322A01010
GINNIFILA,BE,42.6,43.4,41.75,42.39,42.8,42.95,2644,112787.43,24-Sep-2026,32,INE424C01010
GIRIRAJ,SM,78,78.1,70.75,70.75,70.75,74.45,5000,368650.00,24-Sep-2026,15,INE614Z01017
GKENERGY,EQ,126.5,126.9,124,124.69,124.28,127.14,211202,26385608.27,24-Sep-2026,2585,INE1AG301022
GKB,EQ,74,74,66.71,67.68,67.2,69.73,2440,166107.81,24-Sep-2026,93,INE265D01015
GKWLIMITED,EQ,1602.9,1605,1561.4,1561.4,1561.4,1605,224,358678.10,24-Sep-2026,11,INE528A01020
GLAND,EQ,2896,2933.2,2875.1,2897.4,2886,2910.2,327302,953370840.00,24-Sep-2026,28363,INE068V01023
GLASSWALL,EQ,287,287,260.27,272.07,274.5,286.41,12703984,3473741340.99,24-Sep-2026,115717,INE644Q01039
GLAXO,EQ,2874,2880,2815,2829.2,2829.6,2876.9,17953,51123030.20,24-Sep-2026,3561,INE159A01016
GLENMARK,EQ,2460,2470,2422,2430.4,2430.4,2475,453221,1108929756.10,24-Sep-2026,29669,INE935A01035
GLOBAL,EQ,134.45,143,134.01,141,140.99,134.45,873103,121752894.05,24-Sep-2026,9573,INE291W01037
MEDANTA,EQ,1490,1513,1479.1,1506.2,1503,1496.1,171482,257374572.00,24-Sep-2026,12148,INE474Q01031
GSLSU,EQ,32.5,33,30.81,31.98,32,32.43,138130,4407210.88,24-Sep-2026,1252,INE0JSX01015
GLOBALVECT,EQ,139.5,139.5,133.3,135.89,137,137.46,6163,846280.72,24-Sep-2026,200,INE792H01019
GLOBALE,EQ,11.39,11.64,10.78,10.8,10.8,11.34,4654,50673.72,24-Sep-2026,24,INE0URU01010
GLOBECIVIL,EQ,44,44.99,42.62,43.18,43.01,44.18,9764,425885.88,24-Sep-2026,248,INE0V3U01015
GLOBE,EQ,2.28,2.33,2.21,2.26,2.27,2.24,764992,1736965.89,24-Sep-2026,394,INE581X01021
GICL,BE,22.5,23.99,22.35,23.5,23.98,23.33,160774,3664776.10,24-Sep-2026,168,INE947T01022
GSTL,SM,11.45,11.95,11.45,11.95,11.95,12.05,8000,92100.00,24-Sep-2026,7,INE00WS01056
GLOBUSSPR,EQ,828,856.8,824.05,836.5,837,829.1,99347,83615190.30,24-Sep-2026,6564,INE615I01010
GLOSTERLTD,EQ,578,579.8,570.1,572,572,578,420,241245.85,24-Sep-2026,56,INE350Z01018
GLOTTIS,EQ,58.48,69.72,57.51,63.36,63.3,58.1,791242,51503532.62,24-Sep-2026,7344,INE0TQE01026
GMMPFAUDLR,EQ,1415,1491.1,1415,1475.4,1478,1432.6,403019,593427971.70,24-Sep-2026,29003,INE541A01023
GMRAIRPORT,EQ,98.58,99.59,97.11,97.35,97.35,99.14,10723487,1057002863.35,24-Sep-2026,30361,INE776C01039
GMRP&UI,EQ,97,103,96.34,101.41,101.1,98.13,3555672,355219396.70,24-Sep-2026,23457,INE0CU601026
GNA,EQ,601.5,648,590,620.45,617.3,596.65,7316206,4585862051.20,24-Sep-2026,165697,INE934S01014
EBGNG,EQ,711.6,712.05,674.1,676.65,679.9,715.15,778533,535337460.35,24-Sep-2026,35510,INE18JU01028
GODIGIT,EQ,240,253.45,236.15,250.3,252,245,4077269,1004759751.70,24-Sep-2026,64822,INE03JT01014
GOCOLORS,EQ,315.05,323.9,311.6,318.35,317.35,317.55,85831,27266073.30,24-Sep-2026,3247,INE0BJS01011
GOACARBON,EQ,399.05,409.8,399,404.75,406.25,402.35,18901,7648387.50,24-Sep-2026,1133,INE426D01013
GOCLCORP,EQ,385.95,398.2,377,380.25,384.95,392.75,198301,76507446.55,24-Sep-2026,6921,INE077F01035
GODAVARIB,EQ,238.9,242,234.5,238.65,241.83,239.43,69191,16406570.85,24-Sep-2026,1778,INE497S01012
GPIL,EQ,234,234.88,228.1,229.78,229,234.68,836832,193832098.19,24-Sep-2026,10626,INE177H01039
GODFRYPHLP,EQ,1999.9,1999.9,1965.5,1974,1974,2003,91758,181940093.20,24-Sep-2026,7872,INE260B01028
GODREJAGRO,EQ,671,698.4,666.55,676.05,675.6,670.05,851491,584066703.70,24-Sep-2026,38022,INE850D01014
GODREJCP,EQ,875.5,884.7,871.2,875,875,879.75,692739,607579291.90,24-Sep-2026,14960,INE102D01028
GODREJIND,EQ,1102,1109.1,1085.3,1099,1091,1106,38073,41850914.10,24-Sep-2026,4465,INE233A01035
GODREJPROP,EQ,1680,1707.9,1665.7,1671.2,1671.2,1707.6,481036,810069228.00,24-Sep-2026,27738,INE484J01027
620GS2029,GS,99.01,99.01,99.01,99.01,99.01,99,100,9901.00,24-Sep-2026,1,IN0020260058
664GS2027,GS,101.6,101.6,101.6,101.6,101.6,101.5,100,10160.00,24-Sep-2026,1,IN0020240167
679GS2034A,GS,99.7,99.7,98,99.01,99.7,100.02,498,49310.60,24-Sep-2026,3,IN0020240159
692GS2039,GS,99,99,99,99,99,99,100,9900.00,24-Sep-2026,1,IN0020240134
709GS2074,GS,95.5,95.5,94.75,94.95,94.81,95.25,7010,666520.39,24-Sep-2026,21,IN0020240142
574GS2026,GS,102.05,102.05,102.05,102.05,102.05,101.2,472,48167.60,24-Sep-2026,5,IN0020210186
610GS2031,GS,99.99,99.99,99.99,99.99,99.99,99.99,1,99.99,24-Sep-2026,1,IN0020210095
622GS2035,GS,93.63,93.63,93.63,93.63,93.63,93.43,4,374.52,24-Sep-2026,1,IN0020200245
636GS2031,GS,99.5,99.5,98,99.2,99.2,99,1658,164354.96,24-Sep-2026,8,IN0020250141
648GS2035,GS,98,98,97.9,97.9,97.9,98,550,53845.30,24-Sep-2026,2,IN0020250091
654GS2032,GS,99,99,99,99,99,99.5,1,99.00,24-Sep-2026,1,IN0020210244
664GS2035,GS,99.2,99.2,99.2,99.2,99.2,98,1,99.20,24-Sep-2026,1,IN0020210020
667GS2050,GS,93.51,93.51,93.51,93.51,93.51,93,100,9351.00,24-Sep-2026,1,IN0020200252
668GS2040,GS,97.95,97.95,97.1,97.1,97.1,97.4,70,6829.60,24-Sep-2026,8,IN0020250042
676GS2061,GS,89.75,89.75,89.55,89.74,89.74,89.54,18410,1651321.83,24-Sep-2026,34,IN0020200401
68GS2060,GS,92.2,92.2,91.3,91.5,91.6,91.8,305,27890.46,24-Sep-2026,20,IN0020200187
690GS2065,GS,93.95,93.95,93.32,93.33,93.33,93.97,8829,825552.53,24-Sep-2026,18,IN0020250018
694GS2036,GS,101.09,101.09,101.09,101.09,101.09,102.71,100,10109.00,24-Sep-2026,1,IN0020260025
695GS2061,GS,93.3,93.3,93.24,93.25,93.25,93,9,839.33,24-Sep-2026,6,IN0020210202
699GS2051,GS,95.6,95.6,93.87,93.87,93.87,95.5,502,47987.74,24-Sep-2026,2,IN0020210194
702GS2027,GS,102.21,102.21,102.21,102.21,102.21,102.21,1000,102210.00,24-Sep-2026,1,IN0020240043
704GS2029,GS,102.66,102.66,102.66,102.66,102.66,102.23,1000,102660.00,24-Sep-2026,1,IN0020240050
706GS2028,GS,103.75,103.75,103.75,103.75,103.75,104.3,700,72625.00,24-Sep-2026,1,IN0020230010
709GS2054,GS,93.5,96.25,93.5,95.5,95.5,95.66,26305,2516498.28,24-Sep-2026,21,IN0020240118
718GS2033,GS,104,104,103.4,103.4,103.4,102.5,300,31080.00,24-Sep-2026,2,IN0020230085
718GS2037,GS,101.7,102.78,101.7,101.72,101.7,103.2,17100,1741754.46,24-Sep-2026,17,IN0020230077
724GS2055,GS,97.1,97.1,96.75,96.75,96.75,97.7,10688,1037307.97,24-Sep-2026,15,IN0020250075
725GS2063,GS,97.3,97.3,96.75,96.82,96.84,97.14,25576,2477847.38,24-Sep-2026,64,IN0020230044
726GS2032,GS,107.1,107.1,107.1,107.1,107.1,102,1,107.10,24-Sep-2026,1,IN0020220060
726GS2033,GS,102.5,102.5,101.48,101.99,101.99,102,3211,326398.50,24-Sep-2026,6,IN0020220151
73GS2053,GS,98.6,98.69,98,98.6,98.6,98.74,22649,2233979.14,24-Sep-2026,14,IN0020230051
732GS2030,GS,103.55,103.55,103.55,103.55,103.55,103.55,1050,108727.50,24-Sep-2026,2,IN0020230135
733GS2026,GS,102.4,102.4,102.04,102.4,102.4,102.5,700,71644.00,24-Sep-2026,4,IN0020230119
734GS2064,GS,99.24,99.24,98.91,98.95,99,99.4,69141,6846687.85,24-Sep-2026,36,IN0020240035
736GS2052,GS,95.51,99.25,95.51,96.6,96.6,99.25,5121,489175.85,24-Sep-2026,4,IN0020220086
737GS2028,GS,103.75,105.98,103.75,104.1,104.1,105.1,1752,183309.70,24-Sep-2026,10,IN0020230101
74GS2062,GS,99.9,99.9,97.1,98,98,99.5,1336,132024.65,24-Sep-2026,19,IN0020220094
741GS2036,GS,104.43,104.43,103.35,103.5,103.5,103.15,12323,1275865.93,24-Sep-2026,17,IN0020220102
743GS2076,GS,98.2,99.39,98.11,98.25,98.75,98.9,45029,4440675.24,24-Sep-2026,61,IN0020250117
746GS2073,GS,103.99,103.99,103.99,103.99,103.99,102.99,1,103.99,24-Sep-2026,1,IN0020230127
750GS2056,GS,101.93,102,101.93,102,102,101.92,600,61193.00,24-Sep-2026,2,IN0020260017
754GS2036,GS,105.75,105.75,104.8,105.1,105.1,105.68,243971,25695054.48,24-Sep-2026,253,IN0020220029
763GS2056,GS,98.32,100,98.32,100,100,100,1600,158320.00,24-Sep-2026,3,IN0020260082
771GS2066,GS,104.75,104.8,104.75,104.8,104.8,104.4,1100,115255.00,24-Sep-2026,3,IN0020260033
710GS2029,GS,102.21,103.5,102.21,103.5,103.5,104.84,100,10285.50,24-Sep-2026,3,IN0020220011
719GS2060,GS,95.2,95.2,95.2,95.2,95.2,95.2,5000,476000.00,24-Sep-2026,8,IN0020200039
738GS2027,GS,102.9,102.9,102.41,102.6,102.6,102.7,48793,5006073.81,24-Sep-2026,24,IN0020220037
74GS2035,GS,101.01,103,101.01,103,103,102.5,200,20401.00,24-Sep-2026,2,IN0020050012
757GS2033,GS,103.7,103.7,103.7,103.7,103.7,105.45,1000,103700.00,24-Sep-2026,2,IN0020190065
772GS2055,GS,103.5,103.5,103.5,103.5,103.5,103.5,100,10350.00,24-Sep-2026,1,IN0020150077
795GS2032,GS,105.7,105.7,104.17,105,105,104.14,2000,210390.70,24-Sep-2026,9,IN0020020106
824GS2027,GS,101.65,101.65,101.65,101.65,101.65,101.7,500,50825.00,24-Sep-2026,3,IN0020060078
92GS2030,GS,115.1,115.1,113.01,113.19,113.1,114.5,10657,1215613.82,24-Sep-2026,12,IN0020130053
182D081026,TB,99.21,99.5,99.21,99.5,99.5,98.97,200,19871.00,24-Sep-2026,2,IN002026Y014
182D140127,TB,98,98,98,98,98,98.12,100,9800.00,24-Sep-2026,1,IN002026Y154
364D100627,TB,95.07,95.07,95.07,95.07,95.07,94.83,4700,446829.00,24-Sep-2026,3,IN002026Z102
364D121126,TB,99,99,99,99,99,98.76,500,49500.00,24-Sep-2026,1,IN002025Z336
91D031226,TB,98.91,98.91,98.91,98.91,98.91,98.91,100,9891.00,24-Sep-2026,1,IN002026X222
91D291026,TB,99.32,99.32,99.32,99.32,99.32,99.32,400,39728.00,24-Sep-2026,4,IN002026X172
GOKEX,EQ,701.1,726,688,692.85,711,710.25,240932,168714194.30,24-Sep-2026,14170,INE887G01027
GOKULAGRO,EQ,226.77,236.5,222.7,224.98,223.65,225.81,1505364,341758898.36,24-Sep-2026,20478,INE314T01033
GOKUL,EQ,40.42,40.6,39.4,39.92,39.56,40.42,137327,5550546.44,24-Sep-2026,436,INE020J01029
GOLDENTOBC,BZ,23.26,24.24,22.42,24.24,24.24,23.5,1146,26800.77,24-Sep-2026,59,INE973A01010
GOLDIAM,EQ,328.95,328.95,320,321.7,321.1,332.6,306994,99435291.95,24-Sep-2026,6433,INE025B01025
GOLDSTAR,SM,10.15,10.15,9.5,10.15,10.15,9.7,911250,9165375.00,24-Sep-2026,77,INE405Y01021
GOODLUCK,EQ,534.9,541.6,528,530.45,530,537.1,378269,201902188.50,24-Sep-2026,17477,INE127I01024
GOODYEAR,EQ,709.7,722,704.05,707.15,709.6,709.7,3213,2290073.95,24-Sep-2026,580,INE533A01012
GOPAL,EQ,263.15,265,254.1,262.55,262,262.45,225147,58423415.25,24-Sep-2026,9527,INE0L9R01028
GOYALALUM,EQ,6.08,6.08,5.84,5.93,5.93,5.92,30595,180941.59,24-Sep-2026,337,INE705X01026
GPECO,SM,398.1,398.1,385.55,389.65,390,401.7,34600,13533680.00,24-Sep-2026,128,INE0S7E01015
GULFPETRO,BE,64,65.45,63.07,63.55,64,66.38,54277,3459701.97,24-Sep-2026,350,INE586G01017
GPTHEALTH,EQ,159.25,166.8,159.25,161.73,162.5,161.5,115656,18943594.50,24-Sep-2026,3744,INE486R01017
GPTINFRA,EQ,116.15,116.41,113,113.52,113.99,116.29,109085,12488921.00,24-Sep-2026,2059,INE390G01014
GRADIENTE,BE,2.26,2.26,2.15,2.15,2.15,2.26,757135,1645288.66,24-Sep-2026,300,INE361K01017
GCHOTELS,ST,129.8,135.5,129.8,130,130,130,52200,6807870.00,24-Sep-2026,58,INE12E301017
GFSTEELS,BE,30.91,30.91,30.91,30.91,30.91,29.44,12229,377998.39,24-Sep-2026,31,INE534A01028
GRANDOAK,EQ,35.19,36,33.6,33.82,34,35.06,4199,143969.20,24-Sep-2026,135,INE926B01016
GRANULES,EQ,857,867,850.55,853,852,860.25,327434,280453864.90,24-Sep-2026,15281,INE101D01020
GRAPHISAD,SM,24,24,24,24,24,24.5,1200,28800.00,24-Sep-2026,1,INE0POU01017
GRAPHITE,EQ,817.25,824.55,803.5,814.7,816,821,1120162,913500558.10,24-Sep-2026,45187,INE371A01025
GRASIM,EQ,3151,3203.7,3150.6,3166.5,3166.5,3188.5,471338,1498088213.20,24-Sep-2026,22588,INE047A01021
GRAUWEIL,EQ,84.95,87.18,84,86.69,87.1,86.18,725531,62157511.92,24-Sep-2026,6514,INE266D01021
GRAVISSHO,BE,32.4,32.4,31.17,32.35,32.35,32.81,11821,369395.83,24-Sep-2026,70,INE214F01026
GRAVITA,EQ,1558,1560.8,1510,1515.4,1520,1561.1,229386,351876272.40,24-Sep-2026,19988,INE024L01027
GREAVESCOT,EQ,206.17,223.5,202.22,221.83,222.25,206.01,15910393,3476707983.50,24-Sep-2026,161835,INE224A01026
GREENCHEF,SM,74,74,72,73.4,73.4,74.35,7200,525920.00,24-Sep-2026,9,INE0O7P01015
GREENLAM,EQ,227.83,228.88,225.02,227,226,227.83,14418,3277773.62,24-Sep-2026,833,INE544R01021
GREENLEAF,ST,106,106,106,106,106,104.95,1000,106000.00,24-Sep-2026,1,INE0PLX01017
GREENPANEL,EQ,168,170.04,165.48,166.61,166.99,169.08,216447,36348737.65,24-Sep-2026,5340,INE08ZM01014
GREENPLY,EQ,296.35,302,294,294.3,294.55,298.4,219169,65183451.95,24-Sep-2026,8841,INE461C01038
GCSL,EQ,640,648,631.1,633.3,631.6,642.7,336550,214545986.95,24-Sep-2026,3437,INE199P01028
GRINDWELL,EQ,1966,2038,1957,1981,1994.9,1977.6,31249,62653785.00,24-Sep-2026,7339,INE536A01023
GRMOVER,EQ,81.91,81.91,78.74,79.87,79.8,81.54,1104269,87893932.17,24-Sep-2026,20377,INE192H01020
GJL,ST,368,368.55,367,368.55,368.55,351,6400,2356560.00,24-Sep-2026,8,INE1TY801010
CEMNTGROWW,EQ,14.39,14.39,14.1,14.14,14.2,14.28,55125,782608.37,24-Sep-2026,320,INF666M01PH7
GROWWCAPM,EQ,11.34,11.34,11.13,11.2,11.18,11.29,561389,6299163.52,24-Sep-2026,1184,INF666M01MM4
GROWWCHEM,EQ,29.46,29.58,29.01,29.26,29.44,29.6,53263,1558816.70,24-Sep-2026,265,INF666M01NP5
GROWWDEFNC,EQ,94.33,94.6,92.66,93.65,93.01,94.32,169368,15908920.34,24-Sep-2026,2032,INF666M01IO8
GROWWEV,EQ,31.88,31.88,31,31.17,31.03,31.5,381693,11988577.37,24-Sep-2026,1738,INF666M01IH2
GROWWGOLD,EQ,14.7,14.7,14.58,14.6,14.6,14.74,1393465,20390192.85,24-Sep-2026,3058,INF666M01OE7
GROWWHOSPI,EQ,53,53.2,52.46,52.8,52.94,53.2,178478,9433779.00,24-Sep-2026,910,INF666M01OD9
GROWWLIQID,EQ,110.88,110.88,110.51,110.87,110.88,110.86,886909,98331402.13,24-Sep-2026,246,INF666M01IP5
GROWWLOVOL,EQ,10.19,10.29,9.94,10.18,10.29,10.19,5013,50584.57,24-Sep-2026,122,INF666M01LB9
GROWWMC150,EQ,229.24,231.99,225.3,225.99,231.99,230.65,1334,304706.72,24-Sep-2026,41,INF666M01MV5
GROWWMETAL,EQ,12.91,12.91,12.27,12.37,12.45,12.6,434696,5431406.02,24-Sep-2026,1254,INF666M01NI0
GROWWMOM50,EQ,10.95,10.97,10.81,10.83,10.85,10.92,618257,6720881.57,24-Sep-2026,584,INF666M01KJ4
GROWWN200,EQ,11.15,11.25,10.92,10.97,10.97,11.15,91298,1004471.24,24-Sep-2026,354,INF666M01JV1
GROWWNET,EQ,10.95,11.15,10.43,10.47,10.5,11.15,1693767,17990610.42,24-Sep-2026,2446,INF666M01LI4
GROWWNIFTY,EQ,9.74,9.74,9.34,9.38,9.36,9.51,1867295,17533567.15,24-Sep-2026,5147,INF666M01LL8
GROWWNXT50,EQ,71,72.5,71,71.76,72.39,72.02,10276,739766.73,24-Sep-2026,165,INF666M01LZ8
GROWWPOWER,EQ,11.13,11.19,11,11.05,11.01,11.16,1471791,16291173.42,24-Sep-2026,2657,INF666M01LM6
GROWWPSE,EQ,98,98,95.85,96.61,97.46,96.84,4157,401381.57,24-Sep-2026,168,INF666M01NQ3
GROWWPSUBK,EQ,83.6,84.29,81.93,82.72,82.7,83.6,6178,513974.88,24-Sep-2026,114,INF666M01OG2
GROWWRAIL,EQ,27.06,27.11,26.81,26.88,26.91,27.07,330298,8887621.63,24-Sep-2026,2345,INF666M01JJ6
GROWWRLTY,EQ,9.68,9.86,9.52,9.59,9.6,9.74,211017,2051060.30,24-Sep-2026,531,INF666M01MN2
GROWWSC250,EQ,10.66,10.66,10.45,10.5,10.53,10.62,129244,1362725.67,24-Sep-2026,560,INF666M01MO0
GROWWSLVR,EQ,22.38,22.38,22.11,22.14,22.16,22.57,1491233,33201376.27,24-Sep-2026,2248,INF666M01OF4
PVTBKGROWW,EQ,27.89,27.89,26.9,27.01,27.05,28.03,76198,2062339.59,24-Sep-2026,246,INF666M01OT5
SMALLGROWW,EQ,48.99,49.19,48.02,48.32,48.2,49.47,7761,377970.19,24-Sep-2026,142,INF666M01PG9
GRPLTD,EQ,1951,2019,1951,1987.8,2000,2001.2,1031,2056111.30,24-Sep-2026,244,INE137I01015
GSMFOILS,SM,76,77.85,73.75,73.9,74.1,77.6,367500,27585575.00,24-Sep-2026,416,INE0SQY01018
GSPCROP,EQ,485.75,493.95,482.05,490.4,490.2,488.85,234623,114687881.45,24-Sep-2026,2331,INE713R01022
GSS,EQ,10.52,10.86,10.06,10.48,10.45,10.51,34851,365438.90,24-Sep-2026,309,INE871H01011
GTLINFRA,EQ,1.15,1.15,1.1,1.11,1.12,1.14,56159609,62870558.81,24-Sep-2026,12374,INE221H01019
GTL,EQ,7.03,7.19,6.95,6.99,7.02,7.03,130935,920651.19,24-Sep-2026,559,INE043A01012
GTPL,EQ,56.07,56.88,54.6,55.07,54.61,56.07,20897,1157534.20,24-Sep-2026,414,INE869I01013
GUFICBIO,EQ,437.45,441.95,417.6,422,424,437.45,70169,30007228.85,24-Sep-2026,3206,INE742B01025
GIPCL,EQ,190,192.28,185.05,186.42,186.01,191.64,245732,46116422.50,24-Sep-2026,6200,INE162A01010
GNFC,EQ,620,635,616,625.1,626,623.05,1155725,722885219.30,24-Sep-2026,33959,INE113A01013
GSFC,EQ,154.4,155.92,153.62,155.35,155.4,155.34,657583,101890330.21,24-Sep-2026,8298,INE026A01025
GUJAPOLLO,EQ,336.2,341,326.1,327.4,326.1,336.95,7272,2403885.80,24-Sep-2026,460,INE826C01016
GUJALKALI,EQ,630.1,633.9,617,620.8,618,633,31043,19394017.95,24-Sep-2026,2462,INE186A01019
GAEL,EQ,163,164.8,159.48,162.59,161.91,163.19,652362,106348090.38,24-Sep-2026,17649,INE036B01030
GUJENERGY,EQ,236.6,236.88,234,235.72,236,237.32,539851,127165597.98,24-Sep-2026,17073,INE844O01030
FLUOROCHEM,EQ,4476.4,4532.8,4430.3,4475.9,4471,4476.4,66948,300379517.20,24-Sep-2026,10217,INE09N301011
GKSL,EQ,177.71,179.95,170,170.85,170.8,177.71,352319,61087561.08,24-Sep-2026,5020,INE0V0W01025
GLFL,EQ,5.09,5.33,4.85,5.02,5.33,5.09,6547,32867.56,24-Sep-2026,26,INE540A01017
GMDCLTD,EQ,551,552.7,541,542.5,543,556.7,461347,252066985.35,24-Sep-2026,13033,INE131A01031
GNRL,EQ,98.6,100.7,97.75,98.11,98,98.07,338664,33261077.30,24-Sep-2026,4315,INE207H01018
GPPL,EQ,163.5,165.89,162,163.27,163.15,164.12,1245571,204003017.89,24-Sep-2026,16829,INE517F01014
GUJRAFFIA,EQ,39.6,40.99,39,39.75,39.75,40,5693,225539.39,24-Sep-2026,106,INE610B01024
GUJTHEM,EQ,413.4,423.9,406.05,410.45,412,410.75,232115,96235565.00,24-Sep-2026,7586,INE942C01045
GULFOILLUB,EQ,1093.9,1100,1074.4,1090.8,1088,1098.7,38837,42159093.10,24-Sep-2026,4380,INE635Q01029
GULPOLY,EQ,174.8,174.8,168.9,169.4,169,174.22,72219,12302840.78,24-Sep-2026,1919,INE255D01024
GVKPIL,BE,2.58,2.58,2.58,2.58,2.58,2.53,988960,2551516.80,24-Sep-2026,291,INE251H01024
GVPTECH,BE,7.5,7.89,7.5,7.81,7.85,7.55,108819,848620.15,24-Sep-2026,262,INE382T01030
GYFTR,EQ,172.41,172.41,166.78,169.67,170,168.03,46047,7791676.92,24-Sep-2026,3255,INE724A01017
HBESD,EQ,71,71,70.5,70.51,70.51,70.65,72,5079.87,24-Sep-2026,5,INE640B01021
HGINFRA,EQ,448.85,513.5,445.45,468.05,459,450.7,13068436,6355600266.75,24-Sep-2026,239020,INE926X01010
HALDER,EQ,263.9,285,244,248.75,244.15,266.15,51353,13452071.95,24-Sep-2026,2983,INE115S01010
HALDYNGL,BE,149.7,151.5,144,144.68,144.1,147.83,68600,10189121.43,24-Sep-2026,871,INE506D01020
HALEOSLABS,EQ,1510,1530,1490,1503.4,1530,1510.7,1264,1890446.50,24-Sep-2026,70,INE320X01016
HAMPTON,EQ,8.09,8.16,7.02,7.87,7.87,8.09,17570,139932.99,24-Sep-2026,92,INE299D01022
HGM,EQ,42.7,43.97,42.2,42.74,43.29,42.64,9113,394855.62,24-Sep-2026,112,INE596H01014
HAPPSTMNDS,EQ,316.65,316.65,310.5,311.6,310.5,317.7,452183,141598665.50,24-Sep-2026,14303,INE419U01012
HAPPYFORGE,EQ,2089.3,2114.2,2045.4,2084.8,2080,2099.8,49345,103319662.40,24-Sep-2026,10670,INE330T01021
HAPPY,SM,76,79,74,78.85,79,75.4,60000,4635800.00,24-Sep-2026,29,INE1GFG01011
HARDWYN,EQ,9.26,9.4,9.18,9.25,9.2,9.22,562340,5217113.21,24-Sep-2026,891,INE626Z01029
HARIOMPIPE,EQ,356,357,350,350.7,351.4,357.2,74089,26113193.20,24-Sep-2026,2179,INE00EV01017
HRYNSHP,EQ,99.5,99.5,98.01,98.02,98.02,99.52,199,19660.69,24-Sep-2026,24,INE400G01011
HARRMALAYA,EQ,178.78,178.78,174.1,174.88,174.1,178.03,7716,1361640.53,24-Sep-2026,374,INE544A01019
HARSHA,EQ,461.95,473.6,454.4,457.55,455.6,464.5,311042,144854240.05,24-Sep-2026,12841,INE0JUS01029
HATHWAY,EQ,10.1,10.1,9.92,9.96,9.97,10.1,1724774,17233674.07,24-Sep-2026,2526,INE982F01036
HATSUN,EQ,1147.1,1159.1,1131,1134.4,1138.6,1155.7,13360,15256100.50,24-Sep-2026,1812,INE473B01035
HAVELLS,EQ,1092,1102.9,1087,1090,1090,1096.5,374085,409787952.80,24-Sep-2026,23056,INE176B01034
HAWKINCOOK,EQ,8098,8135,7996,8063.5,8025,7992,1556,12509709.50,24-Sep-2026,453,INE979B01015
HAZOOR,EQ,18.99,19.4,18.14,18.53,18.85,19.05,294880,5505411.66,24-Sep-2026,1215,INE550F01049
HBPOR,EQ,61.5,61.5,60,61.39,61.39,62,98,5939.90,24-Sep-2026,17,INE638B01025
HBSL,EQ,57,57,55,55.02,55.9,55.68,2513,139278.06,24-Sep-2026,76,INE550B01022
HBLENGINE,EQ,758,777.85,747.5,775.3,775.1,764.35,1559409,1197571034.80,24-Sep-2026,41297,INE292B01021
HCL-INSYS,EQ,10.93,10.95,10.17,10.42,10.4,10.93,299474,3168568.28,24-Sep-2026,1156,INE236A01020
HCLTECH,EQ,1251,1263.3,1242.8,1243.6,1243.6,1256.7,822109,1028387983.20,24-Sep-2026,34362,INE860A01027
HDBFS,EQ,669,670.75,658,661,661.6,670.8,344057,227733067.00,24-Sep-2026,18792,INE756I01012
HDFCAMC,EQ,2427.8,2432,2380.3,2380.3,2380.3,2448.3,680651,1635552775.20,24-Sep-2026,37742,INE127D01025
HDFCBANK,EQ,725,734.85,722.7,728.9,728.9,737.25,29575194,21588697572.30,24-Sep-2026,281991,INE040A01034
HDFCGOLD,EQ,128.45,128.45,127.59,127.64,127.69,128.94,11149352,1427540216.41,24-Sep-2026,11371,INF179KC1981
HDFCLIFE,EQ,531,535.35,514,526.9,526.9,561.5,17905953,9444999289.05,24-Sep-2026,172153,INE795G01014
HDFCBSE500,EQ,36.96,36.96,36.31,36.46,36.88,36.92,1143323,41676944.53,24-Sep-2026,298,INF179KC1EZ4
HDFCGROWTH,EQ,113.01,114.15,111.26,113.14,113.18,114.12,8501,964837.25,24-Sep-2026,216,INF179KC1DJ0
HDFCLIQUID,EQ,1079.21,1079.21,1079.19,1079.2,1079.19,1079.06,69142,74618517.14,24-Sep-2026,67,INF179KC1JG3
HDFCLOWVOL,EQ,19.92,19.94,19.71,19.81,19.85,19.93,255306,5058659.60,24-Sep-2026,68,INF179KC1HU8
HDFCMID150,EQ,23.25,23.25,22.75,22.83,22.87,23.25,712472,16329890.05,24-Sep-2026,2233,INF179KC1HT0
HDFCMOMENT,EQ,30.87,30.87,30.56,30.62,30.67,30.87,902796,27829676.41,24-Sep-2026,718,INF179KC1HV6
HDFCNEXT50,EQ,73.63,73.81,73,73.2,73.4,74.12,176717,12984035.54,24-Sep-2026,777,INF179KC1HS2
HDFCNIF100,EQ,25.45,25.45,25.05,25.15,25.22,25.45,81685,2059905.30,24-Sep-2026,375,INF179KC1HR4
HDFCNIFBAN,EQ,59.59,59.59,57.03,57.22,57.33,58.14,180088,10310805.23,24-Sep-2026,639,INF179KC1HY0
HDFCNIFIT,EQ,30.27,30.44,30.05,30.14,30.25,30.26,70506,2131895.41,24-Sep-2026,397,INF179KC1IA8
HDFCNIFTY,EQ,263.61,263.61,260.5,261.05,261.65,264.65,371359,97312399.91,24-Sep-2026,1509,INF179KC1965
HDFCNIMEG,EQ,132.45,132.45,130.16,130.38,130.54,132.45,4647,608977.23,24-Sep-2026,97,INF179KC1KT4
HDFCPVTBAN,EQ,27.88,27.88,27.31,27.43,27.49,27.95,209055,5735325.04,24-Sep-2026,1023,INF179KC1HZ7
HDFCQUAL,EQ,55.79,57.43,55.79,56.43,56.73,56.93,4239,239493.15,24-Sep-2026,98,INF179KC1DL6
HDFCSENSEX,EQ,87.12,87.12,83.61,83.93,84.13,85,105623,8865982.38,24-Sep-2026,1030,INF179KC1HX2
HDFCSILVER,EQ,217.9,218.24,215.52,215.69,215.78,220.13,3155092,684365196.41,24-Sep-2026,11581,INF179KC1DI2
HDFCSML250,EQ,185.99,186.03,182.82,183.3,183.49,185.99,1751528,321725211.58,24-Sep-2026,15612,INF179KC1FB2
HDFCVALUE,EQ,121.24,121.51,119.86,120.01,121.07,122.17,22769,2750233.43,24-Sep-2026,215,INF179KC1DK8
HDFCPSUBK,EQ,84.05,84.31,83.2,83.47,83.2,84.34,21540,1805261.49,24-Sep-2026,216,INF179KC1HW4
HEADSUP,EQ,6.77,6.88,6.61,6.85,6.88,6.77,6559,44107.45,24-Sep-2026,84,INE759V01019
HEALTHX,EQ,296.35,296.35,287.9,290.65,290.95,293.3,1859,539898.90,24-Sep-2026,110,INE019J01013
HCG,EQ,714.4,714.4,698,701.05,702,712.7,28731,20264604.25,24-Sep-2026,3131,INE075I01017
HECPROJECT,EQ,115.35,117.25,114.3,115.66,117.25,115.42,3768,435249.03,24-Sep-2026,110,INE558R01013
HEGAM,EQ,239.9,243.45,231.7,235.25,236.05,237.3,1352882,320793770.25,24-Sep-2026,24522,INE545A01024
HEIDELBERG,EQ,140.98,141.5,139,139.49,139.6,141.58,141046,19777346.66,24-Sep-2026,2346,INE578A01017
HEMIPROP,EQ,120,120.37,118.41,118.83,118.55,120.91,157275,18769866.11,24-Sep-2026,2526,INE0AJG01018
HERANBA,EQ,171,174.99,168.4,172.27,172.9,171.49,38960,6682224.35,24-Sep-2026,1426,INE694N01015
HERITGFOOD,EQ,425.45,425.45,412,414.1,417,424.05,191411,80021189.05,24-Sep-2026,7834,INE978A01027
HEROMOTOCO,EQ,5331.5,5368,5294,5296,5296,5394,360294,1919506901.00,24-Sep-2026,33972,INE158A01026
HEROMOTORS,EQ,103,118.08,103,118.08,118.08,98.4,147638382,16828200953.55,24-Sep-2026,581966,INE012G01022
HESTERBIO,EQ,2237.8,2237.9,2187.1,2201.2,2196,2241.8,1381,3048923.20,24-Sep-2026,245,INE782E01017
HEXATRADEX,EQ,159.99,159.99,155.6,156.98,155.6,158.95,2011,316003.35,24-Sep-2026,73,INE750M01017
HEXAGON,BE,64.7,66.7,64.7,64.8,65,65.68,93318,6079782.19,24-Sep-2026,412,INE0JUI01012
HEXT,EQ,500,503.4,490.05,499.35,498.5,500,129020,64040213.20,24-Sep-2026,9944,INE093A01041
HFCL,BE,214.5,218.88,209.1,210.69,212,217.37,4152139,883180709.52,24-Sep-2026,30009,INE548A01028
920HFL30,N0,104609,104609,104609,104609,104609,104545,2,209218.00,24-Sep-2026,1,INE957N08151
HIGREEN,SM,108.1,129,108.1,127.9,127,107.75,66400,8075360.00,24-Sep-2026,78,INE0PIC01017
HITECH,EQ,75.01,75.79,74.4,74.84,74.6,75.86,384829,28852506.69,24-Sep-2026,3094,INE106T01025
HILINFRA,EQ,43.56,43.79,43,43.17,43.28,43.56,44392,1917825.68,24-Sep-2026,487,INE00RL01028
HIKAL,EQ,230.45,233.1,212.41,214.15,215.13,232.43,1623096,355443591.59,24-Sep-2026,34169,INE475B01022
HILTON,EQ,16.57,17.09,16.57,16.99,17,16.73,111251,1880321.16,24-Sep-2026,439,INE788H01017
HSCL,EQ,664.45,682.5,660,674.9,677.5,667.75,1849598,1249597793.90,24-Sep-2026,32132,INE019C01026
HIMATSEIDE,EQ,68.28,70.5,67.36,69.47,70.45,67.87,1816349,125406448.31,24-Sep-2026,15979,INE049A01027
HINDALUMI,EQ,94.44,95,92.5,93.15,93.93,93.78,807,75826.90,24-Sep-2026,64,INE227B01019
HINDALCO,EQ,983.5,991.9,976.5,982,982,1003.8,4331000,4256127713.50,24-Sep-2026,68623,INE038A01020
HINDCON,EQ,24.65,25.85,24.55,25.12,25.3,25.21,36583,925124.86,24-Sep-2026,340,INE642Y01029
HPIL,EQ,115.1,118.02,115.1,115.38,115.22,116.49,1947,227506.76,24-Sep-2026,96,INE05X901010
HGS,EQ,380,380.95,373,374.55,375.2,378.5,7542,2841972.60,24-Sep-2026,623,INE170I01016
HINDADH,EQ,387.9,393.5,365.1,389.3,393.5,380.4,2664,1023079.70,24-Sep-2026,89,INE074C01013
HAL,EQ,4810,4846.7,4770,4774.2,4774.2,4836,357585,1721033585.10,24-Sep-2026,25827,INE066F01020
HINDCOMPOS,EQ,394.5,394.5,378.5,381.8,380.25,389.1,673,257678.10,24-Sep-2026,169,INE310C01029
HCC,EQ,21.93,21.93,21.5,21.62,21.68,22.17,9196586,199487413.38,24-Sep-2026,16639,INE549A01026
HINDCOPPER,EQ,504.1,507.4,493.6,495.7,495.2,513,5874882,2944089301.90,24-Sep-2026,83924,INE531E01026
HNDFDS,EQ,616,622.95,608,618.25,618,621.1,38201,23639601.55,24-Sep-2026,2779,INE254N01026
HMVL,BE,78.15,78.15,74.65,75.1,74.65,78.57,34806,2616166.48,24-Sep-2026,296,INE871K01015
HINDOILEXP,EQ,174.78,175.86,170.01,172.81,174.03,173.58,462300,79683500.91,24-Sep-2026,6165,INE345A01011
HINDPETRO,EQ,356.05,358,349.3,350.4,350.4,360,3088358,1090415310.60,24-Sep-2026,31695,INE094A01015
HINDUNILVR,EQ,1940,1953,1925.5,1933.5,1933.5,1950,1257687,2431196815.80,24-Sep-2026,49784,INE030A01027
HINDZINC,EQ,585.85,594.9,581,587.15,587.15,595.45,3299611,1946312642.70,24-Sep-2026,38013,INE267A01025
HINDWAREAP,EQ,174,179.5,169.05,170.31,170.6,177.02,200038,34416535.06,24-Sep-2026,5678,INE05AN01011
HIRECT,EQ,1239,1239.9,1210.1,1219,1215.1,1239.9,25662,31389254.40,24-Sep-2026,2671,INE835D01023
HISARMETAL,EQ,155,158.8,151.5,152.75,151.5,156.13,1621,249784.32,24-Sep-2026,65,INE598C01011
POWERINDIA,EQ,31110,31245,30625,30715,30715,31150,65076,2011128460.00,24-Sep-2026,21004,INE07Y701011
HITECHCORP,BE,328.45,334.9,328.45,331.55,333,334,2563,849139.35,24-Sep-2026,32,INE120D01012
HLEGLAS,EQ,446.75,448.2,425,428.75,429,446.85,138846,60399093.25,24-Sep-2026,6264,INE461D01028
HLVLTD,EQ,6.69,6.69,6.45,6.5,6.51,6.59,118080,772439.69,24-Sep-2026,493,INE102A01024
HMAAGRO,EQ,23.5,23.58,23.05,23.22,23.32,23.61,1239989,28764649.74,24-Sep-2026,3058,INE0ECP01024
HMT,BZ,64.25,64.25,61.53,61.72,61.72,63.73,6007,374182.30,24-Sep-2026,67,INE262A01018
HOACFOODS,ST,841.8,841.8,841.8,841.8,841.8,825.3,750,631350.00,24-Sep-2026,2,INE0S6S01017
HOLMARC,SM,116.6,116.6,116.6,116.6,116.6,120,750,87450.00,24-Sep-2026,1,INE0LXA01019
HOMEFIRST,EQ,1207.2,1207.2,1153.3,1157.5,1158.9,1205.8,89649,104860404.40,24-Sep-2026,8793,INE481N01025
HONASA,EQ,483.6,492,470.1,472.95,475,484.9,677532,325076391.95,24-Sep-2026,22208,INE0J5401028
HONDAPOWER,EQ,1930,1947.5,1900.2,1905.6,1901,1931.7,2468,4723494.20,24-Sep-2026,573,INE634A01018
HONAUT,EQ,34275,34275,33200,33625,33375,34275,2109,71278195.00,24-Sep-2026,1252,INE671A01010
HORIZONIND,EQ,52.32,53.54,51.52,51.81,51.56,53.28,3423391,179059287.68,24-Sep-2026,16126,INE685T01010
HDIL,BZ,1.47,1.49,1.45,1.47,1.46,1.47,58528,85934.20,24-Sep-2026,161,INE191I01012
HPAL,EQ,36.19,36.58,35.02,35.6,35.22,35.65,27216,968579.81,24-Sep-2026,330,INE0GSL01024
HPTL,SM,490,491.7,456,456.25,456,468.3,12000,5746500.00,24-Sep-2026,19,INE0VA601019
HPL,EQ,283.9,283.9,271.05,274.35,274.6,280.55,141655,39038698.10,24-Sep-2026,4266,INE495S01016
HRHNEXT,SM,22.85,23.95,22.8,23.2,23.2,24,22500,515850.00,24-Sep-2026,12,INE0R3501012
HSBCGOLD,EQ,131,131.56,129.37,130.3,130.27,131.04,34977,4567700.15,24-Sep-2026,56,INF336L01RX2
HUDCO,EQ,176,176.4,171.15,174.32,174.75,177.92,2632690,457083886.39,24-Sep-2026,26032,INE031A01017
HTMEDIA,EQ,24.8,25,24.01,24.36,24.55,24.86,76333,1862420.26,24-Sep-2026,434,INE501G01024
HUBTOWN,EQ,175.5,176.89,172.2,173.38,172.4,177.35,90456,15771613.20,24-Sep-2026,1997,INE703H01016
HUHTAMAKI,EQ,249.6,251.9,241.15,242.45,242,250,159453,38976137.85,24-Sep-2026,4683,INE275B01026
HVAX,SM,747.7,747.7,679.4,683.9,679.4,715.15,2100,1483852.50,24-Sep-2026,12,INE0TO501019
HTEL,EQ,70.1,71.32,69,69.37,69.25,71.27,1153090,80394750.11,24-Sep-2026,9987,INE0LEG01024
HYBRIDFIN,BE,16.79,17.17,16.4,17.07,17.07,16.79,4777,80140.00,24-Sep-2026,22,INE965B01022
HYUNDAI,EQ,2077.2,2109.5,2060,2060.6,2060.6,2095,388850,810605681.40,24-Sep-2026,27686,INE0V6F01027
IGPL,EQ,590,604.7,577.5,586.4,583.05,588.95,186698,110866849.25,24-Sep-2026,6872,INE204A01010
ISTLTD,EQ,656,668,650,657.95,658,655,242,159662.40,24-Sep-2026,23,INE684B01029
IBLFL,SM,61,62,61,62,62,61,4000,246000.00,24-Sep-2026,2,INE0O7401018
ICELCO,SM,131.1,134.55,128.65,129.35,128.7,134.75,21600,2831940.00,24-Sep-2026,18,INE0XE501015
ICDSLTD,BE,61.4,61.4,58.75,59.01,58.8,59.58,1057,62822.79,24-Sep-2026,29,INE613B01010
ICEMAKE,EQ,695.2,704.65,674,677.2,675.2,699.45,45798,31460549.20,24-Sep-2026,4127,INE520Y01019
ICICIBANK,EQ,1333.1,1347.8,1330.1,1334.5,1334.5,1340,8653920,11558390704.10,24-Sep-2026,156949,INE090A01021
ICICIGI,EQ,1471.9,1583.9,1465.6,1577,1577,1500.6,2743847,4283424555.70,24-Sep-2026,101880,INE765G01017
LOWVOLIETF,EQ,21.58,21.58,21.1,21.2,21.31,21.4,628332,13353183.74,24-Sep-2026,11925,INF109KC19U5
ICICIPRULI,EQ,452,472.85,445.35,464.5,464.5,484.5,7763087,3579726421.95,24-Sep-2026,164302,INE726G01019
MIDSELIETF,EQ,19.7,19.99,19.11,19.19,19.24,19.79,672031,12972186.58,24-Sep-2026,1552,INF109KC10W0
NIF100IETF,EQ,27.35,27.35,27.08,27.15,27.21,27.43,79317,2156176.10,24-Sep-2026,1267,INF109KC16V9
NIFTYIETF,EQ,266.65,266.65,261.98,262.34,262.9,266.29,896997,236055895.59,24-Sep-2026,12791,INF109K012R6
SENSEXIETF,EQ,855.01,856.68,847.88,850.2,852.7,861.59,16831,14338665.59,24-Sep-2026,733,INF346A01034
ICICIAMC,EQ,3145,3189.5,3132.4,3169.2,3165.5,3179,160187,507068259.70,24-Sep-2026,18302,INE346A01027
GOLDIETF,EQ,128.72,128.72,127.79,127.88,127.94,129.21,5216625,669159713.28,24-Sep-2026,27734,INF109KC1NT3
NV20IETF,EQ,13.2,13.2,13.04,13.09,13.1,13.21,694370,9091598.78,24-Sep-2026,2099,INF109KC11V0
ICICIB22,EQ,111.1,113.55,111.1,112.03,112.14,113.36,272514,30528218.44,24-Sep-2026,3002,INF109KB15Y7
CASHIETF,EQ,1080.83,1080.85,1080.83,1080.84,1080.85,1080.68,272120,294120155.10,24-Sep-2026,128,INF109K1A021
EVIETF,EQ,31.75,32.47,31.19,31.42,31.52,31.76,625125,19624689.60,24-Sep-2026,874,INF109K1A153
GSEC10IETF,EQ,264.41,264.69,260.49,264.69,264.69,261.97,13,3429.53,24-Sep-2026,6,INF109KC18O0
BSE500IETF,EQ,38.72,38.72,38.13,38.29,38.28,38.72,1552777,59281466.33,24-Sep-2026,1086,INF109KC1V59
GSEC5IETF,EQ,65.95,66.33,65.65,65.69,65.65,66.1,49706,3282626.00,24-Sep-2026,59,INF109KC14A8
ALPL30IETF,EQ,27.13,27.13,26.69,26.8,26.97,27.23,154939,4170003.04,24-Sep-2026,905,INF109KC17V7
AUTOIETF,EQ,28.06,28.2,27.61,27.7,27.84,28.2,1031747,28676368.16,24-Sep-2026,2648,INF109KC10V2
PVTBANIETF,EQ,27.65,27.65,27.07,27.25,27.45,27.65,5328625,144942345.78,24-Sep-2026,2990,INF109KC18U7
COMMOIETF,EQ,98.01,98.88,96.8,96.98,97,98.01,49039,4767843.01,24-Sep-2026,1801,INF109KC19O8
CONSUMIETF,EQ,119.25,119.25,117.85,118.21,118.53,119.51,9801,1162762.45,24-Sep-2026,272,INF109KC1V42
FMCGIETF,EQ,49.71,49.71,49.03,49.2,49.31,49.71,1127021,55636167.34,24-Sep-2026,4130,INF109KC19V3
INFRAIETF,EQ,92.33,93.12,91.77,92.08,91.78,93.36,102501,9471718.88,24-Sep-2026,3555,INF109KC16E5
LIQUIDIETF,EQ,994.95,1000.01,994.95,999.99,1000,999.95,298668,298652641.73,24-Sep-2026,183,INF109KC1KT9
MIDCAPIETF,EQ,23.49,23.71,23.29,23.35,23.5,23.74,891504,20876557.64,24-Sep-2026,2824,INF109KC11W8
MOM30IETF,EQ,31.02,31.19,30.75,30.8,30.94,31.12,406652,12569939.74,24-Sep-2026,1831,INF109KC17C7
NEXT50IETF,EQ,76.48,76.48,75.5,75.59,75.78,76.47,706871,53583740.82,24-Sep-2026,6413,INF109KC1NS5
HEALTHIETF,EQ,172.89,173.5,170.33,172.12,172.29,172.89,81276,14047210.75,24-Sep-2026,1542,INF109KC1Q72
QUAL30IETF,EQ,20.31,20.33,20.11,20.17,20.21,20.33,45071,910037.28,24-Sep-2026,291,INF109KC18V5
SILVERIETF,EQ,226.57,228.1,225.38,225.62,225.84,230.09,2445772,554694932.94,24-Sep-2026,14483,INF109KC1Y56
ITIETF,EQ,32.26,32.26,30.85,31.37,31.6,31.48,500721,15766740.92,24-Sep-2026,1383,INF109KC16I6
INSUREIETF,EQ,14.58,14.94,14.57,14.89,14.94,15.21,1142256,16917023.93,24-Sep-2026,683,INF109K1A567
BANKIETF,EQ,57.41,57.65,56.97,57.06,57.18,58.02,463705,26529895.47,24-Sep-2026,2758,INF109KC15I8
METALIETF,EQ,13.67,13.67,13.1,13.11,13.14,13.34,4539278,59946217.99,24-Sep-2026,9059,INF109KC19W1
OILIETF,EQ,11.15,11.15,11.01,11.02,11.05,11.15,481405,5324685.11,24-Sep-2026,2592,INF109KC18W3
PSUBNKIETF,EQ,84.41,84.42,83.41,83.77,84.17,84.54,66563,5589355.47,24-Sep-2026,844,INF109KC10S8
SMALLIETF,EQ,18.95,18.95,18.13,18.2,18.3,18.49,101315,1858060.93,24-Sep-2026,219,INF109K1A476
TOP15IETF,EQ,9.43,9.5,9.29,9.34,9.35,9.48,559755,5232215.26,24-Sep-2026,657,INF109K1A344
VAL30IETF,EQ,14.91,14.96,14.81,14.87,14.84,15,128483,1910853.68,24-Sep-2026,657,INF109KC16X5
FINIETF,EQ,33.17,33.17,31.08,31.25,31.26,32.37,969293,30443019.77,24-Sep-2026,4167,INF109KC17L8
ICRA,EQ,4529,4568.7,4421,4442.7,4421,4533.3,42485,190756813.00,24-Sep-2026,5257,INE725G01011
IDBI,EQ,83,83.25,81.35,82.6,82.66,83.39,9378785,771343193.83,24-Sep-2026,27683,INE008A01015
IDEAFORGE,EQ,713,732.05,704,726.35,727,720.45,304604,218899160.85,24-Sep-2026,17331,INE349Y01013
IDEALTECHO,SM,85.05,92,85.05,92,92,95,2000,177050.00,24-Sep-2026,2,INE0T9I01011
IDENTICAL,SM,17.15,17.15,17.15,17.15,17.15,17.5,2000,34300.00,24-Sep-2026,1,INE0TD101011
IDFCFIRSTB,EQ,84.5,85.49,83.3,83.76,83.76,87.9,40583451,3424858591.54,24-Sep-2026,114158,INE092T01019
IFBAGRO,EQ,874.95,874.95,852.6,857.7,867,864.8,1923,1657826.70,24-Sep-2026,201,INE076C01018
IFBIND,EQ,1251,1251,1215,1222.3,1228,1258.7,26050,32059451.40,24-Sep-2026,3530,INE559A01017
IFCI,EQ,78.39,78.86,74.67,75.19,75.25,79.49,70782804,5394954541.88,24-Sep-2026,150634,INE039A01010
IFGLEXPOR,EQ,197.74,199.55,192,194.27,195,197.16,15647,3051977.50,24-Sep-2026,656,INE133Y01011
1225IFL27,N0,6162,6162,6162,6162,6162,6171,1,6162.00,24-Sep-2026,1,INE01XO07017
1225IFL28,N0,7500,7537.5,7401,7401,7401,7500,7,52438.50,24-Sep-2026,4,INE01XO07025
IGARASHI,EQ,431,431,415.1,418.35,421,431.8,42460,17889320.20,24-Sep-2026,1763,INE188B01013
852IIFL29,Y5,986,990,985,990,990,975,105,103455.00,24-Sep-2026,3,INE530B07591
885IIFL29,Y8,1020,1020,1020,1020,1020,1028,50,51000.00,24-Sep-2026,1,INE530B07575
975IIFL28,Y0,1040.2,1040.2,1040.2,1040.2,1040.2,1025.2,60,62412.00,24-Sep-2026,1,INE530B07476
IIFLCAPS,EQ,352.4,356,347.1,347.7,348.5,353.05,660308,230997753.40,24-Sep-2026,11996,INE489L01022
IIFL,EQ,624.2,631.45,615.3,617.55,618.7,633.3,929076,579423333.00,24-Sep-2026,26102,INE530B01024
IIFL06326,YC,1004.99,1004.99,1004.99,1004.99,1004.99,1004.99,200,200998.00,24-Sep-2026,2,INE530B07641
IIFL060326,YA,1022,1022,1021.5,1021.54,1022,1022,160,163470.00,24-Sep-2026,3,INE530B07583
IIFL60326,YB,1019.8,1019.8,1019.8,1019.8,1019.8,1006.2,124,126455.20,24-Sep-2026,2,INE530B07625
IKIO,EQ,207.89,208,202.75,205.03,205,207.89,115942,23742016.16,24-Sep-2026,3192,INE0LOJ01019
IL&FSENGG,BZ,42,42.4,41.5,41.52,42,42,6502,271819.87,24-Sep-2026,32,INE369I01014
IVC,EQ,7.87,7.87,7.64,7.7,7.7,7.83,209287,1626198.80,24-Sep-2026,1046,INE050B01023
IL&FSTRANS,BZ,1.88,1.89,1.84,1.87,1.88,1.83,24875,46429.25,24-Sep-2026,58,INE975G01012
IMAGICAA,EQ,52.84,52.84,50.7,51.48,51.8,52.84,595864,30706855.14,24-Sep-2026,2648,INE172N01012
IMPEXFERRO,BZ,6.02,6.02,6.02,6.02,6.02,5.91,279672,1683625.44,24-Sep-2026,271,INE691G01015
INCREDIBLE,EQ,32.11,32.91,30.53,32.38,32.28,32.08,3055,97694.65,24-Sep-2026,54,INE452L01012
IMPAL,EQ,1063,1086,1041,1056,1063.9,1059.5,2370,2505437.40,24-Sep-2026,349,INE547E01014
INDSWFTLAB,EQ,403,419.8,393.6,401.25,397.3,405.05,641089,261028519.40,24-Sep-2026,15307,INE915B01019
INDTERRAIN,EQ,29.1,30.74,28.6,29.89,29.86,29.37,21209,635728.48,24-Sep-2026,249,INE611L01021
INDBANK,EQ,26.15,27.2,25.86,26.23,26.35,26.14,55645,1462168.29,24-Sep-2026,750,INE841B01017
BAJAJINDEF,EQ,220.05,223.59,217.83,218.37,217.92,221.9,11131,2443942.93,24-Sep-2026,392,INE0O9T01021
INDGN,EQ,597.4,609.9,591.2,594.1,592.95,598.4,434449,261602639.50,24-Sep-2026,21649,INE065X01017
INDIAGLYCO,EQ,256.9,309.2,255.4,306,309.2,257.7,4841031,1445299934.50,24-Sep-2026,81593,INE560A01023
INDNIPPON,EQ,1250,1329,1250,1315.9,1317,1260.7,98115,126751897.90,24-Sep-2026,9528,INE092B01025
IPL,EQ,133.52,133.74,131.6,132.09,132.5,133.52,124508,16506500.51,24-Sep-2026,1715,INE0D6701023
INDIASHLTR,EQ,661.4,662,642.7,653.05,650,667.15,98186,63969362.05,24-Sep-2026,6519,INE922K01024
ITDC,EQ,697.5,697.5,681,685.75,686.75,702.65,82927,57042230.75,24-Sep-2026,5703,INE353K01014
IBULLSLTD,EQ,29,29.05,28.12,28.41,28.9,29.12,17487540,498413159.02,24-Sep-2026,17198,INE126M01010
INDIAMART,EQ,1657.5,1657.5,1619,1635.9,1638.9,1652.4,92462,151040004.40,24-Sep-2026,9909,INE933S01016
INDIANB,EQ,836.25,840.2,824.1,830,830,842,693067,575105966.15,24-Sep-2026,24388,INE562A01011
INDIANCARD,EQ,210,213.94,206.21,209.21,213.9,208.64,212,44258.65,24-Sep-2026,38,INE061A01014
IEML,ST,48.65,48.65,48.25,48.65,48.65,46.35,97500,4739525.00,24-Sep-2026,99,INE0RRU01016
IEX,EQ,112.32,112.5,111.04,111.2,111.2,113.16,2660046,297218894.71,24-Sep-2026,24504,INE022Q01020
INDIANHUME,EQ,366.25,372.5,359,361.5,360.45,366.25,218801,79782879.95,24-Sep-2026,2675,INE323C01030
IMFA,EQ,1260,1267.5,1229.6,1241,1243.8,1266.1,64545,80619824.30,24-Sep-2026,8010,INE919H01018
IOC,EQ,136.5,137.5,135.51,136.27,136.27,138.15,7245913,989099596.33,24-Sep-2026,45982,INE242A01010
IOB,EQ,32.09,32.13,31.81,31.92,31.91,32.13,1870230,59714132.81,24-Sep-2026,10044,INE565A01014
IPHL,SM,72.4,72.4,72.35,72.35,72.35,71.4,2400,173700.00,24-Sep-2026,2,INE0DHF01018
IRCTC,EQ,463.8,464.55,460.05,461.2,461.5,463.8,467961,215972990.60,24-Sep-2026,17897,INE335Y01020
IRFC,EQ,80.5,80.5,79.41,79.86,79.86,81,5332621,425792960.39,24-Sep-2026,34982,INE053F01010
IREDA,EQ,110,110.6,109.06,110.11,110.11,111,2509085,276016199.03,24-Sep-2026,21238,INE202E01016
IWP,EQ,35.51,36,34.2,34.29,34.2,35.34,4088,141454.51,24-Sep-2026,53,INE586E01020
INDIGOPNTS,EQ,1128,1145,1109,1117.8,1115,1140,40553,45825706.50,24-Sep-2026,5937,INE09VQ01012
INDIGRID,IV,173.8,173.8,171.3,171.98,171.5,173.47,1014345,174874387.95,24-Sep-2026,9836,INE219X23014
INDIQUBE,EQ,192.06,201,183.01,194.06,193.34,192.46,55539,10744790.85,24-Sep-2026,1962,INE06ST01018
INDOAMIN,BE,137,137,132.55,134.48,135,137.07,40745,5500712.75,24-Sep-2026,336,INE760F01028
INDOBORAX,EQ,457,466.5,447.5,452.45,453,462.55,53425,24380699.25,24-Sep-2026,3258,INE803D01021
ICIL,EQ,474.5,474.5,446.5,450.95,453.8,476.55,486239,222834885.60,24-Sep-2026,18721,INE483B01026
INDOFARM,EQ,142.6,142.6,137.42,139.17,139.99,144.03,94234,13198386.78,24-Sep-2026,1950,INE622H01018
INDORAMA,EQ,99.19,107.44,98,101.72,102.17,100,2652171,275538925.16,24-Sep-2026,30172,INE156A01020
INDOTECH,EQ,3200,3316.6,3180,3190.1,3185,3286.8,12871,41645373.10,24-Sep-2026,2871,INE332H01014
INDOTHAI,EQ,30.8,32.3,30.11,32.29,32.3,30.77,2149890,68514386.36,24-Sep-2026,5590,INE337M01021
INDOUS,EQ,81.68,81.68,77.57,78.06,78.01,78.1,2897,226795.56,24-Sep-2026,153,INE250Z01010
INDOMIM,EQ,1245,1314.45,1233.85,1311.15,1314.45,1251.9,1984666,2564798151.55,24-Sep-2026,87868,INE084101034
NIPPOBATRY,EQ,332.9,332.9,323.45,324.55,325.4,329.6,1010,328906.60,24-Sep-2026,95,INE567A01028
INDOCO,EQ,250.99,256.79,247,250.29,249,251.16,119939,30173333.26,24-Sep-2026,3980,INE873D01024
IGCL,EQ,63,63.27,61.52,62.1,62.74,63.55,68708,4290397.71,24-Sep-2026,750,INE05J901018
INDOKEM,EQ,619.85,634.8,565.25,614,630,614.9,13353,7921901.35,24-Sep-2026,841,INE716F01012
WAAREEINDO,EQ,242.95,242.95,242.95,242.95,242.95,255.7,32007,7776100.65,24-Sep-2026,548,INE866K01023
INDOSTAR,EQ,227.09,227.19,216.72,217.95,218.88,227.26,101952,22575613.53,24-Sep-2026,2478,INE896L01010
INDOWIND,EQ,8.94,9.07,8.8,8.82,8.84,8.94,87052,774137.80,24-Sep-2026,343,INE227G01018
IGL,EQ,146.5,146.62,145.1,145.74,145.73,147.09,1180776,172230261.70,24-Sep-2026,23340,INE203G01027
INDRAMEDCO,EQ,374.9,378.8,368.05,370.5,369.85,374.6,318831,118993778.25,24-Sep-2026,9610,INE681B01017
INDUSINVIT,IV,133.65,133.69,131.61,131.95,131.94,133.69,149019,19745754.55,24-Sep-2026,6554,INE0NHL23019
INDUSTOWER,EQ,382,384.85,376.55,379.85,379.85,384.8,3016883,1147173755.75,24-Sep-2026,37135,INE121J01017
INDUSINDBK,EQ,918,928.9,909.3,919.5,919.5,959.3,5861520,5388683149.60,24-Sep-2026,105228,INE095A01012
INDPRUD,EQ,6348,6348,6180,6200,6200,6225,62,384478.50,24-Sep-2026,10,INE620D01011
IITL,EQ,138.5,145.94,136.99,143.27,140.31,140.39,121783,17050104.21,24-Sep-2026,2036,INE886A01014
INFINIUM,SM,274.5,274.5,255,256.6,257.25,266.9,2500,651375.00,24-Sep-2026,5,INE0MRE01011
INFLUX,SM,280,285,280,280.5,280,283,18600,5222160.00,24-Sep-2026,23,INE0MYZ01012
NAUKRI,EQ,1232,1257.6,1202.3,1224,1224,1297,3155710,3874238947.50,24-Sep-2026,116226,INE663F01032
INFOBEAN,EQ,151,151.9,150,150.24,150.55,151.81,83242,12526243.61,24-Sep-2026,1323,INE344S01016
INFOLLION,SM,152.35,155.05,148.5,154.85,154.85,152.15,10800,1635120.00,24-Sep-2026,25,INE0NNZ01013
INFOMEDIA,EQ,5.47,5.48,5.14,5.44,5.44,5.48,24243,131875.26,24-Sep-2026,76,INE669A01022
INFY,EQ,1015,1022.8,1005.2,1014.5,1014.5,1020.5,6891893,6978951534.60,24-Sep-2026,168191,INE009A01021
INGERRAND,EQ,4227.1,4248.8,4199.7,4234.4,4238,4228.4,13267,56079454.20,24-Sep-2026,3005,INE177A01018
INNOMET,ST,280.85,280.85,280.85,280.85,280.85,286.55,18000,5055300.00,24-Sep-2026,12,INE0S1D01010
INNOVACAP,EQ,1297.6,1322.9,1272.2,1295.3,1296,1297.6,100699,131264699.60,24-Sep-2026,13814,INE0DUT01020
INNOVANA,EQ,301,301,295.1,298.85,300,299.1,63451,18908901.60,24-Sep-2026,1036,INE403Y01018
INNOVISION,EQ,254.4,257.9,254,254.2,254,257.05,7569,1931591.20,24-Sep-2026,386,INE0ADB01012
INOXGREEN,EQ,172,175.39,172,174.64,173.48,174.81,883157,153807744.87,24-Sep-2026,6704,INE510W01014
INOXINDIA,EQ,2160,2165.9,2055,2064.8,2072,2168.9,166493,349813795.40,24-Sep-2026,21533,INE616N01034
INOXWIND,EQ,74.36,75.06,72.81,73.09,73.09,75.02,9666599,714102929.62,24-Sep-2026,33560,INE066P01011
INSECTICID,EQ,604.7,608,592.45,603.65,604,608.9,17869,10762420.25,24-Sep-2026,1093,INE070I01018
INA,EQ,91.4,93.8,90.16,92.33,92.05,91.47,422040,38930260.49,24-Sep-2026,3489,INE0LGX01024
INSPIRISYS,EQ,92,92,88,89,90,91.69,4198,374842.13,24-Sep-2026,116,INE020G01017
ESSENTIA,EQ,1.04,1.05,1.02,1.03,1.03,1.03,1416593,1468285.12,24-Sep-2026,782,INE418N01035
INTEGRITY,SM,170,170,170,170,170,170.7,27600,4692000.00,24-Sep-2026,1,INE0YSH01017
INTELLECT,EQ,664,664,635,638.7,637.5,668.05,266408,172035436.95,24-Sep-2026,15718,INE306R01017
INTENTECH,EQ,83.69,85.4,80.8,82.86,82.75,83.69,21951,1811594.04,24-Sep-2026,275,INE781A01025
INTERARCH,EQ,1696,1696,1668.9,1678.6,1685,1693.1,36634,61630854.70,24-Sep-2026,4190,INE00M901018
INDIGO,EQ,4975,4975,4874.5,4890,4890,5028.5,570454,2808143096.00,24-Sep-2026,63168,INE646L01027
INM,SM,143,143,143,143,143,143,600,85800.00,24-Sep-2026,1,INE0OPC01015
INTLCONV,EQ,81.26,84,80,80.04,80.13,80.99,97825,7996147.75,24-Sep-2026,1182,INE575C01027
IGIL,EQ,327,332.45,324.1,325.25,324.8,331.65,375940,122964933.65,24-Sep-2026,13109,INE0Q9301021
ISFT,EQ,105.32,106.7,98,102.14,102,107.63,195972,20219783.79,24-Sep-2026,2351,INE566K01011
INVENTURE,EQ,0.91,0.91,0.87,0.87,0.89,0.9,1164211,1030291.84,24-Sep-2026,409,INE878H01024
IKS,EQ,1920,1940,1849,1868.3,1853.1,1937.8,366105,696141012.40,24-Sep-2026,30541,INE115Q01022
IVZINGOLD,EQ,131,131,129.5,130.05,130.4,131.25,37867,4930069.20,24-Sep-2026,415,INF205KA1BP1
IVZINNIFTY,EQ,276.2,276.2,262.73,265.8,265.8,269.47,1986,530094.27,24-Sep-2026,38,INF205KA1CC7
INVPRECQ,BE,1451.6,1451.6,1451.6,1451.6,1451.6,1423.2,8247,11971345.20,24-Sep-2026,64,INE155E01016
INVICTA,SM,70,70,70,70,70,69,1600,112000.00,24-Sep-2026,1,INE0XJ501010
IOLCP,EQ,205,212.99,201.32,203.22,201.9,206.6,3583698,742157014.33,24-Sep-2026,39375,INE485C01029
IONEXCHANG,EQ,427.1,427.45,417.25,420.55,422.3,430.1,141310,59620359.20,24-Sep-2026,10311,INE570A01022
IPRINGLTD,EQ,133.01,149,133,144.31,141.01,136.89,7350,1042895.63,24-Sep-2026,213,INE558A01019
IPCALAB,EQ,1968.9,2006.9,1962.6,1997.1,1995,1962.6,272964,544989874.60,24-Sep-2026,35765,INE571A01038
IRB,EQ,17.8,17.95,17.74,17.88,17.88,18.03,9762664,174316912.53,24-Sep-2026,19854,INE821I01022
IRBINVIT,IV,64.4,65.25,64.2,65.04,64.75,64.43,585063,37911058.54,24-Sep-2026,3632,INE183W23014
IRCON,EQ,109,109,106.06,106.6,106.5,110.13,2596498,277757575.78,24-Sep-2026,32007,INE962Y01021
880IREDA29,N5,1134,1134,1134,1134,1134,1134,15,17010.00,24-Sep-2026,1,INE202E07138
IRISDOREME,EQ,66.2,67.5,65.1,65.85,65.72,66.26,194217,12806823.82,24-Sep-2026,2559,INE01GN01025
IRIS,EQ,235.21,238.5,230.01,231.58,231.01,234.87,16400,3819738.49,24-Sep-2026,613,INE864K01010
IRMENERGY,EQ,266.65,271.4,262,267.6,269.4,272.9,42249,11307195.30,24-Sep-2026,1800,INE07U701015
920ISF28,N0,9751,9832,9607.01,9623,9625.02,9832,24,234802.04,24-Sep-2026,8,INE413U07475
925ISF28,N0,9872,9872,9872,9872,9872,9831,7,69104.00,24-Sep-2026,1,INE413U07442
925ISF29,N0,9837,9837,9792,9792,9792,9791.1,11,107802.00,24-Sep-2026,2,INE413U07467
950ISF27C,N0,9900.25,9999,9900.25,9946,9946,9900.25,36,358429.65,24-Sep-2026,5,INE413U07426
975ISF28,N0,99999,99999,99999,99999,99999,99001,1,99999.00,24-Sep-2026,1,INE413U07418
ISGEC,EQ,856.1,879.85,826.95,850.1,848,867.85,129248,109206155.75,24-Sep-2026,8689,INE858B01029
ISHANCH,EQ,49.87,50.9,48.8,49.9,50.8,49.87,6350,314770.33,24-Sep-2026,163,INE561M01018
ISHAN,SM,0.5,0.5,0.5,0.5,0.5,0.5,48000,24000.00,24-Sep-2026,1,INE0LCW01025
ITCHOTELS,EQ,160,165.4,158.84,164.01,163.52,161.23,3509055,574554815.01,24-Sep-2026,50048,INE379A01028
ITC,EQ,268.7,270.3,266.7,268,268,270.15,7398276,1985143199.60,24-Sep-2026,90922,INE154A01025
ITI,EQ,256.55,256.55,250.4,251.05,251.55,257.2,148833,37523683.05,24-Sep-2026,4528,INE248A01017
ITL,EQ,369,369,356.1,361,362.3,364.75,896,323818.90,24-Sep-2026,129,INE478D01014
IVALUE,EQ,230.29,242.5,230.29,234.43,233,233.07,310427,73708285.84,24-Sep-2026,6680,INE056801025
IVP,BE,227.96,230,222,228.57,229.9,227.96,12881,2919964.92,24-Sep-2026,155,INE043C01018
IWARE,ST,399.7,400,385,391.95,387,400.25,16800,6555930.00,24-Sep-2026,26,INE1AII01014
IZMO,EQ,930.1,930.1,902,904.45,906,931.15,54182,49392741.50,24-Sep-2026,3587,INE848A01014
J&KBANK,EQ,148.7,149,146.7,147.07,147.39,149.25,897539,132658687.49,24-Sep-2026,15385,INE168A01041
JGCHEM,EQ,622.75,644.85,595.95,601.75,605,621.55,504302,312811947.10,24-Sep-2026,23237,INE0MB501011
JAGRAN,EQ,63,63.4,62.5,62.89,63.2,63.41,133071,8374435.04,24-Sep-2026,1679,INE199G01027
JAGSNPHARM,EQ,227.9,249.84,226.76,243.97,247,225.63,9252736,2233857374.36,24-Sep-2026,101843,INE048B01035
JAIBALAJI,EQ,65.2,67.9,65.2,65.5,65.4,66.78,538884,35788336.78,24-Sep-2026,3886,INE091G01026
JAICORPLTD,EQ,96.1,96.1,93.63,94.46,95.3,96.73,322845,30638874.01,24-Sep-2026,4870,INE070D01027
JISLDVREQS,EQ,21,21,20.02,20.14,20.32,20.36,22456,452520.23,24-Sep-2026,226,IN9175A01010
JISLJALEQS,EQ,28.79,28.79,28.41,28.58,28.56,28.9,1294531,37002820.12,24-Sep-2026,4385,INE175A01038
JAINREC,EQ,300,300,290.1,291.35,291.3,302.95,1114138,327225423.35,24-Sep-2026,20087,INE0YD401026
JAINAM,SM,200,200,200,200,200,197,500,100000.00,24-Sep-2026,1,INE02KC01010
JAINIK,ST,201.8,202.85,198.05,201.3,202.85,193.2,32400,6547140.00,24-Sep-2026,24,INE0XIL01012
JPPOWER,EQ,15.97,15.99,15.78,15.84,15.86,16.04,33648899,533876774.11,24-Sep-2026,1038399,INE351F01018
JALAN,ST,1.7,1.7,1.7,1.7,1.7,1.65,3000,5100.00,24-Sep-2026,1,INE349X01015
JAMNAAUTO,EQ,129,140.08,128.32,138.39,138.01,129.55,14203329,1952347773.22,24-Sep-2026,115344,INE039C01032
JSFB,EQ,543,544.25,519.65,522.7,528,546.6,631956,334169132.40,24-Sep-2026,17700,INE953L01027
JARO,EQ,462.5,462.95,455.1,457.7,456.5,462.5,71823,33050771.90,24-Sep-2026,1829,INE00YJ01010
JASH,EQ,592,592,572.15,577.15,577,588.95,232284,135238164.80,24-Sep-2026,10717,INE039O01029
JAYBEE,SM,96.4,103.8,92.5,98.05,95.2,95.05,143500,14116100.00,24-Sep-2026,231,INE0SMY01017
JAYBARMARU,EQ,119,121.9,117.69,121.9,121.9,116.1,262106,31592786.21,24-Sep-2026,1142,INE571B01036
KORE,ST,180.3,180.9,164.1,171.6,164.1,172.3,21750,3850887.50,24-Sep-2026,47,INE0J6801010
JAYAGROGN,EQ,235.4,236,228.1,230.91,230.95,237.12,35664,8235746.88,24-Sep-2026,993,INE785A01026
JAYNECOIND,EQ,91.77,91.77,89.1,89.53,89.32,91.36,1528484,137653770.56,24-Sep-2026,12568,INE854B01010
JAYKAY,EQ,210,213.8,200.78,202.53,202.5,212.76,1010193,208730341.67,24-Sep-2026,16571,INE903A01025
JAYSREETEA,EQ,89.2,90.01,86,87.92,88.15,89.55,52622,4602405.07,24-Sep-2026,824,INE364A01020
JBMA,EQ,599.7,599.7,590.4,593.05,593,601.8,133875,79548173.15,24-Sep-2026,6481,INE927D01051
JSLL,EQ,522,529.55,510,511.15,511,524.3,212822,110074671.40,24-Sep-2026,11769,INE0J5801029
JENBURPH,EQ,950.2,959.9,946.4,954,956,952,1281,1222385.60,24-Sep-2026,101,INE354A01013
JETFREIGHT,EQ,21.28,21.94,21.1,21.21,21.25,21.67,125891,2700147.35,24-Sep-2026,1704,INE982V01025
JEYYAM,SM,21,21,20.6,21,21,21.05,58000,1206500.00,24-Sep-2026,27,INE0RXB01022
JFLLIFE,SM,9.9,9.9,9.9,9.9,9.9,9.95,6000,59400.00,24-Sep-2026,1,INE0LA901015
JHS,EQ,8.4,8.79,8.02,8.18,8.4,8.47,100866,834586.78,24-Sep-2026,344,INE544H01014
RETAIL,EQ,17,17,16.66,16.72,16.67,17.25,1209,20436.93,24-Sep-2026,37,INE03DD01011
JPOLYINVST,EQ,971,978.95,955,964.8,968.1,978.95,2769,2679164.30,24-Sep-2026,364,INE147P01019
JINDRILL,EQ,606.7,606.7,588.6,591.95,589,606.8,134469,79932337.55,24-Sep-2026,5298,INE742C01031
JINDALPHOT,EQ,1084.8,1085,1060,1063.2,1060.1,1084.8,1196,1275710.30,24-Sep-2026,218,INE796G01012
JINDALPOLY,EQ,705,713.95,695,699.8,695.15,715.2,12636,8886217.70,24-Sep-2026,954,INE197D01010
JINDALSAW,EQ,290.95,294.55,281.95,283.1,283.7,292.6,860596,246846479.45,24-Sep-2026,26766,INE324A01032
JSL,EQ,752,763.85,737,738.95,738.3,758.55,741423,555145124.85,24-Sep-2026,37688,INE220G01021
JINDALSTEL,EQ,1157.3,1174.7,1152.3,1157.8,1157.8,1175.3,598786,694955971.80,24-Sep-2026,18860,INE749A01030
JSIPL,BE,132.3,132.3,132.3,132.3,132.3,126,158039,20908559.70,24-Sep-2026,1503,INE1DLO01028
JINDWORLD,EQ,51.78,51.78,48.41,49.17,49.06,52.2,5928392,293321109.81,24-Sep-2026,19139,INE247D01039
JKIPL,EQ,102,102,96.15,98.15,98.15,100.25,4895,483417.44,24-Sep-2026,160,INE1FF001016
JIOFIN,EQ,229.83,230.6,226.7,227.2,227.2,232.15,11460271,2619313070.60,24-Sep-2026,90064,INE758E01017
NIFTYJBLK,EQ,11.71,12.47,11.71,11.84,11.98,12.02,158750,1886632.18,24-Sep-2026,818,INF22M001184
JITFINFRA,EQ,284,284.95,275.1,278.3,276.1,280.45,20767,5814132.85,24-Sep-2026,673,INE863T01013
JIWANRAM,SM,4.2,4.2,4,4,4,4.4,12000,49200.00,24-Sep-2026,2,INE0N5H01017
JKCEMENT,EQ,5025,5229,4981,5184.5,5190,5085,42384,217703393.50,24-Sep-2026,12383,INE823G01014
JKLAKSHMI,EQ,512.8,513.95,507,509.45,509,511.2,66329,33850650.50,24-Sep-2026,4457,INE786A01032
JKPAPER,EQ,414.7,414.85,408.1,411.15,410.45,415.25,222048,91246192.90,24-Sep-2026,7794,INE789E01012
JKTYRE,EQ,350,353.35,346,347.2,346.9,355.35,408047,142403222.30,24-Sep-2026,14926,INE573A01042
JKIL,EQ,479.35,481.9,473,478.1,481.9,479.6,37906,18021399.35,24-Sep-2026,1482,INE576I01022
JMFINANCIL,EQ,127.65,127.65,125.34,127.03,127.25,127.51,3399939,429831433.62,24-Sep-2026,23391,INE780C01023
JNKINDIA,EQ,418.4,435,413.5,422.45,425,418.4,255676,109112375.05,24-Sep-2026,11215,INE0OAF01028
JOCIL,EQ,148.72,149,144.01,146.75,146.75,148.71,1650,243309.98,24-Sep-2026,50,INE839G01010
COCKERILL,EQ,8176,8176,7922,7955.5,7938,8144,4221,33686475.00,24-Sep-2026,1167,INE515A01019
JSWCEMENT,EQ,118,118,115.25,115.71,115.57,118.18,1180047,137279104.32,24-Sep-2026,35455,INE718I01012
JSWDULUX,EQ,3164.6,3165.8,3106,3132.3,3130,3160.9,27787,86894574.80,24-Sep-2026,6067,INE133A01011
JSWENERGY,EQ,520,520,508.1,510,510,521,1303485,667211548.75,24-Sep-2026,30426,INE121E01018
JSWHL,EQ,11300,11300,11051,11116,11060,11333,1304,14547463.00,24-Sep-2026,625,INE824G01012
JSWINFRA,EQ,361.95,369.95,358,360.7,358,363.6,4464796,1625589132.05,24-Sep-2026,73218,INE880J01026
JSWSTEEL,EQ,1289,1298.4,1272.2,1273.2,1273.2,1297.8,836579,1071847112.90,24-Sep-2026,53182,INE019A01038
JTEKTINDIA,EQ,119.89,119.89,117.65,118.28,118.48,119.99,72743,8624342.18,24-Sep-2026,1268,INE643A01035
JTLIND,EQ,90.35,92.2,89.24,90.1,90.46,91.31,1853584,168049900.50,24-Sep-2026,15014,INE391J01032
JUBLCPL,EQ,2225,2245,2130.2,2160.3,2140,2202.4,6373,13819763.70,24-Sep-2026,969,INE03CC01015
JUBLFOOD,EQ,484.65,484.75,476.05,478.9,478.9,483.3,339592,163339875.75,24-Sep-2026,13547,INE797F01020
JUBLINGREA,EQ,640.95,649,631.8,635.35,634,640.95,284101,182150814.50,24-Sep-2026,18135,INE0BY001018
JUBLPHARMA,EQ,1059,1066.25,1038.1,1063.85,1060,1058,114741,121139176.75,24-Sep-2026,8994,INE700A01033
JMA,EQ,90.4,90.4,86.5,87.92,87.5,89.89,15096,1332705.64,24-Sep-2026,391,INE412C01023
JNPR,EQ,265.75,265.75,254.3,257.7,257.4,267.3,807227,208311125.05,24-Sep-2026,50374,INE05C901015
JUNIPER,EQ,221,221.99,217.51,218.41,218.5,221.77,69636,15260844.90,24-Sep-2026,1613,INE696F01016
JLHL,EQ,274,275,266.1,267.8,266.2,274.05,197581,53212302.30,24-Sep-2026,8444,INE682M01020
JWL,EQ,230,230.59,226.81,228.07,228.37,233.16,616463,140638815.73,24-Sep-2026,15109,INE209L01016
JUSTDIAL,EQ,693.55,697.55,666,672.35,672,693.55,80570,54672678.80,24-Sep-2026,4077,INE599M01018
JYOTHYLAB,EQ,194.3,194.44,191.8,192.86,192.9,194.11,207081,39992119.81,24-Sep-2026,8432,INE668F01031
JYOTICNC,EQ,1098,1100,1067,1072.55,1067.55,1100.8,504405,546973691.85,24-Sep-2026,22343,INE980O01024
JYOTIGLOBL,SM,43.7,45.65,42.15,42.7,42.15,43.5,62000,2698500.00,24-Sep-2026,30,INE1M3T01017
JYOTIRES,EQ,852.3,861.95,830.05,833,830.5,848.45,5158,4322349.50,24-Sep-2026,571,INE577D01013
JYOTISTRUC,EQ,9.28,9.28,9.03,9.08,9.11,9.33,2781040,25386779.04,24-Sep-2026,3078,INE197A01024
KJMCFIN,EQ,62.11,62.11,58.45,59.84,59,61.5,304,18299.67,24-Sep-2026,14,INE533C01018
KMCSHIL,EQ,162,162.16,155.11,157.92,157.5,162.2,211733,33499177.88,24-Sep-2026,4284,INE879K01018
KMSUGAR,EQ,29.4,29.4,28.78,29.06,29.15,29.5,84745,2470172.39,24-Sep-2026,941,INE157H01023
KPEL,EQ,226,227.24,218,221.55,220.4,228.8,329639,73205540.59,24-Sep-2026,8173,INE127T01021
K2INFRA,SM,43,43,41.1,41.75,41.45,42.7,10200,431310.00,24-Sep-2026,17,INE0DEZ01013
KABRAEXTRU,EQ,739.8,806.1,737,806.1,806.1,732.85,520858,414521137.05,24-Sep-2026,9920,INE900B01029
KKJEWELS,SM,100,100,96.15,96.15,96.15,99.55,7000,683850.00,24-Sep-2026,7,INE0XOW01017
KAJARIACER,EQ,1214,1239.1,1204,1221.8,1221.4,1216.4,282539,345174742.30,24-Sep-2026,30078,INE217B01036
KAKATCEM,EQ,107.99,109.59,105.9,105.99,105.9,107.97,656,69970.02,24-Sep-2026,24,INE437B01014
KALPATARU,EQ,278,289.45,270.6,277.8,281.55,272.55,282261,79119419.30,24-Sep-2026,5033,INE227J01012
KPIL,EQ,1414.9,1427,1381.2,1399.6,1401.3,1411.8,157152,220989256.50,24-Sep-2026,15937,INE220B01022
KALYANKJIL,EQ,583.1,588.6,570.35,573.6,573.6,584.25,3630749,2102455386.80,24-Sep-2026,44349,INE303R01014
KALYANIFRG,BE,950,968.9,921.55,936.95,939,957.6,1042,987807.50,24-Sep-2026,95,INE314G01014
KICL,EQ,4950,5018.5,4920.5,4940.5,4930,5000,831,4124238.00,24-Sep-2026,198,INE029L01018
KSL,EQ,995.15,997.65,972.5,974.2,974.5,998.25,110396,108503494.05,24-Sep-2026,4907,INE907A01026
KAMAHOLD,EQ,2230.1,2348.7,2172.3,2199.6,2206,2239.2,20376,45675537.90,24-Sep-2026,3851,INE411F01010
KAMANWALA,EQ,16.02,17.4,16.02,16.99,17,16.5,2709,45149.19,24-Sep-2026,30,INE344D01018
KAMATHOTEL,EQ,238.6,240.3,231.25,235.69,235.99,240.35,38921,9183067.75,24-Sep-2026,1659,INE967C01018
KAMDHENU,EQ,41.3,41.3,39,40.34,40.5,40.77,748522,30118934.01,24-Sep-2026,3803,INE390H01020
KAMOPAINTS,EQ,4.24,4.34,4.17,4.21,4.21,4.27,268131,1130837.53,24-Sep-2026,687,INE0BTI01037
KANANIIND,EQ,1.42,1.44,1.4,1.41,1.4,1.42,108081,153846.30,24-Sep-2026,129,INE879E01037
KANCHI,EQ,382.7,395.05,382.5,393.85,395.05,390.3,1215,472098.20,24-Sep-2026,46,INE081G01019
KANCOTEA,EQ,52.5,54.9,52.5,52.66,54.59,54.72,104,5472.31,24-Sep-2026,24,INE398L01017
KANDARP,SM,77.95,78.1,71,76.95,78.1,74.4,46000,3494750.00,24-Sep-2026,39,INE0MOT01016
KANOHAR,EQ,873.9,908.4,852.45,863.3,863,907,2625443,2311172726.00,24-Sep-2026,80889,INE877D01025
KANORICHEM,BE,182.5,191.35,178.59,191.33,191,182.24,100474,19119556.34,24-Sep-2026,679,INE138C01024
KANPRPLA,EQ,256.45,274.95,256.3,262.5,265.5,257.05,63305,16828739.60,24-Sep-2026,1817,INE694E01014
KANSAINER,EQ,182.58,182.91,179.01,179.41,179.75,182.58,146681,26464416.94,24-Sep-2026,4620,INE531A01024
KAPSTON,EQ,585.9,586.95,575.05,578.1,577,585.9,34980,20283761.00,24-Sep-2026,1561,INE542Z01028
KARAMTARA,EQ,361,382.95,355.6,369.05,368.9,361.95,6731277,2495544104.90,24-Sep-2026,104808,INE590T01012
KARMAENG,EQ,39.71,40.8,39.02,39.43,39.02,40.18,7821,312290.23,24-Sep-2026,201,INE725L01011
KTKBANK,EQ,339,345.4,336.55,338.15,339.9,343.05,2049219,698561820.70,24-Sep-2026,34634,INE614B01018
KARNIKA,SM,121,123,121,122.55,123,120.9,22000,2675150.00,24-Sep-2026,12,INE0MGA01012
KARURVYSYA,EQ,323.15,327.55,321,325,323.8,324.45,1136510,369039271.15,24-Sep-2026,37733,INE036D01028
KATARIA,SM,150.75,150.75,148,149,149,149.9,3000,447450.00,24-Sep-2026,5,INE0SVY01018
KAUSHALYA,BE,831,859.9,831,859.9,859.9,862.4,62,51801.30,24-Sep-2026,15,INE234I01028
KLL,SM,44.9,46.05,42.2,46,46.05,41.9,353600,16065920.00,24-Sep-2026,257,INE0Q2V01012
KSCL,EQ,712.85,819.95,704.4,783.85,777,710.7,19332004,15398616194.15,24-Sep-2026,398896,INE455I01029
KAVDEFENCE,BE,81.9,86.46,79,83,83.7,82.35,572713,48503073.17,24-Sep-2026,2708,INE641C01019
KCEIL,SM,78.4,82.65,78.4,82.4,82.5,80.45,20500,1673125.00,24-Sep-2026,37,INE0RCG01017
KAYA,BE,325,325,311,313.05,320,327.2,9571,3017923.60,24-Sep-2026,145,INE587G01015
KAYNES,EQ,3430,3576,3415.3,3509.5,3509.5,3458,1525539,5369212984.60,24-Sep-2026,95023,INE918Z01012
KAYTEX,SM,57.5,57.5,55.5,57.05,57.05,57.95,5600,317440.00,24-Sep-2026,6,INE13ZD01013
KCK,ST,13.45,13.65,13.3,13.65,13.65,13,105000,1427125.00,24-Sep-2026,28,INE0J1E01027
KCP,EQ,157.05,160.98,156,159.18,158.15,157.05,111803,17727549.44,24-Sep-2026,2044,INE805C01028
KCPSUGIND,BE,28.81,29.85,28.81,29.01,29.29,29.56,35694,1047923.49,24-Sep-2026,178,INE790B01024
KDGREEN,EQ,51.69,51.69,49.61,50.22,50.4,50.03,16908,844785.95,24-Sep-2026,226,INE348N01042
KDDL,EQ,4237.2,4237.2,4066.5,4119.8,4120,4251.9,67371,278476459.20,24-Sep-2026,12760,INE291D01011
KEC,EQ,398,399.5,394,395.4,396,402.4,378577,150119468.35,24-Sep-2026,13665,INE389H01022
KEI,EQ,4700,4706.5,4627,4636.5,4636.5,4722.5,224864,1049755801.50,24-Sep-2026,19838,INE878B01027
KELLTONTEC,EQ,13.8,13.8,13.4,13.48,13.5,13.76,1468588,19860729.97,24-Sep-2026,2739,INE164B01030
KEN,SM,43.75,43.75,43.75,43.75,43.75,43.95,1200,52500.00,24-Sep-2026,1,INE15DO01012
KENNAMET,EQ,4254,4355.1,4250,4266.4,4270,4316.7,11487,49155042.90,24-Sep-2026,2573,INE717A01029
KERNEX,EQ,1727.3,1749.9,1692.5,1700.8,1701.6,1731,83450,143295430.50,24-Sep-2026,10139,INE202H01019
KESORAMIND,BE,11.7,11.89,11.21,11.39,11.3,11.57,232726,2696549.50,24-Sep-2026,474,INE087A01019
KKCL,EQ,478,478.65,465.05,469.3,466,477.55,13783,6503475.70,24-Sep-2026,971,INE401H01017
KEYFINSERV,EQ,243.9,243.9,226.35,231.65,229.05,244.05,1614,377525.85,24-Sep-2026,81,INE681C01015
RUSTOMJEE,EQ,365.75,367.65,355.2,364,362.5,365.75,43140,15692432.20,24-Sep-2026,1107,INE263M01029
KFINTECH,EQ,902.2,911,893.05,897.95,897.95,911.95,432496,389612829.85,24-Sep-2026,22827,INE138Y01010
KHADIM,BE,125.39,125.39,120.49,120.49,120.49,122.94,42491,5308012.57,24-Sep-2026,66,INE834I01025
KHAITANLTD,EQ,153.14,153.14,148.1,150.34,150,153.14,774,116622.04,24-Sep-2026,41,INE731C01018
KHAICHEM,EQ,50.29,50.65,49,49.41,49.28,50.13,113281,5629400.45,24-Sep-2026,1342,INE745B01028
KHANDSE,EQ,18.32,18.48,17.5,18.07,18.14,18,729,13069.70,24-Sep-2026,43,INE060B01014
KHERIAAUTO,ST,104.9,106.5,101.1,103.05,102.45,101,1188000,123888480.00,24-Sep-2026,659,INE0HOL01013
KLBRENG-B,EQ,513.5,524.45,508.45,517.9,519.2,518.6,189495,97946855.55,24-Sep-2026,5118,INE338F01015
KILITCH,BE,232.5,232.5,211,217.23,215.75,221.62,85945,19235160.00,24-Sep-2026,805,INE729D01010
KINGFA,EQ,6239,6435,6185.5,6228.5,6320,6240.5,14512,91353095.50,24-Sep-2026,4126,INE473D01015
KIOCL,EQ,349.35,353,339.3,340.65,340.05,349.35,42480,14587992.20,24-Sep-2026,1902,INE880L01014
KIRANVYPAR,EQ,218.65,218.65,196.04,203.41,202,215.1,1329,272739.05,24-Sep-2026,164,INE555P01013
KIRIINDUS,EQ,564,583.95,552,559.9,561,572.75,1422251,809187565.40,24-Sep-2026,27596,INE415I01015
KIRLOSBROS,EQ,1790,1793.6,1752.1,1768.4,1768,1794.3,16227,28785253.00,24-Sep-2026,3136,INE732A01036
KECL,EQ,121,126.8,120.24,122.75,123.5,120.24,261030,32403332.40,24-Sep-2026,5586,INE134B01017
KIRLFER,EQ,475.1,485.85,473.2,478.2,479.75,478.1,109335,52494400.85,24-Sep-2026,6051,INE884B01025
KIRLOSIND,EQ,3681,3681,3616.1,3635,3620,3681,4437,16160399.60,24-Sep-2026,1055,INE250A01039
KIRLOSENG,EQ,2195,2254,2156.8,2164.5,2171.6,2219.5,278809,613445557.70,24-Sep-2026,25441,INE146L01010
KIRLPNU,EQ,705,710.1,692.1,697.75,699.8,711.95,71227,49944979.00,24-Sep-2026,6728,INE811A01038
KITEX,EQ,120.99,121.9,117.75,118.65,119,121.33,265979,31710094.47,24-Sep-2026,3499,INE602G01020
KKVAPOW,SM,326.8,326.8,326.8,326.8,326.8,344,171,55882.80,24-Sep-2026,1,INE239T01016
KNAGRI,EQ,214.9,215,208.04,213.63,209.99,211.63,8248,1755111.74,24-Sep-2026,229,INE0KNW01016
KNACK,EQ,182.9,184.77,179.25,182.25,181.42,184.25,805858,146702211.69,24-Sep-2026,9983,INE17QZ01016
KMEW,EQ,2950,3009.9,2876,2890.6,2905,2996.6,62583,183194491.60,24-Sep-2026,11339,INE0CJD01029
KRT,RR,113.9,114.05,113.4,113.87,113.53,113.7,1962445,223423339.24,24-Sep-2026,7524,INE1JAR25012
KNRCON,EQ,120.49,123.1,119.5,120.03,120.45,121.77,1488078,180552070.94,24-Sep-2026,15704,INE634I01029
KODYTECH,ST,1533,1555,1525,1527.25,1527,1533,5500,8457365.00,24-Sep-2026,46,INE0Q7P01013
KOHINOOR,EQ,31.74,32.59,30.6,30.82,30.6,31.75,127383,3986988.84,24-Sep-2026,2175,INE080B01012
KOKUYOCMLN,EQ,76.35,77.81,76.15,76.64,76.35,76.35,35121,2702118.88,24-Sep-2026,381,INE760A01029
KOLTEPATIL,EQ,441.45,441.45,429.95,432.05,433.25,440.05,35712,15533771.70,24-Sep-2026,2501,INE094I01018
KONSTELEC,ST,61,61,58.85,58.85,58.85,61.9,9000,532600.00,24-Sep-2026,9,INE0QEI01011
KOPRAN,EQ,279.42,284.84,267.3,270.81,272.3,279.42,379629,105110039.18,24-Sep-2026,6933,INE082A01010
KDL,SM,60.85,60.85,60.85,60.85,60.85,64.05,7500,456375.00,24-Sep-2026,33,INE0O4R01018
GOLD1,EQ,125.01,125.48,124.58,124.65,124.65,125.96,1257237,157115550.18,24-Sep-2026,6766,INF174KA1HJ8
KOTAKBANK,EQ,407,410,404.3,405,405,413.25,12799846,5204793173.90,24-Sep-2026,153559,INE237A01036
NIFTY1,EQ,266.64,266.64,256.12,257.16,257.31,260.14,119958,30898982.13,24-Sep-2026,1732,INF174K014P6
PSUBANK,EQ,83.39,83.82,82.51,82.92,82.94,83.41,87881,7287045.01,24-Sep-2026,700,INF174KA1A86
CHEMICAL,EQ,29.56,29.68,29.1,29.13,29.18,29.56,153885,4506746.82,24-Sep-2026,1256,INF174KA1XV0
ALPHA,EQ,53.35,53.4,52.52,52.82,52.65,53.42,870366,46180231.86,24-Sep-2026,3406,INF174KA1IA5
CONS,EQ,11.71,11.98,11.62,11.73,11.78,11.86,13268,156479.16,24-Sep-2026,166,INF174KA1ZF8
IT,EQ,30.64,31.61,30.64,31.42,31.44,31.43,322846,10140856.69,24-Sep-2026,953,INF174KA1GC5
LIQUID1,EQ,1118.19,1130,1118.19,1123.96,1123.95,1123.81,700510,787346134.52,24-Sep-2026,576,INF174KA1LV5
LOWVOL1,EQ,20.49,20.49,20.12,20.16,20.12,20.39,302634,6126879.09,24-Sep-2026,11090,INF174KA1IY5
MIDCAP,EQ,18.21,18.5,17.89,17.93,17.98,18.31,602076,10844178.40,24-Sep-2026,1695,INF174KA1ZC5
MNC,EQ,32.48,32.53,32.22,32.27,32.34,32.49,24812,801759.41,24-Sep-2026,391,INF174KA1JF2
SILVER1,EQ,22.13,22.17,21.9,21.91,21.91,22.36,4869469,107343125.52,24-Sep-2026,6004,INF174KA1ZD3
NV20,EQ,13.55,13.55,13.36,13.43,13.45,13.56,45583,612034.75,24-Sep-2026,354,INF174KA1ZE1
MID150,EQ,23.47,23.47,22.82,22.9,22.96,23.33,102632,2363426.76,24-Sep-2026,403,INF174KA1VW2
MOMENTUM30,EQ,31.14,31.14,30.07,30.26,30.25,30.53,11940,362622.96,24-Sep-2026,151,INF174KA1XS6
MSCIINDIA,EQ,29.15,29.15,28.63,28.83,28.92,29.29,8334,240695.56,24-Sep-2026,228,INF174KA1VD2
NEXT50ETF,EQ,73.56,73.56,72.11,72.12,72.14,73.2,20324,1473424.62,24-Sep-2026,248,INF174KA1YO3
NIFTY100EW,EQ,34.35,34.42,34.07,34.19,34.21,34.48,57305,1960623.45,24-Sep-2026,267,INF174KA1UW4
PVTBANK,EQ,27.31,27.31,26.85,26.96,27.02,27.39,450586,12184936.34,24-Sep-2026,105,INF174KA1A94
QUALITY30,EQ,20.14,20.14,19.77,19.8,19.83,19.95,5657,112253.06,24-Sep-2026,155,INF174KA1WT6
BANKNIFTY1,EQ,60.14,60.14,57.21,57.55,57.55,58.68,1004664,57930847.72,24-Sep-2026,2126,INF174KA1ZB7
KOTIC,EQ,147.82,154.78,141.3,143.82,145.65,147.11,29000,4260733.26,24-Sep-2026,718,INE972A01020
KOTHARIPET,EQ,137.58,137.58,132.76,134.01,134.99,136.81,28073,3776768.64,24-Sep-2026,696,INE720A01015
KOTHARIPRO,EQ,68.02,69.86,66.3,67.13,67,69.64,15513,1058610.50,24-Sep-2026,371,INE823A01017
KOTARISUG,BE,26.53,27.3,26.53,26.83,27,27.35,15202,408894.82,24-Sep-2026,142,INE419A01022
KOTYARK,BE,32.05,32.05,31,31.3,31.48,32.05,106225,3329142.63,24-Sep-2026,309,INE0J0B01017
KOVAI,EQ,6199,6199,6036.5,6101,6117,6160.5,3104,18935025.00,24-Sep-2026,813,INE177F01017
KPIGREEN,EQ,344.9,344.9,330.1,333.2,334,350.05,2039670,685443741.15,24-Sep-2026,39848,INE542W01025
KPITTECH,EQ,526,527.8,514,516.85,516.85,527,1561197,813780262.50,24-Sep-2026,33497,INE04I401011
KPRMILL,EQ,1130,1141.9,1109.9,1113.8,1118,1136.7,158616,178328823.90,24-Sep-2026,18661,INE930H01031
KRBL,EQ,404.75,410.95,396.2,398.2,398.7,404.85,360627,145332284.30,24-Sep-2026,15393,INE001B01026
KREBSBIO,EQ,57.54,57.89,55.51,57.66,57.77,57.54,3409,194558.75,24-Sep-2026,63,INE268B01013
KRIDHANINF,EQ,1.86,1.87,1.81,1.85,1.85,1.84,16428,30304.78,24-Sep-2026,65,INE524L01026
KRISHANA,EQ,190.98,191.8,183.2,184.51,183.5,188.15,631052,118116081.04,24-Sep-2026,6937,INE506W01020
KRISHCA,SM,192.5,230.8,191,216.7,218.6,192.35,451000,98213975.00,24-Sep-2026,629,INE0NR701018
KRISHIVAL,EQ,418.15,419,410,411.3,415.5,417.35,8216,3399235.60,24-Sep-2026,330,INE0GGO01015
KRISHNADEF,EQ,1034.9,1038,1012,1015.5,1018,1032.9,45530,46516190.30,24-Sep-2026,3777,INE0J5601015
KIMS,EQ,795,811.2,795,800.45,802,798.05,260151,208948752.90,24-Sep-2026,16988,INE967H01025
KRITI,EQ,61.35,64,61.35,61.65,61.4,63.19,8298,514382.15,24-Sep-2026,213,INE479D01038
KRITINUT,EQ,81,81,77.6,77.81,78.48,80.21,15010,1188535.08,24-Sep-2026,214,INE798K01010
KRITIKA,EQ,5,5.1,4.99,5.02,5.04,5,99913,504288.10,24-Sep-2026,443,INE00Z501029
KRMAYURVED,SM,306.45,307.9,300,300.3,300,302.95,57000,17259300.00,24-Sep-2026,47,INE1MTV01019
KRN,EQ,1411.8,1424.9,1394.2,1401.6,1400,1412.6,107810,152061507.20,24-Sep-2026,12651,INE0Q3J01015
KRONOX,BE,191,196.75,191,196.75,196.75,187.39,174809,34272065.38,24-Sep-2026,716,INE0ATZ01017
KROSS,EQ,276,279.34,268.11,272.9,274,278.56,1470381,402155381.39,24-Sep-2026,31661,INE0O6601022
KRSNAA,EQ,565,565,549.3,551.25,551,560.05,43526,24119191.10,24-Sep-2026,2035,INE08LI01020
KRYSTAL,EQ,635.05,646.95,631,637.5,639.9,643.65,3949,2529473.25,24-Sep-2026,316,INE0QN801017
KSB,EQ,822.95,822.95,797.3,802.15,804.9,823.2,90671,72891656.25,24-Sep-2026,7952,INE999A01023
KSE,EQ,184,184,178.81,181.11,181,178.79,6832,1236131.44,24-Sep-2026,313,INE953E01022
KSHINTL,EQ,1048,1069,1023,1036,1044.9,1046.8,248567,259586221.75,24-Sep-2026,16225,INE987S01020
KSHITIJPOL,EQ,5.06,5.07,5.06,5.06,5.07,4.83,12906313,65390664.58,24-Sep-2026,5818,INE013801027
KSOLVES,EQ,257.55,258.35,247.35,249.15,249.05,259.05,54728,13765639.15,24-Sep-2026,2214,INE0D6I01023
KSR,BE,39.28,40.5,37.6,37.8,38,39.28,24003,912635.66,24-Sep-2026,98,INE1SPP01016
KUANTUM,EQ,83,83.99,79.1,80.17,80,82.87,87226,7062804.28,24-Sep-2026,1453,INE529I01021
KUSUMGAR,EQ,634.9,634.9,610.55,620.1,620,635.1,261170,161603139.20,24-Sep-2026,13781,INE0ISX01025
KPL,EQ,3743,3777.4,3602,3642.1,3668,3724.5,34399,126878521.30,24-Sep-2026,6710,INE552U01010
KWIL,EQ,41.88,41.88,40.54,40.81,40.75,41.92,5527010,227293329.53,24-Sep-2026,20593,INE2KCE01013
LKPSEC,EQ,15.58,15.58,15,15.02,15.02,15.27,2398,36053.49,24-Sep-2026,43,INE341H01023
LTF,EQ,279,290.6,279,282,282,310,36077849,10275617301.70,24-Sep-2026,218575,INE498L01015
LTTS,EQ,3233.7,3238.8,3190,3209.1,3205.8,3231.3,27363,87949604.70,24-Sep-2026,7036,INE010V01017
LAOPALA,EQ,162.3,163,159.45,160.21,159.6,163.06,98696,15922815.75,24-Sep-2026,2463,INE059D01020
LADDERUP,BE,55.99,56.89,53.19,53.63,53.55,55.95,3407,185645.53,24-Sep-2026,48,INE519D01015
LAGNAM,EQ,74,75,72.81,74.99,75,75,2832,211311.60,24-Sep-2026,76,INE548Z01017
LAHOTIOV,EQ,41,41,37,38.28,38.4,40.77,14264,552962.31,24-Sep-2026,109,INE515C01023
LFIC,EQ,136.5,136.99,131,136.36,136.99,136.14,1564,206948.01,24-Sep-2026,61,INE850E01012
LAKSHMIMIL,EQ,8066,8066,7721,7780.5,7721,7716.5,20,160046.50,24-Sep-2026,8,INE938C01019
LAKPRE,BZ,5.3,5.3,5,5.09,5.09,5.05,45,234.12,24-Sep-2026,5,INE651C01018
LAKSHYA,SM,102,107.8,101.9,107.8,107.8,98,40800,4294080.00,24-Sep-2026,50,INE0VZS01015
LALITHAA,EQ,359,370.5,356.4,370.5,370.5,352.9,10872334,3991349806.80,24-Sep-2026,58417,INE0K9O01026
LAMBODHARA,EQ,120.9,141.5,119.42,139.46,141.5,119.93,393605,53753060.55,24-Sep-2026,7361,INE112F01022
LAMOSAIC,ST,50,51.2,47.65,51,51,50.15,322800,16137900.00,24-Sep-2026,154,INE0R0201012
LANCER,EQ,11.85,11.85,11.11,11.59,11.8,11.78,340911,3951563.46,24-Sep-2026,965,INE359U01028
LANCORHOL,BE,35.48,36.7,33.56,34.03,34.95,34.97,104968,3745890.56,24-Sep-2026,267,INE572G01025
LANDMARK,EQ,500.9,511.15,485.25,489.05,486.1,506.4,51104,25216203.45,24-Sep-2026,2446,INE559R01029
LPDC,EQ,6.77,6.77,6.43,6.63,6.65,6.66,17312,115255.07,24-Sep-2026,132,INE197J01017
LANDSMILL,EQ,0.55,0.55,0.52,0.52,0.54,0.54,3840492,2046313.72,24-Sep-2026,1105,INE688J01023
LT,EQ,3887.3,3907,3849,3858.4,3858.4,3929.9,1649308,6385085057.40,24-Sep-2026,78162,INE018A01030
LASERPOWER,EQ,284.75,285.4,270.4,274.5,273.6,287.4,834811,230404074.15,24-Sep-2026,15542,INE17IR01028
LATENTVIEW,EQ,252.9,252.9,245,245.4,245.65,253.4,335304,83087388.05,24-Sep-2026,11554,INE0I7C01011
LATTEYS,EQ,20,20.75,20,20.08,20.25,20.35,42119,846868.40,24-Sep-2026,232,INE262Z01023
LAURUSLABS,EQ,2021.1,2055.3,2020,2026.2,2026.2,2034,1388039,2832855476.50,24-Sep-2026,56843,INE947Q01028
LAXMICOT,EQ,13.2,14.18,13.01,13.23,13.5,13.4,3757,50442.09,24-Sep-2026,82,INE801V01019
LAXMIDENTL,EQ,193.99,201.59,193.56,197.05,196.26,195.09,95949,18964721.33,24-Sep-2026,2638,INE0WO601020
LGHL,EQ,171.3,192,171.3,181.48,185,176.62,38541,7115725.35,24-Sep-2026,390,INE258Y01016
LAXMIINDIA,EQ,126.4,126.4,119.4,120.66,121,126.12,152816,18612154.92,24-Sep-2026,2811,INE06WU01026
LXCHEM,EQ,186.05,187,179.92,180.61,180.69,188.44,1098678,201352177.44,24-Sep-2026,17477,INE576O01020
LCCINFOTEC,EQ,4.03,4.03,3.99,4.03,4.03,3.84,120873,487101.86,24-Sep-2026,85,INE938A01021
LCCPROJECT,EQ,146.35,146.35,141.87,144.22,143.8,146.59,1209866,173704662.06,24-Sep-2026,18258,INE1FPN01026
LEMERITE,EQ,20.45,20.85,19.5,20.59,19.83,19.88,220522,4492650.11,24-Sep-2026,637,INE0G1L01025
IXIGO,EQ,163.9,163.91,158.8,159.31,159.3,163.9,576315,92356499.40,24-Sep-2026,7814,INE0HV901016
LRRPL,SM,97,98,97,98,98,95.55,4500,438000.00,24-Sep-2026,3,INE0H4B01011
LEAPIND,EQ,146.45,148.16,142.11,143.09,142.7,148.62,1423067,206497943.58,24-Sep-2026,16418,INE00GO01025
LEENEE,BE,7.89,8.21,7.51,7.8,7.8,7.9,16954,132119.54,24-Sep-2026,44,INE791B01014
THELEELA,EQ,540.05,545.65,530.5,533.2,537.4,544.95,137918,74183325.05,24-Sep-2026,11079,INE0AQ201015
LEMONTREE,EQ,107,107.7,106.2,106.72,106.8,107.92,1819035,194140798.58,24-Sep-2026,21486,INE970X01018
LENSKART,EQ,681.5,691.9,673.55,676,679.6,686.7,3191467,2182614271.90,24-Sep-2026,101558,INE956O01016
LEXUS,EQ,12.9,12.9,12.12,12.19,12.17,12.5,14276,179148.58,24-Sep-2026,149,INE500X01013
LGBBROSLTD,EQ,1720,1764.9,1710.1,1745.3,1735.4,1734.5,25762,44783613.10,24-Sep-2026,3647,INE337A01034
LGEINDIA,EQ,1685,1719.9,1669.9,1697.7,1695.8,1694.2,527914,898273877.60,24-Sep-2026,58428,INE324D01010
LIBAS,EQ,12,12.56,11.15,12.02,12.56,12.09,241544,2801851.29,24-Sep-2026,752,INE908V01012
LIBERTSHOE,EQ,241.4,242.34,235,237.84,239.25,235.48,45513,10841777.80,24-Sep-2026,2073,INE557B01019
LICHSGFIN,EQ,569.8,571.9,563.8,564.25,564.25,572.5,1297709,736609911.65,24-Sep-2026,17530,INE115A01026
LICMFGOLD,EQ,135.7,135.7,134.2,134.5,134.7,135.9,24030,3241434.45,24-Sep-2026,487,INF767K01SM1
LICNETFN50,EQ,262.23,262.42,259.94,260.13,260.13,263.9,806,210723.44,24-Sep-2026,29,INF767K01OS7
LICNETFSEN,EQ,840.54,840.54,834.79,835.18,835.18,844.27,9,7525.15,24-Sep-2026,5,INF767K01OT5
LICNFNHGP,EQ,274.19,276.93,267.2,275.99,275.99,274.19,85,23101.31,24-Sep-2026,28,INF767K01PC8
LICNETFGSC,EQ,29.48,29.48,29.07,29.16,29.19,29.27,7011,204177.77,24-Sep-2026,61,INF767K01MV5
LICNMID100,EQ,62.98,62.98,61.22,61.29,61.3,62.75,6888,424698.57,24-Sep-2026,144,INF767K01RN1
LICI,EQ,400.9,417.8,398.5,406,406,407.5,14741490,6021172772.80,24-Sep-2026,132216,INE0J1Y01017
LIKHITHA,EQ,230.35,236.5,227,227.38,227.18,229.21,34331,7862639.90,24-Sep-2026,842,INE060901027
LINC,EQ,94.89,94.89,91.62,92.24,91.82,93.85,39577,3645160.03,24-Sep-2026,432,INE802B01027
LINCOLN,EQ,603,604.35,590.1,594.65,595,603.55,16062,9580478.85,24-Sep-2026,1361,INE405C01035
LINDEINDIA,EQ,6270,6333.5,6166.5,6196.5,6200,6286,11679,72670433.50,24-Sep-2026,3252,INE473A01011
LLOYDSENGG,EQ,90.25,93,90.1,90.91,90.8,91.52,10861920,994657347.09,24-Sep-2026,50470,INE093R01011
LLOYDSENT,EQ,72.71,77.15,72.71,75.58,75.29,74.15,4465318,338261114.71,24-Sep-2026,25651,INE080I01025
LLOYDS,SM,61.7,61.7,61.7,61.7,61.7,62,1000,61700.00,24-Sep-2026,1,INE0DTQ01028
LLOYDSME,EQ,1870,1881.5,1816,1821.9,1821.2,1890.9,278524,514890053.10,24-Sep-2026,22881,INE281B01032
LMW,EQ,17145,17339,17049,17136,17151,17126,2245,38577170.00,24-Sep-2026,1026,INE269B01029
LODHA,EQ,1153,1177,1148.9,1158,1158,1162.5,1243527,1448426629.50,24-Sep-2026,33598,INE670K01029
LCL,EQ,572.6,589,571.8,575.55,573.7,577.55,218144,126581756.60,24-Sep-2026,15519,INE0QJW01029
LOKESHMACH,EQ,360.15,362.75,342,342.9,342.25,359.25,43467,15224706.55,24-Sep-2026,2140,INE397H01017
LORDSCHLO,EQ,140,140,132.2,134.5,134.57,137.38,12002,1617838.56,24-Sep-2026,406,INE846D01012
LAL,EQ,8.72,9.49,8.47,9.07,8.8,8.57,163991,1487272.50,24-Sep-2026,383,INE740X01023
LOTUSCHO,EQ,578.7,578.7,560,566.15,567.5,562.4,1318,748115.35,24-Sep-2026,188,INE026D01011
LOTUSEYE,EQ,115,115.86,112.5,113.23,113.11,115.24,3217,365751.54,24-Sep-2026,84,INE947I01017
LOVABLE,EQ,71,71.5,69,69.7,69.94,71.38,8216,573420.15,24-Sep-2026,341,INE597L01014
LOYALTEX,EQ,240.9,240.9,221.27,223.98,221.6,231.23,6531,1531737.33,24-Sep-2026,245,INE970D01010
LTFOODS,EQ,426.95,433.85,423,424.5,427.3,430,257102,110087021.80,24-Sep-2026,15707,INE818H01020
LTM,EQ,4031,4089,4011,4038,4038,4085,350005,1419913301.30,24-Sep-2026,28623,INE214T01019
LUMAXTECH,EQ,2049.4,2099.8,2026.9,2068.8,2060,2044.9,122712,254852270.80,24-Sep-2026,23425,INE872H01027
LUMAXIND,EQ,5808,5808,5710,5732.5,5765,5788,5160,29692659.50,24-Sep-2026,1867,INE162B01018
LUMINO,EQ,108.53,110.44,106.5,107.22,107.5,109.9,5968222,644989327.02,24-Sep-2026,28405,INE185Q01025
LUPIN,EQ,2099.9,2114.8,2084.5,2100.7,2100.7,2102.8,533164,1118527029.80,24-Sep-2026,37101,INE326A01037
LUXIND,EQ,1180,1190,1155.4,1167.8,1170,1186.5,18229,21405505.80,24-Sep-2026,1545,INE150G01020
LYKALABS,BE,88,88,87,87,87,87.1,65274,5708572.80,24-Sep-2026,95,INE933A01014
MBEL,EQ,259.9,270.4,256,263.95,265,261,109451,28860925.65,24-Sep-2026,6321,INE08N601015
MKEXIM,EQ,68.9,68.9,67.5,68.64,68.88,68.13,20858,1419259.27,24-Sep-2026,207,INE227F01010
MKPL,EQ,4.04,4.07,4,4.01,4.01,4.04,45022,181336.07,24-Sep-2026,216,INE964W01021
MCL,EQ,61,63,60,61.61,61,60.75,143738,8841200.21,24-Sep-2026,2016,INE813V01022
M&MFIN,EQ,343.35,343.35,334.45,339.9,339,348.6,1834421,623276161.90,24-Sep-2026,59986,INE774D01024
MVKAGRO,SM,199.05,219.95,199.05,219.95,219.95,209.5,195600,40635945.00,24-Sep-2026,163,INE0SGC01015
MAANALU,EQ,105,105,102.25,102.62,102.65,103.93,37559,3887453.60,24-Sep-2026,957,INE215I01027
MCCHRLS-B,EQ,679.8,679.8,645,677.85,679.8,657.1,297,198468.25,24-Sep-2026,51,INE435D01014
MACOBSTECH,SM,204,206,204,206,206,202,34400,7019200.00,24-Sep-2026,3,INE0R0J01010
MACPOWER,EQ,2059.5,2170,2018.1,2061.1,2059.9,2059.5,57329,120185249.30,24-Sep-2026,8450,INE155Z01011
MADHAVIPL,EQ,7.84,7.9,7.18,7.59,7.61,7.67,189234,1420718.31,24-Sep-2026,589,INE631R01026
MADHAV,EQ,35.45,35.82,33.72,34.46,34.46,34.57,2431,84220.78,24-Sep-2026,95,INE925C01016
MADHUCON,EQ,4.06,4.3,3.94,4.25,4.25,4.14,21341,87606.21,24-Sep-2026,70,INE378D01032
MADHURKNIT,SM,46,46.8,44.6,45.9,45.15,45.55,43200,1970580.00,24-Sep-2026,31,INE1P5601010
MADHUSUDAN,ST,225,225,217.8,224.3,225,225.55,12000,2669500.00,24-Sep-2026,12,INE0P6701019
MBAPL,EQ,169,169,162.91,164.07,163.88,167.51,459173,75779774.82,24-Sep-2026,5092,INE900L01028
MADRASFERT,EQ,61.89,61.89,60.5,60.72,60.55,61.47,19924,1217198.60,24-Sep-2026,482,INE414A01015
MAFATIND,EQ,120.5,122,119.41,119.81,119.6,121.05,23718,2856269.71,24-Sep-2026,918,INE270B01035
MAGADSUGAR,EQ,502.2,506.45,499.9,503,501.4,509.2,9365,4718214.00,24-Sep-2026,647,INE347W01011
MCLOUD,EQ,25.3,25.3,24.56,24.9,24.97,25.41,710919,17808898.54,24-Sep-2026,2623,INE613C01026
MAGNUM,EQ,19,19.1,18.56,18.65,18.58,19,12019,226819.60,24-Sep-2026,82,INE387I01016
MAGSON,SM,180,180,179.6,180,180,180,215000,38699600.00,24-Sep-2026,67,INE0O1S01012
MAHAPEXLTD,EQ,53,54.8,51,51.74,51.86,53,16177,839679.89,24-Sep-2026,282,INE843B01013
MFML,EQ,18.84,19.48,17.05,19.16,19.47,18.22,21958,410678.85,24-Sep-2026,234,INE0US801024
MHLXMIRU,BE,156.45,164.81,150,162.68,162.1,156.97,16516,2624834.56,24-Sep-2026,175,INE112D01035
MAHASTEEL,BE,1179.8,1214.6,1164,1211.9,1214,1156.8,5126,6173723.60,24-Sep-2026,518,INE451L01014
MGL,EQ,1083.7,1092,1077.4,1079.6,1079,1092.8,51860,56231467.90,24-Sep-2026,6783,INE002S01010
MTNL,EQ,24.3,24.3,23.67,23.81,23.84,24.36,588746,14050214.39,24-Sep-2026,2903,INE153A01019
MAHSCOOTER,EQ,13121,13300,13080,13255,13298,13269,3227,42682331.00,24-Sep-2026,1183,INE288A01013
MAHSEAMLES,EQ,698.7,723.9,696.05,708.55,710,702.75,232935,165849527.30,24-Sep-2026,16866,INE271B01025
MRIL,ST,79.95,83,79.95,81.15,83,80.85,16000,1298240.00,24-Sep-2026,6,INE632Q01018
MAHESHWARI,EQ,72.75,73.2,72.7,72.7,72.7,72.83,7920,576271.00,24-Sep-2026,22,INE263W01010
MAHICKRA,SM,297,297,297,297,297,297,750,222750.00,24-Sep-2026,1,INE961Y01015
M&M,EQ,3028.8,3039,2982.7,2982.7,2982.7,3035,1903721,5723520447.10,24-Sep-2026,87552,INE101A01026
MAHEPC,EQ,99.02,100.98,98,98.19,98.02,100.45,18772,1855766.00,24-Sep-2026,630,INE215D01010
MHRIL,EQ,201.39,201.99,198,199.71,200,201.39,54816,10953432.98,24-Sep-2026,2820,INE998I01010
MAHLIFE,EQ,356.6,360.55,347.85,353.9,352.35,356.6,68743,24208119.15,24-Sep-2026,4868,INE813A01018
MAHLOG,EQ,415.9,429.2,411.55,420.05,420,416.55,499911,211659809.50,24-Sep-2026,16553,INE766P01016
MAITHANALL,EQ,996.05,1004.85,975,977.1,977.95,1009.9,65584,64725541.10,24-Sep-2026,4518,INE683C01011
MAITREYA,SM,116.45,116.5,116.45,116.5,116.5,116.6,800,93180.00,24-Sep-2026,2,INE0PLQ01011
MAJESAUT,BE,372.8,372.8,366,369.55,369,371.5,1516,559865.50,24-Sep-2026,82,INE201B01022
MAKERSL,EQ,184.5,191,184,189.42,184.6,182.88,2038,378970.08,24-Sep-2026,48,INE987A01010
MAKS,SM,15,15,15,15,15,14.35,1500,22500.00,24-Sep-2026,1,INE0CDK01019
MALLCOM,EQ,970.1,972,950,950.8,950.6,975.35,6604,6354393.00,24-Sep-2026,234,INE389C01015
MALUPAPER,EQ,32.63,33.39,31.71,31.79,31.95,31.99,3983,127083.50,24-Sep-2026,71,INE383H01017
MAMATA,EQ,422.7,422.7,397.35,403.8,401.65,423.35,144579,58498134.55,24-Sep-2026,7014,INE0TO701015
MANAKCOAT,EQ,131.99,134.16,130,131.16,131.91,131.99,224387,29571784.72,24-Sep-2026,2924,INE830Q01018
MANINDS,EQ,990.75,990.9,956.55,962.85,962.95,986.7,1416561,1374677898.75,24-Sep-2026,49669,INE993A01026
MANINFRA,EQ,123.9,125.45,123.45,124.17,124.25,124.75,1221376,151999438.77,24-Sep-2026,8363,INE949H01023
MANAKALUCO,EQ,36.48,36.48,35,35.31,35.69,35.96,30719,1087390.41,24-Sep-2026,543,INE859Q01017
MANAKSIA,EQ,65.98,66.45,63.71,64.03,64.2,66.8,73292,4727740.53,24-Sep-2026,992,INE015D01022
MANAKSTEEL,BE,106.05,107.25,101.29,102.14,102.4,106.62,63951,6553936.12,24-Sep-2026,235,INE824Q01011
MANALIPETC,EQ,87.1,87.1,82.62,83.28,83.3,87.69,1080286,91411972.95,24-Sep-2026,7148,INE201A01024
MANAPPURAM,EQ,314.4,327,313.15,324.95,324.95,320.4,4674648,1498750825.50,24-Sep-2026,37107,INE522D01027
MPEL,SM,24.25,24.25,23.25,24.25,24.25,23.1,30400,735280.00,24-Sep-2026,18,INE0U4H01011
MANBA,EQ,139,145.4,138.88,140.35,139.9,139.19,243633,34615240.13,24-Sep-2026,3840,INE939X01013
MANDEEP,SM,18.3,18.3,17.75,17.75,17.75,18.4,18000,322800.00,24-Sep-2026,6,INE0R3T01013
MANCREDIT,EQ,222.02,227.5,221,222.52,221.01,225.17,118659,26717331.07,24-Sep-2026,1776,INE545L01039
MEIL,EQ,270.45,275,269,272.7,273.75,274.25,27992,7632346.90,24-Sep-2026,1516,INE0PKD01011
MAL,ST,42,42.5,41.5,41.75,41.75,43.55,14400,604560.00,24-Sep-2026,8,INE00C401011
MANGLMCEM,EQ,1029,1049,1014.8,1031.5,1032,1033.3,57124,58947589.60,24-Sep-2026,2971,INE347A01017
MANGALAM,EQ,32.64,32.64,31.42,31.65,31.51,32.32,33768,1072321.05,24-Sep-2026,394,INE584F01014
MGEL,EQ,15.7,15.9,15.3,15.63,15.51,15.49,3566425,55304667.66,24-Sep-2026,1214,INE0APB01032
MANORG,EQ,457.9,462.7,452,453.15,456,458.15,2268,1033911.60,24-Sep-2026,177,INE370D01013
MWL,EQ,44.6,44.86,43.5,43.86,44.38,44.63,391087,17232966.82,24-Sep-2026,2695,INE0JYY01029
MIEL,SM,12.65,12.9,12.65,12.9,12.9,12.3,6000,76900.00,24-Sep-2026,3,INE0R3101011
MANIKA,BE,42,42.57,41.1,41.46,41.14,42.58,559031,23475990.06,24-Sep-2026,2544,INE0KWF01020
MANIPALHOS,EQ,760.6,763.2,736.25,742.5,740,760.95,952691,714336104.70,24-Sep-2026,36505,INE459N01021
MPIMANIPAL,EQ,364,375.8,357.1,359.95,359.4,372.6,1210487,443420723.80,24-Sep-2026,34757,INE241U01028
MANKIND,EQ,2442.6,2504.3,2442.6,2500,2500,2465,447288,1112163909.70,24-Sep-2026,38596,INE634S01028
MVGJL,EQ,219.46,220.55,213.36,214.8,214,221.29,228762,49587892.51,24-Sep-2026,4665,INE0KNT01012
MANOMAY,EQ,228.48,235.35,224.5,233.21,233,224.48,382971,88532844.51,24-Sep-2026,11933,INE784W01015
MANORAMA,EQ,1921.7,1931.4,1868.2,1882.7,1870,1929.4,133580,253044148.50,24-Sep-2026,20600,INE00VM01036
MANUGRAPH,EQ,24.26,24.26,21.56,22.02,22.3,23.52,466712,10694912.86,24-Sep-2026,2800,INE867A01022
MARALOVER,EQ,60.5,61,58,58.93,58.61,61.11,19526,1159270.27,24-Sep-2026,236,INE882A01013
MARATHON,EQ,421.9,421.9,406.65,410.8,410,419.4,35268,14594031.90,24-Sep-2026,1511,INE182D01020
MARC,ST,155.4,155.4,143.05,150.95,150.95,148.05,4800,715680.00,24-Sep-2026,4,INE0TD401015
MARCO,SM,29.45,29.7,29.4,29.7,29.7,29.35,4500,132825.00,24-Sep-2026,3,INE0QP001012
MARICO,EQ,830,831.65,820.05,824.55,824.55,832.3,919851,759944761.65,24-Sep-2026,33901,INE196A01026
MARINE,EQ,415,421.1,396,401.5,401.65,425.8,2132733,867365543.60,24-Sep-2026,51936,INE01JE01028
MARKOLINES,EQ,170.01,170.01,165.95,167.42,166.6,169.9,62571,10468482.32,24-Sep-2026,994,INE0FW001016
MARKSANS,EQ,345.8,350.95,336.15,337.4,336.9,347.6,2858544,981083612.40,24-Sep-2026,56948,INE750C01026
MARSONS,EQ,127.36,129.99,124,124.37,124.4,128.05,4536331,580118603.73,24-Sep-2026,10930,INE415B01044
MARUSHIKA,SM,114.25,117,114.25,117,117,116.65,2400,277500.00,24-Sep-2026,2,INE0X7G01013
MARUTI,EQ,12180,12184,11975,11990,11990,12230,393665,4754205667.00,24-Sep-2026,48739,INE585B01010
MDL,SM,69.95,69.95,64.95,64.95,64.95,60,2000,134900.00,24-Sep-2026,2,INE575Z01010
MASFIN,EQ,284.5,285.9,276,280.35,279.35,284.5,134842,37784995.60,24-Sep-2026,4435,INE348L01012
MASKINVEST,EQ,145.94,152,139.5,140.81,140,146.67,125,17811.73,24-Sep-2026,17,INE885F01015
MASON,SM,111.5,111.5,110,110,110,111,1500,166500.00,24-Sep-2026,3,INE0SH001010
MASTEK,EQ,1570,1579,1538,1543.6,1540,1573.3,64792,100729855.60,24-Sep-2026,9819,INE759A01021
MASTER,SM,392,395.1,392,395.05,395.05,400,1500,591075.00,24-Sep-2026,3,INE0OJM01017
MASTERTR,EQ,87.7,87.72,84.35,85.21,85.45,88.14,134087,11517779.81,24-Sep-2026,1328,INE677D01037
MATRIMONY,EQ,535,541.3,525,538.55,534.2,544.95,7656,4106756.80,24-Sep-2026,412,INE866R01028
MGSL,SM,68,70.7,66,66.65,66,69.45,15600,1063800.00,24-Sep-2026,13,INE132901013
MAWANASUG,EQ,133.07,135.38,130,130.7,131.99,133.07,138444,18310020.60,24-Sep-2026,2233,INE636A01039
MAXESTATES,EQ,620.35,652.8,605.3,616.8,612.55,603.2,1371303,868859917.05,24-Sep-2026,59524,INE03EI01018
MFSL,EQ,1406.7,1429.8,1360.1,1410,1410,1562.9,11421840,15924784955.40,24-Sep-2026,284662,INE180A01020
MAXHEALTH,EQ,1035,1055.8,1029,1046,1046,1059.9,2505137,2616952294.30,24-Sep-2026,48388,INE027H01010
MAXIND,EQ,151,151,148.02,149.22,149.92,149.82,18417,2750498.58,24-Sep-2026,685,INE0CG601016
MAXVOLT,SM,429,432.4,418,432.4,432.4,411.85,134000,57725600.00,24-Sep-2026,260,INE10A501018
MAYASHEEL,SM,35,35,33.3,33.35,33.3,34.5,18000,613800.00,24-Sep-2026,6,INE0ZTO01018
MAYURUNIQ,EQ,722.9,738.15,718,733.1,732,722.9,71013,51824785.30,24-Sep-2026,4258,INE040D01038
MAZDOCK,EQ,2205,2221.8,2189.2,2202,2202,2211.5,463672,1021295643.20,24-Sep-2026,26398,INE249Z01020
MAZDA,BE,262.8,267.55,261,267.55,267.55,254.85,15619,4166002.00,24-Sep-2026,150,INE885E01042
MBLINFRA,EQ,22.3,22.3,20.64,20.9,20.64,21.72,91520,1939095.32,24-Sep-2026,308,INE912H01013
MCLEODRUSS,EQ,46.1,47.8,44.84,44.84,44.84,47.2,445980,20379573.30,24-Sep-2026,1918,INE942G01012
MBECL,BE,447.46,447.46,447.46,447.46,447.46,438.69,4906,2195238.76,24-Sep-2026,76,INE748A01024
MCON,SM,41,41,41,41,41,41,1000,41000.00,24-Sep-2026,1,INE0O4M01019
MEDIASSIST,EQ,330,332.65,318.1,320.3,320.1,334.6,424095,137963631.30,24-Sep-2026,15609,INE456Z01021
MEDICAPQ,BE,25.05,25.09,24.39,24.99,24.99,25.09,460,11338.99,24-Sep-2026,10,INE442D01010
MMWL,EQ,13.7,14.38,13.35,14.38,14.38,13.7,82026,1165904.32,24-Sep-2026,195,INE200D01020
MEDICAMEQ,BE,320,326.75,304,306.5,307.15,319.95,16732,5237281.20,24-Sep-2026,323,INE646B01010
MEDIORG,SM,24.15,24.15,24.15,24.15,24.15,23,10000,241500.00,24-Sep-2026,3,INE0PE401018
MEDICO,EQ,32.9,33.25,32.2,32.5,32.79,32.65,133117,4331674.95,24-Sep-2026,1313,INE630Y01024
MEDISTEP,SM,18.45,19,18.45,19,19,18.3,12000,224850.00,24-Sep-2026,4,INE0UOY01019
MEDPLUS,EQ,661.75,661.75,653,654.25,656,662,52368,34314599.95,24-Sep-2026,5271,INE804L01022
MEESHO,EQ,235.01,239.66,232,232.84,232,236.37,13461160,3169910035.07,24-Sep-2026,95313,INE0VDM01015
MEGASTAR,EQ,277.5,277.5,254.55,260.9,258.6,277.6,8559,2258360.65,24-Sep-2026,405,INE00EM01016
MEGATHERM,SM,263.05,269.25,249,251.6,251,263.05,13200,3398480.00,24-Sep-2026,31,INE531R01010
MOL,EQ,61.3,61.31,58.9,59.56,59.88,61.63,643537,38578474.09,24-Sep-2026,4851,INE0CT101020
MIIL,EQ,699,706.85,694.1,703.9,705.25,698.1,47887,33600868.90,24-Sep-2026,1166,INE898Q01015
MENONBE,BE,303,305,288.1,293.25,296,301.25,41494,12307130.85,24-Sep-2026,683,INE071D01033
MENNPIS,BE,73.69,74.1,72.5,72.88,72.62,73.99,15961,1168660.59,24-Sep-2026,134,INE650G01029
MEP,BZ,0.65,0.65,0.63,0.65,0.65,0.64,5070,3256.99,24-Sep-2026,20,INE776I01010
MERCANTILE,EQ,22.98,22.98,21.95,22.59,22.55,22.01,1336,29734.84,24-Sep-2026,35,INE689O01013
MERCURYEV,EQ,38.24,39.13,37.82,38.87,39.09,38.72,345992,13346230.86,24-Sep-2026,2142,INE763M01028
METALIC,ST,171.7,171.7,171.7,171.7,171.7,163.55,32000,5494400.00,24-Sep-2026,13,INE1II801013
METROBRAND,EQ,911.1,911.15,878,884.55,880.05,911.1,63891,56984523.00,24-Sep-2026,10519,INE317I01021
METROGLOBL,EQ,128.4,128.4,128.4,128.4,128.4,130.38,200,25680.00,24-Sep-2026,12,INE085D01033
METROPOLIS,EQ,583.95,589.9,578.45,582.95,582.55,585.5,143495,83640038.25,24-Sep-2026,11618,INE112L01020
MICEL,BE,35.4,35.4,35.4,35.4,35.4,34.71,53721,1901723.40,24-Sep-2026,88,INE287C01037
MICROPRO,SM,17.1,18.25,17.1,18.25,18.25,17.45,3200,56560.00,24-Sep-2026,2,INE0PZK01014
MIDWESTLTD,EQ,1004.7,1004.7,931.2,942.6,943,993.4,57422,54992538.80,24-Sep-2026,4519,INE0XAD01024
MLKFOOD,EQ,83.29,84,80.54,83.12,84,82.88,5173,429362.14,24-Sep-2026,99,INE588G01021
MILKYMIST,EQ,323,333.11,305.1,309.16,310.9,317.25,9525794,3086993840.17,24-Sep-2026,95751,INE00IT01020
MILTON,SM,37,38,34.4,34.4,34.4,36.2,8800,322080.00,24-Sep-2026,3,INE376Y01016
MINALIND,BE,4.77,4.77,4.77,4.77,4.77,4.86,3261,15554.97,24-Sep-2026,19,INE097E01028
MINDACORP,EQ,683.9,687.9,675.05,680.3,679.1,689.05,91801,62657894.30,24-Sep-2026,10400,INE842C01021
MINDSPACE,RR,503.9,506.98,500.22,504.59,504.5,502.25,291548,147207047.30,24-Sep-2026,4377,INE0CCU25019
MINDTECK,EQ,159.65,159.99,154.95,155.37,156.4,159.65,17903,2805607.19,24-Sep-2026,746,INE110B01017
ALPHAETF,EQ,26.56,26.56,26,26.03,26.07,26.5,573387,15026412.15,24-Sep-2026,1478,INF769K01KU7
BANKETF,EQ,570.73,570.96,565.21,566.53,566.44,576.92,36849,20920376.59,24-Sep-2026,564,INF769K01KR3
BANKPSU,EQ,84,84.14,83.25,83.44,83.48,84.16,4131,345119.22,24-Sep-2026,98,INF769K01LZ4
CONSUMER,EQ,12.07,12.11,11.58,11.63,11.61,11.91,167936,1964985.17,24-Sep-2026,705,INF769K01NS5
DEFENCE,EQ,80.68,80.68,78.1,78.32,78.19,79.1,136239,10693761.65,24-Sep-2026,986,INF769K01QC2
DIVIDEND,EQ,35,35,34.67,34.71,34.71,35,6313,219784.49,24-Sep-2026,68,INF769K01PY8
ENERGY,EQ,38.89,38.89,37.59,37.64,37.73,38.13,142872,5392094.66,24-Sep-2026,1382,INF769K01PR2
EQUAL200,EQ,13.98,13.98,13.42,13.42,13.43,13.64,37157,500882.80,24-Sep-2026,97,INF769K01OA1
EQUAL50,EQ,317.03,331.66,317.03,320.14,320.05,325.16,4296,1379212.72,24-Sep-2026,78,INF769K01OO2
EVINDIA,EQ,32.35,32.35,31.3,31.35,31.42,31.72,849271,26662540.95,24-Sep-2026,1580,INF769K01LQ3
HEALTHCARE,EQ,22.53,22.53,21.75,21.99,21.99,22.09,41755,921781.21,24-Sep-2026,227,INF769K01QA6
HYBRIDETF,EQ,10.02,10.02,9.94,9.94,9.95,10.02,23475,234219.51,24-Sep-2026,86,INF769K01RJ5
INFRA,EQ,11.87,11.87,11.7,11.71,11.71,11.87,23762,279877.99,24-Sep-2026,275,INF769K01QB4
INTERNET,EQ,15.25,15.25,13.93,14.14,14.09,15.03,1864942,26539038.91,24-Sep-2026,1425,INF769K01PB6
ITETF,EQ,30.6,30.6,29.81,29.87,29.97,30,364066,10899349.69,24-Sep-2026,848,INF769K01KV5
LARGEMID50,EQ,35.33,35.35,35.05,35.1,35.1,35.61,889,31276.46,24-Sep-2026,29,INF769K01RK3
LIQUID,EQ,999.99,1000,999.99,999.99,999.99,999.99,297034,297031218.58,24-Sep-2026,174,INF769K01KS1
LIQUIDPLUS,EQ,1104.36,1104.51,1104.36,1104.49,1104.49,1104.36,1037533,1145946217.87,24-Sep-2026,258,INF769K01MY5
ESG,EQ,39.93,40.02,39.6,39.67,39.61,40.29,7060,280630.34,24-Sep-2026,97,INF769K01GS9
MAFANG,EQ,238.88,238.88,228.28,231.32,232.9,234.14,515916,119421636.95,24-Sep-2026,13322,INF769K01HF4
BFSI,EQ,26.58,26.75,25.94,26.04,26.01,26.58,682471,17794170.73,24-Sep-2026,1707,INF769K01HI8
GOLDETF,EQ,145.82,146.14,145.16,145.32,145.35,146.79,675967,98424557.63,24-Sep-2026,5598,INF769K01JP9
GSEC10YEAR,EQ,30.47,30.47,29.91,29.99,29.91,30.44,12692,382152.97,24-Sep-2026,46,INF769K01KF8
MAHKTECH,EQ,22.22,22.22,21.6,21.78,21.89,21.86,396306,8680031.63,24-Sep-2026,4104,INF769K01HS7
MIDCAPETF,EQ,23.42,23.42,22.98,23,23.02,23.43,4666905,108053593.89,24-Sep-2026,10639,INF769K01IC9
MAKEINDIA,EQ,167.08,167.08,160.68,160.93,160.7,163.01,19729,3191798.71,24-Sep-2026,515,INF769K01IB1
NIFTYETF,EQ,253.94,253.94,251.27,251.57,251.52,255.42,330384,83459378.89,24-Sep-2026,1483,INF769K01EG9
LOWVOL,EQ,204.09,204.09,197.73,198.01,198.01,200.09,1661,330608.43,24-Sep-2026,20,INF769K01JU9
NEXT50,EQ,742.72,746.08,737.76,738.93,738.94,748.46,30769,22809135.38,24-Sep-2026,2903,INF769K01FN2
SILVERAG,EQ,220.85,222.34,219.63,219.94,219.84,224.4,287976,63575435.63,24-Sep-2026,2707,INF769K01KG6
MASPTOP50,EQ,99.99,107.31,93.01,96.78,96.2,97.56,3529466,355399756.17,24-Sep-2026,27623,INF769K01HP3
METAL,EQ,13.57,13.57,13.15,13.18,13.19,13.4,1750256,23173060.13,24-Sep-2026,4653,INF769K01LY7
MIDSMALL,EQ,51.31,51.53,50.9,50.98,51.09,51.56,719033,36852375.79,24-Sep-2026,1196,INF769K01LJ8
MOMMIDCAP,EQ,12.98,12.98,12.76,12.79,12.79,12.98,2176041,27922032.61,24-Sep-2026,688,INF769K01RC0
MULTICAP,EQ,16.86,16.86,16.29,16.31,16.31,16.53,598600,9834172.14,24-Sep-2026,670,INF769K01LX9
SELECTIPO,EQ,48.49,48.65,47.46,47.51,47.49,48.93,67314,3232613.60,24-Sep-2026,222,INF769K01ON4
SENSEXETF,EQ,77.4,77.4,76,76.18,76.16,77.37,200011,15318113.90,24-Sep-2026,630,INF769K01KT9
SMALL250,EQ,18.7,18.7,18.2,18.23,18.26,18.5,466744,8525809.65,24-Sep-2026,1083,INF769K01PQ4
SMALLCAP,EQ,49.02,49.13,48.36,48.51,48.58,49.12,2008823,97839791.86,24-Sep-2026,4667,INF769K01LC3
TOP20,EQ,8.85,8.85,8.5,8.5,8.52,8.65,99666,851166.96,24-Sep-2026,422,INF769K01PZ5
VALUE,EQ,16.14,16.14,15.75,15.78,15.8,15.94,15227,240807.46,24-Sep-2026,103,INF769K01QV2
MIRZAINT,EQ,29.05,29.69,28.8,28.9,28.81,29.35,124507,3626103.96,24-Sep-2026,1145,INE771A01026
MIDHANI,EQ,415,415.7,403.7,406.9,406.8,416.2,437136,178836805.10,24-Sep-2026,13802,INE099Z01011
MITCON,EQ,88.5,91.98,84.17,89.25,87.15,82.62,106676,9456407.78,24-Sep-2026,1092,INE828O01033
MITTAL,EQ,0.75,0.75,0.74,0.74,0.75,0.74,653559,488476.68,24-Sep-2026,290,INE997Y01027
MMFL,EQ,610.8,623.2,609.1,612.75,613,614.65,36723,22579173.30,24-Sep-2026,3206,INE227C01017
MMP,EQ,465,470.4,446,453.95,463,464.8,55173,25084644.25,24-Sep-2026,2927,INE511Y01018
MMTC,EQ,60.54,60.6,57.45,57.97,58,60.47,2102337,123473626.47,24-Sep-2026,11334,INE123F01029
MODTHREAD,EQ,47,47.98,46.21,47.24,47.79,45.92,5968,281145.47,24-Sep-2026,59,INE794W01014
MODINATUR,EQ,356.2,359,331.3,338.5,343.85,352.65,8750,3005053.15,24-Sep-2026,422,INE537F01012
MODIRUBBER,EQ,121.51,122.8,119.1,119.99,119.2,121.51,2354,283009.57,24-Sep-2026,58,INE832A01018
MODIS,EQ,356.05,368,355.55,363.2,363.6,356.35,40714,14770026.80,24-Sep-2026,1383,INE0L0L01012
MODISONLTD,BE,477,477,455.2,457.35,457,472.8,73843,34177473.65,24-Sep-2026,1049,INE737D01021
MOHITIND,EQ,23.9,23.9,23.21,23.67,23.7,23.5,6977,165071.74,24-Sep-2026,84,INE954E01012
MOHITE,EQ,2.42,2.51,2.36,2.41,2.42,2.45,88251,213065.12,24-Sep-2026,122,INE154B01023
MOIL,EQ,246,250.9,243.75,245.38,246.03,248.7,423535,104611067.55,24-Sep-2026,12252,INE490G01020
MOKSH,EQ,10.06,10.18,9.9,9.92,9.95,10.13,52068,520052.90,24-Sep-2026,244,INE514Y01020
MOLBIO,EQ,1304.2,1321.6,1230,1246.2,1244.9,1313.2,727312,928997745.00,24-Sep-2026,31581,INE869T01028
MOLDTKPAC,EQ,681,686,668.1,672.95,674.55,679.95,41100,27806413.60,24-Sep-2026,3409,INE893J01029
MOLDTECH,BE,204.9,205,195.2,199.2,199.35,199.88,32494,6522496.89,24-Sep-2026,328,INE835B01035
MONARCH,EQ,358.35,369.9,358.35,365.6,365.9,363.45,55606,20363819.55,24-Sep-2026,1270,INE903D01011
MONEYBOXX,EQ,54.96,55.84,52.31,53.9,53.9,54.96,35634,1905171.99,24-Sep-2026,233,INE296Q01012
MONOLITH,SM,1200,1227.9,1160.1,1179.55,1182,1208.2,62750,74833062.50,24-Sep-2026,219,INE1DV401010
MONTECARLO,EQ,528.8,528.8,515.15,516.5,516.05,527.6,61524,32001535.85,24-Sep-2026,2152,INE950M01013
MOREPENLAB,EQ,121.94,122.57,115.56,116.6,116.8,122.35,9209711,1093373270.80,24-Sep-2026,37844,INE083A01026
MOS,SM,7.35,7.65,7.35,7.65,7.65,7.3,328000,2495600.00,24-Sep-2026,57,INE0N7S01028
MOSCHIP,EQ,204.9,206.28,202.05,203.24,202.95,207.32,855867,174844341.83,24-Sep-2026,13779,INE935B01025
MSUMI,EQ,34.75,35.35,34.63,34.7,34.84,34.98,13661765,476710155.66,24-Sep-2026,45922,INE0FS801015
MOM100,EQ,68.97,68.97,65.5,65.89,66.15,67.29,395664,26215607.66,24-Sep-2026,3889,INF247L01023
MON100,EQ,328,328.39,320,322.8,322.7,327.37,729468,235828502.35,24-Sep-2026,20788,INF247L01AP3
MOTILALOFS,EQ,1039.1,1044.9,1014,1022,1022,1042.5,869276,895132512.80,24-Sep-2026,29687,INE338I01027
MOM50,EQ,245,245,240.77,242.03,243.2,244.51,3609,876766.30,24-Sep-2026,144,INF247L01536
MOGSEC,EQ,65.3,65.4,64.51,64.72,64.67,65.44,3023,195969.28,24-Sep-2026,698,INF247L01AK4
MOALPHA50,EQ,55.69,56.49,54.57,55.01,55.03,55.69,7125,392738.35,24-Sep-2026,131,INF247L01FR8
MOBANK10,EQ,16.28,16.7,16.25,16.35,16.35,16.7,30346,498805.84,24-Sep-2026,126,INF247L01GV8
MOCAPITAL,EQ,53.98,54,52.88,53.18,53.38,53.88,791936,42375879.69,24-Sep-2026,3468,INF247L01EV3
MODEFENCE,EQ,103.5,105,102.6,102.77,102.88,103.76,1300097,134361317.59,24-Sep-2026,6721,INF247L01DJ0
MOENERGY,EQ,38.03,38.03,37.16,37.5,37.75,38.02,155453,5834629.92,24-Sep-2026,767,INF247L01GH7
MOGOLD,EQ,148.85,148.85,147.3,147.6,147.3,149.1,13760,2039630.80,24-Sep-2026,397,INF247L01FY4
MOHEALTH,EQ,53.5,53.5,52.23,52.55,52.69,52.8,73646,3876821.00,24-Sep-2026,545,INF247L01BB1
MOINFRA,EQ,58.14,58.2,57.47,58,58,58.32,1408,81439.38,24-Sep-2026,75,INF247L01FL1
MOIPO,EQ,48.74,48.76,47.37,47.62,47.5,48.97,14716,704248.46,24-Sep-2026,80,INF247L01GI5
MOLOWVOL,EQ,35.35,35.35,34.89,35.13,35.13,35.25,5203,183016.96,24-Sep-2026,42,INF247L01BL0
MOMENTUM50,EQ,54,54,53.26,53.46,53.6,54,354763,19056536.84,24-Sep-2026,12891,INF247L01DK8
MOMETAL,EQ,13.34,14.55,13.07,13.95,14.39,13.36,15247,200867.42,24-Sep-2026,54,INF247L01HG7
MOMGF,EQ,160.8,160.85,158.14,159.4,158.63,159.93,310,49419.52,24-Sep-2026,31,INF247L01FK3
MOMIDMTM,EQ,64.25,64.25,63.04,63.67,63.71,64.22,55321,3521655.80,24-Sep-2026,303,INF247L01FQ0
MOMNC,EQ,31,31.61,31,31.05,31.09,31.61,1346,42101.44,24-Sep-2026,31,INF247L01GK1
MOMOMENTUM,EQ,61.52,61.9,60.9,61.13,60.9,61.77,105178,6473115.41,24-Sep-2026,416,INF247L01BK2
MON50EQUAL,EQ,33.05,33.7,32.05,32.28,32.24,33.9,322366,10402157.36,24-Sep-2026,386,INF247L01FC0
MONEXT50,EQ,74.14,74.14,71.34,71.55,71.71,72.69,23374,1683351.74,24-Sep-2026,112,INF247L01FD8
MONIFTY100,EQ,24.67,24.67,24.4,24.45,24.45,24.67,20188,494994.96,24-Sep-2026,87,INF247L01GG9
MONIFTY500,EQ,24.1,24.1,23.04,23.18,23.2,23.52,891865,20733552.15,24-Sep-2026,2343,INF247L01BU1
MONQ50,EQ,182.63,241.52,164.01,209.44,216.1,202.92,5727244,1202478122.89,24-Sep-2026,89662,INF247L01AU3
MOOILGAS,EQ,11.17,11.17,10.87,10.89,10.92,11.06,34446,376692.80,24-Sep-2026,88,INF247L01HH5
MOPSE,EQ,98,98.18,97.56,97.57,97.57,98.42,1016,99579.98,24-Sep-2026,17,INF247L01FO5
MOQUALITY,EQ,194,194.26,192.5,193.41,193.49,195.28,1308,252914.72,24-Sep-2026,36,INF247L01BH8
MOREALTY,EQ,87.14,88.06,86.21,86.57,86.51,87.24,376495,32810190.33,24-Sep-2026,1750,INF247L01CI4
MOSERVICE,EQ,29.82,30.01,29.65,29.72,29.7,30.38,7848,233255.55,24-Sep-2026,112,INF247L01GJ3
MOSILVER,EQ,224.99,225.75,223.15,223.45,223.81,227.74,29471,6603233.38,24-Sep-2026,602,INF247L01FZ1
MOSMALL250,EQ,18.38,18.48,18.2,18.25,18.3,18.48,2054119,37672849.09,24-Sep-2026,2858,INF247L01CH6
MOTOUR,EQ,77.91,78.25,77.04,77.14,77.06,78.33,11220,870075.75,24-Sep-2026,170,INF247L01FP2
MOVALUE,EQ,112.28,112.28,110.41,110.69,111.12,111.73,61307,6810963.44,24-Sep-2026,851,INF247L01BE5
MOTISONS,EQ,18.89,19.78,18.6,18.79,18.79,18.89,150224923,2872400431.97,24-Sep-2026,268394,INE0FRK01020
MOTOGENFIN,EQ,26,26.39,25.65,25.7,25.9,26.09,13416,346743.33,24-Sep-2026,54,INE861B01023
MMEL,SM,29.35,29.8,29.35,29.8,29.8,29.35,6000,177800.00,24-Sep-2026,3,INE0XM301010
MOXSH,SM,90.15,95,90.15,95,95,94,3200,296240.00,24-Sep-2026,2,INE0N6D01014
MPDL,BE,27.11,28.05,27.11,28.05,28.05,28.51,264,7353.50,24-Sep-2026,3,INE493H01014
MPHASIS,EQ,2230,2277,2230,2248.2,2248.2,2259,151071,341358042.70,24-Sep-2026,15046,INE356A01018
MPSLTD,EQ,2694,2700.1,2610.1,2617,2618,2691.2,8543,22589832.20,24-Sep-2026,1878,INE943D01017
MRF,EQ,124300,124480,123520,123985,123980,124580,3125,387624430.00,24-Sep-2026,2130,INE883A01011
MRPL,EQ,165.7,166.9,163.61,164.49,164.3,166.32,2717313,447107472.63,24-Sep-2026,22791,INE103A01014
BECTORFOOD,EQ,220.77,221,215,215.68,216,219.3,540566,117515349.24,24-Sep-2026,15327,INE495P01020
MSPL,EQ,35.1,35.29,34.6,34.92,35.05,35.57,413570,14432728.97,24-Sep-2026,2343,INE752G01015
MSTCLTD,EQ,742.05,757.95,735,738.05,741.35,752.25,292006,217983259.85,24-Sep-2026,11381,INE255X01014
MTEDUCARE,BE,1.66,1.74,1.58,1.69,1.65,1.66,53463,91248.15,24-Sep-2026,35,INE472M01018
MTARTECH,BE,7164.5,7260,6960,7050,7095,7286.5,77908,555137136.50,24-Sep-2026,14578,INE864I01014
MUFIN,EQ,132.75,132.97,130.4,131.82,131,133.11,515045,67858577.00,24-Sep-2026,3527,INE08KJ01020
MUKANDLTD,EQ,157,161.4,154.1,155.26,154.46,157.11,1025053,161473259.82,24-Sep-2026,14329,INE304A01026
MUKESHB,EQ,126.5,127,126.5,127,127,132.98,40,5070.00,24-Sep-2026,3,INE596B01017
MUKKA,BE,26.7,27.65,26.11,27.04,27.28,27.1,202056,5470762.50,24-Sep-2026,915,INE0CG401037
MUKTAARTS,BE,57.89,57.89,57.4,57.4,57.4,57.89,17,976.29,24-Sep-2026,2,INE374B01019
MCX,EQ,3365,3477,3351.1,3427.7,3427.7,3374,4133428,14176844356.20,24-Sep-2026,167893,INE745G01043
MUNISH,SM,94.95,94.95,89.7,89.95,89.85,94.95,21600,1971780.00,24-Sep-2026,17,INE1K8Y01018
MUNJALAU,EQ,106.45,106.99,104.32,105.34,106.02,107.27,237491,25038458.90,24-Sep-2026,7929,INE672B01032
MUNJALSHOW,EQ,132.5,132.9,128.3,128.9,128.5,133.44,39135,5103084.86,24-Sep-2026,540,INE577A01027
MURUDCERA,EQ,29.9,29.9,28.5,28.57,28.52,29.06,8117,232689.95,24-Sep-2026,161,INE692B01014
RADIOCITY,EQ,6.14,6.14,5.92,5.98,5.98,6.04,40424,242944.93,24-Sep-2026,155,INE919I01024
MUTHOOTCAP,EQ,228.37,233.49,225,231.03,231.75,227.71,12323,2825044.80,24-Sep-2026,483,INE296G01013
MUTHOOTFIN,EQ,2825,2855,2808.1,2825.3,2825.3,2856.5,460320,1302706009.50,24-Sep-2026,58890,INE414G01012
MUTHOOTMF,EQ,189,189,182.5,183.4,183.3,189.19,137330,25384128.02,24-Sep-2026,3487,INE046W01019
MVELECTRO,EQ,867,867,811.55,818.5,819,871.6,903917,756262302.25,24-Sep-2026,22312,INE0OWZ01020
MYSORPETRO,BE,131.49,131.49,125.25,127.2,129.8,129.89,435,55699.50,24-Sep-2026,15,INE741A01011
NRAIL,EQ,659.25,674.95,630.15,637.75,649.8,657.9,13942,9150790.90,24-Sep-2026,1362,INE740D01017
NRVANDANA,SM,71.7,71.7,71.7,71.7,71.7,71.6,9000,645300.00,24-Sep-2026,1,INE104101014
NTCIND,EQ,140,144.1,137,139.02,139.2,141.63,193,26861.05,24-Sep-2026,27,INE920C01017
NBIFIN,EQ,1959.3,1959.3,1920.1,1923.7,1921.9,1948.9,166,319873.60,24-Sep-2026,69,INE365I01020
NACLIND,EQ,139,143.2,137.5,139.33,139.48,139.23,488457,68422508.07,24-Sep-2026,9955,INE295D01020
NDGL,EQ,2639.9,2645,2572,2576,2575.5,2579,100,263402.10,24-Sep-2026,22,INE756C01015
NAGREEKCAP,EQ,29.8,30,28.21,29.55,29.21,30.2,25722,753413.12,24-Sep-2026,402,INE245I01016
NAGREEKEXP,EQ,25.35,27,23.9,24.02,24,24.21,381260,9732039.51,24-Sep-2026,1555,INE123B01028
NAHARCAP,EQ,253.55,253.55,242.55,248,243.05,252.3,10097,2522088.70,24-Sep-2026,70,INE049I01012
NAHARINDUS,EQ,130.09,132.1,128.1,128.71,129.8,131.86,17158,2221984.88,24-Sep-2026,331,INE289A01011
NAHARPOLY,EQ,231,235.35,225,226.47,226,228.81,5141,1173222.74,24-Sep-2026,291,INE308A01027
NAHARSPING,EQ,282,283.8,267.8,270.6,270.1,277.45,21449,5846389.25,24-Sep-2026,584,INE290A01027
NGIL,EQ,40.17,40.5,39,39.33,39.19,39.78,1694,66546.12,24-Sep-2026,32,INE236Y01012
NSIL,EQ,5575,5621.5,5480,5502,5481.5,5624,1918,10642633.00,24-Sep-2026,432,INE023A01030
NAMAN,SM,44.5,46.3,44.5,46.3,46.3,44.1,72000,3331200.00,24-Sep-2026,25,INE0RJM01010
NAMOEWASTE,SM,305,305,288.8,295.25,299,311.75,68800,20531640.00,24-Sep-2026,86,INE08NZ01012
NDL,EQ,2.77,2.8,2.68,2.69,2.7,2.76,1208977,3301575.87,24-Sep-2026,1192,INE875G01048
JAIPURKURT,EQ,24.95,25.3,24.31,25.26,25.3,24.95,7243,181722.75,24-Sep-2026,58,INE696V01013
NH,EQ,1908.9,1909.9,1870,1877.7,1875,1919.3,68468,129490486.80,24-Sep-2026,11316,INE410P01011
NARMADA,EQ,13.25,13.45,13.06,13.24,13.17,13.34,582800,7679421.95,24-Sep-2026,483,INE117Z01029
NATCOPHARM,EQ,835,855,832.25,842,842.1,837.6,524314,443891416.00,24-Sep-2026,28502,INE987B01026
NATHBIOGEN,EQ,149.5,151.49,148.3,150.21,150.8,148.02,8860,1327340.79,24-Sep-2026,389,INE448G01010
NATIONALUM,EQ,355.95,361.65,354.4,358.4,358.4,363.45,3247810,1164969086.75,24-Sep-2026,42838,INE139A01034
NFL,EQ,67.4,67.4,66.52,66.72,66.7,67.84,317524,21241908.24,24-Sep-2026,2400,INE870D01012
NATIONSTD,EQ,116,116,109.57,115.11,115.18,113.38,20720,2352127.36,24-Sep-2026,572,INE166R01015
NATCAPSUQ,BE,174.73,174.73,167,168.9,167,172.67,4726,804428.83,24-Sep-2026,63,INE936B01015
NAVA,EQ,547.05,561,546.55,557,557.8,553.65,276326,153269778.00,24-Sep-2026,15629,INE725A01030
NAVINFLUOR,EQ,8400,8559.5,8400,8461,8446,8457.5,58189,492911774.50,24-Sep-2026,13946,INE048G01026
NAVKARCORP,EQ,87.95,88.94,86.93,87.82,88,87.94,434942,38303357.86,24-Sep-2026,5707,INE278M01019
NAVKARURB,EQ,0.94,0.94,0.91,0.91,0.92,0.93,461734,422140.92,24-Sep-2026,231,INE268H01044
NAVNETEDUL,EQ,123.5,124.71,121.91,123.4,122.31,123.75,137001,16894746.98,24-Sep-2026,1418,INE060A01024
NAZARA,EQ,367,380,367,374.55,374.1,372.7,1869672,702415639.70,24-Sep-2026,27375,INE418L01047
NBCC,EQ,83.3,83.68,81.83,82.34,82.34,83.99,4925562,407797698.04,24-Sep-2026,27966,INE095N01031
NCC,EQ,135.1,135.89,133,133.42,133.59,136.05,1311315,175667521.75,24-Sep-2026,16896,INE868B01028
NCLIND,EQ,176.96,178,171.9,176.07,176,176.22,22175,3906466.78,24-Sep-2026,750,INE732C01016
NDLVENTURE,EQ,124.06,124.06,121.16,122.25,122,124.06,1217,148633.46,24-Sep-2026,64,INE353A01023
NDRAUTO,EQ,752.5,780,748.5,754.2,756,763.15,35359,27161740.90,24-Sep-2026,1762,INE07OG01012
NDTV,EQ,71.96,72.08,69.12,69.93,69.51,71.11,65162,4587620.41,24-Sep-2026,1441,INE155G01029
NECLIFE,EQ,11.18,11.18,10.85,10.88,10.85,11.06,94617,1039549.35,24-Sep-2026,423,INE023H01027
NELCAST,EQ,105.39,110.75,105.39,108.89,110.75,106.98,67799,7332466.76,24-Sep-2026,1417,INE189I01024
NELCO,EQ,1020,1030.4,986.5,993.05,993.95,1020.75,180049,181859536.25,24-Sep-2026,7596,INE045B01015
NEOCHEM,SM,101.05,104.95,101.05,104.75,104.75,105.85,12000,1237920.00,24-Sep-2026,10,INE21UM01018
NEOGEN,EQ,2390.2,2411.5,2296.7,2326.1,2326,2392.1,231587,545149760.30,24-Sep-2026,31329,INE136S01016
NEPHROCARE,SM,98.4,101,92.65,96.45,96.1,98.45,41600,4034220.00,24-Sep-2026,85,INE0SUN01013
NEPHROPLUS,EQ,718.4,718.4,701,709.5,709.85,741.9,9381845,6637817606.85,24-Sep-2026,65879,INE428V01029
NEPTUNE,SM,185,185,183.1,183.1,183.1,184.9,2000,368100.00,24-Sep-2026,4,INE156901014
NESCO,EQ,1062,1088.2,1062,1073.5,1078,1078.5,23461,25293541.30,24-Sep-2026,3900,INE317F01035
NESTLEIND,EQ,1355.7,1386,1350.2,1351,1351,1387.2,800885,1090859928.60,24-Sep-2026,38759,INE239A01024
NETWEB,EQ,4685,4719.5,4633,4661.5,4680,4736,501756,2348387672.00,24-Sep-2026,40765,INE0NT901020
NPST,EQ,1835.4,1852.2,1775,1782.3,1786,1844.7,54106,97751292.80,24-Sep-2026,6262,INE0FFK01017
NETWORK18,EQ,26.9,27.29,26.62,26.97,26.9,27.14,2143083,57785003.56,24-Sep-2026,5510,INE870H01013
NEUEON,BE,13.71,13.71,13.71,13.71,13.71,13.06,4288,58788.48,24-Sep-2026,12,INE333I01044
NEULANDLAB,EQ,22450,22595,21800,21905,21940,22490,81922,1810104725.00,24-Sep-2026,22180,INE794A01010
NEWGEN,EQ,498.1,505.1,490.05,493.6,493,504.15,338272,168373549.40,24-Sep-2026,13123,INE619B01017
NEWJAISA,ST,16.4,17.6,16.35,17.45,17.6,17.15,40500,678225.00,24-Sep-2026,13,INE0PW501021
NMSTEEL,SM,23.45,23.45,20,21.45,21.45,22,27200,580560.00,24-Sep-2026,16,INE0TP801012
NEXTMEDIA,EQ,3.79,3.79,3.61,3.62,3.68,3.79,45315,166097.09,24-Sep-2026,81,INE747B01016
NXST,RR,166.49,166.9,164.4,166.42,166.9,166.21,2402560,399344526.51,24-Sep-2026,9873,INE0NDH25011
NFPSAMPOOR,SM,22.95,22.95,22.5,22.5,22.5,22.75,8000,181200.00,24-Sep-2026,4,INE0T1501010
NGLFINE,EQ,2801,2965,2760.1,2894.9,2900,2830.4,24655,71502955.90,24-Sep-2026,3779,INE887E01022
NHPC,EQ,76.17,76.77,75.77,76.25,76.25,76.74,8150246,621792425.58,24-Sep-2026,34289,INE848E01016
NIBE,EQ,1348.7,1348.7,1290,1297.2,1302,1346.9,47737,62452921.10,24-Sep-2026,4223,INE149O01018
NICCOPAR,EQ,77.1,80.89,77.1,80.49,80.49,80,363,28777.74,24-Sep-2026,30,INE653C01022
NIDAN,SM,13.5,13.95,12.9,13.15,13.2,13.7,19000,253500.00,24-Sep-2026,15,INE0J6L01013
NIITMTS,EQ,217.7,221.5,215,217.57,217.38,220.27,85624,18587540.00,24-Sep-2026,6581,INE342G01023
NIITLTD,EQ,90.41,91.23,89.17,89.9,89.52,91.67,115883,10444291.81,24-Sep-2026,1936,INE161A01038
NIKITA,SM,67,67.95,66.1,66.1,66.1,65,16800,1127880.00,24-Sep-2026,14,INE0FLF01015
NILAINFRA,EQ,7,7.39,6.83,7.06,7.1,6.82,528500,3786329.12,24-Sep-2026,1200,INE937C01029
NILASPACES,EQ,11.81,11.81,11.38,11.43,11.48,11.81,867119,10023507.43,24-Sep-2026,2022,INE00S901012
NILE,EQ,1430,1445.9,1360,1388,1383,1436.6,6441,9014470.00,24-Sep-2026,994,INE445D01013
NILKAMAL,EQ,1865,1918.4,1865,1883.7,1891,1880.2,25578,48370740.20,24-Sep-2026,3490,INE310A01015
NIMBSPROJ,EQ,193.96,203.6,187.73,199.44,195.25,194.79,36190,7006736.58,24-Sep-2026,600,INE875B01015
NINSYS,EQ,710,714.8,703.95,713.05,713,710.3,1685,1198466.65,24-Sep-2026,216,INE395U01014
BANKBEES,EQ,586,586,570.93,575.88,577.51,585.57,806404,465116555.16,24-Sep-2026,15203,INF204KB15I9
CONSUMBEES,EQ,129.78,129.78,126.67,127.1,127.41,128.81,40878,5209403.85,24-Sep-2026,1112,INF204KA1LD7
DIVOPPBEES,EQ,75.48,75.48,74,74.43,74.6,74.86,38679,2873849.13,24-Sep-2026,772,INF204KA1MS3
NV20BEES,EQ,135,135.18,133.73,134.21,134.58,135.55,31301,4204756.57,24-Sep-2026,414,INF204KB18I3
GOLDBEES,EQ,124,124.28,123.22,123.43,123.47,124.73,20039975,2481352562.82,24-Sep-2026,93111,INF204KB17I5
HNGSNGBEES,EQ,461.52,462,458.05,460.02,461,461.52,105194,48385206.37,24-Sep-2026,3667,INF204KB19I1
INFRABEES,EQ,937.79,938.81,924,926.98,931.27,937.79,12622,11723270.03,24-Sep-2026,608,INF732E01268
ITBEES,EQ,32.25,32.25,31.2,31.32,31.35,31.47,6899204,216952119.64,24-Sep-2026,15482,INF204KB15V2
JUNIORBEES,EQ,780.62,781.54,772.08,773.76,773.1,784.54,322504,250573178.80,24-Sep-2026,10800,INF732E01045
LIQUIDBEES,EQ,999.99,1000.01,999.99,999.99,1000,1000,2147668,2147663211.98,24-Sep-2026,4055,INF732E01037
LTGILTBEES,EQ,30,30,29.61,29.62,29.64,29.79,1537754,45625599.35,24-Sep-2026,850,INF204KB1882
MID150BEES,EQ,236.9,236.9,232.42,233.02,233.48,237.36,856091,200477133.79,24-Sep-2026,15511,INF204KB1V68
NIF100BEES,EQ,261,261,256.01,257.89,258.5,261,29815,7705673.58,24-Sep-2026,761,INF204K014N5
NIFTYBEES,EQ,274,274,263.3,263.99,264.98,267.59,8101315,2143059243.84,24-Sep-2026,131054,INF204KB14I2
PSUBNKBEES,EQ,95.51,95.51,92.1,92.45,92.47,93.19,1171527,108366692.54,24-Sep-2026,5272,INF204KB16I7
SHARIABEES,EQ,437.41,441.8,432.23,433.87,440.9,437.41,6880,2989438.49,24-Sep-2026,466,INF732E01128
NAM-INDIA,EQ,1159,1170.6,1130.9,1144.9,1144.9,1165,985413,1132155504.60,24-Sep-2026,33111,INE298J01013
LIQGRWBEES,EQ,1056.7,1056.72,1056.7,1056.71,1056.71,1056.58,45129,47688005.01,24-Sep-2026,185,INF204KC1FU1
MANUFGBEES,EQ,157.2,160.77,157.2,159,159.72,160.41,39814,6380869.97,24-Sep-2026,131,INF204KC1GH6
AUTOBEES,EQ,280,281.29,277,277.2,277.4,280.54,179921,50083147.26,24-Sep-2026,3203,INF204KC1337
PHARMABEES,EQ,28.58,28.58,27.71,27.8,27.79,27.89,4033114,112549511.70,24-Sep-2026,9397,INF204KC1089
SILVERBEES,EQ,217.89,218.43,215.75,215.95,216.24,220.26,17227623,3739568644.31,24-Sep-2026,74817,INF204KC1402
SNXT30BEES,EQ,41.98,42.05,41.7,41.75,41.85,42.28,3757,157218.82,24-Sep-2026,86,INF204KC1EZ3
NIRAJ,EQ,28.55,29.51,27.8,29.13,29.15,27.99,58167,1679908.51,24-Sep-2026,202,INE368I01016
NIRAJISPAT,BE,273,285.6,273,278,278,274.8,300,83138.55,24-Sep-2026,19,INE326T01011
NIRLON,EQ,612.8,615,605,607.15,609.75,610.05,6139,3742949.90,24-Sep-2026,255,INE910A01012
NIRMAN,SM,27.1,27.25,26.25,26.6,26.6,27.1,9600,256995.00,24-Sep-2026,30,INE0OK701014
NITCO,EQ,91.1,92.38,89.3,90.03,89.91,92.38,228235,20743008.33,24-Sep-2026,2548,INE858F01012
NITINSPIN,EQ,613,621.5,599.5,605.55,608,617.8,59443,36141915.20,24-Sep-2026,3668,INE229H01012
NITIRAJ,EQ,224.27,228.38,216.02,226.25,227.99,228.34,1530,343864.01,24-Sep-2026,81,INE439T01012
NITTAGELA,EQ,1729.5,1739.9,1691.2,1699.5,1696.8,1730.2,1116,1904453.60,24-Sep-2026,198,INE265B01019
NIVABUPA,EQ,78,78.69,75.97,76.13,76.1,80.23,1747075,134470971.75,24-Sep-2026,31384,INE995S01015
NKIND,EQ,56.78,60,56.78,59.34,59.99,56.78,297,16983.56,24-Sep-2026,15,INE542C01019
NLCINDIA,EQ,267,267.05,261.75,263.25,264,267.1,1007201,265525278.65,24-Sep-2026,20100,INE589A01014
NMDC,EQ,81.1,82.09,80.8,80.82,80.82,82,5166455,420336177.97,24-Sep-2026,35442,INE584A01023
NSLNISP,EQ,43.8,44.18,42.43,42.54,42.62,43.95,3626151,156486130.71,24-Sep-2026,18248,INE0NNS01018
NOCIL,EQ,204.91,204.91,187,191.4,192.01,206.3,4920382,949287090.56,24-Sep-2026,53847,INE163A01018
NOIDATOLL,EQ,3.98,4.01,3.87,3.92,3.96,3.93,67357,266846.22,24-Sep-2026,252,INE781B01015
NORBTEAEXP,EQ,65.55,68.6,65.55,67.88,68,65.55,989,66311.79,24-Sep-2026,27,INE369C01017
NECCLTD,BE,19.31,19.59,18.61,19.39,19.05,19.54,65054,1243287.28,24-Sep-2026,164,INE553C01016
NORTHARC,EQ,307,309.95,301.5,303,303,313.8,825722,251330225.90,24-Sep-2026,20532,INE850M01015
NOVAAGRI,EQ,23.4,23.4,22.85,23.01,23.25,23.11,45976,1059166.30,24-Sep-2026,365,INE02H701025
NOVARTIND,EQ,2027.4,2034.8,1955,1971.4,1977,2027.4,30262,60375590.70,24-Sep-2026,3122,INE234A01025
NRBBEARING,EQ,538,540.6,526.2,528.9,532,541.05,342989,183312477.95,24-Sep-2026,15821,INE349A01021
NIBL,EQ,33.98,34.2,32.1,32.61,32.5,33.52,47316,1566753.68,24-Sep-2026,281,INE047O01014
NTPCGREEN,EQ,94.6,95.98,93.36,95.43,95.21,95.42,5272785,502306855.38,24-Sep-2026,41775,INE0ONG01011
NTPC,EQ,326.95,327.7,324.4,326.6,326.6,326,7662580,2500370084.50,24-Sep-2026,86371,INE733E01010
NUCLEUS,EQ,681.05,687.95,673.2,675.15,674,685,9954,6773863.15,24-Sep-2026,1020,INE096B01018
NRL,BE,167.26,167.26,165,165,165,166.26,147046,24486355.81,24-Sep-2026,400,INE0JM501013
NURECA,BE,341,346,336,342.35,346,335.6,8362,2859110.90,24-Sep-2026,138,INE0DSF01015
NUVAMA,EQ,1685,1719.9,1671.1,1695.4,1698.7,1688.2,256618,436117323.30,24-Sep-2026,23565,INE531F01023
NUVOCO,EQ,342.95,343.4,333.6,335,338,344.75,259668,87629280.85,24-Sep-2026,14434,INE118D01016
NXT-INFRA,IV,99.8,99.8,97.5,97.5,97.5,99.8,575000,56120000.00,24-Sep-2026,4,INE0SF023016
OBCL,EQ,60.27,60.49,58.1,59.42,59.4,60.27,16912,1017058.34,24-Sep-2026,138,INE426Z01016
OBEROIRLTY,EQ,1815,1874.7,1815,1837.5,1837.5,1850,468799,869711857.20,24-Sep-2026,31416,INE093I01010
OBSCP,SM,955,972,920,931.25,945,952.6,42000,39942540.00,24-Sep-2026,102,INE0YHV01011
OCCLLTD,BE,156.5,160.3,152.4,159.69,160,155.17,59420,9438000.79,24-Sep-2026,346,INE0PK601023
ODIGMA,EQ,21.1,21.11,20.75,20.96,21,21.1,6093,127335.75,24-Sep-2026,207,INE054301028
ODYCORP,EQ,7.27,7.27,6.9,7.02,7.22,7.13,11794,81786.12,24-Sep-2026,85,INE839E01023
ONGC,EQ,235.5,239,235.23,239,239,236.9,8493746,2008232699.26,24-Sep-2026,76677,INE213A01029
OILCOUNTUB,BE,69.5,70.89,69.1,70.89,70.89,69.5,39504,2793752.07,24-Sep-2026,103,INE591A01010
OIL,EQ,470.55,479,469.15,479,479,470,1490649,705725901.30,24-Sep-2026,26606,INE274J01014
OLAELEC,EQ,41.05,44.55,40.91,42.52,42.1,41.87,376053325,16053629403.36,24-Sep-2026,547117,INE0LXG01040
OLECTRA,EQ,1270.3,1272.7,1240,1244,1245.8,1275.9,349647,437943391.20,24-Sep-2026,20628,INE260D01016
OMFREIGHT,BE,90.65,92.95,88.26,91.83,92,92.26,13595,1240720.79,24-Sep-2026,86,INE1BZC01019
OMINFRAL,EQ,78.5,79.59,78.05,78.45,78.2,78.34,33406,2624369.47,24-Sep-2026,678,INE239D01028
OMPOWER,EQ,171.01,171.01,165.05,166.03,165.5,170.39,28076,4696274.15,24-Sep-2026,808,INE25E901019
OMAXAUTO,EQ,214.69,217.2,196.34,201.62,199.9,209.94,279300,57380452.96,24-Sep-2026,4787,INE090B01011
OMAXE,EQ,122.7,123.77,116.91,117.67,117.11,123.13,596007,71129157.62,24-Sep-2026,7235,INE800H01010
OMFURN,SM,52.95,53,52.95,52.95,53,53.95,2400,127140.00,24-Sep-2026,2,INE338Y01016
OMNI,EQ,550,556.15,545.1,547.85,547.5,553.7,356073,196023981.30,24-Sep-2026,12220,INE0UH301010
ONDOOR,SM,269.95,272,265.4,271,271,268,3000,810105.00,24-Sep-2026,7,INE00ER01015
PAYTM,EQ,1768,1784.7,1730.3,1735.5,1735.5,1775,3538274,6217438465.90,24-Sep-2026,93411,INE982J01020
ONEGLOBAL,EQ,552,552,528.05,530.9,529.95,543.35,8979,4833676.70,24-Sep-2026,637,INE670O01013
MOBIKWIK,EQ,202,206.6,198.26,203.8,203.85,202.93,1821686,370496550.26,24-Sep-2026,21676,INE0HLU01028
ONEPOINT,EQ,70.5,72.4,68.41,69.31,69.54,68.41,5430134,379902181.98,24-Sep-2026,37671,INE840Y01029
OLIL,SM,429.3,433.9,421,422.75,421,434.6,75200,32064740.00,24-Sep-2026,55,INE0OPS01011
ONELIFECAP,BE,35.69,36,34.5,35.81,34.85,35.09,87253,3079219.16,24-Sep-2026,150,INE912L01015
KISSHT,EQ,351,351,335.1,337.3,337.75,355.15,1679730,574227461.95,24-Sep-2026,37085,INE12F801023
ONESOURCE,EQ,1596.5,1605,1579.2,1594.6,1603,1596.7,104912,166924840.80,24-Sep-2026,12715,INE013P01021
ONIDA,EQ,34,34.63,33.16,33.28,33.5,34.3,209547,7046618.90,24-Sep-2026,804,INE831A01028
ONIXSOLAR,EQ,291.2,321.8,291.2,321.8,321.8,306.5,455503,141457652.15,24-Sep-2026,4845,INE173M01012
ONMOBILE,BE,52.8,53.8,50.5,52.42,52.9,52.09,47576,2500584.75,24-Sep-2026,363,INE809I01019
ONWARDTEC,EQ,288.1,291.35,284.9,287.25,287.1,294,15168,4370680.50,24-Sep-2026,394,INE229A01017
ONYX,ST,36,36,36,36,36,36.1,4000,144000.00,24-Sep-2026,1,INE0WVU01018
OPTIEMUS,EQ,820,820,771,781.5,777.65,828.35,1597081,1279721781.70,24-Sep-2026,50012,INE350C01017
OPTIFIN,EQ,15.41,15.98,14.51,14.98,15.1,15.46,166891,2503013.19,24-Sep-2026,431,INE031G01022
OPTIMYSTIX,SM,137.5,137.5,130,133.15,132.9,136.65,136800,18078040.00,24-Sep-2026,76,INE1JZB01022
OPTIVALUE,ST,230,234.6,224.6,229.55,230,223.45,416000,96915600.00,24-Sep-2026,141,INE15B101011
OFSS,EQ,10600,10995,10600,10925,10925,10849,142508,1553385516.00,24-Sep-2026,27793,INE881D01027
ORBTEXP,BE,228,234.9,225.5,227,227,228.36,234,53010.75,24-Sep-2026,10,INE231G01010
ORCHASP,EQ,1.39,1.4,1.35,1.35,1.37,1.37,80865,110612.97,24-Sep-2026,180,INE215B01022
ORCHPHARMA,EQ,1100,1141,1088.05,1096.15,1092.1,1102.05,139255,155417018.55,24-Sep-2026,12603,INE191A01027
ORIANA,SM,315,315,301,303.7,303,308.3,329625,100911618.75,24-Sep-2026,759,INE0OUT01027
ORICONENT,EQ,54.37,54.37,51.2,51.77,52.38,53.84,21083,1105798.90,24-Sep-2026,593,INE730A01022
ORIENTBELL,EQ,393.7,393.7,387.55,391.05,390.8,391.5,8776,3423308.70,24-Sep-2026,576,INE607D01018
ORIENTCEM,EQ,124.7,124.7,122.02,122.32,122.3,124.89,330197,40624618.08,24-Sep-2026,2345,INE876N01018
ORIENTCER,EQ,47.7,47.99,45.5,46.83,47.38,47.7,81986,3842972.23,24-Sep-2026,1146,INE569C01020
ORIENTELEC,EQ,168,168,163.3,163.98,163.5,168.08,132569,21860490.07,24-Sep-2026,3046,INE142Z01019
GREENPOWER,EQ,9.1,9.11,8.98,9,9,9.08,1935904,17455623.05,24-Sep-2026,2991,INE999K01014
ORIENTHOT,EQ,144.3,144.3,139.15,140.41,140.5,143.58,422911,60056248.53,24-Sep-2026,2709,INE750A01020
ORIENTPPR,EQ,16.94,17.04,16.7,16.8,16.9,16.9,136291,2289538.82,24-Sep-2026,1239,INE592A01026
ORIENTLTD,BE,79.1,79.5,79.1,79.5,79.5,80.19,152,12036.00,24-Sep-2026,3,INE609C01024
ORIENTTECH,EQ,241.95,243.97,234.1,235.2,235.7,238.06,130674,30837180.63,24-Sep-2026,2676,INE0PPK01015
OAL,EQ,555.6,555.6,531,532.3,533,558.35,26526,14365336.90,24-Sep-2026,1489,INE959C01023
ORIRAIL,EQ,127.8,127.95,124.04,125.17,124.4,126.81,52651,6615723.73,24-Sep-2026,1336,INE457G01029
ORIENTALTL,EQ,4.94,5.04,4.92,4.96,4.93,4.96,56769,282396.30,24-Sep-2026,212,INE998H01012
ORISSAMINE,EQ,3780.5,3830,3701.1,3716.9,3711,3841.2,9457,35448014.40,24-Sep-2026,1948,INE725E01024
ORKLAINDIA,EQ,562.8,562.8,543,545.95,544,557.45,91120,50084465.85,24-Sep-2026,9455,INE16NZ01023
ORTINGLOBE,EQ,15.29,15.3,14.63,14.75,14.75,15.1,6081,92125.15,24-Sep-2026,24,INE749B01020
OSELDEVICE,SM,410.95,411,386,390.85,394.8,404.65,36200,14282020.00,24-Sep-2026,127,INE0RMF01018
OSIAHYPER,BE,2.22,2.24,2.15,2.21,2.2,2.2,178849,395163.00,24-Sep-2026,306,INE06IR01021
OSWALAGRO,EQ,34.55,34.99,33.81,33.88,34.31,34.96,21272,726156.32,24-Sep-2026,244,INE142A01012
OSWALGREEN,EQ,20.08,20.26,19.86,19.9,19.9,20.2,37809,754689.35,24-Sep-2026,438,INE143A01010
OSWALPUMPS,EQ,285.95,285.95,278,280.25,279.25,284.25,384808,107763297.10,24-Sep-2026,8261,INE0BYP01024
OWAIS,ST,75.7,77.1,74.1,74.1,74.1,75.6,5700,432010.00,24-Sep-2026,34,INE0R8M01017
PBMPOLY,EQ,63.68,63.68,63.68,63.68,63.68,63.68,151,9615.68,24-Sep-2026,6,INE501F01018
PNGJL,EQ,604.95,604.95,586.55,591.2,591,605,317687,189315904.20,24-Sep-2026,16697,INE953R01016
POEL,EQ,140.56,153,138.61,146.7,147,140.57,53141,7820952.59,24-Sep-2026,1700,INE035S01028
PGHH,EQ,7193.5,7199,7068.5,7093,7086,7193.5,17683,125908194.50,24-Sep-2026,5164,INE179A01014
PACEDIGITK,EQ,167,169,164,167.36,167.01,169.39,673951,111800220.82,24-Sep-2026,10108,INE0S3G01027
PACIFICI,EQ,136,140,129.99,136.14,136.99,142.34,963,128040.09,24-Sep-2026,70,INE883C01025
PAGEIND,EQ,37015,37705,37010,37500,37500,37340,16407,614749765.00,24-Sep-2026,8521,INE761H01022
PAISALO,EQ,89.94,92.9,87.8,89.45,89,90.39,11349620,1021875381.50,24-Sep-2026,32965,INE420C01059
PAKKA,EQ,77,77.49,75.26,76.25,76.5,77.15,90009,6866986.00,24-Sep-2026,1897,INE551D01018
PALASHSECU,EQ,87.99,87.99,84.05,84.11,84.11,85.69,2652,226468.65,24-Sep-2026,60,INE471W01019
PALREDTEC,EQ,45.2,49,45.2,46.09,47.88,46.73,1880,88185.84,24-Sep-2026,31,INE218G01033
PANACEABIO,EQ,380,383.2,372.25,374.75,376.75,381.75,42969,16252257.50,24-Sep-2026,1446,INE922B01023
PANACHE,BE,518,518,514.9,514.9,514.9,519.75,1558,804544.70,24-Sep-2026,22,INE895W01019
PANAMAPET,EQ,478,485.35,475.2,480.6,483,480.7,110951,53249054.00,24-Sep-2026,4072,INE305C01029
PANCHMAHQ,EQ,324.4,324.4,290,305,305,290.95,510,157654.05,24-Sep-2026,69,INE798F01010
PANORAMA,EQ,56.8,59.9,55.81,59.15,59.47,56.87,759790,44557579.97,24-Sep-2026,4672,INE258R01028
PANSARI,EQ,276,288,276,286.9,288,277,23,6589.00,24-Sep-2026,5,INE697V01011
PAR,BE,127.65,134.9,127.65,131.31,133.5,131.92,11310,1488776.36,24-Sep-2026,198,INE04LG01015
PARADEEP,EQ,153.26,156.08,152.52,154.5,154.57,154.26,1395578,215955009.40,24-Sep-2026,27212,INE088F01024
PARAGMILK,EQ,267.9,267.9,256.55,258.4,258,268.9,1619666,420644946.70,24-Sep-2026,25511,INE883N01014
PARAGON,SM,51.1,53,51.1,53,53,53.2,7200,375540.00,24-Sep-2026,6,INE0N4G01012
PARAMATRIX,SM,59,59,59,59,59,60,1200,70800.00,24-Sep-2026,1,INE0S2W01018
PARACABLES,EQ,61.1,62.77,59.6,60.15,60.25,62.29,1840758,111701676.11,24-Sep-2026,9490,INE074B01023
PARAS,EQ,1370,1378.4,1331,1343.4,1346.9,1381.2,451551,611701196.90,24-Sep-2026,27462,INE045601023
PARASPETRO,EQ,2.08,2.13,2.07,2.08,2.08,2.08,67041,140712.17,24-Sep-2026,216,INE162C01024
PARIN,SM,710,719.8,701.15,715,715,701.2,22000,15626412.50,24-Sep-2026,77,INE00U801010
PARKHOSPS,EQ,286.55,287.75,284.2,285,285.9,286.55,300078,85632568.05,24-Sep-2026,6142,INE119201023
PARKHOTELS,EQ,106.29,107.11,104.7,105.23,105.55,106.29,105567,11154759.33,24-Sep-2026,1565,INE988S01028
PARNAXLAB,EQ,121.23,125.22,119.4,123.86,123.88,128.73,1984,241206.78,24-Sep-2026,49,INE383L01019
PARSVNATH,BE,1.96,1.96,1.93,1.95,1.96,1.93,4202471,8235737.69,24-Sep-2026,432,INE561H01026
PARTH,SM,515,532.95,515,520,520,524,4800,2501960.00,24-Sep-2026,10,INE1H7V01011
PARTYCRUS,SM,92,98.95,92,98.95,98.95,98.9,7000,675900.00,24-Sep-2026,7,INE06ZX01015
PASHUPATI,EQ,80.69,80.75,78.56,78.94,78.93,80.39,78056,6203710.83,24-Sep-2026,1629,INE124Y01028
PASUPTAC,EQ,80.49,80.49,75.25,76.25,76.5,79.82,435657,33586620.10,24-Sep-2026,5351,INE818B01023
PATANJALI,EQ,405,409.9,402.6,404.85,404.85,409.45,3161150,1283840351.45,24-Sep-2026,53373,INE619A01035
PATELENG,EQ,27.15,28.07,26.82,27.68,27.66,27.27,4700126,129702858.72,24-Sep-2026,14213,INE244B01030
PATINTLOG,EQ,14.42,14.47,13.8,14.01,14.09,14.42,80517,1130927.33,24-Sep-2026,415,INE529D01014
PATELRMART,EQ,210.1,210.1,203.12,207.03,208,210.33,117165,24206883.85,24-Sep-2026,2395,INE0R8B01010
PATILAUTOM,SM,343.1,354.9,332.5,335.65,336,350.15,87000,29535690.00,24-Sep-2026,119,INE17GV01016
PML,EQ,490.85,490.85,471.1,483.85,484,486,753,358092.40,24-Sep-2026,75,INE291E01019
PAUSHAKLTD,EQ,688,695,661.65,669.85,671,687.2,51906,34837983.40,24-Sep-2026,2453,INE111F01024
PAVNAIND,EQ,15.12,15.79,15,15.29,15.3,15.5,54956,847214.69,24-Sep-2026,280,INE07S101038
POLICYBZR,EQ,1697.7,1697.7,1207.2,1207.2,1207.2,1886.3,27348784,35097376195.00,24-Sep-2026,182400,INE417T01026
PCJEWELLER,EQ,14.61,14.65,14.01,14.25,14.26,14.47,473639166,6771965247.80,24-Sep-2026,244293,INE785M01021
PCBL,EQ,341,346.7,337,338.6,338,345.45,957134,326754459.75,24-Sep-2026,24271,INE602A01031
9PCPL28A,N0,9460.01,9460.01,9460.01,9460.01,9460.01,9460.01,1,9460.01,24-Sep-2026,1,INE389Z07104
PDSL,EQ,358.55,361.25,354.9,359.65,356.1,361.4,54408,19521027.25,24-Sep-2026,4694,INE111Q01021
PGIL,EQ,1294.9,1328.7,1264.9,1273.6,1270.3,1300.8,292394,380358891.30,24-Sep-2026,25482,INE940H01022
PEARLPOLY,EQ,19.31,19.31,18.72,18.72,18.72,19.7,8216,155432.43,24-Sep-2026,89,INE844A01013
PELATRO,SM,394.5,395,375,375.1,375,394.5,4500,1731555.00,24-Sep-2026,14,INE0VG601013
PENINLAND,EQ,17.45,17.45,16.51,16.58,16.64,17.38,230786,3906306.49,24-Sep-2026,810,INE138A01028
PENIND,EQ,183.31,184.9,177.4,178.75,179.3,183.31,606333,109792733.39,24-Sep-2026,10216,INE932A01024
PENTAGON,ST,90.25,90.25,90.25,90.25,90.25,95,1000,90250.00,24-Sep-2026,1,INE0ORS01017
PERFECT,SZ,1.65,1.65,1.65,1.65,1.65,1.6,3000,4950.00,24-Sep-2026,1,INE925S01012
PERMAGN,EQ,840.85,849.15,829.85,847.7,848,832.5,2167,1822077.00,24-Sep-2026,275,INE418E01018
PERSISTENT,EQ,5188,5345,5188,5277,5277,5240,411640,2183141031.50,24-Sep-2026,30886,INE262H01021
PCCL,SM,441,450,430.1,445,445,453.05,22400,9972660.00,24-Sep-2026,35,INE998U01015
PETRONET,EQ,285,288.1,283.3,286.6,286.6,285.85,1049770,300700633.55,24-Sep-2026,22246,INE347G01014
PFCL41A,NE,1000,1000,1000,1000,1000,900,11,11000.00,24-Sep-2026,1,INE134E07DJ3
7PFCL31,N3,1000.16,1000.21,1000.16,1000.21,1000.21,995.05,103,103016.63,24-Sep-2026,2,INE134E07DP0
705PFCL41,NA,1004.99,1004.99,1004.99,1004.99,1004.99,1000,2,2009.98,24-Sep-2026,1,INE134E07DS4
PFIZER,EQ,4029.9,4060,3998.9,4046.2,4054.4,4025.5,18668,75478428.80,24-Sep-2026,4296,INE182A01018
PGEL,EQ,519.7,524.75,512,514.45,514.45,521.15,732431,379268103.55,24-Sep-2026,14808,INE457L01029
PHANTOMFX,SM,90.7,95.45,89.25,90.6,89.25,91.65,7500,680625.00,24-Sep-2026,24,INE0MLZ01019
PHOENXINTL,EQ,28.5,28.9,27.81,28.33,28.03,28.16,3567,100698.08,24-Sep-2026,68,INE245B01011
PHOGLOBAL,SM,16,16,16,16,16,16.3,2000,32000.00,24-Sep-2026,1,INE0FPO01018
PWL,EQ,135,135.5,131.64,132.64,133,136.11,3851869,512280407.17,24-Sep-2026,41447,INE0LP301011
PIIND,EQ,2386,2410,2365.3,2393.5,2393.5,2386,115568,276005991.50,24-Sep-2026,15638,INE603J01030
PICCADIL,EQ,621.5,621.5,599,601.55,603.1,621.6,128361,78070835.45,24-Sep-2026,6850,INE546C01010
PPSL,SM,2.9,2.9,2.85,2.85,2.85,2.9,27000,77700.00,24-Sep-2026,7,INE0YAL01017
PIDILITIND,EQ,1561,1579,1517.5,1522,1522,1588.1,1259222,1932855570.70,24-Sep-2026,41926,INE318A01026
PILITA,EQ,7.53,7.79,7.35,7.47,7.5,7.43,19377,146436.61,24-Sep-2026,134,INE600A01035
PILANIINVS,EQ,4007.3,4065,3992.1,4007.1,4016.6,4041.8,1420,5701463.40,24-Sep-2026,283,INE417C01014
PINELABS,EQ,187.05,187.3,177.65,179.31,180,188.3,32802728,5947336561.16,24-Sep-2026,170426,INE15B701018
PIONEEREMB,EQ,21.85,22.9,21.6,21.7,21.61,22.24,3471,76902.11,24-Sep-2026,82,INE156C01018
PIONRINV,BE,81.69,81.69,78.57,78.57,78.57,78.51,6,474.54,24-Sep-2026,3,INE746D01014
PIRAMALFIN,EQ,1781.2,2200.8,1781.2,2104.3,2114,2226.5,879880,1851359211.30,24-Sep-2026,62560,INE202B01038
PPLPHARMA,EQ,210.65,214.89,207.1,208.12,207.94,210.74,4373651,922674005.03,24-Sep-2026,63637,INE0DK501011
PITTIENG,EQ,1168,1179,1140,1161,1163,1167.1,101695,118100599.50,24-Sep-2026,9970,INE450D01021
PIXTRANS,EQ,1737,1768,1721.6,1745.8,1755,1758.7,8779,15280761.30,24-Sep-2026,1322,INE751B01018
PLASTIBLEN,EQ,187,194.27,187,189.71,190.2,187.5,29339,5623907.14,24-Sep-2026,942,INE083C01022
PLATIND,EQ,217,217,211,213.33,212.2,216.58,54033,11513638.70,24-Sep-2026,4156,INE0PT501018
PLAZACABLE,EQ,63,63,60.5,60.69,60.9,62.84,63063,3872479.21,24-Sep-2026,998,INE0INJ01017
PNBGILTS,EQ,76.2,76.49,75.01,75.35,75.39,76.33,249579,18877924.93,24-Sep-2026,2719,INE859A01011
PNBHOUSING,EQ,1130,1135.1,1085.7,1094.5,1094.5,1138.5,598730,659232593.00,24-Sep-2026,23865,INE572E01012
PNCINFRA,EQ,139,139.17,135.25,136.72,135.61,139.17,1211443,166494026.38,24-Sep-2026,13837,INE195J01029
PNC,EQ,17.05,17.33,16.4,16.62,16.76,17.33,6240,103856.05,24-Sep-2026,161,INE392B01011
PNGSREVA,EQ,525,527.1,511,523.85,524,525.95,80424,41705746.55,24-Sep-2026,3627,INE1RDG01013
PODDARMENT,EQ,278.6,288.95,274,275.15,274.8,281.8,4006,1109969.80,24-Sep-2026,146,INE371C01013
POKARNA,EQ,736,739.95,724.6,729.05,729.75,741.05,39133,28627480.50,24-Sep-2026,2516,INE637C01025
POLYMED,EQ,1720.1,1772,1710.1,1716,1715,1726.6,114079,197947483.90,24-Sep-2026,16376,INE205C01021
POLYCAB,EQ,8371,8420,8324,8366.5,8366.5,8417,237772,1991502023.50,24-Sep-2026,24092,INE455K01017
POLYPLEX,EQ,1117.1,1117.1,1092.7,1097.4,1096,1117.1,17239,18978280.60,24-Sep-2026,2314,INE633B01018
POLYSIL,SM,54,59.6,54,59.6,59.6,56.8,175000,9944875.00,24-Sep-2026,206,INE517M01028
POLYSPIN,EQ,36.49,36.49,29.33,30.35,29.33,30.78,13108,427594.49,24-Sep-2026,276,INE914G01029
POCL,EQ,487,487,463.5,468.85,470,487.4,459994,218936489.25,24-Sep-2026,14400,INE063E01061
PONNIERODE,EQ,375,390.45,374,380.6,376.6,375.25,46615,17767366.85,24-Sep-2026,2166,INE838E01017
POONAWALLA,EQ,470.1,474.3,463.45,466.8,467,478.85,1114308,521358683.70,24-Sep-2026,44112,INE511C01022
PVSL,EQ,98,99.7,98,98.62,98.4,98.71,15179,1499284.36,24-Sep-2026,362,INE772T01024
POSITRON,SM,238.45,239.85,230.5,238.25,239.2,233.1,22800,5370060.00,24-Sep-2026,69,INE0S3H01017
PFC,EQ,343.85,345.1,338,339.35,339.35,346,7953489,2713574050.15,24-Sep-2026,61372,INE134E01011
POWERGRID,EQ,270.4,270.9,265.75,266.4,266.4,270.2,8968993,2399984402.65,24-Sep-2026,59103,INE752E01010
PIGL,EQ,99.7,104.5,98.01,102.63,101.3,99.92,99510,10126982.83,24-Sep-2026,892,INE557Z01018
POWERMECH,EQ,2440,2460,2415.1,2429.5,2421,2453.5,22575,55038369.90,24-Sep-2026,4571,INE211R01019
PGINVIT,IV,101.1,102,101.1,101.94,101.91,101.47,1093115,110996893.71,24-Sep-2026,5073,INE0GGX23010
POWERICA,EQ,565.25,580,554.95,562.85,566.9,570.85,121712,69072614.80,24-Sep-2026,5657,INE921L01032
PPAP,BE,244.2,256.4,244.2,253.5,253,244.2,19283,4861551.70,24-Sep-2026,300,INE095I01015
PRABHA,EQ,234.71,234.71,223.4,225.76,228,234.8,63514,14524022.79,24-Sep-2026,1569,INE0I0M01023
PRADPME,BE,507.5,522.9,504,505.5,506,509.3,5440,2763746.15,24-Sep-2026,123,INE770A01010
PRAJIND,EQ,316,319.9,314.55,316.1,316.15,320.15,328703,103942430.40,24-Sep-2026,9997,INE074A01025
PRAENG,EQ,21,24.13,20.7,22.86,22.94,21.38,127589,2911004.18,24-Sep-2026,535,INE505C01016
PRAKASH,EQ,118.52,119.59,116,117.68,119.5,119.79,1135105,133496640.05,24-Sep-2026,7687,INE603A01013
PPL,BE,277.95,277.95,265.2,265.95,267.4,272.25,21551,5820065.55,24-Sep-2026,263,INE050001010
PRAKASHSTL,EQ,3.79,3.8,3.65,3.68,3.65,3.72,50041,185308.67,24-Sep-2026,301,INE696K01024
PRAMARA,SM,96.9,97.75,96.9,97.75,97.75,93.1,18500,1804950.00,24-Sep-2026,22,INE0O7A01017
PRAMODINI,SM,115,117,112.15,114.55,114.2,116.2,88800,10187760.00,24-Sep-2026,72,INE2JG601017
PRANAV,EQ,104,105,99.55,100.19,100.17,105.85,2925323,297565709.85,24-Sep-2026,29536,INE0H4201019
PRANIK,SM,40,40,37.15,39.4,39.4,41.65,8000,311360.00,24-Sep-2026,5,INE0VJG01014
PRASOLCHEM,EQ,737,750.9,713.1,720.7,724,740.9,250318,183102540.10,24-Sep-2026,18224,INE455U01024
DIAMONDYD,EQ,1100.6,1100.6,1053.1,1065.3,1061,1088,8496,9128271.80,24-Sep-2026,798,INE393P01035
PRATHAM,SM,121.05,122.3,121.05,121.7,121.7,125.1,4800,582580.00,24-Sep-2026,12,INE0QA601016
PRAVEG,EQ,259.15,263.4,255.05,259.3,260,261.05,33460,8656006.05,24-Sep-2026,627,INE722B01019
PRAXIS,EQ,4.42,4.49,4.1,4.45,4.49,4.28,64541,286146.80,24-Sep-2026,189,INE546Y01022
PRECAM,EQ,121.6,125,119.01,119.99,120.28,122.11,146953,17719070.66,24-Sep-2026,2575,INE484I01029
PRECWIRE,EQ,494,503,485.1,488.9,488,498.85,316420,156589790.00,24-Sep-2026,20328,INE372C01037
PRECOT,EQ,647.85,647.85,632.05,634.45,633,646.9,3735,2376810.05,24-Sep-2026,188,INE283A01014
PREMCO,EQ,400.75,409.9,400.05,402.3,402,400.75,528,212696.10,24-Sep-2026,77,INE001E01012
PREMIERENE,EQ,901.5,910,885,898,898,915,1038026,928240961.80,24-Sep-2026,21452,INE0BS701011
PREMEXPLN,EQ,675,686,675,680.5,681,675.15,405163,275552974.75,24-Sep-2026,6661,INE863B01029
PREMIER,BE,2.98,2.98,2.71,2.93,2.93,2.85,72701,204680.36,24-Sep-2026,73,INE342A01018
PREMIERPOL,EQ,98,106,93.2,100.51,99.3,96.72,6670334,675811665.53,24-Sep-2026,74672,INE309M01020
PRLIND,SM,47.9,48.9,45,48.45,48.45,47.9,30000,1408900.00,24-Sep-2026,25,INE0CFG01012
PREMIUM,SM,43,43,42,42.45,42.45,41.95,12000,509700.00,24-Sep-2026,4,INE0M1F01011
PRESSTONIC,SM,39.2,47.8,35.5,47.75,47.8,39.85,295200,13399920.00,24-Sep-2026,243,INE0R1601012
PRESTIGE,EQ,1469.1,1495.8,1463.1,1475,1475,1490,286757,422796263.60,24-Sep-2026,9866,INE811K01011
PRICOLLTD,EQ,762,772.75,748.05,763.8,765.05,763.65,322125,245687472.60,24-Sep-2026,15724,INE726V01018
PRIMECAB,ST,172,172,167,168.5,168.5,169.1,25600,4357760.00,24-Sep-2026,16,INE0CQA01020
PFOCUS,EQ,329,335,315,318.75,320.3,337.15,4097678,1351418816.95,24-Sep-2026,34422,INE367G01038
PRIMESECU,EQ,294.5,300.1,294.5,299.7,299.8,296.35,50758,15194710.15,24-Sep-2026,658,INE032B01021
PRIMO,EQ,23.05,23.05,22.1,22.29,22.51,22.92,85789,1911372.60,24-Sep-2026,437,INE607A01022
PRINCEPIPE,EQ,263.5,266.05,258.75,259.8,260.5,265.75,81141,21220320.75,24-Sep-2026,3272,INE689W01016
PRIORITY,EQ,270.6,312.9,265.05,303.99,298.6,263.35,2319891,689636153.66,24-Sep-2026,53354,INE15EH01014
PRSMJOHNSN,EQ,115.5,116.43,114.75,115.24,115,116.43,186625,21520829.08,24-Sep-2026,2885,INE010A01011
PRISMX,EQ,0.53,0.53,0.51,0.51,0.52,0.53,187552,97497.32,24-Sep-2026,132,INE286N01028
PRITI,EQ,33.99,33.99,32.27,32.61,32.6,33.17,2736,90349.03,24-Sep-2026,108,INE974Z01015
PRITIKAUTO,BE,16.5,17.14,16.5,17.13,17.14,16.33,297255,5063676.52,24-Sep-2026,587,INE583R01029
PRITIKA,SM,63,63,62.5,63,63,63,20000,1255000.00,24-Sep-2026,9,INE0MJQ01020
PRIVISCL,EQ,3476.9,3553,3461.9,3537.9,3524.2,3483.8,125259,441682170.80,24-Sep-2026,20091,INE959A01019
PRIZOR,ST,1128.55,1128.55,1106,1106,1106,1128.55,14800,16465980.00,24-Sep-2026,35,INE0V9N01017
PGHL,EQ,5434.5,5514,5405,5416.5,5408,5452,7525,40997689.00,24-Sep-2026,2093,INE199A01012
PROLIFE,SM,80,80.05,79,80,80,79,2500,199525.00,24-Sep-2026,5,INE994V01012
PROPSHOP,SM,73,73,71.65,71.65,71.65,73,22000,1598900.00,24-Sep-2026,6,INE1FFX01018
PROSTARM,EQ,134.6,144.8,134.6,139.26,138.75,138.08,1007492,142408810.74,24-Sep-2026,15634,INE0BX301013
PROTEAN,EQ,634.75,670.35,622.2,641.95,640,636.2,2739934,1788240184.25,24-Sep-2026,68706,INE004A01022
PROV,SM,1940,1940,1920,1920.5,1921,1940,400,772880.00,24-Sep-2026,5,INE0ONE01016
PROZONER,EQ,51.47,55.87,51.47,54.16,53.91,52.19,667907,36027045.05,24-Sep-2026,5470,INE195N01013
PRUDENT,EQ,3290,3292.5,3211,3219.6,3225,3352.7,27031,87821072.90,24-Sep-2026,5086,INE00F201020
PRUDMOULI,EQ,14.4,14.4,13.21,13.67,13.7,13.8,1726,23383.11,24-Sep-2026,45,INE024D01016
PSPPROJECT,EQ,829.9,829.9,800,802.6,801.5,832.55,85398,69180507.15,24-Sep-2026,4663,INE488V01015
PFS,EQ,26.7,27.09,26.37,26.93,26.95,26.72,857717,23135085.53,24-Sep-2026,3718,INE560K01014
PTC,EQ,156.9,157.79,155.26,155.89,156.35,157.08,1398404,219311719.59,24-Sep-2026,16767,INE877F01012
PTCIL,EQ,22300,22375,21630,21820,21870,22355,11033,242076870.00,24-Sep-2026,4531,INE596F01018
PTL,EQ,38.24,38.4,38.05,38.19,38.24,38.18,22131,846098.61,24-Sep-2026,530,INE034D01049
PDMJEPAPER,EQ,98,98,94.76,95.45,95,98.27,184459,17693676.38,24-Sep-2026,3145,INE865T01018
PULZ,SM,20.45,20.45,20.45,20.45,20.45,20.45,4000,81800.00,24-Sep-2026,2,INE335X01014
PSB,EQ,22,22,21.7,21.78,21.82,22.1,748966,16348050.59,24-Sep-2026,2683,INE608A01012
PUNJABCHEM,EQ,1065,1065,1043.8,1054.1,1051.4,1064.9,1979,2089041.70,24-Sep-2026,310,INE277B01014
PNB,EQ,117.25,118.67,117.06,117.12,117.12,118.3,10755825,1266236148.35,24-Sep-2026,32225,INE160A01022
PURVA,EQ,213.52,217.34,211.7,215.06,216.7,216.82,149647,31992310.96,24-Sep-2026,3232,INE323I01011
PERNIASPOP,EQ,543,545.25,527.1,530.4,527.25,549.05,28951,15555445.15,24-Sep-2026,2361,INE0I1B01016
PURPLEUTED,ST,465.2,507,459.35,482.05,470,483.5,36500,17535937.50,24-Sep-2026,116,INE0P5R01014
PURVFLEXI,SM,45.6,45.6,45.6,45.6,45.6,48,800,36480.00,24-Sep-2026,1,INE0R6C01012
PUSHPA,SM,104,107,103,106.35,107,103,81000,8497650.00,24-Sep-2026,71,INE154801018
PVP,EQ,68.21,72.04,65.18,65.2,65.29,68.61,4027491,278934874.60,24-Sep-2026,13531,INE362A01016
PVRINOX,EQ,1295.1,1310,1251,1256.7,1262,1317.5,673506,862212410.00,24-Sep-2026,32155,INE191H01014
PYRAMID,EQ,160.5,165,156.92,161.52,162.24,159.33,66073,10616698.43,24-Sep-2026,1636,INE0MIS01010
QLINE,SM,699.6,707,662,674.85,670,699.55,39200,26724680.00,24-Sep-2026,93,INE1G2W01011
QMSMEDI,BE,195.1,195.9,188.3,192.54,192,195.1,55427,10583218.67,24-Sep-2026,304,INE0FMW01018
QUADPRO,ST,3.85,3.85,3.85,3.85,3.85,3.7,48000,184800.00,24-Sep-2026,4,INE0GOJ01027
QUADFUTURE,EQ,521,521.95,497.05,500.4,502.9,526.55,327499,166346928.40,24-Sep-2026,10072,INE0LRY01011
QUALIANCE,ST,185,191.6,181.1,191.6,191.6,182.5,169000,32161600.00,24-Sep-2026,117,INE1XJ401012
QFIL,SM,55.1,55.1,55.1,55.1,55.1,58,1000,55100.00,24-Sep-2026,1,INE0O1M01015
QPOWER,EQ,1548.2,1560,1492,1500.1,1504.5,1555.6,304777,461454236.00,24-Sep-2026,20518,INE0SII01026
QGOLDHALF,EQ,124.89,124.89,123.57,123.65,123.7,124.98,90015,11189869.04,24-Sep-2026,945,INF082J01408
QNIFTY,EQ,256.4,257.03,254.4,254.69,254.8,258.62,3315,847398.01,24-Sep-2026,148,INF082J01499
SILVER001,EQ,23.55,23.55,22.76,22.82,22.85,23.19,80732,1846172.92,24-Sep-2026,136,INF966L01EI5
QUESS,EQ,355,361,345.05,353.4,355,359,330356,117169157.05,24-Sep-2026,17858,INE615P01015
QUESTLAB,SM,74.05,90.1,73,90.1,90.1,75.1,212400,18145320.00,24-Sep-2026,142,INE0TNW01017
QUICKHEAL,EQ,151.8,152.49,146.01,147.9,148.28,151.57,149055,22151635.59,24-Sep-2026,3124,INE306L01010
QUICKTOUCH,SM,15.45,16,15.45,16,16,16.25,1500,23450.00,24-Sep-2026,3,INE0K4D01020
QUINT,BE,88.8,88.8,88.01,88.8,88.8,84.58,242233,21509205.37,24-Sep-2026,313,INE641R01017
RKSWAMY,EQ,93.95,94.39,91.01,91.72,91.85,92.45,46656,4330283.16,24-Sep-2026,574,INE0NQ801033
RMDRIP,BE,23.61,24.05,23.5,23.5,23.55,23.61,371800,8779584.01,24-Sep-2026,461,INE219Y01026
RRIL,EQ,16.1,16.26,15.75,16.17,16.18,16.04,10313,165208.47,24-Sep-2026,102,INE951M01037
RRKABEL,EQ,2462.7,2545.1,2460,2529.8,2542.4,2476.7,356342,895125876.20,24-Sep-2026,38821,INE777K01022
RSDFIN,BE,90,90,90,90,90,88.07,1,90.00,24-Sep-2026,1,INE616F01022
RSYSTEMS,EQ,239.17,241.51,236.13,237.43,238,239.6,145166,34674886.24,24-Sep-2026,2818,INE411H01032
RTSPOWR,EQ,85.05,91.85,85.05,87.16,87,89,757,66070.18,24-Sep-2026,36,INE005C01017
RNBDENIMS,BE,9.37,9.37,9.1,9.14,9.1,9.13,100887,930429.39,24-Sep-2026,365,INE012Q01039
RSSOFTWARE,EQ,32.39,33.5,31.05,31.24,31.75,32.39,27801,903833.34,24-Sep-2026,175,INE165B01029
RPPINFRA,EQ,54.3,55,54,54.41,54.06,55.05,22062,1199201.30,24-Sep-2026,411,INE324L01013
RIIT,IV,119.1,119.62,118.9,118.91,118.9,119.62,154686,18412678.52,24-Sep-2026,4784,INE2PB023011
RACE,EQ,120.2,122.89,114,115.98,116,122.91,76549,9116317.25,24-Sep-2026,1801,INE084Q01012
RILINFRA,SM,33.05,33.55,32.55,33.2,33.25,33.05,4800,159235.00,24-Sep-2026,27,INE02OY01016
RACLGEAR,EQ,1683,1710,1651.2,1679.8,1679,1689.6,29143,48934330.10,24-Sep-2026,4089,INE704B01017
RADAAN,EQ,3.13,3.49,3.02,3.1,3.05,3.13,317163,1033498.20,24-Sep-2026,458,INE874F01027
RADHIKAJWE,BE,71.99,72.7,69,70.64,71.2,71.92,148191,10454694.22,24-Sep-2026,1020,INE583V01021
RADIANTCMS,EQ,35.5,35.9,35,35.61,35.53,35.54,139012,4929210.14,24-Sep-2026,1119,INE855R01021
RADICO,EQ,4589.1,4598.1,4475,4481.3,4481.3,4601.9,227909,1036548138.80,24-Sep-2026,37717,INE944F01028
RADIOWALLA,ST,29.1,29.1,29.1,29.1,29.1,27.75,3200,93120.00,24-Sep-2026,2,INE430U01019
RPEL,EQ,1694.5,1745.9,1669.6,1698.4,1681,1711.7,49456,84247184.60,24-Sep-2026,7580,INE912T01018
RVNL,EQ,209.75,210.1,205.26,206,206,211.77,2862163,594817973.06,24-Sep-2026,31087,INE415G01027
RAILTEL,EQ,265,266.55,260.1,261.55,261.5,268.75,365253,95985877.25,24-Sep-2026,9029,INE0DD101019
RAIN,EQ,218.25,224.09,216.42,218.23,218.56,221.86,4226826,931313628.98,24-Sep-2026,31910,INE855B01025
RAINBOW,EQ,1401,1415,1372.3,1412.6,1414.9,1406.5,239564,333559559.90,24-Sep-2026,36576,INE961O01016
ROML,EQ,41.55,42,41.21,41.87,41.5,41.87,1600,66612.79,24-Sep-2026,47,INE294G01026
RAJRILTD,BE,20.39,20.57,20.2,20.57,20.57,20.17,5648,116021.15,24-Sep-2026,79,INE533D01032
RAJTV,EQ,9.77,10.25,9.77,10.25,10.25,9.77,137056,1390610.34,24-Sep-2026,549,INE952H01027
RAJPALAYAM,EQ,760,777.95,758,767.9,768,790.45,508,387515.85,24-Sep-2026,48,INE296E01026
ARENTERP,EQ,34.5,34.8,33.1,34.77,34.5,34.98,282,9693.92,24-Sep-2026,17,INE610C01014
RAJESHEXPO,BZ,68.5,70,67,68.07,68,68.53,138444,9430913.85,24-Sep-2026,1632,INE343B01030
RCDL,SM,16.25,16.25,16.25,16.25,16.25,15.5,18000,292500.00,24-Sep-2026,5,INE0BZQ01011
RAJMET,EQ,3.13,3.18,3.09,3.12,3.12,3.12,235422,738127.65,24-Sep-2026,589,INE00KV01022
RAJOOENG,BE,55.7,55.7,53.2,54.81,54.21,55.25,214508,11676127.19,24-Sep-2026,733,INE535F01024
RAJINDLTD,SM,66.5,66.5,66.5,66.5,66.5,67,1500,99750.00,24-Sep-2026,1,INE0PCU01012
RSL,EQ,184,187.5,180.72,181.92,183,184.02,228791,42081078.66,24-Sep-2026,6375,INE313L01016
RAJRATAN,EQ,478,480.5,469.05,472.05,473.25,483.2,65143,30929340.95,24-Sep-2026,3678,INE451D01029
RPPL,BE,20.46,20.46,19.5,19.7,19.84,20.46,82758,1638307.12,24-Sep-2026,89,INE760W01023
RAJSREESUG,EQ,32,33.25,31.3,31.57,31.5,32,20368,645827.30,24-Sep-2026,224,INE562B01019
RALLIS,EQ,202,202,199.6,200.36,200.2,202.62,548828,109973496.99,24-Sep-2026,12792,INE613A01020
RAMRAT,EQ,559.75,559.75,538.3,548.4,547.1,558.65,133797,73186972.95,24-Sep-2026,7737,INE207E01023
RAMAPHO,EQ,124.9,124.9,121.1,122.49,123.37,123.21,11509,1421325.88,24-Sep-2026,299,INE809A01032
RAMASTEEL,BE,4.57,4.57,4.57,4.57,4.57,4.66,403947,1846037.79,24-Sep-2026,1009,INE230R01035
RAMCOIND,EQ,326,326,317.55,321.8,322,325.95,36329,11651719.70,24-Sep-2026,1480,INE614A01028
RAMCOSYS,EQ,594,597.45,575.55,581.35,583.5,598,48525,28350779.65,24-Sep-2026,2649,INE246B01019
RBS,SM,83,83,83,83,83,83.8,800,66400.00,24-Sep-2026,1,INE0RJH01010
RKFORGE,EQ,705.5,720.85,701,709.55,709,710.2,397737,282620111.05,24-Sep-2026,14587,INE399G01023
RAMKY,EQ,324.05,324.05,308.85,310.15,310.05,325.15,90295,28375668.90,24-Sep-2026,2284,INE874I01013
RANASUG,EQ,14.14,14.14,13.77,13.86,13.94,14.06,644335,8968278.64,24-Sep-2026,594,INE625B01014
RML,EQ,1356.7,1395,1337.1,1362.8,1365,1356.7,112125,154249125.00,24-Sep-2026,9910,INE050H01012
RANEHOLDIN,EQ,1596,1596,1560.6,1590.7,1592,1591.9,6742,10649025.20,24-Sep-2026,1005,INE384A01010
RAPIDFLEET,SM,198,202,198,202,202,200,6600,1311090.00,24-Sep-2026,10,INE0QX901013
RAPPID,SM,353,357.95,342.2,352,352,361.7,7200,2528250.00,24-Sep-2026,12,INE0MVO01012
RPTECH,EQ,881.8,896.7,873,883.5,882.6,898.7,177454,157223608.15,24-Sep-2026,11366,INE0J1F01024
RCF,EQ,108.9,109.15,108,108.4,108.51,109.63,649262,70543009.74,24-Sep-2026,6019,INE027A01015
RATEGAIN,EQ,848,853,820,824,825.65,851.8,229457,191479398.40,24-Sep-2026,14840,INE0CLI01024
RATNAMANI,EQ,2798,2838,2771,2824.2,2815.5,2800.8,25738,72428380.70,24-Sep-2026,6512,INE703B01027
RATNAVEER,EQ,333.6,335.95,322.35,323.95,324.8,331.4,2762101,903653124.15,24-Sep-2026,22156,INE05CZ01011
RTNINDIA,EQ,27.5,27.51,26.24,26.57,26.8,27.45,1099558,29461128.90,24-Sep-2026,6010,INE834M01019
RTNPOWER,EQ,7.11,7.12,7,7.02,7.06,7.11,13603465,95684676.67,24-Sep-2026,11936,INE399K01017
RKDL,EQ,18.77,18.77,18.26,18.66,18.66,18.49,7008,128788.47,24-Sep-2026,58,INE722J01012
RVHL,EQ,39.69,39.69,37.53,38.83,39.24,39.48,27826,1073797.84,24-Sep-2026,191,INE09E501017
RELTD,EQ,155.4,158.9,145.8,146.32,147.9,149.36,417879,63128800.17,24-Sep-2026,6618,INE206N01018
RAYMONDLSL,EQ,674.05,720,670.75,688.85,688,677.45,832796,582613710.55,24-Sep-2026,40271,INE02ID01020
RAYMOND,EQ,1114.65,1221,1100,1203.85,1200.05,1114.65,7466499,8744833278.70,24-Sep-2026,225905,INE301A01014
RAYMONDREL,EQ,664.6,717,662.5,708.3,705,671.45,18194912,12791015184.10,24-Sep-2026,311422,INE1SY401010
MOMSBELIEF,EQ,224,234.98,221,222.44,223.75,227.7,114208,26074144.51,24-Sep-2026,2580,INE1FCO01014
RBLBANK,EQ,416.5,423.2,409.1,412.75,412.75,428,7315903,3033573878.45,24-Sep-2026,90061,INE976G01028
RBMINFRA,SM,270,270,265,267.9,268.1,270.9,11400,3041800.00,24-Sep-2026,53,INE0NA301016
RBZJEWEL,BE,177.8,178,171,172.26,171.54,178.05,52127,9048591.70,24-Sep-2026,611,INE0PEQ01016
RRECL,EQ,130,136.9,124,133.12,136.9,137,298,39443.43,24-Sep-2026,27,INE0AK901016
READYMIX,SM,67.9,67.95,63,63,63,67.9,14000,923050.00,24-Sep-2026,13,INE10QL01011
RECLTD,EQ,309.85,310.85,307.2,308.25,308.25,311.5,5871620,1814763582.75,24-Sep-2026,36869,INE020B01018
REDINGTON,EQ,396.9,409.8,395.6,406.4,408,400.75,4726104,1909209372.50,24-Sep-2026,76384,INE891D01026
REDTAPE,EQ,120,122.99,118.33,122.13,122,121.1,829244,100710373.24,24-Sep-2026,15274,INE0LXT01019
REFEX,EQ,285,287.7,282,283.35,283.1,286.65,192387,54631914.80,24-Sep-2026,3273,INE056I01025
REFRACTORY,SM,38,38.35,38,38.35,38.35,36.55,8000,306450.00,24-Sep-2026,8,INE0TNX01015
REGAAL,EQ,94.56,96.5,89.02,90.61,89.02,94.56,1558224,144974465.56,24-Sep-2026,12409,INE0MHO01029
REGENCERAM,EQ,35,35,33.22,34.78,34,34.89,1189,41103.84,24-Sep-2026,51,INE277C01012
RELAXO,EQ,298.3,298.3,290.5,291.7,292.5,298.3,142551,41897335.40,24-Sep-2026,8359,INE131B01039
GILT5YBEES,EQ,66.05,66.05,65.65,65.84,65.87,66.05,383916,25296841.28,24-Sep-2026,557,INF204KC1030
RELIABLE,EQ,147.5,149.5,144.01,147.95,147.8,145.7,15260,2252164.84,24-Sep-2026,559,INE375Y01018
RELCHEMQ,EQ,117.71,119,115.1,118.41,116.66,117.71,1306,153084.98,24-Sep-2026,83,INE750D01016
RCOM,BE,0.93,0.97,0.93,0.93,0.94,0.93,2828600,2677018.77,24-Sep-2026,2381,INE330H01018
RHFL,BZ,1.69,1.73,1.65,1.68,1.69,1.69,552488,926850.60,24-Sep-2026,876,INE217K01011
RIIL,EQ,719,719,700.6,703.45,704.9,719.95,41538,29341115.55,24-Sep-2026,2043,INE046A01015
RELIANCE,EQ,1236.6,1241.6,1219.2,1219.2,1219.2,1248,13923795,17117676524.30,24-Sep-2026,238449,INE002A01018
RELINFRA,BE,46.12,46.12,46.12,46.12,46.12,47.06,133336,6149456.32,24-Sep-2026,418,INE036A01016
RPOWER,EQ,21,21.01,20.58,20.67,20.7,21.03,12599620,261243373.63,24-Sep-2026,24379,INE614G01033
IVZBANKNF,EQ,55.71,55.8,55.35,55.43,55.4,56.53,4530,251576.05,24-Sep-2026,41,INF205KA1CB9
IVZSENSEX,EQ,76.51,76.51,73.83,73.96,73.97,75.11,586,43462.64,24-Sep-2026,37,INF205KA1CA1
RELIGARE,EQ,246.75,251,240.1,240.32,240.5,251.77,861682,209835508.20,24-Sep-2026,19977,INE621H01010
REMSONSIND,EQ,102.5,113.39,101.52,111.12,111.59,99.87,1520482,166080827.21,24-Sep-2026,17784,INE474C01023
REMUS,SM,951,969.95,935,942.2,935,977.25,4200,4022920.00,24-Sep-2026,37,INE0O5T01011
RGL,EQ,170.49,173,164.12,166.3,165.8,170.48,1450286,242596882.22,24-Sep-2026,17236,INE722H01024
RNPL,SM,55,56.85,55,56.85,56.85,54.15,4800,269040.00,24-Sep-2026,4,INE0VZX01015
RENTOMOJO,EQ,517.6,523.15,496,501.9,502,521.35,2577386,1309804433.70,24-Sep-2026,55462,INE08T701025
REPCOHOME,EQ,354.3,357.75,350,352.45,351.9,355.85,44419,15657332.40,24-Sep-2026,1332,INE612J01015
REPRO,EQ,302.85,306,299,302.2,299.05,301.35,3630,1099384.35,24-Sep-2026,596,INE461B01014
RESPONIND,EQ,162,163.8,156.35,158.02,156.45,162.24,176568,28148266.73,24-Sep-2026,2851,INE688D01026
RBA,EQ,94.5,94.74,89.73,90.65,90.15,94.86,2714662,248486113.53,24-Sep-2026,15959,INE07T201019
RVTH,EQ,642.05,696.8,641.95,661,661,641.15,754,500128.65,24-Sep-2026,58,INE0DAB01012
REXPRO,SM,34.85,34.85,34.85,34.85,34.85,36,2000,69700.00,24-Sep-2026,2,INE113601012
RFBL,ST,102.3,102.35,98,101,101,97.5,225000,22642200.00,24-Sep-2026,16,INE0V2V01015
RHETAN,EQ,15.96,15.96,15.96,15.96,15.96,16.79,738428,11785310.88,24-Sep-2026,1138,INE0KKN01029
RHIM,EQ,385,386.75,380,383.8,382.25,388.85,551183,211401860.70,24-Sep-2026,19313,INE743M01012
RICOAUTO,EQ,129,133.74,127.29,130.67,130.7,129.23,1542883,202143959.61,24-Sep-2026,15989,INE209B01025
RIR,EQ,187.99,191.21,182.22,184.03,183.01,189.75,636443,118637380.13,24-Sep-2026,10471,INE302D01024
RISHABH,EQ,735,746.9,697.1,704.55,700,738.95,128028,91778015.20,24-Sep-2026,5296,INE0N2P01017
RITCO,EQ,292.5,298.7,285,286.1,285.6,289.75,114579,33279514.15,24-Sep-2026,3108,INE01EG01016
RITEZONE,SM,18.5,18.5,18.5,18.5,18.5,19.4,1600,29600.00,24-Sep-2026,1,INE0MRA01019
RITES,EQ,203.03,203.69,201,201.74,201.82,204.05,329723,66628568.80,24-Sep-2026,9069,INE320J01015
RKEC,EQ,19.67,22.84,18.8,22.84,22.84,19.04,234560,5092510.04,24-Sep-2026,694,INE786W01010
RMC,EQ,221.93,223.15,215,216.75,218.25,221.94,13798,3006655.89,24-Sep-2026,706,INE655V01019
RNFI,SM,311,322.2,309.05,318.3,318.3,311,19800,6273420.00,24-Sep-2026,30,INE0SA001017
RHL,EQ,173,179,170.25,177.76,177.9,173.1,462,79729.91,24-Sep-2026,21,INE508K01013
ROCKINGDCE,SM,210,226,210,218.5,213,217,16000,3473062.50,24-Sep-2026,41,INE0PTR01012
ROLEXRINGS,EQ,183.58,184.34,178.91,181.41,182.54,183.58,1604576,291783675.23,24-Sep-2026,22266,INE645S01024
ROLLT,BE,6.39,6.39,6.09,6.09,6.09,6.41,174023,1065652.10,24-Sep-2026,318,INE927A01040
ROSSARI,EQ,451.3,451.4,441.5,446.5,445,454.8,46736,20863111.50,24-Sep-2026,4013,INE02A801020
ROSSELLIND,EQ,51.25,52.29,51.07,51.73,51.45,52.03,21996,1138753.57,24-Sep-2026,400,INE847C01020
ROSSTECH,EQ,1440.1,1473.5,1409.3,1418.9,1415,1449.8,111226,159403832.00,24-Sep-2026,14502,INE0OJW01016
ROTO,EQ,62.98,66.23,62.32,63.77,63.5,63.13,1667390,108093382.60,24-Sep-2026,10537,INE535D01037
ROUTE,EQ,470.9,471.45,463,464.3,463.7,473.25,110981,51793045.05,24-Sep-2026,5201,INE450U01017
ROXHITECH,SM,48,48,47,47.35,47,46.65,17600,837600.00,24-Sep-2026,11,INE0PDJ01013
ROYALARC,SM,156,156,156,156,156,160,1200,187200.00,24-Sep-2026,1,INE0EO401019
ROHLTD,EQ,309.75,309.75,302,304,303.9,309.75,11622,3545788.35,24-Sep-2026,855,INE283H01019
RPGLIFE,EQ,3040,3040.6,2880.6,2899.9,2935.5,3025.4,62443,183805736.50,24-Sep-2026,10587,INE105J01010
RPSGVENT,EQ,869,869,839.2,844.45,846,851.75,22823,19333228.30,24-Sep-2026,1241,INE425Y01011
RSWM,EQ,224.16,225.62,216.1,220.51,222.82,225.28,85731,18846252.03,24-Sep-2026,1670,INE611A01016
RUBFILA,EQ,66.04,66.99,63.25,63.79,63.99,66.04,67396,4371255.79,24-Sep-2026,832,INE642C01025
RUBICON,EQ,1665,1693.2,1641,1676.1,1685,1674.8,265569,442381572.70,24-Sep-2026,33682,INE506V01022
RUCHINFRA,EQ,5.46,5.46,5.01,5.13,5.16,5.25,45578,233573.99,24-Sep-2026,252,INE413B01023
RUCHIRA,EQ,105,105.4,103.92,104.53,104.2,105.77,21423,2242029.60,24-Sep-2026,483,INE803H01014
RUDRA,EQ,19.55,19.9,18.86,19.26,19.25,19.81,42631,825405.65,24-Sep-2026,197,INE027T01023
REPL,EQ,57.7,64.05,57,60.62,64.05,58.23,4259,251859.71,24-Sep-2026,109,INE364Z01019
RULKA,SM,105.2,106.95,105.2,106.95,106.95,105.2,900,95580.00,24-Sep-2026,3,INE0R7301013
RUPA,EQ,140,140,135.4,136,136.04,140.63,211159,28909458.09,24-Sep-2026,4279,INE895B01021
RUSHIL,EQ,16.86,17.1,16.42,16.63,16.8,16.78,179384,2996895.82,24-Sep-2026,449,INE573K01025
SAB,EQ,170,170,170,170,170,170,46,7820.00,24-Sep-2026,2,INE137M01017
SATECH,SM,37.5,37.5,36.1,36.1,36.1,37.5,13000,476000.00,24-Sep-2026,13,INE0BSN01013
SCHAND,EQ,136.01,138.4,135.1,137.13,136.9,137.86,22847,3133043.17,24-Sep-2026,816,INE807K01035
SHK,EQ,144.44,144.44,140.4,140.96,141,144.45,167596,23733958.45,24-Sep-2026,2736,INE500L01026
SJLOGISTIC,SM,318.7,320,317,319.25,319.15,321.9,7750,2470125.00,24-Sep-2026,29,INE0F3301020
SVGLOBAL,EQ,155,155.82,148,148.32,148.3,151.93,1964,294081.65,24-Sep-2026,72,INE159L01013
S&SPOWER,EQ,319.6,326.4,310,315.35,320,318.05,1797,569229.15,24-Sep-2026,134,INE902B01017
SPAL,EQ,980,993.2,960.2,979,990,989.5,28092,27354830.70,24-Sep-2026,2572,INE212I01016
SALSTEEL,EQ,86.8,89.27,85.21,89.27,89.27,85.02,974201,86277609.00,24-Sep-2026,2588,INE658G01014
SAAKSHI,ST,380,380,373.15,373.15,373.15,380.75,4200,1582290.00,24-Sep-2026,6,INE0PSK01027
SAATVIKGL,EQ,446.8,449.9,435.5,437.95,436.85,447.6,114648,50687816.40,24-Sep-2026,3443,INE13B501022
SACHEEROME,SM,499,504.95,477.2,480.85,480,498.55,16500,8066565.00,24-Sep-2026,54,INE1ARD01016
SADBHAV,EQ,7.72,7.72,7.5,7.54,7.6,7.71,174570,1319645.58,24-Sep-2026,291,INE226H01026
SADBHIN,EQ,2.59,2.63,2.56,2.59,2.61,2.59,65283,170159.18,24-Sep-2026,132,INE764L01010
SADHNANIQ,BE,2.75,2.88,2.63,2.82,2.84,2.75,2972259,8153809.74,24-Sep-2026,1099,INE888C01040
SADHAV,SM,103,105,103,105,105,105,3000,311400.00,24-Sep-2026,5,INE0K5H01010
SAFARI,EQ,1482.1,1495,1475.9,1481.2,1481,1491.6,14060,20839256.00,24-Sep-2026,3554,INE429E01023
SAFEENTP,SM,247.65,249.7,242.5,244.65,242.5,250.05,22000,5424975.00,24-Sep-2026,41,INE17D601016
SAGCEM,EQ,152.99,153.49,151,151.76,151,152.68,26975,4103718.43,24-Sep-2026,626,INE229C01021
SAGARDEEP,EQ,24.38,24.38,23.52,23.7,23.9,24.36,3152,75184.89,24-Sep-2026,89,INE976T01013
SAGILITY,EQ,45.5,45.71,44.82,45,45,45.99,10874146,491362461.31,24-Sep-2026,21931,INE0W2G01015
SAHAJSOLAR,SM,89.5,89.95,88.05,89.35,89.1,89.85,7200,640180.00,24-Sep-2026,18,INE0P4701011
SAHANA,SM,840,870,840,851.15,855,863.05,15150,12939015.00,24-Sep-2026,78,INE0LEX01011
SAHASRA,SM,408.45,408.45,408.45,408.45,408.45,389,32000,13070400.00,24-Sep-2026,39,INE0RBQ01018
SAHYADRI,EQ,360,383,356.6,366.85,369,369.6,14940,5583511.95,24-Sep-2026,870,INE280H01015
SAICAPI,EQ,157.25,157.25,142.15,146.03,146.03,155.69,488,71934.76,24-Sep-2026,27,INE531X01018
SAILIFE,EQ,1601,1649.8,1589,1594.9,1602,1609.6,518814,840405490.00,24-Sep-2026,32097,INE570L01029
SAIPARENT,EQ,509.3,524,501.25,506.4,507.9,509.3,84888,43600414.80,24-Sep-2026,3300,INE0H9F01037
KALAMANDIR,EQ,78.79,79.8,78.01,78.47,78.25,79.99,255927,20201118.20,24-Sep-2026,3354,INE438K01021
SEKURITIND,EQ,114.8,114.8,111.05,111.52,111.2,113.82,12064,1358136.61,24-Sep-2026,281,INE068B01017
SAJHOTELS,ST,32.8,32.8,32.7,32.7,32.7,34.4,14000,458000.00,24-Sep-2026,7,INE00MT01022
SAKAR,EQ,1158,1189.9,1109.95,1128.55,1130.95,1162.65,121571,139572984.90,24-Sep-2026,11009,INE732S01012
SAKSOFT,EQ,145.61,148.55,142.9,143.53,143.5,147.79,188469,27205096.39,24-Sep-2026,3092,INE667G01023
SAKHTISUG,EQ,18.2,18.23,17.86,17.96,17.99,18.23,79745,1438865.10,24-Sep-2026,518,INE623A01011
SAKUMA,EQ,1.67,1.75,1.6,1.66,1.65,1.67,2472729,4086144.28,24-Sep-2026,1693,INE190H01024
SALASAR,EQ,4.92,4.94,4.86,4.91,4.93,4.94,2533913,12394344.03,24-Sep-2026,2818,INE170V01027
SALONA,EQ,266,279.95,256.6,274.25,273.75,270.65,3076,822236.55,24-Sep-2026,242,INE498E01010
SALZERELEC,EQ,551.1,551.1,532,538.65,539.5,549.05,22627,12221609.95,24-Sep-2026,1916,INE457F01013
SAMBANDAM,EQ,103,107,103,107,107,102.5,11,1137.00,24-Sep-2026,3,INE304D01012
SAMBHAAV,EQ,6.1,6.1,5.64,5.89,5.96,5.98,5858,34678.24,24-Sep-2026,81,INE699B01027
SAMBHV,EQ,157,157.14,151.53,152.36,152.4,158.22,2398819,369843282.79,24-Sep-2026,25057,INE12NJ01018
SAIFL,SM,4.3,4.3,4.2,4.3,4.3,4.25,68000,290200.00,24-Sep-2026,16,INE0PZA01015
SAMHI,EQ,160.64,161.7,157.76,158.94,159.27,160.01,618453,98564903.79,24-Sep-2026,10249,INE08U801020
SAMMAANCAP,EQ,143.55,144.42,140,140.55,140.85,144.48,3981880,563693825.07,24-Sep-2026,23102,INE148I01020
SAMPANN,EQ,24.34,24.45,23.81,24.08,24.09,24.34,8544,206167.42,24-Sep-2026,143,INE735M01018
MOTHERSON,EQ,163.75,164.8,162.5,162.5,162.5,164.4,22050862,3619469115.97,24-Sep-2026,41215,INE775A01035
SANATHAN,EQ,504.35,544.3,504.35,529.25,526,506.35,786460,416608041.75,24-Sep-2026,31440,INE0JPD01013
SANDESH,EQ,1027,1038,1006,1014.3,1023.5,1027,216,219618.10,24-Sep-2026,63,INE583B01015
SANDHAR,EQ,580.8,585.9,561.35,575.65,573.8,591.75,179293,103484761.30,24-Sep-2026,11662,INE278H01035
SANDUMA,EQ,186.4,186.4,182.66,183.11,183.4,188.06,365304,67183957.78,24-Sep-2026,7285,INE149K01016
SANGAMIND,EQ,565,594.55,563.1,579.7,579.9,570.85,38862,22640285.30,24-Sep-2026,2254,INE495C01010
SANGHVIMOV,EQ,439.4,460.65,430.55,446.45,445.5,441.75,406457,182787733.75,24-Sep-2026,14863,INE989A01032
SANGINITA,BE,76.89,76.89,73.89,73.89,73.89,75.39,296633,22653102.31,24-Sep-2026,306,INE753W01010
SANOFICONR,EQ,3999,4068.4,3955,3971.3,3980,4005.4,4134,16520421.70,24-Sep-2026,1631,INE0UOS01011
SANOFI,BL,3052,3052,3052,3052,3052,10072.65,3500000,10682000000.00,24-Sep-2026,1,INE058A01010
SANOFI,EQ,3075,3220.9,3075,3132.7,3138,3052.4,112839,356025529.00,24-Sep-2026,16500,INE058A01010
SANSERA,EQ,4600,4725,4535.8,4605.6,4680,4621.4,268650,1248881647.30,24-Sep-2026,41919,INE953O01021
SANSTAR,EQ,110.5,110.85,108.7,109.4,109.42,111.15,138568,15209320.23,24-Sep-2026,7357,INE08NE01025
SANWARIA,BZ,0.19,0.2,0.19,0.19,0.19,0.19,380152,74139.43,24-Sep-2026,134,INE890C01046
SAPPHIRE,EQ,229.69,231,222.68,225.7,226,231.48,411301,92930457.77,24-Sep-2026,11407,INE806T01020
SARTELE,SM,82,99.4,82,98.4,98.95,83.05,287500,27138775.00,24-Sep-2026,443,INE0PUC01020
ZSARACOM,EQ,10188,10188,9906,9948,10138,10294,51,509684.00,24-Sep-2026,42,INE967G01019
SSDL,EQ,65.62,68.43,64.1,66.3,66.02,65.62,58214,3894273.28,24-Sep-2026,1350,INE0PQ101010
SARDAEN,EQ,505,508.35,496.8,499.45,497.95,505.95,204170,102643581.65,24-Sep-2026,10748,INE385C01021
SAREGAMA,EQ,502,507,495.2,498.45,499,507,202297,101158045.95,24-Sep-2026,10633,INE979A01025
SARLAPOLY,EQ,101.59,101.59,99,99.99,100,100.03,27669,2759900.54,24-Sep-2026,569,INE453D01025
SMLT,EQ,62.62,62.62,60,60.74,60.92,60.61,2408,146351.62,24-Sep-2026,80,INE017W01010
SARVESHWAR,EQ,3.7,3.7,3.63,3.63,3.63,3.66,798944,2916416.99,24-Sep-2026,1513,INE324X01026
SASKEN,EQ,1809.9,1809.9,1730.5,1736.8,1732.5,1780.6,13119,23047789.70,24-Sep-2026,2049,INE231F01020
SATKARTAR,SM,168,182.5,167,179.45,177.2,164.55,199200,35260480.00,24-Sep-2026,208,INE0NB801022
SSEGL,SM,384,404,384,400.2,402.75,386.05,112000,44602330.00,24-Sep-2026,228,INE0RFP01011
SATIPOLY,SM,36.1,36.1,33.5,33.5,33.5,34.4,3000,102300.00,24-Sep-2026,3,INE0RPM01017
SATIA,EQ,66.85,68.18,66.45,67.67,68,67.24,68295,4596067.41,24-Sep-2026,1060,INE170E01023
SATIN,EQ,224.95,227.38,220.04,226.15,226,225.3,243175,54653386.38,24-Sep-2026,3905,INE836B01017
SATTVAENGG,SM,59.9,59.9,52.95,57.3,57.1,58,57600,3198640.00,24-Sep-2026,32,INE14DW01018
SAURASHCEM,EQ,53.8,54.2,52.5,52.76,52.51,53.86,47022,2511871.20,24-Sep-2026,856,INE626A01014
SOTL,EQ,715,737,707.7,726.5,726,715.6,358641,260186538.85,24-Sep-2026,12763,INE035D01020
SAWALIYA,SM,161,162,158.5,158.95,158.95,159.6,11400,1819080.00,24-Sep-2026,13,INE10VS01016
SAYAJIHOTL,EQ,325,329,325,327,327,327,17,5574.00,24-Sep-2026,4,INE318C01014
SAYAJIIND,EQ,116,122,116,122,122,122,641,77191.30,24-Sep-2026,54,INE327G01032
SBC,EQ,49.03,49.65,47.9,48.01,48,48.78,8735953,425343928.25,24-Sep-2026,6643,INE04AK01028
SBFC,EQ,90.99,91.35,88.74,89.14,89,91.21,962702,86304447.82,24-Sep-2026,9637,INE423Y01016
SBICARD,EQ,632,642.3,616.2,618.4,618.4,635,1184379,741752888.95,24-Sep-2026,33735,INE018E01016
SBIFUNDS,EQ,548,548.35,536,537.6,536.55,551.35,852645,460523016.30,24-Sep-2026,40059,INE640G01020
SBILIFE,EQ,1710,1791.4,1699.9,1755,1755,1760,3449627,6082114689.30,24-Sep-2026,127769,INE123W01016
SETFGOLD,EQ,128.22,128.22,127.25,127.35,127.35,128.64,4102003,523318338.36,24-Sep-2026,10243,INF200KA16D8
SETFNIF50,EQ,258.97,258.97,248.7,249.39,249.69,252.66,1650846,412683479.68,24-Sep-2026,7783,INF200KA1FS1
SETFNIFBK,EQ,578.47,578.47,569.6,571.57,571.98,580.67,96046,54953561.66,24-Sep-2026,1515,INF200KA1580
SETFNN50,EQ,774.99,775,766.42,769.51,772,776.31,31794,24476943.95,24-Sep-2026,1056,INF200KA1598
LIQUIDSBI,EQ,1000,1000.01,999.99,1000.01,1000.01,999.99,2977,2976987.96,24-Sep-2026,28,INF200KA13Z8
SBIBPB,EQ,48.75,48.75,47.82,48.03,48.31,48.41,26580,1279670.71,24-Sep-2026,324,INF200KB1712
SBIETFCON,EQ,120.53,120.53,117.28,117.45,118.08,119.33,3128,369938.59,24-Sep-2026,102,INF200KA1X17
SBIETFIT,EQ,316.99,316.99,312.06,312.82,312.8,314.58,5296,1660838.35,24-Sep-2026,217,INF200KA1S14
SBIETFPB,EQ,274.86,280.01,273.19,275.05,274.15,280.47,1329913,365718574.24,24-Sep-2026,812,INF200KA1S22
SBIETFQLTY,EQ,214.01,214.01,211.18,211.29,211.65,214.2,1544,327857.51,24-Sep-2026,69,INF200KA1WX6
SBILIQETF,EQ,1057.18,1057.2,1057.18,1057.19,1057.2,1057.04,70404,74431063.20,24-Sep-2026,53,INF200KB1969
SBIMIDMOM,EQ,63.5,63.5,62.4,62.44,62.71,63.65,31346,1966156.16,24-Sep-2026,183,INF200KB1AJ0
SBINEQWETF,EQ,32.59,32.59,32.12,32.17,32.3,32.64,66640,2148757.90,24-Sep-2026,321,INF200KB1282
SBINMID150,EQ,23.01,23.01,22.49,22.61,22.63,23.01,45366,1022171.98,24-Sep-2026,185,INF200KB1AK8
SBISILVER,EQ,223.81,223.82,221.04,221.28,221.45,225.79,1118425,248956886.58,24-Sep-2026,6380,INF200KB1217
SBISMLETF,EQ,18.49,18.57,18.1,18.2,18.28,18.4,47840,873869.97,24-Sep-2026,242,INF200KB1AY9
SBIVALETF,EQ,14.65,14.65,14.3,14.43,14.47,14.58,31178,450078.93,24-Sep-2026,65,INF200KB1AX1
SETF10GILT,EQ,263,263.8,261.85,263.36,263.53,263.59,4119,1085013.86,24-Sep-2026,56,INF200KA1JT1
SCANSTL,BE,51.38,52,50,50.99,51.99,51.79,48547,2480982.44,24-Sep-2026,155,INE099G01011
SCHAEFFLER,EQ,4062,4093,4000,4024.2,4009,4085.7,47083,191099651.10,24-Sep-2026,5551,INE513A01022
SCHNEIDER,EQ,1243.4,1243.4,1215,1218.8,1217.1,1243.4,84376,103310401.10,24-Sep-2026,9389,INE839M01018
SCL01825,N6,1094.09,1094.09,1094.09,1094.09,1094.09,1092,10,10940.90,24-Sep-2026,1,INE148I07XX3
1015SCL29T,N1,1058.48,1058.48,1058.48,1058.48,1058.48,1044.41,16,16935.68,24-Sep-2026,2,INE148I07VO6
865SCL27,N4,985,985,985,985,985,981.2,30,29550.00,24-Sep-2026,2,INE148I07XG8
9SCL27,N2,999,1000,999,1000,1000,1001,110,109990.00,24-Sep-2026,3,INE148I07YA9
925SCL30A,NH,999,999,999,999,999,999,15,14985.00,24-Sep-2026,2,INE148I07XS3
925SCL27B,N1,1000,1000,1000,1000,1000,1003,127,127000.00,24-Sep-2026,2,INE148I07WH8
948SCL28,N1,1000,1000,1000,1000,1000,1000,25,25000.00,24-Sep-2026,1,INE148I07WV9
995SCL2035,NM,1013,1013,1010,1010,1010,1015,40,40418.00,24-Sep-2026,3,INE148I07XY1
SCODATUBES,EQ,137.74,138.14,131.01,133.79,134.9,137.74,556368,74589746.19,24-Sep-2026,5806,INE090501011
756AP39,SG,94.43,94.43,94.43,94.43,94.43,95,100,9443.00,24-Sep-2026,1,IN1020260080
807AP36,SG,99.5,99.5,99.49,99.49,99.49,100,2000,198984.00,24-Sep-2026,3,IN1020220183
767CG31,SG,99.13,99.13,99.13,99.13,99.13,100,100,9913.00,24-Sep-2026,1,IN3520230118
758GJ26,SG,101,101,101,101,101,101.5,100,10100.00,24-Sep-2026,1,IN1520230104
748HR34,SG,98.91,98.91,98.9,98.9,98.9,98.91,1400,138464.00,24-Sep-2026,2,IN1620240011
779PN38,SG,99,99,99,99,99,97.71,100,9900.00,24-Sep-2026,1,IN2820230232
766RJ31,SG,99.09,99.09,99.09,99.09,99.09,100,100,9909.00,24-Sep-2026,1,IN2920230389
935LTF29,N5,1090.01,1090.01,1090.01,1090.01,1090.01,1090.3,10,10900.10,24-Sep-2026,1,INE027E07972
SEAMECLTD,EQ,1730.2,1764.5,1719.6,1730.1,1735,1752.7,27330,47486395.00,24-Sep-2026,3908,INE497B01018
IIFLZC28A,NU,1390,1390,1390,1390,1390,1350,20,27800.00,24-Sep-2026,1,INE530B07278
1003ISFL28,N4,1005.5,1005.5,1005.5,1005.5,1005.5,1005,10,10055.00,24-Sep-2026,1,INE413U07269
1003IIFL29,NC,1000.01,1023.99,1000.01,1012.01,1000.03,1015,3,3024.03,24-Sep-2026,3,INE413U07301
1015SCFL29,YY,1017.99,1019.11,1017.99,1019.11,1019.11,1010,107,108932.77,24-Sep-2026,7,INE148I07SS3
1015SCL28B,AZ,820.8,820.8,820.8,820.8,820.8,840.8,2,1641.60,24-Sep-2026,1,INE148I07OW4
1015SCL28A,AL,499.5,499.5,410,410,410,511.56,7,3407.00,24-Sep-2026,2,INE148I07OH5
1025UCL26A,N1,995,995,995,995,995,995,1,995.00,24-Sep-2026,1,INE583D07521
1025SCL34,Z8,1022.41,1022.41,1022.41,1022.41,1022.41,1010,20,20448.20,24-Sep-2026,1,INE148I07SQ7
1025SCL34A,ZT,1011.5,1011.5,1011.5,1011.5,1011.5,1005,1000,1011500.00,24-Sep-2026,1,INE148I07TN2
835SCL23B,YM,1009,1009,1007,1007,1007,1009,136,137192.00,24-Sep-2026,3,INE148I07RZ0
888SCL25E,N4,1035,1035,700.2,864,864,864,43,38876.40,24-Sep-2026,4,INE148I07PV3
965SCL25F,NZ,840,840,815.02,815.02,815.02,820,356,298965.06,24-Sep-2026,3,INE148I07RB1
1050ISFL28,N5,1078.8,1078.8,1078.8,1078.8,1078.8,1070,153,165056.40,24-Sep-2026,3,INE413U07251
1003SFIL28,NX,498,498,498,498,498,415,6,2988.00,24-Sep-2026,1,INE244L07556
1065NFL27,NC,1015,1015,1015,1015,1015,1015.99,20,20300.00,24-Sep-2026,2,INE342T07460
1075SCL33A,N2,810,945,810,945,945,860,56,47385.00,24-Sep-2026,2,INE148I07PT7
79NHIT35,N1,309.1,311,309.1,309.69,309.66,310.1,2176,673306.00,24-Sep-2026,17,INE0H7R07017
79NHIT40,N2,314,314,314,314,314,310,300,94200.00,24-Sep-2026,1,INE0H7R07025
79NHIT47,N3,420,420,419.5,419.5,419.5,421.85,26,10910.00,24-Sep-2026,2,INE0H7R07033
797IGT31,NL,1017.9,1017.9,1017.9,1017.9,1017.9,1010,30,30537.00,24-Sep-2026,1,INE219X07280
82IGT31,NJ,1040,1044,1034.75,1034.81,1034.81,1035.11,852,882986.26,24-Sep-2026,9,INE219X07264
842IIFL26,NL,997,997,996,996,996,996.99,208,207237.00,24-Sep-2026,9,INE530B07161
843IHFL29,NC,993.98,993.98,993.98,993.98,993.98,984.01,10,9939.80,24-Sep-2026,1,INE477L07AQ2
865IIFL28,NS,985,992.46,983.5,985.01,985.01,988.5,2072,2039867.96,24-Sep-2026,11,INE530B07310
89IHFL29,N1,985,985,982,984.8,984.8,985,118,115964.00,24-Sep-2026,4,INE477L07BG1
93MOFSL34,N6,1070,1070,1061,1061,1061,1070,65,69415.00,24-Sep-2026,2,INE338I07115
935MOFSL29,N5,1049.99,1051,1049.99,1051,1051,1049.99,160,168046.88,24-Sep-2026,3,INE338I07107
965SCL25C,N0,402.2,402.2,402.2,402.2,402.2,404.2,10,4022.00,24-Sep-2026,1,INE148I07ND6
948SCL27D,N1,1005,1005,1005,1005,1005,990.5,2,2010.00,24-Sep-2026,1,INE148I07UC3
957ISFL26,N2,995,995,995,995,995,995,10,9950.00,24-Sep-2026,2,INE413U07236
965AEL27,N4,1014.9,1014.9,1014,1014,1014,1011.55,345,350017.70,24-Sep-2026,7,INE423A07328
IHFL261224,N1,1150.8,1150.8,1150.8,1150.8,1150.8,1150.8,37,42579.60,24-Sep-2026,2,INE477L07BA4
SCLZC26E,NP,1290.03,1290.03,1290.03,1290.03,1290.03,1290,5,6450.15,24-Sep-2026,1,INE148I07QO6
IMC1,N1,251,251,251,251,251,251.67,79,19829.00,24-Sep-2026,3,INE00QS24043
IMC1,N3,251,251,251,251,251,251.7,290,72790.00,24-Sep-2026,2,INE00QS24035
1060ECL29,NS,1080,1080,1080,1080,1080,1080,37,39960.00,24-Sep-2026,2,INE804IA7022
84TCHF28,NA,1069,1069,1068,1068,1068,1065.6,16,17100.00,24-Sep-2026,2,INE033L07GU2
903SFL28,YI,1027,1027.01,1027,1027,1027,1027.01,250,256750.50,24-Sep-2026,4,INE721A07NU1
930SFL28,YP,1035,1035,1035,1035,1035,1040,3,3105.00,24-Sep-2026,1,INE721A07OC7
94SFL28,YL,1040.02,1040.05,1040,1040,1040,1040.01,255,265205.95,24-Sep-2026,12,INE721A07NX5
943ECL28,NJ,1010,1010,1001.5,1001.56,1001.5,1006,1389,1392606.65,24-Sep-2026,15,INE804I078Y8
97SFL28,YS,1100,1100,1100,1100,1100,1100,3,3300.00,24-Sep-2026,1,INE721A07OF0
985ECL28,NK,1009.99,1009.99,1007,1008.62,1007,1008.84,46,46396.75,24-Sep-2026,2,INE804I079Y6
SECMARK,EQ,143.35,143.35,140,142.5,142.5,141.03,3193,448300.05,24-Sep-2026,22,INE0BTM01013
SECURKLOUD,EQ,16.69,17.08,16.43,16.72,16.9,16.61,28849,481503.33,24-Sep-2026,171,INE650K01021
SEDEMAC,BL,3010,3010,3010,3010,3010,1352,4879838,14688312380.00,24-Sep-2026,18,INE00XB01019
SEDEMAC,EQ,2998,3350,2998,3313.6,3328,3035.2,1058936,3408762220.30,24-Sep-2026,96711,INE00XB01019
SEJALLTD,EQ,702,724.5,669.3,683.05,688,699.6,13503,9367956.75,24-Sep-2026,795,INE955I01044
SELLOWRAP,SM,64.35,65.35,64.35,64.7,65.35,67.5,4800,310480.00,24-Sep-2026,3,INE0IJF01013
SEMAC,EQ,260.05,271.8,260.05,268.4,266,265.65,170,45381.30,24-Sep-2026,40,INE617A01013
SENCO,EQ,338.5,339.6,333.65,336,335,342.25,507270,170537979.45,24-Sep-2026,17023,INE602W01027
SENORES,EQ,1384.5,1398,1341,1344.3,1345,1383.4,217301,295547351.10,24-Sep-2026,16740,INE0RB801010
SEPC,EQ,5.06,5.18,5.06,5.12,5.14,5.22,5340821,27344571.19,24-Sep-2026,3745,INE964H01014
865TCAPS27,N8,1020,1020,1012,1012.2,1012.2,1010.69,21,21337.20,24-Sep-2026,4,INE306N07LM5
SERVOTECH,EQ,71,71.19,70.2,70.29,70.5,71.67,329681,23239504.03,24-Sep-2026,3745,INE782X01033
STYL,EQ,356.5,391,351.45,370.35,375.4,359.8,113636,41469253.00,24-Sep-2026,3594,INE04VU01023
SESHAPAPER,EQ,245.73,250,244,244.74,244,247.95,23085,5695760.05,24-Sep-2026,570,INE630A01024
SETCO,BE,16.51,17.89,16.51,17.89,17.89,17.04,135183,2388256.10,24-Sep-2026,186,INE878E01021
SETUINFRA,BZ,0.56,0.56,0.56,0.56,0.56,0.57,1498,838.88,24-Sep-2026,10,INE023M01027
SEYAIND,BE,13.91,14.16,13.63,14.05,14.05,13.9,11376,160385.60,24-Sep-2026,52,INE573R01012
SGFIN,EQ,622.75,622.75,591.95,601.55,600.4,622.15,266998,161814956.45,24-Sep-2026,10967,INE618R01015
SGMART,EQ,731,732.3,710.05,717.15,722.45,731.45,157780,113569662.75,24-Sep-2026,8564,INE385F01024
SGLRES,EQ,2.54,2.54,2.32,2.32,2.32,2.44,64861,152992.26,24-Sep-2026,140,INE967B01028
SHADOWFAX,EQ,285,292.2,278.8,285.8,285.55,285.75,5612297,1610801703.70,24-Sep-2026,98798,INE12UN01015
SHAHALLOYS,BE,91.45,92.99,90,92.01,92,91.45,93988,8642952.06,24-Sep-2026,151,INE640C01011
SHAH,EQ,3.22,3.26,3.19,3.2,3.22,3.25,1595392,5157141.13,24-Sep-2026,626,INE482J01021
SHAILY,EQ,3210.3,3210.3,3100,3112.1,3120,3211,101352,319502287.60,24-Sep-2026,15652,INE151G01028
SHAKTIPUMP,EQ,471.9,475.05,463.65,472.15,471.5,476.8,302418,141977224.50,24-Sep-2026,13180,INE908D01010
SHALBY,EQ,145.5,149.29,142.81,143.77,144.5,145.67,118942,17388457.30,24-Sep-2026,3088,INE597J01018
SAHLIBHFI,EQ,77,81.78,76.5,78.24,79.49,76.03,15818,1252309.59,24-Sep-2026,637,INE861D01011
SHALPAINTS,BE,78.8,80.7,76.3,76.65,77.79,79.09,69597,5406681.46,24-Sep-2026,360,INE849C01026
SRD,EQ,40.49,40.49,39.15,39.45,39.37,40.88,42571,1693919.24,24-Sep-2026,237,INE01NE01012
SHANKARA,EQ,142.9,142.9,137.01,137.18,137.16,143.39,45295,6306253.94,24-Sep-2026,1108,INE274V01019
BUILDPRO,EQ,1292.3,1300.5,1255,1272.6,1289.7,1292.3,194395,248948053.90,24-Sep-2026,5509,INE24OJ01011
SHANKESH,EQ,93.6,94.06,90.6,91.51,91.5,94.32,1871422,172195898.97,24-Sep-2026,13856,INE1WFC01025
SHANTIGEAR,EQ,660,701.45,659.25,666.25,665.5,668.05,151787,103531985.95,24-Sep-2026,4302,INE631A01022
SEIL,EQ,199,200,192.78,194.69,194.96,197.86,217128,42500170.21,24-Sep-2026,2354,INE440T01028
SHANTIGOLD,EQ,287.34,291.25,281.1,283.62,285.7,288.07,4189312,1199244777.64,24-Sep-2026,48749,INE06ZD01017
SHANTIINOR,SM,180.05,184.45,170.25,175.95,175.1,181.1,152000,27148720.00,24-Sep-2026,90,INE1ZEE01019
SHANTI,EQ,5.9,5.9,5.5,5.62,5.6,5.7,12131,68887.43,24-Sep-2026,73,INE933X01016
SHINDL,EQ,165.73,165.73,159,162.78,162.02,164.13,392824,63340784.87,24-Sep-2026,3413,INE220Z01013
SHARDACROP,EQ,760.25,760.25,738.6,740.9,740,758.05,101457,75555683.30,24-Sep-2026,8701,INE221J01015
SHARDAMOTR,EQ,970.8,976.9,955.2,961.85,966,971.85,52212,50486378.05,24-Sep-2026,5390,INE597I01028
SHARDUL,BE,54.45,55.59,54.45,55.28,55.59,54.8,23283,1281456.90,24-Sep-2026,75,INE037B01020
SHAREINDIA,EQ,215.57,219.88,209.09,211.85,211.11,219.98,1855459,394909903.10,24-Sep-2026,21494,INE932X01026
SCML,SM,76,76,75,75,75,77,2000,151000.00,24-Sep-2026,2,INE460Q01014
SHEEL,ST,58,60.9,58,60.6,60.6,58,10000,601200.00,24-Sep-2026,5,INE0YJV01017
SFL,EQ,644.6,651.3,638.1,642.4,642.2,643.1,124707,80298761.30,24-Sep-2026,11397,INE916U01025
SCPL,BE,663.95,663.95,624,630.55,624,650,7631,4850385.45,24-Sep-2026,240,INE501Y01019
SHEETAL,SM,354.95,357.9,354.95,357.9,357.9,354.95,1000,356425.00,24-Sep-2026,2,INE04VX01019
SHEKHAWATI,BE,25.6,26.09,23.65,26.09,26.09,24.85,114960,2899040.98,24-Sep-2026,287,INE268L01046
SHEMAROO,BE,123.75,124,121.51,122.91,121.62,123.79,8590,1057669.52,24-Sep-2026,44,INE363M01019
SHERA,SM,180,181,176,176,176,181.65,25000,4442550.00,24-Sep-2026,24,INE0MM001019
SHERVANI,EQ,325,325,325,325,325,320.1,3,975.00,24-Sep-2026,1,INE011D01013
SHIGAN,SM,54.25,60,54,58.55,58.5,62,31500,1786950.00,24-Sep-2026,15,INE03KJ01013
SHILCTECH,EQ,4147,4170,4046,4079.1,4096,4147.6,20213,83175777.10,24-Sep-2026,4915,INE024F01011
SHILGRAVQ,EQ,144.2,152,142,144.95,147.99,147.67,23252,3368695.81,24-Sep-2026,406,INE960A01017
SHILPAMED,EQ,1035.8,1055,992,1007.3,1021,1037.7,622161,637947169.55,24-Sep-2026,34408,INE790G01031
SCILAL,EQ,38.38,38.38,37,37.29,37.35,38.2,375079,14068541.92,24-Sep-2026,1693,INE0PB301013
SCI,EQ,276,280.3,274.1,276.6,277.5,279.05,1057549,292165283.85,24-Sep-2026,20693,INE109A01011
SHIPROCKET,EQ,126,126.8,119.52,120.46,120.5,127.23,2928780,358617045.67,24-Sep-2026,28624,INE0FOO01011
SHIVAUM,EQ,513,519.5,513,513.2,513,513.2,2864,1471066.25,24-Sep-2026,97,INE719F01016
SHIVACEM,EQ,15.61,15.8,15.3,15.65,15.71,15.6,28331,441496.34,24-Sep-2026,156,INE555C01029
SHIVAAGRO,EQ,39.74,42.58,37.24,38.99,38.49,39.74,3883,154131.94,24-Sep-2026,57,INE960E01019
SHIVAMILLS,EQ,62.91,62.91,60,60.93,61.68,59.92,816,49269.86,24-Sep-2026,29,INE644Y01017
SHIVATEX,EQ,170.05,172,170.01,170.93,172,172,548,93464.65,24-Sep-2026,29,INE705C01020
SPCL,SM,67.5,67.5,65.1,65.1,65.1,67.6,13800,914820.00,24-Sep-2026,22,INE0T7B01010
SBCL,EQ,1153.2,1184.9,1137,1143.2,1147.6,1156,198267,229740715.60,24-Sep-2026,13802,INE386D01027
SHIVALIK,EQ,435,435.1,407.55,410.7,419,431.65,94146,39494633.10,24-Sep-2026,5024,INE788J01021
SHIVAMAUTO,EQ,18.21,18.21,17.12,17.44,17.44,18.21,95578,1678927.30,24-Sep-2026,405,INE637H01024
SHIVASHRIT,SM,116.25,119,111,112.6,111,113.65,81000,9213050.00,24-Sep-2026,70,INE1DLF01018
SHOPERSTOP,EQ,386.2,390.2,379.05,385.05,385,391.1,38955,15001693.15,24-Sep-2026,2519,INE498B01024
SHRADDHA,EQ,148.84,151.8,144.05,150.49,150.5,149.58,1357,202800.89,24-Sep-2026,87,INE311M01018
SHRADHA,EQ,30.3,31.4,29.36,30.51,31.4,30.45,16232,486992.25,24-Sep-2026,148,INE715Y01031
SHREEPUSHK,EQ,490,498.75,476.55,492.15,493,495.8,93203,45370569.35,24-Sep-2026,3645,INE712K01011
SAPPL,EQ,271.45,284.3,270,278.15,279,273.1,794,218585.60,24-Sep-2026,35,INE185C01017
SHREECEM,EQ,22300,22725,22170,22350,22350,22500,17131,385546975.00,24-Sep-2026,8645,INE070A01015
SHREDIGCEM,EQ,69.25,69.25,65.5,67.52,67.91,68.8,90814,6121405.06,24-Sep-2026,1264,INE232A01011
SGRL,EQ,731.5,739.45,654,677.15,684.15,735.55,45846,32147751.45,24-Sep-2026,2529,INE414Y01015
SHREEKARNI,SM,385,385,380,380.85,380,387.9,900,342750.00,24-Sep-2026,3,INE0S4Y01010
SHREEOSFM,SM,51.9,52.8,51.9,51.9,51.9,51.8,6000,314200.00,24-Sep-2026,6,INE02S501018
SRTL,EQ,38.62,39.29,38,38.38,38.65,38.9,16603,642060.07,24-Sep-2026,284,INE19GK01015
SHREERAMA,EQ,45,46.27,43.49,43.87,43.66,45.79,69801,3148513.70,24-Sep-2026,843,INE879A01019
RAMANEWS,EQ,31.66,32.6,30.81,31.21,31.35,31.81,15382,481661.01,24-Sep-2026,196,INE278B01020
RENUKA,EQ,22.89,23.13,22.45,22.92,22.9,23.04,8155853,186029623.20,24-Sep-2026,13711,INE087H01022
BALAJEE,EQ,24.95,26.4,24.95,25.38,25.02,25.68,38348,976578.71,24-Sep-2026,269,INE0S2G01011
SVLL,EQ,860.3,865.6,801.1,820.4,815.15,861.3,3176,2641311.70,24-Sep-2026,149,INE00CE01017
SHREEDHAR,ST,173.9,180.7,163.5,170.05,170.05,172.1,30000,5144200.00,24-Sep-2026,15,INE0K3301012
SHETHJI,SM,183.15,187.8,182.1,185.5,182.1,189.25,25000,4656150.00,24-Sep-2026,11,INE1FL101016
SHREEJISPG,EQ,719.8,729,714.35,724.85,724.35,723.75,344972,248835926.25,24-Sep-2026,4970,INE1B6101010
OSWALSEEDS,EQ,13.4,13.75,12.55,12.68,12.73,13.57,445150,5733691.43,24-Sep-2026,1374,INE00IK01029
SHREMINVIT,IV,102,102,102,102,102,102,125000,12750000.00,24-Sep-2026,2,INE0GTI23014
SHRENIK,BZ,0.28,0.29,0.28,0.28,0.29,0.28,451768,128966.59,24-Sep-2026,172,INE632X01030
SHREYANIND,EQ,129.74,131.5,129,130.41,131.5,129.1,1573,203568.33,24-Sep-2026,31,INE231C01019
SHRIAHIMSA,SM,468.95,468.95,449.5,453.55,458,466.1,30000,13746030.00,24-Sep-2026,43,INE0DM401012
SHBAJRG,EQ,163.75,163.75,157.01,161,161,161.24,1921,307726.86,24-Sep-2026,77,INE402H01015
SHKSIL,SM,34.8,34.95,34.8,34.85,34.95,33.9,4000,139500.00,24-Sep-2026,2,INE0NON01025
SHRJAGP,EQ,625.5,690,615.2,654.7,654.75,632.25,875,558127.20,24-Sep-2026,79,INE564J01026
SHRIKANHA,SM,22.1,22.1,22.1,22.1,22.1,21.05,30400,671840.00,24-Sep-2026,13,INE1V4601019
SHRIKRISH,EQ,37,37,37,37,37,35.45,19,703.00,24-Sep-2026,5,INE997I01012
SHRITECH,SM,60.05,60.05,60.05,60.05,60.05,61.1,2000,120100.00,24-Sep-2026,1,INE0OMF01015
VASUPRADA,EQ,99,99,95.3,95.3,95.3,95.05,212,20906.60,24-Sep-2026,3,INE574G01013
SHRINGARMS,EQ,210.5,215.8,208.71,210.25,210,210.22,344700,73073333.51,24-Sep-2026,2604,INE1B3L01017
LIQUIDSHRI,EQ,1122.7,1122.72,1122.7,1122.71,1122.72,1122.57,24624,27645800.60,24-Sep-2026,45,INF680P01422
SHRIRAMFIN,EQ,999,1008.6,983.4,990,990,1010.8,4096126,4077946859.70,24-Sep-2026,105452,INE721A01047
SHRIRAMPPS,EQ,72.05,72.84,70.52,70.85,70.93,72.69,327512,23394415.71,24-Sep-2026,2843,INE217L01019
SHUBHLAXMI,SM,19.85,20.1,18.25,19.7,20.1,19.2,29000,572050.00,24-Sep-2026,11,INE01Z401013
SHUBHSHREE,SM,350,350,350,350,350,350,300,105000.00,24-Sep-2026,1,INE0UL701015
SHUKRAPHAR,EQ,56.4,57.28,55.13,55.76,56,56.79,1524285,85362694.78,24-Sep-2026,7419,INE551C01044
SHYAMCENT,BE,5.09,5.1,4.92,5,5,5.02,26951,135514.98,24-Sep-2026,73,INE979R01011
SHYAMDHANI,SM,55.55,55.6,55.5,55.55,55.55,54.5,8000,444400.00,24-Sep-2026,4,INE1CRP01016
SHYAMMETL,EQ,1103.5,1148,1086.8,1097.9,1104,1105.8,1377316,1538274017.70,24-Sep-2026,54967,INE810G01011
SHYAMTEL,EQ,11.5,11.5,10.85,10.91,11.18,11.14,5847,64221.68,24-Sep-2026,39,INE635A01023
SICAGEN,EQ,53,53,52.11,52.36,52.3,52.98,10193,534549.83,24-Sep-2026,123,INE176J01011
SICALLOG,BE,94,95.99,92.81,93.44,94,94.36,13486,1269932.20,24-Sep-2026,58,INE075B01020
SIDDHICOTS,SM,26.55,26.6,26.55,26.6,26.6,26.5,2400,63780.00,24-Sep-2026,2,INE0SVO01019
SIDDHIKA,SM,211.2,220,209,213.2,220,219,6000,1279250.00,24-Sep-2026,12,INE0A1E01018
ENRIN,EQ,3191.7,3281.7,3158.5,3215.4,3216,3214.4,372166,1201961042.50,24-Sep-2026,37688,INE1NPP01017
SIEMENS,EQ,3852,3878.3,3825,3841.8,3841.8,3886,199507,768914450.90,24-Sep-2026,21091,INE003A01024
SIGACHI,EQ,31.34,31.49,30.11,30.3,30.39,31.34,2313647,70550217.35,24-Sep-2026,6696,INE0D0K01022
SIGMAADV,BE,930,980,897,949.65,958,936.7,279428,266768990.90,24-Sep-2026,6149,INE933B01012
SIGMA,EQ,46.05,46.05,44.06,44.53,45.1,46.04,78932,3552241.30,24-Sep-2026,1153,INE0A0S01028
SIGNATURE,EQ,765,801.85,763,784.6,784.5,768.75,575895,452494341.45,24-Sep-2026,27777,INE903U01023
SIGIND,BE,71.4,74.95,69.7,70.56,71.94,71.8,21254,1530755.05,24-Sep-2026,198,INE529F01035
SIGNPOST,EQ,278.2,281.35,272,272.8,272.3,273.9,86371,23873845.65,24-Sep-2026,2596,INE0KGZ01021
SIKA,EQ,1057.05,1073.85,1031.65,1038.7,1040,1059.75,29215,30615833.45,24-Sep-2026,2928,INE438E01032
SIKKO,BE,6.11,6.42,5.94,6.42,6.42,6.12,1886697,11962516.47,24-Sep-2026,782,INE112X01025
SILINV,EQ,444.55,459,441,451.6,459,452.8,1317,589118.90,24-Sep-2026,78,INE923A01015
SILGO,EQ,69.02,71,69,70.47,70.35,70.43,20318,1419036.13,24-Sep-2026,279,INE01II01013
SILKFLEX,SM,281.15,281.15,272.05,272.05,272.05,286.35,10000,2742000.00,24-Sep-2026,10,INE0STN01015
SILKY,SM,80.9,80.9,66,68.85,68.85,67.85,8800,606560.00,24-Sep-2026,11,INE0SN801015
SILVERTUC,EQ,153,154.4,146,147.51,147.04,152.99,700732,103766174.46,24-Sep-2026,6470,INE625X01026
SIMBHALS,BZ,6.29,6.29,6.19,6.19,6.19,6.31,7319,45608.80,24-Sep-2026,30,INE748T01016
SIMCA,ST,272,287.95,272,279.8,287.95,277.25,30600,8357220.00,24-Sep-2026,18,INE1K4J01018
SIMPLEXINF,EQ,254.05,255.2,251.1,251.75,252,256.4,67543,17091862.50,24-Sep-2026,1048,INE059B01024
SIMPLXREA,EQ,132,132,126,131.99,132,126,303,39389.80,24-Sep-2026,8,INE167H01014
SINCLAIR,EQ,82.06,83.64,78.03,79.61,78.7,82.04,44862,3582799.81,24-Sep-2026,1030,INE985A01022
SINDHUTRAD,EQ,24.01,24.48,23.53,23.66,23.8,23.96,279264,6642998.30,24-Sep-2026,823,INE325D01025
SINGERIND,EQ,79.12,82.6,77.5,77.95,78,79.13,113651,9096860.30,24-Sep-2026,1179,INE638A01035
SINTERCOM,EQ,78.75,81.34,76.1,77.01,77.9,78.75,1195,93236.57,24-Sep-2026,111,INE129Z01016
SIRCA,EQ,415.8,424.55,406.2,410.7,410,414.4,306940,127982524.10,24-Sep-2026,5164,INE792Z01011
SIS,EQ,420,426.65,415.2,418.45,415.5,421.45,118643,50199832.35,24-Sep-2026,7964,INE285J01028
SITINET,BZ,0.29,0.29,0.27,0.28,0.29,0.28,392771,111485.68,24-Sep-2026,252,INE965H01011
SIYSIL,EQ,540.55,544.8,532.2,539.6,543,540.55,21521,11615008.85,24-Sep-2026,1720,INE076B01028
SJS,EQ,2290.1,2328,2255,2261.4,2290,2334.1,101698,231917297.50,24-Sep-2026,12861,INE284S01014
SJVN,EQ,63.2,63.2,62.01,62.24,62.29,63.25,2315850,144308438.46,24-Sep-2026,28606,INE002L01015
SKFINDUS,EQ,2900,2981.2,2836.1,2939.7,2922.3,2885.9,45151,131685394.70,24-Sep-2026,10240,INE2J8701016
SKFINDIA,EQ,1526.2,1549.7,1508,1542,1543.9,1519.8,54183,83375273.00,24-Sep-2026,7227,INE640A01023
SKIPPER,EQ,568.1,574,546.75,552.35,553,567.5,688572,385760989.60,24-Sep-2026,23489,INE439E01022
SKMEGGPROD,EQ,228,229.5,221.95,223.2,222.5,229.75,152496,34247187.85,24-Sep-2026,2365,INE411D01023
SKP,SM,163,174,163,167.5,167.5,163.9,21000,3579025.00,24-Sep-2026,35,INE0KZA01016
SKYGOLD,EQ,791,801.9,775.1,782.7,784.7,794.1,537578,425558756.90,24-Sep-2026,24366,INE01IU01018
SKYTECH,SM,30.55,30.55,30.55,30.55,30.55,29.1,11200,342160.00,24-Sep-2026,6,INE0VFE01017
SKYWAYS,EQ,130,135.53,128.07,131,131.35,129.57,11545591,1520456068.27,24-Sep-2026,75674,INE0PX301025
SLONE,ST,169.65,176.95,161.5,173.2,176.95,169.65,6400,1090040.00,24-Sep-2026,16,INE0SMA01017
SMARTEN,SM,64.9,64.9,61,62.95,63.7,62.25,27600,1709340.00,24-Sep-2026,20,INE14GK01016
SMARTLINK,BE,216,224.4,214.05,217.82,221.31,218.48,680,146889.11,24-Sep-2026,19,INE178C01020
SMARTWORKS,EQ,532.65,548.6,532.15,538.95,538.5,541.05,25763,13892361.75,24-Sep-2026,1084,INE0NAZ01010
SMCGLOBAL,EQ,87,87.4,83.35,85.07,85.4,87.14,820006,70102113.16,24-Sep-2026,8815,INE103C01036
SMLMAH,EQ,6703,6849.5,6555,6603,6620,6794,33865,226597694.50,24-Sep-2026,5980,INE294B01019
SMSPHARMA,EQ,474.55,491,471,474.05,474.7,482.95,510891,245332677.85,24-Sep-2026,15200,INE812G01025
SNOWMAN,EQ,35.2,35.35,34.25,34.39,34.25,35.18,123221,4262574.45,24-Sep-2026,934,INE734N01019
SOBHA,EQ,1248.4,1248.4,1221.8,1227.7,1244.9,1243.8,46367,57346683.30,24-Sep-2026,5223,INE671H01015
SOFTTECH,EQ,513,513,484.35,486.2,485.05,491.85,2497,1229349.95,24-Sep-2026,153,INE728Z01015
SOLARINDS,EQ,19600,19860,19450,19480,19480,19730,120513,2372452045.00,24-Sep-2026,26795,INE343H01029
SOLARA,EQ,726,752.9,715,727.35,734,722.9,322402,238083576.50,24-Sep-2026,16698,INE624Z01016
SOLARWORLD,EQ,137,137.97,132.2,133.89,133.25,138.52,176321,23649174.27,24-Sep-2026,3073,INE0TY101024
SOLEX,EQ,739.45,755,713.15,731.5,740,735.2,65750,47757972.50,24-Sep-2026,4689,INE880Y01017
BALCO,SM,20.85,20.85,20.85,20.85,20.85,19.9,1200,25020.00,24-Sep-2026,1,INE0U0201016
SDBL,EQ,67.89,67.89,66.8,67.24,67.38,67.89,207968,13993832.26,24-Sep-2026,2488,INE480C01038
SOMATEX,EQ,82,82.69,79,79.94,79.95,82.35,4922,394876.00,24-Sep-2026,142,INE314C01013
SOMANYCERA,EQ,597.95,608.45,590.5,601.85,597,596.3,122260,73655335.10,24-Sep-2026,6272,INE355A01028
SOMICONVEY,EQ,91.02,91.98,89,89.6,89,91.51,19824,1784175.03,24-Sep-2026,504,INE323J01019
SONACOMS,EQ,828.55,837,814.7,816.3,816.3,833,2572412,2125700303.15,24-Sep-2026,86962,INE073K01018
SONAMAC,SM,31.5,31.5,30.5,30.5,30.5,31.5,4000,124100.00,24-Sep-2026,4,INE0Q6H01012
SONAL,EQ,87.5,87.7,87.5,87.7,87.7,83.55,203,17783.10,24-Sep-2026,8,INE321M01017
SONAMLTD,BE,69.99,69.99,66,66.5,66.5,68.02,21146,1425889.61,24-Sep-2026,187,INE00LM01029
SONA,BE,102.31,107.42,102.31,107.42,107.42,99,2223139,235598245.71,24-Sep-2026,16741,INE0LLZ01011
SONATSOFTW,EQ,280.1,280.95,274,274.7,276,282,380843,105516663.10,24-Sep-2026,8513,INE269A01021
SONUINFRA,ST,43,43,42.75,42.75,42.75,45,22500,962250.00,24-Sep-2026,11,INE0JZA01018
SOUTHWEST,EQ,190.2,194.2,187.47,188.76,188.3,194.64,80269,15272245.04,24-Sep-2026,1901,INE980Y01015
SPRL,SM,120.35,120.35,120.35,120.35,120.35,114.65,2400,288840.00,24-Sep-2026,3,INE0JW501011
SPCENET,EQ,3.44,3.44,3.35,3.36,3.37,3.39,229800,778188.51,24-Sep-2026,378,INE970N01027
SPANDANA,EQ,230,231.44,224.31,225.61,225.25,232.18,95230,21609788.55,24-Sep-2026,3848,INE572J01011
SPEB,SM,91,93,91,93,93,91,6000,552000.00,24-Sep-2026,3,INE1CW901027
SPECIALITY,BE,151.69,155,147,151.37,150.5,152.45,42007,6349767.18,24-Sep-2026,245,INE247M01014
SPECTRAA,ST,224.2,235.4,224.2,235.4,235.4,118,1680000,386183700.00,24-Sep-2026,868,INE0GAN01010
SPECTRUM,BE,3150,3379,3080,3356.3,3325.1,3241.6,17675,57380990.90,24-Sep-2026,966,INE01EO01010
SPECTSTM,SM,56.55,56.55,56.55,56.55,56.55,56.55,800,45240.00,24-Sep-2026,1,INE0OL001018
SPENCERS,EQ,29.73,29.73,28.56,28.92,29,29.44,30208,874322.96,24-Sep-2026,200,INE020801028
SPIC,EQ,66.7,67.39,65.1,65.86,65.9,67,263877,17452044.64,24-Sep-2026,2681,INE147A01011
SPLIL,EQ,30.21,30.59,29.6,29.61,29.75,30.19,1459,43711.36,24-Sep-2026,31,INE978G01016
SPMLINFRA,EQ,167.3,167.89,164,165.36,165.01,168.58,130233,21622262.68,24-Sep-2026,2101,INE937A01023
SPORTKING,EQ,210,213.4,208,210.85,212.1,211.26,135379,28522948.98,24-Sep-2026,5146,INE885H01029
SPPPOLY,SM,11.75,12,11.75,12,12,11.8,6000,71000.00,24-Sep-2026,3,INE0QR801013
SHRIPISTON,EQ,4481.5,4678.9,4458.2,4526.7,4565,4489.8,116305,534135678.80,24-Sep-2026,27580,INE526E01018
SPUNWEB,SM,102,103,100,100,100,101.05,8400,856800.00,24-Sep-2026,7,INE19QH01010
SRHHYPOLTD,EQ,587.5,631.4,580.55,605.75,605,587.5,72755,44282768.40,24-Sep-2026,5337,INE917H01012
SREEL,BE,293.89,308.5,290,299.57,300,293.89,22108,6699603.78,24-Sep-2026,569,INE099F01013
SRF,EQ,2540,2558.8,2515.2,2533.8,2533.8,2550,110060,279290340.70,24-Sep-2026,11680,INE647A01010
SRGHFL,EQ,158.1,159.65,150.2,154.5,153.05,158.1,30079,4616176.75,24-Sep-2026,410,INE559N01010
HAVISHA,EQ,1.34,1.39,1.33,1.36,1.39,1.38,63845,86712.68,24-Sep-2026,82,INE293B01029
SRIKPRIND,BE,27.2,28.4,27.16,27.84,27.16,28.58,5987,164577.05,24-Sep-2026,50,INE009C01019
LOTUSDEV,BE,220.9,226,215.85,219.05,218.5,224.46,450172,99087960.50,24-Sep-2026,2917,INE0V9Q01010
SPCON,SM,182.5,183,165,166.6,165,165,26400,4398720.00,24-Sep-2026,5,INE0TPJ01019
SSFL,ST,280.2,281,269,274.4,274.4,280.2,3000,824375.00,24-Sep-2026,6,INE0ON201012
SRIVASAVI,ST,81.55,85.6,81.55,82.4,82.4,81.55,8000,673500.00,24-Sep-2026,7,INE0NPI01014
SRM,EQ,420.5,423.95,414.45,419,420,422.45,22818,9569452.25,24-Sep-2026,1125,INE0R6Z01013
SSRETAIL,EQ,771.95,888,767.55,811.8,797,748.8,30540990,25720719642.80,24-Sep-2026,755533,INE1EQW01028
STALLION,BE,224,224,217.35,219.5,219.9,224.26,174531,38504429.89,24-Sep-2026,1652,INE0RYC01010
SETL,EQ,406.95,420,398.05,402.8,400,407,589754,241342208.75,24-Sep-2026,10019,INE0M4D01010
SIL,EQ,17.35,17.43,16.62,16.89,16.99,17.13,61696,1045849.65,24-Sep-2026,497,INE173A01025
STANLEY,EQ,137,137.43,134.7,135.22,135.02,137.43,36775,4990337.76,24-Sep-2026,785,INE01A001028
STARCEMENT,EQ,188,189,186.05,187.24,187.93,189.23,63388,11883627.92,24-Sep-2026,1881,INE460H01021
STARHEALTH,EQ,513,555,513,550.4,547,549.2,9649635,5301212637.20,24-Sep-2026,63366,INE575P01011
STARPAPER,EQ,156,161.99,155,155.27,155,156.27,12814,2018089.30,24-Sep-2026,282,INE733A01018
STARTECK,EQ,256,256,240.4,240.4,240.4,253.85,227,55087.30,24-Sep-2026,19,INE992I01013
SBIN,EQ,982.3,992,975.8,978.5,978.5,994.1,13724672,13468490332.60,24-Sep-2026,123600,INE062A01020
STEAMHOUSE,EQ,108.75,115.63,106.89,113.71,114.66,110.73,9348134,1042475834.62,24-Sep-2026,61221,INE0FRO01022
SAIL,EQ,182.7,191.36,182.15,184,184,185.44,24815644,4658315190.30,24-Sep-2026,101689,INE114A01011
STEELCITY,EQ,84.94,85.89,82.3,83.19,83,84.82,7921,659903.61,24-Sep-2026,176,INE395H01011
STEELXIND,EQ,12.25,12.45,11.3,11.43,11.5,12.01,13813428,164486770.64,24-Sep-2026,14367,INE503B01021
STLSTRINF,EQ,24.05,24.05,22.59,23.15,23.88,24.01,14778,341552.92,24-Sep-2026,114,INE205F01016
SSWL,EQ,368,386.55,365.5,376.1,378.8,371.95,1355247,514287459.65,24-Sep-2026,43310,INE802C01033
STEELCAS,EQ,352,359.8,346.95,357.8,355.5,359.7,173791,61741668.65,24-Sep-2026,4642,INE124E01038
STEL,EQ,667,669,622.05,625.85,629.95,640.6,7774,5023418.80,24-Sep-2026,928,INE577L01016
STERTOOLS,BE,224.98,233.05,224.98,233.05,233.05,221.96,79881,18411978.84,24-Sep-2026,754,INE334A01023
STLTECH,BE,856.6,862,823.75,823.75,823.75,867.1,1029835,858525829.95,24-Sep-2026,29917,INE089C01029
SGL,EQ,8.93,9.82,8.88,9.81,9.82,8.93,54123,523105.24,24-Sep-2026,256,INE353H01010
STLNETWORK,EQ,52.18,52.18,49,52.01,52.18,49.7,27090526,1398568296.85,24-Sep-2026,46790,INE1VXE01018
STOVEKRAFT,EQ,829.1,834.5,812.5,818.35,821.8,829.1,82310,67573136.55,24-Sep-2026,4899,INE00IN01015
STRIDERS,SM,52.8,52.8,51.2,51.2,51.2,51.35,11200,585040.00,24-Sep-2026,6,INE1XWN01017
STAR,EQ,1222.2,1233.1,1199.3,1202.8,1211.1,1223.3,126615,153787465.50,24-Sep-2026,13429,INE939A01011
SWSOLAR,EQ,179.01,179.21,176.51,177.34,176.55,180.76,656330,116712934.86,24-Sep-2026,8521,INE00M201021
STUDDS,EQ,414.2,418.7,406.05,412.25,410.3,415.75,42948,17662663.10,24-Sep-2026,2668,INE00Q601028
STUDIOLSD,SM,8.8,9.05,8.8,9.05,9.05,8.8,18000,160900.00,24-Sep-2026,8,INE17VO01028
STYLAMIND,EQ,3355,3425,3290.9,3319.2,3355,3355.6,61387,205637075.10,24-Sep-2026,17434,INE239C01020
STYRENIX,EQ,2115.6,2128.7,2080.1,2088.2,2088.5,2130.1,12894,27086132.50,24-Sep-2026,2008,INE189B01011
SUBAHOTELS,SM,92,92,90,90.5,90.5,92,9600,872940.00,24-Sep-2026,8,INE0RYR01018
SUBEXLTD,EQ,21.9,22.22,20.31,20.71,20.75,22.08,19515256,413020355.76,24-Sep-2026,47426,INE754A01055
SUBROS,EQ,725,729.95,708.05,720.1,719,731.5,27699,19924871.45,24-Sep-2026,2220,INE287B01021
SUDARSCHEM,EQ,1225,1248.9,1206.6,1218,1220,1236.9,114610,140961900.90,24-Sep-2026,10075,INE659A01023
SUDARCOLOR,EQ,399,399,381.1,382.2,382.5,390.7,4473,1734091.20,24-Sep-2026,367,INE492A01029
SUDEEPPHRM,EQ,1180.1,1193,1139.7,1143.4,1146,1199.6,144322,166774702.90,24-Sep-2026,9129,INE0QPI01025
SUKHJITS,EQ,162.55,163.41,159,161.13,161.99,162.58,16679,2683129.95,24-Sep-2026,358,INE450E01029
SULA,EQ,137.73,137.73,135,135.78,135.85,137.76,147857,20084453.50,24-Sep-2026,3685,INE142Q01026
SUMAX,SM,107.6,118,107.6,108.5,109.1,106.6,178800,20080740.00,24-Sep-2026,140,INE11Z001019
SUMEDHA,EQ,43.5,43.5,43.5,43.5,43.5,44.08,602,26187.00,24-Sep-2026,5,INE886B01012
SUMEETINDS,EQ,11.6,11.6,11.6,11.6,11.6,11.05,332514,3857162.40,24-Sep-2026,116,INE235C01036
SUMIT,EQ,50.26,50.26,48.36,49.59,49,49.91,4190,207421.10,24-Sep-2026,81,INE748Z01013
SUMICHEM,EQ,458,462.2,447.1,449.7,452,464.2,200137,90760992.40,24-Sep-2026,9417,INE258G01013
SUMMITSEC,EQ,1395,1395,1380,1383.2,1382.5,1403.7,2653,3676800.80,24-Sep-2026,346,INE519C01017
SPARC,EQ,205.28,206.78,200.32,203.98,204,205.65,907336,184488445.50,24-Sep-2026,18375,INE232I01014
SUNPHARMA,EQ,1859,1880,1848.4,1849.9,1849.9,1865,1742885,3239127000.20,24-Sep-2026,79309,INE044A01036
SUNTV,EQ,485,522,483,512.7,511.35,490.2,3364719,1728125606.20,24-Sep-2026,79456,INE424H01027
SUNCLAY,EQ,1254,1269.8,1231,1249.4,1240.1,1253.9,4263,5307766.00,24-Sep-2026,380,INE0Q3R01026
SUNDARMFIN,EQ,4664.9,4674,4550,4592,4560,4654.9,40423,185230021.80,24-Sep-2026,8229,INE660A01013
SUNDARAM,EQ,1.19,1.19,1.02,1.16,1.16,1.17,872800,1007878.46,24-Sep-2026,366,INE108E01023
SUNDRMBRAK,BE,679.9,695.85,671.6,693.55,686.1,676.55,782,534894.30,24-Sep-2026,45,INE073D01013
SUNDRMFAST,EQ,1170,1203.7,1166,1172.3,1170.4,1185.4,153739,181937764.90,24-Sep-2026,17238,INE387A01021
SOCL,SM,26.8,28.9,26.8,28.6,28.9,28.2,75200,2136320.00,24-Sep-2026,11,INE0CTB01014
SUNDROP,EQ,746.55,765,740,756.2,750,744.3,27010,20337007.90,24-Sep-2026,1273,INE209A01019
SUNFLAG,EQ,395,408.9,390.2,396.8,396,390.55,1545083,616715300.50,24-Sep-2026,34913,INE947A01014
SEL,SM,336.25,371.3,336.2,356.35,371.3,353.75,1800,633390.00,24-Sep-2026,9,INE0O3O01017
SUNLOC,EQ,75.7,75.7,71.64,72,72,75.8,290,21116.90,24-Sep-2026,25,INE671C01016
SUNLITE,SM,618,625,596.05,608.75,605.05,613.95,28200,17309355.00,24-Sep-2026,76,INE0U2N01013
SUNRAKSHAK,EQ,367.5,371.7,357.05,367.75,370,366.6,7604,2768292.50,24-Sep-2026,303,INE671K01027
SUNREST,SM,38.4,39.9,38.4,39.9,39.9,38.45,12800,502160.00,24-Sep-2026,7,INE0PLZ01012
SUNSHIEL,EQ,1160,1188.9,1145,1149.8,1147.6,1164.3,2612,3023160.40,24-Sep-2026,340,INE199E01014
SUNSHINE,EQ,442,446.45,432.6,436.9,435.15,441.45,382361,167899211.20,24-Sep-2026,4791,INE1B3O01011
SUNTECH,SM,37.9,38.75,37.4,38.5,38.5,37.9,11200,427280.00,24-Sep-2026,7,INE0SGZ01016
SUNTECK,EQ,288.95,289.8,283.05,284.05,284.35,290.1,79719,22808234.55,24-Sep-2026,2874,INE805D01034
SUPERSPIN,BE,7.72,7.72,7.32,7.65,7.65,7.57,4558,34594.86,24-Sep-2026,23,INE662A01027
SUPTANERY,BE,11.14,11.18,10.12,10.12,10.12,10.65,258938,2692617.33,24-Sep-2026,644,INE460D01038
SUPERHOUSE,EQ,170,170,164,165.45,165.1,168.47,3063,508508.13,24-Sep-2026,118,INE712B01010
SIEL,EQ,30.48,30.48,29.05,29.05,29.05,30.48,54,1595.49,24-Sep-2026,3,INE843L01012
SUPRAJIT,EQ,480,494.4,480,486.65,492.85,485.05,61664,29923745.60,24-Sep-2026,4383,INE399C01030
SUPREMEENG,BZ,3.86,3.86,3.86,3.86,3.86,3.79,190666,735970.76,24-Sep-2026,101,INE319Z01021
SFML,SM,20.75,21,20.55,20.9,21,20.8,6400,132960.00,24-Sep-2026,4,INE0U6N01014
SUPREME,EQ,32.12,32.39,30.9,31.29,31.99,31.97,11722,370266.21,24-Sep-2026,164,INE822E01011
SUPREMEIND,EQ,3472.6,3495.3,3429,3434,3434,3497.1,64745,223953689.20,24-Sep-2026,11683,INE195A01028
SUPREMEINF,EQ,81,82.79,79.8,80.39,79.82,81,11926,959497.60,24-Sep-2026,184,INE550H01011
SPLPETRO,EQ,880,887.95,870.1,879.9,882.25,882.2,148875,130939423.55,24-Sep-2026,14130,INE663A01033
SUPREMEPWR,SM,205.35,208,201.4,202.6,203.8,205.35,53000,10801425.00,24-Sep-2026,95,INE0QHG01026
SUPRIYA,EQ,998.6,1009.7,955.05,961.75,962,1000.9,246987,242084003.95,24-Sep-2026,14963,INE07RO01027
SURAJEST,EQ,220.41,228.6,214.1,219.42,221.98,220.41,345285,76955553.70,24-Sep-2026,5914,INE843S01025
SURAJLTD,EQ,204.89,204.89,199,200.5,202,197.01,154,31502.40,24-Sep-2026,11,INE713C01016
SURAKSHA,EQ,350,357.95,348,356,356,355.35,61147,21683681.00,24-Sep-2026,2562,INE877V01027
SURANASOL,EQ,25.51,25.85,25.43,25.65,25.77,25.86,13041,333962.53,24-Sep-2026,290,INE272L01022
SURANAT&P,EQ,16.29,16.29,15.86,15.89,15.9,16.04,86919,1381224.27,24-Sep-2026,429,INE130B01031
SURANI,SM,92,99.8,90.15,93,93,96.05,8000,743780.00,24-Sep-2026,25,INE01ZJ01015
SBGLP,EQ,23.64,25.45,22.1,22.89,23.3,24.31,202878,4772579.11,24-Sep-2026,1163,INE05ST01028
SURYAROSNI,EQ,212.2,219.9,212.2,217.5,218.01,214.64,386944,83400915.90,24-Sep-2026,6860,INE335A01020
SURYALAXMI,EQ,58,59.39,56.5,57.5,57.5,58.82,4529,262372.53,24-Sep-2026,128,INE713B01026
SURYALA,EQ,390.05,390.05,385.15,390.05,390.05,400.05,2631,1024318.30,24-Sep-2026,26,INE132C01027
SURYODAY,EQ,149.64,149.64,143.09,145.34,144.84,149.3,398726,57843993.73,24-Sep-2026,5972,INE428Q01011
SUTLEJTEX,BE,38.5,38.79,37.52,38,38,38.95,14630,557735.37,24-Sep-2026,76,INE645H01027
SUVEN,EQ,338.5,339.15,333,335.05,333,341.85,211218,70962793.80,24-Sep-2026,5596,INE495B01038
SUVIDHAA,EQ,2.18,2.25,2.16,2.21,2.24,2.19,116093,258273.19,24-Sep-2026,187,INE018401013
SUYOG,EQ,680,680.05,656,660.15,669.95,671.55,9010,5998458.35,24-Sep-2026,804,INE442P01014
SUZLON,EQ,42.12,42.24,40.55,40.74,40.74,42.39,131241030,5389118873.57,24-Sep-2026,192643,INE040H01021
SVPGLOB,EQ,3.48,3.48,3.26,3.28,3.35,3.35,9421,31176.32,24-Sep-2026,71,INE308E01029
SWANCORP,EQ,297.7,299.65,293.4,294.7,295.5,300.05,628548,185862067.15,24-Sep-2026,11072,INE665A01038
SWANDEF,BE,2763.5,2790,2637.4,2716.6,2715,2776.2,15105,41565171.30,24-Sep-2026,1350,INE542F01020
SWARAJENG,EQ,3558.7,3565.6,3528,3548.6,3555,3559.3,7958,28218022.00,24-Sep-2026,2335,INE277A01016
SWARAJ,BE,322.5,322.5,308.1,322.5,322.5,307.15,115951,37357985.95,24-Sep-2026,122,INE0GMR01016
SWARNSAR,EQ,42.04,44.15,41,42.04,43,42.04,45191,1918470.28,24-Sep-2026,290,INE967A01012
SWELECTES,EQ,575.9,587,555,561.65,563,581.85,15162,8662470.00,24-Sep-2026,846,INE409B01013
SWIGGY,EQ,275.7,276.6,265.6,267.45,267.45,278.5,15664085,4255660177.75,24-Sep-2026,103638,INE00H001014
SWISSMLTRY,BE,14.4,14.45,13.9,14.06,14.03,14.03,90007,1273319.74,24-Sep-2026,336,INE010C01025
SYMBIOTEC,EQ,1061.05,1078.2,1015.1,1024.05,1020.1,1062,546818,568236368.85,24-Sep-2026,33632,INE899I01028
SYMPHONY,EQ,584.25,589.1,570,576.7,575.05,592.6,57959,33662433.70,24-Sep-2026,3196,INE225D01027
SYNCOMF,EQ,20.01,20.75,19.8,20.03,19.96,20.01,12034163,243252524.45,24-Sep-2026,25964,INE312C01025
SGIL,EQ,664.4,666.35,633.35,646.6,646.8,668.5,11360,7386074.30,24-Sep-2026,891,INE00QT01015
SYNGENE,EQ,380,384.9,378.1,380.35,380,381.85,230354,87836378.35,24-Sep-2026,11706,INE398R01022
SYNOPTICS,ST,47,47.1,47,47.1,47.1,44.9,1800,84720.00,24-Sep-2026,3,INE0BTR01012
SYRMA,EQ,1699.9,1737.2,1686.1,1698.6,1707,1719.4,841054,1437911796.80,24-Sep-2026,41796,INE0DYJ01015
SYSTANGO,SM,223.7,230,223.7,224.65,224,221.1,22000,4976660.00,24-Sep-2026,54,INE0O7R01011
SYSTMTXC,BE,78,79.05,78,79.05,79.05,77.5,10602,831455.25,24-Sep-2026,60,INE356B01024
TGVSL,EQ,108.55,111.9,107.54,109.31,110,108.55,488751,53853622.89,24-Sep-2026,4601,INE284B01028
TTL,EQ,7.2,7.5,7.11,7.25,7.34,7.26,591416,4300126.03,24-Sep-2026,606,INE592B01024
TAALTECH,EQ,1082.1,1122.8,1022.5,1050.5,1022.5,1094.8,60717,65354372.80,24-Sep-2026,6459,INE524T01029
TAC,ST,484,488,469.5,469.5,469.5,494.2,28200,13448680.00,24-Sep-2026,119,INE0SOY01013
TAINWALCHM,EQ,217,219.7,212.15,216.79,214,214.31,3740,810273.04,24-Sep-2026,74,INE123C01018
TAJGVK,EQ,329,329.05,321.65,323.2,322.45,329.9,48019,15598747.00,24-Sep-2026,1990,INE586B01026
TAKE,EQ,15.98,15.98,15.15,15.4,15.48,15.86,136493,2110648.68,24-Sep-2026,516,INE142I01023
TALBROAUTO,EQ,460,483.2,456.3,466,468.9,466.9,265580,124181217.35,24-Sep-2026,9849,INE187D01029
TAMBOLIIN,BE,282.1,300,282.1,294.95,294.95,296.6,4551,1320427.95,24-Sep-2026,42,INE864J01012
TMB,EQ,920,920,891.5,893.55,902.5,921.4,167289,150873704.15,24-Sep-2026,13849,INE668A01016
TNPL,EQ,142.7,151.4,142.5,148.94,151.34,144.37,403094,59176910.94,24-Sep-2026,5258,INE107A01015
TNPETRO,EQ,129,133.49,125.5,126.98,126.37,128.98,863308,111839220.97,24-Sep-2026,12293,INE148A01019
TNTELE,EQ,9.15,9.48,8.52,9.31,9.4,9.06,75331,685227.75,24-Sep-2026,347,INE141D01018
TANAA,EQ,349.5,349.6,314.25,331.8,330.05,352.45,97808,32649461.40,24-Sep-2026,3430,INE692C01020
TANKUP,ST,1620,1620,1619.95,1619.95,1619.95,1614,1000,1619962.50,24-Sep-2026,3,INE0Z7N01017
TANLA,EQ,496.55,496.55,486.5,489.6,491,500.4,213003,104531747.75,24-Sep-2026,8718,INE483C01032
TAPIFRUIT,SM,43.35,43.5,43.35,43.5,43.5,44.25,2250,97762.50,24-Sep-2026,3,INE0M7001010
TARACHAND,EQ,45.5,47.15,45.43,46.11,46.45,45.97,65029,2987903.66,24-Sep-2026,542,INE555Z01020
TARAPUR,EQ,12.14,12.24,11.85,12.22,12.24,12.16,21986,267821.34,24-Sep-2026,138,INE747K01017
TARC,EQ,128,129.9,127.01,129.35,129.51,129.65,300094,38602925.30,24-Sep-2026,4427,INE0EK901012
TARMAT,EQ,54.11,54.99,53.89,54.05,54.01,54.73,6404,347651.81,24-Sep-2026,242,INE924H01018
TARSONS,EQ,336.85,339.85,330.35,335.45,335.95,335.45,102908,34593534.70,24-Sep-2026,3224,INE144Z01023
TASTYBITE,EQ,10161,10324,9866,9903,9882,10180,2802,28424184.00,24-Sep-2026,1003,INE488B01017
TATACAP,EQ,347.8,347.8,333,336.25,336.15,350.05,2156796,729321421.15,24-Sep-2026,49775,INE976I01016
TATACHEM,EQ,669.9,670,649.95,652.2,650,669.9,765531,505141956.70,24-Sep-2026,21748,INE092A01019
TATACOMM,EQ,1696,1701,1666.6,1670,1670,1700.6,111964,189050483.20,24-Sep-2026,8714,INE151A01013
TCS,EQ,2076,2096.9,2067.1,2087,2087,2089.6,1760662,3667760430.70,24-Sep-2026,82859,INE467B01029
TATACONSUM,EQ,989,992,983,986.3,986.3,994.3,1002889,989484321.60,24-Sep-2026,47254,INE192A01025
TATAELXSI,EQ,3212,3235,3169,3183.8,3183.8,3212,220867,706415278.80,24-Sep-2026,26471,INE670A01012
TATAINVEST,EQ,671,672.15,655.7,658.35,660.95,674.3,325712,215922888.95,24-Sep-2026,14729,INE672A01026
TMCV,EQ,447.35,456.05,431.55,437.15,437.6,450.2,4805833,2130579564.80,24-Sep-2026,98415,INE1TAE01010
TMPV,EQ,299.8,300.95,295,295,295,300.5,9126313,2723748538.85,24-Sep-2026,108949,INE155A01022
TATAPOWER,EQ,366.5,367.5,362.95,363.45,363.45,369,2708315,990367864.15,24-Sep-2026,31290,INE245A01021
TATASTEEL,EQ,188.21,191.8,187.72,188.02,188.02,190.82,15701549,2973355044.33,24-Sep-2026,105599,INE081A01020
TATATECH,EQ,716.45,732.65,712.25,717.75,717,716.45,1085643,786615428.55,24-Sep-2026,53714,INE142M01025
TTML,EQ,35.48,35.5,34.9,35.02,35.1,35.63,976514,34287889.06,24-Sep-2026,5470,INE517B01013
NETF,EQ,248.79,255.99,248.79,255.1,255.99,255.17,3310,840626.03,24-Sep-2026,153,INF277K015R5
NPBET,EQ,276.9,280.37,276.9,278.7,278.7,284,1961,546617.54,24-Sep-2026,45,INF277K010X4
TNIDETF,EQ,89.79,89.79,85.71,86.3,85.89,88.8,110546,9552345.95,24-Sep-2026,1079,INF277KA1364
TATAGOLD,EQ,14.61,14.61,14.51,14.52,14.52,14.67,35682468,519576508.75,24-Sep-2026,60859,INF277KA1976
TATSILV,EQ,22.1,22.18,21.89,21.92,21.95,22.37,42029593,926069810.83,24-Sep-2026,49706,INF277KA1984
TATVA,EQ,1778,1798.8,1717.3,1728.6,1746,1778.1,51972,91085381.90,24-Sep-2026,6540,INE0GK401011
TAURIAN,ST,597.85,611.1,578.05,608.4,609,582,54400,32691520.00,24-Sep-2026,65,INE0XWS01018
753IRFC30,NJ,1140.01,1140.5,1140.01,1140.5,1140.5,1140,532,606658.17,24-Sep-2026,7,INE053F07835
764IRFC31,NO,1153,1154.99,1152.1,1154.99,1154.99,1152.5,860,990896.00,24-Sep-2026,5,INE053F07900
769NHAI31,NE,1088,1088,1086,1086.9,1086.9,1085.44,31,33687.90,24-Sep-2026,8,INE906B07EP5
750IRFC35,NK,1220.2,1220.2,1216.1,1220,1220,1233.99,739,900087.70,24-Sep-2026,8,INE053F07843
76NHAI31,NA,1119.73,1120,1110,1111.06,1112,1119.73,3665,4076188.03,24-Sep-2026,43,INE906B07EJ8
TBI,SM,74,75.75,71.25,74.7,75.4,74,14400,1057380.00,24-Sep-2026,24,INE0N2D01013
TBOTEK,EQ,1704.5,1715.5,1681.1,1687.2,1689,1704.5,189060,321537240.30,24-Sep-2026,10682,INE673O01025
TCC,EQ,53.3,53.79,51,51.63,52.5,53.89,569671,29851180.29,24-Sep-2026,4750,INE887D01024
TCIEXP,EQ,505.75,513.6,490,492.75,495,505.6,13017,6474871.90,24-Sep-2026,1350,INE586V01016
TCIFINANCE,EQ,15.12,15.29,14.73,14.86,14.87,15.19,8216,122334.68,24-Sep-2026,96,INE911B01018
TCPLPACK,EQ,4009.9,4138.8,3951.3,4058.8,4065.9,4003,11836,48292499.40,24-Sep-2026,2636,INE822C01015
TDPOWERSYS,EQ,758,765.4,738.15,742,747.85,765.5,1289189,968177392.00,24-Sep-2026,44265,INE419M01035
TEAMGTY,EQ,239.96,242.95,235.01,241.71,241.98,239.95,75,18033.33,24-Sep-2026,12,INE289C01025
TEAMLEASE,EQ,1201.9,1215.9,1183.1,1192,1201,1196,11262,13479775.40,24-Sep-2026,4361,INE985S01024
TPHQ,BE,0.52,0.53,0.5,0.51,0.52,0.52,1834710,941066.72,24-Sep-2026,332,INE065J01024
TEAMTECH,ST,137.9,139.45,136.75,138.35,138.35,136,26000,3584100.00,24-Sep-2026,13,INE2OL601013
TECHM,EQ,1549.9,1576.2,1543,1543,1543,1557,1707105,2657833241.60,24-Sep-2026,48979,INE669C01036
TECHD,SM,562,571.7,550.4,558,558.95,565,15600,8777640.00,24-Sep-2026,47,INE0Y5H01014
TECHERA,SM,158.5,158.5,150.8,152.35,152.25,158.7,80800,12314400.00,24-Sep-2026,95,INE0JQS01019
TECHNOE,EQ,1002.95,1006.4,984.6,991.65,990,1012.05,59392,59033168.45,24-Sep-2026,8358,INE285K01026
TIIL,EQ,3040,3112.7,2990.1,3033.1,3060,3019.9,26986,82377646.40,24-Sep-2026,6316,INE545H01011
TECHNOCRAF,EQ,472,482,462.4,475.05,474.05,475.65,1197482,567701033.30,24-Sep-2026,22493,INE1D0W01018
TECHNVISN,EQ,4300,4388,4071,4130,4130,4181.5,659,2780290.00,24-Sep-2026,135,INE314H01012
TECILCHEM,EQ,9.6,9.61,9.16,9.25,9.21,9.5,10562,97630.89,24-Sep-2026,77,INE014B01011
TGL,ST,14.5,14.5,14.45,14.45,14.45,14.7,3600,52050.00,24-Sep-2026,11,INE0K6601012
TEGA,EQ,2070,2106.1,2040,2062,2042.5,2078.8,382732,794100141.60,24-Sep-2026,24976,INE011K01018
TEJA,SM,210.05,217.5,210.05,215.75,217.5,208.15,3600,769800.00,24-Sep-2026,6,INE0R1301019
TEJASCARGO,SM,425,425,419,419,419,420,800,337600.00,24-Sep-2026,2,INE17WC01013
TEJASNET,EQ,517.1,519.6,507.2,511.3,512.5,521.55,1162117,594698612.15,24-Sep-2026,27635,INE010J01012
TEMBO,EQ,59,63,58.55,59.26,59.84,59.31,4699220,284918697.25,24-Sep-2026,22512,INE869Y01028
TEMPSENS,EQ,561.1,563.45,540,543.4,545.4,565.65,1781856,981202524.60,24-Sep-2026,41960,INE1KZI01025
TENNIND,EQ,514.2,522.25,509.6,511.25,511.8,518.6,332762,171225477.75,24-Sep-2026,17149,INE19RI01016
TERASOFT,EQ,230.8,234.25,211.05,220.65,219,230.8,69488,15221392.65,24-Sep-2026,1998,INE482B01010
TERAI,EQ,113,115,110,111.55,115,111.36,258,28923.58,24-Sep-2026,16,INE390D01011
TEXINFRA,EQ,125,125,118.11,118.9,119,123.47,328844,39821071.46,24-Sep-2026,5500,INE435C01024
TEXRAIL,EQ,124.75,127.14,121.55,126.77,126.9,124.75,7694285,962422203.15,24-Sep-2026,65848,INE621L01012
TEXMOPIPES,EQ,59.7,59.7,57.9,58.05,57.9,59.63,116010,6792098.18,24-Sep-2026,1292,INE141K01013
753NTPC30E,NC,1069.9,1069.9,1069.9,1069.9,1069.9,1106,100,106990.00,24-Sep-2026,6,INE733E07JV4
762NTPC35F,ND,1150,1150,1150,1150,1150,1138.01,113,129950.00,24-Sep-2026,1,INE733E07JW2
TGBHOTELS,EQ,10.14,10.14,9.23,9.5,9.5,9.43,20766,196445.84,24-Sep-2026,101,INE797H01018
TCL,SM,130,131,127.5,130.95,131,130.1,37600,4868880.00,24-Sep-2026,20,INE0QJL01014
THAKDEV,EQ,143.9,143.9,127.61,131.44,127.94,133.78,256,34047.07,24-Sep-2026,93,INE403F01017
THANGAMAYL,EQ,5317,5333.5,5080,5097,5093,5317,50396,260628494.00,24-Sep-2026,10855,INE085J01014
ANUP,EQ,1695.5,1715,1665,1670.1,1670,1698.4,29114,49133691.20,24-Sep-2026,3332,INE294Z01018
BYKE,EQ,30.92,30.92,29.6,30.05,30,30.35,17342,522525.93,24-Sep-2026,204,INE319B01014
GESHIP,EQ,1478,1498.5,1466,1482.6,1480,1483.8,606281,900354358.70,24-Sep-2026,34353,INE017A01032
GROBTEA,EQ,900,900,873.3,895,895,919.35,409,360870.95,24-Sep-2026,65,INE646C01018
HITECHGEAR,BE,584,588.95,570,588.95,588.95,560.95,6416,3759795.05,24-Sep-2026,109,INE127B01011
INDIACEM,EQ,337.2,339.7,329,330.1,329.9,340.05,144709,48202549.10,24-Sep-2026,11098,INE383A01012
INDHOTEL,EQ,739,740.1,727.4,728.8,728.8,743.7,1140542,837300901.75,24-Sep-2026,27006,INE053A01029
THEINVEST,EQ,94,95.45,92.25,92.63,92.25,94.06,7483,697352.70,24-Sep-2026,145,INE924D01017
NIACL,EQ,187,188.45,179.5,180.4,180.36,191.16,4044014,740315866.13,24-Sep-2026,41582,INE470Y01017
PKTEA,BE,990,1020,959,998.35,1010,988.15,1326,1322155.70,24-Sep-2026,117,INE431F01018
PHOENIXLTD,EQ,1985.3,2035.6,1948,1955,1955,1993.2,558988,1115116839.00,24-Sep-2026,33905,INE211B01039
RAMCOCEM,EQ,884.9,888.8,866.95,872.1,870,885.05,91368,80260545.45,24-Sep-2026,6723,INE331A01037
RUBYMILLS,EQ,490.2,510,465.65,494.6,487.25,490.2,31875,15869735.15,24-Sep-2026,2009,INE301D01026
SOUTHBANK,EQ,47,50.17,46.72,49.9,49.95,47.08,57683718,2840861897.01,24-Sep-2026,148611,INE683A01023
STCINDIA,EQ,112.3,112.3,109,109.85,110,111.98,18503,2042541.65,24-Sep-2026,544,INE655A01013
UGARSUGAR,EQ,56.42,57.11,55.51,55.77,55.62,57.22,262893,14721672.18,24-Sep-2026,2361,INE071E01023
WIPL,EQ,160.91,173.85,160.01,166.6,165.1,160.91,1451,241266.83,24-Sep-2026,65,INE215F01023
THEJO,EQ,2179.9,2200,2132.4,2168.8,2200,2173.5,3841,8293758.50,24-Sep-2026,502,INE121N01019
THEMISMED,EQ,121.98,122.99,117.21,118.1,117.53,121.97,32113,3836050.45,24-Sep-2026,947,INE083B01024
THERMAX,EQ,3468,3470,3400,3406.1,3407,3464.9,84227,289486105.40,24-Sep-2026,17191,INE152A01029
THESL,ST,15.25,15.25,13.85,13.85,13.85,14.55,15000,224550.00,24-Sep-2026,5,INE0SHE01019
TIRUMALCHM,EQ,164.15,166.54,161.26,162.95,162.22,165.22,488664,80035049.96,24-Sep-2026,10811,INE338A01024
THOMASCOOK,EQ,104,104.5,103.25,103.97,104.5,105.12,403771,41934345.05,24-Sep-2026,4006,INE332A01027
THOMASCOTT,EQ,235,236.5,228.6,235,235,235.15,29547,6901323.65,24-Sep-2026,726,INE480M01011
THYROCARE,EQ,571.5,576.75,565,566.75,565.2,573.75,87557,49927240.35,24-Sep-2026,8543,INE594H01019
TIGERLOGS,EQ,27.65,27.65,26,26.36,26.5,26.87,170542,4512777.31,24-Sep-2026,1217,INE906O01029
TIJARIA,BE,6.59,6.85,6.27,6.72,6.7,6.53,72897,487533.18,24-Sep-2026,140,INE440L01017
TIL,BE,255,260,250.02,256.16,254,259.09,60699,15497091.34,24-Sep-2026,352,INE806C01018
TI,EQ,595,603.25,583.8,587.55,589,601.5,506431,298995845.75,24-Sep-2026,20030,INE133E01013
TIMETECHNO,EQ,181.7,181.7,178.01,179.31,180.81,181.96,1714746,308217675.75,24-Sep-2026,17423,INE508G01029
TIMEX,EQ,724,734.05,705,710.8,713.5,725.75,288835,207988681.70,24-Sep-2026,18639,INE064A01026
TIMKEN,EQ,3285.1,3315,3242.9,3256.9,3246.8,3287.9,42287,138653289.10,24-Sep-2026,9123,INE325A01013
TINNARUBR,EQ,1007.15,1007.2,970,982.8,993,1007.25,33002,32674595.30,24-Sep-2026,2703,INE015C01016
TIPSFILMS,EQ,320.5,320.5,310.05,311.5,310.65,314.75,1398,438417.75,24-Sep-2026,111,INE0LQS01015
TIPSMUSIC,EQ,668,676.75,657,662.05,662.05,670.5,266188,177762059.95,24-Sep-2026,11312,INE716B01029
TIRUPATIFL,BE,81.5,82.25,76.65,79.87,79.8,78.34,1212481,96858046.01,24-Sep-2026,2963,INE319Y01024
TITAGARH,EQ,830,837.4,818,819.25,820,842.05,326786,269745504.55,24-Sep-2026,22225,INE615H01020
TITAN,EQ,4868,4912,4830,4832.5,4832.5,4880,504126,2451012042.00,24-Sep-2026,40952,INE280A01028
TOKYOPLAST,EQ,76.05,78.8,75.5,75.62,78,79.4,1039,79721.15,24-Sep-2026,61,INE932C01012
TOLINS,EQ,91.55,92.9,89.78,90.14,90,91.58,31227,2855523.35,24-Sep-2026,1063,INE0RWQ01014
TORNTPHARM,EQ,4976,5010,4902,4928.5,4928.5,4985,255716,1265870563.50,24-Sep-2026,23692,INE685A01028
TORNTPOWER,EQ,1238,1254,1235.1,1244.2,1245,1259.4,67834,84482384.40,24-Sep-2026,9026,INE813H01021
TOTAL,BE,71,72,69.5,71.93,71.94,71.5,2371,167839.55,24-Sep-2026,31,INE336X01012
TOUCHWOOD,EQ,61.78,61.78,61.78,61.78,61.78,61.85,62,3830.36,24-Sep-2026,3,INE486Y01013
TFCILTD,EQ,140.9,144.39,140.5,143.46,143.51,141.55,18259746,2605141401.96,24-Sep-2026,42135,INE305A01023
TOYAMSL,EQ,0.92,0.92,0.84,0.84,0.84,0.88,4080574,3497610.94,24-Sep-2026,639,INE457P01020
TPLPLASTEH,EQ,67.17,67.69,64.8,65.06,64.8,67.15,98176,6487701.51,24-Sep-2026,976,INE413G01022
TRACXN,EQ,32.99,33.04,31.62,31.83,31.91,32.95,113250,3670995.20,24-Sep-2026,999,INE0HMF01019
TARIL,EQ,287,287.45,279.75,280.4,280.4,289,673240,190403555.25,24-Sep-2026,15366,INE763I01026
TRANSCOR,EQ,24.28,25.25,24.28,24.41,24.9,24.28,4604,113627.92,24-Sep-2026,51,INE330E01023
TREL,EQ,28.2,28.58,27,27.8,28.14,27.78,108843,3020982.00,24-Sep-2026,4234,INE0O3901029
TRANSPEK,BE,1344.1,1375,1331,1358.6,1375,1350.9,699,941473.40,24-Sep-2026,46,INE687A01016
TCI,EQ,830.65,844.8,815.05,833.45,830.2,829.75,27766,23192605.60,24-Sep-2026,4530,INE688A01022
TRANSRAILL,EQ,487,487.9,463,464,464.9,488.9,1282611,605887157.10,24-Sep-2026,35968,INE454P01035
TRANSTEEL,SM,84.3,88,84.2,85.95,85.95,86.65,37000,3160950.00,24-Sep-2026,25,INE0NVI01020
TFL,EQ,11.17,12,11.17,11.73,11.87,11.77,20237,237088.70,24-Sep-2026,93,INE804H01012
TRANSWORLD,BE,166,166,165.97,165.97,165.97,166.7,5124,850567.62,24-Sep-2026,22,INE757B01015
TRAVELFOOD,EQ,1214,1224,1199.9,1214.2,1219,1214.5,12316,14855958.00,24-Sep-2026,3015,INE103V01028
TREEHOUSE,EQ,5.94,6.13,5.84,6.07,6.12,5.93,14428,87006.91,24-Sep-2026,59,INE040M01013
TREJHARA,EQ,135.22,137,131,135.31,133.4,135.22,7294,978869.44,24-Sep-2026,295,INE00CA01015
TRENT,EQ,2765,2767.5,2699.9,2700,2700,2774,556839,1522704012.70,24-Sep-2026,43924,INE849A01020
TRF,EQ,217.4,219,212.3,215.13,214.15,216.31,11662,2505883.17,24-Sep-2026,257,INE391D01019
TBZ,BE,687.7,695,657.85,674.85,674,692.45,626801,429602259.65,24-Sep-2026,5284,INE760L01018
TRIDENT,EQ,23.3,23.4,23.02,23.15,23.2,23.42,2398291,55549038.66,24-Sep-2026,11403,INE064C01022
TECHLABS,SM,115.95,117.1,112.55,114.9,116.75,115.95,23500,2711631.25,24-Sep-2026,121,INE0QD201012
TRIGYN,EQ,56.25,56.39,54.21,54.95,55.84,56.14,15610,864609.10,24-Sep-2026,305,INE948A01012
TRITONV,EQ,1154,1154,1101.1,1109.4,1117,1133.8,1610,1798487.10,24-Sep-2026,286,INE440G01017
TRIVENI,EQ,244,244,239.45,240.2,240.05,242.35,380043,91305543.45,24-Sep-2026,7698,INE256C01024
TRITURBINE,EQ,559.5,561.45,549.4,551.8,554,562.1,219693,121887667.90,24-Sep-2026,30308,INE152M01016
TROM,SM,53,54.9,53,53.4,53.25,54.1,7800,419160.00,24-Sep-2026,13,INE0SYV01018
TRUALT,EQ,435,441.8,420.35,429,430,438.9,389804,167676617.65,24-Sep-2026,9748,INE0MWH01014
TRU,EQ,4.04,4.4,4.04,4.21,4.29,4.23,47849,203321.85,24-Sep-2026,144,INE615R01029
TRUST,SM,26.5,26.9,26.15,26.15,26.15,26.5,7800,205650.00,24-Sep-2026,13,INE0SWN01019
TSC,ST,50,51,50,51,51,52.05,16000,810000.00,24-Sep-2026,6,INE16VK01010
TSFINV,EQ,456.5,459.75,451.55,456.9,458,462.05,88605,40458125.75,24-Sep-2026,6806,INE202Z01029
935TSI30,N0,104321.92,104657.53,104321.92,104657.53,104657.53,104526.3,12,1252534.26,24-Sep-2026,2,INE1C3207065
935TSI32,N0,105000,105000,105000,105000,105000,106375.8,9,945000.00,24-Sep-2026,2,INE1C3207032
TTKHLTCARE,EQ,1053.6,1066.8,1040,1045.4,1048.7,1051.2,11744,12359297.50,24-Sep-2026,1515,INE910C01018
TTKPRESTIG,EQ,524,527.3,509.5,515.3,514,525.8,38754,20199054.15,24-Sep-2026,2721,INE690A01028
TIINDIA,EQ,2558,2585.5,2540.5,2540.5,2540.5,2578.6,70640,181008993.40,24-Sep-2026,9935,INE974X01010
TUNWAL,SM,25.1,25.7,25.1,25.45,25.65,25.65,42000,1069600.00,24-Sep-2026,21,INE0OXV01027
TURTLEMINT,EQ,109.04,109.04,109.04,109.04,109.04,136.3,1011837,110330706.48,24-Sep-2026,6104,INE0OC301013
TUTIALKA,EQ,56.25,56.89,53.25,55.53,56,55.64,11871,659628.20,24-Sep-2026,158,INE400A01014
TVTODAY,EQ,107.7,109.4,106,107.77,109.17,107.7,8880,955457.44,24-Sep-2026,310,INE038F01029
TVVISION,BE,3.05,3.05,2.96,3.05,3.05,2.91,125043,380333.77,24-Sep-2026,174,INE871L01013
TVSELECT,EQ,394.7,394.7,380.3,381.7,383,391.8,34653,13325945.70,24-Sep-2026,1848,INE236G01019
TVSHLTD,EQ,12452,12549,12185,12501,12500,12591,7441,92226426.00,24-Sep-2026,2928,INE105A01035
TVSMOTOR,EQ,4093.4,4123,4057,4091,4091,4135,933899,3818572461.50,24-Sep-2026,43886,INE494B01023
TVSSRICHAK,EQ,4650.5,4684.5,4386,4412,4403,4651,16193,72593305.50,24-Sep-2026,3109,INE421C01016
TVSSCS,EQ,131,133.46,130,130.47,130.69,132.48,524473,68797198.94,24-Sep-2026,11763,INE395N01027
TICL,BE,6.12,6.12,6.12,6.12,6.12,5.83,1221318,7474466.16,24-Sep-2026,322,INE388G01026
UYFINCORP,BE,19.12,19.6,19.11,19.26,19.39,19.51,85744,1657134.47,24-Sep-2026,183,INE152C01025
UCAL,BE,142,143.2,140.2,141.45,141.2,143.56,2413,340819.70,24-Sep-2026,36,INE139B01016
10UCL26,ND,996.01,1010,996,1010,1010,1010,151,150411.00,24-Sep-2026,3,INE583D07562
1050UCL28,NH,1009,1009,1009,1009,1009,1009,175,176575.00,24-Sep-2026,4,INE583D07596
UCOBANK,EQ,23.99,23.99,23.65,23.74,23.75,24.04,2411463,57335772.46,24-Sep-2026,9967,INE691A01018
UDAYJEW,EQ,153.87,162.95,152.06,162.33,161,153.87,71597,11406536.72,24-Sep-2026,2127,INE551B01012
USK,EQ,19.6,20.3,19.51,19.61,19.6,19.85,21157,417937.76,24-Sep-2026,207,INE0N0Y01013
UFLEX,EQ,669.65,685,657.85,661.55,660,670.45,119810,80632721.70,24-Sep-2026,5430,INE516A01017
UFO,EQ,61.7,61.7,59.25,59.53,59.32,60.64,19495,1172442.87,24-Sep-2026,309,INE527H01019
UGROCAP,EQ,83.89,84.89,81.2,82.23,82.1,84.29,155699,12834228.73,24-Sep-2026,3109,INE583D01011
UEL,EQ,195,197.9,184.67,188.09,189.9,191.86,18430,3469833.44,24-Sep-2026,834,INE899L01030
UJJIVANSFB,EQ,64.52,64.7,61.25,62.69,63,66.01,33045929,2074965488.86,24-Sep-2026,148970,INE551W01018
ULTRAMAR,EQ,438,442,426.95,429.05,429,439.15,42929,18725557.05,24-Sep-2026,1840,INE405A01021
ULTRACEMCO,EQ,11098,11192,11056,11056,11056,11155,304695,3391605340.00,24-Sep-2026,36403,INE481G01011
UMA,SM,17.5,17.5,17.5,17.5,17.5,17.5,4000,70000.00,24-Sep-2026,1,INE067901012
UMAEXPORTS,BE,20.81,20.81,20.81,20.81,20.81,20.41,488,10155.28,24-Sep-2026,7,INE0GIU01018
UMIYA-MRO,EQ,95,106,93.5,96.42,96.94,95.1,74800,7562420.88,24-Sep-2026,1372,INE398B01018
UNICHEMLAB,EQ,573,582,549.8,552.65,552.6,573.2,156065,88317294.85,24-Sep-2026,7266,INE351A01035
UNIECOM,EQ,83,83.8,82.3,82.76,82.53,83.26,191326,15869104.89,24-Sep-2026,2269,INE00U401027
UNIHEALTH,SM,626.85,660,626.85,656,660,626.85,7500,4827350.00,24-Sep-2026,15,INE0PRF01011
UNIINFO,EQ,11.02,11.4,11.02,11.29,11.4,11.4,183,2058.92,24-Sep-2026,11,INE481Z01011
UNILEX,SM,30.3,31,29,31,31,30.3,8000,240320.00,24-Sep-2026,5,INE0B2801011
UNIMECH,EQ,1712,1758.8,1673.2,1692.3,1698.5,1716.1,179298,308144214.60,24-Sep-2026,22411,INE0U3I01011
UNIONBANK,EQ,178.9,180.2,175.86,179.45,179.45,180,4484417,801020183.83,24-Sep-2026,37474,INE692A01016
UNIONGOLD,EQ,147.45,147.6,146,146.45,146.6,147.4,2328,341778.80,24-Sep-2026,273,INF582M01KS4
UNIPARTS,EQ,861,865.6,840.15,850.35,855.1,861.2,54719,46807885.25,24-Sep-2026,7055,INE244O01017
UNIENTER,EQ,91.05,92.57,89.57,90.5,90.5,91.09,1617,146692.09,24-Sep-2026,34,INE037A01022
UNITECH,EQ,4.11,4.16,4.03,4.05,4.05,4.17,4096221,16726034.74,24-Sep-2026,2254,INE694A01020
UBL,EQ,1240,1289.7,1227.1,1270.2,1282.6,1242.3,133103,167127652.90,24-Sep-2026,12874,INE686F01025
UNIDT,EQ,231,272,231,259.76,256.3,235.24,645371,166286951.12,24-Sep-2026,14331,INE961D01019
UFBL,BE,722.1,740,710.05,723,722.4,722.1,32428,23674250.45,24-Sep-2026,1694,INE382M01027
UHTL,ST,203.65,203.65,195.75,195.75,195.75,199.7,368000,73705200.00,24-Sep-2026,65,INE0SMR01011
UNITEDTEA,EQ,428,435,425.35,428.25,431,428,1821,782917.20,24-Sep-2026,104,INE458F01011
UNITEDPOLY,EQ,46.5,46.75,45,45.27,45.7,45.94,170870,7755349.79,24-Sep-2026,505,INE368U01029
UNITDSPR,EQ,1434,1442,1421.2,1423.3,1423.3,1441,219089,313650303.70,24-Sep-2026,18007,INE854D01024
UNIVASTU,BE,142,144.96,139,140.54,140,145.71,44569,6274815.22,24-Sep-2026,471,INE562X01013
UNIVCABLES,EQ,1508.8,1539.8,1490,1517,1520,1508.8,128146,194321867.00,24-Sep-2026,10584,INE279A01012
UNIVPHOTO,BE,565.2,565.2,548.2,549.85,548.2,577.05,1245,690254.90,24-Sep-2026,81,INE03V001013
UNOMINDA,EQ,1216.3,1252.9,1212.3,1224.4,1224.4,1223.1,445754,551780232.40,24-Sep-2026,28796,INE405E01023
IIFLZC28,NG,1656.2,1671.8,1656.2,1671.8,1671.8,1671.8,87,145399.80,24-Sep-2026,3,INE530B08110
10IIFL28A,NE,1048.95,1048.95,1047,1048.12,1047,1048.96,51,53469.15,24-Sep-2026,3,INE530B08094
850SCL25A,NW,990,990,990,990,990,991,34,33660.00,24-Sep-2026,1,INE148I08348
96IIFL28A,NF,996,1000,996,998.76,999,999.95,223,222776.51,24-Sep-2026,32,INE530B08102
IIFLZC28C,N6,1600.2,1600.2,1600.2,1600.2,1600.2,1615,1,1600.20,24-Sep-2026,1,INE477L08162
10IIFL28,N4,1002,1006.8,1000.55,1005.99,1005.99,1000,523,525163.49,24-Sep-2026,11,INE477L08147
96IIFL28,N5,1000.79,1000.79,995,996.54,998,1000.79,1641,1637216.80,24-Sep-2026,33,INE477L08154
885TCAPS29,NC,1045,1045,1045,1045,1045,1054.99,15,15675.00,24-Sep-2026,1,INE306N08342
910TCAP28,NA,1038,1038,1035,1035,1035,1042,60,62130.00,24-Sep-2026,2,INE306N08292
UDS,EQ,203.91,203.91,200.11,201.9,201.1,205.27,56075,11341575.54,24-Sep-2026,1644,INE851I01011
UPL,EQ,550.7,553.65,546.5,549.6,549.6,553.15,1278779,704636041.65,24-Sep-2026,28987,INE628A01036
USASEEDS,SM,85.5,89.5,85.5,89.5,89.5,90,2140,186394.00,24-Sep-2026,5,INE0CBM01019
URAVIDEF,BE,104,104,103,103,103,104.15,1274,131795.50,24-Sep-2026,36,INE568Z01015
URBANCO,EQ,172.21,174.26,168.5,171.26,170.7,172.73,4162727,715200215.06,24-Sep-2026,37079,INE0CAZ01013
URBAN,SM,118.95,119.9,118,119,119,117.05,8000,950160.00,24-Sep-2026,10,INE0O0201019
URJA,EQ,9.06,9.1,8.95,9,9,9.05,403236,3628724.64,24-Sep-2026,1986,INE550C01020
USHAFIN,SM,55.9,56,55.8,55.8,55.8,54.15,9600,537120.00,24-Sep-2026,4,INE0LS001014
UMESLTD,EQ,4.51,4.85,4.49,4.51,4.5,4.6,39599,182227.33,24-Sep-2026,119,INE240C01028
USHAMART,EQ,534,534.15,515,523.2,525.9,535.05,607143,318165577.05,24-Sep-2026,19360,INE228A01035
UTIAMC,EQ,905.3,914.4,903.2,907.9,905,909.95,47119,42753040.75,24-Sep-2026,5233,INE094J01016
LIQUIDBETA,EQ,1009.22,1009.22,1009.22,1009.22,1009.22,1009.1,99,99912.78,24-Sep-2026,1,INF789F1AG68
NIF500BETA,EQ,37.69,37.69,36.24,36.24,36.24,36.78,5561,202309.49,24-Sep-2026,18,INF789F1AG76
SECLEDBETA,EQ,14.36,14.8,14.2,14.25,14.25,14.36,222461,3202285.76,24-Sep-2026,95,INF789F1AH42
BANKBETA,EQ,59.88,59.88,57.36,57.5,57.6,58.42,151910,8756124.10,24-Sep-2026,706,INF789F1AUV1
GILT10BETA,EQ,26.58,26.63,26.33,26.63,26.63,26.58,18,477.25,24-Sep-2026,12,INF789F1AZF3
GILT5BETA,EQ,66.6,66.6,65.76,66.49,66.28,66.25,962,63545.20,24-Sep-2026,15,INF789F1AZE6
ITBETA,EQ,299.52,303.8,296,300.34,303.8,299,609,181230.72,24-Sep-2026,35,INF789F1AZD8
MIDCAPBETA,EQ,229.65,235.08,227.17,232.81,232,230.8,2128,486819.50,24-Sep-2026,44,INF789F1AYX9
NEXT50BETA,EQ,78,78.06,77.01,77.47,77.01,78.1,135563,10509738.69,24-Sep-2026,624,INF789F1AUW9
NIFTYBETA,EQ,259.97,259.97,256.22,256.77,257.14,259.97,234676,60317712.31,24-Sep-2026,617,INF789F1AZC0
SENSEXBETA,EQ,830.89,830.89,817.1,821.01,817.25,828.72,1992,1633653.68,24-Sep-2026,162,INF789FB1X58
SILVERBETA,EQ,221.41,221.41,217.75,217.96,218.31,222.41,535801,117577161.28,24-Sep-2026,3693,INF789F1AYK6
SNXT50BETA,EQ,93.45,94.27,91.51,92.27,94.26,93.45,5851,545231.93,24-Sep-2026,99,INF789F1AUU3
GOLDBETA,EQ,126.6,126.6,125.7,125.8,125.8,127.1,346933,43738340.60,24-Sep-2026,2502,INF789F1AUX7
UTKAL,SM,51,51,50.5,50.8,50.8,50.25,8000,406400.00,24-Sep-2026,4,INE1V1R01014
UTKARSHBNK,EQ,13.94,14,13.7,13.86,13.89,14.07,4749458,65708823.74,24-Sep-2026,9886,INE735W01017
UTSSAV,SM,640,659,640,652.2,653,653.25,51000,33069030.00,24-Sep-2026,56,INE06IJ01010
UTTAMSUGAR,EQ,265.5,266.2,258.45,260,263,266.35,64541,16903389.85,24-Sep-2026,1861,INE786F01031
VMARCIND,SM,337,337,325,329.2,328.2,338.4,132000,43399275.00,24-Sep-2026,82,INE0GXK01018
VTMLTD,EQ,45.68,45.68,41.5,42.13,42.22,44.5,91863,3881344.61,24-Sep-2026,1332,INE222F01029
VGUARD,EQ,315.5,315.6,307.6,308.6,309.1,316.4,198837,61827245.60,24-Sep-2026,10492,INE951I01027
VLINFRA,SM,25,25,25,25,25,25.45,1500,37500.00,24-Sep-2026,1,INE0QXL01015
V2RETAIL,EQ,213.11,216,211.21,214.47,214.75,215.63,556422,119259852.13,24-Sep-2026,10889,INE945H01021
WABAG,EQ,2038,2073,2019.7,2029.2,2028,2048.7,690358,1406946960.20,24-Sep-2026,31144,INE956G01038
VADILENT,EQ,10310,10310,10250,10303,10250,10370,11,113328.00,24-Sep-2026,8,INE693D01018
VADILALIND,EQ,7450,7529,7322,7413.5,7385,7492,9796,72759987.50,24-Sep-2026,3192,INE694D01016
VAIBHAVGBL,EQ,208.81,209.93,204,205.25,205.49,209.49,153843,31754337.92,24-Sep-2026,4275,INE884A01027
MADHAVBAUG,ST,164.2,168,163,168,168,171.5,2400,394260.00,24-Sep-2026,6,INE0JR301013
VAISHALI,EQ,8.32,8.79,8.32,8.53,8.49,8.45,171784,1471406.23,24-Sep-2026,346,INE972X01022
VAKRANGEE,EQ,5.37,5.45,5.2,5.3,5.29,5.35,1008105,5318022.24,24-Sep-2026,1738,INE051B01021
VALIANTLAB,BE,121.24,125.99,117.3,123.15,123.85,121.24,77365,9402545.03,24-Sep-2026,522,INE0JWS01017
VALIANTORG,EQ,420,420,406.5,411.35,412,420.8,59473,24464763.35,24-Sep-2026,1514,INE565V01010
DBREALTY,EQ,100.3,104.27,97.4,100.22,99.9,101.48,2505139,252954489.46,24-Sep-2026,13894,INE879I01012
VALUE360,SM,60,60,56,56.35,56.05,62.05,20400,1170600.00,24-Sep-2026,16,INE1E7Y01018
VARDHACRLC,BE,44.6,44.6,43,43.95,43.95,44.48,34631,1513634.00,24-Sep-2026,156,INE116G01013
VHL,EQ,3341,3409.4,3341,3368.1,3380,3383.8,416,1405534.80,24-Sep-2026,42,INE701A01023
VARDMNPOLY,EQ,5.96,6,5.78,5.81,5.81,5.91,128283,752461.39,24-Sep-2026,281,INE835A01029
VSSL,EQ,410.7,418.35,390.05,405,405,413.6,115559,47407854.65,24-Sep-2026,5149,INE050M01012
VTL,EQ,559.1,596.6,556.65,563.6,560.2,561.45,2304091,1322998367.20,24-Sep-2026,66153,INE825A01020
VARROC,EQ,837,844.6,825,833.4,836.8,836.5,129764,108465719.60,24-Sep-2026,10454,INE665L01035
VBL,EQ,432.15,436.85,428.3,431.25,431.25,436.15,5016972,2170913318.25,24-Sep-2026,50013,INE200M01039
VGL,EQ,69,70.06,66.22,66.52,66.45,70.63,117211,7994666.28,24-Sep-2026,896,INE273D01027
DENTALKART,SM,410.05,415,410,413.25,415,413.8,4250,1748362.50,24-Sep-2026,14,INE0N5801013
VASCONEQ,EQ,32.5,34.9,32.25,33.29,33.31,32.99,1975613,66859492.77,24-Sep-2026,7865,INE893I01013
VASWANI,EQ,45.5,45.92,44.57,45.08,44.9,45.68,26319,1196410.98,24-Sep-2026,222,INE590L01019
VCL,BE,1.45,1.45,1.45,1.45,1.45,1.52,227569,329975.05,24-Sep-2026,170,INE098201036
115VCCL27,N0,99995.55,99995.55,99995.55,99995.55,99995.55,99995.55,1,99995.55,24-Sep-2026,1,INE04HY07286
115VCCL28,N0,99990,99990,99990,99990,99990,98100,2,199980.00,24-Sep-2026,2,INE04HY07377
118VCCL27B,N0,100205.85,100205.85,100205.85,100205.85,100205.85,100205.85,1,100205.85,24-Sep-2026,1,INE04HY07336
12VCCL27A,N0,100020,100020,100020,100020,100020,100000,1,100020.00,24-Sep-2026,1,INE04HY07179
12VCCL29B,N0,99998.99,99998.99,99998.99,99998.99,99998.99,99500,1,99998.99,24-Sep-2026,1,INE04HY07229
115VCCL31A,N0,9999,9999,9999,9999,9999,9999,2,19998.00,24-Sep-2026,1,INE04HY07401
VDEAL,SM,122,122,118.25,118.25,118.25,121.6,6000,724260.00,24-Sep-2026,9,INE0U2M01015
MANYAVAR,EQ,530.1,530.1,511.6,524.45,527.6,531.15,178569,93096060.75,24-Sep-2026,10416,INE825V01034
VAML,EQ,430.9,438.9,428.25,429.4,428.25,436.3,4520000,1957299771.00,24-Sep-2026,73128,INE1CDF01017
VISL,EQ,33.92,34.25,32.13,32.13,32.13,33.82,31103791,1020043003.72,24-Sep-2026,53737,INE1CLE01013
VEDL,EQ,267.9,269.4,264.2,267.5,267.5,271,5685750,1515062439.15,24-Sep-2026,62020,INE205A01025
VOGL,EQ,35.5,35.68,34.41,34.53,34.59,35.86,14402274,502417897.67,24-Sep-2026,36925,INE704J01044
VEDPOWER,EQ,32.85,32.85,31.9,32.1,32.1,32.98,9200935,296655210.24,24-Sep-2026,38103,INE694L01019
VEDAVAAG,EQ,22.27,22.3,21.13,21.31,21.18,22.16,20903,453157.52,24-Sep-2026,182,INE359B01010
VEEDOL,EQ,1358,1374.8,1354.5,1364.3,1367.7,1365.8,5343,7290418.60,24-Sep-2026,836,INE484C01030
VEEGALAND,BE,141.5,145.8,140.9,142.38,142.04,142.87,866388,124051466.82,24-Sep-2026,3161,INE1JTV01015
VEEKAYEM,SM,97.2,97.2,97.15,97.15,97.15,102.25,1500,145775.00,24-Sep-2026,2,INE0KTW01013
VELJAN,BE,2051.2,2081.5,1991.1,2067.9,2080,2051.2,436,885957.80,24-Sep-2026,43,INE232E01013
VENKEYS,EQ,1697.9,1703.6,1645,1664.1,1667,1692.2,34737,58007434.00,24-Sep-2026,3667,INE398A01010
VENTIVE,EQ,586.9,586.9,565.55,572.75,574.95,578.35,10555,6044134.20,24-Sep-2026,891,INE781S01027
VENUSPIPES,EQ,2230,2258.2,2190,2206.3,2200,2235.5,95848,213673916.60,24-Sep-2026,9544,INE0JA001018
VENUSREM,EQ,1628.9,1674.8,1582.2,1624.8,1630,1643.7,31456,51377788.90,24-Sep-2026,3122,INE411B01019
VERANDA,EQ,230.5,237.5,226.16,232.46,231.3,231.5,466617,107953329.24,24-Sep-2026,7467,INE0IQ001011
VERITAAS,SM,25.35,25.45,25.35,25.45,25.45,24.25,2400,60960.00,24-Sep-2026,2,INE0SRI01019
VERTIS,IV,115.75,115.75,115.75,115.75,115.75,115.75,75000,8681250.00,24-Sep-2026,3,INE0KXY23015
VERTOZ,EQ,35.6,38.24,35.6,36.73,36.52,36.84,41283,1522714.26,24-Sep-2026,393,INE188Y01031
VESUVIUS,EQ,395,396,391,391.85,391.8,396.1,45504,17878861.40,24-Sep-2026,2808,INE386A01023
VETO,EQ,147,147.02,142.51,143.04,143.11,145.57,81284,11682140.32,24-Sep-2026,2086,INE918N01018
VIAZ,SM,82.9,82.9,75.05,78.85,81.5,79,22000,1721700.00,24-Sep-2026,10,INE0MO401019
VSTL,EQ,113,114.83,111.55,112.87,113.94,113.48,5459,618942.41,24-Sep-2026,254,INE0QTF01015
VGCL,EQ,48.89,48.89,45.12,47.2,47.28,47.18,3116,143439.82,24-Sep-2026,34,INE761Q01015
VHLTD,BE,129.9,129.9,125.5,129.16,129.35,126.49,23968,3080533.31,24-Sep-2026,136,INE048C01025
VICTORYEV,SM,13.6,13.95,13.55,13.85,13.85,13.75,15000,206250.00,24-Sep-2026,5,INE0F8901022
VIDHIING,EQ,355.15,362.45,345.1,352.45,350.05,359.85,37289,13148071.25,24-Sep-2026,1162,INE632C01026
VIDYAWIRES,EQ,86.57,87.33,84.4,86.23,86.25,88.71,1387256,118806801.34,24-Sep-2026,8849,INE14UN01029
VIGOR,SM,102.7,102.7,100,101,101,102.85,20800,2100240.00,24-Sep-2026,9,INE1DM601016
VIJSOLX,EQ,634,636.05,634,636.05,636.05,632.3,7,4442.10,24-Sep-2026,2,INE362D01010
VIJAYA,EQ,1571.4,1571.4,1520.5,1526.5,1522.8,1570.7,101780,157121254.40,24-Sep-2026,13559,INE043W01024
VIJAYPD,SM,66.6,73.9,64.75,71.15,73,65,40000,2800900.00,24-Sep-2026,20,INE0WL901019
VIJIFIN,BE,16.21,16.22,15.6,16.22,16.22,15.91,2422961,38673048.88,24-Sep-2026,531,INE159N01027
VIKASECO,EQ,1.04,1.05,1.03,1.03,1.04,1.04,1701614,1767273.61,24-Sep-2026,1045,INE806A01020
VIKASLIFE,EQ,1.28,1.28,1.24,1.24,1.25,1.28,2276172,2860467.22,24-Sep-2026,8454,INE161L01027
VIKRAMSOLR,EQ,163.34,163.55,160.3,160.42,160.45,163.34,974428,157042015.15,24-Sep-2026,11057,INE078V01014
VIKRAN,EQ,58.5,62.62,57.53,60.99,61.21,56.14,34848858,2130808582.80,24-Sep-2026,142260,INE01R501028
VILAS,SM,402.6,419.5,361,399.35,388.5,403.85,61000,24746175.00,24-Sep-2026,193,INE0AZY01017
VILINBIO,ST,52.3,52.3,52.3,52.3,52.3,52.3,4000,209200.00,24-Sep-2026,1,INE0L4V01013
VIMTALABS,EQ,606,616,595,597.5,600,610.7,140540,84826736.10,24-Sep-2026,9592,INE579C01029
VINATIORGA,EQ,1220.1,1225.6,1190,1195,1194,1222.8,68223,82075984.00,24-Sep-2026,9194,INE410B01037
VINDHYATEL,EQ,2830,2874,2748.9,2767.5,2775,2864.6,52006,145025128.20,24-Sep-2026,6289,INE707A01012
VINEETLAB,EQ,35.75,35.75,34.1,34.93,35,34.82,52687,1837152.56,24-Sep-2026,571,INE505Y01010
VMOBILE,SM,58.9,58.9,57.2,57.2,57.2,56.6,3200,186280.00,24-Sep-2026,4,INE27V201011
VINNY,EQ,0.92,0.93,0.92,0.92,0.93,0.92,309005,287125.30,24-Sep-2026,179,INE01KI01027
VINOD,ST,69.25,69.25,69.25,69.25,69.25,72.85,2400,166200.00,24-Sep-2026,2,INE1A5U01014
VINSYS,ST,587,587,560,573.8,584,587.65,7750,4492050.00,24-Sep-2026,22,INE0OSJ01014
VINCOFE,EQ,184.37,191.35,182.69,183.75,183.4,183.79,3693467,693151692.39,24-Sep-2026,46470,INE498Q01014
VINYAS,SM,1582,1582,1543,1543.5,1543,1599.3,3000,4672745.00,24-Sep-2026,28,INE0OLS01010
VINYLINDIA,EQ,221.54,224.2,218.1,220.32,219.41,221.54,7702,1703347.73,24-Sep-2026,741,INE250B01029
VIPCLOTHNG,EQ,21.99,22,21.5,21.7,21.74,21.72,39989,867294.94,24-Sep-2026,208,INE450G01024
VIPIND,EQ,298,303.95,295.1,300.95,301,298.9,321535,96418766.85,24-Sep-2026,4259,INE054A01027
VIPULLTD,BE,10.99,11.08,10.54,10.56,10.54,11.09,834651,8836444.88,24-Sep-2026,356,INE946H01037
VIRAT,EQ,377,389.9,356.1,361.55,367.85,371.2,7756,2867334.45,24-Sep-2026,589,INE467D01017
VIRINCHI,EQ,14.17,14.17,13.8,13.81,13.8,14.03,39412,548413.88,24-Sep-2026,214,INE539B01017
VGINFOTECH,SM,140,142,138,141.1,140.95,140.05,64000,8988600.00,24-Sep-2026,33,INE0VRH01015
VIRTUALG,BE,0.46,0.47,0.45,0.45,0.45,0.45,102248,46342.23,24-Sep-2026,110,INE247C01023
VOEPL,EQ,525,527.95,495,497.65,496.25,515.1,66741,33928241.20,24-Sep-2026,3430,INE0I0T01010
VISACHROME,EQ,36.48,36.55,33.4,36.34,36.32,34.81,47827,1709376.47,24-Sep-2026,383,INE286H01012
VIVIDHA,EQ,0.52,0.55,0.52,0.53,0.54,0.52,395032,211970.82,24-Sep-2026,168,INE370E01029
VISAKAIND,EQ,96.08,102.4,94.01,94.79,94.01,96.08,1406348,137586557.14,24-Sep-2026,13025,INE392A01021
VISAMAN,SM,31.75,31.75,31.75,31.75,31.75,33.4,12000,381000.00,24-Sep-2026,5,INE0BHK01012
VISHAL,EQ,18.1,18.25,17.55,18.06,18.07,18.18,27608,496295.21,24-Sep-2026,256,INE755Q01025
VMM,EQ,106.45,108.23,104.84,105.46,105.46,106,17613951,1874959770.00,24-Sep-2026,72865,INE01EA01019
VISHNU,EQ,723.9,725.85,701.05,703.25,703.4,723.95,59548,42485015.15,24-Sep-2026,4581,INE270I01022
VPRPL,EQ,32.64,33.15,32.26,32.9,32.98,32.83,252747,8260039.65,24-Sep-2026,1267,INE0AE001013
VISHNUINFR,SM,150,150,150,150,150,150.5,500,75000.00,24-Sep-2026,1,INE0PQ001012
VISHWARAJ,EQ,5.34,5.43,5.25,5.28,5.3,5.35,162085,864667.86,24-Sep-2026,570,INE430N01022
VISHWAS,ST,37.1,40.4,37.1,40.4,40.4,38.5,4800,188640.00,24-Sep-2026,3,INE0S2E01016
VIESL,SM,371.1,371.1,365.1,369.05,365.1,370.4,5600,2068320.00,24-Sep-2026,7,INE0TR001017
VITAL,EQ,55.67,57.33,53.6,54.37,56.94,55.66,6134,340580.57,24-Sep-2026,153,INE0L4K01016
VIVIANA,EQ,728,728,700,706.25,706.5,724.55,13420,9579422.25,24-Sep-2026,749,INE0MEG01014
VIVIDEL,SM,1784.95,1847.45,1750,1790,1799.8,1763,19680,35220468.00,24-Sep-2026,72,INE24H301028
VIVIMEDLAB,BE,5.34,5.46,5.34,5.45,5.45,5.36,44391,241523.96,24-Sep-2026,38,INE526G01021
VIVOBIOT,EQ,16.58,16.98,15.51,16.08,16,16.67,16987,276374.49,24-Sep-2026,181,INE380K01017
VIYASH,EQ,252.95,252.95,244.85,246,246.4,253.75,1767338,439324268.10,24-Sep-2026,28580,INE807F01027
VLEGOV,EQ,10.63,10.63,10.05,10.25,10.37,10.42,44465,459004.19,24-Sep-2026,328,INE03HW01020
VLSFINANCE,EQ,241.15,242.16,236.35,239.58,242,241.15,6473,1552725.81,24-Sep-2026,260,INE709A01018
VMART,EQ,782,784.45,760.15,773.7,773,786.6,142108,109560017.75,24-Sep-2026,10453,INE665J01013
VMSTMT,EQ,45.6,47.09,45.6,46.13,46.21,45.92,32492,1507020.21,24-Sep-2026,474,INE0SJA01013
IDEA,EQ,14.42,14.5,14.04,14.12,14.12,14.52,364050771,5188438798.52,24-Sep-2026,507473,INE669E01016
VOITHPAPR,EQ,1445,1454.9,1400.3,1416.7,1415,1440,876,1253119.30,24-Sep-2026,47,INE285C01015
VOLERCAR,SM,229.5,237,220,229.5,229.5,226.9,8800,2011400.00,24-Sep-2026,11,INE241X01014
VOLTAMP,EQ,10723,10729,10550,10587,10603,10799,9565,101725630.00,24-Sep-2026,3609,INE540H01012
VOLTAS,EQ,1119.1,1126.4,1106.9,1113.4,1113.4,1130,530213,592206856.00,24-Sep-2026,20385,INE226A01021
12VPT28,N0,9900,9900,9900,9900,9900,9998,5,49500.00,24-Sep-2026,1,INE0MEG07029
VRAJ,EQ,128.86,128.97,125.21,126.19,126.4,127.9,8792,1115060.97,24-Sep-2026,516,INE0S2V01010
VRLLOG,EQ,291.3,293.45,289.5,291.65,292.35,291.75,121565,35437607.35,24-Sep-2026,4472,INE366I01010
VSTIND,EQ,209.35,209.35,205.4,206.69,205.94,208.8,100738,20841975.13,24-Sep-2026,3197,INE710A01016
VSTTILLERS,EQ,4400.2,4631.8,4371.3,4516.7,4436,4425,17167,76918603.80,24-Sep-2026,3094,INE764D01017
WHBRADY,EQ,421,498.95,421,498.95,498.95,502.6,40,17822.85,24-Sep-2026,17,INE855A01019
WPIL,EQ,440,446,431.55,435.8,434,440,31249,13706540.05,24-Sep-2026,1839,INE765D01022
WSI,EQ,58.13,58.13,56.5,56.96,56.5,58.13,9922,569365.15,24-Sep-2026,255,INE100D01014
WAAREEENER,EQ,2502,2511.9,2470,2482,2482,2512,389057,968343123.60,24-Sep-2026,39334,INE377N01017
WAAREERTL,EQ,838,848,827.25,832.3,832,848,133525,111720052.35,24-Sep-2026,12445,INE299N01021
WAKEFIT,EQ,146.78,148,142.4,142.83,143,146.78,161388,23265636.84,24-Sep-2026,2529,INE0E7301029
WALCHANNAG,EQ,211.09,212,207,208.07,209.1,212.63,434910,91005571.66,24-Sep-2026,6809,INE711A01022
WALPAR,SM,26.65,26.65,26.65,26.65,26.65,25.4,2000,53300.00,24-Sep-2026,1,INE0G2G01015
WANBURY,EQ,230,238.4,223.65,225.15,226.2,233.1,190580,43638447.55,24-Sep-2026,4898,INE107F01022
WARDINMOBI,EQ,5.7,5.74,5.6,5.62,5.61,5.66,248149,1398109.92,24-Sep-2026,759,INE945P01024
WATERBASE,EQ,46.66,46.66,45,45.36,45.35,46.66,17346,787731.75,24-Sep-2026,311,INE054C01015
CORDELIA,EQ,112,112.5,107.33,107.97,108.2,112.97,945738,103414615.74,24-Sep-2026,8991,INE0LZF01039
WEWIN,EQ,46.85,50,46.85,49.01,49.48,46.76,15434,742004.12,24-Sep-2026,120,INE082W01014
TWCGOLDETF,EQ,150.6,150.6,147.65,149.01,149.03,150.51,22184,3310902.08,24-Sep-2026,144,INF2F0001370
WEALTH,EQ,833,850.9,827,839.25,844,840.45,1405,1173758.40,24-Sep-2026,118,INE658T01017
WEBELSOLAR,EQ,74.52,76.78,72.2,74.07,73.8,73.93,2342303,174527692.00,24-Sep-2026,17193,INE855C01023
WEIZMANIND,EQ,71.75,73.69,71.6,71.67,71.65,71.57,158,11327.60,24-Sep-2026,13,INE080A01014
WELCORP,EQ,2786,2800,2675,2692.2,2701.5,2796.8,1002471,2751419492.50,24-Sep-2026,59183,INE191B01025
WELENT,EQ,773.4,775,744.5,749.15,759,774,226253,171898502.65,24-Sep-2026,10806,INE625G01013
WELINV,BE,2457,2457,2457,2457,2457,2457,16,39312.00,24-Sep-2026,9,INE389K01018
WELSPUNLIV,EQ,221.56,228.8,217.19,222.32,223.25,223.77,4797903,1074017626.86,24-Sep-2026,46500,INE192B01031
WELSPLSOL,EQ,52.91,55.59,52.9,53.46,54.85,53.59,524720,28480383.69,24-Sep-2026,4558,INE731F01037
WENDT,EQ,8625,8654.5,8478,8525.5,8530,8678.5,6775,58031421.50,24-Sep-2026,1864,INE274C01019
WSTCSTPAPR,EQ,746,753.8,734.1,737.95,734.4,747.25,164772,122666275.55,24-Sep-2026,10457,INE976A01021
WCIL,EQ,99.99,99.99,95.1,95.78,96.4,97.33,165817,16095553.78,24-Sep-2026,1786,INE0CJF01024
WESTLIFE,EQ,585,593,564.45,569.25,569.75,598.7,132688,76562351.75,24-Sep-2026,8210,INE274F01020
WEWORK,EQ,665,665.2,648.15,651.7,650.65,668.5,73586,48082731.60,24-Sep-2026,4911,INE085001019
WHEELS,EQ,2210,2300,2161.1,2180.8,2176,2240.3,188804,423479609.50,24-Sep-2026,14504,INE715A01015
WHIRLPOOL,EQ,810,878,810,853.45,860.1,865.25,7497954,6238317394.40,24-Sep-2026,205329,INE716A01013
WILLAMAGOR,EQ,24,24,22.5,23.4,23.4,22.78,2759,64733.08,24-Sep-2026,46,INE210A01017
WINDLAS,EQ,1070.2,1099,1065.45,1093.8,1095,1077.45,53563,58308337.20,24-Sep-2026,5094,INE0H5O01029
WINDMACHIN,EQ,294,304.9,293,300.9,300,295.4,120512,36188145.80,24-Sep-2026,1670,INE052A01021
WINSOL,SM,108,108,107.65,107.65,107.65,111.7,1200,129340.00,24-Sep-2026,3,INE0S3D01016
WIPRO,EQ,164.16,165.67,163.36,163.64,163.64,164.9,7033397,1156039370.72,24-Sep-2026,65135,INE075A01022
WTICAB,SM,98,98,96,96.45,96.65,98,18500,1789450.00,24-Sep-2026,30,INE623Y01011
WOCKPHARMA,EQ,2310,2334.5,2265,2287.7,2273,2329.7,824745,1896648287.60,24-Sep-2026,44365,INE049B01025
WOMANCART,ST,101,104,98.15,100.65,101.9,102.5,17200,1725580.00,24-Sep-2026,39,INE0Q9601016
WEL,EQ,77.25,77.5,74.01,74.18,74.01,76.93,434603,32646926.72,24-Sep-2026,2929,INE02WG01024
WONDERLA,EQ,508,511.7,506.05,509.95,508.7,510.75,62008,31595450.95,24-Sep-2026,1822,INE066O01014
WORTHPERI,EQ,146.98,149.99,145.03,147.26,147,149.21,2003,294068.42,24-Sep-2026,62,INE196Y01018
XCHANGING,EQ,61.6,61.6,59.81,60.35,60.31,61.79,56011,3393472.13,24-Sep-2026,1020,INE692G01013
XELPMOC,EQ,74.4,74.78,72.63,74.59,74.78,74.03,3454,255352.75,24-Sep-2026,147,INE01P501012
XPROINDIA,EQ,1219,1263.5,1184.3,1207,1198.8,1223.5,68439,83708301.00,24-Sep-2026,5300,INE445C01015
XTGLOBAL,EQ,31,31,28.93,29.26,29.8,29.93,51819,1551214.21,24-Sep-2026,552,INE547B01028
XTRANET,EQ,312.99,317.97,301.77,313.71,315,317.65,1073441,329745185.46,24-Sep-2026,14185,INE0NG701011
YAAP,SM,132,132,122.5,122.5,122.5,126.6,7000,896450.00,24-Sep-2026,7,INE0U0J01015
YASHOPTICS,SM,134,136,131,131.35,131,134.65,18400,2444560.00,24-Sep-2026,19,INE0TO601017
YASHO,EQ,4100,4249,4012.7,4043.7,4028.4,4144.7,41712,172651893.80,24-Sep-2026,9113,INE616Z01012
YCCL,SM,8.25,8.25,8.25,8.25,8.25,8.25,3000,24750.00,24-Sep-2026,1,INE08S201019
YATHARTH,EQ,1163,1172.5,1145,1157,1157,1162.2,489737,567730369.30,24-Sep-2026,25331,INE0JO301016
YATRA,EQ,109.15,109.21,104.31,105.2,105.48,108.74,575540,61156802.07,24-Sep-2026,5462,INE0JR601024
YESBANK,EQ,23.08,23.08,22.38,22.44,22.44,23.24,102237435,2304479650.00,24-Sep-2026,160857,INE528G01035
YOGI,EQ,162.9,164,158,164,164,161.95,596,95912.40,24-Sep-2026,8,INE290E01011
YUDIZ,SM,23,24,23,24,24,23,3200,74400.00,24-Sep-2026,4,INE09FA01019
YUKEN,EQ,1146,1146,1109.7,1127.75,1127.1,1138.9,7863,8863351.15,24-Sep-2026,941,INE384C01016
ZFSTEERING,EQ,710,760,709.85,746.1,748.45,703.65,11028,8167081.20,24-Sep-2026,1044,INE116C01012
ZTECH,SM,427.05,435,419,429.15,429,429.55,16500,7097535.00,24-Sep-2026,46,INE0ISZ01012
ZAGGLE,EQ,178.9,179.3,176.62,178.22,178.2,179.86,676984,120610357.89,24-Sep-2026,8266,INE07K301024
ZEAL,SM,78.5,83,78.5,82.3,83,76,7200,582360.00,24-Sep-2026,11,INE0PPS01018
ZEEL,EQ,77.18,79.45,76.85,78.17,78.5,77.28,14869768,1166231784.34,24-Sep-2026,53583,INE256A01028
ZEELEARN,EQ,6.84,6.89,6.7,6.77,6.75,6.84,107560,729777.25,24-Sep-2026,338,INE565L01011
ZEEMEDIA,EQ,7.51,7.59,7.37,7.4,7.41,7.51,848644,6319519.64,24-Sep-2026,1408,INE966H01019
ZENTEC,EQ,1664.6,1681.6,1640.7,1645.7,1644.9,1672.3,168806,279980372.60,24-Sep-2026,14784,INE251B01027
ZENITHDRUG,SM,46.55,46.55,44.4,44.4,44.4,48.95,5600,253920.00,24-Sep-2026,7,INE0QWN01013
ZENITHEXPO,EQ,196.02,199,194.2,195.53,195.53,197,231,45256.81,24-Sep-2026,62,INE058B01018
ZENITHSTL,EQ,5.47,5.47,5.22,5.27,5.33,5.34,41752,221646.20,24-Sep-2026,286,INE318D01020
ZENSARTECH,EQ,430,430,418.5,422.55,422,430.75,1163001,491992843.65,24-Sep-2026,32582,INE520A01027
GOLDCASE,EQ,23.7,23.7,23.47,23.5,23.53,23.76,7324812,172708092.34,24-Sep-2026,11560,INF0R8F01042
LIQUIDCASE,EQ,116.05,116.07,116.05,116.06,116.06,116.04,17169903,1992710442.70,24-Sep-2026,11436,INF0R8F01034
LTGILTCASE,EQ,30.38,30.38,30.22,30.22,30.22,30.37,275925,8347068.65,24-Sep-2026,192,INF0R8F01133
MID150CASE,EQ,11.6,11.66,11.3,11.33,11.38,11.56,2268030,25825893.92,24-Sep-2026,4581,INF0R8F01059
NIFTYCASE,EQ,9.63,9.63,9.27,9.31,9.33,9.4,1329048,12381887.64,24-Sep-2026,3239,INF0R8F01166
SILVERCASE,EQ,23.01,23.15,22.88,22.91,22.93,23.37,5000866,115126158.27,24-Sep-2026,7359,INF0R8F01091
SML100CASE,EQ,11.28,11.53,11.17,11.2,11.24,11.38,1896869,21362609.05,24-Sep-2026,2117,INF0R8F01141
TOP100CASE,EQ,10.32,10.36,10.19,10.21,10.24,10.35,848441,8683905.42,24-Sep-2026,1832,INF0R8F01067
ZFCVINDIA,EQ,2356.9,2375.8,2325.2,2345.5,2340,2357.2,164020,384696242.60,24-Sep-2026,23874,INE342J01019
ZIMLAB,EQ,132.09,143.88,131.5,137.82,139,133.56,90235,12293854.58,24-Sep-2026,830,INE518E01015
ZODIACLOTH,EQ,70.09,70.09,69.23,69.23,69.23,69.71,1807,126019.80,24-Sep-2026,28,INE206B01013
ZODIAC,EQ,229.94,229.94,220,227.44,227.75,229.94,9943,2247923.41,24-Sep-2026,536,INE761Y01019
ZOTA,EQ,1370.3,1405.8,1325.5,1345.7,1333.5,1390.6,92659,126451851.30,24-Sep-2026,7601,INE358U01012
ZUARI,EQ,222.55,225.75,217.06,218.41,218,224.09,85550,18946256.88,24-Sep-2026,2783,INE840M01016
ZUARIIND,EQ,283.65,289,278.2,282.85,285,278.9,133311,37893103.25,24-Sep-2026,4036,INE217A01012
ZYDUSLIFE,EQ,1169.8,1190.6,1161.6,1180.3,1180.3,1170.1,1965875,2322558035.60,24-Sep-2026,39301,INE010B01027
ZYDUSWELL,EQ,529,529.45,518.6,520.15,520.1,531,66218,34631024.75,24-Sep-2026,5302,INE768C01028
