SYMBOL,SERIES,OPEN,HIGH,LOW,CLOSE,LAST,PREVCLOSE,TOTTRDQTY,TOTTRDVAL,TIMESTAMP,TOTALTRADES,ISIN
SGBJUN28,GB,14187,14225,14051,14220,14220,14110,225,3188918.26,27-Jul-2026,38,IN0020200104
SGBN28VIII,GB,14166.3,14225,14166.3,14201,14201,14158.1,21,298443.30,27-Jul-2026,7,IN0020200286
SGBMAY29I,GB,14209.11,14289.98,14202,14235.03,14249.9,14209.11,466,6631926.42,27-Jul-2026,97,IN0020210053
SGBJUN29II,GB,14160,14250,14160,14249,14249,14125.1,14,199400.00,27-Jul-2026,5,IN0020210061
SGBJU29III,GB,14227.71,14227.71,14186,14200.01,14200.01,14227.71,112,1589617.23,27-Jul-2026,13,IN0020210087
SGBSEP29VI,GB,14250,14340,14162.1,14235,14240,14229.28,144,2051264.21,27-Jul-2026,34,IN0020210145
SGBNV29VII,GB,14268,14290,14240.01,14246.53,14240.01,14270.2,66,941738.32,27-Jul-2026,16,IN0020210178
SGBOCT26,GB,14300,14300,14300,14300,14300,14300,4,57200.00,27-Jul-2026,1,IN0020180249
SGBNOV26,GB,14250,14250,14250,14250,14250,14250,3,42750.00,27-Jul-2026,3,IN0020180314
SGBDEC26,GB,14200,14415,14200,14399.99,14399.99,14230,9,129429.99,27-Jul-2026,7,IN0020180389
SGBAUG27,GB,14300.01,14325,14300,14318,14311,14255.99,23,329186.10,27-Jul-2026,5,IN0020190107
SGBSEP27,GB,14210.01,14235,14210.01,14231,14231,14156.27,26,370025.01,27-Jul-2026,3,IN0020190115
SGBJAN27,GB,14200,14250,14200,14250,14250,14200,11,156500.00,27-Jul-2026,6,IN0020180462
SGBOCT27,GB,14105.01,14300,14105.01,14300,14300,14100,2,28405.01,27-Jul-2026,2,IN0020190370
SGBOCT27VI,GB,14200.01,14209,14180,14209,14209,14159,21,298270.10,27-Jul-2026,4,IN0020190388
SGBDC27VII,GB,14250,14300,14200,14208.25,14200,14200,12,170744.00,27-Jul-2026,6,IN0020190461
SGBAPR28I,GB,14280.61,14401.65,14201,14297.77,14295,14280.61,265,3799697.41,27-Jul-2026,56,IN0020200062
SGBMAY28,GB,14200,14230,14176,14201.16,14200,14136.89,181,2570019.09,27-Jul-2026,42,IN0020200088
SGBJUL28IV,GB,14155.01,14235,14155.01,14200,14200,14151.2,215,3054293.44,27-Jul-2026,31,IN0020200146
SGBFEB28IX,GB,14205,14350,14205,14350,14350,14150.01,11,157124.99,27-Jul-2026,3,IN0020190545
SGBAUG28V,GB,14266,14372.99,14241.01,14354.09,14325,14240.36,1510,21641386.42,27-Jul-2026,130,IN0020200161
SGBSEP28VI,GB,14200,14294.99,14200,14250.44,14250,14244.55,111,1581141.39,27-Jul-2026,21,IN0020200195
SGBOC28VII,GB,14284.97,14284.97,14223,14243.81,14262.9,14155,13,185458.47,27-Jul-2026,8,IN0020200203
SGBMAR28X,GB,14165.01,14199,14165.01,14199,14199,14116.66,5,70961.01,27-Jul-2026,3,IN0020190552
SGBJUL29IV,GB,14145.01,14289,14145.01,14200,14200,14143.66,75,1067971.63,27-Jul-2026,19,IN0020210111
SGBJAN29IX,GB,14120.01,14240,14117.5,14197.2,14186,14117.5,71,1007439.70,27-Jul-2026,17,IN0020200377
SGBAUG29V,GB,14301,14450,14301,14412.35,14412,14250,59,850921.02,27-Jul-2026,19,IN0020210129
SGBD29VIII,GB,14300,14370,14183,14280,14266,14298,134,1914216.31,27-Jul-2026,59,IN0020210228
SGBJAN29X,GB,14152,14319,14152,14200,14200,14117.25,20,284473.40,27-Jul-2026,7,IN0020200385
SGBFEB29XI,GB,14231,14387.99,14231,14375.24,14387.99,14230,49,703120.94,27-Jul-2026,18,IN0020200393
SGBMR29XII,GB,14180,14289.99,14180,14240.27,14213,14177.5,78,1110932.98,27-Jul-2026,25,IN0020200427
SGBJUN30,GB,14241.01,14445,14241.01,14350,14350,14240.13,25,358864.71,27-Jul-2026,18,IN0020220045
SGBAUG30,GB,14351,14485.94,14351,14436.56,14450,14340,190,2736467.70,27-Jul-2026,58,IN0020220078
SGBDE30III,GB,14792.52,14792.52,14425.02,14579.98,14580,14431.73,184,2671203.44,27-Jul-2026,53,IN0020220110
SGBJAN30IX,GB,14167.01,14350.01,14167.01,14266.66,14265,14166.67,161,2299728.74,27-Jul-2026,37,IN0020210236
SGBMAR30X,GB,14300,14371.5,14295,14295.42,14295.7,14209.26,114,1631102.44,27-Jul-2026,40,IN0020210319
SGBJUN31I,GB,14535,14651,14450,14489.29,14499,14535.17,598,8713610.49,27-Jul-2026,112,IN0020230069
SGBSEP31II,GB,14589.99,14624.98,14521.01,14561.56,14555,14508.49,581,8477158.48,27-Jul-2026,98,IN0020230093
SGBDE31III,GB,14556.01,14643.94,14556.01,14595.43,14590,14541.55,581,8484370.97,27-Jul-2026,134,IN0020230168
SGBMAR31IV,GB,14649.99,14649.99,14500,14527.97,14527.97,14450.03,112,1630558.64,27-Jul-2026,41,IN0020220169
SGBFEB32IV,GB,14682,14842.79,14611.01,14699.46,14700,14667.51,1221,17952539.51,27-Jul-2026,202,IN0020230184
20MICRONS,EQ,205.25,211.47,203.05,204,203.87,204.23,151604,31325928.15,27-Jul-2026,3578,INE144J01027
21STCENMGM,EQ,37.85,37.85,37.85,37.85,37.85,37.11,4700,177895.00,27-Jul-2026,27,INE253B01015
360ONE,EQ,1116.3,1136.9,1103.1,1132.7,1129.3,1102.3,928617,1046597866.00,27-Jul-2026,40785,INE466L01038
GOLD360,EQ,141.2,141.2,139.7,139.85,140.1,139.3,5810,814849.40,27-Jul-2026,211,INF579M01BB5
MSCI360,EQ,10.04,10.09,10.03,10.09,10.09,9.99,200,2012.70,27-Jul-2026,10,INF579M01BP5
SILVER360,EQ,219.96,219.96,218.06,218.77,218.79,217.03,4406,965385.80,27-Jul-2026,255,INF579M01BC3
3BBLACKBIO,EQ,1282,1314.8,1263.8,1292.3,1297.6,1278.1,9178,11866528.90,27-Jul-2026,1013,INE994E01018
3IINFOLTD,EQ,19.9,21.38,19.5,20.68,20.32,19.74,1627856,33599015.40,27-Jul-2026,4854,INE748C01038
3MINDIA,EQ,35790,35830,35150,35195,35195,35500,1279,45195555.00,27-Jul-2026,916,INE470A01017
3PLAND,EQ,34.5,34.5,31.5,32.29,32.98,31.57,5697,184369.39,27-Jul-2026,118,INE105C01023
5PAISA,EQ,375.45,381.95,368,369.25,368.5,373.1,34073,12633362.85,27-Jul-2026,1737,INE618L01018
63MOONS,EQ,711.1,746.85,705.1,728.8,728,708.3,227517,166785787.15,27-Jul-2026,9407,INE111B01023
751HUDCO28,N5,1070,1070,1069.97,1069.97,1069.97,1060.99,20,21399.70,27-Jul-2026,3,INE031A07865
764NABAR31,N2,1108,1108,1106.05,1106.64,1106.15,1104.42,153,169281.75,27-Jul-2026,10,INE261F07032
764HUDCO31,N8,1112,1112.01,1112,1112,1112,1111.2,575,639402.50,27-Jul-2026,5,INE031A07AO5
769HUDCO31,N9,1128,1128.01,1127.8,1128,1128,1128,249,280866.02,27-Jul-2026,11,INE031A07AT4
774IREDA31,N7,1121,1121,1118,1118,1118,1120.26,550,615350.36,27-Jul-2026,9,INE202E07229
812REC27,NI,1019,1023.25,1019,1023.25,1023.25,1019,290,296360.00,27-Jul-2026,5,INE020B07GH7
82HUDCO27,N2,1045,1045,1043.26,1043.26,1043.26,1043.75,902,941055.72,27-Jul-2026,13,INE031A07840
875NHAI29,N6,1110,1113.94,1107,1112,1112,1107,2172,2409875.34,27-Jul-2026,51,INE906B07DF8
876HUDCO28,ND,1139.85,1143.9,1139,1143,1143,1139,510,582669.25,27-Jul-2026,8,INE031A07949
892NHPC33,N6,1289.8,1289.8,1274.5,1274.5,1274.5,1248,2,2564.30,27-Jul-2026,2,INE848E07567
892PFCL33,N8,1278.12,1285,1278.12,1280.5,1280.5,1278.12,1656,2122892.46,27-Jul-2026,17,INE134E07463
901HUDCO34,NE,1279.99,1280,1279.99,1280,1280,1279.99,178,227839.95,27-Jul-2026,3,INE031A07AB2
ABCOTS,EQ,200.38,203.63,200.38,201.58,201,200.38,2750,555118.64,27-Jul-2026,258,INE08PH01015
ABINFRA,EQ,10.2,10.5,10.17,10.33,10.21,10.32,379560,3905267.44,27-Jul-2026,851,INE00YB01025
ABMKNO,EQ,195,201,192.11,197.99,199.9,190.11,620,122211.09,27-Jul-2026,31,INE850B01026
ACSTECH,EQ,42.05,42.05,40.3,40.51,40.41,40.82,222692,9079446.08,27-Jul-2026,658,INE366C01021
AGUL,SM,60.5,60.5,60.5,60.5,60.5,58.65,2000,121000.00,27-Jul-2026,1,INE0O6N01012
AKCAPIT,EQ,1752.4,1769.6,1748.2,1749.6,1750,1759.5,607,1065164.80,27-Jul-2026,89,INE701G01012
A2ZINFRA,EQ,12.6,12.8,12.25,12.34,12.25,12.46,290010,3604186.78,27-Jul-2026,360,INE619I01012
AAATECH,EQ,90.62,92.38,89.66,91.4,91.72,89.66,4946,453209.24,27-Jul-2026,430,INE0D0U01013
AADHARHFC,EQ,500,507.6,497.3,502,501.3,495,223206,112488640.70,27-Jul-2026,8845,INE883F01010
AAKAAR,SM,67.7,68,67.7,68,68,71.2,4800,325440.00,27-Jul-2026,3,INE1GYP01013
AAKASH,EQ,8.96,9.18,8.9,9,9,8.92,102950,926062.12,27-Jul-2026,231,INE087Z01024
AAREYDRUGS,BE,75.95,75.95,75.95,75.95,75.95,77.5,3868,293774.60,27-Jul-2026,22,INE198H01019
AARNAV,EQ,28.38,32.8,28.38,31.63,31.64,28.32,164190,5161642.22,27-Jul-2026,1394,INE750R01016
AARON,EQ,152,154.8,136.85,141.95,138.43,135.25,476997,68655563.69,27-Jul-2026,8237,INE721Z01010
AARTECH,BE,47.01,48.6,47.01,47.21,47.21,47.93,6581,312004.46,27-Jul-2026,68,INE01C001026
AARTIDRUGS,EQ,406.35,416.6,406.35,410.95,410,404.5,83432,34380515.70,27-Jul-2026,3287,INE767A01016
AARTIIND,EQ,480,489.7,480,486.1,485,477.8,357510,173724463.50,27-Jul-2026,11812,INE769A01020
AARTIPHARM,EQ,685,692.95,675.05,684.35,683.05,673.8,105041,72014427.65,27-Jul-2026,11994,INE0LRU01027
AARTISURF,EQ,381.6,408.9,381.6,398.3,394.25,381.6,23122,9253681.95,27-Jul-2026,1645,INE09EO01013
AARVI,EQ,155.5,160.99,155.01,157.32,155.01,154.89,16612,2628627.32,27-Jul-2026,704,INE754X01016
AASTHA,EQ,103.95,104.19,102,102.37,102.02,102.62,10078967,1033617496.76,27-Jul-2026,37295,INE2FMX01012
AATMAJ,SM,18.5,18.5,18.5,18.5,18.5,17.75,4000,74000.00,27-Jul-2026,2,INE0OB201016
AAVAS,EQ,1398,1398,1380.3,1390.6,1390,1379,20553,28579278.50,27-Jul-2026,4544,INE216P01012
ABAN,BE,15.47,15.47,14.9,14.96,15,14.93,29746,450303.46,27-Jul-2026,170,INE421A01028
ABANSENT,BE,26.55,27.1,25.65,26.49,26,26.2,8568,228465.54,27-Jul-2026,51,INE365O01028
AFSL,EQ,201.01,201.95,201,201.03,201,201,20213,4066860.08,27-Jul-2026,134,INE00ZE01026
ABB,EQ,7419,7434,7225,7327.5,7330.5,7375.5,370848,2707669916.00,27-Jul-2026,38598,INE117A01022
ABBOTINDIA,EQ,28015,28155,27750,27800,27820,28005,6597,183931480.00,27-Jul-2026,3086,INE358A01014
8ABCL26,N2,1060.5,1060.5,1060.5,1060.5,1060.5,1057,124,131502.00,27-Jul-2026,1,INE860H07IQ0
ABHAPOWER,SM,25.15,25.15,25.15,25.15,25.15,25.4,1600,40240.00,27-Jul-2026,1,INE0UYG01015
ABMINTLLTD,EQ,41.05,45.12,41.05,44.63,41.3,41.02,2935,127629.02,27-Jul-2026,35,INE251C01025
ABSMARINE,ST,225.95,229.1,220,220.7,220,220.4,46000,10265225.00,27-Jul-2026,61,INE0QRV01016
ACC,EQ,1343,1365,1332,1358.1,1362,1340.9,206361,279064615.90,27-Jul-2026,16570,INE012A01025
ACCELYA,EQ,1175,1180,1150,1160.4,1165,1158.9,21267,24813364.20,27-Jul-2026,2683,INE793A01012
ACCENTMIC,SM,494.25,507.2,494.25,504.25,506.5,494.95,42500,21381925.00,27-Jul-2026,78,INE0Q5D01013
ACCPL,ST,160,160,160,160,160,164.2,1200,192000.00,27-Jul-2026,1,INE0T8T01010
ACCURACY,BE,5.03,5.08,4.78,4.97,4.97,5.03,94728,465443.97,27-Jul-2026,195,INE648Z01023
ACEINTEG,EQ,19.89,19.94,19.29,19.31,19.31,19.7,306,5947.44,27-Jul-2026,30,INE543V01017
ACMESOLAR,EQ,370,371,358.4,362.4,361,365.85,2262264,824212688.15,27-Jul-2026,52213,INE622W01025
ACE,EQ,1050,1075.3,1042.6,1061.8,1057.9,1039.4,716079,763219916.70,27-Jul-2026,31157,INE731H01025
ACUTAAS,EQ,3273.9,3477,3216.2,3367.8,3351.2,3259.5,526067,1780092151.00,27-Jul-2026,51533,INE00FF01025
ADANIENSOL,EQ,1719.6,1719.6,1678.1,1703.3,1708,1702.2,2632783,4466528851.90,27-Jul-2026,48974,INE931S01010
ADANIENT,EQ,3045.1,3057.4,3008.1,3036.6,3035,3026.4,636870,1930705706.90,27-Jul-2026,33709,INE423A01024
ADANIGREEN,EQ,1410.2,1418.2,1390.1,1399.7,1397.7,1395.1,1695918,2377276018.50,27-Jul-2026,43934,INE364U01010
ADANIPORTS,EQ,1784,1785,1752.1,1770.4,1767.8,1768.3,2266975,3998998139.30,27-Jul-2026,98219,INE742F01042
ADANIPOWER,EQ,214.23,215.75,213.15,213.96,213.84,213.66,14546955,3115807728.71,27-Jul-2026,81663,INE814H01029
ATGL,EQ,658,665.5,657.65,660.5,660,652.85,671241,443775267.75,27-Jul-2026,18251,INE399L01023
ADDICTIVE,SM,41,42,41,41.9,42,40,49500,2077600.00,27-Jul-2026,41,INE0RDH01021
ADFFOODS,EQ,308,319.6,308,314.4,313.45,307.05,196201,61761911.35,27-Jul-2026,6161,INE982B01027
ADISOFT,SM,183,183,170,177.1,179.9,183.5,129600,22765560.00,27-Jul-2026,114,INE20PL01012
ABSLAMC,EQ,1005.1,1016.9,976.8,989.2,990,1017,469490,466410905.00,27-Jul-2026,37982,INE404A01024
ABCAPITAL,EQ,396.75,401.05,396,400.45,400,393.85,1675500,667809094.05,27-Jul-2026,27274,INE674K01013
ABFRL,EQ,56.88,58.07,56.82,57.05,57,56.25,2012834,115643857.35,27-Jul-2026,10620,INE647O01011
ABLBL,EQ,94.57,96.66,94.57,95.47,95.02,94.01,287808,27539217.45,27-Jul-2026,3849,INE14LE01019
BIRLAMONEY,EQ,133.97,135.7,130,131.22,130.1,131.99,61022,8064778.03,27-Jul-2026,1457,INE865C01022
ABREL,EQ,1380.6,1430,1380.6,1400.2,1407.5,1374.2,93552,131745152.40,27-Jul-2026,11638,INE055A01016
CPPLUS,EQ,3539.1,3685,3495,3557.8,3556.1,3543.4,134944,484024953.80,27-Jul-2026,17309,INE819V01029
AUSL,SM,26.5,26.5,26.5,26.5,26.5,26,2000,53000.00,27-Jul-2026,1,INE01YQ01013
AVL,EQ,611.25,645,611.25,623.95,622.65,611.05,61129,38112175.05,27-Jul-2026,5120,INE679V01027
BSLGOLDETF,EQ,125.49,126.43,125.49,126.09,126.11,125.49,52366,6607100.34,27-Jul-2026,1287,INF209KB18D3
BSLNIFTY,EQ,28.57,28.57,27.5,28.18,28.12,27.88,1536042,43263872.93,27-Jul-2026,6414,INF209KB19D1
ADOR,EQ,1493.1,1531.8,1481.6,1523,1515,1493.9,41485,62637837.10,27-Jul-2026,5228,INE045A01017
ADROITINFO,EQ,9.25,9.69,8.66,9.15,9.03,9.25,35328,319995.28,27-Jul-2026,145,INE737B01033
ADVAIT,EQ,2280,2336.9,2254.5,2314.8,2301,2252.4,32104,73988620.70,27-Jul-2026,5129,INE0ALI01010
ADVANCE,EQ,111.54,114.9,111.09,113.6,114.44,109.89,136656,15457515.66,27-Jul-2026,1013,INE1B0W01010
ADVENZYMES,EQ,318,324.65,315,316.6,316.6,317.35,185177,59003646.05,27-Jul-2026,5386,INE837H01020
ADVANIHOTR,EQ,51,53.52,51,52.25,51.9,51.12,28086,1460959.25,27-Jul-2026,588,INE199C01026
ADVENTHTL,EQ,142.5,154.35,142.5,149.47,148.32,142.31,619826,93425915.98,27-Jul-2026,7483,INE28GN01010
RAMBHAJO,EQ,193.56,201.5,193.56,197.89,196.1,194.07,296930,58605308.19,27-Jul-2026,5141,INE1SJO01012
AEGISLOG,EQ,1356.4,1360,1282,1291.3,1290,1349.6,1130343,1477468420.30,27-Jul-2026,37351,INE208C01025
AEGISVOPAK,EQ,294.74,305.07,292.7,303.49,302.47,292.64,3083157,931204357.98,27-Jul-2026,50911,INE0INX01018
862AEL31,NM,1019.9,1020,1019.9,1020,1020,1020,70,71398.40,27-Jul-2026,2,INE423A07518
890AEL31,NN,1047,1047,1045,1046,1046.05,1044.5,1246,1303478.60,27-Jul-2026,18,INE423A07526
895AEL27,N9,1015,1015,1004,1004,1004,1010,409,412331.50,27-Jul-2026,13,INE423A07450
9AEL30,NE,1030,1030,1030,1030,1030,1030,4,4120.00,27-Jul-2026,1,INE423A07443
915AEL28,NC,1018,1018,1018,1018,1018,1039,195,198510.00,27-Jul-2026,1,INE423A07435
930AEL30,NF,1035.01,1035.02,1035.01,1035.01,1035.01,1037,300,310504.00,27-Jul-2026,4,INE423A07393
AEQUS,EQ,232,232.79,227,229.8,231.5,229.23,1793039,412253911.68,27-Jul-2026,18877,INE947N01017
AEROENTER,EQ,128.56,129.59,121.02,122.1,121.92,127.3,502369,62743435.42,27-Jul-2026,6301,INE065D01027
AEROFLEX,EQ,425,430.3,410.2,418.15,422,420.85,1478407,622499762.45,27-Jul-2026,25175,INE024001021
AERONEU,EQ,84.96,88.19,84.96,86.64,87.29,85.38,41956,3652123.90,27-Jul-2026,262,INE035801013
AERON,SM,79.2,80,79.1,79.1,79.1,79.2,5000,396600.00,27-Jul-2026,5,INE0WL801011
AESTHETIK,SM,70.05,72,70,70.05,70.05,70,26000,1824800.00,27-Jul-2026,8,INE0TSF01011
AETHER,EQ,1431.9,1493,1420.4,1480.1,1472.5,1427.5,224382,330811043.60,27-Jul-2026,31639,INE0BWX01014
AFCONS,EQ,286.9,288.6,283.4,284.25,284.25,285.95,271429,77492121.30,27-Jul-2026,7349,INE101I01011
AFFLE,EQ,1459.3,1501,1453.7,1492.8,1490.1,1445.3,159012,235020483.30,27-Jul-2026,17401,INE00WC01027
AFFORDABLE,BE,186.9,186.95,180.81,184.13,185.39,183.49,7372,1361264.60,27-Jul-2026,177,INE692Z01013
1150AFIL29,N0,9950,9950,9950,9950,9950,9500,31,308450.00,27-Jul-2026,1,INE916Y07073
12AFIL27A,N0,9982,10093.73,9982,10093.73,10093.73,10073.55,103,1029547.33,27-Jul-2026,4,INE916Y07040
12AFIL28,N0,9921,10028,9921,10028,10028,9921,5,50033.00,27-Jul-2026,2,INE916Y07057
AGARIND,EQ,477.9,493.75,477.9,483.55,490,477.7,27672,13427068.50,27-Jul-2026,1574,INE204E01012
AGARWALTUF,SM,135,137.5,132,135.5,135,134.45,30000,4031640.00,27-Jul-2026,23,INE0P8X01016
AGI,EQ,687.95,714,677.55,707.15,708,672.85,273122,191739421.65,27-Jul-2026,14275,INE415A01038
AGIIL,EQ,315,316.8,303.1,304.05,303.95,311.75,794976,246312178.65,27-Jul-2026,10195,INE976R01033
AGNI,SM,17.5,17.5,17,17.15,17.25,17.1,12500,215125.00,27-Jul-2026,5,INE0LF301013
AGRITECH,BE,111.7,113.97,106,111.98,111.99,110.59,1132,125585.64,27-Jul-2026,44,INE449G01018
AGROPHOS,EQ,28.4,29.7,28.4,28.72,28.99,29.04,6909,199782.34,27-Jul-2026,83,INE740V01019
AGSTRA,BZ,2.1,2.21,2.1,2.1,2.1,2.21,285790,601680.75,27-Jul-2026,282,INE583L01014
AHLADA,EQ,37.5,38.79,35.7,36.52,36.5,38.01,24231,896106.46,27-Jul-2026,300,INE00PV01013
AHLUCONT,EQ,836.05,843.95,824,830.65,834.7,827.7,25094,20830623.85,27-Jul-2026,3492,INE758C01029
AIAENG,EQ,4585,4651.5,4531,4634.5,4646,4583,70317,322947997.50,27-Jul-2026,15189,INE212H01026
AIMTRON,SM,1301,1360.25,1267.05,1339.3,1360.25,1283.95,53600,70900700.00,27-Jul-2026,254,INE0RUV01018
GOLDTECH,BE,59.3,59.3,56.5,57.15,57.4,58.72,28885,1654146.29,27-Jul-2026,136,INE805A01014
AIRAN,EQ,15.03,15.5,14.97,15.03,14.97,15.03,65571,991451.82,27-Jul-2026,445,INE645W01026
AIROLAM,EQ,88,88,86.25,86.5,86.5,85.88,309,26859.47,27-Jul-2026,22,INE801L01010
AJANTPHARM,EQ,3371,3460.3,3368.1,3386.1,3387,3369.5,81968,278609612.00,27-Jul-2026,16857,INE031B01049
AJAXENGG,EQ,568,576,560.75,566.85,565.95,567.6,35689,20267557.80,27-Jul-2026,2888,INE274Y01021
AJMERA,EQ,123.5,128.49,123.5,126.18,125.88,122.57,281078,35589528.35,27-Jul-2026,4813,INE298G01035
AJOONI,EQ,4.1,4.12,3.95,3.97,3.95,4.03,341800,1375065.11,27-Jul-2026,624,INE820Y01021
AKANKSHA,ST,83,83,82,82,82,83.15,5000,413500.00,27-Jul-2026,5,INE0PCY01014
AKASH,EQ,27.45,27.45,26.4,26.49,26.4,26.95,8450,224874.90,27-Jul-2026,60,INE737W01013
AKG,EQ,10.51,10.79,9.8,9.99,9.95,10.46,34939,360966.16,27-Jul-2026,333,INE00Y801016
AKI,EQ,4.42,4.42,4.15,4.19,4.22,4.26,72212,309627.57,27-Jul-2026,202,INE642Z01026
AKIKO,ST,347.5,347.5,335,335,335,346.3,10400,3521440.00,27-Jul-2026,13,INE0PMR01017
AFIL,EQ,9.23,9.44,9.08,9.26,9.22,9.21,606017,5587231.08,27-Jul-2026,909,INE916Y01027
AKSHOPTFBR,BE,5.66,5.68,5.66,5.66,5.66,5.77,168950,956336.74,27-Jul-2026,101,INE523B01011
AKSHAR,EQ,0.43,0.43,0.41,0.41,0.42,0.42,770271,320417.80,27-Jul-2026,278,INE256Z01025
AKSHARCHEM,BE,236.58,241.9,225.01,235,235,236.58,1734,410633.43,27-Jul-2026,58,INE542B01011
AKUMS,EQ,687.4,703,673.7,675.6,675.3,687.3,178763,122278404.20,27-Jul-2026,17783,INE09XN01023
ALANKIT,EQ,7.96,8.12,7.85,7.88,7.99,7.96,65841,523151.23,27-Jul-2026,482,INE914E01040
ALBERTDAVD,EQ,699.3,701.6,680,684.25,688.9,698.35,1714,1177867.45,27-Jul-2026,265,INE155C01010
ALEMBICLTD,EQ,88,90.85,88,90.15,89.99,87.94,223367,20072314.10,27-Jul-2026,2161,INE426A01027
APLLTD,EQ,824,824,802.05,814.45,815.7,797.6,50274,40881648.50,27-Jul-2026,5160,INE901L01018
ALGOQUANT,EQ,69.4,69.95,68.21,69.3,69.25,68.41,1276401,88309306.49,27-Jul-2026,4061,INE598D01035
ALICON,EQ,649,684.75,642,678.45,676,636.35,41877,28057864.25,27-Jul-2026,3281,INE062D01024
ALIVUS,EQ,1106.8,1163.3,1106.8,1132.5,1136.9,1101.2,59581,67854240.70,27-Jul-2026,7455,INE03Q201024
ALKALI,BE,74.4,74.4,68.01,69.99,70,71.11,9403,653248.57,27-Jul-2026,117,INE773I01017
ALKEM,EQ,5693.5,5699.5,5597,5613,5615,5633.5,112113,632085734.00,27-Jul-2026,21853,INE540L01014
ALKYLAMINE,EQ,1801,1852,1801,1821.5,1827,1789.5,50513,92340465.30,27-Jul-2026,7316,INE150B01039
ALLETEC,ST,139.45,139.45,135,136.2,137.7,136.15,12400,1696220.00,27-Jul-2026,27,INE0M2X01012
ALLTIME,EQ,224.8,229.8,222,226.87,226,220.87,33287,7495771.70,27-Jul-2026,1161,INE0GV601021
AGL,EQ,12.58,12.77,12.25,12.3,12.3,12.58,2310534,28592826.29,27-Jul-2026,6082,INE1YPB01014
ALLCARGO,EQ,8.11,8.25,8.04,8.09,8.1,8.06,2633753,21472029.51,27-Jul-2026,3496,INE418H01029
ATL,EQ,23.37,23.91,23.01,23.68,23.91,22.81,152896,3604147.33,27-Jul-2026,973,INE0NN701020
ALLDIGI,EQ,850,893.55,850,872.05,875,822.75,103621,90441235.70,27-Jul-2026,7670,INE835G01018
ABDL,EQ,630,641.95,621.15,624.3,622.6,620.75,246389,155510884.35,27-Jul-2026,14421,INE552Z01027
ADSL,EQ,119.2,119.25,115.68,116.36,115.7,118.14,167478,19598953.00,27-Jul-2026,2881,INE102I01027
ALMONDZ,EQ,13.1,13.1,12.82,12.98,12.99,12.86,37496,488330.57,27-Jul-2026,165,INE326B01035
ALOKINDS,EQ,12.19,12.33,12.02,12.04,12.08,12.07,2353541,28543877.75,27-Jul-2026,4737,INE270A01029
ALPA,EQ,67.17,69,65.6,66.58,66.9,67.17,19033,1276794.27,27-Jul-2026,320,INE385I01010
ALPEXSOLAR,SM,842.05,861.95,822.05,827.2,824.1,836.35,33300,27804220.00,27-Jul-2026,247,INE0R4701017
ALPHAGEO,EQ,201.2,209,201.2,202.31,202.1,204.65,4114,838655.95,27-Jul-2026,200,INE137C01018
ALPINETEX,BE,81.27,81.27,81.27,81.27,81.27,85.54,49122,3992144.94,27-Jul-2026,908,INE1JCQ01037
ALUWIND,SM,47,52,47,51.7,52,49,78000,3953700.00,27-Jul-2026,38,INE0STM01017
AMAGI,EQ,617.65,636.55,606,625.05,626,609.05,231373,144649605.25,27-Jul-2026,15680,INE121R01077
AMANTA,BE,164,164,160,160,160,163,35055,5629888.00,27-Jul-2026,195,INE084K01015
ARE&M,EQ,875.95,882,870.45,874,875,872.9,273424,239468209.35,27-Jul-2026,15652,INE885A01032
AMBAAUTO,SM,80.35,84,78.75,79.6,78.75,79.9,46000,3700200.00,27-Jul-2026,35,INE293601014
AMBALALSA,EQ,32.4,32.5,30.98,31.59,31.77,32.39,58849,1859786.47,27-Jul-2026,887,INE432A01017
AMBER,EQ,7320,7353.5,7243,7280.5,7280,7261.5,171342,1251253257.50,27-Jul-2026,29857,INE371P01015
AMBICAAGAR,EQ,25,25.2,24.03,24.64,24.41,24.64,2845,70674.64,27-Jul-2026,44,INE792B01012
AMBIKCO,EQ,1709.8,1739,1698.7,1713.2,1717.3,1708.2,3539,6082987.00,27-Jul-2026,557,INE540G01014
AMBUJACEM,EQ,429,432.85,424.2,430.95,430,425.15,1140841,490767252.65,27-Jul-2026,19247,INE079A01024
AMDIND,EQ,49.3,50.29,47.22,47.57,47.51,49.68,33076,1613433.49,27-Jul-2026,323,INE005I01014
AMEYA,SM,103.55,107.95,103.55,107.85,107.85,102.85,10000,1069500.00,27-Jul-2026,7,INE0KT901015
AMIABLE,SM,59.55,70.7,59.55,70.7,70.7,72.95,4800,318720.00,27-Jul-2026,3,INE0MTP01013
AMNPLST,EQ,199.9,199.9,193.6,195.16,195.99,194.27,7794,1528038.45,27-Jul-2026,823,INE275D01022
AEROPLANE,EQ,187.84,193.75,187.1,189.26,187.52,187.84,351325,66858725.26,27-Jul-2026,3393,INE05TO01019
AMJLAND,EQ,38.57,38.99,37.5,37.68,37.61,37.99,9066,345752.57,27-Jul-2026,184,INE606A01024
AMRUTANJAN,EQ,510.5,517.15,503.6,513.35,513,509,67931,34444859.75,27-Jul-2026,5389,INE098F01031
ARSSBL,EQ,517.7,519.8,509.9,512.5,512.8,508.2,94216,48379027.70,27-Jul-2026,2540,INE549H01021
ANANDRATHI,EQ,2065,2065,2033.2,2052.1,2053.8,2042.1,110241,225846275.30,27-Jul-2026,8004,INE463V01026
ANANTRAJ,EQ,588,619.6,586.3,616.9,618.55,586.55,4640775,2828532587.10,27-Jul-2026,62558,INE242C01024
ANANTAM,IV,105.7,106,104.95,104.96,104.95,105.42,17962,1891464.81,27-Jul-2026,246,INE1UA823019
AMCL,SM,417.9,417.9,409.9,411.15,412.4,409.5,1600,662060.00,27-Jul-2026,4,INE0VG001016
ACL,EQ,47.06,49.9,47.06,48.42,48.9,47.06,71611,3476917.54,27-Jul-2026,449,INE666E01020
ANDHRAPAP,EQ,61.2,64.45,61.2,62.59,62.55,61.33,472813,29827149.33,27-Jul-2026,2858,INE435A01051
ANDHRSUGAR,EQ,86.85,88.8,86,87.45,87.3,86.33,345153,30172764.31,27-Jul-2026,3572,INE715B01021
ANGELONE,EQ,309.9,312.5,302.95,304.2,304.4,307.95,7603595,2331686941.35,27-Jul-2026,43945,INE732I01021
AISL,SM,59.5,59.5,59.5,59.5,59.5,62.25,600,35700.00,27-Jul-2026,1,INE635Y01015
ANIKINDS,EQ,43,46.3,41.75,42.27,42,40.7,14299,625522.18,27-Jul-2026,316,INE087B01017
APCL,EQ,106.68,106.68,101.7,104.99,105.7,102.97,2369,247147.89,27-Jul-2026,111,INE071F01012
ANKITMETAL,BZ,1.53,1.57,1.46,1.55,1.55,1.53,57946,86785.71,27-Jul-2026,63,INE106I01010
AHCL,EQ,15.11,15.99,15.1,15.75,15.84,15.01,5852235,91608740.58,27-Jul-2026,10050,INE0Y8W01025
ANLON,ST,634,635,611,629.75,635,632,4000,2522140.00,27-Jul-2026,10,INE0LR101013
ANMOL,EQ,10.2,10.25,9.95,10.04,10.01,10.14,39972,400941.15,27-Jul-2026,225,INE02AR01019
ANNAPURNA,SM,130,130.2,124.2,126.25,127,129.5,101750,13055037.50,27-Jul-2026,135,INE0MGM01017
ANONDITA,SM,1128.7,1149,1116.1,1121.2,1119.8,1128.7,9600,10842280.00,27-Jul-2026,45,INE0VTV01012
ANSALAPI,BZ,3.09,3.09,3.09,3.09,3.09,3.03,5851,18079.59,27-Jul-2026,10,INE436A01026
ANTGRAPHIC,EQ,0.75,0.76,0.74,0.74,0.76,0.75,138013,102560.26,27-Jul-2026,156,INE414B01021
ANTELOPUS,EQ,886,895,850.05,875.55,877,894.45,138813,120710062.50,27-Jul-2026,5142,INE818A01017
ANTHEM,EQ,773.95,796.85,769.05,790.55,789.2,769.9,527906,416590274.25,27-Jul-2026,30697,INE0CZ201020
AWHCL,EQ,440,442,434.55,440,440.95,433.4,36238,15864670.90,27-Jul-2026,2182,INE01BK01022
ANUHPHR,EQ,79.1,81.5,79.1,80.68,81.5,79.07,27827,2228924.49,27-Jul-2026,637,INE489G01022
ANURAS,EQ,1247.3,1247.3,1216,1223.3,1216.9,1249.6,145811,178832022.00,27-Jul-2026,7837,INE930P01018
AONEGOLD,EQ,13.44,13.48,13.33,13.38,13.38,13.3,221136,2965466.70,27-Jul-2026,1332,INF1J2R01114
AONELIQUID,EQ,1075,1075,1069.92,1069.93,1069.92,1069.79,7573,8102581.89,27-Jul-2026,85,INF1J2R01056
AONENIFTY,EQ,9.72,9.95,9.57,9.91,9.92,9.82,104928,1037792.76,27-Jul-2026,1189,INF1J2R01064
AONESILVER,EQ,8.5,8.58,8.43,8.52,8.53,8.39,531136,4518390.86,27-Jul-2026,878,INF1J2R01171
AONETMMQ50,EQ,10.11,10.11,9.94,10.01,10.03,9.94,73842,739541.90,27-Jul-2026,346,INF1J2R01148
AONETOTAL,EQ,11.91,11.91,11.7,11.81,11.83,11.68,164774,1940434.70,27-Jul-2026,1435,INF1J2R01015
APARINDS,EQ,14133,14149,13289,14051,14145,13889,193959,2675275716.00,27-Jul-2026,50372,INE372A01015
APCOTEXIND,EQ,561.5,593.4,561.5,588.5,590.5,561.05,278947,162679868.15,27-Jul-2026,11608,INE116A01032
APEXECO,ST,259.85,264.5,256,256,256,252,4800,1251760.00,27-Jul-2026,6,INE0T4V01015
APEX,EQ,387.9,390.7,381.1,383.85,381.5,381,60966,23489873.05,27-Jul-2026,3481,INE346W01013
APLAPOLLO,EQ,1825,1864,1822,1849.9,1852.4,1822.8,282780,523464807.80,27-Jul-2026,19841,INE702C01027
930APMD27,N0,75000,78000,75000,77990,77990,75530.27,19,1459237.00,27-Jul-2026,13,INE0TLC07085
930APMD33,N0,103500,103500,103500,103500,103500,102480.01,2,207000.00,27-Jul-2026,1,INE0TLC07028
APOLLOHOSP,EQ,8816,8860.5,8744,8843.5,8837,8805.5,135186,1190585243.00,27-Jul-2026,22664,INE437A01024
APOLLO,EQ,396.1,399.6,390.65,392.95,391.5,394.3,3984153,1572906569.15,27-Jul-2026,45962,INE713T01028
APOLLOPIPE,EQ,494,514.35,493,505.35,505,490.3,116605,59124840.55,27-Jul-2026,4449,INE126J01016
APOLSINHOT,EQ,1182,1210.9,1178.1,1199,1192,1173,535,637622.80,27-Jul-2026,86,INE451F01024
APOLLOTYRE,EQ,423.25,424.75,418,419.95,419.65,419.65,529821,222764947.00,27-Jul-2026,29259,INE438A01022
APRAMEYA,SM,156,156,147,149.3,149.3,149,4500,678900.00,27-Jul-2026,7,INE0LQG01010
APSISAERO,ST,434.45,434.45,434.45,434.45,434.45,425.95,9600,4170720.00,27-Jul-2026,8,INE1OOJ01011
APTECHT,BE,90.87,92.25,89.91,91.66,91.9,91.35,59577,5432873.57,27-Jul-2026,486,INE266F01018
APTUS,EQ,280.7,284.7,277.6,279.05,279.25,277.15,410392,115107963.40,27-Jul-2026,11790,INE852O01025
AQYLON,EQ,25.91,26.25,24.94,24.98,24.99,26.25,776545,19549571.42,27-Jul-2026,3039,INE416A01051
ARABIAN,SM,69.45,69.45,69.45,69.45,69.45,69.45,4000,277800.00,27-Jul-2026,2,INE08NJ01024
ARCIIL,ST,37,37.95,37,37.3,37.3,37.8,3000,112250.00,27-Jul-2026,3,INE0YDV01010
ACI,EQ,557,584.9,556.95,576.75,572.1,554.85,261051,150522901.25,27-Jul-2026,16522,INE128X01021
ADL,EQ,73.49,73.49,70.1,70.2,70.2,73.49,146,10302.48,27-Jul-2026,13,INE0CHO01012
ARCHIDPLY,EQ,81.28,85.94,81.28,81.45,81.45,82.94,10904,894442.80,27-Jul-2026,145,INE877I01016
ARCHIES,EQ,14.2,14.2,13.91,13.99,14,13.75,5341,74924.22,27-Jul-2026,35,INE731A01020
ARFIN,EQ,90.81,92.5,90.47,91.17,91.14,91.99,1762784,160804185.48,27-Jul-2026,5672,INE784R01023
ARHAM,SM,164.4,167.45,162.35,164.95,164.15,162.65,135000,22259050.00,27-Jul-2026,89,INE0L2Y01011
ARIES,EQ,334,347.95,334,343.95,345,341.05,10356,3551184.15,27-Jul-2026,507,INE298I01015
ARIHANTCAP,EQ,83,84.8,77.25,78.06,77.79,81.62,1279834,103956371.52,27-Jul-2026,11276,INE420B01036
ARIHANT,EQ,1022,1097,1022,1081.4,1075,1021.7,7647,8075743.40,27-Jul-2026,657,INE413D01011
ARIHANTSUP,EQ,257.6,264.3,257.6,260.65,260.6,262.6,2030,529762.85,27-Jul-2026,128,INE643K01018
ARIS,EQ,125.4,127.55,121.7,124.78,124.51,123.06,1090248,136053036.71,27-Jul-2026,11261,INE0H9P01028
ARKADE,EQ,137,137.87,134.1,134.59,134.1,135.61,228642,31062416.48,27-Jul-2026,1885,INE0QRL01017
ARMANFIN,EQ,1930.1,2000,1930.1,1993.4,1985,1917.3,40012,78856736.20,27-Jul-2026,4764,INE109C01017
AROGRANITE,EQ,25.49,25.74,24.1,25.25,25.28,25.01,14513,363411.62,27-Jul-2026,102,INE210C01013
ARROWGREEN,BE,718,723.95,690.05,705.8,710,708.9,12084,8560274.10,27-Jul-2026,227,INE570D01018
ARSHIYA,BZ,0.98,0.99,0.94,0.98,0.98,0.95,230636,225414.66,27-Jul-2026,105,INE968D01022
ARTNIRMAN,EQ,40.19,41.66,38.21,39.42,38.7,40.19,599,23676.58,27-Jul-2026,15,INE738V01013
AEPL,EQ,15.1,15.59,14.66,15.14,15.16,14.96,4688,71349.09,27-Jul-2026,61,INE757T01025
ARTEMISMED,EQ,281,281.35,274.4,278.5,278.3,275.75,142749,39615132.10,27-Jul-2026,3475,INE025R01021
ARUNAYA,ST,16,16,16,16,16,15.6,2000,32000.00,27-Jul-2026,1,INE0TTG01017
ARVEE,EQ,154,158.79,153.66,158.27,158.5,153.66,46,7250.06,27-Jul-2026,9,INE006Z01016
ARVINDFASN,EQ,462.95,472.2,461.7,463.7,462.85,462.65,130445,60670464.00,27-Jul-2026,7934,INE955V01021
ARVIND,EQ,530,538.9,520.65,523.45,524,527.2,404881,214054406.65,27-Jul-2026,19977,INE034A01011
ARVINDPORT,ST,29.45,30.25,29.45,30.25,30.25,31,4500,133725.00,27-Jul-2026,3,INE0P4T01013
ARVSMART,EQ,608.8,612,595.05,599.7,598,608.8,18714,11259112.25,27-Jul-2026,899,INE034S01021
ASAHIINDIA,EQ,899,899,872.75,878.15,873.8,888.3,119814,105538328.15,27-Jul-2026,9358,INE439A01020
ASAHISONG,EQ,342,366.45,329.8,339.85,344.95,332.95,248295,86283927.65,27-Jul-2026,7829,INE228I01012
ASHAPURMIN,EQ,705,718,694.25,702.1,704.9,697.05,522020,368913703.85,27-Jul-2026,18892,INE348A01023
ASHIANA,EQ,388.55,395,385.1,386.9,386.5,386.7,49299,19156773.05,27-Jul-2026,2220,INE365D01021
ASHIKAG,EQ,400.05,434,396.2,429.65,432.75,399.25,991103,416511337.90,27-Jul-2026,4241,INE094B01013
ASHIMASYN,EQ,16.86,19.25,16.86,18.05,18.05,16.85,567851,10449880.16,27-Jul-2026,2003,INE440A01010
ASHOKLEY,EQ,153.51,155.26,152.84,155.06,155.1,151.07,9544585,1472118690.08,27-Jul-2026,43491,INE208A01029
ASHOKA,EQ,123,124.35,121.68,124.13,124.2,120.87,680173,83948679.54,27-Jul-2026,5528,INE442H01029
ASHOKAMET,EQ,14.16,14.5,14.07,14.27,14.36,14.16,7014,99622.81,27-Jul-2026,67,INE760Y01011
ASHWINI,SM,201,204,194,195.35,195,197.2,17000,3380450.00,27-Jul-2026,16,INE1A6Q01010
ASIANENE,EQ,365.15,387,358.8,383.8,385.9,355.7,1432312,544947305.20,27-Jul-2026,28769,INE276G01015
ASIANTILES,EQ,54.4,55.6,53,53.42,53.1,53.47,15658699,847811726.23,27-Jul-2026,33522,INE022I01019
AHLEAST,EQ,152,152,142,143.95,146.8,146.23,5777,837625.43,27-Jul-2026,104,INE926K01017
ASIANHOTNR,EQ,302.05,317,302.05,311.9,311.4,306.65,9876,3047294.50,27-Jul-2026,410,INE363A01022
AHLWEST,BE,570,574.9,569,569,569,574.95,408,233576.00,27-Jul-2026,9,INE915K01010
ASIANPAINT,EQ,2665.8,2723.9,2664.3,2710.2,2710,2637.9,715239,1938605521.50,27-Jul-2026,39822,INE021A01026
ASTAR,EQ,575.15,625,575.15,585.1,585.1,606.5,17,10021.40,27-Jul-2026,7,INE194D01017
ASKAUTOLTD,EQ,514,524.3,511,514.4,515.5,509.3,327078,169105407.60,27-Jul-2026,14574,INE491J01022
ASPINWALL,EQ,250.4,250.4,243.32,246.9,246.9,250.4,1339,329996.64,27-Jul-2026,63,INE991I01015
ASPIRE,SM,15.1,15.1,15.1,15.1,15.1,14.65,2000,30200.00,27-Jul-2026,1,INE0S7801010
ASALCBR,EQ,800,804.95,762.3,791.7,793,821.45,77400,61236744.20,27-Jul-2026,5322,INE073G01016
ASTEC,EQ,665,672.95,661.05,664.6,663,659.1,8266,5506484.15,27-Jul-2026,927,INE563J01010
ASTERDM,EQ,790,807.3,786.05,801.5,805,785.65,485747,388758854.85,27-Jul-2026,18274,INE914M01019
ASTRAMICRO,EQ,1815,1840,1788,1801.8,1803,1813.4,270091,488113365.60,27-Jul-2026,21937,INE386C01029
ASTRAL,EQ,1480,1481.5,1448.1,1465.8,1455.9,1468.1,385986,567134856.10,27-Jul-2026,24335,INE006I01046
ASTRAZEN,EQ,8005.5,8185,8005,8167.5,8110,8005.5,6363,51766768.00,27-Jul-2026,1624,INE203A01020
ASTRON,BE,3.94,4.2,3.94,3.99,4,4.14,30829,124708.62,27-Jul-2026,110,INE646X01014
ATALREAL,EQ,31.69,31.7,31.13,31.54,31.33,31.44,7529736,236781660.38,27-Jul-2026,15167,INE0ALR01029
ATAM,EQ,67,67,64.11,66.08,66.71,65.88,8034,529528.78,27-Jul-2026,186,INE09KD01013
ATCENERGY,ST,21.7,21.95,20.85,21.2,21,21.75,24000,512760.00,27-Jul-2026,19,INE0V0Q01019
ATHERENERG,EQ,1214.9,1233.9,1196.5,1214.9,1212.1,1208.7,1911132,2314412334.20,27-Jul-2026,88102,INE0LEZ01016
ATLPP,E1,8.8,9,8.6,8.61,8.6,8.62,2774,24209.27,27-Jul-2026,16,IN90NN701011
ATLANTAELE,EQ,1604.9,1645.1,1589.8,1614.3,1612.8,1589.8,111916,181916509.40,27-Jul-2026,11701,INE0Z4F01028
ATLANTAA,EQ,35.71,38.65,35.26,35.36,35.26,35.18,27048,971009.26,27-Jul-2026,1129,INE285H01022
ATLASCYCLE,EQ,97.11,98.58,96,97.47,97.51,97.1,10387,1007138.26,27-Jul-2026,120,INE446A01025
ATMASTCO,ST,152.6,156.6,152.55,156.6,156.6,157.5,3200,493880.00,27-Jul-2026,8,INE05DH01017
ATULAUTO,EQ,480.95,487.75,477.1,482.25,482.2,473.4,51508,24875655.90,27-Jul-2026,2357,INE951D01028
ATUL,EQ,6590,6838,6550,6789.5,6790,6407.5,328187,2212753868.50,27-Jul-2026,66908,INE100A01010
AUBANK,EQ,1021,1062,1021,1052.2,1055,1004,5047131,5276103826.80,27-Jul-2026,82667,INE949L01017
AURIONPRO,EQ,851.2,851.2,814,836.65,840,825.45,101294,84771378.85,27-Jul-2026,5148,INE132H01018
AUROPHARMA,EQ,1533.5,1568.9,1531.9,1549.4,1551,1532,850225,1321900775.00,27-Jul-2026,32164,INE406A01037
AURUM,EQ,222.84,232.12,221.7,229.68,230.14,221.25,162652,37039590.75,27-Jul-2026,3521,INE898S01029
AURUS,EQ,4.71,4.88,4.7,4.74,4.74,4.8,16484,78175.45,27-Jul-2026,93,INE142K01011
AUSOMENT,BE,130,135,128.2,133.15,135,130,3401,449136.55,27-Jul-2026,57,INE218C01016
APS,SM,273.6,278,273.6,275.35,275,275.45,8500,2343750.00,27-Jul-2026,34,INE0P0001010
AIIL,EQ,539,554.8,538.5,551.7,551.1,531.1,283202,154590540.00,27-Jul-2026,13860,INE206F01022
AUTOIND,BE,89.2,91.82,87.85,89.63,89.9,87.87,86207,7722543.42,27-Jul-2026,411,INE718H01014
AUTOAXLES,EQ,1800.1,1827.9,1778.7,1792.5,1790.5,1798.9,6712,12066112.70,27-Jul-2026,1063,INE449A01011
ASAL,EQ,514,519.75,494.2,498.25,497.3,508.75,46710,23656075.35,27-Jul-2026,2912,INE900C01027
AVADHSUGAR,EQ,516,547.45,516,533.75,534,525.35,32832,17649900.35,27-Jul-2026,1624,INE349W01017
AVALON,EQ,1751.1,1767.9,1654.1,1728.2,1731.1,1741.5,278018,476078586.50,27-Jul-2026,25650,INE0LCL01028
AVANA,ST,159,166.9,159,161.3,160.05,159,48000,7853800.00,27-Jul-2026,22,INE1KU201016
AVANTEL,EQ,164.5,166.5,163.03,165.05,164.9,163.49,879462,144818065.29,27-Jul-2026,8934,INE005B01027
AVANTIFEED,EQ,990,993.4,964,979.55,980.8,977.05,313085,305266872.85,27-Jul-2026,17395,INE871C01038
DMART,EQ,4030,4074.1,4013,4027.7,4019,4018.8,384728,1555436082.40,27-Jul-2026,40700,INE192R01011
CCAVENUE,EQ,16.55,17.06,16.55,16.73,16.73,16.34,7999020,133984728.16,27-Jul-2026,11201,INE483S01020
AVG,BE,202.5,209.99,197,205.61,204.95,203.64,21667,4484200.92,27-Jul-2026,204,INE680Z01018
AVIANSH,SM,102,102,100.5,100.5,100.5,102.5,2000,202500.00,27-Jul-2026,2,INE0TFB01017
AVIENCE,SM,268.95,268.95,256.5,259.5,262.5,259.75,75000,19715520.00,27-Jul-2026,113,INE0V9I01017
ASMS,BE,7.07,7.15,6.95,7.01,7.1,7,128174,904431.13,27-Jul-2026,366,INE855F01042
AVONMORE,EQ,9.75,9.75,9.2,9.29,9.38,9.39,98601,921506.99,27-Jul-2026,755,INE323B01024
AVPINFRA,SM,71.3,71.4,66.2,70.5,70.85,69.35,39200,2723680.00,27-Jul-2026,46,INE0R9401019
AVROIND,EQ,9.09,9.4,8.6,8.94,8.69,8.82,393381,3518050.44,27-Jul-2026,929,INE652Z01025
AVTNPL,EQ,69.1,71.76,69.1,70.22,70.1,70.02,28276,1996681.93,27-Jul-2026,627,INE488D01021
AWFIS,EQ,276.5,295.15,273.25,288.65,288.9,271.85,771559,223112528.05,27-Jul-2026,16256,INE108V01019
AWL,EQ,188.19,190.71,187.12,187.64,187.71,188.16,790854,148958903.51,27-Jul-2026,13671,INE699H01024
AXISBANK,EQ,1237,1237,1221.6,1227.5,1229,1227.3,5967502,7321765217.80,27-Jul-2026,142736,INE238A01034
BNKETFAXIS,EQ,587.85,591.19,587.23,589.4,589.4,583.85,1459,859141.75,27-Jul-2026,33,INF846K01X63
CONSUMAXIS,EQ,122,122.24,121.65,122.17,122.12,120.3,317,38670.80,27-Jul-2026,28,INF846K016C7
GOLDAXIS,EQ,120.06,120.06,119.14,119.57,119.58,118.7,328210,39224810.23,27-Jul-2026,2826,INF846K01W80
HEALTHAXIS,EQ,166.12,167.72,166.12,167.19,166.91,165.1,2047,341766.23,27-Jul-2026,103,INF846K01Z12
ITAXIS,EQ,319.33,325,318.76,323.94,323.02,316.49,13220,4279229.71,27-Jul-2026,496,INF846K01Y96
NIFTYAXIS,EQ,268.55,268.55,263.92,265.44,265.2,263.28,9305,2467927.46,27-Jul-2026,216,INF846K01W98
SENSEXAXIS,EQ,79.93,79.95,79.19,79.89,79.52,79.07,1893,150326.12,27-Jul-2026,63,INF846K010Q0
SILVERAXIS,EQ,220.57,222.17,220.57,221.3,221.89,219.04,339216,75195855.53,27-Jul-2026,5909,INF846K011K1
VALUEAXIS,EQ,32.55,32.87,32.5,32.77,32.65,32.55,89466,2923980.37,27-Jul-2026,339,INF846KA1119
AXISCADES,EQ,1630,1630,1527.6,1533.4,1528,1608,184831,288284275.20,27-Jul-2026,10634,INE555B01013
AXITA,EQ,7.46,7.46,7.39,7.41,7.43,7.36,189022,1400963.18,27-Jul-2026,556,INE02EZ01022
AYE,EQ,173,174.15,166,166.81,167,172.03,574279,96826643.52,27-Jul-2026,7419,INE501X01029
AYMSYNTEX,EQ,238.01,242.99,229.98,235.27,235,234.49,18228,4253900.09,27-Jul-2026,941,INE193B01039
AZAD,EQ,2452,2493.9,2405,2441.6,2437,2439,579495,1417611659.50,27-Jul-2026,41925,INE02IJ01035
BNALTD,BE,484.15,484.15,465,466.95,465,461.1,170,81893.20,27-Jul-2026,6,INE489D01011
BBTCL,EQ,227,227,212.32,219.33,220,217.09,10918,2395421.72,27-Jul-2026,196,INE01EE01011
BAGFILMS,EQ,4.54,4.82,4.46,4.61,4.6,4.54,141060,650133.64,27-Jul-2026,277,INE116D01028
BAGDIGITAL,SM,108.2,108.5,108.2,108.5,108.5,109.85,8000,866720.00,27-Jul-2026,5,INE17CQ01015
BLKASHYAP,EQ,55.3,56.45,53.81,54.11,54.1,54.56,261009,14260229.84,27-Jul-2026,1327,INE350H01032
STYLEBAAZA,BE,277.9,283.5,273,274.95,275.9,280.4,72198,20093775.55,27-Jul-2026,831,INE01FR01028
BABAFP,SM,23.5,25,23.5,24.5,25,24,4800,116000.00,27-Jul-2026,3,INE0QW501012
BAFNAPH,BE,240,242.91,240,242.91,242.91,238.15,5947,1435553.13,27-Jul-2026,51,INE878I01022
BAGMANE,RR,104.86,105.1,104.16,104.77,104.8,104.63,2153384,225786721.87,27-Jul-2026,34680,INE2OVN25015
BAHETI,SM,720,723.9,710,712.6,710,709.9,30375,21774693.75,27-Jul-2026,61,INE029Q01017
BAIDFIN,EQ,9.85,10.48,9.73,9.86,9.92,9.86,41221,409988.70,27-Jul-2026,191,INE020D01022
BAJAJ-AUTO,EQ,11200.5,11251,11094,11183.5,11180,11130,270544,3024859830.50,27-Jul-2026,38490,INE917I01010
BAJAJCON,EQ,552.95,555,534.1,540.85,539.4,549.8,600626,327639847.35,27-Jul-2026,20918,INE933K01021
BAJAJELEC,EQ,330.45,333.9,328,329.4,328.1,328.9,42350,13993167.30,27-Jul-2026,2197,INE193E01025
BAJFINANCE,EQ,1026.7,1050,1026.6,1048.3,1049,1012.8,7610916,7932708873.40,27-Jul-2026,165999,INE296A01032
BAJAJFINSV,EQ,1885,1920,1885,1913,1919.4,1876.7,651274,1242106460.30,27-Jul-2026,49060,INE918I01026
BAJAJHCARE,EQ,329.1,329.35,317.4,319.65,319.9,323.35,249558,79912870.35,27-Jul-2026,5299,INE411U01027
BAJAJHIND,EQ,17.3,17.48,16.85,16.93,16.93,17.29,4178249,71497191.41,27-Jul-2026,7428,INE306A01021
BAJAJHLDNG,EQ,10694,10829,10631,10810,10735,10679,69044,743579114.00,27-Jul-2026,15861,INE118A01012
BAJAJHFL,EQ,84.98,85.88,84.98,85.5,85.52,84.19,2127865,181819473.11,27-Jul-2026,19340,INE377Y01014
BAJAJST,EQ,399.9,406.35,391.1,395.25,397.95,395.7,10315,4108047.15,27-Jul-2026,742,INE704G01024
BAJEL,EQ,179.51,182.09,176.9,177.74,178,178.9,89792,16057902.38,27-Jul-2026,1615,INE0KQN01018
BALPHARMA,EQ,88.6,92.49,88.06,88.63,89,87.34,164269,14869051.74,27-Jul-2026,2106,INE083D01012
BALAMINES,EQ,2217.9,2323.4,2174.6,2284.8,2298,2174.5,323794,734005397.10,27-Jul-2026,28818,INE050E01027
BALAJIPHOS,SM,90.5,90.5,87,87.95,89,90.75,8000,703500.00,27-Jul-2026,5,INE0PQ601019
BALAJITELE,EQ,84.18,85.9,83.38,83.8,84.25,84.04,72465,6119382.76,27-Jul-2026,1328,INE794B01026
BALAXI,EQ,24.97,24.97,24,24.39,24.4,24.47,10773,263012.53,27-Jul-2026,139,INE618N01022
BALKRISIND,EQ,2047.8,2052,2005,2025.2,2031.4,2013.5,177608,359193421.60,27-Jul-2026,21280,INE787D01026
BALKRISHNA,EQ,17.71,18.4,17.4,17.54,17.51,17.54,12176,221098.50,27-Jul-2026,60,INE875R01011
BALMLAWRIE,EQ,175.6,177.38,175.6,176.65,176.9,174.6,46117,8140239.60,27-Jul-2026,1122,INE164A01016
BLIL,EQ,70.44,70.44,69.82,69.97,70,69.88,35697,2499861.24,27-Jul-2026,569,INE525F01025
BALRAMCHIN,EQ,609,618,609,611.65,609.4,610.15,208287,127487497.30,27-Jul-2026,7420,INE119A01028
BALUFORGE,EQ,434.05,444.8,434.05,439.75,440.65,433.6,257865,113428834.55,27-Jul-2026,8337,INE011E01029
BANARBEADS,EQ,121.95,125,118.51,119.56,120.8,121.95,10400,1278602.02,27-Jul-2026,629,INE655B01011
BANCOINDIA,EQ,612.2,632.1,612.2,626.1,628,608.45,165884,103914381.55,27-Jul-2026,10513,INE213C01025
BANDHANBNK,EQ,167.5,170.64,166.82,169.43,169.4,165.93,13639409,2309922659.07,27-Jul-2026,65610,INE545U01014
GOLDBND,EQ,143.2,144.41,142.91,143.05,143.03,142.5,10088,1445365.14,27-Jul-2026,192,INF194KB1KJ7
IDFNIFTYET,EQ,262.78,267.17,262.78,265.13,264.48,262.78,177,46928.31,27-Jul-2026,50,INF194KA1U07
SILVERBND,EQ,222.77,224.17,222.7,223.55,223.56,221.58,4971,1111079.68,27-Jul-2026,123,INF194KB1KI9
BANG,EQ,28.39,28.75,27.81,28.06,28.04,28.1,5741,162333.71,27-Jul-2026,185,INE863I01016
BANKBARODA,EQ,243.5,247.7,241.9,244,244.2,246.45,14707217,3602183780.15,27-Jul-2026,76555,INE028A01039
BANKINDIA,EQ,145,145.39,136.55,137.87,137.9,142.62,26282058,3661874678.93,27-Jul-2026,86656,INE084A01016
MAHABANK,EQ,81.54,82.29,79.94,80.63,80.8,81.03,13344525,1078627512.94,27-Jul-2026,61392,INE457A01014
BANKA,BE,88.1,95.3,88.01,94.12,95.3,90.77,3265,299061.43,27-Jul-2026,27,INE862Y01015
BASML,BE,26.06,27.23,26.06,26.99,27,26.66,127797,3454169.83,27-Jul-2026,100,INE186H01022
BANARISUG,EQ,3499,3499,3475,3475.1,3475,3501.8,204,709489.90,27-Jul-2026,20,INE459A01010
BANSALWIRE,EQ,325.6,326,315.1,316.45,317,324,83438,26679341.75,27-Jul-2026,3670,INE0B9K01025
BANSWRAS,EQ,130.4,130.4,122.8,124.33,124,127.94,43662,5481119.01,27-Jul-2026,1079,INE629D01020
BVCL,EQ,40.8,41.38,40.61,41.08,40.68,40.79,5617,230301.42,27-Jul-2026,85,INE139I01011
BARFLEX,SM,56.25,56.25,55,55,55,54.6,6000,332500.00,27-Jul-2026,3,INE0QX401014
BBNPNBETF,EQ,58.47,58.47,57.29,57.55,57.55,57.22,1040,59886.13,27-Jul-2026,43,INF251K01TL6
BBNPPGOLD,EQ,137.9,139.45,137.9,138.6,138.55,137.9,2410,335196.95,27-Jul-2026,83,INF251K01SU9
BASF,EQ,3735.7,3750,3700.1,3738.4,3742,3670.2,6605,24647960.90,27-Jul-2026,1754,INE373A01013
BASILIC,SM,194,194,191.45,191.85,191.5,190.3,21300,4082700.00,27-Jul-2026,30,INE0OCC01013
BATAINDIA,EQ,695,704.95,691.05,699.65,698,689.95,192036,134169708.60,27-Jul-2026,11336,INE176A01028
BATLIBOI,EQ,87.64,87.85,83.04,84.46,84.4,84.93,12928,1093372.95,27-Jul-2026,232,INE177C01022
BAWEJA,ST,27.65,27.9,27.15,27.15,27.15,28.55,16800,458480.00,27-Jul-2026,17,INE0JFJ01011
BAYERCROP,EQ,4268,4277.9,4220,4238.5,4246.5,4217.5,14477,61376778.40,27-Jul-2026,3138,INE462A01022
BCLIND,EQ,35.9,36.08,35,35.3,35.17,35.74,780267,27777875.87,27-Jul-2026,5533,INE412G01024
BCPL,EQ,69.17,71.89,69.17,70.75,70.9,70.39,3028,213785.22,27-Jul-2026,133,INE00SW01015
BEACON,ST,91.85,91.85,90.5,90.5,90.5,91.85,2000,182350.00,27-Jul-2026,2,INE639X01027
BEARDSELL,EQ,27.64,28.5,27,27.42,27.78,27.64,2036,56215.32,27-Jul-2026,56,INE520H01022
BEDMUTHA,EQ,107,112.23,107,112.18,112.23,106.89,6765,756473.29,27-Jul-2026,99,INE844K01012
BEEKAY,EQ,404.05,414.3,391.65,395.3,396.05,400.4,528,212847.15,27-Jul-2026,39,INE213D01015
BELLACASA,EQ,246.75,248.9,238,240.35,238,239.5,4787,1163786.40,27-Jul-2026,324,INE344T01014
BELRISE,EQ,229.51,233.72,227.21,232.66,232,228.26,3264364,754853719.50,27-Jul-2026,36186,INE894V01022
BLAL,EQ,177,179.2,177,177.61,178.98,175.92,5695,1013421.58,27-Jul-2026,338,INE0N7W01012
BEML,EQ,1730,1788.3,1726.9,1780.1,1775,1713.2,224432,395934561.70,27-Jul-2026,20119,INE258A01024
BENGALASM,EQ,6202,6312,6175,6215.5,6274,6202,278,1732608.50,27-Jul-2026,83,INE083K01017
BERGEPAINT,EQ,502.1,506.9,499.55,504,503.9,497.95,173146,86999113.65,27-Jul-2026,11514,INE463A01038
BESTAGRO,EQ,15.2,15.99,15.2,15.91,15.99,15.16,427040,6728429.81,27-Jul-2026,1573,INE052T01021
BETA,EQ,2365,2365,2225.6,2230.7,2228,2315.6,29565,66845393.60,27-Jul-2026,4413,INE351Y01019
BEWLTD,SM,58.5,59.5,56.2,58.85,58.5,58.9,24500,1414975.00,27-Jul-2026,44,INE0HQI01014
BFINVEST,EQ,467,468,457.65,460.1,459,460.05,26054,12067888.15,27-Jul-2026,964,INE878K01010
BFUTILITIE,EQ,599,599.1,575.95,577.85,576.4,580.4,43437,25345549.75,27-Jul-2026,2111,INE243D01012
BANK10BETF,EQ,20.97,20.98,20.75,20.87,20.87,20.97,14201,297418.43,27-Jul-2026,69,INF0QA701CI0
BANKBETF,EQ,58.31,58.39,57.87,57.97,58.03,57.76,4269,247592.29,27-Jul-2026,204,INF0QA701714
LIQUIDBETF,EQ,1091.96,1091.98,1091.96,1091.97,1091.97,1091.81,112886,123268416.47,27-Jul-2026,121,INF0QA701854
NIFTYBETF,EQ,245.3,247.35,245.18,246.98,246.45,244.94,1303,321036.14,27-Jul-2026,98,INF0QA701722
BGRENERGY,BE,296.65,296.65,279.8,280.25,281.1,291.1,63353,18012632.90,27-Jul-2026,600,INE661I01014
BHADORA,ST,87.15,88.95,87.15,88.5,88.5,86.5,3600,317520.00,27-Jul-2026,3,INE0ZRC01017
BHAGERIA,BE,228.9,233,217.55,218.11,218.7,228.98,58952,13066370.79,27-Jul-2026,519,INE354C01027
BHAGCHEM,EQ,263.45,267.95,260.35,263.3,266,263.45,49552,13070863.80,27-Jul-2026,1157,INE414D01027
BHAGYANGR,BE,410,431,391.5,426.7,431,410.9,278017,117040750.90,27-Jul-2026,3009,INE458B01036
BHANDARI,BE,2.9,2.94,2.83,2.87,2.88,2.89,180704,520663.48,27-Jul-2026,214,INE474E01029
BEPL,EQ,122.9,122.9,113.75,114.51,114.79,121.81,4964378,577507716.71,27-Jul-2026,29880,INE922A01025
BBL,EQ,2549,2594.9,2521.3,2562,2560.1,2519.4,22173,56921598.80,27-Jul-2026,3044,INE464A01036
BHARATCOAL,EQ,35.17,35.44,35.08,35.25,35.25,34.99,4197348,147907452.69,27-Jul-2026,12039,INE05XR01022
BDL,EQ,1249.2,1263.5,1239,1256.4,1255,1243,667606,836580312.10,27-Jul-2026,25192,INE171Z01026
BEL,EQ,408,408.45,404.6,407.15,406.7,405,9683515,3935853437.55,27-Jul-2026,87478,INE263A01024
BHARATFORG,EQ,2168,2189,2151.6,2181.3,2185,2151.6,704988,1529609119.70,27-Jul-2026,28671,INE465A01025
BHARATGEAR,BE,121.93,127.48,120.01,127.48,127.48,121.41,38845,4868483.14,27-Jul-2026,404,INE561C01019
BPCL,EQ,315.2,318.55,313.2,316.25,317,310.15,5954256,1880578537.15,27-Jul-2026,44441,INE029A01011
BHARATRAS,EQ,1277,1299,1264,1273.8,1271,1261.1,6619,8481122.00,27-Jul-2026,1209,INE838B01021
BRNL,EQ,18.4,18.4,17.38,17.59,17.38,18.06,31146,551780.31,27-Jul-2026,348,INE727S01012
BHARATSE,EQ,216.3,219.78,207.75,211.85,213,218.14,441091,93490182.58,27-Jul-2026,13571,INE415D01024
BHARATWIRE,EQ,196.9,205,195.35,202.91,204.8,193.31,124310,24822514.84,27-Jul-2026,2883,INE316L01019
BGLOBAL,BZ,3.35,3.35,3.05,3.12,3.1,3.21,108528,334585.68,27-Jul-2026,75,INE224M01013
BHARTIARTL,EQ,1892,1917,1890,1905.3,1904,1898.2,5230299,9946216546.70,27-Jul-2026,91860,INE397D01024
BHARTIHEXA,EQ,1630,1630,1601.1,1614.3,1608,1607.6,175287,283385471.00,27-Jul-2026,7680,INE343G01021
BIL,EQ,680,757,680,745.8,757,729.9,854,630754.50,27-Jul-2026,90,INE828A01016
BHEL,EQ,420,422.4,412.9,415.95,415.05,417.3,9042974,3771653640.15,27-Jul-2026,98830,INE257A01026
BTTL,BE,47.61,50,47.61,48.6,48.5,49.87,5569,273034.91,27-Jul-2026,60,INE274K01012
BIGBLOC,EQ,47.81,48.39,46.8,46.98,46.8,47.75,43396,2052349.21,27-Jul-2026,839,INE412U01025
BIKAJI,EQ,626.15,643.2,626.15,641.25,638.1,630.7,54084,34643205.20,27-Jul-2026,7999,INE00E101023
BIKEWO,ST,59.25,62.2,59,62.2,62.2,59.25,146000,9004500.00,27-Jul-2026,54,INE0SQH01013
BILVYAPAR,BE,4,4.18,3.85,4.13,4.18,3.99,28677,115584.56,27-Jul-2026,70,INE071A01013
BI,EQ,59,61,58.12,58.46,58.21,59.27,4056,239758.10,27-Jul-2026,100,INE986A01012
GROWW,EQ,203.1,203.99,198.5,199.38,199.3,202.15,25644994,5152692151.76,27-Jul-2026,128774,INE0HOQ01053
BIMETAL,EQ,667,672.45,650,650.8,672.45,667.4,1196,780068.70,27-Jul-2026,22,INE469A01019
BMLL,SM,141.45,141.55,140.15,141.45,141.55,138.7,21000,2967150.00,27-Jul-2026,20,INE1BKA01015
BIOCON,EQ,437,437.55,434.05,436.25,436.8,433.65,2570388,1119453725.25,27-Jul-2026,24916,INE376G01013
BIOFILCHEM,EQ,33.45,33.45,32.11,32.82,32.32,32.07,6289,206387.12,27-Jul-2026,100,INE829A01014
BIOPOL,SM,97.4,97.8,94.35,97.3,97.3,97.45,36000,3463500.00,27-Jul-2026,19,INE0XW001014
BIRLACABLE,BE,189,203.98,189,200.98,200.5,197.31,63779,12712456.42,27-Jul-2026,544,INE800A01015
BIRLACORPN,EQ,955,955,900,910.2,904.8,956.6,462709,426857416.90,27-Jul-2026,28339,INE340A01012
BIRLAPREC,EQ,34.2,35.1,34.01,34.21,34.2,34.19,14104,484207.38,27-Jul-2026,307,INE372E01025
BIRLANU,EQ,1351.9,1395,1334.1,1368,1364.2,1351.9,15526,21231252.80,27-Jul-2026,1855,INE557A01011
ABGSEC,EQ,114.54,114.54,114.54,114.54,114.54,113.32,44,5039.76,27-Jul-2026,4,INF209KC1134
ABSL10BANK,EQ,169.27,169.6,168.75,169.29,168.86,168.46,11415,1933695.31,27-Jul-2026,29,INF209KC1670
ABSLBANETF,EQ,56.79,58.71,56.79,58.54,58.58,58.25,18454,1080414.80,27-Jul-2026,306,INF209KB17D5
ABSLLIQUID,EQ,1000.01,1000.01,999.99,1000,999.99,1000,1207,1207001.30,27-Jul-2026,25,INF209KB18T9
ABSLMSCIN,EQ,29.32,29.35,29.3,29.35,29.35,29.13,1355,39703.33,27-Jul-2026,7,INF209KC1662
ABSLNN50ET,EQ,75.56,76.41,75.34,76.22,76.29,75.56,5537,421724.86,27-Jul-2026,210,INF209KB16D7
BSLSENETFG,EQ,77.87,77.87,77,77.51,77.5,76.54,1148,88848.06,27-Jul-2026,134,INF209KB10E8
GSEC10ABSL,EQ,111.6,112.74,111.6,112.74,112.74,113.3,10,1125.12,27-Jul-2026,4,INF209KC1142
HEALTHY,EQ,17.09,17.09,16.61,16.97,17,16.68,422037,7128125.69,27-Jul-2026,1084,INF209KB10C2
MOMENTUM,EQ,30.38,30.79,30.38,30.67,30.79,30.38,41144,1260976.85,27-Jul-2026,206,INF209KB14K7
NIFTYQLITY,EQ,21,21.41,21,21.34,21.34,21.16,129814,2770837.52,27-Jul-2026,223,INF209KB15K4
SILVER,EQ,214.9,222.94,214.9,222.16,222.48,220.42,624616,138896611.56,27-Jul-2026,7384,INF209KB19F6
TECH,EQ,31.37,32.39,31.37,32.29,32.29,31.37,58977,1901130.79,27-Jul-2026,395,INF209KB11D8
ABSLPSE,EQ,10.3,10.56,10.27,10.39,10.38,10.33,41417,429594.65,27-Jul-2026,346,INF209KB19Z4
BSOFT,EQ,284.05,296.9,284.05,293.45,293.65,282.4,1999905,584882582.45,27-Jul-2026,40917,INE836A01035
BBOX,EQ,785,803.2,772.8,775.7,775,778.45,205754,161047731.60,27-Jul-2026,14029,INE676A01027
BLACKROSE,BE,95.98,100.77,95.98,100.76,100.77,95.98,21754,2163232.88,27-Jul-2026,167,INE761G01016
BLACKBUCK,EQ,542.55,557.85,539.05,547.6,546,539.35,221110,121194855.55,27-Jul-2026,16450,INE0UIZ01018
BLBLIMITED,EQ,16.01,17.27,15.97,16.11,16.2,15.7,49420,813926.69,27-Jul-2026,207,INE791A01024
BLISSGVS,BE,461.3,463.95,451,459.4,460,464.6,224080,102373873.55,27-Jul-2026,3322,INE416D01022
BLSE,EQ,286,293,282.41,288.32,287,282.32,1807981,524042768.32,27-Jul-2026,15841,INE0NLT01010
BLS,EQ,237.3,240.8,235.7,237.5,237.95,233.6,1010794,240838200.20,27-Jul-2026,21222,INE153T01027
BLUECHIP,BE,1.88,1.88,1.88,1.88,1.88,1.91,2068,3887.84,27-Jul-2026,14,INE657B01025
BLUECOAST,BE,27.05,28.25,25.65,25.69,27.06,27,6024,157418.15,27-Jul-2026,39,INE472B01011
BLUEDART,EQ,4935.8,5129.2,4922.9,5114.2,5111,4911.5,37705,190580777.50,27-Jul-2026,6920,INE233B01017
BLUEJET,EQ,570.9,589.9,570.9,576.05,579,566.9,509908,295853644.30,27-Jul-2026,16247,INE0KBH01020
BLUEPEBBLE,SM,68.25,70,68,70,70,70,6800,472420.00,27-Jul-2026,11,INE0SAK01011
BLUESTARCO,EQ,1642.5,1669.1,1638.3,1643.2,1643.1,1637.2,135209,223530704.90,27-Jul-2026,14592,INE472A01039
BLUEWATER,ST,427,446.25,420.1,444.95,446.25,425,90000,39868600.00,27-Jul-2026,86,INE0X3M01010
BLUESTONE,EQ,793,829,765.8,820.75,821.95,772.4,20293817,16391991710.15,27-Jul-2026,370768,INE304W01038
BLUSPRING,EQ,110.44,111.49,108.5,109.36,109.6,108.42,120858,13264956.03,27-Jul-2026,1710,INE0U4101014
BMWVENTLTD,EQ,56.22,60.9,56.22,59.34,59.41,56.52,247389,14540428.47,27-Jul-2026,3291,INE965W01036
BNAGROCHEM,BE,274.95,274.95,265.4,274.95,274.95,274.9,135,37075.10,27-Jul-2026,6,INE00HZ01011
BODALCHEM,BE,68.5,69.89,67.01,67.6,67.6,68.02,96155,6583471.25,27-Jul-2026,523,INE338D01028
BTML,EQ,7.05,7.05,6.5,6.68,6.7,6.96,378521,2546088.94,27-Jul-2026,924,INE0EEJ01023
BOHRAIND,EQ,12.02,13.25,12.02,13.16,13.25,12.62,16496,213172.37,27-Jul-2026,70,INE802W01023
BBTC,EQ,1461.9,1501.2,1461.9,1496.6,1500,1458.2,28710,42928750.70,27-Jul-2026,4517,INE050A01025
BOMDYEING,EQ,122.1,123.6,121.7,122.08,122.23,121.71,261611,32009129.42,27-Jul-2026,4105,INE032A01023
BMETRICS,SM,37,37,37,37,37,35.5,800,29600.00,27-Jul-2026,1,INE0I3Y01014
BSHSL,BE,87,87,84.8,86.12,86.9,87,2479,212992.85,27-Jul-2026,59,INE032Z01020
830NHAI27,N2,1079.12,1079.8,1077,1079.18,1079.25,1079.12,9171,9890237.41,27-Jul-2026,52,INE906B07CB9
865IRFC29,NA,1102,1105,1101,1105,1105,1101,215,237520.00,27-Jul-2026,4,INE053F07686
871REC28,N9,1125,1125,1117,1117.08,1117,1116.76,152,170079.70,27-Jul-2026,10,INE020B07HS2
888IRFC29,NE,1125,1125,1114,1116,1116,1112,1119,1250394.65,27-Jul-2026,18,INE053F07744
901NHB34,N6,6300,6334,6300,6334,6334,6335,196,1241430.00,27-Jul-2026,5,INE557F07132
BONLON,EQ,42.5,42.5,39.23,40.55,40.01,40.92,7188,294817.71,27-Jul-2026,127,INE0B9A01018
BORANA,EQ,333.25,333.25,325,328.05,329.7,327.45,9141,3000231.60,27-Jul-2026,408,INE16SF01016
BOROLTD,EQ,239.9,240,231.12,233.73,232.31,232.34,83179,19501358.40,27-Jul-2026,2679,INE02PY01013
BORORENEW,EQ,582.4,589.9,577.75,585.1,582.55,580.65,321533,187806327.10,27-Jul-2026,9022,INE666D01022
BOROSCI,EQ,152.25,156,152.25,154.37,155,152.09,24215,3739695.28,27-Jul-2026,948,INE02L001032
BOSCH-HCIL,EQ,1330,1348.9,1322.1,1332.9,1335,1332.8,18246,24363587.90,27-Jul-2026,980,INE782A01015
BOSCHLTD,EQ,41905,42165,41130,41250,41195,41755,22295,927284380.00,27-Jul-2026,8849,INE323A01026
BPL,EQ,53.78,55.06,52.48,52.73,52.61,53.78,109201,5821665.14,27-Jul-2026,1387,INE110A01019
BRACEPORT,SM,65,65,65,65,65,63,1600,104000.00,27-Jul-2026,1,INE0R4Z01018
FIRSTCRY,EQ,210.5,215,210.1,213.51,213.28,208.3,525785,112161863.24,27-Jul-2026,10461,INE02RE01045
BCONCEPTS,EQ,197.9,197.9,186.75,192.19,191.03,186.53,6405,1224117.00,27-Jul-2026,413,INE977Y01011
BRANDMAN,SM,186,188,184,187.2,184,182.75,15200,2844200.00,27-Jul-2026,10,INE0XUD01014
BRIGADE,EQ,528,545.5,526.15,543.45,545.45,525.45,410222,220208902.65,27-Jul-2026,14590,INE791I01019
BRIGHOTEL,EQ,60.21,60.98,59.81,59.99,59.99,60.16,186725,11249633.00,27-Jul-2026,2086,INE03NU01014
BCG,EQ,9.42,9.67,9.41,9.47,9.48,9.4,2716706,25848003.10,27-Jul-2026,2852,INE425B01027
BRITANNIA,EQ,5399.5,5436.5,5343,5384.5,5386.5,5379.5,238867,1285196245.50,27-Jul-2026,20962,INE216A01030
BIRET,RR,340.44,344.5,337.28,343.44,343,339.01,318274,108684235.52,27-Jul-2026,9770,INE0FDU25010
BROOKS,BE,63.98,65.49,63,63.95,63.7,64.06,8324,534381.72,27-Jul-2026,67,INE650L01011
BSE,EQ,3575,3586.6,3491.8,3536.8,3543,3549.7,2557303,9027713151.10,27-Jul-2026,133993,INE118H01025
BSL,EQ,124.74,127.49,124.1,124.95,125.1,124.74,2714,341056.53,27-Jul-2026,79,INE594B01012
BUTTERFLY,EQ,763.1,787.45,748.1,766.1,770,761.9,51425,39667184.00,27-Jul-2026,3237,INE295F01017
BULKCORP,SM,59.75,59.75,59.75,59.75,59.75,57.35,1200,71700.00,27-Jul-2026,1,INE0SZ301012
CKKRETAIL,SM,130,130,130,130,130,130,800,104000.00,27-Jul-2026,1,INE0SMX01019
CPS,SM,1039,1039,1030,1030,1030,1039.5,300,310350.00,27-Jul-2026,2,INE0QBU01012
MAPMYINDIA,EQ,1135,1167.95,1128,1132.1,1134.3,1117.1,309716,356137088.60,27-Jul-2026,20720,INE0BV301023
C2C,SM,289.7,292.75,270.6,275.25,275.95,284.35,160500,44431800.00,27-Jul-2026,776,INE0U7V01015
CMLL,EQ,535,624.4,523.45,570.55,580,528.2,25880974,15104544384.35,27-Jul-2026,385088,INE11XY01018
CALSOFT,BE,22.33,22.33,21.7,21.77,21.78,21.78,87908,1931940.01,27-Jul-2026,162,INE526B01014
CTE,EQ,31.01,32.68,30.5,31.96,32,31.5,8441,266163.69,27-Jul-2026,74,INE627H01017
CAMLINFINE,EQ,125.43,129.75,124.05,127.38,127.8,124.47,593377,75863531.96,27-Jul-2026,7843,INE052I01032
CAMPUS,EQ,218.4,221.73,217.5,219.44,219.1,216.55,434471,95372214.95,27-Jul-2026,7797,INE278Y01022
CANFINHOME,EQ,818.7,838.95,808.1,812.8,816.05,813.9,373838,306627969.45,27-Jul-2026,19964,INE477A01020
CANBK,EQ,126.5,129.7,125.78,127.26,127.01,125.65,48778366,6231711956.92,27-Jul-2026,120692,INE476A01022
CANHLIFE,EQ,147.95,148.86,144.12,145.01,144.7,147.31,488467,71328547.31,27-Jul-2026,8469,INE01TY01017
CRAMC,EQ,260.99,264.57,260.99,262.87,263,259.95,382782,100655181.37,27-Jul-2026,11124,INE218I01013
CANARYS,SM,19.25,19.45,18.75,19.3,19.3,18.5,108000,2070600.00,27-Jul-2026,25,INE0QG301017
CANTABIL,EQ,238.6,242.29,238.01,238.41,238.83,239.83,59716,14287466.61,27-Jul-2026,2678,INE068L01024
CAPACITE,EQ,215,221.75,215,218.8,218.5,212.75,352848,77081317.55,27-Jul-2026,7327,INE264T01014
CAPILLARY,EQ,478.6,559.55,478.6,535.3,538,476.25,8291808,4475296852.05,27-Jul-2026,126685,INE0ILV01024
CIFL,EQ,21.34,21.34,19.56,20.12,20.17,20.05,58357,1181959.65,27-Jul-2026,470,INE345H01024
CAPINVIT,IV,72.6,73.6,71.8,73.23,73.15,72.24,773353,56003000.55,27-Jul-2026,9834,INE0Z8Z23013
CAPITALSFB,EQ,293.45,303,293.45,299.85,301,292,75000,22395585.85,27-Jul-2026,2470,INE646H01017
CAPTRUST,EQ,15.22,15.38,14.43,15.38,15.38,14.65,76021,1144507.01,27-Jul-2026,173,INE707C01018
CAPLIPOINT,EQ,2470,2652,2470,2621.4,2618.5,2467.1,354020,926123279.40,27-Jul-2026,38896,INE475E01026
CGCL,EQ,242,246.01,238.04,244.27,245.8,238.23,2052332,496892883.23,27-Jul-2026,25559,INE180C01042
CPL,EQ,71,75.74,70.2,70.81,70.31,69.84,16526,1174349.27,27-Jul-2026,377,INE536P01021
CARBORUNIV,EQ,1074.9,1089.9,1055.2,1073.1,1058.1,1064.3,79889,85366059.70,27-Jul-2026,9299,INE120A01034
CARERATING,EQ,1699.9,1741,1685.5,1700.6,1699.9,1680,138919,237777544.90,27-Jul-2026,24739,INE752H01013
CPEDU,EQ,188.3,210,188.3,197.32,196.5,186.47,61588,12302051.15,27-Jul-2026,1275,INE0P6P01016
CARRARO,EQ,536.7,542.4,534,536.05,536.7,534,65915,35398112.50,27-Jul-2026,6075,INE0V7W01012
CARTRADE,EQ,2677,3015,2677,2978.5,2977,2656.4,3555902,10388479056.90,27-Jul-2026,215354,INE290S01011
CARYSIL,EQ,1161.6,1169,1141,1154.1,1157,1125.7,43284,50001917.60,27-Jul-2026,4451,INE482D01024
CUDML,ST,135.4,135.4,135.4,135.4,135.4,135.4,3000,406200.00,27-Jul-2026,2,INE0WL201014
CASTROLIND,EQ,185.09,185.64,184.05,184.32,184.14,184.79,1187995,218975380.61,27-Jul-2026,11501,INE172A01027
CCL,EQ,1184,1202.6,1168.2,1174.4,1174.7,1183.6,138419,164078375.30,27-Jul-2026,18874,INE421D01022
CEATLTD,EQ,3389,3389,3354.1,3369.7,3370,3328.6,65031,219278116.20,27-Jul-2026,10089,INE482A01020
CEDAAR,ST,18,18.6,17.2,17.45,17.5,18.1,21000,369300.00,27-Jul-2026,14,INE11J101017
CEIGALL,EQ,338.85,341.2,333.45,335.8,336,337.1,228583,76912450.30,27-Jul-2026,9765,INE0AG901020
CEINSYS,EQ,889.95,900,857,858.6,859,870.05,67485,58657071.20,27-Jul-2026,2708,INE016Q01014
CELEBRITY,EQ,7.37,7.37,6.95,6.99,6.98,7.04,15600,110879.60,27-Jul-2026,115,INE185H01016
CELLPOINT,SM,20.05,21.1,20.05,20.05,20.05,20.05,12000,247020.00,27-Jul-2026,10,INE0O0001013
CELLECOR,ST,33.7,34.35,33.05,33.65,34,33.7,60000,2027100.00,27-Jul-2026,18,INE0OMO01025
CELLO,EQ,348.25,349.35,343,345.05,344.5,344.3,140965,48795112.20,27-Jul-2026,7072,INE0LMW01024
CEMPRO,EQ,1382,1440.5,1369,1369,1369,1441,558725,774024833.20,27-Jul-2026,16313,INE686A01026
CENTRALBK,EQ,31.3,31.61,31.16,31.25,31.27,31.03,7486343,234508216.03,27-Jul-2026,14677,INE483A01010
CDSL,EQ,1345.1,1349,1326,1329,1327.5,1333.1,835504,1115206714.70,27-Jul-2026,30331,INE736A01011
CMPDI,EQ,251.65,254.9,247.1,253.45,253.49,248.43,1341702,337778716.60,27-Jul-2026,15143,INE05HV01027
CENTRUM,EQ,23.69,24,22.98,23.15,23.12,23.66,250326,5827737.42,27-Jul-2026,1618,INE660C01027
CENTUM,EQ,3600,3669.4,3490,3503.1,3509.9,3593.8,33847,119996728.30,27-Jul-2026,8573,INE320B01020
CENTENKA,EQ,577,597,575.1,577.8,577,574.2,117955,69214380.00,27-Jul-2026,4061,INE485A01015
CENTEXT,EQ,18.92,19.07,18.61,18.7,18.7,18.95,53987,1015889.03,27-Jul-2026,555,INE281A01026
CENTURYPLY,EQ,808,808,785.25,792.65,786.1,792.2,37113,29441667.55,27-Jul-2026,5526,INE348B01021
CERA,EQ,6019.5,6232.5,6019.5,6205.5,6225,6017,9821,60458108.50,27-Jul-2026,3026,INE739E01017
CEREBRAINT,BZ,3.11,3.11,2.9,3,3.01,2.99,37270,112873.32,27-Jul-2026,79,INE345B01019
CESC,EQ,163.51,165.32,161.65,162.32,162.44,163.18,766356,125084552.01,27-Jul-2026,12823,INE486A01021
CGPOWER,EQ,871.8,885,867.7,877.3,877.4,867.7,4921275,4306010075.75,27-Jul-2026,84729,INE067A01029
CHALET,EQ,818.95,847.85,818.95,846.5,847.1,814.4,81960,68755639.20,27-Jul-2026,7497,INE427F01016
CLSEL,EQ,280.9,287.8,276,279.3,276,279.8,19609,5496141.75,27-Jul-2026,926,INE419D01026
CMNL,SM,100,105,99.95,103.15,105,105,48750,4990875.00,27-Jul-2026,28,INE06PV01010
CHAMBLFERT,EQ,434.2,441.2,433.05,439.7,441.1,431,240525,105298021.15,27-Jul-2026,10111,INE085A01013
CHAMUNDA,SM,45.8,45.8,45.8,45.8,45.8,44.95,3000,137400.00,27-Jul-2026,1,INE11HG01018
CHANDAN,SM,231,235.5,225,226.45,225,230,22400,5115400.00,27-Jul-2026,26,INE0B2N01016
CHAVDA,SM,127.95,127.95,124.15,126.55,126.85,123.05,33000,4154900.00,27-Jul-2026,32,INE0PT101017
CHEMBONDCH,BE,252.4,252.95,239.08,240.62,240.2,247.44,5294,1286051.00,27-Jul-2026,120,INE0TGX01019
CHEMBOND,BE,177.75,177.79,170,171.85,172.25,174.25,3054,523446.37,27-Jul-2026,101,INE995D01025
CHEMCON,BE,176.53,182.3,175.5,177.98,178.97,176.53,23751,4239061.26,27-Jul-2026,188,INE03YM01018
CHEMFAB,BE,366.1,378.4,350,377,377,366.1,4898,1790869.50,27-Jul-2026,47,INE783X01023
CHEMPLASTS,EQ,203.5,209.49,203.5,206.98,206.9,202.29,193300,39973739.51,27-Jul-2026,4043,INE488A01050
CHENNPETRO,EQ,1230,1232,1162.8,1168.8,1171,1214.8,1629065,1920596441.60,27-Jul-2026,53531,INE178A01016
CHETANA,ST,48.95,48.95,46.65,46.65,46.65,47.8,8000,381200.00,27-Jul-2026,5,INE0U1T01012
CHEVIOT,EQ,1155,1170,1146.1,1161.1,1158.2,1153.6,2113,2453987.60,27-Jul-2026,416,INE974B01016
CHOICEIN,EQ,801,811.65,798,800,800,797.15,505379,405951030.10,27-Jul-2026,7307,INE102B01014
CHOICEGOLD,EQ,141.55,143,141.05,142.25,142.14,141.55,4401,625565.75,27-Jul-2026,143,INF2KCX01012
CHOLAHLDNG,EQ,1529.7,1563.9,1521.5,1526.5,1521.9,1516.7,107079,164620547.70,27-Jul-2026,10457,INE149A01033
CHOLAFIN,EQ,1744,1804.5,1743.8,1785.2,1783.5,1724.4,1963093,3502816298.40,27-Jul-2026,60801,INE121A01024
CIEINDIA,EQ,417,423,410.45,413.4,413.95,413.75,411200,170167728.00,27-Jul-2026,18803,INE536H01010
CINELINE,EQ,87.39,87.87,80.25,82.29,81.7,86.71,82731,6958825.42,27-Jul-2026,1070,INE704H01022
CINEVISTA,EQ,15.29,15.89,15.1,15.32,15.16,15.29,16198,249955.58,27-Jul-2026,94,INE039B01026
CIPLA,EQ,1412.6,1418.1,1392.8,1409.4,1415,1410.6,1162030,1635136950.90,27-Jul-2026,36018,INE059A01026
CITIUSINVT,IV,109.9,109.93,109.02,109.26,109.1,108.48,18026,1971672.48,27-Jul-2026,526,INE2Q7823014
CUB,EQ,221,226.99,220.6,221.45,220.99,219.75,1372673,305882968.57,27-Jul-2026,22711,INE491A01021
CLEDUCATE,BE,61.01,61.01,57.86,57.86,57.86,60.9,25983,1508148.91,27-Jul-2026,123,INE201M01029
CLASSICEIL,ST,59,59,59,59,59,60,1600,94400.00,27-Jul-2026,1,INE0UQ601012
CLAYCRAFT,SM,171,171,166,170.2,171,170.2,27600,4665990.00,27-Jul-2026,38,INE1QGM01024
CLCIND,BE,56.75,56.75,54.05,56.75,56.75,54.05,18298,1018271.31,27-Jul-2026,73,INE376C01038
CLEANMAX,EQ,1447.1,1456.3,1419.6,1439,1431.1,1456.9,111773,160936227.20,27-Jul-2026,12786,INE647U01026
CLEAN,EQ,730.05,737,726.55,728.3,728.2,721,79303,58015564.90,27-Jul-2026,7729,INE227W01023
CSSL,SM,96,101.5,96,98,98,95,11000,1090650.00,27-Jul-2026,11,INE1EF801010
CMICABLES,BZ,2.98,3,2.84,2.84,2.84,2.98,6384,18537.35,27-Jul-2026,24,INE981B01011
CMRGREEN,EQ,220.5,226.5,217.25,219.1,219,218.05,755516,167446480.30,27-Jul-2026,11339,INE00WV01027
CMSINFO,EQ,278,278,272,272.6,272.4,273.9,179511,49205161.40,27-Jul-2026,6106,INE925R01014
COALINDIA,EQ,429.5,431,425.75,427.5,427,427.4,5241433,2249453003.40,27-Jul-2026,66750,INE522F01014
COASTCORP,EQ,49,51,48.76,50.07,50,49.93,91336,4589611.12,27-Jul-2026,584,INE377E01024
COCHINSHIP,EQ,1398.6,1406.8,1387.1,1402.3,1400.8,1392.4,847899,1185326519.20,27-Jul-2026,25444,INE704P01025
COFFEEDAY,BE,30.6,30.89,30.2,30.39,30.3,30.24,240799,7319853.95,27-Jul-2026,624,INE335K01011
COFORGE,EQ,1495.5,1538.2,1489.4,1528.4,1531,1484.7,3779933,5748438925.60,27-Jul-2026,78729,INE591G01025
COHANCE,EQ,425,436.5,419.15,428,426,417.1,505417,216410741.20,27-Jul-2026,18237,INE03QK01018
COLPAL,EQ,2088.8,2156,2088.8,2136.6,2135.2,2086.1,381885,814683752.30,27-Jul-2026,25706,INE259A01022
COMFINTE,EQ,5.57,5.58,5.38,5.4,5.41,5.44,103097,562895.67,27-Jul-2026,311,INE819A01049
COMSYN,EQ,179,183.7,173.2,174.48,177.9,178.52,71832,12665065.47,27-Jul-2026,1742,INE073V01015
COMMITTED,ST,342,342,330,330,330,339,2400,809600.00,27-Jul-2026,3,INE597Z01014
COMPINFO,BZ,1.16,1.19,1.12,1.17,1.18,1.16,9976,11443.95,27-Jul-2026,16,INE070C01037
COMPUSOFT,EQ,13.46,13.46,13.06,13.22,13.24,13.33,9171,121319.05,27-Jul-2026,130,INE453B01029
CAMS,EQ,763,790,762,785.05,786,761.45,1440127,1126972104.90,27-Jul-2026,40156,INE596I01020
CONCORDBIO,EQ,1255.2,1275.3,1244.5,1256.4,1266,1248.5,79408,99616768.60,27-Jul-2026,7962,INE338H01029
CEWATER,EQ,302.8,305.4,289,291.5,291.9,298.35,99000,29243407.40,27-Jul-2026,6527,INE037Z01029
CONFIPET,EQ,79.4,83,78.02,81.04,80.89,78.3,8619919,699825101.09,27-Jul-2026,48448,INE552D01024
CONNPLEX,SM,210,210,204.05,204.75,204.05,203.55,7200,1485720.00,27-Jul-2026,9,INE0EAS01014
CCCL,EQ,15.99,16.08,15.45,15.74,15.83,15.88,424342,6695946.02,27-Jul-2026,971,INE429I01024
CONSOFINVT,BE,285,290,280,285,285,286.42,6283,1792713.39,27-Jul-2026,75,INE025A01027
CONCOR,EQ,470,515.3,469.95,510.5,510,477.55,13227175,6679271156.50,27-Jul-2026,187557,INE111A01025
CONTI,SM,10.45,10.45,10.45,10.45,10.45,10.45,3333,34829.85,27-Jul-2026,1,INE340Z01019
CONTROLPR,EQ,590,598.95,588.75,592,592,590.55,50615,29940452.65,27-Jul-2026,2801,INE663B01015
COOLCAPS,ST,20.95,20.95,19.7,20.5,20.65,20.15,48750,988187.50,27-Jul-2026,29,INE0HS001028
CORALFINAC,EQ,32.66,34.7,32.22,33.65,32.67,32.5,22993,767247.47,27-Jul-2026,269,INE558D01021
CORDSCABLE,BE,203.66,208.99,202,204.57,204.5,203.66,11767,2415522.85,27-Jul-2026,169,INE792I01017
COROMANDEL,EQ,1990.5,2011,1983,2003.8,2003,1980.8,85074,170399825.60,27-Jul-2026,8250,INE169A01031
CORONA,EQ,2126.8,2140,2086.6,2098.2,2099,2113,20186,42624377.60,27-Jul-2026,4646,INE02ZQ01018
COSMOFIRST,EQ,881,919.8,870,909.2,905,881,162543,146634768.00,27-Jul-2026,8438,INE757A01017
CCHHL,EQ,12.46,12.85,12.46,12.69,12.75,12.74,12626,161114.61,27-Jul-2026,100,INE652F01027
COUNCODOS,EQ,6.41,6.6,6.21,6.32,6.31,6.4,58858,373799.73,27-Jul-2026,147,INE695B01025
CPCAP,BE,108,110,106.25,108.33,108.3,108.49,10724,1163647.35,27-Jul-2026,61,INE521J01018
CPSEETF,EQ,96.99,96.99,95.9,96.06,95.93,96.23,524348,50442946.27,27-Jul-2026,7990,INF457M01133
CRAFTSMAN,EQ,9312,9414.5,9293.5,9327,9379,9284,16833,157066168.50,27-Jul-2026,4854,INE00LO01017
CRAYONS,SM,24.05,25.25,24.05,25.25,25.25,24.05,3000,73800.00,27-Jul-2026,3,INE0OFK01019
CREATIVEYE,EQ,6.99,6.99,6.05,6.37,6.48,6.66,106526,698262.53,27-Jul-2026,412,INE230B01021
CGRAPHICS,SM,130,131.4,123.95,125.45,126.45,130,44800,5704520.00,27-Jul-2026,51,INE0R7401011
CNL,EQ,1029.95,1080.25,983,1019.9,1045,987,2031199,2062580058.65,27-Jul-2026,70115,INE985W01018
CREDITACC,EQ,1585.5,1614,1550.1,1591.1,1598.9,1517.6,3825382,6084500123.60,27-Jul-2026,183934,INE741K01010
MUFTI,EQ,84.28,86,83.4,84.25,85,82.92,38027,3199180.09,27-Jul-2026,960,INE220Q01020
CREST,EQ,389,389,368.1,375,375,377.7,8217,3046421.80,27-Jul-2026,210,INE559D01011
CRISIL,EQ,4350,4502.9,4347.2,4486.3,4490,4347.2,59947,267772914.20,27-Jul-2026,13254,INE007A01025
CRIZAC,EQ,185.9,195.99,185.15,194.98,195.21,184.44,612160,117210376.04,27-Jul-2026,14263,INE0S4R01014
CROMPTON,EQ,252.1,252.15,248.05,249.1,249,250.15,2359921,588771902.45,27-Jul-2026,30409,INE299U01018
CLSL,SM,61.9,66.5,61.9,64.1,64,61,44000,2818800.00,27-Jul-2026,22,INE00NH01017
CROWN,EQ,116,117.87,112.15,112.51,112.3,114.38,14628,1667114.81,27-Jul-2026,271,INE491V01019
CSBBANK,EQ,341.2,346.55,336,337.25,337,340.9,489401,166426675.65,27-Jul-2026,14150,INE679A01013
CSLFINANCE,EQ,219,219,215,217.24,217.25,213.84,12113,2626686.66,27-Jul-2026,388,INE718F01018
CSM,EQ,99.62,100.5,99,99.54,99.5,99.62,178019,17738716.10,27-Jul-2026,1387,INE0ZK601013
CUBEINVIT,IV,155,155,155,155,155,155,25000,3875000.00,27-Jul-2026,1,INE0NR623014
CUBEXTUB,EQ,77.8,78.98,77.01,77.43,77.35,76.99,35436,2759475.91,27-Jul-2026,642,INE144D01012
CUMMINSIND,EQ,5643.5,5649.5,5589.5,5629.5,5630,5600.5,343112,1927589161.50,27-Jul-2026,21476,INE298A01020
CUPID,EQ,214.56,222,213.75,221.46,221.8,213.43,24777700,5435688673.21,27-Jul-2026,117455,INE509F01029
CURAA,EQ,71.99,72.64,67.41,72.62,72.64,71.37,243,17548.19,27-Jul-2026,18,INE117B01020
CYBERMEDIA,BE,15.5,16.17,15.01,15.93,15.45,15.5,36998,585185.49,27-Jul-2026,101,INE278G01037
CMRSL,SM,65,65.1,65,65.1,65.1,62,4800,312400.00,27-Jul-2026,4,INE075Z01011
CYBERTECH,BE,143.99,143.99,137.6,138.85,140,141.94,15320,2140463.99,27-Jul-2026,243,INE214A01019
CYIENTDLM,EQ,680,681.55,652.55,665.05,666.75,670.45,315550,209170654.80,27-Jul-2026,13758,INE055S01018
CYIENT,EQ,842,844.9,822,825.2,822.5,840.05,559577,464694778.10,27-Jul-2026,27214,INE136B01020
DKEGL,SM,65.95,65.95,65.95,65.95,65.95,65.9,1500,98925.00,27-Jul-2026,1,INE0GN101014
DPWIRES,BE,165.2,169.99,163,167.86,168,165.18,6372,1061600.62,27-Jul-2026,141,INE864X01013
DLINKINDIA,EQ,456,456.9,445.1,447.65,446,452.2,77120,34735686.05,27-Jul-2026,3068,INE250K01012
DPABHUSHAN,EQ,1347.85,1445,1316.25,1412.35,1421,1328.05,96545,135214825.35,27-Jul-2026,9545,INE266Y01019
DBCORP,EQ,211.5,211.94,206.45,208.29,208.1,208.75,167446,34942244.24,27-Jul-2026,4462,INE950I01011
DABUR,EQ,425.6,429.05,424.5,427.35,427.35,423.2,853775,364913253.55,27-Jul-2026,16552,INE016A01026
DAICHI,BE,309.85,309.85,302.2,302.5,302.5,304.8,299,90849.05,27-Jul-2026,18,INE928C01010
DALBHARAT,EQ,1730.6,1831.9,1683,1826.5,1822.7,1810.8,305803,553595470.30,27-Jul-2026,24938,INE00R701025
DALMIASUG,EQ,361.4,366.95,357.6,358.5,359.65,361.95,43852,15784483.45,27-Jul-2026,1697,INE495A01022
DAMCAPITAL,EQ,159.3,160.98,155.35,156.86,156.7,157.88,575685,90800551.57,27-Jul-2026,7855,INE284H01025
DAMODARIND,BE,28.84,28.84,28,28,28,28.84,814,22877.14,27-Jul-2026,18,INE497D01022
DANGEE,EQ,2.95,3.03,2.88,2.92,2.94,2.95,44359,129827.84,27-Jul-2026,142,INE688Y01022
DANISH,SM,827.75,844.95,812,821.75,827.5,823.75,29700,24432885.00,27-Jul-2026,142,INE0YU901016
DCCL,SM,51,51,51,51,51,51,10000,510000.00,27-Jul-2026,1,INE04Q901010
DATAPATTNS,EQ,4600,4686,4540,4578.9,4581,4584.5,657193,3032144812.50,27-Jul-2026,57683,INE0IX101010
DATAMATICS,EQ,835.95,857,828.1,854.8,855,821.5,85941,72950363.05,27-Jul-2026,4714,INE365B01017
DAVANGERE,EQ,3.48,3.51,3.27,3.3,3.3,3.42,13131742,44076259.25,27-Jul-2026,4498,INE179G01029
DBSTOCKBRO,BE,33.8,35,33.49,33.75,33.5,34.38,10914,368589.33,27-Jul-2026,49,INE921B01025
DCI,EQ,287.85,299.55,287.85,288.7,287.85,287.85,40862,12057461.65,27-Jul-2026,937,INE0A1101019
DCBBANK,EQ,193.16,204.74,189.74,190.26,191.4,186.24,10927140,2145207256.00,27-Jul-2026,94576,INE503A01015
1275DCC28,N0,9659,9659,9659,9659,9659,9659,1,9659.00,27-Jul-2026,1,INE04Q907199
DCG,SM,52.65,53.55,52.65,53.55,53.55,53.45,3600,191640.00,27-Jul-2026,3,INE0S8401018
DCMFINSERV,EQ,5.51,5.51,5.07,5.26,5.16,5.02,2305,12047.15,27-Jul-2026,29,INE891B01012
DCM,BE,86.4,88,86.4,87,87,88.9,3941,343408.54,27-Jul-2026,55,INE498A01018
DCMNVL,BE,141,145,141,145,145,143.53,6099,879779.15,27-Jul-2026,39,INE08KP01019
DSFCL,BE,27.99,27.99,27.38,27.38,27.38,27.93,25876,719935.88,27-Jul-2026,55,INE0OFM01015
DCMSRIND,EQ,41,41,39.15,39.81,40.39,39.86,66805,2682578.84,27-Jul-2026,817,INE843D01027
DCMSIL,BE,78.6,78.6,78.6,78.6,78.6,79.77,60190,4730934.00,27-Jul-2026,138,INE0OU201013
DCMSHRIRAM,EQ,1016.6,1035.9,1012.6,1032.9,1033.8,1005.8,23674,24348290.30,27-Jul-2026,4304,INE499A01024
DCW,EQ,46.8,47.32,46.61,47.17,47.01,46.23,409937,19285632.39,27-Jul-2026,2022,INE500A01029
DCXINDIA,EQ,182.45,184.03,181.47,182.98,182.67,180.68,311198,56866354.01,27-Jul-2026,4626,INE0KL801015
DDEVPLSTIK,EQ,277,281.8,273.1,275.45,276.8,275.65,109584,30467557.40,27-Jul-2026,5192,INE0HR601026
DENEERS,SM,195.2,197.95,184.5,190.35,196.9,194.65,13200,2496750.00,27-Jul-2026,18,INE0JWV01011
DENORA,EQ,868.8,894.3,861,871.05,879.4,852.55,4116,3625585.10,27-Jul-2026,611,INE244A01016
DIL,BZ,0.78,0.84,0.76,0.81,0.81,0.8,467721,373149.35,27-Jul-2026,371,INE411Y01011
DECCANCE,EQ,576.9,576.9,542,545.3,542,553.65,19411,10643450.00,27-Jul-2026,852,INE583C01021
DECNGOLD,EQ,194,200.6,194,197,197.49,194.52,1053771,208199011.70,27-Jul-2026,11179,INE945F01025
DECCANTRAN,SM,22.35,23.95,22.35,23.4,23.95,22.5,20400,470520.00,27-Jul-2026,10,INE0S7C01019
DEEDEV,BE,653.45,686.1,653.45,682.65,686.1,653.45,58774,39983303.15,27-Jul-2026,1347,INE841L01016
DEEPINDS,EQ,479.6,529.45,479.6,516.45,516.8,479.6,1633199,843219001.95,27-Jul-2026,40064,INE0FHS01024
DBEIL,BE,7.5,7.62,7.2,7.39,7.44,7.42,76612,566839.68,27-Jul-2026,314,INE0OPA01027
DEEPAKFERT,EQ,1578.2,1641.9,1557.1,1634.5,1629.9,1573.2,326561,524460147.10,27-Jul-2026,19620,INE501A01019
DEEPAKNTR,EQ,1664,1698.8,1659,1678.9,1681.2,1649.6,95397,160352148.60,27-Jul-2026,11906,INE288B01029
DELAPLEX,SM,101,101,95,95.55,95,96.3,5400,531030.00,27-Jul-2026,6,INE0SK801018
DELHIVERY,EQ,466,471.3,461.45,470,469.9,462.55,2718387,1269805204.60,27-Jul-2026,53005,INE148O01028
DELPHIFX,BE,6.87,7.14,6.62,7.06,7.12,6.87,144292,995297.55,27-Jul-2026,242,INE726L01027
DELTIC,SM,36.95,36.95,33.65,35.2,35.2,36.8,17000,604200.00,27-Jul-2026,17,INE0XRN01019
DELTACORP,EQ,63.19,63.93,62.55,62.71,62.57,62.99,649761,40969902.34,27-Jul-2026,3364,INE124G01033
DELTAMAGNT,EQ,55.83,59.7,55.83,56.22,58.36,55.83,1864,104967.23,27-Jul-2026,65,INE393A01011
DEN,EQ,27.2,27.7,27.1,27.37,27.39,27.16,247039,6758821.02,27-Jul-2026,1461,INE947J01015
DENTA,EQ,342.5,343.65,331.4,333.85,334.9,336.65,146523,49157905.35,27-Jul-2026,4536,INE0R4L01018
DEVX,EQ,33.23,35.05,33.23,34.16,34.15,33.9,29916,1019373.50,27-Jul-2026,200,INE0VOV01021
DEVIT,EQ,26,26.8,26,26.08,26.01,26.07,21903,574460.91,27-Jul-2026,248,INE060X01034
DEVYANI,EQ,113.3,117.1,112.61,116.06,116.35,112.3,4449216,515906191.99,27-Jul-2026,28724,INE872J01023
DBOL,EQ,102.3,104.49,98.82,102.3,102,102.09,63340,6428661.01,27-Jul-2026,870,INE0I3401014
DHAMPURSUG,EQ,142.25,144.4,140.65,143.61,144,142.12,145357,20744456.96,27-Jul-2026,2239,INE041A01016
DHANBANK,EQ,34.3,35.9,34.12,35.4,35.35,34.29,3148881,110924585.49,27-Jul-2026,8801,INE680A01011
DHANLAXMI,SM,25.55,25.55,24,25.4,25.4,24.25,14000,347400.00,27-Jul-2026,7,INE0V9V01010
DHANSA,SM,20.3,20.3,20.3,20.3,20.3,20.65,2000,40600.00,27-Jul-2026,1,INE0M3I01029
DHANUKA,EQ,1019.9,1023.3,990.2,996.2,996,1013.3,90838,90636191.70,27-Jul-2026,6807,INE435G01025
DHARARAIL,ST,130,131.95,130,131.95,131.95,130,3000,393900.00,27-Jul-2026,3,INE2HJL01019
DHARAN,BZ,0.16,0.16,0.15,0.15,0.16,0.15,7908744,1225652.45,27-Jul-2026,1077,INE278R01034
DHARIWAL,SM,32.8,32.8,32.8,32.8,32.8,32.8,3000,98400.00,27-Jul-2026,1,INE0YRN01025
DHARMAJ,EQ,261.1,264.2,258,260.15,260,260.95,17825,4628928.50,27-Jul-2026,1191,INE00OQ01016
DHRUV,BE,24.3,25.4,23.8,23.99,24,24.49,11666,281991.15,27-Jul-2026,36,INE506Z01015
DHUNINV,EQ,866,897,860,867.5,860,864.7,633,552475.80,27-Jul-2026,91,INE320L01011
DTIL,EQ,131.05,135,131.05,131.93,131.95,132.36,3038,401514.46,27-Jul-2026,99,INE341R01014
DVL,EQ,243.97,247.58,240.01,241.21,240.25,243.97,9015,2184801.82,27-Jul-2026,345,INE477B01010
DIAMINESQ,EQ,250.74,252.78,246.42,247.84,247.6,246.9,1824,456725.31,27-Jul-2026,100,INE591D01014
DIACABS,EQ,309.9,309.9,298.1,307.17,305.8,295.15,8209562,2504086126.73,27-Jul-2026,53090,INE989C01038
DICIND,EQ,524,524,499,502.2,500,517.5,2888,1461357.05,27-Jul-2026,161,INE303A01010
DIFFNKG,EQ,401.15,408,394.3,404.05,405.95,395.35,76782,30902688.45,27-Jul-2026,3417,INE184O01015
DGCONTENT,EQ,24.62,25.43,24.03,24.99,24.99,24.1,28749,717585.41,27-Jul-2026,60,INE03JI01017
DIGIDRIVE,EQ,17.95,18.64,17.65,17.83,17.89,17.95,9965,178083.04,27-Jul-2026,95,INE0PSC01024
DIGIKORE,SM,50.5,50.5,46.9,48.4,48.25,50.6,152800,7354960.00,27-Jul-2026,256,INE0QJ901011
DIGISPICE,BE,18.69,19.23,18,18.16,18.05,18.79,104975,1914755.30,27-Jul-2026,290,INE927C01020
DIGITIDE,EQ,100.61,102.38,100,100.72,100.55,101.22,228422,23138828.68,27-Jul-2026,2893,INE0U4701011
DIGJAMLMTD,EQ,40.4,43.48,39.2,42.97,42.8,40.4,135836,5540060.49,27-Jul-2026,488,INE731U01028
DNAMEDIA,EQ,2.68,2.9,2.68,2.83,2.84,2.79,10753,30163.19,27-Jul-2026,71,INE016M01021
DBL,EQ,414.6,444.9,414.6,443.65,440,420.25,2647147,1156444749.00,27-Jul-2026,40665,INE917M01012
DISAQ,EQ,12296,12297,12094,12191,12195,12110,516,6280157.00,27-Jul-2026,379,INE131C01011
DISHTV,BE,2.82,2.92,2.75,2.87,2.88,2.82,1134555,3232142.83,27-Jul-2026,1100,INE836F01026
DCAL,EQ,183.9,188.84,183.9,186.11,187.3,183.58,190451,35540546.10,27-Jul-2026,4830,INE385W01011
DIVGIITTS,EQ,958,974.95,930,962.35,955.2,945.6,25653,24685192.45,27-Jul-2026,2795,INE753U01022
DIVISLAB,EQ,7222,7459,7220.5,7414,7440,7248.5,544701,4017147097.50,27-Jul-2026,54383,INE361B01024
DIVINEHIRA,ST,111,111,106,106.35,107.8,107.45,10800,1162500.00,27-Jul-2026,9,INE0NA501011
DPEL,SM,572,573.45,565.1,567.95,570,565.8,15500,8828125.00,27-Jul-2026,31,INE0SCO01019
DIVYADHAN,ST,53.75,53.75,53.75,53.75,53.75,54.8,2000,107500.00,27-Jul-2026,1,INE0QYI01019
DIXON,EQ,13951,14021,13741,13810,13780,13846,205726,2856930410.00,27-Jul-2026,37508,INE935N01020
DJML,EQ,115.75,115.94,112.66,114.49,114.8,114.39,367828,42189335.12,27-Jul-2026,3599,INE0B1K01014
DLF,EQ,647.1,651.95,641.9,650.9,651.5,645.2,2658172,1721255077.35,27-Jul-2026,34213,INE271C01023
DMCC,EQ,275.75,279,265.6,271.05,271.7,272.75,29552,8080447.50,27-Jul-2026,1100,INE505A01010
DODLA,EQ,1025,1043.9,1019.1,1031.9,1031,1061.2,55675,57526745.80,27-Jul-2026,5876,INE021O01019
DOLATALGO,EQ,68.85,69.75,68.2,68.39,68.3,68.76,51681,3550554.96,27-Jul-2026,780,INE966A01022
DOLLAR,EQ,260,261.9,257,257.7,257,258,103287,26792521.65,27-Jul-2026,5414,INE325C01035
DOLLEX,SM,30.3,30.3,29,29.85,30.25,29.65,12000,358200.00,27-Jul-2026,3,INE0JHH01011
DOLPHIN,EQ,374,382.65,370,379.15,377.2,376.95,6399,2420575.15,27-Jul-2026,465,INE920A01037
DOMS,EQ,2230,2279.7,2230,2263.5,2260,2221,42006,95087643.70,27-Jul-2026,3788,INE321T01012
DONEAR,EQ,85,86.98,84.22,86.18,86.27,85.79,9061,775375.19,27-Jul-2026,319,INE668D01028
DPSCLTD,BE,7.31,7.32,7.05,7.17,7.2,7.17,62084,444755.49,27-Jul-2026,426,INE360C01024
AGARWALEYE,EQ,481,489.55,472.1,476.2,473,478.9,114369,54844471.90,27-Jul-2026,10088,INE943P01029
DRAGARWQ,EQ,5021.5,5075,4990,5041.5,5050,5021.5,476,2395405.50,27-Jul-2026,171,INE934C01018
LALPATHLAB,EQ,1800.4,1894.9,1793,1827.2,1820,1759.2,2106429,3920628203.90,27-Jul-2026,131764,INE600L01024
DRREDDY,EQ,1154.7,1159.3,1147.2,1150.8,1151,1151.7,1053461,1213534140.00,27-Jul-2026,47835,INE089A01031
DRCSYSTEMS,EQ,13.27,13.69,13.21,13.58,13.61,13.41,24048,322324.49,27-Jul-2026,193,INE03RS01027
DREAMFOLKS,EQ,66.4,68.5,66.4,67.54,67,67.03,28055,1894562.62,27-Jul-2026,582,INE0JS101016
DREDGECORP,EQ,1015,1075.9,1003.2,1064.9,1070,1003.3,219789,231384299.90,27-Jul-2026,15630,INE506A01018
DRONE,ST,40.7,40.7,39.15,40,40,39.9,11000,434100.00,27-Jul-2026,17,INE0P7201019
KEEPLEARN,EQ,1.9,1.98,1.71,1.9,1.93,1.85,149543,278789.58,27-Jul-2026,136,INE055C01020
LIQUIDETF,EQ,999.99,1000.01,999.99,999.99,1000,1000,54978,54977982.99,27-Jul-2026,202,INF740KA1EU7
BANK10ADD,EQ,16.95,16.98,16.87,16.89,16.89,16.83,179631,3044967.06,27-Jul-2026,165,INF740KA1YH2
BANKADD,EQ,58.58,58.67,58.25,58.45,58.45,58.08,13270,775217.17,27-Jul-2026,155,INF740KA1RX3
GOLDADD,EQ,139.15,139.7,139.15,139.37,139.53,138.61,146489,20422745.89,27-Jul-2026,4721,INF740KA1SW3
ITADD,EQ,30.85,31.38,30.85,31.26,31.21,30.53,141234,4421298.08,27-Jul-2026,163,INF740KA1SX1
EQUAL50ADD,EQ,340.83,343.85,340.83,342.93,342.99,339.64,6661,2278468.42,27-Jul-2026,302,INF740KA1QK2
NIFTYADD,EQ,248.35,253.13,248.35,252.93,252.49,250.86,7267,1833921.86,27-Jul-2026,154,INF740KA1CL0
PSUBANKADD,EQ,84.6,85.28,84.25,84.79,84.45,84.48,42707,3621329.50,27-Jul-2026,441,INF740KA1SY9
PVTBANKADD,EQ,27.88,27.94,27.7,27.81,27.88,27.74,39736,1104120.66,27-Jul-2026,226,INF740KA1TA7
MIDQ50ADD,EQ,24.79,24.93,24.77,24.79,24.8,24.65,48426,1201217.54,27-Jul-2026,97,INF740KA1ZF3
SENSEXADD,EQ,78.84,79.39,78.84,79.07,79.39,78.57,4521,357104.32,27-Jul-2026,29,INF740KA1SZ6
SILVERADD,EQ,214.44,215.26,214,214.46,214.63,212.4,134183,28813292.11,27-Jul-2026,1485,INF740KA1RE3
FLEXIADD,EQ,10,10.05,10,10.02,10.04,9.92,47419,475360.14,27-Jul-2026,208,INF740KA1WU9
FMCGADD,EQ,49.8,49.84,49.55,49.81,49.79,49.25,6305,313796.00,27-Jul-2026,20,INF740KA1ZA4
HEALTHADD,EQ,16.46,16.68,16.46,16.62,16.61,16.4,43437,720419.67,27-Jul-2026,82,INF740KA1ZG1
LIQUIDADD,EQ,1137.49,1137.51,1137.49,1137.49,1137.49,1137.35,646698,735616159.41,27-Jul-2026,452,INF740KA1UM0
MIDCAPADD,EQ,22.94,22.99,22.91,22.94,22.94,22.78,9507,218029.21,27-Jul-2026,32,INF740KA1WW5
MSCIADD,EQ,29.34,29.5,29.33,29.5,29.5,29.06,7046,206753.42,27-Jul-2026,6,INF740KA1WV7
NEXT30ADD,EQ,42.26,42.35,42.09,42.3,42.28,42.05,3648,154137.26,27-Jul-2026,60,INF740KA1VE5
NEXT50ADD,EQ,72.5,73.03,72.5,72.74,73.01,72.24,8515,619002.29,27-Jul-2026,47,INF740KA1XU7
SMALLADD,EQ,17.77,17.95,17.77,17.94,17.95,17.67,23494,420258.84,27-Jul-2026,106,INF740KA1WX3
TOP10ADD,EQ,87.27,87.27,86.73,86.79,87.27,86.41,2248800,195286973.03,27-Jul-2026,704,INF740KA1UR9
DUCOL,SM,105.05,105.05,105.05,105.05,105.05,108.9,800,84040.00,27-Jul-2026,1,INE0LZO01015
DUCON,EQ,3.02,3.05,2.91,3.02,3.04,3.01,190189,570100.89,27-Jul-2026,261,INE741L01018
DUGLOBAL,SM,27,27.7,25.55,25.95,26,26.55,45000,1176375.00,27-Jul-2026,17,INE0HPK01020
DURLAX,SM,50.2,52.2,50.2,51.5,51.5,50.2,18000,930900.00,27-Jul-2026,9,INE0OUW01013
DWARKESH,EQ,43.35,43.87,42.4,42.52,42.5,43.31,683323,29270191.13,27-Jul-2026,3297,INE366A01041
DSSL,EQ,1270.9,1298.8,1224.1,1231.6,1232.7,1240.6,33482,42005374.10,27-Jul-2026,3206,INE417B01040
DYNAMATECH,EQ,10507,10779,10466,10546,10491,10458,13287,141493185.00,27-Jul-2026,4591,INE221B01012
DYCL,EQ,406,420,401.4,414.9,414.5,402.4,680337,281039069.45,27-Jul-2026,14837,INE600Y01019
DYNPRO,EQ,234.9,244,230.4,238.21,243.9,231.33,15783,3727220.57,27-Jul-2026,449,INE256H01015
EFACTOR,SM,174.5,175,174.5,175,175,173.2,8400,1469700.00,27-Jul-2026,7,INE0KFF01017
E2ERAIL,ST,273,275.15,260,275,275,262.05,76000,20609440.00,27-Jul-2026,67,INE1CEJ01017
E2E,EQ,534,542.5,534,542.5,542.5,516.7,429556,231788263.10,27-Jul-2026,1898,INE255Z01027
EASTSILK,BE,56.26,56.26,52.44,55,55,55.19,503,27742.38,27-Jul-2026,14,INE962C01035
EASEMYTRIP,EQ,6.86,6.91,6.76,6.82,6.8,6.83,11033467,75579743.06,27-Jul-2026,6395,INE07O001026
888ECL28,N1,999.99,999.99,991,992,992,994,678,673974.90,27-Jul-2026,6,INE528S07110
925ECL28,N2,1010,1010,1010,1010,1010,1003.04,12,12120.00,27-Jul-2026,1,INE528S07128
ECLERX,EQ,1860,1896,1735,1811.7,1805,1861.5,436178,786253643.70,27-Jul-2026,42380,INE738I01010
ECOLINE,ST,192,200,192,196,200,195,13000,2523500.00,27-Jul-2026,12,INE0VBS01016
ECOSMOBLTY,BE,128.6,132.95,127,131.47,132.67,126.9,83532,10712505.99,27-Jul-2026,491,INE06HJ01020
BBETF0432,EQ,1346.2,1354.95,1346.2,1350,1350,1354.62,1149,1550294.66,27-Jul-2026,59,INF754K01OB1
EBANKNIFTY,EQ,57.89,57.96,57.26,57.43,57.42,57.37,342,19702.65,27-Jul-2026,42,INF754K01TE4
EBBETF0430,EQ,1598,1614,1598,1609.85,1611,1606.02,12830,20662689.58,27-Jul-2026,1610,INF754K01KO2
EBBETF0431,EQ,1441.28,1442,1437.51,1441.71,1442,1439.92,4759,6853193.54,27-Jul-2026,71,INF754K01LE1
EBBETF0433,EQ,1314.92,1319.99,1311.4,1312.88,1319.99,1310.61,3269,4298615.94,27-Jul-2026,116,INF754K01QX0
ECAPINSURE,EQ,23.64,23.97,23.64,23.74,23.9,23.64,202782,4833378.18,27-Jul-2026,311,INF754K01TX4
EGOLD,EQ,143,144.45,142.7,143.4,143.05,142.55,300098,43042285.60,27-Jul-2026,290,INF754K01SE6
ELIQUID,EQ,1041.04,1041.06,1041.04,1041.05,1041.05,1040.9,19851,20665962.79,27-Jul-2026,15,INF754K01VW2
ELM250,EQ,16.46,16.88,16.45,16.69,16.88,16.38,39273,652021.23,27-Jul-2026,193,INF754K01VV4
EMULTIMQ,EQ,41.7,41.7,40.8,40.92,41,40.76,16747,685732.79,27-Jul-2026,201,INF754K01TF1
ENEXT50,EQ,71.77,72.45,71.77,72.45,72.45,71.72,14057,1016581.84,27-Jul-2026,9,INF754K01XF3
ENIFTY,EQ,24.58,24.58,24.06,24.18,24.22,23.99,1605,38783.77,27-Jul-2026,56,INF754K01VX0
ESENSEX,EQ,77.54,77.54,76.7,77.19,77.19,76.72,14180,1092629.10,27-Jul-2026,15,INF754K01VY8
ESILVER,EQ,222.48,223.07,221.73,222.69,222.9,219.61,402859,89711887.49,27-Jul-2026,2392,INF754K01SF3
EDELWEISS,EQ,117.99,118.9,115.31,116.91,117.03,117.02,2138758,249910823.22,27-Jul-2026,23361,INE532F01054
EDUCOMP,BZ,0.9,0.95,0.87,0.9,0.88,0.91,37562,34268.31,27-Jul-2026,100,INE216H01027
EFCIL,EQ,197,199.85,195,197.05,198.05,195.3,140108,27637109.64,27-Jul-2026,2748,INE886D01026
EFFWA,ST,370.05,383.7,364,379.9,379.9,381.75,12400,4621140.00,27-Jul-2026,24,INE0U9101019
EICHERMOT,EQ,7680,7847,7648,7769.5,7758,7628,367549,2853335417.50,27-Jul-2026,36446,INE066A01021
EIDPARRY,EQ,758,774,755.5,771.15,770.8,758,149486,114538518.05,27-Jul-2026,12823,INE126A01031
EIHAHOTELS,EQ,312,320.9,312,316.95,318,310.9,6800,2155863.40,27-Jul-2026,579,INE276C01014
EIHOTEL,EQ,327.05,331.75,327.05,330.65,330.9,326.4,98370,32444830.65,27-Jul-2026,4438,INE230A01023
EIMCOELECO,EQ,1822.2,1844,1800.1,1829.8,1828.1,1789.2,17827,32529710.00,27-Jul-2026,2635,INE158B01016
ELANTAS,EQ,9344,9648,9290,9555,9510,9266,720,6831517.00,27-Jul-2026,234,INE280B01018
ELCIDIN,EQ,105505,112000,105505,110725,109500,109500,11,1207575.00,27-Jul-2026,11,INE927X01018
ELDEHSG,EQ,818,818.4,762.1,774.1,769.95,778.3,1155,902714.30,27-Jul-2026,96,INE668G01021
ELECON,EQ,424,436.85,418.35,423.7,423,421.65,1284270,546369680.55,27-Jul-2026,33590,INE205B01031
EFORCE,SM,21.25,21.25,20.3,21,21,21.25,12000,248520.00,27-Jul-2026,10,INE0Q1W01012
EMIL,EQ,130.95,132.52,125.18,125.67,125.8,129.64,2168808,276104101.74,27-Jul-2026,14001,INE02YR01019
ELECTCAST,EQ,72.28,73.64,72,72.14,72.05,72.1,637363,46279940.96,27-Jul-2026,6516,INE086A01029
ELECTHERM,EQ,1039,1047,1000,1030.2,1015,1008.2,15666,16036113.80,27-Jul-2026,1388,INE822G01016
ELGNZ,SM,107.4,109,101,103.3,102.2,104.75,17000,1768250.00,27-Jul-2026,14,INE0R9101015
ELGIEQUIP,EQ,578.25,584.3,575.1,578.85,575.1,577.3,95386,55260121.45,27-Jul-2026,8298,INE285A01027
ELGIRUBCO,EQ,56.5,56.9,55.2,56.62,56.8,54.58,22265,1251652.74,27-Jul-2026,443,INE819L01012
ELIN,EQ,101.5,103.57,100.42,101.41,101.49,101.13,122496,12425215.07,27-Jul-2026,1413,INE050401020
ELITECON,EQ,15.64,16.2,15.53,15.98,16,15.51,1784679,28478450.15,27-Jul-2026,4600,INE669R01026
ELLEN,EQ,287,287,279.2,282.45,281.85,281.2,240990,68150431.05,27-Jul-2026,5397,INE236E01022
ELPROINTL,EQ,175.43,178.5,174.5,177.89,178.5,176.52,189067,33335349.40,27-Jul-2026,1069,INE579B01039
EMAMILTD,EQ,409.8,419.6,406.55,414.1,413.1,407.9,548841,226265730.50,27-Jul-2026,15986,INE548C01032
EMAMIPAP,BE,118.15,120,112.28,112.28,112.28,118.18,71198,8030501.60,27-Jul-2026,406,INE830C01026
EMAMIREAL,BE,78,82.25,78,79.84,78.62,79.92,2426,191593.95,27-Jul-2026,42,INE778K01012
EMBDL,EQ,62,63.1,61.39,62.17,62,61.21,1122374,70180112.74,27-Jul-2026,6780,INE069I01010
EMBASSY,RR,439,445.38,437.06,437.95,438,437.98,765622,336364698.20,27-Jul-2026,30265,INE041025011
EMCURE,EQ,1898,1938.6,1882.1,1924.8,1916,1881,253294,487206583.50,27-Jul-2026,23200,INE168P01015
ETML,SM,84.9,86.05,84,84,84,84.9,46800,3966060.00,27-Jul-2026,25,INE0RHD01013
EMKAY,EQ,239.5,255.75,234.8,238.05,239.8,239.5,108351,26589136.90,27-Jul-2026,3763,INE296H01011
EMKAYTOOLS,SM,92.2,95,90.55,91.05,91.05,91.35,2250,207442.50,27-Jul-2026,10,INE332S01011
ETL,SM,1043,1043,980,990.1,990.1,970,600,598965.00,27-Jul-2026,4,INE0PXC01024
EMMBI,BE,87.96,90,86.05,87.45,87.45,87.53,5609,491720.21,27-Jul-2026,47,INE753K01015
EMMVEE,EQ,336,341.4,331.7,333.6,333.65,331,2340536,786667390.70,27-Jul-2026,27939,INE1C6T01020
EMPOWER,BE,2.39,2.42,2.37,2.4,2.41,2.38,2679426,6420614.10,27-Jul-2026,1601,INE507F01023
EMSLIMITED,EQ,406.7,411.95,398.35,401.75,402,403.3,218786,88549873.20,27-Jul-2026,6259,INE0OV601013
EMUDHRA,EQ,458.75,464.8,452.3,463.15,463.5,455.75,72386,33222691.15,27-Jul-2026,3196,INE01QM01018
ENCOMPAS,SM,224.3,238,223.45,230,232,217.1,66800,15317420.00,27-Jul-2026,63,INE433T01015
ENDURANCE,EQ,2626.7,2740.1,2616,2732.8,2725,2634,60908,164992155.90,27-Jul-2026,11502,INE913H01037
ENERGYDEV,EQ,17.45,17.7,17.05,17.14,17.1,17.45,9005,155303.50,27-Jul-2026,272,INE306C01019
EMMIL,SM,123,123,118,119.95,120,121.75,8500,1021875.00,27-Jul-2026,29,INE0S1L01013
ENFUSE,SM,171,171,171,171,171,165,600,102600.00,27-Jul-2026,1,INE0S3X01014
ENGINERSIN,EQ,226.06,229.95,225.1,226.42,226.67,225.21,837874,189962829.99,27-Jul-2026,15197,INE510A01028
ENSER,SM,14.7,14.7,14.45,14.45,14.45,13.65,10000,145750.00,27-Jul-2026,2,INE0R9I01021
ENTERO,EQ,1244,1277.9,1217,1273.4,1277.9,1229.6,165836,208027716.40,27-Jul-2026,10728,INE010601016
ENIL,EQ,106.1,107.72,105.61,106.06,106.95,105.63,8037,857192.44,27-Jul-2026,203,INE265F01028
EIEL,EQ,223.9,224.94,217.49,218.76,219,220.16,646608,142393965.87,27-Jul-2026,10344,INE0LLY01014
ENVIRO,SM,77.95,78.4,77.1,77.1,77.1,77.25,6000,465650.00,27-Jul-2026,6,INE0SUH01015
EPACK,EQ,236.69,237.99,231.04,232.1,232.3,234.57,209862,49012196.58,27-Jul-2026,3663,INE0G5901015
EPACKPEB,EQ,256,256.8,250,255.19,255.3,251.92,374100,95107862.10,27-Jul-2026,7447,INE0MLS01022
EPIGRAL,EQ,1192.7,1208.9,1111.2,1157,1165,1162.7,649654,751874988.50,27-Jul-2026,49004,INE071N01016
EPL,EQ,232.8,240.07,231.45,239.06,239.38,233.06,231791,55074015.85,27-Jul-2026,6643,INE255A01020
EEPL,SM,101.6,108,101.6,104.45,105,100.6,29000,3045100.00,27-Jul-2026,29,INE11HF01010
EPWINDIA,ST,255.05,257.1,255.05,256.7,256,260,8400,2155380.00,27-Jul-2026,5,INE1KEC01023
EQUIPPP,BE,23.45,25.1,22.88,25.03,25.1,24.01,231519,5772822.71,27-Jul-2026,96,INE217G01035
EQUITASBNK,EQ,79.61,80.29,78.61,79,78.75,78.34,2138413,169728344.79,27-Jul-2026,19397,INE063P01018
ERIS,EQ,1399,1414,1386.1,1403.5,1413.2,1400.6,38227,53473270.90,27-Jul-2026,11280,INE406M01024
ESABINDIA,EQ,5699,5703.5,5602,5621.5,5608,5649.5,2031,11448022.50,27-Jul-2026,963,INE284A01012
ESAFSFB,EQ,39.99,40.2,37.5,38.29,38.16,38.69,4228358,165076731.95,27-Jul-2026,15823,INE818W01011
ESCONET,SM,138,141,129,130.4,132,136.5,18000,2412700.00,27-Jul-2026,42,INE0RQZ01017
ESCORTS,EQ,2936.9,2960,2915.4,2954.1,2959.9,2905.1,53545,157630449.10,27-Jul-2026,8474,INE042A01014
ESPRIT,SM,58.25,61,58.25,60,60,57,25600,1533760.00,27-Jul-2026,15,INE0SBP01018
ESSARSHPNG,EQ,20.03,20.6,19.9,20.43,20.6,20.17,160923,3256236.65,27-Jul-2026,704,INE122M01019
ESFL,SM,140,140,129.75,129.9,129.75,136.55,36360,4818078.00,27-Jul-2026,75,INE0ITO01014
ESTER,EQ,88.53,91.8,88.5,90.89,91.18,88.53,101157,9140213.80,27-Jul-2026,1636,INE778B01029
ETERNAL,EQ,281.5,297,281.45,295.85,295.7,280,48012383,14078584613.25,27-Jul-2026,242086,INE758T01015
ETHOSLTD,EQ,2562.9,2613.3,2562.9,2578.8,2583,2562.8,10977,28427511.20,27-Jul-2026,1929,INE04TZ01018
EUREKAFORB,EQ,439,444,434.5,439.7,439.95,432.15,179826,79054772.00,27-Jul-2026,13197,INE0KCE01017
EIFFL,BE,321,327,314,316.25,316,320,3711,1180997.90,27-Jul-2026,36,INE546V01010
EUROBOND,EQ,164.02,165.8,157.62,158.99,161,161.61,7746,1253473.81,27-Jul-2026,318,INE505V01016
EUROPRATIK,EQ,303.35,318.4,303,314.6,315,301.65,225420,70272302.55,27-Jul-2026,5323,INE198501012
EUROTEXIND,BE,12.26,12.26,12.26,12.26,12.26,12.2,19,232.94,27-Jul-2026,2,INE022C01012
EVEREADY,EQ,358.15,364,348.5,349.75,351,357,95130,33617454.80,27-Jul-2026,4492,INE128A01029
EVERESTIND,BE,543.4,545,521,540.65,544.95,524.25,21906,11713713.95,27-Jul-2026,446,INE295A01018
EKC,EQ,109.6,111.93,109.3,109.79,109.5,108.76,103914,11446058.79,27-Jul-2026,1452,INE184H01027
EXCELINDUS,EQ,940.9,997.95,927,982.15,984.55,932.15,26284,25604256.00,27-Jul-2026,2261,INE369A01029
EXCELLENT,ST,215,218,209.25,209.25,209.25,208,16000,3438960.00,27-Jul-2026,10,INE0Y4801011
EXCELSOFT,EQ,74.7,79.63,74.7,77.47,77,74.38,804813,62673857.23,27-Jul-2026,6046,INE606N01019
EXICOM,EQ,163.4,166.19,162.5,165.2,165.2,160.3,970983,159876221.44,27-Jul-2026,9737,INE777F01014
EXIDEIND,EQ,443,444.4,423.15,427,429.35,443,5848999,2536744214.20,27-Jul-2026,52378,INE302A01020
EXIMROUTES,SM,117,119.7,116.2,116.2,116.2,112,4800,564120.00,27-Jul-2026,6,INE19I001020
EXPLEOSOL,EQ,793,824.95,793,812,814.85,801.55,34009,27345781.20,27-Jul-2026,2811,INE201K01015
EXXARO,EQ,6.65,6.89,6.51,6.58,6.55,6.54,472166,3177693.54,27-Jul-2026,886,INE0GFE01026
FABTECH,EQ,149,152.99,145.1,148.9,148.3,149.73,139208,20698769.83,27-Jul-2026,3461,INE0HF201011
FACT,EQ,819.9,825,812.45,819.55,819.8,809.3,75961,62188156.90,27-Jul-2026,6120,INE188A01015
FAIRCHEMOR,BE,768.1,806.5,748.05,806.5,806.5,768.1,141631,113492532.70,27-Jul-2026,1597,INE0DNW01011
FALCONTECH,SM,11.3,11.7,11.3,11.7,11.7,11.3,2400,27600.00,27-Jul-2026,2,INE0PQK01013
FAZE3Q,EQ,555.3,562.55,551.5,552.9,555,546.95,5335,2974100.15,27-Jul-2026,343,INE963C01033
FCSSOFT,EQ,1.59,1.59,1.51,1.52,1.53,1.55,1434925,2195045.74,27-Jul-2026,1632,INE512B01022
FDC,EQ,417,419.8,411.6,417.1,417.05,412.95,60671,25223640.25,27-Jul-2026,4201,INE258B01022
FEDFINA,EQ,150,153.25,149.7,150.27,150.52,150.53,683171,102959045.88,27-Jul-2026,8922,INE007N01010
FEDDERSHOL,EQ,46.99,48.19,43.5,44.64,44.68,45.64,3826671,172212669.50,27-Jul-2026,10968,INE417D01020
FEDERALBNK,EQ,355.05,357.7,354.3,356.5,356.9,354.3,6585012,2344084256.40,27-Jul-2026,67540,INE171A01029
FMGOETZE,EQ,486.05,486.95,478.45,483.75,482,478.85,21821,10545924.85,27-Jul-2026,721,INE529A01010
FELIX,SM,181.9,181.9,176.5,177.6,177.6,178.95,15500,2770975.00,27-Jul-2026,24,INE901X01013
FERMENTA,EQ,436.7,448,436.7,442.05,439.6,432.05,122096,54072740.55,27-Jul-2026,4456,INE225B01021
FIBERWEB,EQ,30.43,30.8,29.66,30.68,30.68,30.43,20763,626103.88,27-Jul-2026,133,INE296C01020
FIDEL,SM,152,166,150,164,164,152,33000,5355650.00,27-Jul-2026,27,INE0LQQ01019
FIEMIND,EQ,2338.1,2423.9,2335.1,2356.6,2348,2331.9,67883,161664301.00,27-Jul-2026,12596,INE737H01014
FILATFASH,BE,0.19,0.19,0.18,0.18,0.19,0.18,35066145,6363991.00,27-Jul-2026,2090,INE185E01021
FILATEX,EQ,74.88,75.88,73.55,74.64,74.24,73.83,3571940,266920548.85,27-Jul-2026,18315,INE816B01035
FINBUD,SM,125,126.8,122,124.75,126.8,125.6,14000,1734050.00,27-Jul-2026,14,INE0EDU01014
FINEORG,EQ,4829,4926,4806,4838.5,4806,4828.5,9918,48235577.00,27-Jul-2026,3338,INE686Y01026
FCL,EQ,40,40.65,37.2,40.22,40.49,39.59,20485164,808134313.07,27-Jul-2026,38419,INE045J01034
FINKURVE,EQ,63.9,64.99,60.57,61.52,61.2,62.15,23723,1468757.31,27-Jul-2026,472,INE734I01027
FINOPB,EQ,169.89,171.68,165,166.46,165.43,167.06,745288,125057475.83,27-Jul-2026,8254,INE02NC01014
FINCABLES,EQ,999.9,1015,992.4,998.6,996,998.9,209703,209992222.50,27-Jul-2026,19053,INE235A01022
FINPIPE,EQ,165,166.85,163.5,163.83,163.6,163.67,290897,47959489.14,27-Jul-2026,11272,INE183A01024
FSL,EQ,256,264.13,255.77,262.23,262,253.58,1162441,304008193.12,27-Jul-2026,30406,INE684F01012
FISCHER,EQ,38.58,38.58,37.54,37.7,38,37.94,1922676,73227211.94,27-Jul-2026,2527,INE771F01041
FIVESTAR,EQ,540,557.95,538.55,540.25,543,535.2,1366135,744642595.40,27-Jul-2026,56073,INE128S01021
FLAIR,EQ,257,258.6,252.2,256.75,255.5,252.5,90668,23149296.40,27-Jul-2026,2995,INE00Y201027
FLEXITUFF,BE,4.58,4.74,4.44,4.62,4.67,4.58,54340,247209.64,27-Jul-2026,86,INE060J01017
FLYSBS,SM,473,473,458,462.4,458,466.65,13600,6281470.00,27-Jul-2026,43,INE0VCK01011
FWSTC,SM,205,205,200,200,200,200,63000,12613170.00,27-Jul-2026,36,INE0SQZ01015
FOCE,SM,569.05,569.05,569.05,569.05,569.05,599,61440,34962432.00,27-Jul-2026,54,INE0I7D01019
FOCUS,BE,73.7,75.4,69.16,71.66,71.99,72.23,28133,1989164.61,27-Jul-2026,199,INE593W01028
FOODSIN,EQ,55.12,56.5,52.91,53.63,53.57,55.05,136697,7352683.90,27-Jul-2026,3339,INE976E01023
FORCAS,ST,175,181.15,175,181.1,181.15,172.55,56000,10022160.00,27-Jul-2026,33,INE0U2501017
FORCEMOT,EQ,17809,17860,17240,17268,17289,17620,113614,1977586342.00,27-Jul-2026,32245,INE451A01017
FORGEAUTO,SM,81,85,81,85,85,84.3,2400,199200.00,27-Jul-2026,2,INE0YKW01013
FORTIS,EQ,958,958.6,939.9,942.3,943,948.7,1227263,1159801683.95,27-Jul-2026,33284,INE061F01013
FOSECOIND,EQ,5079,5118,5022,5036.5,5026,5048,1230,6222203.50,27-Jul-2026,298,INE519A01011
FRACTAL,EQ,791.05,811.05,772.85,809.3,810.5,786.75,638751,509584116.40,27-Jul-2026,38255,INE212S01015
FICRF3GP,MF,411,411,410,410,410,379,2,821.00,27-Jul-2026,2,INF090I01VX3
FRESHARA,SM,339.5,374,339,349.95,357,337.55,182400,64857240.00,27-Jul-2026,230,INE0SFW01015
FROG,ST,207.2,215.6,207.2,213.5,213.5,211.4,18800,4027340.00,27-Jul-2026,31,INE385O01018
FRONTSP,EQ,1349.9,1446.4,1336.4,1380.8,1373,1328.8,27004,37624807.50,27-Jul-2026,4105,INE572D01014
NYKAA,EQ,325,327.85,323.65,326.75,325.4,322.8,3589386,1169554692.90,27-Jul-2026,34877,INE388Y01029
UTLSOLAR,EQ,385.6,387.95,380.4,384.4,384.3,383.8,181974,69717197.05,27-Jul-2026,8020,INE12UR01024
FUSION,EQ,218,228.5,218,220.7,220.39,216.48,554472,124015050.18,27-Jul-2026,9293,INE139R01012
FLFL,BZ,1.41,1.41,1.33,1.34,1.34,1.4,35238,47232.19,27-Jul-2026,74,INE452O01016
FCONSUMER,BZ,0.27,0.29,0.27,0.27,0.27,0.28,3267712,888721.44,27-Jul-2026,880,INE220J01025
FEL,BZ,0.38,0.38,0.37,0.37,0.38,0.37,123991,46761.17,27-Jul-2026,74,INE623B01027
FELDVR,BZ,2.56,2.56,2.37,2.37,2.37,2.49,1644,3905.80,27-Jul-2026,22,IN9623B01058
FMNL,BE,9.21,9.36,9.02,9.18,9.19,9.21,10952,101119.99,27-Jul-2026,55,INE360L01017
GMBREW,EQ,913.95,913.95,897,905.6,897,904.45,14741,13371324.50,27-Jul-2026,1629,INE075D01018
GRINFRA,EQ,878,883.55,872.5,877.45,875,869.85,6380,5598858.40,27-Jul-2026,748,INE201P01022
GTECJAINX,BE,28.64,28.65,28.64,28.64,28.64,28.64,2654,76012.61,27-Jul-2026,23,INE586X01012
GABRIEL,EQ,1370.1,1449,1369,1437.8,1442,1363.5,662635,940465402.50,27-Jul-2026,37761,INE524A01029
GATECH,EQ,0.48,0.53,0.48,0.49,0.49,0.48,11410406,5763200.13,27-Jul-2026,1041,INE224E01028
GATECHDVR,EQ,0.45,0.46,0.44,0.44,0.44,0.43,456472,203683.05,27-Jul-2026,155,INE224E01036
GAIL,EQ,170.11,174.89,170.11,174.23,173.91,170.02,10641180,1843173240.54,27-Jul-2026,102454,INE129A01019
GAJANAND,SM,8.15,8.15,8.15,8.15,8.15,8.6,3000,24450.00,27-Jul-2026,1,INE0QTE01018
GALAPREC,EQ,1151.9,1192,1147.2,1164.2,1161,1146.3,33678,39409077.90,27-Jul-2026,3817,INE0RE001014
GALAXYSURF,EQ,1952.9,1985.9,1934.2,1962.8,1968.9,1945,6391,12498096.60,27-Jul-2026,1275,INE600K01018
GALLANTT,EQ,522.1,547.25,522,547.25,547.25,521.2,176732,95949696.45,27-Jul-2026,4111,INE297H01019
GANDHAR,EQ,279,279,231,245.47,246.8,282.46,20541880,5070430610.27,27-Jul-2026,184521,INE717W01049
GANDHITUBE,EQ,877.4,883.95,870.05,875.85,875.1,868,4803,4215409.95,27-Jul-2026,314,INE524B01027
GANESHBE,EQ,113.18,114.9,110.56,112.35,112.1,111.41,517305,58296370.32,27-Jul-2026,5493,INE388A01029
GANESHCP,EQ,173.7,174.58,168.1,169.9,169.9,171.84,32572,5585296.39,27-Jul-2026,987,INE652V01016
GGBL,SM,263.25,269,263.25,263.65,264,262.8,21600,5738730.00,27-Jul-2026,69,INE0R8C01018
GANESHHOU,EQ,810,852,796.05,819.85,823.95,799.4,89342,73921566.00,27-Jul-2026,6353,INE460C01014
GANESHIN,ST,93.75,101.8,92.65,92.65,92.65,97.5,56800,5379080.00,27-Jul-2026,56,INE0TVT01024
GANECOS,EQ,1212,1243,1195,1212.1,1217,1209.4,132037,160260079.70,27-Jul-2026,8930,INE845D01014
GANGABATH,SM,21.65,22.3,21.4,21.95,21.95,21.55,18000,393450.00,27-Jul-2026,5,INE0ZI101018
GANGAFORGE,BE,1.59,1.72,1.59,1.68,1.71,1.67,13472825,22324203.70,27-Jul-2026,888,INE691Z01023
GANGESSECU,EQ,118.07,118.07,116,116.75,116,116.24,39,4554.90,27-Jul-2026,8,INE335W01016
GRSE,EQ,2579.3,2659,2570,2647.5,2628,2565.8,479760,1261447752.40,27-Jul-2026,30774,INE382Z01011
GARUDA,EQ,176.54,178,171.77,172.34,171.99,174.69,239612,41637092.89,27-Jul-2026,3502,INE0JVO01026
GRWRHITECH,EQ,6975,7199,6970,7160,7180,6903,76292,541609035.00,27-Jul-2026,10790,INE291A01017
GARFIBRES,EQ,751.4,760,747.5,753,754,748.45,23157,17419386.60,27-Jul-2026,2537,INE276A01018
GATEWAY,EQ,57.05,59,56.71,58.5,58.46,56.38,1423107,82998971.51,27-Jul-2026,9362,INE079J01017
GAUDIUMIVF,BE,148.87,148.87,148.87,148.87,148.87,151.9,13165,1959873.55,27-Jul-2026,218,INE0P8B01020
GAYAHWS,EQ,1.92,1.92,1.85,1.88,1.88,1.88,126331,237940.01,27-Jul-2026,256,INE287Z01012
GAYAPROJ,BE,21.1,21.1,20,20.21,20.4,20.73,299650,6113852.74,27-Jul-2026,1223,INE336H01023
GRCL,ST,585,585,585,585,585,596,250,146250.00,27-Jul-2026,1,INE0LVM01018
GVPIL,EQ,805,815.55,777.6,779.85,781,800.7,134857,106231111.65,27-Jul-2026,6207,INE878A01011
GVT&D,EQ,4215,4338.4,4135,4202.3,4213.2,4157.4,1316155,5592447855.50,27-Jul-2026,113540,INE200A01026
GEECEE,BE,342.7,344,340.2,340.9,340.2,334.15,1005,343497.65,27-Jul-2026,17,INE916G01016
GEEKAYWIRE,EQ,23.85,24.74,23.51,23.91,24.15,23.79,82660,1987286.92,27-Jul-2026,1376,INE669X01032
GEMAROMA,EQ,181.1,191.5,181.1,189.37,191.44,178.1,179131,33460692.88,27-Jul-2026,3669,INE06XZ01023
GICRE,EQ,358.3,360.6,357.1,359.2,358.95,357.5,314450,112741223.15,27-Jul-2026,21141,INE481Y01014
GENCON,EQ,40.5,40.99,40.01,40.46,40.01,40.52,266584,10773463.47,27-Jul-2026,1629,INE854S01022
GENESYS,EQ,305,306.3,297.3,300.55,301,297.7,147856,44483662.90,27-Jul-2026,4583,INE727B01026
GENSOL,BZ,17.44,17.44,17.44,17.44,17.44,18.35,82755,1443247.20,27-Jul-2026,349,INE06H201014
GENUSPAPER,EQ,12.13,12.65,12.12,12.59,12.44,11.92,139558,1739464.95,27-Jul-2026,644,INE949P01018
GENUSPOWER,EQ,317.8,329,314.2,322,322.5,315.6,5483067,1761531619.20,27-Jul-2026,70784,INE955D01029
GENXAI,SM,71.45,74.8,70.05,74.65,74.5,70.7,43200,3151980.00,27-Jul-2026,33,INE1W0N01014
GEOJITFSL,EQ,76.19,77.98,75,75.16,75.48,76.15,251893,19208148.04,27-Jul-2026,2487,INE007B01023
GFLLIMITED,EQ,46.7,47.35,46,46.95,47.1,45.95,44432,2072071.87,27-Jul-2026,1011,INE538A01037
GHCL,EQ,437,442.3,435.55,438.6,437.05,436.2,249684,109623746.70,27-Jul-2026,3835,INE539A01019
GHCLTEXTIL,EQ,117,120.9,116,116.15,116.2,115.82,938372,111059700.66,27-Jul-2026,12394,INE0PA801013
GICHSGFIN,EQ,147.25,149.8,146.55,148.26,148.49,146.87,80520,11875404.87,27-Jul-2026,2137,INE289B01019
GILLANDERS,EQ,89.86,89.86,88,88.14,88.14,87.98,287,25341.19,27-Jul-2026,10,INE047B01011
GILLETTE,EQ,7850,8100,7829,7940.5,7943,7828.5,15054,119428636.00,27-Jul-2026,5124,INE322A01010
GINNIFILA,BE,47.1,49.3,47.1,48.98,49.19,47.06,40623,1957655.57,27-Jul-2026,189,INE424C01010
GIRIRAJ,SM,89.95,89.95,81.5,81.5,81.5,85.75,7000,589250.00,27-Jul-2026,22,INE614Z01017
GKENERGY,EQ,137.48,138.69,135.61,136.69,136.7,136.14,305846,41911742.82,27-Jul-2026,3953,INE1AG301022
GKWLIMITED,EQ,1640.7,1675,1600,1609.6,1608,1640.7,1299,2102863.10,27-Jul-2026,131,INE528A01020
GLAND,EQ,2381.3,2430.1,2376.1,2427.1,2430,2379.8,300623,724054519.80,27-Jul-2026,21028,INE068V01023
GLAXO,EQ,2524,2563.8,2494.1,2551.2,2550.5,2514.3,67921,172281487.20,27-Jul-2026,12374,INE159A01016
GLENMARK,EQ,2218,2220,2183.1,2196,2199,2192,593586,1306301382.10,27-Jul-2026,21803,INE935A01035
GLOBAL,EQ,101.99,105.32,101.07,103.99,104.2,101.99,69063,7152327.89,27-Jul-2026,462,INE291W01037
MEDANTA,EQ,1375,1411,1370.3,1407.2,1411,1371,320048,446766645.30,27-Jul-2026,21680,INE474Q01031
GSLSU,EQ,29.41,29.41,28.85,29.41,29.41,28.01,43770,1286910.46,27-Jul-2026,80,INE0JSX01015
GLOBALVECT,EQ,150.01,173.5,150.01,159.71,159.88,148.95,113359,18693013.37,27-Jul-2026,2445,INE792H01019
GLOBALE,BE,10.5,10.99,10.36,10.97,10.99,10.9,6398,67122.89,27-Jul-2026,25,INE0URU01010
GLOBECIVIL,EQ,40.7,41.5,39.61,40.15,40.49,39.25,48971,1987385.67,27-Jul-2026,568,INE0V3U01015
GLOBE,EQ,2.12,2.16,2.12,2.15,2.15,2.14,111925,240806.77,27-Jul-2026,141,INE581X01021
GICL,EQ,16.8,17,16,16.23,16.03,16.72,125394,2047316.25,27-Jul-2026,560,INE947T01022
GSTL,SM,17.25,17.4,17.15,17.4,17.4,18.05,10000,173400.00,27-Jul-2026,9,INE00WS01056
GLOBUSSPR,EQ,880.45,897.6,880.45,889.45,891.65,880.45,74494,66314390.05,27-Jul-2026,4073,INE615I01010
GLOSTERLTD,EQ,671.2,683.85,659.35,677.75,676,683.65,1928,1291877.70,27-Jul-2026,169,INE350Z01018
GLOTTIS,BE,65.65,67.4,63.4,66.67,66.99,66.73,76009,5016852.23,27-Jul-2026,414,INE0TQE01026
GMMPFAUDLR,EQ,816,837.7,812.05,830.75,826.1,808.05,106321,87715110.45,27-Jul-2026,6695,INE541A01023
GMRAIRPORT,EQ,107.8,108.7,107,108,107.99,107.12,10608220,1142357702.42,27-Jul-2026,27930,INE776C01039
GMRP&UI,EQ,98.17,98.9,97.52,97.62,97.7,97.59,243530,23868545.07,27-Jul-2026,2455,INE0CU601026
GNA,EQ,515,523.9,507.85,511.85,512.2,507,212597,109449417.65,27-Jul-2026,7133,INE934S01014
EBGNG,EQ,588,595,572,587.3,584.1,572.35,343611,200296953.85,27-Jul-2026,12049,INE18JU01028
GODIGIT,EQ,256.35,258.85,247.35,254.8,254.9,256.2,2772521,703480376.95,27-Jul-2026,50654,INE03JT01014
GOCOLORS,EQ,332.45,333,327.55,329.4,328.7,324.15,92615,30526774.75,27-Jul-2026,2184,INE0BJS01011
GOACARBON,EQ,378.8,381.8,374,376.35,374.35,375.65,13395,5059397.00,27-Jul-2026,535,INE426D01013
GOCLCORP,EQ,397.05,404.2,394.8,395.95,395.15,396.55,59703,23773564.85,27-Jul-2026,2083,INE077F01035
GODAVARIB,EQ,279.45,283.85,272.8,273.9,274,278.9,58628,16244775.95,27-Jul-2026,2202,INE497S01012
GPIL,EQ,235.05,238.9,230.55,237.75,238.25,240.15,2618820,614095701.95,27-Jul-2026,34958,INE177H01039
GODFRYPHLP,EQ,2144.9,2248.2,2121.2,2210.5,2215.4,2129.6,1459627,3218909308.30,27-Jul-2026,82645,INE260B01028
GODREJAGRO,EQ,579.5,583,573,574.35,574.6,573.6,85033,48996358.95,27-Jul-2026,6069,INE850D01014
GODREJCP,EQ,1065,1075,1061.1,1073.7,1075,1059.5,318835,341162034.90,27-Jul-2026,15063,INE102D01028
GODREJIND,EQ,1332.2,1352.5,1328,1332.9,1336.4,1332.2,57846,77511856.10,27-Jul-2026,7920,INE233A01035
GODREJPROP,EQ,2050.6,2086.5,2025.1,2078.8,2075,2028.7,732918,1504652338.90,27-Jul-2026,40739,INE484J01027
679GS2031,GS,100,100,99,99.15,99,100,5300,526410.00,27-Jul-2026,13,IN0020240191
709GS2074,GS,95.3,95.75,95.3,95.74,95.74,95.3,4783,455879.30,27-Jul-2026,10,IN0020240142
574GS2026,GS,101.45,101.45,100,100,100,100.39,1001,100912.45,27-Jul-2026,4,IN0020210186
591GS2028,GS,98.31,98.31,98.31,98.31,98.31,99,17800,1749918.00,27-Jul-2026,3,IN0020250034
601GS2030,GS,99,99,98,98,98,98,136400,13386631.50,27-Jul-2026,14,IN0020250067
603GS2029,GS,101,101,100,100,100,101,400,40200.00,27-Jul-2026,3,IN0020250125
610GS2031,GS,102.85,102.85,102.85,102.85,102.85,102.45,1,102.85,27-Jul-2026,1,IN0020210095
648GS2035,GS,98.11,98.5,98.11,98.5,98.5,99,200,19661.00,27-Jul-2026,2,IN0020250091
654GS2032,GS,99.8,99.8,99.8,99.8,99.8,99.56,16,1596.80,27-Jul-2026,1,IN0020210244
664GS2035,GS,97.46,97.46,97.46,97.46,97.46,97.46,2,194.92,27-Jul-2026,2,IN0020210020
667GS2050,GS,91,92.75,91,92.75,92.75,93,5551,509149.40,27-Jul-2026,15,IN0020200252
668GS2033,GS,99.8,100,98.41,100,100,99.85,3530,350175.00,27-Jul-2026,5,IN0020250133
668GS2040,GS,98.37,98.37,97,97,97,98.05,136400,13235038.35,27-Jul-2026,21,IN0020250042
676GS2061,GS,92.52,93.5,92.52,92.8,92.83,92.52,61907,5745446.31,27-Jul-2026,33,IN0020200401
690GS2065,GS,94,94.2,93.35,93.55,93.55,93.37,15011,1405399.76,27-Jul-2026,23,IN0020250018
694GS2036,GS,102.01,102.01,102.01,102.01,102.01,102.4,200,20402.00,27-Jul-2026,2,IN0020260025
695GS2061,GS,94,94,93,93.12,93,94,501,46655.00,27-Jul-2026,4,IN0020210202
699GS2051,GS,97.8,97.8,95,95,95,97.5,252,24635.30,27-Jul-2026,3,IN0020210194
702GS2027,GS,101.25,101.26,101,101.26,101.26,101.2,24904,2520372.23,27-Jul-2026,15,IN0020240043
702GS2031,GS,102.8,102.8,102.8,102.8,102.8,102.79,42,4317.60,27-Jul-2026,1,IN0020240076
704GS2029,GS,101.55,101.55,101.55,101.55,101.55,101,5000,507750.00,27-Jul-2026,1,IN0020240050
706GS2028,GS,103,103,103,103,103,103,33,3399.00,27-Jul-2026,1,IN0020230010
709GS2054,GS,100,100,99,99.2,99.2,99.24,254,25193.84,27-Jul-2026,7,IN0020240118
71GS2034,GS,102.35,102.35,102.35,102.35,102.35,103.2,3000,307050.00,27-Jul-2026,1,IN0020240019
717GS2030,GS,104.3,104.3,103.1,103.1,103.1,104.3,3951,410948.10,27-Jul-2026,4,IN0020230036
718GS2037,GS,101.21,102.34,101.21,102.34,102.34,102,6302,640164.41,27-Jul-2026,6,IN0020230077
724GS2055,GS,101.07,101.35,100.6,101.31,101.31,101.07,11556,1164957.73,27-Jul-2026,21,IN0020250075
725GS2063,GS,97.9,97.9,97.33,97.43,97.54,97.09,63602,6196647.39,27-Jul-2026,82,IN0020230044
726GS2032,GS,104.26,106,104.26,105.52,105.5,106.25,10502,1107991.05,27-Jul-2026,7,IN0020220060
726GS2033,GS,105.5,105.5,105.5,105.5,105.5,105.76,10,1055.00,27-Jul-2026,1,IN0020220151
73GS2053,GS,100.24,100.24,99.6,100.13,100.14,100.24,65571,6558435.94,27-Jul-2026,18,IN0020230051
734GS2064,GS,99.56,99.8,99.35,99.48,99.5,99.4,41008,4080378.18,27-Jul-2026,36,IN0020240035
736GS2052,GS,100.9,101.25,100.51,101.25,101.25,101.65,510,51385.18,27-Jul-2026,10,IN0020220086
737GS2028,GS,105,105,102,102.41,102,105,22700,2335230.00,27-Jul-2026,12,IN0020230101
74GS2062,GS,100.3,101.5,100.05,101,101.5,101.45,707,71221.93,27-Jul-2026,7,IN0020220094
741GS2036,GS,104.5,105.2,104.16,104.61,104.6,104.14,189949,19843264.60,27-Jul-2026,43,IN0020220102
743GS2076,GS,98.9,99.54,97.7,99.41,99.41,98.9,105197,10446971.40,27-Jul-2026,148,IN0020250117
746GS2073,GS,102.45,102.45,100.5,101,101,100.99,3087,311713.30,27-Jul-2026,7,IN0020230127
750GS2056,GS,103,103,103,103,103,103,45,4635.00,27-Jul-2026,3,IN0020260017
754GS2036,GS,106.16,106.92,106.15,106.5,106.41,106.18,301847,32116975.62,27-Jul-2026,166,IN0020220029
771GS2066,GS,104.2,105,104.05,104.05,104.05,104.25,104,10837.55,27-Jul-2026,5,IN0020260033
1018GS2026,GS,104.35,104.35,104.01,104.05,104.01,104.25,2001,208498.98,27-Jul-2026,10,IN0020010081
710GS2029,GS,104.19,104.19,104.19,104.19,104.19,103.2,1,104.19,27-Jul-2026,1,IN0020220011
716GS2050,GS,98.01,102,98,102,102,100.01,6210,615400.90,27-Jul-2026,8,IN0020200054
738GS2027,GS,101.7,102.1,101.7,101.95,101.99,102,14652,1493582.85,27-Jul-2026,20,IN0020220037
769GS2043,GS,105,105,103,103,103,105.4,397,41671.00,27-Jul-2026,2,IN0020190040
772GS2049,GS,108.85,108.85,108.85,108.85,108.85,114.54,1,108.85,27-Jul-2026,1,IN0020190032
824GS2027,GS,106,106,106,106,106,105.98,1501,159106.00,27-Jul-2026,2,IN0020060078
897GS2030,GS,111,111,110.9,110.9,110.9,110.72,5102,566072.00,27-Jul-2026,28,IN0020110055
92GS2030,GS,117.77,117.77,113.84,113.84,113.84,114.9,4479,510586.27,27-Jul-2026,5,IN0020130053
182D081026,TB,98.17,98.17,98.17,98.17,98.17,98,2000,196340.00,27-Jul-2026,1,IN002026Y014
182D241226,TB,97.51,97.51,97.51,97.51,97.51,97.48,500,48755.00,27-Jul-2026,1,IN002026Y121
182D300726,TB,99.5,99.5,99.5,99.5,99.5,99.5,100,9950.00,27-Jul-2026,1,IN002025Y438
364D060826,TB,99.78,99.78,99.78,99.78,99.78,99.72,200,19956.00,27-Jul-2026,1,IN002025Z195
91D240926,TB,98.42,99,98.42,99,99,98.86,800,79142.00,27-Jul-2026,3,IN002026X123
GOKEX,EQ,831,844,822.15,834.25,832,830.5,168409,140721978.70,27-Jul-2026,8582,INE887G01027
GOKULAGRO,EQ,213.94,215.26,209.65,211.55,212.04,209.93,213114,45186243.70,27-Jul-2026,4809,INE314T01033
GOKUL,EQ,39.2,40.49,39.2,39.61,40.48,39.28,131018,5217346.47,27-Jul-2026,451,INE020J01029
GOLDENTOBC,BZ,22.91,24.99,22.91,24.77,24.76,24.03,7588,176516.27,27-Jul-2026,60,INE973A01010
GOLDIAM,EQ,352.15,358.5,352.15,355.75,357.25,349.5,603390,214294085.85,27-Jul-2026,11909,INE025B01025
GOLDKART,SM,128.25,128.25,128.25,128.25,128.25,135,1250,160312.50,27-Jul-2026,1,INE06MH01016
GOLDSTAR,SM,7.1,7.1,7.1,7.1,7.1,6.85,22500,159750.00,27-Jul-2026,2,INE405Y01021
GOODLUCK,EQ,1528.8,1547.8,1505.1,1527.6,1531.5,1511.6,74674,114061831.80,27-Jul-2026,7734,INE127I01024
GOODYEAR,EQ,813,827.45,813,818.3,819.8,822.85,10402,8513347.25,27-Jul-2026,927,INE533A01012
GOPAL,EQ,265,265.05,259.25,260.15,261.4,258.25,161299,42119987.85,27-Jul-2026,7702,INE0L9R01028
GOYALALUM,EQ,6.54,6.64,6.41,6.46,6.5,6.54,59781,389567.75,27-Jul-2026,337,INE705X01026
GOYALSALT,SM,115,115,114.05,114.05,114.05,114,1200,137430.00,27-Jul-2026,2,INE0QFE01017
GPECO,ST,427.95,435,427.95,430.5,430,421.05,11000,4751460.00,27-Jul-2026,44,INE0S7E01015
GULFPETRO,BE,45.44,45.44,45.44,45.44,45.44,43.28,193586,8796547.84,27-Jul-2026,302,INE586G01017
GPTHEALTH,EQ,159.95,167,159.31,165.99,166.5,159.64,485454,79562258.82,27-Jul-2026,7718,INE486R01017
GPTINFRA,EQ,118.4,123.93,117.31,120.9,123,116.41,354437,42815969.37,27-Jul-2026,6227,INE390G01014
GRADIENTE,BE,2.64,2.77,2.6,2.77,2.77,2.64,157240,431200.71,27-Jul-2026,158,INE361K01017
GCHOTELS,ST,116,116.9,110.2,113.1,113.1,116,19800,2221320.00,27-Jul-2026,30,INE12E301017
GRANDOAK,EQ,37.5,39.35,35.77,39.17,39.35,37.48,5970,229499.46,27-Jul-2026,88,INE926B01016
GRANULES,EQ,839.95,852.25,824.4,842.8,842.85,833.55,917482,769753126.95,27-Jul-2026,30634,INE101D01020
GRAPHISAD,SM,28.6,29,28.5,29,29,29,6000,172440.00,27-Jul-2026,5,INE0POU01017
GRAPHITE,EQ,675.8,675.8,655.5,662.65,660.2,672.75,731066,486644470.75,27-Jul-2026,18224,INE371A01025
GRASIM,EQ,3100,3120,3086.1,3112.4,3120,3089.4,266078,824634554.00,27-Jul-2026,20701,INE047A01021
GRAUWEIL,EQ,75.07,75.89,74.91,75.32,74.99,73.97,61669,4636917.67,27-Jul-2026,825,INE266D01021
GRAVISSHO,EQ,30.8,30.8,29.1,29.45,29.2,30.55,2818,83200.14,27-Jul-2026,22,INE214F01026
GRAVITA,EQ,1800,1807,1772.6,1788.8,1789.5,1775.7,135647,242732363.60,27-Jul-2026,13986,INE024L01027
GREAVESCOT,EQ,247.1,251.92,244.2,245.99,246.2,246.32,1108107,274088979.66,27-Jul-2026,20579,INE224A01026
GREENLAM,EQ,256,264.95,253.25,256.3,253.5,256,183172,47518650.45,27-Jul-2026,4813,INE544R01021
GREENLEAF,ST,110.15,110.25,109.9,110.25,110.25,105,8000,881550.00,27-Jul-2026,8,INE0PLX01017
GREENPANEL,EQ,193.31,197.19,191.1,191.86,191.3,194.24,104048,20070045.91,27-Jul-2026,6144,INE08ZM01014
GREENPLY,EQ,301.1,303.35,291.6,294.75,294,298.15,364020,107832429.80,27-Jul-2026,8929,INE461C01038
GCSL,EQ,534,538.7,528.25,531.1,530,531,375553,200258124.50,27-Jul-2026,3972,INE199P01028
GRINDWELL,EQ,2017.7,2028,1951,2014.6,2015,2011.6,54759,109141599.90,27-Jul-2026,9083,INE536A01023
GRMOVER,EQ,91.6,92.27,89.85,90.12,90.01,90.2,340972,30857829.36,27-Jul-2026,4244,INE192H01020
GJL,ST,162,162,154.5,154.55,154.55,160,10400,1612840.00,27-Jul-2026,8,INE1TY801010
GROWWCAPM,EQ,11.46,11.46,11.11,11.2,11.25,11.19,464006,5194252.00,27-Jul-2026,841,INF666M01MM4
GROWWCHEM,EQ,30.11,30.5,30.02,30.36,30.5,30.01,70263,2134965.02,27-Jul-2026,305,INF666M01NP5
GROWWDEFNC,EQ,93.98,94.56,93.1,94.3,94,93.47,150653,14165775.16,27-Jul-2026,2749,INF666M01IO8
GROWWEV,EQ,32.03,32.07,31.59,31.94,31.61,31.64,431242,13739459.15,27-Jul-2026,2233,INF666M01IH2
GROWWGOLD,EQ,14.01,14.06,13.99,14.02,14.03,13.93,1210717,16984611.15,27-Jul-2026,3784,INF666M01OE7
GROWWHOSPI,EQ,53.99,54.24,53.48,54.12,53.9,53.52,342069,18445965.97,27-Jul-2026,835,INF666M01OD9
GROWWLIQID,EQ,109.52,110.09,109.52,110.08,110.08,110.07,629260,69270310.93,27-Jul-2026,330,INF666M01IP5
GROWWLOVOL,EQ,10.49,10.52,10.25,10.5,10.5,10.35,12655,132588.94,27-Jul-2026,134,INF666M01LB9
GROWWMC150,EQ,229.42,230.87,228.59,228.96,228.96,227.37,498,114401.55,27-Jul-2026,33,INF666M01MV5
GROWWMETAL,EQ,11.6,12.08,11.6,11.86,11.85,11.84,409907,4881302.82,27-Jul-2026,2681,INF666M01NI0
GROWWMOM50,EQ,10.7,10.7,10.53,10.62,10.64,10.53,54643,578824.46,27-Jul-2026,505,INF666M01KJ4
GROWWN200,EQ,11.23,11.39,11.23,11.32,11.25,11.23,79025,893566.40,27-Jul-2026,281,INF666M01JV1
GROWWNET,EQ,9.64,9.88,9.56,9.84,9.87,9.64,266755,2615821.10,27-Jul-2026,579,INF666M01LI4
GROWWNIFTY,EQ,9.36,9.76,9.36,9.69,9.7,9.61,426495,4130772.90,27-Jul-2026,3972,INF666M01LL8
GROWWNXT50,EQ,72.72,73.12,72.3,73,73.12,72.22,2681,195184.34,27-Jul-2026,126,INF666M01LZ8
GROWWPOWER,EQ,11.84,11.84,11.64,11.73,11.73,11.67,1056177,12352091.92,27-Jul-2026,2240,INF666M01LM6
GROWWPSE,EQ,100,100.8,99.65,99.91,100.1,100.06,1521,151958.47,27-Jul-2026,56,INF666M01NQ3
GROWWPSUBK,EQ,84.3,84.94,83.07,83.98,83.58,84.05,6047,508628.07,27-Jul-2026,141,INF666M01OG2
GROWWRAIL,EQ,29.1,29.1,28.66,28.81,28.9,28.63,584116,16857248.96,27-Jul-2026,2349,INF666M01JJ6
GROWWRLTY,EQ,9.88,10.2,9.88,10.12,10.1,9.88,322807,3249959.54,27-Jul-2026,595,INF666M01MN2
GROWWSC250,EQ,10.22,10.35,10.19,10.24,10.28,10.17,305117,3143946.35,27-Jul-2026,602,INF666M01MO0
GROWWSLVR,EQ,21.83,21.91,21.76,21.81,21.86,21.59,845133,18457478.64,27-Jul-2026,2362,INF666M01OF4
PVTBKGROWW,EQ,27.9,27.95,27.11,27.55,27.39,27.35,28408,781470.86,27-Jul-2026,1354,INF666M01OT5
SMALLGROWW,EQ,47.21,47.21,46.65,47.03,47.12,46.61,5442,255528.89,27-Jul-2026,100,INF666M01PG9
GRPLTD,EQ,2066.9,2067.3,1994,2021.1,2025,2007.5,3328,6733889.70,27-Jul-2026,494,INE137I01015
GSMFOILS,SM,279,293.85,265,271.55,270.85,277.5,140500,38887050.00,27-Jul-2026,242,INE0SQY01018
GSPCROP,EQ,527.6,562,521.1,556.6,562,530.5,345999,188473564.90,27-Jul-2026,8396,INE713R01022
GSS,EQ,11.8,12.31,11.8,11.89,11.86,12.11,61537,736218.35,27-Jul-2026,180,INE871H01011
GTLINFRA,EQ,1.24,1.25,1.22,1.22,1.22,1.22,25214557,30973404.62,27-Jul-2026,10889,INE221H01019
GTL,EQ,7.17,7.8,7.17,7.36,7.44,7.17,531793,4015956.92,27-Jul-2026,1176,INE043A01012
GTPL,EQ,61.6,61.94,59.11,59.86,59.6,60.68,46906,2814966.01,27-Jul-2026,895,INE869I01013
GUFICBIO,EQ,384,386.5,377.6,382.25,383.35,378.85,48311,18526636.55,27-Jul-2026,1785,INE742B01025
GIPCL,EQ,162,163.66,160.29,162.58,162.61,157.23,296739,48163010.36,27-Jul-2026,4944,INE162A01010
GNFC,EQ,506,515,506,513.95,514,503.05,203336,104091433.75,27-Jul-2026,9919,INE113A01013
GSFC,EQ,156.25,162.19,156.25,160.08,159.8,154.56,933160,149295610.77,27-Jul-2026,17562,INE026A01025
GUJAPOLLO,EQ,374,374,356.05,359.2,359,364.35,13651,4962319.90,27-Jul-2026,2027,INE826C01016
GUJALKALI,EQ,672.5,701,672.5,694.1,693,674.8,328088,226674152.25,27-Jul-2026,11529,INE186A01019
GAEL,EQ,153.69,158.98,150.2,157.31,156.65,151.64,3107123,484016065.73,27-Jul-2026,39111,INE036B01030
GUJENERGY,EQ,266.45,267.75,262.5,265.55,265,265.45,626631,166110610.60,27-Jul-2026,36628,INE844O01030
FLUOROCHEM,EQ,4653.2,4653.2,4521.4,4563.5,4541.8,4573.7,122548,561890361.90,27-Jul-2026,17300,INE09N301011
GKSL,EQ,130.12,130.12,126.71,127.39,127.1,128.2,306451,39044191.40,27-Jul-2026,1881,INE0V0W01025
GLFL,BE,4.99,5.26,4.99,5.26,5.26,5.01,4453,22234.04,27-Jul-2026,7,INE540A01017
GMDCLTD,EQ,565,568,560.1,562.15,562,562.55,472075,266207326.60,27-Jul-2026,14936,INE131A01031
GNRL,EQ,92.95,93.75,91.65,92.09,92.85,92.53,53339,4934934.90,27-Jul-2026,953,INE207H01018
GPPL,EQ,150.12,151.86,147.74,148.31,148,149.23,1639150,244773193.54,27-Jul-2026,14231,INE517F01014
GUJRAFFIA,EQ,40.5,40.5,39.01,39.01,39.01,40.56,229,9115.89,27-Jul-2026,13,INE610B01024
GUJTHEM,EQ,360.5,369.9,355.9,360.75,363.9,360.5,33813,12249918.50,27-Jul-2026,1412,INE942C01045
GULFOILLUB,EQ,1028.4,1059,1020.9,1048.2,1049.2,1015.7,89310,93591992.60,27-Jul-2026,11316,INE635Q01029
GULPOLY,EQ,196.6,199.4,190.81,197.74,199,195.12,468199,91726264.87,27-Jul-2026,6111,INE255D01024
GURUNANAK,ST,37.2,37.2,37.05,37.05,37.05,38.95,3200,118800.00,27-Jul-2026,2,INE1CCX01012
GVKPIL,BE,2.43,2.45,2.39,2.39,2.41,2.43,804849,1937464.72,27-Jul-2026,915,INE251H01024
GVPTECH,EQ,6.85,7.3,6.65,6.97,6.98,6.75,161096,1130288.41,27-Jul-2026,658,INE382T01030
GYFTR,EQ,151.97,152.27,145,148.63,147.8,149.51,36262,5357106.52,27-Jul-2026,750,INE724A01017
HBESD,EQ,77.99,77.99,73.51,75.33,75.5,74.01,1843,139636.12,27-Jul-2026,34,INE640B01021
HGINFRA,EQ,538.3,545.45,538.3,539.8,542.85,536.85,36021,19463992.10,27-Jul-2026,2918,INE926X01010
HALDER,EQ,234.54,238.02,231.03,233.71,234.99,234.54,29160,6865440.60,27-Jul-2026,392,INE115S01010
HALDYNGL,BE,120.92,121,118,120.45,121,118.96,3394,407884.97,27-Jul-2026,65,INE506D01020
HALEOSLABS,EQ,1548.2,1597.9,1531,1535.6,1535,1538.4,665,1026535.90,27-Jul-2026,156,INE320X01016
HGM,EQ,46.9,53.9,45,52.4,53.5,46.73,11777,594114.20,27-Jul-2026,114,INE596H01014
HAPPSTMNDS,EQ,378,388.95,377.15,387.7,388,372.55,1510349,582659709.50,27-Jul-2026,41036,INE419U01012
HAPPYFORGE,EQ,1650,1661,1626.1,1650.7,1661,1615.5,69759,114646697.20,27-Jul-2026,7924,INE330T01021
WHITEFORCE,ST,39.85,39.85,39.85,39.85,39.85,41.9,1600,63760.00,27-Jul-2026,1,INE0TLP01015
HAPPY,ST,60.25,63.85,60.25,63.85,63.85,62.25,22000,1358100.00,27-Jul-2026,11,INE1GFG01011
HARDWYN,EQ,16.08,16.49,15.48,15.59,15.5,15.82,4082237,64652461.72,27-Jul-2026,7272,INE626Z01029
HARIOMPIPE,EQ,395,398.85,391.8,395,395,391.8,95228,37561848.10,27-Jul-2026,3516,INE00EV01017
HARRMALAYA,EQ,219,219,214.1,214.89,214.1,216.96,7481,1623938.67,27-Jul-2026,306,INE544A01019
HARSHA,EQ,411,414.4,402.4,405.75,405.9,405.65,148943,60681067.70,27-Jul-2026,6356,INE0JUS01029
HATHWAY,EQ,10.9,10.93,10.81,10.88,10.9,10.76,957666,10405739.83,27-Jul-2026,1676,INE982F01036
HATSUN,EQ,900,900,868.1,874.65,882.9,886.85,53203,46471047.20,27-Jul-2026,4786,INE473B01035
HAVELLS,EQ,1235,1246.9,1230,1237.4,1238.8,1226.9,828132,1024591437.30,27-Jul-2026,24010,INE176B01034
HAWKINCOOK,EQ,8814.5,8942.5,8790,8894.5,8800,8704,2418,21429715.50,27-Jul-2026,759,INE979B01015
HBSL,BE,50.96,50.96,47.76,48.22,49.3,49.56,1987,95546.05,27-Jul-2026,37,INE550B01022
HBLENGINE,EQ,701.1,715.8,701.05,713.75,713,698.6,657729,467278060.95,27-Jul-2026,20438,INE292B01021
HCL-INSYS,EQ,11.4,11.62,11.31,11.49,11.51,11.34,139383,1594633.68,27-Jul-2026,739,INE236A01020
HCLTECH,EQ,1284.6,1303,1277.3,1295.9,1294.9,1271,3847049,4984699159.50,27-Jul-2026,100035,INE860A01027
HDBFS,EQ,695,698.95,684.95,686.3,685.8,691.5,306980,212048154.95,27-Jul-2026,26557,INE756I01012
HDFCAMC,EQ,2515.9,2558,2515.9,2552.4,2553,2505.7,554072,1411693956.90,27-Jul-2026,32831,INE127D01025
HDFCBANK,EQ,746.1,747.95,738.1,739.55,740.25,742.8,29678752,21988422477.70,27-Jul-2026,333807,INE040A01034
HDFCGOLD,EQ,123,123,122.03,122.57,122.66,121.79,1946565,238548713.72,27-Jul-2026,9653,INF179KC1981
HDFCLIFE,EQ,555.95,558.25,550.9,552.85,552.6,555.05,1368559,757170309.05,27-Jul-2026,29867,INE795G01014
HDFCBSE500,EQ,37.01,37.74,37.01,37.29,37.72,37,250311,9330704.13,27-Jul-2026,231,INF179KC1EZ4
HDFCGROWTH,EQ,115.89,118.27,115.89,117.96,117.7,115.89,55525,6526851.98,27-Jul-2026,376,INF179KC1DJ0
HDFCLIQUID,EQ,1073.55,1073.55,1071.04,1071.05,1071.06,1070.92,15407,16502028.64,27-Jul-2026,65,INF179KC1JG3
HDFCLOWVOL,EQ,20.7,20.79,20.69,20.73,20.75,20.53,16396,339666.36,27-Jul-2026,120,INF179KC1HU8
HDFCMID150,EQ,23.23,23.27,23.11,23.24,23.21,22.99,281836,6546828.99,27-Jul-2026,1380,INF179KC1HT0
HDFCMOMENT,EQ,30.38,30.85,30.38,30.69,30.84,30.38,105586,3234241.42,27-Jul-2026,592,INF179KC1HV6
HDFCNEXT50,EQ,75.16,75.16,73.71,74,74.01,73.33,320148,23661887.79,27-Jul-2026,735,INF179KC1HS2
HDFCNIF100,EQ,25.13,25.98,25.13,25.88,25.89,25.64,121731,3151109.72,27-Jul-2026,346,INF179KC1HR4
HDFCNIFBAN,EQ,58.87,59,58.59,58.79,58.86,58.45,53737,3158729.18,27-Jul-2026,502,INF179KC1HY0
HDFCNIFIT,EQ,31.57,33,30.96,31.64,31.35,30.8,376771,11863424.63,27-Jul-2026,1104,INF179KC1IA8
HDFCNIFTY,EQ,269.53,270.84,269.26,270.58,270.8,268.19,69302,18709439.47,27-Jul-2026,1275,INF179KC1965
HDFCPVTBAN,EQ,28,28.08,27.85,27.92,27.98,27.86,333778,9316761.05,27-Jul-2026,465,INF179KC1HZ7
HDFCQUAL,EQ,57.1,58.18,57.1,58.07,58.03,57.45,30052,1745222.41,27-Jul-2026,148,INF179KC1DL6
HDFCSENSEX,EQ,87.38,87.45,86.05,86.95,87.27,86.4,52836,4591713.04,27-Jul-2026,809,INF179KC1HX2
HDFCSILVER,EQ,211.66,213.85,211.66,213.09,212.83,210.79,1807284,385227680.49,27-Jul-2026,10604,INF179KC1DI2
HDFCSML250,EQ,178.06,180.98,178.06,179.94,180.5,177.58,1684024,302536492.18,27-Jul-2026,8823,INF179KC1FB2
HDFCVALUE,EQ,123.65,125.73,123.65,125.65,125.3,124.9,9045,1135588.22,27-Jul-2026,93,INF179KC1DK8
HDFCPSUBK,EQ,86.74,86.74,84.2,84.56,84.2,84.63,136202,11536054.49,27-Jul-2026,331,INF179KC1HW4
HEADSUP,EQ,7.25,7.25,6.75,7.09,7.2,7.11,6420,44725.11,27-Jul-2026,139,INE759V01019
HEALTHX,EQ,333.7,333.7,304.5,313.55,307.05,312.85,27401,8550721.55,27-Jul-2026,1009,INE019J01013
HCG,EQ,661.6,683,661.6,676.95,683,666.55,148812,100624876.50,27-Jul-2026,15413,INE075I01017
HECPROJECT,EQ,140.2,144,135.35,137.7,139.62,139.46,25331,3540996.09,27-Jul-2026,560,INE558R01013
HEG,EQ,650,663.9,635.5,652.5,653,643.15,3378029,2208860478.10,27-Jul-2026,56961,INE545A01024
HEIDELBERG,EQ,156.79,159,156.79,158.06,157.5,156.41,54269,8562211.98,27-Jul-2026,1349,INE578A01017
HEMIPROP,EQ,134.9,135.5,134.13,135.14,135,133.37,135412,18282142.13,27-Jul-2026,1601,INE0AJG01018
HERANBA,EQ,176,179.09,173.1,175.94,175.5,174.96,20953,3690208.61,27-Jul-2026,789,INE694N01015
HERITGFOOD,EQ,335.6,338.05,323,327.2,326.9,335.3,647523,213879125.75,27-Jul-2026,10728,INE978A01027
HEROMOTOCO,EQ,5050,5125.5,5034.2,5113.8,5111,5011.1,564495,2876162134.30,27-Jul-2026,50601,INE158A01026
HESTERBIO,EQ,2376,2564.9,2376,2528.4,2542,2367.4,41089,103402610.70,27-Jul-2026,5780,INE782E01017
HEXATRADEX,EQ,155.1,170.54,155.1,157.23,158.35,155.04,66117,10957003.10,27-Jul-2026,1710,INE750M01017
HEXAGON,BE,65.47,65.47,63,64.18,64,65.51,345574,22110609.36,27-Jul-2026,1341,INE0JUI01012
HEXT,EQ,551.6,572.6,545.1,562.95,563,551.85,270444,152918897.75,27-Jul-2026,12590,INE093A01041
HFCL,EQ,200,200.9,191.1,192.54,192.06,196.85,26152896,5095954499.68,27-Jul-2026,118846,INE548A01028
HIGREEN,SM,138.75,140,137,137,137,137.5,25600,3544640.00,27-Jul-2026,32,INE0PIC01017
HITECH,EQ,85.49,87.25,85.36,86.74,86.75,84.79,289606,25008746.61,27-Jul-2026,2929,INE106T01025
HILINFRA,EQ,44.3,49.5,44.3,46.37,46.5,43.87,192373,8915578.02,27-Jul-2026,1642,INE00RL01028
HIKAL,EQ,218.11,224.5,218.11,221.98,222.25,217.4,197350,43807127.15,27-Jul-2026,5421,INE475B01022
HILTON,BE,21.35,21.69,20.51,21.05,20.89,21.14,67070,1422414.61,27-Jul-2026,212,INE788H01017
HSCL,EQ,793.2,794,771.05,790.45,790.8,789.55,7101930,5566544025.80,27-Jul-2026,72747,INE019C01026
HIMATSEIDE,EQ,81.2,81.98,80.53,81.02,80.7,80.52,402565,32754175.79,27-Jul-2026,2889,INE049A01027
HIRECT,EQ,1333.3,1359,1316.1,1332.3,1333,1301.9,161969,216580029.40,27-Jul-2026,12705,INE835D01023
HINDALCO,EQ,944.45,951.25,943.05,945.25,945,942.8,2035425,1928234576.10,27-Jul-2026,63663,INE038A01020
HINDCON,EQ,19.66,21.5,19.66,20.77,20.93,20.51,10048,208419.00,27-Jul-2026,121,INE642Y01029
HPIL,EQ,124,129,120.55,121.84,124.8,125.66,1866,228802.70,27-Jul-2026,74,INE05X901010
HGS,EQ,428.8,432.55,420,422.55,421.05,422.55,15933,6751421.65,27-Jul-2026,1059,INE170I01016
HAL,EQ,4582,4644.8,4577,4619,4618,4573.4,694103,3205919819.50,27-Jul-2026,50205,INE066F01020
HINDCOMPOS,EQ,428.6,443.55,422,423.95,426,428.4,3220,1374660.90,27-Jul-2026,346,INE310C01029
HCC,EQ,21.6,22.03,21.56,21.73,21.89,21.43,16327008,355765572.94,27-Jul-2026,18274,INE549A01026
HINDCOPPER,EQ,485.95,489.5,481,482.4,483,483.15,1932275,936867869.70,27-Jul-2026,36458,INE531E01026
HNDFDS,EQ,579.9,595,576,578.15,577.5,577.2,80724,47258737.25,27-Jul-2026,5433,INE254N01026
HMVL,EQ,91.65,95.5,91.65,95.25,95.18,93.4,67277,6381188.46,27-Jul-2026,771,INE871K01015
HINDOILEXP,EQ,160,161.81,157.61,157.98,158,162.04,257350,41013187.27,27-Jul-2026,3635,INE345A01011
HINDPETRO,EQ,390.2,396.15,386.8,393.95,395.35,381.1,7119104,2785033257.50,27-Jul-2026,64332,INE094A01015
HINDUNILVR,EQ,2155,2181.3,2152.4,2174.6,2173.6,2145,698681,1518526986.00,27-Jul-2026,36147,INE030A01027
HINDZINC,EQ,541.05,541.6,528,529.65,529,531.95,4726406,2520763644.05,27-Jul-2026,59645,INE267A01025
HINDWAREAP,EQ,216.85,228.9,214,221.05,228.9,211.9,148302,32461719.65,27-Jul-2026,2447,INE05AN01011
HISARMETAL,EQ,147.49,151,145.5,146.12,146.12,147.49,319,46703.18,27-Jul-2026,24,INE598C01011
POWERINDIA,EQ,31400,31755,30900,31550,31610,31070,125914,3954349825.00,27-Jul-2026,37277,INE07Y701011
HITECHCORP,BE,318.1,323.5,318.1,319.35,319.5,320.25,3887,1243978.55,27-Jul-2026,89,INE120D01012
HLEGLAS,EQ,424.4,426.55,415.15,418.95,418,418.95,112574,47216991.60,27-Jul-2026,4603,INE461D01028
HLVLTD,EQ,7.07,7.37,7.07,7.31,7.35,7.06,103193,751135.83,27-Jul-2026,515,INE102A01024
HMAAGRO,EQ,21.5,21.74,21.3,21.53,21.6,21.34,102072,2198095.44,27-Jul-2026,814,INE0ECP01024
850HMDA43,N0,103084.11,103084.11,103084.11,103084.11,103084.11,102981.1,15,1546261.65,27-Jul-2026,1,INE2T2Q07212
HMT,BZ,59.5,62.3,59.5,60.77,60.5,61.39,9540,582466.51,27-Jul-2026,116,INE262A01018
HOACFOODS,ST,739.95,739.95,720,722.05,730,738,2250,1631325.00,27-Jul-2026,6,INE0S6S01017
HOLMARC,SM,110,110,109,109,109,110,1500,164250.00,27-Jul-2026,2,INE0LXA01019
HOMEFIRST,EQ,1191.6,1220.1,1175,1182.5,1188,1174,149218,177538048.20,27-Jul-2026,15916,INE481N01025
HONASA,EQ,451.95,460.7,447.2,452.75,452,448.6,1134201,513475898.40,27-Jul-2026,29321,INE0J5401028
HONDAPOWER,EQ,2120.5,2135.8,2104.4,2124.2,2126,2089.2,2587,5490446.30,27-Jul-2026,452,INE634A01018
HONAUT,EQ,37650,38155,37325,37525,37765,37345,2166,81393470.00,27-Jul-2026,1141,INE671A01010
HDIL,BZ,1.66,1.7,1.66,1.66,1.68,1.68,65102,108902.52,27-Jul-2026,141,INE191I01012
HPAL,EQ,33.5,34.56,33.01,33.39,33.35,33.29,47936,1609284.91,27-Jul-2026,798,INE0GSL01024
HPTL,SM,267,271.85,267,271.85,271.85,271.85,1200,323310.00,27-Jul-2026,2,INE0VA601019
HPL,EQ,334.95,341.95,334.95,339.75,340,333.5,58133,19727167.35,27-Jul-2026,1695,INE495S01016
HSBCGOLD,EQ,126.4,126.4,123.05,125.42,125.42,124.12,755,94492.84,27-Jul-2026,28,INF336L01RX2
HUDCO,EQ,199.9,205,197.1,202.16,201.41,195.54,3848410,773497173.61,27-Jul-2026,30407,INE031A01017
HTMEDIA,EQ,24.3,26.1,24.3,24.56,24.41,24.26,177914,4431472.04,27-Jul-2026,710,INE501G01024
HUBTOWN,EQ,198,201.02,195,196.04,196.5,194.98,230322,45309456.69,27-Jul-2026,3753,INE703H01016
HUHTAMAKI,EQ,320.26,330,306.12,312.61,313.82,318.68,3886901,1233524254.05,27-Jul-2026,45832,INE275B01026
HVAX,SM,633,635,633,635,635,623,300,190200.00,27-Jul-2026,2,INE0TO501019
HYBRIDFIN,BE,18.04,19,18,18.76,18.76,18.14,1986,36183.10,27-Jul-2026,27,INE965B01022
HYUNDAI,EQ,1963,1993.7,1959.8,1984.6,1985.3,1952.6,338046,669181583.70,27-Jul-2026,17598,INE0V6F01027
IGPL,EQ,452.35,478,449.05,472.75,474,451.55,139288,65384926.65,27-Jul-2026,4668,INE204A01010
IBLFL,SM,61,61,61,61,61,61,8000,488000.00,27-Jul-2026,2,INE0O7401018
ICELCO,SM,159.6,161.1,149,153.65,154.15,159.6,241200,37113060.00,27-Jul-2026,178,INE0XE501015
ICDSLTD,EQ,41,41,39.1,39.46,39.59,40.48,142,5704.58,27-Jul-2026,11,INE613B01010
ICEMAKE,EQ,878.05,899,858,863.25,862.3,865.7,43856,38296117.80,27-Jul-2026,2794,INE520Y01019
ICICIBANK,EQ,1435.7,1449,1428.8,1445.7,1445.5,1432.9,10608300,15270561725.50,27-Jul-2026,195530,INE090A01021
ICICIGI,EQ,1667.1,1693.1,1652,1681,1682.2,1661.8,904443,1517122259.30,27-Jul-2026,61031,INE765G01017
LOWVOLIETF,EQ,22.33,22.33,22.18,22.29,22.27,22.08,3774766,83986763.07,27-Jul-2026,1624,INF109KC19U5
ICICIPRULI,EQ,504.25,510.6,501.9,509.8,509,500.55,1911594,970651861.90,27-Jul-2026,50076,INE726G01019
MIDSELIETF,EQ,19,19.51,18.87,19.45,19.51,19.14,292665,5682781.67,27-Jul-2026,864,INF109KC10W0
NIF100IETF,EQ,28.21,28.21,27.05,27.95,27.97,27.66,90927,2534789.63,27-Jul-2026,2406,INF109KC16V9
NIFTYIETF,EQ,270.32,277,270.32,272.15,272.2,269.76,488025,132521616.65,27-Jul-2026,16734,INF109K012R6
SENSEXIETF,EQ,876,884.89,875.99,883.44,884.89,876.78,5128,4521050.59,27-Jul-2026,377,INF346A01034
ICICIAMC,EQ,3129.9,3152,3113.1,3143.9,3136.9,3125.6,178886,561221160.70,27-Jul-2026,25314,INE346A01027
GOLDIETF,EQ,123.32,124,122.3,122.93,123.05,122.05,8981818,1105301926.87,27-Jul-2026,40966,INF109KC1NT3
NV20IETF,EQ,13.49,13.74,13.4,13.62,13.68,13.55,405194,5510538.13,27-Jul-2026,2358,INF109KC11V0
ICICIB22,EQ,118.24,118.24,115.01,115.53,115.56,115.36,1676239,193966713.09,27-Jul-2026,3880,INF109KB15Y7
CASHIETF,EQ,1099.28,1099.28,1072.59,1072.59,1072.59,1072.47,446572,478991147.80,27-Jul-2026,252,INF109K1A021
EVIETF,EQ,32.28,32.28,31.51,32.06,31.51,31.74,122624,3920563.44,27-Jul-2026,611,INF109K1A153
GSEC10IETF,EQ,264.87,265.5,262.46,265.45,265.45,262.25,1162,307938.24,27-Jul-2026,9,INF109KC18O0
BSE500IETF,EQ,38.3,39.49,38.3,39.1,39.08,38.74,58842,2298813.31,27-Jul-2026,1858,INF109KC1V59
GSEC5IETF,EQ,66.67,66.67,65.35,66.19,66.2,66.15,19186,1262323.08,27-Jul-2026,39,INF109KC14A8
ALPL30IETF,EQ,27.75,27.99,27.75,27.97,27.95,27.75,136783,3821751.31,27-Jul-2026,1061,INF109KC17V7
AUTOIETF,EQ,28.98,28.98,28.22,28.6,28.62,28.22,594311,16937400.26,27-Jul-2026,1921,INF109KC10V2
PVTBANIETF,EQ,28.24,28.24,27.28,27.66,27.7,27.56,1566539,43310856.93,27-Jul-2026,1828,INF109KC18U7
COMMOIETF,EQ,101.6,101.6,99.62,99.85,99.69,99.62,42678,4258334.28,27-Jul-2026,1120,INF109KC19O8
CONSUMIETF,EQ,121.76,123.27,121.76,123.07,123.25,121.14,22849,2807920.06,27-Jul-2026,358,INF109KC1V42
FMCGIETF,EQ,52.98,53.4,52.69,53.18,53.23,52.69,704739,37465641.01,27-Jul-2026,2810,INF109KC19V3
INFRAIETF,EQ,95.43,96.39,95.38,95.63,95.5,94.89,289174,27631079.07,27-Jul-2026,2212,INF109KC16E5
LIQUIDIETF,EQ,1000,1000.01,999.99,999.99,999.99,999.99,274535,274534492.10,27-Jul-2026,331,INF109KC1KT9
MIDCAPIETF,EQ,23.6,23.8,23.56,23.78,23.77,23.52,1168042,27752371.20,27-Jul-2026,2638,INF109KC11W8
MOM30IETF,EQ,30.93,30.94,30.76,30.89,30.89,30.59,343749,10605094.90,27-Jul-2026,1666,INF109KC17C7
NEXT50IETF,EQ,77.64,77.64,75.86,76.41,76.46,75.75,515005,39310079.05,27-Jul-2026,4889,INF109KC1NS5
HEALTHIETF,EQ,166.77,169.15,166.77,168.86,168.8,166.63,122302,20583183.35,27-Jul-2026,2432,INF109KC1Q72
QUAL30IETF,EQ,21.36,21.36,20.93,21.1,21.05,20.94,198857,4206854.19,27-Jul-2026,350,INF109KC18V5
SILVERIETF,EQ,221.12,223.15,221.12,222.24,222.5,220.47,3060224,681012012.93,27-Jul-2026,18998,INF109KC1Y56
ITIETF,EQ,32.43,32.82,32.34,32.73,32.72,31.97,908636,29696306.65,27-Jul-2026,1761,INF109KC16I6
BANKIETF,EQ,58.99,58.99,58.44,58.68,58.54,58.31,815088,47740547.25,27-Jul-2026,1745,INF109KC15I8
METALIETF,EQ,12.51,12.74,12.49,12.54,12.58,12.5,8121000,101929585.90,27-Jul-2026,10590,INF109KC19W1
OILIETF,EQ,11.27,11.39,11.22,11.27,11.27,11.24,1526748,17204012.46,27-Jul-2026,2308,INF109KC18W3
PSUBNKIETF,EQ,84.9,85.5,84.69,84.96,84.9,84.71,110680,9419190.20,27-Jul-2026,863,INF109KC10S8
SMALLIETF,EQ,18.15,18.15,17.7,17.86,17.98,18.2,174063,3103690.41,27-Jul-2026,323,INF109K1A476
TOP15IETF,EQ,9.77,10.02,9.77,9.9,10.02,9.73,47311,464985.11,27-Jul-2026,172,INF109K1A344
VAL30IETF,EQ,15.27,15.39,15.11,15.35,15.36,15.27,108143,1659553.74,27-Jul-2026,478,INF109KC16X5
FINIETF,EQ,32.81,32.81,32.09,32.58,32.76,32.01,320452,10380490.05,27-Jul-2026,1225,INF109KC17L8
ICRA,EQ,4801,4871,4731,4745,4741,4804,23027,110184342.50,27-Jul-2026,6997,INE725G01011
IDBI,EQ,85.6,85.9,84.16,84.48,84.32,84.93,4321340,366903730.43,27-Jul-2026,17996,INE008A01015
IDEAFORGE,BE,870.65,884.9,857,860.25,860.55,870.65,119689,103347821.35,27-Jul-2026,6705,INE349Y01013
IDEALTECHO,SM,185,185,185,185,185,185,500,92500.00,27-Jul-2026,1,INE0T9I01011
IDENTICAL,SM,20,20,19,19,19,20,6000,116200.00,27-Jul-2026,3,INE0TD101011
IDFCFIRSTB,EQ,86.3,88.76,84.7,84.88,84.83,80.79,177923165,15374233107.39,27-Jul-2026,319208,INE092T01019
IFBAGRO,BE,1030,1044.55,991,1044.55,1044.55,994.85,18606,19255784.95,27-Jul-2026,535,INE076C01018
IFBIND,EQ,1330,1368.9,1293.2,1323.8,1329.6,1304.1,246955,328505519.80,27-Jul-2026,21676,INE559A01017
IFCI,EQ,70.9,71.5,70.21,70.39,70.4,70.12,5755522,407114446.42,27-Jul-2026,19554,INE039A01010
IFGLEXPOR,EQ,201.2,208.13,200,200.88,200.07,197.67,62167,12616549.53,27-Jul-2026,3485,INE133Y01011
1225IFL28,N0,7450,7450,7001,7184,7184,7650,28,204561.00,27-Jul-2026,12,INE01XO07025
IGARASHI,EQ,463.9,463.9,452,455.65,452,456.1,23795,10860484.80,27-Jul-2026,1545,INE188B01013
837IIFL28,Y4,1001.87,1001.87,981.2,981.2,981.2,981.6,32,31439.74,27-Jul-2026,3,INE530B07658
852IIFL29,Y5,983.17,983.17,983.17,983.17,983.17,1000,20,19663.40,27-Jul-2026,2,INE530B07591
865IIFL31,Y6,980,985,970,970.08,985,997,1306,1268010.00,27-Jul-2026,15,INE530B07633
870IIFL28,Y7,1025,1025,1008,1008,1008,1015,551,557631.50,27-Jul-2026,7,INE530B07617
975IIFL28,Y0,1035.12,1035.12,1035.12,1035.12,1035.12,1032.4,76,78669.12,27-Jul-2026,1,INE530B07476
IIFLCAPS,EQ,339.6,340.95,336.7,337.7,337.9,340.2,1132308,382274607.90,27-Jul-2026,6663,INE489L01022
IIFL,EQ,565,575.4,558.6,573.2,571,556.55,1874996,1069989441.50,27-Jul-2026,28164,INE530B01024
IIFL06326,YC,985,985,981.01,982.78,981.01,1000,45,44225.25,27-Jul-2026,2,INE530B07641
IKIO,EQ,204.8,212.1,204.8,207.98,206.1,204.82,283051,58985841.18,27-Jul-2026,5465,INE0LOJ01019
IL&FSENGG,BZ,30.1,32,29.99,30.7,30.7,31.56,56693,1747844.67,27-Jul-2026,90,INE369I01014
IVC,EQ,8.2,8.36,8.2,8.27,8.32,8.23,152441,1263205.43,27-Jul-2026,640,INE050B01023
IL&FSTRANS,BZ,2.06,2.12,2,2.12,2.12,2.02,28700,59781.00,27-Jul-2026,58,INE975G01012
IMAGICAA,EQ,46.66,47.88,45.18,45.72,45.6,46.66,440861,20271768.83,27-Jul-2026,2691,INE172N01012
IMPEXFERRO,BZ,2.28,2.5,2.28,2.5,2.5,2.39,125723,313744.74,27-Jul-2026,37,INE691G01015
INCREDIBLE,EQ,34.49,35.37,32.56,33.44,33.01,33.39,31816,1075832.03,27-Jul-2026,153,INE452L01012
IMPAL,EQ,1076.1,1154.2,1072.2,1132.4,1125,1076.1,5400,6078489.60,27-Jul-2026,794,INE547E01014
INDSWFTLAB,EQ,228,240.7,228,239.91,240.4,227.49,478681,113714582.58,27-Jul-2026,6934,INE915B01019
INDTERRAIN,EQ,30.84,30.84,28.64,29.21,29.69,29.26,6916,202203.00,27-Jul-2026,102,INE611L01021
INDBANK,EQ,33.37,33.48,33.01,33.1,33.04,33.21,20250,671616.99,27-Jul-2026,362,INE841B01017
BAJAJINDEF,EQ,231.8,239.9,230.3,230.85,230.35,230.25,14350,3322268.25,27-Jul-2026,379,INE0O9T01021
INDGN,EQ,491,511.4,491,508.05,510.5,492.65,165173,83603442.85,27-Jul-2026,9835,INE065X01017
INDIAGLYCO,EQ,1171.95,1199.05,1160.7,1184.45,1184,1157.8,222525,263437518.75,27-Jul-2026,14590,INE560A01023
INDNIPPON,EQ,1203,1229.2,1191.6,1198.9,1202,1198,22084,26698077.00,27-Jul-2026,2230,INE092B01025
IPL,EQ,150.48,152.67,148.93,149.88,150.05,149.98,110128,16568729.22,27-Jul-2026,1933,INE0D6701023
INDIASHLTR,EQ,724,738,716.55,727.95,729.95,723.9,122066,88751049.90,27-Jul-2026,8636,INE922K01024
ITDC,EQ,740.25,759.5,725.2,735.15,734.9,737.4,329942,245422489.30,27-Jul-2026,14243,INE353K01014
IBULLSLTD,BE,30.84,31.8,30.5,31.16,31,30.53,4694441,146779318.62,27-Jul-2026,5167,INE126M01010
INDIAMART,EQ,1772,1783.8,1755,1759.7,1764.3,1759.9,119934,211657618.90,27-Jul-2026,12059,INE933S01016
INDIANB,EQ,835,838.6,826.1,831.25,829.8,826.1,936950,779615017.90,27-Jul-2026,21342,INE562A01011
INDIANCARD,EQ,224.04,228.15,221.7,224.6,225,223.97,1945,437664.20,27-Jul-2026,34,INE061A01014
IEML,SM,42.5,43.45,42.5,43.4,43.3,41.95,18000,775950.00,27-Jul-2026,33,INE0RRU01016
IEX,EQ,125.21,129.49,124.5,126.77,126.99,124.26,14091109,1789269522.56,27-Jul-2026,83232,INE022Q01020
INDIANHUME,EQ,394,394.9,385.7,387,386.85,387.15,45948,17875890.30,27-Jul-2026,1697,INE323C01030
IMFA,EQ,1360,1380,1342.2,1371.8,1373.6,1340.1,41870,57202938.00,27-Jul-2026,5175,INE919H01018
IOC,EQ,140.5,142,139.91,141.52,142,138.47,8260417,1162850856.53,27-Jul-2026,53328,INE242A01010
IOB,EQ,34.35,34.53,34.02,34.12,34.16,33.88,2152227,73667415.18,27-Jul-2026,10638,INE565A01014
IPHL,SM,57,66,57,66,66,55,138000,8796600.00,27-Jul-2026,92,INE0DHF01018
IRCTC,EQ,498,499.8,493.1,494,494,495.05,517297,256343264.50,27-Jul-2026,18717,INE335Y01020
IRFC,EQ,88.1,88.53,88,88.13,88.06,87.62,5143354,454181797.64,27-Jul-2026,31870,INE053F01010
IREDA,EQ,120.79,121.83,119.56,120.29,120.29,120.48,4198411,505992958.96,27-Jul-2026,23887,INE202E01016
IWP,EQ,34.48,34.48,32.54,32.88,33,32.36,2234,73626.79,27-Jul-2026,34,INE586E01020
INDIGOPNTS,EQ,1059.9,1098.7,1055.3,1073.9,1074.7,1048.9,75768,82050241.80,27-Jul-2026,8927,INE09VQ01012
INDIGRID,IV,179.98,180.2,176.9,177.2,177.4,179.27,1245183,221612640.62,27-Jul-2026,12016,INE219X23014
INDIQUBE,EQ,184.5,184.5,176,177.51,176,181.31,39427,7111842.48,27-Jul-2026,1100,INE06ST01018
INDOAMIN,BE,130.99,131.85,127.05,128.11,129.33,129.47,39564,5113685.83,27-Jul-2026,246,INE760F01028
INDOBORAX,EQ,423.95,426,392,406.6,399.95,416.1,418213,171450311.25,27-Jul-2026,12104,INE803D01021
ICIL,EQ,406.7,422,398,401.15,401.35,403.45,580542,237548658.85,27-Jul-2026,20034,INE483B01026
INDOFARM,EQ,154,158,153.38,155.38,156,152.25,139104,21730228.81,27-Jul-2026,2540,INE622H01018
INDORAMA,EQ,49,50.75,48.91,49.74,49.7,48.43,175679,8788822.93,27-Jul-2026,1342,INE156A01020
INDOTECH,BE,3400,3550,3351.1,3503.4,3510,3418,29769,103046700.20,27-Jul-2026,1495,INE332H01014
INDOTHAI,EQ,217,223,216.24,220.09,220,216.3,1498077,327379324.46,27-Jul-2026,6349,INE337M01021
INDOUS,EQ,88.18,88.7,83.6,85,84,84.98,11099,953927.25,27-Jul-2026,473,INE250Z01010
NIPPOBATRY,EQ,328,338,328,333.4,333.5,326.3,1501,496613.05,27-Jul-2026,66,INE567A01028
INDOCO,EQ,245,250.99,243.98,248.14,248,243.42,80973,20151283.86,27-Jul-2026,2270,INE873D01024
IGCL,EQ,74.6,76.45,73.23,75.17,75.35,74.55,228570,17020119.74,27-Jul-2026,1805,INE05J901018
WAAREEINDO,EQ,335.05,344.95,335.05,335.05,335.05,352.65,265859,89273392.65,27-Jul-2026,1572,INE866K01023
INDOSTAR,EQ,261,274.95,261,268.5,269.5,260.5,76295,20604486.80,27-Jul-2026,2786,INE896L01010
INDOWIND,BE,9.23,9.25,9.03,9.22,9.25,9.14,64444,592905.46,27-Jul-2026,247,INE227G01018
IGL,EQ,150.29,152.3,149.7,150.27,150.2,149.33,1779530,267929688.44,27-Jul-2026,40628,INE203G01027
INDRAMEDCO,EQ,366.6,371.95,364.6,368.6,368.95,364.6,108019,39758860.45,27-Jul-2026,2831,INE681B01017
INDUSINVIT,IV,131.07,131.77,129.57,130.63,131,130.76,164175,21412892.47,27-Jul-2026,7097,INE0NHL23019
INDUSTOWER,EQ,396,397.25,382.5,387.4,385.5,394.6,3923875,1536118049.15,27-Jul-2026,50582,INE121J01017
INDUSINDBK,EQ,1003,1015.6,1000.1,1006.65,1005,996.05,1979222,1993475425.60,27-Jul-2026,49523,INE095A01012
INDPRUD,EQ,6570,6588.5,6400,6552,6564,6570,16,104918.00,27-Jul-2026,10,INE620D01011
IITL,EQ,131.01,139,131.01,132.59,135.3,132.02,95106,12902704.20,27-Jul-2026,967,INE886A01014
INFINIUM,SM,213.8,214,206.1,206.1,206.1,209,1500,316950.00,27-Jul-2026,3,INE0MRE01011
INFLUX,SM,290.3,290.3,280.3,285,285,290.15,31200,8883750.00,27-Jul-2026,37,INE0MYZ01012
NAUKRI,EQ,1171.45,1203,1171.45,1194.3,1190,1165.5,2342436,2793393207.00,27-Jul-2026,70774,INE663F01032
INFOBEAN,EQ,159.69,161.8,156.1,157.14,158.6,157.33,220223,35107906.68,27-Jul-2026,3501,INE344S01016
INFOLLION,SM,160.05,163.05,157,158.75,158.8,159.9,10000,1596060.00,27-Jul-2026,19,INE0NNZ01013
INFOMEDIA,EQ,5.75,5.75,5.18,5.45,5.5,5.57,38681,210403.75,27-Jul-2026,126,INE669A01022
INFY,EQ,1065,1082,1057.4,1079.2,1078.3,1040.9,15956349,17160507472.60,27-Jul-2026,241917,INE009A01021
INGERRAND,EQ,4374,4442,4323.1,4378.9,4397,4354.3,31797,140391318.40,27-Jul-2026,3232,INE177A01018
INNOMET,ST,180.5,180.5,180.5,180.5,180.5,184.15,7200,1299600.00,27-Jul-2026,11,INE0S1D01010
INNOVACAP,EQ,948,975.9,948,970.4,975,950.45,43736,42263999.15,27-Jul-2026,4907,INE0DUT01020
INNOVANA,EQ,349.85,352.5,337.95,347.55,347.65,344.35,2360,819858.85,27-Jul-2026,234,INE403Y01018
ITTL,ST,69.25,69.25,69.25,69.25,69.25,70.65,105,7271.25,27-Jul-2026,1,INE070Y01023
INNOVISION,EQ,285.65,290,282.4,283.55,283.35,285.3,20237,5753573.35,27-Jul-2026,982,INE0ADB01012
INOXGREEN,EQ,193,202.58,192.4,199.05,198.5,191.87,5386399,1063612157.64,27-Jul-2026,40924,INE510W01014
INOXINDIA,EQ,2041,2041,1965.1,1985.9,1999,2004,121889,242320494.00,27-Jul-2026,15074,INE616N01034
INOXWIND,EQ,78,78.5,77.21,78.23,78.5,76.97,7107792,554864705.38,27-Jul-2026,21217,INE066P01011
INSECTICID,EQ,616.1,645,610,612.55,614.95,616.1,46257,28764587.20,27-Jul-2026,4974,INE070I01018
INA,EQ,113.02,115.79,110,112.04,112.52,112.57,396562,44979153.17,27-Jul-2026,3875,INE0LGX01024
INSPIRE,ST,8.6,9.5,8.6,9.5,9.5,9.05,4000,36200.00,27-Jul-2026,2,INE0NDX01019
INSPIRISYS,BE,101.7,101.7,97.07,99.34,101,97.88,2644,263829.06,27-Jul-2026,34,INE020G01017
ESSENTIA,BE,1.11,1.12,1.08,1.08,1.09,1.11,1192688,1309483.26,27-Jul-2026,905,INE418N01035
IPSL,SM,215,244.8,215,244.8,244.8,235,2000,467325.00,27-Jul-2026,4,INE02EE01019
INTEGRITY,ST,163,163,163,163,163,160,1200,195600.00,27-Jul-2026,1,INE0YSH01017
INTELLECT,EQ,735.35,748.3,713.25,717.7,714,732.2,545930,397850252.45,27-Jul-2026,20023,INE306R01017
INTENTECH,EQ,90,92.9,88.5,89.02,89.49,90.45,18288,1644999.03,27-Jul-2026,362,INE781A01025
INTERARCH,EQ,1800,1850,1800,1827.1,1829.3,1799.3,27618,50550764.20,27-Jul-2026,3612,INE00M901018
INDIGO,EQ,5111,5242.5,5095,5230,5240,4985,1731299,8977937393.00,27-Jul-2026,104301,INE646L01027
INM,SM,179.6,181,179.6,180,180,175,4200,757950.00,27-Jul-2026,6,INE0OPC01015
INTLCONV,EQ,76.2,76.98,73.31,74.93,75.18,75.05,42439,3194749.75,27-Jul-2026,1097,INE575C01027
IGIL,EQ,336.1,340.1,328.05,329.7,329.35,338.15,714283,237359138.50,27-Jul-2026,34839,INE0Q9301021
ISFT,EQ,79.2,79.2,75.05,77.07,77,76.24,12671,982319.56,27-Jul-2026,174,INE566K01011
INVENTURE,EQ,0.9,0.94,0.9,0.91,0.91,0.89,1402535,1299351.72,27-Jul-2026,394,INE878H01024
IKS,EQ,1761,1835,1761,1829,1835,1759.8,129614,233834534.20,27-Jul-2026,13156,INE115Q01022
IVZINGOLD,EQ,124.95,125.25,124.35,125,125,124.05,9767,1219903.60,27-Jul-2026,144,INF205KA1BP1
IVZINNIFTY,EQ,2745,2754.49,2736.32,2752.73,2754.3,2726.94,426,1170109.34,27-Jul-2026,59,INF205K01DA9
INVPRECQ,BE,984.75,998.8,931,971,960,979.85,3712,3573955.75,27-Jul-2026,170,INE155E01016
INVICTA,ST,66.7,66.85,66.7,66.75,66.75,63.75,8000,534160.00,27-Jul-2026,5,INE0XJ501010
IOLCP,EQ,150.9,152.9,149.56,151.46,151.25,149.22,1217772,184546230.80,27-Jul-2026,11493,INE485C01029
IONEXCHANG,EQ,430,434.4,423.9,427.4,426.9,425.1,647993,278244441.40,27-Jul-2026,18392,INE570A01022
IPCALAB,EQ,1762.7,1800,1749.6,1777.6,1789,1762.7,119666,212003199.00,27-Jul-2026,20101,INE571A01038
IRB,EQ,19.88,19.95,19.6,19.62,19.6,19.61,4354101,85732770.54,27-Jul-2026,12978,INE821I01022
IRBINVIT,IV,63.3,63.95,63.19,63.47,63.49,63.01,1310922,83195699.49,27-Jul-2026,7118,INE183W23014
IRCON,EQ,127.59,128.22,126.1,126.48,126.43,126.07,660499,83737514.60,27-Jul-2026,9080,INE962Y01021
880IREDA34,N6,1260,1260,1260,1260,1260,1255,69,86940.00,27-Jul-2026,2,INE202E07153
IRISDOREME,EQ,48,49.8,46.35,48.29,48.94,47.83,1814818,87703525.23,27-Jul-2026,12429,INE01GN01025
IRIS,EQ,248.5,254.4,241.55,244.25,241.55,244.5,21765,5379035.75,27-Jul-2026,699,INE864K01010
IRMENERGY,EQ,255.05,265,255,258.8,257.95,254.55,58820,15261038.00,27-Jul-2026,1945,INE07U701015
920ISF28B,N0,9909.56,9909.56,9909.56,9909.56,9909.56,9867.21,5,49547.80,27-Jul-2026,2,INE413U07459
925ISF28,N0,9661.55,9661.55,9661.55,9661.55,9661.55,9661.55,6,57969.30,27-Jul-2026,1,INE413U07442
950ISF27A,N0,99592.86,99592.86,99592.86,99592.86,99592.86,99679.94,2,199185.72,27-Jul-2026,1,INE413U07392
950ISF27C,N0,9850,9960,9850,9960,9960,9930,42,416120.00,27-Jul-2026,7,INE413U07426
ISGEC,EQ,861.4,872,854.65,859.25,861.4,855.6,14481,12506083.30,27-Jul-2026,1922,INE858B01029
ISHANCH,EQ,51.65,53.68,51.65,52.64,52.9,52.14,3698,195776.66,27-Jul-2026,46,INE561M01018
ISHAN,SM,0.5,0.5,0.5,0.5,0.5,0.5,144000,72000.00,27-Jul-2026,3,INE0LCW01025
ITALIANE,SM,32.2,32.2,31.7,31.85,31.85,33,24000,766700.00,27-Jul-2026,12,INE0R7R01018
ITCHOTELS,EQ,161.22,166.45,161,165.43,166.15,159.92,2555776,419840695.57,27-Jul-2026,37183,INE379A01028
ITC,EQ,287.75,287.9,285.5,285.85,285.95,283.45,19312804,5536084594.50,27-Jul-2026,236925,INE154A01025
ITI,EQ,277.45,279.85,275.55,276.1,276.8,275.15,142075,39364033.70,27-Jul-2026,3939,INE248A01017
IVALUE,EQ,293.95,296.85,287.7,288.9,289.95,287.7,395532,115170628.10,27-Jul-2026,19189,INE056801025
IVP,BE,153.8,157.9,153.8,154.28,156.8,151.02,2136,331053.00,27-Jul-2026,45,INE043C01018
IWARE,ST,495,495,469.25,472.75,475,493.9,18000,8537970.00,27-Jul-2026,29,INE1AII01014
IZMO,EQ,1107,1130,1090.1,1104,1110,1104.5,70875,78569563.50,27-Jul-2026,5584,INE848A01014
J&KBANK,EQ,174,178.05,172,177.51,177.04,172.57,3410387,599092917.06,27-Jul-2026,29691,INE168A01041
JGCHEM,EQ,506.45,512,501.05,507.75,505.05,505.35,157788,79976087.50,27-Jul-2026,5523,INE0MB501011
JAGRAN,EQ,63.49,63.69,62.1,62.31,62.39,62.85,178008,11138651.73,27-Jul-2026,2628,INE199G01027
JAGSNPHARM,EQ,221.61,232,217.18,229.61,229.9,221.61,68559,15565182.35,27-Jul-2026,2193,INE048B01035
JAIBALAJI,BE,61.44,62.49,60.61,61.34,61.59,61.24,282117,17370470.96,27-Jul-2026,645,INE091G01026
JAICORPLTD,EQ,101.2,103,101.2,102.69,102.75,100.33,222591,22804729.87,27-Jul-2026,2690,INE070D01027
JISLDVREQS,EQ,21.78,22.1,21.32,21.92,21.52,21.28,18803,411962.99,27-Jul-2026,53,IN9175A01010
JISLJALEQS,EQ,30.5,31.04,30.26,30.43,30.4,30.37,902016,27585756.84,27-Jul-2026,4546,INE175A01038
JAINREC,EQ,342,346.45,336.15,338.45,337.45,341,721453,246522607.10,27-Jul-2026,17724,INE0YD401026
JAINIK,SM,173.8,178.65,173.8,178.4,178.4,174,9600,1701600.00,27-Jul-2026,7,INE0XIL01012
JPPOWER,EQ,17.2,17.29,16.95,17.01,16.99,16.95,28221162,482891302.28,27-Jul-2026,23243,INE351F01018
JALAN,ST,1.6,1.6,1.6,1.6,1.6,1.65,51000,81600.00,27-Jul-2026,10,INE349X01015
JAMNAAUTO,EQ,133.73,136.26,132.67,135.06,135.1,132.67,1623281,218063641.97,27-Jul-2026,14764,INE039C01032
JSFB,EQ,544,559.6,532,537.25,537,536.95,428226,231687845.40,27-Jul-2026,16980,INE953L01027
JARO,EQ,480.5,480.55,472.4,478.55,480,475.7,101111,48362404.10,27-Jul-2026,1746,INE00YJ01010
JASH,EQ,511,519.9,507.15,516.8,516.65,508,99741,51153350.00,27-Jul-2026,8471,INE039O01029
JAYBEE,SM,87,90.45,86.7,89.9,90.4,88,14000,1240125.00,27-Jul-2026,24,INE0SMY01017
JAYBARMARU,EQ,165,169.42,161,169.42,169.42,161.36,430679,71250157.87,27-Jul-2026,4386,INE571B01036
KORE,SM,165,177.6,160,177.2,177.45,167.5,5750,988537.50,27-Jul-2026,20,INE0J6801010
JAYAGROGN,EQ,222.32,237,219.11,232.68,237,222.32,13851,3148216.13,27-Jul-2026,400,INE785A01026
JAYNECOIND,EQ,88,88.74,87,87.58,87.24,86.76,3068361,269804263.44,27-Jul-2026,19476,INE854B01010
JAYESH,SM,133.9,140,133.9,140,140,129,3000,408900.00,27-Jul-2026,3,INE1AE401014
JAYKAY,EQ,164.4,170.58,164.4,167.99,169.5,165.16,60169,10133488.29,27-Jul-2026,1371,INE903A01025
JAYSREETEA,EQ,82.38,82.4,80,80.53,80.1,80.68,19965,1613655.45,27-Jul-2026,415,INE364A01020
JBMA,EQ,659,672,659,665,665.4,656.05,185743,123740785.80,27-Jul-2026,7872,INE927D01051
JSLL,EQ,557.5,581.45,557.5,565.35,562.8,554.8,483511,275316657.90,27-Jul-2026,14291,INE0J5801029
JETFREIGHT,EQ,22.63,24.52,22.63,23.44,23.43,22.88,390592,9297948.70,27-Jul-2026,1367,INE982V01025
JEYYAM,ST,26.3,26.75,25.7,26,26,26.2,22000,575100.00,27-Jul-2026,10,INE0RXB01022
JFLLIFE,SM,11.9,11.9,10.85,11.25,11.45,11.35,48000,549300.00,27-Jul-2026,7,INE0LA901015
JHS,EQ,7.41,7.75,7.34,7.4,7.34,7.49,57649,428685.33,27-Jul-2026,130,INE544H01014
RETAIL,EQ,16.57,17.95,16.57,17.51,17.58,16.65,6597,114790.18,27-Jul-2026,64,INE03DD01011
JPOLYINVST,EQ,1026.4,1057.9,1026.4,1043.1,1036.1,1029.1,4498,4694906.20,27-Jul-2026,720,INE147P01019
JINDRILL,EQ,601.3,602.5,589,594.35,591.3,605.1,94034,55849832.40,27-Jul-2026,3085,INE742C01031
JINDALPHOT,EQ,1090.5,1090.5,1045.1,1063.4,1060.1,1076.1,3204,3414015.70,27-Jul-2026,468,INE796G01012
JINDALPOLY,EQ,637.6,646.95,633.3,635.4,637.9,637.35,7824,4993866.65,27-Jul-2026,740,INE197D01010
JINDALSAW,EQ,257.4,259.5,250,250.85,250.9,255.35,690623,175450828.70,27-Jul-2026,13895,INE324A01032
JSL,EQ,720,726.75,710.1,724,724.2,714.25,338590,243735487.55,27-Jul-2026,26581,INE220G01021
JINDALSTEL,EQ,1055,1068.2,1036,1065.7,1066,1035.8,2617855,2777578456.30,27-Jul-2026,70538,INE749A01030
JINDWORLD,EQ,38.1,40.4,37.5,39.43,39.15,37.83,55992502,2190768721.81,27-Jul-2026,123513,INE247D01039
JKIPL,BE,96.45,98,93.5,96.88,96.67,96.69,13919,1348890.19,27-Jul-2026,100,INE1FF001016
JIOFIN,EQ,237,237.4,235.26,236.17,236.24,234.71,6984152,1649186077.86,27-Jul-2026,59868,INE758E01017
JITFINFRA,EQ,370,373.95,347.15,350.35,348.6,365.4,36661,12993713.85,27-Jul-2026,899,INE863T01013
JIWANRAM,SM,4.9,4.9,4.9,4.9,4.9,4.9,6000,29400.00,27-Jul-2026,1,INE0N5H01017
JKCEMENT,EQ,5699.5,5749,5631,5730,5732,5649,39940,228406023.00,27-Jul-2026,13985,INE823G01014
JKLAKSHMI,EQ,576.9,578.7,571.5,574.2,575.1,572.5,59113,33960207.65,27-Jul-2026,5779,INE786A01032
JKPAPER,EQ,406.7,419.2,403.7,414.55,417.3,401.45,2094793,862822411.90,27-Jul-2026,46117,INE789E01012
JKTYRE,EQ,396,402.2,394.3,399.6,399.4,390.6,438325,174845888.65,27-Jul-2026,11242,INE573A01042
JKIL,EQ,492.9,496,485.15,489,487.05,485.65,98303,48115904.10,27-Jul-2026,2198,INE576I01022
JMFINANCIL,EQ,123,125.74,122.66,124.36,124,122.05,1505925,187533332.67,27-Jul-2026,18458,INE780C01023
JNKINDIA,EQ,472,481.7,465.1,469.4,470.9,470.9,173799,82397272.80,27-Jul-2026,4866,INE0OAF01028
JOCIL,BE,147.9,149,146.42,148,148,147.9,2251,334844.50,27-Jul-2026,21,INE839G01010
COCKERILL,EQ,8965,9159,8774,8859.5,8892,8937.5,3922,35228609.00,27-Jul-2026,1402,INE515A01019
JSWCEMENT,EQ,132.99,136.15,132.99,134.41,135,132.12,1002215,134920039.49,27-Jul-2026,19892,INE718I01012
JSWDULUX,EQ,2960,2970,2910.1,2944,2930,2943.9,10518,30883259.90,27-Jul-2026,2681,INE133A01011
JSWENERGY,EQ,552,556.9,547.45,549.7,549.6,551.65,1125093,619642612.35,27-Jul-2026,21895,INE121E01018
JSWHL,EQ,10867,11105,10822,10999,11060,10865,2154,23631170.00,27-Jul-2026,1092,INE824G01012
JSWINFRA,EQ,322.7,325.65,317.05,321.8,321.35,322.7,3153852,1011678766.45,27-Jul-2026,53586,INE880J01026
JSWSTEEL,EQ,1251,1251,1234.3,1244.6,1248.9,1240.8,1128386,1400875585.10,27-Jul-2026,26104,INE019A01038
JTEKTINDIA,EQ,132.99,133.81,132.01,133.29,132.5,131.62,83304,11087916.41,27-Jul-2026,1388,INE643A01035
JTLIND,EQ,73.37,74.2,72.42,73.18,73.39,72.64,1019554,74815491.64,27-Jul-2026,6849,INE391J01032
JUBLCPL,EQ,1851.5,1887.9,1842.2,1876.7,1860,1851.5,2702,5060337.40,27-Jul-2026,465,INE03CC01015
JUBLFOOD,EQ,420.8,428.4,420.45,427.45,428,418.25,1229160,523563705.80,27-Jul-2026,18218,INE797F01020
JUBLINGREA,EQ,725.55,755.25,725.3,744.1,745,725.55,445843,332511404.85,27-Jul-2026,25743,INE0BY001018
JUBLPHARMA,EQ,975,988.75,972.5,979.7,973.6,965.35,117876,115651765.70,27-Jul-2026,13666,INE700A01033
JMA,EQ,89.5,89.5,86.4,88.88,88.88,88.35,3391,299801.74,27-Jul-2026,63,INE412C01023
JUNIPER,EQ,198.4,199,193.81,198.01,198.5,193.07,110129,21719166.63,27-Jul-2026,4395,INE696F01016
JLHL,EQ,321.1,330,312.9,327,329,323.2,147567,47198248.00,27-Jul-2026,7613,INE682M01020
JWL,EQ,247.05,250.4,246.8,247.6,247.4,246.55,356937,88690026.05,27-Jul-2026,9308,INE209L01016
JUSTDIAL,EQ,741,741,712.25,718.7,716.35,728.95,356069,258080025.45,27-Jul-2026,8858,INE599M01018
JYOTHYLAB,EQ,200.19,204.19,197.25,201.98,202,198.57,575317,116448634.57,27-Jul-2026,13323,INE668F01031
JYOTICNC,EQ,801,812,797.1,803.75,805,795.05,312391,251538726.05,27-Jul-2026,10363,INE980O01024
JYOTIGLOBL,SM,36,36,36,36,36,36,2000,72000.00,27-Jul-2026,1,INE1M3T01017
JYOTISTRUC,EQ,11.09,11.14,10.9,10.94,10.96,10.97,2371702,26068857.66,27-Jul-2026,2351,INE197A01024
KMSUGAR,EQ,27.81,28.8,27.81,28.33,28.26,27.66,110779,3143431.11,27-Jul-2026,1187,INE157H01023
KPEL,EQ,303.95,315.5,301.95,311.15,310.5,302.8,162993,50220951.15,27-Jul-2026,4458,INE127T01021
K2INFRA,ST,56.15,57.95,55.8,56.3,55.95,58.7,15600,878130.00,27-Jul-2026,23,INE0DEZ01013
KABRAEXTRU,EQ,392,408,377.25,404.8,407,376.8,577413,229566986.40,27-Jul-2026,20717,INE900B01029
KKJEWELS,SM,104,107,102.3,106.9,107,104.05,12000,1263100.00,27-Jul-2026,11,INE0XOW01017
KAJARIACER,EQ,1214.9,1252,1212,1220,1218.5,1214.9,206695,254841943.50,27-Jul-2026,14412,INE217B01036
KAKATCEM,BE,123.9,123.9,120,120.34,120,121,554,66990.51,27-Jul-2026,28,INE437B01014
KALANA,SM,19.7,19.7,17,17.6,17.85,18.15,68000,1177800.00,27-Jul-2026,32,INE0T0L01014
KALPATARU,EQ,267,270.35,265.25,267,266.25,266.35,53611,14360915.40,27-Jul-2026,2352,INE227J01012
KPIL,EQ,1305.8,1312,1278,1298.4,1300,1299.9,161452,208646861.70,27-Jul-2026,16873,INE220B01022
KALYANKJIL,EQ,575.1,585.55,562.45,564.6,565.4,573.55,16629166,9504269433.85,27-Jul-2026,150668,INE303R01014
KALYANIFRG,EQ,600.1,624,598.9,604,602,601.9,2464,1503210.20,27-Jul-2026,126,INE314G01014
KICL,EQ,5300,5475,5300,5445.5,5390,5298,1682,9085597.00,27-Jul-2026,331,INE029L01018
KSL,EQ,895.8,906.8,886.3,895.95,897,892.95,23019,20613326.35,27-Jul-2026,2247,INE907A01026
KAMAHOLD,EQ,2565.8,2585,2530.2,2543.5,2538,2527.9,1784,4563592.70,27-Jul-2026,542,INE411F01010
KAMATHOTEL,EQ,169.13,172.35,168.08,169.83,171,169.11,31689,5380708.28,27-Jul-2026,1203,INE967C01018
KAMDHENU,BE,36.5,37,35.7,36.76,37,36.14,836699,30353884.40,27-Jul-2026,1348,INE390H01020
KAMOPAINTS,EQ,4.55,4.69,4.5,4.61,4.67,4.55,207932,955760.18,27-Jul-2026,555,INE0BTI01037
KANANIIND,EQ,1.48,1.55,1.31,1.51,1.55,1.49,170626,250508.55,27-Jul-2026,272,INE879E01037
KANCHI,BE,359,370.9,359,370.9,370.9,355.4,510,183131.90,27-Jul-2026,18,INE081G01019
KANDARP,SM,99.9,99.9,91.35,96.7,95,91.35,18000,1708600.00,27-Jul-2026,14,INE0MOT01016
KANORICHEM,BE,162.4,162.45,155,159.73,157.5,161.75,30418,4875045.60,27-Jul-2026,384,INE138C01024
KANPRPLA,EQ,229,229.9,223,224.54,225.06,221.25,48793,11022654.26,27-Jul-2026,1456,INE694E01014
KANSAINER,EQ,196.68,206.6,194.8,203.88,203.95,193.19,635135,128782701.03,27-Jul-2026,12967,INE531A01024
KAPSTON,EQ,467,468.55,452.65,460.2,464,460.7,36890,16963445.60,27-Jul-2026,1532,INE542Z01028
KARMAENG,EQ,38.18,39.09,37.72,37.81,38.3,38.18,4354,165623.01,27-Jul-2026,64,INE725L01011
KTKBANK,EQ,280,287,280,285.55,286.5,279.7,3550008,1010350438.25,27-Jul-2026,30100,INE614B01018
KARNIKA,SM,113.25,113.8,108.05,111.85,113.8,112.95,117000,12924400.00,27-Jul-2026,98,INE0MGA01012
KARURVYSYA,EQ,341,344.75,335.7,339.65,339,338.9,2727470,926990008.20,27-Jul-2026,60308,INE036D01028
KATARIA,SM,99.95,99.95,99.95,99.95,99.95,98.3,600,59970.00,27-Jul-2026,1,INE0SVY01018
KAUSHALYA,BE,910,920,880,909.5,909,895,118,108092.35,27-Jul-2026,22,INE234I01028
KLL,SM,28.6,28.6,27.9,28.15,28.4,29.1,16800,472320.00,27-Jul-2026,16,INE0Q2V01012
KSCL,EQ,846,847.4,831,832.7,832.8,835.5,39047,32671440.70,27-Jul-2026,2838,INE455I01029
KAVDEFENCE,EQ,56.51,58.59,56.51,57.37,57.61,57.06,45791,2639071.05,27-Jul-2026,858,INE641C01019
KCEIL,SM,89.15,96.1,89.15,92.65,93,87.6,33000,3064325.00,27-Jul-2026,59,INE0RCG01017
KAYA,EQ,285,287.99,281.02,282.22,284.39,282.63,24755,7018927.68,27-Jul-2026,579,INE587G01015
KAYNES,EQ,3211,3224.9,3173,3181.3,3181,3176.2,614724,1962029639.00,27-Jul-2026,39358,INE918Z01012
KAYTEX,SM,59,60,58.25,58.5,58.5,59,14400,851440.00,27-Jul-2026,11,INE13ZD01013
KCK,SM,18,18,17,17.3,17.15,17.7,570000,9948625.00,27-Jul-2026,117,INE0J1E01027
KCP,EQ,163.7,165.98,161.66,162.55,162.4,162.64,98347,16057428.33,27-Jul-2026,1743,INE805C01028
KCPSUGIND,EQ,28.7,32.84,28.21,32.08,32,27.85,3727198,115993114.57,27-Jul-2026,22316,INE790B01024
KDDL,EQ,3182.2,3219.9,3070,3119,3120,3135.2,11663,36711614.20,27-Jul-2026,2150,INE291D01011
KEC,EQ,475.95,476,464.05,464.6,464.5,469.9,947596,443082126.55,27-Jul-2026,22012,INE389H01022
KEI,EQ,4902,4945,4850,4873,4861,4868,136296,667591221.50,27-Jul-2026,20881,INE878B01027
KELLTONTEC,EQ,14.22,14.69,14.02,14.1,14.11,14.09,1690609,24056807.00,27-Jul-2026,3292,INE164B01030
KEN,SM,36.1,36.1,35.2,35.2,35.2,35,3600,128040.00,27-Jul-2026,3,INE15DO01012
KENNAMET,EQ,2783.4,2860.5,2783.4,2837.3,2830.5,2782.9,24487,69368994.10,27-Jul-2026,2816,INE717A01029
KERNEX,EQ,2215,2337,2208,2321.2,2317,2205.2,215636,494821815.40,27-Jul-2026,15448,INE202H01019
KESORAMIND,BE,11.66,12.1,11.14,11.45,11.6,11.72,637264,7262724.66,27-Jul-2026,857,INE087A01019
KKCL,EQ,509.4,513.45,498,501.95,498,502.3,35517,17984254.05,27-Jul-2026,1679,INE401H01017
KEYFINSERV,EQ,267.89,267.89,255.1,259.08,259,253.89,1589,410471.91,27-Jul-2026,52,INE681C01015
RUSTOMJEE,EQ,405.75,414.5,401.55,409.6,414.5,399.75,15906,6489780.85,27-Jul-2026,1017,INE263M01029
KFINTECH,EQ,872.35,955.3,862,949.25,948.1,857.75,10620157,9864029665.35,27-Jul-2026,161390,INE138Y01010
KHADIM,BE,95.8,98.75,93.1,93.71,94.5,94.13,59802,5733207.87,27-Jul-2026,1286,INE834I01025
KHAITANLTD,BE,128.8,130.89,128.8,130.83,130.89,128.83,385,50053.05,27-Jul-2026,10,INE731C01018
KHAICHEM,EQ,49.4,50.9,48.6,48.86,48.95,47.95,166939,8296907.70,27-Jul-2026,1186,INE745B01028
KHANDSE,EQ,17.83,17.83,17,17.2,17.37,17.83,5348,93117.17,27-Jul-2026,46,INE060B01014
KHFM,SM,44.8,47.8,44.7,47.8,47.8,44.7,6200,282100.00,27-Jul-2026,3,INE00UG01014
KLBRENG-B,EQ,442.15,444.35,437,439.65,440,439.5,52812,23223816.55,27-Jul-2026,2300,INE338F01015
KILITCH,BE,181.9,189,175,180.85,181.99,180.01,54695,9839274.63,27-Jul-2026,276,INE729D01010
KINGFA,EQ,5114,5484.5,5101,5128.5,5101,5212,18705,98298708.50,27-Jul-2026,4373,INE473D01015
KIOCL,EQ,352,359.2,352,355.35,354.1,348.75,63446,22588775.00,27-Jul-2026,3046,INE880L01014
KIRANVYPAR,EQ,201.32,202,199,201,201,200.32,246,49323.16,27-Jul-2026,23,INE555P01013
KIRIINDUS,EQ,409,414.2,407,410.8,410,405.55,126856,52109115.20,27-Jul-2026,3379,INE415I01015
KIRLOSBROS,EQ,1837,1859.5,1790,1833.5,1834.7,1836.1,62726,114361797.90,27-Jul-2026,8862,INE732A01036
KECL,EQ,126.9,137.33,126.9,137.33,137.33,124.85,418474,56555433.59,27-Jul-2026,2529,INE134B01017
KIRLFER,EQ,471.2,484.3,468.2,480.95,483,470.65,109886,52584140.15,27-Jul-2026,5951,INE884B01025
KIRLOSIND,EQ,3851,3855.4,3784.2,3807.2,3811.3,3787.7,2617,10004900.60,27-Jul-2026,737,INE250A01039
KIRLOSENG,EQ,2190,2298,2141,2283.1,2275,2182.5,537005,1206709650.70,27-Jul-2026,51009,INE146L01010
KIRLPNU,EQ,1494.1,1539.8,1461.9,1489.6,1490,1497.1,200249,298632599.30,27-Jul-2026,22205,INE811A01020
KITEX,EQ,147.04,150.97,146.41,147.18,146.7,147.04,420805,62447833.32,27-Jul-2026,4633,INE602G01020
KNAGRI,EQ,219,227,212.43,221.46,222.9,213.64,24096,5301367.25,27-Jul-2026,665,INE0KNW01016
KNACK,EQ,196.75,205.74,196,197.35,197,194.88,2296861,462115472.26,27-Jul-2026,24070,INE17QZ01016
KMEW,EQ,2430.3,2478.9,2400,2427.8,2445,2430.3,39707,97059181.20,27-Jul-2026,7716,INE0CJD01029
KRT,RR,116.99,118.39,116.25,118.04,118.3,116.69,350586,41082799.43,27-Jul-2026,6120,INE1JAR25012
KNRCON,EQ,122.25,123.01,121.5,122.58,122.3,121.22,343142,41986403.19,27-Jul-2026,5564,INE634I01029
KODYTECH,SM,1257,1345.3,1257,1345.3,1345.3,1223,24700,32427920.00,27-Jul-2026,197,INE0Q7P01013
KOHINOOR,EQ,22.98,23.39,22.93,23.21,23.29,22.92,81373,1884652.67,27-Jul-2026,2138,INE080B01012
KOKUYOCMLN,EQ,86.7,86.7,83.89,85.86,85.9,83.87,16269,1385156.67,27-Jul-2026,225,INE760A01029
KOLTEPATIL,EQ,398,398,384.6,386.6,388,391.25,38187,14859524.00,27-Jul-2026,1798,INE094I01018
KONSTELEC,ST,64.35,65.5,61.2,62,62,64.35,9000,568100.00,27-Jul-2026,8,INE0QEI01011
KOPRAN,BE,201.9,204,197.99,201.21,200.5,198.74,51205,10334850.37,27-Jul-2026,449,INE082A01010
KDL,SM,118.2,118.2,113.15,114.3,114,118.15,16350,1895085.00,27-Jul-2026,72,INE0O4R01018
GOLD1,EQ,119.2,119.93,119.2,119.7,119.75,118.72,1066147,127620063.64,27-Jul-2026,6729,INF174KA1HJ8
KOTAKBANK,EQ,386,388.75,383.55,384.65,386,384.75,16710096,6434260923.85,27-Jul-2026,208906,INE237A01036
NIFTY1,EQ,264.09,266.78,264.09,266.42,265.94,264.09,63870,16985291.76,27-Jul-2026,1833,INF174K014P6
PSUBANK,EQ,85.57,85.57,83.6,83.93,84,83.49,116885,9814141.35,27-Jul-2026,496,INF174KA1A86
CHEMICAL,EQ,30.93,30.93,30.29,30.54,30.61,30.18,412980,12569731.96,27-Jul-2026,1143,INF174KA1XV0
ALPHA,EQ,51.49,51.5,51.1,51.44,51.5,50.84,1376218,70594923.13,27-Jul-2026,2388,INF174KA1IA5
CONS,EQ,12.19,12.26,12.14,12.24,12.26,12.08,85874,1047195.35,27-Jul-2026,148,INF174KA1ZF8
IT,EQ,32.31,32.79,32.31,32.74,32.78,31.99,461773,15083029.51,27-Jul-2026,1136,INF174KA1GC5
LIQUID1,EQ,1115.21,1116.5,1115.2,1115.35,1115.36,1115.2,617354,688572821.28,27-Jul-2026,431,INF174KA1LV5
LOWVOL1,EQ,20.91,21.32,20.91,21.25,21.32,20.95,796393,16939236.10,27-Jul-2026,247,INF174KA1IY5
MIDCAP,EQ,18.06,18.55,17.55,18.35,18.5,18.06,442380,8103431.88,27-Jul-2026,833,INF174KA1ZC5
MNC,EQ,33.37,33.75,33.23,33.65,33.75,33.37,95001,3186499.07,27-Jul-2026,328,INF174KA1JF2
SILVER1,EQ,21.41,21.67,21.41,21.57,21.56,21.36,4424404,95574985.28,27-Jul-2026,4117,INF174KA1ZD3
NV20,EQ,13.91,14.17,13.76,13.95,13.96,13.86,46773,651863.00,27-Jul-2026,241,INF174KA1ZE1
MID150,EQ,23.08,23.35,22.93,23.27,23.35,23.08,22485,523374.49,27-Jul-2026,238,INF174KA1VW2
MOMENTUM30,EQ,30.24,30.4,30.22,30.38,30.39,30.17,158504,4808048.65,27-Jul-2026,77,INF174KA1XS6
MSCIINDIA,EQ,29.73,29.86,29.65,29.73,29.83,29.41,7520,223482.74,27-Jul-2026,100,INF174KA1VD2
NEXT50ETF,EQ,73.73,73.73,72.55,72.9,73.1,72.28,7760,565183.49,27-Jul-2026,71,INF174KA1YO3
NIFTY100EW,EQ,34.75,35.61,34.75,35.01,35.06,34.75,303393,10592124.31,27-Jul-2026,182,INF174KA1UW4
PVTBANK,EQ,27.44,27.53,27.31,27.31,27.31,27.41,3633,99421.68,27-Jul-2026,44,INF174KA1A94
QUALITY30,EQ,20.65,20.85,20.65,20.78,20.7,20.46,75740,1573148.17,27-Jul-2026,50,INF174KA1WT6
BANKNIFTY1,EQ,59.49,59.5,59.05,59.36,59.41,58.9,397580,23579588.90,27-Jul-2026,974,INF174KA1ZB7
KOTIC,EQ,163,176,163,164.82,167,163,10204,1711821.95,27-Jul-2026,476,INE972A01020
KOTHARIPET,EQ,132.36,138.5,132.36,136.07,136.06,131.82,121244,16523827.37,27-Jul-2026,2095,INE720A01015
KOTHARIPRO,EQ,69.8,69.8,67.65,68.25,68.93,68.08,4791,327390.51,27-Jul-2026,106,INE823A01017
KOTARISUG,EQ,24.15,24.94,24.15,24.84,24.9,24.45,39790,985681.25,27-Jul-2026,231,INE419A01022
KOTYARK,BE,31.96,32.35,30.25,31.97,32.33,31.82,111439,3463432.81,27-Jul-2026,386,INE0J0B01017
KOVAI,EQ,5848,5900.5,5760.5,5844,5790,5845,3319,19388013.50,27-Jul-2026,1172,INE177F01017
KPIGREEN,EQ,391.75,398,391.5,392.45,392,390.2,307348,120998665.65,27-Jul-2026,9917,INE542W01025
KPITTECH,EQ,585.7,594.1,580.7,585.2,585,583.2,5068869,2972623522.65,27-Jul-2026,55732,INE04I401011
KPRMILL,EQ,1076,1079.9,1048.2,1056,1058,1061.5,225674,238928373.90,27-Jul-2026,19548,INE930H01031
KRBL,EQ,351.45,356,349.5,350.55,349.65,350.75,157363,55357917.55,27-Jul-2026,4762,INE001B01026
KREBSBIO,EQ,53.3,56.77,53.3,55.5,55.5,51.9,4036,223998.18,27-Jul-2026,69,INE268B01013
KRIDHANINF,BE,2.32,2.5,2.32,2.34,2.35,2.44,69254,162166.34,27-Jul-2026,60,INE524L01026
KRISHANA,EQ,163.75,169.45,160.55,167.65,167.25,162.05,2829905,470026431.55,27-Jul-2026,18203,INE506W01020
KRISHCA,SM,173,173,162,164.75,165,170,34000,5661325.00,27-Jul-2026,53,INE0NR701018
KRISHIVAL,EQ,395,397.5,385.9,390.75,393,387.55,8398,3279572.55,27-Jul-2026,351,INE0GGO01015
KRISHNADEF,EQ,1334.3,1367.9,1290,1295.9,1290,1316.8,105239,139369261.70,27-Jul-2026,7901,INE0J5601015
KIMS,EQ,801.95,805.95,790.1,800.45,802.4,797.85,392176,312845115.65,27-Jul-2026,20583,INE967H01025
KRITI,BE,64,66.8,64,64.64,64.5,64.25,9157,596647.28,27-Jul-2026,63,INE479D01038
KRITINUT,EQ,75.7,79.5,75.7,78.71,76.6,75.21,5193,402853.26,27-Jul-2026,69,INE798K01010
KRITIKA,EQ,5.47,5.65,5.4,5.52,5.5,5.47,154171,851121.07,27-Jul-2026,362,INE00Z501029
KRMAYURVED,ST,253.5,259.6,253.3,255,255,255.3,44000,11302750.00,27-Jul-2026,35,INE1MTV01019
KRN,BE,1255,1265,1231.5,1244.6,1241.2,1233.9,49483,61811737.30,27-Jul-2026,3606,INE0Q3J01015
KRONOX,EQ,159.59,159.59,153.21,155.55,156,154.39,102020,15886158.06,27-Jul-2026,2130,INE0ATZ01017
KROSS,EQ,205,205,189,190.31,191.5,206.13,1456808,282809842.74,27-Jul-2026,25307,INE0O6601022
KRSNAA,EQ,545.35,549.9,539.7,542.1,542.35,544.8,72447,39398482.55,27-Jul-2026,6454,INE08LI01020
KRYSTAL,EQ,604.45,604.75,600,600.3,600.3,601.4,9369,5629612.70,27-Jul-2026,185,INE0QN801017
KSB,EQ,874.95,889,859.15,877.4,874,866.05,141045,123872332.95,27-Jul-2026,14336,INE999A01023
KSHINTL,EQ,892.8,899.7,881.05,885.1,886,888.45,72826,64737442.50,27-Jul-2026,6153,INE987S01020
KSHITIJPOL,BE,3,3,2.72,3,3,2.86,3450046,9890525.81,27-Jul-2026,2306,INE013801027
KSOLVES,EQ,283,286.5,278,279.5,278.1,280.9,35524,9968210.50,27-Jul-2026,1925,INE0D6I01023
KSR,EQ,30.11,30.69,28.21,28.51,28.79,29.52,21014,606643.29,27-Jul-2026,159,INE1SPP01016
KUANTUM,EQ,79.5,83.38,79.5,80.17,79.98,77.36,213786,17315082.00,27-Jul-2026,2643,INE529I01021
KEL,SM,80,80,78,78.1,78.1,81.45,12000,948120.00,27-Jul-2026,9,INE0OWX01025
KUSUMGAR,EQ,609.05,623.95,573,575.2,574.95,601.35,1108662,658363997.90,27-Jul-2026,32942,INE0ISX01025
KPL,EQ,2829.9,2830,2700.9,2708,2705.9,2781.7,19615,54139459.10,27-Jul-2026,3398,INE552U01010
KWIL,EQ,32.44,32.48,31.39,31.5,31.5,32,5030799,159628608.20,27-Jul-2026,15450,INE2KCE01013
LTF,EQ,305,312.85,305,312.25,312.8,302.4,5922451,1843608885.90,27-Jul-2026,42903,INE498L01015
LTTS,EQ,3464,3519,3444.1,3498.1,3500,3418.1,106805,372541772.80,27-Jul-2026,12174,INE010V01017
LAOPALA,EQ,185.51,190.11,184.2,185.87,185.8,184.35,88612,16510432.09,27-Jul-2026,4860,INE059D01020
LAGNAM,EQ,90.31,92.01,88.8,90.38,91.23,90.31,25151,2266804.02,27-Jul-2026,200,INE548Z01017
LFIC,EQ,145,149,135.51,144.89,143.05,143.3,1339,195101.39,27-Jul-2026,45,INE850E01012
LAKPRE,BZ,5.18,5.2,4.82,5,5,5.05,2402,12184.82,27-Jul-2026,10,INE651C01018
LAKSHYA,SM,97.2,97.2,93.8,93.8,93.8,95.75,5600,532960.00,27-Jul-2026,7,INE0VZS01015
LAMBODHARA,EQ,114.99,115,111.63,114.21,115,112.27,2211,251865.87,27-Jul-2026,53,INE112F01022
LAMOSAIC,ST,48.95,50,46.1,49.65,47.75,48.3,124800,6082590.00,27-Jul-2026,62,INE0R0201012
LANCORHOL,EQ,25.51,26.19,25.06,25.3,25.51,25.81,54742,1395038.43,27-Jul-2026,857,INE572G01025
LANDMARK,EQ,534,542,520.05,538.5,537.8,512.8,678636,362503029.40,27-Jul-2026,20689,INE559R01029
LPDC,EQ,6.1,6.42,6,6.11,6.26,6.1,28889,175974.77,27-Jul-2026,105,INE197J01017
LANDSMILL,EQ,0.75,0.89,0.75,0.82,0.83,0.75,15689177,13033444.71,27-Jul-2026,2143,INE688J01023
LT,EQ,3820,3837.3,3798.7,3806,3808,3785.6,1454211,5552810755.10,27-Jul-2026,70922,INE018A01030
LASA,EQ,6.98,7.18,6.76,6.82,6.86,6.94,22892,156944.94,27-Jul-2026,148,INE670X01014
LASERPOWER,EQ,315.55,317,298,306.22,308.48,307.52,5223714,1600284387.77,27-Jul-2026,54003,INE17IR01028
LATENTVIEW,EQ,299,321.1,299,313.85,314.05,296.05,5284442,1672192666.25,27-Jul-2026,74082,INE0I7C01011
LATTEYS,BE,20.4,20.95,19.5,20,20,20.4,52419,1040333.97,27-Jul-2026,206,INE262Z01023
LAURUSLABS,EQ,1624.8,1734.5,1617.1,1713.4,1711,1601.2,7989771,13516703895.50,27-Jul-2026,185888,INE947Q01028
LAXMICOT,EQ,14.5,14.99,14.25,14.37,14.4,14.12,26446,383479.10,27-Jul-2026,70,INE801V01019
LAXMIDENTL,EQ,218,223,217,218.05,217.7,216.44,145098,31712099.45,27-Jul-2026,2116,INE0WO601020
LGHL,EQ,206,212.99,204,205.19,204,203.91,20414,4221426.42,27-Jul-2026,267,INE258Y01016
LAXMIINDIA,BE,131.49,131.49,127,128.52,128.8,129.12,62891,8099009.21,27-Jul-2026,463,INE06WU01026
LXCHEM,EQ,191,193.98,185.46,193.05,193,182.28,3877963,739711719.94,27-Jul-2026,39701,INE576O01020
LCCINFOTEC,EQ,4.57,4.57,4.17,4.34,4.36,4.38,63940,276877.60,27-Jul-2026,151,INE938A01021
LEMERITE,EQ,20.87,21.41,20.79,21.33,21.4,20.5,530355,11150220.67,27-Jul-2026,1125,INE0G1L01025
IXIGO,EQ,187.5,197.99,185.4,195.99,196,184.6,1133097,221235112.20,27-Jul-2026,17569,INE0HV901016
LRRPL,SM,86,86,86,86,86,86.05,1500,129000.00,27-Jul-2026,1,INE0H4B01011
THELEELA,EQ,478.95,489.5,470.85,475.6,479.5,474.7,227395,108930019.25,27-Jul-2026,14830,INE0AQ201015
LEMONTREE,EQ,110.36,112.9,110.36,111.82,111.7,109.36,1685106,188465641.79,27-Jul-2026,30239,INE970X01018
LENSKART,EQ,558,574.7,558,572,572,555.9,4051944,2305807466.20,27-Jul-2026,80024,INE956O01016
LEXUS,EQ,15.28,15.35,14.8,14.97,14.8,15.13,12698,190109.74,27-Jul-2026,148,INE500X01013
LGBBROSLTD,EQ,1540.4,1575,1536.7,1553.8,1555.6,1540.4,17755,27660346.40,27-Jul-2026,2227,INE337A01034
LGEINDIA,EQ,1529.9,1539.9,1522,1526.8,1528,1527.2,97519,149085041.90,27-Jul-2026,7870,INE324D01010
LIBAS,EQ,10.55,10.55,10.02,10.12,10.18,10.04,31100,315849.91,27-Jul-2026,117,INE908V01012
LIBERTSHOE,EQ,264,272,259.4,269,268.9,258.25,98288,26368176.00,27-Jul-2026,3972,INE557B01019
LICHSGFIN,EQ,542.4,553.5,541.1,551.75,552,538.95,763125,418485009.50,27-Jul-2026,18157,INE115A01026
LICMFGOLD,EQ,129.4,129.8,128.8,129.05,129.05,128.7,27101,3507228.25,27-Jul-2026,444,INF767K01SM1
LICNETFN50,EQ,268.02,269,267.83,268.51,268.51,266.3,302,81095.65,27-Jul-2026,27,INF767K01OS7
LICNETFSEN,EQ,840.51,866.91,840.51,866.91,866.91,862.07,13,11206.19,27-Jul-2026,4,INF767K01OT5
LICNFNHGP,EQ,273.44,275.39,273.44,275.1,275.38,273.4,129,35352.91,27-Jul-2026,17,INF767K01PC8
LICNETFGSC,EQ,29.5,29.73,29.36,29.46,29.46,29.36,62005,1826682.05,27-Jul-2026,114,INF767K01MV5
LICNMID100,EQ,62.07,62.82,62.07,62.62,62.62,62.07,7581,474188.65,27-Jul-2026,85,INF767K01RN1
LICI,EQ,422.1,427.35,422.1,424.35,425,421.3,1064234,451897881.20,27-Jul-2026,17470,INE0J1Y01017
LIKHITHA,EQ,224,236,216.8,230.3,227,226.6,36538,8400678.45,27-Jul-2026,1365,INE060901027
LINC,EQ,101.56,104.37,101.56,102.83,102.71,102.67,19327,1991089.48,27-Jul-2026,430,INE802B01027
LINCOLN,EQ,584,592.45,578.1,582.1,583.7,580,12914,7552480.70,27-Jul-2026,1113,INE405C01035
LINDEINDIA,EQ,6752,6810,6726,6766.5,6779,6731,17244,116658184.00,27-Jul-2026,4973,INE473A01011
LLOYDSENGG,EQ,89.05,92,89.05,91.33,91.31,88.42,9220184,841292076.13,27-Jul-2026,31777,INE093R01011
LLOYDSENT,EQ,78.69,82,78.56,81.64,81.6,78.04,5630540,456951489.31,27-Jul-2026,23374,INE080I01025
LLOYDS,ST,70.5,70.5,67,67,67,70.5,4000,271600.00,27-Jul-2026,4,INE0DTQ01028
LLOYDSME,EQ,1959.4,2037,1928,2014.9,2013.9,1940.5,1480673,2963440578.90,27-Jul-2026,48389,INE281B01032
LMW,EQ,15799,16249,15670,16140,16218,15763,4554,72638439.00,27-Jul-2026,1385,INE269B01029
LODHA,EQ,1155,1207,1150.1,1198.7,1204.45,1144.1,4971286,5903016080.85,27-Jul-2026,119386,INE670K01029
LOKESHMACH,BE,339,339,334.35,335,335,339,16831,5636987.05,27-Jul-2026,81,INE397H01017
LORDSCHLO,EQ,153,162.46,150.09,157.86,160.01,149.05,135332,21463939.73,27-Jul-2026,2485,INE846D01012
LAL,EQ,8.38,8.67,7.99,8.1,8.2,8.38,67053,554080.40,27-Jul-2026,209,INE740X01023
LOTUSEYE,EQ,118.5,125.46,118,118.95,118.87,119.06,65528,7926103.11,27-Jul-2026,1052,INE947I01017
LOVABLE,EQ,72.95,73.4,70.6,71.21,71.45,71.96,17873,1276317.82,27-Jul-2026,363,INE597L01014
LOYALTEX,EQ,205,205,193,203.94,204,205.05,104,21212.94,27-Jul-2026,10,INE970D01010
LTFOODS,EQ,377.7,380,375.15,376.4,376.25,375.6,314585,118606684.35,27-Jul-2026,23363,INE818H01020
LTM,EQ,4119.5,4215,4115,4190.8,4181.3,4091.8,468632,1959718012.90,27-Jul-2026,39314,INE214T01019
LUMAXTECH,EQ,1465.8,1524.8,1465.8,1493.9,1492.4,1465.8,106677,159905907.40,27-Jul-2026,10908,INE872H01027
LUMAXIND,EQ,5198,5272.5,5152.5,5182,5197.5,5142,6273,32646306.00,27-Jul-2026,1868,INE162B01018
LUPIN,EQ,2371,2432.1,2368.1,2410,2410,2370.5,1179096,2842809144.80,27-Jul-2026,61157,INE326A01037
LUXIND,EQ,1228.9,1255,1227.1,1246.6,1246,1226.6,15993,19845710.50,27-Jul-2026,1498,INE150G01020
LYKALABS,BE,63.99,65.4,63.5,64.41,64.2,62.53,8337,537990.39,27-Jul-2026,80,INE933A01014
MBEL,EQ,298.25,304,295.9,296.95,296.2,296.3,100256,29956805.15,27-Jul-2026,6534,INE08N601015
MKPL,EQ,4.17,4.3,4.11,4.18,4.19,4.13,60498,254987.18,27-Jul-2026,395,INE964W01021
MCL,EQ,53.37,54.2,53.06,53.33,53.9,53.37,11547,617082.93,27-Jul-2026,536,INE813V01022
M&MFIN,EQ,361,369,356.6,363,361,356.5,3518187,1277729623.45,27-Jul-2026,47977,INE774D01024
MVKAGRO,SM,390,390,377,377.85,378.15,387.7,8400,3204465.00,27-Jul-2026,28,INE0SGC01015
MAANALU,EQ,113.6,116.88,113.6,114.21,114.9,114.86,26594,3059936.94,27-Jul-2026,558,INE215I01027
MCCHRLS-B,EQ,798.7,798.7,683,698.95,698.55,709.95,428,301658.65,27-Jul-2026,21,INE435D01014
MACOBSTECH,SM,207,207,207,207,207,207.1,25600,5299200.00,27-Jul-2026,13,INE0R0J01010
MACPOWER,EQ,1348,1399.6,1307,1318.3,1330,1344.5,9734,13047193.60,27-Jul-2026,1481,INE155Z01011
MADHAVIPL,EQ,7.89,8.09,7.61,7.81,7.75,7.85,116737,917428.73,27-Jul-2026,345,INE631R01026
MADHAV,EQ,33.79,35.42,33.7,33.79,33.71,33.79,8781,298548.32,27-Jul-2026,40,INE925C01016
MADHUCON,BE,5.31,5.5,5.15,5.35,5.39,5.31,4989,26514.21,27-Jul-2026,41,INE378D01032
MADHUSUDAN,ST,240,243.9,235,237.65,235.2,233,56000,13446850.00,27-Jul-2026,48,INE0P6701019
MBAPL,EQ,150,166.95,147.85,163.95,163.25,148.25,5234794,837376840.45,27-Jul-2026,50681,INE900L01028
MADRASFERT,EQ,65.7,67.29,65.7,66.55,66.07,66.35,38460,2564640.79,27-Jul-2026,568,INE414A01015
MAFATIND,EQ,134.9,135,133.65,134.51,135,132.9,19820,2663469.86,27-Jul-2026,507,INE270B01035
MAGADSUGAR,EQ,490.95,503.95,485,489.05,485,493.85,6443,3170447.05,27-Jul-2026,578,INE347W01011
MCLOUD,EQ,26.85,27.18,26.37,26.86,27.05,26.61,2978257,79593201.08,27-Jul-2026,8870,INE613C01026
MAGNUM,EQ,19.9,20.25,19.01,19.85,20.25,19.42,180562,3563243.55,27-Jul-2026,353,INE387I01016
MAGSON,SM,182,182,182,182,182,180,1000,182000.00,27-Jul-2026,1,INE0O1S01012
MAHAPEXLTD,EQ,43.07,45,43.07,44.49,45,43.53,7027,310588.83,27-Jul-2026,55,INE843B01013
MFML,EQ,19,19.74,18.16,18.84,18.85,18.75,2710,50734.03,27-Jul-2026,66,INE0US801024
MHLXMIRU,EQ,139.99,140.99,138.09,140.65,140.9,139.58,10977,1537997.17,27-Jul-2026,239,INE112D01035
MAHASTEEL,EQ,751.35,787.45,742,769.2,760,757.35,9571,7347476.95,27-Jul-2026,597,INE451L01014
MGL,EQ,1080.2,1107,1080.2,1098,1092.1,1077,98882,108897103.20,27-Jul-2026,12957,INE002S01010
MTNL,EQ,27.11,27.57,27.1,27.17,27.25,27.11,402941,10989218.97,27-Jul-2026,2078,INE153A01019
MAHSCOOTER,EQ,12651,13158,12651,12986,13045,12672,3651,47179620.00,27-Jul-2026,1251,INE288A01013
MAHSEAMLES,EQ,574.6,581.4,573.4,576.85,579.85,571.55,30834,17828574.10,27-Jul-2026,3298,INE271B01025
MRIL,ST,69.6,69.6,69.6,69.6,69.6,69.6,1600,111360.00,27-Jul-2026,1,INE632Q01018
MAHESHWARI,BE,73.5,73.5,72.11,73.5,73.5,73.15,6559,478512.21,27-Jul-2026,27,INE263W01010
MAHICKRA,SM,264.95,265,264.95,265,265,257.95,1500,397462.50,27-Jul-2026,2,INE961Y01015
M&M,EQ,3183,3246.8,3179,3238.6,3240,3161.4,2264570,7289710696.10,27-Jul-2026,103100,INE101A01026
MAHEPC,EQ,105.6,110.38,105.6,108.04,108.41,105.38,81080,8785041.97,27-Jul-2026,1298,INE215D01010
MHRIL,EQ,218.85,225.31,218.85,223.83,223,218.85,307825,68723894.80,27-Jul-2026,4738,INE998I01010
MAHLIFE,EQ,380,384.05,373.3,380.25,377.9,374.65,485785,183846118.35,27-Jul-2026,14704,INE813A01018
MAHLOG,EQ,417,431.9,412.95,419.1,417.1,416.35,920860,389336075.35,27-Jul-2026,24256,INE766P01016
MAITHANALL,EQ,965,983,961.8,966.3,968,959.3,22763,22053525.90,27-Jul-2026,2001,INE683C01011
MAITREYA,SM,128.6,128.6,119.85,120,119.85,138,26800,3255220.00,27-Jul-2026,47,INE0PLQ01011
MAJESAUT,EQ,430,435,426.15,429.15,430,422.8,18307,7868347.65,27-Jul-2026,982,INE201B01022
MALLCOM,EQ,1032,1038.9,989.1,999.4,989.1,1038.9,2568,2592138.80,27-Jul-2026,372,INE389C01015
MALUPAPER,EQ,36,37.4,35,35.2,35.03,35.68,114211,4142445.93,27-Jul-2026,666,INE383H01017
MAMATA,EQ,398,398,379.1,380.75,381.9,395.45,56905,21929280.95,27-Jul-2026,1790,INE0TO701015
MANAKCOAT,EQ,126.01,129.27,125.13,126.11,125.55,126.02,574875,72881708.81,27-Jul-2026,3025,INE830Q01018
MANINDS,EQ,533.9,543.75,524.05,526.8,529.5,527.35,188808,100573560.95,27-Jul-2026,7847,INE993A01026
MANINFRA,EQ,97.15,98.93,97.15,98.38,98.9,96.68,303888,29834679.47,27-Jul-2026,2138,INE949H01023
MANAKALUCO,EQ,35.58,36.69,34.97,35.2,35.2,35.23,32269,1145497.28,27-Jul-2026,569,INE859Q01017
MANAKSIA,EQ,55.82,58.97,55.26,56.02,56.09,55.82,13352,755160.28,27-Jul-2026,306,INE015D01022
MANAKSTEEL,EQ,73,73.5,69.5,69.97,70,70.72,22889,1615281.08,27-Jul-2026,221,INE824Q01011
MANALIPETC,EQ,67.75,68.5,66,66.97,67,66.77,665825,44794724.10,27-Jul-2026,4984,INE201A01024
MANAPPURAM,EQ,356,361.5,354.65,359.85,360.1,352.95,3881990,1387439891.25,27-Jul-2026,42137,INE522D01027
MPEL,ST,35.2,36.5,34.25,36.5,36.5,35.7,16000,563760.00,27-Jul-2026,7,INE0U4H01011
MANAV,SM,28.4,28.4,28.4,28.4,28.4,29.85,4000,113600.00,27-Jul-2026,1,INE104Y01012
MANBA,EQ,141,151,138,146.37,149.2,138.21,2948629,429838427.28,27-Jul-2026,31045,INE939X01013
MANDEEP,SM,19.8,19.95,19.8,19.95,19.95,19.95,6000,119300.00,27-Jul-2026,3,INE0R3T01013
MANCREDIT,EQ,225,244.88,217.35,222.3,221,215.03,1930672,453154529.96,27-Jul-2026,24229,INE545L01039
MEIL,EQ,291.95,313.95,291,300.95,301.75,284.65,157554,47967781.05,27-Jul-2026,4265,INE0PKD01011
MAL,SM,32.35,32.5,32.35,32.4,32.5,32,6400,207520.00,27-Jul-2026,4,INE00C401011
MANGLMCEM,EQ,985.05,997.2,981,984.7,984.65,984.05,13172,13022033.25,27-Jul-2026,641,INE347A01017
MANGALAM,EQ,27.22,27.79,27.07,27.42,27.43,27.22,8630,235096.14,27-Jul-2026,98,INE584F01014
MGEL,BE,16.12,16.8,16.05,16.43,16.64,16.2,152886,2509803.95,27-Jul-2026,257,INE0APB01032
MANORG,BE,523.1,537,523.1,526.25,524,523.6,1386,737517.40,27-Jul-2026,58,INE370D01013
MWL,EQ,36.4,36.55,35.6,35.9,35.8,36,122360,4406606.95,27-Jul-2026,457,INE0JYY01029
MIEL,SM,12.4,12.4,12.4,12.4,12.4,12,2000,24800.00,27-Jul-2026,1,INE0R3101011
MANKIND,EQ,2513,2559,2513,2551.6,2558,2507.2,185805,472958784.00,27-Jul-2026,16882,INE634S01028
MVGJL,EQ,157.8,170,156.61,167.13,168.1,155.76,178153,29328008.78,27-Jul-2026,4125,INE0KNT01012
MANOMAY,EQ,202.5,208,202.5,206.46,207.75,202.68,203755,41975902.03,27-Jul-2026,1489,INE784W01015
MANORAMA,EQ,1595.5,1674,1591.7,1658.9,1657,1585.5,286631,473127390.60,27-Jul-2026,19169,INE00VM01036
MANUGRAPH,BE,13.89,13.89,12.84,13.09,13.6,13.51,7659,100419.31,27-Jul-2026,43,INE867A01022
MARALOVER,BE,56.05,58.8,56.05,58.7,58.8,56,28139,1633522.94,27-Jul-2026,231,INE882A01013
MARATHON,EQ,386.1,394.5,383.4,388.7,390,382.75,86840,33833576.20,27-Jul-2026,2601,INE182D01020
MARC,SM,119.1,123,114,115.55,115,120.85,28800,3432300.00,27-Jul-2026,24,INE0TD401015
MARCO,SM,33.5,33.5,32.9,32.9,32.9,34.5,4500,149700.00,27-Jul-2026,3,INE0QP001012
MARICO,EQ,862,864.6,852,858.65,859.3,855.6,1006199,862824781.30,27-Jul-2026,25597,INE196A01026
MARINE,EQ,259.9,271.8,256.25,269.95,270.3,254.8,1123801,297661505.10,27-Jul-2026,17430,INE01JE01028
MARKOLINES,EQ,177.85,182.09,176,178.36,176.9,175.85,161933,29125816.66,27-Jul-2026,1818,INE0FW001016
MARKSANS,EQ,248,265.5,247.75,263.4,264.1,246.3,2396136,621792157.40,27-Jul-2026,37556,INE750C01026
MARSONS,EQ,111.75,113.99,110.5,111.86,111.69,109.92,1816057,204315615.05,27-Jul-2026,9752,INE415B01044
MARUSHIKA,SM,89.15,99,89.15,94,94,94.5,15600,1502040.00,27-Jul-2026,10,INE0X7G01013
MARUTI,EQ,13579,13760,13501,13730,13730,13442,333477,4551255862.00,27-Jul-2026,53523,INE585B01010
MDL,ST,69,69,69,69,69,69,1000,69000.00,27-Jul-2026,1,INE575Z01010
MASFIN,EQ,316.95,323.8,315.15,318.3,317.1,313.55,89217,28421194.80,27-Jul-2026,3686,INE348L01012
MASKINVEST,BE,147,153,144,151,151,147.1,203,29557.00,27-Jul-2026,4,INE885F01015
MASON,SM,128,128,121.6,125.25,125,120,21500,2675550.00,27-Jul-2026,29,INE0SH001010
MASTEK,EQ,1700.2,1750,1700.2,1731.6,1735,1690.9,67476,116918215.80,27-Jul-2026,10378,INE759A01021
MASTER,SM,441,441,441,441,441,432,500,220500.00,27-Jul-2026,1,INE0OJM01017
MASTERTR,EQ,84.89,85.8,83.25,84.14,83.9,84.71,197521,16729614.02,27-Jul-2026,1156,INE677D01037
MATRIMONY,EQ,421.85,437.95,421.85,429.3,425,426.05,10255,4388611.20,27-Jul-2026,437,INE866R01028
MGSL,SM,67.5,73,67.5,68.55,68.5,66.85,32400,2287200.00,27-Jul-2026,27,INE132901013
MAWANASUG,BE,110.2,112.5,108,109.44,110,110.11,42294,4641244.67,27-Jul-2026,249,INE636A01039
MAXESTATES,EQ,390,399.9,385.5,395.45,396,387.15,34563,13681380.00,27-Jul-2026,2141,INE03EI01018
MFSL,EQ,1522.8,1532.6,1500.9,1511.1,1506.3,1515.5,556988,843559478.40,27-Jul-2026,38973,INE180A01020
MAXHEALTH,EQ,1086.9,1119.8,1085.4,1114.6,1116.1,1080.4,1759824,1945164804.90,27-Jul-2026,50133,INE027H01010
MAXIND,EQ,186.7,189.13,180,184.96,185.4,182.11,562325,104434444.95,27-Jul-2026,7658,INE0CG601016
MAXVOLT,ST,347.4,347.4,327.05,327.7,327.45,344.25,58800,19668000.00,27-Jul-2026,141,INE10A501018
MAYURUNIQ,EQ,792.5,837.85,790,817.65,819,788.65,144191,118639566.55,27-Jul-2026,19087,INE040D01038
MAZDOCK,EQ,2299,2336.2,2299,2330.3,2324,2293.8,496352,1153120547.60,27-Jul-2026,28158,INE249Z01020
MAZDA,BE,215.31,221.99,214,216.92,217.8,216.39,3958,857668.07,27-Jul-2026,99,INE885E01042
MBLINFRA,BE,25.5,26,24.15,24.45,24.9,25.24,32694,810974.42,27-Jul-2026,102,INE912H01013
MCLEODRUSS,BE,54.5,55.95,51.45,52.57,52.5,54.07,256448,13590035.43,27-Jul-2026,602,INE942G01012
MCON,SM,45.95,46.2,45.95,46.2,46.2,44,7000,322750.00,27-Jul-2026,7,INE0O4M01019
MEDIASSIST,EQ,340.05,354.15,339.2,347.15,346.55,340.05,259635,90199416.55,27-Jul-2026,8516,INE456Z01021
MMWL,BE,14.27,14.27,13.7,13.72,13.72,13.99,17923,250822.88,27-Jul-2026,30,INE200D01020
MEDICAMEQ,EQ,243.6,245.9,240,241.15,243,241.85,10041,2437376.50,27-Jul-2026,253,INE646B01010
MEDIORG,SM,25.5,25.5,25.5,25.5,25.5,24.7,2000,51000.00,27-Jul-2026,1,INE0PE401018
MEDICO,EQ,38,42,38,40.75,41.65,37.99,417055,16475902.84,27-Jul-2026,849,INE630Y01024
MEDISTEP,SM,18.5,18.5,18.5,18.5,18.5,19.75,3000,55500.00,27-Jul-2026,1,INE0UOY01019
MEDPLUS,EQ,720.95,724,710,716.9,720,720.55,290079,207672096.30,27-Jul-2026,14458,INE804L01022
MEESHO,EQ,187.5,188.88,179.95,182.1,182.4,185.24,7308444,1350215453.39,27-Jul-2026,75664,INE0VDM01015
MEGAFLEX,SM,100,100,100,100,100,100,1000,100000.00,27-Jul-2026,1,INE0G1D01014
MEGASTAR,EQ,335.15,344.45,335.05,338.4,335.05,340.8,1758,599745.60,27-Jul-2026,184,INE00EM01016
MEGATHERM,SM,221,221,214.1,214.3,214.6,212,5200,1120540.00,27-Jul-2026,12,INE531R01010
MOL,EQ,55.01,56.2,54.5,55.61,55.1,54.46,970285,53575893.71,27-Jul-2026,6037,INE0CT101020
MENONBE,BE,214.98,224,207,217.46,217,213.77,100801,21547119.73,27-Jul-2026,785,INE071D01033
MENNPIS,EQ,75.9,75.9,73.11,73.87,74.39,73.97,49137,3648572.87,27-Jul-2026,1363,INE650G01029
MEP,BZ,0.54,0.56,0.54,0.54,0.54,0.55,84136,45472.16,27-Jul-2026,79,INE776I01010
MERCANTILE,EQ,25.01,25.69,23.7,24.69,24.5,24.52,4890,121433.22,27-Jul-2026,97,INE689O01013
MERCURYEV,EQ,35.6,36.86,34.4,35.92,36.25,35.11,224878,8051362.45,27-Jul-2026,836,INE763M01028
METROBRAND,EQ,1023.8,1039.9,1023.8,1031.7,1035,1021.9,12365,12759096.20,27-Jul-2026,2187,INE317I01021
METROGLOBL,EQ,129.79,132,128.2,130.92,130,129.79,771,100693.95,27-Jul-2026,50,INE085D01033
METROPOLIS,EQ,574.95,594,574.95,577.35,582,570.25,357337,207793369.00,27-Jul-2026,18566,INE112L01020
MICEL,BE,36.7,37.4,36.2,36.41,36.68,36.17,165599,6085420.09,27-Jul-2026,1089,INE287C01037
MICROPRO,SM,20.5,20.5,19.95,19.95,19.95,20,3200,64720.00,27-Jul-2026,2,INE0PZK01014
MIDWESTLTD,EQ,1255,1257.9,1232.4,1240.1,1243.4,1234.2,5111,6361825.10,27-Jul-2026,744,INE0XAD01024
MINDACORP,EQ,680,704.6,680,692.55,694,676.45,363763,253279707.80,27-Jul-2026,18976,INE842C01021
MINDSPACE,RR,486.97,495.8,485,494.07,494.4,484.59,81184,39972903.17,27-Jul-2026,6111,INE0CCU25019
MINDTECK,EQ,195.98,200.65,192.21,194.68,193,195.04,42494,8367354.23,27-Jul-2026,749,INE110B01017
ALPHAETF,EQ,26.19,26.2,25.66,25.89,25.93,25.56,300245,7763577.55,27-Jul-2026,761,INF769K01KU7
BANKETF,EQ,581.29,584.64,579.91,581.47,582.61,578.68,5298,3086366.82,27-Jul-2026,1120,INF769K01KR3
BANKPSU,EQ,84.57,85.04,84.26,84.28,84.51,84.43,6593,557041.22,27-Jul-2026,118,INF769K01LZ4
CONSUMER,EQ,11.6,11.81,11.6,11.8,11.81,11.6,189276,2228521.02,27-Jul-2026,393,INF769K01NS5
DEFENCE,EQ,77.94,78.95,77.94,78.58,78.49,77.94,106924,8385433.71,27-Jul-2026,494,INF769K01QC2
DIVIDEND,EQ,35.34,35.5,35.31,35.48,35.49,35.1,4051,143490.87,27-Jul-2026,59,INF769K01PY8
ENERGY,EQ,39.08,39.45,38.93,39.02,39.01,39.06,137410,5361894.47,27-Jul-2026,979,INF769K01PR2
EQUAL200,EQ,13.73,13.78,13.72,13.74,13.74,13.63,2298,31583.59,27-Jul-2026,49,INF769K01OA1
EQUAL50,EQ,330.09,331.96,329.94,331.25,331.22,328.36,5947,1964252.59,27-Jul-2026,22,INF769K01OO2
EVINDIA,EQ,31.1,32.55,31.1,32.02,32,31.9,208198,6655100.89,27-Jul-2026,1891,INF769K01LQ3
HEALTHCARE,EQ,20.96,21.87,20.96,21.33,21.34,20.96,27231,579271.02,27-Jul-2026,162,INF769K01QA6
INFRA,EQ,12.14,12.16,12.08,12.13,12.16,12.05,22664,274615.46,27-Jul-2026,130,INF769K01QB4
INTERNET,EQ,13.08,13.31,13.08,13.26,13.24,12.97,161767,2134405.23,27-Jul-2026,203,INF769K01PB6
ITETF,EQ,30.97,31.27,30.69,31.16,31.17,30.48,578301,18003486.00,27-Jul-2026,880,INF769K01KV5
LIQUID,EQ,999.99,1000,999.99,999.99,1000,999.99,219929,219928565.93,27-Jul-2026,134,INF769K01KS1
LIQUIDPLUS,EQ,1094.92,1096.18,1094,1096.16,1096.16,1096.02,734165,804768073.83,27-Jul-2026,251,INF769K01MY5
ESG,EQ,41.22,41.48,41.19,41.46,41.47,40.97,11471,474668.13,27-Jul-2026,76,INF769K01GS9
MAFANG,EQ,192.54,192.54,192.54,192.54,192.54,196.13,201030,38706316.20,27-Jul-2026,329,INF769K01HF4
BFSI,EQ,27.26,27.26,26.96,27.12,27.2,26.95,264968,7169370.84,27-Jul-2026,1139,INF769K01HI8
GOLDETF,EQ,139.3,140,139.13,139.4,139.35,138.89,2733670,381589186.99,27-Jul-2026,5736,INF769K01JP9
GSEC10YEAR,EQ,30.44,30.6,30.23,30.6,30.6,30.44,13859,421209.46,27-Jul-2026,35,INF769K01KF8
MAHKTECH,EQ,23.08,23.31,23.08,23.31,23.31,23.16,741183,17263671.27,27-Jul-2026,5152,INF769K01HS7
MIDCAPETF,EQ,23.07,23.5,22.8,23.41,23.43,23.19,3452483,80860254.95,27-Jul-2026,6106,INF769K01IC9
MAKEINDIA,EQ,161.85,163.15,161.73,163.08,162.68,161.52,24626,4010643.87,27-Jul-2026,351,INF769K01IB1
NIFTYETF,EQ,259.16,261.38,259.15,261.26,261.36,258.5,254173,66311802.46,27-Jul-2026,1559,INF769K01EG9
LOWVOL,EQ,206.62,208.15,206.62,208.11,208.11,205.73,79,16429.89,27-Jul-2026,7,INF769K01JU9
NEXT50,EQ,744.05,747.97,742.1,747.3,747.83,740.35,10771,8040794.12,27-Jul-2026,1087,INF769K01FN2
SILVERAG,EQ,217.28,217.53,216,216.8,217.1,214.74,111506,24179502.70,27-Jul-2026,2572,INF769K01KG6
MASPTOP50,EQ,78.09,78.09,78.09,78.09,78.09,79.53,54798,4279175.82,27-Jul-2026,157,INF769K01HP3
METAL,EQ,12.84,12.84,12.52,12.59,12.59,12.53,6529387,82173548.44,27-Jul-2026,5898,INF769K01LY7
MIDSMALL,EQ,50.56,50.83,50.36,50.75,50.68,50.07,319857,16218719.49,27-Jul-2026,771,INF769K01LJ8
MOMMIDCAP,EQ,12.45,12.53,12.45,12.51,12.52,12.34,1369182,17136015.39,27-Jul-2026,204,INF769K01RC0
MULTICAP,EQ,16.74,16.79,16.46,16.56,16.56,16.38,129207,2138952.10,27-Jul-2026,547,INF769K01LX9
SELECTIPO,EQ,45.44,46.12,45,46.09,46,45.44,78456,3609404.81,27-Jul-2026,186,INF769K01ON4
SENSEXETF,EQ,78.6,79.35,78.59,79.23,79.35,78.46,11713,925229.73,27-Jul-2026,218,INF769K01KT9
SMALL250,EQ,17.98,17.99,17.47,17.84,17.86,17.65,222124,3963366.28,27-Jul-2026,751,INF769K01PQ4
SMALLCAP,EQ,46.57,47.09,45.7,46.91,46.91,46.52,2385511,111823954.20,27-Jul-2026,3387,INF769K01LC3
TOP20,EQ,8.9,8.9,8.74,8.86,8.87,8.73,53725,474277.88,27-Jul-2026,95,INF769K01PZ5
VALUE,EQ,16.09,16.1,16.03,16.07,16.05,15.99,45800,735598.36,27-Jul-2026,65,INF769K01QV2
MIRZAINT,EQ,35.1,35.9,35,35.14,35.04,35.06,172855,6112773.89,27-Jul-2026,1543,INE771A01026
MIDHANI,EQ,395.35,398.9,394,397.1,398,392.7,296453,117510495.95,27-Jul-2026,9328,INE099Z01011
MITCON,BE,75.45,75.62,69,73.15,74.98,72.02,4901,352835.10,27-Jul-2026,36,INE828O01033
MITTAL,EQ,0.91,0.93,0.91,0.91,0.92,0.91,232131,212980.14,27-Jul-2026,210,INE997Y01027
MMFL,EQ,559.9,565,556.2,559.5,563,551.85,85615,48019192.35,27-Jul-2026,3744,INE227C01017
MMP,EQ,284.25,287.8,281.95,285.05,287,281.7,23515,6690019.70,27-Jul-2026,592,INE511Y01018
MMTC,EQ,61.84,62.69,61.39,61.66,61.75,61.52,1108364,68531214.84,27-Jul-2026,6353,INE123F01029
MOBILISE,ST,109.1,119.65,109.1,116.6,119.65,114,6400,746160.00,27-Jul-2026,4,INE1YNB01019
MODTHREAD,EQ,48.16,50,47.66,49.27,47.66,47.66,1125,54353.88,27-Jul-2026,20,INE794W01014
MODINATUR,BE,419.9,424.7,390.05,411.65,416.35,410.1,4711,1929252.00,27-Jul-2026,72,INE537F01012
MODIRUBBER,EQ,128.38,129.47,124,126,126,125.86,8306,1046979.81,27-Jul-2026,33,INE832A01018
MODIS,EQ,397.05,404.45,385,388.45,394.95,392.1,23204,9114497.25,27-Jul-2026,794,INE0L0L01012
MODISONLTD,BE,277,277,263,272.25,274,276.3,99096,26484095.25,27-Jul-2026,1002,INE737D01021
MHHL,SM,33.85,33.85,33.85,33.85,33.85,33.8,3000,101550.00,27-Jul-2026,2,INE450S01011
MOHITIND,EQ,23,23.35,22.61,22.94,23.35,23,2072,47606.52,27-Jul-2026,22,INE954E01012
MOIL,EQ,270.9,271.8,267.85,268.4,268.95,268.85,186256,50219323.25,27-Jul-2026,6242,INE490G01020
MOKSH,EQ,10.61,10.99,10.2,10.29,10.3,10.72,355221,3700014.43,27-Jul-2026,520,INE514Y01020
MOLDTKPAC,EQ,732.7,744.95,680.5,692.35,688,727.45,822742,582691622.90,27-Jul-2026,31496,INE893J01029
MOLDTECH,EQ,150,150,137.55,142.39,142.11,134.68,316159,45177914.43,27-Jul-2026,5332,INE835B01035
MONARCH,EQ,361,403.8,360,397.6,393,357.75,5152604,2015319835.45,27-Jul-2026,77241,INE903D01011
MONEYBOXX,EQ,61.9,61.9,56.51,59.01,59.9,59.97,15866,931873.42,27-Jul-2026,643,INE296Q01012
MONOLITH,SM,800,829,800,820.75,827,774.75,147250,120254900.00,27-Jul-2026,448,INE1DV401010
MONTECARLO,EQ,539.65,552,539.65,546.85,546,537.1,31887,17428572.70,27-Jul-2026,1962,INE950M01013
MORARJEE,BZ,12.4,12.4,11.78,11.83,11.79,12.4,14436,170562.07,27-Jul-2026,47,INE161G01027
MOREPENLAB,EQ,54.3,56.9,54.1,56.66,56.6,53.8,9188433,515610388.16,27-Jul-2026,27209,INE083A01026
MOS,ST,11.85,12.1,11.6,11.85,11.95,11.85,92000,1098400.00,27-Jul-2026,22,INE0N7S01028
MOSCHIP,EQ,210.4,218.14,206.38,208.3,208.31,231.79,10880186,2296400875.67,27-Jul-2026,107984,INE935B01025
MSUMI,EQ,40.06,42,40.02,41.74,41.7,40.11,12207219,503427547.88,27-Jul-2026,31618,INE0FS801015
MOM100,EQ,68.2,68.2,66.51,67.27,67.34,66.54,278744,18763202.56,27-Jul-2026,2440,INF247L01023
MON100,EQ,322.11,322.11,322.11,322.11,322.11,328.15,202173,65121945.03,27-Jul-2026,1152,INF247L01AP3
MOTILALOFS,EQ,872.05,882.55,862.85,869.3,869,871.95,1491913,1297428359.95,27-Jul-2026,41897,INE338I01027
MOM50,EQ,248.99,252.98,248.81,251.12,251.01,248.99,3387,849893.55,27-Jul-2026,143,INF247L01536
MOGSEC,EQ,65.19,65.97,64.9,65.73,65.73,64.97,2058,134681.30,27-Jul-2026,66,INF247L01AK4
MOALPHA50,EQ,53.25,53.56,53.1,53.48,53.4,52.9,4589,244682.96,27-Jul-2026,47,INF247L01FR8
MOBANK10,EQ,16.96,17.2,16.86,16.88,16.89,16.88,40918,693146.10,27-Jul-2026,117,INF247L01GV8
MOCAPITAL,EQ,52.82,53.49,52.81,53.14,53.49,52.81,854671,45421128.39,27-Jul-2026,2723,INF247L01EV3
MODEFENCE,EQ,102.99,103.65,102.55,103.31,103.22,102.55,932426,96049864.18,27-Jul-2026,6193,INF247L01DJ0
MOENERGY,EQ,39.06,39.58,38.81,38.95,38.98,39.06,97054,3781800.12,27-Jul-2026,935,INF247L01GH7
MOGOLD,EQ,141.95,142.25,141.5,141.85,142,141.15,29570,4195143.20,27-Jul-2026,414,INF247L01FY4
MOHEALTH,EQ,50.24,53,50.02,51.54,50.85,50.24,38313,1953595.65,27-Jul-2026,571,INF247L01BB1
MOINFRA,EQ,60.85,60.9,60.49,60.57,60.76,60.46,1853,112337.53,27-Jul-2026,46,INF247L01FL1
MOIPO,EQ,45.59,46.1,45.59,46.09,46.1,45.59,400,18389.96,27-Jul-2026,21,INF247L01GI5
MOLOWVOL,EQ,37.06,37.1,36.91,36.99,36.97,36.82,75470,2786045.96,27-Jul-2026,28,INF247L01BL0
MOMENTUM50,EQ,52.44,52.6,52.11,52.44,52.6,51.9,258131,13501999.14,27-Jul-2026,1307,INF247L01DK8
MOMGF,EQ,159.79,160.67,159.19,159.99,159.99,158.72,1843,295074.88,27-Jul-2026,30,INF247L01FK3
MOMIDMTM,EQ,62.83,63.5,62.64,63.14,62.85,62.64,21067,1326630.22,27-Jul-2026,226,INF247L01FQ0
MOMNC,EQ,32.47,32.67,32.44,32.67,32.67,32.27,4174,135746.11,27-Jul-2026,15,INF247L01GK1
MOMOMENTUM,EQ,61.07,62,60.95,61.48,61.84,60.95,29914,1837625.61,27-Jul-2026,424,INF247L01BK2
MON50EQUAL,EQ,33.26,33.3,33.11,33.24,33.25,33.04,2136,70946.78,27-Jul-2026,51,INF247L01FC0
MONEXT50,EQ,72.26,72.58,72.07,72.56,72.58,72.07,20734,1502753.20,27-Jul-2026,39,INF247L01FD8
MONIFTY100,EQ,25.41,25.41,25,25.27,25.2,25,25592,645382.17,27-Jul-2026,68,INF247L01GG9
MONIFTY500,EQ,23.96,23.96,23.54,23.62,23.65,23.51,266755,6309198.32,27-Jul-2026,1334,INF247L01BU1
MONQ50,EQ,142.17,142.17,142,142.17,142.17,142.45,78667,11183880.87,27-Jul-2026,1652,INF247L01AU3
MOPSE,EQ,101.17,101.75,101.17,101.64,101.64,101,298,30238.06,27-Jul-2026,10,INF247L01FO5
MOQUALITY,EQ,197.01,202.31,197.01,201.57,201.57,199.23,1241,250692.79,27-Jul-2026,24,INF247L01BH8
MOREALTY,EQ,88.5,90.52,88.29,90.38,90.35,88.28,1495012,134283909.30,27-Jul-2026,2215,INF247L01CI4
MOSERVICE,EQ,30.86,31.01,30.82,31.01,31.01,30.57,732,22578.36,27-Jul-2026,14,INF247L01GJ3
MOSILVER,EQ,217.11,220.9,217.11,219.69,219.7,217.55,42288,9306776.66,27-Jul-2026,1341,INF247L01FZ1
MOSMALL250,EQ,17.85,17.98,17.73,17.93,17.98,17.66,2536841,45451621.96,27-Jul-2026,2519,INF247L01CH6
MOTOUR,EQ,77.29,78.97,77.29,78.81,78.86,77.3,18426,1446393.43,27-Jul-2026,181,INF247L01FP2
MOVALUE,EQ,113.27,113.7,113.1,113.54,113.52,112.7,37211,4219589.25,27-Jul-2026,831,INF247L01BE5
MOTISONS,EQ,14.25,15.08,13.84,13.96,13.99,14.17,55312451,799237423.78,27-Jul-2026,56645,INE0FRK01020
MOTOGENFIN,BE,27.5,27.5,26.82,27.39,27.4,27.44,726,19684.08,27-Jul-2026,19,INE861B01023
MMEL,ST,29.25,29.25,29.25,29.25,29.25,30.75,2000,58500.00,27-Jul-2026,1,INE0XM301010
MOXSH,ST,106,106,106,106,106,111,1600,169600.00,27-Jul-2026,1,INE0N6D01014
MPHASIS,EQ,2332.1,2368.5,2316.4,2332.7,2325.1,2288.1,726071,1697439056.80,27-Jul-2026,37277,INE356A01018
MPSLTD,EQ,2762.5,2768.9,2616,2687.1,2685,2769.7,138352,370719851.50,27-Jul-2026,11436,INE943D01017
MRF,EQ,131890,132500,131005,132020,132500,130755,3983,524536660.00,27-Jul-2026,2830,INE883A01011
MRPL,EQ,173.5,174.21,161.5,162.29,162.4,169.75,11048279,1820540311.04,27-Jul-2026,58494,INE103A01014
BECTORFOOD,EQ,208.7,212.9,205.01,211.89,211,206.63,3219598,677454031.02,27-Jul-2026,28488,INE495P01020
MSPL,EQ,36.19,36.9,36,36.14,36.05,35.37,273518,9885957.85,27-Jul-2026,3055,INE752G01015
MSTCLTD,EQ,615,616.95,601.05,602.7,602.4,607.2,119248,72371778.85,27-Jul-2026,5049,INE255X01014
MTEDUCARE,BE,2,2.01,2,2,2,1.93,29309,58669.75,27-Jul-2026,54,INE472M01018
MTARTECH,BE,5741.5,5798,5520,5754.5,5745,5805,153251,861019086.00,27-Jul-2026,22525,INE864I01014
MUFIN,EQ,125.25,128,125,125.61,125.36,124.32,802885,101232032.23,27-Jul-2026,4252,INE08KJ01020
MUKANDLTD,EQ,139.5,142.64,139.5,140.57,140.1,138.4,74299,10494939.11,27-Jul-2026,1490,INE304A01026
MUKKA,EQ,23.01,23.49,21.5,22.62,22.69,22.94,415221,9410396.30,27-Jul-2026,1784,INE0CG401037
MUKTAARTS,BE,53.31,58.68,53.31,58.5,58.5,55.89,7210,418391.76,27-Jul-2026,55,INE374B01019
MCX,EQ,2740.4,2766.9,2733.1,2755.1,2752.8,2730,932313,2563820837.90,27-Jul-2026,61506,INE745G01043
MUNISH,ST,77,77.7,77,77.7,77.7,74,22800,1768320.00,27-Jul-2026,16,INE1K8Y01018
MUNJALAU,EQ,100.6,106.1,100.6,104.9,104.47,99.77,1121215,117013630.95,27-Jul-2026,9910,INE672B01032
MUNJALSHOW,EQ,135.82,138.5,135.82,136.93,137.3,135.82,33075,4534622.19,27-Jul-2026,784,INE577A01027
MURUDCERA,EQ,30.4,31,30.4,30.66,30.7,30.4,6283,192963.86,27-Jul-2026,64,INE692B01014
RADIOCITY,EQ,6.5,6.82,6.3,6.58,6.6,6.4,106089,697726.83,27-Jul-2026,212,INE919I01024
MUTHOOTCAP,EQ,216,221.41,212.16,215.09,217.6,213.77,32932,7126444.38,27-Jul-2026,684,INE296G01013
MUTHOOTFIN,EQ,3020.2,3061.6,3015,3025.9,3025,2986.7,517845,1571833600.00,27-Jul-2026,32079,INE414G01012
MUTHOOTMF,EQ,250.11,262.77,249.92,255.03,256.01,250.11,550120,141318816.36,27-Jul-2026,10043,INE046W01019
10MWL29,N0,99500,99500,99500,99500,99500,99310.85,2,199000.00,27-Jul-2026,2,INE0JYY07026
MYMUDRA,SM,76.5,80,75,79.55,80,76.5,22800,1789620.00,27-Jul-2026,13,INE0RVQ01016
NRAIL,EQ,520,534.4,472.5,478.6,485.05,508.95,30020,15154222.35,27-Jul-2026,1906,INE740D01017
NRVANDANA,ST,68,68.9,68,68.85,68.85,68.1,213000,14490750.00,27-Jul-2026,21,INE104101014
NBIFIN,EQ,2254.9,2254.9,2181.9,2222.4,2252,2216.5,282,623438.30,27-Jul-2026,107,INE365I01020
NACLIND,EQ,201,201,190.4,193.1,192,196.8,801321,155090621.72,27-Jul-2026,12161,INE295D01020
NDGL,EQ,2790,2850,2710.1,2736,2720,2774.5,23,63747.50,27-Jul-2026,11,INE756C01015
NAGAFERT,BZ,2.62,2.62,2.62,2.62,2.62,2.75,207865,544606.30,27-Jul-2026,331,INE454M01024
NAGREEKCAP,EQ,22.65,23.5,22,22.73,23.4,22.67,8853,199454.29,27-Jul-2026,66,INE245I01016
NAGREEKEXP,EQ,22.4,23.92,22.4,22.83,22.94,23.14,9044,207275.17,27-Jul-2026,48,INE123B01028
NAHARCAP,EQ,245.5,250,244.01,244.53,244.11,245.33,464,114935.94,27-Jul-2026,41,INE049I01012
NAHARINDUS,EQ,117.15,118.93,116.01,116.5,116.59,116.64,3146,367908.30,27-Jul-2026,67,INE289A01011
NAHARPOLY,EQ,273.8,283,272,279.55,279.95,273.8,27752,7749855.80,27-Jul-2026,788,INE308A01027
NAHARSPING,BE,283.9,283.9,277.6,279.65,280.2,275.55,7379,2062956.75,27-Jul-2026,65,INE290A01027
NGIL,BE,38.05,39.9,36.25,39.04,39.9,38.05,10044,385901.03,27-Jul-2026,63,INE236Y01012
NSIL,EQ,5470,5527,5410,5445,5410,5452.5,1249,6830131.50,27-Jul-2026,323,INE023A01030
NAMAN,SM,47.5,47.5,47.5,47.5,47.5,47.8,800,38000.00,27-Jul-2026,1,INE0RJM01010
NAMOEWASTE,ST,283.65,283.65,283.65,283.65,283.65,278.1,19200,5446080.00,27-Jul-2026,22,INE08NZ01012
NDL,EQ,2.3,2.36,2.3,2.32,2.33,2.31,601922,1405095.90,27-Jul-2026,805,INE875G01048
JAIPURKURT,EQ,27.6,27.6,26.23,26.65,26.55,27.01,1980,53033.93,27-Jul-2026,36,INE696V01013
NH,EQ,1970.7,2064,1965.1,2054,2058.5,1961.5,398068,810853200.40,27-Jul-2026,32327,INE410P01011
NARMADA,EQ,36,36,31.56,32.98,33.63,34.92,8722979,287482980.22,27-Jul-2026,25006,INE117Z01011
NATCOPHARM,EQ,923.15,938.6,920.5,927.1,926.6,921.45,230818,214707496.60,27-Jul-2026,17218,INE987B01026
NATHBIOGEN,EQ,162,165.9,162,164.88,165.45,161.13,11662,1914687.06,27-Jul-2026,426,INE448G01010
NATIONALUM,EQ,345.1,346.05,338.35,339.35,339.1,343.9,3868006,1324494378.90,27-Jul-2026,41824,INE139A01034
NFL,EQ,71.3,71.8,70.69,71.04,71.02,70.31,449042,32011024.14,27-Jul-2026,3154,INE870D01012
NHIT,IV,171,171,171,171,171,168,825000,141075000.00,27-Jul-2026,3,INE0H7R23014
NATIONSTD,EQ,304.2,304.2,304.2,304.2,304.2,320.2,2350,714870.00,27-Jul-2026,141,INE166R01015
NATCAPSUQ,EQ,147.05,149.49,144.05,147.84,147.89,148.86,10409,1520687.96,27-Jul-2026,116,INE936B01015
NAVA,EQ,559.05,578.55,558,564.65,563,554.8,385815,218649580.80,27-Jul-2026,21558,INE725A01030
NAVINFLUOR,EQ,7600,7749,7578,7711,7735,7520,145527,1117451515.50,27-Jul-2026,18337,INE048G01026
NAVKARCORP,EQ,103.3,105.6,102.6,104.17,103.9,102.15,554802,57906196.96,27-Jul-2026,4639,INE278M01019
NAVKARURB,BE,1.09,1.11,1.03,1.06,1.07,1.08,499923,524224.25,27-Jul-2026,248,INE268H01044
NAVNETEDUL,EQ,145.1,145.99,143.01,144.54,144.4,143.97,97402,14071528.37,27-Jul-2026,1968,INE060A01024
NAZARA,EQ,303.85,308,302,303.4,303,302.3,2329997,710970143.95,27-Jul-2026,8964,INE418L01047
NBCC,EQ,94.5,95.95,94.5,94.9,94.89,93.84,6593505,627542646.18,27-Jul-2026,28933,INE095N01031
NCC,EQ,141,142.71,138.11,142.14,142.01,137.09,1809015,255920423.38,27-Jul-2026,27655,INE868B01028
NCLIND,EQ,185.65,187,183.21,185.59,187,184.67,13681,2533133.28,27-Jul-2026,565,INE732C01016
NDLVENTURE,EQ,125.16,127,120.1,121.16,121.79,125.06,18769,2310026.49,27-Jul-2026,402,INE353A01023
NDRAUTO,EQ,813,830.95,813,824.9,829,812.75,10841,8947742.75,27-Jul-2026,1109,INE07OG01012
NDTV,EQ,77,78.47,77,77.42,77.35,76.66,66049,5117655.78,27-Jul-2026,1201,INE155G01029
NECLIFE,BE,10.35,10.57,10.35,10.41,10.4,10.3,56490,591404.48,27-Jul-2026,243,INE023H01027
NEELAM,SM,10.05,10.05,9.45,9.45,9.45,9.7,12000,117000.00,27-Jul-2026,2,INE0N1401016
NELCAST,EQ,136,137.78,113.5,116.64,116.59,134.47,2814717,333746572.21,27-Jul-2026,34542,INE189I01024
NELCO,EQ,948.7,974.35,926.1,933.75,931.5,932.8,313008,296685777.65,27-Jul-2026,12104,INE045B01015
NEOCHEM,ST,89.2,89.45,89.2,89.45,89.45,85.2,10800,964980.00,27-Jul-2026,9,INE21UM01018
NEOGEN,EQ,2135,2159.7,2042.3,2064.1,2065.1,2062.8,149380,310925056.30,27-Jul-2026,22611,INE136S01016
NEPHROCARE,ST,63.2,64.95,60,63,63,62.95,29600,1814200.00,27-Jul-2026,56,INE0SUN01013
NEPHROPLUS,EQ,675,684.45,669,681.65,684,673.1,105459,71681912.40,27-Jul-2026,7623,INE428V01029
NEPTUNE,SM,180,180,180,180,180,180,500,90000.00,27-Jul-2026,1,INE156901014
NESCO,EQ,1058,1067.5,1001.6,1008.3,1009.6,1055.9,243109,250824874.60,27-Jul-2026,19097,INE317F01035
NESTLEIND,EQ,1451,1461.5,1435.3,1446.1,1448,1443.5,2030304,2930849054.00,27-Jul-2026,55967,INE239A01024
NETWEB,EQ,4181.8,4385,4129.4,4362.2,4381,4156,992864,4249983266.90,27-Jul-2026,74540,INE0NT901020
NPST,EQ,1533.9,1584,1510.2,1557.1,1562,1519.2,85342,133758959.90,27-Jul-2026,3206,INE0FFK01017
NETWORK18,EQ,28.9,29.1,28.62,28.85,28.9,28.62,2570517,74073748.26,27-Jul-2026,6726,INE870H01013
NEUEON,BE,15.7,16.36,15.62,15.62,15.62,16.44,48248,760794.39,27-Jul-2026,105,INE333I01044
NEULANDLAB,EQ,18600,19145,18471,18994,19000,18546,27760,525410421.00,27-Jul-2026,11676,INE794A01010
NEWGEN,EQ,511.8,523.95,504.2,506.3,506.85,505.7,1031928,529495179.55,27-Jul-2026,24038,INE619B01017
NEWJAISA,ST,15.95,15.95,15.4,15.4,15.4,15.2,28500,445200.00,27-Jul-2026,18,INE0PW501021
NMSTEEL,SM,24.9,25,24,24.5,24.5,22.25,9600,235760.00,27-Jul-2026,6,INE0TP801012
NEXTMEDIA,EQ,3.98,4.03,3.81,3.96,4,3.98,3707,14446.10,27-Jul-2026,64,INE747B01016
NXST,RR,166.28,168.3,166,167.5,167.13,166.28,216340,36241213.69,27-Jul-2026,4559,INE0NDH25011
NFPSAMPOOR,SM,24.3,24.85,22.95,23.8,23.8,24.15,58000,1378700.00,27-Jul-2026,25,INE0T1501010
NGLFINE,EQ,3210,3349,3177.5,3226.5,3200,3205.5,7529,24709328.20,27-Jul-2026,1537,INE887E01022
893NHB29,N6,5537.01,5555,5522,5555,5555,5535.01,576,3183016.96,27-Jul-2026,12,INE557F07181
NHPC,EQ,79.5,80.04,78.91,79.72,79.59,79.39,6965651,554019659.79,27-Jul-2026,28015,INE848E01016
NIBE,EQ,1506,1560,1481.5,1494.2,1483,1504.3,38476,57879255.30,27-Jul-2026,3202,INE149O01018
NIDAN,SM,13.4,13.4,13.15,13.15,13.15,12.5,4000,53350.00,27-Jul-2026,4,INE0J6L01013
NIITMTS,EQ,234.11,238.23,232.65,233.57,234,230.18,106665,25061866.86,27-Jul-2026,3952,INE342G01023
NIITLTD,EQ,96,96.79,94.6,95.08,95,94.62,279744,26748595.05,27-Jul-2026,3430,INE161A01038
NIKITA,SM,72.35,75.5,72.35,75.25,75.25,75.05,154800,11565420.00,27-Jul-2026,29,INE0FLF01015
NILAINFRA,EQ,7.35,7.78,7.32,7.39,7.4,7.32,131656,979156.42,27-Jul-2026,501,INE937C01029
NILASPACES,EQ,12.18,12.23,11.73,12.12,12.02,11.89,266485,3206123.67,27-Jul-2026,764,INE00S901012
NILE,EQ,1860,1942.5,1824.1,1897.2,1898,1802.6,4403,8313487.10,27-Jul-2026,836,INE445D01013
NILKAMAL,EQ,1716.9,1801,1667.1,1775.2,1785,1676.1,115784,200146689.10,27-Jul-2026,12889,INE310A01015
NIMBSPROJ,BE,191,193.5,190,190,193.5,190,1096,208476.50,27-Jul-2026,10,INE875B01015
NINSYS,BE,845.3,870.35,836.6,845.2,838,866.6,1498,1269414.15,27-Jul-2026,105,INE395U01014
BANKBEES,EQ,590,594,588.1,591.44,591.9,587.76,631908,373595650.88,27-Jul-2026,8073,INF204KB15I9
CONSUMBEES,EQ,130.01,132.45,130,132.26,132.3,130.19,129495,17100693.41,27-Jul-2026,988,INF204KA1LD7
DIVOPPBEES,EQ,78.55,78.55,76.16,77.48,77.62,77.01,61486,4761035.98,27-Jul-2026,871,INF204KA1MS3
NV20BEES,EQ,137.51,140.3,136.05,139.09,138.94,138.91,9268,1290368.68,27-Jul-2026,233,INF204KB18I3
GOLDBEES,EQ,118.53,118.91,118.31,118.62,118.62,117.91,19438238,2306890434.74,27-Jul-2026,76515,INF204KB17I5
HNGSNGBEES,EQ,494,496.43,483.01,488.21,487.4,484.33,123811,60624082.94,27-Jul-2026,5398,INF204KB19I1
INFRABEES,EQ,957.26,974,952.47,963.34,965,957.26,6686,6432539.69,27-Jul-2026,707,INF732E01268
ITBEES,EQ,32.27,32.8,32.27,32.7,32.7,32,19426362,634547996.22,27-Jul-2026,18273,INF204KB15V2
JUNIORBEES,EQ,780,784.48,777.32,783.45,783.99,776.3,338305,264637708.15,27-Jul-2026,9860,INF732E01045
LIQUIDBEES,EQ,1000.97,1000.97,999.99,999.99,1000,999.99,2867011,2867002420.13,27-Jul-2026,3961,INF732E01037
LTGILTBEES,EQ,30.35,30.46,29.7,29.98,29.98,29.86,1259216,37743953.97,27-Jul-2026,658,INF204KB1882
MID150BEES,EQ,235.9,237.75,234.84,237.47,237.69,234.83,563943,133773586.98,27-Jul-2026,7762,INF204KB1V68
NIF100BEES,EQ,264.34,266.5,264.34,266.49,266.48,263.57,28728,7638266.15,27-Jul-2026,584,INF204K014N5
NIFTYBEES,EQ,272.28,273.9,272.02,273.59,273.9,271.21,4597158,1254907432.97,27-Jul-2026,40406,INF204KB14I2
PSUBNKBEES,EQ,94.95,94.95,92.2,93.52,93.55,93.42,1152191,107972801.54,27-Jul-2026,5184,INF204KB16I7
SHARIABEES,EQ,453.94,464.52,453.94,460.4,460.75,453.94,4713,2167131.07,27-Jul-2026,496,INF732E01128
NAM-INDIA,EQ,1123.6,1159.9,1119.2,1153.9,1150.6,1112.5,1164795,1337650645.90,27-Jul-2026,48330,INE298J01013
LIQGRWBEES,EQ,1049.18,1049.2,1049.18,1049.18,1049.18,1049.05,33787,35448841.88,27-Jul-2026,177,INF204KC1FU1
MANUFGBEES,EQ,159.91,161.16,159.91,160.99,160.3,159.47,2641,424289.88,27-Jul-2026,61,INF204KC1GH6
AUTOBEES,EQ,282.99,285.7,282.34,285.24,285.1,281.18,233833,66528260.88,27-Jul-2026,2615,INF204KC1337
PHARMABEES,EQ,26.28,26.85,26.28,26.72,26.75,26.28,5154164,137270969.97,27-Jul-2026,10444,INF204KC1089
SILVERBEES,EQ,212.51,213.88,212.02,213.01,213,210.96,15004369,3198420047.31,27-Jul-2026,51761,INF204KC1402
SNXT30BEES,EQ,41.7,42.27,41.7,42.18,42.18,41.86,9042,380914.36,27-Jul-2026,55,INF204KC1EZ3
NIRAJ,BE,28.16,29.39,28.16,28.97,28.98,28.58,4469,128749.04,27-Jul-2026,22,INE368I01016
NIRLON,EQ,633.05,633.05,610.55,620.05,620,620.6,2136,1327813.40,27-Jul-2026,197,INE910A01012
NIRMAN,SM,38.5,42.1,38.3,42.1,42,38.3,99000,4153740.00,27-Jul-2026,145,INE0OK701014
NITCO,EQ,106,109,104.2,107.59,107.99,104.11,350909,37454215.18,27-Jul-2026,4375,INE858F01012
NITINSPIN,EQ,537,545.9,535.9,539.85,544,535.2,37676,20345195.25,27-Jul-2026,1741,INE229H01012
NITIRAJ,EQ,225.7,225.7,211,218.95,218.98,220.22,7201,1567768.82,27-Jul-2026,140,INE439T01012
NITTAGELA,EQ,1943,1959.8,1900,1904.9,1909,1909,4547,8737628.20,27-Jul-2026,779,INE265B01019
NIVABUPA,EQ,87.18,87.76,86.5,86.92,86.5,86.64,408564,35578853.76,27-Jul-2026,6958,INE995S01015
NKIND,EQ,61.9,61.9,59.51,59.51,59.51,59.72,108,6586.82,27-Jul-2026,6,INE542C01019
NLCINDIA,EQ,295,299.75,292.8,298.45,297.25,292.8,2030451,602228750.45,27-Jul-2026,36430,INE589A01014
805NMC29,N1,126.02,126.02,126.02,126.02,126.02,126.02,200,25204.00,27-Jul-2026,1,INE579F24099
805NMC30,N2,126,126,126,126,126,126,200,25200.00,27-Jul-2026,1,INE579F24065
805NMC32,N4,126,126,126,126,126,126,200,25200.00,27-Jul-2026,1,INE579F24057
805NMC35,N7,126,126,126,126,126,126,200,25200.00,27-Jul-2026,1,INE579F24073
NMDC,EQ,84,84.41,83.31,83.52,83.57,83.56,11291198,946413775.74,27-Jul-2026,31870,INE584A01023
NSLNISP,EQ,41.6,42.74,41.6,42.15,42.1,41.41,2439423,103191857.64,27-Jul-2026,12454,INE0NNS01018
NOCIL,EQ,163.47,164.38,162.04,163.03,163.01,160.11,158657,25869103.89,27-Jul-2026,2210,INE163A01018
NOIDATOLL,BE,4.5,4.53,4.22,4.44,4.44,4.32,187219,828938.72,27-Jul-2026,268,INE781B01015
NORBTEAEXP,EQ,67,70.65,67,68.06,68,67.37,1649,111610.51,27-Jul-2026,29,INE369C01017
NECCLTD,BE,15.06,15.5,15.06,15.15,15.12,15.25,18339,281181.63,27-Jul-2026,87,INE553C01016
NORTHARC,EQ,304.4,310,296,300.1,298,299.4,1178018,357723613.60,27-Jul-2026,16890,INE850M01015
NOVAAGRI,BE,23.4,23.4,22.86,23.17,23.08,22.81,18660,431162.46,27-Jul-2026,137,INE02H701025
NOVARTIND,EQ,1689.8,1689.8,1616.6,1631,1629,1641.2,17325,28571359.50,27-Jul-2026,2614,INE234A01025
NRBBEARING,EQ,399.3,428,399.3,419.25,426.05,397.65,359437,148231682.55,27-Jul-2026,6030,INE349A01021
NIBL,EQ,36.99,37.8,36.49,36.91,36.95,36.98,75798,2812248.37,27-Jul-2026,13317,INE047O01014
NTPCGREEN,EQ,96.56,96.96,93.05,93.69,93.5,96.32,7973373,753100176.34,27-Jul-2026,53173,INE0ONG01011
NTPC,EQ,353,353,347.8,350.8,349.95,347.2,12350753,4329159686.80,27-Jul-2026,86134,INE733E01010
NUCLEUS,EQ,738.1,740,730,731.5,730,724.55,15565,11433434.30,27-Jul-2026,1275,INE096B01018
NRL,BE,105,105,103.1,103.1,103.1,105,64455,6707902.42,27-Jul-2026,110,INE0JM501013
NURECA,EQ,306.16,317.9,300.61,315.7,315.9,301.64,41738,12924275.53,27-Jul-2026,1242,INE0DSF01015
NUVAMA,EQ,1979.5,2008.7,1902,1916.6,1920,1980.1,475623,937194676.30,27-Jul-2026,25574,INE531F01023
NUVOCO,EQ,359.95,360.45,349.7,351.15,352.25,356.05,372984,131995572.15,27-Jul-2026,9380,INE118D01016
OBCL,EQ,53.05,53.49,52.65,53.35,53.35,52.39,5694,299842.59,27-Jul-2026,29,INE426Z01016
OBEROIRLTY,EQ,1852.2,1854.1,1823.3,1832.6,1827.3,1821.2,300191,551434284.10,27-Jul-2026,18435,INE093I01010
OBSCP,SM,584,600,577,591.9,596,585.05,28800,16923400.00,27-Jul-2026,69,INE0YHV01011
OCCLLTD,BE,145.99,152.2,145.99,152.2,152.2,144.96,151676,22949372.33,27-Jul-2026,783,INE0PK601023
ODIGMA,BE,22.65,23.64,22.52,23.06,23.24,22.64,13595,311779.96,27-Jul-2026,236,INE054301028
ONGC,EQ,248,248.17,238.14,238.56,238.39,248.76,19910285,4799960699.03,27-Jul-2026,163346,INE213A01029
OILCOUNTUB,BE,59.28,59.28,56.5,56.65,56.5,58.7,50450,2922788.89,27-Jul-2026,127,INE591A01010
OIL,EQ,445,446.1,438.1,442,438.85,449.75,3806947,1683424566.75,27-Jul-2026,38921,INE274J01014
OLAELEC,EQ,37.5,37.68,37.04,37.27,37.4,37.08,25117046,938118977.05,27-Jul-2026,46404,INE0LXG01040
OLECTRA,EQ,1342.5,1355,1325,1328.1,1334,1336.3,221480,295770548.60,27-Jul-2026,15903,INE260D01016
OMFREIGHT,BE,92.98,93,90,91.9,91.9,92.98,5769,524120.71,27-Jul-2026,97,INE1BZC01019
OMINFRAL,EQ,87.25,88.59,86.19,87.04,86.7,87.1,50494,4420953.79,27-Jul-2026,1091,INE239D01028
OMPOWER,EQ,170,171.25,167.41,169.87,168.97,169.2,78237,13246284.86,27-Jul-2026,1002,INE25E901019
OMAXAUTO,BE,215.1,215.1,215.1,215.1,215.1,226.42,25831,5556248.10,27-Jul-2026,260,INE090B01011
OMAXE,EQ,87.52,91.8,87.52,89.95,90.9,87.66,426419,38291780.83,27-Jul-2026,4420,INE800H01010
OMFURN,ST,55.95,56.6,55.25,56.6,56.6,53.95,38400,2154720.00,27-Jul-2026,16,INE338Y01016
OMNI,EQ,622,630.4,614.1,619.65,619.9,612,193825,120556881.40,27-Jul-2026,9781,INE0UH301010
ONDOOR,SM,243.8,266.95,240,253.6,250,243.5,24000,6039360.00,27-Jul-2026,62,INE00ER01015
PAYTM,EQ,1288,1298,1270.1,1289.4,1292.5,1283.2,2199063,2823946812.90,27-Jul-2026,64455,INE982J01020
MOBIKWIK,EQ,202.45,207.8,202.45,205.56,205,201.02,546989,112561291.98,27-Jul-2026,7682,INE0HLU01028
ONEPOINT,EQ,54.3,56.01,54.3,55.44,55.3,53.98,645094,35677278.03,27-Jul-2026,2797,INE840Y01029
OLIL,ST,419.5,419.9,418,418,418,420,3200,1339720.00,27-Jul-2026,5,INE0OPS01011
ONELIFECAP,BE,37.9,37.9,36.1,37.89,37.9,36.33,145427,5306639.12,27-Jul-2026,99,INE912L01015
KISSHT,EQ,341.8,351.5,339.1,342.25,344,340.15,1766690,612454944.95,27-Jul-2026,32313,INE12F801023
ONESOURCE,EQ,1695.7,1727.6,1636,1688.9,1687,1653.9,717187,1215014561.80,27-Jul-2026,48085,INE013P01021
ONIDA,BE,38.18,38.89,37.51,38.26,38.45,38.18,131912,5025572.24,27-Jul-2026,636,INE831A01028
ONMOBILE,BE,60.7,63,60.7,62.05,61.8,60.74,84699,5256580.02,27-Jul-2026,418,INE809I01019
ONWARDTEC,EQ,294,305,291.1,292.75,292.1,290.65,178828,53179546.45,27-Jul-2026,5309,INE229A01017
ONYX,ST,38.9,38.9,38.9,38.9,38.9,37.05,6000,233400.00,27-Jul-2026,3,INE0WVU01018
OPTIEMUS,EQ,606,614.85,600,610.45,610,599.95,90875,55331976.65,27-Jul-2026,5244,INE350C01017
OPTIVALUE,SM,104,118.95,104,118.95,118.95,99.15,1073600,123324880.00,27-Jul-2026,301,INE15B101011
OFSS,EQ,10760,11189,10665,11089,11098,10652,460067,5083877168.00,27-Jul-2026,66048,INE881D01027
ORBTEXP,BE,243,247,235.5,244.07,244,243.05,7061,1710405.27,27-Jul-2026,134,INE231G01010
ORCHASP,EQ,1.62,1.64,1.57,1.6,1.61,1.58,163464,261556.34,27-Jul-2026,254,INE215B01022
ORCHPHARMA,EQ,995,1006.1,979.95,987.95,990,988.6,45685,45242600.55,27-Jul-2026,6527,INE191A01027
ORIANA,SM,1422.35,1441,1411,1438.25,1439.5,1398.25,32250,46120830.00,27-Jul-2026,336,INE0OUT01019
ORICONENT,EQ,55.03,55.87,53.9,54.35,54.5,55.03,23561,1282237.19,27-Jul-2026,460,INE730A01022
ORIENTBELL,EQ,321.6,332,320.2,327.2,326,319.5,20779,6786566.25,27-Jul-2026,890,INE607D01018
ORIENTCEM,EQ,133.8,136.5,133.33,136.11,136.5,133.8,588926,79855054.31,27-Jul-2026,3286,INE876N01018
ORIENTCER,EQ,40.32,41.67,40.11,40.32,40.31,40.77,49940,2034989.75,27-Jul-2026,1319,INE569C01020
ORIENTELEC,EQ,170,175.73,169.51,172.98,173.25,170.74,584946,101149706.19,27-Jul-2026,9501,INE142Z01019
GREENPOWER,EQ,10.12,10.12,9.97,9.99,10,10.03,1353212,13566297.11,27-Jul-2026,3368,INE999K01014
ORIENTHOT,EQ,134.62,138.38,133.34,137.35,136.55,134.84,368592,50317422.15,27-Jul-2026,5429,INE750A01020
ORIENTPPR,EQ,17.76,18.8,17.76,18.21,18.24,17.58,472111,8659935.00,27-Jul-2026,1469,INE592A01026
ORIENTLTD,EQ,98.49,102.3,92.5,98.44,97.3,89.29,682320,67062294.46,27-Jul-2026,7743,INE609C01024
ORIENTTECH,EQ,266.47,289.95,266.47,279.17,279,258.78,7708727,2157746190.60,27-Jul-2026,100809,INE0PPK01015
OAL,EQ,366,394.9,366,392.45,393.95,373,104430,40370761.10,27-Jul-2026,4191,INE959C01023
ORIENTALTL,EQ,5.34,5.45,5.27,5.32,5.34,5.31,21731,116133.37,27-Jul-2026,193,INE998H01012
ORISSAMINE,EQ,3730,3784.7,3702,3713.3,3702,3747,4123,15376958.70,27-Jul-2026,834,INE725E01024
ORKLAINDIA,EQ,556.75,572.2,556.05,568.9,565.85,556.75,38630,21882365.05,27-Jul-2026,5803,INE16NZ01023
ORTEL,BZ,1.8,1.84,1.71,1.72,1.83,1.8,6306,11257.21,27-Jul-2026,28,INE849L01019
ORTINGLOBE,BE,14.11,15.23,14.11,14.51,14.5,14.81,6735,98804.28,27-Jul-2026,215,INE749B01020
OSELDEVICE,SM,428.05,434.85,418.2,419.75,420.95,430.8,17200,7299690.00,27-Jul-2026,67,INE0RMF01018
OSIAHYPER,BE,2.99,3.01,2.89,2.96,3,2.99,324614,954118.71,27-Jul-2026,365,INE06IR01021
OSWALAGRO,EQ,38,39.5,37.1,38.77,39.31,37.42,51731,2019773.53,27-Jul-2026,273,INE142A01012
OSWALGREEN,EQ,21.03,21.27,20.86,21.17,21.19,20.71,56565,1194201.54,27-Jul-2026,512,INE143A01010
OSWALPUMPS,EQ,360,360,348,349.2,349.05,359.15,460219,162079418.30,27-Jul-2026,10884,INE0BYP01024
OWAIS,ST,99,100.5,98.5,99.5,99.5,99.3,5700,565810.00,27-Jul-2026,32,INE0R8M01017
PNGJL,EQ,654.7,700,652.1,689.05,685,647,2989095,2028048970.35,27-Jul-2026,86401,INE953R01016
PSRAJ,ST,90.6,90.6,85,90.5,90.5,86.3,22500,2009750.00,27-Jul-2026,7,INE0XUS01020
PGHH,EQ,9010,9031,8955.5,8993.5,9000,8974.5,6458,58101102.50,27-Jul-2026,1782,INE179A01014
PACEDIGITK,EQ,197,202,196.5,197.8,198.3,195.25,602021,119587611.83,27-Jul-2026,6761,INE0S3G01027
PAGEIND,EQ,40300,40565,39790,39970,40010,40275,11464,459350760.00,27-Jul-2026,5129,INE761H01022
PAISALO,EQ,70.5,71.18,69.01,70.44,70.3,70.17,11574048,812817883.59,27-Jul-2026,26942,INE420C01059
PAKKA,EQ,71.5,73.64,70,71.1,71.45,71.49,98784,7112412.46,27-Jul-2026,1434,INE551D01018
PALASHSECU,EQ,91.4,91.4,89,89.11,89,88.31,1245,110969.94,27-Jul-2026,98,INE471W01019
PALREDTEC,BE,44.6,47.78,43.24,45.24,47.7,45.51,7898,355973.21,27-Jul-2026,76,INE218G01033
PANACEABIO,EQ,442.6,447.25,431.05,433.1,434.6,441.2,125044,54817290.45,27-Jul-2026,6426,INE922B01023
PANACHE,BE,417.95,428.85,408,426.45,426.45,418.4,7878,3296541.80,27-Jul-2026,84,INE895W01019
PANAMAPET,EQ,499.05,503.5,482.75,487.1,490,498.25,234411,114950759.50,27-Jul-2026,10445,INE305C01029
PANSARI,EQ,359.3,360,336.25,340.25,339,355.2,14342,4961519.80,27-Jul-2026,518,INE697V01011
PAR,EQ,96,96.8,94.01,94.35,94.21,93.79,6057,574413.68,27-Jul-2026,139,INE04LG01015
PARADEEP,EQ,137.5,139,134,134.64,134.2,136.07,2556199,346423264.53,27-Jul-2026,24113,INE088F01024
PARAGMILK,EQ,218.49,221.38,215.4,217.41,217,214.2,276144,60322773.31,27-Jul-2026,6347,INE883N01014
PARAGON,SM,47.9,49,47.5,49,49,47.3,3600,173280.00,27-Jul-2026,3,INE0N4G01012
PARAMATRIX,SM,58.05,58.05,58.05,58.05,58.05,58,1200,69660.00,27-Jul-2026,1,INE0S2W01018
PARACABLES,EQ,62.25,63.6,62.15,62.9,63.46,61.64,626892,39498893.27,27-Jul-2026,4286,INE074B01023
PARAMOUNT,ST,36,37.25,36,37.25,37.25,35.5,8400,303900.00,27-Jul-2026,4,INE0TG801013
PSFL,SM,30.6,31.05,30.55,31,31,31,18000,556400.00,27-Jul-2026,6,INE0Q6001012
PARAS,EQ,1201.2,1227.2,1185.4,1221.3,1218,1195.2,577142,696716579.50,27-Jul-2026,22016,INE045601023
PARASPETRO,EQ,2.02,2.18,1.97,2.18,2.18,1.99,418011,869073.76,27-Jul-2026,458,INE162C01024
PARIN,SM,725,740,710,734.4,740,728.8,7750,5569475.00,27-Jul-2026,14,INE00U801010
PARKHOSPS,EQ,284.7,284.7,278.3,279.7,279.9,280.25,362975,101867772.40,27-Jul-2026,7425,INE119201023
PARKHOTELS,EQ,124.8,126.73,121.8,122.32,122.03,122.39,104829,12892715.62,27-Jul-2026,2541,INE988S01028
PARSVNATH,BE,1.92,1.92,1.92,1.92,1.92,1.95,90716,174174.72,27-Jul-2026,111,INE561H01026
PARTH,SM,467.95,484,467.95,478,478,470.7,17200,8197680.00,27-Jul-2026,28,INE1H7V01011
PARTYCRUS,SM,89,90,87,89.95,90,90,10000,887000.00,27-Jul-2026,8,INE06ZX01015
PASHUPATI,EQ,87.7,87.88,85.51,86.8,87,87.09,65453,5692305.17,27-Jul-2026,3172,INE124Y01028
PASUPTAC,BE,60.28,60.28,57.16,57.22,57.33,57.91,21340,1238231.37,27-Jul-2026,154,INE818B01023
PATANJALI,EQ,343.45,348,341.1,346.85,345.85,340.95,6854453,2368574641.85,27-Jul-2026,48955,INE619A01035
1025PATE28,N0,101320.46,101320.46,100000,100000,100000,101291.98,4,401320.46,27-Jul-2026,4,INE244B07243
PATELENG,EQ,28.42,28.62,27.91,27.98,27.99,28.02,2998015,84234668.12,27-Jul-2026,7417,INE244B01030
PATINTLOG,BE,13.99,14.45,13.76,14.14,14.11,13.82,20637,290926.44,27-Jul-2026,108,INE529D01014
PATELRMART,EQ,223.44,226.87,220.01,222.21,223.6,223.44,62137,13863450.78,27-Jul-2026,2120,INE0R8B01010
PATILAUTOM,ST,183,184.75,180.8,182.05,180.8,184.2,16200,2946540.00,27-Jul-2026,24,INE17GV01016
PML,EQ,489,489,465.3,476.05,481.7,485.6,912,432268.05,27-Jul-2026,69,INE291E01019
PAUSHAKLTD,EQ,565.25,575,562,572.15,567,562.45,10693,6093637.45,27-Jul-2026,834,INE111F01024
PAVNAIND,EQ,16.46,16.46,15.75,16.22,16.23,16.09,26945,436152.63,27-Jul-2026,164,INE07S101038
POLICYBZR,EQ,1540,1558.9,1536.4,1553.2,1554,1537.2,638636,989714266.20,27-Jul-2026,29979,INE417T01026
PCJEWELLER,EQ,9.49,9.5,9.33,9.35,9.37,9.28,139047251,1305668322.98,27-Jul-2026,53315,INE785M01021
PCBL,EQ,319.85,327.45,319.85,326.15,326.55,317.9,666364,216464485.40,27-Jul-2026,13931,INE602A01031
PDSL,EQ,352.15,359.95,352.15,357.5,355.9,352,63849,22779740.50,27-Jul-2026,2742,INE111Q01021
PGIL,EQ,1980,2036.7,1946.1,2016.6,2012,1974.5,69227,138601111.10,27-Jul-2026,9940,INE940H01022
PEARLPOLY,BE,17.1,17.89,16.5,17,17,17.2,7420,125939.90,27-Jul-2026,33,INE844A01013
PELATRO,SM,263,263,260,260,260,263,1500,391935.00,27-Jul-2026,5,INE0VG601013
PENINLAND,BE,15.77,16.09,15.77,16.09,16.09,16.09,66875,1062832.22,27-Jul-2026,87,INE138A01028
PENIND,EQ,164.35,169,163.61,165.16,164.55,162.84,215484,35903489.79,27-Jul-2026,3513,INE932A01024
PENTAGON,SM,51.35,51.35,51.35,51.35,51.35,53.95,2000,102700.00,27-Jul-2026,2,INE0ORS01017
PERFECT,SZ,2.75,2.75,2.75,2.75,2.75,2.75,6000,16500.00,27-Jul-2026,1,INE925S01012
PERSISTENT,EQ,5249,5339.5,5237,5268.2,5273.5,5200.5,557415,2944742840.30,27-Jul-2026,50657,INE262H01021
PCCL,SM,269.6,269.6,268.35,269,269.55,269.1,2800,753640.00,27-Jul-2026,7,INE998U01015
PETRONET,EQ,275.1,276.45,272,272.9,272.95,274.7,1308556,358744782.25,27-Jul-2026,28296,INE347G01014
7PFCL31,N3,920.6,975,920.6,975,975,985,2,1895.60,27-Jul-2026,2,INE134E07DP0
PFIZER,EQ,4623.6,4713,4602.1,4692.6,4711,4623.6,36458,170228639.90,27-Jul-2026,8378,INE182A01018
905PFL26,N1,1058.05,1058.05,1058.05,1058.05,1058.05,1065.01,1,1058.05,27-Jul-2026,1,INE140A07740
PGEL,EQ,580,586.8,577,579.7,578,572.45,769994,446809726.00,27-Jul-2026,15317,INE457L01029
PHANTOMFX,SM,172,197.9,172,187.25,184,171.35,21300,3921180.00,27-Jul-2026,64,INE0MLZ01019
PHOGLOBAL,SM,16.3,16.5,16.3,16.5,16.5,15.9,22000,362300.00,27-Jul-2026,8,INE0FPO01018
PWL,EQ,129.85,129.85,122.06,123.09,123.65,128.05,10401923,1294547336.23,27-Jul-2026,60716,INE0LP301011
PIIND,EQ,2751,2765.9,2735.6,2742.6,2742,2731.2,72244,198717482.40,27-Jul-2026,9212,INE603J01030
PICCADIL,EQ,745.9,768.9,742.55,757.05,754,737.2,256342,193956394.50,27-Jul-2026,14538,INE546C01010
PPSL,SM,2.85,3.2,2.85,3.2,3.2,2.7,594000,1870500.00,27-Jul-2026,108,INE0YAL01017
PIDILITIND,EQ,1588.9,1622.4,1579.7,1611.3,1614,1570.9,1161586,1871888939.20,27-Jul-2026,46473,INE318A01026
PILITA,BE,8.88,9.09,8.62,8.73,8.62,8.88,134970,1189796.85,27-Jul-2026,149,INE600A01035
PILANIINVS,EQ,4322,4362,4301,4345.2,4347.5,4311.4,455,1973802.30,27-Jul-2026,123,INE417C01014
PINELABS,EQ,147.11,150.41,147.11,148.94,148.93,145.67,5482549,817616186.60,27-Jul-2026,32019,INE15B701018
PIONEEREMB,EQ,22.49,23.38,21.81,23.04,23.19,22.05,10875,247780.11,27-Jul-2026,60,INE156C01018
PIONRINV,EQ,97.99,97.99,91.11,93.26,92,94.14,1140,106532.95,27-Jul-2026,67,INE746D01014
PIRAMALFIN,EQ,2095.9,2110,2032.2,2044.8,2039,2085.4,343746,711191789.40,27-Jul-2026,18320,INE202B01038
PPLPHARMA,EQ,180.75,192.64,180.75,192.05,192,181.27,15154930,2877899584.78,27-Jul-2026,107479,INE0DK501011
PITTIENG,EQ,923.2,935,921.8,930.7,929.5,920.65,18937,17580104.00,27-Jul-2026,1681,INE450D01021
PIXTRANS,EQ,1797.9,1800,1768.1,1796.7,1792,1766.1,7305,13034872.10,27-Jul-2026,1518,INE751B01018
PLASTIBLEN,EQ,190.9,194.79,188.81,191.08,191,188.85,70294,13468113.99,27-Jul-2026,1614,INE083C01022
PLATIND,EQ,227.87,244,227.87,240.24,239.6,227.82,180514,43165692.06,27-Jul-2026,4734,INE0PT501018
PLAZACABLE,BE,42.69,42.9,42.01,42.8,42.79,42.9,10795,457316.07,27-Jul-2026,120,INE0INJ01017
PNBGILTS,EQ,85.59,86.69,85.25,85.44,85.36,85.51,163759,14055661.76,27-Jul-2026,1746,INE859A01011
PNBHOUSING,EQ,1068,1085.5,1051.6,1078.5,1075.9,1058,937828,1003745846.50,27-Jul-2026,34741,INE572E01012
PNCINFRA,EQ,238.83,244.98,237,241.85,241,238.21,405716,97951214.05,27-Jul-2026,15662,INE195J01029
PNGSREVA,EQ,408.6,425.9,403.55,414.1,415.8,405.95,90394,37649084.50,27-Jul-2026,3079,INE1RDG01013
PODDARMENT,EQ,265.62,269.98,249.71,252.74,253,263.98,12740,3286328.20,27-Jul-2026,539,INE371C01013
POKARNA,EQ,926,961,926,933.3,930,926.5,44988,42385153.50,27-Jul-2026,5877,INE637C01025
POLYMED,EQ,1775,1775,1664,1680.7,1672.2,1664,148378,251216851.90,27-Jul-2026,19814,INE205C01021
POLYCAB,EQ,8956,9050,8956,9010,9026,8907.5,232047,2092320511.00,27-Jul-2026,34253,INE455K01017
POLYPLEX,EQ,1137.4,1174,1131.85,1161.9,1170,1128.95,117512,136583450.15,27-Jul-2026,7342,INE633B01018
POLYSIL,SM,112.1,116.95,110.5,112.5,110.5,112,10000,1146225.00,27-Jul-2026,14,INE517M01028
POCL,EQ,534,539.7,520.2,522.8,523.8,526.2,361002,190678259.50,27-Jul-2026,9645,INE063E01061
PONNIERODE,EQ,314.9,317.95,310.1,311.5,310.9,316,29277,9148658.80,27-Jul-2026,706,INE838E01017
POONAWALLA,EQ,457,472,456.2,465.1,471,459.7,664006,307001854.85,27-Jul-2026,13568,INE511C01022
PVSL,EQ,106.9,109,106.08,108.25,108.8,106.01,33294,3589423.59,27-Jul-2026,737,INE772T01024
POSITRON,SM,176.8,183,172.8,180,180,177,6300,1122615.00,27-Jul-2026,20,INE0S3H01017
PFC,EQ,412.2,420.7,411,420.1,419.8,411.9,4447916,1855860901.95,27-Jul-2026,40263,INE134E01011
POWERGRID,EQ,288.3,290.55,286.55,288.85,287.95,288.2,12143388,3507089439.80,27-Jul-2026,52783,INE752E01010
PIGL,EQ,106.5,110,105.23,109.07,108.97,105.29,68901,7481976.10,27-Jul-2026,3545,INE557Z01018
POWERMECH,EQ,2629,2721.9,2572.6,2692.9,2680,2593.6,133658,355936036.60,27-Jul-2026,17778,INE211R01019
PGINVIT,IV,100.73,101.48,100.45,101.33,101.45,100.26,2348336,237223150.64,27-Jul-2026,7814,INE0GGX23010
POWERICA,EQ,575.8,580.45,560.05,565.7,562.35,568.25,172709,98054980.70,27-Jul-2026,6226,INE921L01032
PPAP,BE,285.1,295,280.01,287.43,288,290.38,13383,3876690.22,27-Jul-2026,285,INE095I01015
PRABHA,EQ,142.14,145.5,139.01,142.02,143,139.86,19298,2741355.59,27-Jul-2026,384,INE0I0M01023
PRADPME,BE,511,522.5,502.25,510.25,507,506.45,3496,1792548.20,27-Jul-2026,63,INE770A01010
PRAJIND,EQ,320,322,314.35,316,316.5,323.5,715781,227367884.45,27-Jul-2026,18918,INE074A01025
PRAENG,EQ,23.14,23.14,21.94,22.11,22.05,22.42,60742,1366057.35,27-Jul-2026,350,INE505C01016
PRAKASH,EQ,125,125.95,123.46,125.47,125.95,123.77,230451,28720308.80,27-Jul-2026,2380,INE603A01013
PPL,BE,272,279.95,263,268.6,266.2,271.35,22966,6205889.95,27-Jul-2026,379,INE050001010
PRAKASHSTL,EQ,4.04,4.35,3.95,4.06,4.06,4.01,140092,572228.17,27-Jul-2026,268,INE696K01024
PRAMARA,SM,129.4,131,127.75,128.7,128.7,127.8,29500,3798700.00,27-Jul-2026,42,INE0O7A01017
DIAMONDYD,EQ,1111.4,1122.8,1080.5,1097.6,1080.5,1111.4,17731,19557865.20,27-Jul-2026,1589,INE393P01035
PRATHAM,SM,113.35,115.9,113.35,114.15,114,117.3,4800,548320.00,27-Jul-2026,11,INE0QA601016
PRAVEG,EQ,290,313,286.5,301.07,300.95,285.08,306929,93574270.47,27-Jul-2026,8231,INE722B01019
PRAXIS,BE,7.09,7.11,6.81,7.03,7,6.93,20173,142520.21,27-Jul-2026,58,INE546Y01022
PRECAM,EQ,139.88,145.9,139.06,139.85,139.3,138.65,244587,34873070.11,27-Jul-2026,3999,INE484I01029
PRECISION,SM,8.3,8.3,7.6,8,8,7.95,10000,78200.00,27-Jul-2026,5,INE0HKW01018
PRECWIRE,EQ,372.5,377.25,370.55,373.95,373.45,372.5,87364,32683745.95,27-Jul-2026,6334,INE372C01037
PRECOT,EQ,831.35,860,810,844.5,859.9,823.75,4729,3913299.40,27-Jul-2026,340,INE283A01014
PREMCO,EQ,386.05,386.05,367,368.15,368.15,363.9,174,65321.55,27-Jul-2026,14,INE001E01012
PREMIERENE,EQ,1028.9,1042.7,1017.7,1039.9,1038.7,1019.3,547770,564805269.30,27-Jul-2026,16769,INE0BS701011
PREMEXPLN,EQ,662.95,673.4,662.5,669.1,668,662.1,127897,85369126.85,27-Jul-2026,3221,INE863B01029
PREMIER,BE,2.84,2.95,2.84,2.94,2.94,2.84,1471,4247.03,27-Jul-2026,18,INE342A01018
PREMIERPOL,EQ,79.3,80,74,74.48,74.8,79.3,328951,25030087.96,27-Jul-2026,4179,INE309M01020
PRLIND,SM,45,45.3,44.7,44.75,44.75,45.3,12000,541500.00,27-Jul-2026,8,INE0CFG01012
PREMIUM,SM,38.6,38.6,38.5,38.5,38.5,40,9000,346800.00,27-Jul-2026,3,INE0M1F01011
PRESSTONIC,SM,25.45,26.9,25.1,25.35,25.3,25.45,18400,467960.00,27-Jul-2026,22,INE0R1601012
PRESTIGE,EQ,1619,1649.8,1604.7,1644.6,1641.3,1592.8,652716,1068756328.40,27-Jul-2026,26000,INE811K01011
PRICOLLTD,EQ,638,671.4,633.2,665.35,666,628.7,1352331,889705223.90,27-Jul-2026,51718,INE726V01018
PRIMECAB,ST,183.75,183.75,180,183.75,183.75,175,19200,3500880.00,27-Jul-2026,11,INE0CQA01020
PFOCUS,EQ,292.4,295,286,287.75,287.7,289.29,623243,181375465.88,27-Jul-2026,11795,INE367G01038
PRIMESECU,EQ,273.05,293.95,273.05,274.5,274.05,274.45,5127,1412349.25,27-Jul-2026,546,INE032B01021
PRIMO,EQ,22.06,23,22.06,22.49,22.26,22.34,87137,1966418.10,27-Jul-2026,1390,INE607A01022
PRINCEPIPE,EQ,263.6,267.3,261.25,265.65,264,261.2,116284,30723875.55,27-Jul-2026,3615,INE689W01016
PRSMJOHNSN,EQ,108.91,109.69,108.2,108.55,108.38,108.02,50253,5467714.57,27-Jul-2026,1305,INE010A01011
PRITI,BE,37.07,38.8,37,37.11,37.79,37.73,3154,116963.60,27-Jul-2026,53,INE974Z01015
PRITIKAUTO,BE,18.42,18.44,17.5,17.96,18,18.01,54346,976996.06,27-Jul-2026,305,INE583R01029
PNC,EQ,19.74,19.99,19.36,19.6,19.6,19.35,1317,25899.17,27-Jul-2026,56,INE392B01011
PRIVISCL,EQ,3613.4,3655,3585,3623.6,3628,3595.2,41625,150536356.70,27-Jul-2026,6692,INE959A01019
PRIZOR,ST,861,861.85,860,860,860,845,9600,8267920.00,27-Jul-2026,17,INE0V9N01017
PGHL,EQ,6745,6915,6730,6784,6788,6714,5453,37160821.00,27-Jul-2026,1780,INE199A01012
PROLIFE,SM,71.25,71.25,71.25,71.25,71.25,75,500,35625.00,27-Jul-2026,1,INE994V01012
PROSTARM,EQ,125.67,125.86,122.23,123.41,123.9,123.67,101957,12616962.51,27-Jul-2026,1876,INE0BX301013
PROTEAN,EQ,600,632.95,596,625.75,621.8,593.9,911326,564279803.45,27-Jul-2026,24404,INE004A01022
PROV,SM,1750,1750,1700,1720,1720,1710,560,960000.00,27-Jul-2026,5,INE0ONE01016
PROZONER,EQ,43.65,44.8,43.15,44.11,44.35,43.8,92301,4055987.55,27-Jul-2026,842,INE195N01013
PRUDENT,EQ,2920.9,3036,2833.3,2870,2851,2858.9,133291,392478164.20,27-Jul-2026,20666,INE00F201020
PRUDMOULI,BE,12.92,13.56,12.92,13,13,12.92,414,5472.33,27-Jul-2026,11,INE024D01016
PSPPROJECT,EQ,1039,1065.4,1029.3,1055.9,1057,1031.2,79166,82957379.80,27-Jul-2026,4465,INE488V01015
PFS,EQ,29.28,29.8,29,29.24,29.4,29.28,326119,9594635.32,27-Jul-2026,1861,INE560K01014
PTC,EQ,165.48,167.8,165.05,166.33,166.2,164.4,430444,71605716.93,27-Jul-2026,5987,INE877F01012
PTCIL,EQ,17832,18250,17732,17923,17852,17732,14951,269417301.00,27-Jul-2026,5287,INE596F01018
PTL,EQ,39.26,40.35,39.06,39.42,39.6,39.26,29842,1177544.04,27-Jul-2026,827,INE034D01049
PDMJEPAPER,EQ,94.9,99.24,93.98,95.75,95.7,91.72,718707,69326085.03,27-Jul-2026,8280,INE865T01018
PSB,EQ,23.91,24.7,23.32,23.89,23.88,23.77,1506830,36590049.42,27-Jul-2026,3938,INE608A01012
PUNJABCHEM,EQ,1131,1171,1123.7,1156.1,1160,1121.6,6941,7988765.10,27-Jul-2026,735,INE277B01014
PNB,EQ,111.25,112.23,110.76,111.62,111.53,110.38,12850732,1432602224.71,27-Jul-2026,49165,INE160A01022
PURVA,EQ,215.5,219.9,214.74,219.45,219.29,213.35,113195,24662115.59,27-Jul-2026,2481,INE323I01011
PURPLEUTED,ST,357,357,329,332.5,335,341.35,15500,5221150.00,27-Jul-2026,52,INE0P5R01014
PURVFLEXI,SM,42.1,46.25,42.1,45.75,46.25,44.1,14400,641880.00,27-Jul-2026,18,INE0R6C01012
PUSHPA,SM,111,112,105,107.55,107,111,12000,1298700.00,27-Jul-2026,12,INE154801018
PVP,EQ,27.72,30.34,27.1,27.4,27.29,27.31,1123455,31897634.53,27-Jul-2026,5644,INE362A01016
PVRINOX,EQ,1072.3,1136.9,1071,1123.2,1120.15,1063.95,1608571,1799154756.60,27-Jul-2026,95192,INE191H01014
PYRAMID,EQ,165.09,197.05,165.01,195.96,197.05,164.21,4561988,876065601.86,27-Jul-2026,31234,INE0MIS01010
QLINE,SM,511,511,492.1,500.3,498.05,505.75,102000,50954660.00,27-Jul-2026,211,INE1G2W01011
QMSMEDI,EQ,110.85,114,110.7,112.13,111.85,110.6,10371,1165081.85,27-Jul-2026,772,INE0FMW01018
QUADFUTURE,EQ,365.5,369.7,352.5,362.7,360,361.05,226958,82791200.95,27-Jul-2026,7161,INE0LRY01011
QFIL,SM,61.5,62.8,61.5,62.8,62.8,61.5,2000,124300.00,27-Jul-2026,2,INE0O1M01015
QPOWER,BE,1120,1140,1096,1105.6,1100,1105.4,63072,70087154.60,27-Jul-2026,2093,INE0SII01026
QGOLDHALF,EQ,118.2,119.38,118.2,118.91,118.91,118.07,196523,23369429.81,27-Jul-2026,942,INF082J01408
QNIFTY,EQ,268.14,268.14,263.2,264.2,264.2,261.6,7185,1894327.89,27-Jul-2026,89,INF082J01499
QUESS,EQ,298.35,300,293,295.75,298,295.4,123913,36691280.20,27-Jul-2026,4371,INE615P01015
QUESTLAB,SM,91.05,93.9,91.05,92.95,93,92.95,15600,1445280.00,27-Jul-2026,11,INE0TNW01017
QUICKHEAL,BE,153,160,153,155.72,155.75,152.72,40517,6334985.39,27-Jul-2026,679,INE306L01010
QUICKTOUCH,SM,22,22,20.9,21.1,21.05,22,12000,255400.00,27-Jul-2026,16,INE0K4D01020
QUINT,EQ,38.64,39.99,36,37.35,37,38.64,1083,41022.35,27-Jul-2026,24,INE641R01017
QUINTEGRA,BE,1.45,1.45,1.33,1.44,1.44,1.39,22631,30851.66,27-Jul-2026,22,INE033B01011
QVCEL,SM,22.7,23.55,22.7,23.55,23.55,23.55,3200,74000.00,27-Jul-2026,2,INE0KZF01015
RKSWAMY,EQ,103.9,107.7,102.32,106.71,107.21,101.37,84741,8915039.78,27-Jul-2026,1743,INE0NQ801033
RMDRIP,EQ,18.15,18.99,18.05,18.65,18.51,18.11,2603869,48427517.08,27-Jul-2026,3985,INE219Y01026
RRIL,EQ,17.2,17.2,16.3,16.45,16.4,16.63,16410,272370.48,27-Jul-2026,99,INE951M01037
RRKABEL,EQ,2529,2584,2453,2525.3,2570,2493.6,1757341,4424109712.60,27-Jul-2026,111433,INE777K01022
RSDFIN,EQ,73.2,82.79,73.2,82,82,82.81,45,3548.40,27-Jul-2026,5,INE616F01022
RSYSTEMS,EQ,249,259.75,248.01,252.85,252.01,245.51,416728,106073092.92,27-Jul-2026,19077,INE411H01032
RNBDENIMS,EQ,9.32,9.45,9.22,9.32,9.38,9.27,221590,2068675.87,27-Jul-2026,906,INE012Q01039
RSSOFTWARE,BE,31.26,32.29,30.5,32.09,32.28,31.26,11983,380536.93,27-Jul-2026,153,INE165B01029
RPPINFRA,EQ,62.26,64.53,61.5,62.15,61.5,61.5,19583,1222948.39,27-Jul-2026,408,INE324L01013
RIIT,IV,115.65,117,115.65,116.82,116.5,115.64,57095,6666642.33,27-Jul-2026,5073,INE2PB023011
RACE,EQ,111.99,111.99,108,109.03,109.3,109.25,9795,1083548.30,27-Jul-2026,39,INE084Q01012
RILINFRA,SM,39.85,39.9,38.55,39.35,38.85,39.5,7600,298520.00,27-Jul-2026,46,INE02OY01016
RACLGEAR,EQ,1315.5,1386,1312,1332.2,1338.6,1315.5,34422,45908389.60,27-Jul-2026,2725,INE704B01017
RADAAN,EQ,2.88,2.88,2.78,2.79,2.79,2.88,23468,66316.77,27-Jul-2026,83,INE874F01027
RADHIKAJWE,EQ,64,68.68,64,68.03,67.9,63.63,1931509,129854338.89,27-Jul-2026,16007,INE583V01021
RADIANTCMS,EQ,36.5,37.43,36.4,36.64,36.62,36.93,76166,2795748.80,27-Jul-2026,974,INE855R01021
RADICO,EQ,4120,4201,4117.7,4149.5,4161,4091.3,515365,2141645117.40,27-Jul-2026,33667,INE944F01028
RPEL,EQ,1319,1324.5,1284.5,1292.7,1291,1303.2,44411,57748792.10,27-Jul-2026,4351,INE912T01018
RVNL,EQ,226.03,227.6,223.56,223.95,223.8,224.53,3968892,895073964.33,27-Jul-2026,31373,INE415G01027
RAILTEL,EQ,288.4,291,287.4,288.55,288.1,284.75,291361,84162033.95,27-Jul-2026,9653,INE0DD101019
RAIN,EQ,226.45,228,221.17,223.74,223.75,225.23,3339585,748678351.88,27-Jul-2026,28336,INE855B01025
RAINBOW,EQ,1468.2,1487,1464.4,1483.5,1483.2,1457.8,44019,65163820.80,27-Jul-2026,7090,INE961O01016
ROML,EQ,45.1,45.1,44.07,44.98,45,44.51,1122,50127.12,27-Jul-2026,30,INE294G01026
RAJRILTD,BE,21.25,21.25,20.43,20.67,20.89,20.84,23098,472881.53,27-Jul-2026,173,INE533D01032
RAJTV,EQ,11.89,11.98,11.66,11.81,11.76,11.67,26518,312628.59,27-Jul-2026,163,INE952H01027
RAJPALAYAM,EQ,802.05,820,802.05,810.75,810,807.75,982,798027.80,27-Jul-2026,46,INE296E01026
ARENTERP,EQ,47,47,38.67,41.1,41.7,44.24,54339,2281547.43,27-Jul-2026,796,INE610C01014
RAJESHEXPO,BZ,85.07,89.99,85.07,88.46,88.49,88.93,66769,5901109.18,27-Jul-2026,1015,INE343B01030
RCDL,SM,24,24,24,24,24,24,3000,72000.00,27-Jul-2026,1,INE0BZQ01011
RAJMET,EQ,3.36,3.43,3.31,3.33,3.35,3.36,162977,547129.99,27-Jul-2026,563,INE00KV01022
RAJOOENG,BE,54.97,56,54,54.18,54.2,54.35,148000,8143629.03,27-Jul-2026,762,INE535F01024
RAJPUTANA,SM,192,199,192,199,199,199.45,1500,291500.00,27-Jul-2026,3,INE0VHU01019
RAJINDLTD,SM,72.45,72.45,71.85,71.85,71.85,70.45,4500,324450.00,27-Jul-2026,3,INE0PCU01012
RSL,EQ,134.99,137.05,132.2,134.33,132.3,132.72,520856,70184181.84,27-Jul-2026,2831,INE313L01016
RAJRATAN,EQ,497,519.65,495,504.5,503.65,488.3,459053,233758373.10,27-Jul-2026,20747,INE451D01029
RPPL,EQ,21.46,22.05,20.8,21.69,22,21.47,60125,1278164.90,27-Jul-2026,581,INE760W01023
RAJSREESUG,EQ,30.6,31.39,29.97,30.83,30.4,29.97,12214,375036.30,27-Jul-2026,155,INE562B01019
RAJVIR,BZ,5.93,5.95,5.93,5.93,5.93,6.23,3919,23239.75,27-Jul-2026,5,INE011H01014
RALLIS,EQ,220,227.07,220,221.59,220.95,218.72,1235821,276616294.00,27-Jul-2026,22450,INE613A01020
RAMRAT,EQ,414.15,429.9,414.15,425.3,428,414.1,105248,44437414.75,27-Jul-2026,2844,INE207E01023
RAMAPHO,EQ,134,134.9,129.11,130.9,131.85,131.1,55794,7357900.92,27-Jul-2026,687,INE809A01032
RAMASTEEL,BE,4.29,4.31,4.21,4.24,4.23,4.26,1689124,7174273.45,27-Jul-2026,3377,INE230R01035
RTL,SM,80,80,80,80,80,78,6000,480000.00,27-Jul-2026,3,INE14W901010
RAMCOIND,EQ,329.5,345.35,327.1,336.85,334.15,329.15,261964,88420169.55,27-Jul-2026,7184,INE614A01028
RAMCOSYS,EQ,668.9,696.3,639.9,639.9,639.9,710.95,1208773,794564493.45,27-Jul-2026,21213,INE246B01019
RBS,SM,76,81.65,74.3,75.6,75.6,74.25,89600,7099640.00,27-Jul-2026,51,INE0RJH01010
RKFORGE,EQ,595,635.55,595,625.45,625.3,580.7,12147443,7541609061.65,27-Jul-2026,199518,INE399G01023
RAMKY,EQ,372.6,381.6,372.6,375.2,374.1,371.1,40579,15325006.85,27-Jul-2026,1266,INE874I01013
RANASUG,EQ,11.88,12.05,11.73,11.84,11.85,11.78,69252,822647.22,27-Jul-2026,352,INE625B01014
RML,EQ,1139.5,1186.6,1125,1149,1145,1130.4,23632,27485024.40,27-Jul-2026,3437,INE050H01012
RANEHOLDIN,EQ,1738,1767.8,1731,1762.7,1767.8,1738.4,8218,14423822.00,27-Jul-2026,953,INE384A01010
RAPPID,SM,337.85,337.85,319.25,330.2,334.9,337.85,10200,3341910.00,27-Jul-2026,17,INE0MVO01012
RPTECH,EQ,787.95,809,770,801.45,809,779.85,450228,356091919.65,27-Jul-2026,18715,INE0J1F01024
RCF,EQ,124.91,127,124.91,126.27,126.45,124.22,511013,64471288.64,27-Jul-2026,6089,INE027A01015
RATEGAIN,EQ,899,929,895,905.8,905,900.4,189729,172878141.90,27-Jul-2026,14588,INE0CLI01024
RATNAMANI,EQ,2400.8,2435.7,2395.1,2404.3,2423,2394.5,17021,40964971.50,27-Jul-2026,6182,INE703B01027
RATNAVEER,EQ,182,204,182,199.61,204,178.61,53640552,10621802792.40,27-Jul-2026,320678,INE05CZ01011
RTNINDIA,EQ,32.01,32.46,31.1,32.03,32.1,31.6,748701,24049008.80,27-Jul-2026,4021,INE834M01019
RTNPOWER,EQ,8.81,8.84,8.55,8.63,8.66,8.63,15468021,133873287.12,27-Jul-2026,13300,INE399K01017
RKDL,EQ,19.65,19.91,19.4,19.48,19.46,19.91,11245,219755.06,27-Jul-2026,111,INE722J01012
RVHL,EQ,46,46.5,45.13,45.53,45.2,45.87,11867,542887.94,27-Jul-2026,104,INE09E501017
RELTD,EQ,173.4,179.35,173.01,174.03,174.02,171.45,195941,34290050.70,27-Jul-2026,4609,INE206N01018
RAYMONDLSL,EQ,717,717,701.05,705.6,706.5,714.95,92348,65472190.95,27-Jul-2026,4423,INE02ID01020
RAYMOND,EQ,598,603.05,585.25,595,596,588.4,781629,463675317.70,27-Jul-2026,18337,INE301A01014
RAYMONDREL,EQ,661.1,673.8,656.3,665.9,662.45,654.55,275017,183118567.45,27-Jul-2026,8502,INE1SY401010
RBLBANK,EQ,352.9,364.1,352.9,362.85,363.05,352.9,6318621,2279820333.75,27-Jul-2026,61323,INE976G01028
RBMINFRA,SM,300.25,300.6,288,290.9,289.4,300.25,27200,8015670.00,27-Jul-2026,100,INE0NA301016
RBZJEWEL,EQ,142.1,148.99,142.1,145.61,144.55,140.91,83688,12170778.76,27-Jul-2026,2452,INE0PEQ01016
READYMIX,SM,96,106,96,105,105,104.95,8000,833000.00,27-Jul-2026,8,INE10QL01011
RECLTD,EQ,357.5,368.85,356.9,368.15,368.8,361.6,9400642,3434479699.30,27-Jul-2026,92411,INE020B01018
REDINGTON,EQ,261,279.85,260.2,278.15,277.9,259.05,8059901,2223867598.60,27-Jul-2026,94048,INE891D01026
REDTAPE,EQ,126.99,130.28,126.52,127.28,128.3,126.77,178327,22796277.39,27-Jul-2026,2998,INE0LXT01019
REFEX,EQ,319.9,334.2,317.7,331.55,332,316,777695,255109336.95,27-Jul-2026,12639,INE056I01025
REFRACTORY,SM,26.15,26.25,25.6,25.9,25.6,26.9,11000,286700.00,27-Jul-2026,10,INE0TNX01015
REGAAL,BE,75.98,78.4,75.97,77.58,77.9,75.65,57102,4389139.19,27-Jul-2026,274,INE0MHO01029
REGENCERAM,EQ,34,35.4,33.06,33.6,33.09,33.94,8301,281791.47,27-Jul-2026,58,INE277C01012
RELAXO,EQ,403.95,409.55,396.7,401.4,401.8,402.95,363059,146950563.30,27-Jul-2026,11537,INE131B01039
GILT5YBEES,EQ,64.56,66.28,64.56,66.03,66.05,65.88,87250,5759969.98,27-Jul-2026,507,INF204KC1030
RELIABLE,EQ,148,148,137.29,139.22,141,143.88,6897,968171.55,27-Jul-2026,376,INE375Y01018
RELCHEMQ,EQ,127.29,128.77,123.27,128.07,128.64,127.29,7670,960265.05,27-Jul-2026,138,INE750D01016
RCOM,BE,0.82,0.86,0.82,0.83,0.83,0.82,2332156,1940543.63,27-Jul-2026,2166,INE330H01018
RHFL,BZ,1.98,2,1.95,1.96,1.97,1.96,301361,593653.09,27-Jul-2026,694,INE217K01011
RIIL,EQ,737.5,742.45,732,736.2,735.75,729.55,40985,30231079.90,27-Jul-2026,2001,INE046A01015
RELIANCE,EQ,1288.2,1288.7,1278,1280,1281,1278,7163132,9176506048.70,27-Jul-2026,130094,INE002A01018
RELINFRA,BE,60.04,63.19,60.04,60.04,60.04,63.19,2206582,133669728.74,27-Jul-2026,4807,INE036A01016
RPOWER,EQ,24.06,24.18,23.51,23.76,23.77,24.06,18164482,433908485.34,27-Jul-2026,31812,INE614G01033
RELIGARE,EQ,259.25,259.25,252.6,255.45,255.15,258.05,1314228,335652351.80,27-Jul-2026,16106,INE621H01010
REMSONSIND,EQ,79.7,80.81,79,79.63,79.5,78.31,25643,2045735.58,27-Jul-2026,736,INE474C01023
REMUS,SM,719,726,719,721,720,719.6,2200,1590860.00,27-Jul-2026,13,INE0O5T01011
RGL,EQ,117,119.85,117,118.04,118.36,118.11,185414,21890735.43,27-Jul-2026,978,INE722H01024
RNPL,SM,74.2,74.6,74.2,74.6,74.6,78,3600,268080.00,27-Jul-2026,3,INE0VZX01015
REPCOHOME,EQ,388.45,397.2,388.45,391.05,390.25,388.4,49776,19532713.45,27-Jul-2026,1900,INE612J01015
REPRO,EQ,371.3,378.95,370,372.8,371.3,371.9,7224,2701359.95,27-Jul-2026,323,INE461B01014
RESPONIND,EQ,177,179.49,174.2,175.47,175,176.02,117789,20823075.83,27-Jul-2026,2331,INE688D01026
RBA,EQ,65.6,70.5,65.6,67.57,67.71,65.16,10453213,715528710.00,27-Jul-2026,36350,INE07T201019
RVTH,EQ,692.05,712,680.05,709.5,711.95,685.05,588,406228.80,27-Jul-2026,24,INE0DAB01012
RHETAN,EQ,28.5,30.21,28.42,29.05,29.09,28.35,14137548,413716458.61,27-Jul-2026,22380,INE0KKN01029
RHIM,EQ,405,411.95,399,401.05,403,398.95,491685,198949758.25,27-Jul-2026,13490,INE743M01012
RICOAUTO,EQ,140.5,146.6,139.3,145.59,145.6,139.07,4112427,591992374.50,27-Jul-2026,30095,INE209B01025
RIR,EQ,157.57,161.99,156.7,157.21,157.63,157.51,41734,6610624.10,27-Jul-2026,1355,INE302D01024
RISHABH,EQ,624,642,619.55,624.7,629.5,622.3,71724,44848721.25,27-Jul-2026,4117,INE0N2P01017
RITCO,EQ,299.9,303.9,291.2,295.1,295,297.2,465386,137637474.15,27-Jul-2026,7051,INE01EG01016
RITES,EQ,215.45,218.25,214.5,217.15,217,213.7,407264,88171466.20,27-Jul-2026,10962,INE320J01015
RKEC,EQ,27.29,28.7,26.5,26.96,26.67,26.73,35907,988194.28,27-Jul-2026,236,INE786W01010
RMC,EQ,272.1,279.4,262.3,265.65,263.5,268.05,33262,9018580.00,27-Jul-2026,1388,INE655V01019
RNFI,SM,268,271.7,266.1,268,268,268.75,54600,14648520.00,27-Jul-2026,23,INE0SA001017
RHL,EQ,165.61,170.01,165.6,168.64,168.1,167.34,2573,433989.69,27-Jul-2026,127,INE508K01013
ROLEXRINGS,EQ,139.73,141.78,135.5,137.92,138.5,139.64,2182897,299204005.97,27-Jul-2026,13115,INE645S01024
ROLLT,BE,2.11,2.27,2.11,2.22,2.27,2.17,108683,240395.27,27-Jul-2026,105,INE927A01040
ROSSARI,EQ,491.8,528.4,491.8,519.95,521.85,489.8,230496,118516757.20,27-Jul-2026,9502,INE02A801020
ROSSELLIND,EQ,58.01,60.83,58.01,58.89,58.89,58.94,16220,962308.60,27-Jul-2026,899,INE847C01020
ROSSTECH,EQ,984,1005,960.55,975.65,976,983.3,98539,96039472.30,27-Jul-2026,6143,INE0OJW01016
ROTO,EQ,68.42,69,67.11,67.29,67.11,68.08,235371,15899865.42,27-Jul-2026,1947,INE535D01037
ROUTE,EQ,570,571.65,535.35,540.6,537.95,568.55,1114587,607169408.60,27-Jul-2026,23676,INE450U01017
ROXHITECH,SM,41.85,45.9,40.8,45.55,45.5,38.75,121600,5368240.00,27-Jul-2026,63,INE0PDJ01013
ROYALARC,SM,148,148,148,148,148,148,1200,177600.00,27-Jul-2026,1,INE0EO401019
ROHLTD,EQ,315.75,323.9,311,322.35,320.5,310.95,27913,8894573.00,27-Jul-2026,712,INE283H01019
RPGLIFE,EQ,2920.5,2984.9,2900,2928.1,2925,2937,16187,47509296.90,27-Jul-2026,2321,INE105J01010
RPSGVENT,EQ,893.95,909.95,893.95,898.7,896.2,893.95,10079,9054469.65,27-Jul-2026,404,INE425Y01011
RSWM,BE,211.71,218.4,211.71,213.67,213,211.71,47082,10133471.87,27-Jul-2026,286,INE611A01016
RUBFILA,EQ,73.08,73.75,70.01,72.34,72.08,73.08,26296,1893644.43,27-Jul-2026,312,INE642C01025
RUBICON,EQ,1545,1578,1520.2,1556,1570,1520.2,221234,341715875.00,27-Jul-2026,17869,INE506V01022
RUCHINFRA,EQ,6.13,6.13,5.41,5.95,5.92,5.99,150702,874604.56,27-Jul-2026,298,INE413B01023
RUCHIRA,EQ,108.05,112.39,108.05,110.42,111.15,106.47,91315,10093944.81,27-Jul-2026,1282,INE803H01014
RUDRA,EQ,16.88,18.99,16.56,17.68,17.7,16.22,179860,3226654.21,27-Jul-2026,787,INE027T01023
REPL,BE,66.74,66.74,63.01,63.59,65.39,65.43,3301,211552.61,27-Jul-2026,36,INE364Z01019
RULKA,SM,101.1,115,101.1,111.05,112.9,100,11700,1306710.00,27-Jul-2026,37,INE0R7301013
RUPA,EQ,163.51,166.28,163.51,164,163.9,163.19,31691,5214974.26,27-Jul-2026,1217,INE895B01021
RUSHIL,EQ,17.76,18.34,17.4,17.64,17.45,17.76,739683,13221732.05,27-Jul-2026,2324,INE573K01025
SATECH,SM,31.5,34.35,31.15,33.95,34.35,32.75,27000,873550.00,27-Jul-2026,20,INE0BSN01013
SCHAND,EQ,147.69,149.8,146.55,147.86,149.8,147.69,15004,2216238.80,27-Jul-2026,491,INE807K01035
SDREAMS,SM,89.95,90,88.5,88.5,88.5,87.15,3000,268450.00,27-Jul-2026,3,INE0X6F01017
SHK,EQ,141.65,149.5,141.65,148.26,148,140.65,897665,132028346.18,27-Jul-2026,10679,INE500L01026
SJLOGISTIC,SM,313.95,315.05,302.1,307.35,306.5,306.6,45000,13843175.00,27-Jul-2026,112,INE0F3301020
S&SPOWER,EQ,359.4,359.4,331.75,336.8,333,347.3,1473,503071.05,27-Jul-2026,40,INE902B01017
SPAL,EQ,1020,1027.9,993,1014.4,1010,1002.8,48101,48704097.00,27-Jul-2026,4427,INE212I01016
SALSTEEL,BE,58,59.54,58,59.54,59.54,56.71,197903,11766997.36,27-Jul-2026,386,INE658G01014
SAAKSHI,ST,286.25,294.95,286.25,290.6,294.95,299.9,9000,2602500.00,27-Jul-2026,10,INE0PSK01027
SAATVIKGL,EQ,441.5,448.4,440.55,442.95,444.15,440.55,36176,16045048.35,27-Jul-2026,2023,INE13B501022
SABEVENTS,EQ,7.29,7.29,7.29,7.29,7.29,7.67,3088,22511.52,27-Jul-2026,16,INE860T01019
SABAR,SM,5.65,5.65,5.6,5.65,5.65,5.45,15000,84500.00,27-Jul-2026,3,INE0DZ101013
SACHEEROME,SM,423.1,438.95,414.1,424.95,424.95,422.95,23100,9798735.00,27-Jul-2026,59,INE1ARD01016
SADBHAV,EQ,7.9,8.59,7.9,8.31,8.4,7.9,372056,3091138.07,27-Jul-2026,877,INE226H01026
SADBHIN,BE,2.26,2.35,2.23,2.32,2.34,2.26,106993,245334.82,27-Jul-2026,146,INE764L01010
SADHNANIQ,BE,2.69,2.69,2.69,2.69,2.69,2.74,340970,917209.30,27-Jul-2026,236,INE888C01040
SADHAV,SM,118,118.05,114.45,118.05,118.05,116,17400,2037240.00,27-Jul-2026,23,INE0K5H01010
SAFARI,EQ,1541,1600.6,1541,1594.2,1588.1,1538.9,14865,23504594.00,27-Jul-2026,2364,INE429E01023
SAFEENTP,SM,252.35,254.05,245,252.7,253,252.15,69000,17214125.00,27-Jul-2026,91,INE17D601016
SAGCEM,EQ,180.69,184,174.85,183.15,184,177.54,101734,18339770.54,27-Jul-2026,2581,INE229C01021
SAGARDEEP,EQ,26.48,26.48,24.32,24.96,25.45,25.16,19495,486024.38,27-Jul-2026,148,INE976T01013
SAGILITY,EQ,40.89,43.81,40.72,43.29,43.3,40.42,111335747,4802921426.23,27-Jul-2026,189868,INE0W2G01015
SAHAJSOLAR,SM,121,124.95,120.1,123.6,123.6,124.35,6000,734480.00,27-Jul-2026,15,INE0P4701011
SAHANA,SM,909,979,908,919.7,929,893.8,301250,281702487.50,27-Jul-2026,996,INE0LEX01011
SAHASRA,ST,304.05,326.55,304.05,326.55,326.55,311,88400,28822740.00,27-Jul-2026,141,INE0RBQ01018
SAHYADRI,EQ,285,295,281,292.25,292,281.25,5414,1563456.50,27-Jul-2026,216,INE280H01015
SAILIFE,EQ,1244.8,1295,1239.3,1287,1290,1232.9,476995,608409617.20,27-Jul-2026,27872,INE570L01029
SAIPARENT,EQ,540.95,562,540.95,559.75,558,535.6,92370,51167353.10,27-Jul-2026,4022,INE0H9F01037
KALAMANDIR,EQ,89.25,89.72,86.94,87.34,87.98,88.43,1025959,90560394.57,27-Jul-2026,8182,INE438K01021
SAJHOTELS,ST,34.7,36.9,34.7,36.9,36.9,36.5,36000,1319000.00,27-Jul-2026,5,INE00MT01022
SAKAR,EQ,817.45,835,798,830,829.1,802.2,110028,90168816.00,27-Jul-2026,8708,INE732S01012
SAKSOFT,EQ,170.2,173.01,162.04,164.69,164.95,168.3,891947,148378463.59,27-Jul-2026,9883,INE667G01023
SAKHTISUG,EQ,17.2,17.47,17.14,17.2,17.28,17.28,40599,700085.28,27-Jul-2026,271,INE623A01011
SAKUMA,EQ,1.67,1.69,1.63,1.66,1.67,1.64,610676,1016738.69,27-Jul-2026,665,INE190H01024
SALASAR,EQ,6.01,6.11,5.94,5.96,5.95,5.97,2052725,12270849.47,27-Jul-2026,3140,INE170V01027
SALONA,EQ,245,252.8,243.25,245.65,247.95,248.8,3113,766245.50,27-Jul-2026,108,INE498E01010
SALZERELEC,EQ,585,592,571.45,573.85,573.55,575.95,37291,21475966.55,27-Jul-2026,1946,INE457F01013
SAMBHAAV,EQ,6.25,6.64,6.15,6.33,6.4,6.11,36534,229900.81,27-Jul-2026,79,INE699B01027
SAMBHV,EQ,116,123.55,114.91,121.69,121.8,115.92,1861564,224248633.59,27-Jul-2026,15272,INE12NJ01018
SAIFL,SM,5.15,5.2,5,5.1,5.2,5.1,264000,1334400.00,27-Jul-2026,51,INE0PZA01015
SAMHI,EQ,177.8,183.69,177.38,178.54,179.26,177.66,1037485,187445646.29,27-Jul-2026,20084,INE08U801020
SAMMAANCAP,EQ,161.57,165.45,160.12,164.96,165.3,160.64,4635674,759868676.93,27-Jul-2026,18340,INE148I01020
SAMPANN,EQ,28.35,28.39,27.31,27.64,28.15,27.57,15932,443620.08,27-Jul-2026,320,INE735M01018
MOTHERSON,EQ,146.99,149.5,146.3,148.97,149.29,145.55,13920800,2065556468.84,27-Jul-2026,52614,INE775A01035
SANATHAN,EQ,485.4,495.65,476,488.25,488.95,483,91043,44348843.85,27-Jul-2026,2597,INE0JPD01013
SANDESH,EQ,979,1010,969.8,974.55,979,979,1183,1167035.65,27-Jul-2026,121,INE583B01015
SANDHAR,EQ,601.9,607,593.5,599.55,598,593.95,88230,53077829.30,27-Jul-2026,7224,INE278H01035
SANDUMA,EQ,195.15,200.69,195.15,198.15,198.48,195.04,457227,90690054.31,27-Jul-2026,9404,INE149K01016
SANGAMIND,EQ,625.1,625.95,610.2,612.55,611.35,615.85,22980,14134191.65,27-Jul-2026,1615,INE495C01010
SANGANI,SM,44.5,44.8,44.5,44.8,44.8,42.7,7500,335550.00,27-Jul-2026,5,INE0OVI01010
SANGHVIMOV,EQ,460.45,465,446.7,450,450.75,455.7,353824,160784818.20,27-Jul-2026,11237,INE989A01032
SANGINITA,BE,62.86,62.86,62.86,62.86,62.86,61.63,35261,2216506.46,27-Jul-2026,99,INE753W01010
SANOFICONR,EQ,4639.3,4750,4624.1,4685.2,4670,4674.7,4106,19308161.60,27-Jul-2026,1143,INE0UOS01011
SANOFI,EQ,3429,3429,3351.5,3368.8,3370,3388.9,9673,32643349.10,27-Jul-2026,3009,INE058A01010
SANSERA,EQ,3232.5,3299.7,3217.6,3273,3272,3184.7,106918,349113536.80,27-Jul-2026,12310,INE953O01021
SANSTAR,EQ,109.25,117,108.5,116.24,116.1,108.97,889963,101409770.85,27-Jul-2026,10971,INE08NE01025
SANWARIA,BZ,0.21,0.21,0.2,0.2,0.21,0.2,294149,60746.87,27-Jul-2026,137,INE890C01046
SAPPHIRE,EQ,181,191.9,181,187.09,187.9,179.12,5604160,1050489874.18,27-Jul-2026,74255,INE806T01020
SARTELE,SM,118.2,119,116.05,117.8,117.25,117,59000,6952725.00,27-Jul-2026,103,INE0PUC01020
ZSARACOM,EQ,12370,12850,12230,12342.5,12230,12364.5,24,299344.50,27-Jul-2026,21,INE967G01019
SSDL,EQ,52.47,53.31,51.91,52.93,53,52.47,6291,333370.83,27-Jul-2026,237,INE0PQ101010
SARDAEN,EQ,505.5,513.9,504.75,512.3,513,502.25,252108,128881694.80,27-Jul-2026,15675,INE385C01021
SAREGAMA,EQ,502.7,518,494.2,514.85,516,496.5,625299,318983626.45,27-Jul-2026,21996,INE979A01025
SARLAPOLY,EQ,100.6,102.19,99.18,100.58,100.61,100.01,43638,4364528.19,27-Jul-2026,1304,INE453D01025
SMLT,EQ,68.5,68.5,66.79,67.54,68.29,66.79,2860,194474.54,27-Jul-2026,103,INE017W01010
SARVESHWAR,EQ,3.54,3.55,3.11,3.38,3.37,3.45,2648664,8800950.31,27-Jul-2026,3087,INE324X01026
SASKEN,EQ,1871,1911.9,1800,1819,1810,1821,29549,54662024.80,27-Jul-2026,2279,INE231F01020
SATKARTAR,ST,138,138,131.25,131.6,131.6,136.6,12800,1714840.00,27-Jul-2026,16,INE0NB801022
SSEGL,SM,310,321,308.05,317.2,316.9,304.55,19800,6220090.00,27-Jul-2026,81,INE0RFP01011
SATIPOLY,ST,37.5,37.5,37.5,37.5,37.5,37.5,2500,93750.00,27-Jul-2026,3,INE0RPM01017
SATIA,EQ,61.4,63.8,61.08,62.13,62.33,60.45,177018,11048130.06,27-Jul-2026,2062,INE170E01023
SATIN,EQ,271,274.14,260.1,261.51,260.1,268.87,864860,231879685.99,27-Jul-2026,14818,INE836B01017
SATTVAENGG,SM,79.05,79.05,79,79,79,77.75,4800,379360.00,27-Jul-2026,3,INE14DW01018
SAURASHCEM,EQ,55.74,58.8,55.74,57.93,57.88,55.66,58445,3382003.29,27-Jul-2026,1633,INE626A01014
SOTL,EQ,657.95,665,633.3,649.35,655.25,645.75,555851,361692501.55,27-Jul-2026,18713,INE035D01020
SAVY,SM,134,134,120.05,122.95,122.95,126.1,21600,2683080.00,27-Jul-2026,18,INE0UCN01017
SAWALIYA,SM,295,295,288,289.6,288.05,295.05,37200,10809990.00,27-Jul-2026,32,INE10VS01016
SAYAJIHOTL,EQ,299.6,299.6,299.6,299.6,299.6,299.6,18,5392.80,27-Jul-2026,2,INE318C01014
SBC,EQ,42.25,42.4,42.01,42.09,42.01,42.07,7111649,299890224.98,27-Jul-2026,2733,INE04AK01028
SBFC,EQ,93.99,94.64,90,90.38,90.33,92.18,2682881,246403870.67,27-Jul-2026,18061,INE423Y01016
SBICARD,EQ,630.65,647.25,627.95,645,647,618.75,2047438,1307623175.45,27-Jul-2026,40013,INE018E01016
SBIFUNDS,EQ,590,594.35,581,583.2,582,587.3,4053030,2374031947.75,27-Jul-2026,87259,INE640G01020
SBILIFE,EQ,1860,1870.7,1836.2,1866.8,1867.2,1858.6,1098594,2040503844.60,27-Jul-2026,31635,INE123W01016
SETFGOLD,EQ,123,123,122.1,122.35,122.4,121.62,4063612,497219985.70,27-Jul-2026,13210,INF200KA16D8
SETFNIF50,EQ,256.26,258.99,256.26,258.69,258.96,256.26,681087,175856925.49,27-Jul-2026,5199,INF200KA1FS1
SETFNIFBK,EQ,587.4,588.71,585,587.2,587.25,583.2,93554,54810968.04,27-Jul-2026,3642,INF200KA1580
SETFNN50,EQ,774.5,778.99,771.5,777.91,778.3,769.7,28560,22173898.41,27-Jul-2026,1268,INF200KA1598
LIQUIDSBI,EQ,1000,1000.01,999.99,999.99,999.99,1000,6202,6201963.99,27-Jul-2026,34,INF200KA13Z8
SBIBPB,EQ,48.32,49,48.01,48.26,48.05,48.32,38973,1893091.74,27-Jul-2026,434,INF200KB1712
SBIETFCON,EQ,122.78,122.78,121,122.62,122.62,120.82,5293,647212.06,27-Jul-2026,128,INF200KA1X17
SBIETFIT,EQ,326.67,327.61,319.05,326.09,325,318.71,21983,7163468.53,27-Jul-2026,317,INF200KA1S14
SBIETFPB,EQ,280,281,278.39,279.71,278.39,278.46,47807,13331222.53,27-Jul-2026,666,INF200KA1S22
SBIETFQLTY,EQ,217.9,223,217.04,222.01,221.93,219.48,1953,433773.75,27-Jul-2026,72,INF200KA1WX6
SBILIQETF,EQ,1049.2,1049.2,1049.18,1049.18,1049.2,1049.06,10099,10595693.72,27-Jul-2026,31,INF200KB1969
SBIMIDMOM,EQ,61.96,62.26,61.35,62.16,62.18,61.35,6730,417243.96,27-Jul-2026,107,INF200KB1AJ0
SBINEQWETF,EQ,33,33.7,33,33.36,33.08,33.02,21923,729916.62,27-Jul-2026,305,INF200KB1282
SBINMID150,EQ,23.02,23.25,22.89,22.95,23.13,22.8,12561,289027.68,27-Jul-2026,263,INF200KB1AK8
SBISILVER,EQ,217.98,218.85,217.42,218.31,218.6,215.98,718371,156838015.06,27-Jul-2026,5801,INF200KB1217
SBISMLETF,EQ,17.75,18.13,17.7,17.85,17.81,17.67,82159,1469033.34,27-Jul-2026,203,INF200KB1AY9
SBIVALETF,EQ,14.91,15.05,14.86,14.89,14.86,14.84,1542,23004.20,27-Jul-2026,43,INF200KB1AX1
SETF10GILT,EQ,264.89,266.74,263.63,266.5,265.1,264.32,11881,3151119.10,27-Jul-2026,73,INF200KA1JT1
SCANSTL,EQ,50.54,50.54,47.01,48.27,49,49.79,192347,9371167.94,27-Jul-2026,1507,INE099G01011
SCHAEFFLER,EQ,4107.8,4213.2,4082.1,4185.5,4177.9,4107.7,88323,367075350.60,27-Jul-2026,14687,INE513A01022
SCHNEIDER,EQ,1360,1368.8,1320,1352,1346.8,1352.6,190172,255830088.70,27-Jul-2026,22589,INE839M01018
9SCL27,N2,990,990,990,990,990,990,10,9900.00,27-Jul-2026,1,INE148I07YA9
925SCL2028,N8,1000,1000,1000,1000,1000,1042,11,11000.00,27-Jul-2026,1,INE148I07XP9
925SCL30,NF,979,990,979,990,990,979.6,30,29535.00,27-Jul-2026,2,INE148I07YB7
975SCL28A,N0,108643.94,108643.94,108643.94,108643.94,108643.94,108643.94,1,108643.94,27-Jul-2026,1,INE148I07TY9
990SCL28,N1,1037.62,1037.62,1037.62,1037.62,1037.62,1025,25,25940.50,27-Jul-2026,1,INE148I07WI6
SCODATUBES,EQ,148.39,149.89,146.53,147.73,148.99,146.93,106946,15841784.48,27-Jul-2026,1689,INE090501011
745AP38,SG,99,99,97.99,97.99,97.99,95,300,29499.00,27-Jul-2026,3,IN1020230802
767AP38,SG,95,95,95,95,95,100,700,66500.00,27-Jul-2026,3,IN1020230505
726MH41,SG,100.5,100.5,100.5,100.5,100.5,100.5,100,10050.00,27-Jul-2026,1,IN2220250327
747PN43,SG,96.5,96.5,96.5,96.5,96.5,96,100,9650.00,27-Jul-2026,1,IN2820230034
SEAMECLTD,EQ,1435,1462,1402,1411.2,1410,1396.3,48371,69094957.40,27-Jul-2026,5573,INE497B01018
IIFLZC26,NN,1471.25,1471.25,1471.25,1471.25,1471.25,1489.18,1,1471.25,27-Jul-2026,1,INE530B07187
1003ISFL28,N4,1015,1015,1013,1015,1015,1010,9,9132.00,27-Jul-2026,4,INE413U07269
1003IIFL29,NC,1039,1039,1039,1039,1039,1040,1,1039.00,27-Jul-2026,1,INE413U07301
1003SCFL31,Z4,1050,1050,1050,1050,1050,1048,1,1050.00,27-Jul-2026,1,INE148I07SX3
1003SCL30A,NV,850.1,850.1,850.1,850.1,850.1,1026,25,21252.50,27-Jul-2026,1,INE148I07QX7
890SFIL23A,NZ,440,440,430,430,430,375,152,65845.00,27-Jul-2026,17,INE244L07523
1015SCFL29,YY,1029.61,1029.61,1029.61,1029.61,1029.61,1024.32,2,2059.22,27-Jul-2026,2,INE148I07SS3
1015SCL29B,N1,1094.55,1094.55,1094.55,1094.55,1094.55,1093.73,50,54727.50,27-Jul-2026,1,INE148I07UK6
1025UCL26A,N1,999.85,1002,999.85,1002,1002,997,73,73137.40,27-Jul-2026,4,INE583D07521
888SCL25E,N4,949.9,950,949.9,949.9,950,950,95,90240.70,27-Jul-2026,8,INE148I07PV3
1030SFIL28,NM,435.8,435.8,435.8,435.8,435.8,372.02,28,12202.40,27-Jul-2026,3,INE244L07283
1050ISFL28,N5,1050,1050,1050,1050,1050,1041.2,50,52500.00,27-Jul-2026,2,INE413U07251
1003SFIL28,NX,519,519,519,519,519,519.4,2,1038.00,27-Jul-2026,2,INE244L07556
1065NFL27,NC,1011.05,1011.05,1011.05,1011.05,1011.05,1020.05,1,1011.05,27-Jul-2026,1,INE342T07460
1075SCL34,ZR,990,1045.5,990,1045.5,1045.5,990,21,21145.50,27-Jul-2026,3,INE148I07TP7
769IGT28,NH,1005,1005,1005,1005,1005,1003,49,49245.00,27-Jul-2026,1,INE219X07249
79NHIT35,N1,318,318,308.26,311.61,311.5,309.01,26,8137.17,27-Jul-2026,7,INE0H7R07017
79NHIT40,N2,323,323,316,316,316,307.15,11,3497.00,27-Jul-2026,4,INE0H7R07025
79NHIT47,N3,415,415,412.91,414.14,413.26,415,1317,545602.41,27-Jul-2026,20,INE0H7R07033
797IGT31,NL,1016,1016,1001.15,1001.15,1001.15,1015.08,110,111596.15,27-Jul-2026,8,INE219X07280
820IIFL27,N9,987.2,987.2,987.2,987.2,987.2,993,190,187568.00,27-Jul-2026,1,INE477L07AN9
82IGT31,NJ,1028.48,1028.48,1023.51,1023.51,1023.51,1022,210,214989.50,27-Jul-2026,3,INE219X07264
842IIFL26,NL,996,996.06,996,996,996,996,284,282873.90,27-Jul-2026,10,INE530B07161
843IHFL29,NC,978,978,975,975,975,977.01,200,195015.00,27-Jul-2026,2,INE477L07AQ2
85CIFC27,NL,1033,1033,1033,1033,1033,1025,3,3099.00,27-Jul-2026,1,INE121A07RT7
865IIFL28,NS,987.15,991.99,987.1,990,990,991,2012,1991761.50,27-Jul-2026,18,INE530B07310
885IHL26,N1,1038.8,1038.8,1038.8,1038.8,1038.8,1039.8,10,10388.00,27-Jul-2026,1,INE477L07AZ3
889SCL27,YT,990,990,990,990,990,990,7,6930.00,27-Jul-2026,1,INE148I07LV2
89IHFL29,N1,966,990,966,990,990,985,139,134629.00,27-Jul-2026,3,INE477L07BG1
9PFL31A,NA,1023.5,1024.5,1023.5,1024.05,1024.5,1015,45,46082.50,27-Jul-2026,2,INE516Y07428
9IIFL28,Y0,985,985,985,985,985,981.11,2,1970.00,27-Jul-2026,1,INE530B07377
9IIFL28A,NT,1025.25,1038.9,1025.25,1038.9,1038.9,1025.97,311,319165.80,27-Jul-2026,7,INE530B07260
91MOFSL27,N2,1024,1024,1024,1024,1024,1024,20,20480.00,27-Jul-2026,1,INE338I07149
905SC24B,Z9,985,995,985,995,995,999.9,180,177850.00,27-Jul-2026,4,INE148I07ML1
93SCL24A,ZN,963.85,963.85,963.85,963.85,963.85,952.55,10,9638.50,27-Jul-2026,1,INE148I07MZ1
925SCFL27,YA,1043.8,1043.8,1040,1041.74,1041.74,1043.8,106,110435.32,27-Jul-2026,7,INE148I07LC2
932AEL27,N3,1033,1038,1033,1035,1035,1035,175,181325.00,27-Jul-2026,3,INE423A07310
965SCL25C,N0,404.2,450,404.2,450,450,498,20,8542.00,27-Jul-2026,2,INE148I07ND6
948SCL27,YV,996.43,996.43,996.43,996.43,996.43,996.43,12,11957.16,27-Jul-2026,1,INE148I07SI4
948SCL27D,N1,1040,1040,1040,1040,1040,950.5,3,3120.00,27-Jul-2026,1,INE148I07UC3
915SCL27,Z7,1050.2,1050.2,1050.2,1050.2,1050.2,1050.2,50,52510.00,27-Jul-2026,1,INE148I07ME6
915SCL27A,ZL,1052,1052,1052,1052,1052,1035.35,4,4208.00,27-Jul-2026,1,INE148I07MV0
970CAGL28,ND,1020.5,1021,1020.5,1021,1021,1010,170,173495.00,27-Jul-2026,2,INE741K07579
990SCL27,YT,1017.22,1017.22,1016.2,1017.22,1017.22,1017.22,510,518772.00,27-Jul-2026,3,INE148I07SG8
99AEL29,N7,1110,1110,1106.52,1106.52,1106.52,1103.35,63,69881.28,27-Jul-2026,4,INE423A07344
IMC1,N1,256,256,256,256,256,252,100,25600.00,27-Jul-2026,1,INE00QS24043
IMC1,N2,256,256,256,256,256,260,100,25600.00,27-Jul-2026,1,INE00QS24027
IMC1,N3,258,258,258,258,258,260.78,1,258.00,27-Jul-2026,1,INE00QS24035
1015ECL29,NR,1020,1020,1016.01,1019.73,1016.01,1013.6,330,336550.10,27-Jul-2026,13,INE804IA7014
1060ECL29,NS,1077,1077,1063,1069.95,1070,1077.82,682,726570.47,27-Jul-2026,29,INE804IA7022
81TCHF28,N8,1015,1015,1007,1015,1015,1015,620,624500.00,27-Jul-2026,7,INE033L07GS6
875SFL27,ZF,1012,1012,1001,1001,1001,1010,35,35310.00,27-Jul-2026,2,INE721A07PK7
9SCL26BA,NA,1074.47,1074.51,1074,1074,1074,1074,995,1069129.75,27-Jul-2026,5,INE148I07GL3
930SFL28,YP,1016,1027.5,1016,1027.5,1027.5,1047,2,2043.50,27-Jul-2026,2,INE721A07OC7
943ECL28,NJ,1001,1001,1000,1000,1000,1001,521,521038.00,27-Jul-2026,13,INE804I078Y8
97SFL26,Z9,1088,1088,1088,1088,1088,1054,19,20672.00,27-Jul-2026,1,INE721A07PE0
97SFL29,YZ,1075,1075,1075,1075,1075,1070.6,1,1075.00,27-Jul-2026,1,INE721A07OQ7
985ECL28,NK,1000.05,1005,1000,1000,1000,1000,714,714653.42,27-Jul-2026,13,INE804I079Y6
SCLZC26,NB,2319,2320,2300,2300.2,2300.2,2317,142,328890.60,27-Jul-2026,8,INE148I07GN9
SFLZC26A,ZC,1895,1912,1888,1888,1888,1895,255,484322.00,27-Jul-2026,5,INE721A07PH3
SECMARK,EQ,130,130,124,125.1,127.6,128.18,1418,177645.10,27-Jul-2026,10,INE0BTM01013
SECURKLOUD,EQ,18.45,18.45,17.21,17.51,17.6,17.47,26703,475558.31,27-Jul-2026,94,INE650K01021
SEDEMAC,EQ,2690,2792,2690,2778.3,2770,2689.2,121002,333194975.40,27-Jul-2026,15143,INE00XB01019
SEJALLTD,BE,762.95,791,731.05,772.45,770,753.45,16442,12578388.90,27-Jul-2026,241,INE955I01044
SELMC,EQ,29.49,29.49,27.18,27.68,28.11,28.24,10143,282498.97,27-Jul-2026,141,INE105I01020
SELLOWRAP,SM,62.5,63.5,62.5,63.5,63.5,64,3200,201600.00,27-Jul-2026,2,INE0IJF01013
SEMAC,BE,321.45,321.45,319.95,319.95,319.95,319.9,65,20891.25,27-Jul-2026,3,INE617A01013
SENCO,EQ,386.65,430,386.65,417.95,417,382.85,18605457,7743659540.20,27-Jul-2026,238244,INE602W01027
SENORES,EQ,1408.3,1443.7,1378,1412,1395.5,1387.5,422207,595526364.30,27-Jul-2026,24784,INE0RB801010
SEPC,EQ,6.08,6.16,6.02,6.06,6.07,6.01,7117363,43355741.25,27-Jul-2026,3460,INE964H01014
865LTF26,NN,1050,1050,1050,1050,1050,1022.77,4,4200.00,27-Jul-2026,1,INE027E07BC8
898LTF29,N7,1073,1074,1066,1067.2,1066,1073,28,30006.00,27-Jul-2026,7,INE027E07998
865TCAPS27,N8,1078,1089,1078,1089,1089,1089.99,1545,1665712.00,27-Jul-2026,4,INE306N07LM5
92SFIL28,ND,1040.2,1040.2,1040.2,1040.2,1040.2,1062.65,1,1040.20,27-Jul-2026,1,INE244L07184
SERVICE,SM,61.45,61.8,61.45,61.8,61.8,62.2,12000,739700.00,27-Jul-2026,6,INE0P1Q01015
SERVOTECH,EQ,97.64,97.64,95.31,95.6,95.7,95.64,402420,38643750.14,27-Jul-2026,4300,INE782X01033
STYL,EQ,384.45,388.9,356.8,359.4,358,384.45,226335,83145614.25,27-Jul-2026,8968,INE04VU01023
SESHAPAPER,EQ,253,264,233.32,237.29,238.1,230.23,3834474,967199051.37,27-Jul-2026,46985,INE630A01024
SETCO,BE,17.75,18.01,17.75,18,18,18,67306,1204869.39,27-Jul-2026,103,INE878E01021
SETUINFRA,BZ,0.42,0.46,0.42,0.43,0.44,0.44,36211,15714.18,27-Jul-2026,50,INE023M01027
SEYAIND,BE,12.04,12.39,12.04,12.18,12.18,12.28,26474,318907.10,27-Jul-2026,58,INE573R01012
SGFIN,EQ,713.1,722.5,685,688.1,688.25,696.05,455519,317442309.45,27-Jul-2026,13116,INE618R01015
SGMART,EQ,715.05,737.45,705.45,720.65,721.7,713.55,570078,411083576.60,27-Jul-2026,19195,INE385F01024
SHADOWFAX,EQ,214,214.68,207.2,209.6,210,214.48,9482795,1999829687.45,27-Jul-2026,77287,INE12UN01015
SHAHALLOYS,EQ,67.01,68.89,66,66.33,66,66.56,11571,771111.00,27-Jul-2026,54,INE640C01011
SHAH,EQ,4.38,4.8,4.37,4.56,4.55,4.37,10711590,49359487.56,27-Jul-2026,4829,INE482J01021
SHAILY,EQ,2976.4,3064,2957.7,3049.7,3055,2969.7,187201,567460838.40,27-Jul-2026,18826,INE151G01028
SHAKTIPUMP,EQ,533,538.95,524.1,529.5,528.5,553,1075712,569289295.90,27-Jul-2026,35835,INE908D01010
SHALBY,EQ,165.99,167.77,163.17,163.48,163.38,163.1,52497,8638165.82,27-Jul-2026,1168,INE597J01018
SAHLIBHFI,EQ,77.93,83.7,77.89,78.2,78.2,77.93,6670,523337.90,27-Jul-2026,16,INE861D01011
SHALPAINTS,EQ,72.1,75.75,67.15,69.57,69.75,68.9,1020167,73067396.79,27-Jul-2026,5853,INE849C01026
SRD,EQ,37.97,38,37.2,37.63,37.5,37.92,12087,456381.71,27-Jul-2026,118,INE01NE01012
SHANKARA,EQ,140.07,141.98,140.07,140.87,140.7,140.07,59276,8343277.08,27-Jul-2026,411,INE274V01019
BUILDPRO,EQ,1236.2,1258,1205,1219.3,1221,1236.2,34679,42990246.40,27-Jul-2026,3636,INE24OJ01011
SHANTHALA,SM,18,18,18,18,18,18,4800,86400.00,27-Jul-2026,4,INE0Q9Q01017
SHANTIGEAR,EQ,423.4,423.4,414.3,416.6,419,420,59845,25112687.95,27-Jul-2026,1045,INE631A01022
SEIL,EQ,203.23,206.97,199.47,205.1,206,203.23,166692,33889564.68,27-Jul-2026,2207,INE440T01028
SHANTIGOLD,EQ,213.3,234.9,212.34,216.91,217,211.29,6334728,1426561158.97,27-Jul-2026,55197,INE06ZD01017
SHANTI,EQ,7.07,7.2,6.68,6.87,7.09,7.07,16941,117335.69,27-Jul-2026,79,INE933X01016
SHINDL,EQ,160.3,161,155.21,158.97,158.65,158.12,153272,24474276.58,27-Jul-2026,1741,INE220Z01013
SHARDACROP,EQ,877,892.55,877,888.6,888,872.95,99553,88389958.40,27-Jul-2026,6095,INE221J01015
SHARDAMOTR,EQ,834,847,831.3,834.55,836,826.45,17392,14570759.65,27-Jul-2026,2100,INE597I01028
SHARDUL,BE,50.93,50.93,50.93,50.93,50.93,53.61,6724,342453.32,27-Jul-2026,37,INE037B01020
SHAREINDIA,EQ,197,197.36,186,188.39,186,191.57,1931245,370344437.69,27-Jul-2026,16427,INE932X01026
SCML,SM,75.3,80,75.3,78.85,79,75.2,44000,3436200.00,27-Jul-2026,34,INE460Q01014
SHEEL,ST,69.95,70.95,69,69,69,68,10000,700100.00,27-Jul-2026,5,INE0YJV01017
SFL,EQ,767.9,777.3,760,767.2,767.9,761.95,180984,138733322.50,27-Jul-2026,12538,INE916U01025
SCPL,EQ,570.25,607,568.6,599.3,597,570.85,37999,22552547.95,27-Jul-2026,1504,INE501Y01019
SHEETAL,SM,290,291.9,289,291.9,291.9,294.25,3000,872350.00,27-Jul-2026,5,INE04VX01019
SHEKHAWATI,EQ,12.23,12.96,11.78,12.63,12.72,11.78,39443,495498.07,27-Jul-2026,191,INE268L01046
SHEMAROO,BE,121,123.89,116.25,118.97,118.11,121.38,9905,1182335.69,27-Jul-2026,110,INE363M01019
SHERA,ST,178,178,169.1,172,172,177.15,48000,8307550.00,27-Jul-2026,43,INE0MM001019
SHIGAN,SM,63,63,62.5,62.55,62.5,67.4,7500,469950.00,27-Jul-2026,5,INE03KJ01013
SHILCTECH,EQ,4315,4416.6,4225.5,4407.1,4415,4267.7,16459,71617097.60,27-Jul-2026,3938,INE024F01011
SHILPAMED,EQ,615,626.5,607.1,620.6,623,606.2,305420,189720719.65,27-Jul-2026,14644,INE790G01031
SCILAL,EQ,41.61,42.79,41.31,42.15,42.39,41.33,252633,10584930.74,27-Jul-2026,1568,INE0PB301013
SCI,EQ,277.15,287.1,275.4,283.8,283.3,275.1,2204031,622486467.15,27-Jul-2026,28483,INE109A01011
SHIVAUM,EQ,387,397.95,385,388.35,385,391.25,459,179224.10,27-Jul-2026,47,INE719F01016
SHIVAMILLS,BE,60.88,60.88,57,59.55,59.9,59.88,218,12605.44,27-Jul-2026,17,INE644Y01017
SHIVATEX,EQ,152.4,154.8,150.5,154.75,154.8,154.92,12670,1932054.32,27-Jul-2026,71,INE705C01020
SPCL,SM,69.25,70.35,69.25,69.8,69.5,69.15,5400,375720.00,27-Jul-2026,9,INE0T7B01010
SBCL,EQ,755.7,764.45,741,742.25,742,755.7,113371,85238885.50,27-Jul-2026,8513,INE386D01027
SHIVALIK,BE,259.99,266.44,256,264.18,266,253.76,59576,15538312.14,27-Jul-2026,560,INE788J01021
SHIVAMAUTO,BE,17.4,17.4,17.4,17.4,17.4,17.06,1833,31894.20,27-Jul-2026,9,INE637H01024
SHIVASHRIT,SM,123.9,126,120,125,125,123,35000,4234350.00,27-Jul-2026,21,INE1DLF01018
SHOPERSTOP,EQ,377.7,388.65,374.55,385.85,386.5,377.75,74429,28596516.10,27-Jul-2026,4158,INE498B01024
SHRADHA,EQ,35.79,35.79,34.5,34.86,34.51,34.79,23358,818956.05,27-Jul-2026,150,INE715Y01031
SHREEPUSHK,EQ,390.05,395.4,383,388.15,392,386.85,31992,12496047.55,27-Jul-2026,1250,INE712K01011
SAPPL,EQ,290.05,314.8,290,299.1,300,293.55,2178,644441.15,27-Jul-2026,101,INE185C01017
SHREECEM,EQ,26960,27040,26620,26860,27000,26740,12362,332393310.00,27-Jul-2026,5956,INE070A01015
SHREDIGCEM,EQ,75,75.5,72.31,73.18,73,76.16,191765,14042072.58,27-Jul-2026,2187,INE232A01011
SHREEKARNI,SM,417.9,430,417.9,422,422,403,1350,571185.00,27-Jul-2026,7,INE0S4Y01010
SHREEOSFM,SM,60.45,60.5,60.2,60.5,60.5,57.9,5000,301850.00,27-Jul-2026,5,INE02S501018
SRPL,BZ,0.34,0.35,0.33,0.33,0.33,0.34,300139,99324.34,27-Jul-2026,129,INE008Z01020
SRTL,EQ,40.29,41.3,40,40.87,40.94,40.28,22847,926490.02,27-Jul-2026,239,INE19GK01015
SHREERAMA,EQ,39.26,41.8,39.26,39.8,39.8,40.18,70193,2830496.42,27-Jul-2026,728,INE879A01019
RAMANEWS,EQ,28.74,29.1,28.1,28.52,28.99,28.57,12069,344203.19,27-Jul-2026,94,INE278B01020
RENUKA,EQ,22.26,22.49,21.81,21.86,21.88,22.23,2679724,59010206.19,27-Jul-2026,6935,INE087H01022
TIRUPATI,SM,418.45,418.45,418.45,418.45,418.45,440.45,59125,24740856.25,27-Jul-2026,82,INE238Y01018
BALAJEE,EQ,28,28,27.01,27.13,27.2,27.07,17501,477364.27,27-Jul-2026,166,INE0S2G01011
SVLL,BE,757.05,780,757.05,758,758,772.2,702,539328.60,27-Jul-2026,17,INE00CE01017
SHREEDHAR,SM,90,90,85,85,85,90.05,10000,886200.00,27-Jul-2026,5,INE0K3301012
SHETHJI,ST,150,150.25,150,150.05,150.05,150,26000,3902050.00,27-Jul-2026,16,INE1FL101016
SHREEJISPG,EQ,630,639.8,628,631.25,634,625.8,465367,294644095.20,27-Jul-2026,9161,INE1B6101010
OSWALSEEDS,EQ,10.15,10.21,10.02,10.1,10.06,10.03,56180,569664.39,27-Jul-2026,135,INE00IK01029
SHRENIK,BZ,0.35,0.35,0.33,0.33,0.34,0.34,285016,96829.96,27-Jul-2026,169,INE632X01030
SHREYANIND,EQ,141,146,139.23,143,142.41,138.65,10292,1478590.72,27-Jul-2026,360,INE231C01019
SHRIAHIMSA,ST,382,386,380,385,385,386,27000,10375860.00,27-Jul-2026,25,INE0DM401012
SHBAJRG,EQ,181.25,188.93,181,182.44,183,183.93,4169,762635.35,27-Jul-2026,57,INE402H01015
SHRIKRISH,EQ,39.52,40,39.4,39.47,39.4,39.32,1147,45382.90,27-Jul-2026,18,INE997I01012
SHRINGARMS,EQ,220.9,227.56,219.08,220.18,220,219.66,449501,100250303.71,27-Jul-2026,3797,INE1B3L01017
LIQUIDSHRI,EQ,1114.7,1114.7,1114.68,1114.68,1114.68,1114.54,1652,1841463.88,27-Jul-2026,29,INF680P01422
SHRIRAMFIN,EQ,1020,1040,1002.2,1038.2,1038,1005.1,9459410,9691405713.20,27-Jul-2026,114243,INE721A01047
SHRIRAMPPS,EQ,85.44,86.78,84.26,85.49,85.5,85.02,453613,38659533.43,27-Jul-2026,3399,INE217L01019
SHUBHLAXMI,SM,20.5,20.5,20.5,20.5,20.5,21.55,4000,82000.00,27-Jul-2026,4,INE01Z401013
SHYAMCENT,BE,5.44,5.44,5.15,5.22,5.26,5.34,28097,145973.73,27-Jul-2026,178,INE979R01011
SHYAMDHANI,ST,58,58,58,58,58,58.25,32000,1856000.00,27-Jul-2026,1,INE1CRP01016
SHYAMMETL,EQ,1026.1,1044.9,1015.65,1035.1,1035,1027.45,215142,221889020.10,27-Jul-2026,14572,INE810G01011
SHYAMTEL,BE,15.9,16.01,15.9,16.01,16.01,15.88,496,7922.81,27-Jul-2026,7,INE635A01023
SICAGEN,EQ,50.31,52.75,49.11,50.94,51.39,50.63,9920,505540.43,27-Jul-2026,105,INE176J01011
SICALLOG,EQ,100.99,101.92,97.1,101.92,101.92,97.07,52165,5264545.68,27-Jul-2026,426,INE075B01020
SIDDHICOTS,SM,28.6,29.25,28.55,28.55,28.55,28.55,4800,138000.00,27-Jul-2026,4,INE0SVO01019
SIDDHIKA,SM,206,212,206,212,212,216.25,4000,829400.00,27-Jul-2026,4,INE0A1E01018
ENRIN,EQ,3260.1,3275,3192,3264.6,3275,3240.2,327391,1060607176.10,27-Jul-2026,36446,INE1NPP01017
SIEMENS,EQ,3721,3745,3690,3718,3712.4,3689.8,273869,1017450626.90,27-Jul-2026,22520,INE003A01024
SIGACHI,BE,24.99,25.98,24.99,25.94,25.94,25.5,1668080,42583091.71,27-Jul-2026,1007,INE0D0K01022
SIGMAADV,BE,547,549.15,547,549.15,549.15,523,263149,144303425.10,27-Jul-2026,1575,INE933B01012
SIGMA,EQ,38.01,38.67,37.41,37.93,37.74,38.07,32228,1227272.60,27-Jul-2026,642,INE0A0S01028
SIGNATURE,EQ,783.9,797.7,780.55,790.8,790,768.35,373293,294845873.50,27-Jul-2026,13044,INE903U01023
SIGIND,EQ,45.39,46.97,44.5,45.78,46.4,44.57,10379,472927.42,27-Jul-2026,108,INE529F01035
SIGNORIA,ST,135,135,135,135,135,135,1000,135000.00,27-Jul-2026,1,INE0RDE01010
SIGNPOST,EQ,309.9,313.95,304.1,305.65,306.5,309.4,141701,43709764.50,27-Jul-2026,2742,INE0KGZ01021
SIKA,EQ,1148,1159.5,1115,1123.5,1129,1139.6,25631,28968497.20,27-Jul-2026,3148,INE438E01032
SIKKO,EQ,4.79,5.41,4.79,5.02,5.04,4.7,1714553,8709174.26,27-Jul-2026,1555,INE112X01025
SILINV,EQ,411.1,428,411.1,416.8,415.5,414.95,572,238478.00,27-Jul-2026,65,INE923A01015
SILGO,EQ,74.06,75.3,73.81,74.31,75.3,74.06,110292,8187422.53,27-Jul-2026,561,INE01II01013
SILKFLEX,ST,185,197.9,185,197.9,197.9,188.5,10000,1922650.00,27-Jul-2026,10,INE0STN01015
SILKY,SM,66.65,72.95,66.65,70.95,70.95,68.15,20800,1467800.00,27-Jul-2026,23,INE0SN801015
SILLYMONKS,EQ,15.55,16.99,15.5,16.6,16.8,15.79,7218,119812.19,27-Jul-2026,106,INE203Y01012
SILVERTUC,EQ,207,208.99,198.14,202.42,204.4,200.14,498869,101936149.06,27-Jul-2026,7699,INE625X01026
SIMBHALS,BZ,7.05,7.14,6.71,6.85,6.85,6.9,17464,119783.71,27-Jul-2026,98,INE748T01016
SIMCA,SM,216,216,205,208.55,210,203.4,50400,10478910.00,27-Jul-2026,56,INE1K4J01018
SIMPLEXINF,EQ,239.25,242.7,235.55,237.95,238.9,239.25,33878,8085486.75,27-Jul-2026,1020,INE059B01024
SINCLAIR,EQ,75.5,75.94,73.05,73.65,73.12,74.77,25889,1920241.30,27-Jul-2026,292,INE985A01022
SINDHUTRAD,EQ,24.89,25.3,24.5,24.81,25.1,24.45,380342,9400354.44,27-Jul-2026,975,INE325D01025
SINGERIND,EQ,67,67.2,66.05,66.47,66.12,65.82,15495,1032541.51,27-Jul-2026,624,INE638A01035
SINTERCOM,EQ,80.4,81.7,80.01,81.37,80.3,82.04,1780,142666.24,27-Jul-2026,61,INE129Z01016
SIRCA,EQ,399,403,396.25,397.75,396.6,393.45,263633,105278677.35,27-Jul-2026,6334,INE792Z01011
SIS,EQ,440,440,431.75,435.4,437.9,437.55,53598,23335917.45,27-Jul-2026,3359,INE285J01028
SITINET,BZ,0.32,0.33,0.32,0.32,0.33,0.32,182100,58594.76,27-Jul-2026,159,INE965H01011
SIYSIL,EQ,609.7,626.6,609.7,624.7,626,609.45,29239,18209443.35,27-Jul-2026,2209,INE076B01028
SJS,EQ,2371.6,2434,2335.6,2419.3,2432,2335.6,150999,360289976.70,27-Jul-2026,19697,INE284S01014
SJVN,EQ,67.69,68.3,67.69,68.04,68.09,67.58,1134315,77194405.87,27-Jul-2026,10781,INE002L01015
SKFINDUS,EQ,2732.5,2761.7,2698.2,2714,2715,2731.2,20891,56826384.70,27-Jul-2026,4404,INE2J8701016
SKFINDIA,EQ,1500,1500,1470,1481.4,1480.5,1484.8,37000,54738721.90,27-Jul-2026,6869,INE640A01023
SKIL,BZ,0.96,0.96,0.88,0.96,0.96,0.92,81485,73729.32,27-Jul-2026,59,INE429F01012
SKIPPER,EQ,534,543.9,510.2,520.65,520.75,528.65,627753,327914283.55,27-Jul-2026,18205,INE439E01022
SKMEGGPROD,EQ,325.55,330,315,318.8,316,324.75,363976,117293467.65,27-Jul-2026,6498,INE411D01023
SKYGOLD,EQ,660.65,681.55,656.8,671.65,669,653.7,892937,599082127.60,27-Jul-2026,26600,INE01IU01018
SLONE,ST,121.7,128.4,121.7,128.3,128.3,122.3,9200,1157440.00,27-Jul-2026,17,INE0SMA01017
SMARTEN,ST,57.2,57.8,54.5,57.8,57.8,57.2,7200,408780.00,27-Jul-2026,6,INE14GK01016
SMARTLINK,BE,201.9,211.5,198,210.6,210,201.9,6291,1311688.78,27-Jul-2026,84,INE178C01020
SMARTWORKS,EQ,481.7,488.75,477.7,485,485,482.55,71669,34577331.60,27-Jul-2026,4217,INE0NAZ01010
SMCGLOBAL,EQ,76,77.65,75.41,76.31,76.11,75.46,323030,24675722.82,27-Jul-2026,2751,INE103C01036
SMLMAH,EQ,3909.8,3995,3872,3903.8,3914,3844.4,55979,219709760.00,27-Jul-2026,7628,INE294B01019
SMSPHARMA,EQ,385.95,396.35,385,391.9,388.55,381.1,98936,38650265.30,27-Jul-2026,3907,INE812G01025
SNEHAA,SM,46.5,47.5,46.3,47.5,47.5,47.3,5000,235300.00,27-Jul-2026,5,INE1OIC01018
SNOWMAN,EQ,36.2,37,36.01,36.35,36.25,36.4,76393,2786263.58,27-Jul-2026,1059,INE734N01019
SOBHA,EQ,1373.7,1385,1354,1361.2,1364,1362.3,102281,140192424.80,27-Jul-2026,12131,INE671H01015
SOFTTECH,BE,412.1,415,412.1,415,415,418.8,1257,521489.70,27-Jul-2026,7,INE728Z01015
SOLARINDS,EQ,18612,18706,18350,18628,18549,18494,55560,1031465992.00,27-Jul-2026,14300,INE343H01029
SOLARA,EQ,493,509.15,471.55,505,502,491.95,579028,285237645.45,27-Jul-2026,18743,INE624Z01016
SOLARWORLD,EQ,201.93,204.99,196.2,200.5,200.01,201.93,72842,14643149.97,27-Jul-2026,2104,INE0TY101024
SOLEX,EQ,938,987,931.4,939.6,938.4,938,31977,30554593.90,27-Jul-2026,3213,INE880Y01017
BALCO,ST,19.85,19.85,19.85,19.85,19.85,20.85,2400,47640.00,27-Jul-2026,2,INE0U0201016
SDBL,EQ,73.5,74.4,71.5,72.07,71.98,72.89,663692,48121224.59,27-Jul-2026,5373,INE480C01038
SOMATEX,EQ,105.55,105.55,98.42,99.53,100.48,101.06,12803,1292853.15,27-Jul-2026,270,INE314C01013
SOMANYCERA,EQ,499,518.2,490,491.85,494.4,496.7,82778,40927836.55,27-Jul-2026,3824,INE355A01028
SOMICONVEY,EQ,96.6,98.04,96.6,97.22,97.17,97.31,2298,223619.12,27-Jul-2026,95,INE323J01019
SONACOMS,EQ,728.8,728.8,714.5,720.9,718.55,717.95,2803460,2021549916.40,27-Jul-2026,41695,INE073K01018
SONAMAC,SM,34,35.8,34,35.25,35.8,34,5000,173750.00,27-Jul-2026,5,INE0Q6H01012
SONAL,EQ,92,92,90.08,90.08,90.08,94.82,49,4417.28,27-Jul-2026,4,INE321M01017
SONAMLTD,EQ,52.2,56.2,52.2,55.99,55.01,53.01,162741,8980365.67,27-Jul-2026,1137,INE00LM01029
SONATSOFTW,EQ,289.45,300.3,289.45,293.35,293.55,288.1,1008207,297493421.60,27-Jul-2026,21263,INE269A01021
SONUINFRA,ST,39.7,43,39.7,43,43,41.75,39000,1553250.00,27-Jul-2026,14,INE0JZA01018
SOUTHWEST,EQ,238,238.49,231.15,235.31,237,233.67,59299,14011638.78,27-Jul-2026,1598,INE980Y01015
SPRL,SM,94,95,93,93,93,97.85,4800,449600.00,27-Jul-2026,6,INE0JW501011
SPCENET,EQ,3.53,3.6,3.43,3.44,3.43,3.51,400917,1400563.90,27-Jul-2026,506,INE970N01027
SSFLPP,E1,143.9,148,143.9,145,145,142.5,5243,760639.40,27-Jul-2026,32,IN9572J01019
SPANDANA,EQ,269.9,272.9,263.85,266,265.75,261.5,394494,106304837.00,27-Jul-2026,9767,INE572J01011
SPEB,ST,87,87,85.9,85.9,85.9,87,4000,345800.00,27-Jul-2026,2,INE1CW901027
SPECIALITY,EQ,137.87,139.8,131,132.03,131.55,137.73,60151,8134990.77,27-Jul-2026,1393,INE247M01014
SPECTRUM,EQ,2298.8,2298.8,2187.7,2203.1,2194.9,2281.6,16799,37350722.80,27-Jul-2026,2489,INE01EO01010
SPECTSTM,SM,59.95,66.2,59.95,63.2,62.5,57.9,17600,1105800.00,27-Jul-2026,20,INE0OL001018
SPENCERS,EQ,33.07,34.39,32.12,33.46,33.49,33.06,102442,3405648.74,27-Jul-2026,1705,INE020801028
SPIC,EQ,65.61,66.43,65.54,66.15,66.28,64.94,145392,9596431.64,27-Jul-2026,1927,INE147A01011
SPLIL,EQ,31.01,31.9,30.8,30.92,30.94,31.25,12261,380581.92,27-Jul-2026,57,INE978G01016
SPMLINFRA,EQ,200.9,203.22,197,198.57,198.75,199.39,105665,21039936.74,27-Jul-2026,2322,INE937A01023
SPORTKING,EQ,215.4,218.48,214.1,215.56,215.51,213.74,377432,81573009.16,27-Jul-2026,9344,INE885H01029
SHRIPISTON,EQ,4172.5,4279,4172.5,4241.8,4248.6,4159.9,37326,158232831.90,27-Jul-2026,8303,INE526E01018
SPUNWEB,SM,102.05,102.55,102.05,102.15,102.55,102,7200,735360.00,27-Jul-2026,5,INE19QH01010
SRHHYPOLTD,EQ,481.4,497.6,481.4,487.1,485.4,477.85,2326,1131856.85,27-Jul-2026,192,INE917H01012
SREEL,EQ,233.9,233.9,222,222.71,224.95,227.97,8964,2025292.56,27-Jul-2026,273,INE099F01013
SRF,EQ,2694,2694.3,2631.7,2636.5,2639,2664.7,1098350,2913984910.20,27-Jul-2026,41632,INE647A01010
SRGHFL,EQ,308,318.35,303.1,309.1,313.15,309.5,2075,645334.60,27-Jul-2026,89,INE559N01010
HAVISHA,EQ,1.25,1.25,1.2,1.21,1.21,1.23,22781,27705.85,27-Jul-2026,65,INE293B01029
LOTUSDEV,EQ,182.74,188.4,182.15,187.95,187.82,180.39,7601080,1414166488.17,27-Jul-2026,19494,INE0V9Q01010
SPCON,SM,126,146.5,126,134,134,126,13200,1764600.00,27-Jul-2026,3,INE0TPJ01019
SSFL,ST,239.55,260.45,239.55,260,260,249,13500,3458375.00,27-Jul-2026,26,INE0ON201012
SRIVASAVI,ST,81.8,82.2,81.8,82.2,82.2,78.3,25000,2054100.00,27-Jul-2026,18,INE0NPI01014
SRM,EQ,510,518,507.15,509.55,510.8,507.6,84861,43503747.85,27-Jul-2026,2617,INE0R6Z01013
STALLION,EQ,243.9,257.9,234.05,255.5,255.55,241.9,4447620,1110561324.36,27-Jul-2026,50203,INE0RYC01010
SETL,EQ,275.9,284.8,265.5,282.8,284,272.7,630188,173762171.25,27-Jul-2026,8761,INE0M4D01010
SIL,EQ,15.89,16.39,15.81,16.22,16.28,15.89,18124,294115.59,27-Jul-2026,216,INE173A01025
STANLEY,EQ,155.6,158.5,154.17,156.07,155.6,153.85,69297,10805033.92,27-Jul-2026,1995,INE01A001028
STARCEMENT,EQ,204.14,206.79,201.1,202.83,204,204.88,283032,57589752.75,27-Jul-2026,4873,INE460H01021
STARHEALTH,EQ,581.05,594,577.2,592.05,590.5,580.8,380389,222851646.85,27-Jul-2026,20864,INE575P01011
STARPAPER,EQ,152.43,157.72,149.2,150.53,149.25,147.75,62899,9646394.22,27-Jul-2026,812,INE733A01018
STARTECK,EQ,265.5,279.95,263.5,268.7,269.95,266.2,8020,2143066.40,27-Jul-2026,97,INE992I01013
SBIN,EQ,1020.3,1023.7,1015.9,1020.6,1019.8,1015,6093002,6215243572.20,27-Jul-2026,162737,INE062A01020
SAIL,EQ,162.9,166.5,162.1,162.62,162.87,161.45,13672214,2239813126.02,27-Jul-2026,60113,INE114A01011
STEELCITY,EQ,74.01,75.84,74.01,75.57,75.7,74.36,3413,256989.19,27-Jul-2026,121,INE395H01011
STEELXIND,EQ,11.6,11.74,11.5,11.58,11.72,11.57,987072,11461627.68,27-Jul-2026,1990,INE503B01021
SSWL,EQ,291.8,304.08,289.21,293.95,290.71,288.31,1751734,520105798.28,27-Jul-2026,22796,INE802C01033
STEELCAS,EQ,312.5,318,306.05,311.45,311.8,306.65,48582,15213801.70,27-Jul-2026,1899,INE124E01038
STEL,EQ,555.3,565.1,546.95,558.6,564.4,555.55,2644,1475784.25,27-Jul-2026,218,INE577L01016
STERTOOLS,BE,244,244,236,241.83,239.05,242.54,11595,2792878.95,27-Jul-2026,322,INE334A01023
STLTECH,BE,587,592.35,548,555.4,555,564.15,3815968,2211204532.80,27-Jul-2026,50381,INE089C01029
SGL,EQ,9.75,10.49,9.75,9.86,9.86,9.74,8368,82959.58,27-Jul-2026,47,INE353H01010
STLNETWORK,BE,25.79,26.16,25.52,25.71,25.7,25.51,707199,18306743.16,27-Jul-2026,1250,INE1VXE01018
STOVEKRAFT,EQ,771.05,814.7,771.05,795.9,796,773.4,211211,168150499.30,27-Jul-2026,8957,INE00IN01015
STRIDERS,SM,63.25,67.95,61,64.95,67.95,63.25,17600,1128880.00,27-Jul-2026,8,INE1XWN01017
STAR,EQ,1022.6,1053.4,1022,1043,1041,1020,248701,257942746.50,27-Jul-2026,26415,INE939A01011
SWSOLAR,EQ,209.5,213,207.1,208.27,207.5,207.93,898320,188284903.69,27-Jul-2026,13542,INE00M201021
STUDDS,EQ,454.95,456.6,443,444.2,443.45,450.6,50266,22438417.75,27-Jul-2026,1782,INE00Q601028
STUDIOLSD,SM,9.8,9.8,9.1,9.4,9.4,9.9,10000,93600.00,27-Jul-2026,4,INE17VO01028
STYLAMIND,EQ,3466.2,3609.9,3401,3415.2,3447.9,3416.8,107652,377063135.20,27-Jul-2026,22589,INE239C01020
STYRENIX,EQ,2498,2514.8,2462.2,2476,2475.1,2455,40493,100840320.50,27-Jul-2026,5418,INE189B01011
SUBAHOTELS,SM,108,109.2,107.4,108.9,108.9,107.05,12000,1299180.00,27-Jul-2026,10,INE0RYR01018
SUBEXLTD,BE,12.6,12.84,12.21,12.31,12.3,12.58,842199,10454709.56,27-Jul-2026,1100,INE754A01055
SUBROS,EQ,785,795.9,783.55,788,785,781.95,25232,19910224.05,27-Jul-2026,2071,INE287B01021
SUDARSCHEM,EQ,1058.15,1067.95,1049.35,1056.35,1054.65,1041.05,108653,114656022.55,27-Jul-2026,8055,INE659A01023
SUDARCOLOR,EQ,360.85,366.9,360,360,360,360.6,2478,892770.55,27-Jul-2026,113,INE492A01029
SUDEEPPHRM,EQ,856.4,878.8,842,858.1,867,825.15,412880,354943919.10,27-Jul-2026,27197,INE0QPI01025
SUKHJITS,EQ,161.4,169.9,160.4,168.76,168.89,159.43,50565,8398670.89,27-Jul-2026,795,INE450E01029
SULA,EQ,151.84,151.84,149.32,150.85,151,149.79,193841,29177935.93,27-Jul-2026,3444,INE142Q01026
SUMEETINDS,EQ,27.34,27.34,27.34,27.34,27.34,28.77,15398,420981.32,27-Jul-2026,149,INE235C01036
SUMIT,BE,54.72,54.72,51.99,52.05,52.49,54.72,45218,2367791.22,27-Jul-2026,101,INE748Z01013
SUMICHEM,EQ,522,551.9,517.95,538.85,541,520.45,1891044,1011275268.90,27-Jul-2026,59545,INE258G01013
SUMMITSEC,EQ,1495,1509.9,1485,1496.5,1497,1482.8,1177,1760344.60,27-Jul-2026,196,INE519C01017
SPARC,EQ,217.49,219.1,212.25,214.91,215,216.23,940079,202250735.54,27-Jul-2026,13143,INE232I01014
SUNPHARMA,EQ,1948.5,1977,1933,1973.7,1973,1941.1,5414380,10604152834.70,27-Jul-2026,88441,INE044A01036
SUNTV,EQ,490,493.4,485.35,488.7,487.3,486.9,194633,95007264.25,27-Jul-2026,14842,INE424H01027
SUNCLAY,EQ,1367.8,1455.4,1351.4,1399.8,1438,1363.2,3698,5131209.20,27-Jul-2026,475,INE0Q3R01026
SUNDARMFIN,EQ,4447.8,4489,4380,4416.8,4415,4447.8,45216,199820875.30,27-Jul-2026,10860,INE660A01013
SUNDARAM,EQ,1.3,1.3,1.26,1.28,1.28,1.28,240203,307416.98,27-Jul-2026,284,INE108E01023
SUNDRMBRAK,BE,786.5,814.45,786,786,786,795,232,183896.55,27-Jul-2026,23,INE073D01013
SUNDRMFAST,EQ,941.35,964,933.5,958.3,960.5,940.6,42536,40653981.95,27-Jul-2026,4244,INE387A01021
SOCL,ST,27,27,27,27,27,28.4,1600,43200.00,27-Jul-2026,1,INE0CTB01014
SUNDROP,EQ,688,696.95,678.1,682.55,680.55,687.05,19408,13306134.15,27-Jul-2026,841,INE209A01019
SUNFLAG,EQ,352.9,368,352.9,362.15,362.9,348.7,253363,91800894.15,27-Jul-2026,5667,INE947A01014
SEL,SM,273,273,260.2,264.5,264.5,273,1400,376990.00,27-Jul-2026,6,INE0O3O01017
SUNLITE,ST,428.6,445.7,421.4,445.7,445.7,424.5,16200,7139070.00,27-Jul-2026,50,INE0U2N01013
SUNTECH,ST,32,33.15,30.5,31,30.5,31.6,20800,671440.00,27-Jul-2026,12,INE0SGZ01016
SUNTECK,EQ,311,314.65,308,310.75,309.8,306.25,220959,68825117.65,27-Jul-2026,4398,INE805D01034
SUPERSPIN,BE,5.51,5.61,5.51,5.61,5.61,5.5,29281,163861.36,27-Jul-2026,19,INE662A01027
SUPERHOUSE,EQ,154.2,162.89,154.2,157.12,157.89,154.97,29541,4666269.57,27-Jul-2026,797,INE712B01010
SUPRAJIT,EQ,484.45,497,482.35,491.4,490,484.45,51535,25383503.90,27-Jul-2026,4758,INE399C01030
SUPREMEENG,BZ,1.95,1.95,1.95,1.95,1.95,1.92,183287,357409.65,27-Jul-2026,36,INE319Z01021
SFML,SM,23.15,23.15,23.05,23.05,23.05,23.5,3200,73920.00,27-Jul-2026,2,INE0U6N01014
SUPREME,EQ,45,45.5,44.42,44.58,44.5,45.27,12502,560078.62,27-Jul-2026,154,INE822E01011
SUPREMEIND,EQ,3483.2,3505,3320,3338.2,3340,3458.9,184892,628140030.00,27-Jul-2026,17294,INE195A01028
SUPREMEINF,EQ,82.53,84.01,79.28,80.29,80.2,82.53,52721,4310209.89,27-Jul-2026,2171,INE550H01011
SPLPETRO,EQ,749.95,774.9,746.05,760.9,762.2,741.6,530640,403639446.25,27-Jul-2026,17914,INE663A01033
SUPREMEPWR,SM,194.95,212.95,188.1,209.05,210,192.3,64000,13063825.00,27-Jul-2026,117,INE0QHG01026
SUPRIYA,EQ,850,857.5,838.7,844.9,844.5,840.5,126906,107451986.60,27-Jul-2026,9117,INE07RO01027
SURAJEST,EQ,196.99,196.99,194.16,195.57,195,193.56,10285,2008540.20,27-Jul-2026,413,INE843S01025
SURAJLTD,EQ,225,247,215.4,219.13,216,221.3,20090,4554039.19,27-Jul-2026,343,INE713C01016
SURAKSHA,EQ,253,257.9,248.5,249.6,249.8,252.95,39484,9969655.10,27-Jul-2026,1329,INE877V01027
SURANASOL,EQ,28.5,30.5,27.61,27.9,28,26.26,1016676,29664514.76,27-Jul-2026,4265,INE272L01022
SURANAT&P,EQ,18.68,18.9,18.11,18.12,18.12,18.25,37999,696795.18,27-Jul-2026,284,INE130B01031
SURANI,SM,98.35,98.35,93,93.45,93,98.4,1600,151500.00,27-Jul-2026,7,INE01ZJ01015
SBGLP,EQ,25.73,25.73,24.2,24.43,24.89,24.42,8601,211645.34,27-Jul-2026,127,INE05ST01028
SURYAROSNI,EQ,240.05,246.25,237.65,239.2,240.25,237.95,306470,73985990.85,27-Jul-2026,8101,INE335A01020
SURYALAXMI,EQ,58.78,59.8,55.51,56.8,55.51,57.51,3003,174664.48,27-Jul-2026,79,INE713B01026
SURYALA,EQ,435.05,447.5,422.25,422.5,422.4,440,2050,874259.00,27-Jul-2026,129,INE132C01027
SURYODAY,EQ,191.2,197.2,183.4,184.62,183.6,193.1,7154365,1371442771.68,27-Jul-2026,51762,INE428Q01011
SUTLEJTEX,BE,38.99,38.99,37.25,38.13,38.1,37.61,33575,1274748.50,27-Jul-2026,86,INE645H01027
SUVEN,EQ,319,319.85,310.05,311.65,312.05,316,511043,160052169.05,27-Jul-2026,8596,INE495B01038
SUVIDHAA,EQ,2.5,2.56,2.28,2.41,2.45,2.5,184448,443136.37,27-Jul-2026,298,INE018401013
SUYOG,EQ,860,896,849.3,885.4,872,850.45,39422,34737259.05,27-Jul-2026,2760,INE442P01014
SUZLON,EQ,52.5,53.2,52.22,53.15,53.15,52.28,45205048,2386463823.97,27-Jul-2026,62884,INE040H01021
SVPGLOB,BE,4.05,4.05,3.8,3.8,3.8,3.87,47256,186015.71,27-Jul-2026,70,INE308E01029
SWANCORP,EQ,312.3,314.75,309,312.2,312,310.3,642483,200193402.45,27-Jul-2026,8211,INE665A01038
SWANDEF,BE,2427,2459.8,2385,2430.7,2459.7,2427.7,14027,33995509.60,27-Jul-2026,859,INE542F01020
SWARAJENG,EQ,3623.7,3623.7,3577,3605.4,3610,3569,5972,21486346.80,27-Jul-2026,1331,INE277A01016
SWARAJ,SM,366.55,370,348,354.4,369,367.55,354500,127811650.00,27-Jul-2026,316,INE0GMR01016
SWASTIK,ST,19.05,19.05,19,19,19,18.7,4800,91380.00,27-Jul-2026,4,INE0DGC01025
SWELECTES,EQ,616.6,625,605.5,607.85,605.5,613.3,7163,4392857.65,27-Jul-2026,539,INE409B01013
SWIGGY,EQ,254.24,264.5,252.96,257.98,257.8,251.42,23908041,6215028221.85,27-Jul-2026,108662,INE00H001014
SYLVANPLY,SM,52.35,52.35,52.35,52.35,52.35,52.35,2000,104700.00,27-Jul-2026,1,INE01IH01015
SYMPHONY,EQ,676.85,689.9,675,678.95,678.6,676.85,66975,45596823.50,27-Jul-2026,5725,INE225D01027
SYNCOMF,EQ,13.09,13.4,13.08,13.17,13.22,13.09,916672,12115007.37,27-Jul-2026,2967,INE312C01025
SGIL,EQ,602.4,608.95,595,599.75,595.1,596.3,7999,4804810.05,27-Jul-2026,393,INE00QT01015
SYNGENE,EQ,410,415.95,403.8,413.85,413,406.65,530732,219022296.55,27-Jul-2026,25985,INE398R01022
SYRMA,EQ,1300,1318.5,1257,1316.2,1317.9,1288.3,1172726,1512939199.60,27-Jul-2026,71072,INE0DYJ01015
SYSTANGO,SM,214,223.9,214,214.9,215.1,214.4,22000,4779840.00,27-Jul-2026,48,INE0O7R01011
SYSTMTXC,BE,60.07,61.48,60,60,60,60.07,5438,329902.49,27-Jul-2026,67,INE356B01024
TTL,EQ,6.37,6.4,6.19,6.27,6.29,6.37,87429,550003.50,27-Jul-2026,158,INE592B01024
TAALTECH,EQ,3949.3,3996,3849.9,3975.8,3950.2,3816.1,1376,5442653.40,27-Jul-2026,302,INE524T01011
TAC,SM,550.8,563.95,513.65,515.1,517.7,540.65,103400,54564380.00,27-Jul-2026,385,INE0SOY01013
TAINWALCHM,EQ,203.21,208.67,203,204.11,204.75,201.87,1581,322773.97,27-Jul-2026,82,INE123C01018
TAJGVK,EQ,359.9,365,357.1,360.1,358.2,359.9,45792,16544620.85,27-Jul-2026,2005,INE586B01026
TAKE,EQ,20.84,21.2,20.45,20.84,20.89,20.79,750641,15629878.90,27-Jul-2026,1182,INE142I01023
TALBROAUTO,EQ,399,406.4,384.65,386.85,388.5,391.75,192371,75645173.55,27-Jul-2026,6390,INE187D01029
TAMBOLIIN,BE,214.77,221,211.55,215.1,215.1,212.65,1906,407162.26,27-Jul-2026,12,INE864J01012
TMB,EQ,811,917,808.95,893.65,911,804.5,7671271,6749831874.70,27-Jul-2026,214629,INE668A01016
TNPL,EQ,152.1,158.1,152.04,156.04,157,149.75,639163,99647483.62,27-Jul-2026,8126,INE107A01015
TNPETRO,EQ,95,97.66,93.1,94.14,94,95,119079,11349665.22,27-Jul-2026,2657,INE148A01019
TNTELE,EQ,9.14,9.29,8.86,9.09,9,9.14,56569,507134.90,27-Jul-2026,140,INE141D01018
TANKUP,ST,1199.95,1199.95,1145,1145,1145,1144.5,1000,1181225.00,27-Jul-2026,4,INE0Z7N01017
TANLA,EQ,606.95,614.6,583.65,587.1,585.65,599.75,1295942,775389607.00,27-Jul-2026,29251,INE483C01032
TARACHAND,EQ,54.26,56.5,54.26,54.6,54.47,54.99,126981,6936777.66,27-Jul-2026,842,INE555Z01020
TARAPUR,EQ,18.25,18.25,17.67,17.74,17.7,18.16,15607,277528.18,27-Jul-2026,139,INE747K01017
TARC,EQ,132.05,135.47,130.82,132.93,132.6,131.45,1167549,155657236.64,27-Jul-2026,10014,INE0EK901012
TARMAT,EQ,50.95,52.09,50.2,50.44,50.42,50.95,3513,179480.61,27-Jul-2026,43,INE924H01018
TARSONS,EQ,313,326.35,313,320.9,320,312.75,208664,67004092.85,27-Jul-2026,4969,INE144Z01023
TASTYBITE,EQ,9020,9185,8850,8873.5,8861.5,8999,1070,9575576.00,27-Jul-2026,485,INE488B01017
TATACAP,EQ,343.1,352.3,342.65,350.55,351,341.9,939267,326655870.85,27-Jul-2026,23912,INE976I01016
TATACHEM,EQ,694.4,702,688,698.9,701,685.35,279049,193658322.35,27-Jul-2026,9327,INE092A01019
TATACOMM,EQ,1787.7,1796.9,1713,1735.2,1739.5,1775.3,387586,673622632.70,27-Jul-2026,36245,INE151A01013
TCS,EQ,2286,2315,2272.4,2295.6,2296.9,2254.3,4007292,9216295835.20,27-Jul-2026,162713,INE467B01029
TATACONSUM,EQ,1115.1,1123.4,1096.6,1107.4,1108,1088,2360635,2612618116.10,27-Jul-2026,58308,INE192A01025
TATAELXSI,EQ,3555.8,3583,3520.7,3554.4,3555,3538,512981,1824304064.00,27-Jul-2026,35225,INE670A01012
TATAINVEST,EQ,634,651,634,649.95,648.1,630.75,222641,143895105.40,27-Jul-2026,16877,INE672A01026
TMCV,EQ,412,416.9,406.6,411.1,411.35,406.15,8607193,3539075255.60,27-Jul-2026,103177,INE1TAE01010
TMPV,EQ,326.75,329.05,326.1,327.65,327.5,323.8,4777294,1564853597.75,27-Jul-2026,52429,INE155A01022
TATAPOWER,EQ,376.75,379,374.45,377.35,379,374.4,2369047,891144496.55,27-Jul-2026,35913,INE245A01021
TATASTEEL,EQ,183.6,184.89,183.33,184.25,184.48,182.67,11857396,2184186222.82,27-Jul-2026,115134,INE081A01020
TATATECH,EQ,720,727.9,711,713.3,713.5,711,395025,283971879.85,27-Jul-2026,17893,INE142M01025
TTML,EQ,40.5,40.5,39.39,39.48,39.45,39.38,1352435,53739409.28,27-Jul-2026,8594,INE517B01013
NETF,EQ,252.44,261,252.44,260.41,260.99,258.92,1663,432614.39,27-Jul-2026,138,INF277K015R5
NPBET,EQ,282.47,284.74,282.45,284.31,284.27,282.47,112,31723.65,27-Jul-2026,23,INF277K010X4
TNIDETF,EQ,84.84,85.86,84.04,85.58,85.37,84.04,69057,5899639.17,27-Jul-2026,673,INF277KA1364
TATAGOLD,EQ,13.89,14,13.87,13.93,13.95,13.86,34204483,476826460.35,27-Jul-2026,74566,INF277KA1976
TATSILV,EQ,21.41,21.78,21.41,21.63,21.67,21.41,27187970,588826384.78,27-Jul-2026,48416,INF277KA1984
TATVA,EQ,1750.8,1835,1710.4,1800.1,1818,1722.4,242226,428005390.70,27-Jul-2026,17103,INE0GK401011
TAURIAN,SM,360.1,388.95,360.1,384,384,376,25600,9727120.00,27-Jul-2026,31,INE0XWS01018
753IRFC30,NJ,1131.99,1131.99,1131.99,1131.99,1131.99,1127.76,2,2263.98,27-Jul-2026,1,INE053F07835
764IRFC31,NO,1138.3,1138.3,1138.3,1138.3,1138.3,1138.66,27,30734.10,27-Jul-2026,1,INE053F07900
769NHAI31,NE,1152,1152,1144,1144,1144,1152,1866,2135879.00,27-Jul-2026,14,INE906B07EP5
76NHAI31,NA,1107.01,1107.5,1106.99,1107,1107,1107,2055,2275220.30,27-Jul-2026,17,INE906B07EJ8
TBI,SM,62.5,63.85,62.5,63.5,63.5,62.25,7800,493710.00,27-Jul-2026,13,INE0N2D01013
TBOTEK,EQ,1439.9,1524.9,1435.1,1519.2,1520,1429,211003,318179028.60,27-Jul-2026,17079,INE673O01025
TCC,EQ,282,282.3,265.15,269.2,268.05,271.95,24543,6630242.80,27-Jul-2026,1312,INE887D01016
TCIEXP,EQ,561.45,568.9,557.9,561.35,561.55,561.15,17695,9926051.50,27-Jul-2026,1454,INE586V01016
TCIFINANCE,BE,14.61,15.65,14.61,15.17,15.06,15.19,10626,162229.34,27-Jul-2026,108,INE911B01018
TCPLPACK,EQ,3278.4,3298.9,3200,3208.7,3200.1,3226.5,1811,5837285.90,27-Jul-2026,472,INE822C01015
TDPOWERSYS,EQ,1121,1153.8,1111.1,1141.5,1141,1113.6,336514,382876232.70,27-Jul-2026,22075,INE419M01027
TEAMGTY,EQ,254.6,254.6,226,229.49,230,226.72,888,205262.71,27-Jul-2026,86,INE289C01025
TEAMLEASE,EQ,1320,1324.4,1286.2,1294,1288,1313.7,67591,87489201.30,27-Jul-2026,10819,INE985S01024
TPHQ,EQ,0.42,0.45,0.41,0.43,0.43,0.4,1496986,641418.57,27-Jul-2026,407,INE065J01024
TEAMTECH,ST,132,134,124.55,125.5,124.55,131.1,44000,5598700.00,27-Jul-2026,21,INE2OL601013
TECHM,EQ,1576,1599.6,1571,1575,1576,1559.5,1513324,2397704488.00,27-Jul-2026,54519,INE669C01036
TECHD,ST,609,623.95,604.1,623.65,623.5,598.45,9000,5566785.00,27-Jul-2026,28,INE0Y5H01014
TECHERA,SM,156.05,158,148,149.4,149.8,155,100000,15142120.00,27-Jul-2026,116,INE0JQS01019
TECHNOE,EQ,999.8,1006,988,997.2,998.9,991.8,132972,132530911.10,27-Jul-2026,9647,INE285K01026
TIIL,EQ,2598,2610,2549.9,2593,2598.9,2566.5,4643,11978405.90,27-Jul-2026,779,INE545H01011
TECHNVISN,EQ,5287.9,5499,4750,4914,4950,5074.5,6009,30775726.10,27-Jul-2026,1873,INE314H01012
TECILCHEM,EQ,10.16,10.5,9.6,9.99,9.76,9.96,3125,31338.19,27-Jul-2026,41,INE014B01011
TGL,ST,18.75,20.35,18.75,19.3,19.3,19.7,7400,144660.00,27-Jul-2026,27,INE0K6601012
TEGA,EQ,1564.9,1570.9,1500.6,1510.5,1514,1560.3,114630,175135512.90,27-Jul-2026,12957,INE011K01018
TEJA,SM,662.55,680,660,669.4,665.1,672.45,40200,26887260.00,27-Jul-2026,57,INE0R1301019
TEJASCARGO,SM,356,356,356,356,356,347.5,800,284800.00,27-Jul-2026,2,INE17WC01013
TEJASNET,EQ,501,516.9,492.8,513.05,511.6,495.4,2141738,1090822855.90,27-Jul-2026,42996,INE010J01012
TEMBO,EQ,534,560.25,534,552.3,552.45,530.4,316273,174612807.95,27-Jul-2026,4129,INE869Y01010
TENNIND,EQ,545,545.5,535.1,540.45,543.75,539.95,882273,476434183.40,27-Jul-2026,24199,INE19RI01016
TERASOFT,EQ,395.1,406.95,390.1,392.85,394,393.7,7717,3038522.10,27-Jul-2026,271,INE482B01010
TEXINFRA,EQ,112.62,114,112,113.2,113.5,112.42,119740,13532845.33,27-Jul-2026,663,INE435C01024
TEXRAIL,EQ,111.11,113.99,111,112.77,113.02,110.08,1120929,126104581.13,27-Jul-2026,8123,INE621L01012
TEXMOPIPES,EQ,45.48,45.48,42.95,43.47,43.51,43.04,11906,522684.01,27-Jul-2026,196,INE141K01013
762NTPC35F,ND,1225,1225,1212,1212,1212,1234,10,12172.00,27-Jul-2026,2,INE733E07JW2
TGBHOTELS,EQ,8.82,9.51,8.64,9.04,9.01,8.56,91333,827212.24,27-Jul-2026,302,INE797H01018
TCL,SM,112.05,112.1,108,109.25,109,112.5,32800,3611640.00,27-Jul-2026,31,INE0QJL01014
THACKER,BE,1040,1047.8,1011,1011,1011,1036.1,15,15615.20,27-Jul-2026,12,INE077P01034
THAKDEV,EQ,163,163.01,147.92,161,161,155.7,1202,182347.49,27-Jul-2026,23,INE403F01017
THANGAMAYL,EQ,6999,7344.5,6915.5,7309.5,7320,6906.5,301466,2154898112.00,27-Jul-2026,41859,INE085J01014
ANUP,EQ,2119.6,2156.2,2115,2144.4,2141,2119.6,11690,25033697.00,27-Jul-2026,2793,INE294Z01018
BYKE,BE,33.88,33.88,32,32.75,32.75,32.44,13716,449627.30,27-Jul-2026,64,INE319B01014
GESHIP,EQ,1439,1440,1386.3,1398.6,1390,1437.9,488878,685168082.80,27-Jul-2026,33013,INE017A01032
GROBTEA,EQ,900,900,899.95,899.95,900,899.8,5,4499.90,27-Jul-2026,3,INE646C01018
HITECHGEAR,BE,588.05,597,576,577.8,576,588.05,2317,1340717.90,27-Jul-2026,111,INE127B01011
INDIACEM,EQ,408,409.9,397.1,398.35,398.05,407,214124,86198682.80,27-Jul-2026,10554,INE383A01012
INDHOTEL,EQ,730.35,737.95,728.6,733.75,737,727.45,1143931,839113176.90,27-Jul-2026,20629,INE053A01029
THEINVEST,EQ,96,97,94.1,96.4,96.7,95.21,3215,307967.21,27-Jul-2026,96,INE924D01017
NIACL,EQ,166.81,169,163.89,165.57,165.25,173.2,2134634,354587442.94,27-Jul-2026,26609,INE470Y01017
PKTEA,EQ,684.9,700,678,698,698,677.15,72,49849.05,27-Jul-2026,18,INE431F01018
PHOENIXLTD,EQ,2011.4,2053.5,2011.4,2036.6,2024.1,2010.7,402381,818735204.30,27-Jul-2026,28429,INE211B01039
RAMCOCEM,EQ,907,926,907,919.75,915.05,914.8,58579,53834743.90,27-Jul-2026,9751,INE331A01037
RUBYMILLS,BE,405,414.8,388.1,397.55,405,407.35,13332,5378221.75,27-Jul-2026,243,INE301D01026
SOUTHBANK,EQ,47,48.26,46.8,47.9,47.95,46.52,15756388,754556227.44,27-Jul-2026,30912,INE683A01023
STCINDIA,EQ,119,120.75,118,118.4,118.2,117.89,20013,2377993.86,27-Jul-2026,478,INE655A01013
UGARSUGAR,EQ,40.01,44.47,39.26,43.49,43.27,39.72,870227,36814259.71,27-Jul-2026,5715,INE071E01023
WIPL,EQ,165.06,172,163.25,169.07,170.5,165.06,323,54049.76,27-Jul-2026,29,INE215F01023
THEJO,EQ,1895,1940,1894.5,1921.2,1923.3,1898.8,3500,6706230.80,27-Jul-2026,574,INE121N01019
THEMISMED,EQ,110.64,112.81,107.35,107.93,107.98,109.86,33238,3632151.29,27-Jul-2026,1373,INE083B01024
THERMAX,EQ,4560,4571,4394,4454.5,4447,4514,152455,676022387.50,27-Jul-2026,18871,INE152A01029
TIRUMALCHM,EQ,170,173.45,168.23,172.09,172.25,167.74,1162625,198445705.10,27-Jul-2026,10133,INE338A01024
THOMASCOOK,EQ,98.64,101.66,98.1,98.45,99.6,97.85,705450,70249252.76,27-Jul-2026,5096,INE332A01027
THOMASCOTT,EQ,316,340.45,312.6,315.15,315,307.05,75894,24434622.70,27-Jul-2026,4290,INE480M01011
THYROCARE,EQ,573.6,617.45,571,584.05,582,564.25,3960893,2357755328.50,27-Jul-2026,106336,INE594H01019
TIGERLOGS,BE,31.25,32.6,31.25,31.85,31.72,31.4,10733,342636.57,27-Jul-2026,92,INE906O01029
TIJARIA,EQ,4.8,4.81,4.37,4.47,4.37,4.64,103922,472422.84,27-Jul-2026,299,INE440L01017
TIL,EQ,211.17,217.35,208.84,214.06,213.46,211.39,97237,20787121.67,27-Jul-2026,2097,INE806C01018
TI,EQ,446.95,455.3,444.75,446.7,445.8,441.8,404982,181604178.45,27-Jul-2026,15152,INE133E01013
TIMETECHNO,EQ,202.25,211.3,200.64,206.75,206.3,201.26,4606690,951297612.11,27-Jul-2026,36428,INE508G01029
TIMEX,EQ,589.1,609.8,558,561.25,561.4,578.85,400370,228366481.30,27-Jul-2026,19556,INE064A01026
TIMKEN,EQ,3144.6,3168.6,3100.1,3126.9,3152,3127,19146,60014845.30,27-Jul-2026,5156,INE325A01013
TINNARUBR,EQ,1128.85,1180,1109.1,1139.3,1130,1098.85,284366,328209976.10,27-Jul-2026,21231,INE015C01016
TIPSFILMS,EQ,397.85,397.85,371.4,377.25,377.85,409.15,46888,17875065.50,27-Jul-2026,2112,INE0LQS01015
TIPSMUSIC,EQ,705.1,717.5,696.9,712.55,709,699.45,586014,416014487.10,27-Jul-2026,15991,INE716B01029
TIRUPATIFL,BE,73.5,77,69.94,75.31,75.65,73.61,466189,34340987.82,27-Jul-2026,2140,INE319Y01024
TITAGARH,EQ,828.75,832.6,813,816.1,820,819.45,250928,205729311.50,27-Jul-2026,15411,INE615H01020
TITAN,EQ,4686.9,4749.1,4686.9,4740.1,4739,4677,500721,2361275836.30,27-Jul-2026,46780,INE280A01028
TOKYOPLAST,BE,81.49,84.1,80.2,81.38,81.99,80.15,2054,167568.78,27-Jul-2026,33,INE932C01012
TOLINS,EQ,103,104.34,102.55,102.89,103,102.7,24367,2514826.33,27-Jul-2026,449,INE0RWQ01014
TORNTPHARM,EQ,4985,5070,4961.8,5019.5,5010,4961.5,267708,1344145457.30,27-Jul-2026,33856,INE685A01028
TORNTPOWER,EQ,1434.3,1446.5,1427.8,1440,1442,1434.1,342490,490752068.00,27-Jul-2026,17298,INE813H01021
TOTAL,EQ,50,50.1,47.56,48.1,48.05,49.98,7949,387190.59,27-Jul-2026,138,INE336X01012
TOUCHWOOD,EQ,67.29,67.29,65.4,67,67,67.29,816,54134.57,27-Jul-2026,61,INE486Y01013
TFCILTD,EQ,89,95.25,87.75,94.8,95.09,87.27,43311808,4033473452.31,27-Jul-2026,89258,INE305A01023
TPLPLASTEH,EQ,78.44,80.59,77.2,78.34,77.8,76.9,126845,10026615.92,27-Jul-2026,1506,INE413G01022
TRACXN,EQ,29.99,30.9,29.68,30.08,30.02,29.7,74741,2242791.75,27-Jul-2026,617,INE0HMF01019
TARIL,EQ,299.8,303.8,293.15,302.5,302.55,295,1500221,448367825.40,27-Jul-2026,23667,INE763I01026
TREL,EQ,24.56,24.99,24.14,24.41,24.24,24.32,17651,431794.55,27-Jul-2026,306,INE0O3901029
TRANSPEK,EQ,1082.9,1122.3,1057.55,1110.3,1107,1064.9,20432,22561454.40,27-Jul-2026,2350,INE687A01016
TCI,EQ,932.75,936,918,932.3,934.15,917.75,22111,20587375.15,27-Jul-2026,2636,INE688A01022
TRANSRAILL,EQ,486.05,490.85,482,485,483.95,482.7,269719,130802348.00,27-Jul-2026,7751,INE454P01035
TRANSTEEL,SM,112.65,116,112,112.75,112.25,112.65,23000,2630450.00,27-Jul-2026,20,INE0NVI01020
TFL,EQ,11.19,11.35,10.58,11.17,11.2,10.41,13657,151254.01,27-Jul-2026,71,INE804H01012
TRANSWORLD,BE,159,164.99,158,163.89,163.99,158.86,3657,589390.20,27-Jul-2026,59,INE757B01015
TRAVELFOOD,EQ,1286.3,1304.9,1270,1276.4,1280,1286.3,20370,26275494.40,27-Jul-2026,2441,INE103V01028
TREEHOUSE,EQ,6.39,6.48,6.25,6.46,6.47,6.35,21205,136395.64,27-Jul-2026,91,INE040M01013
TREJHARA,EQ,141.94,141.94,136.82,138.01,137,138.75,4237,586803.80,27-Jul-2026,121,INE00CA01015
TRENT,EQ,2918.9,2953.5,2907.1,2938.3,2938,2890.5,789065,2318719607.70,27-Jul-2026,44967,INE849A01020
TRF,EQ,236.7,239.69,231.01,232.67,232.3,232.96,75520,17798479.32,27-Jul-2026,2417,INE391D01019
TBZ,EQ,260.39,283,260.39,280.22,282.49,258.89,2863637,786656935.05,27-Jul-2026,44182,INE760L01018
TRIDENT,EQ,25.2,25.43,25,25.08,25.1,25.12,3437030,86469994.52,27-Jul-2026,10670,INE064C01022
TECHLABS,ST,129.65,132.75,126.55,128,127,126.45,22250,2896431.25,27-Jul-2026,95,INE0QD201012
TRIGYN,EQ,53.2,54.99,52.62,53.41,53.4,54.5,39125,2109166.60,27-Jul-2026,897,INE948A01012
TRIVENI,BE,237.3,247.5,236.3,240,241.05,248.7,1325944,315653317.75,27-Jul-2026,6612,INE256C01024
TRITURBINE,EQ,614.9,627,610.05,623.4,623,611.8,1575560,971275868.40,27-Jul-2026,24159,INE152M01016
TROM,ST,58,58,58,58,58,58,1200,69600.00,27-Jul-2026,1,INE0SYV01018
TRUALT,EQ,442,442,414.2,421.25,420,428.95,373174,158259312.75,27-Jul-2026,11578,INE0MWH01014
TRU,EQ,4.93,4.94,4.71,4.91,4.94,4.88,50414,244722.49,27-Jul-2026,130,INE615R01029
TRUST,SM,28.5,30,28.5,28.5,28.5,29,10200,295620.00,27-Jul-2026,16,INE0SWN01019
TSC,SM,32.75,33.25,32,33,33,30.5,20000,656100.00,27-Jul-2026,10,INE16VK01010
TSFINV,EQ,432.8,442.9,428.5,431.6,434,432.8,43276,18758919.00,27-Jul-2026,2606,INE202Z01029
935TSI27,N0,100880.01,100880.01,100800,100830.77,100800,100800,13,1310800.02,27-Jul-2026,5,INE1C3207057
935TSI30,N0,103500,103500,103500,103500,103500,104364.8,1,103500.00,27-Jul-2026,1,INE1C3207065
935TSI34,N0,106867.26,106867.26,106867.26,106867.26,106867.26,104100.01,33,3526619.58,27-Jul-2026,1,INE1C3207016
935TSIIC28,N0,102412.62,102412.62,102412.62,102412.62,102412.62,102371.19,11,1126538.82,27-Jul-2026,3,INE1C3207081
TTKHLTCARE,EQ,1064,1167,1061,1088.8,1072,1047.2,102563,113961012.75,27-Jul-2026,10938,INE910C01018
TTKPRESTIG,EQ,640.1,664.8,640,655.35,658.9,643.35,67198,44102103.75,27-Jul-2026,4691,INE690A01028
TIINDIA,EQ,2793.7,2865.8,2754.6,2849.3,2840.8,2767,262758,745607189.50,27-Jul-2026,28924,INE974X01010
TUNWAL,SM,26.5,26.75,26.2,26.2,26.2,26.5,68000,1795200.00,27-Jul-2026,22,INE0OXV01027
TURTLEMINT,EQ,130.3,131.5,123.94,125.92,126,130.07,957639,121201810.25,27-Jul-2026,13169,INE0OC301013
TVTODAY,EQ,117,119,116.3,117.6,116.3,116.45,20370,2392279.70,27-Jul-2026,640,INE038F01029
TVVISION,EQ,4.7,4.77,4.52,4.65,4.75,4.7,5169,24384.20,27-Jul-2026,46,INE871L01013
TVSELECT,EQ,498,507.45,493,494,496.7,496.65,24104,12033779.95,27-Jul-2026,1182,INE236G01019
TVSHLTD,EQ,14641,14880,14641,14694,14690,14633,6708,98931696.00,27-Jul-2026,2006,INE105A01035
TVSMOTOR,EQ,3905,3905.1,3850,3876.4,3881.9,3870.2,576740,2232592933.50,27-Jul-2026,57123,INE494B01023
TVSMNCRPS,P1,10.4,10.45,10.4,10.4,10.4,10.4,871892,9068319.10,27-Jul-2026,799,INE494B04019
TVSSRICHAK,EQ,3970,4079,3968,3972.5,3980.1,3964.2,2661,10652148.90,27-Jul-2026,715,INE421C01016
TVSSCS,EQ,133.49,137,133.49,136.62,136.77,133.13,215529,29310669.97,27-Jul-2026,4489,INE395N01027
TICL,BE,9.72,10.09,9.24,9.26,9.3,9.72,114083,1066996.24,27-Jul-2026,257,INE388G01026
UYFINCORP,EQ,18.99,19.33,18.61,18.88,18.99,18.57,383173,7286407.32,27-Jul-2026,978,INE152C01025
UCAL,EQ,115.05,119.89,115.05,117.67,117.13,114.9,2799,330969.81,27-Jul-2026,158,INE139B01016
10UCL26,ND,1000,1000,1000,1000,1000,999.99,22,22000.00,27-Jul-2026,1,INE583D07562
1015UCL27,NF,989.5,989.5,989.5,989.5,989.5,989.5,5,4947.50,27-Jul-2026,1,INE583D07604
1050UCL28,NH,1018,1018,1004.11,1004.11,1004.11,1001.1,20,20290.55,27-Jul-2026,2,INE583D07596
UCOBANK,EQ,26.25,27.09,26.21,26.66,26.6,25.88,16555999,444216510.91,27-Jul-2026,29729,INE691A01018
USK,EQ,22.69,22.69,21.84,21.91,21.9,21.75,8072,177874.20,27-Jul-2026,67,INE0N0Y01013
UFLEX,EQ,480.55,488.9,470.6,476.45,476.9,478.5,119911,57093143.30,27-Jul-2026,3270,INE516A01017
UFO,EQ,67.21,71.45,67.21,68.45,68.5,67.02,100698,7008692.60,27-Jul-2026,1194,INE527H01019
UGROCAP,EQ,94.68,97,93.63,95.65,95,92.77,180061,17176088.88,27-Jul-2026,2842,INE583D01011
UEL,EQ,122.98,123.87,120.11,120.96,121.46,119.98,4151,505732.85,27-Jul-2026,186,INE899L01030
UJJIVANSFB,EQ,71.5,73.29,71.1,71.57,71.42,70.72,49027357,3543473401.59,27-Jul-2026,136129,INE551W01018
ULTRAMAR,EQ,379.5,385,372.3,374.95,375.9,379.5,34925,13210114.80,27-Jul-2026,3939,INE405A01021
ULTRACEMCO,EQ,11905,12000,11752,11881,11892,11846,250956,2973735637.00,27-Jul-2026,29705,INE481G01011
UMA,SM,14.7,15.5,14.7,15.5,15.5,15.5,16000,244600.00,27-Jul-2026,4,INE067901012
UMAEXPORTS,BE,20.38,20.38,19.36,19.47,19.78,20.03,9854,193820.70,27-Jul-2026,112,INE0GIU01018
UMIYA-MRO,EQ,91.52,91.52,88.52,89.82,88.99,89.29,1688,150994.41,27-Jul-2026,61,INE398B01018
UNICHEMLAB,EQ,548.9,552.3,538,539.95,540.15,537.35,51339,27862522.95,27-Jul-2026,2993,INE351A01035
UNIECOM,EQ,84.4,85.95,84.15,85.73,85.9,84.38,296292,25228062.16,27-Jul-2026,2239,INE00U401027
UNIHEALTH,SM,787.05,794.9,770,786.25,786,792.7,20000,15629325.00,27-Jul-2026,38,INE0PRF01011
UNIINFO,BE,12.4,12.4,11.9,12.35,12.4,12.4,179,2195.60,27-Jul-2026,9,INE481Z01011
UNIMECH,EQ,1241,1250,1195,1203.2,1212.3,1237.4,67119,81657476.00,27-Jul-2026,5991,INE0U3I01011
UNIONBANK,EQ,172,173.46,169.5,170.11,170.09,170.5,13706219,2342822620.47,27-Jul-2026,74828,INE692A01016
UNIONGOLD,EQ,140.15,141,140.1,140.65,140.85,139.5,385,54165.10,27-Jul-2026,28,INF582M01KS4
UNIPARTS,EQ,710,711.7,690,704.8,705,689.5,109878,77259223.95,27-Jul-2026,6105,INE244O01017
UNIENTER,EQ,100,102.87,96.25,97.64,97.47,98.27,19064,1883819.63,27-Jul-2026,730,INE037A01022
UNITECH,EQ,4.4,4.44,4.29,4.3,4.3,4.38,4565887,19831337.35,27-Jul-2026,2574,INE694A01020
UBL,EQ,1418,1457,1410.1,1428.7,1425,1398.6,334806,480597308.50,27-Jul-2026,25432,INE686F01025
UNIDT,BE,229.99,229.99,220.01,226.07,225.9,223.73,958,215358.35,27-Jul-2026,45,INE961D01019
UFBL,EQ,655,700,655,699.35,700,674.85,100422,69584663.80,27-Jul-2026,4496,INE382M01027
UHTL,ST,104,104,103.75,103.75,103.75,102,16000,1663100.00,27-Jul-2026,7,INE0SMR01011
UNITEDTEA,EQ,479.35,479.5,468.25,472.95,473,469.8,660,312413.55,27-Jul-2026,56,INE458F01011
UNITEDPOLY,BE,29.99,30.5,29.15,30.06,30.13,30.17,10779,321770.92,27-Jul-2026,108,INE368U01029
UNITDSPR,EQ,1477.7,1503.5,1471.7,1482,1483,1467.2,1154306,1721842305.00,27-Jul-2026,54442,INE854D01024
UNIVASTU,BE,125,126.9,123.66,124.88,125.9,123.68,105507,13188419.77,27-Jul-2026,508,INE562X01013
UNIVCABLES,EQ,1238,1268.9,1210.1,1256.2,1253,1234.8,126439,156975543.30,27-Jul-2026,11258,INE279A01012
UNIVPHOTO,BE,475.75,490,475,489.05,487,475.75,2015,977270.40,27-Jul-2026,52,INE03V001013
UNOMINDA,EQ,1139.9,1168,1135,1162.4,1162,1127,923914,1066419195.70,27-Jul-2026,21863,INE405E01023
879SCL26,NC,1001,1001,1001,1001,1001,1001,5,5005.00,27-Jul-2026,1,INE148I08231
915SCL26,NE,1065,1065,1064,1064,1064,1062.13,3,3194.00,27-Jul-2026,2,INE148I08256
IIFLZC28,NG,1640,1640,1640,1640,1640,1640,25,41000.00,27-Jul-2026,1,INE530B08110
10IIFL28A,NE,1020.25,1031,1020.25,1030,1030,1032.75,1247,1284228.10,27-Jul-2026,16,INE530B08094
96IIFL28A,NF,1003.05,1003.05,1002,1003,1003,1003.05,2162,2166472.15,27-Jul-2026,17,INE530B08102
10IIFL28,N4,1005,1005,1003,1004,1004,999,160,160745.90,27-Jul-2026,4,INE477L08147
96IIFL28,N5,1002,1003.95,990,1003,1003,1000.01,816,812940.52,27-Jul-2026,16,INE477L08154
10IIFL29,N6,1010,1020,1005,1020,1020,1033.3,579,584580.00,27-Jul-2026,4,INE866I08279
885TCAPS29,NC,1085,1085,1085,1085,1085,1080,1,1085.00,27-Jul-2026,1,INE306N08342
910TCAP28,NA,1103.5,1103.5,1102.99,1102.99,1102.99,1103,45,49640.43,27-Jul-2026,7,INE306N08292
UDS,EQ,203.7,209.42,200.26,206.6,206.5,201.19,326849,66972228.76,27-Jul-2026,7445,INE851I01011
UPL,EQ,605.45,610.95,603.25,608.5,605.5,602.45,1543100,938088360.00,27-Jul-2026,31802,INE628A01036
URAVIDEF,BE,111.99,115,111.6,114,114,111.94,103974,11851470.38,27-Jul-2026,192,INE568Z01015
URBANCO,EQ,131,132.27,130.1,130.42,130.2,129.76,1019935,133741064.98,27-Jul-2026,13261,INE0CAZ01013
URBAN,SM,132,138.5,132,133.15,133.15,133.75,76000,10196880.00,27-Jul-2026,29,INE0O0201019
URJA,EQ,9.22,9.27,9.05,9.1,9.13,9.22,710420,6489909.92,27-Jul-2026,3460,INE550C01020
USHAFIN,SM,35.1,35.1,35.1,35.1,35.1,35.1,1600,56160.00,27-Jul-2026,1,INE0LS001014
UMESLTD,EQ,5.55,5.55,5.14,5.36,5.39,5.39,13427,72486.91,27-Jul-2026,77,INE240C01028
USHAMART,EQ,495.7,505,494.8,502.1,504,495.7,309401,154769083.85,27-Jul-2026,11187,INE228A01035
UCL,ST,182.75,190,182.75,190,190,186.45,12000,2207500.00,27-Jul-2026,3,INE00NI01015
UTIAMC,EQ,895,905.95,888.35,904,904.75,881.4,210439,189231859.50,27-Jul-2026,12386,INE094J01016
LIQUIDBETA,EQ,1001.72,1001.72,1001.72,1001.72,1001.72,1001.57,2,2003.44,27-Jul-2026,1,INF789F1AG68
BANKBETA,EQ,60.2,60.2,58.82,59.13,59.03,58.74,52390,3097017.96,27-Jul-2026,543,INF789F1AUV1
GILT10BETA,EQ,26.82,26.82,26.32,26.32,26.32,26.69,49,1301.77,27-Jul-2026,8,INF789F1AZF3
GILT5BETA,EQ,66.67,66.72,65.48,65.64,65.51,66.67,855,56739.31,27-Jul-2026,17,INF789F1AZE6
ITBETA,EQ,303.1,311.44,303.1,309.43,309.41,303.03,5006,1543208.97,27-Jul-2026,48,INF789F1AZD8
MIDCAPBETA,EQ,225.58,232.38,225.58,232,232,227.86,2126,492389.82,27-Jul-2026,49,INF789F1AYX9
NEXT50BETA,EQ,77.84,78.32,77.76,78.16,78.16,77.75,168206,13131743.40,27-Jul-2026,685,INF789F1AUW9
NIFTYBETA,EQ,263.98,267.03,263.98,266.36,267.02,263.98,203133,54098297.24,27-Jul-2026,705,INF789F1AZC0
SENSEXBETA,EQ,847.99,851.98,845,849.42,845,843.04,632,536618.04,27-Jul-2026,153,INF789FB1X58
SILVERBETA,EQ,214.34,216.9,213.84,215.47,215.51,212.92,455862,98176020.95,27-Jul-2026,2572,INF789F1AYK6
SNXT50BETA,EQ,92.64,94.28,92.64,93.99,94.1,92.64,2198,206489.09,27-Jul-2026,106,INF789F1AUU3
GOLDBETA,EQ,120.05,121.9,120.05,120.75,120.75,120.05,316135,38172459.20,27-Jul-2026,2395,INF789F1AUX7
UTKAL,SM,40.25,40.25,38.6,40.25,40.25,38.35,78000,3131500.00,27-Jul-2026,24,INE1V1R01014
UTKARSHBNK,EQ,14.48,14.85,14.48,14.51,14.5,14.45,3379362,49520927.01,27-Jul-2026,12361,INE735W01017
UTSSAV,ST,510,510,491.15,495.1,499,517,21600,10743810.00,27-Jul-2026,35,INE06IJ01010
UTTAMSUGAR,EQ,228.46,231.11,228.15,228.71,228.35,228.46,21010,4816463.82,27-Jul-2026,773,INE786F01031
VMARCIND,SM,282.85,292,278.1,279,278.95,280,174000,49349850.00,27-Jul-2026,113,INE0GXK01018
VGUARD,EQ,294.6,300.45,292,294.4,294.6,290.8,272931,80874203.25,27-Jul-2026,12087,INE951I01027
V2RETAIL,EQ,220.76,226.64,219.75,223.46,222.5,219.29,600559,134373665.26,27-Jul-2026,11738,INE945H01021
WABAG,EQ,2055,2069,1951,1977.5,1973,2041.2,821451,1626450834.90,27-Jul-2026,42988,INE956G01038
VADILALIND,EQ,6710.5,6791,6700.5,6761.5,6765,6710.5,5183,34966229.00,27-Jul-2026,1155,INE694D01016
VAIBHAVGBL,EQ,255,267.22,252.8,264.99,264.6,251.94,675981,178243575.54,27-Jul-2026,16631,INE884A01027
MADHAVBAUG,ST,196,196,191.9,191.9,191.9,202,1600,310400.00,27-Jul-2026,4,INE0JR301013
VAISHALI,EQ,8,8.14,7.38,7.72,7.74,7.76,60695,471408.26,27-Jul-2026,165,INE972X01022
VAKRANGEE,EQ,5.85,6.26,5.81,6.09,6.09,5.81,3112375,18927881.48,27-Jul-2026,3339,INE051B01021
VALIANTLAB,BE,60.1,62.5,60.1,61.51,62,61.5,4633,284574.31,27-Jul-2026,61,INE0JWS01017
VALIANTORG,BE,263.1,270.9,261.1,262.4,266.95,262.85,7957,2096247.15,27-Jul-2026,168,INE565V01010
DBREALTY,BE,113.9,115.5,112.2,113.85,112.5,112.5,272338,31031902.48,27-Jul-2026,850,INE879I01012
VALUE360,SM,80,80,79,79,79,80,4800,381600.00,27-Jul-2026,4,INE1E7Y01018
VARDHACRLC,BE,41.99,44.04,41.8,44.04,44.04,41.95,38088,1659446.03,27-Jul-2026,181,INE116G01013
VHL,EQ,3452,3579,3452,3503.3,3501,3503.3,773,2714306.70,27-Jul-2026,135,INE701A01023
VARDMNPOLY,EQ,6.15,6.3,6.03,6.15,6.11,6.01,181219,1126275.47,27-Jul-2026,455,INE835A01029
VSSL,EQ,297.8,304.95,295.7,297.3,297,296.25,64711,19383069.10,27-Jul-2026,1569,INE050M01012
VTL,EQ,617.9,632.75,617,628.25,627,614.6,141054,88160205.55,27-Jul-2026,9447,INE825A01020
VARROC,EQ,644,667.95,642.75,665.7,667,642.75,158687,105193591.85,27-Jul-2026,13675,INE665L01035
VBL,EQ,460.95,465.4,454,464.5,463.95,457.2,5407996,2492187109.85,27-Jul-2026,79462,INE200M01039
VGL,EQ,61.57,62.89,61.2,61.62,61.3,61.2,5263,325485.48,27-Jul-2026,211,INE273D01027
DENTALKART,SM,436.5,437.95,427.5,431.6,435,425.45,9000,3892737.50,27-Jul-2026,33,INE0N5801013
VASCONEQ,BE,32.33,33,32.33,32.53,32.51,32.33,76045,2486793.33,27-Jul-2026,324,INE893I01013
VASWANI,EQ,53.01,53.75,52.12,52.68,52.21,52.52,34446,1828842.90,27-Jul-2026,1091,INE590L01019
VCL,EQ,1.03,1.03,0.99,1.02,1.03,0.99,412537,416423.45,27-Jul-2026,268,INE098201036
1025VCCL28,N0,94001,94200,94001,94104,94104,93599,3,282305.00,27-Jul-2026,3,INE04HY07294
1125VCCL27,N0,97000,97000,97000,97000,97000,120295,4,388000.00,27-Jul-2026,2,INE04HY07351
12VCCL27D,N0,100000,100000,100000,100000,100000,99800,1,100000.00,27-Jul-2026,1,INE04HY07252
125VCCL31,N0,96500,96800,96500,96699.99,96700,96600,17,1642999.98,27-Jul-2026,9,INE04HY08011
12VCCL29A,N0,98010,98010,98010,98010,98010,98010,1,98010.00,27-Jul-2026,1,INE04HY07203
VDEAL,SM,154,154,154,154,154,153.5,600,92400.00,27-Jul-2026,1,INE0U2M01015
MANYAVAR,EQ,412.9,419.9,397.2,410.3,407.1,402.3,685960,280177886.30,27-Jul-2026,34245,INE825V01034
VAML,EQ,437,443.9,434.3,437.15,438,435.6,4182120,1830352328.10,27-Jul-2026,72905,INE1CDF01017
VISL,EQ,30.9,31.49,30.2,30.36,30.44,30.35,26150010,806701453.26,27-Jul-2026,43870,INE1CLE01013
VEDL,EQ,267.05,268.1,264,264.65,264.3,264.65,7084059,1884299450.25,27-Jul-2026,53849,INE205A01025
VOGL,EQ,34.65,35.34,33.93,34.84,34.84,34.23,36182252,1254412498.34,27-Jul-2026,60046,INE704J01044
VEDPOWER,EQ,35.74,37.43,35.41,36.97,37.02,35.01,23415598,859086843.88,27-Jul-2026,49864,INE694L01019
VEEDOL,EQ,1408.9,1413.5,1385.1,1392.3,1387.1,1398.8,9432,13203347.60,27-Jul-2026,1004,INE484C01030
VEEKAYEM,SM,122,122,122,122,122,122,500,61000.00,27-Jul-2026,1,INE0KTW01013
VELJAN,BE,1745,1829.8,1712.7,1804.3,1815,1743.8,1595,2861011.80,27-Jul-2026,73,INE232E01013
VENKEYS,EQ,1513.5,1533,1491.9,1503.7,1501.1,1505.2,68141,103106537.30,27-Jul-2026,4316,INE398A01010
VENTIVE,EQ,621.9,622.9,613.6,617.8,622.9,617.75,15381,9508564.80,27-Jul-2026,891,INE781S01027
VENUSPIPES,EQ,1708.4,1730,1670,1688,1683,1700.1,59861,101590241.70,27-Jul-2026,5860,INE0JA001018
VENUSREM,BE,1649,1699,1566.6,1572,1572.5,1649,70003,112004235.10,27-Jul-2026,2493,INE411B01019
VERANDA,EQ,241.85,241.85,231.15,232.95,233.49,233.78,84370,19805244.98,27-Jul-2026,2295,INE0IQ001011
VERTIS,IV,113,113,112.5,113,113,113,550000,62137500.00,27-Jul-2026,13,INE0KXY23015
VERTOZ,BE,35.58,36,35,35.55,35.69,35.58,39973,1421686.67,27-Jul-2026,227,INE188Y01031
VESUVIUS,EQ,450.05,457.65,449.2,450.95,453.65,452.3,32405,14646914.65,27-Jul-2026,3004,INE386A01023
VETO,BE,122.8,123.99,120.29,121.14,121,121.5,11860,1438601.15,27-Jul-2026,149,INE918N01018
VSTL,EQ,111.14,114.49,110.9,111.33,112.25,111.14,9246,1031688.08,27-Jul-2026,156,INE0QTF01015
VHLTD,BE,131.99,134.19,131.05,134.09,134.15,131.99,92015,12297121.42,27-Jul-2026,151,INE048C01025
VICTORYEV,ST,16.95,16.95,16.15,16.5,16.5,16.95,33000,546300.00,27-Jul-2026,11,INE0F8901022
VIDHIING,EQ,314.85,320,310,315.15,314,310.55,27107,8508082.40,27-Jul-2026,589,INE632C01026
VIDYAWIRES,EQ,89.19,92.96,88.62,91.3,91,88.54,1398257,128073999.96,27-Jul-2026,8581,INE14UN01029
VIGOR,ST,99,99,95,98.75,98.75,98,14400,1403760.00,27-Jul-2026,9,INE1DM601016
VIJAYA,EQ,1322,1357.8,1308.2,1350.8,1356,1313.9,84864,113992327.00,27-Jul-2026,8082,INE043W01024
VIJAYPD,SM,64.2,64.2,64.2,64.2,64.2,63.95,2000,128400.00,27-Jul-2026,1,INE0WL901019
VIJIFIN,BE,9.45,9.45,9.45,9.45,9.45,9.27,151251,1429321.95,27-Jul-2026,49,INE159N01027
VIKASECO,EQ,1.12,1.16,1.11,1.12,1.11,1.11,2595664,2929078.02,27-Jul-2026,946,INE806A01020
VIKASLIFE,EQ,1.33,1.34,1.24,1.27,1.28,1.31,3656429,4742011.82,27-Jul-2026,8902,INE161L01027
VIKRAMSOLR,EQ,185.19,185.19,180.75,181.19,180.89,182.8,1016051,185496264.34,27-Jul-2026,11954,INE078V01014
VIKRAN,EQ,72.5,73,71.49,71.83,71.99,71.43,1037657,74716145.55,27-Jul-2026,4423,INE01R501028
VILAS,SM,365,375,352.65,353.7,353,357.55,25250,9026475.00,27-Jul-2026,86,INE0AZY01017
VILINBIO,SM,38.65,42.6,38.65,42.6,42.6,40.65,8000,325000.00,27-Jul-2026,2,INE0L4V01013
VIMTALABS,EQ,576.45,593,574.25,587.15,589,570.45,272440,159326012.40,27-Jul-2026,10341,INE579C01029
VINATIORGA,EQ,1329,1329,1306.1,1313.6,1314.1,1300.1,20783,27333764.20,27-Jul-2026,2432,INE410B01037
VINDHYATEL,EQ,1905,1920.3,1870,1907.5,1890,1886,17478,33210250.50,27-Jul-2026,3062,INE707A01012
VINEETLAB,BE,37.15,39.9,37.15,38.87,38.88,38.52,49004,1895959.31,27-Jul-2026,136,INE505Y01010
VMOBILE,SM,63.85,67.7,63.85,67.7,67.7,64.5,93600,6192320.00,27-Jul-2026,99,INE27V201011
VINNY,EQ,1.06,1.08,1.05,1.05,1.05,1.07,457680,482828.23,27-Jul-2026,169,INE01KI01027
VINSYS,ST,528,530,523,523.5,523,522.1,6750,3567850.00,27-Jul-2026,18,INE0OSJ01014
VINCOFE,EQ,157.5,165.45,157.5,162.87,163.18,156.18,3500698,572816623.41,27-Jul-2026,26044,INE498Q01014
VINYAS,SM,1268,1304,1260.05,1275,1270,1272.75,2600,3332010.00,27-Jul-2026,24,INE0OLS01010
VINYLINDIA,EQ,244,256.65,243.8,251.2,251,242.65,18149,4565379.40,27-Jul-2026,799,INE250B01029
VIPCLOTHNG,BE,21.79,21.87,21.37,21.83,21.84,21.37,14288,308884.59,27-Jul-2026,66,INE450G01024
VIPIND,EQ,295.5,299.55,295.1,296.25,296,295.4,44743,13274917.85,27-Jul-2026,1740,INE054A01027
VIPULLTD,BE,11.52,11.52,11.52,11.52,11.52,12.12,64638,744629.76,27-Jul-2026,133,INE946H01037
VIRINCHI,EQ,15.51,16,15.43,15.49,15.43,15.53,40417,627355.38,27-Jul-2026,203,INE539B01017
VGINFOTECH,SM,159,159.9,152.05,152.2,152.05,153.7,38000,5846650.00,27-Jul-2026,36,INE0VRH01015
VOEPL,EQ,494.8,514,486.1,496.6,494.05,484.05,238675,119486254.90,27-Jul-2026,4872,INE0I0T01010
VISACHROME,BE,36.9,38.05,36.9,37.97,37.95,36.9,24460,928106.87,27-Jul-2026,81,INE286H01012
VIVIDHA,EQ,0.53,0.55,0.52,0.52,0.52,0.53,311186,166233.83,27-Jul-2026,179,INE370E01029
VISAKAIND,EQ,80.43,85.4,80.43,82.29,82.6,79.85,320941,26752918.14,27-Jul-2026,3696,INE392A01021
VMM,EQ,109.88,110.48,107.2,110.31,110.26,108.04,14442715,1571009342.44,27-Jul-2026,105249,INE01EA01019
VISHNU,EQ,638,652,630.2,636.3,635,632.4,121792,78270920.10,27-Jul-2026,4750,INE270I01022
VPRPL,BE,28,29.4,27.3,28.29,28.3,28,464923,13231393.68,27-Jul-2026,1534,INE0AE001013
VISHNUINFR,SM,164,164,158.1,161.35,161.95,155,17000,2743125.00,27-Jul-2026,18,INE0PQ001012
VISHWARAJ,EQ,5.2,5.29,5.2,5.25,5.27,5.19,78228,409831.93,27-Jul-2026,294,INE430N01022
VISHWAS,ST,43.95,44,43.95,44,44,44.8,24000,1054880.00,27-Jul-2026,2,INE0S2E01016
VIESL,SM,316.1,322.95,312,316.35,316.2,314.25,33600,10602200.00,27-Jul-2026,32,INE0TR001017
VITAL,BE,47.7,47.7,46,46,46,46.8,2976,139277.70,27-Jul-2026,11,INE0L4K01016
VIVIANA,BE,704.65,732.3,702.5,732.3,732.3,697.45,18357,13352618.25,27-Jul-2026,309,INE0MEG01014
VIVIDEL,ST,1322,1330.95,1300,1320,1320,1315,17760,23400024.00,27-Jul-2026,45,INE24H301028
VIVIMEDLAB,BE,5.18,5.4,5.15,5.26,5.22,5.18,38270,203264.51,27-Jul-2026,59,INE526G01021
VIYASH,EQ,253.25,261.35,253,259.7,260.2,250.9,1323745,342143179.90,27-Jul-2026,23702,INE807F01027
VLEGOV,BE,10.29,10.69,10.29,10.69,10.69,10.49,49311,516191.83,27-Jul-2026,129,INE03HW01020
VLSFINANCE,EQ,252.55,256.7,252.55,254.35,253.55,253.5,10140,2581553.65,27-Jul-2026,337,INE709A01018
VMART,EQ,724.65,725.4,682.65,714.95,715.5,724.65,258775,182351563.95,27-Jul-2026,18603,INE665J01013
VMSTMT,BE,44.9,45.07,44,44.02,44.39,44.05,13789,611377.82,27-Jul-2026,133,INE0SJA01013
IDEA,EQ,13.13,13.26,13.02,13.06,13.06,13.13,247499082,3249277944.09,27-Jul-2026,428129,INE669E01016
VOLERCAR,SM,222.5,224.85,220,224.85,224.85,235,3200,711520.00,27-Jul-2026,4,INE241X01014
VOLTAMP,EQ,9219,9242,9078,9183,9219,9180,26700,244708152.00,27-Jul-2026,11242,INE540H01012
VOLTAS,EQ,1327.9,1340.4,1310.2,1319.3,1313,1327.3,314808,416498793.60,27-Jul-2026,10895,INE226A01021
VRAJ,EQ,130.8,131.97,128.21,128.5,128.28,129.21,16135,2093365.97,27-Jul-2026,764,INE0S2V01010
VRLLOG,EQ,260.99,267.87,250.65,262.75,262.68,243.11,2163637,561784942.35,27-Jul-2026,28600,INE366I01010
VSTIND,EQ,234.5,235.9,232,234.7,234.95,230.05,308790,72334074.15,27-Jul-2026,4123,INE710A01016
VSTTILLERS,EQ,4491,4491,4416.7,4430.2,4425,4416.7,4646,20591619.80,27-Jul-2026,1019,INE764D01017
WPIL,EQ,453.95,462.8,436.5,442.2,440.65,450.45,83864,37455085.00,27-Jul-2026,4108,INE765D01022
WSI,EQ,62.33,65.89,61.49,62.4,62.68,62.31,121079,7589258.71,27-Jul-2026,1888,INE100D01014
WAAREEENER,EQ,2721,2760.9,2716.5,2741.4,2742,2702,710887,1949369381.50,27-Jul-2026,37763,INE377N01017
WAAREERTL,EQ,949.1,955,927.6,931.3,929,932,269690,252495849.50,27-Jul-2026,12948,INE299N01021
WAKEFIT,EQ,132,134,126.4,127.7,127.6,129.7,3547070,458354089.97,27-Jul-2026,22253,INE0E7301029
WALCHANNAG,EQ,240.15,242.75,231.4,233.5,233.5,237.1,678336,160065930.15,27-Jul-2026,9093,INE711A01022
WANBURY,EQ,335,343,327.4,329.25,328.3,331.9,188536,63070945.05,27-Jul-2026,6131,INE107F01022
CORDELIA,EQ,820.5,840.7,812,820.7,816,806.4,182658,150704097.65,27-Jul-2026,7785,INE0LZF01013
WEWIN,BE,46.34,47.25,45.36,46.5,46.5,47.33,3190,146743.61,27-Jul-2026,17,INE082W01014
TWCGOLDETF,EQ,145.3,145.3,142.57,143.17,143.25,142.45,2008,287528.45,27-Jul-2026,216,INF2F0001370
WEALTH,EQ,954.85,996.25,945,958.95,950,940.25,3098,2995834.60,27-Jul-2026,341,INE658T01017
WEBELSOLAR,EQ,101.88,102.53,98.12,99.01,99.05,99.77,1999850,200096370.32,27-Jul-2026,10496,INE855C01023
WEIZMANIND,EQ,77.31,79.49,77.31,77.41,77.31,77.19,1952,151571.09,27-Jul-2026,30,INE080A01014
WELCORP,EQ,1665,1668.8,1595.1,1599.8,1599.9,1596.9,944994,1528823816.70,27-Jul-2026,52235,INE191B01025
WELENT,EQ,600.1,617.8,590.85,596.8,596.8,598.8,795444,481997082.85,27-Jul-2026,10368,INE625G01013
WELINV,BE,1860,1980,1805.8,1931.9,1900,1898,467,899647.60,27-Jul-2026,38,INE389K01018
WELSPUNLIV,EQ,162.8,168.63,161.97,163.53,164.25,162,1445681,239198378.80,27-Jul-2026,19047,INE192B01031
WELSPLSOL,EQ,51.75,53.1,50.97,51.69,51.96,51.3,493425,25646331.26,27-Jul-2026,3234,INE731F01037
WENDT,EQ,8300,8600,8100,8302.5,8320,8074.5,48101,403029746.50,27-Jul-2026,12111,INE274C01019
WSTCSTPAPR,EQ,560.5,590,560.5,581.7,581,553.55,542425,315317039.20,27-Jul-2026,23675,INE976A01021
WCIL,EQ,90.37,91.7,90.2,91.06,91.49,89.98,37552,3416596.52,27-Jul-2026,829,INE0CJF01024
WESTLIFE,EQ,459.9,471.35,459,464.5,461.5,459.15,85823,39874816.60,27-Jul-2026,5983,INE274F01020
WEWORK,EQ,719,726.95,710.5,724.4,716,711.95,317784,229556459.30,27-Jul-2026,14760,INE085001019
WHEELS,EQ,1461,1505,1445.4,1495.6,1499.9,1441.7,78256,115946259.60,27-Jul-2026,6640,INE715A01015
WHIRLPOOL,EQ,775,804.8,774,794.8,796,771.45,443562,352926422.45,27-Jul-2026,18755,INE716A01013
WILLAMAGOR,EQ,25.27,26.78,25,25.45,25.4,25.27,1940,49050.16,27-Jul-2026,27,INE210A01017
WINDLAS,EQ,871,874,853,857.5,853,857.95,23569,20320673.85,27-Jul-2026,3572,INE0H5O01029
WINDMACHIN,EQ,292.35,298.95,278.35,281.9,282,292.2,99640,28269641.60,27-Jul-2026,2048,INE052A01021
WINSOL,SM,113.5,114,112,112.65,113,113.5,8800,995620.00,27-Jul-2026,22,INE0S3D01016
WINSOME,BZ,2.35,2.39,2.35,2.39,2.39,2.35,20401,48756.39,27-Jul-2026,16,INE784B01035
WIPRO,EQ,177.5,178.78,175.61,178.53,178.35,177.12,12504426,2217796971.54,27-Jul-2026,75289,INE075A01022
WTICAB,SM,124.7,124.7,117,119.6,118.25,118.15,9000,1079550.00,27-Jul-2026,17,INE623Y01011
WOCKPHARMA,EQ,1855.9,1881.9,1853.3,1865.2,1863.9,1849.2,269719,503412525.20,27-Jul-2026,13682,INE049B01025
WOL3D,ST,130,131,130,131,131,130.3,2000,261000.00,27-Jul-2026,2,INE0OO201011
WOMANCART,SM,102,102,97.3,99.95,99.95,96.4,11200,1100880.00,27-Jul-2026,19,INE0Q9601016
WEL,EQ,107.09,110.99,107,109.97,110.5,107.24,481065,52266585.42,27-Jul-2026,3235,INE02WG01024
WONDERLA,EQ,474.85,475.15,466.1,467.75,467.1,468.75,29812,14028597.00,27-Jul-2026,1676,INE066O01014
WORTHPERI,EQ,143.5,143.99,140.04,143.31,141.06,142.83,5803,823855.28,27-Jul-2026,288,INE196Y01018
XCHANGING,EQ,64.04,65.33,63.96,64.19,64.5,64.04,49616,3199296.04,27-Jul-2026,1087,INE692G01013
XELPMOC,EQ,83.98,83.98,78.11,79.32,79.8,81.19,10235,820747.14,27-Jul-2026,255,INE01P501012
XPROINDIA,EQ,1399,1406,1378.2,1394.1,1395,1386.2,32790,45761355.40,27-Jul-2026,2182,INE445C01015
XTGLOBAL,EQ,27.6,28.64,27.6,28.39,28.25,27.99,134465,3816359.16,27-Jul-2026,240,INE547B01028
YAAP,ST,163,163,153,155.3,157.45,156,27000,4248650.00,27-Jul-2026,27,INE0U0J01015
YASHOPTICS,SM,111.3,111.3,111.3,111.3,111.3,112.15,2400,267120.00,27-Jul-2026,3,INE0TO601017
YASHO,EQ,3145.4,3201.1,3045,3092.6,3078.4,3072,12164,37556393.50,27-Jul-2026,2654,INE616Z01012
YATHARTH,EQ,843.05,868.55,838.8,843.9,847.5,838.8,234669,199960574.70,27-Jul-2026,13097,INE0JO301016
YATRA,EQ,107.7,111.23,107.27,110.65,111.19,107.67,932619,102509574.15,27-Jul-2026,10337,INE0JR601024
YESBANK,EQ,23.05,23.18,22.9,22.94,22.95,22.95,47752439,1098792136.61,27-Jul-2026,59381,INE528G01035
YUKEN,EQ,718.8,718.8,701,710.55,713.9,708.25,5937,4191996.85,27-Jul-2026,340,INE384C01016
ZFSTEERING,EQ,680.3,697,680,686.4,687,694.15,4399,3022046.20,27-Jul-2026,364,INE116C01012
ZTECH,SM,538.95,539,509.05,517.2,520,524.15,9600,5045205.00,27-Jul-2026,31,INE0ISZ01012
ZAGGLE,EQ,203.59,205.9,201.5,203.34,203.8,199.97,461204,93845843.81,27-Jul-2026,7814,INE07K301024
ZEAL,SM,64,64,63,63,63,62,1800,114060.00,27-Jul-2026,3,INE0PPS01018
ZEEL,EQ,106,109.5,105.8,108.86,109,105.46,15284220,1652588609.15,27-Jul-2026,47761,INE256A01028
ZEELEARN,BE,8.03,8.35,7.88,8.16,8.16,8.02,319916,2608895.80,27-Jul-2026,308,INE565L01011
ZEEMEDIA,EQ,8,8.14,7.9,7.96,7.99,7.97,823511,6595944.33,27-Jul-2026,1202,INE966H01019
ZENTEC,EQ,1613.6,1717.5,1613.6,1688.2,1680.2,1768.7,1617808,2717527880.00,27-Jul-2026,84468,INE251B01027
ZENITHDRUG,SM,49,49,49,49,49,49.25,800,39200.00,27-Jul-2026,1,INE0QWN01013
ZENITHEXPO,EQ,205,205,201,205,205,200.17,26,5326.00,27-Jul-2026,4,INE058B01018
ZENITHSTL,EQ,5.83,6.14,5.61,5.72,5.7,5.83,92940,536091.36,27-Jul-2026,221,INE318D01020
ZENSARTECH,EQ,510.1,521.5,502.2,515.4,515,505.9,2237749,1151015179.10,27-Jul-2026,37586,INE520A01027
GOLDCASE,EQ,23,23,22.48,22.56,22.57,22.44,7013840,158378752.60,27-Jul-2026,10750,INF0R8F01042
LIQUIDCASE,EQ,115.18,115.2,115.18,115.19,115.18,115.17,13555490,1561441208.89,27-Jul-2026,10837,INF0R8F01034
LTGILTCASE,EQ,30.54,30.54,30.47,30.53,30.54,30.45,108123,3301699.05,27-Jul-2026,486,INF0R8F01133
MID150CASE,EQ,11.42,11.59,11.42,11.53,11.55,11.42,795445,9168163.17,27-Jul-2026,4577,INF0R8F01059
NIFTYCASE,EQ,9.77,9.77,9.52,9.64,9.65,9.54,617863,5949838.53,27-Jul-2026,1554,INF0R8F01166
SILVERCASE,EQ,22.87,22.87,22.32,22.56,22.58,22.32,4740474,107033376.48,27-Jul-2026,6855,INF0R8F01091
SML100CASE,EQ,10.88,10.89,10.76,10.87,10.88,10.71,1044125,11332828.76,27-Jul-2026,1480,INF0R8F01141
TOP100CASE,EQ,10.66,10.66,10.43,10.52,10.53,10.43,391216,4114779.55,27-Jul-2026,1375,INF0R8F01067
ZFCVINDIA,EQ,2315.1,2341.2,2266,2299.1,2300,2320.6,160091,368051365.70,27-Jul-2026,17100,INE342J01019
ZIMLAB,BE,119.9,119.9,118,118,118,120.4,4966,586881.00,27-Jul-2026,21,INE518E01015
ZODIACLOTH,EQ,76.5,76.98,75.6,75.84,75.83,75.84,931,71138.85,27-Jul-2026,20,INE206B01013
ZODIAC,BE,251,254.7,245,245.9,245.7,251.25,9966,2465568.35,27-Jul-2026,393,INE761Y01019
ZOTA,EQ,1277.6,1298.3,1262.1,1283.1,1287,1258.4,39042,49970790.30,27-Jul-2026,3672,INE358U01012
ZUARI,EQ,221.6,227.23,220.36,222.1,222.5,219.86,62715,13956183.08,27-Jul-2026,1641,INE840M01016
ZUARIIND,EQ,257.95,261.8,252.1,255.6,252.6,257,13344,3432278.30,27-Jul-2026,539,INE217A01012
ZYDUSLIFE,EQ,1111.9,1126.2,1104.4,1108.2,1109.7,1108.7,607249,673399387.80,27-Jul-2026,18788,INE010B01027
ZYDUSWELL,EQ,568.65,573.85,549.5,559.35,561,563.05,183505,102521350.15,27-Jul-2026,11604,INE768C01028
