SYMBOL,SERIES,OPEN,HIGH,LOW,CLOSE,LAST,PREVCLOSE,TOTTRDQTY,TOTTRDVAL,TIMESTAMP,TOTALTRADES,ISIN
SGBJUN28,GB,15145,15250,15101,15222.45,15250,15145.98,91,1383390.97,18-Aug-2026,29,IN0020200104
SGBN28VIII,GB,15150,15269.85,15150,15232.99,15240,15157,91,1385912.01,18-Aug-2026,29,IN0020200286
SGBMAY29I,GB,15171.8,15259.98,15166,15244.54,15241,15170.88,534,8128250.73,18-Aug-2026,94,IN0020210053
SGBJUN29II,GB,15168.9,15249,15153,15241.5,15249,15168.89,118,1794800.76,18-Aug-2026,14,IN0020210061
SGBJU29III,GB,15111,15270,15111,15233.51,15200.01,15154.5,144,2193186.51,18-Aug-2026,25,IN0020210087
SGBSEP29VI,GB,15305.02,15398,15305.02,15384.33,15390,15342.27,278,4267544.26,18-Aug-2026,32,IN0020210145
SGBNV29VII,GB,15175,15272.4,15151,15259.9,15260,15186.83,360,5480279.17,18-Aug-2026,30,IN0020210178
SGBOCT26,GB,15200,15225,15200,15225,15225,15200,17,258440.00,18-Aug-2026,6,IN0020180249
SGBNOV26,GB,15150,15270,15125,15270,15270,15150,13,197550.00,18-Aug-2026,6,IN0020180314
SGBJUN27,GB,15221,15221,15221,15221,15221,15148.68,1,15221.00,18-Aug-2026,1,IN0020190073
SGBJUL27,GB,15020,15170,15020,15170,15170,15189.99,2,30190.00,18-Aug-2026,2,IN0020190081
SGBAUG27,GB,15165,15250,15165,15200,15200,15168.26,44,670020.50,18-Aug-2026,17,IN0020190107
SGBSEP27,GB,15398.99,15399,15398.99,15399,15399,15360,42,646757.78,18-Aug-2026,2,IN0020190115
SGBJAN27,GB,15196.9,15196.9,15196.9,15196.9,15196.9,15074.5,3,45590.70,18-Aug-2026,2,IN0020180462
SGBOCT27,GB,15250.01,15300,15250.01,15300,15300,15250,3,45849.01,18-Aug-2026,3,IN0020190370
SGBFEB27,GB,15149,15149,15149,15149,15149,15169.55,3,45447.00,18-Aug-2026,2,IN0020180561
SGBAPR28I,GB,15239.09,15300,15239.09,15259.27,15252.01,15239.09,152,2319299.65,18-Aug-2026,38,IN0020200062
SGBMAY28,GB,15101,15270,15101,15256.99,15257,15187.78,956,14567432.82,18-Aug-2026,55,IN0020200088
SGBJUL28IV,GB,15137.98,15239,15101,15222.75,15239,15137.98,235,3565105.03,18-Aug-2026,42,IN0020200146
SGBFEB28IX,GB,15148,15200,15148,15199,15199,15148,5,75942.00,18-Aug-2026,4,IN0020190545
SGBAUG28V,GB,15131,15235,15121,15207.1,15201,15161.04,1161,17624028.70,18-Aug-2026,136,IN0020200161
SGBSEP28VI,GB,15367,15480,15350,15369,15355,15367.63,426,6545099.56,18-Aug-2026,59,IN0020200195
SGBOC28VII,GB,15250,15300,15201,15250.01,15250.01,15260,605,9221857.19,18-Aug-2026,50,IN0020200203
SGBMAR28X,GB,15379.99,15397,15350,15397,15397,15335,162,2492121.99,18-Aug-2026,6,IN0020190552
SGBJUL29IV,GB,15149.68,15240,15149.68,15187.55,15200,15149.68,175,2659587.40,18-Aug-2026,32,IN0020210111
SGBJAN29IX,GB,15199,15250,15126,15242.79,15250,15141.84,153,2325330.92,18-Aug-2026,24,IN0020200377
SGBAUG29V,GB,15148.26,15276,15113.01,15230,15230,15148.26,106,1611951.79,18-Aug-2026,34,IN0020210129
SGBD29VIII,GB,15177,15255,15177,15218.75,15216.01,15177.54,162,2466144.06,18-Aug-2026,35,IN0020210228
SGBJAN29X,GB,15135,15259,15135,15248.63,15259,15135,64,972835.67,18-Aug-2026,17,IN0020200385
SGBFEB29XI,GB,15105.01,15202.66,15105.01,15202.66,15202.66,15142.34,79,1197192.89,18-Aug-2026,20,IN0020200393
SGBMR29XII,GB,15310,15400,15310,15393.21,15390,15362.85,284,4368723.66,18-Aug-2026,31,IN0020200427
SGBJUN30,GB,15201,15296,15165,15285.12,15251,15201,222,3384336.46,18-Aug-2026,53,IN0020220045
SGBAUG30,GB,15224,15299.99,15216,15286.37,15299.99,15224,198,3020975.31,18-Aug-2026,63,IN0020220078
SGBDE30III,GB,15232.77,15294,15111,15250.5,15250,15232.77,232,3534683.24,18-Aug-2026,50,IN0020220110
SGBJAN30IX,GB,15188,15263.94,15120.99,15200.55,15201.01,15187.88,194,2948431.01,18-Aug-2026,44,IN0020210236
SGBMAR30X,GB,15225,15300,15165,15241.48,15240,15225,481,7324035.00,18-Aug-2026,46,IN0020210319
SGBJUN31I,GB,15171,15350,15171,15337.48,15350,15281.84,340,5197272.58,18-Aug-2026,98,IN0020230069
SGBSEP31II,GB,15330,15445,15301.01,15414.46,15428.99,15336.62,959,14722294.82,18-Aug-2026,186,IN0020230093
SGBDE31III,GB,15474.11,15474.11,15350,15431.58,15443.99,15397.12,1399,21573942.71,18-Aug-2026,178,IN0020230168
SGBMAR31IV,GB,15289,15360,15260,15345.06,15350,15283.42,117,1793877.76,18-Aug-2026,27,IN0020220169
SGBFEB32IV,GB,15386.32,15554,15386.32,15551.35,15554,15463.64,1687,26137357.00,18-Aug-2026,267,IN0020230184
20MICRONS,EQ,197.26,198.4,195.2,197.16,197.15,197.26,72434,14241165.65,18-Aug-2026,1693,INE144J01027
21STCENMGM,EQ,45.82,45.82,45.11,45.64,45.81,44.93,6929,316571.30,18-Aug-2026,117,INE253B01015
360ONE,EQ,1169,1185,1154,1163.6,1163.6,1173,683646,800157303.30,18-Aug-2026,29376,INE466L01038
GOLD360,EQ,148.9,149.4,148.9,149,148.95,148.9,11623,1732854.65,18-Aug-2026,394,INF579M01BB5
MSCI360,EQ,10.24,10.39,10.16,10.35,10.39,10.3,6139,62886.28,18-Aug-2026,14,INF579M01BP5
SILVER360,EQ,229.47,229.47,227.21,228.08,228.63,229.72,7406,1689853.21,18-Aug-2026,390,INF579M01BC3
3BBLACKBIO,EQ,1154.2,1167.8,1142,1148.4,1150,1148.4,7528,8670806.70,18-Aug-2026,507,INE994E01018
3IINFOLTD,BE,25,25.25,24.36,24.36,24.36,25.64,253855,6214288.70,18-Aug-2026,1140,INE748C01038
3MINDIA,EQ,35085,35290,34900,34945,34900,34910,1635,57359220.00,18-Aug-2026,1040,INE470A01017
3PLAND,EQ,32.4,32.5,31.75,32.03,32,32.35,1902,61363.71,18-Aug-2026,64,INE105C01023
5PAISA,EQ,380.8,403.8,380.8,388.3,385,380.8,191663,75747591.00,18-Aug-2026,6273,INE618L01018
63MOONS,EQ,778.05,780.2,753,757.65,757,780.25,274671,209925866.30,18-Aug-2026,10381,INE111B01023
735NABAR31,N1,1115,1115,1115,1115,1115,1115,100,111500.00,18-Aug-2026,1,INE261F07057
764NABAR31,N2,1111,1111,1109,1109,1109,1112,10,11092.00,18-Aug-2026,2,INE261F07032
764HUDCO31,N8,1133.99,1133.99,1120,1125,1125,1124,107,120284.49,18-Aug-2026,10,INE031A07AO5
769HUDCO31,N9,1133,1133,1131.55,1131.56,1131.55,1130.59,251,284094.97,18-Aug-2026,12,INE031A07AT4
774IREDA31,N7,1125.01,1125.01,1125,1125,1125,1125.51,101,113626.00,18-Aug-2026,2,INE202E07229
82HUDCO27,N2,1054.97,1055.5,1054.97,1055.5,1055.5,1054.14,2775,2927603.35,18-Aug-2026,11,INE031A07840
830PFCL27,N5,1079.12,1080,1079.11,1080,1080,1082,318,343173.75,18-Aug-2026,3,INE134E07208
875NHAI29,N6,1118,1119,1111.51,1111.99,1111.51,1112,693,771492.57,18-Aug-2026,24,INE906B07DF8
876HUDCO28,ND,1138,1138,1138,1138,1138,1137.5,278,316364.00,18-Aug-2026,8,INE031A07949
891IIFCL34,N4,1250.25,1250.25,1250.25,1250.25,1250.25,1267.9,3,3750.75,18-Aug-2026,1,INE787H07370
891NTPC33,N6,1280,1280,1280,1280,1280,1280,199,254720.00,18-Aug-2026,3,INE733E07JJ9
892NHPC33,N6,1265,1265,1262,1262,1262,1264,360,454960.00,18-Aug-2026,3,INE848E07567
892PFCL33,N8,1280.42,1280.42,1275.1,1275.1,1275.1,1280.42,213,272106.16,18-Aug-2026,6,INE134E07463
901HUDCO34,NE,1288,1288,1288,1288,1288,1288,90,115920.00,18-Aug-2026,2,INE031A07AB2
ABCOTS,EQ,202.48,225,201.88,217.4,217.35,199.66,152579,32881988.55,18-Aug-2026,4222,INE08PH01015
ABINFRA,EQ,11.33,12.99,10.98,12.57,12.88,11.36,25170295,299764082.46,18-Aug-2026,134759,INE00YB01025
ABMKNO,EQ,195,200,190,192.1,192.1,197,2037,395789.78,18-Aug-2026,37,INE850B01026
ACSTECH,EQ,52,52.2,49.61,49.92,49.74,50.92,343255,17385904.04,18-Aug-2026,1765,INE366C01021
AKCAPIT,EQ,1750.7,1800,1740.1,1762.7,1750,1747.9,1966,3453301.80,18-Aug-2026,436,INE701G01012
A2ZINFRA,EQ,14.21,14.64,14.21,14.26,14.34,14.49,101272,1450492.31,18-Aug-2026,313,INE619I01012
AAATECH,EQ,92.18,94,91,92.81,92.7,91.98,14270,1319769.94,18-Aug-2026,309,INE0D0U01013
AADHARHFC,EQ,487.65,493.85,482,487.4,486,487.65,286979,140029916.20,18-Aug-2026,19334,INE883F01010
AAKAAR,SM,50.6,53.05,50.6,53.05,53.05,50.55,14400,752880.00,18-Aug-2026,8,INE1GYP01013
AAKASH,EQ,8.71,9.59,8.71,9.13,9.17,8.77,400049,3674256.03,18-Aug-2026,924,INE087Z01024
AAREYDRUGS,EQ,83.01,85.46,81.31,82.16,83.01,85.58,668238,55481356.35,18-Aug-2026,459,INE198H01019
AARNAV,EQ,31.35,36.04,30.7,35.37,35.74,31.23,220800,7530905.96,18-Aug-2026,2863,INE750R01016
AARON,EQ,142.2,146,141.63,143.78,143.8,138.85,35017,5048069.02,18-Aug-2026,1192,INE721Z01010
AARTECH,BE,50,53.36,49,51.38,51.29,50.82,261953,13518057.97,18-Aug-2026,478,INE01C001026
AARTIDRUGS,EQ,410.75,415.2,404.5,412.8,413,410.75,98898,40768875.15,18-Aug-2026,4057,INE767A01016
AARTIIND,EQ,526,533.8,520.85,530.1,532,526.7,830422,437596621.45,18-Aug-2026,23267,INE769A01020
AARTIPHARM,EQ,861.95,892,850,874.55,874.5,861.95,316783,277767444.50,18-Aug-2026,17793,INE0LRU01027
AARTISURF,BE,594.4,594.4,594.4,594.4,594.4,625.65,6862,4078772.80,18-Aug-2026,257,INE09EO01013
AARVI,EQ,152,157,150.1,151.93,151.25,152.6,42604,6476758.81,18-Aug-2026,826,INE754X01016
AASTHA,EQ,74,74.2,73,73.03,73.28,73.21,433445,31749741.13,18-Aug-2026,2090,INE2FMX01012
AATMAJ,SM,20.5,20.5,19,19,19,18.1,10000,197000.00,18-Aug-2026,5,INE0OB201016
AAVAS,EQ,1375,1393.9,1375,1388.3,1388,1389.8,49386,68457770.20,18-Aug-2026,8366,INE216P01012
ABAN,BE,17.74,17.74,17.74,17.74,17.74,18.1,2547,45183.78,18-Aug-2026,26,INE421A01028
ABANSENT,EQ,32.79,32.79,30.3,30.3,30.3,31.89,28145,862085.42,18-Aug-2026,241,INE365O01028
AFSL,EQ,202.95,206.7,201.12,205.55,204.31,201.2,6846,1388379.79,18-Aug-2026,219,INE00ZE01026
ABB,EQ,7660,7734,7528.5,7546,7546,7660,126259,961408357.00,18-Aug-2026,17246,INE117A01022
ABBOTINDIA,EQ,26900,26900,26510,26580,26520,26905,4509,120013140.00,18-Aug-2026,2161,INE358A01014
ABHAPOWER,SM,25,25.5,25,25.5,25.5,25.2,3200,80800.00,18-Aug-2026,2,INE0UYG01015
ABMINTLLTD,BE,53.39,53.39,53.39,53.39,53.39,56.2,906,48371.34,18-Aug-2026,20,INE251C01025
ABSMARINE,ST,240.1,247.95,236.9,238.05,239.95,246.05,43000,10350675.00,18-Aug-2026,73,INE0QRV01016
ACC,EQ,1317,1319.2,1301.1,1303.8,1304.5,1316.6,116554,152708571.50,18-Aug-2026,8357,INE012A01025
ACCELYA,EQ,1139.9,1140,1126,1130.8,1135,1134.3,4118,4660681.40,18-Aug-2026,578,INE793A01012
ACCENTMIC,SM,588.5,602,587.15,594.55,597.5,587.6,55000,32714150.00,18-Aug-2026,99,INE0Q5D01013
ACCPL,ST,195,200.05,195,200,200.05,195,16800,3341340.00,18-Aug-2026,13,INE0T8T01010
ACCURACY,BE,4.77,4.79,4.63,4.65,4.66,4.75,38884,182367.45,18-Aug-2026,166,INE648Z01023
ACEINTEG,EQ,17.5,18.75,17.5,18.27,18.3,17.78,4121,75547.31,18-Aug-2026,80,INE543V01017
ACMESOLAR,EQ,363.7,372.95,361.8,371.75,372.25,364.9,609731,224327368.50,18-Aug-2026,17914,INE622W01025
ACE,EQ,1117.1,1188,1117,1184.8,1184,1113.7,1694531,1982359517.70,18-Aug-2026,68991,INE731H01025
ACTIVEINFR,SM,170,170,170,170,170,170,600,102000.00,18-Aug-2026,1,INE0KLO01025
ACUTAAS,EQ,3190,3399.8,3189.9,3391.4,3391,3198.2,423370,1405152355.90,18-Aug-2026,45584,INE00FF01025
ADANIENSOL,EQ,1589,1630,1583.1,1603,1603,1589.1,2294009,3688047384.40,18-Aug-2026,43684,INE931S01010
ADANIENT,EQ,3014,3036,3002.5,3002.5,3002.5,3007.3,721988,2183006634.20,18-Aug-2026,31926,INE423A01024
ADANIGREEN,EQ,1327.6,1336.4,1308,1308,1308,1327.6,925260,1223797712.40,18-Aug-2026,24553,INE364U01010
ADANIPORTS,EQ,1691.6,1693.7,1667,1682.4,1682.4,1691,1298165,2181818449.50,18-Aug-2026,48597,INE742F01042
ADANIPOWER,EQ,203.8,208.67,203.57,205.58,205.58,203.56,19181716,3965981703.70,18-Aug-2026,94945,INE814H01029
ATGL,EQ,646.9,655,645.8,647.3,647.55,646.9,343489,223214436.60,18-Aug-2026,12888,INE399L01023
ADDIND,EQ,86,89.9,86,89.5,89.5,86,103,9215.80,18-Aug-2026,6,INE757C01021
ADDICTIVE,SM,43.25,45.4,43.25,44.4,43.85,43.25,31500,1416825.00,18-Aug-2026,33,INE0RDH01021
ADFFOODS,EQ,261.9,270,260.35,269.6,269,262.85,143285,38039519.60,18-Aug-2026,5015,INE982B01027
ADISOFT,SM,180,182.95,175.05,176.45,175.05,181,28000,4977800.00,18-Aug-2026,32,INE20PL01012
ABSLAMC,EQ,1011,1022.6,1005,1013.3,1017,1019,108162,109366199.10,18-Aug-2026,17137,INE404A01024
ABCAPITAL,EQ,399,402.8,393.8,402,402,398.7,4314550,1719379957.35,18-Aug-2026,44687,INE674K01013
ABFRL,EQ,55.29,55.86,54.82,54.97,55,55.29,2804136,154331418.58,18-Aug-2026,16754,INE647O01011
ABLBL,EQ,90.01,90.65,88.6,88.72,88.73,89.92,427800,38142689.90,18-Aug-2026,6291,INE14LE01019
BIRLAMONEY,EQ,128.6,131,128.6,129.42,129.11,129.87,42360,5492872.73,18-Aug-2026,532,INE865C01022
ABREL,EQ,1400,1401.6,1378.7,1390.8,1390.7,1402.1,89905,124716886.00,18-Aug-2026,7295,INE055A01016
CPPLUS,EQ,3260.1,3388,3260,3342,3355,3343.1,412214,1371042169.10,18-Aug-2026,39832,INE819V01029
AVL,EQ,608.65,616.95,600,614.15,614.7,608.65,182795,111993970.85,18-Aug-2026,11722,INE679V01027
BSLGOLDETF,EQ,137.85,137.85,134.25,134.68,134.44,134.49,2453893,330322246.14,18-Aug-2026,1840,INF209KB18D3
BSLNIFTY,EQ,28.2,28.64,28.2,28.44,28.46,28.62,865957,24627478.29,18-Aug-2026,3792,INF209KB19D1
ADOR,EQ,1525.3,1574,1520.6,1562.3,1551.3,1525.3,35829,55574123.50,18-Aug-2026,3657,INE045A01017
ADROITINFO,EQ,10.3,10.5,9.83,10.36,10.1,9.99,45723,466272.43,18-Aug-2026,275,INE737B01033
ADVAIT,EQ,2077,2140,2070,2126.1,2137.4,2079.2,52562,111142406.30,18-Aug-2026,7479,INE0ALI01010
ADVANCE,EQ,117.06,120.06,115.81,117.96,118.5,117.06,194213,22920924.93,18-Aug-2026,2370,INE1B0W01010
ADVENZYMES,EQ,303,307.2,302,303,302.95,305.6,212986,64942787.60,18-Aug-2026,3683,INE837H01020
ADVANIHOTR,EQ,50,51.4,49.61,50.06,49.85,49.91,26513,1327398.08,18-Aug-2026,416,INE199C01026
ADVENTHTL,EQ,135.56,136.83,135,135.64,135,134.9,104247,14130511.43,18-Aug-2026,1694,INE28GN01010
ADVIKCA,EQ,1.24,1.26,1.18,1.23,1.25,1.21,179534,220536.61,18-Aug-2026,244,INE178T01024
RAMBHAJO,EQ,181.5,183.5,178,179.25,178.5,180.97,95052,17116171.89,18-Aug-2026,1425,INE1SJO01012
AEGISLOG,EQ,1305,1378,1303.1,1367.7,1371,1287.2,3097867,4180437146.70,18-Aug-2026,115529,INE208C01025
AEGISVOPAK,EQ,267.1,280,267.1,274.8,274,269.5,883444,243131748.25,18-Aug-2026,17096,INE0INX01018
AEL170725,ND,1095,1095,1095,1095,1095,1095,12,13140.00,18-Aug-2026,1,INE423A07419
AEL170725A,NG,1100,1100,1100,1100,1100,1100,8,8800.00,18-Aug-2026,1,INE423A07468
860AEL28,NH,1050,1065,1050,1060,1060,1044,27,28660.00,18-Aug-2026,3,INE423A07484
862AEL31,NM,1020,1025,1010.1,1011.66,1024.99,1010,278,283225.59,18-Aug-2026,8,INE423A07518
890AEL31,NN,1054.5,1058.9,1054,1058.9,1058.9,1052.96,257,270900.90,18-Aug-2026,9,INE423A07526
9AEL30,NE,1028.05,1028.05,1028.05,1028.05,1028.05,1025.85,8,8224.40,18-Aug-2026,1,INE423A07443
930AEL30,NF,1034,1034,1034,1034,1034,1034,14,14476.00,18-Aug-2026,1,INE423A07393
AEQUS,EQ,249.4,263.45,248.23,259.85,259.12,249.58,6595637,1698685164.80,18-Aug-2026,69191,INE947N01017
AEROENTER,EQ,125.75,133.4,122,130.89,130.7,125.73,1139049,147644571.27,18-Aug-2026,12678,INE065D01027
AEROFLEX,EQ,454,488,449.4,485.85,485.95,455.85,3213334,1534007569.05,18-Aug-2026,62931,INE024001021
AERONEU,EQ,86.26,86.26,80.01,81.57,83.25,84.49,17969,1495796.46,18-Aug-2026,1235,INE035801013
AERON,SM,75,75,75,75,75,75,2000,150000.00,18-Aug-2026,2,INE0WL801011
AESTHETIK,SM,72,72,71.6,71.6,71.6,74,4000,286950.00,18-Aug-2026,4,INE0TSF01011
AETHER,EQ,1606,1692,1604.3,1633.6,1635,1605.7,308349,510350363.70,18-Aug-2026,28150,INE0BWX01014
AFCONS,EQ,269.85,281.45,269.85,280.25,280,271.7,1053486,292405454.45,18-Aug-2026,16454,INE101I01011
AFFLE,EQ,1715,1717,1692.8,1711.3,1710.8,1703.9,124757,213069875.20,18-Aug-2026,13154,INE00WC01027
AFFORDABLE,BE,172.5,172.5,164.16,164.16,164.16,172.8,52609,8663597.12,18-Aug-2026,657,INE692Z01013
1150AFIL29,N0,9801.33,9820,9750,9755,9755,9800.4,65,634910.95,18-Aug-2026,11,INE916Y07073
AGARWALFT,SM,36.8,36.8,36.8,36.8,36.8,35.95,3000,110400.00,18-Aug-2026,2,INE0MLA01012
AGARIND,EQ,496.55,502.4,493.3,501.1,500.45,499.6,19464,9675676.75,18-Aug-2026,1206,INE204E01012
AGARWALTUF,SM,144.8,144.8,143,143.5,144,144.35,16800,2412480.00,18-Aug-2026,7,INE0P8X01016
AGI,EQ,710.55,720,707,711.7,710.8,716.5,42716,30377501.55,18-Aug-2026,2597,INE415A01038
AGIIL,EQ,299,299.95,291.15,292.85,294.4,301.5,400576,118499390.25,18-Aug-2026,6349,INE976R01033
AGNI,SM,16.45,16.45,15.15,15.25,15.2,15.9,27500,422875.00,18-Aug-2026,10,INE0LF301013
AGRITECH,EQ,103.5,103.5,100.99,101.84,102.4,103.49,3463,354316.04,18-Aug-2026,137,INE449G01018
AGROPHOS,EQ,27.35,27.35,26,26.07,26.05,26.39,30499,799857.39,18-Aug-2026,214,INE740V01019
AGSTRA,BZ,2,2.07,2,2.02,2.01,2.02,105301,212917.11,18-Aug-2026,276,INE583L01014
AHLADA,EQ,37.4,37.99,36,36.43,36.8,37,7675,284086.99,18-Aug-2026,214,INE00PV01013
AHLUCONT,EQ,776,782.4,702.5,707.7,710,793.85,545925,395829503.70,18-Aug-2026,34981,INE758C01029
AIAENG,EQ,4383.6,4479,4326.1,4447.6,4443,4383.6,52134,229209596.40,18-Aug-2026,10576,INE212H01026
AIMTRON,SM,1644.5,1780,1642.35,1742.6,1747,1662.7,54600,94751780.00,18-Aug-2026,246,INE0RUV01018
GOLDTECH,BE,48.5,48.7,46.67,47.12,47.4,48.04,30510,1453919.16,18-Aug-2026,214,INE805A01014
AIRAN,EQ,15.21,15.23,15.04,15.12,15.05,15.23,33026,499508.63,18-Aug-2026,235,INE645W01026
AIROLAM,EQ,89.99,91.25,87.18,87.91,87.29,87.42,15448,1382301.53,18-Aug-2026,89,INE801L01010
AJANTPHARM,EQ,3736,3796,3694,3706.4,3710,3718.2,145440,544348874.90,18-Aug-2026,20225,INE031B01049
AJAXENGG,EQ,565,570,552,558.4,556.65,567.25,53577,29892580.85,18-Aug-2026,4992,INE274Y01021
AJMERA,EQ,117.1,120.8,116,116.58,116.4,118.7,208462,24568872.66,18-Aug-2026,2819,INE298G01035
AJOONI,EQ,3.65,3.85,3.65,3.82,3.8,3.81,264805,991548.98,18-Aug-2026,448,INE820Y01021
AKANKSHA,SM,124,127.45,119.3,119.65,119.3,123.7,18000,2230000.00,18-Aug-2026,16,INE0PCY01014
AKASH,EQ,25,25.77,24.71,25.08,25,25.43,377,9477.19,18-Aug-2026,32,INE737W01013
AKG,EQ,9.15,9.3,8.81,8.99,8.85,8.98,44658,401704.71,18-Aug-2026,137,INE00Y801016
AKI,EQ,4.13,4.38,4.05,4.19,4.26,4.13,241941,1019807.77,18-Aug-2026,462,INE642Z01026
AKIKO,SM,369,382.45,362,378.7,382.45,361.85,47200,17536560.00,18-Aug-2026,59,INE0PMR01017
AFIL,EQ,9.2,9.5,9.2,9.36,9.36,9.4,361615,3381123.89,18-Aug-2026,382,INE916Y01027
AKSHOPTFBR,BE,7.32,7.32,7.32,7.32,7.32,6.98,173111,1267172.52,18-Aug-2026,107,INE523B01011
AKSHAR,EQ,0.41,0.42,0.41,0.41,0.41,0.41,475644,196650.33,18-Aug-2026,192,INE256Z01025
AKSHARCHEM,BE,302.9,305,293,301.07,301,303.07,5107,1527716.12,18-Aug-2026,87,INE542B01011
AKUMS,EQ,753.85,766.85,740.9,744.15,745.25,744,263636,198031890.75,18-Aug-2026,18374,INE09XN01023
ALANKIT,EQ,8.1,8.4,8.1,8.13,8.14,8.17,120928,992677.52,18-Aug-2026,420,INE914E01040
ALBERTDAVD,EQ,805,839,791.2,833.05,831.05,806.1,17562,14409560.15,18-Aug-2026,1250,INE155C01010
ALCODIS,SM,63.5,63.5,63.5,63.5,63.5,63.5,1250,79375.00,18-Aug-2026,2,INE448V01019
ALEMBICLTD,EQ,90.31,90.4,87.8,89.87,89.6,90.15,276330,24661549.39,18-Aug-2026,3134,INE426A01027
APLLTD,EQ,820,838,820,824.55,826.5,822.45,51271,42548774.80,18-Aug-2026,7691,INE901L01018
ALFREDHE,EQ,3151,3151,2980,2985.6,2985,3151.2,22,66139.80,18-Aug-2026,10,INE782D01027
ALGOQUANT,EQ,66.2,67.49,65.26,66.27,66.05,66.29,1039258,68446175.80,18-Aug-2026,1352,INE598D01035
ALICON,EQ,729.7,764,718.05,756.95,755,726.1,171517,128473742.45,18-Aug-2026,11004,INE062D01024
ALIVUS,EQ,1392.2,1413,1373.2,1398.7,1400,1394.4,141640,197586183.20,18-Aug-2026,20389,INE03Q201024
ALKALI,BE,67.71,69.79,65.6,67.22,68.38,67.71,2884,194258.85,18-Aug-2026,32,INE773I01017
ALKEM,EQ,5374,5510,5374,5475,5475,5374,127028,695048129.00,18-Aug-2026,19675,INE540L01014
ALKYLAMINE,EQ,1920.1,1928.8,1885.1,1894.6,1901.4,1920.1,33643,63991414.80,18-Aug-2026,6676,INE150B01039
ALLETEC,ST,128,130,126.05,127.55,127,132.65,36400,4645100.00,18-Aug-2026,73,INE0M2X01012
ALLTIME,EQ,210.98,216.43,208,213.99,215,213.14,217555,46530126.14,18-Aug-2026,3129,INE0GV601021
AGL,EQ,14,14.01,13.03,13.25,13.31,14.01,3444947,46470480.47,18-Aug-2026,7750,INE1YPB01014
ALLCARGO,EQ,10.05,10.12,9.85,9.97,9.9,10.06,11044531,110126526.81,18-Aug-2026,9178,INE418H01029
ATL,EQ,23.91,24.48,23.36,23.68,23.61,23.91,246036,5848268.36,18-Aug-2026,1962,INE0NN701020
ALLDIGI,EQ,809.25,817.3,801,814.75,810.05,809.25,8265,6702729.85,18-Aug-2026,803,INE835G01018
ABDL,EQ,612.95,617.9,607.8,612.6,613,610.65,266137,163123528.25,18-Aug-2026,10013,INE552Z01027
ADSL,EQ,111.2,112.48,110,110.38,110.88,111.06,82917,9187023.54,18-Aug-2026,1633,INE102I01027
ALMONDZ,EQ,14.22,14.4,14.01,14.08,14.05,14.2,17474,247642.58,18-Aug-2026,122,INE326B01035
ALOKINDS,EQ,11.53,11.57,11.42,11.48,11.47,11.53,2920830,33542481.19,18-Aug-2026,4660,INE270A01029
ALPA,EQ,65.2,65.2,62.24,62.56,63.3,63.72,8310,523358.73,18-Aug-2026,195,INE385I01010
ALPEXSOLAR,SM,788.95,900,781.15,871.35,873,772.95,270500,229671095.00,18-Aug-2026,1744,INE0R4701017
ALPHAGEO,EQ,344,368,329,352.26,348,338.36,199945,70393114.30,18-Aug-2026,6240,INE137C01018
ALPINETEX,EQ,56.55,63.56,56.55,60.46,60.57,57.14,561798,34001547.88,18-Aug-2026,7797,INE1JCQ01037
ALUFLUOR,EQ,442,455,438.05,440.3,443,434.05,5718,2547157.90,18-Aug-2026,397,INE058F01019
ALUWIND,SM,48.3,48.5,48.2,48.4,48.2,48.9,7500,362475.00,18-Aug-2026,5,INE0STM01017
AMAGI,EQ,580,592.2,566.4,579.15,576.55,581,1013729,587436777.10,18-Aug-2026,23989,INE121R01077
AMAL,EQ,751.25,770,730.3,740.45,743.7,751.25,2234,1659915.20,18-Aug-2026,155,INE841D01013
AMANTA,BE,162.3,172.33,159.5,172.29,172.33,164.13,307363,52258275.50,18-Aug-2026,971,INE084K01015
ARE&M,EQ,945.7,952.8,929.1,935.8,938.05,945.7,415621,389119810.80,18-Aug-2026,21470,INE885A01032
AMARJOTHI,EQ,162.3,162.3,157.05,157.57,160,162,2196,351673.55,18-Aug-2026,35,INE484D01012
AMBAAUTO,SM,106,106,102,106,106,105.45,21000,2210050.00,18-Aug-2026,16,INE293601014
AMBALALSA,EQ,45.93,49.5,45.75,47.61,47.87,45.7,549703,26565940.67,18-Aug-2026,3368,INE432A01017
AMBANIORGO,SM,115,115,115,115,115,115,1000,115000.00,18-Aug-2026,1,INE00C501018
AMBER,EQ,7265,7408,7252,7350,7350,7259,578175,4231723825.50,18-Aug-2026,33962,INE371P01015
AMBICAAGAR,EQ,23.81,24.73,23.81,24.29,24,23.78,6006,146553.96,18-Aug-2026,65,INE792B01012
AMBIKCO,EQ,1603,1622.9,1593.2,1610.7,1608,1615.9,5742,9242778.20,18-Aug-2026,742,INE540G01014
AMBUJACEM,EQ,414,416.9,409.9,412.4,412.4,415.25,2377631,980910348.30,18-Aug-2026,24941,INE079A01024
AMDIND,EQ,51.41,54.99,51.41,53.35,53.01,51.41,37894,2042610.64,18-Aug-2026,607,INE005I01014
AMNPLST,EQ,185.35,188.85,184.75,185.83,185.1,185.55,3663,680992.67,18-Aug-2026,215,INE275D01022
AEROPLANE,EQ,181.9,187,173.72,181.19,180.1,182.85,699230,127313188.27,18-Aug-2026,3584,INE05TO01019
AMJLAND,EQ,39.39,39.4,38.07,38.73,38.13,38.62,1419,54835.97,18-Aug-2026,89,INE606A01024
AMRUTANJAN,EQ,491.1,500.8,487.25,488.25,488.5,491.85,61907,30620030.35,18-Aug-2026,2446,INE098F01031
ARSSBL,EQ,511,517,505.5,512,507.1,509.2,165394,84405756.50,18-Aug-2026,4425,INE549H01021
ANANDRATHI,EQ,2174,2199,2172.7,2194.8,2196,2176,132277,289667945.50,18-Aug-2026,13601,INE463V01026
ANANTRAJ,EQ,623,633,621.95,627.05,626.9,627.55,1119254,703148790.55,18-Aug-2026,23068,INE242C01024
ANANTAM,IV,105.64,105.64,104.75,105.21,105.44,104.98,185893,19520410.12,18-Aug-2026,131,INE1UA823019
ANAWIL,ST,419.9,444.6,407,444.15,435,423.45,273200,118619800.00,18-Aug-2026,432,INE1J5V01013
AMCL,SM,386,386,386,386,386,379.9,800,308800.00,18-Aug-2026,1,INE0VG001016
ACL,EQ,45.16,46.85,45.16,46.37,46.3,45.94,4303,198524.19,18-Aug-2026,89,INE666E01020
ANDHRAPAP,EQ,59.96,62.1,59.76,61.93,61.5,59.96,252494,15521060.31,18-Aug-2026,1998,INE435A01051
ANDHRSUGAR,EQ,102.59,103.96,99.52,100.46,100.17,101.98,730940,74508690.08,18-Aug-2026,7389,INE715B01021
ANDREWYU,EQ,27.28,27.28,25.35,25.98,25.86,26.23,36629,956712.52,18-Aug-2026,450,INE449C01025
ANGELONE,EQ,293.4,293.4,281.6,291.75,291.75,293.5,7260733,2090896575.50,18-Aug-2026,55990,INE732I01021
ANIKINDS,EQ,44.04,44.04,41,43.07,43.65,42.76,11453,487872.59,18-Aug-2026,230,INE087B01017
APCL,EQ,106.87,107.95,103.1,106.23,103.1,106.87,4528,480306.45,18-Aug-2026,215,INE071F01012
ANKITMETAL,BZ,1.53,1.57,1.5,1.51,1.51,1.53,32035,49343.67,18-Aug-2026,46,INE106I01010
AHCL,EQ,14.5,14.72,14.35,14.63,14.53,14.51,1995227,29099869.45,18-Aug-2026,3689,INE0Y8W01025
ANLON,SM,676.35,676.35,669.9,669.9,669.9,676.35,2800,1890060.00,18-Aug-2026,5,INE0LR101013
ANMOL,EQ,10.02,10.24,10.01,10.17,10.24,10.02,24876,252225.33,18-Aug-2026,150,INE02AR01019
ANNAPURNA,EQ,165.4,165.4,155.35,157.6,155.6,163,63430,10120262.10,18-Aug-2026,1276,INE0MGM01017
ANONDITA,SM,1082,1089.95,1064.05,1074.6,1074,1086.65,5400,5817640.00,18-Aug-2026,25,INE0VTV01012
ANSALBU,EQ,76,76,73,73,73,72.8,145,10695.64,18-Aug-2026,8,INE030C01015
ANSALAPI,BZ,3.34,3.45,3.33,3.39,3.33,3.39,34059,114988.16,18-Aug-2026,54,INE436A01026
ANTGRAPHIC,EQ,0.74,0.75,0.72,0.73,0.74,0.74,163088,119976.53,18-Aug-2026,161,INE414B01021
ANTELOPUS,EQ,813.9,866.85,802.5,856.55,862.5,800.9,386388,326320720.20,18-Aug-2026,17089,INE818A01017
ANTHEM,EQ,899,899,883.85,891.05,892,898,477452,425186702.05,18-Aug-2026,22300,INE0CZ201020
AWHCL,EQ,385.9,388.85,377,378.4,378,385.9,97976,37123716.50,18-Aug-2026,5154,INE01BK01022
ANUHPHR,EQ,75.72,76.83,75.5,75.8,76,75.72,39872,3028407.26,18-Aug-2026,829,INE489G01022
ANURAS,EQ,1197.5,1219,1196,1210.5,1215,1196.9,500190,603124489.40,18-Aug-2026,6498,INE930P01018
ANZEN,IV,130,132.9,130,132.9,132.9,132.4,150000,19807500.00,18-Aug-2026,6,INE0MIZ23019
AONEGOLD,EQ,14.25,14.3,14.22,14.28,14.28,14.25,172094,2456531.10,18-Aug-2026,1138,INF1J2R01114
AONELIQUID,EQ,1073.07,1073.07,1073.05,1073.05,1073.05,1072.91,10870,11664184.71,18-Aug-2026,103,INF1J2R01056
AONENIFTY,EQ,10.18,10.18,10,10.01,10.02,10.05,154170,1544548.57,18-Aug-2026,1103,INF1J2R01064
AONESILVER,EQ,9.15,9.15,8.84,8.85,8.85,8.93,424906,3767623.99,18-Aug-2026,1204,INF1J2R01171
AONETMMQ50,EQ,10.49,10.49,10.38,10.43,10.42,10.44,39185,408397.23,18-Aug-2026,221,INF1J2R01148
AONETOTAL,EQ,12.04,12.15,11.8,12,12.02,12.04,113322,1361473.72,18-Aug-2026,1093,INF1J2R01015
APARINDS,EQ,16650,17295,16199,17214,17250,16524,338500,5697248316.00,18-Aug-2026,73303,INE372A01015
APCOTEXIND,EQ,605.45,634.5,605.45,632.55,633.75,605.45,404224,251976379.70,18-Aug-2026,13928,INE116A01032
APEXECO,ST,276.05,286.95,276.05,285,281.15,290.2,13600,3822720.00,18-Aug-2026,11,INE0T4V01015
APEX,EQ,424,427.8,395.4,398.5,399,422.55,944431,388194557.70,18-Aug-2026,24059,INE346W01013
APLAPOLLO,EQ,2082,2122,2075.1,2115,2115,2081.3,418384,880377394.00,18-Aug-2026,22987,INE702C01027
930APMD35,N0,107199,107199,106999,107000,107000,106999,9,963198.00,18-Aug-2026,6,INE0TLC07036
APOLLOHOSP,EQ,8825.5,8907,8786.5,8817,8817,8825.5,474997,4199784214.50,18-Aug-2026,53645,INE437A01024
APOLLO,EQ,387.5,390.5,384,387.85,389,387.05,2866177,1107449314.65,18-Aug-2026,31736,INE713T01028
APOLLOPIPE,EQ,545.3,560,544.95,551.3,555,545.3,368105,203483807.15,18-Aug-2026,11026,INE126J01016
APOLSINHOT,EQ,1201,1223.3,1153.5,1190,1185,1205.8,1071,1279132.00,18-Aug-2026,110,INE451F01024
APOLLOTYRE,EQ,435.5,438.95,434.25,436,435.55,436.7,236230,103193779.90,18-Aug-2026,10063,INE438A01022
APRAMEYA,SM,130.5,131,114.25,118.6,118.6,130.7,24000,2987450.00,18-Aug-2026,42,INE0LQG01010
APSISAERO,ST,509.4,509.75,509.4,509.75,509.75,499.8,4800,2445960.00,18-Aug-2026,4,INE1OOJ01011
APTECHT,BE,95,95.89,93.53,94.48,94.07,94.78,24960,2363003.24,18-Aug-2026,335,INE266F01018
APTUS,EQ,256.6,261.7,255.2,257,256.3,255.2,706252,182121388.55,18-Aug-2026,45169,INE852O01025
AQYLON,EQ,21.5,22.87,20.87,22.86,22.87,21.79,3402192,77020920.09,18-Aug-2026,4356,INE416A01051
ARABIAN,SM,86,86,86,86,86,86.55,2000,172000.00,18-Aug-2026,1,INE08NJ01024
ARCIIL,SM,38.2,38.2,38.2,38.2,38.2,38.2,1000,38200.00,18-Aug-2026,1,INE0YDV01010
ACI,EQ,517.35,517.35,508.55,512.9,514.95,515.35,82390,42238950.30,18-Aug-2026,6748,INE128X01021
ADL,EQ,69,73,68.99,69.07,69,68.65,365,25245.40,18-Aug-2026,15,INE0CHO01012
ARCHIDPLY,EQ,97.89,97.89,93.8,95.32,96.25,95.91,14039,1333586.87,18-Aug-2026,219,INE877I01016
ARCHIES,EQ,13.26,13.56,13.26,13.52,13.55,13.49,10691,143962.01,18-Aug-2026,69,INE731A01020
ARCL,EQ,236.4,236.4,224.58,233.75,233.75,236.4,667,154120.58,18-Aug-2026,20,INE372M01010
ARDEE,EQ,62.15,64.86,60.61,63.89,63.97,62.34,12405716,779323755.14,18-Aug-2026,45705,INE0XNF01022
ARFIN,EQ,83,83.45,82,82.5,82.4,83.69,982288,81429928.86,18-Aug-2026,1858,INE784R01023
ARHAM,SM,183,187,180,185.05,187,185.85,78000,14325200.00,18-Aug-2026,46,INE0L2Y01011
ARIES,EQ,429.3,450,421,442.7,447.4,434.65,173328,76397326.90,18-Aug-2026,6420,INE298I01015
ARIHANTCAP,EQ,73.47,74.8,73.1,73.77,73.41,73.47,104567,7693921.04,18-Aug-2026,898,INE420B01036
ARIHANT,EQ,1030,1046.8,975.2,1021.5,1029.9,1031.6,3544,3594430.70,18-Aug-2026,550,INE413D01011
ARIHANTSUP,EQ,259.05,259.2,248.3,251.45,255.5,257.6,7697,1957682.50,18-Aug-2026,307,INE643K01018
ARIS,EQ,136,136.5,134.32,135.97,135.6,136.25,390567,52986881.04,18-Aug-2026,3602,INE0H9P01028
ARKADE,EQ,130.94,131.97,129.24,130.02,129.84,129.99,191083,24867643.55,18-Aug-2026,2003,INE0QRL01017
ARMANFIN,EQ,1976.8,1978,1932,1936.8,1943.5,1962.9,33991,66151801.50,18-Aug-2026,3467,INE109C01017
ARMOUR,ST,18.45,18.45,18.45,18.45,18.45,18.5,4000,73800.00,18-Aug-2026,2,INE0TZX01019
AROGRANITE,EQ,24.75,24.95,24.21,24.68,24.9,24.57,3848,95038.35,18-Aug-2026,61,INE210C01013
ARROWGREEN,BE,730.25,730.25,730.25,730.25,730.25,768.65,8357,6102699.25,18-Aug-2026,372,INE570D01018
ARSHIYA,BZ,0.94,0.96,0.9,0.92,0.92,0.93,99163,91047.03,18-Aug-2026,76,INE968D01022
ARTNIRMAN,EQ,42.44,43.68,41,43.02,42.53,42.23,1154,49352.49,18-Aug-2026,29,INE738V01013
AEPL,EQ,14.8,15.41,14.63,14.9,15.15,14.93,20978,310909.38,18-Aug-2026,169,INE757T01025
ARTEMISMED,EQ,314.4,315.4,309.4,312.15,311,314.4,224408,70008105.95,18-Aug-2026,5227,INE025R01021
ARUNAYA,SM,14.5,14.85,14.5,14.85,14.85,14.55,4000,58700.00,18-Aug-2026,2,INE0TTG01017
ARVEE,EQ,165.55,171.89,165.55,170.55,170.54,165.55,962,163823.90,18-Aug-2026,53,INE006Z01016
ARVINDFASN,EQ,441,443.6,434,438.05,435.2,444.15,289683,127150780.15,18-Aug-2026,23186,INE955V01021
ARVIND,EQ,554.45,555.2,522.6,526.5,524.15,552.3,928757,495998714.25,18-Aug-2026,32927,INE034A01011
ARVINDPORT,SM,31.5,33.5,30.55,33.5,33.5,31.95,36000,1177500.00,18-Aug-2026,14,INE0P4T01013
ARVSMART,EQ,667.95,676.95,651.1,665.55,663,670.35,84696,56171598.80,18-Aug-2026,4352,INE034S01021
ARYAMAN,EQ,599.9,599.9,570,599.9,599.9,599.9,12,6899.80,18-Aug-2026,3,INE032E01017
ASAHIINDIA,EQ,938,970.85,934.85,962.8,962.7,931.2,736543,704669248.70,18-Aug-2026,33109,INE439A01020
ASAHISONG,BE,348.1,351.5,340,345.2,346.5,357,23392,8078233.45,18-Aug-2026,331,INE228I01012
ASHALOG,SM,61.05,61.05,60.5,60.5,60.5,61.25,11000,667050.00,18-Aug-2026,5,INE0LAA01017
ASHAPURMIN,EQ,615.8,616.4,594,596.3,597.3,612.2,344374,206996690.95,18-Aug-2026,12860,INE348A01023
ASHIANA,EQ,365,367.2,362,365.75,366,365,23957,8756349.15,18-Aug-2026,810,INE365D01021
ASHIKAG,BE,440,440,428.05,432.45,438,444.1,23028,10004423.10,18-Aug-2026,226,INE094B01013
ASHIMASYN,EQ,17.51,17.94,16.95,17.38,17.5,17.51,82670,1433850.08,18-Aug-2026,333,INE440A01010
ASHOKLEY,EQ,177,177.59,174.5,176.35,176.35,177.1,14208948,2504652375.12,18-Aug-2026,56877,INE208A01029
ASHOKA,EQ,113,113,111.5,111.83,111.7,113.27,355486,39884409.34,18-Aug-2026,3668,INE442H01029
ASHOKAMET,EQ,13.63,13.7,13.37,13.4,13.37,13.77,10576,143205.60,18-Aug-2026,106,INE760Y01011
ASHWINI,SM,190.05,190.8,190,190.8,190.8,190.5,4000,760850.00,18-Aug-2026,4,INE1A6Q01010
ASIANENE,EQ,426.9,465.1,419.8,463.05,460.4,425.25,3647876,1649903943.80,18-Aug-2026,84007,INE276G01015
ASIANTILES,EQ,47.97,47.97,45.5,45.81,45.6,47.97,9346225,433290223.02,18-Aug-2026,15247,INE022I01019
AHLEAST,EQ,140.95,144,139.05,139.54,139.05,140.95,1675,236780.55,18-Aug-2026,59,INE926K01017
ASIANHOTNR,EQ,296.95,303.5,296.3,302,297.05,300,5841,1752838.15,18-Aug-2026,737,INE363A01022
AHLWEST,BE,535.8,571.05,535.8,536,536,563.95,460,252028.80,18-Aug-2026,19,INE915K01010
ASIANPAINT,EQ,2663.1,2670.1,2610.1,2628.4,2628.4,2687.5,1017022,2683041988.30,18-Aug-2026,54425,INE021A01026
ASTAR,EQ,619.5,619.5,590.3,590.6,590.3,585.05,268,160158.40,18-Aug-2026,152,INE194D01017
ASIANTNE,EQ,9.5,9.69,9.11,9.46,9.11,9.73,3285,31151.96,18-Aug-2026,48,INE822B01017
ASKAUTOLTD,EQ,651,654.95,633,638.25,643,649.2,260634,167664188.05,18-Aug-2026,12496,INE491J01022
ASPINWALL,EQ,236.24,239,232.22,234.93,234,236.24,734,173148.73,18-Aug-2026,44,INE991I01015
ASPIRE,SM,14.25,14.25,13.65,13.7,13.7,14.35,122000,1707700.00,18-Aug-2026,11,INE0S7801010
ASSAMENT,EQ,807.5,807.5,807.5,807.5,807.5,850,7,5652.50,18-Aug-2026,4,INE165G01010
ASALCBR,EQ,731.5,731.5,719,721.9,720,733.25,24739,17934216.25,18-Aug-2026,1708,INE073G01016
ASTEC,EQ,580.8,606.05,564.3,585.55,586.4,580.8,61911,36645385.95,18-Aug-2026,4237,INE563J01010
ASTERDM,EQ,824.7,828.8,815.95,818,820,819.75,605701,496422355.70,18-Aug-2026,26787,INE914M01019
ASTRAMICRO,EQ,1707,1800,1706.5,1767.4,1782,1707.1,312448,547682149.20,18-Aug-2026,18844,INE386C01029
ASTRAL,EQ,1538.4,1545,1517.1,1520,1520,1538.3,176344,268902428.10,18-Aug-2026,13612,INE006I01046
ASTRAZEN,EQ,7640.5,7759.5,7595,7645,7621,7640.5,7588,58127099.50,18-Aug-2026,2250,INE203A01020
ASTRON,BZ,3.36,3.39,3.32,3.34,3.34,3.38,8350,28032.69,18-Aug-2026,46,INE646X01014
ATALREAL,EQ,36.1,36.33,31.42,33.93,34,35.85,20814653,719878838.87,18-Aug-2026,22420,INE0ALR01029
ATAM,EQ,60.06,61.89,57.57,59.75,61,60.67,6078,362868.89,18-Aug-2026,231,INE09KD01013
ATCENERGY,ST,23.55,23.55,23.55,23.55,23.55,24,1200,28260.00,18-Aug-2026,1,INE0V0Q01019
ATHERENERG,EQ,1484.7,1504,1455,1465.8,1468,1485.2,2760706,4072524443.10,18-Aug-2026,135850,INE0LEZ01016
ATLPP,E1,8.5,8.51,8,8.48,8.48,8.67,10042,82777.42,18-Aug-2026,34,IN90NN701011
ATLANTAELE,EQ,1828.9,1849.8,1759,1774.4,1770.7,1788.2,224377,403920642.00,18-Aug-2026,25746,INE0Z4F01028
ATLANTAA,EQ,39.51,40.7,37.71,38.68,38.99,39.64,49094,1906887.15,18-Aug-2026,722,INE285H01022
ATLASCYCLE,EQ,97.6,98,96.01,97.19,96.6,97.61,916,88618.88,18-Aug-2026,68,INE446A01025
ATMASTCO,SM,151,151,141,145.55,145.95,147,16000,2310760.00,18-Aug-2026,38,INE05DH01017
ATULAUTO,EQ,494.25,501.05,491,493.3,496,498,74007,36585766.80,18-Aug-2026,2795,INE951D01028
ATUL,EQ,6769.5,6770.5,6585,6608.5,6618,6721,23328,155065502.00,18-Aug-2026,5899,INE100A01010
AUBANK,EQ,1071,1079.6,1064.5,1075.7,1075.7,1072.2,450491,483795705.80,18-Aug-2026,16787,INE949L01017
AURIONPRO,EQ,726.4,727.6,711,712.55,712,722.75,136690,98036950.05,18-Aug-2026,7255,INE132H01018
AUROIMPEX,SM,25.05,25.1,25.05,25.1,25.1,26.1,3200,80240.00,18-Aug-2026,2,INE0NUL01018
AUROPHARMA,EQ,1631,1645.9,1626.3,1645,1645,1627.2,573961,940206513.10,18-Aug-2026,32887,INE406A01037
AURUM,EQ,230.08,230.09,222.8,226.64,228,229.12,77941,17577840.28,18-Aug-2026,2083,INE898S01029
AURUS,EQ,4.71,4.8,4.5,4.72,4.73,4.71,13470,63212.78,18-Aug-2026,246,INE142K01011
AUSOMENT,EQ,145,147,141,146.47,146.99,144.39,3851,561169.31,18-Aug-2026,91,INE218C01016
AUSTENG,EQ,122.87,126.75,110,114.3,114.3,122.87,776,91859.46,18-Aug-2026,55,INE759F01012
APS,SM,237.5,238,228,233.75,235,237.5,30000,7004262.50,18-Aug-2026,86,INE0P0001010
AIIL,EQ,552.5,561,550,553.25,551.5,551.5,107054,59310430.30,18-Aug-2026,8055,INE206F01022
AUTOIND,BE,88.7,88.7,88.7,88.7,88.7,93.36,33892,3006220.40,18-Aug-2026,146,INE718H01014
ACGL,EQ,1784.3,1814.9,1715.5,1755,1755.9,1766.7,628,1107957.40,18-Aug-2026,140,INE451C01013
AUTOAXLES,EQ,1784,1817.7,1758.2,1789,1776.5,1787,8851,15920619.10,18-Aug-2026,1092,INE449A01011
ASAL,EQ,505.95,514.5,496.95,499.55,498,505.95,15737,7917561.20,18-Aug-2026,1073,INE900C01027
AVADHSUGAR,EQ,738,740.05,701.55,711.3,708.2,725.25,287536,207995182.80,18-Aug-2026,9747,INE349W01017
AVALON,EQ,2059.4,2258,2055.9,2197.3,2235,2059.4,1136151,2431451445.20,18-Aug-2026,81089,INE0LCL01028
AVANA,ST,137.55,137.55,137.2,137.4,137.2,144,10000,1374200.00,18-Aug-2026,5,INE1KU201016
AVANCE,EQ,0.9,0.94,0.9,0.9,0.91,0.9,4124773,3786097.91,18-Aug-2026,1181,INE758A01072
AVANTEL,EQ,156.9,163.8,156.63,162.27,162.59,157.51,1319374,213103903.29,18-Aug-2026,14311,INE005B01027
AVANTIFEED,EQ,879.95,883.5,862.1,866.15,864.4,875.6,188859,164787183.75,18-Aug-2026,11286,INE871C01038
AVATAR,ST,239,248.7,239,248.7,248.7,237,14000,3367400.00,18-Aug-2026,3,INE617I01024
DMART,EQ,3989.6,4019.1,3946.7,3981,3981,3995,339330,1354220187.90,18-Aug-2026,24428,INE192R01011
CCAVENUE,EQ,15.19,15.21,15.04,15.08,15.06,15.21,6119978,92310667.07,18-Aug-2026,10662,INE483S01020
AVG,BE,199.02,203.97,197,198.42,201.95,199.02,5239,1043784.92,18-Aug-2026,96,INE680Z01018
AVIANSH,SM,105.5,106,105,106,106,105,4000,422000.00,18-Aug-2026,4,INE0TFB01017
AVIENCE,SM,238,244.55,238,238,238,237,10800,2589420.00,18-Aug-2026,15,INE0V9I01017
ASMS,BE,6.96,7.16,6.93,7.04,7.05,6.96,146100,1024068.14,18-Aug-2026,283,INE855F01042
AVONMORE,EQ,13.49,13.64,13,13.18,13.3,13.01,404631,5403798.93,18-Aug-2026,900,INE323B01024
AVPINFRA,SM,59,59.95,57.85,58.5,59,60.3,35200,2068120.00,18-Aug-2026,36,INE0R9401019
AVROIND,EQ,8.7,8.99,8.41,8.8,8.93,8.5,443107,3879544.04,18-Aug-2026,909,INE652Z01025
AVTNPL,EQ,87,92.45,87,87.45,88,88.1,1325259,119415509.95,18-Aug-2026,13232,INE488D01021
AWFIS,EQ,268,268.95,265,265.6,265.5,268.95,101104,26975266.30,18-Aug-2026,3594,INE108V01019
AWL,EQ,193.9,193.9,189.26,190.04,189.96,193.34,1028865,196747106.24,18-Aug-2026,18445,INE699H01024
AXISBANK,EQ,1223.9,1250.5,1223.4,1243,1243,1227.3,5064697,6282300461.70,18-Aug-2026,75431,INE238A01034
BNKETFAXIS,EQ,593.4,593.48,590.21,592.79,592.79,596.67,439,260132.10,18-Aug-2026,30,INF846K01X63
CONSUMAXIS,EQ,124.49,124.49,123.54,123.8,123.8,124.73,879,109102.39,18-Aug-2026,18,INF846K016C7
GOLDAXIS,EQ,127.41,127.66,127.11,127.38,127.3,127.41,1061987,135313811.44,18-Aug-2026,2665,INF846K01W80
HEALTHAXIS,EQ,167.93,168.46,167.31,167.34,167.91,167.93,4609,773072.61,18-Aug-2026,69,INF846K01Z12
ITAXIS,EQ,340,340,332.48,333.91,335,341.65,5403,1805609.11,18-Aug-2026,160,INF846K01Y96
NIFTYAXIS,EQ,269.85,269.85,268,268.21,268,269.85,3456,927336.90,18-Aug-2026,135,INF846K01W98
SENSEXAXIS,EQ,79.07,81.5,78.83,79.72,79.69,81.1,3511,282521.31,18-Aug-2026,105,INF846K010Q0
SILVERAXIS,EQ,231.94,231.94,229.9,230.25,230.45,232.33,345855,79712692.68,18-Aug-2026,5445,INF846K011K1
VALUEAXIS,EQ,33.15,33.24,32.9,33.1,33.24,32.99,26765,882668.00,18-Aug-2026,260,INF846KA1119
AXISCADES,EQ,1557.1,1630,1555.9,1607.1,1606.8,1553.4,235649,378432759.30,18-Aug-2026,15842,INE555B01013
AXITA,EQ,7.34,7.39,7.25,7.29,7.33,7.25,320267,2347445.05,18-Aug-2026,818,INE02EZ01022
AXTEL,EQ,413.15,419.95,410,415.3,415.85,418,899,371433.55,18-Aug-2026,162,INE767C01012
AYE,EQ,170,172.89,166.55,171.8,171.99,169.77,616285,104097768.97,18-Aug-2026,6009,INE501X01029
AYMSYNTEX,EQ,272.25,277.45,269.05,270.9,273,271.9,26598,7255474.80,18-Aug-2026,1067,INE193B01039
AZAD,EQ,2885,2889,2787.4,2858.9,2874,2899.9,773291,2199285638.50,18-Aug-2026,44698,INE02IJ01035
AZADIND,EQ,96,96,90.05,90.93,91.7,91.48,44603,4095080.78,18-Aug-2026,580,INE566M01017
BNALTD,BE,401.1,401.1,385.3,401,401,382,469,183500.40,18-Aug-2026,8,INE489D01011
BBTCL,EQ,242.99,242.99,235.49,238.82,238.85,233.35,8402,2000895.88,18-Aug-2026,300,INE01EE01011
BAGFILMS,EQ,4.52,4.52,4.4,4.43,4.48,4.46,71607,317582.33,18-Aug-2026,160,INE116D01028
BLKASHYAP,EQ,53.47,53.47,52.1,52.36,52.57,53.73,188183,9874182.69,18-Aug-2026,1177,INE350H01032
STYLEBAAZA,EQ,402.65,402.65,400,402.65,402.65,383.5,4855079,1952276328.10,18-Aug-2026,11026,INE01FR01028
BABAFP,SM,22.5,22.5,21.6,22.1,22.1,22.2,8000,176320.00,18-Aug-2026,5,INE0QW501012
BAFNAPH,BE,247.5,248,247.5,247.5,247.5,252.55,5177,1283015.00,18-Aug-2026,59,INE878I01022
BAGMANE,RR,108.2,108.2,106.15,106.65,106.77,107.45,321382,34271021.33,18-Aug-2026,12078,INE2OVN25015
BAHETI,SM,794,794.9,780,780,780,789,25125,19842825.00,18-Aug-2026,36,INE029Q01017
BAIDFIN,EQ,9.6,9.8,9.46,9.74,9.76,9.6,40417,389617.94,18-Aug-2026,248,INE020D01022
BAJAJ-AUTO,EQ,11700,11768,11581,11607,11607,11663,237816,2776294239.00,18-Aug-2026,29772,INE917I01010
BAJAJCON,EQ,480,495,476.2,484.05,483.4,481.4,690508,334214061.25,18-Aug-2026,23999,INE933K01021
BAJAJELEC,EQ,357,369.7,354.65,355.55,355.85,357.45,329572,118518400.60,18-Aug-2026,10070,INE193E01025
BAJFINANCE,EQ,1088.6,1100,1087.6,1094.3,1094.3,1089.3,3374018,3694043121.60,18-Aug-2026,94399,INE296A01032
BAJAJFINSV,EQ,1998.4,2018.8,1998,2011.2,2011.2,2005,413236,830685054.30,18-Aug-2026,34985,INE918I01026
BAJAJHCARE,EQ,325.65,325.65,320.95,322.25,323,323.05,59116,19097010.15,18-Aug-2026,2089,INE411U01027
BAJAJHIND,EQ,18.05,19.27,17.93,18.6,18.59,17.93,35179356,659492676.23,18-Aug-2026,96830,INE306A01021
BAJAJHLDNG,EQ,11379,11435,11211,11254,11254,11379,21569,243618549.00,18-Aug-2026,4950,INE118A01012
BAJAJHFL,EQ,84.58,84.9,84.07,84.36,84.26,84,1890650,159657137.44,18-Aug-2026,18337,INE377Y01014
BAJAJST,EQ,369.9,369.9,354.4,359.5,358.35,358.3,10924,3918597.70,18-Aug-2026,769,INE704G01024
BAJEL,EQ,186,187.19,182.9,183.22,183,185.87,95319,17578456.24,18-Aug-2026,2287,INE0KQN01018
BALPHARMA,EQ,85,85.95,84.96,85.29,85.5,85,7564,645385.41,18-Aug-2026,367,INE083D01012
BALAMINES,EQ,2137.5,2146.8,2084.8,2103.7,2104,2125.2,71077,150239987.90,18-Aug-2026,9075,INE050E01027
BALAJITELE,EQ,92.2,93.35,91.21,92.79,92.63,92.72,108093,9967215.20,18-Aug-2026,1028,INE794B01026
BALAXI,EQ,24.21,24.25,23.7,23.72,23.7,24.21,27297,654858.06,18-Aug-2026,122,INE618N01022
BALKRISIND,EQ,2400,2413,2372,2376.7,2384.8,2407.2,54929,131044891.20,18-Aug-2026,9088,INE787D01026
BALKRISHNA,EQ,17.31,18,17.27,17.56,17.56,17.45,14136,252520.36,18-Aug-2026,45,INE875R01011
BALMLAWRIE,EQ,174.5,176.4,174,174.72,174.6,174.59,81494,14268536.39,18-Aug-2026,2110,INE164A01016
BLIL,EQ,71.2,71.38,70.72,71.3,71.3,70.59,45096,3209411.48,18-Aug-2026,779,INE525F01025
BALRAMCHIN,EQ,657.7,669.4,650.5,653.25,654.65,655.75,1122218,739985612.10,18-Aug-2026,34788,INE119A01028
BALUFORGE,EQ,512.35,549.7,508,542.55,541.2,513.35,4047514,2176286223.35,18-Aug-2026,76472,INE011E01029
BANARBEADS,EQ,111.75,114.5,111.75,113.4,113.12,111.74,3899,442205.21,18-Aug-2026,178,INE655B01011
BANCOINDIA,EQ,611.95,633.8,611.95,628.55,628.85,611.15,219443,137299948.40,18-Aug-2026,11898,INE213C01025
BANDHANBNK,EQ,173.25,174,170.21,170.5,170.5,173.25,4548748,780240430.29,18-Aug-2026,51999,INE545U01014
GOLDBND,EQ,152.21,153.9,151.81,152.8,152.4,152.83,36440,5565997.48,18-Aug-2026,218,INF194KB1KJ7
IDFNIFTYET,EQ,272,273.9,266,267.14,266,271.61,1658,444585.77,18-Aug-2026,96,INF194KA1U07
SILVERBND,EQ,237.15,237.15,232,232.51,232,234.8,12906,3002009.38,18-Aug-2026,153,INF194KB1KI9
BANG,EQ,28.41,29.74,28.22,28.86,28.99,28.8,12588,361604.87,18-Aug-2026,67,INE863I01016
BANKBARODA,EQ,245.42,247.28,243.9,244,244,246.55,3521816,863344738.46,18-Aug-2026,41775,INE028A01039
BANKINDIA,EQ,143,144.42,142.1,142.1,142.1,143.75,2382166,340396801.00,18-Aug-2026,23620,INE084A01016
MAHABANK,EQ,81.1,82.13,80.21,80.49,80.41,81.1,8400426,680062057.44,18-Aug-2026,37214,INE457A01014
BANKA,EQ,75.25,82.59,74.73,80.59,82.59,78.66,10584,844812.51,18-Aug-2026,101,INE862Y01015
BASML,BE,24.4,25.57,24.15,25.12,24.77,24.38,65514,1637038.36,18-Aug-2026,170,INE186H01022
BANARISUG,EQ,3469.8,3565,3469.8,3543.9,3565,3469.8,1129,3970508.20,18-Aug-2026,118,INE459A01010
BANSALWIRE,EQ,326.75,326.75,317.65,321,321.5,323.75,83094,26630826.25,18-Aug-2026,3819,INE0B9K01025
BANSWRAS,EQ,116.4,118,114.34,116.01,115.65,115.47,20758,2410079.79,18-Aug-2026,677,INE629D01020
BVCL,EQ,40.5,40.88,40.1,40.34,40.2,40.53,15824,638869.70,18-Aug-2026,107,INE139I01011
BARFLEX,SM,60,60,57.25,59.1,60,60,10000,589000.00,18-Aug-2026,5,INE0QX401014
BBNPNBETF,EQ,58.07,58.07,57.65,57.78,57.78,58.07,537,30973.04,18-Aug-2026,14,INF251K01TL6
BBNPPGOLD,EQ,147.8,148.35,147.55,147.65,147.7,147.8,1334,197562.65,18-Aug-2026,50,INF251K01SU9
BASF,EQ,4049.3,4086.1,3968.9,3979.8,3991.6,4041.2,30791,123181926.10,18-Aug-2026,6247,INE373A01013
BASILIC,SM,165,187.85,165,183.1,181,171.45,49800,8940825.00,18-Aug-2026,129,INE0OCC01013
BATAINDIA,EQ,755,758,747.8,753.1,751,758.1,592566,446302878.20,18-Aug-2026,15596,INE176A01028
BATLIBOI,EQ,88.05,88.49,85.41,85.85,85.7,87.85,28615,2476750.89,18-Aug-2026,1280,INE177C01022
BAWEJA,ST,24.5,25,23.3,23.3,23.3,24.5,24000,571760.00,18-Aug-2026,21,INE0JFJ01011
BAYERCROP,EQ,4128,4128,4060,4105.7,4107.7,4099.2,22696,92895723.50,18-Aug-2026,4607,INE462A01022
BCLIND,EQ,36.38,37.25,36.11,36.27,36.12,36.36,569274,20836208.31,18-Aug-2026,3449,INE412G01024
BCPL,EQ,74.5,74.5,69,70.79,70.95,73.35,19626,1379242.00,18-Aug-2026,456,INE00SW01015
BEACON,SM,88.95,88.95,85,86.95,86.95,88,32000,2740400.00,18-Aug-2026,32,INE639X01027
BEARDSELL,EQ,24.41,25.98,24.4,24.6,24.65,24.87,16682,415142.78,18-Aug-2026,172,INE520H01022
BEDMUTHA,EQ,109.9,115.7,109.84,114.72,114.84,109.11,1711,194258.60,18-Aug-2026,44,INE844K01012
BEEKAY,EQ,433.95,433.95,422.05,424.05,424.1,431.15,1239,526830.00,18-Aug-2026,46,INE213D01015
BELLACASA,EQ,226.73,231.5,222.1,223.29,222.7,222.69,23494,5324614.07,18-Aug-2026,1406,INE344T01014
BELRISE,EQ,237,238.7,232.25,236.73,236.8,236.09,5153065,1211947921.77,18-Aug-2026,54790,INE894V01022
BLAL,EQ,170.91,171.48,169.1,170.71,171.48,169.43,13496,2297005.53,18-Aug-2026,250,INE0N7W01012
BEML,EQ,1904,1975,1895.3,1965.5,1961.1,1908.5,723941,1411900040.00,18-Aug-2026,38082,INE258A01024
BENARAS,EQ,10190,10300,10100,10205,10200,10178,50,510122.00,18-Aug-2026,13,INE664D01019
BENGALASM,EQ,6234.5,6333.5,6234.5,6246,6246,6234.5,91,569234.50,18-Aug-2026,23,INE083K01017
BERGEPAINT,EQ,549,549.6,537.3,541.2,537.65,549.35,243429,132368763.65,18-Aug-2026,28067,INE463A01038
BESTAGRO,EQ,19,19.08,18.1,18.47,18.59,18.88,657252,12242750.43,18-Aug-2026,1996,INE052T01021
BETA,EQ,2435,2519.9,2326.2,2355,2380.8,2432.9,51810,124114547.90,18-Aug-2026,7404,INE351Y01019
BEWLTD,SM,51,53,50.5,50.95,51,51.4,11000,564875.00,18-Aug-2026,21,INE0HQI01014
BFINVEST,EQ,462.8,466.95,455.7,460.7,458.15,464.3,21544,9915428.55,18-Aug-2026,1344,INE878K01010
BFUTILITIE,EQ,542.15,552.7,531.2,533.2,532,545.65,26107,14024548.25,18-Aug-2026,1551,INE243D01012
BANK10BETF,EQ,20.97,20.99,20.75,20.79,20.95,20.97,898,18728.70,18-Aug-2026,10,INF0QA701CI0
BANKBETF,EQ,58.72,58.72,58.16,58.39,58.25,58.76,41255,2412165.88,18-Aug-2026,173,INF0QA701714
LIQUIDBETF,EQ,1095.04,1095.06,1095.04,1095.05,1095.06,1094.92,142007,155505047.80,18-Aug-2026,182,INF0QA701854
NIFTYBETF,EQ,250.75,250.75,249,249.58,249,250.75,778,194219.27,18-Aug-2026,69,INF0QA701722
BGRENERGY,BE,251.2,255,239.9,244.15,243,251.2,43964,10733986.00,18-Aug-2026,876,INE661I01014
BHADORA,ST,106,107.1,104,107.1,107.1,102,48000,5107500.00,18-Aug-2026,32,INE0ZRC01017
BHAGERIA,BE,205.5,205.5,201,203.26,203.5,202.08,9489,1927127.15,18-Aug-2026,136,INE354C01027
BHAGCHEM,EQ,284.9,299,284.9,287.35,286,288.75,275498,79863742.05,18-Aug-2026,3654,INE414D01027
BHAGYANGR,EQ,388,401.6,376.05,401.05,401.6,382.5,553306,220071015.45,18-Aug-2026,7149,INE458B01036
BHANDARI,EQ,3.03,3.13,3.02,3.05,3.06,3.03,247615,758642.92,18-Aug-2026,357,INE474E01029
BEPL,EQ,123,124.48,121.2,122.17,121.6,122.89,586505,71818031.46,18-Aug-2026,5871,INE922A01025
BBL,EQ,2309.9,2360,2282.5,2339.8,2336,2298.5,29027,67295394.40,18-Aug-2026,3804,INE464A01036
BHARATCOAL,EQ,33.49,33.79,33.11,33.24,33.23,33.33,3522388,117573384.43,18-Aug-2026,11514,INE05XR01022
BDL,EQ,1380,1401.5,1354.5,1393,1393,1380,2608024,3599508806.20,18-Aug-2026,71638,INE171Z01026
BEL,EQ,412.7,416.35,410.95,412,412,412.45,9120934,3767827906.10,18-Aug-2026,98469,INE263A01024
BHARATFORG,EQ,2089.9,2098.9,2064,2098.9,2098.9,2093,771575,1609906533.60,18-Aug-2026,19570,INE465A01025
BHARATGEAR,BE,102,102.49,101,102,101.97,102.03,7269,738785.90,18-Aug-2026,96,INE561C01019
BPLPHARMA,EQ,1553.9,1553.9,1201.1,1264.8,1252,1307,290,382034.50,18-Aug-2026,69,INE365Y01019
BPCL,EQ,315.3,317.15,310.3,310.3,310.3,316.65,5279469,1660255307.80,18-Aug-2026,39765,INE029A01011
BHARATRAS,EQ,1307,1307,1252.1,1277.8,1275.2,1301,11204,14344148.20,18-Aug-2026,1766,INE838B01021
BRNL,EQ,17.96,17.96,17.29,17.33,17.35,17.45,19355,337045.68,18-Aug-2026,367,INE727S01012
BHARATSE,EQ,240.35,248.7,239.03,240.91,241.49,238.44,309618,75533687.84,18-Aug-2026,8348,INE415D01024
BHARATWIRE,EQ,192.9,194.79,186.4,189.26,189,192.92,129081,24437837.68,18-Aug-2026,4474,INE316L01019
BHARTIARTL,EQ,1956.7,1959.7,1923.2,1934.2,1934.2,1969.3,6710275,13046360028.20,18-Aug-2026,242801,INE397D01024
BHARTIHEXA,EQ,1634,1634,1595,1600.4,1596,1641,104526,168095172.10,18-Aug-2026,13675,INE343G01021
BIL,EQ,860,860,830.1,831.25,830.1,854.9,11046,9214418.70,18-Aug-2026,306,INE828A01016
BHEL,EQ,434,434.15,423.5,425,425,435.95,7418846,3176548240.30,18-Aug-2026,67764,INE257A01026
BTTL,BE,43.06,44.69,43.06,44.36,44.4,43.97,1614,70828.21,18-Aug-2026,23,INE274K01012
BIGBLOC,EQ,45.5,45.5,43.8,44.02,43.81,44.33,37465,1656532.54,18-Aug-2026,530,INE412U01025
BIKAJI,EQ,613,615.8,608,608.65,608.5,613.65,36824,22491279.20,18-Aug-2026,4467,INE00E101023
BIKEWO,ST,110.3,110.3,110.3,110.3,110.3,105.05,58000,6397400.00,18-Aug-2026,25,INE0SQH01013
BILVYAPAR,BE,4.1,4.28,4.1,4.1,4.1,4.09,2294,9601.84,18-Aug-2026,23,INE071A01013
BI,EQ,94,101.38,92.17,101.38,101.38,92.17,523283,52258117.02,18-Aug-2026,3117,INE986A01012
GROWW,EQ,198.11,198.25,190.86,193.81,193.58,198.69,57106951,11052574417.15,18-Aug-2026,179565,INE0HOQ01053
BIMETAL,EQ,613.5,640,613,632.85,638.8,620,108,67219.95,18-Aug-2026,22,INE469A01019
BMLL,SM,149.15,163.05,149.15,154.9,158.25,147,292000,45377150.00,18-Aug-2026,106,INE1BKA01015
BIOCON,EQ,413.5,421.6,412.2,417.5,417.5,412,2691030,1126747743.65,18-Aug-2026,52525,INE376G01013
BIOFILCHEM,EQ,31.73,32.3,31.55,31.64,31.99,31.73,1870,59325.87,18-Aug-2026,54,INE829A01014
BIOPOL,SM,91,99.95,91,99.7,99.9,90.45,84000,8149500.00,18-Aug-2026,49,INE0XW001014
BIRLACABLE,BE,278,293.09,267.05,293.09,293.09,279.14,162560,46501080.05,18-Aug-2026,1795,INE800A01015
BIRLACORPN,EQ,893,904.75,893,895.55,894,901.8,27219,24400742.80,18-Aug-2026,3067,INE340A01012
BIRLAPREC,EQ,37.67,37.67,35.92,36.49,36.68,35.91,10673,388704.92,18-Aug-2026,92,INE372E01025
BIRLANU,EQ,1550,1600,1540,1588.8,1582,1551.8,11753,18487731.70,18-Aug-2026,1915,INE557A01011
ABGSEC,EQ,115.63,115.63,114.64,115.3,115.3,115.07,213,24571.40,18-Aug-2026,11,INF209KC1134
ABSL10BANK,EQ,168.73,169.75,168.48,169.23,169.75,169.69,1546,260928.94,18-Aug-2026,23,INF209KC1670
ABSLBANETF,EQ,59.65,59.65,58.77,59.1,59,59.27,41503,2445937.22,18-Aug-2026,236,INF209KB17D5
ABSLLIQUID,EQ,1000,1000.01,999.99,999.99,1000,1000,1037,1036999.65,18-Aug-2026,12,INF209KB18T9
ABSLMSCIN,EQ,29.7,29.87,29.7,29.76,29.76,29.89,858,25522.14,18-Aug-2026,6,INF209KC1662
ABSLNN50ET,EQ,78.38,78.67,78.31,78.32,78.38,78.38,7571,594245.17,18-Aug-2026,169,INF209KB16D7
BSLSENETFG,EQ,78.41,78.41,77.6,78.06,78.29,78.38,12436,973456.41,18-Aug-2026,63,INF209KB10E8
HEALTHY,EQ,17.19,17.19,16.9,16.95,16.99,16.99,193066,3272016.52,18-Aug-2026,915,INF209KB10C2
MOMENTUM,EQ,31.57,31.59,31.42,31.47,31.52,31.57,18991,598012.51,18-Aug-2026,160,INF209KB14K7
NIFTYQLITY,EQ,21.86,21.86,21.6,21.68,21.71,21.86,22776,492823.87,18-Aug-2026,219,INF209KB15K4
SILVER,EQ,235,235,231,231.48,231.58,233.39,508908,117908475.39,18-Aug-2026,5263,INF209KB19F6
TECH,EQ,33.75,33.78,33.1,33.24,33.78,33.75,31996,1063877.97,18-Aug-2026,377,INF209KB11D8
ABSLPSE,EQ,10.41,10.41,10.13,10.21,10.28,10.28,128769,1322093.55,18-Aug-2026,333,INF209KB19Z4
BSOFT,EQ,310.85,311.2,304.5,305.55,305.95,310.8,565208,173253667.10,18-Aug-2026,14652,INE836A01035
BBOX,EQ,774.1,784.3,753.35,777.4,780,774.1,372305,285453921.20,18-Aug-2026,15854,INE676A01027
BLACKROSE,BE,106.9,109.49,103,108.9,108,105.13,13281,1410420.44,18-Aug-2026,146,INE761G01016
BLACKBUCK,EQ,567.5,591.6,564,588.8,590.5,569.5,602531,351365614.85,18-Aug-2026,27674,INE0UIZ01018
BLBLIMITED,EQ,16,16.4,15.81,16.12,16.34,16.03,102044,1635933.36,18-Aug-2026,151,INE791A01024
BLISSGVS,BE,519,546.5,501.25,546.5,546.5,520.5,957967,518041843.65,18-Aug-2026,5034,INE416D01022
BLSE,EQ,310.95,313.3,310,310.6,310,310.8,119023,37021451.35,18-Aug-2026,2794,INE0NLT01010
BLS,EQ,272.01,277.76,264.82,267.74,268.2,272.56,1545928,418930066.75,18-Aug-2026,23712,INE153T01027
BLUECHIP,EQ,1.87,1.87,1.87,1.87,1.87,1.84,3337,6240.19,18-Aug-2026,18,INE657B01025
BLUECLOUDS,EQ,21.98,23.55,21.5,22.85,23,21.83,4225295,96334274.57,18-Aug-2026,7960,INE373T01047
BLUECOAST,BE,24,24.99,22.82,23.19,24.5,24,4350,101816.70,18-Aug-2026,37,INE472B01011
BLUEDART,EQ,5100,5125,5070,5085.5,5080,5125,6205,31591141.50,18-Aug-2026,1395,INE233B01017
BLUEJET,EQ,589.95,612.95,589.15,607.25,605.2,593.2,1660898,1006818626.80,18-Aug-2026,37077,INE0KBH01020
BLUESTARCO,EQ,1520.5,1535.4,1490,1493,1493,1508.1,576843,866360944.90,18-Aug-2026,27436,INE472A01039
BLUEWATER,ST,409.75,409.75,388.9,389.15,388.9,409.35,17000,6701600.00,18-Aug-2026,17,INE0X3M01010
BLUESTONE,EQ,839,852.4,816,820.4,823,834.65,1645777,1368536278.95,18-Aug-2026,39445,INE304W01038
BLUSPRING,EQ,109,112,107.26,111.21,111.85,109,328749,36004580.65,18-Aug-2026,3177,INE0U4101014
BMWVENTLTD,EQ,57.5,58.34,57,57.25,57.26,57.62,47589,2724542.84,18-Aug-2026,1235,INE965W01036
BNAGROCHEM,EQ,235.3,239,221.15,231.7,222.1,232.75,14186,3277842.90,18-Aug-2026,154,INE00HZ01011
975BNAL28,N0,10072,10072,10072,10072,10072,10128.01,9,90648.00,18-Aug-2026,1,INE00XL07015
BODALCHEM,BE,69.96,69.96,67.06,68.8,69.3,69.41,317748,21619093.81,18-Aug-2026,747,INE338D01028
BTML,EQ,8.95,9.05,8.89,8.93,8.9,8.95,1257251,11239154.31,18-Aug-2026,267,INE0EEJ01023
BOHRAIND,EQ,13.6,15.41,13.6,14.99,15.35,14.01,21453,321779.95,18-Aug-2026,94,INE802W01023
BBTC,EQ,1465,1481.8,1465,1473.2,1466.7,1463.6,25932,38176815.80,18-Aug-2026,4592,INE050A01025
BOMDYEING,EQ,113.9,116.8,113.9,114.83,114.63,113.89,509320,58829871.07,18-Aug-2026,4900,INE032A01023
BMETRICS,SM,34.25,34.25,34.25,34.25,34.25,36.7,800,27400.00,18-Aug-2026,1,INE0I3Y01014
BSHSL,EQ,86.5,89.99,86.5,87.95,87.9,88.65,3585,315073.21,18-Aug-2026,103,INE032Z01020
810IRFC27,N2,1083,1084.68,1078.11,1081.39,1078.11,1082,338,365814.69,18-Aug-2026,9,INE053F07538
830NHAI27,N2,1083.9,1083.9,1083,1083,1083,1084,1661,1799043.00,18-Aug-2026,7,INE906B07CB9
840IRFC29,N8,1250,1250,1250,1250,1250,1095.11,1,1250.00,18-Aug-2026,1,INE053F07660
865IRFC29,NA,1104.05,1105,1103,1104,1104,1114.83,1132,1249074.00,18-Aug-2026,10,INE053F07686
871REC28,N9,1121.24,1121.3,1119.1,1120.08,1119.1,1121.24,1950,2184643.50,18-Aug-2026,21,INE020B07HS2
888IRFC29,NE,1118,1120,1118,1120,1120,1117.25,636,711320.00,18-Aug-2026,9,INE053F07744
888NHB29,N5,5650,5650,5650,5650,5650,5650,3,16950.00,18-Aug-2026,1,INE557F07124
901NHB34,N6,6400,6410,6399,6410,6410,6400,107,684994.00,18-Aug-2026,6,INE557F07132
BONLON,EQ,42.87,43.75,41.15,41.86,41.75,42.02,4314,182365.35,18-Aug-2026,117,INE0B9A01018
BORANA,EQ,320.95,323.55,312.5,315.2,314,321.1,28381,8977182.70,18-Aug-2026,984,INE16SF01016
BOROLTD,EQ,242.02,252.32,239.7,250.34,250.94,244.81,116674,28947019.51,18-Aug-2026,4177,INE02PY01013
BORORENEW,EQ,570.9,576.5,562,563.65,563.5,569.9,271615,153917389.70,18-Aug-2026,6917,INE666D01022
BOROSCI,EQ,132.34,134.09,130,130.46,130.95,132.69,36364,4791874.97,18-Aug-2026,1210,INE02L001032
BOSCH-HCIL,EQ,1695,1742.6,1683.1,1732.1,1732,1700.4,77451,133303564.90,18-Aug-2026,6622,INE782A01015
BOSCHLTD,EQ,47010,48940,46775,48730,48730,46970,93891,4528420125.00,18-Aug-2026,31640,INE323A01026
BOSS,SM,49.6,49.6,49.6,49.6,49.6,47.45,8000,396800.00,18-Aug-2026,2,INE0QNI01012
BPL,EQ,50.15,50.6,49.9,49.95,49.92,50.15,50252,2513907.08,18-Aug-2026,449,INE110A01019
BRACEPORT,SM,75,75,66.5,66.75,67,75,25600,1773120.00,18-Aug-2026,14,INE0R4Z01018
BRAHMINFRA,EQ,178.4,180,167.1,176.78,176.78,170.77,22379,3909137.04,18-Aug-2026,171,INE320I01017
FIRSTCRY,EQ,208.42,214.35,203.82,204.65,204.55,208.41,1516049,314386941.82,18-Aug-2026,22678,INE02RE01045
BCONCEPTS,EQ,158,161.2,156.32,159.8,157.61,157.11,7503,1191822.10,18-Aug-2026,511,INE977Y01011
BRANDMAN,SM,182.5,188.9,180.4,181.6,180.4,182.5,24000,4399320.00,18-Aug-2026,23,INE0XUD01014
BRIGADE,EQ,598.9,600,585,588.9,588,593.7,358457,211941715.60,18-Aug-2026,13735,INE791I01019
BRIGHOTEL,EQ,61.5,61.8,60.35,60.71,60.4,61.07,70205,4293583.72,18-Aug-2026,2465,INE03NU01014
BRIGHTBR,EQ,238,260,231,255.13,251.03,231.6,3986,1000203.44,18-Aug-2026,191,INE630D01010
BCG,EQ,9.67,9.72,9.18,9.29,9.32,9.67,6675094,62715649.67,18-Aug-2026,7514,INE425B01027
BRITANNIA,EQ,5543.5,5561,5490,5495,5495,5521,281420,1555179494.00,18-Aug-2026,17692,INE216A01030
BIRET,RR,346,346.95,341,341.86,341.3,344.52,263225,90416351.98,18-Aug-2026,7368,INE0FDU25010
BROOKS,BE,58.8,61,58.5,58.94,59.9,60.66,22575,1333169.61,18-Aug-2026,134,INE650L01011
BSE,EQ,3298.7,3315.4,3235,3308,3308,3332,5806922,19054467418.60,18-Aug-2026,245847,INE118H01025
BSL,EQ,123.72,124.33,121.7,122.85,123.72,123.72,836,102652.50,18-Aug-2026,47,INE594B01012
BUTTERFLY,EQ,648.4,658.8,648.4,656.4,658.45,655.9,8784,5742494.90,18-Aug-2026,776,INE295F01017
BULKCORP,SM,67,68.25,67,68.2,68.25,65,9600,651420.00,18-Aug-2026,8,INE0SZ301012
BURNPUR,BE,16.54,16.54,16.54,16.54,16.54,17.41,3596,59477.84,18-Aug-2026,97,INE817H01022
CGVAK,EQ,157,157,151.24,151.24,151.24,152,334,51294.20,18-Aug-2026,15,INE084D01010
CKKRETAIL,SM,145,145,145,145,145,145,1600,232000.00,18-Aug-2026,2,INE0SMX01019
CPS,SM,1060,1060,1060,1060,1060,1066.45,750,795000.00,18-Aug-2026,2,INE0QBU01012
MAPMYINDIA,EQ,991.9,1019,985.2,1012.6,1010.7,991.7,188680,190220171.30,18-Aug-2026,16590,INE0BV301023
C2C,SM,242.55,243.95,226.5,229.45,228.8,245.3,301950,69735060.00,18-Aug-2026,1268,INE0U7V01015
CMLL,EQ,515.35,539,506,532.65,528.9,515.35,1043983,545301431.15,18-Aug-2026,17578,INE11XY01018
CALSOFT,EQ,26.2,27.12,26.19,27.12,27.12,25.83,248678,6723779.71,18-Aug-2026,537,INE526B01014
CTE,EQ,42.8,42.8,42.8,42.8,42.8,40.77,12043,515440.40,18-Aug-2026,47,INE627H01017
CAMLINFINE,EQ,113.54,115.59,108.7,109.6,109.5,114.11,1256349,140712769.18,18-Aug-2026,10984,INE052I01032
CAMPUS,EQ,217.93,219.91,216.2,216.63,216.75,217.92,502519,109271552.80,18-Aug-2026,11621,INE278Y01022
CANFINHOME,EQ,814.35,825,810.05,824.15,824.7,814.35,151032,123836886.50,18-Aug-2026,8825,INE477A01020
CANBK,EQ,130,131,129.1,129.1,129.1,131.1,6622726,858656942.47,18-Aug-2026,46065,INE476A01022
CANHLIFE,EQ,148.15,150.49,148.15,149.27,149.59,148.9,248175,37097534.52,18-Aug-2026,8687,INE01TY01017
CRAMC,EQ,253.95,256.9,251,254.4,253.7,253.95,196677,49884298.00,18-Aug-2026,6526,INE218I01013
CANARYS,SM,22,23,21.45,22.75,22.5,21.2,72000,1613200.00,18-Aug-2026,17,INE0QG301017
CANTABIL,EQ,236.3,238,227.07,228.58,230,236.3,150920,34699431.15,18-Aug-2026,4891,INE068L01024
CAPACITE,EQ,210.99,212.39,208.1,209.11,209.25,211.89,178674,37497106.28,18-Aug-2026,2432,INE264T01014
CAPILLARY,EQ,524.4,527.5,509.3,513.45,515,525.55,122967,63553200.95,18-Aug-2026,3733,INE0ILV01024
CIFL,EQ,21.36,21.36,20.8,20.93,20.81,20.94,15869,330900.25,18-Aug-2026,122,INE345H01024
CAPINVIT,IV,77.5,77.5,76.1,76.64,76.66,76.95,397553,30493645.72,18-Aug-2026,7589,INE0Z8Z23013
CAPITALSFB,EQ,280.15,290.9,280.15,287.75,288.95,281.55,18772,5375842.00,18-Aug-2026,834,INE646H01017
CAPTRUST,BE,21.3,21.9,21.06,21.41,21.5,21.37,19632,418805.56,18-Aug-2026,90,INE707C01018
CAPLIPOINT,EQ,2540,2558,2506.1,2529.7,2530,2522,70633,179067979.70,18-Aug-2026,11992,INE475E01026
CGCL,EQ,225.78,229.78,224.28,225.54,224.28,226.24,2703979,612542724.05,18-Aug-2026,26204,INE180C01042
CPL,EQ,68.9,69.97,68,68.36,68,68.46,118794,8166352.28,18-Aug-2026,593,INE536P01021
CARBORUNIV,EQ,1122.7,1148.8,1118.9,1126,1130.3,1122.7,526641,595222332.90,18-Aug-2026,17165,INE120A01034
CARERATING,EQ,1707,1735.7,1695,1725.1,1719,1707,46633,80156014.40,18-Aug-2026,6338,INE752H01013
CPEDU,EQ,207.82,208.8,201.06,203.99,207.95,208.11,6510,1336659.68,18-Aug-2026,191,INE0P6P01016
CARRARO,EQ,513,518.75,499.05,512.8,515,513.45,132532,67262274.10,18-Aug-2026,6341,INE0V7W01012
CARTRADE,EQ,2787,2855,2780.1,2802.6,2805,2796.9,258422,727776403.20,18-Aug-2026,29963,INE290S01011
CARYSIL,EQ,1146,1189.8,1146,1181.1,1182,1155.8,84309,98958665.40,18-Aug-2026,6982,INE482D01024
CUDML,ST,105.05,105.9,102.35,104.1,104.1,107.7,64000,6710350.00,18-Aug-2026,23,INE0WL201014
CASTROLIND,EQ,186.71,187.9,186.1,186.85,186.55,187.55,1104007,206573777.01,18-Aug-2026,29287,INE172A01027
CCL,EQ,1134,1142.9,1130.1,1132.1,1136,1130.4,78918,89562759.00,18-Aug-2026,9762,INE421D01022
990CCSP27,N0,99828.84,99828.84,99828.84,99828.84,99828.84,99869.51,2,199657.68,18-Aug-2026,1,INE157D07EM8
CEATLTD,EQ,3608.5,3643.9,3600,3605.4,3609.3,3608.5,38041,137345231.30,18-Aug-2026,5937,INE482A01020
CEDAAR,ST,15.05,15.05,14.5,14.5,14.5,15.25,17000,248200.00,18-Aug-2026,17,INE11J101017
CEIGALL,EQ,310,312,302.3,309.15,308.05,315.95,1111657,342332985.05,18-Aug-2026,25370,INE0AG901020
CEINSYS,EQ,786.5,791.95,780,784.3,782.7,782.65,23346,18325919.30,18-Aug-2026,1782,INE016Q01014
CELEBRITY,EQ,6.99,6.99,6.64,6.77,6.84,6.8,10342,70360.93,18-Aug-2026,91,INE185H01016
CELLPOINT,SM,16.05,16.05,16,16,16,17.05,4800,76980.00,18-Aug-2026,4,INE0O0001013
CELLECOR,SM,31.5,33.2,30.75,32.55,33,31.5,441000,14241900.00,18-Aug-2026,79,INE0OMO01025
CELLO,EQ,371.45,371.45,362,362.6,362.1,369.6,236015,86105139.90,18-Aug-2026,9250,INE0LMW01024
CEMPRO,EQ,1340,1351.3,1305.9,1324,1319,1321.8,404401,537557870.60,18-Aug-2026,23046,INE686A01026
CENTRALBK,EQ,31.26,31.36,31,31.02,31.07,31.27,3762242,116996869.15,18-Aug-2026,11288,INE483A01010
CDSL,EQ,1356.8,1361.5,1336,1340.6,1340.6,1356.8,759440,1020612209.60,18-Aug-2026,29252,INE736A01011
CMPDI,EQ,234.49,236.55,232.25,233.11,233,235.18,575383,134656648.18,18-Aug-2026,10696,INE05HV01027
CENTRUM,EQ,24.48,25.25,23.98,24.2,24.25,24.3,366515,8975148.56,18-Aug-2026,978,INE660C01027
CENTUM,EQ,3381,3485.3,3313.8,3430.2,3442.5,3362.6,121628,416912392.30,18-Aug-2026,21847,INE320B01020
CENTENKA,EQ,578.5,585.6,573.3,576.55,579.75,572.6,32771,18946714.10,18-Aug-2026,1843,INE485A01015
CENTEXT,EQ,22,22.4,21.5,21.93,21.65,21.93,1011698,22262376.05,18-Aug-2026,4527,INE281A01026
CENTURYPLY,EQ,751,762,744.05,748.25,750,750.7,38782,29055305.25,18-Aug-2026,4067,INE348B01021
CERA,EQ,5775,5830,5717.5,5792,5830,5787,5308,30529148.50,18-Aug-2026,1704,INE739E01017
CEREBRAINT,BZ,2.63,2.63,2.51,2.58,2.53,2.58,54562,140278.24,18-Aug-2026,109,INE345B01019
CESC,EQ,170.22,171.75,167.9,167.98,168,170.22,2555495,431027351.35,18-Aug-2026,20214,INE486A01021
CGPOWER,EQ,898.8,900,889,894.2,894.2,898.8,1568655,1401840035.50,18-Aug-2026,26764,INE067A01029
CHALET,EQ,847.75,848.75,826,834.45,831.7,844.7,57779,48176033.50,18-Aug-2026,6473,INE427F01016
CLSEL,EQ,280.2,283.2,277.75,279.05,278.1,281.6,25275,7080781.00,18-Aug-2026,809,INE419D01026
CMNL,SM,106,106,104.6,105.95,105.95,105.05,5250,553950.00,18-Aug-2026,5,INE06PV01010
CHAMBLFERT,EQ,438.95,438.95,433.1,434.4,435,439.05,357355,155197880.95,18-Aug-2026,18541,INE085A01013
CHANDAN,SM,241.55,250,232.7,246.2,248.7,245.8,71200,17248520.00,18-Aug-2026,83,INE0B2N01016
CHAVDA,SM,141.7,141.7,135,135,135,135.05,62000,8388800.00,18-Aug-2026,40,INE0PT101017
CHEMBONDCH,BE,263.69,269,260.1,266.23,265.5,263.69,10494,2777057.22,18-Aug-2026,210,INE0TGX01019
CHEMBOND,EQ,171,176.97,167.05,172.69,173.76,172.41,3264,556550.55,18-Aug-2026,82,INE995D01025
CHEMCON,BE,188,190.6,185.51,189.36,190.6,189,10193,1920109.33,18-Aug-2026,152,INE03YM01018
CHEMCRUX,EQ,88.5,89.29,86.5,87,87,86.63,2039,177994.66,18-Aug-2026,59,INE298W01016
CHEMFAB,EQ,374.45,374.45,361.4,363.45,365,366.95,1371,497579.95,18-Aug-2026,89,INE783X01023
CHEMPLASTS,EQ,179.01,184,174.91,177.69,179,181.73,274157,48780417.12,18-Aug-2026,3554,INE488A01050
CHENNPETRO,EQ,1400,1454.5,1384.9,1404,1402.8,1382.4,3584947,5115570293.00,18-Aug-2026,122361,INE178A01016
CHETANA,SM,43,44.95,43,44.95,44.95,43.5,6400,279120.00,18-Aug-2026,3,INE0U1T01012
CHEVIOT,EQ,1170,1175,1160,1165.6,1162,1161.5,394,459935.30,18-Aug-2026,113,INE974B01016
CHOICEIN,EQ,803.2,809.5,802,803.6,804,803.8,260260,209776279.20,18-Aug-2026,5243,INE102B01014
CHOICEGOLD,EQ,152.08,152.95,150.26,151.59,151.51,152.08,4745,719528.70,18-Aug-2026,122,INF2KCX01012
CHOLAHLDNG,EQ,1570,1587.3,1557,1563.3,1560,1576.4,67053,105137662.10,18-Aug-2026,8842,INE149A01033
CHOLAFIN,EQ,1873.2,1889.7,1866.6,1868,1868,1884.7,523303,982431367.90,18-Aug-2026,53795,INE121A01024
CIEINDIA,EQ,408.1,412,406.2,409.7,411.65,411.3,249282,101902812.50,18-Aug-2026,8175,INE536H01010
CINELINE,EQ,88.95,89.1,85.35,87.07,87.89,88.49,11389,998254.55,18-Aug-2026,182,INE704H01022
CINEVISTA,EQ,14.57,14.86,14.01,14.36,14.65,14.8,21389,308861.62,18-Aug-2026,168,INE039B01026
CIPLA,EQ,1431.5,1437.6,1428.4,1431.1,1431.1,1431.5,589396,844684444.70,18-Aug-2026,27511,INE059A01026
CITIUSINVT,IV,113.05,115,112.2,114,115,113.88,111536,12661575.92,18-Aug-2026,1697,INE2Q7823014
CUB,EQ,215,223,214.85,222.18,222.19,215.2,3912107,864207203.66,18-Aug-2026,105789,INE491A01021
CLEDUCATE,BE,59.49,61,59.4,60.36,60.93,59,15824,951431.95,18-Aug-2026,120,INE201M01029
CLASSICEIL,SM,47.5,47.55,45.15,46.8,46,47.45,27200,1281680.00,18-Aug-2026,16,INE0UQ601012
CLAYCRAFT,SM,158.9,159.9,157.15,158.4,159.9,158.9,7800,1231530.00,18-Aug-2026,9,INE1QGM01024
CLCIND,BE,52.61,52.61,47.61,49.97,50,50.11,2862,144672.48,18-Aug-2026,14,INE376C01038
CLEANMAX,EQ,1239.9,1251,1229,1244.7,1241.2,1239.9,54458,67637264.40,18-Aug-2026,5687,INE647U01026
CLEAN,EQ,839,840.55,819.3,831.9,829.9,840,265290,220321218.70,18-Aug-2026,15769,INE227W01023
CMRGREEN,EQ,218.33,220,211.59,211.99,212.25,214.92,971911,208148737.13,18-Aug-2026,12443,INE00WV01027
CMSINFO,EQ,254.35,254.4,248.25,249.5,250,254.35,989324,247303940.45,18-Aug-2026,26504,INE925R01014
COALINDIA,EQ,408.95,412.7,406.75,406.9,406.9,408.45,7352659,3011259254.90,18-Aug-2026,80134,INE522F01014
COASTCORP,EQ,41.75,42.74,41.46,41.92,42,41.75,52949,2211235.81,18-Aug-2026,532,INE377E01024
COCHINSHIP,EQ,1460.9,1501.6,1457,1485.1,1485.1,1457.8,1360896,2025653732.20,18-Aug-2026,41448,INE704P01025
COFFEEDAY,BE,29.7,30.5,29.52,29.64,29.66,29.67,189733,5646709.16,18-Aug-2026,612,INE335K01011
COFORGE,EQ,1795,1795,1762.2,1773,1773,1806,1572547,2789482006.10,18-Aug-2026,55776,INE591G01025
COHANCE,EQ,444.95,466.9,444.75,455.2,454.6,444.75,1507812,691325821.15,18-Aug-2026,46008,INE03QK01018
COLPAL,EQ,1954.5,1958.9,1901.7,1903,1903,1964,721820,1382272851.50,18-Aug-2026,40110,INE259A01022
COMFINTE,EQ,6.4,6.68,6.31,6.38,6.4,6.53,114866,740218.43,18-Aug-2026,341,INE819A01049
COMSYN,EQ,280,284,277.15,279.8,280.21,281.69,48974,13765392.75,18-Aug-2026,1705,INE073V01015
COMMITTED,SM,346.25,347.6,346.25,347.6,347.6,347.8,2400,832120.00,18-Aug-2026,3,INE597Z01014
COMPEAU,EQ,400,400,336,355.05,355,351.1,2017,724963.75,18-Aug-2026,43,INE823B01015
COMPINFO,BZ,1.12,1.17,1.07,1.07,1.07,1.12,13851,14994.51,18-Aug-2026,31,INE070C01037
COMPUSOFT,EQ,13.29,13.3,13.11,13.22,13.26,13.29,6820,90104.89,18-Aug-2026,82,INE453B01029
CAMS,EQ,772.1,773.9,757.55,762,762,776.25,1270110,967028340.45,18-Aug-2026,37537,INE596I01020
CONCORDBIO,EQ,1532.5,1598,1524,1565.7,1573,1515,489172,766190011.00,18-Aug-2026,35283,INE338H01029
CEWATER,EQ,273.5,281.5,270.3,274.75,273.8,275,212600,58801494.40,18-Aug-2026,8470,INE037Z01029
CFEL,EQ,31.85,31.85,24.36,29.08,29.6,30.16,11548,333132.71,18-Aug-2026,317,INE700F01024
CONFIPET,EQ,72.7,73.25,69,69.9,70,72.55,1806579,128197259.82,18-Aug-2026,11344,INE552D01024
CONNPLEX,SM,206,212,206,210.6,211.8,209,23200,4845520.00,18-Aug-2026,28,INE0EAS01014
CCCL,EQ,15.66,15.66,15.37,15.52,15.63,15.59,169800,2631103.19,18-Aug-2026,470,INE429I01024
CONSOFINVT,BE,271.95,277.95,271.95,272,272,271.95,1158,315629.00,18-Aug-2026,25,INE025A01027
CONCOR,EQ,524.5,524.85,517.55,518.25,518.25,524.5,419489,218366491.30,18-Aug-2026,16474,INE111A01025
CONTI,SM,11.05,11.05,11.05,11.05,11.05,11.6,6666,73659.30,18-Aug-2026,2,INE340Z01019
CONTROLPR,EQ,569.3,579.65,566.6,575.3,574.5,569.7,14060,8065618.75,18-Aug-2026,1339,INE663B01015
COOLCAPS,ST,20.4,20.65,19.5,20.2,20.65,19.75,40000,801250.00,18-Aug-2026,23,INE0HS001028
CORALFINAC,EQ,35.45,35.5,33.31,34.69,35.5,34.28,290273,10110404.29,18-Aug-2026,1724,INE558D01021
CORDSCABLE,BE,213.9,224.75,213.9,224.75,224.75,214.05,30808,6844025.12,18-Aug-2026,317,INE792I01017
COROMANDEL,EQ,2100,2104.8,2051.2,2062.7,2060,2097.9,58848,121928781.70,18-Aug-2026,8906,INE169A01031
CORONA,EQ,2129,2150,2105.7,2119.4,2112.2,2113.1,16600,35225338.40,18-Aug-2026,3965,INE02ZQ01018
COSMOFIRST,EQ,962.2,981,957,961.2,965,964.85,94828,91877835.65,18-Aug-2026,5504,INE757A01017
CCHHL,EQ,12.9,12.9,12.18,12.33,12.3,12.55,4200,51920.53,18-Aug-2026,72,INE652F01027
COUNCODOS,BE,6.85,6.94,6.7,6.88,6.93,6.72,169709,1166639.80,18-Aug-2026,307,INE695B01025
CPCAP,EQ,130.71,130.71,125.5,126.94,126.42,130.32,16150,2058888.07,18-Aug-2026,289,INE521J01018
CPSEETF,EQ,94,94.3,93.7,93.99,94.09,93.76,969195,91088810.74,18-Aug-2026,5240,INF457M01133
CRAFTSMAN,EQ,10548.5,10960,10490.5,10890.5,10900,10480,58181,628919993.50,18-Aug-2026,18174,INE00LO01017
CRAVATEX,EQ,347.9,347.9,346.8,347.9,347.9,350,59,20466.60,18-Aug-2026,21,INE145E01017
CRAYONS,SM,26.9,26.9,26.9,26.9,26.9,25.65,3000,80700.00,18-Aug-2026,3,INE0OFK01019
CREATIVEYE,EQ,6.32,6.33,6.12,6.19,6.19,6.21,469,2901.60,18-Aug-2026,43,INE230B01021
CGRAPHICS,SM,144,144,140.1,141.4,140.1,144,24800,3505400.00,18-Aug-2026,26,INE0R7401011
CNL,EQ,1252,1275,1241,1264.15,1255.5,1252.1,41736,52579665.25,18-Aug-2026,3763,INE985W01018
CREDITACC,EQ,1543.3,1545,1513.9,1524.6,1524,1538.6,89923,137105433.50,18-Aug-2026,12141,INE741K01010
MUFTI,EQ,77,78.59,76.97,78.28,78.45,77.21,46696,3634150.26,18-Aug-2026,1100,INE220Q01020
CRSL,EQ,2.14,2.19,2.01,2.15,2.16,2.11,408564,877870.98,18-Aug-2026,577,INE716D01033
CREST,EQ,354.95,364,349.3,352.05,356.95,355.3,3891,1380834.50,18-Aug-2026,156,INE559D01011
CRISIL,EQ,4500,4500,4401.2,4442.5,4444,4488.3,37708,167227006.40,18-Aug-2026,6347,INE007A01025
CRIZAC,EQ,176.99,177,174,174.58,175,176.19,189453,33149296.51,18-Aug-2026,3760,INE0S4R01014
CROMPTON,EQ,245.3,245.75,242.95,244.8,244.8,246.5,1305455,318569170.60,18-Aug-2026,15792,INE299U01018
CLSL,ST,74.35,76.75,74.35,75.65,76.75,73.15,28000,2108400.00,18-Aug-2026,14,INE00NH01017
CROWN,EQ,107.9,110,107.52,107.63,108.89,107.04,9445,1025710.94,18-Aug-2026,157,INE491V01019
CSBBANK,EQ,313,320.2,312.95,317.45,317.1,319.95,340793,108143687.85,18-Aug-2026,9252,INE679A01013
CSLFINANCE,EQ,222.93,222.93,221,221,221,219.55,35048,7749621.85,18-Aug-2026,341,INE718F01018
CSM,EQ,100.88,100.89,99.66,100.19,99.95,100.37,75667,7575100.92,18-Aug-2026,1295,INE0ZK601013
CUBEINVIT,IV,162.26,162.26,159.5,159.99,159.99,160.99,975592,156221996.99,18-Aug-2026,7141,INE0NR623014
CUBEXTUB,EQ,82.23,83.58,79.81,80.54,80.89,83.22,59744,4868754.38,18-Aug-2026,1110,INE144D01012
CUMMINSIND,EQ,5478.5,5484,5350,5350,5350,5450,177068,958458163.50,18-Aug-2026,23003,INE298A01020
CUPID,EQ,273,285.7,257.21,284.03,282.99,267.32,68917290,18768602294.72,18-Aug-2026,635844,INE509F01029
CURAA,EQ,70.8,72,69.5,69.74,72,71,282,19812.35,18-Aug-2026,16,INE117B01020
CURIS,SM,110.3,110.3,110.2,110.2,110.2,111.5,3000,330700.00,18-Aug-2026,3,INE1BZN01016
CURRENT,SM,100,100,98,98,98,101.05,3200,316800.00,18-Aug-2026,2,INE1CRQ01014
CYBERMEDIA,EQ,16.89,16.89,16.16,16.23,16.2,16.62,34703,565671.43,18-Aug-2026,89,INE278G01037
CMRSL,SM,69.5,69.85,69.5,69.85,69.85,66.55,8800,614280.00,18-Aug-2026,11,INE075Z01011
CYBERTECH,BE,135,135.99,133.05,133.92,133.05,133.64,8492,1143503.33,18-Aug-2026,128,INE214A01019
CYIENTDLM,EQ,736.2,764.8,733.4,736.1,739,737.45,937835,700047559.15,18-Aug-2026,38454,INE055S01018
CYIENT,EQ,861.4,869.55,850.1,858.55,857.95,868,1226576,1050308830.65,18-Aug-2026,22760,INE136B01020
DKEGL,SM,69.95,69.95,69.95,69.95,69.95,66,1500,104925.00,18-Aug-2026,1,INE0GN101014
DPWIRES,BE,164.29,164.29,160,161.04,161,162.66,3727,600476.58,18-Aug-2026,97,INE864X01013
DLINKINDIA,EQ,421.05,422,413.1,418.85,419.9,418.7,72487,30153944.60,18-Aug-2026,2925,INE250K01012
DPABHUSHAN,EQ,1385.6,1470.2,1385.6,1457.2,1451.1,1403.8,30351,43818506.40,18-Aug-2026,2117,INE266Y01019
DBCORP,EQ,212.98,212.98,209.37,209.85,209.5,212.13,53733,11323079.47,18-Aug-2026,2529,INE950I01011
DABUR,EQ,406.8,406.8,402.1,403.5,403.5,406.8,1853755,748520387.20,18-Aug-2026,20801,INE016A01026
DAICHI,EQ,337.95,337.95,317.05,323.95,323,329.9,13853,4498840.00,18-Aug-2026,185,INE928C01010
DALBHARAT,EQ,1850,1858.4,1831.6,1837.1,1837.1,1844,246659,454727855.10,18-Aug-2026,18198,INE00R701025
DALMIASUG,EQ,458.9,467.7,445,452.7,454,459.6,587471,269551086.35,18-Aug-2026,14029,INE495A01022
DAMCAPITAL,EQ,145.8,148,145.11,147.05,146.8,146.39,255482,37464457.48,18-Aug-2026,5237,INE284H01025
DAMODARIND,BE,27.58,27.6,27.21,27.6,27.6,27.58,1909,52659.29,18-Aug-2026,9,INE497D01022
DANGEE,EQ,2.95,3.02,2.9,2.9,2.9,2.94,92626,269423.85,18-Aug-2026,128,INE688Y01022
DANISH,SM,795,808.95,786,791.15,790,788.8,20850,16530510.00,18-Aug-2026,116,INE0YU901016
DATAPATTNS,EQ,4530,4750,4525,4737.2,4740,4528.7,1385637,6468099813.30,18-Aug-2026,104145,INE0IX101010
DATAMATICS,EQ,852.35,852.35,827.75,833.95,833.85,852.35,68621,57280090.70,18-Aug-2026,5183,INE365B01017
DAVANGERE,EQ,3.29,3.29,3.16,3.19,3.21,3.2,3198031,10257941.67,18-Aug-2026,1704,INE179G01029
DBSTOCKBRO,BE,32,33.49,31.51,32.52,32.1,32.51,5294,169896.72,18-Aug-2026,33,INE921B01025
DCI,EQ,380,382.7,365.1,373,374,382.35,20081,7450681.55,18-Aug-2026,1324,INE0A1101019
DCBBANK,EQ,182.8,183.64,180.5,183.08,182.5,184.09,695982,126807562.75,18-Aug-2026,14554,INE503A01015
1275DCCL28,N0,9975,9975,9975,9975,9975,9974.67,1,9975.00,18-Aug-2026,1,INE04Q907181
DCG,SM,51.3,55.6,51.3,54.5,54.5,53.05,30000,1625520.00,18-Aug-2026,25,INE0S8401018
DCMFINSERV,EQ,5.55,5.79,5.4,5.62,5.67,5.55,7835,43823.66,18-Aug-2026,302,INE891B01012
DCM,BE,81.08,84.2,80.44,82.5,82.5,82.08,5432,449187.20,18-Aug-2026,46,INE498A01018
DCMNVL,EQ,174.31,180.71,173.33,178.29,178.8,173.83,40956,7337273.80,18-Aug-2026,578,INE08KP01019
DSFCL,BE,26.01,26.01,26.01,26.01,26.01,25.5,8756,227743.56,18-Aug-2026,21,INE0OFM01015
DCMSRIND,EQ,46,47.8,45.9,46.94,46.99,45.73,467380,21901293.87,18-Aug-2026,4031,INE843D01027
DCMSIL,EQ,74,75.49,67.16,68.94,68.4,74.26,208275,14680927.16,18-Aug-2026,1519,INE0OU201013
DCMSHRIRAM,EQ,1039.9,1049.8,1013.2,1026.4,1022,1018.4,173224,178294195.00,18-Aug-2026,14539,INE499A01024
DCW,EQ,44.26,44.89,43.54,43.69,43.63,44.26,1204783,53112112.90,18-Aug-2026,5194,INE500A01029
DCXINDIA,EQ,175.87,183.15,175.11,179.12,178.85,173.32,1199771,215171262.56,18-Aug-2026,17587,INE0KL801015
DDEVPLSTIK,EQ,270,274.3,268.55,272.75,273,269.3,105618,28651797.70,18-Aug-2026,2674,INE0HR601026
DENEERS,SM,175.05,179.8,168.65,172.3,172.3,180.5,13800,2380980.00,18-Aug-2026,23,INE0JWV01011
DENORA,EQ,826.4,858.8,824.3,851.05,843.9,830.55,2284,1921638.15,18-Aug-2026,348,INE244A01016
DECCANCE,EQ,548,552,541.05,545.55,541.65,544,2786,1519680.15,18-Aug-2026,188,INE583C01021
DECNGOLD,EQ,243.03,249,240.4,244.05,243.01,239.9,4205721,1029486046.51,18-Aug-2026,38753,INE945F01025
DECCANTRAN,SM,22.5,23,22.5,22.75,23,23,2400,54600.00,18-Aug-2026,2,INE0S7C01019
DEEDEV,EQ,642.05,669.25,641,657.25,659.9,650.55,149577,97881235.20,18-Aug-2026,5589,INE841L01016
DEEM,ST,40,40.45,38.7,40.45,40.45,40.7,6000,235550.00,18-Aug-2026,6,INE586O01011
DEEPINDS,EQ,683.45,720,677.9,717.95,715.5,680.7,721008,509047798.20,18-Aug-2026,21586,INE0FHS01024
DEEP,EQ,37.9,37.9,34.5,36.96,35.4,36.01,10406,380741.35,18-Aug-2026,67,INE00IY01012
DBEIL,BE,6.84,6.96,6.62,6.68,6.64,6.84,142759,962104.71,18-Aug-2026,386,INE0OPA01027
DEEPAKFERT,EQ,1504.8,1522,1466.2,1472,1473.3,1502.7,150625,224241491.00,18-Aug-2026,12561,INE501A01019
DEEPAKNTR,EQ,1780,1787,1753.5,1771,1770,1780.5,229368,407012191.20,18-Aug-2026,18075,INE288B01029
DELAPLEX,SM,90,90,88,88,88,90,2400,213090.00,18-Aug-2026,4,INE0SK801018
DELHIVERY,EQ,451.65,456.95,448.8,451.8,451.8,456,1460519,660121896.85,18-Aug-2026,19674,INE148O01028
DELPHIFX,BE,6.72,6.76,6.5,6.59,6.65,6.66,73094,481780.44,18-Aug-2026,154,INE726L01027
DELTIC,SM,33.3,33.5,33.15,33.3,33.3,34.5,7000,233350.00,18-Aug-2026,7,INE0XRN01019
DELTACORP,EQ,59.7,61.08,59.5,60.71,60.53,60.18,1074956,64693109.77,18-Aug-2026,6474,INE124G01033
DELTAMAGNT,EQ,59,59.48,57,57.5,58.22,59.08,3590,208199.61,18-Aug-2026,144,INE393A01011
DEN,EQ,27.9,27.9,27.31,27.41,27.37,27.78,171835,4721015.42,18-Aug-2026,1208,INE947J01015
DENTA,EQ,285.3,293.35,281.35,286,285.7,287.05,246172,70161408.10,18-Aug-2026,7070,INE0R4L01018
DEVX,EQ,33.9,33.9,33,33.31,33.22,32.88,31485,1049587.43,18-Aug-2026,587,INE0VOV01021
DEVIT,EQ,25.8,26.3,25.21,25.25,25.21,26.02,54428,1384859.38,18-Aug-2026,549,INE060X01034
DEVYANI,EQ,143.61,144.56,140.42,142.09,141.5,143.65,1844675,261988795.04,18-Aug-2026,13752,INE872J01023
DHABRIYA,EQ,509,586.9,499.2,558.05,560.1,504.35,122906,67750715.40,18-Aug-2026,3792,INE260R01016
DBOL,EQ,122,133.5,120,121.99,123.9,121.08,1117878,141561380.53,18-Aug-2026,15412,INE0I3401014
DHAMPURSUG,EQ,173.9,177.45,166.5,168.65,168.69,170.87,1604098,276070575.66,18-Aug-2026,21703,INE041A01016
DHANBANK,EQ,32.3,32.49,31.8,32.24,32.29,32.39,559449,17980686.15,18-Aug-2026,2903,INE680A01011
DHANSA,SM,21.55,21.55,21.3,21.3,21.3,20.85,6000,128700.00,18-Aug-2026,3,INE0M3I01029
DHANUKA,EQ,1011.6,1011.6,990,996.4,1003.9,997,20287,20237173.20,18-Aug-2026,1797,INE435G01025
DHARAN,BZ,0.16,0.17,0.15,0.16,0.16,0.16,12035589,1926712.99,18-Aug-2026,1613,INE278R01034
DHARIWAL,SM,18.55,18.75,18.15,18.15,18.15,19.1,81000,1484850.00,18-Aug-2026,26,INE0YRN01025
DHARMAJ,EQ,268.5,271,267.95,270,270,269.25,29791,8036693.95,18-Aug-2026,1716,INE00OQ01016
DHATRE,EQ,5.02,5.02,4.33,4.58,4.6,4.26,104322,474472.02,18-Aug-2026,348,INE715T01031
DHOOTTRANS,EQ,1170,1305.75,1165,1305.75,1305.75,1187.05,9337722,11589527057.60,18-Aug-2026,339993,INE01NH01023
DHRUV,EQ,26.31,26.31,24.31,24.9,24.89,25.14,2892,72357.26,18-Aug-2026,48,INE506Z01015
DHUNINV,EQ,1019.7,1022.45,957.5,976.95,968.35,1014.65,2115,2073512.05,18-Aug-2026,257,INE320L01011
DTIL,EQ,134,136.8,132.55,134.02,133.15,133.13,2551,344776.28,18-Aug-2026,60,INE341R01014
DVL,EQ,264.49,267.55,263.24,265.81,265.1,265.92,10527,2799052.90,18-Aug-2026,410,INE477B01010
DIAMINESQ,EQ,235.85,241.11,234,236.71,239.95,235.85,2943,695607.34,18-Aug-2026,127,INE591D01014
DIACABS,BE,361,372.7,353.1,367.95,371.05,359.9,1174622,427769919.80,18-Aug-2026,13034,INE989C01038
DICIND,EQ,594.8,595.95,582.05,584.35,583.2,591.95,2947,1730968.10,18-Aug-2026,242,INE303A01010
DIFFNKG,EQ,398.55,410.85,398.55,408.5,407.6,398.4,108267,44014278.70,18-Aug-2026,4999,INE184O01015
DGCONTENT,EQ,24.33,24.49,23.73,24.34,24.14,24.33,5715,138613.41,18-Aug-2026,53,INE03JI01017
DIGIDRIVE,EQ,17.1,18,17.05,17.8,17.9,17.52,16597,294693.99,18-Aug-2026,129,INE0PSC01024
DIGIKORE,SM,37.15,42.5,36,37,37.05,37.15,72000,2772420.00,18-Aug-2026,146,INE0QJ901011
DIGISPICE,EQ,16.98,17.42,16.08,16.77,16.78,16.62,91590,1546910.27,18-Aug-2026,302,INE927C01020
DIGITIDE,EQ,96.99,98.62,94.6,98.08,97.85,96.49,254802,24636559.04,18-Aug-2026,3351,INE0U4701011
DIGJAMLMTD,EQ,51.02,52,50.06,51.74,50.6,50.52,10235,527726.09,18-Aug-2026,106,INE731U01028
DNAMEDIA,EQ,2.68,2.68,2.51,2.55,2.6,2.69,93831,241513.64,18-Aug-2026,163,INE016M01021
DBL,EQ,419.35,422.95,416.55,421.2,421.3,419.6,69086,29090345.25,18-Aug-2026,3277,INE917M01012
DISAQ,EQ,11664,11954,11650,11696,11675,11641,761,8953737.00,18-Aug-2026,463,INE131C01011
DISHTV,EQ,2.81,2.84,2.76,2.82,2.81,2.81,884017,2476042.71,18-Aug-2026,846,INE836F01026
DCAL,EQ,175.25,180.63,168.01,169.14,168.3,175.83,551160,94953958.23,18-Aug-2026,8993,INE385W01011
DIVGIITTS,EQ,1284,1311.9,1245.1,1259,1259,1284.45,310830,398531364.65,18-Aug-2026,18782,INE753U01022
DIVISLAB,EQ,8510,8630,8504,8588,8588,8481.5,404163,3468373664.00,18-Aug-2026,43159,INE361B01024
DIVINEHIRA,ST,109.7,111,107.1,111,111,110.9,30000,3243000.00,18-Aug-2026,16,INE0NA501011
DPEL,SM,591,591,578,584.5,578,589.55,35000,20438700.00,18-Aug-2026,64,INE0SCO01019
DIXON,EQ,14100,14420,14066,14150,14150,14025,387416,5504901239.00,18-Aug-2026,49842,INE935N01020
DJML,EQ,103.55,106.67,103.55,105.46,104.35,107.44,166705,17560193.96,18-Aug-2026,2174,INE0B1K01014
DLF,EQ,672,682.5,658.25,665.75,665.75,671,6099954,4092865240.70,18-Aug-2026,63488,INE271C01023
DMCC,EQ,293.4,299.9,285.95,287.75,287,293.65,60692,17707850.80,18-Aug-2026,1959,INE505A01010
DODLA,EQ,1100,1105.9,1090.1,1094.7,1094,1099.5,27797,30477594.00,18-Aug-2026,5017,INE021O01019
DOLATALGO,EQ,71.19,71.59,70.62,71.14,71.02,71.18,66139,4701382.14,18-Aug-2026,840,INE966A01022
DOLLAR,EQ,268.9,270.7,264.05,268.55,268,268.35,82886,22139883.85,18-Aug-2026,2112,INE325C01035
DOLLEX,SM,32.45,32.45,31.6,32,32.35,32.05,16000,513600.00,18-Aug-2026,4,INE0JHH01011
DOLPHIN,EQ,575,639,560.7,619.4,620,576.85,553474,340550628.50,18-Aug-2026,25822,INE920A01037
DOMS,EQ,2215,2225.7,2207.3,2218.6,2219.9,2218.1,16908,37461977.20,18-Aug-2026,2858,INE321T01012
DONEAR,EQ,86.51,91,86.51,89.18,89.09,87.64,25660,2302735.47,18-Aug-2026,512,INE668D01028
DPSCLTD,BE,7.35,7.35,6.85,7.05,7,7.21,259892,1832598.72,18-Aug-2026,684,INE360C01024
AGARWALEYE,EQ,501,508.35,495,502.6,500.2,501.6,628634,315629770.70,18-Aug-2026,25840,INE943P01029
DRAGARWQ,EQ,5238,5400,5225,5321,5305.5,5294,612,3271755.00,18-Aug-2026,211,INE934C01018
LALPATHLAB,EQ,1885,1912,1874,1901.4,1894,1877.3,211640,401375975.30,18-Aug-2026,23604,INE600L01024
DRREDDY,EQ,1185,1189.3,1176.1,1178.8,1178.8,1192,805633,954044454.30,18-Aug-2026,27255,INE089A01031
DRCSYSTEMS,EQ,13.3,13.3,12.71,13,13,13.07,25838,333282.95,18-Aug-2026,230,INE03RS01027
DREAMFOLKS,EQ,65.4,68.1,65.4,66.65,66.5,65.85,59119,3955538.64,18-Aug-2026,1546,INE0JS101016
DREDGECORP,EQ,1150.3,1170,1148.9,1160.8,1156,1160.5,98365,114016855.40,18-Aug-2026,6639,INE506A01018
DRONE,SM,38.65,39.35,38.3,38.9,39,37.6,16000,620900.00,18-Aug-2026,30,INE0P7201019
DRSDILIP,SM,108,108,108,108,108,109.9,800,86400.00,18-Aug-2026,1,INE02CV01017
DSKULKARNI,BE,14.65,14.65,14.65,14.65,14.65,13.96,1777,26033.05,18-Aug-2026,9,INE891A01022
KEEPLEARN,EQ,1.86,2.07,1.86,2.01,2,1.92,192433,386113.66,18-Aug-2026,244,INE055C01020
LIQUIDETF,EQ,1000,1000.01,999.99,1000,1000,1000,249333,249332982.82,18-Aug-2026,236,INF740KA1EU7
BANK10ADD,EQ,16.89,16.94,16.81,16.9,16.94,16.99,17562,296545.18,18-Aug-2026,69,INF740KA1YH2
BANKADD,EQ,59.05,59.05,58.63,58.69,58.63,59.26,10678,627143.10,18-Aug-2026,108,INF740KA1RX3
GOLDADD,EQ,148.65,148.92,148.23,148.59,148.68,148.65,413599,61442505.19,18-Aug-2026,5786,INF740KA1SW3
ITADD,EQ,32.77,33,32.01,32.23,32.24,32.77,76465,2465405.93,18-Aug-2026,281,INF740KA1SX1
EQUAL50ADD,EQ,347,347,345.58,346.12,346.56,347.99,160489,55544586.47,18-Aug-2026,278,INF740KA1QK2
NIFTYADD,EQ,256.58,256.67,255,255.42,255.55,256.83,3035,775635.13,18-Aug-2026,114,INF740KA1CL0
PSUBANKADD,EQ,88.09,88.36,87.25,87.37,87.29,88.37,41288,3618613.61,18-Aug-2026,243,INF740KA1SY9
PVTBANKADD,EQ,27.81,27.83,27.68,27.82,27.79,27.84,38770,1075932.76,18-Aug-2026,109,INF740KA1TA7
MIDQ50ADD,EQ,25.61,25.61,25.43,25.56,25.6,25.65,88954,2266457.48,18-Aug-2026,95,INF740KA1ZF3
SENSEXADD,EQ,80.9,80.9,79.72,79.77,79.77,80.32,911,72770.67,18-Aug-2026,21,INF740KA1SZ6
SILVERADD,EQ,225.65,229.4,223,223.5,223.75,225.65,124606,27863220.20,18-Aug-2026,2375,INF740KA1RE3
FLEXIADD,EQ,10.3,10.3,10.2,10.24,10.27,10.3,36130,369898.22,18-Aug-2026,270,INF740KA1WU9
FMCGADD,EQ,49.54,49.54,48.04,48.14,48.19,48.57,33472,1611716.88,18-Aug-2026,158,INF740KA1ZA4
HEALTHADD,EQ,16.65,16.73,16.56,16.6,16.73,16.65,101615,1688064.10,18-Aug-2026,85,INF740KA1ZG1
LIQUIDADD,EQ,1140.78,1140.79,1140.77,1140.77,1140.77,1140.64,365999,417524574.55,18-Aug-2026,491,INF740KA1UM0
MIDBANKADD,EQ,17.3,17.37,17.25,17.35,17.35,17.34,728,12589.47,18-Aug-2026,19,INF740KA1ZH9
MIDCAPADD,EQ,23.51,23.53,23.4,23.5,23.5,23.55,382163,8979550.37,18-Aug-2026,55,INF740KA1WW5
MSCIADD,EQ,29.83,29.91,29.77,29.82,29.89,30.03,989,29518.23,18-Aug-2026,16,INF740KA1WV7
NEXT30ADD,EQ,43.71,43.75,43.55,43.58,43.66,43.75,3677,160341.82,18-Aug-2026,64,INF740KA1VE5
NEXT50ADD,EQ,75.17,75.17,74.8,74.96,74.94,75.17,2341,175555.69,18-Aug-2026,33,INF740KA1XU7
SMALLADD,EQ,18.47,18.48,18.32,18.46,18.47,18.44,25113,463655.36,18-Aug-2026,82,INF740KA1WX3
TOP10ADD,EQ,87.85,87.98,87.55,87.77,87.92,88.37,145435,12757474.78,18-Aug-2026,634,INF740KA1UR9
DUCOL,SM,103.5,104.75,103.5,103.55,103.55,103,3200,332280.00,18-Aug-2026,4,INE0LZO01015
DUCON,EQ,3.24,3.4,3.22,3.29,3.31,3.24,379325,1258772.05,18-Aug-2026,470,INE741L01018
DUGLOBAL,SM,24,24,23.5,23.5,23.5,24,7500,177500.00,18-Aug-2026,3,INE0HPK01020
DURLAX,SM,62.5,63.5,60,60.55,60.3,64.1,100000,6134800.00,18-Aug-2026,49,INE0OUW01013
DWARKESH,EQ,45.24,46.95,44.21,44.64,44.63,44.94,3757036,172112093.31,18-Aug-2026,15973,INE366A01041
DSSL,EQ,1184.4,1189.9,1135,1147.2,1150,1158.1,32102,36924121.20,18-Aug-2026,2812,INE417B01040
DYNAMATECH,EQ,11123,11950,11112,11770,11757,11123,33740,392192174.00,18-Aug-2026,10061,INE221B01012
DYCL,EQ,464,468.3,450,452.9,452.05,465.35,396713,181729496.25,18-Aug-2026,11583,INE600Y01019
DYNAMIC,ST,139.9,145,136.65,141.75,140,140.45,10500,1479700.00,18-Aug-2026,14,INE0DZ701010
DYNPRO,EQ,227,233,226.6,228.4,229,232.05,9360,2152358.65,18-Aug-2026,346,INE256H01015
EFACTOR,SM,222,222,200,202.65,203,199.35,11200,2298360.00,18-Aug-2026,20,INE0KFF01017
E2ERAIL,SM,269,314.35,269,303.3,302.5,262.1,643200,192399760.00,18-Aug-2026,562,INE1CEJ01017
E2E,BE,672,686.95,656,664.55,668,686.15,890449,596318570.00,18-Aug-2026,22586,INE255Z01027
EASTWEST,EQ,2.5,2.5,2.31,2.32,2.43,2.45,11822,28042.35,18-Aug-2026,70,INE595R01023
EASTSILK,BE,59.4,59.41,59,59,59,56.59,360,21339.05,18-Aug-2026,9,INE962C01035
EASEMYTRIP,EQ,6.21,6.29,6.12,6.16,6.16,6.13,10633745,65836485.73,18-Aug-2026,7671,INE07O001026
EBIX,EQ,17.06,17.06,16.03,17.06,17.06,16.25,229126,3861208.63,18-Aug-2026,386,INE432F01032
888ECL28,N1,990.11,994.85,990,990.46,990.01,994.55,154,152531.99,18-Aug-2026,8,INE528S07110
925ECL28,N2,1012.1,1012.1,1012.1,1012.1,1012.1,1021.03,6,6072.60,18-Aug-2026,1,INE528S07128
ECLERX,EQ,1850.1,1854,1773.9,1805.2,1811,1848.9,141785,255424482.00,18-Aug-2026,17495,INE738I01010
ECORECO,EQ,493.55,493.6,460,467.75,465.7,479,5959,2795144.05,18-Aug-2026,546,INE316A01038
ECOLINE,ST,181.05,183.9,180,182,182,184.05,10000,1814900.00,18-Aug-2026,10,INE0VBS01016
ECOSMOBLTY,BE,116.99,117.7,112.4,112.58,112.5,116.99,140992,16089856.66,18-Aug-2026,1808,INE06HJ01020
BBETF0432,EQ,1359.36,1359.36,1352.51,1353.63,1352.65,1358.46,314,425336.28,18-Aug-2026,47,INF754K01OB1
EBANK10,EQ,16.74,17.75,16.74,16.98,16.9,16.74,314,5260.69,18-Aug-2026,7,INF754K01XH9
EBANKNIFTY,EQ,58.31,58.31,57.76,58.06,58.06,58.11,1941,112157.57,18-Aug-2026,26,INF754K01TE4
EBBETF0430,EQ,1617.87,1617.88,1610.11,1612.87,1611.8,1611.52,45396,73137006.94,18-Aug-2026,266,INF754K01KO2
EBBETF0431,EQ,1443.19,1443.96,1441.1,1441.15,1441.15,1443.19,1346,1940584.52,18-Aug-2026,51,INF754K01LE1
EBBETF0433,EQ,1316.55,1318,1311.27,1317.35,1313.22,1316.39,3703,4871420.82,18-Aug-2026,90,INF754K01QX0
ECAPINSURE,EQ,23.89,23.89,23.65,23.85,23.85,23.89,83425,1982567.06,18-Aug-2026,259,INF754K01TX4
EGOLD,EQ,152.05,153.15,152,152.95,152.45,152.85,19939,3048035.00,18-Aug-2026,535,INF754K01SE6
ELIQUID,EQ,1044.07,1044.09,1044.07,1044.08,1044.08,1043.95,25752,26887379.53,18-Aug-2026,18,INF754K01VW2
ELM250,EQ,17.58,17.58,16.77,16.91,16.95,17.16,154976,2619446.19,18-Aug-2026,598,INF754K01VV4
ELMDIV,EQ,36.88,36.9,36.6,36.72,36.85,36.88,2132,78436.07,18-Aug-2026,28,INF754K01XI7
EMETAL,EQ,13.14,13.14,13.05,13.06,13.06,13.15,6848,89628.37,18-Aug-2026,23,INF754K01XG1
EMULTIMQ,EQ,42.39,42.39,42.02,42.15,42.15,42.24,27539,1161516.09,18-Aug-2026,112,INF754K01TF1
ENEXT50,EQ,74.5,74.55,74.13,74.5,74.5,74.37,1687,125137.26,18-Aug-2026,16,INF754K01XF3
ENIFTY,EQ,25.19,25.19,24.34,24.44,24.44,24.58,5189,126870.42,18-Aug-2026,49,INF754K01VX0
ESENSEX,EQ,77.9,80.65,77.9,79.4,79.41,78.66,544,42952.30,18-Aug-2026,12,INF754K01VY8
ESILVER,EQ,233.38,233.38,230.64,231.04,231.21,233.54,67057,15523715.12,18-Aug-2026,4950,INF754K01SF3
EDELWEISS,EQ,122,123.68,120.5,121.4,120.62,122.67,1545184,188783478.92,18-Aug-2026,13685,INE532F01054
EFCIL,EQ,174,187.75,171.42,184.64,184.21,174.1,513483,92275738.54,18-Aug-2026,6720,INE886D01026
EFFWA,ST,344.9,347,344.9,346,347,345.75,11600,4003600.00,18-Aug-2026,19,INE0U9101019
EICHERMOT,EQ,8040,8107,8016.5,8018.5,8018.5,8050,262500,2119026943.50,18-Aug-2026,34278,INE066A01021
EIDPARRY,EQ,794.45,795,772.2,780.6,783,792.05,697047,544955915.60,18-Aug-2026,43985,INE126A01031
EIHAHOTELS,EQ,294.45,296.75,289.45,293.5,295.4,292.2,18024,5269166.30,18-Aug-2026,934,INE276C01014
EIHOTEL,EQ,296,297.45,294.05,296.7,296,296,111718,33065789.60,18-Aug-2026,4889,INE230A01023
EIMCOELECO,EQ,2125,2197.9,2125,2153.7,2143.2,2189.1,41008,88746749.30,18-Aug-2026,4674,INE158B01016
EKI,EQ,80.84,80.88,79.01,79.58,79.98,80.84,5934,472368.68,18-Aug-2026,286,INE0CPR01018
ELANTAS,EQ,11893,11893,11460,11701.5,11750,11705.5,2723,31926627.50,18-Aug-2026,1431,INE280B01018
ELCIDIN,EQ,110895,110995,110000,110000,110000,110895,5,552810.00,18-Aug-2026,5,INE927X01018
ELDEHSG,EQ,768,822,745,817.5,803.2,765.35,11501,9231569.15,18-Aug-2026,412,INE668G01021
ELECON,EQ,440.5,444.75,431.65,433.95,435,438.25,309070,135619762.35,18-Aug-2026,12116,INE205B01031
EFORCE,SM,21.55,21.55,21,21,21,21,2400,51060.00,18-Aug-2026,2,INE0Q1W01012
EMIL,EQ,191,195.4,190.25,191.35,191.6,192.42,2203251,423933605.95,18-Aug-2026,29516,INE02YR01019
ELECTCAST,EQ,71.6,72.35,71,71.25,71.39,71.95,570745,40780256.18,18-Aug-2026,7713,INE086A01029
ELECTHERM,EQ,986.7,1059,959.9,1024.1,1027.2,974.8,82284,83909962.10,18-Aug-2026,2950,INE822G01016
ELGNZ,SM,85.9,94.5,85.9,91.45,92.2,86.5,56000,5059900.00,18-Aug-2026,30,INE0R9101015
ELGIEQUIP,EQ,622,628,612,614.2,613,624.2,609442,378164792.50,18-Aug-2026,19189,INE285A01027
ELGIRUBCO,EQ,58.6,59.88,57.15,57.87,57.95,59.11,43421,2537454.36,18-Aug-2026,1093,INE819L01012
ELIN,EQ,101.53,103.5,100.78,101.41,102.5,102.28,189743,19404187.45,18-Aug-2026,2175,INE050401020
ELITECON,EQ,16.73,17.25,16.73,17.13,17.25,16.73,649218,11027795.54,18-Aug-2026,3087,INE669R01026
ELLEN,EQ,329,336.9,322,324.75,325,328.3,309877,102103065.35,18-Aug-2026,7032,INE236E01022
ELPROINTL,EQ,179.75,179.75,175.1,175.58,175.5,175.32,13682,2401073.29,18-Aug-2026,190,INE579B01039
EMAPARTNER,SM,79.1,79.1,78.6,78.6,78.6,79.1,3000,236800.00,18-Aug-2026,3,INE0ZOL01023
EMAMILTD,EQ,403.5,404.25,397.5,400.1,398.5,404.5,360203,144293249.65,18-Aug-2026,14185,INE548C01032
EMAMIPAP,BE,115,119.59,114,114.99,116,113.91,58957,6836188.59,18-Aug-2026,597,INE830C01026
EMAMIREAL,EQ,74.01,76.19,73,73.47,73.5,74.89,7601,560083.09,18-Aug-2026,69,INE778K01012
EMBDL,EQ,62.5,64.2,62.5,63.04,62.72,63.11,1876178,118904829.68,18-Aug-2026,9205,INE069I01010
EMBASSY,RR,440.29,441.25,438.5,440,440.2,440.29,1466185,645706521.08,18-Aug-2026,12706,INE041025011
EMCURE,EQ,1879,1889,1861.1,1874.5,1877.5,1873.9,136782,256798867.10,18-Aug-2026,14936,INE168P01015
ETML,SM,82,82.35,82,82.35,82.35,82.35,15600,1283640.00,18-Aug-2026,13,INE0RHD01013
EMKAY,EQ,235.29,242.89,232.51,236.8,239,235.29,6354,1498399.33,18-Aug-2026,444,INE296H01011
EMMBI,BE,83.44,83.44,81.8,82.12,82,83.03,4014,330326.09,18-Aug-2026,53,INE753K01015
EMMVEE,EQ,319.25,325,316.4,317.7,318.7,320.75,1134683,363141967.90,18-Aug-2026,21084,INE1C6T01020
EMPIND,EQ,1107,1146,1107,1116.2,1115.3,1102.5,1035,1164347.90,18-Aug-2026,140,INE515H01014
EMPOWER,EQ,2.18,2.24,2.16,2.22,2.22,2.16,3515579,7789813.44,18-Aug-2026,1972,INE507F01023
EMSLIMITED,EQ,369.1,380.6,365.95,375.75,375,369.1,196725,73643585.20,18-Aug-2026,5763,INE0OV601013
EMUDHRA,EQ,517.7,565,509,562.05,560.2,518.75,705436,383163850.45,18-Aug-2026,22466,INE01QM01018
ENCOMPAS,SM,245,254.7,235,237.65,237,245.6,82000,19571980.00,18-Aug-2026,68,INE433T01015
ENDURANCE,EQ,2987.3,3036.3,2969,3018.3,3008.7,2978.2,130419,392474927.90,18-Aug-2026,18268,INE913H01037
ENERGYDEV,EQ,16.49,16.96,16.22,16.53,16.69,16.51,31018,508274.49,18-Aug-2026,200,INE306C01019
EMMIL,SM,122,128,120.8,126.45,124.8,127.65,7500,919450.00,18-Aug-2026,17,INE0S1L01013
ENFUSE,SM,177,177,161.5,161.5,161.5,159.7,1200,203100.00,18-Aug-2026,2,INE0S3X01014
ENGINERSIN,EQ,239.25,249,239.25,244.78,244.25,240.18,2435107,597492410.49,18-Aug-2026,26314,INE510A01028
ENKEIWHEL,EQ,410,410,400,408.9,409.5,400.85,2398,967255.80,18-Aug-2026,49,INE130L01014
ENSER,SM,14.75,15.9,14.75,15.25,15.25,14.35,70000,1064250.00,18-Aug-2026,13,INE0R9I01021
ENTERO,EQ,1400,1433.4,1384,1408.2,1410,1401.6,113687,159986290.20,18-Aug-2026,13241,INE010601016
ENIL,EQ,102.97,102.97,100.5,100.86,100.86,101.02,72965,7364787.03,18-Aug-2026,650,INE265F01028
EIEL,EQ,200.24,201.89,196.5,197.18,197.59,200.16,439150,86831408.01,18-Aug-2026,7215,INE0LLY01014
ENVIRO,SM,73.5,73.9,73.15,73.4,73.9,73.5,17000,1247900.00,18-Aug-2026,13,INE0SUH01015
EPACK,EQ,211,212.75,208.26,209.57,210.87,210.7,267478,56318534.42,18-Aug-2026,4491,INE0G5901015
EPACKPEB,EQ,222,225.3,218.3,223.85,224,221.55,532737,118205187.45,18-Aug-2026,9441,INE0MLS01022
EPIGRAL,EQ,1097,1103.7,1075,1079.6,1079.1,1097.1,38584,41773813.30,18-Aug-2026,2357,INE071N01016
EPL,EQ,242.95,246.53,242.6,245.15,246,242.99,823068,201815255.63,18-Aug-2026,14312,INE255A01020
EEPL,SM,132.1,139.95,132,138.5,138.6,133.85,36000,4931000.00,18-Aug-2026,33,INE11HF01010
EPWINDIA,ST,215,225.75,215,225.75,225.75,215,20400,4475100.00,18-Aug-2026,10,INE1KEC01023
EQUIPPP,BE,21.99,22.83,21.5,22.8,22.83,21.75,41194,934963.18,18-Aug-2026,56,INE217G01035
EQUITASBNK,EQ,74.5,76.4,74.26,76.12,76,74.92,3573116,269026271.41,18-Aug-2026,20553,INE063P01018
ERIS,EQ,1348.9,1357,1335,1350.1,1350,1348.9,125273,168948171.50,18-Aug-2026,14556,INE406M01024
ESABINDIA,EQ,6289,6323.5,6151,6177.5,6156.5,6289,2894,18026442.00,18-Aug-2026,1206,INE284A01012
ESAFSFB,BE,39.8,40.55,38.06,40.41,40.5,39.26,1072722,42432524.78,18-Aug-2026,2689,INE818W01011
ESCONET,SM,188,188,172.8,177.95,177.5,192,243600,42928640.00,18-Aug-2026,470,INE0RQZ01017
ESCORTS,EQ,3149.3,3149.3,3052,3062.1,3070,3133.6,51759,159561171.70,18-Aug-2026,7545,INE042A01014
113ESFB31,N0,102000,102000,100002,100002,100002,100000,3,302004.00,18-Aug-2026,2,INE818W08149
ESPRIT,SM,66,66.9,64.25,66.2,66.75,67,40000,2636720.00,18-Aug-2026,23,INE0SBP01018
ESSARSHPNG,EQ,16.29,16.38,15.86,15.96,15.97,15.99,283821,4549198.19,18-Aug-2026,1236,INE122M01019
ESFL,SM,133.15,133.15,129,130.6,132.75,133.8,12960,1700838.00,18-Aug-2026,32,INE0ITO01014
ESTER,EQ,99.42,100.62,96.6,97.55,96.8,98.96,105357,10369527.79,18-Aug-2026,1948,INE778B01029
ETERNAL,EQ,318,321.2,315.55,315.9,315.9,318,18387007,5845756829.40,18-Aug-2026,128657,INE758T01015
ETHOSLTD,EQ,2956.5,3062.7,2850.1,2892.2,2870,2788.6,961244,2810280268.10,18-Aug-2026,84966,INE04TZ01018
EUREKAFORB,EQ,432.05,436.15,429.2,431.95,431.7,432,149714,64688384.00,18-Aug-2026,6688,INE0KCE01017
EIFFL,BE,260.95,260.95,251.1,259.55,255,261,11795,2988169.80,18-Aug-2026,102,INE546V01010
EUROBOND,EQ,155,157.99,153.25,157.68,156.11,155,3689,577265.30,18-Aug-2026,191,INE505V01016
EUROPRATIK,EQ,281,283.4,272.4,274.3,274.3,283.75,149710,41416091.60,18-Aug-2026,2314,INE198501012
EUROTEXIND,BE,14,14,14,14,14,13.92,89,1246.00,18-Aug-2026,3,INE022C01012
EVEREADY,EQ,354.7,354.9,351.5,354.3,354,352.9,28010,9886615.70,18-Aug-2026,982,INE128A01029
EVERESTIND,BE,450,456,436.15,442.4,445.25,449.65,3084,1374147.70,18-Aug-2026,113,INE295A01018
EKC,EQ,109.53,109.9,108.11,108.59,108.69,109.53,130325,14178584.49,18-Aug-2026,1932,INE184H01027
EXCELINDUS,EQ,995.65,997.45,981.05,985.2,981.35,990.55,2480,2447986.65,18-Aug-2026,311,INE369A01029
EXCELLENT,ST,197,197,195.7,195.7,195.7,206,8000,1568640.00,18-Aug-2026,5,INE0Y4801011
EXCELSOFT,EQ,73.5,74.82,72.01,72.59,72.4,73.07,450489,33084655.58,18-Aug-2026,2881,INE606N01019
EXICOM,EQ,148.8,159.65,146,158.05,158.99,148.32,3723146,578448887.71,18-Aug-2026,33802,INE777F01014
EXIDEIND,EQ,474,477.6,463.75,465.25,465.15,475.7,1543959,722812032.45,18-Aug-2026,30689,INE302A01020
EXIMROUTES,SM,108,108,108,108,108,107.1,800,86400.00,18-Aug-2026,1,INE19I001020
EXPLEOSOL,EQ,918,932.45,891.1,897.7,896.05,923.05,409143,373878956.15,18-Aug-2026,14215,INE201K01015
EXXARO,EQ,6.15,6.24,6,6.13,6.17,6,628072,3858151.56,18-Aug-2026,300,INE0GFE01026
FABTECH,EQ,145.9,146.99,143.56,145.73,145,145.91,158425,23006906.27,18-Aug-2026,1428,INE0HF201011
FACT,EQ,790,799.85,789,794.85,793.3,793.25,54378,43124895.95,18-Aug-2026,4178,INE188A01015
FAIRCHEMOR,BE,673.7,673.7,673.7,673.7,673.7,687.4,22221,14970287.70,18-Aug-2026,160,INE0DNW01011
FALCONTECH,SM,12.65,12.75,12.65,12.75,12.75,12.45,10800,137340.00,18-Aug-2026,9,INE0PQK01013
FAZE3Q,EQ,487.85,491.55,480.6,483.7,481,484.45,13043,6323415.65,18-Aug-2026,703,INE963C01033
FCSSOFT,EQ,1.52,1.52,1.49,1.49,1.49,1.51,1107587,1669249.16,18-Aug-2026,989,INE512B01022
FDC,EQ,354.3,355.75,350.9,351.55,351.95,354.3,67249,23748812.45,18-Aug-2026,4662,INE258B01022
FEDFINA,EQ,151.25,152,150.35,150.86,150.6,152,507069,76555281.71,18-Aug-2026,9524,INE007N01010
FEDDERSHOL,EQ,40.1,41.8,40.07,41,41.8,40.1,123208,5006462.31,18-Aug-2026,1204,INE417D01020
FEDERALBNK,EQ,354.2,358.6,352.5,357.8,357.8,354.1,2828360,1006094022.30,18-Aug-2026,40451,INE171A01029
FMGOETZE,EQ,454.25,469.75,451.05,462.65,466,453.95,38297,17719691.10,18-Aug-2026,1824,INE529A01010
FELIX,SM,183.9,189,183.9,185.6,187,182.9,66500,12413275.00,18-Aug-2026,102,INE901X01013
FERMENTA,EQ,460.15,465.7,442.05,454.2,457.15,457.05,118947,53711260.15,18-Aug-2026,5627,INE225B01021
FIBERWEB,EQ,27,27.54,25.31,26.48,26.24,26.96,70942,1892304.41,18-Aug-2026,482,INE296C01020
FIDEL,SM,134,139,134,135.25,135.25,135.9,5000,677250.00,18-Aug-2026,5,INE0LQQ01019
FIEMIND,EQ,2281.7,2293.9,2214.1,2219.1,2222.9,2281.7,131958,295780139.20,18-Aug-2026,16380,INE737H01014
FILATFASH,EQ,0.18,0.19,0.18,0.18,0.19,0.18,22162574,4059158.35,18-Aug-2026,1660,INE185E01021
FILATEX,EQ,82.5,87.27,82.49,86.75,86.6,82.72,5428534,464921745.06,18-Aug-2026,24668,INE816B01035
FINBUD,SM,140.4,141.9,138.6,140.45,140.85,139.4,12000,1685650.00,18-Aug-2026,12,INE0EDU01014
FINEORG,EQ,5147,5172,5070.2,5093.1,5110,5110.4,19759,100829030.90,18-Aug-2026,6624,INE686Y01026
FCL,EQ,43.36,44.6,42.2,43.81,44.1,43.41,9734413,421587300.92,18-Aug-2026,28541,INE045J01034
FINKURVE,EQ,71.7,79,70.39,78.19,77.35,72.93,466773,35949435.87,18-Aug-2026,4469,INE734I01027
FINOPB,EQ,147.49,153,147,151.74,150.6,146.95,508594,76381441.48,18-Aug-2026,7193,INE02NC01014
FINCABLES,EQ,1320.85,1339.3,1300.3,1329.35,1321.6,1320.85,884780,1169428845.00,18-Aug-2026,31200,INE235A01022
FINPIPE,EQ,159.9,160.3,157,158.34,158.77,159.36,461428,73149342.58,18-Aug-2026,16438,INE183A01024
FSL,EQ,267.6,268.45,263.15,263.85,264,267.75,767189,203041714.40,18-Aug-2026,13482,INE684F01012
FISCHER,EQ,37.95,38.41,36.9,38.13,38.13,37.27,3418002,128751042.08,18-Aug-2026,3480,INE771F01041
FIVESTAR,EQ,533.1,537.2,531.5,535.35,536,537.75,156612,83636753.20,18-Aug-2026,10384,INE128S01021
FLAIR,EQ,252,253.4,248.7,252.05,252,255.1,181752,45698984.50,18-Aug-2026,3718,INE00Y201027
FLEXITUFF,BE,3.05,3.1,2.89,2.89,2.89,3.04,170685,499508.79,18-Aug-2026,188,INE060J01017
FLYSBS,SM,520.1,539,511.1,520.95,524.75,527,157400,82363100.00,18-Aug-2026,400,INE0VCK01011
FWSTC,SM,190,191.25,190,190,190,190,33000,6294600.00,18-Aug-2026,6,INE0SQZ01015
FOCUS,BE,72.37,72.37,67.9,69.08,70,68.93,49091,3515539.75,18-Aug-2026,282,INE593W01028
FOODSIN,EQ,54.63,56.25,52.94,55,54.5,53.75,425803,23450213.78,18-Aug-2026,2700,INE976E01023
FORCAS,ST,215,217.5,210,210,210,207.5,17600,3766480.00,18-Aug-2026,9,INE0U2501017
FORCEMOT,EQ,18549,18726,18081,18200,18200,18605,77240,1412894004.00,18-Aug-2026,21540,INE451A01017
FORGEAUTO,SM,106,106,106,106,106,108,1200,127200.00,18-Aug-2026,1,INE0YKW01013
FORTIS,EQ,912.4,918.25,905.35,916.7,916.7,908.75,1108225,1012452474.75,18-Aug-2026,29643,INE061F01013
FOSECOIND,EQ,5550,5800,5480,5511.5,5500,5641,4538,25257611.00,18-Aug-2026,1120,INE519A01011
FRACTAL,EQ,817.9,834,804,825.5,821,818,467766,383720732.45,18-Aug-2026,22298,INE212S01015
FREDUN,EQ,1450.1,1499.8,1400,1436.7,1460,1474,28535,41317840.90,18-Aug-2026,2288,INE194R01017
FRESHARA,ST,340,358.7,338,352.95,358.7,341.65,19200,6669900.00,18-Aug-2026,28,INE0SFW01015
FROG,ST,211.2,215.4,211.2,215.4,215.4,211.2,10800,2307040.00,18-Aug-2026,15,INE385O01018
FRONTSP,EQ,1310.9,1310.9,1260,1284.7,1298,1287,37490,47917917.30,18-Aug-2026,4377,INE572D01014
NYKAA,EQ,325.4,328.45,320.6,320.6,320.6,327.05,1681742,543998634.20,18-Aug-2026,14809,INE388Y01029
UTLSOLAR,EQ,468.8,475,450,468.3,472,464.4,702439,322649841.50,18-Aug-2026,20228,INE12UR01024
FUSION,EQ,195.38,196.01,188.13,189.87,189.61,195.58,834013,158986232.12,18-Aug-2026,14834,INE139R01012
FLFL,BZ,1.2,1.21,1.14,1.16,1.21,1.2,45344,53384.16,18-Aug-2026,67,INE452O01016
FEL,BZ,0.39,0.4,0.39,0.4,0.4,0.39,122378,48434.73,18-Aug-2026,150,INE623B01027
FELDVR,BZ,2.48,2.54,2.3,2.42,2.42,2.42,1018,2433.20,18-Aug-2026,22,IN9623B01058
FMNL,BE,8.87,8.87,8.55,8.67,8.8,8.73,23886,206278.18,18-Aug-2026,129,INE360L01017
GMBREW,EQ,891.35,906.45,875,880.3,879.25,891.35,83951,74559749.60,18-Aug-2026,3534,INE075D01018
GRINFRA,EQ,871.6,874.35,866.55,868.8,867,871.6,7702,6701478.75,18-Aug-2026,1156,INE201P01022
GTECJAINX,BE,29.98,30.5,28.55,30.5,30.5,29.98,6427,193128.39,18-Aug-2026,55,INE586X01012
GABRIEL,EQ,1440,1484.4,1432.6,1467.6,1469,1442.5,203545,299196865.40,18-Aug-2026,21343,INE524A01029
GATECH,BE,0.81,0.81,0.8,0.8,0.81,0.78,30110999,24378134.77,18-Aug-2026,6853,INE224E01028
GATECHDVR,BE,0.52,0.52,0.5,0.51,0.52,0.5,462301,239948.33,18-Aug-2026,214,INE224E01036
GAIL,EQ,172.2,173.55,171.62,173.5,173.5,172.1,6079875,1049387056.51,18-Aug-2026,68278,INE129A01019
GAJANAND,SM,8,8,8,8,8,7.95,3000,24000.00,18-Aug-2026,1,INE0QTE01018
GALAPREC,EQ,1018,1067.9,1010.1,1059.6,1065,1018,50441,52572534.70,18-Aug-2026,3872,INE0RE001014
GML,SM,19.2,19.2,18.6,18.6,18.6,19.5,18000,340800.00,18-Aug-2026,7,INE09A801015
GALAXYSURF,EQ,2403,2459.9,2360.4,2438.4,2433.9,2403.7,131965,320098942.60,18-Aug-2026,18514,INE600K01018
GALLANTT,EQ,585.2,588.1,575.05,576.3,576,582.95,18807,10874917.80,18-Aug-2026,2015,INE297H01019
GANDHAR,EQ,247.4,256.9,247.4,255.1,255,246.69,2220605,564033824.15,18-Aug-2026,28256,INE717W01049
GANDHITUBE,EQ,877.25,891,875.2,887.3,886.1,877.25,5791,5123341.15,18-Aug-2026,427,INE524B01027
GANESHBE,BE,119.8,120,112.24,115.46,115.48,118.13,169253,19457424.78,18-Aug-2026,700,INE388A01029
GANESHCP,EQ,164.9,167.38,162.5,165.38,165,163.96,198021,32533616.98,18-Aug-2026,2678,INE652V01016
GGBL,SM,233.8,240,231.15,239.2,237.5,233.8,18000,4271040.00,18-Aug-2026,46,INE0R8C01018
GANESHHOU,EQ,837.95,853.5,828.95,847,846,838,38087,32052641.30,18-Aug-2026,2023,INE460C01014
GANESHIN,ST,110,117.3,108,117.3,117.3,111.75,120000,13898920.00,18-Aug-2026,110,INE0TVT01024
GANECOS,EQ,1101.9,1114.9,1079,1101.7,1105.1,1101.2,58466,64026092.20,18-Aug-2026,6542,INE845D01014
GANGABATH,SM,22.6,22.6,22.4,22.4,22.4,22.15,6000,135000.00,18-Aug-2026,2,INE0ZI101018
GANGAFORGE,EQ,2.37,2.37,2.37,2.37,2.37,2.49,668638,1584672.06,18-Aug-2026,912,INE691Z01023
GANGESSECU,EQ,120.85,123.4,119,120,120,120.31,4251,517765.31,18-Aug-2026,128,INE335W01016
GRSE,EQ,2600,2688,2592.9,2677,2681,2600.1,1265997,3375570996.50,18-Aug-2026,70492,INE382Z01011
GARUDA,EQ,182.4,184.5,180.72,182.88,183,182.48,357871,65332889.42,18-Aug-2026,5263,INE0JVO01026
GRWRHITECH,EQ,7000,7138,6951,7101,7121.5,7030,32049,225799431.50,18-Aug-2026,8996,INE291A01017
GARFIBRES,EQ,750,783,743.05,775.7,772.05,748.45,119840,92122456.65,18-Aug-2026,10594,INE276A01018
GATEWAY,EQ,55.22,55.22,54.4,54.51,54.5,55.15,867751,47495911.22,18-Aug-2026,10568,INE079J01017
GAUDIUMIVF,BE,118.36,118.36,118.36,118.36,118.36,120.77,13552,1604014.72,18-Aug-2026,238,INE0P8B01020
GAYAHWS,EQ,1.93,1.94,1.87,1.91,1.92,1.89,152362,290716.67,18-Aug-2026,267,INE287Z01012
GAYAPROJ,BE,21.8,22.17,21.09,21.75,21.8,22.2,705058,15370307.72,18-Aug-2026,1501,INE336H01023
GVPIL,EQ,724.2,724.7,696.65,705.05,703.5,731.15,531432,375611507.55,18-Aug-2026,14466,INE878A01011
GVT&D,EQ,4290,4306,4190,4195,4195,4290,512550,2165123038.40,18-Aug-2026,50193,INE200A01026
GEECEE,BE,363.7,373.9,360.05,365.05,365.05,368.8,174,63678.80,18-Aug-2026,14,INE916G01016
GEEKAYWIRE,EQ,23.05,23.64,23.05,23.14,23.2,23.26,82454,1916652.98,18-Aug-2026,913,INE669X01032
GEMAROMA,EQ,170,172,167.74,170.1,170.52,169.66,58590,9968199.35,18-Aug-2026,1231,INE06XZ01023
GICRE,EQ,356.5,360.4,354.55,359.9,359.15,355.5,744475,267024151.15,18-Aug-2026,14669,INE481Y01014
GENCON,EQ,39.94,39.94,38.2,38.81,39.04,39.16,348180,13606527.52,18-Aug-2026,783,INE854S01022
GENESYS-RE,BE,109,128,108,123.6,122,108.5,335699,38755613.30,18-Aug-2026,2474,INE727B20018
GENESYS,EQ,173.65,185.65,168.5,182.3,182.8,170.85,1145549,202465244.50,18-Aug-2026,18209,INE727B01026
GENSOL,BZ,17.9,18.32,17.45,18.32,18.32,17.45,30008,547879.64,18-Aug-2026,256,INE06H201014
GENUSPAPER,EQ,11.3,11.85,11.25,11.65,11.58,11.3,117137,1359555.62,18-Aug-2026,642,INE949P01018
GENUSPOWER,EQ,316,318.45,311,314.55,313,318.25,1107124,348393282.45,18-Aug-2026,17842,INE955D01029
GENXAI,SM,78.05,79.5,78.05,79,79,78.65,8400,662580.00,18-Aug-2026,7,INE1W0N01014
GEOJITFSL,EQ,79.31,81.61,79.31,80.24,80.5,79.31,250678,20188998.50,18-Aug-2026,3960,INE007B01023
GFLLIMITED,EQ,49.97,51.5,49.21,51.22,51.5,49.49,81157,4089300.19,18-Aug-2026,1543,INE538A01037
GHCL,EQ,432.55,443.95,430.4,439.55,440,432.4,136235,59880468.80,18-Aug-2026,5385,INE539A01019
GHCLTEXTIL,EQ,119.23,128.55,119.04,127.94,127.55,120.08,2134661,267031223.73,18-Aug-2026,19173,INE0PA801013
GICHSGFIN,EQ,139.3,139.9,138.01,138.16,138.27,139.39,77729,10776385.83,18-Aug-2026,1695,INE289B01019
GILLANDERS,EQ,90.5,92.03,87.54,91.54,91.52,88.49,3600,324541.59,18-Aug-2026,65,INE047B01011
GILLETTE,EQ,7569.5,7583.5,7506,7517.5,7522,7569.5,12673,95415039.50,18-Aug-2026,3500,INE322A01010
GINNIFILA,BE,45.38,45.7,44.2,45.02,45.25,44.66,15057,676222.12,18-Aug-2026,101,INE424C01010
GIRIRAJ,SM,72.2,72.2,72.2,72.2,72.2,68.8,10500,758100.00,18-Aug-2026,15,INE614Z01017
GKENERGY,EQ,124,126.72,123.3,123.72,123.43,124.43,282023,35074739.68,18-Aug-2026,4334,INE1AG301022
GKB,EQ,69,69,60.46,63.03,60.46,65,1217,79022.06,18-Aug-2026,24,INE265D01015
GKWLIMITED,EQ,1619,1619,1602,1609.2,1617,1607.9,134,216638.50,18-Aug-2026,9,INE528A01020
GLAND,EQ,2904,2925,2850,2858.6,2855,2910.2,488656,1407492405.50,18-Aug-2026,30951,INE068V01023
GLAXO,EQ,2700,2919,2691.1,2877.4,2904,2702.9,477841,1336849497.50,18-Aug-2026,47614,INE159A01016
GLENMARK,EQ,2317.4,2332.9,2305,2305,2305,2329,379551,878733188.40,18-Aug-2026,20714,INE935A01035
GLOBAL,EQ,107.45,111.4,105.3,109.13,109.25,107.47,160551,17428190.58,18-Aug-2026,1558,INE291W01037
MEDANTA,EQ,1415.7,1447,1410.9,1442.7,1446.9,1415.1,309148,441312911.40,18-Aug-2026,16921,INE474Q01031
GSLSU,EQ,35.38,35.39,33.74,35.18,35.39,33.71,253370,8895240.60,18-Aug-2026,949,INE0JSX01015
GLOBALVECT,EQ,150,153,148.12,150.05,149,149,8307,1247869.88,18-Aug-2026,309,INE792H01019
GLOBALE,EQ,11,11.29,10.9,11.11,11.29,10.87,4785,52475.26,18-Aug-2026,39,INE0URU01010
GLOBECIVIL,EQ,45.38,45.5,44.03,44.62,44.65,44.86,34332,1543525.14,18-Aug-2026,206,INE0V3U01015
GLOBE,EQ,2.03,2.03,1.94,1.95,1.96,2,425706,843343.65,18-Aug-2026,275,INE581X01021
GICL,EQ,23.75,23.9,23.09,23.68,23.69,23.38,383201,9050391.48,18-Aug-2026,497,INE947T01022
GSTL,SM,15.3,15.3,14.25,14.95,14.95,15,8000,117200.00,18-Aug-2026,8,INE00WS01056
GLOBUSSPR,EQ,882,914,881.75,899.5,903,881.75,374512,336317189.20,18-Aug-2026,13244,INE615I01010
GLOSTERLTD,EQ,629.55,629.55,600.1,604.7,605,619.75,1992,1210644.10,18-Aug-2026,258,INE350Z01018
GLOTTIS,BE,65.07,65.9,64.81,64.99,65.01,66.1,30097,1957089.18,18-Aug-2026,195,INE0TQE01026
GMMPFAUDLR,EQ,1053,1059,1020,1031.25,1035,1056.55,183397,190427958.50,18-Aug-2026,13107,INE541A01023
GMRAIRPORT,EQ,102.02,102.56,101.05,101.39,101.39,101.31,6639327,676298453.92,18-Aug-2026,21476,INE776C01039
GMRP&UI,EQ,96.7,98.61,96.03,96.3,96.1,96.7,849279,82075397.55,18-Aug-2026,11193,INE0CU601026
GNA,EQ,563,592,561.55,581.5,578.05,561.55,692414,399421610.65,18-Aug-2026,15300,INE934S01014
EBGNG,EQ,595,595,568,570.7,570,593,306764,176810949.50,18-Aug-2026,12332,INE18JU01028
GODIGIT,EQ,254.8,256.9,254.05,255.75,256.2,254.85,58616,14947503.95,18-Aug-2026,3864,INE03JT01014
GOCOLORS,EQ,344,349.6,340.35,346.85,347,344.05,178442,61531266.50,18-Aug-2026,3194,INE0BJS01011
GOACARBON,EQ,360,361.9,351,353.3,352.55,355.95,20971,7448350.90,18-Aug-2026,961,INE426D01013
GOCLCORP,EQ,408,413,401,401.65,401.2,408,42815,17293117.90,18-Aug-2026,2282,INE077F01035
GODAVARIB,EQ,245.1,256.45,245.1,250.3,249.9,245.6,248159,62231322.05,18-Aug-2026,5342,INE497S01012
GPIL,EQ,251.01,256,248.07,255.22,255,250.82,2695925,683401894.05,18-Aug-2026,47440,INE177H01039
GODFRYPHLP,EQ,2130,2141.7,2102.3,2102.3,2102.3,2131,145007,306540062.30,18-Aug-2026,11751,INE260B01028
GODREJAGRO,EQ,599,599,585.2,588.7,586,597,196758,116417532.45,18-Aug-2026,9848,INE850D01014
GODREJCP,EQ,935,936.4,920,931,931,928,1452987,1350751925.90,18-Aug-2026,29283,INE102D01028
GODREJIND,EQ,1225,1245.1,1189.7,1229.9,1225,1223,197223,240144912.40,18-Aug-2026,14051,INE233A01035
GODREJPROP,EQ,2045.1,2055.2,1990.1,1997.4,1997.4,2054,687150,1382268720.70,18-Aug-2026,29261,INE484J01027
679GS2031,GS,102,102,102,102,102,102,50,5100.00,18-Aug-2026,1,IN0020240191
692GS2039,GS,101,101,101,101,101,100.5,500,50500.00,18-Aug-2026,1,IN0020240134
709GS2074,GS,96.6,96.8,96.2,96.45,96.45,96.6,19955,1925239.75,18-Aug-2026,31,IN0020240142
601GS2030,GS,99.9,100.1,97.93,98,100.1,100.1,1597,156512.08,18-Aug-2026,9,IN0020250067
610GS2031,GS,99.2,99.2,99.2,99.2,99.2,99.35,1,99.20,18-Aug-2026,1,IN0020210095
633GS2035,GS,97.31,97.31,97.31,97.31,97.31,101,4600,447626.00,18-Aug-2026,1,IN0020250026
654GS2032,GS,100.2,100.2,99.4,99.5,99.5,100,9807,976115.80,18-Aug-2026,3,IN0020210244
667GS2050,GS,92.65,92.65,92.44,92.44,92.44,92.1,3987,368639.23,18-Aug-2026,14,IN0020200252
668GS2033,GS,99.9,99.9,99.9,99.9,99.9,100,100,9990.00,18-Aug-2026,1,IN0020250133
668GS2040,GS,97.55,99.45,97.25,97.25,97.25,97.55,13051,1295664.75,18-Aug-2026,11,IN0020250042
676GS2061,GS,94.48,95,94.48,94.77,94.77,94.05,35608,3376047.56,18-Aug-2026,23,IN0020200401
68GS2060,GS,93.3,93.3,93.1,93.29,93.1,93.3,262,24444.40,18-Aug-2026,4,IN0020200187
690GS2065,GS,95,95,94.8,94.8,94.8,94.54,14597,1385795.60,18-Aug-2026,6,IN0020250018
694GS2036,GS,103.1,103.1,102.25,102.5,102.5,101.86,10045,1032577.50,18-Aug-2026,8,IN0020260025
695GS2061,GS,94.8,94.8,94.8,94.8,94.8,94.01,4879,462529.20,18-Aug-2026,2,IN0020210202
699GS2051,GS,95.71,95.71,95.71,95.71,95.71,96,1,95.71,18-Aug-2026,1,IN0020210194
702GS2027,GS,104,104,103.4,103.4,103.4,103.98,2,207.40,18-Aug-2026,2,IN0020240043
704GS2029,GS,102.5,102.5,102.5,102.5,102.5,102.5,25,2562.50,18-Aug-2026,1,IN0020240050
706GS2041,GS,102.5,102.5,102.5,102.5,102.5,101.99,1,102.50,18-Aug-2026,1,IN0020260041
709GS2054,GS,97.8,97.8,97,97,97,97.55,38970,3780141.50,18-Aug-2026,14,IN0020240118
717GS2030,GS,103.7,103.7,103.26,103.26,103.26,104.7,2001,207503.26,18-Aug-2026,2,IN0020230036
718GS2033,GS,102.55,103.1,102.5,103.1,103.1,102.5,11500,1184165.10,18-Aug-2026,7,IN0020230085
718GS2037,GS,103.2,103.2,102.6,102.6,102.6,102.66,2161,221839.20,18-Aug-2026,3,IN0020230077
724GS2055,GS,98.8,98.84,98,98.38,98.39,98.97,80103,7872761.30,18-Aug-2026,83,IN0020250075
725GS2063,GS,98.5,98.6,98,98.43,98.45,98.44,118658,11676911.72,18-Aug-2026,55,IN0020230044
726GS2032,GS,105.51,106.25,105.51,106.25,106.25,106.5,3790,401207.50,18-Aug-2026,3,IN0020220060
73GS2053,GS,100.55,100.55,100,100.47,100.35,100.24,12592,1262161.15,18-Aug-2026,12,IN0020230051
732GS2030,GS,104.11,108.2,103.87,103.89,108.2,104,23631,2455215.64,18-Aug-2026,6,IN0020230135
733GS2026,GS,102.31,102.31,102.31,102.31,102.31,101.7,1798,183953.38,18-Aug-2026,3,IN0020230119
734GS2064,GS,100.5,100.5,100.4,100.49,100.49,100.49,47616,4785091.00,18-Aug-2026,34,IN0020240035
736GS2052,GS,101.46,101.5,101.4,101.5,101.5,103.75,9518,965711.10,18-Aug-2026,6,IN0020220086
737GS2028,GS,104.1,104.98,104.1,104.98,104.98,105,19601,2040660.98,18-Aug-2026,9,IN0020230101
74GS2062,GS,101.9,101.9,101.26,101.3,101.3,101.01,1401,142581.26,18-Aug-2026,5,IN0020220094
741GS2036,GS,105.5,105.8,105.43,105.6,105.6,104.91,20255,2136502.18,18-Aug-2026,23,IN0020220102
743GS2076,GS,100.66,101.25,100.05,101.11,101.25,100.66,3167,318214.50,18-Aug-2026,23,IN0020250117
746GS2073,GS,101.35,101.55,100.56,100.99,100.56,100.75,18794,1899534.70,18-Aug-2026,30,IN0020230127
750GS2056,GS,103,103,101.1,101.82,101.82,103,1179,120386.22,18-Aug-2026,19,IN0020260017
754GS2036,GS,106.91,107.15,106.76,106.91,106.93,106.9,319854,34191251.31,18-Aug-2026,134,IN0020220029
771GS2066,GS,104.78,104.78,104.3,104.36,104.3,104.81,4421,462309.32,18-Aug-2026,12,IN0020260033
1018GS2026,GS,104.74,104.74,104.74,104.74,104.74,104.35,190,19900.60,18-Aug-2026,3,IN0020010081
710GS2029,GS,103.11,103.52,103.11,103.51,103.5,103.42,1491,154320.95,18-Aug-2026,4,IN0020220011
738GS2027,GS,102.26,102.35,102,102.21,102.21,102.35,110858,11333328.71,18-Aug-2026,120,IN0020220037
824GS2027,GS,105.9,105.9,105.9,105.9,105.9,106,10,1059.00,18-Aug-2026,1,IN0020060078
92GS2030,GS,113,115.2,113,115.16,114.8,114,40330,4609014.44,18-Aug-2026,36,IN0020130053
182D241226,TB,97.51,97.51,97.51,97.51,97.51,97.51,900,87759.00,18-Aug-2026,1,IN002026Y121
182D291026,TB,98.55,98.55,97.93,97.93,97.93,98.55,1500,147205.00,18-Aug-2026,2,IN002026Y048
364D110327,TB,96.1,96.1,96.1,96.1,96.1,96.1,100,9610.00,18-Aug-2026,1,IN002025Z492
364D121126,TB,99,99,98.5,98.5,98.5,97.2,50000,4937500.00,18-Aug-2026,2,IN002025Z336
364D240627,TB,94,94,94,94,94,94,900,84600.00,18-Aug-2026,1,IN002026Z128
91D011026,TB,99.15,99.15,99.15,99.15,99.15,99.14,100,9915.00,18-Aug-2026,1,IN002026X131
91D030926,TB,99.68,99.68,99.68,99.68,99.68,99.55,300,29904.00,18-Aug-2026,3,IN002026X099
91D240926,TB,99.28,99.28,99.02,99.02,99.02,99.02,2000,198118.00,18-Aug-2026,5,IN002026X123
91D280826,TB,99.79,99.79,99.78,99.78,99.78,99.63,600,59871.00,18-Aug-2026,4,IN002026X081
91D291026,TB,98.6,98.6,98.45,98.45,98.45,98.6,400,39395.00,18-Aug-2026,2,IN002026X172
GOKEX,EQ,807.9,823.45,799.15,812.4,812.8,804.1,596734,485855012.30,18-Aug-2026,23640,INE887G01027
GOKULAGRO,EQ,229.5,240.2,229.5,236.92,235.3,231.66,319417,75529662.33,18-Aug-2026,7178,INE314T01033
GOKUL,EQ,38.5,39.4,38.4,39.01,39.4,38.68,133664,5185363.40,18-Aug-2026,367,INE020J01029
GOLDENTOBC,BZ,26.15,26.15,24,24.51,24.51,24.99,249,6401.10,18-Aug-2026,20,INE973A01010
GOLDIAM,EQ,372,372,360.05,361.75,362,374.4,1088172,395878375.95,18-Aug-2026,18003,INE025B01025
GOLDKART,SM,94,94,85.75,85.75,85.75,90.25,2500,224687.50,18-Aug-2026,4,INE06MH01016
GOLDSTAR,SM,8.45,8.45,8.1,8.35,8.4,8.05,315000,2644875.00,18-Aug-2026,26,INE405Y01021
GOODLUCK,EQ,1319,1346.3,1310,1330,1331,1311.1,224634,298237920.90,18-Aug-2026,11010,INE127I01024
GOODYEAR,EQ,769.75,773.6,759.7,763.5,765,765.35,4124,3151180.25,18-Aug-2026,420,INE533A01012
GOPAL,EQ,272,276.5,270.75,274.15,274.9,270.75,182670,50006103.10,18-Aug-2026,8218,INE0L9R01028
GOYALALUM,EQ,6.45,6.45,6.29,6.33,6.39,6.4,56851,362998.07,18-Aug-2026,334,INE705X01026
GOYALSALT,SM,107,107,105,105.85,105,107,12000,1270800.00,18-Aug-2026,6,INE0QFE01017
GPECO,ST,377.9,379.85,366.9,371.1,371.5,378.65,16800,6252790.00,18-Aug-2026,64,INE0S7E01015
GULFPETRO,BE,61.27,63,59.27,62.81,62.8,61.57,288388,17555295.04,18-Aug-2026,1036,INE586G01017
GPTHEALTH,EQ,153.32,154.54,151.48,153.13,153.5,153.32,76600,11688149.15,18-Aug-2026,3685,INE486R01017
GPTINFRA,EQ,114.4,116.59,114.06,115.12,114.33,115.06,35571,4087668.50,18-Aug-2026,1000,INE390G01014
GRADIENTE,EQ,2.84,2.86,2.78,2.8,2.8,2.77,1902436,5351548.24,18-Aug-2026,272,INE361K01017
GCHOTELS,ST,100.85,102.55,100.5,102,102.55,97.7,76200,7792740.00,18-Aug-2026,73,INE12E301017
GRANDOAK,EQ,38.53,40.05,38.1,39.55,39.88,38.15,5451,216073.02,18-Aug-2026,108,INE926B01016
GRANULES,EQ,863,868.5,848.45,851.2,852.05,861.55,407105,347579140.50,18-Aug-2026,19420,INE101D01020
GRAPHISAD,SM,26.65,27.3,26,26.5,26.5,26,8400,221940.00,18-Aug-2026,7,INE0POU01017
GRAPHITE,EQ,728,741.8,724.1,737.15,736.2,729.5,943780,694176012.45,18-Aug-2026,25302,INE371A01025
GRASIM,EQ,3257,3297.7,3250.5,3278.7,3278.7,3250.5,1498859,4915674508.80,18-Aug-2026,69326,INE047A01021
GRAUWEIL,EQ,67.96,68.39,66.2,66.43,66.5,67.96,110940,7417071.89,18-Aug-2026,2605,INE266D01021
GRAVISSHO,EQ,28.7,30.87,28.7,28.86,28.86,28.53,63,1830.94,18-Aug-2026,7,INE214F01026
GRAVITA,EQ,1821.7,1834.4,1802,1814.1,1811.2,1821.7,138790,252148810.30,18-Aug-2026,17559,INE024L01027
GREAVESCOT,EQ,194.2,200.95,194.01,198.59,198.16,195.01,1164415,230575113.47,18-Aug-2026,14624,INE224A01026
GREENCHEF,SM,52.4,53.75,52,52.85,52,52.4,3200,168440.00,18-Aug-2026,4,INE0O7P01015
GREENLAM,EQ,250.95,258.4,250.8,255.65,255,252.8,144651,36860967.80,18-Aug-2026,3857,INE544R01021
GREENLEAF,ST,129,129,120.55,120.55,120.55,126.85,3000,370100.00,18-Aug-2026,3,INE0PLX01017
GREENPANEL,EQ,170.52,172.06,164.9,166.15,170.9,169.59,266864,44526693.20,18-Aug-2026,6801,INE08ZM01014
GREENPLY,EQ,285.8,288.75,281.6,287.55,286.4,286.3,176270,50257722.15,18-Aug-2026,2185,INE461C01038
GCSL,EQ,490.35,531,481.25,512.3,518.8,492.4,826194,423037829.65,18-Aug-2026,10291,INE199P01028
GRINDWELL,EQ,2159,2168.8,2094.5,2101.3,2102,2163.5,24964,53048628.70,18-Aug-2026,7238,INE536A01023
GRMOVER,EQ,88.87,90.3,87.21,87.51,87.4,88.28,1117753,99090865.88,18-Aug-2026,9316,INE192H01020
GJL,ST,209,226.8,209,225.1,226.8,220,4000,887520.00,18-Aug-2026,3,INE1TY801010
CEMNTGROWW,EQ,15.28,15.28,14.85,14.96,14.95,15.09,66472,997763.89,18-Aug-2026,470,INF666M01PH7
GROWWCAPM,EQ,11.2,11.26,11.08,11.23,11.23,11.25,256075,2862134.14,18-Aug-2026,783,INF666M01MM4
GROWWCHEM,EQ,30.58,30.84,30.4,30.56,30.41,30.74,43819,1345469.12,18-Aug-2026,215,INF666M01NP5
GROWWDEFNC,EQ,98.82,99.99,97.94,99.59,99.98,98.82,228994,22745439.33,18-Aug-2026,3281,INF666M01IO8
GROWWEV,EQ,34.18,34.29,33.86,33.93,33.9,34.18,953644,32517924.68,18-Aug-2026,1825,INF666M01IH2
GROWWGOLD,EQ,14.91,14.97,14.9,14.94,14.95,14.93,1752345,26175185.50,18-Aug-2026,3626,INF666M01OE7
GROWWHOSPI,EQ,53.28,53.28,52.3,52.55,52.69,52.67,286510,15047479.74,18-Aug-2026,1233,INF666M01OD9
GROWWLIQID,EQ,110.37,110.39,110.37,110.38,110.38,110.37,507022,55966322.02,18-Aug-2026,195,INF666M01IP5
GROWWLOVOL,EQ,10.59,10.59,10.35,10.48,10.47,10.55,5709,59847.43,18-Aug-2026,104,INF666M01LB9
GROWWMC150,EQ,239.8,239.8,233.52,236,236,237.43,3324,782289.46,18-Aug-2026,59,INF666M01MV5
GROWWMETAL,EQ,12.5,12.51,12.3,12.36,12.31,12.42,192173,2390409.41,18-Aug-2026,1015,INF666M01NI0
GROWWMOM50,EQ,11.47,11.47,10.98,11.04,11.02,11.04,44426,490112.03,18-Aug-2026,372,INF666M01KJ4
GROWWN200,EQ,11.55,11.55,11.38,11.39,11.48,11.55,132945,1516897.31,18-Aug-2026,261,INF666M01JV1
GROWWNET,EQ,10.84,10.84,10.5,10.56,10.56,10.65,273605,2888561.79,18-Aug-2026,659,INF666M01LI4
GROWWNIFTY,EQ,9.94,9.94,9.71,9.84,9.9,9.82,627312,6146499.60,18-Aug-2026,3139,INF666M01LL8
GROWWNXT50,EQ,75.27,75.27,74.65,74.84,74.65,75.27,2649,198441.65,18-Aug-2026,77,INF666M01LZ8
GROWWPOWER,EQ,11.73,11.73,11.42,11.44,11.44,11.52,1978128,22710969.07,18-Aug-2026,2452,INF666M01LM6
GROWWPSE,EQ,99,99.56,98.59,98.77,99.56,99.32,2644,261169.00,18-Aug-2026,43,INF666M01NQ3
GROWWPSUBK,EQ,86.4,87.73,86.4,86.99,87,87.63,1670,145061.82,18-Aug-2026,54,INF666M01OG2
GROWWRAIL,EQ,29.34,29.34,28.8,28.87,28.94,29.05,534897,15473306.51,18-Aug-2026,2113,INF666M01JJ6
GROWWRLTY,EQ,10.4,10.48,9.77,10.08,10.1,10.2,459069,4633009.14,18-Aug-2026,598,INF666M01MN2
GROWWSC250,EQ,10.59,10.62,10.54,10.57,10.57,10.59,135667,1433406.41,18-Aug-2026,517,INF666M01MO0
GROWWSLVR,EQ,22.63,22.84,22.63,22.71,22.74,22.91,600546,13655927.37,18-Aug-2026,1728,INF666M01OF4
PVTBKGROWW,EQ,27.83,27.83,27.3,27.31,27.39,27.5,3200,87533.51,18-Aug-2026,66,INF666M01OT5
SMALLGROWW,EQ,47.94,49.14,47.89,48.86,49,48.64,7056,344963.48,18-Aug-2026,84,INF666M01PG9
GRPLTD,EQ,2049.2,2055.8,1989.9,2001.8,2008.8,2049.2,1352,2721236.10,18-Aug-2026,196,INE137I01015
GSMFOILS,SM,88.25,88.25,88.25,88.25,88.25,92.85,26000,2294500.00,18-Aug-2026,29,INE0SQY01018
GSPCROP,EQ,589.65,600,589.55,590.9,589.55,589.75,207126,123488619.20,18-Aug-2026,3167,INE713R01022
GSS,EQ,13.34,13.34,12.89,13.08,13.05,13.01,15957,208373.01,18-Aug-2026,116,INE871H01011
GTLINFRA,EQ,1.21,1.22,1.2,1.21,1.21,1.21,11833145,14359126.51,18-Aug-2026,10907,INE221H01019
GTL,EQ,7.5,7.74,7.24,7.47,7.47,7.41,193898,1453351.99,18-Aug-2026,610,INE043A01012
GTPL,EQ,54.04,54.5,53,53.5,53.45,54.04,14308,764869.15,18-Aug-2026,549,INE869I01013
GUFICBIO,EQ,421.5,429.95,413.1,421.4,420.05,418.2,120133,50617952.15,18-Aug-2026,5569,INE742B01025
GIPCL,EQ,174.35,176.52,171.15,171.63,172.05,174.44,439397,76441338.29,18-Aug-2026,4498,INE162A01010
GNFC,EQ,600.9,619,599,609.75,608.6,600.65,1477642,902363348.45,18-Aug-2026,40453,INE113A01013
GSFC,EQ,159.4,161.11,159.4,160.43,160.28,159.87,667193,106876818.90,18-Aug-2026,14350,INE026A01025
GUJAPOLLO,EQ,350.3,350.3,342.6,348.4,350,349.15,5057,1750690.35,18-Aug-2026,221,INE826C01016
GUJALKALI,EQ,690,692.95,675.1,678.55,683.5,680.45,48455,33046045.10,18-Aug-2026,3226,INE186A01019
GAEL,EQ,172,178.8,171.7,177.76,177,172.75,1908212,336400875.64,18-Aug-2026,21109,INE036B01030
GUJENERGY,EQ,276,278,267.3,269.4,269.8,276.5,2873077,777719640.80,18-Aug-2026,34942,INE844O01030
FLUOROCHEM,EQ,4700,4775,4651,4674.8,4705.2,4707.5,123083,578657159.80,18-Aug-2026,14506,INE09N301011
GKSL,EQ,152,154.97,145,153.46,152.79,151.36,3024980,461590531.06,18-Aug-2026,22229,INE0V0W01025
GLFL,EQ,5.9,5.9,5.6,5.71,5.84,5.64,8104,47345.52,18-Aug-2026,36,INE540A01017
GMDCLTD,EQ,574.05,585.65,568.1,570.7,569.25,574,787437,454330459.30,18-Aug-2026,24523,INE131A01031
GNRL,EQ,103.5,105.56,103.5,104.34,104.8,103.69,41822,4354916.39,18-Aug-2026,1212,INE207H01018
GPPL,EQ,160.2,163.64,160,160.48,160.5,159.57,1891002,305426227.92,18-Aug-2026,21974,INE517F01014
GUJRAFFIA,EQ,41.32,42.45,41.19,42.41,42.45,41.32,1781,75173.28,18-Aug-2026,50,INE610B01024
GUJTHEM,EQ,350,377,349,371.3,374.7,351.25,260880,95903668.80,18-Aug-2026,6455,INE942C01045
GULFOILLUB,EQ,1174.6,1184.3,1167.2,1173.2,1170.9,1174.6,48680,57213109.40,18-Aug-2026,4362,INE635Q01029
GULPOLY,EQ,193.45,194.38,187.2,187.75,187.99,192.06,286706,54518617.23,18-Aug-2026,5546,INE255D01024
GURUNANAK,SM,39,39,37.05,37.05,37.05,39,14400,549680.00,18-Aug-2026,7,INE1CCX01012
GVKPIL,BE,2.35,2.38,2.31,2.33,2.37,2.34,945506,2221678.02,18-Aug-2026,647,INE251H01024
GVPTECH,EQ,7.02,7.1,6.91,6.98,6.98,7.02,28330,199009.22,18-Aug-2026,162,INE382T01030
GYFTR,EQ,162.23,162.61,155.21,157.94,157.5,162.22,47780,7591878.80,18-Aug-2026,776,INE724A01017
HBESD,EQ,74.5,76.5,74.5,75,75,75.41,390,29201.50,18-Aug-2026,14,INE640B01021
HGINFRA,EQ,514.5,517.3,505,507.7,508.9,514.5,71433,36500847.00,18-Aug-2026,3704,INE926X01010
HALDER,EQ,294.92,299.5,286,290.66,293,294.92,29702,8758752.69,18-Aug-2026,472,INE115S01010
HALDYNGL,BE,126.99,127.5,124,125.74,127,126.36,54261,6848581.74,18-Aug-2026,172,INE506D01020
HALEOSLABS,EQ,1448.1,1489.4,1448.1,1478.9,1484,1437.5,404,597038.20,18-Aug-2026,67,INE320X01016
HAMPTON,EQ,7.2,8.4,7.2,8.12,8.14,7.95,26801,212632.70,18-Aug-2026,113,INE299D01022
HGM,EQ,45.95,45.95,43.03,44.66,45,45.06,2458,109480.78,18-Aug-2026,78,INE596H01014
HAPPSTMNDS,EQ,425,427.4,416.3,419.95,418.7,426.8,1179012,496670588.80,18-Aug-2026,26635,INE419U01012
HAPPYFORGE,EQ,2209.2,2296.7,2209.2,2260.6,2265,2198.1,175740,397628629.40,18-Aug-2026,22523,INE330T01021
WHITEFORCE,SM,34.7,34.7,34.7,34.7,34.7,34.65,1600,55520.00,18-Aug-2026,1,INE0TLP01015
HAPPY,SM,65,67.65,64.5,66.75,67.4,66,46000,3053800.00,18-Aug-2026,19,INE1GFG01011
HARDWYN,EQ,10.95,11.11,8.8,9.42,9.58,10.95,9633380,92914402.42,18-Aug-2026,12319,INE626Z01029
HARIOMPIPE,EQ,347,357,346.05,352.95,354,346.45,140777,49655389.30,18-Aug-2026,4055,INE00EV01017
HRYNSHP,EQ,101,104,100.9,101.78,103.92,101,1931,195752.38,18-Aug-2026,37,INE400G01011
HARRMALAYA,EQ,194.99,194.99,188.05,189.03,190,193.47,25832,4921608.28,18-Aug-2026,735,INE544A01019
HARSHA,EQ,427.95,439.9,421.75,436.4,439.9,425.6,224480,97297684.60,18-Aug-2026,8121,INE0JUS01029
HATHWAY,EQ,10.54,10.61,10.5,10.51,10.51,10.59,825113,8702035.23,18-Aug-2026,1678,INE982F01036
HATSUN,EQ,974.05,993.65,969.55,985.35,975,968.8,59772,58888958.50,18-Aug-2026,9732,INE473B01035
HAVELLS,EQ,1299,1311.8,1286.1,1299.7,1299.7,1299,1021226,1322772126.50,18-Aug-2026,35307,INE176B01034
HAWKINCOOK,EQ,8342.5,8410,8116,8235,8200,8340,2401,19777321.50,18-Aug-2026,465,INE979B01015
HAZOOR,EQ,21.49,22,20.5,21.34,21.25,21.49,36400,775003.16,18-Aug-2026,284,INE550F01049
HBPOR,EQ,59,62.99,58,60.94,59.27,62.99,2387,144965.93,18-Aug-2026,34,INE638B01025
HBSL,EQ,56.9,57.2,54.6,56.13,54.81,56.9,2327,130639.06,18-Aug-2026,46,INE550B01022
HBLENGINE,EQ,675,677.55,667.15,670.05,670.7,674.6,635709,426374481.65,18-Aug-2026,21741,INE292B01021
HCL-INSYS,EQ,11.66,11.66,11.26,11.32,11.32,11.24,77067,875512.82,18-Aug-2026,414,INE236A01020
HCLTECH,EQ,1318,1320,1292.5,1298,1298,1325,3056990,3976027860.50,18-Aug-2026,74688,INE860A01027
HDBFS,EQ,683,701,674.85,698.15,700,683.9,513419,354760723.70,18-Aug-2026,15149,INE756I01012
HDFCAMC,EQ,2525.9,2536.9,2491.3,2525,2525,2523,672054,1689092567.30,18-Aug-2026,39750,INE127D01025
HDFCBANK,EQ,726.3,729,723,723,723,729,17916507,12984034098.10,18-Aug-2026,256567,INE040A01034
HDFCGOLD,EQ,133.88,133.88,130.23,130.71,130.75,130.62,1936116,253004804.91,18-Aug-2026,6867,INF179KC1981
HDFCLIFE,EQ,541.95,542.9,537.55,538.25,538.25,543,1271552,686986995.60,18-Aug-2026,32893,INE795G01014
HDFCBSE500,EQ,38.75,38.75,37.58,37.75,37.7,38.12,643658,24404335.19,18-Aug-2026,240,INF179KC1EZ4
HDFCGROWTH,EQ,121.37,123.04,120.6,120.98,121.24,121.37,72788,8804845.34,18-Aug-2026,168,INF179KC1DJ0
HDFCLIQUID,EQ,1079.4,1079.4,1074.16,1074.18,1074.18,1074.03,18536,19911056.49,18-Aug-2026,41,INF179KC1JG3
HDFCLOWVOL,EQ,20.9,21,20.84,20.85,21,21,2537,52965.48,18-Aug-2026,47,INF179KC1HU8
HDFCMID150,EQ,23.75,23.81,23.57,23.65,23.69,23.71,568827,13483994.52,18-Aug-2026,1352,INF179KC1HT0
HDFCMOMENT,EQ,31.53,31.56,31.26,31.42,31.26,31.47,108742,3418369.04,18-Aug-2026,730,INF179KC1HV6
HDFCNEXT50,EQ,76.35,76.4,75.71,75.83,76.09,76.35,101344,7712927.45,18-Aug-2026,629,INF179KC1HS2
HDFCNIF100,EQ,26.44,26.44,26.2,26.22,26.37,26.31,43431,1139817.59,18-Aug-2026,217,INF179KC1HR4
HDFCNIFBAN,EQ,59.51,59.51,58.97,59.23,59.38,59.54,279639,16555820.45,18-Aug-2026,431,INF179KC1HY0
HDFCNIFIT,EQ,32.99,33.26,32.31,32.34,32.49,32.99,261717,8504472.87,18-Aug-2026,488,INF179KC1IA8
HDFCNIFTY,EQ,281.76,281.76,272.9,273.21,273.24,274.89,102395,27977060.24,18-Aug-2026,695,INF179KC1965
HDFCNIMEG,EQ,131.18,131.18,130.14,130.47,130.83,131.79,44618,5828198.78,18-Aug-2026,55,INF179KC1KT4
HDFCPVTBAN,EQ,28.76,28.76,27.78,27.84,27.78,28.06,147629,4109837.97,18-Aug-2026,499,INF179KC1HZ7
HDFCQUAL,EQ,59.7,59.7,58.97,59.2,59.5,59.72,24197,1434721.34,18-Aug-2026,114,INF179KC1DL6
HDFCSENSEX,EQ,87.55,88.24,87.55,87.77,87.7,88.25,13547,1189823.48,18-Aug-2026,506,INF179KC1HX2
HDFCSILVER,EQ,225.88,225.88,220.68,221.55,221.74,223.64,1592562,353236759.01,18-Aug-2026,8450,INF179KC1DI2
HDFCSML250,EQ,189.83,189.83,184.5,184.78,184.75,185.2,1107563,204724054.46,18-Aug-2026,6865,INF179KC1FB2
HDFCVALUE,EQ,126.26,126.4,125.63,126,126.29,126.6,7620,960479.96,18-Aug-2026,98,INF179KC1DK8
HDFCPSUBK,EQ,87,88.51,86.98,87.17,86.98,87.93,46940,4117885.38,18-Aug-2026,220,INF179KC1HW4
HEADSUP,EQ,6.69,6.82,6.32,6.67,6.61,6.69,24061,158442.16,18-Aug-2026,190,INE759V01019
HEALTHX,EQ,287.55,295.9,287.5,288.5,294.7,291.5,3922,1136060.15,18-Aug-2026,114,INE019J01013
HCG,EQ,717,721.9,707,713.65,713,712.35,101694,72568787.70,18-Aug-2026,9208,INE075I01017
HECPROJECT,EQ,118.05,124.74,118.05,119.3,119.45,119.89,15932,1933333.42,18-Aug-2026,332,INE558R01013
HEG,EQ,697.5,749,696,739.25,744.2,698.3,5430733,3980501044.15,18-Aug-2026,90350,INE545A01024
HEIDELBERG,EQ,161,161.79,159.81,160.06,160,160.22,82281,13216158.77,18-Aug-2026,1264,INE578A01017
HEMIPROP,EQ,134,134.5,132,132.33,132.39,134.27,235829,31343270.23,18-Aug-2026,1865,INE0AJG01018
HERANBA,EQ,167,167.55,161,161.83,161.64,166.23,56731,9226879.53,18-Aug-2026,1630,INE694N01015
HERITGFOOD,EQ,364.3,366.4,356.25,359.6,359.25,363.65,164947,59376009.20,18-Aug-2026,5120,INE978A01027
HEROMOTOCO,EQ,5745,5778,5694.5,5745.5,5745.5,5745,485939,2784423479.50,18-Aug-2026,43032,INE158A01026
HESTERBIO,EQ,2418.8,2496,2408.6,2451.2,2413.5,2417.6,5947,14665647.90,18-Aug-2026,1274,INE782E01017
HEXATRADEX,EQ,157.7,160.65,157,158.68,159.58,157.31,2060,325800.70,18-Aug-2026,47,INE750M01017
HEXAGON,BE,63.25,66.41,63.02,66.41,66.41,63.25,468436,30455803.65,18-Aug-2026,1335,INE0JUI01012
HEXT,EQ,562,568.75,550.2,552.75,551.4,561,84816,47113823.55,18-Aug-2026,5592,INE093A01041
HFCL,EQ,218.01,230.47,218.01,230.03,230.47,219.5,35739264,8159363077.62,18-Aug-2026,104543,INE548A01028
HIGREEN,SM,132.95,133,130,131.85,131,134.2,32800,4330920.00,18-Aug-2026,38,INE0PIC01017
HITECH,EQ,78.48,78.98,77.5,77.98,78,78.43,359333,28013111.33,18-Aug-2026,3307,INE106T01025
HILINFRA,EQ,45.5,46.9,45.41,46.3,46.25,44.46,292136,13494489.63,18-Aug-2026,2228,INE00RL01028
HIKAL,EQ,213,217.5,212.12,217.18,216.55,212.81,138405,29795021.05,18-Aug-2026,3262,INE475B01022
HILTON,BE,20.14,20.42,19.98,20.26,20.29,20.14,75863,1528653.79,18-Aug-2026,219,INE788H01017
HSCL,EQ,786.95,789.8,768.5,781.8,777,787.4,3303592,2571391582.45,18-Aug-2026,36373,INE019C01026
HIMATSEIDE,EQ,70.64,72.61,70.64,71.17,71.06,70.5,689377,49392809.32,18-Aug-2026,5980,INE049A01027
HINDALUMI,EQ,107.5,107.5,98,98.95,99,99.17,3908,392935.64,18-Aug-2026,114,INE227B01019
HINDALCO,EQ,1048.95,1050.6,1038,1041.6,1041.6,1049.9,2525385,2633004703.25,18-Aug-2026,65786,INE038A01020
HINDCON,EQ,22.13,22.7,22.13,22.61,22.68,22.13,21792,492026.77,18-Aug-2026,138,INE642Y01029
HPIL,EQ,127,130.85,127,130.06,130.15,127.35,3025,392422.69,18-Aug-2026,47,INE05X901010
HGS,EQ,410,413.8,403.5,406.95,407,413.05,12685,5167257.85,18-Aug-2026,817,INE170I01016
HINDADH,EQ,372.9,402.65,361,385.45,384.1,335.55,246790,96818142.65,18-Aug-2026,6139,INE074C01013
HAL,EQ,5067.4,5120,5039,5099,5099,5059,1238546,6309933776.70,18-Aug-2026,87650,INE066F01020
HINDCOMPOS,EQ,411.65,412.1,408,409.05,409,409.55,2054,841545.55,18-Aug-2026,165,INE310C01029
HCC,EQ,20.33,20.56,19.9,20.04,20.07,20.33,11759100,236671733.62,18-Aug-2026,15931,INE549A01026
HINDCOPPER,EQ,568.6,576.7,555.55,566.35,566.5,572.65,15501582,8793702221.70,18-Aug-2026,176523,INE531E01026
HNDFDS,EQ,615,640.9,608,635.6,635.55,608.45,265619,166529671.25,18-Aug-2026,17303,INE254N01026
HMVL,BE,91.5,94.8,88.01,94.49,94,90.97,36380,3373198.13,18-Aug-2026,234,INE871K01015
HINDOILEXP,EQ,155.99,159.5,154.84,156.49,156.77,154.89,613233,96451877.63,18-Aug-2026,7316,INE345A01011
HINDPETRO,EQ,368.9,373.75,365.95,366,366,371,5320731,1965321686.85,18-Aug-2026,90232,INE094A01015
HINDUNILVR,EQ,2055,2060,2034.9,2035,2035,2055,1234596,2520007819.10,18-Aug-2026,66985,INE030A01027
HINDZINC,EQ,569.1,569.1,558,558,558,567.5,2256802,1270057593.15,18-Aug-2026,32306,INE267A01025
HINDWAREAP,EQ,197.63,200.7,196.25,199.89,199.8,197.63,84276,16743013.04,18-Aug-2026,1575,INE05AN01011
HIRECT,EQ,1250,1266,1245.1,1261,1262,1258.6,33411,42039071.70,18-Aug-2026,2003,INE835D01023
HISARMETAL,EQ,154.9,156,148,153.4,154,152.44,1846,281699.92,18-Aug-2026,83,INE598C01011
POWERINDIA,EQ,35580,35580,35200,35275,35275,35450,47426,1676377755.00,18-Aug-2026,15785,INE07Y701011
HITECHCORP,BE,329.95,335,327.1,331,331.05,330.15,7979,2642017.10,18-Aug-2026,89,INE120D01012
HLEGLAS,EQ,306.1,314.6,303.5,306.2,305.3,314.6,459971,140647809.10,18-Aug-2026,13260,INE461D01028
HLVLTD,EQ,6.72,6.72,6.65,6.7,6.71,6.73,138213,925633.38,18-Aug-2026,418,INE102A01024
HMAAGRO,EQ,22.9,24,21.93,22.02,22.18,22.95,9306605,209156161.59,18-Aug-2026,13183,INE0ECP01024
HMT,BZ,61.5,61.99,60.55,60.96,61.47,60.28,7385,453492.63,18-Aug-2026,133,INE262A01018
HOACFOODS,ST,810,815,810,810,810,810,3000,2441250.00,18-Aug-2026,8,INE0S6S01017
HOMEFIRST,EQ,1181,1184.2,1170,1177.1,1183,1179.9,280836,330398208.40,18-Aug-2026,6829,INE481N01025
HONASA,EQ,480,485.7,470.05,474.6,474.1,481.65,1909931,907894019.20,18-Aug-2026,41667,INE0J5401028
HONDAPOWER,EQ,2145,2149,2092.2,2111.2,2116,2138.1,5719,12115004.30,18-Aug-2026,859,INE634A01018
HONAUT,EQ,36970,36970,36105,36400,36400,36400,3269,119109110.00,18-Aug-2026,2188,INE671A01010
HDIL,BZ,1.49,1.55,1.49,1.53,1.54,1.53,91493,139618.92,18-Aug-2026,153,INE191I01012
HPAL,EQ,35.79,35.79,34.51,34.67,34.53,35.64,43228,1512733.61,18-Aug-2026,495,INE0GSL01024
HPTL,SM,325,325.2,325,325.2,325.2,309.75,6000,1951080.00,18-Aug-2026,6,INE0VA601019
HPL,EQ,310,318.9,310,314.4,314,312.35,86613,27279766.35,18-Aug-2026,2563,INE495S01016
HRHNEXT,SM,26.05,26.1,26.05,26.1,26.1,24.95,4500,117300.00,18-Aug-2026,3,INE0R3501012
HSBCGOLD,EQ,133.16,133.3,132.66,133.21,133.21,133.16,2175,289097.01,18-Aug-2026,99,INF336L01RX2
HUDCO,EQ,187.9,189.4,186.4,188.01,187.35,189.01,1134421,212469913.01,18-Aug-2026,20559,INE031A01017
HTMEDIA,EQ,26,27,25.89,26.78,26.8,25.77,124006,3309035.62,18-Aug-2026,999,INE501G01024
HUBTOWN,EQ,182.91,183.59,179.57,180.52,182.8,182.91,231892,41999599.47,18-Aug-2026,2536,INE703H01016
HUHTAMAKI,EQ,279.9,279.9,275.1,276,275.15,279.1,80485,22301556.40,18-Aug-2026,1952,INE275B01026
HVAX,SM,600,600,600,600,600,609,3000,1800000.00,18-Aug-2026,15,INE0TO501019
HYBRIDFIN,BE,17,18,17,17.68,17.68,17.41,4400,75280.81,18-Aug-2026,29,INE965B01022
HYUNDAI,EQ,2179.1,2221.9,2179,2186,2186,2190,474077,1044729368.50,18-Aug-2026,27319,INE0V6F01027
IGPL,EQ,474.8,488.4,472.8,479.95,481,472.8,134261,64737664.50,18-Aug-2026,4032,INE204A01010
ISTLTD,EQ,660,660,650,652.2,652.2,666.9,51,33477.40,18-Aug-2026,14,INE684B01029
IBLFL,SM,58.55,58.55,58.55,58.55,58.55,61,2000,117100.00,18-Aug-2026,1,INE0O7401018
ICELCO,SM,135.1,145,135,143.35,142.6,140.1,62400,8756580.00,18-Aug-2026,42,INE0XE501015
ICDSLTD,EQ,42,42,38.81,40.38,40.99,40.47,1288,51408.76,18-Aug-2026,34,INE613B01010
ICEMAKE,EQ,716,758.8,711,728.25,727.1,722.45,100040,73346099.50,18-Aug-2026,6561,INE520Y01019
ICICIBANK,EQ,1410,1416.6,1406.3,1412,1412,1415.3,8345198,11773283117.60,18-Aug-2026,116562,INE090A01021
ICICIGI,EQ,1626.3,1637.5,1615.2,1623.8,1623.8,1626.3,625804,1016423386.30,18-Aug-2026,31688,INE765G01017
LOWVOLIETF,EQ,22.76,22.76,22.31,22.36,22.45,22.51,874266,19549248.50,18-Aug-2026,1054,INF109KC19U5
ICICIPRULI,EQ,503.85,510.6,498.2,498.2,498.2,507,1584467,800746671.50,18-Aug-2026,17243,INE726G01019
MIDSELIETF,EQ,19.95,19.98,19.82,19.88,19.91,19.95,189458,3765688.77,18-Aug-2026,531,INF109KC10W0
NIF100IETF,EQ,28.55,28.55,28.28,28.38,28.45,28.55,57690,1636548.43,18-Aug-2026,1239,INF109KC16V9
NIFTYIETF,EQ,269.58,276.56,269.58,274.6,274.85,276.5,317489,87271837.11,18-Aug-2026,13215,INF109K012R6
SENSEXIETF,EQ,892.37,893.6,890,891.09,891.05,896.91,7037,6271673.31,18-Aug-2026,352,INF346A01034
ICICIAMC,EQ,3148.9,3148.9,3088,3106,3092,3136,215913,672528591.80,18-Aug-2026,24670,INE346A01027
GOLDIETF,EQ,127.74,133,127.73,130.95,131,131.02,5613015,735538511.49,18-Aug-2026,23566,INF109KC1NT3
NV20IETF,EQ,13.85,13.85,13.6,13.65,13.6,13.73,305133,4167609.04,18-Aug-2026,1664,INF109KC11V0
ICICIB22,EQ,116.65,116.65,115.41,115.49,115.8,115.71,285944,33039886.23,18-Aug-2026,2631,INF109KB15Y7
CASHIETF,EQ,1075.75,1075.75,1075.73,1075.74,1075.73,1075.6,327549,352360723.52,18-Aug-2026,105,INF109K1A021
EVIETF,EQ,34.85,34.85,34.1,34.17,34.1,34.17,231371,7908742.79,18-Aug-2026,649,INF109K1A153
GSEC10IETF,EQ,266.6,267.14,264.49,265.49,264.49,267,1076,284742.51,18-Aug-2026,8,INF109KC18O0
BSE500IETF,EQ,40.01,40.01,39.85,39.9,39.87,40.01,179861,7177572.76,18-Aug-2026,1044,INF109KC1V59
GSEC5IETF,EQ,66.66,66.86,66.15,66.15,66.15,66.33,793,52881.60,18-Aug-2026,23,INF109KC14A8
ALPL30IETF,EQ,28.33,28.33,28.19,28.27,28.26,28.33,677321,19138895.18,18-Aug-2026,938,INF109KC17V7
AUTOIETF,EQ,30.4,30.5,30.29,30.4,30.49,30.4,542346,16479924.47,18-Aug-2026,1802,INF109KC10V2
PVTBANIETF,EQ,27.66,27.71,27.55,27.67,27.64,27.74,1325673,36615702.25,18-Aug-2026,1172,INF109KC18U7
COMMOIETF,EQ,101.24,101.24,99.5,99.83,99.5,100.24,32633,3266216.94,18-Aug-2026,516,INF109KC19O8
CONSUMIETF,EQ,124.97,125.32,124,124.44,124.08,125.44,7620,950436.13,18-Aug-2026,158,INF109KC1V42
FMCGIETF,EQ,52.94,52.94,51.26,51.35,51.4,51.98,3930217,202062700.13,18-Aug-2026,14110,INF109KC19V3
INFRAIETF,EQ,97.92,97.92,96.01,96.53,96.14,96.95,52752,5094591.47,18-Aug-2026,953,INF109KC16E5
LIQUIDIETF,EQ,1000,1000.01,999.99,999.99,1000,999.99,409155,409154672.71,18-Aug-2026,238,INF109KC1KT9
MIDCAPIETF,EQ,24.33,24.37,24.2,24.26,24.33,24.33,633384,15362450.92,18-Aug-2026,2400,INF109KC11W8
MOM30IETF,EQ,32.03,32.03,31.61,31.66,31.67,31.72,435775,13803449.97,18-Aug-2026,1582,INF109KC17C7
NEXT50IETF,EQ,78.92,79,78.26,78.69,78.6,78.92,390566,30767093.42,18-Aug-2026,3813,INF109KC1NS5
HEALTHIETF,EQ,168.59,169.79,167.47,168.95,169.2,168.59,54971,9293344.84,18-Aug-2026,1063,INF109KC1Q72
QUAL30IETF,EQ,22.19,22.19,21.34,21.38,21.4,21.65,63621,1363371.15,18-Aug-2026,418,INF109KC18V5
SILVERIETF,EQ,227.52,235.9,227.51,231.49,231.8,233.36,2327134,539147231.23,18-Aug-2026,13760,INF109KC1Y56
ITIETF,EQ,34.37,34.37,33.6,33.66,33.75,34.27,556975,18802871.25,18-Aug-2026,1760,INF109KC16I6
INSUREIETF,EQ,15.48,15.59,15.4,15.51,15.53,15.52,34980,541099.20,18-Aug-2026,92,INF109K1A567
BANKIETF,EQ,59.19,59.32,58.83,58.98,59.05,59.38,191986,11324802.21,18-Aug-2026,1325,INF109KC15I8
METALIETF,EQ,13.3,13.3,13.04,13.08,13.1,13.24,8628498,113195820.61,18-Aug-2026,9423,INF109KC19W1
OILIETF,EQ,11.43,11.47,11.38,11.39,11.41,11.42,883307,10093691.42,18-Aug-2026,1869,INF109KC18W3
PSUBNKIETF,EQ,88.47,88.79,87.21,87.45,87.97,88.58,59958,5263724.32,18-Aug-2026,791,INF109KC10S8
SMALLIETF,EQ,18.16,18.58,18.16,18.41,18.39,18.38,26559,488223.88,18-Aug-2026,119,INF109K1A476
TOP15IETF,EQ,9.97,9.98,9.94,9.97,9.98,10.02,61410,611930.42,18-Aug-2026,172,INF109K1A344
VAL30IETF,EQ,15.77,15.77,15.25,15.29,15.28,15.39,143803,2201106.77,18-Aug-2026,571,INF109KC16X5
FINIETF,EQ,33.25,33.29,33,33.13,33.03,33.25,220406,7300570.62,18-Aug-2026,1260,INF109KC17L8
ICRA,EQ,5050,5082,4954,4975.6,4956.5,5052.7,21643,108434142.10,18-Aug-2026,3196,INE725G01011
IDBI,EQ,82,82.54,81,81.11,81.09,82.18,1964380,160220846.99,18-Aug-2026,14575,INE008A01015
IDEAFORGE,EQ,780,834.85,780,834.85,834.85,795.1,858864,711454506.85,18-Aug-2026,19035,INE349Y01013
IDEALTECHO,SM,189,189,189,189,189,186.95,500,94500.00,18-Aug-2026,1,INE0T9I01011
IDENTICAL,SM,15.6,15.6,15.25,15.4,15.25,15.8,4000,61700.00,18-Aug-2026,2,INE0TD101011
IDFCFIRSTB,EQ,85,85.47,84.6,84.76,84.76,85.05,8806133,747824885.89,18-Aug-2026,43609,INE092T01019
IFBAGRO,EQ,1038.15,1052.95,1015.1,1027.45,1015.3,1038.15,5571,5748833.15,18-Aug-2026,380,INE076C01018
IFBIND,EQ,1389,1424,1371.2,1416.4,1419.9,1386,75848,106764813.00,18-Aug-2026,8302,INE559A01017
IFCI,EQ,78.97,81.8,78.36,81.36,81.5,78.93,49975029,4035463692.95,18-Aug-2026,125617,INE039A01010
IFGLEXPOR,EQ,219.89,229,215.01,222.83,220.1,218.97,25164,5536355.74,18-Aug-2026,1175,INE133Y01011
1225IFL27,N0,6700,6701,6310,6700.55,6700,6999,20,132936.00,18-Aug-2026,9,INE01XO07017
IGARASHI,EQ,456,460.8,441.3,450.4,451.5,454.9,106671,47892246.05,18-Aug-2026,3982,INE188B01013
837IIFL28,Y4,981.25,990,981.25,990,990,981.25,146,144452.50,18-Aug-2026,2,INE530B07658
870IIFL28,Y7,1032.87,1032.87,1032.87,1032.87,1032.87,1015,146,150799.02,18-Aug-2026,1,INE530B07617
960IIFL30,Y2,1000,1000,1000,1000,1000,1049,1000,1000000.00,18-Aug-2026,14,INE530B07484
975IIFL28,Y0,1040.57,1040.57,1040.57,1040.57,1040.57,1023,106,110300.42,18-Aug-2026,1,INE530B07476
IIFLCAPS,EQ,334.4,336.4,333.7,335.05,335.4,334.55,157511,52731039.45,18-Aug-2026,4051,INE489L01022
IIFL,EQ,630,640.4,620,622.35,622,630.05,1373767,863870320.20,18-Aug-2026,23520,INE530B01024
IIFL06326,YC,985.2,985.2,985.2,985.2,985.2,980,10,9852.00,18-Aug-2026,1,INE530B07641
IKIO,EQ,200.25,202.71,196.36,196.99,196.41,201.74,127812,25343148.73,18-Aug-2026,2830,INE0LOJ01019
IL&FSENGG,BZ,36.55,37.57,36.55,37.57,37.57,35.79,25615,959737.59,18-Aug-2026,54,INE369I01014
IVC,EQ,8.42,8.42,8.15,8.21,8.22,8.32,229288,1884490.28,18-Aug-2026,758,INE050B01023
IL&FSTRANS,BZ,2.03,2.13,2.03,2.09,2.09,2.08,17035,35407.30,18-Aug-2026,63,INE975G01012
IMAGICAA,EQ,47.06,47.19,46.01,46.14,46.01,47.06,230513,10728464.58,18-Aug-2026,1531,INE172N01012
IMPEXFERRO,BZ,3.71,3.71,3.71,3.71,3.71,3.64,14487,53746.77,18-Aug-2026,9,INE691G01015
INCREDIBLE,EQ,31.5,32.74,31.28,31.37,31.37,31.84,1078,35056.54,18-Aug-2026,21,INE452L01012
IMPAL,EQ,1083.1,1115.8,1069.4,1109.4,1110.1,1083.1,2623,2884103.20,18-Aug-2026,298,INE547E01014
INDSWFTLAB,EQ,317.95,351.3,316.9,346.87,350,313.02,5070310,1712483273.50,18-Aug-2026,77497,INE915B01019
INDTERRAIN,EQ,32.34,32.34,30.5,30.55,30.5,31.06,17009,524580.43,18-Aug-2026,261,INE611L01021
INDBANK,EQ,32.8,32.8,32,32.15,32.11,32.38,44694,1445145.75,18-Aug-2026,238,INE841B01017
BAJAJINDEF,EQ,216.04,218.99,212.66,213.13,214.3,215.32,11903,2552758.46,18-Aug-2026,486,INE0O9T01021
INDGN,EQ,556.3,569.5,556.3,567.7,568.65,561.75,161896,91464924.80,18-Aug-2026,10251,INE065X01017
INDIAGLYCO,EQ,1070.9,1164.3,1070.9,1139.2,1136.4,1070.9,2053627,2348948248.00,18-Aug-2026,75918,INE560A01023
INDNIPPON,EQ,1138.6,1142.9,1108.3,1120.3,1125,1138.5,15685,17590652.60,18-Aug-2026,1928,INE092B01025
IPL,EQ,140,141.52,138,138.19,138.45,141.05,129973,18085262.70,18-Aug-2026,2452,INE0D6701023
INDIASHLTR,EQ,674,674,661.2,669.05,669.95,674.75,80555,53751562.30,18-Aug-2026,8106,INE922K01024
ITDC,EQ,698.3,703.55,688,692.95,690.3,698.3,85619,59364848.40,18-Aug-2026,5558,INE353K01014
IBULLSLTD,EQ,27.85,29.22,26.67,26.98,26.92,27.83,26107565,742171120.50,18-Aug-2026,27218,INE126M01010
INDIAMART,EQ,1767.2,1785.9,1737.4,1753.1,1749.1,1770,104847,183859566.70,18-Aug-2026,26395,INE933S01016
INDIANB,EQ,874,887,874,875,875,881.2,467243,411196356.95,18-Aug-2026,16941,INE562A01011
INDIANCARD,EQ,216.1,220.78,210.7,219.43,220.78,216.07,3822,831059.72,18-Aug-2026,67,INE061A01014
IEML,SM,41.9,41.9,40,40.35,40.7,40.45,39500,1607150.00,18-Aug-2026,58,INE0RRU01016
IEX,EQ,124.6,125.49,123.75,124.4,124.4,125.3,1978111,246153180.93,18-Aug-2026,25659,INE022Q01020
INDIANHUME,EQ,363.6,367.7,355.7,360.15,357.25,362.55,26224,9471938.30,18-Aug-2026,1462,INE323C01030
IMFA,EQ,1405.6,1423,1384,1418.4,1419.8,1398.7,78872,111061051.40,18-Aug-2026,9562,INE919H01018
IOC,EQ,138.12,139.2,137.75,137.8,137.8,138.61,8312830,1151049615.41,18-Aug-2026,60357,INE242A01010
IOB,EQ,33.7,33.76,33.16,33.27,33.2,33.66,2089649,69787979.44,18-Aug-2026,9339,INE565A01014
IPHL,SM,70.1,72.5,70,71.9,71.9,68.7,42000,2994600.00,18-Aug-2026,33,INE0DHF01018
IRCTC,EQ,499.95,501,492,493.05,492.5,499.95,592203,293171462.25,18-Aug-2026,24988,INE335Y01020
IRFC,EQ,86.76,87.56,86.05,86.11,86.11,87.05,5607787,484701153.01,18-Aug-2026,39323,INE053F01010
IREDA,EQ,116.85,117.11,115.27,115.27,115.27,116.85,2772666,321005668.79,18-Aug-2026,21528,INE202E01016
IWP,EQ,34,34.05,33.81,33.81,33.81,34.48,2872,97405.04,18-Aug-2026,26,INE586E01020
INDIGOPNTS,EQ,1161,1169.5,1134.3,1150.8,1152.9,1161,121042,139210023.70,18-Aug-2026,10005,INE09VQ01012
INDIGRID,IV,176,177,175.65,176.97,176.8,176.98,485647,85883067.79,18-Aug-2026,9650,INE219X23014
INDIQUBE,EQ,179.51,190,178.58,187.12,188.95,178.63,118008,21817634.90,18-Aug-2026,2490,INE06ST01018
INDOAMIN,BE,125,125.89,120,121.11,122.75,123.79,73191,9002318.56,18-Aug-2026,765,INE760F01028
INDOBORAX,EQ,421.9,436.45,417,433.15,431.7,420.25,146390,62963710.05,18-Aug-2026,6458,INE803D01021
ICIL,EQ,388.7,462,387.05,437.7,435.9,388.7,25217573,11162630290.40,18-Aug-2026,284081,INE483B01026
INDOFARM,EQ,144.15,148.48,141.82,143.33,143.95,144.1,100822,14545859.72,18-Aug-2026,1840,INE622H01018
INDORAMA,EQ,54.2,59.29,54.1,56.81,56.21,54.76,1115047,64157082.84,18-Aug-2026,7175,INE156A01020
INDOTECH,EQ,3634.9,3788.8,3617,3788.8,3788.8,3608.4,25073,94388553.90,18-Aug-2026,1885,INE332H01014
INDOTHAI,EQ,69.57,69.57,69.57,69.57,69.57,73.23,20979,1459509.03,18-Aug-2026,391,INE337M01021
INDOUS,EQ,89.99,89.99,84.8,87,88.5,84.75,17991,1579309.35,18-Aug-2026,743,INE250Z01010
INDOMIM,EQ,910,952.75,905,952.75,952.75,866.15,10246021,9660294517.95,18-Aug-2026,143239,INE084101034
NIPPOBATRY,EQ,331.3,333.3,328,329.1,328.5,331.3,1475,486892.55,18-Aug-2026,106,INE567A01028
INDOCO,EQ,218.74,223.48,217.41,221.16,221.5,218.74,55379,12241714.88,18-Aug-2026,1540,INE873D01024
IGCL,EQ,71.6,72.79,71.31,72.09,71.7,71.38,62330,4497077.96,18-Aug-2026,554,INE05J901018
INDOKEM,EQ,640,640,572,585.5,584,590.55,3563,2076325.20,18-Aug-2026,201,INE716F01012
WAAREEINDO,EQ,300.65,302.4,296,297.55,298.65,300.35,30065,8977139.50,18-Aug-2026,1168,INE866K01023
INDOSTAR,EQ,247,257.4,246.55,251.4,250.15,247.15,150009,37979625.95,18-Aug-2026,3385,INE896L01010
INDOWIND,EQ,8.87,8.87,7.9,8.39,8.39,8.74,330267,2767072.43,18-Aug-2026,1194,INE227G01018
IGL,EQ,151,151.58,149.1,149.39,149.5,151,755290,113502583.10,18-Aug-2026,17478,INE203G01027
INDRAMEDCO,EQ,370,370.95,364.95,368.95,368,369.75,135013,49581300.95,18-Aug-2026,3813,INE681B01017
INDUSINVIT,IV,134.85,134.85,132.05,133.23,133.1,133.97,319412,42683159.66,18-Aug-2026,7488,INE0NHL23019
INDUSTOWER,EQ,378.8,379.8,371.5,372.4,372.4,380,4522943,1690458552.65,18-Aug-2026,48146,INE121J01017
INDUSINDBK,EQ,1007,1019.5,1007,1015,1015,1010.6,539358,546945682.00,18-Aug-2026,20140,INE095A01012
INDPRUD,EQ,6200.5,6250,6141,6198,6187.5,6203,51,316080.50,18-Aug-2026,15,INE620D01011
IITL,EQ,149.9,150.3,147.02,148.09,150.3,150.35,91829,13690819.77,18-Aug-2026,546,INE886A01014
INFINIUM,SM,247.5,247.5,241,243.1,244.35,239.4,3500,849775.00,18-Aug-2026,6,INE0MRE01011
INFLUX,SM,295,301,295,298.7,298.1,297.9,44400,13229880.00,18-Aug-2026,40,INE0MYZ01012
NAUKRI,EQ,1345,1368.8,1331.1,1354.9,1354.9,1355.8,1540395,2091872110.50,18-Aug-2026,45154,INE663F01032
INFOBEAN,EQ,158.67,159.89,157,158.03,157.51,160.15,151945,24026248.89,18-Aug-2026,2688,INE344S01016
INFOLLION,SM,159.9,160.1,153.05,154.75,155,156.25,15200,2415480.00,18-Aug-2026,28,INE0NNZ01013
INFOMEDIA,EQ,5.48,5.49,4.88,5.17,5.47,5.26,25231,129915.45,18-Aug-2026,65,INE669A01022
INFY,EQ,1124.5,1131.9,1112.5,1115,1115,1139.9,8851110,9884751133.50,18-Aug-2026,197181,INE009A01021
INGERRAND,EQ,4477.3,4725,4477.3,4691,4698,4477.2,47469,220660951.80,18-Aug-2026,8574,INE177A01018
INNOMET,ST,218.65,218.65,218.65,218.65,218.65,214.4,51000,11151150.00,18-Aug-2026,50,INE0S1D01010
INNOVACAP,EQ,1030.1,1059.7,1030.1,1043,1040.2,1038.45,27162,28494339.40,18-Aug-2026,5377,INE0DUT01020
INNOVANA,EQ,306.05,315,290,305.25,306.8,307.15,29791,8995961.40,18-Aug-2026,408,INE403Y01018
ITTL,ST,65.5,65.5,65.5,65.5,65.5,66.6,105,6877.50,18-Aug-2026,1,INE070Y01023
INNOVISION,EQ,275.05,280.45,273.5,274.1,273.5,276.9,13425,3702474.10,18-Aug-2026,648,INE0ADB01012
INOXGREEN,EQ,182,182.19,177.41,179.66,178.5,181.54,1588891,284495758.64,18-Aug-2026,7386,INE510W01014
INOXINDIA,EQ,1949.9,1978,1920,1958.1,1959,1950.8,139702,272517286.50,18-Aug-2026,21839,INE616N01034
INOXWIND,EQ,78,78.19,74.69,74.95,74.95,78.13,18198825,1377919845.75,18-Aug-2026,57561,INE066P01011
INSECTICID,EQ,618.7,625,612,619.5,624.5,618.7,9791,6066969.20,18-Aug-2026,775,INE070I01018
INA,EQ,98.68,99.15,93.85,94.86,95.19,98.41,697214,66790324.53,18-Aug-2026,6420,INE0LGX01024
INSPIRISYS,BE,90,91.97,88.01,91.49,91.49,91.6,2317,208507.52,18-Aug-2026,47,INE020G01017
ESSENTIA,EQ,1.26,1.26,1.26,1.26,1.26,1.32,783375,987052.50,18-Aug-2026,495,INE418N01035
INTELLECT,EQ,695.45,702.6,685.65,695.95,692.8,695.45,334407,232148021.80,18-Aug-2026,16485,INE306R01017
INTENTECH,EQ,79,82,79,80.34,79.2,79.81,34413,2786063.90,18-Aug-2026,1397,INE781A01025
INTERARCH,EQ,1738.8,1739.3,1715.8,1725.1,1719,1738.8,32697,56498594.60,18-Aug-2026,2331,INE00M901018
INDIGO,EQ,5220,5238,5138,5220,5220,5275.5,554778,2892101390.50,18-Aug-2026,56263,INE646L01027
INM,SM,164.05,164.05,164.05,164.05,164.05,164.05,600,98430.00,18-Aug-2026,1,INE0OPC01015
INTLCONV,EQ,78.9,79.03,75.81,76.79,76.25,79.06,59790,4623347.24,18-Aug-2026,993,INE575C01027
IGIL,EQ,353.05,355.1,346.5,349.7,348.35,355.15,608062,212932336.55,18-Aug-2026,15199,INE0Q9301021
ISFT,EQ,82.25,83.47,80.25,80.31,80.41,82.25,110158,8944945.78,18-Aug-2026,494,INE566K01011
INVENTURE,EQ,0.91,0.91,0.9,0.9,0.91,0.9,475512,429085.70,18-Aug-2026,271,INE878H01024
IKS,EQ,1830.2,1875,1823,1861.6,1863,1830.2,129336,238433546.40,18-Aug-2026,16556,INE115Q01022
IVZINGOLD,EQ,133.25,133.45,132.5,132.8,133.15,133.25,9093,1208848.10,18-Aug-2026,140,INF205KA1BP1
IVZINNIFTY,EQ,278.92,278.92,277.41,277.59,277.59,279.22,726,201772.64,18-Aug-2026,33,INF205KA1CC7
INVPRECQ,BE,1220,1256.5,1166,1256.5,1256.5,1196.7,17094,21252344.40,18-Aug-2026,436,INE155E01016
INVICTA,SM,71,71,66.5,67.05,68,73,67200,4545680.00,18-Aug-2026,31,INE0XJ501010
IOLCP,EQ,161.28,162.25,157.8,159.19,158.9,161.28,1213444,193950862.49,18-Aug-2026,11521,INE485C01029
IONEXCHANG,EQ,374,378.7,369,370.3,370,374.45,218689,81433103.80,18-Aug-2026,8850,INE570A01022
IPRINGLTD,EQ,138.5,153,138,143.07,140.17,134,2174,313757.73,18-Aug-2026,140,INE558A01019
IPCALAB,EQ,1877.1,1919,1862.3,1882.1,1878,1884.6,804532,1522041413.60,18-Aug-2026,45680,INE571A01038
IRB,EQ,19.16,19.17,19.02,19.03,19.04,19.17,6032637,115028124.91,18-Aug-2026,16358,INE821I01022
IRBINVIT,IV,64.81,65,63.91,64.08,63.97,64.49,671668,43332944.12,18-Aug-2026,5181,INE183W23014
IRCON,EQ,124.2,124.7,123.1,123.62,123.54,124.57,946997,117318737.02,18-Aug-2026,11906,INE962Y01021
880IREDA29,N5,1117,1120,1117,1120,1120,1114.5,82,91834.00,18-Aug-2026,4,INE202E07138
880IREDA34,N6,1279,1279,1279,1279,1279,1279,30,38370.00,18-Aug-2026,1,INE202E07153
IRISDOREME,EQ,58.89,59.3,57.66,59,59.16,58.3,1095844,64191286.83,18-Aug-2026,2620,INE01GN01025
IRIS,EQ,250,257.74,240.1,250.17,252,246.76,70425,17632007.30,18-Aug-2026,1258,INE864K01010
IRMENERGY,EQ,288,293.7,288,290.25,289.1,292.1,46575,13496939.75,18-Aug-2026,1824,INE07U701015
925ISF28,N0,9790,9794,9790,9794,9794,9800,20,195840.00,18-Aug-2026,2,INE413U07442
925ISF29,N0,9793,9793,9793,9793,9793,9790,7,68551.00,18-Aug-2026,1,INE413U07467
950ISF27C,N0,9903,9995,9885,9995,9995,9885,34,337280.00,18-Aug-2026,4,INE413U07426
965ISF28,N0,101112.81,101112.81,101112.81,101112.81,101112.81,100376.33,1,101112.81,18-Aug-2026,1,INE413U07434
975ISF28,N0,98400,100125,98400,100112,100125,96611,17,1676224.00,18-Aug-2026,3,INE413U07418
ISGEC,EQ,746.05,794.7,740.5,782.2,784.5,746.85,134385,104686363.35,18-Aug-2026,11624,INE858B01029
ISHANCH,EQ,47.9,49.56,46.55,47.04,46.75,47.33,142217,6856885.12,18-Aug-2026,667,INE561M01018
ITCHOTELS,EQ,166,166.15,164,164.43,164.16,166.36,817909,135009712.32,18-Aug-2026,14976,INE379A01028
ITC,EQ,273.05,273.65,269.15,270,270,273.05,14561572,3946338732.70,18-Aug-2026,216235,INE154A01025
ITI,EQ,276.1,282,274.25,280.35,280.85,277.25,233923,65192953.70,18-Aug-2026,6525,INE248A01017
ITL,EQ,327,327,312.85,320.05,327,318.4,1147,368067.85,18-Aug-2026,42,INE478D01014
IVALUE,EQ,275.6,284.35,275.6,280.3,278.9,279.1,231932,64881035.45,18-Aug-2026,6225,INE056801025
IVP,BE,174,177.7,174,175.84,177,177.98,4686,824018.17,18-Aug-2026,52,INE043C01018
IWARE,ST,436.7,443.8,436.7,441.9,443.8,435.4,6000,2643600.00,18-Aug-2026,9,INE1AII01014
IZMO,EQ,912,929,885,903.9,915,916.25,112287,100937254.75,18-Aug-2026,8442,INE848A01014
J&KBANK,EQ,148.1,151.75,147.68,150.24,150.4,147.97,2545070,381576081.79,18-Aug-2026,29494,INE168A01041
JGCHEM,EQ,605,652.4,602.15,645.85,645,600.8,873029,554141177.95,18-Aug-2026,28342,INE0MB501011
JAGRAN,EQ,61.92,62.28,61.4,61.56,61.57,61.92,184646,11411814.61,18-Aug-2026,2078,INE199G01027
JAGSNPHARM,EQ,233.53,241.3,229.15,230.89,230.98,233.53,245501,57725490.74,18-Aug-2026,6181,INE048B01035
JAIBALAJI,EQ,69.5,70.79,66.47,67.82,67.85,69.96,1512483,102858614.54,18-Aug-2026,3650,INE091G01026
JAICORPLTD,EQ,101.4,101.79,99.8,100.08,99.99,101.2,246778,24812006.57,18-Aug-2026,2306,INE070D01027
JISLDVREQS,EQ,21,21.75,20.82,21.01,20.82,21.28,1341,28240.61,18-Aug-2026,33,IN9175A01010
JISLJALEQS,EQ,27.66,27.82,27.41,27.53,27.6,27.73,1122421,30913772.89,18-Aug-2026,4617,INE175A01038
JAINREC,EQ,303,303.3,295.8,296.2,296,301.9,543084,161789391.20,18-Aug-2026,14572,INE0YD401026
JAINIK,SM,204,210.8,204,208,208,210.95,6000,1247160.00,18-Aug-2026,5,INE0XIL01012
JPPOWER,EQ,17.3,17.4,17.27,17.32,17.31,17.39,17435781,301972329.08,18-Aug-2026,29556,INE351F01018
JALAN,ST,1.75,1.75,1.75,1.75,1.75,1.7,45000,78750.00,18-Aug-2026,5,INE349X01015
JAMNAAUTO,EQ,123,124.3,122,122.58,122.98,123.33,965973,118610887.05,18-Aug-2026,7534,INE039C01032
JSFB,EQ,548.55,579,542,575,575,548.85,899345,509332111.45,18-Aug-2026,21293,INE953L01027
JARO,EQ,451.2,461.7,443,445.5,443.8,449.1,136549,61424140.35,18-Aug-2026,3924,INE00YJ01010
JASH,EQ,480,485.75,475,476.6,478.05,480.5,64171,30737268.75,18-Aug-2026,2812,INE039O01029
JAYBEE,SM,82.9,84.95,81.35,82.3,82.1,82.7,16500,1367100.00,18-Aug-2026,27,INE0SMY01017
JAYBARMARU,EQ,129.25,132,127.1,130.42,130.5,127.72,265179,34602836.47,18-Aug-2026,3234,INE571B01036
KORE,SM,130.05,164.95,130,160,160,151.4,2250,339225.00,18-Aug-2026,7,INE0J6801010
JAYAGROGN,EQ,218,221,217.3,220.41,218.81,217.68,2797,613828.75,18-Aug-2026,117,INE785A01026
JAYNECOIND,EQ,88.69,91.2,88.05,90.23,90.6,88.31,2964260,266601485.38,18-Aug-2026,21917,INE854B01010
JAYESH,SM,144.9,148,133.25,136.9,136.9,144.9,109000,15328800.00,18-Aug-2026,28,INE1AE401014
JAYKAY,EQ,151.95,156.52,150.01,154.53,154,150.5,221637,34170609.50,18-Aug-2026,4461,INE903A01025
JAYSREETEA,EQ,88.33,89.7,87.1,87.85,88.15,88.32,43708,3889488.71,18-Aug-2026,910,INE364A01020
JBMA,EQ,621.45,626.55,617,619.85,620.3,621.35,138248,85747592.90,18-Aug-2026,7016,INE927D01051
JSLL,EQ,510.05,518,505.5,507.95,507,517.3,426512,217971051.30,18-Aug-2026,14609,INE0J5801029
JENBURPH,EQ,1065,1073.9,1040.2,1047.3,1067.6,1045.1,327,345360.90,18-Aug-2026,45,INE354A01013
JETFREIGHT,EQ,22.5,22.72,22.4,22.43,22.45,22.73,59999,1348761.78,18-Aug-2026,235,INE982V01025
JETKNIT,ST,56.4,56.4,56.4,56.4,56.4,59.35,750,42300.00,18-Aug-2026,1,INE564T01017
JEYYAM,ST,23.35,23.35,22.95,23,23,22.85,10000,231300.00,18-Aug-2026,4,INE0RXB01022
JFLLIFE,SM,12.6,12.75,11.95,11.95,11.95,12.55,42000,511500.00,18-Aug-2026,7,INE0LA901015
JHS,EQ,8.35,8.73,8.16,8.4,8.29,8.45,32343,272690.25,18-Aug-2026,227,INE544H01014
RETAIL,EQ,18.29,18.3,17.5,18.13,18.19,18.23,2004,36291.59,18-Aug-2026,43,INE03DD01011
JPOLYINVST,EQ,1012.2,1021.4,1001.1,1004.6,1002,1006.6,4365,4420346.10,18-Aug-2026,433,INE147P01019
JINDRILL,EQ,587.1,673.55,587.1,651.15,648.85,586.2,17885822,11722777138.35,18-Aug-2026,318792,INE742C01031
JINDALPHOT,EQ,1057.3,1098,1051.1,1065.9,1051.7,1057.6,2874,3086681.60,18-Aug-2026,312,INE796G01012
JINDALPOLY,EQ,665,668.05,644.05,646.65,649,665.65,15581,10210703.75,18-Aug-2026,1184,INE197D01010
JINDALSAW,EQ,270.65,270.9,266,268.65,270.25,270.4,546329,146522264.95,18-Aug-2026,15032,INE324A01032
JSL,EQ,744,756,728.2,732.4,732.8,744,658364,488813819.15,18-Aug-2026,26017,INE220G01021
JINDALSTEL,EQ,1119,1119.7,1100,1101.5,1101.5,1116.1,561974,622741326.10,18-Aug-2026,27596,INE749A01030
JINDWORLD,EQ,35.98,36.74,35.51,36.19,36.02,35.63,3082346,111279945.31,18-Aug-2026,9845,INE247D01039
JKIPL,EQ,98.99,99.89,94.05,97.28,99,97.1,167738,16239716.23,18-Aug-2026,806,INE1FF001016
JIOFIN,EQ,248.9,248.9,245.8,245.8,245.8,249.75,9238709,2278274214.00,18-Aug-2026,60961,INE758E01017
JITFINFRA,EQ,306,314.95,300,305.05,303.35,306.2,23697,7299183.10,18-Aug-2026,1430,INE863T01013
JKCEMENT,EQ,5338,5399,5322,5375.5,5355,5340,21124,113405145.00,18-Aug-2026,5884,INE823G01014
JKLAKSHMI,EQ,557,561.9,553,556,553,557.25,130440,72717538.75,18-Aug-2026,12917,INE786A01032
JKPAPER,EQ,381.4,394.9,375,385.45,385.15,380.75,560909,217140388.75,18-Aug-2026,19578,INE789E01012
JKTYRE,EQ,381,384.45,381,383.15,383.1,382,262707,100501272.40,18-Aug-2026,7428,INE573A01042
JKIL,EQ,509,514.9,500.1,502.9,502,509.65,82171,41682808.85,18-Aug-2026,2961,INE576I01022
JMFINANCIL,EQ,127.08,128.21,124.72,125.4,125.35,127.91,1377973,173766149.48,18-Aug-2026,13950,INE780C01023
JNKINDIA,EQ,472.7,473.7,461,463.95,466.9,476.35,166370,77359050.50,18-Aug-2026,4475,INE0OAF01028
JOCIL,BE,148.5,152,146.35,149.96,150,148.5,1867,278555.60,18-Aug-2026,30,INE839G01010
COCKERILL,EQ,8419,8550,8260,8361.5,8400,8419,12747,106585737.00,18-Aug-2026,2855,INE515A01019
JSWCEMENT,EQ,127,127.69,126.76,127.31,127.4,127.6,471590,60027931.81,18-Aug-2026,8019,INE718I01012
JSWDULUX,EQ,3156.4,3165,3088,3110.4,3099,3139.8,10435,32540402.20,18-Aug-2026,3552,INE133A01011
JSWENERGY,EQ,554,556.6,547.7,548.1,548.1,555.5,1195546,658209068.25,18-Aug-2026,25798,INE121E01018
JSWHL,EQ,11800,11918,11445,11489,11525,11798,2559,29645367.00,18-Aug-2026,1092,INE824G01012
JSWINFRA,EQ,334.45,336.9,327.5,328.65,329.2,335.4,1863660,617877072.70,18-Aug-2026,44211,INE880J01026
JSWSTEEL,EQ,1275,1285.8,1265,1267.6,1267.6,1277.8,719017,916382058.90,18-Aug-2026,29042,INE019A01038
JTEKTINDIA,EQ,130.1,133.3,129.4,130.04,130.2,130.18,133707,17533296.29,18-Aug-2026,1882,INE643A01035
JTLIND,EQ,75.5,76.03,74.52,74.8,74.95,75.33,858810,64741404.29,18-Aug-2026,7104,INE391J01032
JUBLCPL,EQ,2362.4,2397.9,2142,2199.1,2153,2342.4,16482,37157972.30,18-Aug-2026,1437,INE03CC01015
JUBLFOOD,EQ,509.85,510.6,496.4,500.55,500.55,511.5,2285057,1150382758.15,18-Aug-2026,27526,INE797F01020
JUBLINGREA,EQ,733.7,737.85,722.75,726.7,729.5,732.8,135283,98436366.20,18-Aug-2026,9217,INE0BY001018
JUBLPHARMA,EQ,863.95,873.9,860,866,864.1,866.95,174172,151301953.25,18-Aug-2026,15280,INE700A01033
JMA,EQ,89,89.5,86.5,87.56,88.5,89.2,20311,1789527.13,18-Aug-2026,345,INE412C01023
JNPR,EQ,242.18,245.95,238.84,240.59,240.3,241.68,823202,199131742.52,18-Aug-2026,19455,INE05C901015
JUNIPER,EQ,196.4,198.5,192.62,197.29,197.9,192.09,185085,36338749.68,18-Aug-2026,4589,INE696F01016
JLHL,EQ,314,320.55,310.15,318.2,318.05,315.15,229946,72764816.45,18-Aug-2026,7638,INE682M01020
JWL,EQ,250.2,253.6,250,250.7,251,252.65,295272,74136556.70,18-Aug-2026,7874,INE209L01016
JUSTDIAL,EQ,680.3,683.35,658,661.3,660,680.3,174469,116081729.60,18-Aug-2026,8715,INE599M01018
JYOTHYLAB,EQ,214.25,216.9,206.54,210.68,209.2,213.93,1642025,345426323.31,18-Aug-2026,27838,INE668F01031
JYOTICNC,EQ,870,947.9,860.05,929.2,940,857.95,5438972,4911871991.85,18-Aug-2026,149767,INE980O01024
JYOTIGLOBL,SM,37.55,41,37.55,41,41,39.1,14000,545100.00,18-Aug-2026,7,INE1M3T01017
JYOTIRES,EQ,855.3,869.95,850,859.85,863.95,855.5,3299,2836135.95,18-Aug-2026,421,INE577D01013
JYOTISTRUC,EQ,10.65,10.9,10.6,10.73,10.73,10.65,2337627,25085486.53,18-Aug-2026,2960,INE197A01024
KJMCFIN,EQ,62.85,62.85,56.21,61.99,61.99,58.85,3500,217085.30,18-Aug-2026,30,INE533C01018
KMCSHIL,EQ,143.49,146,141,141.97,142.7,143.13,217294,31078891.53,18-Aug-2026,2659,INE879K01018
KMSUGAR,EQ,30.19,32.2,30,31.38,31.49,29.79,973691,30461386.69,18-Aug-2026,4750,INE157H01023
KPEL,EQ,243.7,264.95,240,262.3,263.9,243.75,859476,219174846.50,18-Aug-2026,17783,INE127T01021
K2INFRA,ST,50.15,50.25,49.65,49.9,49.85,50,7800,390150.00,18-Aug-2026,12,INE0DEZ01013
KABRAEXTRU,EQ,522.95,522.95,504.25,512.6,509,520.5,124007,63539926.90,18-Aug-2026,3974,INE900B01029
KAJARIACER,EQ,1243.9,1249.3,1219,1225.8,1222,1251.6,120873,148757899.60,18-Aug-2026,8462,INE217B01036
KAKATCEM,EQ,109.5,113.75,109,112.75,111,109.49,3643,405004.25,18-Aug-2026,84,INE437B01014
KALANA,SM,20.8,21,20.8,21,21,20,16000,335200.00,18-Aug-2026,8,INE0T0L01014
KALPATARU,EQ,286,286,279,280.65,279.6,283.1,34751,9783779.45,18-Aug-2026,1180,INE227J01012
KPIL,EQ,1404,1413.4,1392.1,1403.5,1404,1404.2,132037,184836232.80,18-Aug-2026,10413,INE220B01022
KALYANKJIL,EQ,610,612.4,601.2,601.6,601.6,610,6089064,3686243276.00,18-Aug-2026,69026,INE303R01014
KALYANIFRG,EQ,654.75,665.95,634.95,639.2,650,651.7,2604,1677658.50,18-Aug-2026,274,INE314G01014
KICL,EQ,5252.5,5369.5,5252.5,5309.5,5295,5292.5,446,2365744.50,18-Aug-2026,182,INE029L01018
KSL,EQ,829.8,842.95,818.85,821.35,820.85,829.8,25115,20769044.25,18-Aug-2026,1657,INE907A01026
KAMAHOLD,EQ,2462.6,2474.8,2440,2448.5,2450,2456.4,5044,12366541.70,18-Aug-2026,443,INE411F01010
KAMANWALA,EQ,16.25,16.26,16.25,16.26,16.26,13.55,4545,73901.49,18-Aug-2026,32,INE344D01018
KAMATHOTEL,EQ,195.78,195.78,191.22,194.1,195,194.64,32808,6347050.00,18-Aug-2026,996,INE967C01018
KAMDHENU,BE,33.51,33.9,32.99,33.37,33.6,33.85,218408,7272447.11,18-Aug-2026,739,INE390H01020
KAMOPAINTS,EQ,4.57,4.57,4.3,4.38,4.38,4.43,308547,1356837.39,18-Aug-2026,735,INE0BTI01037
KANANIIND,EQ,1.51,1.52,1.35,1.49,1.5,1.5,347845,501988.80,18-Aug-2026,353,INE879E01037
KANCHI,EQ,372,376,364,374,373,377.65,3174,1179193.20,18-Aug-2026,40,INE081G01019
KANCOTEA,EQ,49.6,55,46.2,48.48,49.4,49.65,2063,104564.42,18-Aug-2026,63,INE398L01017
KANDARP,SM,99,101,98.2,100,100,97.1,108000,10717150.00,18-Aug-2026,60,INE0MOT01016
KANORICHEM,BE,151,153.45,145.65,149.51,149.79,151.3,22922,3396103.21,18-Aug-2026,140,INE138C01024
KANPRPLA,EQ,263,266.39,240.5,244.25,242.3,262.85,54440,13568272.12,18-Aug-2026,1574,INE694E01014
KANSAINER,EQ,205.8,207.63,200.11,201.05,201.99,205.8,177961,35973854.28,18-Aug-2026,5378,INE531A01024
KAPSTON,EQ,528,549.85,525,528.4,535,522.7,93251,49567735.75,18-Aug-2026,3590,INE542Z01028
KARMAENG,EQ,39.61,40.6,39,39.31,39,40.52,1117,44228.71,18-Aug-2026,32,INE725L01011
KTKBANK,EQ,304.2,313.2,304.2,310.75,310.55,306.5,2278077,706785267.95,18-Aug-2026,55008,INE614B01018
KARNIKA,SM,113.55,115,112,114.85,114.85,113.55,29000,3280750.00,18-Aug-2026,11,INE0MGA01012
KARURVYSYA,EQ,333.5,336.15,330.95,333.9,334.5,334,1036685,345514488.40,18-Aug-2026,33052,INE036D01028
KATARIA,SM,97,106,97,102.9,106,95.85,25200,2562210.00,18-Aug-2026,39,INE0SVY01018
KAUSHALYA,BE,889.95,912,881,895.45,904,884.4,50,44648.05,18-Aug-2026,18,INE234I01028
KLL,SM,23.2,23.25,22.3,22.4,22.4,22.5,6400,144600.00,18-Aug-2026,7,INE0Q2V01012
KSCL,EQ,758.7,779,755.8,772.75,763,772.3,251401,193417006.60,18-Aug-2026,15971,INE455I01029
KAVDEFENCE,EQ,55.6,60,54.89,57.53,57.94,56.61,227616,12997321.29,18-Aug-2026,3112,INE641C01019
KCEIL,SM,79.95,79.95,76.2,77.65,77.5,76.8,36500,2835675.00,18-Aug-2026,44,INE0RCG01017
KAYA,EQ,333,345.8,326.25,338.75,335.8,336.65,52088,17378588.95,18-Aug-2026,2385,INE587G01015
KAYNES,EQ,3664.8,3714.2,3640,3644.1,3644.1,3651,514083,1887361841.70,18-Aug-2026,37736,INE918Z01012
KAYTEX,SM,58,58,51.2,54.3,54.3,56.3,24000,1297000.00,18-Aug-2026,30,INE13ZD01013
KCK,ST,15.5,15.5,15,15,15,14.9,82500,1240125.00,18-Aug-2026,8,INE0J1E01027
KCP,EQ,156.2,157.16,150,151.22,151,155.28,238462,36212236.53,18-Aug-2026,4481,INE805C01028
KCPSUGIND,BE,31.47,32,30.5,31.44,31.65,31.12,223001,6965956.55,18-Aug-2026,400,INE790B01024
KDDL,EQ,4081.9,4128.5,4010.1,4093.5,4064,4084.6,26917,110370568.60,18-Aug-2026,7164,INE291D01011
KEC,EQ,436.35,438,427,428.6,427.7,436.35,1404817,603114838.90,18-Aug-2026,30436,INE389H01022
KEI,EQ,5881.7,5899,5722.7,5790,5790,5873,311725,1808386925.70,18-Aug-2026,26590,INE878B01027
KELLTONTEC,EQ,13.54,13.89,13.45,13.68,13.66,13.54,1591673,21724830.21,18-Aug-2026,3875,INE164B01030
KEN,SM,42.3,42.3,42,42,42,42,4800,202200.00,18-Aug-2026,4,INE15DO01012
KENNAMET,EQ,3550,3569,3480,3502.2,3481.1,3551.7,14828,52320621.10,18-Aug-2026,3087,INE717A01029
KERNEX,EQ,1820,1920,1756.1,1901.8,1906,1751.7,1425187,2633221563.50,18-Aug-2026,86725,INE202H01019
KESORAMIND,BE,11.95,11.95,11.95,11.95,11.95,11.72,190942,2281756.90,18-Aug-2026,186,INE087A01019
KKCL,EQ,523.65,525,513.2,515.05,514.55,521,50339,26123981.50,18-Aug-2026,2141,INE401H01017
KEYFINSERV,EQ,257.9,261,254.95,257.45,259.8,257.95,1145,294639.55,18-Aug-2026,43,INE681C01015
RUSTOMJEE,EQ,375.1,378.25,370.2,371.9,371.1,375.1,31546,11826093.55,18-Aug-2026,1778,INE263M01029
KFINTECH,EQ,976.55,979,946,957.6,957.6,973,1298792,1240561165.90,18-Aug-2026,30243,INE138Y01010
KHADIM,BE,97.4,98.4,96,96.32,96.2,97.07,43442,4215356.13,18-Aug-2026,203,INE834I01025
KHAITANLTD,EQ,147.04,149.38,141.01,148.19,148.49,147.04,5052,742149.58,18-Aug-2026,90,INE731C01018
KHAICHEM,EQ,60.34,63.3,56.11,56.72,56.8,59.75,1453854,87091782.57,18-Aug-2026,10146,INE745B01028
KHANDSE,EQ,17.47,17.47,17.47,17.47,17.47,17.25,1,17.47,18-Aug-2026,1,INE060B01014
KHFM,SM,45.25,47.9,45,45.9,47.9,48.6,10850,498015.00,18-Aug-2026,6,INE00UG01014
KLBRENG-B,EQ,346,374.4,346,362.75,360.5,346.9,383012,139272537.45,18-Aug-2026,9410,INE338F01015
KILITCH,BE,169,172.4,163.96,163.96,163.96,172.58,96347,15993683.81,18-Aug-2026,529,INE729D01010
KINGFA,EQ,6087.5,6087.5,5905.5,5974.5,5950,6087.5,21586,128835537.00,18-Aug-2026,5966,INE473D01015
KIOCL,EQ,387.3,391.85,382.1,384,384.15,388.15,63816,24585807.80,18-Aug-2026,3376,INE880L01014
KIRANVYPAR,EQ,200,200,196.25,196.31,196.3,201.75,303,59778.00,18-Aug-2026,14,INE555P01013
KIRIINDUS,EQ,413.5,413.5,403.8,408.95,409.2,410.45,191225,78037594.65,18-Aug-2026,4192,INE415I01015
KIRLOSBROS,EQ,1942.9,1951,1900.7,1910,1902.2,1942.9,34824,66834766.30,18-Aug-2026,5680,INE732A01036
KECL,EQ,137.5,139.82,133.35,135.36,134.38,137.5,163373,22212884.39,18-Aug-2026,2823,INE134B01017
KIRLFER,EQ,434,437.7,429,435.85,434.4,433.2,50317,21804612.80,18-Aug-2026,3425,INE884B01025
KIRLOSIND,EQ,3842.9,3844.8,3740,3753.3,3740,3842.9,4203,15872557.70,18-Aug-2026,652,INE250A01039
KIRLOSENG,EQ,2101.5,2130,2076.5,2125.7,2123.1,2101.6,200593,423378821.70,18-Aug-2026,22093,INE146L01010
KIRLPNU,EQ,768.8,776.9,745.7,760.2,763,1534.3,186912,141876163.90,18-Aug-2026,12008,INE811A01038
KITEX,EQ,128.51,134.07,128.1,128.98,128.75,128.81,700612,91737866.99,18-Aug-2026,8302,INE602G01020
KNAGRI,EQ,217.5,228,208.79,212.8,214.75,216.19,58047,12414273.10,18-Aug-2026,711,INE0KNW01016
KNACK,EQ,207,208.74,203.05,204.19,204.7,207.56,535863,110073822.22,18-Aug-2026,7016,INE17QZ01016
KMEW,EQ,2740,2745,2632,2706.2,2720,2756.5,163110,436731375.90,18-Aug-2026,21603,INE0CJD01029
KRT,RR,115.8,116,112,115.27,115.6,115.48,817372,94002857.25,18-Aug-2026,8289,INE1JAR25012
KNRCON,EQ,134,135.22,129.8,130.36,130.4,134.6,691247,90972656.66,18-Aug-2026,11188,INE634I01029
KODYTECH,ST,1389.7,1424,1382,1413.85,1420,1396.65,16500,23240320.00,18-Aug-2026,77,INE0Q7P01013
KOHINOOR,EQ,27.8,28.47,26.3,27.42,27.21,27.78,135394,3695848.60,18-Aug-2026,2227,INE080B01012
KOKUYOCMLN,EQ,84.89,85,83.62,84.77,84.89,84.73,18755,1587175.28,18-Aug-2026,423,INE760A01029
KOLTEPATIL,EQ,471.65,478.8,466.25,473.95,476,471.65,89987,42508642.25,18-Aug-2026,3651,INE094I01018
KONSTELEC,ST,58.3,62,58.3,62,62,61.25,77000,4739250.00,18-Aug-2026,42,INE0QEI01011
KONTOR,SM,60,60,60,60,60,62,600,36000.00,18-Aug-2026,1,INE0KZ301010
KOPRAN,BE,201.69,208.5,199.51,201.51,200.07,199.71,220320,44728931.06,18-Aug-2026,1768,INE082A01010
KDL,SM,89.2,92.55,84.95,87.55,87,91.8,28050,2448457.50,18-Aug-2026,128,INE0O4R01018
GOLD1,EQ,130.89,130.95,127.19,127.67,127.75,127.7,2096227,267599472.15,18-Aug-2026,6874,INF174KA1HJ8
KOTAKBANK,EQ,391,392.9,387.65,387.65,387.65,392.7,5653147,2207051901.00,18-Aug-2026,58035,INE237A01036
NIFTY1,EQ,277.28,277.28,268.01,269.09,269.27,270.52,59872,16119112.20,18-Aug-2026,1120,INF174K014P6
PSUBANK,EQ,87.49,87.59,86.1,86.65,86.1,87.38,85921,7456041.09,18-Aug-2026,778,INF174KA1A86
CHEMICAL,EQ,30.41,31.18,30.41,30.85,30.88,30.81,2215646,68399383.99,18-Aug-2026,871,INF174KA1XV0
ALPHA,EQ,54.18,54.29,53.81,54.06,53.97,54.18,706087,38133473.45,18-Aug-2026,2065,INF174KA1IA5
CONS,EQ,12.45,12.47,12.32,12.37,12.45,12.51,654805,8112243.93,18-Aug-2026,197,INF174KA1ZF8
IT,EQ,34.95,34.95,33.6,33.69,33.75,34.26,247367,8351807.80,18-Aug-2026,1265,INF174KA1GC5
LIQUID1,EQ,1119.65,1119.65,1118.66,1118.66,1118.66,1118.52,1362113,1523754993.40,18-Aug-2026,520,INF174KA1LV5
LOWVOL1,EQ,21.43,21.51,21.18,21.27,21.18,21.46,495408,10568314.23,18-Aug-2026,192,INF174KA1IY5
MIDCAP,EQ,18.71,18.88,18.58,18.64,18.67,18.71,234519,4371573.00,18-Aug-2026,814,INF174KA1ZC5
MNC,EQ,34.74,34.74,34.48,34.5,34.5,34.76,52636,1819905.30,18-Aug-2026,343,INF174KA1JF2
SILVER1,EQ,22.12,22.9,22.12,22.47,22.51,22.69,4107007,92381970.25,18-Aug-2026,4351,INF174KA1ZD3
NV20,EQ,14.04,14.06,13.94,14.01,14.02,14.07,43408,607203.87,18-Aug-2026,169,INF174KA1ZE1
MID150,EQ,23.82,23.84,23.7,23.81,23.84,23.87,54661,1301204.28,18-Aug-2026,168,INF174KA1VW2
MOMENTUM30,EQ,31.27,31.28,31.07,31.19,31.28,31.27,80449,2510073.38,18-Aug-2026,68,INF174KA1XS6
MSCIINDIA,EQ,30.27,30.27,30.1,30.16,30.12,30.27,4053,122221.13,18-Aug-2026,64,INF174KA1VD2
NEXT50ETF,EQ,76.34,76.34,74.45,75.12,75.13,75.97,23367,1757623.92,18-Aug-2026,136,INF174KA1YO3
NIFTY100EW,EQ,36.77,36.77,35.51,35.64,35.62,35.74,27419,977571.19,18-Aug-2026,207,INF174KA1UW4
PVTBANK,EQ,27.41,27.5,27.33,27.5,27.5,27.5,1747,47876.54,18-Aug-2026,9,INF174KA1A94
QUALITY30,EQ,21.23,21.35,20.99,21.01,21.04,21.23,18032,379649.08,18-Aug-2026,65,INF174KA1WT6
BANKNIFTY1,EQ,61.38,61.38,59.45,59.63,59.87,59.89,730567,43466484.10,18-Aug-2026,740,INF174KA1ZB7
KOTIC,EQ,145.95,156.36,143.35,145.08,145.9,143.36,11873,1749766.64,18-Aug-2026,455,INE972A01020
KOTHARIPET,EQ,133.5,137.53,133.5,134.99,134.3,133.91,73090,9900475.43,18-Aug-2026,1415,INE720A01015
KOTHARIPRO,EQ,68.58,69.43,67.5,67.95,67.62,68.58,6465,439162.90,18-Aug-2026,266,INE823A01017
KOTARISUG,EQ,26.4,27.3,26.4,26.89,26.89,26.29,181199,4887234.78,18-Aug-2026,845,INE419A01022
KOTYARK,BE,36.36,36.36,36.36,36.36,36.36,38.27,27777,1009971.72,18-Aug-2026,263,INE0J0B01017
KOVAI,EQ,6181.5,6181.5,5990,6013,6045,6122,3161,19116789.50,18-Aug-2026,774,INE177F01017
KPIGREEN,EQ,302.5,316.3,302.45,308.9,309,303.1,2232623,687877783.85,18-Aug-2026,45336,INE542W01025
KPITTECH,EQ,609,609.05,596,596.65,596.65,609,1619307,972712588.30,18-Aug-2026,30901,INE04I401011
KPRMILL,EQ,1135.6,1140,1118.3,1123.5,1123.9,1135.6,110490,124814189.60,18-Aug-2026,11176,INE930H01031
KRBL,EQ,394.65,403.8,390.5,393.6,394,395.7,715530,284586267.85,18-Aug-2026,22388,INE001B01026
KREBSBIO,EQ,56.77,56.78,55.08,55.79,55.5,54.66,5203,291452.54,18-Aug-2026,27,INE268B01013
KRIDHANINF,BE,2.19,2.27,2.15,2.19,2.21,2.19,58497,127054.93,18-Aug-2026,55,INE524L01026
KRISHANA,EQ,188,190.98,184.1,190.04,190.39,187.27,695996,131125959.12,18-Aug-2026,10287,INE506W01020
KRISHCA,SM,166,167.9,165,167.4,167.4,166.25,8000,1334725.00,18-Aug-2026,11,INE0NR701018
KRISHIVAL,EQ,403,403,350.6,355.75,355.5,408.3,170859,62964058.75,18-Aug-2026,5074,INE0GGO01015
KRISHNADEF,EQ,1067.9,1129,1067.9,1125,1129,1062.5,137042,151269544.70,18-Aug-2026,12015,INE0J5601015
KIMS,EQ,800,808.9,800,805.5,804.55,800.4,217609,174666611.80,18-Aug-2026,13301,INE967H01025
KRITI,EQ,66.73,68.94,65.2,65.81,65.98,66.73,7131,470335.88,18-Aug-2026,94,INE479D01038
KRITINUT,EQ,86.99,87.5,84.51,85.79,85.1,85.15,4162,357418.99,18-Aug-2026,111,INE798K01010
KRITIKA,EQ,5.54,5.6,5.5,5.52,5.55,5.54,56033,310181.92,18-Aug-2026,316,INE00Z501029
KRMAYURVED,SM,274.85,285,274.85,281.7,282.95,272.85,84000,23555300.00,18-Aug-2026,71,INE1MTV01019
KRN,EQ,1517.7,1560,1475,1522.1,1515,1539.7,425448,642705843.70,18-Aug-2026,27219,INE0Q3J01015
KRONOX,EQ,150.1,154.55,144.41,151.7,151.5,151.52,225530,33551179.39,18-Aug-2026,3932,INE0ATZ01017
KROSS,EQ,203.5,208.01,201.35,202.5,203.8,205.2,329794,67471540.61,18-Aug-2026,6545,INE0O6601022
KRSNAA,EQ,560,563,537.1,540.2,540,558.45,85637,46871399.25,18-Aug-2026,5205,INE08LI01020
KRYSTAL,EQ,620.2,623.7,620,620,620,620.4,5861,3637072.80,18-Aug-2026,261,INE0QN801017
KSB,EQ,797.05,801.45,789.65,794.5,791,795.25,38365,30479019.05,18-Aug-2026,4636,INE999A01023
KSE,EQ,197.9,199.99,196,198.82,199,194.47,25704,5098427.40,18-Aug-2026,572,INE953E01022
KSHINTL,EQ,1024.3,1030.4,985.25,999.45,1003.3,1022.35,225378,225037352.75,18-Aug-2026,15549,INE987S01020
KSHITIJPOL,EQ,3.04,3.09,2.88,2.91,2.94,3.03,2109693,6156258.23,18-Aug-2026,1578,INE013801027
KSOLVES,EQ,271,273.8,268,270.35,270.55,274.1,26890,7279931.70,18-Aug-2026,1337,INE0D6I01023
KSR,EQ,29.16,29.8,28.36,28.47,29.4,29.3,2070,59661.38,18-Aug-2026,53,INE1SPP01016
KUANTUM,EQ,80.74,81.28,79.2,79.79,79.99,80.33,153618,12292531.61,18-Aug-2026,1490,INE529I01021
KUSUMGAR,EQ,590,601,589,595,596,592.25,231690,138274609.05,18-Aug-2026,8059,INE0ISX01025
KPL,EQ,3648,3654.8,3499.8,3532.6,3544,3598.1,35819,127166466.80,18-Aug-2026,4956,INE552U01010
KWIL,EQ,38.93,39.35,37.83,38.1,37.93,38.79,21856056,845151157.80,18-Aug-2026,47363,INE2KCE01013
LKPSEC,EQ,16.44,17.7,16.44,16.76,16.99,16.44,26512,449019.36,18-Aug-2026,654,INE341H01023
LTF,EQ,314,325.8,307.55,325.1,325.1,315,10165537,3254172895.45,18-Aug-2026,71272,INE498L01015
LTTS,EQ,3525.2,3562,3495,3509.9,3508.2,3528.5,47263,166905617.10,18-Aug-2026,10450,INE010V01017
LAOPALA,EQ,191,192.42,188.6,189.31,190,191.22,213293,40468096.47,18-Aug-2026,4486,INE059D01020
LADDERUP,EQ,50.9,50.9,50.33,50.33,50.33,49.11,43,2173.20,18-Aug-2026,4,INE519D01015
LAGNAM,EQ,77.6,79.95,77.4,77.81,77.89,77.94,40464,3177016.62,18-Aug-2026,385,INE548Z01017
LAHOTIOV,EQ,42.98,43.5,42.11,42.28,42.99,42.98,885,37518.99,18-Aug-2026,15,INE515C01023
LFIC,EQ,138.21,145,138.21,140.88,140.99,140.7,470,65935.87,18-Aug-2026,38,INE850E01012
LAKSHMIMIL,EQ,8505,8505,7900,8001.5,8000,8067,69,565524.00,18-Aug-2026,34,INE938C01019
LAKPRE,BZ,4.56,4.56,4.56,4.56,4.56,4.56,25,114.00,18-Aug-2026,1,INE651C01018
LAKSHYA,SM,83.85,84.65,82.4,84.3,84.3,81.5,4000,335760.00,18-Aug-2026,5,INE0VZS01015
LAMBODHARA,EQ,113.64,113.64,110.35,110.59,111,110.1,4907,546435.04,18-Aug-2026,168,INE112F01022
LAMOSAIC,ST,54.25,56.95,54,56.95,56.95,55.8,49200,2752350.00,18-Aug-2026,38,INE0R0201012
LANCER,EQ,11.12,11.24,10.58,10.92,10.95,11.07,148016,1620740.98,18-Aug-2026,404,INE359U01028
LANCORHOL,EQ,30.25,30.25,27.8,28.18,27.85,29.29,134243,3865770.40,18-Aug-2026,1925,INE572G01025
LANDMARK,EQ,513.4,519.65,504.25,513.3,509,511,118817,60722252.60,18-Aug-2026,4562,INE559R01029
LPDC,EQ,7.86,7.86,7.25,7.38,7.39,7.87,96777,728839.76,18-Aug-2026,352,INE197J01017
LANDSMILL,EQ,0.75,0.78,0.75,0.76,0.77,0.75,2802194,2142167.54,18-Aug-2026,843,INE688J01023
LT,EQ,4068,4085,4050,4064.3,4064.3,4086.7,1355575,5518324232.20,18-Aug-2026,68981,INE018A01030
LASA,EQ,7.14,7.44,6.75,7.19,7.21,7.14,25232,179404.76,18-Aug-2026,216,INE670X01014
LASERPOWER,EQ,321.5,331.5,320.4,327.6,327.5,324.35,2181158,712605999.10,18-Aug-2026,25983,INE17IR01028
LATENTVIEW,EQ,287.2,289.95,280.4,281.6,280.9,285.5,510178,144550822.45,18-Aug-2026,11277,INE0I7C01011
LATTEYS,EQ,23.29,23.85,22.34,23.03,22.9,23.29,169405,3900403.23,18-Aug-2026,785,INE262Z01023
LAURUSLABS,EQ,1810,1824.6,1802.1,1814,1814,1809.7,1291914,2348331388.40,18-Aug-2026,35171,INE947Q01028
LAXMICOT,EQ,13.41,13.69,13.22,13.46,13.5,13.41,5759,77441.17,18-Aug-2026,64,INE801V01019
LAXMIDENTL,EQ,200,202.39,197.38,198.39,198.34,200.64,144665,28855021.53,18-Aug-2026,3264,INE0WO601020
LGHL,EQ,177.62,184.78,175.93,180.84,182,177.62,4502,808166.65,18-Aug-2026,281,INE258Y01016
LAXMIINDIA,EQ,135.85,135.9,130.02,131.38,131.11,136.56,155482,20471005.72,18-Aug-2026,1519,INE06WU01026
LXCHEM,EQ,179.05,181.09,173.31,174.19,174.08,179.66,746694,131589013.23,18-Aug-2026,8925,INE576O01020
LCCINFOTEC,EQ,3.81,3.99,3.44,3.84,3.85,3.82,115295,421991.95,18-Aug-2026,196,INE938A01021
LEMERITE,EQ,23.49,23.49,22.5,23.01,23.15,23.25,355691,8143009.54,18-Aug-2026,916,INE0G1L01025
IXIGO,EQ,171.2,174.8,170.25,172.26,171.5,172.51,348709,60010540.99,18-Aug-2026,10546,INE0HV901016
LRRPL,SM,83.5,83.5,83.5,83.5,83.5,83.5,1500,125250.00,18-Aug-2026,1,INE0H4B01011
LEAPIND,EQ,160,164.7,158.3,160.3,159.31,155.49,29119032,4706265223.08,18-Aug-2026,199474,INE00GO01025
LEENEE,EQ,7.06,7.97,6.81,7.58,7.75,7.06,18361,139766.85,18-Aug-2026,146,INE791B01014
THELEELA,EQ,508.95,521.95,503.3,519.15,519.65,503,412429,211277813.75,18-Aug-2026,19601,INE0AQ201015
LEMONTREE,EQ,109.2,110.13,107.88,109.02,108.9,109.55,3034796,330237386.02,18-Aug-2026,38055,INE970X01018
LENSKART,EQ,609.85,640,606.85,628.4,628.7,607.6,10855580,6785548721.30,18-Aug-2026,171490,INE956O01016
LEXUS,EQ,13.91,14.79,13.07,13.55,13.72,13.58,12787,171888.67,18-Aug-2026,120,INE500X01013
LGBBROSLTD,EQ,1602,1623.9,1600,1603.1,1600.2,1602.8,14844,23856159.80,18-Aug-2026,2149,INE337A01034
LGEINDIA,EQ,1651,1675,1640.1,1649.4,1645,1667.6,812372,1347875479.90,18-Aug-2026,38140,INE324D01010
LIBAS,EQ,9.95,9.95,9.36,9.77,9.8,9.52,43087,415284.41,18-Aug-2026,104,INE908V01012
LIBERTSHOE,EQ,248.95,248.95,242.6,245.15,246.95,248.05,29617,7253579.55,18-Aug-2026,628,INE557B01019
LICHSGFIN,EQ,500,501.8,495.9,498.8,498.8,498.25,1854138,924912073.90,18-Aug-2026,30771,INE115A01026
LICMFGOLD,EQ,139.25,139.25,137.15,137.35,137.15,137.5,46672,6424738.90,18-Aug-2026,414,INF767K01SM1
LICNETFN50,EQ,272.38,272.74,271.06,271.06,271.06,273.74,176,47924.30,18-Aug-2026,24,INF767K01OS7
LICNETFSEN,EQ,883.95,883.95,872.12,879.2,879.2,880.61,35,30653.65,18-Aug-2026,4,INF767K01OT5
LICNFNHGP,EQ,283.97,283.97,277.76,277.86,278.94,281.16,36,10091.49,18-Aug-2026,14,INF767K01PC8
LICNETFGSC,EQ,29.47,29.6,29.4,29.51,29.5,29.51,17390,513968.08,18-Aug-2026,74,INF767K01MV5
LICNMID100,EQ,63.81,64.48,63.53,63.9,63.82,64.17,2032,130049.63,18-Aug-2026,67,INF767K01RN1
LICI,EQ,410.1,413.95,407,410,410,410,5374472,2206878134.65,18-Aug-2026,46706,INE0J1Y01017
LIKHITHA,EQ,207.7,216.9,207.2,208.57,209,206.67,48039,10163443.40,18-Aug-2026,1159,INE060901027
LINC,EQ,99,99,94.63,95.45,95.5,97.28,32789,3141908.53,18-Aug-2026,778,INE802B01027
LINCOLN,EQ,623.35,627.2,612.35,619.1,617.5,623.35,28701,17791605.10,18-Aug-2026,1631,INE405C01035
LINDEINDIA,EQ,6720,6870.5,6701.5,6725.5,6711.5,6732,33874,230220092.00,18-Aug-2026,6906,INE473A01011
LLOYDSENGG,EQ,91.77,94.5,91.6,93.66,94,91.21,10766214,1003569794.83,18-Aug-2026,41382,INE093R01011
LLOYDSENT,EQ,75.6,80.9,75.6,79.03,79.4,75.65,6839394,541819477.01,18-Aug-2026,29576,INE080I01025
LLOYDS,SM,61.5,61.5,61.5,61.5,61.5,62.9,1000,61500.00,18-Aug-2026,1,INE0DTQ01028
LLOYDSME,EQ,1938.2,1943.9,1909,1938.6,1938,1942,347859,671317578.90,18-Aug-2026,13085,INE281B01032
LMW,EQ,19976,20130,19689,19748,19760,20047,6432,128140365.00,18-Aug-2026,2622,INE269B01029
LODHA,EQ,1254,1260,1211.1,1211.1,1211.1,1254,1547121,1900769021.70,18-Aug-2026,33407,INE670K01029
LCL,EQ,546.2,577.7,543.45,573,573.6,546.2,1385067,781628048.25,18-Aug-2026,44743,INE0QJW01029
LOKESHMACH,BE,329.8,339.5,329.8,331.35,330.5,329.8,22250,7387046.60,18-Aug-2026,197,INE397H01017
LORDSCHLO,EQ,140.03,142.45,133,133.42,134.05,139.98,29362,3973005.97,18-Aug-2026,1008,INE846D01012
LAL,EQ,8.72,8.76,8.6,8.63,8.67,8.72,7127,61935.39,18-Aug-2026,69,INE740X01023
LOTUSCHO,EQ,621,633.95,601,616.8,615.15,622.05,2315,1427939.45,18-Aug-2026,200,INE026D01011
LOTUSEYE,EQ,116,118.47,115.06,116.07,116.5,115.83,6888,798953.88,18-Aug-2026,116,INE947I01017
LOVABLE,EQ,71.82,73.72,71.53,72.09,72.49,72.04,2942,211903.38,18-Aug-2026,111,INE597L01014
LOYALTEX,EQ,219,234.88,214,216.9,216.25,221,1091,243838.80,18-Aug-2026,93,INE970D01010
LTFOODS,EQ,416.2,429.4,416.2,426.3,425.15,417.15,512273,217443974.80,18-Aug-2026,20772,INE818H01020
LTM,EQ,4630,4684,4562.2,4562.2,4562.2,4700,258689,1196538294.50,18-Aug-2026,17511,INE214T01019
LUMAXTECH,EQ,2050.4,2055,2000,2014.7,2004.1,2049,101150,204474861.80,18-Aug-2026,14592,INE872H01027
LUMAXIND,EQ,5792,5849,5710,5726,5736.5,5792,5666,32662283.00,18-Aug-2026,1933,INE162B01018
LUPIN,EQ,2255,2255,2220.5,2232,2232,2259,694324,1548235223.60,18-Aug-2026,42714,INE326A01037
LUXIND,EQ,1203.7,1234.9,1198.4,1228.9,1230.1,1209,39889,48648703.50,18-Aug-2026,3687,INE150G01020
LYKALABS,BE,69.39,69.39,69.39,69.39,69.39,68.03,4570,317112.30,18-Aug-2026,33,INE933A01014
MBEL,EQ,285.3,285.3,278.8,284.35,284.9,283.3,147787,41755556.40,18-Aug-2026,21823,INE08N601015
MKEXIM,EQ,56.75,56.75,52,53.91,53.26,53.91,1976,105998.48,18-Aug-2026,52,INE227F01010
MKPL,EQ,4.18,4.19,4.11,4.16,4.11,4.11,39931,165911.82,18-Aug-2026,277,INE964W01021
MCL,EQ,60.99,60.99,58.6,59.24,59,60.47,88186,5235161.22,18-Aug-2026,2849,INE813V01022
M&MFIN,EQ,390,391,382.25,386.2,386.1,388.9,1441684,556282110.75,18-Aug-2026,43131,INE774D01024
MVKAGRO,SM,206.7,206.7,206.7,206.7,206.7,217.55,9900,2046330.00,18-Aug-2026,19,INE0SGC01015
MAANALU,EQ,122.79,122.79,118,119.35,119,119.33,44463,5301056.83,18-Aug-2026,773,INE215I01027
MCCHRLS-B,EQ,690,690,659.95,660,660,677.1,240,158779.05,18-Aug-2026,30,INE435D01014
MACOBSTECH,SM,217,217,205,205.7,205,207.4,40000,8575880.00,18-Aug-2026,14,INE0R0J01010
MACPOWER,EQ,1782.5,2000,1782.5,1983.6,1981.1,1781.4,190829,371760647.60,18-Aug-2026,21959,INE155Z01011
MADHAVIPL,EQ,7.21,7.48,6.95,7.24,7.19,7.04,110854,782575.96,18-Aug-2026,297,INE631R01026
MADHAV,EQ,35.87,37.24,35.87,37.1,37.07,35.87,4469,161875.36,18-Aug-2026,24,INE925C01016
MADHUCON,BE,5.47,5.48,5.22,5.28,5.25,5.47,14682,79610.75,18-Aug-2026,64,INE378D01032
MADHUSUDAN,ST,227.25,229.95,225,227,227,224.8,7000,1591900.00,18-Aug-2026,7,INE0P6701019
MBAPL,EQ,165,165.99,161.99,162.47,162.09,164.73,378114,61814882.60,18-Aug-2026,6108,INE900L01028
MADRASFERT,EQ,65,65.02,64.25,64.36,64.25,65.03,23590,1522323.45,18-Aug-2026,355,INE414A01015
MAFATIND,EQ,122.3,124.44,122.2,122.53,122.26,124.21,18806,2317035.59,18-Aug-2026,514,INE270B01035
MAGADSUGAR,EQ,576,591,560.15,565.5,561,570.65,64874,37645554.75,18-Aug-2026,3328,INE347W01011
MCLOUD,EQ,26.98,29.1,26.84,28.85,28.9,26.77,9815518,279740941.98,18-Aug-2026,23044,INE613C01026
MAGNUM,EQ,19.27,19.47,19.01,19.1,19.34,19.28,65718,1263420.44,18-Aug-2026,58,INE387I01016
MAHAPEXLTD,EQ,53.49,58.01,52.61,56.95,56.99,54.09,64885,3690524.21,18-Aug-2026,548,INE843B01013
MFML,EQ,18.61,19.84,18.58,18.95,18.6,18.67,6762,129515.47,18-Aug-2026,76,INE0US801024
MHLXMIRU,BE,185.2,190,180,186,186,186.27,17254,3234573.67,18-Aug-2026,121,INE112D01035
MAHASTEEL,BE,1107.6,1135,1080.5,1123.7,1112,1099.1,41209,45969389.30,18-Aug-2026,329,INE451L01014
MGL,EQ,1106,1118.4,1100,1111.4,1113.9,1129.1,277306,307744192.50,18-Aug-2026,20219,INE002S01010
MTNL,EQ,27.15,27.59,26.9,27.08,26.91,27.08,870655,23721188.77,18-Aug-2026,3898,INE153A01019
MAHSCOOTER,EQ,13448,13688,13121,13226,13240,13449,2959,39243261.00,18-Aug-2026,1144,INE288A01013
MAHSEAMLES,EQ,622,627.95,616.1,620.9,623,622,127306,79076253.30,18-Aug-2026,9660,INE271B01025
MRIL,ST,63.5,63.5,60,60,60,63,3200,197600.00,18-Aug-2026,2,INE632Q01018
MAHESHWARI,BE,72.72,72.99,70.79,72.5,72.5,72,17674,1274212.31,18-Aug-2026,32,INE263W01010
MAHICKRA,SM,294,294,294,294,294,295,750,220500.00,18-Aug-2026,1,INE961Y01015
M&M,EQ,3390.4,3435,3390.2,3421.5,3421.5,3390.4,1371664,4693338090.10,18-Aug-2026,76990,INE101A01026
MAHEPC,EQ,108,108.17,106.5,107.37,107.5,107.31,15286,1641840.99,18-Aug-2026,424,INE215D01010
MHRIL,EQ,222.65,224.86,220.8,221.39,221.1,224.89,49704,11055417.49,18-Aug-2026,2131,INE998I01010
MAHLIFE,EQ,391,391,381.1,384.15,382.1,386.65,92716,35587756.95,18-Aug-2026,3398,INE813A01018
MAHLOG,EQ,402.5,406.35,397.3,404.55,404.75,404.95,98395,39534735.50,18-Aug-2026,3528,INE766P01016
MAITHANALL,EQ,977.5,992.9,974.15,987.65,992,980,26302,25923451.70,18-Aug-2026,1745,INE683C01011
MAITREYA,SM,116,117.2,110,110.5,110,115.5,10400,1164860.00,18-Aug-2026,25,INE0PLQ01011
MAJESAUT,BE,353.05,359.8,349,352.55,349.05,362.4,5325,1883659.70,18-Aug-2026,320,INE201B01022
MAKERSL,EQ,160,162,158,159.83,159.15,152.59,717,114741.05,18-Aug-2026,42,INE987A01010
MALLCOM,EQ,955.45,977.95,950.05,958.65,955,956,2352,2251652.30,18-Aug-2026,172,INE389C01015
MALUPAPER,EQ,32.25,32.89,32.13,32.58,32.64,31.85,5904,191634.83,18-Aug-2026,73,INE383H01017
MAMATA,EQ,407.3,417,400,411.15,412,405.6,68286,27917098.25,18-Aug-2026,3293,INE0TO701015
MANAKCOAT,EQ,121.35,129.5,121,125.36,125.77,121.88,1563125,198463273.81,18-Aug-2026,17625,INE830Q01018
MANINDS,EQ,630.95,649.95,624.85,645.15,645.3,630.35,768630,491846210.30,18-Aug-2026,22067,INE993A01026
MANINFRA,EQ,103.21,108.98,101.7,106.02,106.48,104.12,5583898,588166985.90,18-Aug-2026,36038,INE949H01023
MANAKALUCO,EQ,37.65,38.43,37.25,37.63,37.5,38.11,48115,1820195.71,18-Aug-2026,821,INE859Q01017
MANAKSIA,EQ,59.85,60.7,58.52,59.46,59.35,58.87,27660,1653733.94,18-Aug-2026,299,INE015D01022
MANAKSTEEL,EQ,87,88.88,85,86.25,87,85.03,51522,4506022.13,18-Aug-2026,666,INE824Q01011
MANALIPETC,EQ,68,71.45,66.81,71.06,71.1,67.64,1999257,140799515.59,18-Aug-2026,11141,INE201A01024
MANAPPURAM,EQ,348.25,351.95,342.75,346.6,346.6,348.6,2534288,876476288.75,18-Aug-2026,23479,INE522D01027
MANAV,SM,28.1,28.1,28.1,28.1,28.1,26.9,8000,224800.00,18-Aug-2026,2,INE104Y01012
MANBA,EQ,130.1,132.06,129.5,130.11,131,130.52,66862,8707339.51,18-Aug-2026,746,INE939X01013
MANBRO,EQ,54.2,56,52.8,53.1,53,54,22983,1232946.10,18-Aug-2026,389,INE348N01042
MANDEEP,SM,19.7,19.7,19.7,19.7,19.7,19.7,2000,39400.00,18-Aug-2026,1,INE0R3T01013
MANCREDIT,EQ,242.5,243.7,225,227.21,229,236.73,169721,39043120.79,18-Aug-2026,1961,INE545L01039
MEIL,EQ,274.9,274.9,265.95,268.7,268.7,269.45,25897,6981952.40,18-Aug-2026,673,INE0PKD01011
MANGLMCEM,EQ,875.05,884,863.05,870.05,873,872.55,26851,23477566.20,18-Aug-2026,1003,INE347A01017
MANGALAM,EQ,28.79,28.79,27.55,27.99,27.99,27.84,23324,653643.80,18-Aug-2026,141,INE584F01014
MGEL,BE,14.5,15,14.5,14.98,14.99,14.68,46435,691697.04,18-Aug-2026,145,INE0APB01032
MANORG,EQ,449.65,450.95,429.1,443.8,442,447.65,19913,8823870.90,18-Aug-2026,797,INE370D01013
MSL,EQ,152,152,135,145,145,139,471,67757.95,18-Aug-2026,29,INE829S01016
MWL,EQ,41.08,41.49,40.25,40.72,40.8,40.91,157349,6402336.55,18-Aug-2026,776,INE0JYY01029
MIEL,SM,12.1,12.95,12.1,12.95,12.95,12.6,4000,50100.00,18-Aug-2026,2,INE0R3101011
MANILAM,SM,46,48,46,47,48,46.1,6000,282000.00,18-Aug-2026,3,INE1ERK01013
MANIPALHOS,EQ,723.05,738.35,712.95,724.8,725,722.9,1226590,890615626.10,18-Aug-2026,33560,INE459N01021
MANKIND,EQ,2370,2395,2363.3,2380,2380,2380.9,366118,869583850.80,18-Aug-2026,17545,INE634S01028
MVGJL,EQ,151.12,153.99,149.4,150.48,150.99,152.64,50305,7595739.47,18-Aug-2026,1331,INE0KNT01012
MANOMAY,EQ,216.8,217.7,208.1,216.55,216,215.35,84379,18294161.04,18-Aug-2026,1038,INE784W01015
MANORAMA,EQ,1953,1968,1885,1901,1899,1943.4,1522653,2925459986.20,18-Aug-2026,78003,INE00VM01036
MANUGRAPH,BE,16.58,16.84,15.33,16.54,16.51,16.1,22782,375043.27,18-Aug-2026,108,INE867A01022
MARALOVER,EQ,54.4,54.4,52.26,52.7,52.8,53.15,5407,287012.56,18-Aug-2026,74,INE882A01013
MARATHON,EQ,358.8,363.9,344.05,346.85,349.7,358.8,141211,49273172.55,18-Aug-2026,4100,INE182D01020
MARC,SM,123.25,123.25,121,121.1,121,120.8,6000,729240.00,18-Aug-2026,5,INE0TD401015
MARCO,SM,31.9,31.9,31.9,31.9,31.9,31.95,1500,47850.00,18-Aug-2026,1,INE0QP001012
MARICO,EQ,851.2,855.6,841.55,841.55,841.55,852.05,537548,455629188.40,18-Aug-2026,24486,INE196A01026
MARINE,EQ,367.95,382,365.25,376.8,379.3,367.1,813572,303796316.25,18-Aug-2026,20583,INE01JE01028
MARINETRAN,SM,16.45,16.9,16.25,16.9,16.9,17.1,16000,263400.00,18-Aug-2026,4,INE0P1P01017
MARKOLINES,EQ,171.8,173.25,170.21,171.62,171.7,171.65,143236,24608973.88,18-Aug-2026,1036,INE0FW001016
MARKSANS,EQ,331.8,336.35,325.2,326.5,326.3,331.45,3307672,1092929915.10,18-Aug-2026,39756,INE750C01026
MARSONS,EQ,104.9,105.65,102,102.31,102.34,104.8,1330099,136744652.02,18-Aug-2026,7020,INE415B01044
MARUSHIKA,SM,111,111,110.95,111,111,111,6000,665940.00,18-Aug-2026,3,INE0X7G01013
MARUTI,EQ,13762,13890,13691,13691,13691,13760,267433,3687398203.00,18-Aug-2026,46076,INE585B01010
MDL,ST,55,56.5,53.2,56.5,56.5,56,10000,544850.00,18-Aug-2026,9,INE575Z01010
MASFIN,EQ,305.4,306.75,302.2,302.95,303.05,305.3,139122,42156836.10,18-Aug-2026,6779,INE348L01012
MASKINVEST,EQ,148.13,148.87,148.13,148.13,148.13,148.13,167,24739.19,18-Aug-2026,5,INE885F01015
MASON,SM,119.2,122,116.5,119,119,121,152000,18297200.00,18-Aug-2026,35,INE0SH001010
MASTEK,EQ,1811,1811,1702,1717.5,1711,1811.8,103567,181984191.50,18-Aug-2026,18727,INE759A01021
MASTERTR,EQ,78.48,78.85,76.99,77.42,77.1,78.48,174379,13579674.40,18-Aug-2026,1384,INE677D01037
MATRIMONY,EQ,546,546,534.55,538.45,538,543.05,10712,5780090.25,18-Aug-2026,474,INE866R01028
MGSL,SM,90.95,91,86,86,86,91,8400,753540.00,18-Aug-2026,6,INE132901013
MAWANASUG,EQ,126,130.5,124.15,125.74,124.9,124.06,813767,103926164.21,18-Aug-2026,8567,INE636A01039
MAXESTATES,EQ,472.8,501.45,468.2,477.85,475.2,474.35,324306,157915732.30,18-Aug-2026,12787,INE03EI01018
MFSL,EQ,1570,1587.9,1547,1584.5,1584.5,1571.7,1054795,1661045839.80,18-Aug-2026,36540,INE180A01020
MAXHEALTH,EQ,1000.7,1017,982.1,1014.4,1014.4,1003.7,2219107,2232160967.60,18-Aug-2026,48267,INE027H01010
MAXIND,EQ,149.27,151.93,147.66,151.13,150.11,150.33,126167,18945379.42,18-Aug-2026,1736,INE0CG601016
MAXPOSURE,SM,31.6,32,31,32,32,32.95,31000,970550.00,18-Aug-2026,23,INE0ECC01022
MAXVOLT,SM,360,363,345,350.95,353.9,350.15,37200,13053520.00,18-Aug-2026,84,INE10A501018
MAYASHEEL,SM,36,38.65,36,37.3,38.65,38.75,6000,223950.00,18-Aug-2026,2,INE0ZTO01018
MAYURUNIQ,EQ,737.2,759.8,724,726.1,729.95,732.2,74332,54575607.80,18-Aug-2026,5157,INE040D01038
MAZDOCK,EQ,2569.7,2618.2,2556.1,2587,2587,2569.7,1229574,3188800550.80,18-Aug-2026,48945,INE249Z01020
MAZDA,BE,236.87,239,231.11,236.41,238,230.9,5597,1310580.06,18-Aug-2026,146,INE885E01042
MBLINFRA,EQ,24.26,24.78,24.04,24.06,24.06,24.38,27192,657854.75,18-Aug-2026,94,INE912H01013
MCLEODRUSS,EQ,44.85,46.99,43.91,45.32,46.08,44.85,245234,10963761.27,18-Aug-2026,2172,INE942G01012
MCON,SM,47.95,48.5,47.95,48.5,48.5,46.2,13000,628850.00,18-Aug-2026,10,INE0O4M01019
MEDIASSIST,EQ,345.05,348,343,346.8,346.75,343.5,54087,18706814.15,18-Aug-2026,2870,INE456Z01021
MEDICAPQ,EQ,20.33,27.68,20.33,25.05,25,25.26,1451,38220.74,18-Aug-2026,41,INE442D01010
MMWL,EQ,15.1,15.9,14.65,14.91,14.9,15.21,50362,773055.20,18-Aug-2026,149,INE200D01020
MEDICAMEQ,EQ,219.87,228,218.4,225.73,226,219.88,22641,5045423.70,18-Aug-2026,927,INE646B01010
MEDIORG,SM,24.3,24.3,24.3,24.3,24.3,23.15,24000,583200.00,18-Aug-2026,5,INE0PE401018
MEDICO,EQ,44.78,44.78,42.51,42.66,42.62,44.27,132048,5684654.02,18-Aug-2026,1120,INE630Y01024
MEDISTEP,SM,18.85,18.85,18.85,18.85,18.85,18.75,3000,56550.00,18-Aug-2026,1,INE0UOY01019
MEDPLUS,EQ,657.05,670,653.1,664.85,665,656.5,199554,132645966.60,18-Aug-2026,9146,INE804L01022
MEESHO,EQ,192.01,193.82,190.61,192.95,193.01,193.82,5326690,1026137194.19,18-Aug-2026,56796,INE0VDM01015
MEGAFLEX,SM,95,99.75,95,99.75,99.75,95,3000,294500.00,18-Aug-2026,3,INE0G1D01014
MEGASTAR,EQ,317.95,317.95,308.7,308.9,308.8,311.75,4306,1332635.65,18-Aug-2026,93,INE00EM01016
MEGATHERM,SM,193.5,196.45,188,189.35,191.75,193.9,36400,6964420.00,18-Aug-2026,81,INE531R01010
MOL,EQ,63.25,63.96,61.38,61.94,62.17,62.97,1332706,82998668.06,18-Aug-2026,8209,INE0CT101020
MIIL,EQ,714.95,721,693,707.9,708,682.55,76476,54178113.35,18-Aug-2026,1314,INE898Q01015
MENONBE,BE,253.21,253.21,253.21,253.21,253.21,241.16,29561,7485140.81,18-Aug-2026,190,INE071D01033
MENNPIS,EQ,72.16,73.69,71.12,71.53,72,71.81,51081,3696745.89,18-Aug-2026,896,INE650G01029
MEP,BZ,0.64,0.64,0.64,0.64,0.64,0.63,97103,62145.92,18-Aug-2026,20,INE776I01010
MERCANTILE,EQ,24.9,25.35,23.65,23.97,25.35,24.5,761,18396.80,18-Aug-2026,21,INE689O01013
MERCURYEV,EQ,35.2,36.35,34.77,35.13,35.49,35.59,111246,3947756.46,18-Aug-2026,770,INE763M01028
METALIC,SM,127.05,133,127.05,129.8,127.75,126.75,124800,16319120.00,18-Aug-2026,76,INE1II801013
METROBRAND,EQ,942,949.1,927,928.6,927.8,942.8,44445,41428968.20,18-Aug-2026,13148,INE317I01021
METROGLOBL,EQ,157,157,141.81,149.94,151.85,154.74,13174,1953772.88,18-Aug-2026,619,INE085D01033
METROPOLIS,EQ,553,555.75,545.2,551.95,552.3,550.75,118593,65356870.30,18-Aug-2026,5892,INE112L01020
852MFL31,N0,103107.51,103107.51,103107.51,103107.51,103107.51,102617.24,200,20621502.00,18-Aug-2026,1,INE414G07JY0
MICEL,BE,36.38,36.98,36,36.26,36.4,36.38,103027,3733411.30,18-Aug-2026,854,INE287C01037
MICROPRO,SM,19.3,19.3,18.35,18.9,18.9,19.25,6400,119840.00,18-Aug-2026,4,INE0PZK01014
MIDWESTLTD,EQ,1127,1174.9,1075.3,1159.4,1162,1110,76197,86804384.20,18-Aug-2026,4378,INE0XAD01024
MLKFOOD,EQ,85.9,85.9,75.25,77.61,75.25,81.44,23394,1907736.25,18-Aug-2026,343,INE588G01021
MILKYMIST,EQ,165,181.5,165,181.5,181.5,140,92269979,15999020109.03,18-Aug-2026,351646,INE00IT01020
MINALIND,EQ,2.14,2.18,1.71,2.08,2.17,2.06,113814,219800.90,18-Aug-2026,90,INE097E01028
MINDACORP,EQ,729.5,765.35,727.8,745.25,746.65,725.15,1637223,1232151613.65,18-Aug-2026,48723,INE842C01021
MINDSPACE,RR,498.99,503.7,494.96,496.41,496.65,497.29,297881,148153927.28,18-Aug-2026,12812,INE0CCU25019
MINDTECK,EQ,174,176.53,174,174.82,174.4,175.45,15650,2746008.74,18-Aug-2026,578,INE110B01017
ALPHAETF,EQ,26.83,26.84,26.61,26.79,26.79,26.82,495578,13258256.18,18-Aug-2026,691,INF769K01KU7
BANKETF,EQ,587.38,587.38,583.73,584.69,585.61,587.66,20265,11848023.05,18-Aug-2026,389,INF769K01KR3
BANKPSU,EQ,88.09,88.09,87.1,87.2,87.1,88.09,7756,677929.99,18-Aug-2026,156,INF769K01LZ4
CONSUMER,EQ,12.28,12.29,12.2,12.2,12.2,12.28,343641,4196372.68,18-Aug-2026,297,INF769K01NS5
DEFENCE,EQ,83.49,83.99,82.53,83.52,83.52,82.69,238146,19868515.19,18-Aug-2026,855,INF769K01QC2
DIVIDEND,EQ,35.9,35.9,35.59,35.62,35.66,35.91,12300,440206.77,18-Aug-2026,88,INF769K01PY8
ENERGY,EQ,38.9,39.1,38.7,38.82,38.83,38.95,216978,8443820.83,18-Aug-2026,957,INF769K01PR2
EQUAL200,EQ,14.02,14.03,13.97,13.97,13.99,14.05,30389,425559.84,18-Aug-2026,48,INF769K01OA1
EQUAL50,EQ,335.37,335.42,333.88,334.59,334.23,336.8,13628,4561763.84,18-Aug-2026,32,INF769K01OO2
EVINDIA,EQ,34.23,34.29,34.11,34.18,34.14,34.12,242503,8294100.20,18-Aug-2026,1393,INF769K01LQ3
HEALTHCARE,EQ,21.55,21.67,21.53,21.58,21.57,21.55,14059,303619.79,18-Aug-2026,129,INF769K01QA6
HYBRIDETF,EQ,10.22,10.22,10.13,10.13,10.14,10.17,15329,155441.34,18-Aug-2026,49,INF769K01RJ5
INFRA,EQ,12.26,12.27,12.22,12.24,12.24,12.28,25904,316872.03,18-Aug-2026,119,INF769K01QB4
INTERNET,EQ,14.28,14.3,14.2,14.22,14.2,14.35,161334,2295864.21,18-Aug-2026,207,INF769K01PB6
ITETF,EQ,32.62,32.62,32.03,32.08,32.1,32.66,363874,11733947.44,18-Aug-2026,990,INF769K01KV5
LIQUID,EQ,999.99,1000,999.99,999.99,1000,999.99,67728,67727507.00,18-Aug-2026,133,INF769K01KS1
LIQUIDPLUS,EQ,1099.35,1099.37,1099.35,1099.36,1099.37,1099.21,271338,298298926.53,18-Aug-2026,261,INF769K01MY5
ESG,EQ,42.79,42.79,41.75,41.82,41.79,41.95,4455,186518.66,18-Aug-2026,60,INF769K01GS9
MAFANG,EQ,209.43,209.43,209.43,209.43,209.43,211.42,141506,29635601.58,18-Aug-2026,4519,INF769K01HF4
BFSI,EQ,27.44,27.45,27.15,27.22,27.21,27.31,71924,1957590.38,18-Aug-2026,664,INF769K01HI8
GOLDETF,EQ,148.84,148.91,148.37,148.68,148.73,148.56,867843,129022003.42,18-Aug-2026,7979,INF769K01JP9
GSEC10YEAR,EQ,30.71,30.71,30.49,30.49,30.49,30.61,1875,57188.51,18-Aug-2026,10,INF769K01KF8
MAHKTECH,EQ,23.1,23.1,23.1,23.1,23.1,23.26,333488,7703572.80,18-Aug-2026,327,INF769K01HS7
MIDCAPETF,EQ,23.98,24.06,23.85,23.93,23.93,23.98,1408980,33735509.37,18-Aug-2026,4172,INF769K01IC9
MAKEINDIA,EQ,169.3,169.58,168.66,168.94,168.67,169.29,85436,14437442.97,18-Aug-2026,905,INF769K01IB1
NIFTYETF,EQ,265.37,265.37,263,263.65,263.45,265.37,564123,148785186.65,18-Aug-2026,1369,INF769K01EG9
LOWVOL,EQ,209.18,209.18,208.5,208.5,208.5,209.6,160,33402.77,18-Aug-2026,9,INF769K01JU9
NEXT50,EQ,771.86,771.86,767.44,769.6,768.5,770.26,16185,12448744.07,18-Aug-2026,478,INF769K01FN2
SILVERAG,EQ,226.34,226.54,225.05,225.68,225.77,227.28,174759,39446612.20,18-Aug-2026,1997,INF769K01KG6
MASPTOP50,EQ,81.02,81.02,81,81.02,81.02,81.26,111841,9061355.54,18-Aug-2026,1162,INF769K01HP3
METAL,EQ,13.35,13.44,13.15,13.17,13.17,13.26,1583334,20892452.37,18-Aug-2026,3566,INF769K01LY7
MIDSMALL,EQ,52.35,52.41,52.06,52.33,52.36,52.41,275362,14376313.83,18-Aug-2026,3777,INF769K01LJ8
MOMMIDCAP,EQ,13.1,13.17,13.02,13.1,13.08,13.11,2303300,30147470.65,18-Aug-2026,1002,INF769K01RC0
MULTICAP,EQ,16.9,17.22,16.85,16.95,16.86,16.94,1952155,33084143.11,18-Aug-2026,533,INF769K01LX9
SELECTIPO,EQ,48.44,48.47,48.24,48.38,48.36,48.42,34245,1656881.32,18-Aug-2026,123,INF769K01ON4
SENSEXETF,EQ,80.31,80.31,79.74,80.05,79.81,80.32,32090,2568585.18,18-Aug-2026,233,INF769K01KT9
SMALL250,EQ,18.48,18.48,18.35,18.41,18.43,18.41,125842,2315704.89,18-Aug-2026,640,INF769K01PQ4
SMALLCAP,EQ,48.5,48.83,48.33,48.77,48.8,48.5,862900,42040839.83,18-Aug-2026,2136,INF769K01LC3
TOP20,EQ,9.03,9.03,8.96,8.96,8.96,9.03,44196,396926.74,18-Aug-2026,1136,INF769K01PZ5
VALUE,EQ,16.24,16.6,15.93,16.12,16.14,16.24,168596,2736443.95,18-Aug-2026,274,INF769K01QV2
MIRZAINT,EQ,31.43,31.84,31.2,31.43,31.38,31.44,110841,3479822.71,18-Aug-2026,2321,INE771A01026
MIDHANI,EQ,429,439,429,437.5,437.8,428.6,1545191,672276333.30,18-Aug-2026,25662,INE099Z01011
MITCON,BE,78,80,76.06,80,80,78.69,3498,275885.71,18-Aug-2026,36,INE828O01033
MITTAL,EQ,0.91,0.91,0.89,0.9,0.91,0.9,630114,568721.44,18-Aug-2026,271,INE997Y01027
MMFL,EQ,639.7,687.95,632.8,680.2,675,632.3,935497,627733853.05,18-Aug-2026,34787,INE227C01017
MMP,EQ,353.85,383,345,377.05,379.8,350,191009,70224444.30,18-Aug-2026,6009,INE511Y01018
MMTC,EQ,63.45,64.12,62.9,63.54,63.2,63.81,1193339,75627852.54,18-Aug-2026,6746,INE123F01029
MOBILISE,SM,101.7,101.7,101.7,101.7,101.7,107.05,12800,1301760.00,18-Aug-2026,5,INE1YNB01019
MODTHREAD,EQ,59.9,65.65,56.53,57.47,57.98,57.64,245705,15031320.36,18-Aug-2026,2277,INE794W01014
MODINATUR,BE,383.5,383.5,361.65,361.65,361.65,380.65,30166,11013174.45,18-Aug-2026,287,INE537F01012
MODIRUBBER,EQ,115.1,119.8,114.01,114.98,115.13,117.1,3255,379332.70,18-Aug-2026,132,INE832A01018
MODIS,EQ,415.55,420,408,408.8,411,415.6,27304,11246795.95,18-Aug-2026,1244,INE0L0L01012
MODISONLTD,BE,373.9,373.9,357.9,373.9,373.9,356.1,439834,164002143.70,18-Aug-2026,1816,INE737D01021
MOHITIND,EQ,22.51,23.63,22.51,23.14,23.4,23.22,9609,223340.21,18-Aug-2026,123,INE954E01012
MOHITE,EQ,2.71,2.71,2.32,2.45,2.4,2.49,17417,42974.85,18-Aug-2026,72,INE154B01023
MOIL,EQ,271.2,271.8,255.6,257.25,257.95,272.8,2820394,736072029.30,18-Aug-2026,48041,INE490G01020
MOKSH,EQ,10.89,10.9,10.4,10.53,10.41,10.73,119588,1276713.17,18-Aug-2026,285,INE514Y01020
MOLBIO,EQ,1037,1177,1022.65,1110.9,1091,1041.7,11279774,12521970182.65,18-Aug-2026,332869,INE869T01028
MOLDTKPAC,EQ,684.2,685.45,674.65,678.65,679.2,680.15,30321,20572494.35,18-Aug-2026,2021,INE893J01029
MOLDTECH,BE,178.29,178.99,171,171.5,172.5,179.6,49769,8654720.50,18-Aug-2026,648,INE835B01035
MONARCH,EQ,389.9,389.9,382.75,387.1,385.05,389.05,118299,45751513.50,18-Aug-2026,1797,INE903D01011
MONEYBOXX,EQ,58.8,58.8,55,56.15,56.25,57.19,15292,853963.18,18-Aug-2026,455,INE296Q01012
MONOLITH,SM,1028.05,1044,995,999.35,995,1007.55,42000,43040237.50,18-Aug-2026,150,INE1DV401010
MONTECARLO,EQ,524.3,547,521,544.05,545.5,524.3,118030,63040959.50,18-Aug-2026,4430,INE950M01013
MOREPENLAB,EQ,89.82,92.5,86,88.44,87.75,89.82,34387594,3083495959.37,18-Aug-2026,105067,INE083A01026
MOS,ST,11.1,11.15,10.85,11.15,11.15,10.65,92000,1021800.00,18-Aug-2026,21,INE0N7S01028
MOSCHIP,EQ,209.3,211,208.34,209,209.15,211.72,835828,174908683.87,18-Aug-2026,10394,INE935B01025
MSUMI,EQ,40.25,40.7,40.2,40.32,40.46,40.33,5783732,233672767.61,18-Aug-2026,37957,INE0FS801015
MOM100,EQ,69.19,69.19,68.32,68.61,68.8,68.78,245979,16874358.76,18-Aug-2026,2045,INF247L01023
MON100,EQ,336.33,336.33,336.33,336.33,336.33,336.81,399022,134203069.26,18-Aug-2026,1117,INF247L01AP3
MOTILALOFS,EQ,951,961.35,933.1,938,938,955,1041748,981109314.25,18-Aug-2026,29572,INE338I01027
MOM50,EQ,254.3,254.51,253.17,254.18,254.51,254.28,5002,1269575.46,18-Aug-2026,85,INF247L01536
MOGSEC,EQ,65.82,65.9,65.28,65.74,65.74,65.5,35586,2324612.33,18-Aug-2026,19,INF247L01AK4
MOALPHA50,EQ,56.24,56.62,55.79,55.99,55.87,56.24,9206,515515.20,18-Aug-2026,56,INF247L01FR8
MOBANK10,EQ,16.94,16.94,16.85,16.9,16.91,17.04,2780,46896.75,18-Aug-2026,61,INF247L01GV8
MOCAPITAL,EQ,53.2,53.83,52.75,53.36,53.4,53.6,932185,49554516.78,18-Aug-2026,2641,INF247L01EV3
MODEFENCE,EQ,109.2,110.25,108.01,109.7,110.15,108.22,1999813,218256013.35,18-Aug-2026,9675,INF247L01DJ0
MOENERGY,EQ,39.19,39.19,38.66,38.78,38.91,38.88,85552,3324781.87,18-Aug-2026,557,INF247L01GH7
MOGOLD,EQ,151.5,151.55,150.85,151,151,150.85,26884,4064298.05,18-Aug-2026,566,INF247L01FY4
MOHEALTH,EQ,51.41,51.82,51.2,51.46,51.35,51.41,34988,1803378.17,18-Aug-2026,436,INF247L01BB1
MOINFRA,EQ,60,60,59.59,59.75,59.79,59.79,758,45266.40,18-Aug-2026,51,INF247L01FL1
MOIPO,EQ,48.61,48.61,48.29,48.5,48.5,48.43,6834,331355.70,18-Aug-2026,26,INF247L01GI5
MOLOWVOL,EQ,36.28,37.1,36.28,36.89,36.97,37.22,50377,1854652.90,18-Aug-2026,86,INF247L01BL0
MOMENTUM50,EQ,54.37,54.62,54.16,54.39,54.34,54.38,900722,49095856.88,18-Aug-2026,1435,INF247L01DK8
MOMETAL,EQ,13.41,13.41,13.04,13.06,13.09,13.15,8882,116011.00,18-Aug-2026,30,INF247L01HG7
MOMGF,EQ,166.52,166.53,165.15,166.09,166.09,166.21,258,42854.45,18-Aug-2026,20,INF247L01FK3
MOMIDMTM,EQ,65.28,65.8,64.8,65.19,65.29,65.28,59319,3857538.81,18-Aug-2026,242,INF247L01FQ0
MOMNC,EQ,33.5,33.66,33.4,33.49,33.49,33.68,1697,56799.72,18-Aug-2026,17,INF247L01GK1
MOMOMENTUM,EQ,64,64,62.83,63.04,63.09,63.11,40332,2538589.80,18-Aug-2026,305,INF247L01BK2
MON50EQUAL,EQ,33.82,33.82,33.6,33.63,33.63,33.82,1321,44428.18,18-Aug-2026,53,INF247L01FC0
MONEXT50,EQ,74.93,75,74.3,74.6,75,74.99,11380,846794.94,18-Aug-2026,67,INF247L01FD8
MONIFTY100,EQ,25.74,25.74,25.5,25.51,25.5,25.74,38504,984125.88,18-Aug-2026,65,INF247L01GG9
MONIFTY500,EQ,23.66,24.37,23.66,24.16,24.16,24.27,1363280,32886857.05,18-Aug-2026,1522,INF247L01BU1
MONQ50,EQ,151.2,151.2,151.2,151.2,151.2,151.4,19945,3015684.00,18-Aug-2026,127,INF247L01AU3
MOOILGAS,EQ,11.38,11.38,11.22,11.28,11.29,11.27,4144,46695.08,18-Aug-2026,48,INF247L01HH5
MOPSE,EQ,100.61,100.79,100.02,100.53,100.54,100.61,1279,128088.60,18-Aug-2026,15,INF247L01FO5
MOQUALITY,EQ,204.77,204.77,202,202.49,203.88,204.9,11534,2343668.96,18-Aug-2026,36,INF247L01BH8
MOREALTY,EQ,92.27,92.27,89.65,90.43,90.45,91.45,832436,75259515.36,18-Aug-2026,2483,INF247L01CI4
MOSERVICE,EQ,31.08,31.1,31,31.06,31.06,31.3,3522,109373.61,18-Aug-2026,57,INF247L01GJ3
MOSILVER,EQ,230.74,230.74,228.23,229.19,229.46,230.87,39134,8973283.48,18-Aug-2026,1010,INF247L01FZ1
MOSMALL250,EQ,18.41,18.45,18.35,18.39,18.43,18.39,659947,12144435.27,18-Aug-2026,1751,INF247L01CH6
MOTOUR,EQ,79.75,80.08,79.43,79.81,80.03,80.29,9230,735041.30,18-Aug-2026,177,INF247L01FP2
MOVALUE,EQ,114.65,114.65,113.5,113.68,113.98,114.48,37679,4295536.21,18-Aug-2026,553,INF247L01BE5
MOTISONS,EQ,16.71,17.22,16.29,16.78,16.78,16.54,134374269,2239821556.09,18-Aug-2026,102698,INE0FRK01020
MOTOGENFIN,BE,26.08,26.92,26.08,26.3,26.9,26.07,1557,41002.00,18-Aug-2026,19,INE861B01023
MMEL,SM,24.75,24.85,24.75,24.75,24.75,24.6,12000,297200.00,18-Aug-2026,6,INE0XM301010
MPDL,EQ,28.6,28.6,28.6,28.6,28.6,26.63,53,1515.80,18-Aug-2026,4,INE493H01014
MPHASIS,EQ,2504.4,2504.4,2432,2432,2432,2510,504720,1240805723.40,18-Aug-2026,37328,INE356A01018
MPSLTD,EQ,2830,2849,2786.3,2830.3,2849,2814.8,21475,60582172.60,18-Aug-2026,2796,INE943D01017
MRF,EQ,133015,133900,132650,133505,133500,133015,2637,351941480.00,18-Aug-2026,1808,INE883A01011
MRPL,EQ,177,189,176.2,177.44,176.95,177.15,48280540,8868130262.90,18-Aug-2026,258128,INE103A01014
BECTORFOOD,EQ,255.79,263.96,251.5,260.92,260.75,255.3,2984335,769247350.45,18-Aug-2026,39650,INE495P01020
MSPL,EQ,34.37,34.74,33.81,34.51,34.11,34.47,414575,14194077.06,18-Aug-2026,2336,INE752G01015
MSTCLTD,EQ,658.15,709,655,701.55,702,653.2,1266456,867398794.00,18-Aug-2026,30649,INE255X01014
MTEDUCARE,BE,1.98,1.99,1.82,1.85,1.85,1.9,20360,38500.82,18-Aug-2026,51,INE472M01018
MTARTECH,BE,7051,7195,6930,7132,7120,7057,116896,834907004.50,18-Aug-2026,23651,INE864I01014
MUFIN,EQ,135.4,136.8,135.1,135.82,135.9,135.87,715955,97333173.16,18-Aug-2026,2704,INE08KJ01020
MUKANDLTD,EQ,135.99,136.88,134.17,135.69,134.41,135.27,63185,8578731.12,18-Aug-2026,1134,INE304A01026
MUKESHB,EQ,147,147,145,145,145,147,1503,217940.99,18-Aug-2026,7,INE596B01017
MUKKA,EQ,27.77,28.1,26.55,27.04,27.04,27.53,568960,15619596.92,18-Aug-2026,2287,INE0CG401037
MUKTAARTS,BE,56.55,56.55,55.23,55.26,55.26,56.55,1150,64309.50,18-Aug-2026,3,INE374B01019
MCX,EQ,2949.9,3058,2916,3040,3040,2933.1,3187586,9616067545.20,18-Aug-2026,148599,INE745G01043
MUNISH,SM,82.1,82.1,81,81.05,81.05,84,26400,2143200.00,18-Aug-2026,18,INE1K8Y01018
MUNJALAU,EQ,121.9,123.9,116.65,118.39,118.5,119.72,2916371,349172685.87,18-Aug-2026,18259,INE672B01032
MUNJALSHOW,EQ,137.31,139,135,135.38,135,136.62,26890,3660574.66,18-Aug-2026,505,INE577A01027
MURUDCERA,EQ,31,31,30.12,30.5,30.37,30.49,12809,391833.28,18-Aug-2026,201,INE692B01014
RADIOCITY,EQ,6.8,6.82,6.6,6.63,6.63,6.66,87095,583960.67,18-Aug-2026,152,INE919I01024
MUTHOOTCAP,EQ,258.69,259.78,251,254.27,252,258.69,8161,2082396.56,18-Aug-2026,312,INE296G01013
MUTHOOTFIN,EQ,2890,2929.1,2875,2894.1,2894.1,2888.5,499431,1448444738.10,18-Aug-2026,32274,INE414G01012
MUTHOOTMF,EQ,208.12,212.98,206.5,210.29,209.5,208.12,395203,83173555.42,18-Aug-2026,6380,INE046W01019
MVELECTRO,EQ,574,583.85,556.15,574.1,575,570.1,777088,442996392.00,18-Aug-2026,18331,INE0OWZ01020
MYMUDRA,SM,74.3,74.35,74.3,74.35,74.35,74.05,4800,356820.00,18-Aug-2026,4,INE0RVQ01016
MYSORPETRO,EQ,111,127.52,111,114.93,116.2,11.25,86196,10625163.09,18-Aug-2026,1685,INE741A01011
NRAIL,EQ,519,519,499.15,503.95,501.6,509.9,12055,6104663.10,18-Aug-2026,844,INE740D01017
NRVANDANA,ST,67.9,67.9,67.8,67.85,67.85,66.25,18000,1221750.00,18-Aug-2026,6,INE104101014
NTCIND,EQ,146,146,140,142.17,141,144.45,241,34253.99,18-Aug-2026,28,INE920C01017
NBIFIN,EQ,2099,2100,2000,2010.4,2005.5,2064,402,816259.50,18-Aug-2026,54,INE365I01020
NACLIND,EQ,173.97,175.1,170.6,172.4,173,173.45,358338,61875047.05,18-Aug-2026,6967,INE295D01020
NDGL,EQ,2875,2875,2669,2727.9,2725,2878.7,558,1528535.10,18-Aug-2026,119,INE756C01015
NAGREEKCAP,EQ,24.5,24.5,23.5,23.52,23.5,23.5,1445,34059.86,18-Aug-2026,30,INE245I01016
NAGREEKEXP,EQ,24.95,24.95,23.25,23.6,23.6,24.26,379031,9153924.73,18-Aug-2026,973,INE123B01028
NAHARCAP,EQ,255.95,261.05,251.7,257.75,257.55,255.62,3554,918071.31,18-Aug-2026,92,INE049I01012
NAHARINDUS,EQ,120.99,122,117.61,119.86,119.99,117.38,60728,7320862.14,18-Aug-2026,912,INE289A01011
NAHARPOLY,EQ,240.8,243.6,235,236.3,236,237.65,10550,2516098.35,18-Aug-2026,487,INE308A01027
NAHARSPING,EQ,298.35,307.45,294,303.4,305,296.7,83164,24837880.50,18-Aug-2026,2062,INE290A01027
NGIL,BE,41.54,42.4,39.5,40,40,40.73,9950,403813.18,18-Aug-2026,38,INE236Y01012
NSIL,EQ,5515,5598.5,5515,5558.5,5532,5555,1628,9039959.00,18-Aug-2026,328,INE023A01030
NAMAN,SM,40.9,42.65,40.9,42.65,42.65,40.9,3200,133720.00,18-Aug-2026,4,INE0RJM01010
NAMOEWASTE,ST,282.55,287.95,275.3,280,280,282.75,16800,4712440.00,18-Aug-2026,20,INE08NZ01012
NDL,EQ,2.34,2.34,2.25,2.27,2.28,2.33,1383832,3153699.79,18-Aug-2026,1182,INE875G01048
JAIPURKURT,EQ,27.43,27.89,27.05,27.69,27.69,27.43,958,26212.73,18-Aug-2026,38,INE696V01013
NH,EQ,1823.9,1834.9,1799.1,1803,1803,1828.5,233127,422040940.40,18-Aug-2026,21325,INE410P01011
NARMADA,EQ,14.38,14.99,14.12,14.88,14.95,14.45,892148,13051387.64,18-Aug-2026,2353,INE117Z01029
NATCOPHARM,EQ,890.6,901,890,898.35,900,889.8,281134,251827475.30,18-Aug-2026,21128,INE987B01026
NATHBIOGEN,EQ,154.47,155.5,154,155.17,155.4,154.43,10341,1600545.99,18-Aug-2026,188,INE448G01010
NATIONALUM,EQ,386.8,390.85,385.8,388,388,387.55,2824411,1097501086.35,18-Aug-2026,32751,INE139A01034
NFL,EQ,71.22,71.69,70.05,70.23,70.18,71.54,958299,67589512.43,18-Aug-2026,5351,INE870D01012
NATIONSTD,EQ,134,148.1,134,134,134,141.05,335324,47735282.49,18-Aug-2026,1866,INE166R01015
NATCAPSUQ,EQ,148.69,149.35,146,146.59,147.2,148.75,7540,1110812.17,18-Aug-2026,457,INE936B01015
NAVA,EQ,559.65,571,557,558.9,558,559.65,276543,155603584.25,18-Aug-2026,12413,INE725A01030
NAVINFLUOR,EQ,8155,8300,8151,8255,8247.5,8151,107257,884634969.50,18-Aug-2026,18800,INE048G01026
NAVKARCORP,EQ,99.5,100,97.5,97.92,98.06,98.89,289440,28458367.38,18-Aug-2026,2823,INE278M01019
NAVKARURB,BE,0.98,1.01,0.96,0.98,0.99,0.98,274448,271251.20,18-Aug-2026,256,INE268H01044
NAVNETEDUL,EQ,135,135,131.78,134.09,134.25,134.54,78549,10502818.81,18-Aug-2026,1471,INE060A01024
NAZARA,EQ,349.95,356.65,348.75,355.55,354.25,350.1,1287389,455600696.25,18-Aug-2026,11266,INE418L01047
NBCC,EQ,89.35,89.93,87.7,88,88,89.75,6718438,593705859.55,18-Aug-2026,33479,INE095N01031
NCC,EQ,138.83,141,138.24,140.38,140.5,139.4,925504,129180226.63,18-Aug-2026,14996,INE868B01028
NCLIND,EQ,173,173.9,169.21,171.78,173.9,172.02,85022,14615772.37,18-Aug-2026,2611,INE732C01016
NDLVENTURE,EQ,122.15,122.74,113.95,116.17,116,123.56,57215,6747365.95,18-Aug-2026,671,INE353A01023
NDRAUTO,EQ,803.55,809.95,789.3,794.25,792.1,803.55,15998,12791935.65,18-Aug-2026,1142,INE07OG01012
NDTV,EQ,75.28,76.99,75.28,75.7,75.5,76.34,41217,3121056.31,18-Aug-2026,701,INE155G01029
NECLIFE,EQ,11.3,11.5,10.63,10.76,10.8,11.23,341767,3736043.74,18-Aug-2026,800,INE023H01027
NEAGI,EQ,3312.4,3440,3312.4,3325.2,3325.2,3295.9,102,347109.30,18-Aug-2026,42,INE605D01012
NELCAST,EQ,116.94,120.15,116.94,118.35,118,116.94,81362,9645123.11,18-Aug-2026,2526,INE189I01024
NELCO,EQ,1092.3,1098,938.6,948.8,945,1081.5,2131064,2072377836.00,18-Aug-2026,67972,INE045B01015
NEOCHEM,ST,95,96.05,95,95.65,96.05,94.7,12000,1146240.00,18-Aug-2026,7,INE21UM01018
NEOGEN,EQ,2251.1,2483.9,2241,2328.5,2354.9,2270.1,1415053,3382289501.70,18-Aug-2026,137383,INE136S01016
NEPHROCARE,ST,78.9,78.9,78.9,78.9,78.9,83.05,7200,568080.00,18-Aug-2026,13,INE0SUN01013
NEPHROPLUS,EQ,694.9,713.65,691,699.1,697.9,694.65,175409,123455969.55,18-Aug-2026,10449,INE428V01029
NEPTUNE,SM,180,180,177.5,178.95,179,180,24000,4280125.00,18-Aug-2026,31,INE156901014
NESCO,EQ,1041.4,1049.3,1030.6,1034.7,1036,1046.3,20418,21205836.10,18-Aug-2026,2277,INE317F01035
NESTLEIND,EQ,1478,1479.8,1453,1462.5,1462.5,1470,1815216,2664236156.30,18-Aug-2026,64461,INE239A01024
NETWEB,EQ,5110,5396.4,5092.8,5354.5,5325,5212.4,2395703,12712617308.50,18-Aug-2026,178003,INE0NT901020
NPST,EQ,1638,1638,1540.8,1591,1581,1622.8,39454,62334210.00,18-Aug-2026,4306,INE0FFK01017
NETWORK18,EQ,29,29,28.34,28.51,28.42,28.95,2751991,78653820.52,18-Aug-2026,11859,INE870H01013
NEUEON,BE,18.33,18.35,16.7,16.8,17.2,17.55,57179,989078.24,18-Aug-2026,162,INE333I01044
NEULANDLAB,EQ,23670,23881,23264,23370,23399,23661,55362,1300476503.00,18-Aug-2026,18077,INE794A01010
NEWGEN,EQ,533.1,534.5,526.4,528.45,528.8,534.85,290297,153677952.20,18-Aug-2026,8929,INE619B01017
NEWJAISA,ST,18,18,17.5,17.5,17.5,17.85,21000,372225.00,18-Aug-2026,8,INE0PW501021
NMSTEEL,SM,23,23,23,23,23,23,3200,73600.00,18-Aug-2026,2,INE0TP801012
NEXTMEDIA,EQ,3.98,3.98,3.7,3.71,3.72,3.91,38951,145914.26,18-Aug-2026,42,INE747B01016
NXST,RR,169,169.45,167.75,167.81,168,168.01,406833,68469435.69,18-Aug-2026,9653,INE0NDH25011
NFPSAMPOOR,SM,23,23,22.2,22.2,22.2,23,12000,271600.00,18-Aug-2026,6,INE0T1501010
NGLFINE,EQ,2940,3265,2923.2,3023.5,3055,2908.4,110560,348153953.20,18-Aug-2026,18434,INE887E01022
NHPC,EQ,76.59,76.99,76.2,76.73,76.73,76.6,5338983,408667325.97,18-Aug-2026,21449,INE848E01016
NIBE,EQ,1469,1480,1420,1444.4,1439.8,1439,68883,100410068.50,18-Aug-2026,5244,INE149O01018
NICCOPAR,EQ,77,77,72,75.25,75.25,73,268,20148.07,18-Aug-2026,28,INE653C01022
NIDAN,SM,13.95,13.95,13.5,13.5,13.5,12.75,8000,110800.00,18-Aug-2026,8,INE0J6L01013
NIITMTS,EQ,240,241,234,235.53,235.21,239.01,108219,25489377.81,18-Aug-2026,4838,INE342G01023
NIITLTD,EQ,95.25,95.7,92.89,93.08,93.01,95.63,407309,38222777.23,18-Aug-2026,3583,INE161A01038
NILAINFRA,EQ,7.03,7.13,7.01,7.02,7.02,7.02,95278,671424.50,18-Aug-2026,282,INE937C01029
NILASPACES,EQ,13.05,13.45,12.5,12.74,12.77,12.87,1158760,15003988.09,18-Aug-2026,1848,INE00S901012
NILE,EQ,1463.1,1549.9,1463.1,1525.9,1530,1477.6,6611,10033589.80,18-Aug-2026,813,INE445D01013
NILKAMAL,EQ,1810,1880,1776.1,1846.7,1860,1810,37336,68085867.20,18-Aug-2026,4176,INE310A01015
NIMBSPROJ,EQ,184,186,176.6,179.44,184.9,184,29851,5514573.04,18-Aug-2026,56,INE875B01015
NINSYS,EQ,735,749.3,712.6,729,729,735.4,3635,2647707.75,18-Aug-2026,344,INE395U01014
BANKBEES,EQ,597.03,597.48,593.24,594.86,594.65,598.42,535231,318121391.06,18-Aug-2026,6564,INF204KB15I9
CONSUMBEES,EQ,135.61,135.61,134.02,134.2,134.17,135.23,51122,6868471.72,18-Aug-2026,880,INF204KA1LD7
DIVOPPBEES,EQ,78.98,78.98,77.65,77.77,77.93,78.5,112680,8770438.23,18-Aug-2026,797,INF204KA1MS3
NV20BEES,EQ,140.58,140.7,139.59,139.9,139.9,140.96,6658,931421.56,18-Aug-2026,193,INF204KB18I3
GOLDBEES,EQ,126.85,126.85,126.17,126.43,126.45,126.42,13766507,1740355788.05,18-Aug-2026,54576,INF204KB17I5
HNGSNGBEES,EQ,484.53,485.5,480,481.22,480.95,484.53,138674,66908127.25,18-Aug-2026,4178,INF204KB19I1
INFRABEES,EQ,977.8,977.8,970.36,973.68,972.51,977.79,4375,4257650.71,18-Aug-2026,316,INF732E01268
ITBEES,EQ,34.24,34.5,33.55,33.58,33.64,34.24,9883643,333179282.53,18-Aug-2026,25401,INF204KB15V2
JUNIORBEES,EQ,815,815,805.01,805.9,805.01,808.27,262809,212028633.28,18-Aug-2026,6418,INF732E01045
LIQUIDBEES,EQ,999.99,1000.01,999.99,1000,1000.01,999.99,2862680,2862688458.01,18-Aug-2026,4076,INF732E01037
LTGILTBEES,EQ,30.07,30.08,29.97,30.02,30.05,30.05,727798,21854543.64,18-Aug-2026,619,INF204KB1882
MID150BEES,EQ,244.99,244.99,241.89,242.35,242.2,242.89,611444,148118843.96,18-Aug-2026,20823,INF204KB1V68
NIF100BEES,EQ,270.68,273.38,267.68,269.25,268.9,270.68,104961,28279132.50,18-Aug-2026,699,INF204K014N5
NIFTYBEES,EQ,278.99,278.99,275.81,276.1,276.1,277.91,4677291,1292199812.90,18-Aug-2026,41043,INF204KB14I2
PSUBNKBEES,EQ,97.64,97.97,96.3,96.52,96.35,97.65,1507802,145914200.64,18-Aug-2026,6743,INF204KB16I7
SHARIABEES,EQ,470.92,470.92,459.03,460.1,462,466.26,10637,4895889.09,18-Aug-2026,627,INF732E01128
NAM-INDIA,EQ,1199.9,1205,1161.3,1170.6,1170.6,1202.7,1023188,1203286790.50,18-Aug-2026,43548,INE298J01013
LIQGRWBEES,EQ,1052.07,1052.09,1052.07,1052.07,1052.09,1051.95,68851,72436510.67,18-Aug-2026,184,INF204KC1FU1
MANUFGBEES,EQ,168.79,168.79,166.51,166.85,167.18,167.28,6858,1145385.12,18-Aug-2026,96,INF204KC1GH6
AUTOBEES,EQ,306.21,306.56,302.9,303.77,304.15,303.12,141414,42935592.67,18-Aug-2026,1956,INF204KC1337
PHARMABEES,EQ,27.85,27.85,26.5,27.18,27.25,27.18,3531468,96031896.15,18-Aug-2026,8690,INF204KC1089
SILVERBEES,EQ,221.56,222.58,221.16,221.62,221.7,223.61,11785788,2614901435.12,18-Aug-2026,46830,INF204KC1402
SNXT30BEES,EQ,43.7,43.7,43.11,43.33,43.55,43.73,21687,943433.17,18-Aug-2026,75,INF204KC1EZ3
NIRAJ,EQ,28.8,28.97,27.8,28.92,28.85,28.61,58369,1671003.85,18-Aug-2026,234,INE368I01016
NIRAJISPAT,EQ,225,230,200,212,212,211,223,50241.75,18-Aug-2026,13,INE326T01011
NIRLON,EQ,625.4,626,620.15,621.9,622.95,621.5,4271,2657416.95,18-Aug-2026,341,INE910A01012
NIRMAN,SM,32.8,32.9,31.4,31.6,31.5,31.35,11400,363750.00,18-Aug-2026,33,INE0OK701014
NITCO,EQ,92.01,93,90.8,91.81,91.6,92.54,487557,44815752.68,18-Aug-2026,2782,INE858F01012
NITINSPIN,EQ,556.75,610,554.5,606.9,609,553.75,3703991,2215554582.55,18-Aug-2026,88265,INE229H01012
NITIRAJ,EQ,201.19,208.99,201.19,202.46,202,203.23,553,113238.11,18-Aug-2026,38,INE439T01012
NITTAGELA,EQ,1597.1,1631,1591.5,1599.8,1600,1589.1,6641,10690414.50,18-Aug-2026,884,INE265B01019
NIVABUPA,EQ,82.11,84.25,82.11,83.74,83.75,82.71,644696,53935252.15,18-Aug-2026,9060,INE995S01015
NKIND,EQ,61.85,61.85,59.9,60.02,61.23,60.49,112,6725.53,18-Aug-2026,8,INE542C01019
NLCINDIA,EQ,277.2,278.7,274.3,276.65,276.6,277.65,866666,239587094.60,18-Aug-2026,16771,INE589A01014
NMDC,EQ,85.03,85.41,83.1,84.19,84.19,85.5,18390025,1547001594.14,18-Aug-2026,52009,INE584A01023
NSLNISP,EQ,41,41.91,40.25,40.49,40.48,41.76,8519973,347497678.84,18-Aug-2026,27991,INE0NNS01018
NOCIL,EQ,162.6,167.33,162.51,162.93,162.62,163.71,226911,37247069.15,18-Aug-2026,3778,INE163A01018
NOIDATOLL,BE,4.04,4.15,3.98,4.07,4.07,4.03,27494,111087.19,18-Aug-2026,140,INE781B01015
NORBTEAEXP,EQ,66.5,67.6,64.3,66.72,67.5,66.17,1506,99939.11,18-Aug-2026,35,INE369C01017
NECCLTD,BE,14.55,14.9,14.23,14.52,14.6,14.97,49301,711919.21,18-Aug-2026,307,INE553C01016
NORTHARC,EQ,278.4,295,276.5,289.2,290,278.7,974974,277783717.75,18-Aug-2026,15922,INE850M01015
NOVAAGRI,BE,25.4,26.99,24.6,25.52,25.21,25.71,67636,1738109.13,18-Aug-2026,323,INE02H701025
NOVARTIND,EQ,1589.1,1601.9,1579,1596.5,1601,1589.1,3787,6023350.60,18-Aug-2026,850,INE234A01025
NRBBEARING,EQ,484,491.35,478.45,485.6,485,484.05,506917,245793787.80,18-Aug-2026,14355,INE349A01021
NIBL,EQ,32.21,32.95,31,31.43,31.52,32.72,18101,572651.09,18-Aug-2026,330,INE047O01014
NTPCGREEN,EQ,92.09,92.79,91.9,92.17,92.02,92.14,1292982,119253413.41,18-Aug-2026,11341,INE0ONG01011
NTPC,EQ,337,339.3,333.9,337.1,337.1,337,9943991,3362374629.20,18-Aug-2026,115642,INE733E01010
NUCLEUS,EQ,713.5,720.65,707.05,711.85,708.65,713.8,10551,7524189.05,18-Aug-2026,1209,INE096B01018
NRL,BE,116,116,115,115,115,116,63961,7376104.90,18-Aug-2026,128,INE0JM501013
NURECA,BE,349.3,349.3,327,329.9,328,340.3,6463,2141730.05,18-Aug-2026,214,INE0DSF01015
NUVAMA,EQ,1727.4,1750,1696.4,1746.8,1745,1731.2,342098,590917419.50,18-Aug-2026,24444,INE531F01023
NUVOCO,EQ,331.1,331.45,325.1,326.45,326.75,331.1,193929,63519537.50,18-Aug-2026,9584,INE118D01016
NXT-INFRA,IV,96,97,95.33,97,97,95.5,23400000,2231367000.00,18-Aug-2026,66,INE0SF023016
OBCL,EQ,54,54.6,53.16,54,54,53.99,20269,1094624.73,18-Aug-2026,24,INE426Z01016
OBEROIRLTY,EQ,1950.4,1960.7,1858,1858,1858,1931,1642587,3126212994.90,18-Aug-2026,69395,INE093I01010
OBSCP,SM,888,888,841,850.7,849.15,860.15,47600,40883820.00,18-Aug-2026,114,INE0YHV01011
OCCLLTD,BE,158.9,164.81,156.95,164.81,164.81,156.97,78853,12766518.68,18-Aug-2026,415,INE0PK601023
ODIGMA,EQ,22.21,22.99,22.21,22.88,22.47,22.64,10518,237274.38,18-Aug-2026,306,INE054301028
ODYCORP,EQ,7.49,7.49,6.36,6.78,6.64,7.15,12996,88380.17,18-Aug-2026,91,INE839E01023
ONGC,EQ,239.5,241.3,238.02,239.5,239.5,238.49,14903605,3573489456.94,18-Aug-2026,138575,INE213A01029
OILCOUNTUB,BE,59.8,59.8,57.8,59.6,59.8,59.6,12076,714214.09,18-Aug-2026,70,INE591A01010
OIL,EQ,480,487.2,478.7,480.5,480.5,474.65,5000847,2414841314.55,18-Aug-2026,57053,INE274J01014
OLAELEC,EQ,39.22,39.65,38.5,38.61,38.63,39.22,18175012,705430012.69,18-Aug-2026,52570,INE0LXG01040
OLECTRA,EQ,1329,1337,1316.7,1324.1,1323,1320.1,189197,251011085.20,18-Aug-2026,12841,INE260D01016
OMFREIGHT,BE,95.3,95.3,92.15,94.2,94.1,95.31,2997,280237.63,18-Aug-2026,61,INE1BZC01019
OMINFRAL,EQ,87,87.99,85.85,86.75,86.99,86.87,94141,8203088.47,18-Aug-2026,2115,INE239D01028
OMPOWER,EQ,167.13,168,164.6,167.64,167.25,167.96,44477,7393706.41,18-Aug-2026,879,INE25E901019
OMAXAUTO,EQ,196.28,199.9,195.41,198.69,199.77,195.24,27371,5412426.38,18-Aug-2026,883,INE090B01011
OMAXE,EQ,100.57,104.8,99.75,101.93,102,100.83,2278564,233437906.62,18-Aug-2026,16527,INE800H01010
OMFURN,SM,55,57.15,54.9,57.1,57.1,54.45,159600,8831580.00,18-Aug-2026,14,INE338Y01016
OMNI,EQ,564,587.5,564,581.6,580,564.45,442473,255852790.15,18-Aug-2026,15980,INE0UH301010
ONDOOR,SM,244,244,236,236,236,244,2400,575445.00,18-Aug-2026,7,INE00ER01015
PAYTM,BL,1535.1,1535.1,1535.1,1535.1,1535.1,1367.8,19210110,29489439861.00,18-Aug-2026,18,INE982J01020
PAYTM,EQ,1580.2,1599,1546.3,1546.3,1546.3,1580.2,3848121,6023965863.80,18-Aug-2026,148816,INE982J01020
ONEGLOBAL,EQ,537.05,543,537.05,537.05,537.05,565.3,17961,9655078.85,18-Aug-2026,624,INE670O01013
MOBIKWIK,EQ,202,204.38,198.5,198.99,198.93,202.83,798511,159724713.65,18-Aug-2026,8604,INE0HLU01028
ONEPOINT,EQ,56.93,57.28,55.76,56.25,56.2,57.21,767856,43368987.51,18-Aug-2026,12553,INE840Y01029
OLIL,SM,410,414.95,405,414,414,415,6000,2464380.00,18-Aug-2026,13,INE0OPS01011
ONELIFECAP,BE,34.52,35.28,33.64,33.79,33.64,35.41,77480,2622390.58,18-Aug-2026,112,INE912L01015
KISSHT,EQ,301.05,306.95,299.9,302.55,302.45,304.6,452909,136968186.70,18-Aug-2026,8174,INE12F801023
ONESOURCE,EQ,1554,1570.2,1531.2,1542.3,1539.8,1558.2,231526,358429517.90,18-Aug-2026,19615,INE013P01021
ONIDA,EQ,35.76,36.88,35.52,35.68,35.8,36.02,150788,5423967.36,18-Aug-2026,1518,INE831A01028
ONIXSOLAR,EQ,357,357,356.65,356.65,356.65,375.4,1217,434052.50,18-Aug-2026,47,INE173M01012
ONMOBILE,BE,60.54,60.54,60.54,60.54,60.54,61.77,9684,586269.36,18-Aug-2026,115,INE809I01019
ONWARDTEC,EQ,286.75,286.8,282,283.65,283.3,286.75,14701,4174908.60,18-Aug-2026,615,INE229A01017
ONYX,ST,39.75,41,39.75,41,41,41.8,18000,728200.00,18-Aug-2026,9,INE0WVU01018
OPTIEMUS,EQ,554.35,557.95,543.2,551.15,550,554.35,118199,64916356.60,18-Aug-2026,5388,INE350C01017
OPTIFIN,EQ,11.41,13.74,11.41,11.76,11.77,11.45,5730,71502.16,18-Aug-2026,98,INE031G01022
OPTIMYSTIX,ST,178,181.4,173.9,179.15,180,182,229600,40543760.00,18-Aug-2026,154,INE1JZB01022
OPTIVALUE,ST,177.05,194.5,177.05,192.5,192.5,185.25,172800,33253600.00,18-Aug-2026,70,INE15B101011
OFSS,EQ,11751,11840,11614,11623,11623,11789,111496,1309875375.00,18-Aug-2026,16128,INE881D01027
ORBTEXP,BE,230.73,239.2,227.55,235.47,235.79,230.73,4109,959736.89,18-Aug-2026,64,INE231G01010
ORCHASP,EQ,1.42,1.43,1.38,1.42,1.43,1.4,141220,198484.89,18-Aug-2026,199,INE215B01022
ORCHPHARMA,EQ,999,1000,951,969.2,970,998.35,103600,100231425.75,18-Aug-2026,9684,INE191A01027
ORIANA,SM,1246,1267.95,1180.1,1212.45,1214.85,1246,145425,177264513.75,18-Aug-2026,1368,INE0OUT01019
ORICONENT,EQ,53.11,57.81,52.31,56.03,54.91,53.38,832809,45951817.39,18-Aug-2026,1726,INE730A01022
ORIENTBELL,EQ,349.1,361.9,348,349.95,351,349.05,31200,10983310.40,18-Aug-2026,824,INE607D01018
ORIENTCEM,EQ,131.89,132,130.12,130.54,130.99,131.89,100991,13224923.95,18-Aug-2026,1414,INE876N01018
ORIENTCER,EQ,43.8,44.69,42.8,43.8,43.99,44.08,79766,3487977.85,18-Aug-2026,1629,INE569C01020
ORIENTELEC,EQ,187.6,188.31,183.75,184.22,183.75,187.42,102644,18983050.96,18-Aug-2026,1803,INE142Z01019
GREENPOWER,EQ,9.52,9.56,9.39,9.42,9.45,9.55,1444950,13656519.59,18-Aug-2026,3561,INE999K01014
ORIENTHOT,EQ,122,124.04,119.12,121.21,122,122.35,192296,23290031.52,18-Aug-2026,3296,INE750A01020
ORIENTPPR,EQ,17.25,17.64,17.02,17.34,17.3,17.1,283563,4910919.87,18-Aug-2026,899,INE592A01026
ORIENTLTD,BE,76.01,78.98,74.49,76.11,75.5,76.01,1146,88878.34,18-Aug-2026,39,INE609C01024
ORIENTTECH,EQ,253.95,255.65,247.35,249.6,248.5,254.85,141869,35588335.50,18-Aug-2026,3209,INE0PPK01015
OAL,EQ,349.5,358,339.5,341.95,341.95,349.45,15287,5279204.45,18-Aug-2026,554,INE959C01023
ORIRAIL,EQ,110.2,110.5,105,107.73,109,109.4,19425,2094862.35,18-Aug-2026,348,INE457G01029
ORIENTALTL,EQ,5.1,5.12,5,5.01,5.01,5.05,94568,475853.36,18-Aug-2026,275,INE998H01012
ORISSAMINE,EQ,4825.1,4916.8,4725,4747.5,4745,4871.1,11722,56003746.80,18-Aug-2026,2759,INE725E01024
ORKLAINDIA,EQ,544.3,551.45,542.3,545.55,542.3,544.3,43632,23814237.45,18-Aug-2026,4723,INE16NZ01023
ORTINGLOBE,EQ,15.1,16.5,15.1,15.79,15.36,15.89,18953,301097.48,18-Aug-2026,41,INE749B01020
OSELDEVICE,SM,373,375.95,362.25,365.95,364,374.85,36400,13396650.00,18-Aug-2026,137,INE0RMF01018
OSIAHYPER,BE,2.7,2.7,2.68,2.7,2.7,2.58,408435,1102143.87,18-Aug-2026,327,INE06IR01021
OSWALAGRO,EQ,38.4,38.5,36.36,36.77,36.99,37.82,56877,2126665.74,18-Aug-2026,506,INE142A01012
OSWALGREEN,EQ,21.08,21.4,20.85,20.92,20.89,21.08,52882,1107502.43,18-Aug-2026,381,INE143A01010
OSWALPUMPS,EQ,302.45,303.55,293.8,297.95,298,304,793507,235581204.95,18-Aug-2026,11803,INE0BYP01024
OWAIS,ST,71.85,72.6,71.25,71.25,71.25,74.95,14400,1027090.00,18-Aug-2026,86,INE0R8M01017
PBMPOLY,EQ,64.8,64.8,58.8,60.42,61,63.5,405,24712.25,18-Aug-2026,27,INE501F01018
PNGJL,EQ,614.85,619.4,604.25,607.85,608.5,610.4,166334,101242611.35,18-Aug-2026,7116,INE953R01016
POEL,EQ,148.41,165.31,148.41,161.65,162.98,148.41,43701,6920769.79,18-Aug-2026,1000,INE035S01028
PSRAJ,ST,80.3,81,79.45,81,81,83.6,17500,1399625.00,18-Aug-2026,7,INE0XUS01020
PGHH,EQ,8400,8410,8300,8317,8314,8365,11764,98042508.00,18-Aug-2026,3108,INE179A01014
PACEDIGITK,EQ,176.46,178.05,176,176.66,176.93,176.46,402007,71196309.26,18-Aug-2026,4613,INE0S3G01027
PACIFICI,EQ,141.16,141.16,138.99,138.99,138.99,139.77,34,4757.76,18-Aug-2026,12,INE883C01025
PAGEIND,EQ,37370,37495,36425,36425,36425,37360,46266,1701487515.00,18-Aug-2026,18879,INE761H01022
PAISALO,EQ,67.9,69.1,67.2,67.57,67.5,67.59,6916449,470270599.83,18-Aug-2026,14295,INE420C01059
PAKKA,EQ,92.51,100.63,88.41,95.49,95,89.28,2369403,224949594.92,18-Aug-2026,26356,INE551D01018
PALASHSECU,EQ,86.51,88.98,84.5,86.46,86.25,89.78,11363,986745.22,18-Aug-2026,121,INE471W01019
PALREDTEC,BE,51,55.74,51,55.6,55.74,53.09,9300,513343.87,18-Aug-2026,60,INE218G01033
PANACEABIO,EQ,411.45,424.5,401.2,405.85,406.75,413.15,159241,65359217.20,18-Aug-2026,4485,INE922B01023
PANACHE,BE,540.65,559.4,525,538.15,551.8,540.65,8916,4813760.25,18-Aug-2026,210,INE895W01019
PANAMAPET,EQ,491.7,512.2,489,502.65,504.5,487.1,850415,428548239.00,18-Aug-2026,20868,INE305C01029
PANCHMAHQ,EQ,331,331,275,286.85,286.85,315,81,23873.80,18-Aug-2026,18,INE798F01010
PANORAMA,EQ,47.85,48.03,45.86,46.41,46.06,47.16,591390,28114074.54,18-Aug-2026,886,INE258R01028
PANSARI,EQ,318,318,302,314.85,303,318.65,125,38724.50,18-Aug-2026,42,INE697V01011
PAR,EQ,100.91,102.5,98.3,101.24,100,100.91,17995,1808608.87,18-Aug-2026,158,INE04LG01015
PARADEEP,EQ,146.66,149.65,145.07,147.82,147.55,146.66,2052905,302404404.07,18-Aug-2026,21397,INE088F01024
PARAGMILK,EQ,208,219.98,208,211.03,213,207.29,1852610,397876743.75,18-Aug-2026,23200,INE883N01014
PARAGON,SM,48.05,49.8,48.05,49.65,49.7,49,27600,1350480.00,18-Aug-2026,21,INE0N4G01012
PARACABLES,EQ,63.11,66,63.11,63.64,63.96,63.55,1520266,97942631.42,18-Aug-2026,9766,INE074B01023
PARAS,EQ,1385,1527.3,1384.7,1527.3,1527.3,1388.5,5405217,7995873291.70,18-Aug-2026,179035,INE045601023
PARASPETRO,EQ,2.3,2.36,2.24,2.26,2.27,2.3,259668,592046.68,18-Aug-2026,303,INE162C01024
PARIN,SM,725,725,725,725,725,713,250,181250.00,18-Aug-2026,1,INE00U801010
PARKHOSPS,EQ,276,278.85,273.55,276.85,275.3,276.65,253850,70055373.85,18-Aug-2026,10819,INE119201023
PARKHOTELS,EQ,116.48,117.79,115.5,116.4,116.2,116.48,102246,11903837.28,18-Aug-2026,1506,INE988S01028
PARNAXLAB,EQ,120.99,123,116,122,122,119.65,1881,228480.44,18-Aug-2026,59,INE383L01019
PARSVNATH,BE,1.45,1.45,1.45,1.45,1.45,1.47,488299,708033.55,18-Aug-2026,157,INE561H01026
PARTH,SM,460,465,455,462.8,463,459.2,26000,11963420.00,18-Aug-2026,56,INE1H7V01011
PARTYCRUS,SM,81,83,81,81,81,83.5,4000,326400.00,18-Aug-2026,4,INE06ZX01015
PASHUPATI,EQ,85.7,85.7,84.71,85.32,85.45,84.79,10109,862284.02,18-Aug-2026,1743,INE124Y01028
PASUPTAC,BE,62.75,64,61.1,61.54,61.9,61.08,77265,4823512.09,18-Aug-2026,376,INE818B01023
PATANJALI,EQ,352.5,353.9,345.8,351.65,351.65,353.9,3890440,1364832154.10,18-Aug-2026,26539,INE619A01035
PATELENG,EQ,28.4,28.58,27.72,27.84,27.9,28.48,2937500,82372666.34,18-Aug-2026,8021,INE244B01030
PATINTLOG,BE,14.05,14.05,13.35,13.65,13.86,13.7,75798,1040307.75,18-Aug-2026,177,INE529D01014
PATELRMART,EQ,228,235.99,222.44,228.5,229.55,229.1,203946,47109431.43,18-Aug-2026,4581,INE0R8B01010
PATILAUTOM,SM,242.5,247.75,228,235.45,235.8,237.95,127800,30250170.00,18-Aug-2026,162,INE17GV01016
PML,EQ,500,504.9,490.4,504.9,504.9,503.45,459,228126.10,18-Aug-2026,21,INE291E01019
PAUSHAKLTD,EQ,734.25,759,723.05,752.35,758,734.2,43118,32087169.45,18-Aug-2026,3119,INE111F01024
PAVNAIND,EQ,18.92,18.92,17.67,18.15,18,18.92,65817,1193647.53,18-Aug-2026,332,INE07S101038
POLICYBZR,EQ,1728,1767.5,1721.1,1747,1747,1728.1,1267107,2223017748.30,18-Aug-2026,35731,INE417T01026
PCJEWELLER,EQ,9.78,9.79,9.56,9.62,9.61,9.79,66270759,641242905.35,18-Aug-2026,26782,INE785M01021
PCBL,EQ,321,329.9,317.35,326.55,327.35,315.45,4673600,1511902381.60,18-Aug-2026,58267,INE602A01031
PDSL,EQ,375,375.4,361.75,363,362.65,376.35,86518,31746352.15,18-Aug-2026,5044,INE111Q01021
PGIL,EQ,2390,2390.5,2351,2360.8,2360.5,2378,37637,89154256.90,18-Aug-2026,8882,INE940H01022
PEARLPOLY,EQ,16.31,16.5,16.11,16.12,16.12,16.3,1496,24281.96,18-Aug-2026,23,INE844A01013
PELATRO,SM,281,287,281,286.5,286.5,283.5,1800,512985.00,18-Aug-2026,6,INE0VG601013
PENINLAND,BE,14.93,15.15,14.93,15.1,15.1,15.22,30981,463991.05,18-Aug-2026,60,INE138A01028
PENIND,EQ,151.5,153.45,150.06,152.49,152.7,151.45,202503,30775940.46,18-Aug-2026,3461,INE932A01024
PENTAGON,SM,50.25,50.25,50.25,50.25,50.25,50.25,2000,100500.00,18-Aug-2026,2,INE0ORS01017
PERMAGN,EQ,821,821,784.05,804.75,810.95,813.6,3492,2794952.85,18-Aug-2026,390,INE418E01018
PERSISTENT,EQ,5571.5,5571.5,5442.5,5442.5,5442.5,5570,353161,1944272347.50,18-Aug-2026,22043,INE262H01021
PCCL,SM,310,320,310,319.45,320,308.45,25200,7965080.00,18-Aug-2026,52,INE998U01015
PETRONET,EQ,281.8,286.95,281.8,286.25,286.25,281.8,2933102,836964449.95,18-Aug-2026,38094,INE347G01014
PFCL41A,NE,985,985,985,985,985,985,3,2955.00,18-Aug-2026,1,INE134E07DJ3
720PFCL36,N6,1020.95,1020.95,1020.95,1020.95,1020.95,1020.95,5,5104.75,18-Aug-2026,1,INE134E07DO3
PFIZER,EQ,4818,4825,4751.2,4799.3,4824.8,4829.1,76326,364788863.70,18-Aug-2026,8611,INE182A01018
PGEL,EQ,609,614.3,594.5,597,597,614,2081510,1250959981.60,18-Aug-2026,29866,INE457L01029
PHANTOMFX,SM,123.8,133.95,122.85,124.1,123,122.4,39000,4942095.00,18-Aug-2026,90,INE0MLZ01019
PHOENXINTL,EQ,34.8,34.8,29.05,30.17,30.96,32.58,10208,325408.48,18-Aug-2026,181,INE245B01011
PHOGLOBAL,SM,15.5,15.6,15.05,15.5,15.5,15.8,16000,246600.00,18-Aug-2026,8,INE0FPO01018
PWL,EQ,119.65,125,115.65,122.05,123.3,119.97,52106492,6352477650.23,18-Aug-2026,195513,INE0LP301011
PIIND,EQ,2490,2545,2458.6,2515,2515,2472,623898,1551869824.70,18-Aug-2026,25472,INE603J01030
PICCADIL,EQ,699.8,709.95,688.5,692.85,692,695.45,401956,280639328.50,18-Aug-2026,16632,INE546C01010
PPSL,SM,2.75,2.95,2.75,2.95,2.95,2.85,111000,312600.00,18-Aug-2026,33,INE0YAL01017
PIDILITIND,EQ,1665,1674,1657.3,1674,1674,1669,655495,1091860552.50,18-Aug-2026,21882,INE318A01026
PILITA,EQ,8.52,8.52,8.01,8.06,8.03,8.18,62549,508202.22,18-Aug-2026,166,INE600A01035
PILANIINVS,EQ,4444.8,4464,4380,4385.7,4380,4445.1,1861,8206435.60,18-Aug-2026,341,INE417C01014
PINELABS,EQ,163.35,165.41,159.25,160.32,160.18,162.63,13598806,2200645458.80,18-Aug-2026,104559,INE15B701018
PIONEEREMB,EQ,22.61,22.79,22.56,22.65,22.7,22.78,6217,140628.58,18-Aug-2026,52,INE156C01018
PIONRINV,BE,84.5,84.5,80.47,80.47,80.47,84.7,512,41633.24,18-Aug-2026,12,INE746D01014
PIRAMALFIN,EQ,2052,2079.8,2038,2060.5,2051.1,2066.1,176263,363439168.90,18-Aug-2026,16996,INE202B01038
PPLPHARMA,EQ,200.1,211.6,200.1,210.53,210.4,204.73,5337954,1113672339.82,18-Aug-2026,55816,INE0DK501011
PITTIENG,EQ,1046.55,1059.9,1028.15,1035.8,1040,1046.55,171313,178705693.00,18-Aug-2026,8405,INE450D01021
PIXTRANS,EQ,1940.1,1953.4,1876.6,1884.8,1890,1938.8,17367,33062598.60,18-Aug-2026,2793,INE751B01018
PLASTIBLEN,EQ,191.3,193,188.8,190.71,190.05,191.8,22233,4235342.91,18-Aug-2026,754,INE083C01022
PLATIND,EQ,216.05,217.83,206.2,209.69,210.35,214.2,83394,17558518.66,18-Aug-2026,2454,INE0PT501018
PLAZACABLE,EQ,51.6,53.7,51.05,52.38,52.48,53.57,121729,6370334.68,18-Aug-2026,1088,INE0INJ01017
PNBGILTS,EQ,80.84,80.9,79.02,79.5,79.45,80.34,103481,8273464.55,18-Aug-2026,1232,INE859A01011
PNBHOUSING,EQ,1145.9,1153.9,1128.9,1145.8,1145.8,1150.8,739039,845121146.40,18-Aug-2026,27453,INE572E01012
PNCINFRA,EQ,215.15,215.19,210.82,213.96,214,215.17,454469,96629075.63,18-Aug-2026,17894,INE195J01029
PNGSREVA,EQ,567.2,616,566.55,574.2,578,576.45,383388,226442368.70,18-Aug-2026,14314,INE1RDG01013
PODDARMENT,EQ,256.8,256.8,251,252.4,255,253.45,638,161783.80,18-Aug-2026,72,INE371C01013
POKARNA,EQ,940,950.15,917,923.7,924.85,937.8,43179,40171129.85,18-Aug-2026,2551,INE637C01025
POLYMED,EQ,1733.6,1788.4,1722.7,1784.7,1785.9,1733.6,224876,398508529.00,18-Aug-2026,23495,INE205C01021
POLYCAB,EQ,9349.5,9349.5,9049,9139,9139,9370,256413,2352851967.00,18-Aug-2026,28589,INE455K01017
POLYPLEX,EQ,1217.1,1220.9,1177.9,1182,1183,1210.8,90057,107947478.30,18-Aug-2026,4485,INE633B01018
POLYSIL,SM,64.1,64.1,64.1,64.1,64.1,67.45,14000,897400.00,18-Aug-2026,12,INE517M01028
POLYSPIN,EQ,34.79,34.79,28.36,30.65,30.65,31.53,2118,66508.40,18-Aug-2026,47,INE914G01029
POCL,EQ,486.85,503.1,486,500.85,501.1,486.75,437989,218637028.85,18-Aug-2026,9200,INE063E01061
PONNIERODE,EQ,370.6,377.6,354,357.65,360.35,350.75,185152,67935381.75,18-Aug-2026,6462,INE838E01017
POONAWALLA,EQ,498,503.25,494.55,497.9,497.5,497.45,600068,299293821.80,18-Aug-2026,14614,INE511C01022
PVSL,EQ,114.94,119.8,114.94,118.25,118.37,115.9,32959,3906030.68,18-Aug-2026,916,INE772T01024
POSITRON,SM,169,169,163.5,166,166.5,169.95,5400,893205.00,18-Aug-2026,16,INE0S3H01017
PFC,EQ,375,376.55,373.6,374.45,374.45,374.4,7433916,2786279433.90,18-Aug-2026,96275,INE134E01011
POWERGRID,EQ,266.2,268.95,266.05,268,268,266.15,6792173,1816990733.70,18-Aug-2026,55386,INE752E01010
PIGL,EQ,105.17,109.38,105.14,106.21,106,104.62,81795,8751280.67,18-Aug-2026,1001,INE557Z01018
POWERMECH,EQ,2452.3,2494,2425.3,2443.8,2438,2452.3,53837,132245597.80,18-Aug-2026,8982,INE211R01019
PGINVIT,IV,100.45,100.48,99.89,99.94,99.98,100.3,1237846,123895183.19,18-Aug-2026,6360,INE0GGX23010
POWERICA,EQ,570,574,553.2,560.65,562.9,560.35,131838,74655514.25,18-Aug-2026,5123,INE921L01032
PPAP,BE,274.4,280.9,272.15,275.5,276.75,280,21301,5867982.45,18-Aug-2026,342,INE095I01015
PRABHA,EQ,164.31,196.05,163,192.2,189,163.38,5359104,1017175788.43,18-Aug-2026,40505,INE0I0M01023
PRADPME,BE,506.8,524.05,501.55,524,524,499.1,15087,7838646.50,18-Aug-2026,130,INE770A01010
PRAJIND,EQ,333.15,346.95,332.7,336.5,336.25,334.05,1435246,489072361.25,18-Aug-2026,30917,INE074A01025
PRAENG,EQ,19.98,19.98,18.8,19.12,19.15,19.8,61920,1196491.35,18-Aug-2026,241,INE505C01016
PRAKASH,EQ,135,136.89,132.7,134.97,134.05,134.43,606010,81752882.17,18-Aug-2026,8498,INE603A01013
PPL,BE,269.5,273,267,271.3,272.9,272.65,16147,4346655.90,18-Aug-2026,354,INE050001010
PRAKASHSTL,EQ,3.98,3.99,3.91,3.92,3.92,3.98,178977,701878.13,18-Aug-2026,287,INE696K01024
PRAMARA,SM,106.5,116.7,104.5,116.7,116.7,106.1,56000,6177175.00,18-Aug-2026,75,INE0O7A01017
PRANIK,SM,41.55,42.55,41.55,42.55,42.55,40.9,3200,134560.00,18-Aug-2026,2,INE0VJG01014
DIAMONDYD,EQ,1193.8,1203.8,1180.9,1193.8,1193,1190.4,11074,13212570.10,18-Aug-2026,1363,INE393P01035
PRATHAM,SM,124,124,118,120.65,120.65,120.9,10400,1277320.00,18-Aug-2026,8,INE0QA601016
PRAVEG,EQ,257.65,264,246.4,252.95,253.95,258.9,147168,36968587.10,18-Aug-2026,4672,INE722B01019
PRAXIS,EQ,6.04,6.04,5.35,5.4,5.45,5.87,554400,3050982.02,18-Aug-2026,660,INE546Y01022
PRECAM,EQ,133.75,136.04,132.25,133.16,132.7,134.65,57774,7750040.70,18-Aug-2026,1726,INE484I01029
PRECISION,ST,7.9,7.9,7.85,7.85,7.85,8.25,4000,31500.00,18-Aug-2026,2,INE0HKW01018
PRECWIRE,EQ,454.2,462.45,450.65,458.2,459.6,457.75,383093,175035123.70,18-Aug-2026,15202,INE372C01037
PRECOT,EQ,698.45,758,690,741.15,730,698.45,4837,3516435.70,18-Aug-2026,440,INE283A01014
PREMCO,EQ,385,385,372.5,375.65,375.15,378.35,472,177032.75,18-Aug-2026,55,INE001E01012
PREMIERENE,EQ,1020,1029.9,1010.6,1014.7,1014.7,1015.5,538817,548620611.60,18-Aug-2026,29556,INE0BS701011
PREMEXPLN,EQ,674.9,676,667.5,668.25,671.5,672.65,352325,236143727.60,18-Aug-2026,3714,INE863B01029
PREMIER,BE,2.7,2.83,2.7,2.77,2.77,2.72,1826,4973.41,18-Aug-2026,10,INE342A01018
PREMIERPOL,EQ,85,88,82.32,86.37,86.99,83.59,2453055,210527522.53,18-Aug-2026,26508,INE309M01020
PRLIND,SM,43,43.6,42.4,43.55,43.55,43.05,18000,772800.00,18-Aug-2026,13,INE0CFG01012
PREMIUM,SM,37.95,37.95,37.95,37.95,37.95,36.25,3000,113850.00,18-Aug-2026,1,INE0M1F01011
PRESSTONIC,SM,29.5,30.5,28.4,28.85,28.8,29.25,42400,1227080.00,18-Aug-2026,30,INE0R1601012
PRESTIGE,EQ,1588,1612.6,1563.1,1590,1590,1591.9,681676,1084170050.70,18-Aug-2026,26883,INE811K01011
PRICOLLTD,EQ,808,813.05,795.35,800.05,799.6,806.55,323362,259187983.95,18-Aug-2026,20743,INE726V01018
PRIMECAB,ST,185,192.9,183,191.45,190,185,24000,4543760.00,18-Aug-2026,15,INE0CQA01020
PFOCUS,EQ,266.05,289,264,286.25,285.65,266.4,2789751,791976156.75,18-Aug-2026,48250,INE367G01038
PRIMESECU,EQ,285.4,285.7,280,282.2,282,283.3,10289,2904669.70,18-Aug-2026,346,INE032B01021
PRIMO,EQ,23.7,23.7,22.75,22.98,22.95,23.28,116805,2694839.24,18-Aug-2026,1096,INE607A01022
PRINCEPIPE,EQ,285.6,291.45,283.35,289.75,288.1,284.25,278635,80290384.90,18-Aug-2026,6339,INE689W01016
PRSMJOHNSN,EQ,105.71,106.19,104.1,104.99,104.25,105.33,279191,29366675.13,18-Aug-2026,3190,INE010A01011
PRISMX,EQ,0.55,0.55,0.53,0.54,0.54,0.52,94707,51143.40,18-Aug-2026,108,INE286N01028
PRITI,BE,34.5,34.5,34,34.18,34.39,34.56,8307,284002.56,18-Aug-2026,143,INE974Z01015
PRITIKAUTO,BE,17.41,17.79,17.4,17.65,17.65,17.49,83001,1462436.95,18-Aug-2026,269,INE583R01029
PNC,EQ,18.1,18.7,17.9,18.15,17.9,18.1,8843,161105.81,18-Aug-2026,159,INE392B01011
PRIVISCL,EQ,3444,3484.2,3409,3454.6,3466.8,3449,88946,306527082.20,18-Aug-2026,12805,INE959A01019
PRIZOR,ST,832,870,832,839.5,843.5,840.15,11200,9498000.00,18-Aug-2026,28,INE0V9N01017
PROFX,SM,79.95,82,79.95,82,82,77,4800,387120.00,18-Aug-2026,3,INE0VJT01017
PGHL,EQ,5836.5,5853,5746.5,5838,5810.5,5836.5,13004,75464280.50,18-Aug-2026,3142,INE199A01012
PROPSHOP,SM,65.85,70,59.95,69.85,69.75,66.2,368000,25059500.00,18-Aug-2026,126,INE1FFX01018
PROSTARM,EQ,136.6,140.98,131.27,132.22,133,135.96,217948,29486811.67,18-Aug-2026,3263,INE0BX301013
PROTEAN,EQ,550,554,543.2,551.75,551.2,548.5,153670,84442910.90,18-Aug-2026,6782,INE004A01022
PROV,SM,1900,1940,1900,1925,1925,1905,1120,2160720.00,18-Aug-2026,13,INE0ONE01016
PROZONER,EQ,43.9,43.9,42.1,42.32,42.1,43.5,67445,2881811.61,18-Aug-2026,408,INE195N01013
PRUDENT,EQ,3352,3410,3311.1,3354.1,3365,3338,16403,55084409.70,18-Aug-2026,5837,INE00F201020
PRUDMOULI,BE,13.81,14.27,13.51,13.57,13.57,13.81,18888,262733.60,18-Aug-2026,59,INE024D01016
PSPPROJECT,EQ,946,960.3,937.7,942.35,940,947,50924,48309577.05,18-Aug-2026,3381,INE488V01015
PFS,EQ,28.14,29.6,27.95,28.2,28.44,28.14,492747,13876293.02,18-Aug-2026,2966,INE560K01014
PTC,EQ,160.99,162.5,158.57,158.89,158.8,160.62,1401008,222997017.53,18-Aug-2026,15696,INE877F01012
PTCIL,EQ,20451,20453,19549,19791,19690,20584,64760,1287191039.00,18-Aug-2026,18737,INE596F01018
PTL,EQ,38.85,38.85,38.48,38.51,38.5,38.65,37055,1428659.61,18-Aug-2026,470,INE034D01049
PDMJEPAPER,EQ,87.82,89.9,87.26,88.94,89.02,87.82,82180,7282001.16,18-Aug-2026,1810,INE865T01018
PULZ,SM,21.9,21.9,21.35,21.35,21.35,21.9,6000,129400.00,18-Aug-2026,3,INE335X01014
PSB,EQ,23.8,23.8,23.11,23.22,23.2,23.68,1165360,27204111.46,18-Aug-2026,3939,INE608A01012
PUNJABCHEM,EQ,1125.3,1165,1116.7,1133.6,1134,1127.3,9057,10353187.90,18-Aug-2026,1145,INE277B01014
PNB,EQ,117,117.99,116.5,116.5,116.5,117.32,7856627,919702803.48,18-Aug-2026,41897,INE160A01022
PURVA,EQ,227.5,231.8,220.13,224.36,222.25,226.6,1104429,246787622.77,18-Aug-2026,15440,INE323I01011
PURPLEUTED,ST,388.95,388.95,385,388.95,388.95,370.45,45000,17483750.00,18-Aug-2026,98,INE0P5R01014
PURVFLEXI,SM,48,48.5,47.35,48.5,48.5,49.8,16000,759080.00,18-Aug-2026,19,INE0R6C01012
PUSHPA,SM,114,115,114,114,114,115,8000,916000.00,18-Aug-2026,7,INE154801018
PVP,EQ,36.8,40.9,36.4,40.2,40.8,37.01,3330020,130546860.91,18-Aug-2026,10409,INE362A01016
PVRINOX,EQ,1194.2,1228.8,1188.5,1198.1,1205,1192,463266,559345869.90,18-Aug-2026,29191,INE191H01014
PYRAMID,EQ,169,169.3,162.02,163.55,162.65,166.69,73757,12130734.33,18-Aug-2026,1362,INE0MIS01010
QLINE,SM,531.7,534,522,524.05,523,529.15,35600,18810660.00,18-Aug-2026,68,INE1G2W01011
QMSMEDI,BE,139.89,140.89,132.5,135.24,137,138.13,44572,6102114.37,18-Aug-2026,187,INE0FMW01018
QUADFUTURE,EQ,350,353.1,338.75,341,342.8,349.35,214357,73345906.50,18-Aug-2026,6142,INE0LRY01011
QPOWER,EQ,1302.9,1357,1290,1325.1,1324.2,1302.6,369801,488075746.70,18-Aug-2026,15133,INE0SII01026
QGOLDHALF,EQ,126.74,128,126.51,126.74,126.75,126.73,158725,20111063.57,18-Aug-2026,772,INF082J01408
QNIFTY,EQ,275.16,275.16,266.1,266.74,267,268.45,4134,1104286.81,18-Aug-2026,103,INF082J01499
QUESS,EQ,346.6,350.75,333.35,336.9,333.9,343.9,935370,320879894.50,18-Aug-2026,31915,INE615P01015
QUESTLAB,SM,88.05,88.05,88,88.05,88,88.05,7200,633900.00,18-Aug-2026,6,INE0TNW01017
QUICKHEAL,BE,151.3,151.3,143,143.89,145.8,149.41,91964,13402986.60,18-Aug-2026,1074,INE306L01010
QUICKTOUCH,SM,17.25,17.25,17.25,17.25,17.25,18.15,4000,69000.00,18-Aug-2026,7,INE0K4D01020
QUINT,EQ,37.06,38.5,36,37.36,37.49,37.36,16736,623946.87,18-Aug-2026,70,INE641R01017
QVCEL,SM,24.6,26.1,24.5,26.1,26.1,25.15,9600,238240.00,18-Aug-2026,4,INE0KZF01015
RKSWAMY,EQ,99.8,101.18,97.01,98.25,98.3,97.47,46662,4646516.57,18-Aug-2026,924,INE0NQ801033
RMDRIP,BE,17.26,17.65,17.19,17.27,17.34,17.87,147248,2552416.23,18-Aug-2026,605,INE219Y01026
RRIL,EQ,17.12,18.29,17.12,17.94,18,17.54,16173,289497.67,18-Aug-2026,164,INE951M01037
RRKABEL,EQ,2748.6,2870,2740.5,2784.9,2790,2748.6,698009,1965033016.90,18-Aug-2026,50779,INE777K01022
RSDFIN,BE,101.2,101.2,101.17,101.17,101.17,106.49,324,32779.59,18-Aug-2026,18,INE616F01022
RSYSTEMS,EQ,240.1,244.95,240,242.3,241.65,240.2,141529,34286133.60,18-Aug-2026,2967,INE411H01032
RTSPOWR,EQ,105,113,96,96.72,99.94,94.73,1720,170720.41,18-Aug-2026,67,INE005C01017
RNBDENIMS,EQ,8.5,8.8,8.4,8.46,8.57,8.58,216536,1852990.55,18-Aug-2026,1031,INE012Q01039
RSSOFTWARE,EQ,32.4,32.5,30.44,31.79,31.15,31.59,12261,389172.06,18-Aug-2026,160,INE165B01029
RPPINFRA,EQ,58.35,58.9,57.31,57.51,57.51,58.35,95574,5544319.30,18-Aug-2026,1425,INE324L01013
RIIT,IV,120.05,127,118.75,123.16,122.9,119.73,386144,46894135.96,18-Aug-2026,2907,INE2PB023011
RACE,EQ,102.73,104.48,101.15,103.86,103.99,102.73,1769,182030.74,18-Aug-2026,56,INE084Q01012
RILINFRA,SM,37.65,37.7,36.8,36.95,37,37.55,11000,408220.00,18-Aug-2026,44,INE02OY01016
RACLGEAR,EQ,1350.7,1411,1348.9,1399.1,1385,1343.4,18531,25641737.90,18-Aug-2026,2382,INE704B01017
RADAAN,EQ,3.1,3.1,2.97,3.02,2.99,2.97,9545,29003.10,18-Aug-2026,57,INE874F01027
RADHIKAJWE,EQ,68.23,68.61,65.46,66.39,66.5,67.9,588642,39158141.34,18-Aug-2026,4490,INE583V01021
RADIANTCMS,EQ,35,36.23,34.35,34.45,34.51,34.86,321650,11288487.96,18-Aug-2026,3364,INE855R01021
RADICO,EQ,4695,4732.9,4625.5,4732.9,4732.9,4693.4,413785,1938549365.50,18-Aug-2026,37953,INE944F01028
RPEL,EQ,1440,1518,1416.3,1495.2,1500,1430.1,116005,171861149.20,18-Aug-2026,11813,INE912T01018
RVNL,EQ,226.2,227.88,225,225,225,228.5,2172981,490952514.50,18-Aug-2026,23897,INE415G01027
RAILTEL,EQ,278.7,279.6,275,277.15,277.05,279.95,325210,90100067.30,18-Aug-2026,9842,INE0DD101019
RAIN,EQ,205.5,208.5,200.9,203.74,204,205.91,3467534,710964892.09,18-Aug-2026,22608,INE855B01025
RAINBOW,EQ,1475,1477.1,1453,1458.7,1455.6,1478.5,52308,76596278.50,18-Aug-2026,8316,INE961O01016
ROML,EQ,44.06,45,44.06,44.17,44.67,44.09,2043,90351.93,18-Aug-2026,23,INE294G01026
RAJRILTD,BE,22.36,22.36,21.67,22.02,22.02,21.93,10186,226710.45,18-Aug-2026,70,INE533D01032
RAJTV,EQ,10.43,10.43,10.13,10.29,10.37,10.26,11719,120159.83,18-Aug-2026,78,INE952H01027
RAJPALAYAM,EQ,836,849.55,836,843.4,843,827.8,447,377178.40,18-Aug-2026,51,INE296E01026
ARENTERP,EQ,39.44,39.44,36.76,38.42,39.29,38.36,1431,54989.75,18-Aug-2026,55,INE610C01014
RAJESHEXPO,BZ,82.8,83,81.01,81.99,82.45,82.59,59277,4849646.69,18-Aug-2026,889,INE343B01030
RCDL,SM,26.5,26.5,24.3,26.15,26.3,27,30000,749700.00,18-Aug-2026,7,INE0BZQ01011
RAJMET,EQ,3.29,3.32,3.23,3.3,3.3,3.23,151216,496997.15,18-Aug-2026,532,INE00KV01022
RAJOOENG,BE,50.5,51.48,49,50.87,51.34,50.17,175251,8809750.43,18-Aug-2026,735,INE535F01024
RAJPUTANA,SM,210,210,208,208,208,215,1000,209000.00,18-Aug-2026,2,INE0VHU01019
RAJINDLTD,SM,67.95,70.7,67.8,69.4,68.45,66.5,10500,720375.00,18-Aug-2026,7,INE0PCU01012
RSL,EQ,165,165.2,163.74,164.95,164.83,164.9,325012,53578423.70,18-Aug-2026,3480,INE313L01016
RAJRATAN,EQ,516,519,504.25,512,513,516.8,53372,27256646.50,18-Aug-2026,2719,INE451D01029
RPPL,BE,23.78,23.8,22.56,22.74,22.74,22.98,30216,697109.34,18-Aug-2026,125,INE760W01023
RAJSREESUG,EQ,34.65,36.39,34.45,34.96,34.95,34.49,153455,5458336.41,18-Aug-2026,995,INE562B01019
RALLIS,EQ,212.81,214.17,211.2,213.27,213,213.08,556665,118606590.39,18-Aug-2026,19127,INE613A01020
RAMRAT,EQ,467.5,478.55,451.8,472.65,475.1,467.5,158012,73734426.80,18-Aug-2026,5083,INE207E01023
RAMAPHO,EQ,120.61,122.9,120.61,121.16,121.86,121.52,6382,775399.48,18-Aug-2026,277,INE809A01032
RAMASTEEL,BE,4.25,4.25,4.25,4.25,4.25,4.33,524201,2227854.25,18-Aug-2026,1350,INE230R01035
RTL,SM,78,80.1,78,80.05,80.05,83.05,6000,476300.00,18-Aug-2026,3,INE14W901010
RAMCOIND,EQ,354.35,356.25,342.1,344.75,347.45,353.45,178495,62056072.00,18-Aug-2026,4806,INE614A01028
RAMCOSYS,EQ,593.1,598,564.5,564.5,564.5,594.2,245543,140523335.20,18-Aug-2026,7063,INE246B01019
RBS,SM,90,94.9,89,91,91,91.4,12800,1171280.00,18-Aug-2026,14,INE0RJH01010
RKFORGE,EQ,756.35,759,745.05,754.35,750.65,755,858508,646585966.80,18-Aug-2026,26707,INE399G01023
RAMKY,EQ,391.2,392.95,388,391.6,391,390.05,25799,10073458.50,18-Aug-2026,774,INE874I01013
RANASUG,EQ,12.97,13.62,12.9,13.3,13.25,12.9,1043110,13917173.44,18-Aug-2026,2542,INE625B01014
RML,EQ,1094.9,1112.9,1085,1100.1,1109.1,1084.7,10805,11838786.60,18-Aug-2026,1209,INE050H01012
RANEHOLDIN,EQ,1620,1631.8,1558.1,1567.9,1574,1600.9,21338,33904973.00,18-Aug-2026,2642,INE384A01010
RAPPID,SM,305,305.9,305,305.9,305.9,306,1800,549660.00,18-Aug-2026,3,INE0MVO01012
RPTECH,EQ,867.05,871.45,850,861.1,859,871.85,238708,204783983.15,18-Aug-2026,16684,INE0J1F01024
RCF,EQ,123,123.1,121,121.19,121.12,123.26,576015,70197562.79,18-Aug-2026,7020,INE027A01015
RATEGAIN,EQ,955,955.35,926.55,935.95,938,949.5,308664,289216263.40,18-Aug-2026,14916,INE0CLI01024
RATNAMANI,EQ,2355,2425,2352.9,2368.6,2385,2353.6,62154,148550519.80,18-Aug-2026,16739,INE703B01027
RATNAVEER,EQ,246.08,257.5,242.65,252.19,250.8,244.87,11984087,3016495162.15,18-Aug-2026,86546,INE05CZ01011
RTNINDIA,EQ,30.47,31.45,30.2,30.67,30.66,30.48,3065043,94278522.90,18-Aug-2026,11204,INE834M01019
RTNPOWER,EQ,8.31,8.33,8.09,8.12,8.12,8.35,17010536,139037361.73,18-Aug-2026,16804,INE399K01017
RKDL,EQ,18.4,18.97,18.36,18.54,18.4,18.36,1418,26223.96,18-Aug-2026,38,INE722J01012
RVHL,EQ,43.25,44.04,42.25,42.75,42.25,43.05,9554,411412.28,18-Aug-2026,103,INE09E501017
RELTD,EQ,160.67,163.9,158.01,158.85,158.6,159.87,128827,20798086.62,18-Aug-2026,2331,INE206N01018
RAYMONDLSL,EQ,754.65,762.85,745,748.4,747.1,762.1,109781,82940900.10,18-Aug-2026,8992,INE02ID01020
RAYMOND,EQ,649.75,658,621,625,624.2,647.85,733844,470076823.65,18-Aug-2026,21801,INE301A01014
RAYMONDREL,EQ,575.8,583.8,574.9,578,578.7,581.05,117902,68184377.40,18-Aug-2026,4032,INE1SY401010
RBLBANK,EQ,380.5,384.9,376.4,383,383,381.5,2330589,888222705.90,18-Aug-2026,26754,INE976G01028
RBMINFRA,SM,242.05,242.9,223,229.2,232.95,240.85,27800,6500920.00,18-Aug-2026,114,INE0NA301016
RBZJEWEL,EQ,136.19,138.84,133.5,134.58,133.5,136.19,47543,6435482.89,18-Aug-2026,1264,INE0PEQ01016
RRECL,EQ,146.45,146.45,136.3,136.35,136.3,145,894,122050.08,18-Aug-2026,15,INE0AK901016
READYMIX,SM,102.95,102.95,99.35,100.55,100,103.1,11000,1109050.00,18-Aug-2026,10,INE10QL01011
RECLTD,EQ,340,341.85,338.5,338.5,338.5,340,5976016,2033913871.50,18-Aug-2026,43338,INE020B01018
REDINGTON,EQ,334,337.2,324,326.3,326,332.8,2030364,666299810.50,18-Aug-2026,41072,INE891D01026
REDTAPE,EQ,121.35,125.3,120.84,124.71,124.94,121.66,399087,49386417.99,18-Aug-2026,4940,INE0LXT01019
REFEX,EQ,301,302.95,297,299.45,300.2,302.75,259732,77818281.05,18-Aug-2026,5049,INE056I01025
REFRACTORY,SM,25.8,25.8,24.25,24.95,24.95,24.8,7000,174100.00,18-Aug-2026,6,INE0TNX01015
REGAAL,EQ,90.28,101.5,88.65,99.53,100,90.46,2975990,292126988.85,18-Aug-2026,21335,INE0MHO01029
REGENCERAM,EQ,35.8,37.03,35.2,36.8,36.77,35.43,3751,135314.20,18-Aug-2026,75,INE277C01012
RELAXO,EQ,394.8,397,378.15,383.95,383,391.2,345402,132533523.85,18-Aug-2026,12956,INE131B01039
GILT5YBEES,EQ,66.25,66.37,66.11,66.23,66.21,66.26,91103,6032155.74,18-Aug-2026,410,INF204KC1030
RELIABLE,EQ,140,142,138,140.77,138,138.74,208670,29117715.28,18-Aug-2026,612,INE375Y01018
RELCHEMQ,EQ,118.8,118.9,114.03,115.51,116,115.6,3010,349537.92,18-Aug-2026,166,INE750D01016
RCOM,BE,0.81,0.81,0.8,0.8,0.8,0.81,3203697,2575117.07,18-Aug-2026,1839,INE330H01018
RHFL,BZ,1.77,1.78,1.73,1.74,1.75,1.78,435640,763756.83,18-Aug-2026,807,INE217K01011
RIIL,EQ,749.95,751.85,735.9,738.65,737.5,747.05,25399,18828471.70,18-Aug-2026,1619,INE046A01015
RELIANCE,EQ,1314,1328.6,1311.2,1322,1322,1316,10180567,13466467033.10,18-Aug-2026,198021,INE002A01018
RELINFRA,BE,64.47,64.47,64.47,64.47,64.47,65.78,139005,8961652.35,18-Aug-2026,334,INE036A01016
RPOWER,EQ,22.53,22.74,22.37,22.45,22.43,22.72,13059635,293318474.01,18-Aug-2026,25482,INE614G01033
RELIGARE,EQ,230,235.25,229,231.55,233,231.1,1967477,455198436.95,18-Aug-2026,13372,INE621H01010
REMSONSIND,EQ,81.49,83.39,80.96,82.4,82.31,81.89,112716,9232461.35,18-Aug-2026,1698,INE474C01023
REMUS,SM,904,904,883.5,893.8,897,907.3,2800,2499385.00,18-Aug-2026,27,INE0O5T01011
RGL,EQ,121.9,125.85,120.2,124.9,125.36,121.9,434403,53357969.62,18-Aug-2026,4698,INE722H01024
RNPL,SM,80.75,80.75,80.5,80.5,80.5,78.85,3600,290340.00,18-Aug-2026,3,INE0VZX01015
REPCOHOME,EQ,349.6,352,346.45,350.1,351.55,349.6,101784,35576146.85,18-Aug-2026,4185,INE612J01015
REPRO,EQ,334.75,343.95,326.5,330.25,329.15,325.15,15316,5126483.30,18-Aug-2026,1005,INE461B01014
RESPONIND,EQ,159.68,160.22,156.41,158.09,157.99,159.01,79679,12595101.77,18-Aug-2026,2070,INE688D01026
RBA,EQ,99.8,108.41,99.5,106.34,104,99.59,17134006,1784041646.56,18-Aug-2026,66117,INE07T201019
RVTH,EQ,747.75,762.95,717,730,730,747.7,1613,1188009.15,18-Aug-2026,74,INE0DAB01012
RHETAN,EQ,21.41,21.54,21.41,21.43,21.43,21.28,7421414,159020143.37,18-Aug-2026,2436,INE0KKN01029
RHIM,EQ,375.7,381.45,372.25,380,380.5,374.25,434035,164345975.20,18-Aug-2026,9773,INE743M01012
RICOAUTO,EQ,132.45,137.5,132,133.32,133.2,132.9,2049113,275731749.45,18-Aug-2026,17296,INE209B01025
RIR,EQ,176.8,176.8,168,170.35,170.15,173.94,139576,23916157.63,18-Aug-2026,3397,INE302D01024
RISHABH,EQ,700,703.8,651.75,665.75,665.8,694.6,711835,476498863.05,18-Aug-2026,25854,INE0N2P01017
RITCO,EQ,288.05,318.4,288.05,313,314.5,292.5,381642,119105928.05,18-Aug-2026,8264,INE01EG01016
RITES,EQ,221.74,222.87,218,218.49,218.5,221.72,242345,53171745.47,18-Aug-2026,7312,INE320J01015
RKEC,EQ,24.3,24.3,22.52,22.81,22.75,23.41,59826,1379785.29,18-Aug-2026,370,INE786W01010
RMC,EQ,260.05,265.85,246.9,253.85,260,259.7,89354,22584619.20,18-Aug-2026,2909,INE655V01019
RNFI,SM,275,275,268.15,269.95,270.25,272.4,35400,9589140.00,18-Aug-2026,53,INE0SA001017
RHL,EQ,168,170,167,169.47,169.72,166.35,3822,641996.93,18-Aug-2026,38,INE508K01013
ROCKINGDCE,SM,163,168,160,161.7,160,167.45,7500,1218637.50,18-Aug-2026,28,INE0PTR01012
ROLEXRINGS,EQ,180.19,182.5,175.68,177.06,176.45,179.46,2031379,364450664.69,18-Aug-2026,18621,INE645S01024
ROLLT,BE,3.21,3.31,3.11,3.16,3.11,3.17,385304,1230527.08,18-Aug-2026,242,INE927A01040
ROSSARI,EQ,498.6,498.9,490.8,495.9,492.2,496.15,37955,18751464.05,18-Aug-2026,1906,INE02A801020
ROSSELLIND,EQ,55.53,57.5,55.04,56.9,57,56.17,50191,2843684.31,18-Aug-2026,528,INE847C01020
ROSSTECH,EQ,1116.05,1172,1092.5,1103.55,1100,1108.9,899502,1014981625.20,18-Aug-2026,59043,INE0OJW01016
ROTO,EQ,65.99,66.7,65.49,66.34,66.15,65.68,226640,14959078.27,18-Aug-2026,1478,INE535D01037
ROUTE,EQ,507.3,507.5,497.2,499.45,498.05,508.6,159772,80253340.35,18-Aug-2026,5767,INE450U01017
ROXHITECH,SM,54.4,55.8,53.6,55.45,55.45,56.45,20800,1140000.00,18-Aug-2026,13,INE0PDJ01013
ROYALARC,SM,177,177,177,177,177,176.35,8400,1486800.00,18-Aug-2026,5,INE0EO401019
ROHLTD,EQ,307.4,312.8,300.65,304.55,306.4,307.7,46156,14029239.05,18-Aug-2026,1343,INE283H01019
RPGLIFE,EQ,2741.3,2770,2663,2702.7,2696,2741.3,11456,31201296.20,18-Aug-2026,1465,INE105J01010
RPSGVENT,EQ,888.75,890,873,875.25,875,887.25,22399,19707136.80,18-Aug-2026,750,INE425Y01011
RSWM,BE,196,203.05,192,200.25,202,194.52,28026,5586974.34,18-Aug-2026,258,INE611A01016
RUBFILA,EQ,67.5,70,67.5,68.84,69.44,67.36,14395,991253.98,18-Aug-2026,318,INE642C01025
RUBICON,EQ,1789.3,1819,1750,1804.1,1813,1798.7,687518,1230616000.80,18-Aug-2026,44812,INE506V01022
RUCHINFRA,EQ,5.81,5.97,5.72,5.75,5.73,5.81,23152,135004.45,18-Aug-2026,90,INE413B01023
RUCHIRA,EQ,102.05,105.26,102.05,104.62,104.79,102.05,37592,3924049.73,18-Aug-2026,667,INE803H01014
RUDRA,EQ,24.45,24.45,22.7,22.97,23,23.8,133806,3130220.98,18-Aug-2026,601,INE027T01023
REPL,BE,64,65,61.75,61.75,61.75,64,5133,321617.67,18-Aug-2026,67,INE364Z01019
RULKA,SM,109,112,104,109.7,109.95,109.1,9900,1074345.00,18-Aug-2026,25,INE0R7301013
RUPA,EQ,148,151.68,148,149.97,150,149.1,87669,13142103.13,18-Aug-2026,2722,INE895B01021
RUSHIL,EQ,16.8,17.06,16.5,16.72,16.67,16.78,293246,4912246.46,18-Aug-2026,786,INE573K01025
SATECH,SM,33.3,33.8,32.6,32.85,32.6,35.6,13000,431050.00,18-Aug-2026,12,INE0BSN01013
SCHAND,EQ,138.9,138.9,134.9,137.1,136.26,137.86,47191,6449138.01,18-Aug-2026,1271,INE807K01035
SDREAMS,SM,85,85,81,81.6,81,83,7000,575300.00,18-Aug-2026,6,INE0X6F01017
SHK,EQ,163.99,165,158.12,159.48,159.88,164.25,591761,95048279.77,18-Aug-2026,8892,INE500L01026
SJLOGISTIC,SM,326,346.9,323,344.25,346.8,326,183250,62103400.00,18-Aug-2026,455,INE0F3301020
SVGLOBAL,EQ,143.5,143.5,115.55,133,133,143.61,21,2532.25,18-Aug-2026,8,INE159L01013
S&SPOWER,EQ,296,296,270,277.7,274.05,297.7,10586,2926001.05,18-Aug-2026,459,INE902B01017
SPAL,EQ,940.7,961.65,934.6,952.45,952.4,932.45,51059,48530900.50,18-Aug-2026,4892,INE212I01016
SALSTEEL,EQ,74,75.9,71.1,72.02,71.7,71.87,1744512,128321771.63,18-Aug-2026,12181,INE658G01014
SAAKSHI,ST,299.7,299.7,295.2,297,297,297.65,10800,3208110.00,18-Aug-2026,13,INE0PSK01027
SAATVIKGL,EQ,405.65,417.95,399.45,401.45,402.1,402.65,133321,54286690.15,18-Aug-2026,3870,INE13B501022
SACHEEROME,SM,469,503.95,465,488.65,488.35,466.45,51600,25136385.00,18-Aug-2026,135,INE1ARD01016
SADBHAV,EQ,8.26,8.44,7.85,7.95,7.95,8.26,326564,2632848.87,18-Aug-2026,731,INE226H01026
SADBHIN,BE,2.75,2.9,2.72,2.84,2.83,2.81,176606,494471.63,18-Aug-2026,210,INE764L01010
SADHNANIQ,BE,3.08,3.08,3.03,3.03,3.03,3.09,1273284,3871848.02,18-Aug-2026,436,INE888C01040
SADHAV,SM,116.25,120,114.5,118.05,120,116.25,21600,2523300.00,18-Aug-2026,34,INE0K5H01010
SAFARI,EQ,1497.3,1511.9,1477,1482.8,1485,1497.3,16308,24277100.10,18-Aug-2026,3567,INE429E01023
SAFEENTP,SM,260,260,253.2,256.1,255.7,254.75,17500,4504775.00,18-Aug-2026,33,INE17D601016
SAGCEM,EQ,169,172.78,167.9,168.29,168,169.01,20803,3511427.47,18-Aug-2026,672,INE229C01021
SAGARDEEP,EQ,24.4,24.4,23.63,23.7,23.65,24.02,1693,40413.28,18-Aug-2026,59,INE976T01013
SAGILITY,EQ,42.41,42.77,41.92,42.16,42.25,42.4,11644898,491972954.65,18-Aug-2026,36893,INE0W2G01015
SAHAJSOLAR,SM,105,107.8,105,105.3,105,105.25,12000,1269420.00,18-Aug-2026,27,INE0P4701011
SAHANA,SM,785.85,815,782,814.05,814,785.85,22800,18229620.00,18-Aug-2026,129,INE0LEX01011
SAHASRA,ST,319.8,320,313.1,313.25,313.1,319.95,21600,6834860.00,18-Aug-2026,50,INE0RBQ01018
SAHYADRI,EQ,388,393.95,374,375.55,376,388.15,20137,7665913.90,18-Aug-2026,1357,INE280H01015
SAICAPI,EQ,149,154.95,148,151.33,149.1,149.95,247,37098.81,18-Aug-2026,25,INE531X01018
SAILIFE,EQ,1428.8,1473,1423.5,1440.1,1443.4,1416.4,450784,651968275.70,18-Aug-2026,34508,INE570L01029
SAIPARENT,EQ,558.95,558.95,540.6,542.05,543.8,551.95,60708,33072679.35,18-Aug-2026,2666,INE0H9F01037
KALAMANDIR,EQ,87,87,85.5,85.72,85.5,86.16,199617,17170539.60,18-Aug-2026,1878,INE438K01021
SEKURITIND,EQ,118.2,124.65,117.1,121.66,120.8,117.61,43443,5271735.38,18-Aug-2026,540,INE068B01017
SAJHOTELS,ST,42,42,42,42,42,42.55,2000,84000.00,18-Aug-2026,1,INE00MT01022
SAKAR,EQ,902.45,902.8,878,893.7,899,905.35,61515,54681867.85,18-Aug-2026,3960,INE732S01012
SAKSOFT,EQ,165,167.78,162.21,166.36,165.81,164.95,440873,72551206.96,18-Aug-2026,7473,INE667G01023
SAKHTISUG,EQ,17.75,18.75,17.65,18.39,18.29,17.63,482690,8850504.34,18-Aug-2026,1670,INE623A01011
SAKUMA,EQ,1.6,1.62,1.54,1.57,1.58,1.6,1115173,1756687.27,18-Aug-2026,1008,INE190H01024
SALASAR,EQ,6.04,6.17,5.99,6.07,6.09,6.07,5174251,31429334.79,18-Aug-2026,4362,INE170V01027
SALONA,EQ,259.91,274.99,259.91,269.49,271,261.21,1477,395373.21,18-Aug-2026,80,INE498E01010
SALZERELEC,EQ,573.45,578.5,566,568.1,570.95,570.3,31402,17872665.80,18-Aug-2026,1600,INE457F01013
SAMBHAAV,EQ,6.48,6.5,6.25,6.36,6.36,6.35,26679,170596.05,18-Aug-2026,100,INE699B01027
SAMBHV,EQ,120,124.9,119.52,124.34,124.21,119.88,1781158,219404274.60,18-Aug-2026,12351,INE12NJ01018
SAIFL,SM,4.95,5.05,4.95,5,5,5,60000,300400.00,18-Aug-2026,14,INE0PZA01015
SAMHI,EQ,159,161.24,158.6,160.03,159.4,159.41,438145,70065036.44,18-Aug-2026,5658,INE08U801020
SAMMAANCAP,EQ,153.33,153.95,145,150.23,149.59,153.33,23129231,3455373484.53,18-Aug-2026,93547,INE148I01020
SAMPANN,EQ,26.8,26.8,25.97,26.42,26.47,26.3,14006,368662.22,18-Aug-2026,110,INE735M01018
MOTHERSON,EQ,168.1,170.9,168.1,170.4,170.4,168.06,12696084,2157374401.19,18-Aug-2026,63330,INE775A01035
SANATHAN,EQ,461.05,463.45,449.75,454.6,457.9,463.5,48969,22352928.25,18-Aug-2026,4898,INE0JPD01013
SANDESH,EQ,1080.9,1094.95,1060,1060.5,1060,1081.85,1700,1816960.15,18-Aug-2026,185,INE583B01015
SANDHAR,EQ,633,639.8,625,631.8,631,632.55,91956,58024199.35,18-Aug-2026,4626,INE278H01035
SANDUMA,EQ,201,203.4,199.21,200,199.5,200.89,287962,57822815.86,18-Aug-2026,5046,INE149K01016
SANGAMIND,EQ,586.2,600.8,584,588.75,586.7,592.45,15927,9389885.55,18-Aug-2026,900,INE495C01010
SANGHVIMOV,EQ,508,522.9,504.05,520.75,521.85,506.95,312166,160856489.05,18-Aug-2026,12913,INE989A01032
SANGINITA,BE,59.53,59.53,59.53,59.53,59.53,56.7,31343,1865848.79,18-Aug-2026,113,INE753W01010
SANOFICONR,EQ,4384.8,4384.8,4311,4336.6,4328,4363,2260,9806859.30,18-Aug-2026,748,INE0UOS01011
SANOFI,EQ,3197.4,3258,3178.1,3242.1,3247,3197.4,13116,42249323.40,18-Aug-2026,3183,INE058A01010
SANSERA,EQ,4000,4040.4,3942.5,4003.2,3990,4002,172483,690085189.10,18-Aug-2026,25166,INE953O01021
SANSTAR,EQ,109.03,110.19,106.91,107.29,106.95,109.19,136937,14818494.06,18-Aug-2026,2258,INE08NE01025
SANWARIA,BZ,0.2,0.2,0.19,0.19,0.2,0.19,992931,197171.38,18-Aug-2026,214,INE890C01046
SAPPHIRE,EQ,234.5,234.9,229.05,231.99,230.67,234.68,890093,206282844.03,18-Aug-2026,24356,INE806T01020
SARTELE,SM,102.5,102.5,98.8,99.55,100.5,100.9,101000,10146500.00,18-Aug-2026,163,INE0PUC01020
ZSARACOM,EQ,13414,13418,12660,13076,13089,12841,123,1603495.00,18-Aug-2026,77,INE967G01019
SSDL,EQ,60.35,62.37,60.35,60.84,60.6,61.38,26977,1649924.23,18-Aug-2026,603,INE0PQ101010
SARDAEN,EQ,522.7,524,516.2,518.15,517,521.15,215053,111875425.15,18-Aug-2026,7567,INE385C01021
SAREGAMA,EQ,520.1,524.8,512,513.95,513,523.4,332669,171612879.25,18-Aug-2026,14343,INE979A01025
SARLAPOLY,EQ,101.8,102.88,100,101.22,101.25,101.61,65712,6650485.42,18-Aug-2026,775,INE453D01025
SMLT,EQ,69,71.98,69,69.28,70.35,70.29,4098,288145.93,18-Aug-2026,92,INE017W01010
SARVESHWAR,EQ,3.5,3.5,3.42,3.43,3.43,3.5,690456,2379667.24,18-Aug-2026,1169,INE324X01026
SASKEN,EQ,1919.5,1960,1910.4,1943,1921,1919.5,11305,21832940.80,18-Aug-2026,1800,INE231F01020
SATKARTAR,SM,122,122,118,121.05,121,122,10400,1246480.00,18-Aug-2026,12,INE0NB801022
SSEGL,SM,353.1,364.9,350,350.1,350,353.3,92800,32878020.00,18-Aug-2026,240,INE0RFP01011
SATIA,EQ,59.99,60.47,58,58.56,58.23,59.24,102820,6074596.47,18-Aug-2026,1737,INE170E01023
SATIN,EQ,228.73,230.6,223.91,228.79,230.6,228.73,318091,72478760.24,18-Aug-2026,5400,INE836B01017
SATTVAENGG,SM,75,75,74.95,74.95,74.95,73.95,4800,359920.00,18-Aug-2026,3,INE14DW01018
SAURASHCEM,EQ,59.06,59.5,58,58.72,58.99,58.72,76942,4515837.19,18-Aug-2026,1006,INE626A01014
SOTL,EQ,690.85,725,688.6,718.4,718,692.65,353723,251838725.50,18-Aug-2026,14905,INE035D01020
SAVY,SM,135,135,125,126,125,132,6000,775920.00,18-Aug-2026,5,INE0UCN01017
SAWALIYA,SM,285,287,279.05,279.05,279.05,281.7,61800,17412000.00,18-Aug-2026,56,INE10VS01016
SAYAJIHOTL,EQ,315,315.4,310,315.4,315.4,310.3,93,28896.15,18-Aug-2026,12,INE318C01014
SAYAJIIND,EQ,114.8,115.36,109.7,109.7,109.7,114.8,1038,116039.16,18-Aug-2026,198,INE327G01032
SBC,EQ,38.65,39,38.56,38.66,38.7,38.75,6977822,270161645.34,18-Aug-2026,5171,INE04AK01028
SBFC,EQ,93.17,94.53,93.17,93.67,93.55,93.95,582128,54625347.14,18-Aug-2026,8991,INE423Y01016
SBICARD,EQ,642,643.15,613.9,615,615,641.75,2769735,1724966418.25,18-Aug-2026,58441,INE018E01016
SBIFUNDS,EQ,556.5,562.35,552,554.85,553.9,557.25,1616546,897532473.25,18-Aug-2026,42268,INE640G01020
SBILIFE,EQ,1789,1796.5,1762.5,1778,1778,1790.4,584461,1041604019.00,18-Aug-2026,32001,INE123W01016
SETFGOLD,EQ,127.2,131.4,127.2,130.38,130.39,130.47,2779431,362349437.43,18-Aug-2026,7836,INF200KA16D8
SETFNIF50,EQ,269.28,269.28,260.6,260.94,261,262.72,421677,110119187.93,18-Aug-2026,8275,INF200KA1FS1
SETFNIFBK,EQ,592.55,593.74,588.46,589.97,590.7,593.59,43554,25724693.23,18-Aug-2026,672,INF200KA1580
SETFNN50,EQ,821.02,821.02,796.44,798.66,799,801,44912,35854163.70,18-Aug-2026,2353,INF200KA1598
LIQUIDSBI,EQ,1000,1000.01,999.99,1000.01,1000.01,999.99,1495,1494993.17,18-Aug-2026,18,INF200KA13Z8
SBIBPB,EQ,51.65,51.65,49.55,50.26,50.15,50.65,73923,3710225.58,18-Aug-2026,365,INF200KB1712
SBIETFCON,EQ,123.46,125.01,123.46,124.78,124.86,125.45,1382,172275.71,18-Aug-2026,93,INF200KA1X17
SBIETFIT,EQ,339.85,340.15,335.31,336.34,337.09,341.85,11036,3716948.06,18-Aug-2026,309,INF200KA1S14
SBIETFPB,EQ,279.84,282,277.57,278.01,277.58,279.02,25021,6968509.41,18-Aug-2026,87,INF200KA1S22
SBIETFQLTY,EQ,227.6,227.6,224.75,225.4,225.39,227.61,2405,543190.73,18-Aug-2026,57,INF200KA1WX6
SBILIQETF,EQ,1052.12,1052.26,1052.12,1052.25,1052.26,1052.12,73786,77641616.31,18-Aug-2026,88,INF200KB1969
SBIMIDMOM,EQ,64.3,64.34,63.89,64.28,64.26,64.38,263065,16889902.59,18-Aug-2026,181,INF200KB1AJ0
SBINEQWETF,EQ,34.1,34.25,33.5,33.69,33.72,33.94,25251,851009.44,18-Aug-2026,215,INF200KB1282
SBINMID150,EQ,23.47,23.56,23.39,23.55,23.56,23.47,7216,169159.52,18-Aug-2026,99,INF200KB1AK8
SBISILVER,EQ,231.49,231.49,226.56,227.17,227.3,229.2,595004,135211020.94,18-Aug-2026,4487,INF200KB1217
SBISMLETF,EQ,18.67,18.67,18.32,18.37,18.47,18.36,49591,912984.69,18-Aug-2026,217,INF200KB1AY9
SBIVALETF,EQ,14.98,14.98,14.8,14.81,14.88,14.91,5779,85735.37,18-Aug-2026,41,INF200KB1AX1
SETF10GILT,EQ,265.22,266.72,265.01,265.39,265.4,266.01,1990,527845.09,18-Aug-2026,33,INF200KA1JT1
SCANSTL,BE,60.52,65.25,59.53,62.69,63,62.23,141316,8930728.10,18-Aug-2026,355,INE099G01011
SCHAEFFLER,EQ,4013.2,4099.9,4012.6,4073.3,4075.3,4028.9,107257,435728672.30,18-Aug-2026,26614,INE513A01022
SCHNEIDER,EQ,1212.2,1279.9,1212.2,1274.4,1279,1212.2,1205149,1521271790.50,18-Aug-2026,47025,INE839M01018
SCL0182025,NC,1032.5,1032.5,1032.5,1032.5,1032.5,1032,2,2065.00,18-Aug-2026,1,INE148I07XU9
995SCL2035,NM,990,990,990,990,990,990,10,9900.00,18-Aug-2026,1,INE148I07XY1
SCL19325A,N1,1113.5,1113.5,1100,1100.4,1100,1086.3,100,110040.50,18-Aug-2026,2,INE148I07WC9
SCODATUBES,EQ,129.15,132,128,128.91,128.98,129.68,165867,21552117.74,18-Aug-2026,2303,INE090501011
807AP51,SG,100,100,100,100,100,100.27,100,10000.00,18-Aug-2026,1,IN1020260023
765AS32,SG,102.48,102.48,102.48,102.48,102.48,100.1,100,10248.00,18-Aug-2026,1,IN1220220082
745CG33,SG,100,100,100,100,100,100,100,10000.00,18-Aug-2026,1,IN3520230225
747GJ28,SG,100.25,100.25,100.25,100.25,100.25,97.7,100,10025.00,18-Aug-2026,1,IN1520230179
742HR34,SG,95,95,95,95,95,100,200,19000.00,18-Aug-2026,1,IN1620240037
724KL41,SG,91,91,91,91,91,95,100,9100.00,18-Aug-2026,1,IN2020250113
746MH35,SG,95,95,95,95,95,95,100,9500.00,18-Aug-2026,1,IN2220230238
739TN34A,SG,94.08,94.08,94.08,94.08,94.08,96,100,9408.00,18-Aug-2026,1,IN3120260077
744TN55A,SG,90,90,90,90,90,92,100,9000.00,18-Aug-2026,1,IN3120250318
935LTF29,N5,1108.99,1108.99,1108.99,1108.99,1108.99,1086.17,1,1108.99,18-Aug-2026,1,INE027E07972
SEAMECLTD,EQ,1561.2,1599,1560.4,1574.7,1579.9,1561.1,59689,94267200.20,18-Aug-2026,5010,INE497B01018
IIFLHFZC27,NB,1438.75,1438.8,1438.75,1438.79,1438.8,1436,200,287759.95,18-Aug-2026,2,INE477L07AP4
IIFLZC28A,NU,1320,1320,1320,1320,1320,1325,5,6600.00,18-Aug-2026,2,INE530B07278
IIFLZC28B,Y1,1272,1272,1272,1272,1272,1272,10,12720.00,18-Aug-2026,1,INE530B07369
1003ISFL28,N4,1012.3,1012.3,1007,1007.01,1007.01,1002,1434,1447143.98,18-Aug-2026,21,INE413U07269
1003SCL31A,N1,995,995,995,995,995,995,397,395015.00,18-Aug-2026,2,INE148I07UR1
1030SFIL28,NM,435.8,435.8,435.8,435.8,435.8,435.8,25,10895.00,18-Aug-2026,1,INE244L07283
1040UCL27B,N1,1001,1008,1001,1008,1008,1001.81,100,100450.00,18-Aug-2026,2,INE583D07513
1065NFL27,NC,1000.01,1019,1000.01,1018.99,1018.99,1011,134,135251.65,18-Aug-2026,8,INE342T07460
980SCL33,NX,948,948,948,948,948,850.3,13,12324.00,18-Aug-2026,1,INE148I07QZ2
1119NFL27,ND,1045.33,1045.33,1045.33,1045.33,1045.33,1045.33,1000,1045330.00,18-Aug-2026,5,INE342T07445
79IGT28,NF,1015,1015,1015,1015,1015,1010.01,75,76125.00,18-Aug-2026,1,INE219X07223
79NHIT35,N1,309.16,310.2,309.16,310.2,310.2,309.01,822,254561.31,18-Aug-2026,7,INE0H7R07017
79NHIT40,N2,310,317.97,310,314,314,310,24,7473.77,18-Aug-2026,5,INE0H7R07025
79NHIT47,N3,434.49,434.49,423.97,429,429,416.35,1082,459838.04,18-Aug-2026,8,INE0H7R07033
797IGT31,NL,1020,1020,1020,1020,1020,1020,110,112200.00,18-Aug-2026,8,INE219X07280
820IIFL27,N9,990,990.2,990,990,990,990,100,99000.20,18-Aug-2026,8,INE477L07AN9
82IGT31,NJ,1030,1030,1028.35,1028.38,1028.35,1035,50,51419.15,18-Aug-2026,2,INE219X07264
842IIFL26,NL,999.97,999.97,999.97,999.97,999.97,993.25,5,4999.85,18-Aug-2026,1,INE530B07161
843IHFL29,NC,978.2,978.2,978.2,978.2,978.2,980.02,31,30324.20,18-Aug-2026,1,INE477L07AQ2
865IFL28,NZ,995,995,983.7,983.7,983.7,983.85,110,109337.00,18-Aug-2026,2,INE530B07385
865IIFL28,NS,989.1,990,989,989.35,990,988,1118,1106162.40,18-Aug-2026,10,INE530B07310
889SCFL27,YC,999,999.25,999,999.25,999.25,998,176,175841.25,18-Aug-2026,4,INE148I07LE8
9IHFL27,N1,1053.62,1053.62,1053.62,1053.62,1053.62,1052.33,137,144345.94,18-Aug-2026,1,INE477L07BC0
9IIFL28,Y0,1028,1028,1028,1028,1028,1000,288,296064.00,18-Aug-2026,2,INE530B07377
9IIFL28A,NT,1045,1045,1045,1045,1045,1039.99,200,209000.00,18-Aug-2026,2,INE530B07260
93MOFSL34,N6,1058.99,1069,1058.99,1069,1069,1058.99,52,55087.50,18-Aug-2026,4,INE338I07115
935MOFSL29,N5,1048.89,1048.89,1048.89,1048.89,1048.89,1049,20,20977.80,18-Aug-2026,1,INE338I07107
965SCL25C,N0,404.4,415,404.4,415,415,415,42,17218.00,18-Aug-2026,4,INE148I07ND6
948SCL26A,NN,333.75,333.75,333.75,333.75,333.75,330,285,95118.75,18-Aug-2026,1,INE148I07QK4
948SCL27D,N1,1060,1060,1060,1060,1060,990,2,2120.00,18-Aug-2026,1,INE148I07UC3
956AEL29,N6,1051,1051,1050.99,1051,1051,1040,55,57804.90,18-Aug-2026,5,INE423A07336
957ISFL26,N2,1000.1,1000.1,1000,1000,1000,996,99,99005.00,18-Aug-2026,3,INE413U07236
965AEL27,N4,1104,1104,1100,1100,1100,1105,715,786560.00,18-Aug-2026,14,INE423A07328
970CAGL28,ND,1020,1020,1020,1020,1020,1028.99,10,10200.00,18-Aug-2026,1,INE741K07579
985SFIL28,NO,400.3,400.3,400.3,400.3,400.3,420,40,16012.00,18-Aug-2026,2,INE244L07416
990SCL26A,NL,369,369,369,369,369,325.2,7,2583.00,18-Aug-2026,2,INE148I07QI8
IMC1,N1,251,251,251,251,251,251,100,25100.00,18-Aug-2026,3,INE00QS24043
IMC1,N2,254.15,254.5,254.15,254.49,254.5,250,1000,254494.75,18-Aug-2026,5,INE00QS24027
IMC1,N3,252,252.01,252,252,252,252,207,52164.62,18-Aug-2026,5,INE00QS24035
1015ECL29,NR,1015.1,1019,1013.3,1016.99,1016.99,1020.4,108,109770.50,18-Aug-2026,7,INE804IA7014
1060ECL29,NS,1057.4,1079.4,1057.4,1079.4,1079.4,1071.66,158,168564.71,18-Aug-2026,3,INE804IA7022
81TCHF28,N8,1014.99,1014.99,1011,1014.89,1014.89,1015,67,67804.57,18-Aug-2026,5,INE033L07GS6
84TCHF28,NA,1064.9,1064.9,1064.9,1064.9,1064.9,1058,1,1064.90,18-Aug-2026,1,INE033L07GU2
875SFL27,ZF,1024.99,1025,1024.99,1025,1025,1025,35,35874.70,18-Aug-2026,2,INE721A07PK7
885SCL26,N9,1070,1072,1070,1072,1072,1072,500,535800.00,18-Aug-2026,15,INE148I07GK5
9SCL26BA,NA,1072,1072,1072,1072,1072,1072,430,460960.00,18-Aug-2026,2,INE148I07GL3
957ICCL25,YW,1065,1069,1063,1068.84,1068.9,1063,360,384352.00,18-Aug-2026,10,INE721A07ON4
94SFL28,YL,1046.9,1046.9,1040,1040,1040,1045,21,21978.00,18-Aug-2026,2,INE721A07NX5
943ECL28,NJ,1000,1002.95,999.5,1002.95,1002.95,1000.99,1115,1114471.35,18-Aug-2026,5,INE804I078Y8
985ECL28,NK,1004.84,1004.84,1000.02,1004.78,1004.78,1002,516,516951.24,18-Aug-2026,12,INE804I079Y6
SECMARK,EQ,125,126.5,124.5,124.97,125,127.66,261,32621.61,18-Aug-2026,10,INE0BTM01013
SECURKLOUD,EQ,18.2,18.58,17.36,18.08,18,17.92,11289,202378.29,18-Aug-2026,169,INE650K01021
SEDEMAC,EQ,3268,3319.9,3215.7,3244.7,3235.8,3240.2,116045,378512511.70,18-Aug-2026,20500,INE00XB01019
SEJALLTD,EQ,684,700,671.95,679.25,684,682.2,5304,3613326.75,18-Aug-2026,583,INE955I01044
SELMC,EQ,29.97,29.97,27.37,27.74,27.63,27.21,18881,542118.54,18-Aug-2026,209,INE105I01020
SELLOWRAP,SM,68,69,66,69,69,68,4800,324800.00,18-Aug-2026,3,INE0IJF01013
SEMAC,EQ,307.05,308.4,296.1,299.35,303.95,310.95,714,214635.70,18-Aug-2026,72,INE617A01013
SENCO,EQ,341.9,343.9,335.75,336.75,336.65,341.55,622417,210691339.45,18-Aug-2026,13697,INE602W01027
SENORES,EQ,1549.7,1562.9,1525.5,1537.5,1531,1545.7,238950,368912154.90,18-Aug-2026,24041,INE0RB801010
SEPC,EQ,5.85,5.89,5.75,5.77,5.77,5.85,6799535,39409138.82,18-Aug-2026,5282,INE964H01014
865LTF26,NN,1055.1,1061.9,1023.45,1059,1059,1064,1354,1401754.30,18-Aug-2026,18,INE027E07BC8
905LTF27,NF,1048.99,1048.99,1048.99,1048.99,1048.99,1031.55,1,1048.99,18-Aug-2026,1,INE027E07AL1
865TCAPS27,N8,1019.35,1019.35,1015,1015.8,1015.8,1017.86,128,130140.70,18-Aug-2026,6,INE306N07LM5
SERVOTECH,EQ,82.55,84.9,81.96,82.19,82,82.55,538948,44743178.62,18-Aug-2026,5027,INE782X01033
STYL,EQ,399.7,401.55,388.15,393.95,394.25,398.3,83694,33017071.25,18-Aug-2026,3371,INE04VU01023
SESHAPAPER,EQ,230,232.24,225.23,228.87,231,227.28,41361,9482827.97,18-Aug-2026,1313,INE630A01024
SETCO,BE,17.5,17.5,17.15,17.16,17.16,17.5,121251,2082826.73,18-Aug-2026,111,INE878E01021
SETUINFRA,BZ,0.43,0.43,0.41,0.43,0.43,0.41,120406,51751.16,18-Aug-2026,81,INE023M01027
SEYAIND,BE,12.72,12.72,12.28,12.44,12.4,12.48,5392,67782.17,18-Aug-2026,36,INE573R01012
SGFIN,EQ,658.2,675,658.2,668.45,670,660.25,194499,130207209.85,18-Aug-2026,7075,INE618R01015
SGMART,EQ,750.65,809,744,804.95,804.15,752.3,907346,708883828.30,18-Aug-2026,26848,INE385F01024
SGLRES,EQ,2.59,2.65,2.47,2.47,2.47,2.59,17830,44856.09,18-Aug-2026,77,INE967B01028
SHADOWFAX,EQ,259.3,262.7,252.48,257.38,257.26,258.6,5282600,1365940769.08,18-Aug-2026,39235,INE12UN01015
SHAHALLOYS,EQ,77.26,88.37,74.1,78.58,78,74.89,666283,55429492.65,18-Aug-2026,5208,INE640C01011
SHAH,EQ,4.02,4.1,3.93,3.96,4.03,4.03,2802292,11187287.27,18-Aug-2026,2376,INE482J01021
SHAILY,EQ,3395,3450,3350,3373.7,3365,3396.3,67126,227022067.10,18-Aug-2026,12388,INE151G01028
SHAKTIPUMP,EQ,502,504.15,497,498.35,499,503.2,214342,106945130.10,18-Aug-2026,9787,INE908D01010
SHALBY,EQ,152.26,156.2,151.25,152.7,152.4,153.16,31754,4860017.24,18-Aug-2026,732,INE597J01018
SAHLIBHFI,EQ,72.5,72.5,69.3,70,70.98,72,12590,888969.34,18-Aug-2026,165,INE861D01011
SHALPAINTS,BE,86.88,89.9,86.88,86.88,86.88,91.45,360052,31424288.59,18-Aug-2026,910,INE849C01026
SRD,EQ,41.49,41.85,40,40.43,40.46,41.05,93989,3831924.90,18-Aug-2026,230,INE01NE01012
SHANKARA,EQ,141.11,142,141.01,141.52,141.5,141.1,57697,8155455.60,18-Aug-2026,338,INE274V01019
BUILDPRO,EQ,1240,1276.6,1232,1270.1,1260.3,1244.2,50106,63196460.40,18-Aug-2026,4834,INE24OJ01011
SHANTIGEAR,EQ,391.2,396.3,384,388.95,390,393.35,17195,6693575.65,18-Aug-2026,1079,INE631A01022
SEIL,EQ,211.03,211.36,204.51,205.69,205.1,211.03,136463,28196074.97,18-Aug-2026,1832,INE440T01028
SHANTIGOLD,EQ,269,269.97,251.21,253.85,254.15,266.84,2594669,668209757.90,18-Aug-2026,33428,INE06ZD01017
SHANTI-RE,BE,44,44,25.65,28.49,27.81,32.92,178506,5685860.70,18-Aug-2026,1865,INE06ZD20017
SHANTI,EQ,6.55,6.55,6.2,6.49,6.5,6.33,81520,522093.34,18-Aug-2026,101,INE933X01016
SHINDL,EQ,162.29,162.29,159.05,159.21,159.1,161.84,4367,700375.27,18-Aug-2026,93,INE220Z01013
SHARDACROP,EQ,789.9,794.7,770.05,771.1,773.5,787.1,168472,130619471.10,18-Aug-2026,9139,INE221J01015
SHARDAMOTR,EQ,909,938.45,903.55,936.2,937.95,909.5,90044,83603747.25,18-Aug-2026,7523,INE597I01028
SHARDUL,BE,55.99,55.99,53.51,53.93,53.9,54.9,32560,1788731.28,18-Aug-2026,188,INE037B01020
SHAREINDIA,EQ,173.74,178.79,171.21,178.08,177.5,174.96,753662,132508938.18,18-Aug-2026,6775,INE932X01026
SCML,SM,82.5,85,82.5,83.5,83.5,84.25,56000,4663600.00,18-Aug-2026,41,INE460Q01014
SHEEL,ST,63.95,63.95,63.85,63.9,63.9,64,10000,639100.00,18-Aug-2026,5,INE0YJV01017
SFL,EQ,675.1,680,661.9,668.8,664,675.1,154723,103350496.25,18-Aug-2026,12910,INE916U01025
SCPL,EQ,654.55,672.65,640,662.65,665.5,657.95,63625,41561000.15,18-Aug-2026,2506,INE501Y01019
SHEETAL,SM,323,323,315,315.25,315.5,323.75,2000,638250.00,18-Aug-2026,4,INE04VX01019
SHEKHAWATI,BE,17.51,19.19,17.47,18.71,19,18.38,26367,489260.71,18-Aug-2026,133,INE268L01046
SHEMAROO,BE,128.9,131.45,125.32,127.02,127.02,129.1,4619,589663.28,18-Aug-2026,41,INE363M01019
SHERA,ST,181.95,185.85,177.55,179.9,183,177,85000,15573600.00,18-Aug-2026,84,INE0MM001019
SHERVANI,EQ,302.3,336.95,302.3,307.55,336.95,348.1,229,69900.55,18-Aug-2026,35,INE011D01013
SHIGAN,SM,60.2,64.9,60.2,64.9,64.9,62,4500,284850.00,18-Aug-2026,3,INE03KJ01013
SHILCTECH,EQ,3861,3970,3861,3944,3944,3871,29079,114226504.30,18-Aug-2026,5918,INE024F01011
SHILGRAVQ,EQ,164,164,158.12,161.89,158.12,158,1506,244939.73,18-Aug-2026,16,INE960A01017
SHILPAMED,EQ,808,823,807.8,809.8,811.5,809.3,606331,494177753.05,18-Aug-2026,24481,INE790G01031
SCILAL,EQ,40,40.79,39.62,40.52,40.4,40.19,261924,10527779.79,18-Aug-2026,1385,INE0PB301013
SCI,EQ,285,297.45,284.1,295.75,296.6,286.4,2739647,800554489.95,18-Aug-2026,38031,INE109A01011
SHIVAUM,EQ,446,448.95,442,442,442,445.1,1075,477938.70,18-Aug-2026,40,INE719F01016
SHIVACEM,EQ,17.15,17.15,16.55,16.8,16.9,17.21,34643,582642.38,18-Aug-2026,106,INE555C01029
SHIVAAGRO,EQ,45.9,45.9,37.01,40.18,37.26,38.3,6782,270042.85,18-Aug-2026,240,INE960E01019
SHIVAMILLS,EQ,63.2,63.2,60.25,60.7,60.7,60.28,536,33323.91,18-Aug-2026,27,INE644Y01017
SHIVATEX,EQ,163.6,169.98,162.18,165.86,165,161.88,3052,504306.18,18-Aug-2026,59,INE705C01020
SPCL,SM,63,63,59.65,61.7,61.7,62,21000,1287360.00,18-Aug-2026,34,INE0T7B01010
SBCL,EQ,1029.65,1049,1015.9,1026.85,1022.65,1024.6,215379,222700247.75,18-Aug-2026,16571,INE386D01027
SHIVALIK,BE,241.9,251,241.87,243.96,242.5,254.6,38788,9414785.43,18-Aug-2026,496,INE788J01021
SHIVAMAUTO,BE,16.25,16.25,15.55,15.67,15.8,16.23,37443,594809.72,18-Aug-2026,162,INE637H01024
SHIVASHRIT,SM,125,125,119.9,121.95,121.95,125,33000,3981350.00,18-Aug-2026,16,INE1DLF01018
SHOPERSTOP,EQ,437.2,437.2,428,429.55,428.2,432.05,16934,7301031.50,18-Aug-2026,1545,INE498B01024
SHRADDHA,EQ,164.95,165,153.5,155,155,150.71,3737,587886.70,18-Aug-2026,96,INE311M01018
SHRADHA,EQ,34.94,34.94,33.45,33.78,33.56,34.14,14679,497403.36,18-Aug-2026,80,INE715Y01031
SHREEPUSHK,EQ,376.35,380.1,375.15,376.9,375.35,376.35,15558,5869513.90,18-Aug-2026,567,INE712K01011
SAPPL,EQ,304.95,309,286.75,288.1,290,289.5,1405,415352.10,18-Aug-2026,77,INE185C01017
SHREECEM,EQ,24625,24935,24545,24725,24725,24535,39655,979060960.00,18-Aug-2026,10716,INE070A01015
SHREDIGCEM,EQ,70.1,71.9,70,70.3,70.07,70.47,87311,6183089.74,18-Aug-2026,865,INE232A01011
SGRL,EQ,512,542,512,524.2,515.5,537,7976,4212416.55,18-Aug-2026,337,INE414Y01015
SHREEKARNI,SM,329,358,329,355.25,356,322.05,20850,7280182.50,18-Aug-2026,52,INE0S4Y01010
SHREEOSFM,SM,58,58,58,58,58,59,3000,174000.00,18-Aug-2026,3,INE02S501018
SRTL,EQ,39.05,39.7,39,39.59,39.4,39.12,13322,525761.91,18-Aug-2026,190,INE19GK01015
SHREERAMA,EQ,47.1,48.92,45.49,46.34,46.34,46.28,192506,9106527.90,18-Aug-2026,2186,INE879A01019
RAMANEWS,EQ,32.87,33.9,31.95,33.54,32.59,32.78,22579,747897.14,18-Aug-2026,212,INE278B01020
RENUKA,EQ,23,23.92,23,23.3,23.35,23,14002263,330001511.21,18-Aug-2026,22072,INE087H01022
BALAJEE,EQ,27.97,27.97,26.1,26.85,26.6,27.25,63681,1696051.16,18-Aug-2026,488,INE0S2G01011
SVLL,BE,769,771,758.15,771,771,756.05,1832,1407156.20,18-Aug-2026,31,INE00CE01017
SHREEDHAR,ST,117.5,117.5,115,115,115,117.5,4000,465000.00,18-Aug-2026,2,INE0K3301012
SHETHJI,ST,167,169.4,164.15,165.9,169.4,167.3,13000,2160050.00,18-Aug-2026,12,INE1FL101016
SHREEJISPG,EQ,608,633.85,595.45,625.85,624.5,601.8,1716015,1064729579.85,18-Aug-2026,17366,INE1B6101010
OSWALSEEDS,EQ,13.45,13.56,12.88,12.92,12.95,13.59,400753,5210891.61,18-Aug-2026,1114,INE00IK01029
SHREMINVIT,IV,102,102.01,102,102.01,102.01,101,75000,7650250.00,18-Aug-2026,3,INE0GTI23014
SHRENIK,BZ,0.32,0.32,0.3,0.3,0.31,0.31,603913,182831.92,18-Aug-2026,204,INE632X01030
SHREYANIND,EQ,133,134.89,130.12,131.39,132.3,130.22,4857,638168.27,18-Aug-2026,97,INE231C01019
SHRIAHIMSA,ST,401,404.75,401,401,401,399.9,9000,3621750.00,18-Aug-2026,13,INE0DM401012
SHBAJRG,EQ,184,184,175.99,177.13,179.47,181.14,1640,289311.93,18-Aug-2026,39,INE402H01015
SHKSIL,SM,37.5,37.5,35.95,36.05,36,37.5,22000,795900.00,18-Aug-2026,10,INE0NON01025
SHRJAGP,EQ,701.05,751.95,686,700.8,686,728.5,589,424989.55,18-Aug-2026,77,INE564J01026
SHRIKANHA,SM,21.7,21.7,21.55,21.55,21.55,21.7,3200,69200.00,18-Aug-2026,2,INE1V4601019
SHRIKRISH,EQ,38.55,38.97,38,38.46,38.2,40.3,709,27105.15,18-Aug-2026,12,INE997I01012
SHRITECH,SM,58.5,58.5,58.5,58.5,58.5,61.9,4000,234000.00,18-Aug-2026,2,INE0OMF01015
VASUPRADA,EQ,99,99,96.06,96.06,96.06,96,522,51672.12,18-Aug-2026,3,INE574G01013
SHRINGARMS,EQ,227,229.69,224,224.93,224.69,227.24,289461,65767461.19,18-Aug-2026,2209,INE1B3L01017
LIQUIDSHRI,EQ,1117.76,1117.78,1117.76,1117.76,1117.76,1117.64,20480,22891750.98,18-Aug-2026,14,INF680P01422
SHRIRAMFIN,EQ,1114,1124.9,1098.6,1108.4,1108.4,1122,2672734,2967873326.40,18-Aug-2026,99962,INE721A01047
SHRIRAMPPS,EQ,76.5,79.49,76.5,77.98,77.8,76.27,341416,26459327.13,18-Aug-2026,3134,INE217L01019
SHUBHLAXMI,SM,19.2,19.2,19.2,19.2,19.2,19.2,1000,19200.00,18-Aug-2026,1,INE01Z401013
SHUBHSHREE,SM,320,330,320,330,330,328,600,195000.00,18-Aug-2026,2,INE0UL701015
SHUKRAPHAR,EQ,42.48,42.78,41.51,41.55,41.51,41.44,1250990,52184211.38,18-Aug-2026,2294,INE551C01044
SHYAMCENT,BE,4.83,5.07,4.76,5.05,5.07,4.83,55125,273953.43,18-Aug-2026,123,INE979R01011
SHYAMDHANI,ST,56,57.55,55.1,55.1,55.1,56,26000,1462100.00,18-Aug-2026,12,INE1CRP01016
SHYAMMETL,EQ,996.2,1003,985.5,990.6,990,986.9,423011,421854509.80,18-Aug-2026,8074,INE810G01011
SHYAMTEL,EQ,14.5,14.95,13.91,13.94,14.48,15.14,7220,101899.84,18-Aug-2026,109,INE635A01023
SICAGEN,EQ,56.95,56.95,53.66,54.84,54.95,56.46,51664,2844263.89,18-Aug-2026,564,INE176J01011
SICALLOG,BE,109.95,114,105.35,111.65,112.49,109.95,20009,2239218.42,18-Aug-2026,111,INE075B01020
SIDDHICOTS,SM,27.1,28.4,27,28.4,28.4,28,8400,232800.00,18-Aug-2026,7,INE0SVO01019
SIDDHIKA,SM,225.8,225.8,224,224,224,215.05,3000,675200.00,18-Aug-2026,6,INE0A1E01018
ENRIN,EQ,3600,3639,3580,3593.2,3584,3605.7,182373,657413547.20,18-Aug-2026,17851,INE1NPP01017
SIEMENS,EQ,3940.2,3988.5,3936.4,3957,3957,3943,120386,476338302.90,18-Aug-2026,14309,INE003A01024
SIGACHI,EQ,25.91,30.09,25.91,29.61,29.4,26.35,10361044,302116705.32,18-Aug-2026,30211,INE0D0K01022
SIGMAADV,EQ,627.1,658.45,622,658.45,658.45,627.1,190567,124020077.55,18-Aug-2026,2253,INE933B01012
SIGMA,EQ,45.41,46.3,45.1,45.62,46.1,45.15,45133,2056560.64,18-Aug-2026,1013,INE0A0S01028
SIGNATURE,EQ,806,810.2,792.2,800.95,807.7,805.05,173951,139896498.50,18-Aug-2026,3855,INE903U01023
SIGIND,EQ,70.85,71.5,65.32,66.85,67.9,71.15,95414,6473219.32,18-Aug-2026,868,INE529F01035
SIGNPOST,EQ,266.6,277.05,265.4,273.4,272.2,267.55,78931,21467167.65,18-Aug-2026,2731,INE0KGZ01021
SIKA,EQ,1078.9,1078.9,1025.2,1030.1,1028.1,1052.9,26842,27988684.70,18-Aug-2026,3190,INE438E01032
SIKKO,BE,5.29,5.45,5.28,5.34,5.3,5.45,497551,2675875.54,18-Aug-2026,543,INE112X01025
SILINV,EQ,447,454.75,441,450.65,449.95,449.65,1450,652334.90,18-Aug-2026,106,INE923A01015
SILGO,EQ,69.97,69.97,68.5,69.14,69.8,68.79,178641,12341783.23,18-Aug-2026,1319,INE01II01013
SILKFLEX,SM,207.4,207.4,200.5,200.5,200.5,207,6000,1216500.00,18-Aug-2026,6,INE0STN01015
SILLYMONKS,EQ,16.28,16.28,15.45,15.45,15.45,15.59,7877,122826.11,18-Aug-2026,56,INE203Y01012
SILVERTUC,EQ,194.33,197,192.1,195.47,195.85,197.27,328326,64026213.05,18-Aug-2026,4814,INE625X01026
SIMBHALS,BZ,7.05,7.17,6.85,7.17,7.17,6.83,59892,425244.54,18-Aug-2026,124,INE748T01016
SIMCA,SM,243,244.4,238,242.55,242.5,244,32400,7852560.00,18-Aug-2026,30,INE1K4J01018
SIMPLEXINF,EQ,248.31,261,248.31,259.65,260,251.31,85223,21844412.52,18-Aug-2026,1235,INE059B01024
SIMPLXREA,EQ,123.61,136,123.61,130,130,130.11,10,1254.88,18-Aug-2026,3,INE167H01014
SINCLAIR,EQ,74.72,75.87,74.5,74.98,75,74.64,11794,883781.03,18-Aug-2026,130,INE985A01022
SINDHUTRAD,EQ,23.6,25.25,23.6,24.99,25.2,23.79,2323109,57748620.20,18-Aug-2026,2399,INE325D01025
SINGERIND,EQ,81,81.49,78,78.7,78.01,80.97,66886,5320391.27,18-Aug-2026,717,INE638A01035
SINTERCOM,EQ,83.5,85,78.11,83.64,84.94,82.64,3108,262456.70,18-Aug-2026,39,INE129Z01016
SIRCA,EQ,440.45,448.45,435.3,442.7,441.7,439.45,920331,406725863.85,18-Aug-2026,9043,INE792Z01011
SIS,EQ,416.1,420.7,412.45,413.6,414,416.45,117106,48825659.15,18-Aug-2026,8259,INE285J01028
SITINET,BZ,0.29,0.3,0.28,0.29,0.3,0.29,377019,110842.36,18-Aug-2026,233,INE965H01011
SIYSIL,EQ,634.45,651.85,632,643.75,644,632.6,93139,59876346.35,18-Aug-2026,4153,INE076B01028
SJS,EQ,2446.9,2516.7,2410.2,2500.2,2493.8,2534.5,222731,547685326.10,18-Aug-2026,31103,INE284S01014
SJVN,EQ,66.49,66.85,66.11,66.29,66.22,66.56,1069394,71013203.40,18-Aug-2026,11239,INE002L01015
SKFINDUS,EQ,2745,2745,2656,2667.6,2656,2724.6,24273,65207171.40,18-Aug-2026,4614,INE2J8701016
SKFINDIA,EQ,1660.5,1678,1616,1621.4,1619,1652.8,135424,222943655.30,18-Aug-2026,13540,INE640A01023
SKIPPER,EQ,528.05,542.5,525.95,538.95,537.9,530.7,303278,162418460.00,18-Aug-2026,12297,INE439E01022
SKMEGGPROD,EQ,259.42,266,257.35,258.6,260,259.42,232092,60687208.80,18-Aug-2026,5126,INE411D01023
SKP,SM,154.95,159.5,151.4,158.2,159.1,154,15500,2419500.00,18-Aug-2026,26,INE0KZA01016
SKYGOLD,EQ,778,800,775,795.05,793.7,776.4,703295,553293074.75,18-Aug-2026,16136,INE01IU01018
SLONE,ST,141,147,141,146.8,147,143.3,3200,465820.00,18-Aug-2026,8,INE0SMA01017
SMARTEN,ST,52.9,52.95,51.1,52.95,52.95,50.45,26400,1387740.00,18-Aug-2026,20,INE14GK01016
SMARTLINK,BE,227.45,227.45,221.25,222.5,224.5,223.76,3756,835527.30,18-Aug-2026,38,INE178C01020
SMARTWORKS,EQ,495,515.7,491.6,508.5,507.75,494.95,140039,70591815.40,18-Aug-2026,6718,INE0NAZ01010
SMCGLOBAL,EQ,80,81.34,79.82,80.69,80.75,80.41,433148,34960512.50,18-Aug-2026,2252,INE103C01036
SMLMAH,EQ,5264.5,5398,5200,5309.5,5286,5321,90518,479489061.00,18-Aug-2026,12584,INE294B01019
SMSPHARMA,EQ,358.1,363,352.75,359.35,363,358.1,126543,45190275.40,18-Aug-2026,3209,INE812G01025
SMVD,SM,15.5,15.5,15.5,15.5,15.5,15.3,4040,62620.00,18-Aug-2026,1,INE702Y01013
SNEHAA,SM,43.35,45.85,43.35,45.85,45.85,47,2000,89200.00,18-Aug-2026,2,INE1OIC01018
SNOWMAN,EQ,38.25,38.9,38,38.14,38.02,38.63,110597,4228369.93,18-Aug-2026,1031,INE734N01019
SOBHA,EQ,1328.6,1329.9,1301.5,1308.3,1309.5,1321,42674,56140319.80,18-Aug-2026,4753,INE671H01015
SOFTTECH,EQ,429,434,405.7,413.4,414.4,427.05,25770,10947610.20,18-Aug-2026,398,INE728Z01015
SOLARINDS,EQ,20100,20422,20030,20280,20280,20000,178203,3599149264.00,18-Aug-2026,35635,INE343H01029
SOLARA,EQ,509.1,559.8,509.1,549.05,553.05,509.1,673349,364606958.35,18-Aug-2026,20590,INE624Z01016
SOLARWORLD,EQ,154.25,160,154.25,157.66,158.8,153.71,641371,101635908.33,18-Aug-2026,7311,INE0TY101024
SOLEX,EQ,792,840,789.95,809.05,810,789,77682,62895954.80,18-Aug-2026,7145,INE880Y01017
SDBL,EQ,73.28,74.99,72.9,74,74.02,73.43,534803,39559025.26,18-Aug-2026,4072,INE480C01038
SOMATEX,EQ,90.01,90.44,86.5,88.38,88.3,91,15353,1357354.59,18-Aug-2026,245,INE314C01013
SOMANYCERA,EQ,521.5,522.6,511,512.35,514.95,518.9,195402,101129147.65,18-Aug-2026,6288,INE355A01028
SOMICONVEY,EQ,83.09,87,80.16,85.28,86,83.09,29198,2413913.63,18-Aug-2026,1016,INE323J01019
SONACOMS,EQ,806.5,827.35,806,824,824,805.1,2864893,2343913882.80,18-Aug-2026,80244,INE073K01018
SONAL,EQ,87,90.8,86.01,90.8,90.8,89.62,176,15226.84,18-Aug-2026,17,INE321M01017
SONAMLTD,EQ,58.4,61.94,57.22,60.31,60.93,57.39,428610,25806328.53,18-Aug-2026,1593,INE00LM01029
SONATSOFTW,EQ,322.45,322.45,308,309.45,309.05,320.4,1256335,394686055.00,18-Aug-2026,16359,INE269A01021
SONUINFRA,ST,36.6,36.6,36.5,36.5,36.5,36.5,4500,164400.00,18-Aug-2026,3,INE0JZA01018
SOUTHWEST,EQ,226.96,248.49,218.52,221.35,221.3,226.28,2433833,563178418.46,18-Aug-2026,31493,INE980Y01015
SPCENET,EQ,3.64,3.64,3.36,3.43,3.4,3.59,997803,3484222.14,18-Aug-2026,813,INE970N01027
SSFLPP,E1,122.75,123.5,113,114.1,113,120.2,35972,4184342.00,18-Aug-2026,445,IN9572J01019
SPANDANA,EQ,247.5,247.5,240,240.35,240.5,247.5,154385,37386795.05,18-Aug-2026,4628,INE572J01011
SPEB,ST,90.9,90.9,87.65,87.65,87.65,90.9,4000,357100.00,18-Aug-2026,2,INE1CW901027
SPECIALITY,BE,135.8,142,131.5,140.94,140.15,135.98,30070,4115546.85,18-Aug-2026,293,INE247M01014
SPECTRUM,BE,2051.2,2231.3,2051.2,2231.3,2231.3,2125.1,5337,11706764.40,18-Aug-2026,225,INE01EO01010
SPELS,EQ,152.3,152.3,148.01,148.87,149.5,150.68,21431,3203748.42,18-Aug-2026,792,INE252A01019
SPENCERS,EQ,31.89,31.89,31,31.16,31.14,31.27,29193,911900.40,18-Aug-2026,653,INE020801028
SPIC,EQ,67.25,67.77,66.26,66.73,66.85,67.09,245920,16427942.08,18-Aug-2026,1988,INE147A01011
SPLIL,EQ,30.98,31.8,29.8,30.14,30.1,31.07,13899,420713.24,18-Aug-2026,120,INE978G01016
SPMLINFRA,EQ,195.7,198.78,192.99,194.47,195,197,145589,28483642.84,18-Aug-2026,2593,INE937A01023
SPORTKING,EQ,207,216,205,214.34,214.76,206.41,599126,126669117.29,18-Aug-2026,11356,INE885H01029
SPPPOLY,SM,11.35,12.35,11.35,12.35,12.35,11.9,12000,138200.00,18-Aug-2026,6,INE0QR801013
SHRIPISTON,EQ,4500,4589,4410.2,4509.1,4500,4436.6,130497,586694048.20,18-Aug-2026,23747,INE526E01018
SPUNWEB,SM,99,100.05,99,100.05,100.05,100,4800,477720.00,18-Aug-2026,4,INE19QH01010
SRHHYPOLTD,EQ,496.05,498.6,486,487.15,486,496.05,8821,4323240.60,18-Aug-2026,476,INE917H01012
SREEL,EQ,261,262,250.4,254.43,254.49,260.75,23641,6031009.30,18-Aug-2026,1014,INE099F01013
SRF,EQ,2603.4,2644.7,2603.4,2630,2630,2616,238565,627296890.90,18-Aug-2026,21227,INE647A01010
SRGHFL,EQ,266,268.6,255.05,259.1,256.55,266.35,4714,1244905.35,18-Aug-2026,145,INE559N01010
HAVISHA,EQ,1.42,1.49,1.33,1.39,1.37,1.4,148970,210034.73,18-Aug-2026,173,INE293B01029
SRIKPRIND,EQ,20.5,21.48,19.4,20.69,20.6,20.21,1756,34997.28,18-Aug-2026,34,INE009C01019
LOTUSDEV,BE,167.02,172.44,165,169.84,168.5,169.97,512916,87201300.13,18-Aug-2026,1205,INE0V9Q01010
SPCON,SM,139,150,139,145.85,150,135,3600,516840.00,18-Aug-2026,3,INE0TPJ01019
SSFL,ST,229,229.5,215.65,223.35,224,226,8000,1787775.00,18-Aug-2026,15,INE0ON201012
SRIVASAVI,ST,81,83.5,81,83,83,84,5000,411750.00,18-Aug-2026,5,INE0NPI01014
SRM,EQ,474.8,491.15,473.25,485.45,483,471.5,76445,36889922.85,18-Aug-2026,3761,INE0R6Z01013
STALLION,BE,233.05,243.9,231.9,234,234,240.9,343404,81375938.10,18-Aug-2026,3578,INE0RYC01010
SETL,EQ,310,313.8,298.55,308.85,309,308.7,871096,267692868.60,18-Aug-2026,11640,INE0M4D01010
SIL,EQ,20.63,20.98,19.38,19.83,19.95,20.29,91235,1819822.57,18-Aug-2026,727,INE173A01025
STANLEY,EQ,135.02,137.9,134.5,135,135.6,136.65,92645,12584324.14,18-Aug-2026,2299,INE01A001028
STARCEMENT,EQ,197.1,202.04,195.75,199.02,198.99,199.06,375299,74495355.30,18-Aug-2026,8772,INE460H01021
STARHEALTH,EQ,578.85,585.8,578.85,583.9,584.7,584.25,182916,106663259.95,18-Aug-2026,11030,INE575P01011
STARPAPER,EQ,145.4,147.99,145,146.93,146,145.47,4331,635624.91,18-Aug-2026,188,INE733A01018
STARTECK,EQ,264.7,264.9,255.05,257.3,255.05,259.95,8611,2215233.45,18-Aug-2026,65,INE992I01013
SBIN,EQ,1059.6,1067.7,1053,1053,1053,1061.2,5583771,5901048527.50,18-Aug-2026,152004,INE062A01020
SAIL,EQ,173.5,174.67,169.86,170.2,170.2,173.6,11053548,1897025892.24,18-Aug-2026,64553,INE114A01011
STEELCITY,EQ,81.98,82.55,81.06,81.23,81.18,81.77,4041,330437.17,18-Aug-2026,78,INE395H01011
STEELXIND,EQ,10.85,10.89,10.7,10.71,10.72,10.92,565175,6072552.77,18-Aug-2026,1282,INE503B01021
STLSTRINF,EQ,22.78,22.78,17.35,19.1,17.81,18.99,6166,127842.84,18-Aug-2026,103,INE205F01016
SSWL,EQ,309.5,319,309,315.25,314.9,309.5,504291,159014771.10,18-Aug-2026,9843,INE802C01033
STEELCAS,EQ,352.95,359,348.6,357.75,358.3,352.1,105385,37242830.80,18-Aug-2026,2665,INE124E01038
STEL,EQ,591.4,595,570,586.1,585,591.4,6585,3829305.60,18-Aug-2026,328,INE577L01016
STERTOOLS,BE,220.1,224.9,215,217.5,219,221.9,18598,4081657.20,18-Aug-2026,381,INE334A01023
STLTECH,BE,649.9,670,642.55,646,647.75,642.45,1569147,1025944655.35,18-Aug-2026,29032,INE089C01029
SGL,EQ,9.65,9.95,9.6,9.81,9.8,9.91,2558,25081.64,18-Aug-2026,45,INE353H01010
STLNETWORK,EQ,25.25,26,25,25.68,26,25.37,773042,19824726.50,18-Aug-2026,1963,INE1VXE01018
STOVEKRAFT,EQ,748.5,776.6,740.3,774.25,776.6,748.5,105788,81487972.65,18-Aug-2026,6590,INE00IN01015
STRIDERS,SM,58.05,62.8,58.05,62.8,62.8,62.4,8000,480640.00,18-Aug-2026,5,INE1XWN01017
STAR,EQ,984.8,984.8,944.1,949.1,949,987.1,242012,231904880.40,18-Aug-2026,14337,INE939A01011
SWSOLAR,EQ,203.62,204,199.1,199.59,199.52,203.62,563510,113218008.87,18-Aug-2026,7941,INE00M201021
STUDDS,EQ,450,451.45,443.6,449,448.25,448.05,56142,25142866.95,18-Aug-2026,1997,INE00Q601028
STUDIOLSD,SM,8.95,9,8.95,8.95,8.95,8.85,10000,89700.00,18-Aug-2026,5,INE17VO01028
STYLAMIND,EQ,3555,3753,3545,3736.4,3723.7,3582.4,97361,357145205.30,18-Aug-2026,19994,INE239C01020
STYRENIX,EQ,2178,2200,2147.7,2157.3,2159.8,2181.6,28395,61459027.40,18-Aug-2026,3828,INE189B01011
SUBAHOTELS,SM,111,114.4,110.75,114.4,114.4,112.1,16800,1876500.00,18-Aug-2026,11,INE0RYR01018
SUBEXLTD,EQ,14.11,16.93,14.08,16.49,16.49,14.11,44677415,731390527.21,18-Aug-2026,181561,INE754A01055
SUBROS,EQ,760,768.95,740,746.25,745.85,762.2,67002,50112724.35,18-Aug-2026,3782,INE287B01021
SUDARSCHEM,EQ,1092.9,1145,1092.9,1130.6,1130.3,1092.9,636441,717258089.40,18-Aug-2026,29032,INE659A01023
SUDARCOLOR,EQ,409.1,409.35,396,400.3,397.6,409.1,8255,3321204.00,18-Aug-2026,242,INE492A01029
SUDEEPPHRM,EQ,1101.05,1112.4,1085,1104.1,1107,1101.55,68410,74934348.85,18-Aug-2026,4670,INE0QPI01025
SUKHJITS,EQ,158.54,161.5,158.34,159.09,159,157.84,6456,1029984.54,18-Aug-2026,235,INE450E01029
SULA,EQ,149.15,152.49,145.95,146.85,147.35,149.13,566729,84559314.16,18-Aug-2026,11239,INE142Q01026
SUMEDHA,EQ,36.6,45,36.6,39.45,39,45.01,6656,256901.41,18-Aug-2026,106,INE886B01012
SUMEETINDS,EQ,14.14,14.28,13.38,13.42,13.38,14.08,4474212,61070765.41,18-Aug-2026,5993,INE235C01036
SUMIT,EQ,54.7,56.24,51.61,54.67,54.7,53.51,23195,1257086.66,18-Aug-2026,486,INE748Z01013
SUMICHEM,EQ,559.8,566.95,552,563.1,561.9,559.8,359927,202145250.75,18-Aug-2026,12059,INE258G01013
SUMMITSEC,EQ,1430,1460,1420.9,1428.8,1421.7,1445.7,2063,2951030.70,18-Aug-2026,461,INE519C01017
SPARC,EQ,197.36,199.08,191.88,192.93,194.5,197.36,710149,138114675.55,18-Aug-2026,11368,INE232I01014
SUNPHARMA,EQ,1890,1899,1868.3,1875.1,1875.1,1882,1819169,3420923606.40,18-Aug-2026,76048,INE044A01036
SUNTV,EQ,485,486.95,482.15,482.8,482.7,488.25,162286,78484529.15,18-Aug-2026,6430,INE424H01027
SUNCLAY,EQ,1288,1297.1,1270.1,1292.1,1287.4,1289.8,1984,2558192.00,18-Aug-2026,350,INE0Q3R01026
SUNDARMFIN,EQ,4525,4658,4510,4619.6,4622.3,4523.9,81086,373454277.00,18-Aug-2026,13088,INE660A01013
SUNDARAM,EQ,1.16,1.24,1.15,1.23,1.24,1.13,1399675,1698416.93,18-Aug-2026,750,INE108E01023
SUNDRMBRAK,BE,909.9,909.9,860,862.5,879,899.8,1369,1194563.10,18-Aug-2026,99,INE073D01013
SUNDRMFAST,EQ,1210,1244.8,1208.7,1228.3,1226.1,1214.75,334446,411153767.05,18-Aug-2026,35584,INE387A01021
SOCL,SM,29,29,28.9,28.9,28.9,29,9600,277600.00,18-Aug-2026,5,INE0CTB01014
SUNDROP,EQ,665.05,665.05,648,649.55,652,651.4,21332,13906802.95,18-Aug-2026,526,INE209A01019
SUNFLAG,EQ,362.9,363.9,355.75,357.4,357.1,360.75,84805,30505201.20,18-Aug-2026,2229,INE947A01014
SEL,SM,314,314,298.3,304.75,305,314,9800,2944880.00,18-Aug-2026,38,INE0O3O01017
SUNLOC,EQ,75,75,67.5,68.38,67.5,68.3,366,26545.50,18-Aug-2026,12,INE671C01016
SUNLITE,SM,458.1,545,457.05,490.2,488,463.85,45000,22529955.00,18-Aug-2026,107,INE0U2N01013
SUNRAKSHAK,EQ,379.9,380.5,370.05,376.95,377,378.4,6621,2489831.70,18-Aug-2026,183,INE671K01027
SUN-RE,ST,5.8,5.8,5.8,5.8,5.8,9.65,8000,46400.00,18-Aug-2026,5,INE0PLZ20020
SUNREST,SM,44,44,39,39.05,39.05,44.65,8000,326320.00,18-Aug-2026,5,INE0PLZ01012
SUNSHIEL,EQ,1260,1274.8,1225,1262.4,1274,1228,1312,1644728.00,18-Aug-2026,124,INE199E01014
SUNTECH,ST,35.65,35.65,35.65,35.65,35.65,34.8,1600,57040.00,18-Aug-2026,1,INE0SGZ01016
SUNTECK,EQ,297.3,300.95,296.1,298.8,298.05,299.55,102965,30771700.85,18-Aug-2026,4311,INE805D01034
SUPERSPIN,BE,5.93,5.95,5.9,5.93,5.93,5.88,10598,62923.28,18-Aug-2026,12,INE662A01027
SUPTANERY,EQ,7.2,8.19,7.15,8.19,8.19,6.83,578158,4610398.42,18-Aug-2026,1840,INE460D01038
SUPERHOUSE,EQ,167.43,168.2,167.4,168.2,168.2,169.12,1529,256542.11,18-Aug-2026,24,INE712B01010
SIEL,EQ,38.57,38.57,38.57,38.57,38.57,35.07,4840,186678.80,18-Aug-2026,93,INE843L01012
SUPRAJIT,EQ,517.1,530.85,516.2,527.8,527.95,520.75,69957,36588130.50,18-Aug-2026,4539,INE399C01030
SUPREMEENG,BZ,2.41,2.41,2.41,2.41,2.41,2.37,197315,475529.15,18-Aug-2026,98,INE319Z01021
SFML,SM,21.5,21.5,21.5,21.5,21.5,21.5,1600,34400.00,18-Aug-2026,1,INE0U6N01014
SUPREME,EQ,42.22,42.22,40.92,41.01,41.19,40.71,6328,260651.89,18-Aug-2026,143,INE822E01011
SUPREMEIND,EQ,3590,3622.8,3580,3604,3604,3590,105998,382261304.90,18-Aug-2026,12263,INE195A01028
SUPREMEINF,EQ,89.3,92.4,86,87.06,86.1,90.66,51896,4614164.82,18-Aug-2026,408,INE550H01011
SPLPETRO,EQ,727.95,727.95,705,707,705,723.45,45433,32324629.45,18-Aug-2026,4455,INE663A01033
SUPREMEPWR,SM,195.9,230.9,195.9,230.9,230.9,192.45,318000,70174350.00,18-Aug-2026,484,INE0QHG01026
SUPRIYA,EQ,784,824,781.6,801.65,803.4,784,388406,313398782.85,18-Aug-2026,17665,INE07RO01027
SURAJEST,EQ,213.06,213.06,208,208.19,208,211.37,108902,22825138.83,18-Aug-2026,1069,INE843S01025
SURAJLTD,EQ,218.01,222.98,207,209.45,209.99,218,8703,1833849.04,18-Aug-2026,162,INE713C01016
SURAKSHA,EQ,309.5,323.45,309.5,318.3,317,308.45,239783,76292910.00,18-Aug-2026,6404,INE877V01027
SURANASOL,EQ,25.7,26.5,25.1,25.43,25.8,25.49,71147,1840669.52,18-Aug-2026,771,INE272L01022
SURANAT&P,EQ,16.2,16.65,15.6,16.23,16.34,16.19,47156,758886.12,18-Aug-2026,419,INE130B01031
SURANI,SM,90.15,90.15,90.15,90.15,90.15,94.2,200,18030.00,18-Aug-2026,1,INE01ZJ01015
SBGLP,EQ,24.95,25.77,24.9,25.25,24.9,24.95,27925,702452.24,18-Aug-2026,127,INE05ST01028
SURYAROSNI,EQ,221.27,226.84,221.27,223.44,223.6,221.27,445729,99716263.17,18-Aug-2026,8086,INE335A01020
SURYALAXMI,EQ,57.94,59.99,56.31,58.64,58.6,57.66,3245,189327.27,18-Aug-2026,106,INE713B01026
SURYALA,EQ,379,385,375,382.95,382.95,371.35,313,118275.50,18-Aug-2026,22,INE132C01027
SURYODAY,EQ,154.01,154.01,151.15,151.92,152.01,154.01,215534,32761207.46,18-Aug-2026,2981,INE428Q01011
SUTLEJTEX,BE,38.5,39,37.72,38.05,38,38.06,23313,896355.19,18-Aug-2026,49,INE645H01027
SUVEN,EQ,333,344.2,321.15,339.9,341.95,333.05,572993,190496776.50,18-Aug-2026,13796,INE495B01038
SUVIDHAA,EQ,2.49,2.53,2.43,2.46,2.44,2.49,115177,285666.08,18-Aug-2026,202,INE018401013
SUYOG,EQ,820.05,834.4,787.3,801.2,794,813.85,25281,20565195.95,18-Aug-2026,1852,INE442P01014
SUZLON,EQ,48.95,48.95,47.47,47.78,47.78,49,62318243,3000470828.52,18-Aug-2026,87115,INE040H01021
SVPGLOB,EQ,3.87,3.89,3.75,3.77,3.77,3.87,17219,64872.01,18-Aug-2026,58,INE308E01029
SWANCORP,EQ,305.5,307.35,303.95,304.55,304.2,305.2,798097,243706279.75,18-Aug-2026,6559,INE665A01038
SWANDEF,BE,2422,2422,2300,2379.2,2370,2390.5,15930,37432558.40,18-Aug-2026,813,INE542F01020
SWARAJENG,EQ,3635,3635,3580,3594,3597,3628.6,5045,18143598.80,18-Aug-2026,1148,INE277A01016
SWARAJ,EQ,370,386.75,368.5,376.15,370.15,369.3,388900,146117914.45,18-Aug-2026,3304,INE0GMR01016
SWARNSAR,EQ,33.4,36.85,33.1,33.98,35.42,36.06,9179,315265.08,18-Aug-2026,55,INE967A01012
SWELECTES,EQ,626.85,645.45,617.5,623.85,621.1,629.7,38843,24502527.00,18-Aug-2026,2691,INE409B01013
SWIGGY,EQ,277.8,277.8,272,274,274,278.8,8346867,2289467692.40,18-Aug-2026,48772,INE00H001014
SWISSMLTRY,EQ,13.7,14.64,13.11,14.01,14.3,13.36,115984,1645388.73,18-Aug-2026,494,INE010C01025
SYMPHONY,EQ,621.5,623.95,615,615.65,615.5,620.55,46932,29006676.80,18-Aug-2026,3919,INE225D01027
SYNCOMF,EQ,15.3,15.95,15.23,15.57,15.6,15.22,5350174,83417711.77,18-Aug-2026,10105,INE312C01025
SGIL,EQ,550.2,559.8,550,551.2,551,549.65,14203,7846417.20,18-Aug-2026,456,INE00QT01015
SYNGENE,EQ,404.55,408.9,402.3,404.1,403.5,403,335081,136097562.65,18-Aug-2026,11485,INE398R01022
SYNOPTICS,ST,63.75,63.8,63.75,63.75,63.75,67.1,3000,191280.00,18-Aug-2026,5,INE0BTR01012
SYRMA,EQ,1489.9,1521,1488.9,1500.1,1499.9,1467.9,2323890,3492373984.20,18-Aug-2026,90131,INE0DYJ01015
SYSTANGO,SM,221.9,221.9,212,214.6,213.6,218.1,26000,5564280.00,18-Aug-2026,61,INE0O7R01011
SYSTMTXC,BE,59.25,59.89,58,58.1,58.9,59.25,8991,523783.41,18-Aug-2026,49,INE356B01024
TGVSL,EQ,106.02,107.99,104.75,105.17,105.99,106.54,81178,8619121.98,18-Aug-2026,987,INE284B01028
TTL,EQ,6.1,6.8,6.02,6.48,6.56,6.15,240578,1534200.33,18-Aug-2026,485,INE592B01024
TAALTECH,EQ,4248.2,4270,4169.4,4196.2,4230,4238.8,2392,10083979.30,18-Aug-2026,383,INE524T01011
TAC,ST,420.05,448.75,420.05,429.25,432.15,439.55,51600,22302710.00,18-Aug-2026,210,INE0SOY01013
TAINWALCHM,EQ,210.58,217.18,207.2,214.72,216,208.5,5834,1240193.19,18-Aug-2026,150,INE123C01018
TAJGVK,EQ,334.95,347,332.5,345.15,346.8,337.5,142023,48240843.75,18-Aug-2026,3618,INE586B01026
TAKE,EQ,23.8,23.8,22.8,23.31,23.44,23.43,1387761,32378611.45,18-Aug-2026,2082,INE142I01023
TALBROAUTO,EQ,423.5,430.6,420.5,426.95,428.95,423.45,77394,32971885.65,18-Aug-2026,3455,INE187D01029
TAMBOLIIN,BE,254,262.5,244,259.34,256,250.81,40178,9983612.15,18-Aug-2026,187,INE864J01012
TMB,EQ,839,850.9,836.45,847.1,846.85,843.7,73206,61783924.65,18-Aug-2026,5173,INE668A01016
TNPL,EQ,141,142.95,136.52,138.07,137.4,140.88,248504,34792203.53,18-Aug-2026,3327,INE107A01015
TNPETRO,EQ,115,118.19,111.78,112.45,112.8,114.16,834956,96326908.00,18-Aug-2026,10632,INE148A01019
TNTELE,EQ,9,9.14,8.91,9.06,9.06,8.96,16035,144079.10,18-Aug-2026,56,INE141D01018
TANAA,EQ,308.5,317,298.1,313.85,314,300.95,8980,2793163.00,18-Aug-2026,393,INE692C01020
TANKUP,ST,1190.1,1225,1190.1,1225,1225,1240,500,603775.00,18-Aug-2026,2,INE0Z7N01017
TANLA,EQ,571,578.5,555.5,576.75,577.5,573.5,773554,438147225.95,18-Aug-2026,24437,INE483C01032
TAPIFRUIT,SM,52,52,52,52,52,50,750,39000.00,18-Aug-2026,1,INE0M7001010
TARACHAND,EQ,47.12,47.44,46.01,46.96,47,47.12,80945,3772649.62,18-Aug-2026,925,INE555Z01020
TARAPUR,EQ,14.33,15.68,14.04,15.16,15.04,14.33,64238,978064.54,18-Aug-2026,527,INE747K01017
TARC,EQ,124.05,124.05,120.1,120.81,120.78,124.36,377025,45922333.85,18-Aug-2026,3255,INE0EK901012
TARMAT,EQ,56.99,56.99,53.3,53.83,53.97,55.98,32411,1771593.15,18-Aug-2026,335,INE924H01018
TARSONS,EQ,365,365,332,336.65,338,361.5,1199370,409570585.90,18-Aug-2026,22130,INE144Z01023
TASTYBITE,EQ,10098.5,10399,9903.5,10142.5,10155,10014.5,24438,249514651.50,18-Aug-2026,7675,INE488B01017
TATACAP,EQ,357.5,363.9,355.1,363.15,363.65,359.25,854053,307834128.20,18-Aug-2026,18729,INE976I01016
TATACHEM,EQ,663,667.05,651,653,651.75,662.9,325477,213839784.20,18-Aug-2026,13687,INE092A01019
TATACOMM,EQ,1700.1,1709.2,1682,1689.8,1690,1711.9,357284,604940873.20,18-Aug-2026,35020,INE151A01013
TCS,EQ,2300,2307,2280,2280,2280,2313.2,1797822,4114677787.50,18-Aug-2026,83531,INE467B01029
TATACONSUM,EQ,1075.5,1079.1,1061.6,1061.6,1061.6,1072.6,939925,1003897434.10,18-Aug-2026,37897,INE192A01025
TATAELXSI,EQ,3759,3759,3656,3662,3662,3760,192129,707894284.70,18-Aug-2026,17007,INE670A01012
TATAINVEST,EQ,654.55,659.35,645.3,647.2,648,654.55,175566,114358640.65,18-Aug-2026,11059,INE672A01026
TMCV,EQ,467,474.9,463.5,471.65,468.8,470.4,6376666,2992083094.80,18-Aug-2026,92383,INE1TAE01010
TMPV,EQ,330.5,331.7,322.8,322.8,322.8,330.2,9865820,3210448719.20,18-Aug-2026,110618,INE155A01022
TATAPOWER,EQ,378.4,382.05,378.4,381,381,381.5,2827459,1075959748.20,18-Aug-2026,30671,INE245A01021
TATASTEEL,EQ,186.34,187.11,184.33,185.5,185.5,186,13393441,2481938987.78,18-Aug-2026,102914,INE081A01020
TATATECH,EQ,840,844.7,815.2,835.8,832,841.65,1516377,1259359890.00,18-Aug-2026,56798,INE142M01025
TTML,EQ,38,38.35,37.6,37.85,37.89,38.15,914895,34749769.17,18-Aug-2026,5187,INE517B01013
NETF,EQ,264.66,264.66,263,263.21,263,265.2,860,226717.37,18-Aug-2026,114,INF277K015R5
NPBET,EQ,283.28,285.5,281.54,285.04,285.5,283.33,4184,1182603.78,18-Aug-2026,14,INF277K010X4
TNIDETF,EQ,93.12,93.12,89.43,89.72,89.98,90.85,152705,13702736.44,18-Aug-2026,820,INF277KA1364
TATAGOLD,EQ,14.47,15.22,14.47,14.85,14.85,14.85,31734829,471313586.24,18-Aug-2026,61613,INF277KA1976
TATSILV,EQ,22.13,22.9,22.13,22.49,22.52,22.7,24258207,546450031.14,18-Aug-2026,34988,INF277KA1984
TATVA,EQ,1686,1700.8,1639.7,1669.6,1679,1685.8,83030,137951997.80,18-Aug-2026,8648,INE0GK401011
TAURIAN,SM,445,463,440,461.1,463,434.95,55200,24879040.00,18-Aug-2026,55,INE0XWS01018
753IRFC30,NJ,1134.01,1134.01,1134.01,1134.01,1134.01,1134,11,12474.11,18-Aug-2026,1,INE053F07835
764IRFC31,NO,1144.07,1144.07,1144.06,1144.06,1144.06,1147.47,100,114406.50,18-Aug-2026,2,INE053F07900
769NHAI31,NE,1151,1151,1148.36,1148.45,1148.7,1148.36,131,150449.64,18-Aug-2026,4,INE906B07EP5
750IRFC35,NK,1213,1213,1213,1213,1213,1208.75,13,15769.00,18-Aug-2026,2,INE053F07843
76NHAI31,NA,1123.99,1123.99,1123.99,1123.99,1123.99,1116.93,1,1123.99,18-Aug-2026,1,INE906B07EJ8
TBI,SM,62,62,58.65,60.95,60.95,61.6,25800,1568730.00,18-Aug-2026,36,INE0N2D01013
TBOTEK,EQ,1720,1725.5,1671.5,1708.2,1705.9,1700,371186,630754560.00,18-Aug-2026,22886,INE673O01025
TCC,EQ,252.25,255.45,250.1,253.05,253.9,256.3,13533,3419499.70,18-Aug-2026,544,INE887D01016
TCIEXP,EQ,566.75,573.45,551.5,555.2,552.9,566.75,36942,20677476.10,18-Aug-2026,2198,INE586V01016
TCIFINANCE,BE,15.46,15.74,15,15.32,15.31,15.46,17529,272258.82,18-Aug-2026,83,INE911B01018
TCPLPACK,EQ,4037.9,4264,4016.9,4234.8,4253,4037.6,42484,177058020.10,18-Aug-2026,4902,INE822C01015
TDPOWERSYS,EQ,1549,1597.7,1529.2,1586.6,1585,1548.8,1797894,2828899465.10,18-Aug-2026,84428,INE419M01027
TEAMGTY,EQ,230,238,226.24,234.97,234.98,224.2,25080,5892753.51,18-Aug-2026,47,INE289C01025
TEAMLEASE,EQ,1228.1,1261.4,1228.1,1246.5,1241,1239.6,16967,21226836.80,18-Aug-2026,3754,INE985S01024
TPHQ,EQ,0.61,0.63,0.54,0.63,0.63,0.58,33421785,19924914.68,18-Aug-2026,2409,INE065J01024
TEAMTECH,ST,113,117.7,113,117,117,118.85,28000,3224800.00,18-Aug-2026,12,INE2OL601013
TECHM,EQ,1605,1608,1579.9,1592,1592,1610,1904893,3023566693.50,18-Aug-2026,49074,INE669C01036
TECHD,ST,583.8,583.8,565,575,575,579.3,10500,5992290.00,18-Aug-2026,33,INE0Y5H01014
TECHERA,SM,172.1,178.5,168.55,176.6,176.5,170.95,43200,7552680.00,18-Aug-2026,46,INE0JQS01019
TECHNOE,EQ,965,1018,957.55,1002.45,1005,959.15,444335,444415879.35,18-Aug-2026,29268,INE285K01026
TIIL,EQ,3090,3359.9,3090,3280.2,3279.9,3097.2,190168,622203446.70,18-Aug-2026,22684,INE545H01011
TECHNOCRAF,EQ,296,306.9,292,304.79,304,299.94,2132502,639047954.63,18-Aug-2026,27228,INE1D0W01018
TECHNVISN,EQ,5122.2,5122.2,4792.9,5014.4,5003.8,5045.1,688,3393845.00,18-Aug-2026,179,INE314H01012
TECILCHEM,EQ,8.78,8.78,8.1,8.54,8.54,8.39,5093,43093.24,18-Aug-2026,47,INE014B01011
TGL,ST,18.1,18.1,18.1,18.1,18.1,19.05,5400,97740.00,18-Aug-2026,17,INE0K6601012
TEGA,EQ,1744,1744,1702.1,1733.9,1735.4,1744,68894,118976984.40,18-Aug-2026,6437,INE011K01018
TEJA,SM,390.15,390.15,390.15,390.15,390.15,433.5,3600,1404540.00,18-Aug-2026,6,INE0R1301019
TEJASCARGO,SM,400.5,400.75,400.25,400.25,400.25,406,40400,16178400.00,18-Aug-2026,3,INE17WC01013
TEJASNET,EQ,522,529.6,517.3,519.3,519.8,522.85,757795,395700562.10,18-Aug-2026,19829,INE010J01012
TEMBO,EQ,60.35,61.75,59.05,59.75,59.5,60.35,1565063,94345536.10,18-Aug-2026,4055,INE869Y01028
TENNIND,EQ,548.7,560,548,550.3,552,548.45,1493025,827631803.15,18-Aug-2026,32323,INE19RI01016
TERASOFT,EQ,337,357.7,327,344.15,347.9,336.7,24791,8585503.60,18-Aug-2026,1550,INE482B01010
TERAI,EQ,124,124,124,124,124,124.6,7,868.00,18-Aug-2026,4,INE390D01011
TEXINFRA,EQ,109.47,109.48,103.5,107.05,107.75,107.85,120182,12802974.31,18-Aug-2026,1165,INE435C01024
TEXRAIL,EQ,106.9,106.94,104.2,104.72,104.5,106.89,601008,63269864.92,18-Aug-2026,6542,INE621L01012
TEXMOPIPES,EQ,45.73,45.99,44.26,45.11,45.02,45.62,27739,1254328.45,18-Aug-2026,253,INE141K01013
737NTPC35C,NA,1378,1378,1378,1378,1378,1204,58,79924.00,18-Aug-2026,1,INE733E07JT8
762NTPC35F,ND,1230,1230,1230,1230,1230,1248.9,200,246000.00,18-Aug-2026,1,INE733E07JW2
TGBHOTELS,EQ,9.5,9.5,9.07,9.2,9.3,9.2,7361,67681.80,18-Aug-2026,36,INE797H01018
TCL,SM,141.1,143,132.5,138.35,137,141.55,54400,7463520.00,18-Aug-2026,61,INE0QJL01014
THACKER,BE,1028,1054.7,1008,1054.7,1054.7,1060,42,43826.60,18-Aug-2026,5,INE077P01034
THAKDEV,EQ,152,160,140,154.79,160,154.18,1102,165742.84,18-Aug-2026,49,INE403F01017
THANGAMAYL,EQ,5328,5499,5321,5481.5,5471.5,5336.5,92660,503056589.50,18-Aug-2026,14036,INE085J01014
ANUP,EQ,1832,1852.8,1811.9,1825.2,1829.3,1834.5,17978,32804014.40,18-Aug-2026,2647,INE294Z01018
BYKE,BE,31.48,32.3,30.9,31.81,31.31,31.49,16836,534525.88,18-Aug-2026,68,INE319B01014
GESHIP,EQ,1274,1326,1269.1,1302.9,1305,1274.9,1019929,1335337145.40,18-Aug-2026,53559,INE017A01032
GROBTEA,EQ,953.8,953.8,935.4,944,944,953.8,45,42269.30,18-Aug-2026,10,INE646C01018
HITECHGEAR,BE,541.6,549,523,534.55,535,544.3,4798,2555048.25,18-Aug-2026,190,INE127B01011
INDIACEM,EQ,376.15,377.95,372.05,374.5,373.5,376.15,73424,27466525.95,18-Aug-2026,6014,INE383A01012
INDHOTEL,EQ,717,721.8,712.5,719,719,720,1151586,826111729.55,18-Aug-2026,16219,INE053A01029
THEINVEST,EQ,98,101.69,97.01,99.09,100.9,98.68,4700,467140.14,18-Aug-2026,95,INE924D01017
NIACL,EQ,183.6,185.9,182.73,184.08,183.65,183.64,1033947,190357084.63,18-Aug-2026,13920,INE470Y01017
PKTEA,EQ,704.5,733,675.25,723.75,729.25,704.5,77,53552.60,18-Aug-2026,12,INE431F01018
PHOENIXLTD,EQ,1938.1,1940,1905.1,1940,1940,1929.8,456494,878489820.50,18-Aug-2026,26134,INE211B01039
RAMCOCEM,EQ,922.6,924.25,897.15,909.8,914.25,922.6,232980,211698746.45,18-Aug-2026,10218,INE331A01037
RUBYMILLS,BE,397.95,401.55,384.7,401.55,401.55,382.45,15176,6036938.20,18-Aug-2026,219,INE301D01026
SOUTHBANK,EQ,45.21,45.5,44.9,45.09,45.14,45.22,5224750,235532977.44,18-Aug-2026,15783,INE683A01023
STCINDIA,EQ,116.95,117.69,116.02,116.68,116.55,116.81,15827,1847790.19,18-Aug-2026,311,INE655A01013
UGARSUGAR,EQ,53.49,55.14,50.16,50.77,51.08,52.18,1577009,83705050.16,18-Aug-2026,11163,INE071E01023
WIPL,EQ,165.97,168.39,161.25,162.18,163,165.97,9774,1595261.52,18-Aug-2026,59,INE215F01023
THEJO,EQ,2129,2142.6,2044,2051.4,2055,2118.1,5961,12447367.50,18-Aug-2026,971,INE121N01019
THEMISMED,EQ,104.44,107.5,104.09,106.82,106,104.09,83550,8821641.38,18-Aug-2026,1248,INE083B01024
THERMAX,EQ,4170,4188.2,4055.4,4079.9,4075.2,4141.4,126453,518784806.40,18-Aug-2026,20870,INE152A01029
THESL,ST,19,19,19,19,19,18.3,3000,57000.00,18-Aug-2026,1,INE0SHE01019
TIRUMALCHM,EQ,155,157.39,150.4,151.34,150.5,154.73,361181,55100007.21,18-Aug-2026,5364,INE338A01024
THOMASCOOK,EQ,103.75,104.43,102,102.4,103,103.68,444214,45744081.38,18-Aug-2026,4511,INE332A01027
THOMASCOTT,EQ,293,297.15,276,278.8,278.1,301.1,360674,101516643.30,18-Aug-2026,9999,INE480M01011
THYROCARE,EQ,623.4,623.4,603.4,608.25,610,618.6,281037,171419870.55,18-Aug-2026,17341,INE594H01019
TIGERLOGS,EQ,26.8,28,26.31,27.98,28,27.08,1144954,31548069.72,18-Aug-2026,3467,INE906O01029
TIJARIA,EQ,5.67,5.85,5.53,5.68,5.73,5.55,95181,544139.52,18-Aug-2026,210,INE440L01017
TIL,BE,231,232.8,225.15,226.9,226.95,229.85,172337,39322097.55,18-Aug-2026,680,INE806C01018
TI,EQ,583,593,579.2,582.8,581.2,580.55,917349,536959694.30,18-Aug-2026,27910,INE133E01013
TIMETECHNO,EQ,189,191.7,185.02,185.67,185.8,189.61,1402919,262846040.57,18-Aug-2026,20947,INE508G01029
TIMEX,EQ,548,569.4,545.15,549.2,547,541.3,542921,303103055.85,18-Aug-2026,34071,INE064A01026
TIMKEN,EQ,3300,3324.7,3289.1,3299.5,3310,3290.5,10814,35739150.30,18-Aug-2026,4717,INE325A01013
TINNARUBR,EQ,1049,1080,1032,1065.1,1079.9,1030.3,51796,54351356.70,18-Aug-2026,4959,INE015C01016
TIPSFILMS,EQ,339.85,345.45,332.05,335.85,333.1,341.55,5512,1863799.95,18-Aug-2026,367,INE0LQS01015
TIPSMUSIC,EQ,656.25,662.4,650,655.7,655.5,656.25,195220,127782476.30,18-Aug-2026,13983,INE716B01029
TIRUPATIFL,BE,64.5,67.4,63.24,64.08,65.54,64.24,379949,24778026.79,18-Aug-2026,1405,INE319Y01024
TITAGARH,EQ,820.45,848,813.5,841.4,839.65,820.95,435134,360630208.65,18-Aug-2026,20375,INE615H01020
TITAN,EQ,5060,5094.9,5042.5,5048.6,5048.6,5068.5,354873,1794490460.90,18-Aug-2026,44359,INE280A01028
TOKYOPLAST,EQ,79.9,79.9,77.02,77.2,77.2,79.9,67,5226.29,18-Aug-2026,5,INE932C01012
TOLINS,EQ,96.4,97.64,95,95.55,96,97.08,32207,3096496.78,18-Aug-2026,804,INE0RWQ01014
TORNTPHARM,EQ,4900,5009,4876,4971,4971,4900,426573,2123369778.00,18-Aug-2026,38582,INE685A01028
TORNTPOWER,EQ,1313,1319,1259,1264.1,1263.5,1312.8,356402,454391685.10,18-Aug-2026,36166,INE813H01021
TOTAL,EQ,66.99,70.99,64.1,68.56,68.95,65.07,54145,3708499.20,18-Aug-2026,332,INE336X01012
TOUCHWOOD,EQ,62.99,63.95,61.11,61.85,61.71,62.68,1386,86727.23,18-Aug-2026,48,INE486Y01013
TFCILTD,EQ,121.4,125.99,121.38,123.7,124.3,120.28,17194399,2126690886.99,18-Aug-2026,47983,INE305A01023
TOYAMSL,EQ,0.69,0.69,0.66,0.67,0.68,0.67,417557,279966.15,18-Aug-2026,145,INE457P01020
TPLPLASTEH,EQ,77.02,79,76.31,78.76,79,77.25,115355,8962327.22,18-Aug-2026,1072,INE413G01022
TRACXN,EQ,29.25,29.72,28.57,29.04,29,29.07,71590,2081717.11,18-Aug-2026,521,INE0HMF01019
TARIL,EQ,296.1,299.3,295.15,297.5,297.4,296.3,603889,179671141.00,18-Aug-2026,10779,INE763I01026
TRANSCOR,EQ,23.66,24.73,23.65,24.61,24.11,24.26,357,8758.04,18-Aug-2026,36,INE330E01023
TREL,EQ,26.05,27.19,26.04,26.79,27,26.05,191146,5123254.71,18-Aug-2026,929,INE0O3901029
TRANSPEK,BE,1163.9,1163.9,1112.5,1132.8,1115,1138.6,4536,5114780.90,18-Aug-2026,236,INE687A01016
TCI,EQ,905.6,913.45,901,910.3,910,907.65,13317,12072699.45,18-Aug-2026,1758,INE688A01022
TRANSRAILL,EQ,463.2,465.6,457.7,459,458.45,464.85,290403,133925656.35,18-Aug-2026,9059,INE454P01035
TRANSTEEL,SM,79.6,86.5,79.4,82.5,82.5,80.05,51000,4258100.00,18-Aug-2026,43,INE0NVI01020
TFL,EQ,11.5,11.55,11.05,11.07,11.07,11.34,7008,78684.59,18-Aug-2026,60,INE804H01012
TRANSWORLD,BE,159,160,157.1,157.12,157.1,159.34,7324,1157562.85,18-Aug-2026,39,INE757B01015
TRAVELFOOD,EQ,1363,1389.3,1315.2,1346.4,1352,1358.2,131141,176306604.30,18-Aug-2026,12455,INE103V01028
TREEHOUSE,EQ,6.31,6.31,6.01,6.29,6.3,5.93,4664,29277.09,18-Aug-2026,88,INE040M01013
TREJHARA,EQ,170.99,170.99,162.01,166.95,167,163.76,18380,3046892.96,18-Aug-2026,414,INE00CA01015
TRENT,EQ,2946.1,2980.4,2932.1,2942.1,2942.1,2946,718320,2123856257.30,18-Aug-2026,45780,INE849A01020
TRF,EQ,230.58,233.27,228.01,231.11,230.45,230.57,11809,2723786.60,18-Aug-2026,358,INE391D01019
TBZ,EQ,241.5,252.1,241.45,251.05,250.85,243.7,437112,108078971.90,18-Aug-2026,6922,INE760L01018
TRIDENT,EQ,24.59,25.09,24.4,24.47,24.46,24.57,3695179,91397338.78,18-Aug-2026,13991,INE064C01022
TECHLABS,SM,120,122,118,119.45,118,120,13000,1558850.00,18-Aug-2026,41,INE0QD201012
TRIGYN,EQ,55.3,56.43,54.5,55.51,55.4,55.3,27389,1518715.89,18-Aug-2026,885,INE948A01012
TRITONV,EQ,1174.9,1190,1120.1,1146.1,1154.9,1148.6,3434,3984708.90,18-Aug-2026,342,INE440G01017
TRIVENI,EQ,280,284.39,273.75,276.52,279.01,279.64,1009099,280820712.33,18-Aug-2026,14369,INE256C01024
TRITURBINE,EQ,597.65,601.9,579,581.9,582,597.9,1323165,770349787.35,18-Aug-2026,22445,INE152M01016
TROM,SM,56.1,56.1,53.9,55.45,55.45,56.1,8400,458970.00,18-Aug-2026,14,INE0SYV01018
TRUALT,EQ,483.9,483.9,469.9,474.5,478,479.25,309251,147660331.00,18-Aug-2026,8048,INE0MWH01014
TRU,EQ,4.87,4.9,4.35,4.41,4.38,4.48,222326,1037679.90,18-Aug-2026,636,INE615R01029
TRUST,SM,26.7,26.7,25,25,25,26.2,19800,498960.00,18-Aug-2026,20,INE0SWN01019
TSC,ST,50.75,50.75,50.7,50.75,50.75,50.75,18000,913400.00,18-Aug-2026,9,INE16VK01010
TSFINV,EQ,420.6,421.4,415,416.2,416.7,420.4,21032,8765344.60,18-Aug-2026,908,INE202Z01029
935TSIIC28,N0,103000,103000,102800,103000,103000,103300,11,1132000.00,18-Aug-2026,6,INE1C3207081
TTKHLTCARE,EQ,1134,1155,1101.3,1114.1,1105,1138.4,21545,24165247.40,18-Aug-2026,3052,INE910C01018
TTKPRESTIG,EQ,590.05,599,589.05,594.6,597.85,592.1,32667,19374379.55,18-Aug-2026,2997,INE690A01028
TIINDIA,EQ,2755.8,2989,2755.8,2959,2959,2741.4,4188005,12284382796.10,18-Aug-2026,195092,INE974X01010
TUNWAL,SM,26.4,26.4,26.1,26.1,26.1,26.2,24000,630800.00,18-Aug-2026,8,INE0OXV01027
TURTLEMINT,EQ,147.15,158.5,144.11,145.75,145.5,150.15,9091389,1386580439.04,18-Aug-2026,73157,INE0OC301013
TUTIALKA,EQ,59.79,59.79,56.17,56.33,56.8,56.71,2905,167556.21,18-Aug-2026,84,INE400A01014
TVTODAY,EQ,110.93,114.05,110.93,113.46,113.55,110.93,31820,3607062.21,18-Aug-2026,427,INE038F01029
TVVISION,BE,4.09,4.09,3.76,3.77,3.89,3.95,46117,175434.51,18-Aug-2026,100,INE871L01013
TVSELECT,EQ,450.05,459.45,445.9,450.45,452.9,450.35,31392,14168063.05,18-Aug-2026,1817,INE236G01019
TVSHLTD,EQ,14136,14201,13870,14096,14080,14072,3210,45102485.00,18-Aug-2026,1508,INE105A01035
TVSMOTOR,EQ,4373.9,4407.1,4341.2,4356.8,4356.8,4385.9,444890,1942817972.80,18-Aug-2026,45943,INE494B01023
TVSMNCRPS,P1,10.55,10.55,10.5,10.5,10.55,10.5,11212320,118253518.50,18-Aug-2026,579,INE494B04019
TVSSRICHAK,EQ,4839.8,4930,4681,4746.8,4735,4868.9,65248,313081809.70,18-Aug-2026,9684,INE421C01016
TVSSCS,EQ,122.4,123.48,121.25,122.17,122.09,121.48,278268,34073151.27,18-Aug-2026,6264,INE395N01027
TICL,BE,9.61,9.85,9.35,9.54,9.73,9.61,16495,156430.55,18-Aug-2026,73,INE388G01026
UPHOT,EQ,1448,1448,1448,1448,1448,1400,2,2896.00,18-Aug-2026,2,INE726E01014
UYFINCORP,BE,21.79,22.28,20.33,20.37,20.33,21.39,287353,5981165.04,18-Aug-2026,394,INE152C01025
UCAL,EQ,154.4,156.99,147.02,152.31,152,151.87,131245,20120304.52,18-Aug-2026,1433,INE139B01016
1050UCL28,NH,1015,1015,1009,1009,1009,1013,117,118749.00,18-Aug-2026,3,INE583D07596
UCOBANK,EQ,25.98,26.13,25.85,25.9,25.85,26.11,1487265,38619386.87,18-Aug-2026,8808,INE691A01018
UDAYJEW,EQ,145.65,149,144.8,144.97,144.8,145.36,11329,1661188.84,18-Aug-2026,221,INE551B01012
USK,EQ,21.2,22.85,21.2,22.43,22.54,21.83,36934,817052.75,18-Aug-2026,233,INE0N0Y01013
UFLEX,EQ,615,630.45,585.55,613.3,608,586.05,6025632,3665615373.00,18-Aug-2026,113333,INE516A01017
UFO,EQ,67.88,67.88,65.78,66.08,66.02,66.47,28917,1922465.34,18-Aug-2026,750,INE527H01019
UGROCAP,EQ,92.8,93.39,90.5,90.8,90.55,92.75,364000,33261375.49,18-Aug-2026,1773,INE583D01011
UEL,EQ,211.36,211.36,211.36,211.36,211.36,222.48,3059,646550.24,18-Aug-2026,192,INE899L01030
UJJIVANSFB,EQ,71.98,72.64,71.13,72.33,72.49,72.21,11368755,817967597.02,18-Aug-2026,48011,INE551W01018
ULTRAMAR,EQ,396.2,405,392.8,401,402,394.2,28858,11563953.70,18-Aug-2026,2951,INE405A01021
ULTRACEMCO,EQ,11626,11674,11499,11499,11499,11681,210406,2432873217.00,18-Aug-2026,25955,INE481G01011
UMA,SM,14.8,14.85,14.8,14.8,14.8,15.55,28000,415200.00,18-Aug-2026,4,INE067901012
UMAEXPORTS,BE,22,22.3,21.7,22.22,22.3,21.73,80860,1774012.44,18-Aug-2026,125,INE0GIU01018
UMIYA-MRO,EQ,90,90.45,88.26,88.43,88.32,89.01,9062,803197.40,18-Aug-2026,71,INE398B01018
UNICHEMLAB,EQ,548.8,552.9,521.6,529.6,528.45,543.3,120244,64748775.80,18-Aug-2026,4299,INE351A01035
UNIECOM,EQ,84.94,89.18,84.1,87.9,89.18,84.95,504725,43568346.62,18-Aug-2026,4739,INE00U401027
UNIHEALTH,SM,735,738,700,719.6,719.9,714.4,21000,14939100.00,18-Aug-2026,41,INE0PRF01011
UNIINFO,EQ,11.4,12.25,11.25,11.37,11.3,11.69,6626,75491.63,18-Aug-2026,45,INE481Z01011
UNIMECH,EQ,1512.4,1552.9,1498,1517.4,1518,1511.3,194130,294819918.60,18-Aug-2026,15926,INE0U3I01011
UNIONBANK,EQ,187.99,190.58,185.5,185.5,185.5,188.9,6684017,1249032176.38,18-Aug-2026,41047,INE692A01016
UNIONGOLD,EQ,149.95,151.4,149.15,149.35,149.35,149.25,3203,479188.20,18-Aug-2026,101,INF582M01KS4
UNIPARTS,EQ,801.15,837.7,801.15,825.85,829,801.15,223637,184911271.25,18-Aug-2026,12060,INE244O01017
UNIENTER,EQ,97.5,99,96,97.85,99,95.59,8142,792161.23,18-Aug-2026,129,INE037A01022
UNITECH,EQ,3.98,4.15,3.94,4.01,4.06,3.95,7059952,28293843.08,18-Aug-2026,9048,INE694A01020
UBL,EQ,1365,1381.2,1349.1,1355.5,1358,1367.9,61635,84150818.60,18-Aug-2026,7386,INE686F01025
UNIDT,BE,228.95,231.4,219,227.49,228,228.95,9579,2130676.72,18-Aug-2026,120,INE961D01019
UFBL,BE,788.9,790.45,768.05,780.35,782,762.6,34438,26820415.90,18-Aug-2026,2103,INE382M01027
UHTL,ST,112.45,112.45,112.45,112.45,112.45,107.1,70000,7871500.00,18-Aug-2026,32,INE0SMR01011
UNITEDTEA,EQ,455.25,464.9,451,452.05,451,455.65,10119,4584766.60,18-Aug-2026,188,INE458F01011
UNITEDPOLY,BE,34.99,34.99,33.5,34.53,34.5,33.82,146376,5005890.80,18-Aug-2026,186,INE368U01029
UNITDSPR,EQ,1550,1550,1520,1520.9,1520.9,1545,328688,503475360.10,18-Aug-2026,23864,INE854D01024
UNIVASTU,BE,176,177.13,175.05,176.89,177.13,168.7,222585,39368799.08,18-Aug-2026,1602,INE562X01013
UNIVCABLES,EQ,1725.9,1771.2,1701,1745,1730,1724.6,125726,218831951.20,18-Aug-2026,11530,INE279A01012
UNIVPHOTO,BE,460,480,457.7,468.9,462.65,478,1286,609210.45,18-Aug-2026,44,INE03V001013
UNOMINDA,EQ,1272.5,1281.2,1263,1273,1273,1269.9,452660,576308413.00,18-Aug-2026,25015,INE405E01023
915SCL26,NE,1076,1076,1076,1076,1076,1078,31,33356.00,18-Aug-2026,2,INE148I08256
10IIFL28A,NE,1040.5,1040.5,1040.5,1040.5,1040.5,1034,92,95726.00,18-Aug-2026,3,INE530B08094
96IIFL28A,NF,1003,1004.06,1000.2,1003.5,1004.06,1003.9,3856,3865699.75,18-Aug-2026,76,INE530B08102
IIFLZC28C,N6,1600,1600,1583.2,1583.2,1583.2,1581,250,399160.00,18-Aug-2026,2,INE477L08162
10IIFL28,N4,1008.45,1009,1008.45,1009,1009,1007.47,50,50444.50,18-Aug-2026,3,INE477L08147
96IIFL28,N5,1001.97,1001.97,1000,1001.57,1001.86,1001.34,2139,2141698.38,18-Aug-2026,37,INE477L08154
10IIFL29,N6,1034.9,1034.9,1034.9,1034.9,1034.9,1020.9,30,31047.00,18-Aug-2026,2,INE866I08279
105IIFL29,N7,1098,1098,1098,1098,1098,1043,35,38430.00,18-Aug-2026,1,INE866I08295
UDS,EQ,211.97,212.79,203.12,210.79,212,211.72,266717,55798864.64,18-Aug-2026,5792,INE851I01011
UPL,EQ,570,570.05,560,560.05,560.05,567.1,1746720,987165294.15,18-Aug-2026,24705,INE628A01036
URAVIDEF,BE,106.5,106.5,103.2,105.09,105.65,106,3280,342494.37,18-Aug-2026,124,INE568Z01015
URBANCO,EQ,144.56,146.7,143.01,144.97,144.51,144.6,11131114,1611489845.62,18-Aug-2026,30900,INE0CAZ01013
URBAN,SM,145.55,148,142,143.2,143,147.05,24800,3589240.00,18-Aug-2026,30,INE0O0201019
URJA,EQ,9.4,9.47,9.36,9.41,9.41,9.46,508788,4782500.43,18-Aug-2026,1938,INE550C01020
USHAFIN,SM,42,42,42,42,42,42,1600,67200.00,18-Aug-2026,1,INE0LS001014
UMESLTD,EQ,6.02,6.02,5.66,5.88,5.83,6.02,11809,68935.01,18-Aug-2026,57,INE240C01028
USHAMART,EQ,498.1,504.9,494,498.8,500,498.05,500681,250784277.65,18-Aug-2026,18776,INE228A01035
UTIAMC,EQ,910,910,893.15,894.6,893.15,907.3,75764,68056324.90,18-Aug-2026,5674,INE094J01016
LIQUIDBETA,EQ,1004.65,1004.65,1004.63,1004.63,1004.63,1004.49,118,118548.02,18-Aug-2026,3,INF789F1AG68
BANKBETA,EQ,59.63,59.72,59.25,59.33,59.26,59.77,1801535,106757422.37,18-Aug-2026,581,INF789F1AUV1
GILT10BETA,EQ,26.97,26.97,26.44,26.84,26.84,26.91,622,16646.67,18-Aug-2026,14,INF789F1AZF3
GILT5BETA,EQ,66.76,67.13,65.81,66.4,66.4,66.43,25765,1699277.84,18-Aug-2026,16,INF789F1AZE6
ITBETA,EQ,325,327.62,312.2,320.99,321.25,327.67,3536,1131954.89,18-Aug-2026,166,INF789F1AZD8
MIDCAPBETA,EQ,237.84,238.07,235.8,236,236,237.8,717,169601.61,18-Aug-2026,30,INF789F1AYX9
NEXT50BETA,EQ,80.03,80.68,80.02,80.2,80.4,80.47,117114,9412555.82,18-Aug-2026,527,INF789F1AUW9
NIFTYBETA,EQ,273.26,273.26,267.97,268.59,268.8,270.55,49986,13437011.22,18-Aug-2026,511,INF789F1AZC0
SENSEXBETA,EQ,858,862,856,858.23,857,857.51,462,396778.25,18-Aug-2026,123,INF789FB1X58
SILVERBETA,EQ,225.78,225.78,223.27,223.9,223.99,225.93,386169,86451857.55,18-Aug-2026,2689,INF789F1AYK6
SNXT50BETA,EQ,96.62,97.29,96.14,96.79,96.99,96.62,484,46775.54,18-Aug-2026,72,INF789F1AUU3
GOLDBETA,EQ,128.55,129.1,128.45,128.7,128.6,128.75,308476,39714401.80,18-Aug-2026,1648,INF789F1AUX7
UTKAL,SM,52.65,54.35,50.9,52.95,52.95,51.8,64000,3407100.00,18-Aug-2026,29,INE1V1R01014
UTKARSHBNK,EQ,13.91,14.18,13.91,14.05,14.01,14.04,1567677,21945739.21,18-Aug-2026,3940,INE735W01017
UTSSAV,ST,506,508,500,503.2,507.8,505,15000,7582500.00,18-Aug-2026,21,INE06IJ01010
UTTAMSUGAR,EQ,283.59,296.55,282.08,290.32,290,283,559821,163121095.91,18-Aug-2026,12699,INE786F01031
VMARCIND,SM,358.4,368.5,356.7,363.2,364.95,360.2,198000,71772900.00,18-Aug-2026,109,INE0GXK01018
VTMLTD,EQ,47.99,48.5,46.58,46.79,47.05,46.94,10316,486886.21,18-Aug-2026,86,INE222F01029
VGUARD,EQ,347,350,332.5,333.4,333.5,343.95,868328,294253217.40,18-Aug-2026,17337,INE951I01027
VLINFRA,SM,25.5,26.5,25.45,25.95,26.45,25.85,30000,775500.00,18-Aug-2026,18,INE0QXL01015
V2RETAIL,EQ,219.25,220.8,217.72,219.58,219.5,218.85,662694,145449478.72,18-Aug-2026,9522,INE945H01021
WABAG,EQ,1890,1995,1890,1980.6,1994,1897.6,649541,1260309752.60,18-Aug-2026,40538,INE956G01038
VADILALIND,EQ,7448.5,7575,7311,7429.5,7406,7411,23467,174857893.50,18-Aug-2026,6488,INE694D01016
VAIBHAVGBL,EQ,226.85,229.75,222.55,223.5,222.65,226.45,289169,64836756.80,18-Aug-2026,8416,INE884A01027
MADHAVBAUG,ST,165,172,165,165.45,165,173,12000,1985560.00,18-Aug-2026,16,INE0JR301013
VAISHALI,EQ,8.6,8.6,8.32,8.41,8.49,8.34,58949,497575.06,18-Aug-2026,255,INE972X01022
VAKRANGEE,EQ,5.84,5.87,5.7,5.78,5.8,5.85,816973,4733102.99,18-Aug-2026,1817,INE051B01021
VALIANTLAB,EQ,90.85,90.85,88.27,90.85,90.85,86.53,405249,36743364.62,18-Aug-2026,966,INE0JWS01017
VALIANTORG,BE,292.9,319,292.9,309.4,310.4,308.3,88150,26488327.35,18-Aug-2026,800,INE565V01010
DBREALTY,EQ,109,109.05,105.56,106.48,106.31,108.51,562777,60149563.88,18-Aug-2026,5716,INE879I01012
VALUE360,SM,79.8,79.85,75,75,75,76,39600,3004440.00,18-Aug-2026,16,INE1E7Y01018
VARDHACRLC,BE,44.7,44.7,43.9,44.13,44,44.47,13291,586620.18,18-Aug-2026,130,INE116G01013
VHL,EQ,3430,3519.4,3420,3439.5,3447.5,3473.8,435,1502214.50,18-Aug-2026,147,INE701A01023
VARDMNPOLY,EQ,6.4,6.49,6.14,6.23,6.21,6.19,228744,1453151.29,18-Aug-2026,389,INE835A01029
VSSL,EQ,362.85,364.45,351,359.2,359.95,361.55,150777,53763936.40,18-Aug-2026,5400,INE050M01012
VTL,EQ,606.2,611,587.65,598.9,610,605.25,253029,150970563.35,18-Aug-2026,15191,INE825A01020
VARROC,EQ,845,862.3,837,843.9,847,847.75,314883,266641424.15,18-Aug-2026,17247,INE665L01035
VBL,EQ,434.9,443.3,434.6,439.3,439.3,433.85,4034092,1773067160.10,18-Aug-2026,40755,INE200M01039
VGL,EQ,59.3,59.3,56,58.44,58.9,59.3,30601,1747518.84,18-Aug-2026,448,INE273D01027
DENTALKART,SM,400.35,401,397,399,400,409.9,12750,5095037.50,18-Aug-2026,39,INE0N5801013
VASA,SM,4.25,4.25,4.25,4.25,4.25,4.45,4000,17000.00,18-Aug-2026,1,INE068Z01016
VASCONEQ,EQ,31.29,31.35,30.5,30.67,30.8,31.13,408114,12559468.79,18-Aug-2026,1485,INE893I01013
VASWANI,EQ,48.49,48.49,46.78,47.69,47.71,47.96,23950,1138455.86,18-Aug-2026,224,INE590L01019
VCL,EQ,1.85,1.85,1.85,1.85,1.85,1.77,223453,413388.05,18-Aug-2026,100,INE098201036
1025VCCL28,N0,96769.38,96769.38,96769.38,96769.38,96769.38,94301,2,193538.76,18-Aug-2026,1,INE04HY07294
115VCCL28,N0,99500,99500,99500,99500,99500,99500,1,99500.00,18-Aug-2026,1,INE04HY07377
1180VCCL26,N0,100017.11,100017.11,100017.11,100017.11,100017.11,99700,2,200034.22,18-Aug-2026,1,INE04HY07187
12VCCL28,N0,100100,100100,100100,100100,100100,99000,1,100100.00,18-Aug-2026,1,INE04HY07344
VDEAL,SM,158.5,158.5,158.1,158.3,158.1,158,1200,189960.00,18-Aug-2026,2,INE0U2M01015
MANYAVAR,EQ,541.85,543.3,530,536.9,538,541.85,260410,139368226.60,18-Aug-2026,9063,INE825V01034
VAML,EQ,441.5,451.3,438.8,445.95,445.95,441.5,9182365,4095324764.55,18-Aug-2026,95111,INE1CDF01017
VISL,EQ,37.9,38.48,37.02,37.41,37.25,37.97,17356679,654740027.95,18-Aug-2026,39162,INE1CLE01013
VEDL,EQ,268.9,270.5,264,264,264,269.7,9772133,2602408559.10,18-Aug-2026,63949,INE205A01025
VOGL,EQ,37.66,37.97,37,37.14,37.17,37.66,18906816,708929828.99,18-Aug-2026,41277,INE704J01044
VEDPOWER,EQ,36.49,37.14,36.13,36.18,36.22,36.59,17816221,649615970.38,18-Aug-2026,38117,INE694L01019
VEDAVAAG,EQ,19.16,19.43,18.5,18.98,19,19.15,23007,431907.54,18-Aug-2026,148,INE359B01010
VEEDOL,EQ,1521.6,1525.9,1504,1511.3,1510,1521.6,6403,9680890.50,18-Aug-2026,820,INE484C01030
VELJAN,BE,1844.9,1845,1766,1773.7,1815,1785.2,295,531467.80,18-Aug-2026,58,INE232E01013
VENKEYS,EQ,1534.9,1546.8,1509.1,1514.8,1521.9,1531,22957,35037597.20,18-Aug-2026,2353,INE398A01010
VENTIVE,EQ,590,595.45,580.2,585.7,584,592.2,11577,6815926.25,18-Aug-2026,1102,INE781S01027
VENUSPIPES,EQ,1603.7,1603.7,1560,1572.2,1583.1,1596.5,39349,62189676.80,18-Aug-2026,3032,INE0JA001018
VENUSREM,BE,1797,1831.9,1761,1819.5,1831,1803.4,26969,48880539.20,18-Aug-2026,1223,INE411B01019
VERA,SM,86.25,86.25,86.25,86.25,86.25,82.15,1500,129375.00,18-Aug-2026,1,INE709Z01015
VERANDA,EQ,238,242.8,233.8,240,242.8,235.1,165468,39359998.10,18-Aug-2026,2458,INE0IQ001011
VERTEXPLUS,SM,48,48,48,48,48,48.3,600,28800.00,18-Aug-2026,1,INE0NLB01018
VERTOZ,BE,35.8,36.1,35.1,35.66,35.89,35.97,29064,1040959.10,18-Aug-2026,233,INE188Y01031
VESUVIUS,EQ,442.4,442.4,430,434.9,430.15,440.65,44335,19353391.35,18-Aug-2026,2046,INE386A01023
VETO,BE,119.98,124.95,119,123.08,122.01,120.21,15847,1923806.10,18-Aug-2026,224,INE918N01018
VSTL,EQ,106.87,108,105.11,106.44,106.55,106.87,6346,673921.59,18-Aug-2026,213,INE0QTF01015
VGCL,EQ,57.48,61.5,57.48,58.21,58.21,60.5,726,42756.32,18-Aug-2026,25,INE761Q01015
VHLTD,BE,123.77,129.81,122.65,129.74,129.81,123.63,288778,35999347.98,18-Aug-2026,372,INE048C01025
VICTORYEV,ST,16.45,16.65,16.45,16.65,16.65,16.45,6000,99300.00,18-Aug-2026,2,INE0F8901022
VIDHIING,EQ,322.7,329.9,313.55,325.9,325.6,319.2,52151,16811966.50,18-Aug-2026,1442,INE632C01026
VIDYAWIRES,EQ,89,89.51,88,88.07,88.35,89.4,462465,40880570.06,18-Aug-2026,4779,INE14UN01029
VIGOR,ST,85.7,92.2,85.7,91.75,91.75,87.85,28800,2575760.00,18-Aug-2026,17,INE1DM601016
VIJSOLX,EQ,675,714.9,675,700,700,692.5,251,175683.15,18-Aug-2026,25,INE362D01010
VIJAYA,EQ,1505,1521.3,1491,1497.3,1492,1506.6,92774,139756126.60,18-Aug-2026,10931,INE043W01024
VIJAYPD,SM,57.65,60,57.65,60,60,59.85,6000,351500.00,18-Aug-2026,3,INE0WL901019
VIJIFIN,BE,12.88,12.88,12.88,12.88,12.88,12.63,51486,663139.68,18-Aug-2026,40,INE159N01027
VIKASECO,EQ,1.1,1.1,1.07,1.08,1.08,1.09,2549314,2761900.13,18-Aug-2026,1276,INE806A01020
VIKASLIFE,EQ,1.24,1.24,1.22,1.22,1.23,1.23,1767391,2163179.28,18-Aug-2026,8478,INE161L01027
VIKRAMSOLR,EQ,185,186.75,175.5,177.11,175.9,183.1,22684269,4103455596.52,18-Aug-2026,142943,INE078V01014
VIKRAN,EQ,62.48,62.84,60.8,61.09,61.2,62.54,962402,59387544.25,18-Aug-2026,5764,INE01R501028
VILAS,SM,357.95,360,355.85,356.05,356,354.9,10000,3578212.50,18-Aug-2026,31,INE0AZY01017
VILINBIO,SM,42.5,42.5,42.5,42.5,42.5,43,4000,170000.00,18-Aug-2026,1,INE0L4V01013
VIMTALABS,EQ,624,627.8,617,621.2,623.65,623.45,92845,57626597.65,18-Aug-2026,4572,INE579C01029
VINATIORGA,EQ,1344.2,1370.8,1333.3,1338.5,1345,1344.2,26064,35191781.70,18-Aug-2026,3587,INE410B01037
VINDHYATEL,EQ,2494,2540,2440,2485.7,2490,2486.6,36075,89888359.00,18-Aug-2026,4317,INE707A01012
VINEETLAB,EQ,37.36,37.79,36,36.33,36.69,37.36,152932,5603135.65,18-Aug-2026,635,INE505Y01010
VMOBILE,SM,68.1,68.2,65.9,65.9,65.9,68.1,6400,430760.00,18-Aug-2026,8,INE27V201011
VINNY,EQ,1.07,1.07,1.05,1.05,1.06,1.06,172261,182365.36,18-Aug-2026,134,INE01KI01027
VINSYS,ST,580,583,579,579,579,580,2250,1306000.00,18-Aug-2026,8,INE0OSJ01014
VINCOFE,EQ,146.15,148.7,143.85,148.16,148,146.28,2360756,344702823.19,18-Aug-2026,16499,INE498Q01014
VINYAS,SM,1414.95,1494,1350,1462.1,1470,1330.55,31200,44335060.00,18-Aug-2026,260,INE0OLS01010
VINYLINDIA,EQ,236.57,243.3,234.94,239.73,236.65,236.57,7553,1797650.18,18-Aug-2026,437,INE250B01029
VIPCLOTHNG,EQ,20.58,20.9,20,20.17,20.25,20.59,22881,462641.62,18-Aug-2026,163,INE450G01024
VIPIND,EQ,300,311.7,299.8,309.4,310.65,300.5,293364,89907741.00,18-Aug-2026,6179,INE054A01027
VIPULLTD,BE,14.87,14.87,14.87,14.87,14.87,14.58,76589,1138878.43,18-Aug-2026,46,INE946H01037
VIRAT,EQ,350.4,350.4,268.05,343,343,335,330,111236.75,18-Aug-2026,14,INE467D01017
VIRINCHI,EQ,15.57,15.57,14.75,15.04,15.25,15.03,53428,807323.49,18-Aug-2026,207,INE539B01017
VGINFOTECH,SM,150,152.5,149,150.8,151.9,151.8,37000,5572200.00,18-Aug-2026,35,INE0VRH01015
VIRTUALG,EQ,0.41,0.42,0.4,0.42,0.42,0.41,197952,80408.46,18-Aug-2026,192,INE247C01023
VOEPL,EQ,495,499.5,471.95,477.85,474.9,490.4,54797,26622407.70,18-Aug-2026,2043,INE0I0T01010
VISACHROME,EQ,38.41,38.79,37.65,37.89,37.99,38.41,13045,497170.19,18-Aug-2026,61,INE286H01012
VIVIDHA,EQ,0.54,0.54,0.51,0.53,0.54,0.53,424742,224345.06,18-Aug-2026,241,INE370E01029
VISAKAIND,EQ,92.4,98.89,92.39,95.5,95.29,92,592817,56713070.69,18-Aug-2026,7155,INE392A01021
VISDEM,SM,85.85,86,85.85,86,86,85.85,9600,824340.00,18-Aug-2026,7,INE0OWX01025
VISHAL,EQ,18.48,18.56,17.9,17.98,18.2,18.12,35825,654684.99,18-Aug-2026,199,INE755Q01025
VMM,EQ,105.8,106.17,103.67,103.71,103.71,105.5,5298866,554543024.32,18-Aug-2026,47096,INE01EA01019
VISHNU,EQ,618.5,662,615.15,637.5,636.1,618.25,577546,372312070.10,18-Aug-2026,18680,INE270I01022
VPRPL,EQ,34.91,36.24,34.05,34.76,34.82,34.92,397938,13898689.87,18-Aug-2026,2171,INE0AE001013
VISHNUINFR,SM,145.8,145.8,145.8,145.8,145.8,148,1000,145800.00,18-Aug-2026,2,INE0PQ001012
VISHWARAJ,EQ,5.37,5.62,5.37,5.45,5.48,5.37,596863,3276796.12,18-Aug-2026,779,INE430N01022
VIESL,SM,300.5,309.5,300.15,304.35,304,300.35,16800,5115720.00,18-Aug-2026,19,INE0TR001017
VITAL,BE,52.15,53.48,51.3,51.33,52.56,54,13481,697339.51,18-Aug-2026,46,INE0L4K01016
VIVIANA,BE,699.5,716,687.1,700,700,696.05,16764,11820704.90,18-Aug-2026,299,INE0MEG01014
VIVIDEL,ST,1619.2,1679,1553.3,1622.35,1645,1635.05,24720,39818520.00,18-Aug-2026,95,INE24H301028
VIVIMEDLAB,BE,5.3,5.4,5,5.4,5.4,5.15,98838,528962.86,18-Aug-2026,120,INE526G01021
VIVOBIOT,EQ,19.66,19.94,19,19.1,19.15,19.68,21477,411391.68,18-Aug-2026,154,INE380K01017
VIVO,ST,160.2,160.2,146.1,146.5,146.5,152.65,8000,1192000.00,18-Aug-2026,5,INE0IA701014
VIYASH,EQ,253.1,257.7,252.2,254.95,255.2,252.15,1369758,349453589.80,18-Aug-2026,21475,INE807F01027
VLEGOV,BE,9.54,9.54,9.54,9.54,9.54,9.73,38145,363903.30,18-Aug-2026,150,INE03HW01020
VLSFINANCE,EQ,256.65,259.5,251.5,252.75,252,256.6,17367,4415792.45,18-Aug-2026,685,INE709A01018
VMART,EQ,793.9,812.6,788.25,809.4,806.45,792.3,70947,56977608.75,18-Aug-2026,5605,INE665J01013
VMSTMT,EQ,49,49.95,47.1,48.63,48.9,49.85,38362,1856915.85,18-Aug-2026,705,INE0SJA01013
IDEA,EQ,13.65,14.31,13.5,14.12,14.12,13.71,820797167,11410946710.24,18-Aug-2026,764194,INE669E01016
VOITHPAPR,EQ,1696,1696,1460,1492.3,1512,1414.1,372,561026.50,18-Aug-2026,39,INE285C01015
VOLERCAR,SM,216.25,216.25,216,216.1,216.1,218,3200,691560.00,18-Aug-2026,4,INE241X01014
VOLTAMP,EQ,9989,10138.5,9965,10093.5,10065,10001,12530,126278463.00,18-Aug-2026,4753,INE540H01012
VOLTAS,EQ,1262,1272,1247,1252.9,1252.9,1267,995520,1249858078.70,18-Aug-2026,32504,INE226A01021
VRAJ,EQ,121.51,125.5,121.01,121.48,121.14,121.5,10130,1237254.18,18-Aug-2026,708,INE0S2V01010
VRLLOG,EQ,295,302.95,295,297.5,297.15,296.2,128724,38445292.85,18-Aug-2026,7139,INE366I01010
VSTIND,EQ,215.57,216.07,213.93,214.88,214,214.5,113621,24395874.26,18-Aug-2026,2007,INE710A01016
VSTTILLERS,EQ,4530,4559.8,4444,4473.3,4479,4527.4,6611,29696678.60,18-Aug-2026,2205,INE764D01017
WHBRADY,EQ,505.8,507,495.3,507,507,506.95,5,2520.90,18-Aug-2026,5,INE855A01019
WPIL,EQ,433.85,439.4,418.65,426.35,430,433.9,36814,15777601.80,18-Aug-2026,2044,INE765D01022
WSI,EQ,60.85,61.11,58.2,60.18,61,60.83,52928,3189612.87,18-Aug-2026,1258,INE100D01014
WAAREEENER,EQ,2706.9,2719.5,2693,2709.1,2709.1,2707,396655,1075110322.30,18-Aug-2026,21665,INE377N01017
WAAREERTL,EQ,897,899.35,888,890.1,890,896.95,66394,59161458.10,18-Aug-2026,5540,INE299N01021
WAKEFIT,EQ,124.01,134.79,124.01,131.52,132,124.63,6325818,825625528.32,18-Aug-2026,49384,INE0E7301029
WALCHANNAG,EQ,223.2,225.63,221.82,222.6,222.25,223.91,472284,105250377.46,18-Aug-2026,6666,INE711A01022
WANBURY,EQ,252.95,259.6,250,254.25,256,250.7,198618,50702600.50,18-Aug-2026,4912,INE107F01022
WARDINMOBI,EQ,6.16,6.8,6.16,6.28,6.31,6.25,256613,1612732.78,18-Aug-2026,886,INE945P01024
WATERBASE,EQ,47.9,47.9,45.5,46.32,47.2,47.11,8458,398410.04,18-Aug-2026,129,INE054C01015
CORDELIA,EQ,823.7,833.95,820.5,830,831,823.2,73939,61343587.10,18-Aug-2026,3527,INE0LZF01013
1075WCA28,N0,9598,9598,9598,9598,9598,9860,1,9598.00,18-Aug-2026,1,INE0A3007065
WEWIN,EQ,46,46,46,46,46,46,127,5842.00,18-Aug-2026,6,INE082W01014
TWCGOLDETF,EQ,152.18,152.62,151.93,152.23,152.29,152.33,16170,2466739.57,18-Aug-2026,404,INF2F0001370
WEALTH,EQ,876,876,852.3,862.45,868,876.75,2871,2482541.35,18-Aug-2026,349,INE658T01017
WEBELSOLAR,EQ,81.14,86.94,81.14,86.93,86.94,82.8,4243102,364209917.28,18-Aug-2026,17026,INE855C01023
WEIZMANIND,EQ,77.37,78.99,77.1,77.56,77.56,77.29,383,29644.68,18-Aug-2026,16,INE080A01014
WELCORP,EQ,1886.6,1934.9,1882,1917.1,1924,1882,712593,1360459949.50,18-Aug-2026,35788,INE191B01025
WELENT,EQ,569.35,578,566,575.85,576.75,569.4,208397,119210172.25,18-Aug-2026,6657,INE625G01013
WELINV,BE,1795.1,1885,1790,1843.2,1849.9,1857.5,98196,175785407.50,18-Aug-2026,74,INE389K01018
WELSPUNLIV,EQ,168.3,182.9,167.8,177.79,177.45,168.15,53708881,9626390405.37,18-Aug-2026,264121,INE192B01031
WELSPLSOL,EQ,48,48.93,47.25,47.96,47.52,48.47,175909,8434822.17,18-Aug-2026,1474,INE731F01037
WENDT,EQ,8115,8253.5,7985,8055,8099.5,8110,5231,42185126.50,18-Aug-2026,1516,INE274C01019
WSTCSTPAPR,EQ,601.1,644,601.1,619.2,617.7,605.5,365686,228669600.45,18-Aug-2026,13824,INE976A01021
WCIL,EQ,87.9,88.09,85.8,86.27,86,87.99,31346,2716117.43,18-Aug-2026,884,INE0CJF01024
WESTLIFE,EQ,583.1,592.95,578,587.75,591.35,579.6,36576,21489191.70,18-Aug-2026,4454,INE274F01020
WEWORK,EQ,707,707,690,696.05,696,707.8,123453,86071604.60,18-Aug-2026,11928,INE085001019
WHEELS,EQ,1415,1452,1407,1442.6,1442.1,1417.5,54296,77722493.80,18-Aug-2026,5218,INE715A01015
WHIRLPOOL,EQ,778,785.15,765.15,769,769.7,777.35,158057,122021990.45,18-Aug-2026,8594,INE716A01013
WILLAMAGOR,EQ,26,26,24.99,25.15,25,24.93,2813,71562.39,18-Aug-2026,27,INE210A01017
WINDLAS,EQ,939,939,911.95,917.95,919.4,933.4,36703,33805004.80,18-Aug-2026,3463,INE0H5O01029
WINDMACHIN,EQ,302.1,322,300,318.9,319.2,300.4,1516405,470149064.75,18-Aug-2026,26094,INE052A01021
WINSOL,SM,110,117.8,110,114,113.15,111.9,19200,2181820.00,18-Aug-2026,30,INE0S3D01016
WIPRO,EQ,181.9,181.99,178.06,178.06,178.06,181.9,7074731,1269120344.59,18-Aug-2026,62610,INE075A01022
WTICAB,SM,102.25,105.95,102.15,105,105,105.15,16000,1670700.00,18-Aug-2026,17,INE623Y01011
WOCKPHARMA,EQ,1898.8,1900.4,1855.1,1859.9,1859,1898.8,476558,890137633.60,18-Aug-2026,46520,INE049B01025
WOMANCART,SM,105,109,100.35,108.45,109,103.45,46800,4992080.00,18-Aug-2026,102,INE0Q9601016
WEL,EQ,143.71,147.9,140.51,146.24,146.99,145.74,824447,119970157.43,18-Aug-2026,6826,INE02WG01024
WONDERLA,EQ,468.7,486,468.05,476,476.6,468.7,149025,71113396.35,18-Aug-2026,7020,INE066O01014
WORTHPERI,EQ,157.88,159,152.81,154.54,154,155.29,6710,1048977.16,18-Aug-2026,132,INE196Y01018
XCHANGING,EQ,62.18,62.55,61.65,62.24,62.55,61.72,43955,2723970.60,18-Aug-2026,645,INE692G01013
XELPMOC,EQ,79.5,80.18,78.94,79.85,80,79.48,6393,508946.86,18-Aug-2026,245,INE01P501012
XPROINDIA,EQ,1094,1120,1080.1,1088.6,1090,1103.7,53091,57973448.60,18-Aug-2026,2520,INE445C01015
XTGLOBAL,EQ,30.45,30.45,29.5,29.74,29.52,29.68,36734,1090063.99,18-Aug-2026,244,INE547B01028
XTRANET,EQ,159.95,172.5,155.41,168.97,168,158.7,867676,143482035.08,18-Aug-2026,13850,INE0NG701011
YAAP,SM,138,140,138,139.1,140,138,5000,692300.00,18-Aug-2026,5,INE0U0J01015
YASHOPTICS,SM,112.5,112.5,112.5,112.5,112.5,114,1600,180000.00,18-Aug-2026,2,INE0TO601017
YASHO,EQ,4400,4994,4399.9,4915.8,4949,4362.3,240192,1143814818.00,18-Aug-2026,40510,INE616Z01012
YATHARTH,EQ,838.7,859.8,838,854,857,842.85,218447,186257265.45,18-Aug-2026,13481,INE0JO301016
YATRA,EQ,114.5,117.2,112.86,115.5,115.49,113.95,942576,108512200.23,18-Aug-2026,10910,INE0JR601024
YESBANK,EQ,22.9,22.97,22.45,22.46,22.46,22.92,49817232,1126301212.97,18-Aug-2026,64577,INE528G01035
YOGI,EQ,157.45,174,155,155.82,174,160.9,1224,191424.50,18-Aug-2026,31,INE290E01011
YUDIZ,SM,23.4,23.5,23.4,23.4,23.4,24.6,7200,168640.00,18-Aug-2026,8,INE09FA01019
YUKEN,EQ,836.1,892.3,814.1,881.95,880,821.95,23830,20733940.30,18-Aug-2026,1884,INE384C01016
ZFSTEERING,EQ,674.6,695,663.45,679.8,683,673.6,3477,2369199.75,18-Aug-2026,149,INE116C01012
ZTECH,SM,501.05,510,497,502.7,500.3,499.4,22800,11518020.00,18-Aug-2026,43,INE0ISZ01012
ZAGGLE,EQ,160.61,169.9,154.36,165.88,165.94,160.48,19851829,3277049338.75,18-Aug-2026,157146,INE07K301024
ZEAL,SM,63.5,65.9,63.5,64.05,64.05,63.5,4200,271110.00,18-Aug-2026,7,INE0PPS01018
ZEEL,EQ,104.87,106.95,103.5,105.32,105,104.87,24564113,2585785573.68,18-Aug-2026,68302,INE256A01028
ZEELEARN,BE,8.08,8.08,7.8,7.85,7.85,7.98,148876,1170452.50,18-Aug-2026,324,INE565L01011
ZEEMEDIA,EQ,9.72,9.85,9.3,9.38,9.39,9.7,9984323,95449824.19,18-Aug-2026,11898,INE966H01019
ZENTEC,EQ,1860.1,2012.4,1855.2,1982.4,1985,1864.5,2742695,5403566813.40,18-Aug-2026,139099,INE251B01027
ZENITHEXPO,EQ,195.55,204.19,194.29,197.45,197,204.51,1132,224750.41,18-Aug-2026,60,INE058B01018
ZENITHSTL,EQ,5.37,5.58,5.37,5.51,5.55,5.48,28389,156651.00,18-Aug-2026,121,INE318D01020
ZENSARTECH,EQ,490.5,493.2,483,484.9,483.5,490.75,477870,232125922.60,18-Aug-2026,15008,INE520A01027
GOLDCASE,EQ,23.96,24.54,23.96,24.07,24.09,24.06,5556353,133752917.63,18-Aug-2026,6814,INF0R8F01042
LIQUIDCASE,EQ,115.51,115.53,115.51,115.51,115.51,115.49,13077255,1510637817.88,18-Aug-2026,10123,INF0R8F01034
LTGILTCASE,EQ,31.23,31.23,30.54,30.59,30.61,30.62,74756,2287048.18,18-Aug-2026,125,INF0R8F01133
MID150CASE,EQ,11.84,12.13,11.75,11.78,11.79,11.84,892340,10513502.66,18-Aug-2026,3217,INF0R8F01059
NIFTYCASE,EQ,10.02,10.02,9.71,9.74,9.75,9.78,616924,6006324.36,18-Aug-2026,1690,INF0R8F01166
SILVERCASE,EQ,24.3,24.3,23.45,23.51,23.52,23.71,3495428,82257720.91,18-Aug-2026,4802,INF0R8F01091
SML100CASE,EQ,11.3,11.3,11.21,11.25,11.27,11.28,806253,9071051.83,18-Aug-2026,1458,INF0R8F01141
TOP100CASE,EQ,10.73,10.81,10.6,10.69,10.68,10.73,640952,6852125.53,18-Aug-2026,955,INF0R8F01067
ZFCVINDIA,EQ,2612,2691,2601,2672.7,2670,2623.7,142083,376948439.80,18-Aug-2026,15710,INE342J01019
ZIMLAB,EQ,115,115.4,110.22,114.51,114.78,115.2,56724,6408309.08,18-Aug-2026,2511,INE518E01015
ZODIACLOTH,EQ,74.02,75,74.02,74.86,75,75.6,2596,193479.19,18-Aug-2026,78,INE206B01013
ZODIAC,EQ,260,262.8,251.05,256.05,257.95,256.25,20013,5127133.55,18-Aug-2026,1220,INE761Y01019
ZOTA,EQ,1116.9,1127.2,1076.4,1085.4,1085,1111.4,100892,111178083.10,18-Aug-2026,5161,INE358U01012
ZUARI,EQ,222.6,227.62,220.97,225.7,225.13,222.71,77311,17380160.10,18-Aug-2026,2325,INE840M01016
ZUARIIND,EQ,259.95,269,257.05,260.45,260.5,256.45,100921,26567604.15,18-Aug-2026,2884,INE217A01012
ZYDUSLIFE,EQ,1131.9,1144.1,1115.6,1115.6,1115.6,1131.5,810133,912723176.10,18-Aug-2026,23793,INE010B01027
ZYDUSWELL,EQ,507.6,509.95,492.1,496.65,496.9,510.15,201281,100811062.35,18-Aug-2026,10513,INE768C01028
