SYMBOL,SERIES,OPEN,HIGH,LOW,CLOSE,LAST,PREVCLOSE,TOTTRDQTY,TOTTRDVAL,TIMESTAMP,TOTALTRADES,ISIN
SGBJUN28,GB,14700,14700,14700,14700,14700,14751.45,48,705600.00,29-Sep-2026,10,IN0020200104
SGBN28VIII,GB,14662.5,14735,14662.5,14726.5,14735,14799.92,41,602225.62,29-Sep-2026,19,IN0020200286
SGBMAY29I,GB,14700,14773.99,14630.03,14731.83,14750,14732.74,206,3029289.87,29-Sep-2026,64,IN0020210053
SGBJUN29II,GB,14799,14799,14650,14723.14,14701,14720.53,153,2253137.87,29-Sep-2026,39,IN0020210061
SGBJU29III,GB,14625,14710,14625,14700.71,14700,14745.07,85,1249231.19,29-Sep-2026,20,IN0020210087
SGBSEP29VI,GB,14790,14815,14730.01,14810.5,14800,14815.57,205,3032889.94,29-Sep-2026,47,IN0020210145
SGBNV29VII,GB,14790,14798.99,14701,14749.38,14721,14737.65,310,4567857.17,29-Sep-2026,69,IN0020210178
SGBOCT26,GB,14950,14950,14750,14750,14750,15100,2,29700.00,29-Sep-2026,2,IN0020180249
SGBNOV26,GB,14650,14650,14625,14625,14625,14898.98,11,160900.00,29-Sep-2026,2,IN0020180314
SGBDEC26,GB,14998.99,14998.99,14998.99,14998.99,14998.99,14998.99,1,14998.99,29-Sep-2026,1,IN0020180389
SGBJUL27,GB,14649.99,14701,14559.01,14650,14650,14666.1,52,761080.75,29-Sep-2026,8,IN0020190081
SGBAUG27,GB,14712,14824.98,14625.01,14693.05,14670,14711.07,102,1498907.68,29-Sep-2026,39,IN0020190107
SGBSEP27,GB,14670,14670,14670,14670,14670,14720,4,58680.00,29-Sep-2026,3,IN0020190115
SGBJAN27,GB,15249.99,15249.99,15249.99,15249.99,15249.99,15250,1,15249.99,29-Sep-2026,1,IN0020180462
SGBOCT27,GB,15200,15200,14631,14700,14700,15200,5,73862.00,29-Sep-2026,5,IN0020190370
SGBFEB27,GB,14511.01,14610,14511.01,14610,14610,14650,2,29121.01,29-Sep-2026,2,IN0020180561
SGBOCT27VI,GB,14700,14700,14700,14700,14700,14800,1,14700.00,29-Sep-2026,1,IN0020190388
SGBDC27VII,GB,14801,14801,14801,14801,14801,14802,2,29602.00,29-Sep-2026,2,IN0020190461
SGBAPR28I,GB,14765,14769.99,14710,14739.41,14720,14754.62,149,2196117.46,29-Sep-2026,45,IN0020200062
SGBMAY28,GB,14749.99,14749.99,14640.5,14724,14724,14730.06,54,795033.43,29-Sep-2026,13,IN0020200088
SGBJUL28IV,GB,14726.67,14726.67,14626.02,14654.97,14719.98,14726.67,298,4366656.34,29-Sep-2026,52,IN0020200146
SGBFEB28IX,GB,14802.11,14899,14601,14638,14675,14900,16,237471.12,29-Sep-2026,7,IN0020190545
SGBAUG28V,GB,14749,14775,14666.66,14766.95,14775,14737.67,657,9684324.86,29-Sep-2026,151,IN0020200161
SGBSEP28VI,GB,14727.44,15000,14601,14805.13,14642.01,14801.44,228,3356098.79,29-Sep-2026,61,IN0020200195
SGBOC28VII,GB,14701.5,14750,14666,14725.06,14725.01,14920,255,3751601.79,29-Sep-2026,35,IN0020200203
SGBJ28VIII,GB,14685,14740,14526,14740,14740,14640,89,1302296.08,29-Sep-2026,29,IN0020190537
SGBMAR28X,GB,14670,14740,14670,14740,14740,14686.84,34,499060.00,29-Sep-2026,6,IN0020190552
SGBJUL29IV,GB,14779.99,14850,14501,14723.27,14705,14780,390,5721032.89,29-Sep-2026,87,IN0020210111
SGBJAN29IX,GB,14740,14770,14645,14713.19,14713.19,14734.28,364,5358903.49,29-Sep-2026,45,IN0020200377
SGBAUG29V,GB,14782,14848.99,14605.01,14756.66,14800,14857.14,271,3994349.50,29-Sep-2026,66,IN0020210129
SGBD29VIII,GB,14873.95,14928,14745,14766.86,14766.85,14873.95,157,2321104.73,29-Sep-2026,72,IN0020210228
SGBJAN29X,GB,14660,14738,14623,14736.05,14737,14733.56,47,690581.97,29-Sep-2026,25,IN0020200385
SGBFEB29XI,GB,14762.27,14800,14700,14769,14769,14836.45,27,398512.28,29-Sep-2026,13,IN0020200393
SGBMR29XII,GB,14750,14750,14610.56,14682.26,14700,14741.23,224,3284000.44,29-Sep-2026,82,IN0020200427
SGBJUN30,GB,15099,15244.99,14901,14970.12,15100,14984.52,103,1550450.49,29-Sep-2026,42,IN0020220045
SGBAUG30,GB,15096.08,15149.11,15000,15048.26,15030,15096.08,72,1084607.46,29-Sep-2026,30,IN0020220078
SGBDE30III,GB,15112.38,15299.99,14980,14980.5,14980,15112.38,95,1428977.73,29-Sep-2026,60,IN0020220110
SGBJAN30IX,GB,15021.73,15076.99,14821.02,14951.5,14826.01,14947,48,715592.74,29-Sep-2026,20,IN0020210236
SGBMAR30X,GB,14900,14990,14825,14951.33,14990,14934.94,49,730828.46,29-Sep-2026,20,IN0020210319
SGBJUN31I,GB,15085.01,15135.59,14950,15042.52,15040,15135.59,655,9857603.68,29-Sep-2026,153,IN0020230069
SGBSEP31II,GB,15149,15149,14981.01,15035.85,15020,15128.02,1608,24173450.71,29-Sep-2026,263,IN0020230093
SGBDE31III,GB,15202,15499.99,15100,15249.43,15200,15337,1382,21070071.66,29-Sep-2026,318,IN0020230168
SGBMAR31IV,GB,15100,15250,14626.56,14994.6,14985,15082.48,555,8281390.04,29-Sep-2026,138,IN0020220169
SGBFEB32IV,GB,15699.99,15875,15510.01,15627.81,15600.1,15660.13,869,13543966.99,29-Sep-2026,225,IN0020230184
20MICRONS,EQ,212.16,216.45,209.02,212.8,211.2,212.94,54062,11514418.21,29-Sep-2026,2439,INE144J01027
21STCENMGM,EQ,39.64,39.64,38.85,39.37,39.64,39.64,2715,107339.09,29-Sep-2026,25,INE253B01015
360ONE,EQ,1040,1052.1,1019.4,1029.2,1029.2,1045,2488489,2580784559.60,29-Sep-2026,80383,INE466L01038
GOLD360,EQ,143.35,143.35,141.5,142.05,142.4,142.95,11095,1576808.25,29-Sep-2026,275,INF579M01BB5
MSCI360,EQ,9.89,9.89,9.56,9.77,9.76,9.64,11703,112719.27,29-Sep-2026,188,INF579M01BP5
SILVER360,EQ,217,217,214.78,215.68,215.72,217.62,7026,1515240.97,29-Sep-2026,244,INF579M01BC3
3BBLACKBIO,EQ,1575.1,1635,1532.9,1622.7,1622.5,1584.8,31539,50332334.90,29-Sep-2026,4051,INE994E01018
3IINFOLTD,BE,23.56,23.83,22.8,23.36,23.5,23.99,166913,3867059.71,29-Sep-2026,739,INE748C01038
3MINDIA,EQ,33200,33400,31600,31890,31915,33415,29335,939648595.00,29-Sep-2026,12412,INE470A01017
3PLAND,EQ,32.48,32.48,30.05,31.87,31.87,30.83,294,9153.09,29-Sep-2026,39,INE105C01023
5PAISA,EQ,303.05,307.45,301,304.9,302,305.15,13569,4137427.05,29-Sep-2026,880,INE618L01018
63MOONS,EQ,818.8,827.4,803.95,810.8,809.25,818.6,195169,158939332.00,29-Sep-2026,8832,INE111B01023
740IIFCL33,N1,1171,1171,1171,1171,1171,1160,500,585500.00,29-Sep-2026,1,INE787H07156
751HUDCO28,N5,1070.5,1070.5,1070.5,1070.5,1070.5,1069,1,1070.50,29-Sep-2026,1,INE031A07865
760PFCL35,N3,1214.2,1239,1214.2,1239,1239,1215.1,539,666833.80,29-Sep-2026,6,INE134E07588
764NABAR31,N2,1114.85,1114.85,1114.85,1114.85,1114.85,1114.65,5,5574.25,29-Sep-2026,1,INE261F07032
764HUDCO31,N8,1127.99,1127.99,1127.99,1127.99,1127.99,1120,1,1127.99,29-Sep-2026,1,INE031A07AO5
812REC27,NI,1025.92,1026.07,1025.92,1026.07,1026.07,1025.72,155,159037.45,29-Sep-2026,4,INE020B07GH7
82HUDCO27,N2,1058.9,1058.9,1053.05,1054.28,1054,1052.33,2263,2385556.00,29-Sep-2026,21,INE031A07840
830PFCL27,N5,1017,1017,1002.01,1004.49,1004.49,1087.88,764,767436.55,29-Sep-2026,31,INE134E07208
873NTPC28,N5,1135.62,1135.62,1135.62,1135.62,1135.62,1123.62,1,1135.62,29-Sep-2026,1,INE733E07JI1
875NHAI29,N6,1121.68,1124,1120.68,1124,1124,1123.68,288,323565.64,29-Sep-2026,5,INE906B07DF8
876HUDCO28,ND,1144,1144,1144,1144,1144,1141.25,20,22880.00,29-Sep-2026,1,INE031A07949
891IIFCL34,N4,1259,1265,1259,1264.92,1265,1258.11,205,259304.00,29-Sep-2026,3,INE787H07370
891NTPC33,N6,1279.1,1284.99,1279,1281.33,1280,1279.09,495,633383.49,29-Sep-2026,11,INE733E07JJ9
892NHPC33,N6,1270,1270,1270,1270,1270,1265,279,354330.00,29-Sep-2026,3,INE848E07567
892PFCL33,N8,1290,1290,1288.5,1290,1290,1283,340,438592.50,29-Sep-2026,5,INE134E07463
901HUDCO34,NE,1287,1290,1287,1289.99,1290,1281,330,425044.51,29-Sep-2026,7,INE031A07AB2
ABCOTS,EQ,203.9,203.9,190.4,198.84,199,200.15,13070,2597873.96,29-Sep-2026,465,INE08PH01015
ABINFRA,BE,12.03,12.6,12.01,12.5,12.5,12.38,396091,4919191.07,29-Sep-2026,272,INE00YB01025
ABMKNO,EQ,170,174.95,165.13,168.59,168.3,175.13,361,60595.01,29-Sep-2026,47,INE850B01026
ACSTECH,BE,81.05,81.05,81.05,81.05,81.05,82.7,30733,2490909.65,29-Sep-2026,82,INE366C01021
AKCAPIT,EQ,1746.5,1772,1706,1728.1,1720,1758,728,1275134.60,29-Sep-2026,131,INE701G01012
A2ZINFRA,EQ,14.29,14.66,14.29,14.51,14.64,14.66,150724,2170118.59,29-Sep-2026,516,INE619I01012
AAATECH,EQ,99.4,100.7,97.06,99.94,100.35,99.53,304150,29987337.51,29-Sep-2026,1042,INE0D0U01013
AADHARHFC,EQ,435.1,443.95,427.3,432.5,432,436.95,376339,162299970.35,29-Sep-2026,16778,INE883F01010
AAKAAR,SM,67,67,67,67,67,67,3200,214400.00,29-Sep-2026,2,INE1GYP01013
AAKASH,EQ,8.62,8.99,8.51,8.59,8.6,8.8,56400,488770.01,29-Sep-2026,293,INE087Z01024
AARADHYA,ST,128.05,128.05,128.05,128.05,128.05,132.1,1200,153660.00,29-Sep-2026,1,INE124401014
AAREYDRUGS,EQ,99.53,101.69,97.24,99.92,100,99.53,131399,13091505.36,29-Sep-2026,985,INE198H01019
AARNAV,BE,34.25,35.94,34,35.16,35.88,35.28,18763,651824.30,29-Sep-2026,80,INE750R01016
AARON,EQ,122,124,119.15,122.01,123,121.62,6277,761709.75,29-Sep-2026,308,INE721Z01010
AARTECH,BE,51,51,50.01,50.01,50.45,51.22,27571,1386768.59,29-Sep-2026,102,INE01C001026
AARTIDRUGS,EQ,427.5,444,422.05,428.6,428,429.65,570194,245876265.15,29-Sep-2026,18988,INE767A01016
AARTIIND,EQ,475,482.9,468,469.9,471.5,476.6,392844,186824844.65,29-Sep-2026,20373,INE769A01020
AARTIPHARM,EQ,912,985.05,906.2,972.8,982,914,812673,774399131.90,29-Sep-2026,42698,INE0LRU01027
AARTISURF,BE,492,498.9,475.2,489.2,488.6,499.25,12901,6259382.30,29-Sep-2026,349,INE09EO01013
AARVI,EQ,135,138,135,136.21,136.1,135.74,8359,1138998.66,29-Sep-2026,289,INE754X01016
AASTHA,EQ,38.71,38.71,36.61,37.53,37.41,39.3,689221,25746464.45,29-Sep-2026,5152,INE2FMX01012
AATMAJ,SM,20.45,20.45,20.45,20.45,20.45,20.45,4000,81800.00,29-Sep-2026,2,INE0OB201016
AAVAS,EQ,1277.1,1282.4,1233.6,1248.4,1247.8,1282.4,63420,79690713.60,29-Sep-2026,16293,INE216P01012
ABAN,BE,14.35,14.35,14.03,14.35,14.35,14.07,44023,631705.41,29-Sep-2026,115,INE421A01028
ABANSENT,EQ,27.3,27.3,26.13,26.87,26.94,26.84,4321,115881.32,29-Sep-2026,145,INE365O01028
AFSL,EQ,201,202.5,201,201.04,201,201,4509,907415.99,29-Sep-2026,121,INE00ZE01026
ABB,EQ,6950,6953,6660.5,6660.5,6660.5,6972.5,213768,1463667602.00,29-Sep-2026,28859,INE117A01022
ABBOTINDIA,EQ,26735,27850,26650,27270,27310,26740,20582,564312895.00,29-Sep-2026,10394,INE358A01014
805ABCL28,N5,1019.9,1019.9,1011.9,1011.9,1011.9,1040,48,48650.60,29-Sep-2026,4,INE860H07IT4
ABH,SM,45,45,42.25,42.4,42.25,44.45,56400,2443980.00,29-Sep-2026,42,INE1R2M01019
ABHAPOWER,SM,23.1,23.1,22.9,23.1,23.1,23.4,20800,478640.00,29-Sep-2026,13,INE0UYG01015
ABMINTLLTD,BE,45.2,45.2,45.2,45.2,45.2,45.2,25,1130.00,29-Sep-2026,1,INE251C01025
ABSMARINE,SM,321,325.9,313,318.35,318,323,40500,12923650.00,29-Sep-2026,77,INE0QRV01016
ACC,EQ,1215.5,1224.5,1188.1,1202.6,1200,1213.5,731645,878850944.50,29-Sep-2026,45637,INE012A01025
ACCELYA,EQ,1099,1108.7,1085,1095.4,1097.7,1099.9,9213,10093650.80,29-Sep-2026,1100,INE793A01012
ACCENTMIC,SM,683.95,683.95,671.3,674,673.4,676.85,16000,10828450.00,29-Sep-2026,29,INE0Q5D01013
ACCPL,ST,202.25,210.95,202.25,210.95,210.95,202.25,2400,495840.00,29-Sep-2026,2,INE0T8T01010
ACCURACY,BE,4.3,4.32,4.12,4.25,4.27,4.3,36760,155065.24,29-Sep-2026,127,INE648Z01023
ACEINTEG,EQ,16.7,16.95,16.1,16.4,16.24,17.02,3269,53574.75,29-Sep-2026,120,INE543V01017
ACETEC,SM,145,145,145,145,145,145,3600,522000.00,29-Sep-2026,3,INE1J6M01010
ACMESOLAR,EQ,438.95,440.8,427.9,437.95,438.2,437.9,1067318,465645229.45,29-Sep-2026,43580,INE622W01025
ACE,EQ,1205,1229.7,1199,1205.8,1202,1212.9,232653,282654017.40,29-Sep-2026,24035,INE731H01025
ACUTAAS,EQ,3290,3340,3202.1,3304.1,3317.9,3214.4,999485,3283475621.00,29-Sep-2026,102113,INE00FF01025
ADANIENSOL,EQ,1287.8,1328,1275.2,1305.8,1305.8,1287.9,2592098,3386480049.40,29-Sep-2026,77892,INE931S01010
ADANIENT,EQ,2834.6,2972.9,2793.7,2972.9,2972.9,2831.1,4062231,11856774231.30,29-Sep-2026,78392,INE423A01024
ADANIGREEN,EQ,1235,1260,1223.6,1260,1260,1235,1615165,2007640712.10,29-Sep-2026,41843,INE364U01010
ADANIPORTS,EQ,1755.2,1822,1738.4,1822,1822,1743.7,4214197,7526739901.20,29-Sep-2026,83603,INE742F01042
ADANIPOWER,EQ,196.3,199.84,192.45,196.3,196.3,196.14,33801685,6642970258.50,29-Sep-2026,133196,INE814H01029
ATGL,EQ,598.1,599.4,586,588.4,588.2,594.45,603219,357073115.65,29-Sep-2026,29213,INE399L01023
ADDIND,EQ,80,82,76.99,78.4,78.4,77.5,2807,221020.42,29-Sep-2026,42,INE757C01021
ADDICTIVE,ST,42.25,44,42.25,43.2,43.2,44,7000,303250.00,29-Sep-2026,11,INE0RDH01021
ADFFOODS,EQ,265,270.25,261.5,268.3,270.25,266.6,67714,18002341.30,29-Sep-2026,2220,INE982B01027
ADISOFT,SM,264,266,248.75,260.15,258,264.6,93600,24074240.00,29-Sep-2026,105,INE20PL01012
ABSLAMC,EQ,984,999.9,950.3,955.9,957.1,987.7,167070,160972280.80,29-Sep-2026,20692,INE404A01024
ABCAPITAL,EQ,381,383,376.05,378,378,382.7,4503197,1708933035.20,29-Sep-2026,57438,INE674K01013
ABFRL,EQ,47.59,47.72,46,46.24,46.23,47.59,12856547,598891536.98,29-Sep-2026,41408,INE647O01011
ABLBL,EQ,77.13,84.43,75.06,76.98,76.2,77.17,32556815,2629102601.48,29-Sep-2026,137960,INE14LE01019
BIRLAMONEY,EQ,114.71,115.78,112.01,114.29,113.65,115.31,31654,3611344.58,29-Sep-2026,1069,INE865C01022
ABREL,EQ,1192.1,1194.7,1155.6,1160.6,1161.9,1191.5,170053,199255401.10,29-Sep-2026,18022,INE055A01016
CPPLUS,EQ,3739,3841.9,3714.1,3817.6,3811,3723.4,224859,849996932.20,29-Sep-2026,35058,INE819V01029
AUSL,SM,23,23,23,23,23,23,4000,92000.00,29-Sep-2026,2,INE01YQ01013
AVL,EQ,597.5,597.5,584,585.8,585,595.15,91169,53597936.05,29-Sep-2026,9019,INE679V01027
BSLGOLDETF,EQ,129.38,129.74,127.66,128.49,128.72,129.35,810457,104108095.49,29-Sep-2026,3201,INF209KB18D3
BSLNIFTY,EQ,26.81,28,26.56,27.06,27.83,26.81,979590,26267246.21,29-Sep-2026,4471,INF209KB19D1
ADOR,EQ,1620.3,1631,1592.2,1612,1606.1,1611.7,30103,48698563.70,29-Sep-2026,3438,INE045A01017
ADROITINFO,EQ,13.98,14.97,13.25,14.23,14.25,13.51,767644,11032141.01,29-Sep-2026,2662,INE737B01033
ADVAIT,EQ,1862,1911,1838,1903.6,1909,1867.4,40598,76296823.20,29-Sep-2026,6970,INE0ALI01010
ADVANCE,EQ,123.77,123.78,119.51,120.19,120.65,121.5,115011,13888030.76,29-Sep-2026,2103,INE1B0W01010
ADVENZYMES,EQ,285.05,286.95,279.75,282.15,283.3,283.15,204966,57917907.90,29-Sep-2026,7226,INE837H01020
ADVANIHOTR,EQ,48.79,48.79,47.01,47.4,47.31,48.13,24199,1147542.17,29-Sep-2026,650,INE199C01026
ADVENTHTL,EQ,124.5,127.39,121,124.7,125.25,124.62,135289,16805360.78,29-Sep-2026,3295,INE28GN01010
ADVIKCA,EQ,0.96,0.99,0.96,0.97,0.98,0.97,226781,221382.70,29-Sep-2026,219,INE178T01024
RAMBHAJO,EQ,266.7,291.53,263.21,290.97,291.53,265.03,1672071,476182145.83,29-Sep-2026,16631,INE1SJO01012
AEGISLOG,EQ,1308.1,1342.5,1279.8,1299.8,1309.9,1308.1,563303,737645358.70,29-Sep-2026,44091,INE208C01025
AEGISVOPAK,EQ,298,298,288.1,294.25,292.7,298.55,869693,254694758.55,29-Sep-2026,24742,INE0INX01018
AEL170725A,NG,1080,1080,1080,1080,1080,1109,5,5400.00,29-Sep-2026,1,INE423A07468
AEL1212026,NO,1018.5,1018.5,1018.5,1018.5,1018.5,1052,8,8148.00,29-Sep-2026,1,INE423A07542
848AEL29,NJ,1010.25,1010.25,1010.25,1010.25,1010.25,1015.25,9,9092.25,29-Sep-2026,1,INE423A07492
860AEL28,NH,1057.8,1057.8,1057.8,1057.8,1057.8,1053,46,48658.80,29-Sep-2026,2,INE423A07484
862AEL31,NM,1019.99,1019.99,1015,1016,1016,1020,482,490334.50,29-Sep-2026,11,INE423A07518
875AEL29,NK,1053,1053,1053,1053,1053,1062.69,58,61074.00,29-Sep-2026,4,INE423A07534
890AEL31,NN,1060,1060,1057.25,1059.98,1059.99,1061.2,1850,1958348.04,29-Sep-2026,24,INE423A07526
915AEL28,NC,1025,1025,1023.3,1023.38,1023.3,1020.02,44,45028.90,29-Sep-2026,6,INE423A07435
AEQUS,EQ,260,273,249.03,271.63,271.74,260.1,11417115,2994556620.69,29-Sep-2026,106266,INE947N01017
AEROENTER,EQ,121.7,126,118.81,124.7,126,121.66,382082,47095802.27,29-Sep-2026,6585,INE065D01027
AEROFLEX,EQ,511.3,543.65,508.1,539.6,539.6,513.4,1421036,753912758.30,29-Sep-2026,36693,INE024001021
AERONEU,EQ,75,75,72.21,72.98,72.65,75.18,31159,2289528.16,29-Sep-2026,929,INE035801013
AERON,SM,82.05,84.9,80.6,83,83,84.5,7000,578050.00,29-Sep-2026,6,INE0WL801011
AESTHETIK,SM,65.8,65.8,65.1,65.1,65.1,65.8,2000,130900.00,29-Sep-2026,2,INE0TSF01011
AETHER,EQ,1746.9,1773.7,1707,1749.9,1747.9,1739.2,521059,906873850.10,29-Sep-2026,44093,INE0BWX01014
AFCONS,EQ,253,253.05,244.9,245.1,245,251.65,562757,139024335.15,29-Sep-2026,14559,INE101I01011
AFFLE,EQ,1542.2,1548.4,1494.5,1501,1504.9,1548.4,193607,291959894.30,29-Sep-2026,24607,INE00WC01027
AFFORDABLE,EQ,165.12,175.4,165.12,173.52,171.1,170.74,15470,2643423.02,29-Sep-2026,800,INE692Z01013
12AFIL27,N0,10000,10000.59,10000,10000.59,10000.59,10000,22,220001.18,29-Sep-2026,2,INE916Y07032
12AFIL28,N0,10000,10000,10000,10000,10000,10000,1,10000.00,29-Sep-2026,1,INE916Y07057
AGARIND,EQ,398.35,400,389.1,391.2,391.8,397.15,24191,9534875.40,29-Sep-2026,1352,INE204E01012
AGARWALTUF,SM,155.1,170,155,169.6,169.7,157.1,190800,31758480.00,29-Sep-2026,98,INE0P8X01016
AGASTYAEN,BE,69.57,69.57,69.57,69.57,69.57,70.98,30063,2091482.91,29-Sep-2026,59,INE753W01010
AGI,EQ,804.8,808.4,781.1,792.9,792,804.8,100537,79530085.50,29-Sep-2026,8854,INE415A01038
AGIIL,EQ,277.55,279.9,263.35,264.85,264.5,271.6,706302,190664067.70,29-Sep-2026,11671,INE976R01033
AGNI,SM,15,15.75,15,15.65,15.65,15.2,10000,155125.00,29-Sep-2026,4,INE0LF301013
AGRITECH,EQ,95,95.4,92.5,93.19,93.99,93.99,2513,235075.30,29-Sep-2026,91,INE449G01018
AGROPHOS,EQ,23.51,24.04,23.47,23.96,23.96,23.95,4890,116216.91,29-Sep-2026,103,INE740V01019
AGSTRA,BZ,2.64,2.64,2.64,2.64,2.64,2.52,134862,356035.68,29-Sep-2026,113,INE583L01014
AHLADA,EQ,38.57,38.57,37.06,37.15,37.06,38.57,7808,292482.55,29-Sep-2026,115,INE00PV01013
AHLUCONT,EQ,568.05,572.1,544.1,551.55,553.7,572.4,238960,132424350.10,29-Sep-2026,13556,INE758C01029
AIAENG,EQ,3850,3859.5,3805,3835.7,3843.1,3841.4,36731,140907446.60,29-Sep-2026,12707,INE212H01026
AIMTRON,SM,1802,1888,1775,1873.4,1882,1801.6,48600,89428780.00,29-Sep-2026,219,INE0RUV01018
GOLDTECH,BE,45.59,45.8,45.59,45.59,45.59,46.52,7301,332875.48,29-Sep-2026,29,INE805A01014
AIRAN,EQ,16.88,16.88,16,16.4,16.56,16.69,52427,852576.06,29-Sep-2026,441,INE645W01026
AIROLAM,EQ,90.25,91,88.79,89.06,90.98,88.79,165,14670.29,29-Sep-2026,17,INE801L01010
AJANTPHARM,EQ,3524.9,3589,3500,3557.5,3545,3525.2,85009,301907230.00,29-Sep-2026,18485,INE031B01049
AJAXENGG,EQ,600,602.5,578.95,591.65,586.25,589.9,88197,51959226.00,29-Sep-2026,6062,INE274Y01021
AJMERA,EQ,118.74,121,114.61,120.16,119.69,119.62,237553,28007667.01,29-Sep-2026,4172,INE298G01035
AJOONI,EQ,3.16,3.16,3.11,3.14,3.16,3.14,112283,351325.10,29-Sep-2026,351,INE820Y01021
AKANKSHA,SM,167.65,167.65,160,167.6,167.65,159.7,86000,14229700.00,29-Sep-2026,78,INE0PCY01014
AKASH,EQ,24.55,25.5,24.5,25.32,25.43,25.02,5273,132390.31,29-Sep-2026,54,INE737W01013
AKG,EQ,9.8,9.84,9.65,9.8,9.8,9.76,3597,34898.79,29-Sep-2026,37,INE00Y801016
AKI,BE,6.29,6.29,6.01,6.15,6.18,6.3,78460,480738.97,29-Sep-2026,271,INE642Z01026
AKIKO,SM,428,433.95,414,433.95,433.95,428,14400,6093240.00,29-Sep-2026,17,INE0PMR01017
AFIL,EQ,7.91,8.1,7.49,7.85,7.89,7.89,1137489,8816560.53,29-Sep-2026,1103,INE916Y01027
AKSHOPTFBR,BE,6.9,7.3,6.9,7.11,7.1,7.07,207512,1459943.84,29-Sep-2026,339,INE523B01011
AKSHAR,EQ,0.42,0.42,0.39,0.41,0.42,0.41,2658117,1095693.08,29-Sep-2026,341,INE256Z01025
AKSHARCHEM,BE,387.9,387.9,375,376.55,379.65,383.35,1990,752730.70,29-Sep-2026,72,INE542B01011
AKUMS,EQ,800,828,800,819.55,818.7,799.95,179399,146288086.50,29-Sep-2026,17695,INE09XN01023
ALANKIT,EQ,7.72,7.79,7.5,7.56,7.59,7.72,101890,772030.19,29-Sep-2026,704,INE914E01040
ALBERTDAVD,EQ,864.3,898,842.05,876.35,882.9,846.95,13163,11465115.85,29-Sep-2026,1421,INE155C01010
ALCODIS,SM,62.1,62.1,61.9,61.95,62,64.9,2500,155062.50,29-Sep-2026,4,INE448V01019
ALEMBICLTD,EQ,106.95,112,105.34,108.44,109.35,106.91,1919395,209830155.49,29-Sep-2026,18618,INE426A01027
APLLTD,EQ,853.9,868,837.5,861.5,864.9,854.35,457488,391196471.15,29-Sep-2026,33606,INE901L01018
ALFREDHE,EQ,2710,2823,2710,2823,2823,2740,9,24628.30,29-Sep-2026,3,INE782D01027
ALGOQUANT,EQ,69.4,69.4,64.79,65.64,65.85,69.55,2269037,149789918.79,29-Sep-2026,8118,INE598D01035
ALICON,EQ,714,740,702.05,724.85,725,716.85,64416,46574650.00,29-Sep-2026,4171,INE062D01024
ALIVUS,EQ,1337,1370,1328.6,1356.8,1353,1345.5,245623,330895888.50,29-Sep-2026,30741,INE03Q201024
ALKALI,BE,95.02,96,89.85,92.79,95,94.55,8117,759735.26,29-Sep-2026,147,INE773I01017
ALKEM,EQ,5166.5,5306.5,5152,5250,5250,5175,244410,1284483433.50,29-Sep-2026,36626,INE540L01014
ALKYLAMINE,EQ,1799.8,1826,1771.2,1781.3,1776,1799.8,29151,52366374.10,29-Sep-2026,7139,INE150B01039
ALLETEC,SM,121.1,124.95,120.2,120.85,120.9,121.05,22000,2667580.00,29-Sep-2026,52,INE0M2X01012
ALLTIME,EQ,199.5,199.5,192.45,193.18,192.46,197.91,95447,18639390.91,29-Sep-2026,2096,INE0GV601021
AGL,EQ,13.19,13.35,12.8,13.19,13.05,13.21,1032031,13507454.78,29-Sep-2026,2384,INE1YPB01014
ALLCARGO,EQ,10.77,10.77,10.5,10.53,10.57,10.82,5539499,58639727.78,29-Sep-2026,6503,INE418H01029
ATL,EQ,24.86,24.94,24.12,24.47,24.32,24.85,143546,3499471.79,29-Sep-2026,2711,INE0NN701020
ALLDIGI,EQ,778.95,785.55,771,775.8,774.05,775.9,5852,4546882.45,29-Sep-2026,557,INE835G01018
ABDL,EQ,719.85,726.9,706.4,716.5,718.15,723.45,510230,365745626.15,29-Sep-2026,24635,INE552Z01027
ADSL,EQ,114,114.3,108.27,109.99,109.19,116.66,594717,65681251.07,29-Sep-2026,10425,INE102I01027
ALMONDZ,BE,20.6,20.61,20.04,20.06,20.06,21.09,253726,5095471.57,29-Sep-2026,334,INE326B01035
ALOKINDS,EQ,7.24,7.25,7.02,7.06,7.1,7.22,22686291,161395321.50,29-Sep-2026,14169,INE270A01029
ALPA,EQ,59.49,59.85,58.3,59.76,59.79,59.21,5289,312360.03,29-Sep-2026,105,INE385I01010
ALPEXSOLAR,SM,868,874.9,855.05,865.3,865.2,872,17400,15081745.00,29-Sep-2026,148,INE0R4701017
ALPHAGEO,BE,270,270,256.2,259.15,264.5,269.55,12276,3230294.50,29-Sep-2026,299,INE137C01018
ALPINETEX,EQ,48.36,50.95,47.22,48.95,48.7,48.36,170617,8304534.96,29-Sep-2026,2622,INE1JCQ01037
ALUFLUOR,EQ,609.95,649,580,632.55,637,604.7,57672,36264835.85,29-Sep-2026,3023,INE058F01019
ALUWIND,SM,49,49.95,47.55,49.8,49.95,51.45,10500,515175.00,29-Sep-2026,7,INE0STM01017
AMAGI,EQ,561,573.95,553.05,563.85,563.3,560,538606,304766700.90,29-Sep-2026,19064,INE121R01077
AMAL,EQ,659.8,690,654.05,682.1,673.3,665.55,5117,3426938.70,29-Sep-2026,761,INE841D01013
AMANTA,BE,179.34,186.66,179.34,186.66,186.66,183,34512,6306600.89,29-Sep-2026,136,INE084K01015
ARE&M,EQ,775,778.95,764,766.3,769.4,774.95,325892,250731873.45,29-Sep-2026,29582,INE885A01032
AMARJOTHI,EQ,150.7,152.45,147.05,152,152,150.7,456,68693.04,29-Sep-2026,41,INE484D01012
AMBAAUTO,SM,95,99.75,95,99.6,99.75,95,21000,2078750.00,29-Sep-2026,19,INE293601014
AMBALALSA,BE,39.28,39.8,38.11,39.04,39.74,39.28,31254,1219097.65,29-Sep-2026,146,INE432A01017
AMBANIORGO,SM,114.95,114.95,114.95,114.95,114.95,115,43000,4942850.00,29-Sep-2026,1,INE00C501018
AMBER,EQ,6915.5,7001,6606.5,6606.5,6606.5,6990,286219,1933124171.00,29-Sep-2026,42070,INE371P01015
AMBICAAGAR,EQ,24.88,24.88,24.11,24.37,24.38,24.88,3594,87332.83,29-Sep-2026,93,INE792B01012
AMBIKCO,EQ,1568,1582,1525,1527.1,1527,1568,9578,14700084.60,29-Sep-2026,1039,INE540G01014
AMBUJACEM,EQ,373.5,373.6,365.75,365.75,365.75,374.35,1769537,652754848.25,29-Sep-2026,29656,INE079A01024
AMDIND,BE,56.65,56.65,53.82,54,53.82,56.65,58547,3171970.79,29-Sep-2026,382,INE005I01014
AMEYA,SM,137,146.2,137,146.2,146.2,139.25,10000,1422700.00,29-Sep-2026,10,INE0KT901015
AMNPLST,EQ,169,171.8,162,170.18,170.1,166.82,107852,18157017.17,29-Sep-2026,221,INE275D01022
AEROPLANE,EQ,200.05,204.78,195.32,202.08,201.35,201.09,702329,140719210.90,29-Sep-2026,6426,INE05TO01019
AMJLAND,EQ,37.5,38.87,37.5,38.04,37.75,38.05,16749,643101.99,29-Sep-2026,105,INE606A01024
AMRUTANJAN,EQ,505.05,508,499.15,505.25,506,506.55,17570,8841012.15,29-Sep-2026,1127,INE098F01031
ARSSBL,EQ,497,506.35,495,500.45,497.05,500.6,122318,61301569.00,29-Sep-2026,3848,INE549H01021
ANANDRATHI,EQ,2150,2168.9,2077.3,2100.6,2105,2146.2,1341769,2824982727.10,29-Sep-2026,67605,INE463V01026
ANANTRAJ,EQ,605,613.6,599,602.3,600.8,607.95,1194043,721093122.40,29-Sep-2026,32688,INE242C01024
ANANTAM,IV,104.76,104.76,104.21,104.28,104.5,104.76,144007,15048593.19,29-Sep-2026,145,INE1UA823019
ANAWIL,SM,468.85,510,468.85,509,510,468.85,315600,155582300.00,29-Sep-2026,607,INE1J5V01013
AMCL,SM,340,346.9,336,346.9,346.9,347.9,2400,821480.00,29-Sep-2026,6,INE0VG001016
ACL,EQ,40.78,40.78,38.4,39.56,39.96,39.94,25165,989662.71,29-Sep-2026,542,INE666E01020
ANDHRAPAP,EQ,72.98,72.98,71.01,72.32,72,72.62,212077,15268790.23,29-Sep-2026,5347,INE435A01051
ANDHRSUGAR,EQ,95.13,96.83,92.7,94.4,94.08,95.13,214302,20156481.08,29-Sep-2026,6933,INE715B01021
ANDREWYU,EQ,25.82,26.49,25.05,25.84,25.99,25.81,87815,2255687.51,29-Sep-2026,749,INE449C01025
ANGELONE,EQ,279.2,280,273.5,273.5,273.5,279.2,4376351,1207583291.35,29-Sep-2026,37006,INE732I01021
AISL,SM,60.4,60.7,60,60.7,60.7,57.85,4800,289920.00,29-Sep-2026,7,INE635Y01015
ANIKINDS,EQ,44.55,44.55,42.16,43.98,43.99,43.03,4840,209082.07,29-Sep-2026,145,INE087B01017
APCL,EQ,95.1,97,93,94.92,95.7,94.64,4184,393736.03,29-Sep-2026,107,INE071F01012
ANKITMETAL,BZ,1.94,1.94,1.94,1.94,1.94,1.91,60716,117789.04,29-Sep-2026,19,INE106I01010
AHCL,EQ,36.39,36.39,35.5,36.39,36.39,34.66,9537815,346879765.80,29-Sep-2026,3133,INE0Y8W01025
ANLON,SM,750.95,750.95,723,744.95,749.9,769.95,12400,9207100.00,29-Sep-2026,25,INE0LR101013
ANMOL,BE,13.93,14.3,13.13,13.77,14.05,13.62,80865,1117623.11,29-Sep-2026,484,INE02AR01019
ANNAPURNA,EQ,127.66,129.59,126.31,127.22,127,127.66,15493,1978291.19,29-Sep-2026,285,INE0MGM01017
ANNU,EQ,47.86,49,46.73,47.84,48,47.86,394589,18793670.16,29-Sep-2026,4715,INE103001017
ANONDITA,SM,1100,1115,1070,1094.75,1092,1103.35,68600,75373590.00,29-Sep-2026,225,INE0VTV01012
ANSALBU,EQ,88.57,92,78.65,85.96,87.43,90.38,4740,412580.04,29-Sep-2026,131,INE030C01015
ANSALAPI,BZ,4.08,4.08,4.08,4.08,4.08,4,74081,302250.48,29-Sep-2026,35,INE436A01026
ANTGRAPHIC,EQ,0.72,0.72,0.69,0.7,0.71,0.69,151675,107263.28,29-Sep-2026,143,INE414B01021
ANTELOPUS,EQ,1165,1234.9,1112.05,1162.5,1157,1159.45,1431803,1687047685.00,29-Sep-2026,68515,INE818A01017
ANTHEM,EQ,855,880,852.05,869.75,875.5,851.1,689600,597657442.00,29-Sep-2026,51011,INE0CZ201020
AWHCL,EQ,369,377.8,361,364.35,362.7,367.65,64886,23769332.80,29-Sep-2026,4497,INE01BK01022
ANUHPHR,EQ,89,91.35,87.9,89.68,89.5,89.46,106661,9583622.56,29-Sep-2026,2419,INE489G01022
ANURAS,EQ,1187.2,1196.5,1165,1177.8,1181,1187.1,192300,226800621.50,29-Sep-2026,11209,INE930P01018
ANYA,SM,17.55,17.55,17.55,17.55,17.55,18.3,15000,263250.00,29-Sep-2026,3,INE0SI601032
ANZEN,IV,127,127,127,127,127,127,25000,3175000.00,29-Sep-2026,1,INE0MIZ23019
AONEGOLD,EQ,13.74,13.77,13.57,13.62,13.66,13.71,257103,3508783.54,29-Sep-2026,1735,INF1J2R01114
AONELIQUID,EQ,1078.86,1078.88,1078.86,1078.86,1078.86,1078.72,16578,17885468.60,29-Sep-2026,89,INF1J2R01056
AONENIFTY,EQ,9.61,9.65,9.36,9.42,9.42,9.42,158764,1493493.69,29-Sep-2026,1251,INF1J2R01064
AONESILVER,EQ,8.44,8.55,8.37,8.4,8.4,8.46,602587,5067371.73,29-Sep-2026,1312,INF1J2R01171
AONETMMQ50,EQ,9.91,10,9.8,9.95,9.91,9.91,95276,940191.44,29-Sep-2026,327,INF1J2R01148
AONETOTAL,EQ,11.64,11.64,11.26,11.37,11.38,11.41,143752,1632134.06,29-Sep-2026,965,INF1J2R01015
APARINDS,EQ,17337,18062,17150,17803,17800,17263,199491,3527377802.00,29-Sep-2026,64490,INE372A01015
APCOTEXIND,EQ,589.95,603.6,580,595.45,600.7,586,58105,34599847.45,29-Sep-2026,5048,INE116A01032
APEXECO,ST,260,265,253.25,263.95,264,264.75,15200,3953200.00,29-Sep-2026,17,INE0T4V01015
APEX,EQ,338.65,348.4,334.5,343.1,346,338.65,112135,38400895.00,29-Sep-2026,3853,INE346W01013
APLAPOLLO,EQ,2191.9,2217.8,2172.1,2188.6,2188.6,2197,639577,1408596821.80,29-Sep-2026,29315,INE702C01027
930APMD28,N0,102912.86,102912.86,102912.86,102912.86,102912.86,102800,3,308738.58,29-Sep-2026,2,INE0TLC07093
930APMD30,N0,104401,104401,104401,104401,104401,104837.53,1,104401.00,29-Sep-2026,1,INE0TLC07077
930APMD31,N0,105050,105050,105050,105050,105050,105000,2,210100.00,29-Sep-2026,1,INE0TLC07051
APOLLOHOSP,EQ,8885,8906,8657.5,8659,8659,8860,609210,5326578133.00,29-Sep-2026,61576,INE437A01024
APOLLO,EQ,411.7,411.7,399.1,402.6,401.5,408.3,5919584,2392531293.25,29-Sep-2026,63042,INE713T01028
APOLLOPIPE,EQ,521.2,530,511.1,513.7,511.25,521.2,305274,159864275.55,29-Sep-2026,6950,INE126J01016
APOLSINHOT,EQ,1185,1199.9,1160.4,1166.2,1166.2,1172.9,595,699339.10,29-Sep-2026,80,INE451F01024
APOLLOTYRE,EQ,390.75,429,386.3,406.75,415,389.6,5125753,2072036179.70,29-Sep-2026,86708,INE438A01022
APOORVA,EQ,31.82,33.14,31.82,33,33,33.49,299,9641.62,29-Sep-2026,19,INE217S01014
APRAMEYA,SM,104.9,107.4,100,105,104.5,95,38000,3971175.00,29-Sep-2026,60,INE0LQG01010
915APSBC31,N0,104200,104200,104200,104200,104200,104100,5,521000.00,29-Sep-2026,2,INE0M2307388
APSISAERO,ST,585,600,558.6,600,600,588,22800,12998280.00,29-Sep-2026,18,INE1OOJ01011
APTECHT,EQ,91.5,91.5,86.99,88.61,88.51,90.27,90136,7964873.60,29-Sep-2026,1712,INE266F01018
APTUS,EQ,238.1,238.54,231.33,233.34,234.03,237.47,4037956,941759457.21,29-Sep-2026,54864,INE852O01025
AQYLON,EQ,18.34,18.34,17.1,17.11,17.1,18,715504,12304992.06,29-Sep-2026,1703,INE416A01051
ARABIAN,SM,86.05,88,86,88,88,89.95,34000,2947600.00,29-Sep-2026,13,INE08NJ01024
ARCIIL,SM,31.75,32,31.6,32,32,32.9,6000,191050.00,29-Sep-2026,6,INE0YDV01010
ACI,EQ,484.45,497.2,480,490.6,490,482.75,529773,259387804.95,29-Sep-2026,14594,INE128X01021
ADL,EQ,77,77,68.4,70,70,72.17,52,3800.61,29-Sep-2026,14,INE0CHO01012
ARCHIDPLY,EQ,107.69,107.69,101.07,101.98,101.6,102.76,10384,1058512.01,29-Sep-2026,293,INE877I01016
ARCHIES,EQ,12.85,12.85,12.34,12.43,12.48,12.58,10512,131363.18,29-Sep-2026,129,INE731A01020
ARCL,EQ,240.25,241.89,231.5,233,233,241.99,4370,1038619.75,29-Sep-2026,63,INE372M01010
ARDEE,EQ,51.99,52,50.01,51.17,51.1,51.99,2231592,113453678.37,29-Sep-2026,16647,INE0XNF01022
ARFIN,EQ,88.29,90.48,87.35,88.16,88.13,88.48,1365354,121811534.92,29-Sep-2026,6437,INE784R01023
ARHAM,SM,211,220.8,211,214.9,214,213.65,194000,41835200.00,29-Sep-2026,116,INE0L2Y01011
ARIES,BE,467,484.9,467,474.8,471.05,470.5,8953,4238198.15,29-Sep-2026,232,INE298I01015
ARIHANTACA,SM,491,491,491,491,491,470.05,400,196400.00,29-Sep-2026,1,INE0NCC01015
ARIHANTCAP,EQ,89.81,91.62,87.2,90.58,90.3,89.81,296536,26462873.07,29-Sep-2026,3227,INE420B01036
ARIHANT,EQ,913.95,914.05,870,888.9,889.7,914.05,1106,983404.75,29-Sep-2026,83,INE413D01011
ARIHANTSUP,EQ,236,236,228.25,230.25,230,236.25,1353,312634.60,29-Sep-2026,85,INE643K01018
ARIS,EQ,132.02,138,129.33,135,135,132.61,1264189,170115915.27,29-Sep-2026,16079,INE0H9P01028
ARISTO,SM,95.6,95.6,95.6,95.6,95.6,100.6,800,76480.00,29-Sep-2026,1,INE082101010
ARKADE,EQ,124.07,124.51,120.12,121.92,122.35,123.22,134893,16473603.95,29-Sep-2026,2195,INE0QRL01017
ARMANFIN,EQ,1708.5,1752,1685,1711.4,1691,1700.1,60370,103721869.30,29-Sep-2026,7124,INE109C01017
ARMOUR,ST,22.15,22.15,22.15,22.15,22.15,21.1,4000,88600.00,29-Sep-2026,2,INE0TZX01019
AROGRANITE,EQ,23.12,24.07,22.8,22.81,22.81,23.12,1134,26002.13,29-Sep-2026,21,INE210C01013
ARROWGREEN,EQ,897.8,899.05,848.9,872.5,868,891.85,46136,40025832.90,29-Sep-2026,4440,INE570D01018
ARSHIYA,BZ,0.75,0.79,0.75,0.79,0.79,0.76,72244,56656.15,29-Sep-2026,63,INE968D01022
ARTNIRMAN,EQ,39,39,36.41,36.52,38.85,38.3,258,9425.54,29-Sep-2026,6,INE738V01013
AEPL,EQ,15.3,15.49,14.4,14.72,14.63,15.14,13148,195871.73,29-Sep-2026,168,INE757T01025
ARTEMISMED,EQ,364.15,369.6,360.4,366.6,368.95,365.9,522715,190873358.95,29-Sep-2026,21120,INE025R01021
ARUNAYA,SM,14,14.75,14,14.75,14.75,14.5,10000,144200.00,29-Sep-2026,5,INE0TTG01017
ARVEE,EQ,244,249,230,232.85,230.25,234.5,27843,6623504.57,29-Sep-2026,791,INE006Z01016
ARVINDFASN,EQ,411,413.5,390.55,410.15,410.5,413.75,413765,166474903.75,29-Sep-2026,31524,INE955V01021
ARVIND,EQ,545.05,552.1,540.15,545.45,543,543.6,291616,159430059.60,29-Sep-2026,15630,INE034A01011
ARVINDPORT,SM,34,34,33.05,33.05,33.05,34.9,3000,100575.00,29-Sep-2026,2,INE0P4T01013
ARVSMART,EQ,612.95,621.9,606.2,609.7,606.2,615.75,78068,47850437.80,29-Sep-2026,3475,INE034S01021
ARYAMAN,EQ,625,631.6,610,620,620,625,529,329703.70,29-Sep-2026,32,INE032E01017
ASAHIINDIA,EQ,934,980,923,957.95,954,933.55,286875,276360031.80,29-Sep-2026,23049,INE439A01020
ASAHISONG,BE,390,391,380,384.2,389.5,387.2,5852,2269144.35,29-Sep-2026,87,INE228I01012
ASHAPURMIN,EQ,500.1,524.25,497.5,518.8,521.7,502.6,439076,225851772.90,29-Sep-2026,14133,INE348A01023
ASHIANA,EQ,383.7,403.95,382.6,390.55,390,388.8,42912,16889500.80,29-Sep-2026,2241,INE365D01021
ASHIKAG,BE,405,407,395.95,398.35,403,402.15,6575,2629156.10,29-Sep-2026,103,INE094B01013
ASHIMASYN,EQ,15.85,16.2,15.81,16.08,15.92,15.85,42495,680184.65,29-Sep-2026,166,INE440A01010
ASHOKLEY,EQ,155.5,155.5,152.48,153.44,153.44,155.22,14351744,2211765969.24,29-Sep-2026,142272,INE208A01029
ASHOKA,EQ,109.2,109.83,107.25,108.53,108.82,110.17,595433,64590337.47,29-Sep-2026,8441,INE442H01029
ASHOKAMET,EQ,15.98,16.1,15,15.15,15.04,15.37,31273,477066.75,29-Sep-2026,233,INE760Y01011
ASHUTOSH,SM,158.5,168.85,155,163.35,164,158.1,206400,33599040.00,29-Sep-2026,159,INE19FR01012
ASHWINI,SM,167.5,167.5,167,167,167,170,2000,334500.00,29-Sep-2026,2,INE1A6Q01010
ASIANENE,EQ,476.25,484.5,459.8,478.25,476.1,474.15,249852,118544684.35,29-Sep-2026,11585,INE276G01015
ASIANTILES,EQ,50,50.6,49.22,50.1,50.5,50.16,2959007,147607184.39,29-Sep-2026,6724,INE022I01019
AHLEAST,EQ,134.4,137.39,134.25,134.54,134.55,136.14,251,33857.89,29-Sep-2026,11,INE926K01017
ASIANHOTNR,EQ,373.5,373.5,356,361.35,359.15,372,8278,3017611.15,29-Sep-2026,494,INE363A01022
AHLWEST,BE,510,544.8,510,529,529,520.05,918,485899.00,29-Sep-2026,10,INE915K01010
ASIANPAINT,EQ,2417.5,2425.3,2381,2415,2415,2420,909789,2194767462.00,29-Sep-2026,53501,INE021A01026
ASTAR,EQ,708,708,661.4,685.35,687,708.8,171,115585.50,29-Sep-2026,33,INE194D01017
ASIANTNE,EQ,9.13,9.39,8.76,9.02,9.34,9.17,9774,88221.08,29-Sep-2026,29,INE822B01017
ASKAUTOLTD,EQ,643,646.2,611,619.85,620.3,650.35,710889,440744260.60,29-Sep-2026,43597,INE491J01022
ASPINWALL,EQ,248.85,251.7,242.25,242.5,242.5,247.65,554,135408.85,29-Sep-2026,31,INE991I01015
ASPIRE,SM,14.1,14.95,14.1,14.95,14.95,14.25,10000,145700.00,29-Sep-2026,5,INE0S7801010
ARCIL,EQ,142.71,147.98,141.1,142.51,141.7,142.71,3558859,515706940.93,29-Sep-2026,61334,INE148G01016
ASALCBR,EQ,646,646.95,628.25,634.6,632.05,641.55,42132,26795147.60,29-Sep-2026,3171,INE073G01016
ASTEC,EQ,705,715.3,686.8,696.25,694,711.8,30244,21113706.05,29-Sep-2026,2559,INE563J01010
ASTERDM,EQ,745,751.95,718.5,733.95,735.45,747.35,4132919,3042201744.45,29-Sep-2026,78821,INE914M01019
ASTRAMICRO,EQ,1585,1670,1577.6,1652.6,1649,1590.1,651062,1066499485.80,29-Sep-2026,43209,INE386C01029
ASTRAL,EQ,1370.5,1384.2,1346.5,1375,1375,1370.5,933913,1278166395.50,29-Sep-2026,49570,INE006I01046
ASTRAZEN,EQ,6235,6355,6195.5,6254.5,6220,6280,8506,53452945.50,29-Sep-2026,3534,INE203A01020
ASTRON,BZ,2.98,2.98,2.83,2.93,2.93,2.95,8003,23052.72,29-Sep-2026,44,INE646X01014
ATALREAL,EQ,13.4,13.4,11.92,12.03,11.92,13.24,5203592,63168705.97,29-Sep-2026,4036,INE0ALR01029
ATAM,EQ,56.12,57.74,54.45,54.91,54.46,55.81,15097,852029.80,29-Sep-2026,305,INE09KD01013
ATCENERGY,SM,23.85,23.85,22,22.05,22.05,23.1,4800,109320.00,29-Sep-2026,4,INE0V0Q01019
ATHERENERG,EQ,1460.2,1460.2,1403.8,1407,1407,1454.9,5655784,8043853917.00,29-Sep-2026,149661,INE0LEZ01016
ATLPP,E1,9,9,9,9,9,8.99,2,18.00,29-Sep-2026,2,IN90NN701011
ATLANTAELE,EQ,1605,1657.4,1584.2,1634.2,1612.7,1613.3,157786,255844079.90,29-Sep-2026,16735,INE0Z4F01028
ATLANTAA,EQ,35.7,39,35.15,36.69,36.51,35.32,336131,12559136.47,29-Sep-2026,1639,INE285H01022
ATLASCYCLE,EQ,93,100,91.66,94.86,94.5,91.43,40780,3934785.45,29-Sep-2026,869,INE446A01025
ATMASTCO,SM,111.55,115.35,111,115.05,115.1,112.55,10800,1223500.00,29-Sep-2026,24,INE05DH01017
ATULAUTO,EQ,438.6,440.7,432.6,438.75,440.4,440.55,45338,19815662.25,29-Sep-2026,2631,INE951D01028
ATUL,EQ,5975,6086.5,5950,5982.5,5970,5991,30980,186575264.50,29-Sep-2026,11949,INE100A01010
AUBANK,EQ,990,1005.2,984.5,1005.2,1005.2,995.3,1870471,1856017972.60,29-Sep-2026,59747,INE949L01017
AUGMONT,EQ,1022,1062.2,1022,1062.2,1062.2,965.65,1711349,1792264261.00,29-Sep-2026,25282,INE16W401027
AURIONPRO,EQ,644.25,654,632.05,634.2,634,642.5,119838,76823510.80,29-Sep-2026,8317,INE132H01018
AUROIMPEX,SM,44.95,44.95,43,43,43,44.95,17600,771040.00,29-Sep-2026,10,INE0NUL01018
AUROPHARMA,EQ,1697,1713.7,1690.7,1697.7,1697.7,1697.5,1159038,1974217928.80,29-Sep-2026,40560,INE406A01037
AURUM,EQ,217.4,222.16,217.08,220.31,220,218.95,64994,14258058.64,29-Sep-2026,1295,INE898S01029
AURUS,EQ,4.62,4.73,4.21,4.57,4.58,4.58,35099,157797.47,29-Sep-2026,266,INE142K01011
AUSOMENT,EQ,142.31,146.75,140,143.75,142.1,143.89,3948,561203.55,29-Sep-2026,148,INE218C01016
AUSTENG,EQ,160,160,152.01,158,158,159.23,6599,1044113.04,29-Sep-2026,141,INE759F01012
APS,SM,231.05,234.1,225,229.6,227,231,19750,4521725.00,29-Sep-2026,71,INE0P0001010
AIIL,EQ,548.25,556,536.9,541.8,541.8,548.25,167804,91451125.15,29-Sep-2026,13162,INE206F01022
AUTOIND,EQ,83.4,83.4,80.6,81.99,81.11,81.86,82896,6800841.31,29-Sep-2026,1312,INE718H01014
ACGL,EQ,1684,1696.9,1619.9,1633.5,1630,1695.9,2291,3760790.70,29-Sep-2026,380,INE451C01013
AUTOAXLES,EQ,1675,1709,1665.1,1699.6,1685.1,1689.2,8595,14494007.60,29-Sep-2026,636,INE449A01011
ASAL,EQ,429,434.45,424.05,428,427.5,429.2,8484,3633935.40,29-Sep-2026,717,INE900C01027
AVADHSUGAR,EQ,805.2,812,785.55,793.45,789,808.4,75190,60088609.20,29-Sep-2026,5399,INE349W01017
AVALON,EQ,2300,2343,2240,2302,2306,2310.2,210915,485553029.00,29-Sep-2026,21379,INE0LCL01028
AVANA,ST,128.3,134.75,128.05,130,130,131.4,10000,1298300.00,29-Sep-2026,5,INE1KU201016
AVANCE,EQ,0.85,0.87,0.83,0.85,0.84,0.86,6148649,5197325.44,29-Sep-2026,1459,INE758A01072
AVANTEL,EQ,151.25,153,147.1,149.22,149.1,151.37,1309329,195926156.76,29-Sep-2026,13231,INE005B01027
AVANTIFEED,EQ,740.9,754.6,730.1,747.5,748,741.5,628946,467741751.50,29-Sep-2026,38406,INE871C01038
AVATAR,ST,185.95,186,169.2,169.2,169.2,178.1,10000,1790700.00,29-Sep-2026,5,INE617I01024
DMART,EQ,3803.5,3849,3746.2,3750,3750,3803.5,656759,2492652238.60,29-Sep-2026,41566,INE192R01011
CCAVENUE,EQ,15.4,15.6,14.96,15.36,15.37,15.41,11575582,176668383.06,29-Sep-2026,18342,INE483S01020
AVG,BE,160.5,167.6,160.5,164.53,166.97,162.1,8022,1308124.73,29-Sep-2026,84,INE680Z01018
AVIANSH,SM,99.5,100,99.5,100,100,98,2000,199500.00,29-Sep-2026,2,INE0TFB01017
AVIENCE,SM,385.5,392,356.25,361.65,362.2,376.25,85200,31784550.00,29-Sep-2026,135,INE0V9I01017
ASMS,EQ,6.49,6.49,5.1,6.08,6.07,6.33,524327,3056228.10,29-Sep-2026,1693,INE855F01042
AVONMORE,EQ,12.66,13.24,12.36,12.99,13.24,12.66,257037,3269887.92,29-Sep-2026,966,INE323B01024
AVPINFRA,SM,54.5,55.8,53.05,55,55,54.55,72000,3880400.00,29-Sep-2026,80,INE0R9401019
AVROIND,EQ,7,7,6.83,6.98,7,6.94,72252,502283.02,29-Sep-2026,324,INE652Z01025
AVTNPL,EQ,86.71,93.5,85,92.2,92.75,86.61,555777,49900695.01,29-Sep-2026,6762,INE488D01021
AWFIS,EQ,250.4,251.7,244.05,247.1,246.45,250.2,471717,116589123.35,29-Sep-2026,12213,INE108V01019
AWL,EQ,180.66,181.45,172.6,178.75,179.45,180.66,10388939,1845029469.28,29-Sep-2026,95861,INE699H01024
AXIOMGAS,ST,48.8,48.8,48.8,48.8,48.8,51.35,106000,5172800.00,29-Sep-2026,5,INE16J201028
AXISBANK,EQ,1202,1212.1,1190.5,1212.1,1212.1,1209.9,7260302,8736972312.40,29-Sep-2026,159768,INE238A01034
ENERGYAXIS,EQ,18.33,18.77,18.04,18.43,18.77,18.41,33344,614650.56,29-Sep-2026,104,INF846KA1598
BNKETFAXIS,EQ,561.33,562.34,555.36,562.34,562.34,563.13,9056,5038912.16,29-Sep-2026,51,INF846K01X63
CONSUMAXIS,EQ,115.78,117.78,115,115.71,115.71,116.14,2410,280412.58,29-Sep-2026,24,INF846K016C7
GOLDAXIS,EQ,121.67,121.79,120.46,121.37,121.53,121.46,2222190,269734456.86,29-Sep-2026,3710,INF846K01W80
HEALTHAXIS,EQ,169.5,169.5,168.02,168.43,168.2,168.19,13386,2254438.20,29-Sep-2026,68,INF846K01Z12
ITAXIS,EQ,308,312,305,311.83,312,308.97,5777,1778156.96,29-Sep-2026,62,INF846K01Y96
NIFTYAXIS,EQ,252.97,253.62,250.5,252.45,251.5,252.96,250413,63281234.61,29-Sep-2026,454,INF846K01W98
SENSEXAXIS,EQ,75.8,75.99,74.76,75.45,75.46,75.8,11031,830842.43,29-Sep-2026,70,INF846K010Q0
SILVERAXIS,EQ,218.83,218.83,216.6,217.68,217.99,219.23,317194,69012574.72,29-Sep-2026,2471,INF846K011K1
VALUEAXIS,EQ,32.41,32.41,31.07,31.19,31.15,31.62,273820,8541206.81,29-Sep-2026,754,INF846KA1119
AXISCADES,BL,1824,1824,1824,1824,1824,21,4548905,8297202720.00,29-Sep-2026,7,INE555B01013
AXISCADES,EQ,2034,2067.4,1970.8,2067.4,2067.4,1879.5,793589,1626408575.10,29-Sep-2026,22179,INE555B01013
AXITA,EQ,7.96,7.98,7.79,7.81,7.79,7.9,1346408,10573861.22,29-Sep-2026,1087,INE02EZ01022
AXTEL,EQ,439.75,450,427.5,443.65,431.7,439.75,4989,2191931.25,29-Sep-2026,284,INE767C01012
AYE,EQ,163.3,163.3,156.72,159.7,159.03,162.49,931769,148559959.21,29-Sep-2026,22164,INE501X01029
AYMSYNTEX,EQ,292,299,276.15,285.95,285.35,291.15,214490,61070740.20,29-Sep-2026,5683,INE193B01039
AZAD,EQ,2779,2998,2751.1,2914.2,2915,2723.2,5323693,15467464290.30,29-Sep-2026,310187,INE02IJ01035
AZADIND,EQ,82.55,85.4,79,80.62,79,82.3,122844,9962097.69,29-Sep-2026,1689,INE566M01017
BNALTD,BE,351.8,351.8,351.8,351.8,351.8,351.8,1,351.80,29-Sep-2026,1,INE489D01011
BBTCL,EQ,234.9,234.9,226.57,228.15,229,228.12,4181,958882.82,29-Sep-2026,141,INE01EE01011
BAGFILMS,EQ,4.25,4.32,4,4.1,4.08,4.2,100884,411021.45,29-Sep-2026,356,INE116D01028
BAGDIGITAL,SM,103,103.95,103,103.85,103.95,102.75,11200,1158160.00,29-Sep-2026,7,INE17CQ01015
BLKASHYAP,EQ,52.06,52.06,49.87,50.9,50.75,51.9,441623,22455785.79,29-Sep-2026,3177,INE350H01032
STYLEBAAZA,EQ,395.15,407.95,385,405,407.8,394.5,2149007,853073277.35,29-Sep-2026,19558,INE01FR01028
BAFNAPH,BE,364.15,364.15,364.15,364.15,364.15,357.05,4801,1748284.15,29-Sep-2026,27,INE878I01022
BAGMANE,RR,109.64,109.8,105.2,106.31,106.5,109.3,9960605,1061481520.02,29-Sep-2026,21702,INE2OVN25015
BAHETI,SM,777,777,755,765,765,766.25,25500,19500000.00,29-Sep-2026,25,INE029Q01017
BAIDFIN,EQ,10.61,11.2,10.39,10.45,10.4,10.61,77641,833759.09,29-Sep-2026,306,INE020D01022
BAJAJ-AUTO,EQ,11016,11020,10805,10811,10811,11024,527929,5733268430.00,29-Sep-2026,53481,INE917I01010
BAJAJCON,EQ,480.05,499.8,474.55,493,495.3,480.05,996143,489767235.05,29-Sep-2026,34616,INE933K01021
BAJAJELEC,EQ,313.15,313.35,304,309.85,311,314.65,348608,107431950.90,29-Sep-2026,11974,INE193E01025
BAJFINANCE,EQ,977.5,979.7,961.4,973.8,973.8,985,8612123,8352525887.00,29-Sep-2026,111666,INE296A01032
BAJAJFINSV,EQ,1758.8,1758.8,1730,1742.4,1742.4,1752,858895,1498748644.60,29-Sep-2026,55986,INE918I01026
BAJAJHCARE,EQ,336,341.1,332.1,335,335.8,336.6,128214,43123063.35,29-Sep-2026,4493,INE411U01027
BAJAJHIND,EQ,20.32,20.4,19.83,19.98,19.98,20.45,11722083,235321899.87,29-Sep-2026,16684,INE306A01021
BAJAJHLDNG,EQ,10730,10873,10600,10600,10600,10800,65092,696667057.00,29-Sep-2026,14019,INE118A01012
BAJAJHFL,EQ,82.5,82.5,81.06,81.26,81.15,82.52,2829444,230610289.03,29-Sep-2026,31437,INE377Y01014
BAJAJST,EQ,341,352.5,339,345.1,342.4,338.8,3869,1330788.80,29-Sep-2026,331,INE704G01024
BAJEL,EQ,169.01,171.6,166.62,170.2,168.3,169.47,153241,25957780.36,29-Sep-2026,2676,INE0KQN01018
BALPHARMA,EQ,105.39,114.63,105.06,112.11,112,104.77,237163,26425918.23,29-Sep-2026,4551,INE083D01012
BALAMINES,EQ,2150,2207.4,2132.1,2142.1,2149,2153.9,100677,217076483.80,29-Sep-2026,12639,INE050E01027
BALAJIPHOS,SM,110,110,105.3,105.75,105.3,107.05,10000,1077950.00,29-Sep-2026,10,INE0PQ601019
BALAJITELE,EQ,93.92,93.92,90.7,91.74,91.3,93.87,95613,8783191.09,29-Sep-2026,1483,INE794B01026
BALAXI,EQ,22.39,23.45,22.05,23.02,23.35,22.39,18116,412807.34,29-Sep-2026,178,INE618N01022
BALKRISIND,EQ,2151.3,2162.8,2115.8,2126.2,2123,2153.8,142506,304408101.00,29-Sep-2026,37199,INE787D01026
BALKRISHNA,EQ,16.11,16.58,15.8,15.87,15.8,16.44,13114,210693.58,29-Sep-2026,113,INE875R01011
BALMLAWRIE,EQ,162.3,162.47,160.11,161.59,161.9,162.48,73371,11828893.07,29-Sep-2026,2102,INE164A01016
BLIL,EQ,65,65.49,64.72,64.91,64.84,65.56,98538,6400561.15,29-Sep-2026,2084,INE525F01025
BALRAMCHIN,EQ,680.7,681.5,670,672.9,671,680.7,602496,406795321.50,29-Sep-2026,18883,INE119A01028
BALUFORGE,EQ,495.1,508.15,483.5,501.15,505,495.1,687035,342333879.55,29-Sep-2026,22005,INE011E01029
BANARBEADS,EQ,119.6,119.8,113.1,115.25,115.25,117.27,3610,417851.63,29-Sep-2026,86,INE655B01011
BANCOINDIA,EQ,592.7,599.9,583.3,595.65,598.45,594.2,64135,37965743.20,29-Sep-2026,6593,INE213C01025
BANDHANBNK,EQ,181.2,185.31,179.3,185.31,185.31,181,9533177,1737931103.47,29-Sep-2026,66075,INE545U01014
GOLDBND,EQ,146.98,146.98,145,146.11,146.11,146.43,37455,5468124.50,29-Sep-2026,243,INF194KB1KJ7
IDFNIFTYET,EQ,253.9,255,249.25,250.81,255,252.64,1985,497462.81,29-Sep-2026,62,INF194KA1U07
SILVERBND,EQ,221.03,221.03,218.7,219.43,220.2,221.03,27963,6144547.50,29-Sep-2026,333,INF194KB1KI9
BANG,EQ,32.4,32.68,31.42,31.68,31.65,31.69,11450,365590.74,29-Sep-2026,82,INE863I01016
BANKBARODA,EQ,227.5,230.57,223.82,227.68,227.68,227.5,7198395,1634854196.01,29-Sep-2026,56484,INE028A01039
BANKINDIA,EQ,130,131.83,128.55,130.11,130.11,129.99,9187360,1199743739.30,29-Sep-2026,50486,INE084A01016
MAHABANK,EQ,80.7,80.74,79.16,79.16,79.16,80.85,23053186,1843432441.18,29-Sep-2026,72529,INE457A01014
BANKA,EQ,72,72.4,70.5,70.52,70.51,73.09,3034,214649.61,29-Sep-2026,44,INE862Y01015
BASML,BE,23.96,23.99,22.93,23.41,23.5,23.95,60335,1404673.68,29-Sep-2026,210,INE186H01022
BANARISUG,EQ,3393.6,3393.6,3301.6,3305,3302,3383.7,554,1851841.60,29-Sep-2026,151,INE459A01010
BANSALWIRE,EQ,319.75,330,319.75,327.65,329,317.6,125973,40976364.70,29-Sep-2026,6023,INE0B9K01025
BANSWRAS,EQ,109.9,109.9,106.21,107.31,107.1,107.62,9777,1050480.26,29-Sep-2026,406,INE629D01020
BVCL,EQ,40.06,41.3,40.06,40.87,41.1,40.53,5203,212644.53,29-Sep-2026,118,INE139I01011
BARFLEX,SM,51.95,52.5,51,51,51,51.9,44000,2276000.00,29-Sep-2026,19,INE0QX401014
BBNPNBETF,EQ,54.65,55.43,53.71,53.73,54.85,54.35,1328,71642.51,29-Sep-2026,24,INF251K01TL6
BBNPPGOLD,EQ,141.9,142,139.9,141.1,141.6,141.9,4187,590481.55,29-Sep-2026,80,INF251K01SU9
BASF,EQ,3495.8,3520.9,3411,3435.6,3440,3495.8,16267,56407300.30,29-Sep-2026,3594,INE373A01013
BASILIC,SM,165,180,165,175.05,176.5,167.3,61500,10464525.00,29-Sep-2026,105,INE0OCC01013
BATAINDIA,EQ,624.7,628.9,613,620.35,617,624.7,137084,85010755.90,29-Sep-2026,12107,INE176A01028
BATLIBOI,EQ,84.6,85.9,82.55,85.24,85.5,83.19,24049,2032565.17,29-Sep-2026,634,INE177C01022
BAYERCROP,EQ,3648,3669.6,3575,3602.7,3590,3671.8,148960,537910592.70,29-Sep-2026,22074,INE462A01022
BCLIND,EQ,32.51,32.8,31.75,32.42,32.4,32.52,318329,10249054.12,29-Sep-2026,3015,INE412G01024
BCPL,EQ,69.65,69.65,67.25,68.12,68.46,67.98,2531,171728.72,29-Sep-2026,133,INE00SW01015
BEACON,SM,87.85,88,84.5,85,85,87,9000,784300.00,29-Sep-2026,9,INE639X01027
BEARDSELL,EQ,24.58,24.99,23.07,23.32,23.39,24.58,138284,3249226.92,29-Sep-2026,611,INE520H01022
BEDMUTHA,EQ,110.32,112.2,106.62,107.46,107.33,109.23,2521,272485.42,29-Sep-2026,222,INE844K01012
BEEKAY,EQ,422.2,446.8,416.15,433.3,430.1,434.4,2827,1211920.50,29-Sep-2026,136,INE213D01015
BLEL,EQ,449.05,451,436.1,447.05,447,445.1,251670,111855669.10,29-Sep-2026,8902,INE1EEM01017
BELLACASA,EQ,279.5,279.5,252.81,255.51,257.65,266.5,18265,4709630.58,29-Sep-2026,664,INE344T01014
BELRISE,EQ,249.45,249.45,239.2,240.52,241,248.62,1783755,433274369.06,29-Sep-2026,35720,INE894V01022
BLAL,EQ,160.06,164.99,158.61,163.65,164.99,160.69,18397,2969669.17,29-Sep-2026,443,INE0N7W01012
BEML,EQ,1985,1990.4,1944,1966.6,1960,1995.1,235405,462745888.40,29-Sep-2026,21868,INE258A01024
BENARAS,EQ,10399,10500,10067,10215,10260,10150,166,1701808.00,29-Sep-2026,53,INE664D01019
BENGALASM,EQ,6005,6220.5,5950,6161.5,6184.5,5938.5,689,4176236.50,29-Sep-2026,433,INE083K01017
BERGEPAINT,EQ,451.95,456.4,441.1,448.2,449,452.85,610722,274674890.05,29-Sep-2026,35707,INE463A01038
BESTAGRO,EQ,17.81,18,17.3,17.86,17.81,17.69,469015,8266652.23,29-Sep-2026,1828,INE052T01021
BETA,EQ,2040,2084.8,2010.5,2064.9,2084.8,2040.3,12014,24492046.20,29-Sep-2026,2029,INE351Y01019
BEWLTD,SM,63,64,59.25,60.95,61,63,54000,3327375.00,29-Sep-2026,82,INE0HQI01014
BFINVEST,EQ,436.5,439.3,432.05,436.15,435.55,435.2,19909,8673228.65,29-Sep-2026,1036,INE878K01010
BFUTILITIE,EQ,515.2,518.45,502,508.9,514,515.9,69674,35418810.25,29-Sep-2026,3870,INE243D01012
BANK10BETF,EQ,20.3,20.3,19.37,19.45,19.4,19.9,17628,345647.21,29-Sep-2026,47,INF0QA701CI0
BANKBETF,EQ,55.6,55.64,54.73,55.43,55.49,55.6,53243,2941029.19,29-Sep-2026,295,INF0QA701714
LIQUIDBETF,EQ,1100.77,1100.77,1100.75,1100.75,1100.76,1100.63,290803,320104169.97,29-Sep-2026,120,INF0QA701854
NIFTYBETF,EQ,235.5,237.67,233,234.69,236.72,235.5,7383,1729341.91,29-Sep-2026,130,INF0QA701722
BGRENERGY,BE,261.58,261.58,254.87,254.87,254.87,268.28,35946,9237255.75,29-Sep-2026,255,INE661I01014
BHADORA,ST,127.25,133.6,121.1,133.6,133.6,127.25,33600,4358940.00,29-Sep-2026,21,INE0ZRC01017
BHAGERIA,EQ,380.65,387.4,371,377.85,377.1,380.85,112369,42514596.55,29-Sep-2026,3184,INE354C01027
BHAGCHEM,EQ,241.45,243.1,237.9,240.25,238.1,241.1,63799,15354998.90,29-Sep-2026,740,INE414D01027
BHAGYANGR,EQ,404.05,412.5,397.15,408.1,405,411.35,89524,36243897.45,29-Sep-2026,4916,INE458B01036
BHANDARI,EQ,2.88,2.94,2.87,2.9,2.91,2.9,148872,433176.15,29-Sep-2026,235,INE474E01029
BEPL,EQ,126.45,126.95,123.5,124,123.5,125.38,813546,101769992.47,29-Sep-2026,8036,INE922A01025
BBL,EQ,2120.5,2169.7,2053.1,2123.7,2129.9,2112.2,21374,45384015.10,29-Sep-2026,3884,INE464A01036
BHARATCOAL,EQ,32.62,33.67,32.32,33.5,33.45,32.51,13101283,433896439.03,29-Sep-2026,35029,INE05XR01022
BDL,EQ,1112.7,1117,1085.1,1085.1,1085.1,1115,1081355,1186726848.60,29-Sep-2026,38204,INE171Z01026
BEL,EQ,385.5,388,382.2,387.75,387.75,385.5,13517154,5216467860.25,29-Sep-2026,114895,INE263A01024
BHARATFORG,EQ,1950,1958,1917,1942,1942,1957,1101271,2130412732.30,29-Sep-2026,45288,INE465A01025
BHARATGEAR,BE,99.33,100.78,99,100.29,100.7,99.82,11861,1183067.50,29-Sep-2026,85,INE561C01019
BPLPHARMA,EQ,2159.9,2222,1820,1926,1909.6,2149.8,64591,127839280.00,29-Sep-2026,6583,INE365Y01019
BPCL,EQ,302.25,303.45,296.5,299.35,299.35,302.25,4538466,1360573359.95,29-Sep-2026,44663,INE029A01011
BHARATRAS,EQ,1049.7,1055,1000,1005.7,1006,1046.2,66905,67974875.00,29-Sep-2026,4330,INE838B01021
BRNL,EQ,16.28,16.87,15.99,16.45,16.59,16.43,30174,489870.06,29-Sep-2026,283,INE727S01012
BHARATSE,EQ,212.45,215.23,207.91,213.61,211.2,212.45,92513,19637109.43,29-Sep-2026,3689,INE415D01024
BHARATWIRE,EQ,166.71,169.68,162.5,167.18,166,166.35,155514,25875372.74,29-Sep-2026,4100,INE316L01019
BHARTIARTL,EQ,1764,1787.5,1762,1771.2,1771.2,1771.4,9811381,17435958035.80,29-Sep-2026,236952,INE397D01024
BHARTIHEXA,EQ,1429.7,1432.4,1398,1409.4,1402.1,1426.5,171619,242566168.10,29-Sep-2026,22074,INE343G01021
BIL,EQ,998.2,1008.7,990,1000.7,997.35,1001.2,7606,7591810.95,29-Sep-2026,477,INE828A01016
BHEL,EQ,410.3,414.9,402.6,413.35,413.35,411.9,6607415,2709777833.40,29-Sep-2026,101664,INE257A01026
BTTL,BE,39.5,40.4,36.8,39.96,40.4,38.5,4534,177215.05,29-Sep-2026,26,INE274K01012
BIGBLOC,EQ,38.68,40.4,38.2,38.64,38.55,39.37,26802,1035588.97,29-Sep-2026,1100,INE412U01025
BIKAJI,EQ,552,554.9,523.6,531.15,538,557.9,904191,482866243.65,29-Sep-2026,35596,INE00E101023
BIKEWO,ST,115.6,117.4,115.6,117.4,117.4,117.95,36000,4204800.00,29-Sep-2026,12,INE0SQH01013
BILVYAPAR,BE,4.6,4.6,4.27,4.29,4.29,4.48,10350,45462.42,29-Sep-2026,34,INE071A01013
BI,BE,96.74,100.68,96.74,100.68,100.68,98.71,13447,1344697.68,29-Sep-2026,47,INE986A01012
GROWW,EQ,183.39,185.39,179.35,183.52,183.95,183.39,26593111,4836504761.91,29-Sep-2026,146956,INE0HOQ01053
BIMETAL,EQ,640.1,652,629.8,635.65,635.05,640.15,482,308648.20,29-Sep-2026,44,INE469A01019
BMLL,SM,160.1,160.1,155,155.35,155,166,27000,4295750.00,29-Sep-2026,22,INE1BKA01015
BIOCON,EQ,376.05,379.95,373.25,377,377,374.9,2779766,1048361783.75,29-Sep-2026,61541,INE376G01013
BIOFILCHEM,EQ,31.36,31.99,31.3,31.52,31.88,31.51,8360,263757.70,29-Sep-2026,130,INE829A01014
BIOPOL,SM,51.45,51.45,51.4,51.45,51.45,49,44400,2284260.00,29-Sep-2026,35,INE0XW001014
BIRLACABLE,EQ,353.85,368.95,344,368.95,368.95,351.4,427890,154956446.30,29-Sep-2026,7650,INE800A01015
BIRLACORPN,EQ,836,853.7,828.35,849.9,851.5,839.1,57453,48360671.10,29-Sep-2026,5986,INE340A01012
BIRLAPREC,BE,52.27,54.98,52.27,54.8,54.9,53.88,59792,3209222.22,29-Sep-2026,319,INE372E01025
BIRLANU,EQ,1441,1442.8,1390,1406,1400.1,1441,7707,10867182.60,29-Sep-2026,1450,INE557A01011
ABGSEC,EQ,112.91,113.36,112.91,112.92,112.92,113.85,59,6683.84,29-Sep-2026,7,INF209KC1134
ABSL10BANK,EQ,157.3,165,154.62,160.58,160.56,161.91,25520,4085198.48,29-Sep-2026,494,INF209KC1670
ABSLBANETF,EQ,54.58,56.58,54.58,55.83,55.87,55.98,170695,9455367.85,29-Sep-2026,320,INF209KB17D5
ABSLLIQUID,EQ,999.99,1000.01,999.99,999.99,999.99,1000,1096,1095999.60,29-Sep-2026,13,INF209KB18T9
ABSLMSCIN,EQ,28.01,28.37,27.93,28.21,28.37,28.15,60,1687.58,29-Sep-2026,6,INF209KC1662
ABSLNN50ET,EQ,74.47,75.53,72.83,74.11,74.16,74.47,30606,2267381.05,29-Sep-2026,227,INF209KB16D7
BSLSENETFG,EQ,73.32,74.43,72.8,73.03,73.4,73.78,2292,167559.53,29-Sep-2026,91,INF209KB10E8
GSEC10ABSL,EQ,111.92,111.92,111.92,111.92,111.92,111.87,1,111.92,29-Sep-2026,1,INF209KC1142
HEALTHY,EQ,17.03,17.25,16.95,17.14,17.25,17.03,279445,4782472.79,29-Sep-2026,965,INF209KB10C2
MOMENTUM,EQ,30.25,30.25,29.55,30.01,30.16,29.95,35857,1073294.03,29-Sep-2026,217,INF209KB14K7
NIFTYQLITY,EQ,19.72,20.45,19.72,20.07,20.04,20.23,30297,608096.86,29-Sep-2026,241,INF209KB15K4
SILVER,EQ,219.71,219.71,217.67,218.64,218.53,220.19,825833,180534763.70,29-Sep-2026,8992,INF209KB19F6
TECH,EQ,30.9,32,30.3,31.29,30.42,30.85,40531,1239875.11,29-Sep-2026,202,INF209KB11D8
ABSLPSE,EQ,10.01,10.01,9.69,9.82,9.84,9.81,113339,1109622.33,29-Sep-2026,506,INF209KB19Z4
BSOFT,EQ,270.65,273.4,267.4,269.05,270.5,271.25,916800,247309421.25,29-Sep-2026,28596,INE836A01035
BBOX,EQ,786,828.4,783,812.8,817,783.15,1236329,994915759.75,29-Sep-2026,65732,INE676A01027
BLACKROSE,EQ,118.98,118.98,109.99,113.25,113,116.32,41795,4700008.56,29-Sep-2026,761,INE761G01016
BLACKBUCK,EQ,603.75,625,598.4,622.4,624.8,601.2,703713,433896929.95,29-Sep-2026,35818,INE0UIZ01018
BLBLIMITED,EQ,17.34,17.38,16.72,16.84,16.75,17.18,103341,1761925.12,29-Sep-2026,599,INE791A01024
BLISSGVS,BE,727,730,700.8,710.9,712.9,737.65,528926,373598086.30,29-Sep-2026,3842,INE416D01022
BLSE,EQ,322.55,324,315.65,321.1,322.5,320.65,253804,81365061.65,29-Sep-2026,4044,INE0NLT01010
BLS,EQ,221.6,224.6,218,219.55,218.75,221.22,784993,173503858.86,29-Sep-2026,19480,INE153T01027
BLUECLOUDS,EQ,21.74,21.74,19.89,20.23,20.35,21.71,7984831,162779173.71,29-Sep-2026,18482,INE373T01047
BLUECOAST,EQ,22.99,22.99,21.61,22.7,22.7,21.99,1393,31454.07,29-Sep-2026,19,INE472B01011
BLUEDART,EQ,4747.2,4751.9,4523,4576,4550,4749.6,88233,406473573.40,29-Sep-2026,17331,INE233B01017
BLUEJET,EQ,558.95,566.6,544.8,549.6,555.4,557.3,763828,422803152.30,29-Sep-2026,31087,INE0KBH01020
BLUEPEBBLE,ST,67.8,67.8,65.45,67,67,68.85,2000,133080.00,29-Sep-2026,4,INE0SAK01011
BLUESTARCO,EQ,1572.9,1578.5,1526.9,1529.5,1529.5,1575.4,1003421,1554824945.40,29-Sep-2026,35938,INE472A01039
BLUEWATER,ST,589.4,589.4,558.05,580,580,561.45,21000,12161050.00,29-Sep-2026,19,INE0X3M01010
BLUESTONE,EQ,789,815.95,740.35,806.05,798,786.2,2316818,1802441278.00,29-Sep-2026,82220,INE304W01038
BLUSPRING,EQ,149,152.5,142,143.11,143.4,149.44,351924,51614549.63,29-Sep-2026,6890,INE0U4101014
BMWVENTLTD,EQ,51.6,52.49,51.4,51.49,51.4,51.4,83375,4306801.12,29-Sep-2026,1432,INE965W01036
BNAGROCHEM,EQ,208,218,197.6,207.24,208,208,918,193068.57,29-Sep-2026,39,INE00HZ01011
BODALCHEM,BE,201.95,202.8,191.84,191.99,192,201.93,710483,138647686.29,29-Sep-2026,2847,INE338D01028
BTML,EQ,7.15,7.25,6.96,7.03,7.05,7.15,105273,750739.65,29-Sep-2026,292,INE0EEJ01023
BOHRAIND,EQ,15.79,15.79,15.01,15.01,15.01,15.79,7861,118523.90,29-Sep-2026,42,INE802W01023
BBTC,EQ,1415,1415,1350,1355,1357,1415.7,240571,328030126.90,29-Sep-2026,21597,INE050A01025
BOMDYEING,EQ,108,108,105.01,106.7,106.39,107.39,351757,37396384.37,29-Sep-2026,3800,INE032A01023
BSHSL,EQ,84.99,88.13,81.53,85.9,88.13,84.99,13135,1113460.30,29-Sep-2026,412,INE032Z01020
830NHAI27,N2,1006.89,1006.89,1005,1005.1,1005.1,1006.89,477,480003.77,29-Sep-2026,12,INE906B07CB9
865IRFC29,NA,1107,1114.99,1102,1114.95,1114.95,1107.4,2545,2817957.46,29-Sep-2026,20,INE053F07686
871REC28,N9,1126,1126,1125.7,1125.7,1125.7,1126.5,100,112585.00,29-Sep-2026,2,INE020B07HS2
863NHB34,N3,6410,6410,6410,6410,6410,6410,31,198710.00,29-Sep-2026,2,INE557F07108
888IRFC29,NE,1130,1130,1124,1124,1124,1130,25,28244.00,29-Sep-2026,4,INE053F07744
901NHB34,N6,6400,6400,6390,6400,6400,6393.33,215,1375785.00,29-Sep-2026,24,INE557F07132
BONLON,EQ,40.16,42,39.56,40.16,40.5,40.16,4226,171587.13,29-Sep-2026,44,INE0B9A01018
BORANA,EQ,294.15,300.6,286.1,296.4,297,296.2,28915,8515620.55,29-Sep-2026,905,INE16SF01016
BOROLTD,EQ,281,282.26,272.01,276.21,277,280.8,461628,127814310.69,29-Sep-2026,9347,INE02PY01013
BORORENEW,EQ,452.25,459.95,449.1,452.5,455,452.25,392825,178193145.35,29-Sep-2026,18138,INE666D01022
BOROSCI,EQ,114.47,118.56,113.22,114.84,115.6,114.13,176023,20346742.00,29-Sep-2026,2420,INE02L001032
BOSCH-HCIL,EQ,1795,1964.9,1780,1934.4,1937.1,1802.4,201421,384798355.00,29-Sep-2026,20235,INE782A01015
BOSCHLTD,EQ,47145,47240,45700,45700,45700,47020,14828,687663190.00,29-Sep-2026,6214,INE323A01026
BOSS,ST,57,58.6,57,58.6,58.6,57.2,6000,345700.00,29-Sep-2026,3,INE0QNI01012
BPL,EQ,46.99,47.99,45.1,46.5,46.1,46.41,87265,4043344.86,29-Sep-2026,1239,INE110A01019
BRACEPORT,SM,69.5,69.7,64,64,64,65.1,14400,979760.00,29-Sep-2026,9,INE0R4Z01018
BRAHMINFRA,EQ,145.6,156,142.01,149.26,155.9,148.23,33835,4938055.64,29-Sep-2026,520,INE320I01017
FIRSTCRY,EQ,184.72,190,178.78,184.37,184.57,184.72,8233520,1526631120.01,29-Sep-2026,70370,INE02RE01045
BCONCEPTS,EQ,146,146,138,139.25,139.97,146.02,24778,3460921.67,29-Sep-2026,921,INE977Y01011
BRANDMAN,SM,162,163.05,160,163.05,163.05,163,4800,777320.00,29-Sep-2026,6,INE0XUD01014
BRIGADE,EQ,579.05,584.85,557.55,563.05,562,583.9,326005,185260901.80,29-Sep-2026,16383,INE791I01019
BRIGHOTEL,EQ,55.4,56.98,55.21,56.14,55.81,55.52,127096,7121322.54,29-Sep-2026,4997,INE03NU01014
BRIGHTBR,EQ,249.1,252,241,248.85,248,248.1,683,169417.70,29-Sep-2026,63,INE630D01010
BCG,EQ,9.37,9.44,9.2,9.28,9.28,9.37,3577362,33158736.99,29-Sep-2026,3912,INE425B01027
BRITANNIA,EQ,4899,4907.5,4798,4835,4835,4915,524981,2536450648.00,29-Sep-2026,29076,INE216A01030
BIRET,RR,338.8,338.89,331.05,333.85,331.65,337.77,4347530,1453109489.67,29-Sep-2026,22638,INE0FDU25010
BROOKS,EQ,57.11,57.94,55.65,56.51,56.5,56.55,26984,1528186.81,29-Sep-2026,560,INE650L01011
BSE,EQ,3100,3200,3100,3200,3200,3097.5,30101047,95785690891.30,29-Sep-2026,278349,INE118H01025
BSL,EQ,120.79,121.9,117.01,118.16,118.3,118.49,2047,243401.80,29-Sep-2026,66,INE594B01012
BUTTERFLY,EQ,563,567.4,559.5,561.25,561.9,564.05,7600,4269130.25,29-Sep-2026,689,INE295F01017
BULKCORP,ST,81.5,81.5,77.9,79.7,77.9,81.75,2400,191280.00,29-Sep-2026,2,INE0SZ301012
BURNPUR,BE,14.01,14.27,13.84,13.84,13.84,14.56,50743,706022.02,29-Sep-2026,368,INE817H01022
CGVAK,EQ,151.65,151.69,143,148.97,148.97,151.69,769,115518.01,29-Sep-2026,43,INE084D01010
CKKRETAIL,SM,170.1,170.1,153,169.9,170,170,147200,24976120.00,29-Sep-2026,27,INE0SMX01019
CPS,SM,1110,1135,1101.1,1135,1135,1150,1200,1341510.00,29-Sep-2026,8,INE0QBU01012
MAPMYINDIA,EQ,870.1,873.9,840,845.2,843.4,866.1,329311,280494260.90,29-Sep-2026,17465,INE0BV301023
C2C,SM,164,194.55,159.05,194.55,194.55,162.15,274650,50403247.50,29-Sep-2026,1177,INE0U7V01015
CADSYS,SM,41.55,41.55,41.55,41.55,41.55,43.7,3000,124650.00,29-Sep-2026,6,INE090Y01013
CMLL,EQ,526,552.05,513.65,542.9,540,524.8,1050819,567916151.25,29-Sep-2026,26819,INE11XY01018
CALSOFT,BE,33.61,34.7,32.9,33.44,33.79,34.55,263015,8786336.81,29-Sep-2026,743,INE526B01014
CTE,BE,40.1,42,39.25,41.34,41.34,41.31,9067,363103.15,29-Sep-2026,65,INE627H01017
CAMLINFINE,EQ,95.97,96.42,92.75,93.17,93.4,95.4,518550,48593563.84,29-Sep-2026,5405,INE052I01032
CAMPUS,EQ,211,212.27,208.71,209.76,210.98,211.04,244297,51428351.86,29-Sep-2026,8513,INE278Y01022
CANFINHOME,EQ,737.6,743.75,730,731.7,731,737.6,182975,134565528.10,29-Sep-2026,14511,INE477A01020
CANBK,EQ,120,120.34,118.03,119.51,119.51,120.65,20596639,2454097737.80,29-Sep-2026,101398,INE476A01022
CANHLIFE,EQ,146.55,152.49,144.55,149.62,149,147.78,1474938,218852086.12,29-Sep-2026,22446,INE01TY01017
CRAMC,EQ,227.5,228,222.15,223.55,223.45,225.4,244217,54628351.85,29-Sep-2026,7430,INE218I01013
CANARYS,SM,28.35,29.35,27.8,28.05,28.3,28.65,148000,4239400.00,29-Sep-2026,33,INE0QG301017
CANTABIL,EQ,231,234.43,228.21,232.5,231,230.67,92666,21391218.14,29-Sep-2026,2103,INE068L01024
CAPACITE,EQ,185.1,186.68,180.5,182.61,182.67,184.41,350639,64218195.55,29-Sep-2026,9015,INE264T01014
CAPILLARY,EQ,576.35,576.35,551.4,568.05,569.5,576.35,142990,80864592.00,29-Sep-2026,7067,INE0ILV01024
CIFL,EQ,22.49,22.49,20.4,21.36,21.49,21.73,304436,6578588.64,29-Sep-2026,1490,INE345H01024
CAPINVIT,IV,76.95,77.28,76.52,76.68,76.89,76.92,204140,15697253.64,29-Sep-2026,2439,INE0Z8Z23013
CAPITALSFB,EQ,280,281.95,274.55,279.65,280,280.2,33988,9453748.35,29-Sep-2026,917,INE646H01017
CAPTRUST,BE,18.15,18.73,17.48,17.55,17.55,18.39,25855,455898.94,29-Sep-2026,84,INE707C01018
CAPLIPOINT,EQ,2852,2869,2735,2744,2738,2854,93586,260485276.10,29-Sep-2026,15553,INE475E01026
CGCL,EQ,248.6,249.95,244.55,246.9,247.8,248.9,1745741,431127490.20,29-Sep-2026,22883,INE180C01042
CPL,EQ,62.52,62.86,61.72,62.16,62.4,62.86,15463,962883.44,29-Sep-2026,572,INE536P01021
CARBORUNIV,EQ,1241.7,1255,1194,1200.5,1207,1247.8,279910,341859460.20,29-Sep-2026,21768,INE120A01034
CARERATING,EQ,1627.9,1647.6,1603.4,1637.8,1640,1628.4,70064,113993505.50,29-Sep-2026,5757,INE752H01013
CPEDU,EQ,173.92,184.8,172.05,179.6,179.4,173.92,5458,981811.23,29-Sep-2026,120,INE0P6P01016
CARRARO,EQ,522.2,525,516.8,520.8,520,523.7,39095,20380163.00,29-Sep-2026,4195,INE0V7W01012
CARTRADE,EQ,2872.8,2937,2837.8,2907.5,2900.1,2880.1,245679,713269620.70,29-Sep-2026,31884,INE290S01011
CARYSIL,EQ,1038,1072,1016.1,1056.5,1050,1038.3,92819,96989717.70,29-Sep-2026,8971,INE482D01024
CUDML,SM,100.25,106,100.25,106,106,101.45,7000,727900.00,29-Sep-2026,7,INE0WL201014
CASTROLIND,EQ,200.2,202.8,198.1,199.83,199.26,201.04,5827158,1171389313.84,29-Sep-2026,50167,INE172A01027
CCL,EQ,1030,1036.3,1000,1006.2,1002.3,1031.6,125455,127452792.60,29-Sep-2026,15185,INE421D01022
1020CCSP27,N0,108949.74,108949.74,108949.74,108949.74,108949.74,108093.27,1,108949.74,29-Sep-2026,1,INE157D07EJ4
CEATLTD,EQ,3275.1,3282.6,3215.9,3240,3235.5,3274.7,45813,148378791.90,29-Sep-2026,11472,INE482A01020
CEDAAR,ST,10.85,11.4,10.85,11.4,11.4,10.9,4000,43950.00,29-Sep-2026,4,INE11J101017
CEIGALL,EQ,378.75,384.8,373,377.55,380,378.55,417159,158395716.00,29-Sep-2026,15683,INE0AG901020
CEINSYS,EQ,682,690,668,681.85,677.95,685.15,47994,32567714.60,29-Sep-2026,3115,INE016Q01014
CELEBRITY,EQ,6.7,6.7,6.34,6.46,6.45,6.68,22678,146775.94,29-Sep-2026,79,INE185H01016
CELLECOR,SM,29.55,29.85,29.5,29.55,29.55,29.45,102000,3023400.00,29-Sep-2026,32,INE0OMO01025
CELLO,EQ,332.6,336.5,325.6,333.35,330,332.6,213489,70736108.60,29-Sep-2026,12889,INE0LMW01024
CEMPRO,EQ,1229,1245.5,1214,1223.3,1222,1224.5,121284,148728958.70,29-Sep-2026,14722,INE686A01026
CENTRALBK,EQ,30.59,30.6,29.92,30.04,30.06,30.59,6815993,205580670.03,29-Sep-2026,24849,INE483A01010
CDSL,EQ,1289,1290,1261.3,1261.9,1261.9,1289,1412255,1801843990.20,29-Sep-2026,54101,INE736A01011
CMPDI,EQ,204.58,214.65,203.02,213.12,212.63,204.58,2376372,502496233.25,29-Sep-2026,33764,INE05HV01027
CENTRUM,EQ,21.33,22.2,19.95,20.56,20.4,20.85,473508,9680485.92,29-Sep-2026,1165,INE660C01027
CENTUM,EQ,4530,4995,4460.2,4920.7,4848,4571.2,480139,2334467769.80,29-Sep-2026,63410,INE320B01020
CENTENKA,EQ,558.6,560.2,541,549.5,548,553.05,20056,10984698.25,29-Sep-2026,2113,INE485A01015
CENTEXT,EQ,18.29,18.3,18,18.16,18.23,18.14,68265,1236504.56,29-Sep-2026,430,INE281A01026
CENTEXT-RE,BE,2.05,2.8,1.92,2.79,2.8,2,346265,824929.34,29-Sep-2026,563,INE281A20018
CENTURYPLY,EQ,679.05,683.9,655.05,665,674,679.05,515533,343793341.10,29-Sep-2026,34235,INE348B01021
CERA,EQ,5196,5238.5,5100,5124.5,5126,5196,6588,33798927.00,29-Sep-2026,2614,INE739E01017
CESC,EQ,136.11,136.59,132.5,133.87,134.28,136.18,4045341,543822569.28,29-Sep-2026,42768,INE486A01021
CGPOWER,EQ,865,873,855,858.05,858.05,865,2197467,1899765200.55,29-Sep-2026,44831,INE067A01029
CHALET,EQ,861.5,893.95,830.2,840.75,850.5,868.95,1019411,865099018.05,29-Sep-2026,49450,INE427F01016
CLSEL,EQ,285.5,286.45,280.8,282.25,282,285.75,20941,5936405.30,29-Sep-2026,1434,INE419D01026
CMNL,SM,112.5,115,111,111,111,115.75,13500,1512150.00,29-Sep-2026,17,INE06PV01010
CHAMBLFERT,EQ,417,417.8,411.7,413.55,413,418.45,665522,276495432.10,29-Sep-2026,16682,INE085A01013
CHAMUNDA,SM,40,40,40,40,40,42.85,3000,120000.00,29-Sep-2026,1,INE11HG01018
CHANDAN,SM,240,241.9,235.95,237.65,239,236.5,35200,8406000.00,29-Sep-2026,39,INE0B2N01016
CHAVDA,ST,65.85,66.5,65,65.35,65,68.05,38000,2486600.00,29-Sep-2026,15,INE0PT101017
CHEMBONDCH,BE,246.8,246.8,230.3,230.3,230.3,242.4,10790,2508112.35,29-Sep-2026,168,INE0TGX01019
CHEMBOND,EQ,194,194,182,182.87,182,189.43,11920,2199001.69,29-Sep-2026,532,INE995D01025
CHEMCON,EQ,221.55,222.92,211,213.81,214.06,220.81,42417,9137344.58,29-Sep-2026,1191,INE03YM01018
CHEMCRUX,EQ,78.8,80,76.3,78.01,78.9,78.78,5752,450184.62,29-Sep-2026,143,INE298W01016
CHEMFAB,EQ,340.55,349.8,334.45,343.5,346,340.55,3068,1050977.90,29-Sep-2026,335,INE783X01023
CHEMPLASTS,EQ,195.15,199.25,191.09,192.35,192.05,195.88,198535,38591594.33,29-Sep-2026,4058,INE488A01050
CHENNPETRO,EQ,1413,1485,1395.5,1436.9,1436,1408.1,2928658,4239546467.40,29-Sep-2026,103212,INE178A01016
CHEVIOT,EQ,1175.5,1193.9,1171,1176,1175.2,1187.9,620,729006.40,29-Sep-2026,106,INE974B01016
CHOICEIN,EQ,755.5,756.95,738.5,741.15,739,756.9,331488,248398133.20,29-Sep-2026,8080,INE102B01014
CHOICEGOLD,EQ,143.1,145.45,143.1,145.05,145.2,145.35,5639,816993.97,29-Sep-2026,173,INF2KCX01012
CHOLAHLDNG,EQ,1389.7,1402,1341,1371.8,1352.7,1390.4,479726,660840684.20,29-Sep-2026,48815,INE149A01033
CHOLAFIN,EQ,1620,1644,1600.2,1627.3,1627.3,1634.2,1489025,2425056851.50,29-Sep-2026,61594,INE121A01024
CIEINDIA,EQ,384.8,384.8,374.8,376.45,375.75,383.35,206872,78141931.95,29-Sep-2026,19532,INE536H01010
CINELINE,EQ,88.52,89.9,87.62,88.13,89.39,88.02,29030,2562365.32,29-Sep-2026,372,INE704H01022
CINEVISTA,EQ,14.25,14.25,13.4,13.64,13.85,13.82,9908,134838.86,29-Sep-2026,93,INE039B01026
CIPLA,EQ,1390,1401.8,1376.2,1379.3,1379.3,1383.7,1479526,2048700979.30,29-Sep-2026,44697,INE059A01026
CITIUSINVT,IV,117.2,119,116.63,117.86,117.8,117.3,129209,15226273.78,29-Sep-2026,2895,INE2Q7823014
CUB,EQ,217.16,217.48,210.69,214.91,215.4,215.99,1556485,333752062.94,29-Sep-2026,25648,INE491A01021
CLEDUCATE,EQ,55.01,55.98,53.05,55.43,55.98,54.28,11735,640016.99,29-Sep-2026,196,INE201M01029
CLASSICEIL,SM,50.8,50.8,50.2,50.2,50.2,49.55,3200,161600.00,29-Sep-2026,2,INE0UQ601012
CLAYCRAFT,SM,174.15,174.15,158.15,168.45,165.1,174.15,112800,18693390.00,29-Sep-2026,116,INE1QGM01024
CLEANMAX,EQ,1372,1422,1345.6,1382.4,1380,1373.1,1799568,2504204527.20,29-Sep-2026,88702,INE647U01026
CLEAN,EQ,786,788.8,766,775.75,773,781.7,385864,299079772.95,29-Sep-2026,19854,INE227W01023
CSSL,SM,75.05,75.05,75,75,75,76,3000,225050.00,29-Sep-2026,3,INE1EF801010
CMRGREEN,EQ,221.8,232,218.6,227.91,228.5,221.77,1088405,247882561.11,29-Sep-2026,24802,INE00WV01027
CMSINFO,EQ,228.6,230.74,224.63,229.17,229.05,228.01,425261,96898491.73,29-Sep-2026,14451,INE925R01014
COALINDIA,EQ,420.55,426,420.55,425,425,422.5,7457218,3163200450.10,29-Sep-2026,88911,INE522F01014
COASTCORP,EQ,36.95,36.95,35.3,35.55,35.83,36.18,47459,1694263.00,29-Sep-2026,549,INE377E01024
COCHINSHIP,EQ,1327.6,1359.3,1290,1359.3,1359.3,1329,1450465,1906831324.80,29-Sep-2026,50278,INE704P01025
COFFEEDAY,EQ,30,30.73,29.8,30.51,30.45,29.92,488933,14790438.43,29-Sep-2026,1969,INE335K01011
COFORGE,EQ,1784,1813.8,1722,1722,1722,1773,1932111,3437092124.00,29-Sep-2026,68247,INE591G01025
COHANCE,EQ,452.8,469.75,449.6,457.9,455.1,453.3,1477420,679319226.65,29-Sep-2026,42908,INE03QK01018
COLPAL,EQ,1833.2,1836,1785.1,1785.1,1785.1,1845.9,262461,475131306.70,29-Sep-2026,22457,INE259A01022
COMFINTE,EQ,7.04,7.15,6.38,6.73,6.7,7.21,827066,5633096.48,29-Sep-2026,1324,INE819A01049
COMSYN,EQ,281.9,282.85,258.25,261.95,261.85,280.85,1255588,341973250.40,29-Sep-2026,12030,INE073V01015
COMMITTED,SM,319.95,319.95,319.95,319.95,319.95,317,4800,1535760.00,29-Sep-2026,2,INE597Z01014
COMPEAU,EQ,383.9,383.9,349.05,369.7,373,353.05,1518,552433.30,29-Sep-2026,108,INE823B01015
COMPINFO,BZ,1.03,1.08,1.03,1.03,1.03,1.08,7373,7648.61,29-Sep-2026,19,INE070C01037
COMPUSOFT,EQ,13.06,13.8,13.06,13.36,13.39,13.1,22196,297542.93,29-Sep-2026,145,INE453B01029
CAMS,EQ,685,689.95,665.05,666,666,691.55,2128456,1431196196.40,29-Sep-2026,74648,INE596I01020
CONCORDBIO,EQ,1393,1435.6,1393,1410.7,1409,1392.7,153198,216732187.40,29-Sep-2026,16550,INE338H01029
CEWATER,EQ,259,261.95,250.25,259.6,258.75,258.25,57475,14732112.10,29-Sep-2026,2739,INE037Z01029
CFEL,BE,45,47.16,43.03,47.12,46.95,44.92,23048,1040479.06,29-Sep-2026,97,INE700F01024
CONFIPET,EQ,86,88.72,84.66,87.19,86.92,85.65,1929278,167997509.69,29-Sep-2026,21164,INE552D01024
CONNPLEX,SM,249.4,254,245,249.8,251.5,248.8,28000,6971320.00,29-Sep-2026,33,INE0EAS01014
CCCL,EQ,13.38,13.95,13,13.47,13.52,13.38,222828,2974518.28,29-Sep-2026,557,INE429I01024
CONSOFINVT,BE,276.1,289.9,276.05,289.3,289.9,276.1,5396,1529777.65,29-Sep-2026,38,INE025A01027
CONCOR,EQ,450,452.05,443.3,443.5,443.5,450,1737443,778827307.85,29-Sep-2026,40517,INE111A01025
CONTROLPR,EQ,593,610,593,608.5,608.05,599.2,49346,29875677.05,29-Sep-2026,1637,INE663B01015
COOLCAPS,SM,23.5,23.95,21.15,21.5,21.35,23.5,251250,5444000.00,29-Sep-2026,107,INE0HS001028
CORALFINAC,EQ,31.98,32.85,31.06,32.17,32,31.42,28066,896474.73,29-Sep-2026,212,INE558D01021
CORDSCABLE,BE,315.5,335,314.85,316.7,321,331.4,75912,24134569.10,29-Sep-2026,1185,INE792I01017
COROMANDEL,EQ,1900,1900.1,1772.1,1792.9,1810,1899.1,374773,678116525.10,29-Sep-2026,28703,INE169A01031
CORONA,EQ,2053,2108.2,2001.1,2078.4,2085,2053.3,70858,146017525.70,29-Sep-2026,17404,INE02ZQ01018
COSMOFIRST,EQ,844,862,825.2,834.8,836,842.75,39721,33137644.65,29-Sep-2026,3199,INE757A01017
CCHHL,EQ,12.89,13.17,12.71,12.9,12.9,12.83,4917,63392.20,29-Sep-2026,52,INE652F01027
COUNCODOS,BE,6.35,6.69,6.29,6.4,6.4,6.45,14690,95427.22,29-Sep-2026,60,INE695B01025
CPCAP,EQ,153.8,153.8,147.41,150.35,150.1,150.22,16103,2408971.57,29-Sep-2026,417,INE521J01018
CPSEETF,EQ,91.4,92.5,90.1,91.36,91.5,91.4,500003,45533136.19,29-Sep-2026,6207,INF457M01133
CRAFTSMAN,EQ,10566,10646,10405,10505,10498,10534,27697,292218035.00,29-Sep-2026,10916,INE00LO01017
CRAVATEX,EQ,340.05,355.95,332.25,343.95,343.8,361.8,281,96622.60,29-Sep-2026,52,INE145E01017
CRAYONS,SM,26.85,26.85,24.45,24.45,24.45,25.7,3000,76800.00,29-Sep-2026,3,INE0OFK01019
CREATIVEYE,EQ,6.18,6.18,5.63,6.03,6.04,5.72,15364,88923.17,29-Sep-2026,84,INE230B01021
CGRAPHICS,SM,152,159.95,149,158.4,159.5,147.6,200800,31140320.00,29-Sep-2026,155,INE0R7401011
CNL,EQ,1067.2,1125.9,1049,1097.7,1104,1072.7,14640,15875340.10,29-Sep-2026,1608,INE985W01018
CREDENT,SM,392,411.95,387.25,407.45,405.1,391.85,74400,29819100.00,29-Sep-2026,105,INE1KPX01025
CREDITACC,EQ,1255,1255.6,1209.1,1216.3,1224.7,1255.2,368535,452220804.10,29-Sep-2026,31321,INE741K01010
MUFTI,EQ,69.01,70.19,68.51,69.28,69,69.49,40683,2825721.66,29-Sep-2026,1229,INE220Q01020
CRSL,BE,2.34,2.34,2.24,2.26,2.25,2.33,221776,504076.94,29-Sep-2026,495,INE716D01033
CREST,EQ,361.9,361.9,355,356.9,356.3,359.9,768,273326.80,29-Sep-2026,35,INE559D01011
CRESTO,EQ,22.85,23.97,22.2,23.59,22.75,23.83,42943,992361.43,29-Sep-2026,386,INE203Y01012
CRISIL,EQ,4640.2,4640.2,4437.1,4464.1,4500,4650.6,36620,165457313.80,29-Sep-2026,10492,INE007A01025
CRIZAC,EQ,177,177,168,169.08,168.5,177.14,428888,72964012.32,29-Sep-2026,12263,INE0S4R01014
CROMPTON,EQ,219,219,211.37,211.37,211.37,218.8,5902708,1265897810.49,29-Sep-2026,49232,INE299U01018
CLSL,ST,62.95,62.95,62.95,62.95,62.95,63.2,2000,125900.00,29-Sep-2026,1,INE00NH01017
CROWN,EQ,115.99,118,113.81,115.73,115.5,113.72,18332,2122286.32,29-Sep-2026,628,INE491V01019
CSBBANK,EQ,323.75,323.75,315.1,316.2,315.5,323.75,474185,151068486.45,29-Sep-2026,19596,INE679A01013
CSLFINANCE,EQ,211.79,214.74,208.81,211.4,213.24,212.07,26104,5505966.64,29-Sep-2026,554,INE718F01018
CSM,EQ,98.69,99.97,95.21,98.16,97,98.31,100639,9836343.65,29-Sep-2026,1588,INE0ZK601013
CUBEINVIT,IV,154.75,155.48,154,154.59,154.6,154.02,1217384,188129848.62,29-Sep-2026,29106,INE0NR623014
CUBEXTUB,BE,170,175.83,159.09,175.74,175.83,167.46,511101,87010562.77,29-Sep-2026,2974,INE144D01012
CUMMINSIND,EQ,4850,4875,4795,4800,4800,4855,796818,3841026241.00,29-Sep-2026,93660,INE298A01020
CUPID,EQ,264,292.25,262,288,290.3,264.5,37060879,10369091093.70,29-Sep-2026,201770,INE509F01029
CURAA,BE,72.5,72.5,72.5,72.5,72.5,72.5,1,72.50,29-Sep-2026,1,INE117B01020
CURIS,ST,234,234,225,225,225,230.1,3000,689000.00,29-Sep-2026,3,INE1BZN01016
CURRENT,SM,94.8,105,94.8,99,99,94.8,14400,1432320.00,29-Sep-2026,9,INE1CRQ01014
CYBERMEDIA,BE,19.18,19.6,18.8,18.99,18.99,19.18,16000,305118.78,29-Sep-2026,83,INE278G01037
CYBERTECH,BE,135,137.75,133.01,137.56,137.49,135.44,16429,2248504.58,29-Sep-2026,126,INE214A01019
CYIENTDLM,EQ,914,932,885.45,921.15,929.8,917.95,439697,397243401.75,29-Sep-2026,34165,INE055S01018
CYIENT,EQ,1075,1093.5,1044,1055.3,1056,1082.3,481634,515225822.50,29-Sep-2026,42430,INE136B01020
DPWIRES,BE,161.58,162.99,158.11,160.56,161.95,158.41,3612,577590.85,29-Sep-2026,79,INE864X01013
DLINKINDIA,EQ,416.95,418,403,414.2,413,418.45,82273,33906428.00,29-Sep-2026,5096,INE250K01012
DPABHUSHAN,EQ,1384,1665.8,1376.4,1665.8,1665.8,1388.2,975157,1541421864.70,29-Sep-2026,46211,INE266Y01019
DBCORP,EQ,178,179.88,174.72,175.73,176.25,178.55,102069,17962141.23,29-Sep-2026,3726,INE950I01011
DABUR,EQ,383.85,384.45,378,380.4,380.4,385.75,6185956,2362452881.50,29-Sep-2026,50287,INE016A01026
DAICHI,BE,326.85,326.85,301.2,313.35,312,316,2024,619772.35,29-Sep-2026,60,INE928C01010
DALBHARAT,EQ,1651.6,1664.3,1630.1,1637.4,1635,1651.6,51490,84667140.80,29-Sep-2026,12627,INE00R701025
DALMIASUG,EQ,414.9,419.3,406.25,412.2,413.45,414.8,170040,70165669.00,29-Sep-2026,6340,INE495A01022
DAMCAPITAL,EQ,157.95,159.23,152.23,155.76,155.5,158.66,3480805,542684184.06,29-Sep-2026,38750,INE284H01025
DAMODARIND,BE,26.8,26.98,25.77,26.4,26.36,27.11,5220,137375.87,29-Sep-2026,38,INE497D01022
DANGEE,EQ,2.94,2.96,2.74,2.79,2.75,2.94,229714,640669.39,29-Sep-2026,345,INE688Y01022
DANISH,SM,930,981,912.5,969.45,967,926.3,20100,19186680.00,29-Sep-2026,115,INE0YU901016
DATAPATTNS,EQ,4287,4298,4190,4221.6,4222,4276.8,369866,1566968040.40,29-Sep-2026,42230,INE0IX101010
DATAMATICS,EQ,783,829.9,770,821.4,821.1,784.2,242433,197331000.15,29-Sep-2026,11121,INE365B01017
DAVANGERE,EQ,2.49,2.49,2.3,2.34,2.33,2.48,9874250,23561340.16,29-Sep-2026,3524,INE179G01029
DBSTOCKBRO,BE,31.6,31.66,30.11,30.75,30.75,31.66,10726,326985.30,29-Sep-2026,34,INE921B01025
DCI,EQ,334,336.3,316.2,325.7,327,326.65,114901,37664181.80,29-Sep-2026,4609,INE0A1101019
DCBBANK,EQ,206.05,206.06,201.1,202.37,202.2,207.46,977372,198357412.63,29-Sep-2026,25668,INE503A01015
DCG,ST,72.35,77.55,72.35,77.25,77,74.5,20400,1561080.00,29-Sep-2026,16,INE0S8401018
DCMFINSERV,EQ,5.2,5.2,4.88,4.93,4.9,5.06,11982,59619.91,29-Sep-2026,193,INE891B01012
DCM,EQ,75.1,75.8,75,75,75,75.1,1394,104689.32,29-Sep-2026,43,INE498A01018
DCMNVL,EQ,177.05,177.59,172.01,175.13,176.5,173.11,17098,2979712.49,29-Sep-2026,1618,INE08KP01019
DSFCL,EQ,30.51,30.98,28.98,29.1,29.49,30.5,97473,2890288.59,29-Sep-2026,498,INE0OFM01015
DCMSRIND,EQ,39.05,39.76,38.21,39.34,38.8,39.01,181267,7076275.78,29-Sep-2026,1734,INE843D01027
DCMSIL,EQ,81,81.5,75.6,77.56,78,78.98,82867,6425481.89,29-Sep-2026,1523,INE0OU201013
DCMSHRIRAM,EQ,944,944,903,907.8,906.9,944.6,424951,386833104.20,29-Sep-2026,24273,INE499A01024
DCW,EQ,47,47.01,45.72,45.98,45.82,46.81,1027636,47490889.66,29-Sep-2026,5797,INE500A01029
DCXINDIA,EQ,159,161.78,157.01,158.81,159.9,159.24,296344,47207926.58,29-Sep-2026,6466,INE0KL801015
DDEVPLSTIK,EQ,252,253.65,241,248.75,248.15,252.6,96122,23998406.15,29-Sep-2026,4420,INE0HR601026
DENEERS,SM,176.5,182,176,179.4,181.75,182.5,8400,1503150.00,29-Sep-2026,14,INE0JWV01011
DENORA,EQ,748,752.6,717.6,741.35,737,738,9296,6862122.20,29-Sep-2026,1247,INE244A01016
DECCANCE,EQ,542.55,551.9,535,540.1,540,542.55,9821,5304647.95,29-Sep-2026,654,INE583C01021
DECNGOLD,EQ,205.65,206.98,200,201.41,201,205.1,1086490,220242558.36,29-Sep-2026,18093,INE945F01025
DECCANTRAN,SM,21.65,21.65,21.65,21.65,21.65,21.65,12000,259800.00,29-Sep-2026,8,INE0S7C01019
DEEDEV,EQ,653.9,663.9,645.8,653.5,652.5,655.5,127706,83446844.10,29-Sep-2026,7121,INE841L01016
DEEM,SM,47,47,47,47,47,47,1000,47000.00,29-Sep-2026,1,INE586O01011
DEEPINDS,EQ,768,794.9,760.05,782.5,777.35,768,277380,216108909.35,29-Sep-2026,13271,INE0FHS01024
DEEP,BE,44,44.95,42.55,44.26,43.25,44.38,6637,292269.33,29-Sep-2026,58,INE00IY01012
DEEPA,EQ,198.9,203.35,185.25,188.89,187.5,202.54,4117606,801790520.86,29-Sep-2026,46819,INE1M2N01020
DBEIL,EQ,6.67,6.75,6.37,6.54,6.51,6.54,159976,1049325.80,29-Sep-2026,345,INE0OPA01027
DEEPAKFERT,EQ,1349,1349.2,1296,1308.9,1306.7,1350.5,171551,227307276.40,29-Sep-2026,14123,INE501A01019
DEEPAKNTR,EQ,1552.8,1555,1512.3,1529,1520,1550.8,187781,287795250.30,29-Sep-2026,19766,INE288B01029
DELAPLEX,SM,85.3,99.95,85.05,96.55,96.55,91.05,21600,2058060.00,29-Sep-2026,35,INE0SK801018
DELHIVERY,EQ,409,418.3,405.25,417.4,417.4,407.5,5622866,2333292553.10,29-Sep-2026,72157,INE148O01028
DELPHIFX,BE,6.64,6.64,6.64,6.64,6.64,6.51,88284,586205.76,29-Sep-2026,33,INE726L01027
DELTIC,SM,32.55,35.2,32.55,34.75,34.85,34.5,6000,205450.00,29-Sep-2026,6,INE0XRN01019
DELTACORP,EQ,72.45,81.56,71.02,78.69,78.2,72.2,12538926,954887919.76,29-Sep-2026,51029,INE124G01033
DELTAMAGNT,EQ,57.98,58.6,55.35,57.07,56.5,55.87,2389,137890.08,29-Sep-2026,39,INE393A01011
DEN,EQ,25.75,26.4,25.52,25.91,25.99,26,205763,5322450.55,29-Sep-2026,1093,INE947J01015
DENTA,EQ,268.7,273.95,264,266.6,265.5,267.7,60442,16180114.55,29-Sep-2026,2419,INE0R4L01018
DEVX,EQ,36.31,36.31,35.59,36.12,36.29,36.13,23115,831521.82,29-Sep-2026,376,INE0VOV01021
DEVIT,EQ,21.99,22,21.21,21.59,21.85,22.16,28270,611882.16,29-Sep-2026,734,INE060X01034
DEVYANI,EQ,131,133.3,126.56,130.72,131.9,131.09,2134376,277940140.92,29-Sep-2026,28382,INE872J01023
DHABRIYA,BE,472,481.5,468.05,471.8,470,471.9,11235,5314507.30,29-Sep-2026,140,INE260R01016
DBOL,EQ,124,126.25,119.76,124.49,123.5,122.77,275265,34093682.85,29-Sep-2026,6382,INE0I3401014
DHAMPURSUG,EQ,172.88,173.49,168.51,171.8,172.5,172.42,382799,65681532.34,29-Sep-2026,9271,INE041A01016
DHANBANK,EQ,28,28.9,27.79,28.37,28.9,28.23,268647,7571484.91,29-Sep-2026,2544,INE680A01011
DHANLAXMI,SM,25.25,26,25,26,26,25.25,6000,152500.00,29-Sep-2026,3,INE0V9V01010
DHANUKA,EQ,950,962.5,922,930.55,930,954.4,26244,24688374.20,29-Sep-2026,4789,INE435G01025
DHARARAIL,ST,138.9,140,138.9,140,140,138.9,2000,278900.00,29-Sep-2026,2,INE2HJL01019
DHARAN,BZ,0.15,0.15,0.14,0.14,0.15,0.14,7530926,1088002.01,29-Sep-2026,1024,INE278R01034
DHARIWAL,SM,26.9,27.6,26,27.05,27.5,26.3,165000,4481100.00,29-Sep-2026,52,INE0YRN01025
DHARMAJ,EQ,289.85,290.7,274,278.75,275,291.05,78435,21970456.40,29-Sep-2026,2891,INE00OQ01016
DHATRE,EQ,3.91,4.09,3.9,3.97,3.95,3.96,59326,235981.79,29-Sep-2026,176,INE715T01031
DHOOTTRANS,EQ,1508.9,1524.9,1477.7,1504.6,1505,1504.2,617575,929655823.90,29-Sep-2026,37944,INE01NH01023
DHRUV,EQ,20.9,20.9,20.33,20.89,20.89,21.4,12631,258863.95,29-Sep-2026,75,INE506Z01015
DHUNINV,EQ,970,991,951,972.35,972.2,968.5,256,249051.20,29-Sep-2026,62,INE320L01011
DTIL,BE,139,146.94,138,144.98,143,139.95,4777,694034.05,29-Sep-2026,73,INE341R01014
DVL,EQ,282.1,289,276.45,287.65,285,281.9,15774,4445289.00,29-Sep-2026,599,INE477B01010
DIAMINESQ,EQ,236.59,244,236.15,239.88,236.6,240.18,1394,333649.09,29-Sep-2026,188,INE591D01014
DIACABS,BE,336.9,356.2,333.65,352.05,351.9,339.25,1038953,362927728.30,29-Sep-2026,12368,INE989C01038
DICIND,EQ,626.65,647.65,612.05,619.95,615,637.15,1907,1189001.95,29-Sep-2026,227,INE303A01010
DIFFNKG,EQ,447.15,450.6,428.5,448.15,448,444.15,128120,56498482.05,29-Sep-2026,4992,INE184O01015
DGCONTENT,EQ,24.4,25.95,23.23,25.24,24.76,23.37,126064,3106494.88,29-Sep-2026,302,INE03JI01017
DIGIDRIVE,EQ,17.99,18.2,17.6,17.81,17.92,17.75,28906,514205.91,29-Sep-2026,109,INE0PSC01024
DIGIKORE,SM,35.45,36.95,35.45,36.35,36.5,35.8,24800,891380.00,29-Sep-2026,53,INE0QJ901011
DIGISPICE,EQ,15.79,15.79,14.95,15.35,15.37,15.68,169468,2570559.42,29-Sep-2026,572,INE927C01020
DIGITIDE,EQ,76.55,77.06,74.8,75.12,75.7,76.55,268468,20342356.05,29-Sep-2026,3950,INE0U4701011
DIGJAMLMTD,BE,49.5,52,49.1,49.5,49.5,51.68,20251,1009856.63,29-Sep-2026,76,INE731U01028
DNAMEDIA,EQ,2.53,2.53,2.32,2.41,2.45,2.47,36350,88979.09,29-Sep-2026,84,INE016M01021
DBL,EQ,406.3,412.8,400.1,410.9,411.5,406.9,103780,42376749.05,29-Sep-2026,5392,INE917M01012
DISAQ,EQ,11802,12150,11720,11804,11825,11972,281,3334367.00,29-Sep-2026,59,INE131C01011
DISHTV,EQ,2.24,2.24,2.15,2.15,2.15,2.26,2598068,5606056.09,29-Sep-2026,2006,INE836F01026
DCAL,EQ,164.3,166.49,160.99,161.39,161,164.27,260096,42241364.85,29-Sep-2026,4932,INE385W01011
DIVGIITTS,EQ,1220,1249,1200,1212.9,1210.1,1218.6,143797,175912406.60,29-Sep-2026,11801,INE753U01022
DIVISLAB,EQ,9562,9610.5,9431,9431,9431,9550,652089,6199042711.50,29-Sep-2026,70973,INE361B01024
DIVINEHIRA,ST,105.5,107.55,105,105.95,106.4,102.45,28800,3070980.00,29-Sep-2026,22,INE0NA501011
DPEL,SM,625.05,627,607.3,619.3,619.5,620.7,29000,17969100.00,29-Sep-2026,56,INE0SCO01019
DIXON,EQ,13640,13686,13250,13250,13250,13640,305508,4142881368.00,29-Sep-2026,45423,INE935N01020
DJML,EQ,70.63,72.79,70.2,71.62,70.4,71.35,40710,2908277.18,29-Sep-2026,603,INE0B1K01014
DLF,EQ,660.5,675,653,653,653,663.55,4736174,3142393370.95,29-Sep-2026,51198,INE271C01023
DMCC,EQ,305.45,319.9,300,314.45,316.8,302.8,263536,82508122.55,29-Sep-2026,8220,INE505A01010
DHTL,SM,25.75,26.25,25.75,26.25,26.25,25.75,30400,790400.00,29-Sep-2026,7,INE0OGG01015
DODLA,EQ,1000.3,1020.3,993.4,1011.1,1007.7,1008.7,21646,21803946.90,29-Sep-2026,3301,INE021O01019
DOLATALGO,EQ,66.9,66.9,64.71,65.51,65.32,65.79,69225,4526624.06,29-Sep-2026,1034,INE966A01022
DOLLAR,EQ,265.5,282.95,265.5,280.25,277.1,269.5,218402,60568370.65,29-Sep-2026,4399,INE325C01035
DOLLEX,EQ,37.6,39.55,35.9,38.9,38.2,36.1,80171,3034206.45,29-Sep-2026,462,INE0JHH01011
DOLPHIN,EQ,659.9,669.45,641.3,650.75,652.85,648,41024,26898427.55,29-Sep-2026,2342,INE920A01037
DOMS,EQ,2040.2,2083,2020,2052.4,2040,2046.5,56107,114856210.90,29-Sep-2026,11102,INE321T01012
DONEAR,EQ,81.75,81.77,81,81.12,81.13,81.58,9832,799556.99,29-Sep-2026,165,INE668D01028
DPSCLTD,BE,7,7,6.81,6.9,6.93,6.99,53953,371654.89,29-Sep-2026,363,INE360C01024
AGARWALEYE,EQ,501.95,501.95,488.25,495.25,498,503.6,606157,299623005.00,29-Sep-2026,25050,INE943P01029
DRAGARWQ,EQ,5219,5219,5075,5129.5,5126,5186.5,2216,11343760.50,29-Sep-2026,518,INE934C01018
LALPATHLAB,EQ,1943.6,1971.4,1930.6,1950.4,1946,1942.1,401450,785304648.10,29-Sep-2026,50264,INE600L01024
DRREDDY,EQ,1243.2,1252.8,1229,1251.9,1251.9,1221,5347128,6644030218.80,29-Sep-2026,116376,INE089A01031
DRCSYSTEMS,EQ,12.52,12.75,12.25,12.31,12.45,12.52,27456,342303.23,29-Sep-2026,331,INE03RS01027
DREAMFOLKS,EQ,62.23,62.59,61.3,61.91,61.75,62.03,29459,1822765.16,29-Sep-2026,953,INE0JS101016
DREDGECORP,EQ,941,952,925.1,932.9,929.9,941.4,86237,81076842.80,29-Sep-2026,5397,INE506A01018
DRONE,SM,33.45,33.45,32.75,33.3,33.4,33.45,14000,460775.00,29-Sep-2026,27,INE0P7201019
DSKULKARNI,BE,25.06,25.06,25.06,25.06,25.06,24.57,37,927.22,29-Sep-2026,1,INE891A01022
KEEPLEARN,EQ,1.92,1.92,1.82,1.84,1.84,1.87,26860,50205.02,29-Sep-2026,48,INE055C01020
LIQUIDETF,EQ,999.99,1000.01,999.99,999.99,1000,999.99,68481,68480904.08,29-Sep-2026,226,INF740KA1EU7
BANK10ADD,EQ,16.17,16.17,15.83,16.11,16.06,16.19,234324,3741326.24,29-Sep-2026,832,INF740KA1YH2
BANKADD,EQ,55.73,56.02,55.1,55.89,56.02,55.83,22998,1273990.61,29-Sep-2026,103,INF740KA1RX3
GOLDADD,EQ,14.27,14.3,14.08,14.16,14.16,14.24,7563524,106988754.11,29-Sep-2026,6661,INF740KA1ZP2
ITADD,EQ,30.01,30.2,29.18,29.5,29.52,29.9,13380,395411.24,29-Sep-2026,246,INF740KA1SX1
EQUAL50ADD,EQ,327.01,327.01,322,325.79,325.82,327,59385,19274145.63,29-Sep-2026,739,INF740KA1QK2
NIFTYADD,EQ,243.19,243.19,238.01,239.94,239.5,240.87,10717,2567398.32,29-Sep-2026,269,INF740KA1CL0
PSUBANKADD,EQ,82.18,82.38,80.2,81.28,80.95,81.39,21665,1750023.06,29-Sep-2026,396,INF740KA1SY9
PVTBANKADD,EQ,26.76,26.94,26.54,26.8,26.75,26.9,70320,1877451.82,29-Sep-2026,211,INF740KA1TA7
MIDQ50ADD,EQ,24.25,24.25,23.67,23.78,23.8,24.01,106238,2523719.26,29-Sep-2026,386,INF740KA1ZF3
SENSEXADD,EQ,75,75.12,74.55,74.74,74.55,75.51,1703,127343.58,29-Sep-2026,145,INF740KA1SZ6
SILVERADD,EQ,21.19,21.19,20.99,21.07,21.09,21.19,2489623,52447036.17,29-Sep-2026,5755,INF740KA1ZQ0
FLEXIADD,EQ,9.84,9.84,9.38,9.45,9.52,9.6,1273684,12179915.65,29-Sep-2026,819,INF740KA1WU9
FMCGADD,EQ,45.67,45.88,45.06,45.19,45.23,45.67,16005,723103.20,29-Sep-2026,214,INF740KA1ZA4
GSEC10ADD,EQ,26.54,26.54,26.54,26.54,26.54,26.77,1,26.54,29-Sep-2026,1,INF740KA1ZI7
HEALTHADD,EQ,16.99,16.99,16.59,16.81,16.82,16.74,11644,194378.50,29-Sep-2026,203,INF740KA1ZG1
LIQUIDADD,EQ,1152.4,1152.4,1146.82,1146.82,1146.82,1146.67,706908,810706153.34,29-Sep-2026,337,INF740KA1UM0
MIDBANKADD,EQ,16.5,16.7,16.26,16.46,16.46,16.52,105024,1711052.03,29-Sep-2026,51,INF740KA1ZH9
MIDCAPADD,EQ,22.62,22.62,21.91,22.06,22.07,22.18,8405,184955.50,29-Sep-2026,187,INF740KA1WW5
MSCIADD,EQ,28.06,28.08,27.83,27.95,28.01,28.45,2793,78197.48,29-Sep-2026,13,INF740KA1WV7
NEXT30ADD,EQ,41.12,41.27,40.82,41.11,41.11,41.31,1678,68764.90,29-Sep-2026,218,INF740KA1VE5
NEXT50ADD,EQ,70.45,70.74,70.05,70.4,70.27,70.89,7188,505918.04,29-Sep-2026,161,INF740KA1XU7
SMALLADD,EQ,18.35,18.35,17.61,17.85,18.04,17.99,22836,407752.74,29-Sep-2026,354,INF740KA1WX3
TOP10ADD,EQ,82.6,83.45,81.96,82.71,82.5,82.59,235506,19369172.45,29-Sep-2026,1202,INF740KA1UR9
DUCOL,SM,121.9,125,120,120,120,115,3200,391120.00,29-Sep-2026,4,INE0LZO01015
DUCON,EQ,1.42,1.46,1.42,1.42,1.42,1.49,3114371,4423064.57,29-Sep-2026,409,INE741L01018
DUGLOBAL,SM,21.25,21.25,19.6,20.15,20.25,20.25,555000,11116000.00,29-Sep-2026,152,INE0HPK01020
DURLAX,SM,65.85,69.15,64.5,68.25,69.05,65.85,242000,16404500.00,29-Sep-2026,97,INE0OUW01013
DWARKESH,EQ,43.19,43.89,42.65,43.33,43.49,43.37,1233809,53449031.14,29-Sep-2026,6491,INE366A01041
DSSL,EQ,1023.9,1024.1,986,993,986.1,1011.3,27471,27399967.10,29-Sep-2026,2728,INE417B01040
DYNAMATECH,EQ,13049,13149,12723,13065,13005,13139,34803,451078816.00,29-Sep-2026,9801,INE221B01012
DYCL,EQ,434.4,438.5,420.8,433.9,434,435.15,478495,205671480.65,29-Sep-2026,19226,INE600Y01019
DYNAMIC,SM,139.3,139.3,139.3,139.3,139.3,139.95,500,69650.00,29-Sep-2026,1,INE0DZ701010
DYNPRO,EQ,224.01,228.87,221.71,222.6,224.5,224.7,17051,3816089.26,29-Sep-2026,816,INE256H01015
EFACTOR,SM,170.5,194.4,170.5,190.35,190,177.85,24000,4467100.00,29-Sep-2026,54,INE0KFF01017
E2ERAIL,SM,315,331,314.85,322.15,322.5,317.6,84800,27472800.00,29-Sep-2026,58,INE1CEJ01017
E2E,BE,619.55,657.15,602.15,651.8,648,625.9,851171,548030150.05,29-Sep-2026,14467,INE255Z01027
EASTWEST,EQ,2.25,2.32,2.25,2.27,2.27,2.29,34964,79714.18,29-Sep-2026,66,INE595R01023
EASTSILK,BE,72.55,72.55,70.3,70.3,70.3,74,642,45357.60,29-Sep-2026,16,INE962C01035
EASEMYTRIP,EQ,5.96,5.96,5.85,5.88,5.89,5.97,7428490,43712310.32,29-Sep-2026,5312,INE07O001026
EBIX,BE,17.1,17.79,16.9,17.01,17.25,17.19,37741,646471.08,29-Sep-2026,103,INE432F01032
888ECL28,N1,988.1,988.2,982.11,987.42,986.1,988.75,692,682834.43,29-Sep-2026,22,INE528S07110
925ECL28,N2,1020,1020,1020,1020,1020,1030.33,20,20400.00,29-Sep-2026,1,INE528S07128
ECLERX,EQ,1818,1829.9,1762,1769.7,1776,1816.2,175169,313086906.60,29-Sep-2026,25439,INE738I01010
ECORECO,EQ,403.6,405,386,403.3,402.65,404.8,25903,10236931.45,29-Sep-2026,1905,INE316A01038
ECOLINE,SM,172,174,168,173.9,173.9,176.25,11000,1877950.00,29-Sep-2026,11,INE0VBS01016
ECOSMOBLTY,EQ,107.3,107.3,104.1,105.07,104.1,106.36,47947,5047161.59,29-Sep-2026,1564,INE06HJ01020
BBETF0432,EQ,1333.5,1338.49,1330.1,1337.31,1335.05,1333.5,2380,3176160.76,29-Sep-2026,78,INF754K01OB1
EBANK10,EQ,15.93,16.08,15.63,16.04,16,15.98,1713,27244.53,29-Sep-2026,28,INF754K01XH9
EBANKNIFTY,EQ,54.53,55.63,54.48,54.94,54.94,55.18,2170,119286.29,29-Sep-2026,26,INF754K01TE4
EBBETF0430,EQ,1600.69,1612.9,1577.34,1607.4,1607.5,1609.53,7638,12270418.19,29-Sep-2026,284,INF754K01KO2
EBBETF0431,EQ,1423.5,1434,1423.22,1425.71,1423.25,1425.38,5894,8405978.69,29-Sep-2026,91,INF754K01LE1
EBBETF0433,EQ,1298,1299.32,1286.29,1298.53,1298.98,1299.14,7062,9140174.64,29-Sep-2026,217,INF754K01QX0
ECAPINSURE,EQ,22.9,22.95,22.45,22.58,22.79,22.9,161207,3647998.10,29-Sep-2026,1256,INF754K01TX4
EGOLD,EQ,146.85,146.85,145.05,145.85,146.2,146.55,54421,7939389.85,29-Sep-2026,332,INF754K01SE6
ELIQUID,EQ,1049.69,1049.71,1049.69,1049.7,1049.71,1049.55,77793,81658790.39,29-Sep-2026,28,INF754K01VW2
ELM250,EQ,15.96,15.99,15.52,15.7,15.52,15.86,103427,1637737.16,29-Sep-2026,355,INF754K01VV4
ELMDIV,EQ,34.93,34.93,34.93,34.93,34.93,34.76,9,314.37,29-Sep-2026,1,INF754K01XI7
EMETAL,EQ,12.88,13.04,12.75,12.76,12.75,12.93,2041,26346.09,29-Sep-2026,31,INF754K01XG1
EMULTIMQ,EQ,40.98,40.98,40.05,40.45,40.5,40.53,13091,528824.58,29-Sep-2026,214,INF754K01TF1
ENEXT50,EQ,70.19,71.09,67.64,67.91,71.09,70.4,3943,271985.44,29-Sep-2026,47,INF754K01XF3
ENIFTY,EQ,23.64,25.33,22.63,24.03,24.79,23.07,5844,137105.82,29-Sep-2026,123,INF754K01VX0
ESENSEX,EQ,74.38,74.41,72.98,74.4,74.4,73.54,1110,81127.25,29-Sep-2026,21,INF754K01VY8
ESILVER,EQ,220,220.13,217.96,218.25,218.72,220.84,48279,10551609.88,29-Sep-2026,2947,INF754K01SF3
EDELWEISS,EQ,135,138.43,132.71,137.77,137.84,135.45,4623007,629884718.90,29-Sep-2026,39618,INE532F01054
EFCIL,EQ,174.05,176.41,173.65,174.28,173.89,175.24,128858,22503477.95,29-Sep-2026,2252,INE886D01026
EFFWA,SM,345,363,345,358.85,361,348.85,9200,3269340.00,29-Sep-2026,19,INE0U9101019
EICHERMOT,EQ,7213.5,7268,7164.5,7179,7179,7213.5,596560,4297245459.50,29-Sep-2026,66317,INE066A01021
EIDPARRY,EQ,708.5,708.5,690.05,696.25,699,706.45,275246,192021449.75,29-Sep-2026,18233,INE126A01031
EIHAHOTELS,EQ,289,294.35,286,292.35,292.5,290,11583,3362991.50,29-Sep-2026,1160,INE276C01014
EIHOTEL,EQ,298,309,294.7,301.85,300.6,295.1,2110585,641175501.75,29-Sep-2026,46879,INE230A01023
EIMCOELECO,EQ,2265.6,2304.2,2239.4,2278.3,2277.2,2268.9,15830,35841435.90,29-Sep-2026,2298,INE158B01016
EKI,EQ,92.7,100.26,83.3,98.57,99,91.15,318373,30293780.28,29-Sep-2026,5084,INE0CPR01018
ELANTAS,EQ,13720,13839,13403,13649,13771,13819,1687,22933793.00,29-Sep-2026,884,INE280B01018
ELCIDIN,EQ,103500,103500,101500,102665,103000,103500,6,617700.00,29-Sep-2026,6,INE927X01018
ELDEHSG,EQ,768.1,768.1,747,751.75,754.9,756.6,277,209956.80,29-Sep-2026,44,INE668G01021
ELECON,EQ,477.85,487.5,468,480.4,480,480.75,1322812,632808497.25,29-Sep-2026,33627,INE205B01031
EFORCE,SM,17.6,19.1,17.6,18.5,18.5,18.5,8400,154560.00,29-Sep-2026,7,INE0Q1W01012
EMIL,EQ,193,198,189.8,191.71,190.5,192.89,2513420,487842945.99,29-Sep-2026,44964,INE02YR01019
ELECTCAST,EQ,72.94,79,71.15,76.53,76.5,72.35,26225369,2007941200.53,29-Sep-2026,121703,INE086A01029
ELECTHERM,EQ,806.6,806.65,775,778.35,779,806.65,11981,9424872.70,29-Sep-2026,794,INE822G01016
ELGNZ,SM,84.9,85,81.5,83.95,84,82,18000,1503100.00,29-Sep-2026,15,INE0R9101015
ELGIEQUIP,EQ,598.95,605.8,591.35,594.85,598.95,598.85,241659,144528503.45,29-Sep-2026,21876,INE285A01027
ELGIRUBCO,EQ,53.02,53.51,51.5,52.9,52.35,52.25,30247,1588119.40,29-Sep-2026,509,INE819L01012
ELIN,EQ,86.62,86.98,85.21,86.65,86.8,87.29,57766,4982271.15,29-Sep-2026,902,INE050401020
ELITECON,EQ,8.84,8.84,8.2,8.2,8.2,8.63,3594963,29788167.31,29-Sep-2026,4506,INE669R01026
ELLEN,EQ,394.95,394.95,358.65,369.35,369,359.05,7447433,2771373847.45,29-Sep-2026,93571,INE236E01022
ELPROINTL,EQ,172.54,172.88,169.81,170.47,172.6,172.52,23149,3974741.22,29-Sep-2026,170,INE579B01039
EMAPARTNER,SM,80.55,82.25,80.5,82.25,82.25,81.25,4000,323800.00,29-Sep-2026,3,INE0ZOL01023
EMAMILTD,EQ,388.6,388.6,376.75,381.05,382.05,388.75,2619527,1005024400.35,29-Sep-2026,61001,INE548C01032
EMAMIPAP,BE,116,119.95,112.6,118.62,118.98,117.4,40900,4784123.26,29-Sep-2026,295,INE830C01026
EMAMIREAL,EQ,68.2,68.2,66.2,66.94,66.95,67.14,2736,182291.37,29-Sep-2026,77,INE778K01012
EMBDL,EQ,56.03,56.64,55.05,56.33,56.4,56.03,1237266,69041408.22,29-Sep-2026,7393,INE069I01010
EMBASSY,RR,435.7,440,432,437.71,436.25,437.66,5374016,2349558474.00,29-Sep-2026,34261,INE041025011
EMCURE,EQ,1922.1,1987.1,1912,1959.1,1942.2,1927.8,330808,646000422.50,29-Sep-2026,34958,INE168P01015
ETML,SM,76.05,76.05,75,75.15,75.15,75.3,12000,903120.00,29-Sep-2026,9,INE0RHD01013
EMKAY,EQ,290,295.05,281,282.6,282,288.7,139872,40341070.05,29-Sep-2026,2959,INE296H01011
EMKAYTOOLS,SM,94.5,94.5,92.35,92.8,92.35,94.5,1350,126135.00,29-Sep-2026,7,INE332S01011
ETL,SM,1210,1210,1210,1210,1210,1170,150,181500.00,29-Sep-2026,1,INE0PXC01024
EMMBI,BE,89.7,90,86,89.34,90,89.17,4467,393684.62,29-Sep-2026,61,INE753K01015
EMMVEE,EQ,314.05,319,312.45,314.55,314.5,315.55,1669860,526410275.15,29-Sep-2026,40714,INE1C6T01020
EMPIND,EQ,1032.1,1053.8,1032.1,1046.2,1040.3,1041.4,631,656864.00,29-Sep-2026,126,INE515H01014
EMPOWER,EQ,1.7,1.7,1.7,1.7,1.7,1.78,3592503,6107255.10,29-Sep-2026,1890,INE507F01023
EMSLIMITED,EQ,340,342.5,334.6,337.5,338,342.55,106018,35847414.65,29-Sep-2026,5142,INE0OV601013
EMUDHRA,EQ,650.2,651,621.1,627.15,622,649.25,487802,310753347.05,29-Sep-2026,23127,INE01QM01018
ENCOMPAS,SM,245.95,245.95,227,233.95,233.95,239,4000,937280.00,29-Sep-2026,9,INE433T01015
ENDURANCE,EQ,2699,2714.2,2637,2654.8,2641,2700.4,68032,182484868.10,29-Sep-2026,20456,INE913H01037
ENERGYDEV,EQ,14.6,14.9,14.59,14.6,14.59,14.83,17191,253039.74,29-Sep-2026,201,INE306C01019
EMMIL,SM,128,137.7,126.3,133.35,137.7,128.35,5750,758087.50,29-Sep-2026,21,INE0S1L01013
ENFUSE,SM,148.6,148.6,148.6,148.6,148.6,149,600,89160.00,29-Sep-2026,1,INE0S3X01014
ENGINERSIN,EQ,310.1,316.8,304.75,310.2,310.3,313.9,4987436,1551065632.85,29-Sep-2026,63935,INE510A01028
ENKEIWHEL,EQ,385.05,400.95,385,397.8,399,392.85,1147,447989.20,29-Sep-2026,70,INE130L01014
ENSER,SM,15,15.05,14.45,15,15,15.25,25000,372500.00,29-Sep-2026,5,INE0R9I01021
ENTERO,EQ,1780,1797.8,1745.8,1764.9,1761,1790.1,120363,213841032.00,29-Sep-2026,10316,INE010601016
ENIL,EQ,98.74,98.74,95.12,95.33,95.21,96.01,9925,953157.18,29-Sep-2026,254,INE265F01028
EIEL,EQ,192.68,193.35,188.6,191.48,190.83,193,453947,86742386.10,29-Sep-2026,11764,INE0LLY01014
ENVIRO,SM,69.05,69.05,67.15,67.75,67.5,71.15,50000,3402800.00,29-Sep-2026,45,INE0SUH01015
EPACK,EQ,179.65,179.65,174.01,177.93,178.6,178.23,253210,44770777.01,29-Sep-2026,5462,INE0G5901015
EPACKPEB,EQ,241.74,249.43,238.41,243.32,242,241.74,456672,111827267.36,29-Sep-2026,9796,INE0MLS01022
EPIGRAL,EQ,1045,1052.4,1013.1,1018.1,1017.1,1038,35053,35907884.20,29-Sep-2026,3527,INE071N01016
EPL,EQ,236.35,236.35,231.1,233.05,233.15,235,655107,152658452.80,29-Sep-2026,14102,INE255A01020
EEPL,ST,129.2,132.1,129.2,132.1,132.1,129.15,4000,519700.00,29-Sep-2026,4,INE11HF01010
EPWINDIA,SM,230,230,226,230,230,239,4800,1099200.00,29-Sep-2026,4,INE1KEC01023
EQUIPPP,BE,21.85,22.94,21.85,22.93,22.94,21.85,4426,100474.75,29-Sep-2026,20,INE217G01035
EQUITASBNK,EQ,66.08,67.79,65.5,67.07,67.5,66.02,2421082,162155637.05,29-Sep-2026,20507,INE063P01018
ERIS,EQ,1231,1293,1180.1,1219.3,1220.8,1236.3,859869,1053724340.60,29-Sep-2026,65953,INE406M01024
ESABINDIA,EQ,5530,5546,5447,5510,5505,5518.5,2344,12884666.50,29-Sep-2026,651,INE284A01012
ESAFSFB,BE,42.5,44.8,41.21,44.54,44.51,43,1486139,64790735.68,29-Sep-2026,3175,INE818W01011
ESCONET,ST,213.25,223.9,209,223.9,223.9,213.25,46000,10189860.00,29-Sep-2026,91,INE0RQZ01017
ESCORTS,EQ,2740.7,2761.8,2701,2706.2,2704.5,2740.7,40955,111688997.50,29-Sep-2026,11328,INE042A01014
ESDS,EQ,1588.9,1588.9,1588.9,1588.9,1588.9,1672.5,21769,34588764.10,29-Sep-2026,2006,INE0DRI01029
113ESFB31,N0,100000,100000,100000,100000,100000,99999,1,100000.00,29-Sep-2026,1,INE818W08149
1165ESFB32,N0,102000,102000,102000,102000,102000,101000,3,306000.00,29-Sep-2026,1,INE818W08164
ESPRIT,SM,63.25,66.8,63.25,65.25,65.25,62,12800,836320.00,29-Sep-2026,8,INE0SBP01018
ESSARSHPNG,EQ,16.21,18,15.7,16.95,17,15.63,710896,11824370.97,29-Sep-2026,3134,INE122M01019
ESFL,SM,116.05,116.05,109.8,113.75,114.1,119,17640,2018232.00,29-Sep-2026,35,INE0ITO01014
ESTER,EQ,85.13,85.82,83,84.55,84.6,85.23,44511,3744252.91,29-Sep-2026,1233,INE778B01029
ETERNAL,EQ,333,333,323.65,327.85,327.85,330.95,30822496,10084009783.10,29-Sep-2026,208146,INE758T01015
ETHOSLTD,EQ,2502,2516.8,2410.4,2489.8,2499,2518.2,138768,341660822.00,29-Sep-2026,30474,INE04TZ01018
EUREKAFORB,EQ,358.4,365.8,350,362.95,363.6,361.3,561407,200642996.65,29-Sep-2026,26218,INE0KCE01017
EIFFL,BE,271.5,277,271.5,277,277,277,210,57020.50,29-Sep-2026,8,INE546V01010
EUROBOND,EQ,149,149,145.05,147.12,147,149.93,1612,236257.54,29-Sep-2026,53,INE505V01016
EUROPRATIK,EQ,206.4,206.45,198.55,202.05,202.5,206.4,257897,52003490.45,29-Sep-2026,9922,INE198501012
EUROTEXIND,EQ,13.1,14.1,12.5,13,13,12.92,2224,29592.49,29-Sep-2026,24,INE022C01012
EVEREADY,EQ,319.95,324.3,315.85,318.9,318,321.75,45033,14401238.90,29-Sep-2026,2073,INE128A01029
EVERESTIND,BE,425,443.15,406.7,436.25,443.1,422.05,66206,28628650.15,29-Sep-2026,243,INE295A01018
EKC,EQ,107.35,108.96,104.81,107.74,108.65,107.03,219635,23435608.67,29-Sep-2026,2970,INE184H01027
EXCELINDUS,EQ,942.8,942.8,917.1,924.8,917.1,942.8,23883,22240648.30,29-Sep-2026,1406,INE369A01029
EXCELLENT,ST,185.15,194.9,185.15,194.9,194.9,192.9,3200,608080.00,29-Sep-2026,2,INE0Y4801011
EXCELSOFT,EQ,85,85,82.05,83.39,83.5,84.13,798928,66572547.28,29-Sep-2026,7482,INE606N01019
EXICOM,EQ,156.4,157,150.22,152.97,153.24,156.07,645786,98519935.43,29-Sep-2026,9339,INE777F01014
EXIDEIND,EQ,411,414.5,403.15,407,405,411.75,2034310,829766267.85,29-Sep-2026,49465,INE302A01020
EXPLEOSOL,EQ,868.1,869.85,855.5,858.3,856,870.35,8798,7573473.85,29-Sep-2026,1337,INE201K01015
EXXARO,EQ,6.16,6.17,6.01,6.09,6.07,6.15,172278,1048269.82,29-Sep-2026,593,INE0GFE01026
FABTECH,EQ,144,148.4,142.61,147.47,147,144.26,61853,9013325.44,29-Sep-2026,1147,INE0HF201011
FACT,EQ,760.65,781.9,740.1,757.2,747,767.5,710398,538684257.10,29-Sep-2026,30981,INE188A01015
FAIRCHEMOR,BE,684.9,689,672,674.7,680,675,2690,1813258.05,29-Sep-2026,694,INE0DNW01011
FALCONTECH,SM,12.25,12.85,11.7,12.85,12.85,12.25,7200,88680.00,29-Sep-2026,6,INE0PQK01013
FASCINATE,SM,67.1,67.1,67.1,67.1,67.1,63.95,74400,4992240.00,29-Sep-2026,11,INE1Q2D01019
FAZE3Q,EQ,427.25,429.75,418,422.2,419.05,427.25,9297,3947256.45,29-Sep-2026,829,INE963C01033
FCSSOFT,EQ,1.38,1.43,1.37,1.39,1.4,1.4,2848817,3938843.97,29-Sep-2026,1120,INE512B01022
FDC,EQ,341.3,351.9,340.15,350.1,351.8,343.6,111778,38720046.05,29-Sep-2026,5212,INE258B01022
FEDFINA,EQ,150.1,150.46,147.33,148.86,148.86,150.72,1080152,161039790.66,29-Sep-2026,18870,INE007N01010
FEDDERSHOL,EQ,62.97,64.08,59.11,60.69,59.99,61.89,3808343,235595092.65,29-Sep-2026,15439,INE417D01020
FEDERALBNK,EQ,325.65,326.85,320.2,320.2,320.2,325,9570469,3092805161.20,29-Sep-2026,114699,INE171A01029
FMGOETZE,EQ,458.65,462.2,452.55,460.1,461,458.65,99572,45617237.10,29-Sep-2026,4237,INE529A01010
FELIX,SM,193.5,202,193.5,200.35,202,198,10000,1979250.00,29-Sep-2026,20,INE901X01013
FERMENTA,EQ,501,575.1,496.4,551.35,543,479.3,3374367,1853097176.45,29-Sep-2026,94105,INE225B01021
FIBERWEB,EQ,26.4,27.46,26.03,26.79,27,26.4,12963,340520.07,29-Sep-2026,105,INE296C01020
FIDEL,SM,167,172.75,165,168.05,171,168,7000,1174250.00,29-Sep-2026,6,INE0LQQ01019
FIEMIND,EQ,1926,1939.7,1901.3,1921.1,1924.5,1926,36157,69415865.60,29-Sep-2026,7520,INE737H01014
FILATFASH,EQ,0.19,0.19,0.18,0.18,0.19,0.18,16791914,3065460.74,29-Sep-2026,1415,INE185E01021
FILATEX,EQ,111.48,113.94,109.21,112,110.66,110.75,4756161,533175887.52,29-Sep-2026,27816,INE816B01035
FINBUD,SM,110.05,112,110,111.95,111.95,111.4,11000,1225700.00,29-Sep-2026,9,INE0EDU01014
FINEORG,EQ,5090,5162,5070,5140,5157,5124,11866,60844239.00,29-Sep-2026,3244,INE686Y01026
FCL,EQ,57.39,58.42,55.55,57.94,57.9,57.4,19042160,1089342629.35,29-Sep-2026,51095,INE045J01034
FINKURVE,EQ,69.48,73.02,68.8,69.37,69.38,69.32,49299,3470517.05,29-Sep-2026,1127,INE734I01027
FINOPB,EQ,127.65,130.05,125.05,129.23,128.5,127.23,175313,22406554.36,29-Sep-2026,2900,INE02NC01014
FINCABLES,EQ,1408.1,1459.8,1396.4,1435.5,1438,1408.1,769597,1104900997.40,29-Sep-2026,43848,INE235A01022
FINPIPE,EQ,151,152.2,149.65,151.15,151.25,151.61,414515,62647502.81,29-Sep-2026,16140,INE183A01024
FSL,EQ,256,257,248,248.9,248.5,256,406764,102096182.75,29-Sep-2026,13859,INE684F01012
FISCHER,EQ,34.9,35.5,32.85,33.68,34.09,34.08,1344456,45727450.31,29-Sep-2026,5118,INE771F01041
FIVESTAR,EQ,517.05,517.5,491,497.25,492.15,518.35,1439331,721747072.80,29-Sep-2026,57931,INE128S01021
FLAIR,EQ,234.46,237.95,230,230.38,231,235.06,105035,24393951.29,29-Sep-2026,2561,INE00Y201027
FLEXITUFF,BE,2.92,2.92,2.91,2.92,2.92,2.87,6737,19662.04,29-Sep-2026,9,INE060J01017
FLYSBS,SM,619.85,636.95,603,619.6,616,624.7,110400,68227060.00,29-Sep-2026,379,INE0VCK01011
FWSTC,SM,167.5,194,167,191,191.9,173,110400,20975040.00,29-Sep-2026,38,INE0SQZ01015
FOCUS,BE,59.3,59.75,57,57.07,57,58.73,36445,2097288.77,29-Sep-2026,299,INE593W01028
FONEBOX,ST,153,153,152,152,152,160,4000,609000.00,29-Sep-2026,4,INE0Q4701019
FOODSIN,EQ,52.83,53.24,50.5,51.46,50.99,52.83,105082,5470346.42,29-Sep-2026,2475,INE976E01023
FORCAS,ST,228.1,238.35,225,237.55,237.1,227,70400,16452000.00,29-Sep-2026,41,INE0U2501017
FORCEMOT,EQ,17100,17146,16761,16905,16905,17100,82027,1389692003.00,29-Sep-2026,21788,INE451A01017
FORGEAUTO,SM,101,101,101,101,101,101,1200,121200.00,29-Sep-2026,1,INE0YKW01013
FORTIS,EQ,833,838.05,815.2,822,822,830.75,2532368,2082520798.40,29-Sep-2026,59377,INE061F01013
FOSECOIND,EQ,6298,6400,6210.5,6335,6300,6298,9967,62950157.00,29-Sep-2026,2619,INE519A01011
FRACTAL,EQ,742.45,759.7,740.25,753.15,751.1,742.1,1079289,810889520.90,29-Sep-2026,34550,INE212S01015
FREDUN,EQ,1393.8,1424.9,1295,1392.4,1416,1387,91403,128544029.30,29-Sep-2026,8043,INE194R01017
FRESHARA,ST,410,415,402.25,414.75,415,419.65,10800,4416840.00,29-Sep-2026,18,INE0SFW01015
FROG,SM,267.9,268,262.05,262.4,262.1,267.9,13600,3591500.00,29-Sep-2026,33,INE385O01018
FRONTSP,EQ,1431,1431,1339,1394.1,1399,1447,52600,72875149.20,29-Sep-2026,4816,INE572D01014
NYKAA,EQ,325.5,329.8,319.25,327.35,327.35,325.5,4395026,1432406516.10,29-Sep-2026,85962,INE388Y01029
UTLSOLAR,EQ,405.05,420,395.05,407.7,401,409.05,276123,111529421.25,29-Sep-2026,13814,INE12UR01024
FUSION,EQ,170.71,176.58,168.35,173.3,175,171.93,1397767,241780113.20,29-Sep-2026,18976,INE139R01012
FLFL,BZ,1.15,1.16,1.1,1.1,1.1,1.15,14356,15956.77,29-Sep-2026,50,INE452O01016
FEL,BZ,0.38,0.38,0.37,0.38,0.38,0.37,113129,42689.80,29-Sep-2026,77,INE623B01027
FELDVR,BZ,2.08,2.08,1.92,2.07,2.07,2,1324,2555.01,29-Sep-2026,17,IN9623B01058
FMNL,EQ,8.05,8.17,7.61,7.97,7.77,7.94,68724,545281.38,29-Sep-2026,190,INE360L01017
GMBREW,EQ,966.45,981,953.15,962.95,961,966.6,36309,34989739.85,29-Sep-2026,2546,INE075D01018
GRINFRA,EQ,799.3,820,789.15,816.25,810.15,799.3,16367,13142519.45,29-Sep-2026,2684,INE201P01022
GTECJAINX,EQ,29.66,29.66,29.66,29.66,29.66,26.97,14074,417434.84,29-Sep-2026,39,INE586X01012
GABRIEL,EQ,1355,1355.1,1294,1303.9,1306,1349.2,218766,288411831.60,29-Sep-2026,20930,INE524A01029
GATECH,BE,0.73,0.73,0.7,0.7,0.7,0.73,12312026,8658499.97,29-Sep-2026,4393,INE224E01028
GATECHDVR,BE,0.47,0.48,0.46,0.47,0.47,0.46,162052,77223.77,29-Sep-2026,154,INE224E01036
GAIL,EQ,172.34,173.26,168.43,170.04,170.04,172.45,12119087,2073903063.80,29-Sep-2026,45255,INE129A01019
GAJA,EQ,141.3,142.79,139.4,140.42,140,140.93,304080,42846394.55,29-Sep-2026,5334,INE18UN01038
GALAPREC,EQ,1140,1190.9,1119.6,1157.7,1155,1140.2,60527,70515225.20,29-Sep-2026,5377,INE0RE001014
GML,SM,18,18.4,16.9,17.5,17.5,17.7,48000,849300.00,29-Sep-2026,19,INE09A801015
GALAXYSURF,EQ,2191,2325,2188.9,2301.2,2307.4,2190.7,34404,77820014.80,29-Sep-2026,7606,INE600K01018
GALLANTT,EQ,540.9,547,527.55,539.1,535,536.55,53198,28669805.65,29-Sep-2026,5770,INE297H01019
GANDHAR,EQ,261.9,274.55,258,273.55,271.25,262.05,691116,185526618.20,29-Sep-2026,12811,INE717W01049
GANDHITUBE,EQ,948,988.65,937.1,966.55,968,952.5,23674,22854808.30,29-Sep-2026,1955,INE524B01027
GANESHBE,BE,143,143,131.8,137.83,137.93,137.32,354560,49053702.28,29-Sep-2026,1432,INE388A01029
GANESHCP,EQ,158.01,158.99,152,153.08,156.15,156.36,110782,17048105.92,29-Sep-2026,2465,INE652V01016
GGBL,SM,214.45,222,207.8,220.2,220,212.35,19200,4153860.00,29-Sep-2026,61,INE0R8C01018
GANESHHOU,EQ,720.65,724.95,702.35,706.65,706.95,718.55,28836,20419395.70,29-Sep-2026,1924,INE460C01014
GANESHIN,SM,88.5,91,87.2,90.5,91,88.85,23200,2070440.00,29-Sep-2026,26,INE0TVT01024
GANECOS,EQ,1011,1030,1000,1010.6,1020,1019.2,45421,46061762.80,29-Sep-2026,4296,INE845D01014
GANGABATH,SM,22.1,22.45,21.15,21.15,21.15,22.75,27000,592950.00,29-Sep-2026,5,INE0ZI101018
GANGAFORGE,EQ,1.35,1.47,1.35,1.47,1.47,1.4,1779126,2580989.71,29-Sep-2026,676,INE691Z01023
GRSE,EQ,2234,2242.7,2191.9,2206.1,2205,2245.3,428953,948201008.30,29-Sep-2026,39095,INE382Z01011
GARUDA,EQ,178.8,178.8,174.07,176.56,176.5,178.81,301597,53250349.65,29-Sep-2026,6563,INE0JVO01026
GRWRHITECH,EQ,6665.5,7048,6555,7016.5,7000,6653.5,70353,485383625.00,29-Sep-2026,16291,INE291A01017
GARFIBRES,EQ,775.45,777.4,750,753.85,750.1,772.85,26654,20368946.15,29-Sep-2026,4065,INE276A01018
GATEWAY,EQ,51.71,52.35,51.42,51.57,51.51,51.88,709691,36796496.46,29-Sep-2026,7179,INE079J01017
GAUDIUMIVF,EQ,111.5,115.5,111.5,113.9,113.19,112.2,223577,25415043.60,29-Sep-2026,2413,INE0P8B01020
GAYAHWS,EQ,1.84,1.85,1.75,1.84,1.85,1.84,120182,217762.13,29-Sep-2026,240,INE287Z01012
GAYAPROJ,EQ,22.23,22.89,21.51,22.44,22.73,21.96,541787,11937474.32,29-Sep-2026,2479,INE336H01023
GVPIL,EQ,656.95,683.95,645.05,683.95,683.95,651.4,143048,96042564.10,29-Sep-2026,5695,INE878A01011
GVT&D,EQ,4198.8,4229,4110.9,4130.3,4130.3,4203,903170,3755247179.00,29-Sep-2026,78922,INE200A01026
GEECEE,BE,368.95,379.5,361,375.65,375,369.35,4653,1738383.55,29-Sep-2026,91,INE916G01016
GEEKAYWIRE,EQ,31.51,32.11,30.31,30.5,30.4,31.87,190025,5866638.69,29-Sep-2026,1222,INE669X01032
GEMAROMA,EQ,156,158.88,153.08,157.76,157,156.62,46771,7315857.66,29-Sep-2026,1185,INE06XZ01023
GICRE,EQ,329.2,329.75,319,320.25,319,329.3,691287,222913881.80,29-Sep-2026,20506,INE481Y01014
GENCON,EQ,38,38.21,36.5,37.12,36.5,37.75,364800,13596728.05,29-Sep-2026,1158,INE854S01022
GENESYS,EQ,282.13,282.4,275,277.68,276,282.13,211324,58907064.64,29-Sep-2026,5084,INE727B01026
GENSOL,BZ,15.99,15.99,15.14,15.14,15.14,15.93,159255,2432951.18,29-Sep-2026,1070,INE06H201014
GENUSPAPER,EQ,10.11,11.4,9.25,10.25,10.24,10.11,353410,3573567.89,29-Sep-2026,1366,INE949P01018
GENUSPOWER,EQ,294,301,290,293.65,294,294.05,2057886,608776194.65,29-Sep-2026,31410,INE955D01029
GENXAI,SM,68.5,80,65.5,75.65,73,69.2,142800,10377540.00,29-Sep-2026,75,INE1W0N01014
GEOJITFSL,EQ,77.22,79.28,76.16,76.76,76.8,78.3,378266,29246282.50,29-Sep-2026,4846,INE007B01023
GFLLIMITED,EQ,56.99,57,54,55.7,55.83,55.99,55498,3056770.94,29-Sep-2026,1420,INE538A01037
GHCL,EQ,410.5,410.5,396,404.55,405,410.6,600220,240989987.65,29-Sep-2026,17022,INE539A01019
GHCLTEXTIL,EQ,135.6,135.65,128.16,132.27,131.5,134.83,524448,69275826.53,29-Sep-2026,10635,INE0PA801013
GICHSGFIN,EQ,136,136.6,132.63,133.71,133.11,135.72,116666,15592414.69,29-Sep-2026,1770,INE289B01019
GILLANDERS,EQ,114,114,106.17,110.75,111.9,107.38,17774,1950561.43,29-Sep-2026,321,INE047B01011
GILLETTE,EQ,6930,7020,6870,6963.5,6960,6925.5,30311,210111174.00,29-Sep-2026,6635,INE322A01010
GINNIFILA,BE,40.59,40.59,39.55,40.01,40,40.41,39204,1568029.82,29-Sep-2026,119,INE424C01010
GIRIRAJ,SM,67.45,68.4,61.9,63,67.85,65.15,10250,656875.00,29-Sep-2026,33,INE614Z01017
GKENERGY,EQ,120.99,121.81,118.99,119.4,119.2,121.87,444548,53296730.07,29-Sep-2026,5283,INE1AG301022
GKB,EQ,65.37,67,65,65.93,65,65.37,4600,304821.59,29-Sep-2026,47,INE265D01015
GKWLIMITED,EQ,1525.1,1550,1501.8,1542,1542,1531.7,404,618273.90,29-Sep-2026,48,INE528A01020
GLAND,EQ,2896.6,3024,2896.6,2989.7,2985,2896,876878,2620200652.80,29-Sep-2026,65764,INE068V01023
GLASSWALL,EQ,271,297,264.15,286.55,282.75,270.32,11915458,3322730452.56,29-Sep-2026,101183,INE644Q01039
GLAXO,EQ,2888,2899.9,2770.6,2783.8,2777.3,2896.4,49829,140848359.60,29-Sep-2026,10395,INE159A01016
GLENMARK,EQ,2330.4,2441.5,2292,2441.5,2441.5,2325.7,1277155,3007093026.90,29-Sep-2026,56808,INE935A01035
GLOBAL,EQ,134.4,135.03,132.1,133.01,132.8,133.61,79535,10606722.33,29-Sep-2026,1867,INE291W01037
MEDANTA,EQ,1440.8,1452.5,1402,1415.1,1423.9,1433.4,205609,290886350.70,29-Sep-2026,27333,INE474Q01031
GSLSU,EQ,30.05,31.56,29.12,30.74,30.55,30.07,37143,1120718.85,29-Sep-2026,651,INE0JSX01015
GLOBALVECT,EQ,136.25,136.25,129,131.98,131.32,135.44,4033,530932.92,29-Sep-2026,219,INE792H01019
GLOBALE,EQ,10.27,11.32,10.27,10.64,10.65,10.8,5574,60745.20,29-Sep-2026,42,INE0URU01010
GLOBECIVIL,EQ,43.5,43.75,41.66,42.06,42.4,43.3,26879,1136204.82,29-Sep-2026,432,INE0V3U01015
GLOBE,EQ,2.2,2.2,2.12,2.14,2.12,2.2,601492,1305616.03,29-Sep-2026,239,INE581X01021
GICL,BE,22.89,23.17,22.3,23.12,23,23.38,286636,6502960.62,29-Sep-2026,188,INE947T01022
GLOBUSSPR,EQ,820,820.05,801.1,804.8,808,819.15,69920,56550378.40,29-Sep-2026,3823,INE615I01010
GLOSTERLTD,EQ,559.9,559.9,536.2,539.25,540,545.5,1121,608067.75,29-Sep-2026,101,INE350Z01018
GLOTTIS,EQ,62.44,62.44,59.11,61.02,61.04,62.44,48803,2964662.38,29-Sep-2026,1232,INE0TQE01026
GMMPFAUDLR,EQ,1475.4,1505.7,1455,1477.1,1480,1480.1,478619,707715263.70,29-Sep-2026,46877,INE541A01023
GMRAIRPORT,EQ,94.1,94.74,93.5,93.75,93.75,94.75,10060323,946340730.53,29-Sep-2026,24994,INE776C01039
GMRP&UI,EQ,101.8,102,99.4,100.72,100,101.9,1380706,139248706.06,29-Sep-2026,15624,INE0CU601026
GNA,EQ,597,600,575.4,593.75,593,594.7,499013,293573511.20,29-Sep-2026,14958,INE934S01014
EBGNG,EQ,672.05,690.95,666.1,674.8,674.95,672.15,544371,370013509.25,29-Sep-2026,26462,INE18JU01028
GODIGIT,EQ,263.1,263.1,251.8,253.2,252.7,263.25,3238407,822519132.80,29-Sep-2026,43832,INE03JT01014
GOCOLORS,EQ,305.7,312.7,301,304.3,302.5,304.8,74604,22919846.40,29-Sep-2026,4652,INE0BJS01011
GOACARBON,EQ,407.85,409.85,396.55,408.85,409.85,405.75,14749,5969994.25,29-Sep-2026,778,INE426D01013
GOCLCORP,EQ,381.05,381.05,359.75,363.65,364,379,220064,80281672.50,29-Sep-2026,8445,INE077F01035
GODAVARIB,EQ,227.78,237.79,226.01,236.48,236.87,229.45,60955,14101274.91,29-Sep-2026,2021,INE497S01012
GPIL,EQ,225.6,225.6,220.1,221.35,220.45,225.46,1239698,276562394.04,29-Sep-2026,18427,INE177H01039
GODFRYPHLP,EQ,1941.9,1944.2,1862,1862,1862,1931.5,297806,565354613.20,29-Sep-2026,20702,INE260B01028
GODREJAGRO,EQ,640.1,643.15,626.7,631.7,635,642.5,96669,61477546.80,29-Sep-2026,7763,INE850D01014
GODREJCP,EQ,868,870,850,855,855,868,1360604,1165046566.25,29-Sep-2026,36472,INE102D01028
GODREJIND,EQ,1070.9,1074.8,1051,1055.7,1051,1076.1,40543,43073715.60,29-Sep-2026,7277,INE233A01035
GODREJPROP,EQ,1666,1671.3,1634.4,1634.4,1634.4,1669.8,410924,677226375.70,29-Sep-2026,23453,INE484J01027
620GS2029,GS,99.5,99.5,98.29,98.29,98.29,99,500,49266.00,29-Sep-2026,2,IN0020260058
679GS2034A,GS,96.39,99.21,96.39,99.21,99.21,97.03,201,19377.21,29-Sep-2026,3,IN0020240159
698GR2054,GS,91.8,93.95,91.8,93.95,93.95,91.75,175,16226.25,29-Sep-2026,3,IN0020240175
709GS2074,GS,95,95,94.12,94.85,94.89,94.8,26685,2528213.11,29-Sep-2026,36,IN0020240142
574GS2026,GS,99.03,102.49,99.03,101.61,101.61,101.57,186,18878.06,29-Sep-2026,5,IN0020210186
601GS2030,GS,98,98,98,98,98,97.74,500,49000.00,29-Sep-2026,1,IN0020250067
603GS2029,GS,99.25,99.25,99.25,99.25,99.25,99.25,100,9925.00,29-Sep-2026,1,IN0020250125
610GS2031,GS,97,97,97,97,97,97.05,1,97.00,29-Sep-2026,1,IN0020210095
633GS2035,GS,96.57,96.57,96.57,96.57,96.57,101,500,48285.00,29-Sep-2026,1,IN0020250026
636GS2031,GS,99.5,99.5,98.01,98.01,98.01,98.5,101,9900.50,29-Sep-2026,2,IN0020250141
648GS2035,GS,98.9,98.9,97.25,97.31,97.31,98.9,1350,131919.00,29-Sep-2026,4,IN0020250091
653GS2031,GS,96.06,98.02,96.06,97.75,97.75,98.02,2201,215248.77,29-Sep-2026,5,IN0020260074
654GS2032,GS,98.4,98.4,98.4,98.4,98.4,98.7,25000,2460000.00,29-Sep-2026,1,IN0020210244
667GS2050,GS,91.25,93.5,91.25,92.37,93.5,89.45,24,2217.00,29-Sep-2026,4,IN0020200252
668GS2033,GS,98.8,98.8,97.78,97.78,97.78,98.8,4700,459668.00,29-Sep-2026,7,IN0020250133
668GS2040,GS,98,98.01,98,98,98,98,86695,8496120.00,29-Sep-2026,6,IN0020250042
676GS2061,GS,89.68,91,89.5,89.5,89.5,89.38,33169,2977721.30,29-Sep-2026,42,IN0020200401
679GS2034,GS,99.8,100,99.7,100,100,101.5,11000,1099760.00,29-Sep-2026,3,IN0020240126
68GS2060,GS,92.2,92.2,91.15,91.15,91.15,91.45,37152,3390159.63,29-Sep-2026,21,IN0020200187
690GS2065,GS,93.6,93.6,92.5,93,93,92.89,117958,10913159.03,29-Sep-2026,21,IN0020250018
694GS2036,GS,101.25,102.24,101.25,101.87,101.87,102.98,3101,315460.24,29-Sep-2026,33,IN0020260025
695GS2061,GS,93,93,92.9,93,93,93.24,799,74265.50,29-Sep-2026,12,IN0020210202
699GS2051,GS,96.68,96.7,96.35,96.35,96.35,93.5,539,51949.88,29-Sep-2026,5,IN0020210194
702GS2031,GS,101.13,101.13,101.13,101.13,101.13,101.39,100,10113.00,29-Sep-2026,1,IN0020240076
706GS2028,GS,103.29,103.75,103.29,103.75,103.75,103.6,7180,742654.00,29-Sep-2026,6,IN0020230010
709GS2054,GS,94.5,95.74,94.5,95.49,95.49,94.5,1842,175412.66,29-Sep-2026,9,IN0020240118
717GS2030,GS,102.01,103.7,102.01,103.7,103.7,104.26,3002,307927.40,29-Sep-2026,4,IN0020230036
718GS2033,GS,102,102,100.5,102,102,103.4,157103,15849506.00,29-Sep-2026,15,IN0020230085
718GS2037,GS,102.84,102.84,101.5,101.5,101.5,101.72,10012,1016232.73,29-Sep-2026,10,IN0020230077
723GS2039,GS,101.5,103,101.5,103,103,101.5,400,40900.00,29-Sep-2026,2,IN0020240027
724GS2055,GS,94.35,97.09,94.35,96.07,96.39,96.2,24647,2365257.74,29-Sep-2026,63,IN0020250075
725GS2063,GS,96.51,96.51,95.79,96.08,96.25,96.45,196504,18873666.14,29-Sep-2026,128,IN0020230044
726GS2032,GS,100.44,101.5,100.44,101.05,101,101.97,162921,16367323.21,29-Sep-2026,16,IN0020220060
726GS2033,GS,101.2,101.2,101.2,101.2,101.2,101.1,2000,202400.00,29-Sep-2026,1,IN0020220151
73GS2053,GS,97.99,97.99,96.35,97.55,97.55,97.99,91022,8879935.04,29-Sep-2026,59,IN0020230051
732GS2030,GS,103.35,104,103.35,104,104,103.5,800,82940.00,29-Sep-2026,2,IN0020230135
733GS2026,GS,102.56,103.13,102.56,102.7,102.71,102.55,3485,358143.05,29-Sep-2026,20,IN0020230119
734GS2064,GS,98.54,98.57,98,98.43,98.49,98.34,24037,2362332.11,29-Sep-2026,38,IN0020240035
736GS2052,GS,97.7,98.45,97.2,98.45,98.45,98,5582,545195.40,29-Sep-2026,8,IN0020220086
737GS2028,GS,104.3,104.4,104.2,104.31,104.31,104.39,5653,589632.93,29-Sep-2026,6,IN0020230101
74GS2062,GS,99.9,99.9,99,99,99,98,802,79398.90,29-Sep-2026,3,IN0020220094
741GS2036,GS,103.78,103.85,102.2,102.33,103.85,104.1,6434,658568.75,29-Sep-2026,7,IN0020220102
743GS2076,GS,98.94,98.94,98.5,98.7,98.7,98.59,499753,49305510.14,29-Sep-2026,135,IN0020250117
746GS2073,GS,100.63,101.35,100,100,100,101.65,3136,314616.25,29-Sep-2026,13,IN0020230127
754GS2036,GS,104.7,105.15,102,104.76,104.94,104.65,1065988,111697998.12,29-Sep-2026,244,IN0020220029
763GS2056,GS,99.99,100.65,99.99,100.6,100.65,100.5,16412,1649999.55,29-Sep-2026,8,IN0020260082
771GS2066,GS,103,104,103,103.97,104,103.99,27581,2867451.00,29-Sep-2026,17,IN0020260033
710GS2029,GS,103.06,104,103.06,103.5,103.5,104.52,29440,3054133.26,29-Sep-2026,14,IN0020220011
719GS2060,GS,94,94,94,94,94,95,480,45120.00,29-Sep-2026,8,IN0020200039
738GS2027,GS,102.6,103,102.25,102.4,102.44,102.32,50432,5162964.53,29-Sep-2026,29,IN0020220037
75GS2034,GS,103.96,103.96,103.96,103.96,103.96,103.96,4000,415840.00,29-Sep-2026,1,IN0020040039
795GS2032,GS,104.11,104.11,104.11,104.11,104.11,104.13,400,41644.00,29-Sep-2026,2,IN0020020106
824GS2027,GS,102.4,102.4,102.4,102.4,102.4,103.4,1,102.40,29-Sep-2026,1,IN0020060078
83GS2042,GS,105.93,107,105.93,107,107,107.6,200,21293.00,29-Sep-2026,2,IN0020120062
897GS2030,GS,111.51,115.98,111.51,115.98,115.98,113,101,11266.98,29-Sep-2026,2,IN0020110055
92GS2030,GS,112.2,112.2,109.12,110.2,110.69,114.58,47002,5220094.09,29-Sep-2026,48,IN0020130053
182D070127,TB,97.8,97.8,97.8,97.8,97.8,97.71,200,19560.00,29-Sep-2026,1,IN002026Y147
182D250327,TB,96.75,96.75,96.75,96.75,96.75,96.75,500,48375.00,29-Sep-2026,1,IN002026Y253
182D260227,TB,96.89,97.15,96.89,97.15,97.15,96.77,200,19404.00,29-Sep-2026,2,IN002026Y212
364D020927,TB,93.82,93.82,93.82,93.82,93.82,94.45,100,9382.00,29-Sep-2026,1,IN002026Z227
364D120827,TB,94.15,94.15,94.15,94.15,94.15,94.63,200,18830.00,29-Sep-2026,1,IN002026Z193
364D231026,TB,99.4,99.4,99.4,99.4,99.4,99.35,2000,198800.00,29-Sep-2026,2,IN002025Z302
91D081026,TB,99.84,99.84,99.82,99.82,99.82,99.82,1300,129768.00,29-Sep-2026,13,IN002026X149
91D151026,TB,99.7,99.7,99.7,99.7,99.7,99.58,100,9970.00,29-Sep-2026,1,IN002026X156
91D271126,TB,98.45,98.75,98.45,98.6,98.75,98.87,200,19720.00,29-Sep-2026,2,IN002026X214
GOKEX,EQ,666,687.55,666,678.55,679,671.85,506154,343134044.95,29-Sep-2026,19268,INE887G01027
GOKULAGRO,EQ,216.16,217.98,212.32,215.23,215,216.16,284570,61277544.16,29-Sep-2026,10368,INE314T01033
GOKUL,EQ,39.28,40.45,38.87,39.41,38.9,39.47,162016,6424535.68,29-Sep-2026,2405,INE020J01029
GOLDENTOBC,BZ,24.5,24.5,23.31,24.26,23.85,24.5,3049,74332.35,29-Sep-2026,21,INE973A01010
GOLDIAM,EQ,312.6,330.9,310,322.85,322,312.6,931591,300454628.40,29-Sep-2026,18118,INE025B01025
GOLDSTAR,SM,11.7,11.7,11.7,11.7,11.7,11.15,315000,3685500.00,29-Sep-2026,27,INE405Y01021
GOODLUCK,EQ,522.75,533,513.6,528.6,527.3,522,328494,171504555.75,29-Sep-2026,12108,INE127I01024
GOODYEAR,EQ,700,714.7,697.55,702.55,702.05,704.05,3148,2216614.05,29-Sep-2026,606,INE533A01012
GOPAL,EQ,255.45,255.45,247.6,253,252,254.8,79078,19889251.80,29-Sep-2026,2837,INE0L9R01028
GOYALALUM,EQ,6.04,6.04,5.8,5.88,5.93,5.97,59801,354655.75,29-Sep-2026,329,INE705X01026
GOYALSALT,SM,102,106,101.5,106,106,101,1800,185700.00,29-Sep-2026,3,INE0QFE01017
GPECO,SM,395,399.65,391.6,396.35,395.05,396.25,8200,3239100.00,29-Sep-2026,37,INE0S7E01015
GULFPETRO,BE,60.8,62.29,58.99,60.51,60.45,61.14,43242,2595469.10,29-Sep-2026,269,INE586G01017
GPTHEALTH,EQ,156.1,157.2,153.11,153.8,153.36,156.1,47460,7359475.40,29-Sep-2026,1277,INE486R01017
GPTINFRA,EQ,116.27,117.69,113.94,115.72,116,116.27,228789,26536333.97,29-Sep-2026,3939,INE390G01014
GRADIENTE,BE,2.1,2.16,2,2.15,2.15,2.06,848308,1811348.27,29-Sep-2026,395,INE361K01017
GCHOTELS,SM,120.05,131,118,124.75,124.5,118.2,48000,5975640.00,29-Sep-2026,68,INE12E301017
GFSTEELS,BE,35.77,35.77,35.77,35.77,35.77,34.07,3344,119614.88,29-Sep-2026,17,INE534A01028
GRANDOAK,EQ,34.1,35.8,34,35.72,35.73,34.1,4390,154998.46,29-Sep-2026,279,INE926B01016
GRANULES,EQ,850,876.95,847,866.75,864.5,851.4,1132457,980406421.30,29-Sep-2026,37828,INE101D01020
GRAPHISAD,SM,25.4,25.4,25.4,25.4,25.4,25.2,1200,30480.00,29-Sep-2026,1,INE0POU01017
GRAPHITE,EQ,791.2,805.45,778.8,801.55,797.55,799,1043628,828007492.70,29-Sep-2026,43638,INE371A01025
GRASIM,EQ,3149.2,3151.5,3089,3100,3100,3150,1153762,3592830945.30,29-Sep-2026,38870,INE047A01021
GRAUWEIL,EQ,83.1,84.78,82.26,82.78,83,83.96,349190,29029829.78,29-Sep-2026,4005,INE266D01021
GRAVISSHO,BE,33,33,32.01,32.1,32.1,33.69,534,17209.23,29-Sep-2026,10,INE214F01026
GRAVITA,EQ,1470,1488.1,1441.1,1446.9,1448.9,1475.4,218555,319048145.10,29-Sep-2026,23317,INE024L01027
GREAVESCOT,EQ,230.7,238.3,228.87,234.99,235.18,230.4,2928868,685664719.35,29-Sep-2026,46963,INE224A01026
GREENCHEF,SM,70.8,72,70.8,72,72,68.85,4000,285280.00,29-Sep-2026,5,INE0O7P01015
GREENLAM,EQ,218.8,218.8,210.95,214.3,215.4,217.51,69454,14886978.99,29-Sep-2026,1682,INE544R01021
GREENLEAF,SM,108.9,112.35,108,112.3,112.35,107,18000,2006450.00,29-Sep-2026,16,INE0PLX01017
GREENPANEL,EQ,159,160.86,155.5,159.05,158.1,159.21,154127,24432241.39,29-Sep-2026,4609,INE08ZM01014
GREENPLY,EQ,279.9,284.8,272.45,280.25,281,279.75,238151,66331518.55,29-Sep-2026,8747,INE461C01038
GCSL,EQ,667.5,671,657.7,666.25,666,667.35,378027,250548210.15,29-Sep-2026,4585,INE199P01028
GRINDWELL,EQ,1908.6,1930.9,1901.2,1916.7,1919,1918.2,21270,40790896.90,29-Sep-2026,6940,INE536A01023
GRMOVER,EQ,80,80,78.11,78.76,78.5,80.01,812391,64071829.20,29-Sep-2026,3285,INE192H01020
GJL,ST,426.55,426.55,425,426.55,426.55,406.25,6400,2728680.00,29-Sep-2026,8,INE1TY801010
CEMNTGROWW,EQ,14.08,14.09,13.68,13.72,13.68,13.93,87435,1205010.03,29-Sep-2026,520,INF666M01PH7
GROWWCAPM,EQ,11.09,11.09,10.69,10.79,10.85,10.87,336145,3634492.95,29-Sep-2026,1318,INF666M01MM4
GROWWCHEM,EQ,29.04,29.28,28.29,28.5,28.66,28.74,44109,1258503.34,29-Sep-2026,298,INF666M01NP5
GROWWDEFNC,EQ,92.4,96,90.84,93.06,92.37,92.4,171105,15706348.56,29-Sep-2026,2377,INF666M01IO8
GROWWEV,EQ,30.95,31.02,30.15,30.28,30.32,30.94,241395,7379395.37,29-Sep-2026,2130,INF666M01IH2
GROWWGOLD,EQ,14.29,14.34,14.16,14.25,14.27,14.33,1509304,21509889.37,29-Sep-2026,2971,INF666M01OE7
GROWWHOSPI,EQ,51.31,51.56,50.32,50.48,50.98,51.06,166419,8420722.90,29-Sep-2026,1260,INF666M01OD9
GROWWLIQID,EQ,110.94,110.95,110.94,110.94,110.95,110.92,281604,31241984.11,29-Sep-2026,201,INF666M01IP5
GROWWLOVOL,EQ,10,10.16,9.85,9.89,9.87,10,14447,143838.71,29-Sep-2026,135,INF666M01LB9
GROWWMC150,EQ,220.93,225.48,216.1,222.58,225.48,222.81,436,96335.26,29-Sep-2026,47,INF666M01MV5
GROWWMETAL,EQ,12.05,12.5,12.05,12.26,12.33,12.25,168540,2060229.46,29-Sep-2026,1081,INF666M01NI0
GROWWMOM50,EQ,10.74,10.74,10.5,10.6,10.64,10.63,131746,1393204.47,29-Sep-2026,597,INF666M01KJ4
GROWWN200,EQ,10.79,10.99,10.57,10.61,10.58,10.82,60712,646948.83,29-Sep-2026,313,INF666M01JV1
GROWWNET,EQ,10,10.34,9.89,10.21,10.3,10.15,945445,9555809.98,29-Sep-2026,669,INF666M01LI4
GROWWNIFTY,EQ,9.39,9.39,9.15,9.25,9.32,9.24,861131,7923534.14,29-Sep-2026,3540,INF666M01LL8
GROWWNXT50,EQ,70.68,70.7,69.75,70.4,70.25,70.83,5506,387279.53,29-Sep-2026,95,INF666M01LZ8
GROWWPOWER,EQ,10.85,11.01,10.7,10.9,10.96,10.84,1594097,17230071.74,29-Sep-2026,2617,INF666M01LM6
GROWWPSE,EQ,96.48,96.48,93.37,95.16,95.8,95.15,3070,289993.42,29-Sep-2026,121,INF666M01NQ3
GROWWPSUBK,EQ,82.28,82.89,79.43,80.87,82.89,81.4,3090,247999.74,29-Sep-2026,136,INF666M01OG2
GROWWRAIL,EQ,26.02,26.45,25.9,26.23,26.35,26.33,748444,19537639.52,29-Sep-2026,3806,INF666M01JJ6
GROWWRLTY,EQ,9.54,9.8,9.31,9.36,9.39,9.57,161501,1526316.86,29-Sep-2026,759,INF666M01MN2
GROWWSC250,EQ,10.12,10.43,10.12,10.3,10.31,10.32,99403,1020900.22,29-Sep-2026,555,INF666M01MO0
GROWWSLVR,EQ,21.59,21.66,21.36,21.44,21.46,21.56,1330369,28541168.19,29-Sep-2026,2486,INF666M01OF4
PVTBKGROWW,EQ,26.5,26.59,26.31,26.47,26.47,26.6,4714,124437.37,29-Sep-2026,74,INF666M01OT5
SMALLGROWW,EQ,48.49,48.49,47.23,47.9,48,48.54,10786,515966.62,29-Sep-2026,141,INF666M01PG9
GRPLTD,EQ,1949.2,1952,1890,1899.4,1900,1950.4,2313,4411583.00,29-Sep-2026,389,INE137I01015
GSMFOILS,SM,82.4,83.45,77.5,78.1,78.6,81.4,164500,13149075.00,29-Sep-2026,226,INE0SQY01018
GSPCROP,EQ,480.05,498.45,467,469.45,469.5,483.1,307995,149644305.15,29-Sep-2026,6210,INE713R01022
GSS,EQ,10.79,10.79,10.08,10.25,10.33,10.26,24185,248399.15,29-Sep-2026,235,INE871H01011
GTLINFRA,EQ,1.1,1.1,1.07,1.08,1.08,1.09,31011505,33689783.78,29-Sep-2026,10908,INE221H01019
GTL,EQ,6.98,7,6.65,6.75,6.78,6.94,238653,1616352.01,29-Sep-2026,745,INE043A01012
GTPL,EQ,54.89,55.88,53.75,54.11,53.77,54.86,13819,754197.42,29-Sep-2026,376,INE869I01013
GUFICBIO,EQ,421,445,416.35,436.5,431.55,420.4,146625,63698438.10,29-Sep-2026,7186,INE742B01025
GIPCL,EQ,183,184.94,179.17,181.56,180.6,182.22,251494,45627639.52,29-Sep-2026,5584,INE162A01010
GNFC,EQ,619,627.55,609.85,611.5,611.65,620.65,588636,364058500.50,29-Sep-2026,16999,INE113A01013
GSFC,EQ,153.04,153.12,151,151.65,151.35,153.04,493454,74997263.37,29-Sep-2026,7330,INE026A01025
GUJAPOLLO,EQ,342.4,343.7,329,330.65,330.25,341.45,11411,3815174.30,29-Sep-2026,750,INE826C01016
GUJALKALI,EQ,606.4,645,604.7,627.15,623.35,606.2,251288,157694238.05,29-Sep-2026,12583,INE186A01019
GAEL,EQ,158.93,163.14,157.15,161.75,162.5,160.47,452046,72546138.09,29-Sep-2026,11878,INE036B01030
GUJENERGY,EQ,234.99,241.02,229.4,236.61,236,235.07,2304043,542302618.94,29-Sep-2026,46005,INE844O01030
FLUOROCHEM,EQ,4443.7,4472.3,4360,4406.2,4366.2,4443.7,57702,254290241.00,29-Sep-2026,14661,INE09N301011
GKSL,EQ,175.4,178,172.11,175.89,174.96,174.83,627188,109967961.15,29-Sep-2026,6088,INE0V0W01025
GLFL,EQ,5.25,5.27,5.25,5.27,5.27,5.02,30420,159979.36,29-Sep-2026,33,INE540A01017
GMDCLTD,EQ,521,521.8,510.05,513.2,515,522.25,728657,375548209.25,29-Sep-2026,28496,INE131A01031
GNRL,EQ,99.12,99.12,96.9,98.16,98.01,98.46,76012,7442546.60,29-Sep-2026,1891,INE207H01018
GPPL,EQ,159.6,161.46,157.66,160.54,160.32,159.88,1153476,184295965.18,29-Sep-2026,16981,INE517F01014
GUJRAFFIA,EQ,39,40.4,39,40.21,40,40.44,565,22527.71,29-Sep-2026,17,INE610B01024
GUJTHEM,EQ,395.4,410,392.6,406.5,404,397.55,166047,67041375.05,29-Sep-2026,7595,INE942C01045
GULFOILLUB,EQ,1110.5,1118.3,1088.2,1105.8,1101,1110.5,29989,33110845.40,29-Sep-2026,4781,INE635Q01029
GULPOLY,EQ,165.4,166.94,162,165.15,166.8,166.05,70194,11547557.80,29-Sep-2026,2333,INE255D01024
GVKPIL,BE,2.68,2.69,2.61,2.61,2.61,2.66,786998,2067322.17,29-Sep-2026,927,INE251H01024
GVPTECH,BE,7.8,7.89,7.25,7.73,7.72,7.63,31649,240642.44,29-Sep-2026,116,INE382T01030
GYFTR,EQ,159.68,164.59,153.41,156.36,158,162.25,257670,41214570.17,29-Sep-2026,6185,INE724A01017
HBESD,EQ,75,75.9,69.02,73.98,74.53,71.5,3398,251838.54,29-Sep-2026,119,INE640B01021
HGINFRA,EQ,444,448,435,438.25,437.7,444.55,173913,76491039.40,29-Sep-2026,8882,INE926X01010
HALDER,EQ,248.4,248.4,237.05,241,239,247.15,26808,6487076.15,29-Sep-2026,250,INE115S01010
HALDYNGL,EQ,151.87,155.95,150,154.15,155.6,152.35,85821,13238283.16,29-Sep-2026,1018,INE506D01020
HALEOSLABS,EQ,1495.5,1499.9,1485.8,1487.9,1486,1513.5,234,349034.10,29-Sep-2026,58,INE320X01016
HAMPTON,EQ,8.17,8.17,7.8,8,7.9,7.9,11667,92372.62,29-Sep-2026,112,INE299D01022
HGM,EQ,42.14,43.5,40.31,42.85,42.03,41.25,1914,80251.18,29-Sep-2026,53,INE596H01014
HAPPSTMNDS,EQ,306.9,311.4,303.3,308.7,308.05,307.15,544433,167018237.20,29-Sep-2026,13573,INE419U01012
HAPPYFORGE,EQ,1995.2,2096.5,1961,2074.8,2062.6,1996.7,193351,403002923.60,29-Sep-2026,11747,INE330T01021
HAPPY,SM,76,77,74.1,74.7,74.7,76.2,28000,2099000.00,29-Sep-2026,14,INE1GFG01011
HARDWYN,EQ,9.26,9.43,9.18,9.26,9.25,9.23,220896,2042276.61,29-Sep-2026,487,INE626Z01029
HARIOMPIPE,EQ,342.1,351.65,335.4,345.1,342.3,342.1,89236,30680205.55,29-Sep-2026,5631,INE00EV01017
HRYNSHP,EQ,96.1,99,96.01,96.01,96.01,96.01,460,44340.21,29-Sep-2026,30,INE400G01011
HARRMALAYA,EQ,171.7,178.44,165.55,175.61,173.99,167.9,22733,3905137.97,29-Sep-2026,670,INE544A01019
HARSHA,EQ,468,469.7,455,465.05,466,465.55,89042,41350237.95,29-Sep-2026,3642,INE0JUS01029
HATHWAY,EQ,9.35,10.88,9.21,9.49,9.55,9.37,2799216,26206223.92,29-Sep-2026,3491,INE982F01036
HATSUN,EQ,1119.4,1130,1093,1099.7,1110,1119.4,28612,31652682.90,29-Sep-2026,4590,INE473B01035
HAVELLS,EQ,1080.6,1081.5,1043.3,1043.3,1043.3,1085,1014330,1075459597.60,29-Sep-2026,39622,INE176B01034
HAWKINCOOK,EQ,8085,8085,7851,7904,7900,8082.5,3390,26918961.50,29-Sep-2026,1308,INE979B01015
HAZOOR,EQ,19.04,19.48,18.65,18.83,18.75,18.98,240792,4581321.17,29-Sep-2026,1024,INE550F01049
HBPOR,EQ,60,60.65,59.99,60.39,60.3,59.75,634,38292.45,29-Sep-2026,19,INE638B01025
HBSL,EQ,55,56.55,55,55.28,55.25,55.8,5510,307344.46,29-Sep-2026,328,INE550B01022
HBLENGINE,EQ,784,811.6,773.65,808.3,809,785.65,2224069,1772569099.50,29-Sep-2026,60936,INE292B01021
HCL-INSYS,EQ,10.39,10.39,10.02,10.11,10.23,10.05,112671,1141963.61,29-Sep-2026,699,INE236A01020
HCLTECH,EQ,1252.6,1261,1222,1222,1222,1252.6,5604932,6886015270.50,29-Sep-2026,97693,INE860A01027
HDBFS,EQ,636,640.9,626.45,630.9,629.65,637.4,234737,149052399.10,29-Sep-2026,23822,INE756I01012
HDFCAMC,EQ,2286.1,2303,2223.3,2223.3,2223.3,2302.3,1311015,2972557507.20,29-Sep-2026,76187,INE127D01025
HDFCBANK,EQ,713.7,722.7,706.25,722.7,722.7,719.05,42755901,30528594589.35,29-Sep-2026,367801,INE040A01034
HDFCGOLD,EQ,125.15,125.15,123.9,124.76,124.9,125.41,8470158,1055747221.10,29-Sep-2026,12403,INF179KC1981
HDFCLIFE,EQ,526.2,528.35,518.6,523.55,523.55,531.6,7693601,4023306367.80,29-Sep-2026,63711,INE795G01014
HDFCBSE500,EQ,35.79,35.95,35.37,35.75,35.77,35.78,757606,27033125.90,29-Sep-2026,253,INF179KC1EZ4
HDFCGROWTH,EQ,113.62,114.18,111.4,111.63,111.8,113.62,10750,1201083.46,29-Sep-2026,353,INF179KC1DJ0
HDFCLIQUID,EQ,1080.86,1080.86,1075.75,1079.9,1079.9,1079.76,17322,18705480.95,29-Sep-2026,50,INF179KC1JG3
HDFCLOWVOL,EQ,19.48,19.99,19.37,19.73,19.58,19.63,5222,102029.45,29-Sep-2026,73,INF179KC1HU8
HDFCMID150,EQ,22.6,22.6,22.06,22.23,22.2,22.4,875335,19439073.14,29-Sep-2026,2055,INF179KC1HT0
HDFCMOMENT,EQ,29.85,30.11,29.68,29.97,30.11,29.84,187750,5600733.51,29-Sep-2026,1185,INF179KC1HV6
HDFCNEXT50,EQ,73.2,73.2,71.22,71.63,71.99,72.01,94864,6784387.23,29-Sep-2026,979,INF179KC1HS2
HDFCNIF100,EQ,25.3,25.3,24.53,24.57,24.75,24.8,178496,4393983.04,29-Sep-2026,481,INF179KC1HR4
HDFCNIFBAN,EQ,56.03,56.25,55.41,56.09,56.08,56.17,359708,20042895.88,29-Sep-2026,1168,INF179KC1HY0
HDFCNIFIT,EQ,30.61,30.61,29.45,29.62,29.74,30.01,64691,1924152.44,29-Sep-2026,523,INF179KC1IA8
HDFCNIFTY,EQ,264.01,264.01,255.05,256.61,256.9,257.58,518570,132633951.94,29-Sep-2026,1746,INF179KC1965
HDFCNIMEG,EQ,128.86,134,127.5,129.53,129.92,128.86,2349,302188.04,29-Sep-2026,75,INF179KC1KT4
HDFCPVTBAN,EQ,27.09,27.09,26.67,26.93,27,27.09,309934,8305131.86,29-Sep-2026,562,INF179KC1HZ7
HDFCQUAL,EQ,55.94,56.02,55.42,55.66,55.79,56.22,10597,590076.03,29-Sep-2026,149,INF179KC1DL6
HDFCSENSEX,EQ,84.2,85.02,82,82.73,82.69,82.95,118759,9780702.53,29-Sep-2026,1217,INF179KC1HX2
HDFCSILVER,EQ,209.78,210.14,208.2,209.02,209.21,210.33,2243596,469076009.46,29-Sep-2026,13419,INF179KC1DI2
HDFCSML250,EQ,179.91,182.46,178.1,181.07,180.09,180.5,1732641,312116210.54,29-Sep-2026,16875,INF179KC1FB2
HDFCVALUE,EQ,120.57,120.97,117.45,118.43,118.7,119.18,15786,1867588.61,29-Sep-2026,212,INF179KC1DK8
HDFCPSUBK,EQ,81.01,82.37,80.26,81.41,80.98,81.23,38507,3108914.24,29-Sep-2026,377,INF179KC1HW4
HEADSUP,EQ,6.5,6.95,6.27,6.45,6.64,6.61,18622,119376.59,29-Sep-2026,121,INE759V01019
HEALTHX,EQ,287,291,275,285.05,291,285.15,19728,5536346.35,29-Sep-2026,665,INE019J01013
HCG,EQ,695.45,708,684,703.6,707,691.2,113331,79173636.30,29-Sep-2026,9298,INE075I01017
HECPROJECT,EQ,112.55,116,110.5,114.82,112.6,112.86,7066,798238.97,29-Sep-2026,146,INE558R01013
HEGAM,EQ,241.75,242,235.25,238.25,238.95,240,663791,158246599.80,29-Sep-2026,14632,INE545A01024
HEIDELBERG,EQ,131.45,131.91,129.01,130.29,130.4,131.45,194472,25315972.91,29-Sep-2026,3292,INE578A01017
HEMIPROP,EQ,115.9,115.95,113.11,114.94,115.2,115.95,747785,85632426.02,29-Sep-2026,7954,INE0AJG01018
HERANBA,EQ,180.05,182.82,176.1,178.57,180.51,179.94,89075,15957286.82,29-Sep-2026,2868,INE694N01015
HERITGFOOD,EQ,400.15,406.55,397.2,401.2,400,402.05,206267,83075801.95,29-Sep-2026,8403,INE978A01027
HEROMOTOCO,EQ,5375,5384,5208,5208,5208,5390,681672,3624440526.00,29-Sep-2026,67374,INE158A01026
HEROMOTORS,EQ,137.48,140.78,132.62,138.71,138.8,135.06,92851990,12787223499.28,29-Sep-2026,515114,INE012G01022
HESTERBIO,EQ,2156.6,2192.9,2125.2,2165,2150,2147.3,3358,7237461.70,29-Sep-2026,648,INE782E01017
HEXATRADEX,EQ,155.16,158.68,155.1,155.3,156.54,155,5566,865633.91,29-Sep-2026,79,INE750M01017
HEXAGON,BE,64.67,65.58,64,65.34,65.15,64.35,75687,4904431.41,29-Sep-2026,389,INE0JUI01012
HEXT,EQ,488.9,493.85,476.25,482.1,482.8,489.25,152135,73241514.75,29-Sep-2026,15938,INE093A01041
HFCL,BE,203.5,216.21,199,216.21,216.21,205.92,6086773,1289129097.53,29-Sep-2026,25806,INE548A01028
920HFL30,N0,104674,104674,104674,104674,104674,104678,1,104674.00,29-Sep-2026,1,INE957N08151
HIGREEN,SM,114.05,124.95,113.05,122.85,122.55,113.95,28000,3376520.00,29-Sep-2026,34,INE0PIC01017
HITECH,EQ,73.25,73.95,70.74,73.19,72.5,73.34,540643,39097748.14,29-Sep-2026,6061,INE106T01025
HILINFRA,EQ,42.75,43.55,41.55,43.26,43.34,42.61,80120,3412889.54,29-Sep-2026,804,INE00RL01028
HIKAL,EQ,208.9,219.5,207.21,218.05,218.5,208.8,740019,159079330.16,29-Sep-2026,13888,INE475B01022
HILTON,EQ,16.56,17.28,16.26,16.45,16.35,16.78,183520,3058097.81,29-Sep-2026,517,INE788H01017
HSCL,EQ,666.9,676.6,663.4,667.6,667,669.95,1686772,1132040303.25,29-Sep-2026,31221,INE019C01026
HIMATSEIDE,EQ,65.9,66.05,64.51,64.9,64.99,66.13,312472,20371504.32,29-Sep-2026,4234,INE049A01027
HINDALUMI,EQ,93,93,88,90.15,91.99,91.43,2229,201791.52,29-Sep-2026,139,INE227B01019
HINDALCO,EQ,955.9,963.5,947.1,955.2,955.2,955.9,5092531,4862026603.70,29-Sep-2026,96565,INE038A01020
HINDCON,EQ,33.39,33.39,32.4,33.39,33.39,30.36,210313,7021661.85,29-Sep-2026,708,INE642Y01029
HPIL,EQ,117,117,114.2,115.37,114.89,115.4,363,42051.90,29-Sep-2026,31,INE05X901010
HGS,EQ,368.1,373.4,363.65,366.05,365.6,372.35,8101,2979289.75,29-Sep-2026,1052,INE170I01016
HINDADH,EQ,394.95,394.95,377.55,385.25,382,384.45,578,222587.55,29-Sep-2026,58,INE074C01013
HAL,EQ,4723,4723.1,4549.3,4549.3,4549.3,4738,1096291,5087213576.40,29-Sep-2026,48346,INE066F01020
HINDCOMPOS,EQ,380.1,387.6,370.2,377.5,383.15,379.2,2145,807298.10,29-Sep-2026,142,INE310C01029
HCC,EQ,20.5,20.97,20.17,20.71,20.69,20.55,12456726,256552699.96,29-Sep-2026,27114,INE549A01026
HINDCOPPER,EQ,475.55,479.95,470,474.35,474.95,479.6,9198111,4365612190.65,29-Sep-2026,123588,INE531E01026
HNDFDS,EQ,602.15,604.8,577,596.85,600,602.15,168762,99216732.25,29-Sep-2026,8240,INE254N01026
HMVL,BE,68.99,72.4,68.11,72.4,72.4,68.96,27513,1969879.71,29-Sep-2026,135,INE871K01015
HINDOILEXP,EQ,173.35,177,171.55,173.91,173.6,172.98,394733,68825047.20,29-Sep-2026,8675,INE345A01011
HINDPETRO,EQ,340.7,349.35,337.2,349.2,349.2,342.45,4074720,1403894547.65,29-Sep-2026,79595,INE094A01015
HINDUNILVR,EQ,1896,1898.9,1863.8,1863.8,1863.8,1896,2057852,3852926219.70,29-Sep-2026,80418,INE030A01027
HINDZINC,EQ,569,576.55,563.2,563.3,563.3,573,4801573,2731921124.35,29-Sep-2026,57875,INE267A01025
HINDWAREAP,EQ,170.34,171.5,165,170.2,171.5,170.34,88868,15027378.01,29-Sep-2026,3920,INE05AN01011
HIRECT,EQ,1182,1189.5,1150.7,1171.4,1174.9,1179.4,26079,30458641.30,29-Sep-2026,3333,INE835D01023
HISARMETAL,EQ,151.97,154,149.2,151.39,150.51,151.96,774,116658.21,29-Sep-2026,34,INE598C01011
POWERINDIA,EQ,30250,30930,29865,30735,30735,30260,387016,11820565545.00,29-Sep-2026,46556,INE07Y701011
HITECHCORP,BE,343.5,343.5,332.65,342.45,343,341.45,7424,2526270.10,29-Sep-2026,76,INE120D01012
HLEGLAS,EQ,419.05,436.95,406.2,434.65,434,419.35,256043,109600376.50,29-Sep-2026,6856,INE461D01028
HLVLTD,EQ,6.33,6.5,6.31,6.39,6.34,6.37,64436,411496.68,29-Sep-2026,420,INE102A01024
HMAAGRO,EQ,24.02,24.02,23.43,23.8,23.75,24.02,614209,14585178.75,29-Sep-2026,2327,INE0ECP01024
HMT,BZ,59.6,60,58.02,59.98,59.98,59.04,10311,611029.91,29-Sep-2026,96,INE262A01018
HOACFOODS,ST,893.25,893.25,893.25,893.25,893.25,875.75,375,334968.75,29-Sep-2026,1,INE0S6S01017
HOLMARC,SM,125.1,125.1,118.75,118.75,118.75,125,11250,1355475.00,29-Sep-2026,14,INE0LXA01019
HOMEFIRST,EQ,1094,1109.2,1057.2,1094.4,1095,1094,190918,209099542.70,29-Sep-2026,20808,INE481N01025
HONASA,EQ,454,457.05,439.3,441.65,440.5,466.05,20795107,9356940021.60,29-Sep-2026,88358,INE0J5401028
HONDAPOWER,EQ,1884.7,1910,1828.1,1886,1871.1,1862.8,3476,6460781.20,29-Sep-2026,727,INE634A01018
HONAUT,EQ,33660,35470,33505,33980,33870,33855,27480,933022605.00,29-Sep-2026,12156,INE671A01010
HORIZONIND,EQ,51.69,52.15,50.61,51.02,51,51.79,2934473,150666049.50,29-Sep-2026,31516,INE685T01010
HDIL,BZ,1.41,1.49,1.4,1.46,1.47,1.47,104327,151209.13,29-Sep-2026,203,INE191I01012
HPAL,EQ,34.5,35.99,34.1,34.44,34.36,34.77,35257,1219488.34,29-Sep-2026,525,INE0GSL01024
HPTL,ST,450,450,443,443,443,450.9,1200,535800.00,29-Sep-2026,2,INE0VA601019
HPL,EQ,272.8,273.65,266.65,270.15,268.05,270.95,86592,23373757.25,29-Sep-2026,3584,INE495S01016
HRHNEXT,SM,22.05,24.2,22.05,24.15,24.15,23.1,15000,343650.00,29-Sep-2026,10,INE0R3501012
HSBCGOLD,EQ,128.8,134.8,126.14,129.08,133.56,127.28,256143,32549906.29,29-Sep-2026,97,INF336L01RX2
HUDCO,EQ,168,169.7,164,165.57,165.65,168.66,3647277,605041327.76,29-Sep-2026,40113,INE031A01017
HTMEDIA,EQ,23.1,23.6,22.52,23.46,23.6,23.1,61616,1426422.09,29-Sep-2026,515,INE501G01024
HUBTOWN,EQ,168,169.6,165.55,166.41,165.55,167.87,253127,42106517.96,29-Sep-2026,2598,INE703H01016
HUHTAMAKI,EQ,238.85,238.95,231.1,235.7,235.8,234.2,78853,18526833.85,29-Sep-2026,3865,INE275B01026
HVAX,SM,732,732,672,709.9,709.9,700.65,1800,1254292.50,29-Sep-2026,11,INE0TO501019
HTEL,EQ,65.41,70.39,65.01,69.52,69.3,65.64,2012461,137747236.33,29-Sep-2026,19178,INE0LEG01024
HYBRIDFIN,EQ,18,18,16.7,17.82,17.98,17.36,12018,211812.35,29-Sep-2026,78,INE965B01022
HYUNDAI,EQ,2051.1,2100,2009.6,2100,2100,2050.7,763311,1567062080.70,29-Sep-2026,35218,INE0V6F01027
IGPL,EQ,580,591.9,575,584.3,584.05,581.55,44273,25825296.70,29-Sep-2026,2115,INE204A01010
ISTLTD,EQ,635.05,655,635,640,640,639.6,171,110079.50,29-Sep-2026,34,INE684B01029
IBLFL,SM,61,61,61,61,61,61,4000,244000.00,29-Sep-2026,2,INE0O7401018
ICELCO,SM,128,132.3,125,128.85,125,128.25,21600,2781780.00,29-Sep-2026,12,INE0XE501015
ICDSLTD,BE,54.42,54.42,51.45,51.45,51.45,54.15,1104,56857.47,29-Sep-2026,31,INE613B01010
ICEMAKE,EQ,648,648,632.65,634,635,648.75,42018,26821794.70,29-Sep-2026,2189,INE520Y01019
ICICIBANK,EQ,1295.7,1304.8,1291,1292.2,1292.2,1302,14811396,19196550914.10,29-Sep-2026,223405,INE090A01021
ICICIGI,EQ,1532,1550,1498.2,1515,1515,1540,756660,1144354383.40,29-Sep-2026,38508,INE765G01017
LOWVOLIETF,EQ,21.12,21.39,20.59,20.85,21.04,21,959949,20004296.79,29-Sep-2026,15431,INF109KC19U5
ICICIPRULI,EQ,452.05,455.45,442.95,444.55,444.55,458.7,2919254,1309873391.10,29-Sep-2026,88308,INE726G01019
MIDSELIETF,EQ,18.82,18.98,18.56,18.72,18.6,18.82,277242,5180600.89,29-Sep-2026,745,INF109KC10W0
NIF100IETF,EQ,27.47,27.47,26.43,26.64,26.65,26.8,142348,3786267.62,29-Sep-2026,1140,INF109KC16V9
NIFTYIETF,EQ,259.14,259.14,256.57,257.98,258.8,259.14,1178543,303336852.17,29-Sep-2026,8663,INF109K012R6
SENSEXIETF,EQ,838.01,846,830.57,836.33,838.32,839.98,20543,17134557.66,29-Sep-2026,740,INF346A01034
ICICIAMC,EQ,3220,3265,3167,3233,3237,3214.5,769671,2466357495.10,29-Sep-2026,50482,INE346A01027
GOLDIETF,EQ,125.27,125.47,124.08,124.94,125.14,125.45,5511528,688876085.10,29-Sep-2026,28783,INF109KC1NT3
NV20IETF,EQ,12.82,13.15,12.75,12.83,12.84,12.89,687742,8811267.43,29-Sep-2026,1656,INF109KC11V0
ICICIB22,EQ,111.9,111.9,109.31,110.35,110.2,110.69,160744,17688003.10,29-Sep-2026,3020,INF109KB15Y7
CASHIETF,EQ,1081.41,1081.57,1081.41,1081.56,1081.56,1081.41,272398,294616011.99,29-Sep-2026,115,INF109K1A021
EVIETF,EQ,31.49,31.49,30.5,30.73,30.81,30.95,168058,5163414.09,29-Sep-2026,742,INF109K1A153
GSEC10IETF,EQ,262.12,262.12,262.12,262.12,262.12,262.05,16,4193.92,29-Sep-2026,2,INF109KC18O0
BSE500IETF,EQ,37.9,37.98,37.31,37.73,37.67,37.7,85333,3200310.43,29-Sep-2026,797,INF109KC1V59
GSEC5IETF,EQ,66.29,66.29,65.8,65.92,66.2,65.97,20021,1320362.18,29-Sep-2026,41,INF109KC14A8
ALPL30IETF,EQ,26.54,26.7,26.37,26.49,26.6,26.54,135459,3585618.63,29-Sep-2026,721,INF109KC17V7
AUTOIETF,EQ,28.02,28.11,27.11,27.29,27.42,27.56,415767,11340955.20,29-Sep-2026,2532,INF109KC10V2
PVTBANIETF,EQ,26.83,26.83,26.44,26.72,26.76,26.83,1688640,44959187.14,29-Sep-2026,2659,INF109KC18U7
COMMOIETF,EQ,97.3,97.3,94.5,95.27,95.5,95.39,36019,3427215.14,29-Sep-2026,1226,INF109KC19O8
CONSUMIETF,EQ,120,120,115.8,116.41,116.73,117.21,11852,1380619.85,29-Sep-2026,216,INF109KC1V42
FMCGIETF,EQ,48.76,49.05,48.16,48.35,48.45,48.76,1556607,75245811.35,29-Sep-2026,5717,INF109KC19V3
INFRAIETF,EQ,92.32,92.32,89.77,90.62,90,90.51,52214,4712105.13,29-Sep-2026,3232,INF109KC16E5
LIQUIDIETF,EQ,1000,1000.01,999.99,999.99,1000,999.99,235047,235046778.89,29-Sep-2026,246,INF109KC1KT9
MIDCAPIETF,EQ,22.91,22.95,22.6,22.75,22.8,22.9,1267300,28828686.30,29-Sep-2026,2650,INF109KC11W8
MOM30IETF,EQ,30.19,30.5,29.93,30.3,30.38,30.19,1034536,31228908.58,29-Sep-2026,1918,INF109KC17C7
NEXT50IETF,EQ,74.59,74.59,73.03,73.81,74.25,74.42,1548313,114502290.67,29-Sep-2026,6744,INF109KC1NS5
HEALTHIETF,EQ,171.41,171.41,169,169.98,170,169.72,130367,22151862.04,29-Sep-2026,2270,INF109KC1Q72
QUAL30IETF,EQ,20.04,20.05,19.79,19.82,19.85,20.04,122305,2428168.08,29-Sep-2026,400,INF109KC18V5
SILVERIETF,EQ,219.5,219.5,217.56,218.43,218.45,220.2,2136335,466749974.95,29-Sep-2026,16652,INF109KC1Y56
ITIETF,EQ,30.52,31.41,30.52,30.82,30.94,31.31,492189,15236750.62,29-Sep-2026,1715,INF109KC16I6
INSUREIETF,EQ,14.78,14.78,14.51,14.61,14.64,14.78,1232738,17951172.51,29-Sep-2026,430,INF109K1A567
BANKIETF,EQ,56,56.11,55.33,55.97,56.05,56.11,1206875,67107725.76,29-Sep-2026,3022,INF109KC15I8
METALIETF,EQ,12.91,13.06,12.78,13.02,12.98,12.91,6311086,81519282.44,29-Sep-2026,8659,INF109KC19W1
OILIETF,EQ,10.85,10.91,10.71,10.8,10.81,10.85,1059436,11444258.04,29-Sep-2026,2539,INF109KC18W3
PSUBNKIETF,EQ,81.39,81.9,80.37,81.49,81.89,81.65,138717,11219739.15,29-Sep-2026,1038,INF109KC10S8
SMALLIETF,EQ,17.9,18.21,17.6,17.8,17.82,17.94,117491,2087031.77,29-Sep-2026,230,INF109K1A476
TOP15IETF,EQ,9.16,9.29,9.11,9.18,9.21,9.25,143643,1317699.70,29-Sep-2026,325,INF109K1A344
VAL30IETF,EQ,14.5,14.62,14.34,14.55,14.58,14.57,190527,2753897.49,29-Sep-2026,715,INF109KC16X5
FINIETF,EQ,31,31,30.1,30.42,30.41,30.56,471231,14273231.83,29-Sep-2026,1733,INF109KC17L8
ICRA,EQ,4311,4373.9,4274,4297.9,4276,4310.4,14911,64196441.20,29-Sep-2026,3110,INE725G01011
IDBI,EQ,83.9,84.9,82.6,83.32,83.55,84.39,7662555,640610510.53,29-Sep-2026,29865,INE008A01015
IDEAFORGE,EQ,716.9,724,707,719.7,724,716.4,117154,83959263.60,29-Sep-2026,8399,INE349Y01013
IDFCFIRSTB,EQ,80.4,80.63,78.6,79.46,79.46,80.55,36206575,2892503287.13,29-Sep-2026,79319,INE092T01019
IFBAGRO,EQ,844,948,844,905.45,895.1,844,12900,11558237.55,29-Sep-2026,1176,INE076C01018
IFBIND,EQ,1214.8,1234.5,1199,1201,1199.1,1214.2,40295,48679958.70,29-Sep-2026,2977,INE559A01017
IFCI,EQ,70.06,71.65,69.53,70.97,70.88,70.55,38909344,2750008242.62,29-Sep-2026,109229,INE039A01010
IFGLEXPOR,EQ,194.1,194.1,186.91,189.61,188,192.71,25577,4870852.97,29-Sep-2026,1324,INE133Y01011
1225IFL27,N0,6350,6350,6350,6350,6350,6252,39,247650.00,29-Sep-2026,6,INE01XO07017
1225IFL28,N0,7501,7501,7501,7501,7501,7401,2,15002.00,29-Sep-2026,1,INE01XO07025
IGARASHI,EQ,414.9,417.95,406.3,411.55,410.5,416.2,50834,20958492.40,29-Sep-2026,1819,INE188B01013
865IIFL31,Y6,985,985,985,985,985,986.5,99,97515.00,29-Sep-2026,3,INE530B07633
IIFLCAPS,EQ,343.55,347.45,343.55,344.95,346,343.7,460188,158794942.40,29-Sep-2026,11221,INE489L01022
IIFL,EQ,595.05,614.05,588.75,607.5,605.9,598.15,2559619,1545044192.05,29-Sep-2026,92103,INE530B01024
IIFL06326,YC,1000,1048,1000,1002,1002,995,132,132300.00,29-Sep-2026,4,INE530B07641
IIFL060326,YA,1026,1026,1026,1026,1026,1041,25,25650.00,29-Sep-2026,1,INE530B07583
IKIO,EQ,199.4,200.34,194.31,197.3,200,199.62,153590,30224080.27,29-Sep-2026,3590,INE0LOJ01019
IL&FSENGG,BZ,39.35,39.35,36.63,36.76,37.05,38.55,115599,4256415.44,29-Sep-2026,118,INE369I01014
IVC,EQ,7.88,7.9,7.62,7.68,7.72,7.81,134792,1042725.01,29-Sep-2026,1016,INE050B01023
IL&FSTRANS,BZ,2.02,2.02,1.88,1.9,1.97,1.97,84185,161304.56,29-Sep-2026,71,INE975G01012
IMAGICAA,EQ,51.31,54.3,50.1,51.3,50.6,51.29,1504303,78026378.57,29-Sep-2026,10330,INE172N01012
IMPEXFERRO,BZ,6.38,6.38,6.38,6.38,6.38,6.26,59091,377000.58,29-Sep-2026,63,INE691G01015
INCREDIBLE,EQ,32.6,33.2,31.55,31.6,32.39,33.26,3488,111470.39,29-Sep-2026,69,INE452L01012
IMPAL,EQ,1054,1054,1035.3,1042.6,1038,1043.1,1933,2013336.60,29-Sep-2026,241,INE547E01014
INDSWFTLAB,EQ,409.1,417.25,403.15,413.1,414.55,408.1,445415,182757238.65,29-Sep-2026,10189,INE915B01019
INDTERRAIN,EQ,29.6,29.6,29.02,29.3,29.15,29.49,14638,426540.97,29-Sep-2026,88,INE611L01021
INDBANK,EQ,25.6,26,24.21,25.06,25.2,25.6,25410,637978.06,29-Sep-2026,553,INE841B01017
BAJAJINDEF,EQ,212.06,215.99,209.05,213.11,210.1,210.31,11971,2533183.60,29-Sep-2026,500,INE0O9T01021
INDGN,EQ,613,627,598.35,605.15,604,613.3,1828353,1119085696.70,29-Sep-2026,62693,INE065X01017
INDIAGLYCO,EQ,301.5,307.7,292.6,304.5,305.2,297.5,501115,151015983.70,29-Sep-2026,16845,INE560A01023
INDNIPPON,EQ,1295.1,1311.6,1226,1244.8,1246,1290.6,71735,90282590.40,29-Sep-2026,7492,INE092B01025
IPL,EQ,131.8,133.85,128.05,133.12,133.5,131.56,241268,31553578.33,29-Sep-2026,4133,INE0D6701023
INDIASHLTR,EQ,640.7,646.95,620.15,639.75,643.5,647.3,284396,180712197.45,29-Sep-2026,19558,INE922K01024
ITDC,EQ,662.5,670.85,645.55,657.15,657.75,662.5,96658,63589888.55,29-Sep-2026,9159,INE353K01014
IBULLSLTD,EQ,28.8,30.19,28.45,29.93,30.02,28.9,12006735,357211380.66,29-Sep-2026,18620,INE126M01010
INDIAMART,EQ,1638.3,1638.4,1600,1612.9,1615,1637,69706,113021727.40,29-Sep-2026,9108,INE933S01016
INDIANB,EQ,802.5,808.8,794.75,795.25,795.25,802.45,1349036,1080174459.15,29-Sep-2026,39698,INE562A01011
INDIANCARD,EQ,193.75,193.75,183,183.72,183.55,189.69,5044,929339.95,29-Sep-2026,289,INE061A01014
IEML,ST,55.5,55.5,50.95,50.95,50.95,53.6,48000,2494050.00,29-Sep-2026,60,INE0RRU01016
IEX,EQ,111.35,111.4,106.35,106.39,106.39,111.35,7359823,796746595.63,29-Sep-2026,61589,INE022Q01020
INDIANHUME,EQ,350.35,358,345.35,355.8,354.05,350.35,66941,23562110.75,29-Sep-2026,2444,INE323C01030
IMFA,EQ,1202,1226.4,1184.1,1206.5,1217,1207.8,88124,106667165.10,29-Sep-2026,8447,INE919H01018
IOC,EQ,133.32,134.31,131.02,131.33,131.33,133.32,10116269,1339958228.77,29-Sep-2026,84956,INE242A01010
IOB,EQ,31.74,31.98,30.51,30.95,30.86,31.74,15845308,491805018.00,29-Sep-2026,41056,INE565A01014
IPHL,SM,72.5,72.5,71.8,71.9,71.9,72.2,9600,694440.00,29-Sep-2026,7,INE0DHF01018
IRCTC,EQ,454,456,448.55,452.55,452,453.5,645641,292076972.20,29-Sep-2026,32804,INE335Y01020
IRFC,EQ,78.7,80.26,77.07,80.26,80.26,78.55,15747317,1235058188.97,29-Sep-2026,63417,INE053F01010
IREDA,EQ,114.82,116.54,111,111,111,114.82,8686276,987337526.88,29-Sep-2026,47952,INE202E01016
IWP,EQ,39.95,42.4,34.36,36.88,37,40.96,466683,18238417.76,29-Sep-2026,3450,INE586E01020
INDIFRA,SM,12.25,12.25,12.25,12.25,12.25,12.85,2000,24500.00,29-Sep-2026,1,INE0PS301014
INDIGOPNTS,EQ,1110.6,1115.5,1072.5,1078.9,1085,1110,64558,70103536.90,29-Sep-2026,9461,INE09VQ01012
INDIGRID,IV,172.99,172.99,171.52,172.1,172,172.53,478812,82437259.75,29-Sep-2026,18287,INE219X23014
INDIQUBE,EQ,199.8,199.8,193.23,196.14,196.98,199.44,57862,11356116.57,29-Sep-2026,1284,INE06ST01018
INDOAMIN,EQ,140,149.6,137.65,145.45,144.99,137.47,626536,90866468.85,29-Sep-2026,8450,INE760F01028
INDOBORAX,EQ,487.8,497.5,465.55,489.5,488.4,477.55,1031179,498322104.75,29-Sep-2026,28514,INE803D01021
ICIL,EQ,439.9,448.55,433,434.95,433,440.2,420236,184048666.20,29-Sep-2026,19127,INE483B01026
INDOFARM,EQ,134.66,136,132.02,133.17,133.02,134.27,56934,7603570.33,29-Sep-2026,1501,INE622H01018
INDORAMA,EQ,101.55,104.45,94.8,103.44,104,100.8,1899725,191170357.94,29-Sep-2026,22921,INE156A01020
INDOTECH,EQ,3225,3270,3079.9,3186.2,3154.5,3133.7,17139,54376577.30,29-Sep-2026,3654,INE332H01014
INDOTHAI,EQ,30.03,31.93,29,31.93,31.93,30.41,1236632,37726550.55,29-Sep-2026,4316,INE337M01021
INDOUS,EQ,77.47,79,77,77.42,77,77.9,3010,236113.39,29-Sep-2026,67,INE250Z01010
INDOMIM,EQ,1230,1288.9,1210,1248.15,1250,1227.6,1464214,1832933655.00,29-Sep-2026,56001,INE084101034
NIPPOBATRY,EQ,322.7,325,317.3,322.7,320.25,323.2,640,205515.20,29-Sep-2026,64,INE567A01028
INDOCO,EQ,249.8,284.77,249.2,269.15,265.25,249.06,19854651,5446937499.28,29-Sep-2026,224875,INE873D01024
IGCL,EQ,59.1,59.88,56.5,57.15,58.78,58.25,70886,4054169.82,29-Sep-2026,5000,INE05J901018
INDOKEM,EQ,607,626.35,595,617,615,609,5978,3635562.90,29-Sep-2026,414,INE716F01012
WAAREEINDO,EQ,218.6,221.4,208.45,210.65,209.6,219.35,172505,36657330.35,29-Sep-2026,4501,INE866K01023
INDOSTAR,EQ,208,217.19,208,209.04,209.5,210.85,139436,29551609.33,29-Sep-2026,2794,INE896L01010
INDOWIND,EQ,8.79,8.92,8.48,8.86,8.89,8.64,87824,765752.10,29-Sep-2026,686,INE227G01018
IGL,EQ,143.5,144.79,139.2,142.02,141.4,143.44,3801920,541355544.68,29-Sep-2026,59352,INE203G01027
INDRAMEDCO,EQ,360,363.15,352,354.8,355.1,360,406266,144471396.70,29-Sep-2026,6658,INE681B01017
INDUSINVIT,IV,131.3,132.57,129.9,131,131.48,130.55,192902,25335189.81,29-Sep-2026,6081,INE0NHL23019
INDUSTOWER,EQ,359,373.05,358.2,367.55,367.55,360,8836110,3256380472.75,29-Sep-2026,74451,INE121J01017
INDUSINDBK,EQ,905.1,908.1,878,878,878,909.7,3205911,2860651696.30,29-Sep-2026,55117,INE095A01012
INDPRUD,EQ,6100,6450,6100,6358,6449.5,6092.5,83,525117.00,29-Sep-2026,20,INE620D01011
IITL,EQ,132.85,132.85,123.85,125.64,129.7,131.58,111438,14503519.70,29-Sep-2026,1487,INE886A01014
INFINIUM,SM,260,266.5,258,266.5,266.5,268.5,5000,1305800.00,29-Sep-2026,10,INE0MRE01011
INFLUX,SM,269.9,269.9,250,262.9,265,270.9,81000,21049170.00,29-Sep-2026,127,INE0MYZ01012
NAUKRI,EQ,1238.1,1251.3,1232.3,1245,1245,1253.9,1242585,1543015716.90,29-Sep-2026,41369,INE663F01032
INFOBEAN,EQ,144,146.38,142.25,143.78,144,144.42,135403,19559455.00,29-Sep-2026,2580,INE344S01016
INFOLLION,SM,146.15,154.95,145,152.55,152.55,152,10400,1560320.00,29-Sep-2026,21,INE0NNZ01013
INFOMEDIA,EQ,5.19,5.48,5.06,5.19,5.33,5.17,8965,46511.46,29-Sep-2026,48,INE669A01022
INFY,EQ,1002.6,1015.4,980.4,1015.4,1015.4,1003.2,12992711,12922092929.60,29-Sep-2026,210984,INE009A01021
INGERRAND,EQ,4226.8,4238.6,4180,4195,4200,4226.8,5857,24660342.00,29-Sep-2026,1934,INE177A01018
INNOMET,ST,290.35,290.35,283.75,283.75,283.75,289.5,25800,7336590.00,29-Sep-2026,18,INE0S1D01010
INNOVACAP,EQ,1265,1314.8,1259.1,1271.2,1260,1271.2,147937,190066658.40,29-Sep-2026,34133,INE0DUT01020
INNOVANA,EQ,295.8,299.75,285,291.5,290,289.65,31625,9175368.05,29-Sep-2026,761,INE403Y01018
ITTL,ST,61.65,61.65,61.65,61.65,61.65,62.9,315,19419.75,29-Sep-2026,3,INE070Y01023
INNOVISION,EQ,251.7,255,251.5,253.7,252.05,251.7,4268,1079520.50,29-Sep-2026,225,INE0ADB01012
INOXGREEN,EQ,170,171,162.8,163.96,163.52,170,2050781,340285392.06,29-Sep-2026,27373,INE510W01014
INOXINDIA,EQ,2056.5,2092.4,2032.2,2070.4,2065.6,2051.1,363480,750149665.60,29-Sep-2026,42120,INE616N01034
INOXWIND,EQ,72,73.04,70.57,71.5,71.5,72,8301480,597079631.26,29-Sep-2026,30950,INE066P01011
INSECTICID,EQ,600.1,600.1,580.5,588.9,588,598.35,13561,7968764.05,29-Sep-2026,1349,INE070I01018
INA,EQ,89,89.5,87.1,87.63,88.48,89.08,318802,28133084.92,29-Sep-2026,3141,INE0LGX01024
INSPIRISYS,EQ,85.49,87.99,84.51,85.92,86,84.99,5984,510533.75,29-Sep-2026,108,INE020G01017
ESSENTIA,EQ,1.01,1.02,1,1,1.01,1.01,1958147,1977267.90,29-Sep-2026,752,INE418N01035
INTELLECT,EQ,628.6,629.9,609.4,613.25,610,631.55,262246,162685304.80,29-Sep-2026,16942,INE306R01017
INTENTECH,EQ,81.25,82.98,81.25,82.63,82.24,83.05,4813,396898.89,29-Sep-2026,104,INE781A01025
INTERARCH,EQ,1718.6,1718.6,1678.7,1690.2,1684.8,1706.2,24515,41526677.10,29-Sep-2026,2955,INE00M901018
INDIGO,EQ,4870,4898,4851,4872,4872,4874.5,409270,1994967082.00,29-Sep-2026,40172,INE646L01027
INM,SM,149,150.05,149,150,150,136,15000,2245230.00,29-Sep-2026,16,INE0OPC01015
INTLCONV,EQ,79.9,80.86,79.9,80,80,79.9,35739,2862608.57,29-Sep-2026,643,INE575C01027
IGIL,EQ,321.55,326.8,317.7,324.3,326,323.15,607317,195480030.75,29-Sep-2026,17535,INE0Q9301021
ISFT,BE,95.1,101.1,91.48,100.11,101.1,96.29,19117,1874837.06,29-Sep-2026,250,INE566K01011
INVENTURE,EQ,0.87,0.87,0.85,0.86,0.87,0.87,1105528,956674.55,29-Sep-2026,329,INE878H01024
IKS,EQ,1768,1822.3,1750.7,1779.4,1774.8,1768.4,203931,365362102.80,29-Sep-2026,28868,INE115Q01022
IVZINGOLD,EQ,127.5,127.5,126.05,127.25,127.5,127.7,63981,8138846.45,29-Sep-2026,394,INF205KA1BP1
IVZINNIFTY,EQ,269.42,269.42,260.1,261.7,261.7,262.85,1197,313342.59,29-Sep-2026,44,INF205KA1CC7
INVPRECQ,BE,1543.6,1543.6,1450,1521.2,1524,1501.5,7980,11927245.40,29-Sep-2026,226,INE155E01016
IOLCP,EQ,196.25,202.75,196.24,201.48,201.9,196.29,1550901,310333316.57,29-Sep-2026,26943,INE485C01029
IONEXCHANG,EQ,420.4,424.05,406.35,410.2,409.1,422.9,190265,78965444.95,29-Sep-2026,16992,INE570A01022
IPRINGLTD,EQ,135.99,144.14,135.1,136.13,141,136.17,2024,280830.31,29-Sep-2026,63,INE558A01019
IPCALAB,EQ,1919.7,1980,1919.7,1938.1,1950.3,1919.3,246042,478976846.40,29-Sep-2026,32884,INE571A01038
IRB,EQ,17.12,17.12,16.75,16.98,16.95,17.14,14681424,248898085.55,29-Sep-2026,29050,INE821I01022
IRBINVIT,IV,64.35,64.6,64,64.17,64.25,64.33,520170,33421260.72,29-Sep-2026,6639,INE183W23014
IRCON,EQ,103,104.4,101.6,102.47,102.23,103.25,1966663,202281937.92,29-Sep-2026,27847,INE962Y01021
880IREDA29,N5,1133.89,1133.89,1133.89,1133.89,1133.89,1143.99,11,12472.79,29-Sep-2026,1,INE202E07138
IRISDOREME,EQ,63,66.17,62.11,62.8,62.11,62.78,537555,34417968.47,29-Sep-2026,5937,INE01GN01025
IRIS,EQ,228.94,234.85,223,230.23,228.01,226.57,26828,6084074.67,29-Sep-2026,882,INE864K01010
IRMENERGY,EQ,261.65,269,259.05,267.25,268.5,265.4,96668,25706541.15,29-Sep-2026,3037,INE07U701015
920ISF28,N0,9828.97,9828.97,9631.01,9745.96,9777.93,9841.86,11,107869.66,29-Sep-2026,4,INE413U07475
950ISF27C,N0,9964.79,9964.79,9964.59,9964.59,9964.59,9964.79,90,896825.10,29-Sep-2026,6,INE413U07426
ISGEC,EQ,890,890,872.2,880.1,880,886.45,49547,43560400.10,29-Sep-2026,7537,INE858B01029
ISHANCH,EQ,48.05,50.81,46.5,47.35,47.83,50.07,19242,923114.85,29-Sep-2026,266,INE561M01018
ITALIANE,SM,30.5,30.5,30.5,30.5,30.5,30.3,2000,61000.00,29-Sep-2026,1,INE0R7R01018
ITCHOTELS,EQ,158.02,162,156.33,160.53,161,158.57,1965803,313694692.91,29-Sep-2026,35195,INE379A01028
ITC,EQ,265.45,266.75,263.3,265.1,265.1,265.2,14419948,3821206589.00,29-Sep-2026,139214,INE154A01025
ITI,EQ,245.9,247.65,240.1,243.4,242.2,245.8,179421,43755454.00,29-Sep-2026,10514,INE248A01017
ITL,EQ,361.6,361.6,343.05,353,354.65,357.7,2146,750378.85,29-Sep-2026,41,INE478D01014
IVALUE,EQ,218.47,228.4,215.82,224.61,224.8,219.21,118885,26376464.69,29-Sep-2026,4163,INE056801025
IVP,BE,228.15,228.15,222.93,226.08,227,229.16,6529,1463288.80,29-Sep-2026,92,INE043C01018
IWARE,ST,389,397.4,381.65,382.1,382.1,383,8400,3265650.00,29-Sep-2026,14,INE1AII01014
IZMO,EQ,879,902.9,873.6,888.2,892,873.55,57013,50600314.40,29-Sep-2026,4488,INE848A01014
J&KBANK,EQ,142.63,143.64,138,138.52,138.95,142.25,2354937,328987354.75,29-Sep-2026,41545,INE168A01041
JGCHEM,EQ,624.95,667.2,611.05,658.65,658.75,620.8,1558962,1017897228.70,29-Sep-2026,60518,INE0MB501011
JAGRAN,EQ,62.23,62.4,61.3,62.01,61.99,62.05,151788,9397008.69,29-Sep-2026,1764,INE199G01027
JAGSNPHARM,EQ,239.02,240.87,232.3,234.71,236.2,241.02,93102,22008178.61,29-Sep-2026,2789,INE048B01035
JAIBALAJI,EQ,63.55,64.36,62.05,63.35,63.72,63.51,338779,21474942.75,29-Sep-2026,3234,INE091G01026
JAICORPLTD,EQ,92.49,92.49,89.64,91.8,91.48,92.18,253730,23068196.88,29-Sep-2026,4046,INE070D01027
JISLDVREQS,EQ,19.37,19.93,19.01,19.46,19.49,19.8,15311,298345.63,29-Sep-2026,161,IN9175A01010
JISLJALEQS,EQ,28.77,29.17,28.3,28.97,28.99,28.88,1693123,48774093.34,29-Sep-2026,7458,INE175A01038
JAINREC,EQ,282,294.45,277.1,287.65,285.55,281.75,1712900,491658694.65,29-Sep-2026,37733,INE0YD401026
JAINAM,SM,201.5,201.5,201.5,201.5,201.5,212,1000,201500.00,29-Sep-2026,1,INE02KC01010
JAINIK,ST,204,204,204,204,204,204,1200,244800.00,29-Sep-2026,1,INE0XIL01012
JPPOWER,EQ,15.55,15.62,15.15,15.26,15.27,15.52,34858936,534069874.26,29-Sep-2026,1580697,INE351F01018
JALAN,ST,1.7,1.7,1.7,1.7,1.7,1.75,3000,5100.00,29-Sep-2026,1,INE349X01015
JAMNAAUTO,EQ,139.4,139.4,134.91,136.27,136.45,139.68,1537760,210185159.89,29-Sep-2026,26946,INE039C01032
JSFB,EQ,500,506.65,486.95,503.7,501,499.2,605661,301705896.75,29-Sep-2026,20741,INE953L01027
JARO,EQ,423,428.3,418.5,421.55,419.8,423.4,88930,37646781.95,29-Sep-2026,2677,INE00YJ01010
JASH,EQ,591.05,602.8,583,598.4,599.4,588.75,588225,350837274.60,29-Sep-2026,18020,INE039O01029
JAYBEE,SM,90.7,102,90.7,96.3,96,89.85,73500,7199775.00,29-Sep-2026,120,INE0SMY01017
JAYBARMARU,EQ,123.5,127.9,120.61,124.6,124.26,122.52,649558,81064289.51,29-Sep-2026,10980,INE571B01036
KORE,ST,198.15,198.6,180.1,188.2,180.1,189.15,34750,6800562.50,29-Sep-2026,75,INE0J6801010
JAYAGROGN,EQ,231.2,233.48,223,225.44,224,230.42,23666,5385157.03,29-Sep-2026,702,INE785A01026
JAYNECOIND,EQ,87.2,94.4,86.77,92.66,92.95,87.98,5809490,535157818.73,29-Sep-2026,35747,INE854B01010
JAYESH,SM,125,125,122,124.9,124.9,125,9000,1117600.00,29-Sep-2026,6,INE1AE401014
JAYKAY,EQ,208,209.99,197,205.01,205.5,203.81,572922,116343381.62,29-Sep-2026,9251,INE903A01025
JAYKAYPP,E1,160,164.8,154.1,159.31,160,166.31,74135,11666574.26,29-Sep-2026,492,IN9903A01015
JAYSREETEA,EQ,86.8,87.95,85,85.75,87.1,86.83,36212,3122368.21,29-Sep-2026,670,INE364A01020
JBMA,EQ,571.05,576.35,561,563.15,561.5,571.05,211192,119337864.05,29-Sep-2026,13886,INE927D01051
JSLL,EQ,501.9,515.85,486.6,509.45,505.2,501.9,1183266,590850900.35,29-Sep-2026,46243,INE0J5801029
JENBURPH,EQ,926.1,954,919.1,924,930,926.1,2829,2624589.60,29-Sep-2026,156,INE354A01013
JETFREIGHT,EQ,21.45,21.78,20.51,20.63,20.6,21.01,289665,6102383.33,29-Sep-2026,2132,INE982V01025
JEYYAM,SM,20.75,20.75,20,20.7,20.7,20.25,18000,367100.00,29-Sep-2026,9,INE0RXB01022
JFLLIFE,SM,10.05,10.05,9.85,10,10,10.35,102000,1016100.00,29-Sep-2026,10,INE0LA901015
JHS,EQ,8.99,10.57,8.58,10.38,10.34,8.81,2324625,23377385.39,29-Sep-2026,4740,INE544H01014
RETAIL,EQ,28.88,28.88,28.8,28.88,28.88,24.07,117010,3379048.80,29-Sep-2026,171,INE03DD01011
JPOLYINVST,EQ,927.8,976.9,909.1,950,935.1,911.5,6912,6438078.15,29-Sep-2026,773,INE147P01019
JINDRILL,EQ,620.9,620.9,596.4,599.95,601.1,624.15,389254,236312073.40,29-Sep-2026,14200,INE742C01031
JINDALPHOT,EQ,1047.1,1054.9,1040.4,1043.4,1041.1,1051,1109,1157174.50,29-Sep-2026,126,INE796G01012
JINDALPOLY,EQ,679.95,685.35,667.05,675.3,681.5,679.65,10340,6971182.50,29-Sep-2026,1048,INE197D01010
JINDALSAW,EQ,277.6,279.9,272.3,277.7,276,276.15,904937,250307450.85,29-Sep-2026,23070,INE324A01032
JSL,EQ,746.9,750,726,738.3,732,745.7,614585,455472127.15,29-Sep-2026,33116,INE220G01021
JINDALSTEL,EQ,1137.5,1149,1126.9,1130,1130,1139.6,760609,864318484.10,29-Sep-2026,21549,INE749A01030
JSIPL,BE,153.14,153.14,153.14,153.14,153.14,145.85,238715,36556815.10,29-Sep-2026,971,INE1DLO01028
JINDWORLD,EQ,48.77,48.77,46.52,47.07,46.99,48.69,3110654,146490160.22,29-Sep-2026,9626,INE247D01039
JKIPL,EQ,95.46,98.07,95.05,97.69,98.05,97.41,2440,235606.75,29-Sep-2026,79,INE1FF001016
JIOFIN,EQ,220.5,220.5,215.36,217.56,217.56,220.5,17125032,3728286826.32,29-Sep-2026,133006,INE758E01017
NIFTYJBLK,EQ,12.01,12.01,11.56,11.64,11.75,11.72,234199,2725010.35,29-Sep-2026,721,INF22M001184
JITFINFRA,EQ,284.9,285.95,275,277.15,275.75,284.15,11547,3215721.05,29-Sep-2026,695,INE863T01013
JKCEMENT,EQ,4993.5,4993.5,4810.5,4824.5,4846,4993.5,29444,143636414.00,29-Sep-2026,9967,INE823G01014
JKLAKSHMI,EQ,493.45,493.45,482.05,490.15,492.4,494.8,450744,220089871.10,29-Sep-2026,24973,INE786A01032
JKPAPER,EQ,398.2,403.9,388.35,391.35,391,398.15,252465,99124176.65,29-Sep-2026,9542,INE789E01012
JKTYRE,EQ,338.8,340.25,333.1,334.8,336.5,337.8,481192,161701837.95,29-Sep-2026,20376,INE573A01042
JKIL,EQ,461.9,462.25,450,451.4,450.1,461.25,54972,24918076.00,29-Sep-2026,3612,INE576I01022
JMFINANCIL,EQ,124.1,126.7,123.19,125.78,126.05,125.25,2566558,321193493.97,29-Sep-2026,18994,INE780C01023
JNKINDIA,EQ,422.85,464,413.7,451.75,452.1,420,713779,321184059.60,29-Sep-2026,26022,INE0OAF01028
JOCIL,EQ,146.4,148.47,143.1,145.17,145.1,147,1114,161841.37,29-Sep-2026,61,INE839G01010
COCKERILL,EQ,7860,7999.5,7681,7883,7950,7824.5,3946,30744624.00,29-Sep-2026,1286,INE515A01019
JSWCEMENT,EQ,112.49,112.99,111.02,112.58,112.4,112.49,1286428,144395047.03,29-Sep-2026,33566,INE718I01012
JSWDULUX,EQ,3169.8,3169.8,3005.2,3034.4,3035,3169.8,187186,569714254.30,29-Sep-2026,21896,INE133A01011
JSWENERGY,EQ,495,501.15,489.1,501.15,501.15,495,1639218,812766223.80,29-Sep-2026,31627,INE121E01018
JSWHL,EQ,10920,11169,10881,11000,10950,11026,1807,19870524.00,29-Sep-2026,916,INE824G01012
JSWINFRA,EQ,347.25,353.3,342.05,350,350,348.75,2469980,860154759.85,29-Sep-2026,66550,INE880J01026
JSWSTEEL,EQ,1260.7,1272.4,1246.6,1272.4,1272.4,1264.1,2499215,3156872183.30,29-Sep-2026,61456,INE019A01038
JTEKTINDIA,EQ,116.55,117.76,114.2,115.84,115.55,116.21,66051,7648187.85,29-Sep-2026,1388,INE643A01035
JTLIND,EQ,88.5,90.5,85.98,88.88,88.9,87.87,2186784,193257270.63,29-Sep-2026,18249,INE391J01032
JUBLCPL,EQ,2124.6,2154.7,2094.2,2107.4,2095,2117.3,6652,14114600.90,29-Sep-2026,923,INE03CC01015
JUBLFOOD,EQ,478.5,478.55,460.2,463,463,478.7,2376051,1108054591.50,29-Sep-2026,61380,INE797F01020
JUBLINGREA,EQ,657.1,657.2,635.2,639.1,637.15,654.8,250387,161740110.20,29-Sep-2026,16295,INE0BY001018
JUBLPHARMA,EQ,1058,1089.65,1036.2,1048.2,1052,1060.45,1060299,1118616532.40,29-Sep-2026,54176,INE700A01033
JMA,EQ,88.97,90.5,85.34,89.34,89.42,87.81,7272,641869.93,29-Sep-2026,226,INE412C01023
JNPR,EQ,265,275,263.25,272.3,270.25,269.95,899121,242740107.55,29-Sep-2026,29993,INE05C901015
JUNIPER,EQ,216.62,216.62,212.35,213.95,216,214.76,93329,20006952.66,29-Sep-2026,3359,INE696F01016
JLHL,EQ,263.7,264.8,254.2,262.05,264.15,263.85,1466095,380422394.15,29-Sep-2026,35663,INE682M01020
JWL,EQ,223.71,223.71,218.45,219.82,219.99,222.23,627200,138525635.26,29-Sep-2026,19473,INE209L01016
JUSTDIAL,EQ,662.6,665,642.4,656.5,657,658.95,97629,63998276.85,29-Sep-2026,4817,INE599M01018
JYOTHYLAB,EQ,189.5,189.75,184,184.26,184.2,189.66,469986,87055879.39,29-Sep-2026,22847,INE668F01031
JYOTICNC,EQ,1044,1076.95,1035.25,1059.3,1054.8,1046.1,703728,744517199.90,29-Sep-2026,30044,INE980O01024
JYOTIGLOBL,SM,43.8,43.8,43.7,43.75,43.75,46,6000,262500.00,29-Sep-2026,3,INE1M3T01017
JYOTIRES,EQ,854.9,855,831.25,840.95,845,841.9,7605,6410191.45,29-Sep-2026,705,INE577D01013
JYOTISTRUC,EQ,8.76,9.26,8.62,9.07,9.08,8.75,9980402,89941026.08,29-Sep-2026,9011,INE197A01024
KJMCFIN,EQ,58.12,60,57.8,59,59,58.12,3969,231214.17,29-Sep-2026,37,INE533C01018
KMCSHIL,EQ,165.32,165.32,160,161.98,161.04,165.33,300278,48782234.25,29-Sep-2026,7498,INE879K01018
KMSUGAR,EQ,32.67,33,31.01,31.86,32,32.67,282268,8920321.21,29-Sep-2026,2142,INE157H01023
KPEL,EQ,220,225,215.64,224.03,223.25,220.54,215474,47557360.91,29-Sep-2026,5723,INE127T01021
K2INFRA,SM,43,45,43,44.9,44.9,42.85,15000,666750.00,29-Sep-2026,25,INE0DEZ01013
KABRAEXTRU,EQ,831.1,841.9,820,829.8,840,863.15,317848,262214994.05,29-Sep-2026,5228,INE900B01029
KKJEWELS,SM,96.9,96.9,96.9,96.9,96.9,94.25,1000,96900.00,29-Sep-2026,1,INE0XOW01017
KAJARIACER,EQ,1179.6,1223.7,1167,1190.5,1223.7,1189.5,2954458,3518522463.30,29-Sep-2026,31965,INE217B01036
KAKATCEM,EQ,105.61,107.9,105.61,107.83,107.88,106.84,418,45031.66,29-Sep-2026,14,INE437B01014
KALANA,SM,18,18,18,18,18,17.9,2000,36000.00,29-Sep-2026,1,INE0T0L01014
KALPATARU,EQ,275.8,292,268.25,278.8,282.2,275.8,108375,29794303.75,29-Sep-2026,1447,INE227J01012
KPIL,EQ,1378,1390,1345.1,1365.1,1366,1375.6,186265,254829938.60,29-Sep-2026,26759,INE220B01022
KALYANKJIL,EQ,566,580,561.45,568.85,568.85,564,9165283,5237569617.15,29-Sep-2026,104008,INE303R01014
KALYANIFRG,BE,999,1025,981.1,1010.35,1013.5,990,2412,2432563.20,29-Sep-2026,182,INE314G01014
KICL,EQ,4940,4940,4750.5,4773,4794,4869.5,1097,5261149.00,29-Sep-2026,339,INE029L01018
KSL,EQ,953,976.8,934,964.35,965,952.35,77343,74134552.00,29-Sep-2026,5290,INE907A01026
KAMAHOLD,EQ,2217.9,2284.8,2217.8,2241.1,2269.9,2203.6,5222,11734446.60,29-Sep-2026,1913,INE411F01010
KAMANWALA,EQ,16.5,17.1,16.5,17.1,17.1,17.49,3229,53282.11,29-Sep-2026,15,INE344D01018
KAMATHOTEL,EQ,236.26,238.4,229.25,236.71,235.5,233.18,58707,13740636.34,29-Sep-2026,1860,INE967C01018
KAMDHENU,EQ,38.26,38.85,37.41,38.41,38.49,39,838480,31997322.88,29-Sep-2026,3394,INE390H01020
KAMOPAINTS,EQ,4.18,4.18,4.06,4.1,4.1,4.12,158679,650989.73,29-Sep-2026,614,INE0BTI01037
KANANIIND,EQ,1.37,1.38,1.33,1.36,1.37,1.35,60761,82489.04,29-Sep-2026,179,INE879E01037
KANCHI,EQ,380,394.7,370,391,389.55,379.9,3227,1243857.75,29-Sep-2026,130,INE081G01019
KANCOTEA,EQ,54.9,54.9,53.9,54.55,54.55,54.55,142,7657.45,29-Sep-2026,7,INE398L01017
KANDARP,SM,66.35,66.35,66.05,66.05,66.05,69.5,12000,793350.00,29-Sep-2026,12,INE0MOT01016
KANOHAR,EQ,819,877.8,805,862.75,864.4,811.15,3500592,2983694384.45,29-Sep-2026,117390,INE877D01025
KANORICHEM,BE,204.9,204.9,195,199.94,200,202.55,34921,6962033.44,29-Sep-2026,401,INE138C01024
KANPRPLA,EQ,261.85,262,243.45,245.2,247,250.9,17259,4305882.85,29-Sep-2026,750,INE694E01014
KANSAINER,EQ,178.06,182.59,173.6,181.33,182,177.48,670486,118945151.94,29-Sep-2026,10129,INE531A01024
KAPSTON,EQ,549.6,568.95,539.1,555.7,557,537.8,642974,354258122.40,29-Sep-2026,5075,INE542Z01028
KARAMTARA,EQ,357.45,363,346.35,359.45,359,357.8,1239083,441361502.75,29-Sep-2026,29530,INE590T01012
KARMAENG,EQ,38.95,39.14,35.11,37.9,37.99,39.14,7088,266289.06,29-Sep-2026,117,INE725L01011
KTKBANK,EQ,322,326.1,317.35,324.25,323.45,321.85,1248849,402741869.80,29-Sep-2026,21027,INE614B01018
KARNIKA,SM,124,126,123.9,125,125,124.1,20000,2492850.00,29-Sep-2026,17,INE0MGA01012
KARURVYSYA,EQ,320.75,325.4,312.7,318.15,317.95,320.75,2868750,909530209.00,29-Sep-2026,55778,INE036D01028
KATARIA,SM,151.5,151.5,147.1,147.1,147.1,152.3,8400,1246380.00,29-Sep-2026,8,INE0SVY01018
KAUSHALYA,BE,841,841,836.5,836.5,836.5,845.45,14,11720.00,29-Sep-2026,4,INE234I01028
KLL,ST,40.2,43.65,40.15,41.95,41.8,42.25,40800,1652440.00,29-Sep-2026,38,INE0Q2V01012
KSCL,EQ,770,785,731.25,742.1,739,769.5,375646,280241012.70,29-Sep-2026,15890,INE455I01029
KAVDEFENCE,BE,79,80.8,75.7,76.89,77.27,79.03,112418,8768937.40,29-Sep-2026,1004,INE641C01019
KCEIL,SM,78,81,78,80.5,81,76.9,9000,717775.00,29-Sep-2026,18,INE0RCG01017
KAYA,BE,309.65,309.65,305,307.2,308,309.6,1348,414837.75,29-Sep-2026,28,INE587G01015
KAYNES,EQ,3650,3707.2,3500,3511.5,3511.5,3658,1474271,5317178926.60,29-Sep-2026,86140,INE918Z01012
KAYTEX,SM,55.5,56.8,55.5,56.8,56.8,55.5,3200,178640.00,29-Sep-2026,4,INE13ZD01013
KCK,ST,14.4,14.4,14.15,14.3,14.15,14.2,50000,715875.00,29-Sep-2026,18,INE0J1E01027
KCP,EQ,156.51,157.84,153.21,156.19,155.91,157.28,62111,9689877.19,29-Sep-2026,1303,INE805C01028
KCPSUGIND,BE,29.48,29.7,28.2,29.23,29.4,29.27,75837,2200385.87,29-Sep-2026,248,INE790B01024
KDGREEN,EQ,48.8,48.88,46.16,48.53,47.11,46.76,29728,1420876.33,29-Sep-2026,1067,INE348N01042
KDDL,EQ,4014.1,4069.9,3874,3931.6,3935.7,4014.1,23844,95094369.70,29-Sep-2026,5983,INE291D01011
KEC,EQ,390.35,390.35,375.1,378.35,378.25,390.55,1237151,471745771.95,29-Sep-2026,33489,INE389H01022
KEI,EQ,4500,4521,4457.5,4461,4461,4516,622806,2795804998.50,29-Sep-2026,42130,INE878B01027
KELLTONTEC,EQ,13.14,13.26,12.65,13.05,12.94,13.09,1990721,25846614.21,29-Sep-2026,4105,INE164B01030
KEN,SM,40,41.05,40,41,41,40.9,7200,294060.00,29-Sep-2026,6,INE15DO01012
KENNAMET,EQ,4167.9,4172.9,4012.5,4039.6,4044,4134.1,30755,125197991.00,29-Sep-2026,6068,INE717A01029
KERNEX,EQ,1713.8,1763,1682.8,1744.1,1738,1713.8,139115,241151684.40,29-Sep-2026,15812,INE202H01019
KESORAMIND,EQ,10.87,11.24,10.52,10.84,10.98,11.02,995639,10718135.34,29-Sep-2026,2573,INE087A01019
KKCL,EQ,462.05,471.35,455,467.1,468.95,462.15,34175,15835142.20,29-Sep-2026,1729,INE401H01017
KEYFINSERV,EQ,230,237.6,225,233,237.6,223.7,1236,287143.10,29-Sep-2026,76,INE681C01015
RUSTOMJEE,EQ,357.1,367.2,355.1,362.95,363,359.9,94347,33895203.60,29-Sep-2026,2042,INE263M01029
KFINTECH,EQ,880.2,889.45,838.2,838.2,838.2,884.05,1459780,1252924403.90,29-Sep-2026,52490,INE138Y01010
KHADIM,BE,116.5,116.5,115.64,115.64,115.64,118,33392,3866113.56,29-Sep-2026,69,INE834I01025
KHAITANLTD,EQ,144,153.8,135.4,150.01,152.44,146.69,4152,604659.75,29-Sep-2026,170,INE731C01018
KHAICHEM,EQ,49.3,50.35,49,49.22,49.1,49.51,86844,4308040.86,29-Sep-2026,1749,INE745B01028
KHANDSE,EQ,17.4,18.4,16.86,17.06,17.01,17.5,11517,195570.59,29-Sep-2026,68,INE060B01014
KHERIAAUTO,ST,97.4,101.1,91.5,101.1,101.1,96.3,334800,33043140.00,29-Sep-2026,225,INE0HOL01013
KHFM,SM,40.95,40.95,40.95,40.95,40.95,40.15,1550,63472.50,29-Sep-2026,1,INE00UG01014
KLBRENG-B,EQ,515,532,500.5,525.55,522,514.4,393122,205142619.10,29-Sep-2026,8146,INE338F01015
KILITCH,BE,224,224,216,216.76,217,217.05,14819,3250686.37,29-Sep-2026,170,INE729D01010
KINGFA,EQ,6384,6594.5,6376.5,6524.5,6500,6384,22165,144161244.00,29-Sep-2026,6576,INE473D01015
KIOCL,EQ,332.1,338,328,336.1,334.6,331,57228,19094615.90,29-Sep-2026,2267,INE880L01014
KIRANVYPAR,EQ,185,195,169.82,189.66,185.9,185.17,29509,5304125.75,29-Sep-2026,874,INE555P01013
KIRIINDUS,EQ,542,560,538.5,543.45,543,541.95,476341,261135419.05,29-Sep-2026,10114,INE415I01015
KIRLOSBROS,EQ,1732.3,1936.1,1714.1,1848.3,1837.6,1732.3,457358,831444677.50,29-Sep-2026,47016,INE732A01036
KECL,EQ,119.15,122.9,118,121.4,121.9,120.07,121001,14605521.99,29-Sep-2026,2405,INE134B01017
KIRLFER,EQ,469.4,476.8,461,474.4,475.1,468.95,99857,47018882.90,29-Sep-2026,5395,INE884B01025
KIRLOSIND,EQ,3543,3640,3465.1,3578.6,3557.9,3520.5,7323,25992185.30,29-Sep-2026,1782,INE250A01039
KIRLOSENG,EQ,2141.2,2444,2124.3,2402,2376.7,2141.2,5298949,12404432360.60,29-Sep-2026,285547,INE146L01010
KIRLPNU,EQ,675.3,690,669.6,684.4,683.2,678.65,133945,91351567.35,29-Sep-2026,12617,INE811A01038
KITEX,EQ,115.98,116.63,114.36,115.56,115.01,116.13,260341,30013171.08,29-Sep-2026,3912,INE602G01020
KNAGRI,EQ,205.98,205.98,195.3,199.92,200,205.05,4172,831396.23,29-Sep-2026,134,INE0KNW01016
KNACK,EQ,177.05,183,176,176.58,176,176.65,468586,83490732.65,29-Sep-2026,7722,INE17QZ01016
KMEW,EQ,2965.1,3099.9,2892.7,3064.8,3095,2876.9,644521,1946922376.30,29-Sep-2026,65750,INE0CJD01029
KRT,RR,112.97,114,112.5,113.54,113,112.97,1865001,211443402.93,29-Sep-2026,5033,INE1JAR25012
KNRCON,EQ,117.39,120.9,115.64,119.33,119.6,117.39,879023,103676215.68,29-Sep-2026,12159,INE634I01029
KODYTECH,ST,1460,1493,1455,1479,1479,1490,1600,2360400.00,29-Sep-2026,15,INE0Q7P01013
KOHINOOR,EQ,30.29,31.45,29.27,30.99,30.98,30.07,264191,7996802.58,29-Sep-2026,3746,INE080B01012
KOKUYOCMLN,EQ,74.6,75.8,74,74.72,74.35,74.64,16933,1260088.42,29-Sep-2026,362,INE760A01029
KOLTEPATIL,EQ,425.5,431.9,418,427.05,431.9,425.6,42087,17794938.15,29-Sep-2026,3763,INE094I01018
KONSTELEC,ST,60,60,59,59.25,59,59.1,3000,178500.00,29-Sep-2026,3,INE0QEI01011
KOPRAN,EQ,277.86,292.3,275.77,290.9,292,277.97,1181235,339119748.51,29-Sep-2026,14844,INE082A01010
KDL,SM,52.25,52.25,52.25,52.25,52.25,55,2700,141075.00,29-Sep-2026,17,INE0O4R01018
GOLD1,EQ,122.12,122.25,121,121.78,121.86,122.16,1778304,216500816.26,29-Sep-2026,8105,INF174KA1HJ8
KOTAKBANK,EQ,401.25,409.25,394.7,406,406,401.55,32613940,13177579213.35,29-Sep-2026,226111,INE237A01036
NIFTY1,EQ,253.69,253.69,251.5,252.64,253.39,253.69,388108,97895593.15,29-Sep-2026,1942,INF174K014P6
PSUBANK,EQ,80.66,80.66,78.86,79.67,80,80.58,160761,12835087.70,29-Sep-2026,1003,INF174KA1A86
CHEMICAL,EQ,28.71,28.84,28.01,28.11,28.15,28.69,1022878,28927118.02,29-Sep-2026,2622,INF174KA1XV0
ALPHA,EQ,51.44,52.45,50.81,52.26,52.21,51.44,1808022,93562856.17,29-Sep-2026,5363,INF174KA1IA5
CONS,EQ,11.62,11.89,11.45,11.72,11.6,11.71,11940,138637.10,29-Sep-2026,234,INF174KA1ZF8
IT,EQ,31.32,31.47,30.6,30.72,30.63,31.31,319509,9860083.82,29-Sep-2026,1783,INF174KA1GC5
LIQUID1,EQ,1124.7,1147.04,1122.98,1124.68,1124.7,1124.55,1751016,1969586811.46,29-Sep-2026,4228,INF174KA1LV5
LOWVOL1,EQ,20.31,20.31,19.84,19.88,19.85,20.16,157672,3148137.40,29-Sep-2026,12254,INF174KA1IY5
MIDCAP,EQ,17.64,17.66,17.39,17.52,17.5,17.64,744225,13038602.39,29-Sep-2026,1467,INF174KA1ZC5
MNC,EQ,32,32.97,31.2,31.77,31.79,31.93,121051,3853767.50,29-Sep-2026,1684,INF174KA1JF2
SILVER1,EQ,21.37,21.37,21.14,21.23,21.23,21.41,5236811,111198840.47,29-Sep-2026,4698,INF174KA1ZD3
NV20,EQ,13.21,13.39,13.05,13.26,13.21,13.21,105531,1392180.27,29-Sep-2026,467,INF174KA1ZE1
MID150,EQ,22.2,22.88,22.06,22.23,22.39,22.51,178874,4035206.86,29-Sep-2026,397,INF174KA1VW2
MOMENTUM30,EQ,29.24,30.2,29.24,29.86,29.83,29.72,12864,383819.22,29-Sep-2026,230,INF174KA1XS6
MSCIINDIA,EQ,28.28,28.78,27.66,28.04,28.1,28.3,49618,1391560.14,29-Sep-2026,362,INF174KA1VD2
NEXT50ETF,EQ,70.99,73,70.2,70.98,71,70.99,91582,6501159.64,29-Sep-2026,318,INF174KA1YO3
NIFTY100EW,EQ,34.17,34.17,33.46,33.67,33.62,33.67,88148,2975082.24,29-Sep-2026,379,INF174KA1UW4
PVTBANK,EQ,26.61,27.4,26,27.01,27,26.72,39520,1054084.54,29-Sep-2026,179,INF174KA1A94
QUALITY30,EQ,19.53,19.88,19.29,19.4,19.47,19.64,1365,26588.37,29-Sep-2026,135,INF174KA1WT6
BANKNIFTY1,EQ,54.98,57.28,54.98,56.5,56.51,56.68,2595241,146208046.82,29-Sep-2026,5651,INF174KA1ZB7
KOTIC,EQ,149.07,154.65,147.42,150.12,150,151.06,10324,1545823.28,29-Sep-2026,527,INE972A01020
KOTHARIPET,EQ,131.22,133.84,127.35,128.97,128.4,130.84,55694,7271241.11,29-Sep-2026,1051,INE720A01015
KOTHARIPRO,EQ,64.6,66.64,64.6,65.09,64.93,66.01,3197,208240.18,29-Sep-2026,132,INE823A01017
KOTARISUG,BE,27.37,27.37,25.5,26.12,26,26.75,29867,772403.98,29-Sep-2026,216,INE419A01022
KOTYARK,EQ,26.95,30.9,24.55,29.39,28.81,26.47,1583442,43881980.40,29-Sep-2026,8773,INE0J0B01017
KOVAI,EQ,6079.5,6079.5,5974,6013.5,6006,6025,3341,20027073.00,29-Sep-2026,670,INE177F01017
KPIGREEN,EQ,356,373.5,351.5,371.25,372.5,357.35,3575742,1305511235.05,29-Sep-2026,51106,INE542W01025
KPITTECH,EQ,510.25,519.7,495.5,519.7,519.7,509,3351279,1700887331.75,29-Sep-2026,52998,INE04I401011
KPRMILL,EQ,1099.8,1102.9,1066.3,1081.5,1068.5,1101.2,160547,174482760.80,29-Sep-2026,17379,INE930H01031
KRBL,EQ,382,390,379.25,386.2,389.5,382.95,320487,123303805.95,29-Sep-2026,12196,INE001B01026
KREBSBIO,EQ,58.75,58.75,55.2,56.42,56.05,57.58,6270,355018.37,29-Sep-2026,115,INE268B01013
KRIDHANINF,EQ,1.9,1.9,1.83,1.88,1.88,1.89,17885,33301.72,29-Sep-2026,65,INE524L01026
KRISHANA,EQ,186.99,186.99,183.5,185.19,183.87,186.42,331174,61439318.76,29-Sep-2026,5475,INE506W01020
KRISHCA,SM,228.8,230.5,221,224.2,227.9,226.55,20500,4635500.00,29-Sep-2026,38,INE0NR701018
KRISHIVAL,EQ,414,415,400.25,403.95,413.9,413.65,18076,7360338.90,29-Sep-2026,565,INE0GGO01015
KRISHNADEF,EQ,995.8,1030,986.6,1013,1008,995.8,49354,49723347.20,29-Sep-2026,6231,INE0J5601015
KIMS,EQ,766,781.75,759.35,769.9,769.2,766.45,403013,311011705.80,29-Sep-2026,23844,INE967H01025
KRITI,EQ,60.27,62.5,60.27,62.41,62.42,60.27,7772,480807.55,29-Sep-2026,112,INE479D01038
KRITINUT,EQ,75.99,75.99,71.91,72.52,72.42,75.54,40415,2939720.48,29-Sep-2026,747,INE798K01010
KRITIKA,EQ,5.12,5.12,4.62,5.01,5.04,5,160481,781191.79,29-Sep-2026,509,INE00Z501029
KRMAYURVED,SM,300.75,306.95,297.65,305.25,305.5,299.3,59000,17932650.00,29-Sep-2026,54,INE1MTV01019
KRN,EQ,1409,1455,1362.1,1443.1,1444.8,1387.4,385834,543215369.10,29-Sep-2026,28391,INE0Q3J01015
KRONOX,BE,227.74,227.74,210.2,217.04,217,216.9,496174,110609637.32,29-Sep-2026,2386,INE0ATZ01017
KROSS,EQ,260,267.93,251.94,261.83,260.71,260.23,849539,221303665.89,29-Sep-2026,18858,INE0O6601022
KRSNAA,EQ,540,559,529,553.6,556.05,534.05,158426,86334291.05,29-Sep-2026,5856,INE08LI01020
KRYSTAL,EQ,621.4,624,612,619.75,618.05,621.65,3889,2405681.70,29-Sep-2026,494,INE0QN801017
KSB,EQ,801.25,855,796.55,824.8,855,801.25,755002,618495225.60,29-Sep-2026,37237,INE999A01023
KSE,EQ,179.9,180.9,176,177.99,178.99,179.32,5760,1023259.68,29-Sep-2026,400,INE953E01022
KSHINTL,EQ,988,1035,985.25,1028.4,1026.2,984.55,216731,219511288.50,29-Sep-2026,19332,INE987S01020
KSHITIJPOL,BE,4.35,4.35,4.35,4.35,4.35,4.57,110597,481096.95,29-Sep-2026,365,INE013801027
KSOLVES,EQ,245.6,249.6,243.05,247.4,249.6,245.5,25013,6171384.10,29-Sep-2026,1697,INE0D6I01023
KSR,BE,37.1,38.15,35.25,37.56,38.15,37.1,18811,695003.38,29-Sep-2026,85,INE1SPP01016
KUANTUM,EQ,76.94,79.59,76,76.73,76.5,76.71,117773,9170692.43,29-Sep-2026,2825,INE529I01021
KUSUMGAR,EQ,619.9,628.85,600.05,606.25,605,617.35,228768,141118672.30,29-Sep-2026,22826,INE0ISX01025
KPL,EQ,3565.4,3691.4,3558.9,3625.1,3637,3576.9,18009,65352947.90,29-Sep-2026,3872,INE552U01010
KWIL,EQ,40.09,41.8,39.61,41,40.8,39.81,14145023,577949478.18,29-Sep-2026,38450,INE2KCE01013
LKPSEC,EQ,13.9,14.44,13.7,14.27,14.26,13.76,4705,66182.18,29-Sep-2026,99,INE341H01023
LTF,EQ,279.5,281.3,269.45,271.05,271.05,280.85,13974932,3814136324.50,29-Sep-2026,87146,INE498L01015
LTTS,EQ,3211.6,3227.3,3051.8,3081.6,3105,3211.6,114793,357508411.20,29-Sep-2026,23086,INE010V01017
LAOPALA,EQ,156,157.99,153.01,156.71,156.25,155.88,79146,12292145.64,29-Sep-2026,3445,INE059D01020
LADDERUP,BE,50.35,52.4,50.1,50.25,50.25,52.45,518,26123.74,29-Sep-2026,16,INE519D01015
LAGNAM,EQ,73.99,73.99,71.12,72.02,72,73.02,12935,932784.08,29-Sep-2026,90,INE548Z01017
LAHOTIOV,EQ,41,41,39.19,39.26,39.19,40.2,4167,165999.07,29-Sep-2026,12,INE515C01023
LFIC,EQ,130,132.9,129.06,129.51,129.5,131.49,1151,149101.97,29-Sep-2026,57,INE850E01012
LAKSHMIMIL,EQ,7600,7799.5,7500.5,7620,7620,7689.5,65,492457.00,29-Sep-2026,20,INE938C01019
LAKPRE,BZ,5.34,5.34,4.84,5.24,5.24,5.09,520,2639.09,29-Sep-2026,15,INE651C01018
LAKSHYA,SM,124.65,124.65,112.9,112.9,112.9,118.8,120800,14285640.00,29-Sep-2026,120,INE0VZS01015
LALITHAA,EQ,358,375,357.35,375,375,357.15,6239745,2327158396.65,29-Sep-2026,29775,INE0K9O01026
LAMBODHARA,EQ,137.79,137.99,131.5,135.41,137.99,135.19,14809,1979847.45,29-Sep-2026,424,INE112F01022
LAMOSAIC,ST,49,51.95,49,50,50,51,9000,447120.00,29-Sep-2026,9,INE0R0201012
LANCER,EQ,11.41,11.95,10.68,11.41,11.49,11.62,178590,2029990.92,29-Sep-2026,767,INE359U01028
LANCORHOL,BE,32.1,33.76,31.7,33.58,33.76,32.16,119497,3960706.27,29-Sep-2026,215,INE572G01025
LANDMARK,EQ,484,537.85,475,487,478,475.9,16779945,8720818518.65,29-Sep-2026,289779,INE559R01029
LPDC,EQ,6.14,6.53,6.14,6.22,6.25,6.41,66105,410249.43,29-Sep-2026,234,INE197J01017
LANDSMILL,EQ,0.85,0.88,0.76,0.88,0.88,0.74,18968243,15936001.86,29-Sep-2026,1780,INE688J01023
LT,EQ,3768,3791.8,3740.2,3749.1,3749.1,3766.4,2546475,9576747615.10,29-Sep-2026,135267,INE018A01030
LASERPOWER,EQ,263.9,273.7,257.15,270.45,269.05,262.4,755964,201430168.90,29-Sep-2026,13229,INE17IR01028
LATENTVIEW,EQ,241.5,244.5,234.25,235.5,235.1,241.6,1133664,268899451.45,29-Sep-2026,26640,INE0I7C01011
LATTEYS,EQ,20.75,20.95,20.33,20.59,20.51,20.75,29919,615924.49,29-Sep-2026,222,INE262Z01023
LAURUSLABS,EQ,2020.7,2024.9,1979,1979,1979,2010.7,2431575,4871453135.60,29-Sep-2026,65417,INE947Q01028
LAXMICOT,EQ,13.1,13.4,12.69,12.85,13.1,13.25,9658,128280.76,29-Sep-2026,59,INE801V01019
LAXMIDENTL,EQ,193.26,194.9,191.22,192.49,193,192.7,34056,6566729.78,29-Sep-2026,1305,INE0WO601020
LGHL,EQ,184.92,185,178,178.72,178,181.28,7220,1318120.88,29-Sep-2026,267,INE258Y01016
LAXMIINDIA,EQ,118.84,121,114.51,118.84,118.89,118.26,141482,16772506.04,29-Sep-2026,2532,INE06WU01026
LXCHEM,EQ,177.56,178.99,172.72,176.49,176.5,177.47,922542,162592312.72,29-Sep-2026,12694,INE576O01020
LCCINFOTEC,EQ,4.06,4.16,3.82,3.9,3.84,4.02,165072,660441.87,29-Sep-2026,264,INE938A01021
LCCPROJECT,EQ,149.5,152.5,148.12,150.82,150.7,149.35,1143036,172323087.05,29-Sep-2026,13014,INE1FPN01026
LEMERITE,EQ,19.15,20.3,19.01,19.95,20.19,20.01,618998,11968792.04,29-Sep-2026,697,INE0G1L01025
IXIGO,EQ,155.16,160.5,152.51,160.24,160,155.08,643712,101768431.82,29-Sep-2026,13354,INE0HV901016
LRRPL,SM,103,103.05,103,103.05,103.05,98.15,28500,2936475.00,29-Sep-2026,16,INE0H4B01011
LEAPIND,EQ,135,139.6,133.94,137.44,136.65,135.36,1202434,164732105.55,29-Sep-2026,16607,INE00GO01025
LEENEE,BE,7.54,7.9,7.3,7.58,7.58,7.57,7840,58293.15,29-Sep-2026,47,INE791B01014
THELEELA,EQ,549.45,572.15,522.15,533.6,538.25,547.9,1415534,766389713.75,29-Sep-2026,58315,INE0AQ201015
LEMONTREE,EQ,103.82,104.7,102,104.17,104.16,103.82,1918428,198766227.61,29-Sep-2026,21734,INE970X01018
LENSKART,EQ,655.2,682.6,648.3,674.6,674.9,655.2,6208921,4151861800.45,29-Sep-2026,119386,INE956O01016
LEXUS,EQ,12.44,12.44,11.32,11.82,11.8,12.18,25447,302543.78,29-Sep-2026,191,INE500X01013
LGBBROSLTD,EQ,1730.4,1742.5,1699.8,1730.1,1730,1730.6,26837,46268496.60,29-Sep-2026,3959,INE337A01034
LGEINDIA,EQ,1724,1743.9,1704.1,1739.2,1740,1730.7,622387,1077134855.80,29-Sep-2026,49415,INE324D01010
LIBAS,EQ,11.52,12.29,11.21,11.98,12,11.47,62782,736395.86,29-Sep-2026,301,INE908V01012
LIBERTSHOE,EQ,229.06,229.06,221.05,225.54,226.01,226.2,15992,3585592.22,29-Sep-2026,872,INE557B01019
LICHSGFIN,EQ,564.55,566.75,548.5,548.5,548.5,564.15,2870480,1606822761.65,29-Sep-2026,33040,INE115A01026
LICMFGOLD,EQ,132.6,132.7,130.75,131.75,132.45,132.2,36707,4835698.40,29-Sep-2026,553,INF767K01SM1
LICNETFN50,EQ,262.57,262.57,254.06,256.9,256.9,256.17,463,118379.91,29-Sep-2026,44,INF767K01OS7
LICNETFSEN,EQ,824,824,804.15,804.15,804.15,824.3,2,1628.15,29-Sep-2026,2,INF767K01OT5
LICNFNHGP,EQ,270.81,271.47,258,268.85,270.2,265.5,181,47996.40,29-Sep-2026,23,INF767K01PC8
LICNETFGSC,EQ,28.98,29.12,28.9,29.06,29.07,28.98,204722,5938845.82,29-Sep-2026,84,INF767K01MV5
LICNMID100,EQ,61.35,62.55,59.26,60.29,59.71,62.75,30506,1846210.66,29-Sep-2026,312,INF767K01RN1
LICI,EQ,400,401,390,390,390,400.65,9662972,3833953561.70,29-Sep-2026,72675,INE0J1Y01017
LIKHITHA,EQ,228.63,228.63,221,222.85,221,228.63,23060,5171332.69,29-Sep-2026,798,INE060901027
LINC,EQ,89.86,91.73,88,88.84,88.58,89.65,132429,11898868.28,29-Sep-2026,580,INE802B01027
LINCOLN,EQ,583,595.9,582,584.3,582.55,581.85,15006,8781025.35,29-Sep-2026,1005,INE405C01035
LINDEINDIA,EQ,6190,6335,6175,6199.5,6180,6191,32043,199734036.50,29-Sep-2026,9312,INE473A01011
LLOYDSENGG,EQ,95.97,103.45,95.1,102.19,102,95.97,39990276,4009046711.68,29-Sep-2026,146950,INE093R01011
LLOYDSENT,EQ,76.3,80.4,75.12,79.13,79,76.33,4987982,391306438.98,29-Sep-2026,31941,INE080I01025
LLOYDS,SM,57.1,60,57,60,60,60,8000,465100.00,29-Sep-2026,8,INE0DTQ01028
LLOYDSME,EQ,1840.3,1908.1,1822.7,1902.2,1894,1836.3,459165,862841640.20,29-Sep-2026,32649,INE281B01032
LMW,EQ,16967,17111,16761,16957,16939,16966,2629,44580911.00,29-Sep-2026,1132,INE269B01029
LODHA,EQ,1121,1128,1096.3,1106.6,1106.6,1117.1,7960815,8842409546.20,29-Sep-2026,64725,INE670K01029
LCL,EQ,571.35,589.1,564.25,581.65,580,570.2,282585,163610465.60,29-Sep-2026,19746,INE0QJW01029
LOKESHMACH,EQ,335,347.65,319,341.55,344,326.1,34155,11444679.85,29-Sep-2026,1523,INE397H01017
LORDSCHLO,EQ,151,151,139.01,140.34,142.4,148.2,26426,3755773.14,29-Sep-2026,982,INE846D01012
LAL,EQ,8.76,8.76,8.53,8.55,8.56,8.69,4755,41010.36,29-Sep-2026,61,INE740X01023
LOTUSCHO,EQ,556.1,567,544,554.55,555,564.2,5152,2842079.60,29-Sep-2026,407,INE026D01011
LOTUSEYE,EQ,115,117,112.62,113.2,114.84,114.78,11294,1289660.12,29-Sep-2026,223,INE947I01017
LOVABLE,EQ,70.99,71.78,69.75,71,71.29,70.21,8575,602839.00,29-Sep-2026,124,INE597L01014
LOYALTEX,EQ,210.1,212.99,206.25,207.28,206.25,211.73,475,98843.95,29-Sep-2026,21,INE970D01010
LTFOODS,EQ,407,413.8,401.2,402.8,402.5,408.5,351308,142852260.40,29-Sep-2026,19134,INE818H01020
LTM,EQ,4091.4,4183.6,3936,3936,3936,4091.4,1014142,4140116864.70,29-Sep-2026,63179,INE214T01019
LUMAXTECH,EQ,2032,2035.9,1972.3,2011.7,2016,2032,79524,159789653.40,29-Sep-2026,16543,INE872H01027
LUMAXIND,EQ,5651,5861.5,5607,5691.5,5622,5676,25442,146010982.00,29-Sep-2026,7656,INE162B01018
LUMINO,EQ,104.61,106.45,103.53,104.4,104.35,104.79,3576565,374837138.73,29-Sep-2026,20561,INE185Q01025
LUPIN,EQ,2076,2097.1,2052.1,2052.1,2052.1,2062,942745,1955185457.80,29-Sep-2026,48434,INE326A01037
LUXIND,EQ,1112.1,1130.9,1094.5,1103.6,1100,1124.6,19114,21224915.40,29-Sep-2026,2986,INE150G01020
LYKALABS,BE,82.46,82.46,82.46,82.46,82.46,84.14,1191,98209.86,29-Sep-2026,18,INE933A01014
MBEL,EQ,250.35,254.95,245.8,251.5,250.75,251.85,90202,22612741.85,29-Sep-2026,6096,INE08N601015
MKEXIM,EQ,69.99,69.99,65.65,66.72,67.69,69.35,9728,652012.54,29-Sep-2026,143,INE227F01010
MKPL,EQ,4.04,4.04,3.9,3.92,3.9,3.97,133265,525405.20,29-Sep-2026,413,INE964W01021
MCL,EQ,58.02,58.79,57.06,57.64,57.5,58.6,44594,2587076.49,29-Sep-2026,813,INE813V01022
M&MFIN,EQ,327,331.35,325.3,328.05,328.1,331.75,1791118,588236742.10,29-Sep-2026,52615,INE774D01024
MVKAGRO,SM,240,253.9,230.3,248.05,249,242.4,283800,68980080.00,29-Sep-2026,400,INE0SGC01015
MAANALU,EQ,102.9,102.9,99.76,100.62,100.51,100.86,25135,2534892.48,29-Sep-2026,648,INE215I01027
MCCHRLS-B,EQ,702,702,655,695.35,698.9,677.9,848,558492.50,29-Sep-2026,64,INE435D01014
MACOBSTECH,SM,192.05,194,190,193.25,192.5,195,9600,1845840.00,29-Sep-2026,11,INE0R0J01010
MACPOWER,EQ,2190,2190,2085.3,2128.1,2127,2194.6,55501,117568898.20,29-Sep-2026,8016,INE155Z01011
MADHAVIPL,EQ,7.4,7.6,7.21,7.41,7.45,7.39,57075,423871.45,29-Sep-2026,204,INE631R01026
MADHAV,EQ,35.1,35.5,34.2,34.81,35.4,35.82,107,3764.58,29-Sep-2026,20,INE925C01016
MADHUCON,EQ,4.14,4.14,3.88,4.05,4.05,3.99,18329,72648.49,29-Sep-2026,85,INE378D01032
MADHURKNIT,SM,51,53,50.2,52.25,52.9,50.3,90000,4631280.00,29-Sep-2026,56,INE1P5601010
MADHUSUDAN,ST,233.25,245.9,233.25,240,240.05,241.75,18000,4367400.00,29-Sep-2026,18,INE0P6701019
MBAPL,EQ,166,170.5,164.02,166.84,166.43,166.81,1701743,286155389.97,29-Sep-2026,16398,INE900L01028
MADRASFERT,EQ,60.4,60.4,58.11,58.55,58.5,59.18,29421,1723142.22,29-Sep-2026,915,INE414A01015
MAFATIND,EQ,115.3,116.99,115.2,115.29,115.2,115.41,17637,2043942.07,29-Sep-2026,504,INE270B01035
MAGADSUGAR,EQ,544.85,545.1,528.1,536.7,535,541.2,12714,6817705.05,29-Sep-2026,1033,INE347W01011
MCLOUD,EQ,23.96,26.2,23.52,25.12,25.35,23.95,10129306,256575867.89,29-Sep-2026,27319,INE613C01026
MAGNUM,EQ,19,19,18.52,18.57,18.52,18.88,6746,125595.65,29-Sep-2026,94,INE387I01016
MAGSON,SM,179.6,180.15,175,180.1,180.1,179.6,250000,44930050.00,29-Sep-2026,21,INE0O1S01012
MAHAPEXLTD,EQ,50.65,52.5,50.21,50.82,50.22,51.08,5068,261158.64,29-Sep-2026,85,INE843B01013
MFML,EQ,18.11,19.51,18.11,18.46,19.22,18.46,1442,27558.34,29-Sep-2026,27,INE0US801024
MHLXMIRU,BE,174.41,179,172.08,176.39,176.88,173.55,10221,1795253.79,29-Sep-2026,93,INE112D01035
MAHASTEEL,BE,1193.9,1211,1180.2,1201.6,1198.8,1224.6,347,415370.80,29-Sep-2026,45,INE451L01014
MGL,EQ,1048.8,1063.5,1035,1050.5,1050,1048.8,113670,119514598.20,29-Sep-2026,15859,INE002S01010
MTNL,EQ,22.62,23.32,22.57,23.18,23.2,22.94,691310,15903971.88,29-Sep-2026,3233,INE153A01019
MAHSCOOTER,EQ,12804,12804,12110,12341,12299,12804,33036,406960936.00,29-Sep-2026,13333,INE288A01013
MAHSEAMLES,EQ,710.8,726.65,698,721.85,726,714.35,534025,381700632.45,29-Sep-2026,25606,INE271B01025
MAHESHWARI,EQ,72,74.5,70.8,73.53,74.5,71.61,15307,1110955.83,29-Sep-2026,61,INE263W01010
MAHICKRA,SM,299.95,300,285.1,295,300,301,2250,663787.50,29-Sep-2026,3,INE961Y01015
M&M,EQ,2986,2991,2947.8,2947.8,2947.8,2995,3270487,9694963608.80,29-Sep-2026,142409,INE101A01026
MAHEPC,EQ,98.9,98.9,95.3,96.78,96.54,97.06,12834,1240095.95,29-Sep-2026,504,INE215D01010
MHRIL,EQ,195.92,196.82,192.85,194.49,195,195.92,55373,10782436.55,29-Sep-2026,2699,INE998I01010
MAHLIFE,EQ,361,364.1,354.4,361,359.45,363.1,88650,31942198.80,29-Sep-2026,4429,INE813A01018
MAHLOG,EQ,420.1,436.4,415.8,425.7,424,421.8,458867,197058018.15,29-Sep-2026,18881,INE766P01016
MAITHANALL,EQ,940,941.45,921.55,928.2,925,939,39509,36737769.95,29-Sep-2026,3700,INE683C01011
MAITREYA,SM,108,109.5,107.3,109.05,108.75,112.15,2000,217000.00,29-Sep-2026,5,INE0PLQ01011
MAJESAUT,BE,366.35,366.35,355.6,364.65,361.05,362.75,704,254509.55,29-Sep-2026,63,INE201B01022
MAKERSL,EQ,180.05,188.3,179.99,181.38,181.4,181.13,1347,243718.99,29-Sep-2026,189,INE987A01010
MALLCOM,EQ,937.7,949.55,935,939.65,938.8,937.9,535,503630.75,29-Sep-2026,115,INE389C01015
MALUPAPER,EQ,31.7,32.29,31.25,31.68,31.65,31.9,6545,206851.09,29-Sep-2026,118,INE383H01017
MAMATA,EQ,400,407.95,392,399.5,397.35,401.2,54563,21809596.65,29-Sep-2026,3390,INE0TO701015
MANAKCOAT,EQ,125.54,128.59,125.13,127.29,127.11,125.54,216998,27547461.51,29-Sep-2026,2317,INE830Q01018
MANINDS,EQ,950.1,970.2,900.15,959.6,960,953.35,1000872,944118298.90,29-Sep-2026,43385,INE993A01026
MANINFRA,EQ,126.95,130,125.11,127.9,127.6,127.43,2651032,337585925.80,29-Sep-2026,15911,INE949H01023
MANAKALUCO,EQ,35.4,35.4,34.1,34.71,35.35,34.39,34937,1202660.90,29-Sep-2026,476,INE859Q01017
MANAKSIA,EQ,60.02,62.4,58.53,61.66,62.4,60.19,78476,4755016.60,29-Sep-2026,2224,INE015D01022
MANAKSTEEL,BE,109.9,115.63,107.2,112.57,114.5,110.13,45890,5198672.44,29-Sep-2026,496,INE824Q01011
MANALIPETC,EQ,82.09,82.44,78.82,80.18,80.05,82.02,1173799,94374219.57,29-Sep-2026,11001,INE201A01024
MANAPPURAM,EQ,312.5,317.8,308.55,316.45,316.45,313,9763639,3066157657.80,29-Sep-2026,54758,INE522D01027
MPEL,SM,27.8,27.8,25.2,27.8,27.8,26.5,91200,2471360.00,29-Sep-2026,45,INE0U4H01011
MANBA,EQ,137.11,140.89,136.5,136.52,136.5,137.68,206749,28508403.54,29-Sep-2026,1713,INE939X01013
MANDEEP,SM,17.8,17.8,17.8,17.8,17.8,18.05,2000,35600.00,29-Sep-2026,1,INE0R3T01013
MANCREDIT,EQ,216,220,213.82,217.36,220,217.4,150144,32756153.12,29-Sep-2026,2104,INE545L01039
MEIL,EQ,269.35,269.35,261.2,266.4,263.4,269.35,37214,9853330.35,29-Sep-2026,1424,INE0PKD01011
MAL,ST,40.05,40.05,40.05,40.05,40.05,41.75,1600,64080.00,29-Sep-2026,1,INE00C401011
MANGLMCEM,EQ,1000,1023,981.7,985.8,982.2,1000.5,47664,47456923.60,29-Sep-2026,2968,INE347A01017
MANGALAM,EQ,30.5,32.19,30.11,31.39,31.67,30.9,30962,967635.64,29-Sep-2026,469,INE584F01014
MGEL,EQ,16.08,16.2,15.55,16.11,16.14,15.97,591494,9448597.41,29-Sep-2026,900,INE0APB01032
MANORG,EQ,452.15,459.7,445,447.7,446,446.55,4540,2048485.80,29-Sep-2026,296,INE370D01013
MWL,EQ,43.76,44.89,43.06,43.4,43.5,43.46,396017,17434714.29,29-Sep-2026,3401,INE0JYY01029
MIEL,SM,13.6,13.85,13.6,13.7,13.7,13.2,12000,164400.00,29-Sep-2026,6,INE0R3101011
MANIKA,BE,41,42.2,40,41.83,41.5,41.37,315655,13090684.40,29-Sep-2026,1130,INE0KWF01020
MANIPALHOS,EQ,719.9,760,717.1,747.75,746,722.5,1423408,1058241309.60,29-Sep-2026,49052,INE459N01021
MPIMANIPAL,EQ,393.7,458,388.7,417.4,418,387.1,13139195,5613288749.70,29-Sep-2026,233621,INE241U01028
MANKIND,EQ,2436.8,2559,2436.8,2545,2545,2435.6,1973968,4981010969.80,29-Sep-2026,84454,INE634S01028
MVGJL,EQ,216.3,219.54,207,212.6,211.5,215.94,172011,36571425.10,29-Sep-2026,4612,INE0KNT01012
MANOMAY,EQ,230.9,238,229.18,236.46,232.65,228.58,363665,85316737.76,29-Sep-2026,9669,INE784W01015
MANORAMA,EQ,1865.1,1895.4,1832.5,1863.5,1865,1865.1,162648,303634581.50,29-Sep-2026,21307,INE00VM01036
MANUGRAPH,BE,17.89,17.89,17.89,17.89,17.89,18.83,15910,284629.90,29-Sep-2026,73,INE867A01022
MARALOVER,EQ,61.29,64.75,60,61.09,60.8,59.37,23652,1464109.48,29-Sep-2026,281,INE882A01013
MARATHON,EQ,389.65,400,382.2,384.9,384.95,392.8,56359,21856202.75,29-Sep-2026,2916,INE182D01020
MARC,ST,147.9,148,147.9,147.95,148,148,2400,355080.00,29-Sep-2026,2,INE0TD401015
MARCO,SM,30.85,30.85,28.65,29.25,29.3,28.2,25500,754125.00,29-Sep-2026,14,INE0QP001012
MARICO,EQ,805.1,809.1,787.15,787.15,787.15,813.25,1626109,1300094936.55,29-Sep-2026,37295,INE196A01026
MARINE,EQ,429.3,444.5,423,438.25,436.85,428.2,1949017,851370417.25,29-Sep-2026,50954,INE01JE01028
MARINETRAN,ST,14.5,14.5,14.5,14.5,14.5,13.85,4000,58000.00,29-Sep-2026,1,INE0P1P01017
MARKOLINES,EQ,168.61,168.78,165.1,167.82,168.05,168.21,83177,13945865.31,29-Sep-2026,1075,INE0FW001016
MARKSANS,EQ,333,347.4,332.95,342.75,341,331.55,4594619,1573535696.35,29-Sep-2026,78865,INE750C01026
MARSONS,EQ,120.13,121.9,117.5,117.96,118.18,120.13,1466921,174949103.46,29-Sep-2026,11222,INE415B01044
MARUTI,EQ,12046,12046,11831,11877,11877,12008,519770,6199032058.00,29-Sep-2026,60480,INE585B01010
MASFIN,EQ,279,287,273.15,281.4,277,279.1,224150,62326184.30,29-Sep-2026,8910,INE348L01012
MASKINVEST,EQ,148,148.79,141.71,147.18,141.71,141.71,57,8393.57,29-Sep-2026,6,INE885F01015
MASON,SM,106.7,108.5,104,107.25,107.05,108,9000,956525.00,29-Sep-2026,16,INE0SH001010
MASTEK,EQ,1559.8,1569,1518,1523.4,1522,1555.9,56384,86561534.80,29-Sep-2026,11873,INE759A01021
MASTER,SM,395,399,375,390,390,392,3500,1369000.00,29-Sep-2026,7,INE0OJM01017
MASTERTR,EQ,82.5,83.66,81.95,83.11,82.51,83.13,120809,10003273.40,29-Sep-2026,822,INE677D01037
MATRIMONY,EQ,524.9,530.95,511,519.25,515,521.35,11775,6166277.95,29-Sep-2026,569,INE866R01028
MGSL,SM,63,63.3,59.5,63.25,63.25,63.95,94800,5832780.00,29-Sep-2026,70,INE132901013
MAWANASUG,EQ,146.5,147.65,141.7,145.05,144,145.9,302819,43824876.22,29-Sep-2026,4729,INE636A01039
MAXESTATES,EQ,574.9,576.95,559.4,569.25,570,571.85,80560,45719531.70,29-Sep-2026,4952,INE03EI01018
MFSL,EQ,1459.9,1459.9,1381,1392.4,1392.4,1444,955322,1332896515.90,29-Sep-2026,62576,INE180A01020
MAXHEALTH,EQ,993,1000.1,979,982.1,982.1,1000.1,2611378,2581151232.00,29-Sep-2026,47114,INE027H01010
MAXIND,EQ,153.27,162,152.75,160.24,162,155.35,144805,22718233.50,29-Sep-2026,2312,INE0CG601016
MAXPOSURE,SM,37.25,38.2,37,37.95,37.95,37.55,8000,300650.00,29-Sep-2026,8,INE0ECC01022
MAXVOLT,SM,447,459.8,442.05,447.25,448,447.15,53200,23836700.00,29-Sep-2026,122,INE10A501018
MAYURUNIQ,EQ,717.05,739.5,708.95,727.25,725,717.05,74060,53906066.60,29-Sep-2026,5518,INE040D01038
MAZDOCK,EQ,2136,2137.4,2087.1,2087.1,2087.1,2138,738710,1554842645.30,29-Sep-2026,37590,INE249Z01020
MAZDA,BE,285.55,294.8,272.5,288.9,289,285.15,46614,13492837.95,29-Sep-2026,614,INE885E01042
MBLINFRA,EQ,20.8,21.84,20.71,21.77,21.84,20.8,141641,3054596.58,29-Sep-2026,363,INE912H01013
MCLEODRUSS,EQ,42.92,44.18,42.92,43.56,43.7,43.67,185587,8081374.92,29-Sep-2026,1435,INE942G01012
MBECL,BE,474.83,474.83,472.32,474.83,474.83,465.52,3657,1736424.78,29-Sep-2026,100,INE748A01024
MCON,SM,38.75,40.95,38.75,40.95,40.95,39.5,8000,314900.00,29-Sep-2026,6,INE0O4M01019
MEDIASSIST,EQ,308,310.35,303,306.7,306.35,307.75,251204,77224632.65,29-Sep-2026,9950,INE456Z01021
MEDICAPQ,BE,25.97,26.48,25.97,26.48,26.48,25.22,6188,163456.06,29-Sep-2026,19,INE442D01010
MMWL,EQ,14.9,14.9,13.99,14.12,14.01,14.56,4355,62007.20,29-Sep-2026,99,INE200D01020
MEDICAMEQ,BE,330,330,317.5,322,323.9,326.95,24859,8019099.60,29-Sep-2026,213,INE646B01010
MEDIORG,SM,23.95,24.05,23.95,24.05,24.05,22.95,24000,577000.00,29-Sep-2026,7,INE0PE401018
MEDICO,EQ,22.51,23.69,20.47,21.84,22,22.3,1914068,41927580.71,29-Sep-2026,8177,INE630Y01024
MEDISTEP,SM,21.2,21.2,21.2,21.2,21.2,21.5,3000,63600.00,29-Sep-2026,1,INE0UOY01019
MEDPLUS,EQ,656,657.55,652,654,653,653,90377,59131982.70,29-Sep-2026,10141,INE804L01022
MEESHO,EQ,216.83,226.41,211.77,223.21,222.49,216.83,31046538,6817180946.10,29-Sep-2026,205592,INE0VDM01015
MEGASTAR,EQ,262,271.9,236.05,253.15,252.1,248.3,19735,5072268.55,29-Sep-2026,813,INE00EM01016
MEGATHERM,SM,251.2,252.95,246,248,248,251.2,8800,2188360.00,29-Sep-2026,21,INE531R01010
MOL,EQ,56.9,57.88,56.05,57.27,56.91,56.96,538823,30728728.84,29-Sep-2026,4612,INE0CT101020
MIIL,EQ,697,702,676.65,692.05,698.9,686.65,59879,40950891.65,29-Sep-2026,1562,INE898Q01015
MENONBE,EQ,289.5,304.45,275,291.1,293.9,290.85,161630,46558049.90,29-Sep-2026,2719,INE071D01033
MENNPIS,BE,71,72.8,70.25,72.04,72.5,72.05,11658,833525.42,29-Sep-2026,130,INE650G01029
MEP,BZ,0.68,0.68,0.68,0.68,0.68,0.67,2709,1842.12,29-Sep-2026,7,INE776I01010
MERCANTILE,EQ,22.02,22.7,22,22.14,22,23.16,434,9585.98,29-Sep-2026,18,INE689O01013
MERCURYEV,EQ,38.37,38.92,36.27,38.69,38.7,38.93,192944,7327726.95,29-Sep-2026,2122,INE763M01028
METALIC,ST,182.8,182.8,178.6,178.6,178.6,188,33600,6045120.00,29-Sep-2026,20,INE1II801013
METROBRAND,EQ,879,881.9,856.05,872.15,872.75,875.15,17677,15340218.70,29-Sep-2026,3895,INE317I01021
METROGLOBL,EQ,131.99,132,127.1,131.9,127.52,130,461,59866.82,29-Sep-2026,20,INE085D01033
METROPOLIS,EQ,572.85,580.85,560.2,562.3,565,572.3,249077,140991975.50,29-Sep-2026,15226,INE112L01020
MICEL,BE,34.68,36,34.68,36,36,35.38,167265,5882672.54,29-Sep-2026,482,INE287C01037
MICROPRO,SM,18,18,18,18,18,18,1600,28800.00,29-Sep-2026,1,INE0PZK01014
MIDWESTLTD,EQ,895.1,901.1,869,877,869.5,899.9,60800,53733882.60,29-Sep-2026,5622,INE0XAD01024
MLKFOOD,EQ,84.06,85,80,84.24,84.35,83.65,8471,697832.21,29-Sep-2026,264,INE588G01021
MILKYMIST,BE,306.2,320.25,305,317.99,318,315.12,1348570,419116841.43,29-Sep-2026,15911,INE00IT01020
MINALIND,BE,4.5,4.5,4.5,4.5,4.5,4.59,1928,8676.00,29-Sep-2026,16,INE097E01028
MINDACORP,EQ,670,678.25,661,672.75,674,673,509602,342276852.95,29-Sep-2026,41740,INE842C01021
MINDSPACE,RR,506.4,508.68,495,495.83,496.5,504.48,274850,137533444.30,29-Sep-2026,8851,INE0CCU25019
MINDTECK,EQ,152.61,156.5,150.8,153.34,152.15,153.62,18274,2804677.37,29-Sep-2026,762,INE110B01017
ALPHAETF,EQ,26.06,26.06,25.17,25.4,25.4,25.43,614197,15556585.75,29-Sep-2026,1154,INF769K01KU7
BANKETF,EQ,554.39,554.84,548.7,553.83,552.84,556.29,95277,52620483.15,29-Sep-2026,1192,INF769K01KR3
BANKPSU,EQ,81.1,81.11,80,80.9,80.54,81.1,10321,832653.07,29-Sep-2026,145,INF769K01LZ4
CONSUMER,EQ,11.42,11.53,11.31,11.34,11.33,11.42,126063,1429865.66,29-Sep-2026,371,INF769K01NS5
DEFENCE,EQ,76.96,77.44,76.11,76.93,76.48,76.95,168380,12926446.00,29-Sep-2026,877,INF769K01QC2
DIVIDEND,EQ,34.31,34.31,33.88,33.99,34,34.35,10827,368314.05,29-Sep-2026,119,INF769K01PY8
ENERGY,EQ,37,37.37,36.56,36.95,36.87,37,189506,6976854.77,29-Sep-2026,1212,INF769K01PR2
EQUAL200,EQ,13.12,13.19,13.04,13.13,13.15,13.23,33768,443470.22,29-Sep-2026,92,INF769K01OA1
EQUAL50,EQ,313.52,315.6,313.18,314.93,314.92,316.38,3465,1090375.04,29-Sep-2026,46,INF769K01OO2
EVINDIA,EQ,31.6,31.6,30.55,30.69,30.64,30.98,214872,6603463.74,29-Sep-2026,1777,INF769K01LQ3
HEALTHCARE,EQ,21.71,21.81,21.6,21.71,21.68,21.63,24708,536059.04,29-Sep-2026,186,INF769K01QA6
HYBRIDETF,EQ,9.82,9.84,9.8,9.84,9.84,9.8,10486,102904.34,29-Sep-2026,42,INF769K01RJ5
INFRA,EQ,11.49,11.52,11.39,11.48,11.46,11.5,39577,453678.68,29-Sep-2026,185,INF769K01QB4
INTERNET,EQ,13.91,13.91,13.5,13.68,13.67,13.92,479174,6522058.51,29-Sep-2026,530,INF769K01PB6
ITETF,EQ,29.87,30.45,29.19,29.35,30.45,29.87,447506,13182236.31,29-Sep-2026,1235,INF769K01KV5
LARGEMID50,EQ,34.58,34.62,34.35,34.54,34.54,34.69,5096,176173.07,29-Sep-2026,30,INF769K01RK3
LIQUID,EQ,999.99,1000,999.99,999.99,1000,999.99,319932,319930115.18,29-Sep-2026,197,INF769K01KS1
LIQUIDPLUS,EQ,1106.75,1110.62,1105.23,1105.23,1105.25,1105.09,560381,619359876.40,29-Sep-2026,292,INF769K01MY5
ESG,EQ,39,39,38.73,38.87,38.86,39.1,8601,333687.32,29-Sep-2026,59,INF769K01GS9
MAFANG,EQ,241.35,243.44,231.08,238.14,239.98,236.35,450616,107361290.77,29-Sep-2026,9892,INF769K01HF4
BFSI,EQ,25.22,26.4,25.22,25.58,25.63,25.69,265239,6760634.04,29-Sep-2026,986,INF769K01HI8
GOLDETF,EQ,142.12,143.63,141.12,142.06,142.99,143.02,1407805,199910234.86,29-Sep-2026,11665,INF769K01JP9
GSEC10YEAR,EQ,30.1,30.1,29.75,29.81,29.81,30.1,5045,150620.32,29-Sep-2026,23,INF769K01KF8
MAHKTECH,EQ,21.93,22.08,21.61,21.9,21.98,21.94,521137,11410600.51,29-Sep-2026,3661,INF769K01HS7
MIDCAPETF,EQ,22.65,22.65,22.35,22.44,22.39,22.58,2885175,64821970.84,29-Sep-2026,7832,INF769K01IC9
MAKEINDIA,EQ,160.83,160.83,157.75,158.6,158.09,159.19,37833,5992149.91,29-Sep-2026,534,INF769K01IB1
NIFTYETF,EQ,248.88,248.88,245.5,247.15,247.48,248.49,719461,177429892.57,29-Sep-2026,2309,INF769K01EG9
LOWVOL,EQ,195.08,195.39,194.4,195.1,195.1,195.72,1124,219139.32,29-Sep-2026,28,INF769K01JU9
NEXT50,EQ,730.65,730.66,718.5,721.7,719.05,727.01,81627,59151427.83,29-Sep-2026,4220,INF769K01FN2
SILVERAG,EQ,214,214.06,212.17,213.24,213.09,214.33,196016,41779320.95,29-Sep-2026,2038,INF769K01KG6
MASPTOP50,EQ,96.57,101,96.31,99.5,99.9,98.54,546525,53771067.16,29-Sep-2026,6936,INF769K01HP3
METAL,EQ,13.28,13.28,12.37,13.02,13.01,12.96,1791595,23263877.85,29-Sep-2026,5422,INF769K01LY7
MIDSMALL,EQ,50.26,50.39,49.75,49.98,49.95,50.25,254332,12719885.86,29-Sep-2026,983,INF769K01LJ8
MOMMIDCAP,EQ,12.51,12.58,12.41,12.51,12.48,12.51,1369326,17114119.79,29-Sep-2026,525,INF769K01RC0
MULTICAP,EQ,16.38,16.38,15.86,15.96,15.96,16.06,364187,5824548.84,29-Sep-2026,791,INF769K01LX9
SELECTIPO,EQ,47.23,47.23,45.8,46.32,46.37,46.31,61455,2834479.27,29-Sep-2026,173,INF769K01ON4
SENSEXETF,EQ,75.12,75.13,74.48,74.91,74.96,75.25,49424,3698265.88,29-Sep-2026,470,INF769K01KT9
SMALL250,EQ,17.94,18.6,17.73,17.9,17.77,17.94,661963,11820268.27,29-Sep-2026,943,INF769K01PQ4
SMALLCAP,EQ,47.58,48.98,47.35,47.72,47.69,47.89,1606755,76764040.66,29-Sep-2026,4697,INF769K01LC3
TOP20,EQ,8.43,8.43,8.36,8.39,8.38,8.45,74222,622995.52,29-Sep-2026,211,INF769K01PZ5
VALUE,EQ,15.47,15.47,15.3,15.4,15.38,15.48,37094,569613.16,29-Sep-2026,123,INF769K01QV2
MIRZAINT,EQ,29,29,28,28.09,28.13,28.68,100699,2840097.77,29-Sep-2026,872,INE771A01026
MIDHANI,EQ,412.3,427,406.05,419.1,419.5,416,937182,392393394.30,29-Sep-2026,26955,INE099Z01011
MITCON,EQ,82,85.5,79,82.66,82.52,83.2,82800,6791774.74,29-Sep-2026,152,INE828O01033
MITTAL,EQ,0.72,0.73,0.71,0.72,0.73,0.71,626550,451228.64,29-Sep-2026,244,INE997Y01027
MMFL,EQ,604,617.5,596.2,612.5,614.2,604.5,48405,29428725.45,29-Sep-2026,3488,INE227C01017
MMP,EQ,452.25,461.65,442.7,447.55,445,452.25,88251,39897931.45,29-Sep-2026,4214,INE511Y01018
MMTC,EQ,56.1,57.68,55.72,56.76,56.57,56.4,1284719,72855543.23,29-Sep-2026,13116,INE123F01029
MOBILISE,SM,98.35,98.35,98.35,98.35,98.35,103.45,3200,314720.00,29-Sep-2026,2,INE1YNB01019
MODTHREAD,EQ,47.8,47.98,47.19,47.19,47.2,47.75,2325,110656.93,29-Sep-2026,24,INE794W01014
MODINATUR,EQ,339.7,347.9,333.25,339.65,339.15,338.6,2579,876687.80,29-Sep-2026,147,INE537F01012
MODIRUBBER,EQ,120.9,122.5,111,121.89,122.1,121,5863,695528.52,29-Sep-2026,133,INE832A01018
MODIS,EQ,360.1,373,356.1,367.15,368,362.85,59405,21915023.70,29-Sep-2026,1210,INE0L0L01012
MODISONLTD,BE,427.75,449.95,423.75,447.75,446.2,429.7,53456,23216099.05,29-Sep-2026,760,INE737D01021
MHHL,SM,32.5,32.5,32.5,32.5,32.5,33.15,1500,48750.00,29-Sep-2026,1,INE450S01011
MOHITIND,EQ,23,23.48,22.63,22.97,23,22.89,11464,263681.36,29-Sep-2026,31,INE954E01012
MOHITE,EQ,2.46,2.54,2.37,2.53,2.53,2.4,25190,61754.42,29-Sep-2026,95,INE154B01023
MOIL,EQ,242.75,244.5,237.1,243.96,244,242.05,474777,114764379.36,29-Sep-2026,10798,INE490G01020
MOKSH,EQ,10,10,9.51,9.6,9.51,9.8,71208,687934.47,29-Sep-2026,339,INE514Y01020
MOLBIO,EQ,1231.2,1275,1221,1255.6,1272,1237.5,435362,544080935.80,29-Sep-2026,26820,INE869T01028
MOLDTKPAC,EQ,650,653.05,637,642.95,639,649.4,52648,33852195.30,29-Sep-2026,5224,INE893J01029
MOLDTECH,BE,202,207.15,197.65,201.49,202.78,197.29,34982,7050707.69,29-Sep-2026,510,INE835B01035
MONARCH,EQ,348.05,352.05,334.75,343.05,344.9,350.1,93763,32156722.90,29-Sep-2026,2337,INE903D01011
MONEYBOXX,EQ,49.84,51.08,46.22,51.08,51.08,48.65,101060,4930159.26,29-Sep-2026,255,INE296Q01012
MONOPHARMA,SM,8.55,8.55,8.55,8.55,8.55,9,4000,34200.00,29-Sep-2026,2,INE0OIP01012
MONOLITH,SM,1213,1286,1190.15,1279.75,1260,1223.65,54000,68112237.50,29-Sep-2026,174,INE1DV401010
MONTECARLO,EQ,515.75,519.85,509,516.75,515.2,514.05,32099,16508662.45,29-Sep-2026,1656,INE950M01013
MOREPENLAB,EQ,120.8,122.69,117.37,118.8,118.87,120.71,12759041,1527023006.86,29-Sep-2026,50923,INE083A01026
MOS,SM,7.35,7.35,7.25,7.25,7.25,7.6,208000,1511000.00,29-Sep-2026,32,INE0N7S01028
MOSCHIP,EQ,199.61,201.49,195.3,198.47,198.5,200.21,1162679,230687950.83,29-Sep-2026,20404,INE935B01025
MSUMI,EQ,34.8,34.87,33.93,34.36,34.37,34.8,8000741,275538958.83,29-Sep-2026,41803,INE0FS801015
MOM100,EQ,64.83,65.19,63.97,64.55,64.59,64.83,403190,25949995.04,29-Sep-2026,3386,INF247L01023
MON100,EQ,320.62,328,318.18,319.64,318.99,323.86,1057693,340458260.21,29-Sep-2026,19808,INF247L01AP3
MOTILALOFS,EQ,1002,1013.8,995.5,996.2,996.2,1011.6,873780,876937923.10,29-Sep-2026,25721,INE338I01027
MOM50,EQ,241.95,241.95,237,239.16,239.05,239.55,4690,1116536.21,29-Sep-2026,136,INF247L01536
MOGSEC,EQ,65.12,65.3,64.65,64.66,64.67,64.51,5204,337813.29,29-Sep-2026,82,INF247L01AK4
MOALPHA50,EQ,54.65,56.5,52.79,54.9,54.85,54.64,18602,1010396.06,29-Sep-2026,189,INF247L01FR8
MOBANK10,EQ,16.38,16.48,15.9,16.04,16.19,16.2,1562,25080.94,29-Sep-2026,69,INF247L01GV8
MOCAPITAL,EQ,53.01,53.01,51.2,51.55,51.6,51.77,714705,36878147.65,29-Sep-2026,3448,INF247L01EV3
MODEFENCE,EQ,101.6,101.76,99.81,101.29,101.5,101.45,1106009,111414586.78,29-Sep-2026,10216,INF247L01DJ0
MOENERGY,EQ,37.04,37.48,36.31,36.92,36.76,37.05,93404,3432499.58,29-Sep-2026,773,INF247L01GH7
MOGOLD,EQ,145.45,145.45,143.65,144.45,144.45,145.05,17008,2458118.50,29-Sep-2026,351,INF247L01FY4
MOHEALTH,EQ,50.78,52.89,50.78,52.21,52.22,52.09,27494,1430996.00,29-Sep-2026,519,INF247L01BB1
MOINFRA,EQ,56.88,56.88,56,56.62,56.74,56.77,4097,230810.37,29-Sep-2026,75,INF247L01FL1
MOIPO,EQ,46.36,46.59,45.22,46.43,46.43,46.36,4149,191827.43,29-Sep-2026,35,INF247L01GI5
MOLOWVOL,EQ,34.71,34.71,33.62,34.57,34.57,34.75,1001288,34216144.80,29-Sep-2026,187,INF247L01BL0
MOMENTUM50,EQ,52.05,52.76,52.01,52.47,52.74,52.45,856684,44819663.90,29-Sep-2026,16572,INF247L01DK8
MOMETAL,EQ,12.9,13.43,12.6,13.02,13,12.7,19366,248712.70,29-Sep-2026,67,INF247L01HG7
MOMGF,EQ,157.08,157.08,152.55,155.86,155.9,156.3,830,128371.92,29-Sep-2026,38,INF247L01FK3
MOMIDMTM,EQ,62.22,62.95,61.6,61.96,62.15,62.22,46592,2894292.77,29-Sep-2026,390,INF247L01FQ0
MOMNC,EQ,31.03,31.03,30,30.67,30.66,30.88,1394,42301.63,29-Sep-2026,30,INF247L01GK1
MOMOMENTUM,EQ,60.3,60.38,59.3,60.34,59.8,59.82,162377,9719517.63,29-Sep-2026,472,INF247L01BK2
MON50EQUAL,EQ,31.6,32.26,31.45,31.74,31.73,31.78,16116,509530.84,29-Sep-2026,109,INF247L01FC0
MONEXT50,EQ,70.39,70.95,69.3,70.31,70.34,70.39,3769,264203.65,29-Sep-2026,69,INF247L01FD8
MONIFTY100,EQ,24.43,24.43,23.92,24.08,24.11,24.19,22657,544638.74,29-Sep-2026,98,INF247L01GG9
MONIFTY500,EQ,22.97,22.99,22.58,22.79,22.78,22.88,648591,14721313.08,29-Sep-2026,2043,INF247L01BU1
MONQ50,EQ,194,194.7,179.61,188.41,188.39,188.62,841441,157930008.58,29-Sep-2026,16340,INF247L01AU3
MOOILGAS,EQ,10.85,10.95,10.52,10.72,10.68,10.84,6786,72247.58,29-Sep-2026,80,INF247L01HH5
MOPSE,EQ,94.1,98,94.1,96.74,96.24,96.15,1470,141052.05,29-Sep-2026,25,INF247L01FO5
MOQUALITY,EQ,194,194,186.53,188.62,189.12,191.33,10959,2071711.41,29-Sep-2026,102,INF247L01BH8
MOREALTY,EQ,85.34,85.58,84.27,84.51,84.9,85.33,249162,21114517.08,29-Sep-2026,1840,INF247L01CI4
MOSERVICE,EQ,29.38,29.4,29.1,29.32,29.4,29.24,4597,134705.28,29-Sep-2026,62,INF247L01GJ3
MOSILVER,EQ,217.02,217.98,215.7,216.31,217.07,217.92,24908,5389720.35,29-Sep-2026,1388,INF247L01FZ1
MOSMALL250,EQ,18,18.1,17.75,17.92,17.85,18,1164979,20870353.27,29-Sep-2026,2782,INF247L01CH6
MOTOUR,EQ,75.25,76.97,74.48,75.66,75.49,75.95,10272,775188.05,29-Sep-2026,193,INF247L01FP2
MOVALUE,EQ,109.6,109.6,106.71,107.9,107.54,108.52,59763,6419457.98,29-Sep-2026,1048,INF247L01BE5
MOTISONS,EQ,18.08,18.2,17.5,17.62,17.55,18.04,38419101,681863187.29,29-Sep-2026,33495,INE0FRK01020
MOTOGENFIN,EQ,26.65,26.65,25.5,25.57,25.58,25.7,14323,369585.26,29-Sep-2026,37,INE861B01023
MPDL,BE,26.52,27.98,25.32,27.98,27.98,26.65,1986,54671.66,29-Sep-2026,10,INE493H01014
MPHASIS,EQ,2238,2238.9,2154.4,2154.4,2154.4,2237.5,420858,922313002.50,29-Sep-2026,22820,INE356A01018
MPSLTD,EQ,2611,2684.8,2601.1,2634.7,2639,2631.7,12743,33664569.00,29-Sep-2026,1701,INE943D01017
MRF,EQ,123550,124290,122750,123080,123000,123425,2824,347893945.00,29-Sep-2026,1981,INE883A01011
MRPL,EQ,169.5,177.49,168.06,171.65,171.99,169.8,15901075,2764192148.10,29-Sep-2026,102050,INE103A01014
BECTORFOOD,EQ,211.47,212.94,207.39,208.7,209,211.52,454443,95261076.89,29-Sep-2026,13185,INE495P01020
MSPL,EQ,32.76,34.85,32.64,33.55,34,32.99,1388148,46800971.48,29-Sep-2026,3928,INE752G01015
MSTCLTD,EQ,711.95,719.95,705.5,713.05,715.95,710.4,158293,112887285.75,29-Sep-2026,14866,INE255X01014
MTEDUCARE,BE,1.75,1.75,1.68,1.7,1.7,1.76,6614,11161.37,29-Sep-2026,19,INE472M01018
MTARTECH,BE,6851,7426,6840,7426,7426,7072.5,352250,2573257378.00,29-Sep-2026,30476,INE864I01014
MUFIN,EQ,129.5,133.99,127.9,132.15,131.79,130.16,2236803,294859996.86,29-Sep-2026,7601,INE08KJ01020
MUKANDLTD,EQ,170.4,174.2,165.41,172.49,173.5,171.03,821432,140500884.54,29-Sep-2026,12834,INE304A01026
MUKKA,BE,26.91,26.99,26.25,26.33,26.44,26.91,140377,3713103.63,29-Sep-2026,682,INE0CG401037
MUKTAARTS,EQ,56.89,56.89,55.11,56.57,56.74,57.12,513,28665.95,29-Sep-2026,18,INE374B01019
MCX,EQ,3248,3344,3232,3232,3232,3263.5,2094968,6915363663.70,29-Sep-2026,134527,INE745G01043
MUNISH,SM,90,90,90,90,90,88.05,2400,216000.00,29-Sep-2026,2,INE1K8Y01018
MUNJALAU,EQ,105.71,107.9,104.12,106.48,106.03,106.87,155908,16472417.89,29-Sep-2026,5510,INE672B01032
MUNJALSHOW,EQ,124.26,127.3,122.36,126.32,125.3,124.26,46785,5875606.39,29-Sep-2026,913,INE577A01027
MURUDCERA,EQ,28.05,28.3,27.86,28,27.91,28.12,33172,931888.54,29-Sep-2026,337,INE692B01014
RADIOCITY,EQ,5.99,6.05,5.92,6.01,6.03,5.99,192865,1159832.12,29-Sep-2026,124,INE919I01024
MUTHOOTCAP,EQ,221.17,226.75,216.44,217.07,216.5,221.17,19275,4221888.47,29-Sep-2026,593,INE296G01013
MUTHOOTFIN,EQ,2748,2764.1,2706.5,2736.8,2736.8,2760,1190791,3265753030.90,29-Sep-2026,100621,INE414G01012
MUTHOOTMF,EQ,178.96,180.55,175.44,177.64,176.65,178.84,151414,26910402.54,29-Sep-2026,4175,INE046W01019
MVELECTRO,EQ,789.9,859,781.3,838.05,838,786.35,1626209,1346326664.60,29-Sep-2026,41480,INE0OWZ01020
MYMUDRA,SM,65.35,65.95,62.95,65.9,65.9,65.35,36000,2310720.00,29-Sep-2026,29,INE0RVQ01016
MYSORPETRO,BE,123.5,129.99,122.5,127.82,127.82,128.76,4048,496458.54,29-Sep-2026,21,INE741A01011
NRAIL,EQ,668.45,685,640,660.5,650.3,647.6,15189,10095994.55,29-Sep-2026,1632,INE740D01017
NRVANDANA,SM,69,69,69,69,69,69.8,3000,207000.00,29-Sep-2026,1,INE104101014
NTCIND,EQ,132.52,138.8,130,136.46,132.7,132.52,519,69860.03,29-Sep-2026,50,INE920C01017
NBIFIN,EQ,1965.2,1966,1860,1876.6,1871,1948.2,239,451153.50,29-Sep-2026,72,INE365I01020
NACLIND,EQ,136.86,137.96,129.75,132.45,133,136.53,1047618,140128903.53,29-Sep-2026,11025,INE295D01020
NDGL,EQ,2500,2540,2470,2478.1,2478,2509.1,119,296242.50,29-Sep-2026,45,INE756C01015
NAGREEKCAP,EQ,25.5,27.5,25.5,26.05,25.88,26.32,3154,82501.03,29-Sep-2026,74,INE245I01016
NAGREEKEXP,EQ,21.42,22.75,20.99,22.09,22.39,22.31,35608,765345.79,29-Sep-2026,326,INE123B01028
NAHARCAP,EQ,249.5,249.5,230,237.6,237,243.75,8969,2110930.35,29-Sep-2026,228,INE049I01012
NAHARINDUS,EQ,130.05,132.99,126.24,130.17,129.5,127.47,34383,4492266.00,29-Sep-2026,734,INE289A01011
NAHARPOLY,EQ,224.94,235,221.11,230.27,232.95,221.85,3674,835283.29,29-Sep-2026,107,INE308A01027
NAHARSPING,EQ,278,278.55,259.2,261.75,260,267.3,46373,12128257.70,29-Sep-2026,646,INE290A01027
NGIL,EQ,40.38,41.75,39.2,39.72,39.44,41.2,20795,826808.02,29-Sep-2026,48,INE236Y01012
NSIL,EQ,5350.5,5400,5340,5350,5378,5398.5,1228,6585208.50,29-Sep-2026,371,INE023A01030
NAMAN,SM,48.5,48.5,48,48.5,48.5,46.2,7200,348320.00,29-Sep-2026,9,INE0RJM01010
NAMOEWASTE,SM,349.9,351.5,330.05,334.65,333,344.25,48800,16574080.00,29-Sep-2026,61,INE08NZ01012
NDL,EQ,2.73,2.75,2.57,2.62,2.62,2.67,1455788,3848123.43,29-Sep-2026,2048,INE875G01048
JAIPURKURT,EQ,25,26,24.61,25.86,26,25.48,4946,126812.05,29-Sep-2026,67,INE696V01013
NH,EQ,1820.1,1863,1761,1789.9,1773,1820.1,966399,1734659254.40,29-Sep-2026,56107,INE410P01011
NARMADA,EQ,13.05,13.3,12.65,12.75,12.65,13.05,210383,2704388.35,29-Sep-2026,985,INE117Z01029
NATCOPHARM,EQ,832.45,851,827.75,843.1,842.6,828.55,636356,535129588.45,29-Sep-2026,64865,INE987B01026
NATHBIOGEN,EQ,145,147,141,142.22,142.17,144.12,8389,1190692.00,29-Sep-2026,248,INE448G01010
NATIONALUM,EQ,346.45,346.95,341,346.65,346.65,349,7334608,2529124492.95,29-Sep-2026,67380,INE139A01034
NFL,EQ,65.44,65.44,63.7,64.79,64.55,65.76,751312,48529960.30,29-Sep-2026,6160,INE870D01012
NHIT,IV,168.75,168.75,168.75,168.75,168.75,169.85,75000,12656250.00,29-Sep-2026,1,INE0H7R23014
NATIONSTD,EQ,115.62,116.75,113.02,114.54,114,114.48,4773,545474.07,29-Sep-2026,196,INE166R01015
NATCAPSUQ,BE,162.01,164.59,162,163.14,163.1,165.2,2460,400663.14,29-Sep-2026,44,INE936B01015
NAVA,EQ,543.9,553.55,540.2,545.95,544.9,547,263953,144906838.30,29-Sep-2026,14879,INE725A01030
NAVINFLUOR,EQ,8434.5,8483.5,8211,8234.5,8260,8432.5,136712,1134161108.50,29-Sep-2026,39672,INE048G01026
NAVKARCORP,EQ,86.86,87.99,85.5,86.6,86.24,86.86,317322,27530216.44,29-Sep-2026,3946,INE278M01019
NAVKARURB,EQ,0.91,0.91,0.84,0.86,0.86,0.88,1504717,1286771.45,29-Sep-2026,324,INE268H01044
NAVNETEDUL,EQ,121.5,122.9,120.35,121.42,120.9,121.73,84166,10226822.44,29-Sep-2026,1512,INE060A01024
NAZARA,EQ,379,391.1,372,388.4,387.25,379.65,2459398,946643558.30,29-Sep-2026,30342,INE418L01047
NBCC,EQ,80.16,80.67,78.01,78.01,78.01,80.21,8592936,683467743.31,29-Sep-2026,42623,INE095N01031
NCC,EQ,133.83,137.3,126.65,128.27,128.05,130.29,28505185,3752065304.87,29-Sep-2026,186469,INE868B01028
NCLIND,EQ,176.68,178.99,174,176.86,175.7,175.81,43191,7575666.90,29-Sep-2026,702,INE732C01016
NDLVENTURE,EQ,121.43,123.15,119.08,121.49,122.96,121.43,5638,682988.86,29-Sep-2026,121,INE353A01023
NDRAUTO,EQ,719.4,746.3,716.05,739.9,740,721.6,20057,14747655.05,29-Sep-2026,1370,INE07OG01012
NDRINVIT,IV,148,152,148,151,151,148,600000,90125000.00,29-Sep-2026,8,INE0Q7Q23015
NDTV,EQ,69.11,70.25,68.6,69.06,68.8,69.11,61864,4295208.03,29-Sep-2026,1187,INE155G01029
NECLIFE,EQ,10.63,11.08,10.63,10.71,10.75,10.72,93379,1012242.12,29-Sep-2026,325,INE023H01027
NEELAM,SM,7.05,7.05,7.05,7.05,7.05,7.35,18000,126900.00,29-Sep-2026,3,INE0N1401016
NEAGI,EQ,3483.5,3483.5,3483.5,3483.5,3483.5,3400,2,6967.00,29-Sep-2026,1,INE605D01012
NELCAST,EQ,115,121,112.6,118.93,118.8,116.65,251768,29749764.85,29-Sep-2026,3969,INE189I01024
NELCO,EQ,922,933.45,894,922.3,921,916.45,268542,245592272.50,29-Sep-2026,13630,INE045B01015
NEOCHEM,SM,101,104,101,104,104,104.5,7200,734400.00,29-Sep-2026,5,INE21UM01018
NEOGEN,EQ,2388.1,2458.5,2370,2435.3,2420,2396.3,157182,381851885.60,29-Sep-2026,21368,INE136S01016
NEPHROCARE,SM,86.1,91.7,86.1,90.55,90.55,87.75,7200,643280.00,29-Sep-2026,18,INE0SUN01013
NEPHROPLUS,EQ,679.95,679.95,660,663.4,662.4,674,599435,400635771.10,29-Sep-2026,53897,INE428V01029
NEPTUNE,SM,188,191.8,187.8,191.8,191.8,188.5,1500,283800.00,29-Sep-2026,3,INE156901014
NESCO,EQ,1082.3,1082.3,1030.1,1040.5,1042.5,1086.4,172385,180096594.70,29-Sep-2026,28805,INE317F01035
NESTLEIND,EQ,1341,1349.1,1333.6,1345.7,1345.7,1346,1748621,2345310911.40,29-Sep-2026,57684,INE239A01024
CBAZAAR,SM,5.5,5.6,5.45,5.45,5.45,5.35,24000,132400.00,29-Sep-2026,3,INE518X01015
NETWEB,EQ,4550,4664,4453,4613,4610,4566.5,822138,3756784687.50,29-Sep-2026,70746,INE0NT901020
NPST,EQ,1634.4,1662.6,1524,1653,1647.8,1635,122885,195671887.90,29-Sep-2026,13309,INE0FFK01017
NETWORK18,EQ,25.98,26.02,25.28,25.88,25.85,25.98,2746331,70473693.28,29-Sep-2026,9439,INE870H01013
NEUEON,BE,15.85,15.85,14.35,14.35,14.35,15.1,37784,549937.49,29-Sep-2026,99,INE333I01044
NEULANDLAB,EQ,21690,21920,21170,21375,21365,21440,83910,1798685670.00,29-Sep-2026,26959,INE794A01010
NEWGEN,EQ,480,493.4,465.4,473,470.4,474.4,2459936,1173689776.60,29-Sep-2026,68616,INE619B01017
NEWJAISA,ST,17.7,19.25,17.5,18,19,18.4,124500,2211825.00,29-Sep-2026,45,INE0PW501021
NMSTEEL,SM,22.25,22.5,22,22.5,22.5,23.3,8000,178080.00,29-Sep-2026,5,INE0TP801012
NEXTMEDIA,EQ,3.54,3.76,3.54,3.7,3.66,3.68,12395,45088.62,29-Sep-2026,62,INE747B01016
NXST,RR,165.99,166.49,163.48,164.7,165.83,165.8,666296,109871105.08,29-Sep-2026,6039,INE0NDH25011
NFPSAMPOOR,SM,22,22.05,22,22.05,22,22.1,10000,220200.00,29-Sep-2026,3,INE0T1501010
NGLFINE,EQ,2736,2948,2715.1,2870.9,2840.1,2730,22597,65076313.40,29-Sep-2026,4601,INE887E01022
NHPC,EQ,74.05,74.7,73.3,73.32,73.32,74.5,11242484,827695952.55,29-Sep-2026,30644,INE848E01016
NIBE,EQ,1237.4,1265.4,1226.8,1238.5,1240,1237.4,37110,46244546.90,29-Sep-2026,3954,INE149O01018
NICCOPAR,EQ,80.5,83,80.5,81,82.87,80.5,1332,108043.03,29-Sep-2026,44,INE653C01022
NIDAN,SM,12.9,12.9,12.9,12.9,12.9,12.55,2000,25800.00,29-Sep-2026,2,INE0J6L01013
NIITMTS,EQ,206.07,209.98,202.72,204.96,204,205.39,58070,11917297.03,29-Sep-2026,3610,INE342G01023
NIITLTD,EQ,87,87.23,85.49,86.37,86.85,86.92,152140,13131423.09,29-Sep-2026,2382,INE161A01038
NIKITA,SM,71.2,72.6,70,70,70,69.5,15600,1110000.00,29-Sep-2026,13,INE0FLF01015
NILAINFRA,EQ,6.76,7.04,6.66,6.71,6.71,6.83,92036,618251.39,29-Sep-2026,570,INE937C01029
NILASPACES,EQ,11.1,11.35,10.88,11.16,11.28,11,584546,6484795.81,29-Sep-2026,1682,INE00S901012
NILE,EQ,1280,1305,1250,1264.7,1280,1279.4,7248,9263788.70,29-Sep-2026,1026,INE445D01013
NILKAMAL,EQ,1930.9,1969.9,1891,1898.9,1911,1918,23084,44296501.10,29-Sep-2026,3758,INE310A01015
NIMBSPROJ,EQ,194.95,198.8,188.82,194.12,198.8,198.75,22967,4468310.46,29-Sep-2026,409,INE875B01015
NINSYS,EQ,715.8,741.45,696.6,737.15,739,706.15,5977,4305197.60,29-Sep-2026,312,INE395U01014
BANKBEES,EQ,568.15,568.15,558.31,564.42,565.44,565.32,800119,449390336.47,29-Sep-2026,11908,INF204KB15I9
CONSUMBEES,EQ,128.51,128.51,124.53,125.07,125.42,125.98,66699,8342597.32,29-Sep-2026,1219,INF204KA1LD7
DIVOPPBEES,EQ,74.9,74.9,72.21,72.76,73.2,73.6,87944,6385654.21,29-Sep-2026,1210,INF204KA1MS3
NV20BEES,EQ,133.62,140,130.75,132.43,132.15,132.3,39737,5235610.93,29-Sep-2026,393,INF204KB18I3
GOLDBEES,EQ,120.93,121.09,119.8,120.64,120.8,121.17,28612025,3450138779.49,29-Sep-2026,115558,INF204KB17I5
HNGSNGBEES,EQ,467.62,467.62,450.8,452.96,453.94,456.22,127847,57996819.73,29-Sep-2026,4331,INF204KB19I1
INFRABEES,EQ,911.99,911.99,900.23,908.55,910.5,911.99,10881,9870490.94,29-Sep-2026,867,INF732E01268
ITBEES,EQ,31.23,31.85,30.75,30.8,30.84,31.23,9287804,287318233.61,29-Sep-2026,21664,INF204KB15V2
JUNIORBEES,EQ,765,765,753.66,761.66,763.28,761.9,412917,313128223.78,29-Sep-2026,12326,INF732E01045
LIQUIDBEES,EQ,1000,1000.01,994.99,1000,1000.01,999.99,6333869,6333879575.11,29-Sep-2026,6641,INF732E01037
LTGILTBEES,EQ,29.52,29.6,29.52,29.55,29.6,29.52,1180432,34885726.98,29-Sep-2026,551,INF204KB1882
MID150BEES,EQ,229.99,229.99,226.11,227.38,227.5,228.59,1006465,228931561.19,29-Sep-2026,14020,INF204KB1V68
NIF100BEES,EQ,255,255,251.11,253.21,253.6,254.39,44390,11217108.14,29-Sep-2026,782,INF204K014N5
NIFTYBEES,EQ,260.49,260.49,257.9,259.47,260.04,260.47,16338797,4229778594.49,29-Sep-2026,128229,INF204KB14I2
PSUBNKBEES,EQ,90,90.99,88.61,89.71,89.85,89.92,958562,85580669.34,29-Sep-2026,6826,INF204KB16I7
SHARIABEES,EQ,443.36,443.36,421,425.18,432.6,432.55,14218,6059124.27,29-Sep-2026,666,INF732E01128
NAM-INDIA,EQ,1090,1097.7,1068,1068,1068,1093.9,983587,1065370463.40,29-Sep-2026,32107,INE298J01013
LIQGRWBEES,EQ,1057.37,1057.39,1057.36,1057.36,1057.38,1057.23,121996,128994328.76,29-Sep-2026,174,INF204KC1FU1
MANUFGBEES,EQ,158,158,153.83,156.03,155.7,157.89,17175,2686269.08,29-Sep-2026,206,INF204KC1GH6
AUTOBEES,EQ,276.78,276.78,271.1,272.72,273.75,274.3,219809,59956522.69,29-Sep-2026,3158,INF204KC1337
PHARMABEES,EQ,28.11,28.11,27.56,27.79,27.89,27.56,4751571,131781489.42,29-Sep-2026,9864,INF204KC1089
SILVERBEES,EQ,209.85,210.3,208.37,209.15,209.36,210.65,17086240,3574851849.57,29-Sep-2026,77710,INF204KC1402
SNXT30BEES,EQ,40.5,41.74,40.5,41,41,41.13,9338,382521.31,29-Sep-2026,107,INF204KC1EZ3
NIRAJ,EQ,28.46,28.9,27.8,28.36,28.5,27.9,81568,2295521.98,29-Sep-2026,122,INE368I01016
NIRLON,EQ,605.1,609,591.05,605.85,607,608,6431,3877633.35,29-Sep-2026,515,INE910A01012
NIRMAN,SM,26.9,26.9,26,26.5,26.5,26.5,4200,110400.00,29-Sep-2026,14,INE0OK701014
NITCO,EQ,84.05,87.5,82.6,86.75,85.5,84.61,1505725,128968205.11,29-Sep-2026,6146,INE858F01012
NITINSPIN,EQ,593.1,617,592,606.15,604,596.45,75325,45499514.65,29-Sep-2026,4275,INE229H01012
NITIRAJ,EQ,219.65,219.65,203,215.74,210.5,218.87,2040,433125.91,29-Sep-2026,104,INE439T01012
NITTAGELA,EQ,1718.2,1718.2,1674.2,1702.8,1695,1718.2,2116,3595320.30,29-Sep-2026,365,INE265B01019
NIVABUPA,EQ,75.25,75.69,71.98,73.28,73.5,75.73,8812877,646210972.77,29-Sep-2026,65583,INE995S01015
NKIND,EQ,60.9,62,57,61.99,61.99,61.07,527,31115.44,29-Sep-2026,21,INE542C01019
NLCINDIA,EQ,256.85,260.8,251.2,255.75,255.9,256.7,2549158,653545303.00,29-Sep-2026,48920,INE589A01014
NMDC,EQ,77.4,77.86,76.02,77,77,77.43,19014554,1466104912.19,29-Sep-2026,81832,INE584A01023
NSLNISP,EQ,41.88,42.42,41.21,41.79,41.83,41.78,5493176,229979662.22,29-Sep-2026,22565,INE0NNS01018
NOCIL,EQ,175,175,166.64,169.31,168.51,175.17,2487591,423792916.44,29-Sep-2026,22798,INE163A01018
NOIDATOLL,EQ,3.64,3.88,3.59,3.65,3.63,3.58,469676,1732822.72,29-Sep-2026,1127,INE781B01015
NORBTEAEXP,EQ,68,68,64.03,64.9,64.9,66.62,3670,241739.96,29-Sep-2026,50,INE369C01017
NECCLTD,BE,18.55,18.55,18,18.08,18.01,18.44,37057,674003.11,29-Sep-2026,142,INE553C01016
NORTHARC,EQ,291.15,295.15,287.05,290.75,290.5,291.1,1241312,361749729.30,29-Sep-2026,19776,INE850M01015
NOVAAGRI,EQ,22.48,22.98,22.2,22.28,22.42,22.48,34484,770180.74,29-Sep-2026,347,INE02H701025
NOVARTIND,EQ,1952.9,1990,1905,1924.1,1932.6,1935,21732,42003803.60,29-Sep-2026,2856,INE234A01025
NRBBEARING,EQ,541.5,549.3,531.8,541.05,541,541.5,366094,197217738.05,29-Sep-2026,17873,INE349A01021
NIBL,EQ,31.31,32.5,30.91,31.52,31.89,31.65,15737,495908.62,29-Sep-2026,168,INE047O01014
NTPCGREEN,EQ,91.5,92.19,89.65,89.99,89.91,92.21,2417700,219211601.83,29-Sep-2026,34011,INE0ONG01011
NTPC,EQ,320.5,325,317.55,323.5,323.5,321.1,11956206,3853161122.15,29-Sep-2026,126542,INE733E01010
NUCLEUS,EQ,661.6,661.6,647.7,652.55,658,661.5,22285,14560623.05,29-Sep-2026,2028,INE096B01018
NRL,BE,155.31,160,155.31,160,160,158.47,168734,26465860.70,29-Sep-2026,448,INE0JM501013
NURECA,BE,371,371,351.65,361.5,367.85,362.55,10127,3649636.15,29-Sep-2026,253,INE0DSF01015
NUVAMA,EQ,1635,1677.2,1615.7,1652.1,1651,1640.6,295343,486697891.20,29-Sep-2026,44034,INE531F01023
NUVOCO,EQ,327,337,321.5,330.2,330,325.85,442330,147023615.80,29-Sep-2026,29934,INE118D01016
NXT-INFRA,IV,99,99,99,99,99,99,1075000,106425000.00,29-Sep-2026,9,INE0SF023016
OBCL,EQ,58.4,58.69,54.51,54.68,54.52,56.9,7991,446482.73,29-Sep-2026,109,INE426Z01016
OBEROIRLTY,EQ,1825,1826.6,1761.5,1762.9,1762.9,1830,395959,708274698.30,29-Sep-2026,26403,INE093I01010
OBSCP,SM,922,931,905,917.25,920,916.6,16800,15431360.00,29-Sep-2026,42,INE0YHV01011
OCCLLTD,BE,172.3,180,165.8,178.52,178.89,174.52,155325,27088705.93,29-Sep-2026,710,INE0PK601023
ODIGMA,EQ,20.8,21.9,20.5,21.41,21.18,20.87,29726,634136.46,29-Sep-2026,271,INE054301028
ODYCORP,EQ,6.85,7.09,6.8,7.08,7.08,6.86,4156,29395.80,29-Sep-2026,19,INE839E01023
ONGC,EQ,230,231.7,227.8,230,230,230,13380638,3077418138.33,29-Sep-2026,99814,INE213A01029
OILCOUNTUB,BE,75.11,75.11,75.11,75.11,75.11,73.64,56606,4251676.66,29-Sep-2026,113,INE591A01010
OIL,EQ,466.5,467.8,459.4,459.45,459.45,468,2140454,992323413.10,29-Sep-2026,26839,INE274J01014
OLAELEC,EQ,37.84,38.48,36.3,37.42,37.51,37.86,118182493,4416166966.80,29-Sep-2026,246095,INE0LXG01040
OLECTRA,EQ,1179,1183,1134,1136.9,1136.1,1173.8,359867,413865865.30,29-Sep-2026,24698,INE260D01016
OMFREIGHT,BE,89.01,93.46,86.51,93.46,93.46,89.01,21769,1972040.20,29-Sep-2026,128,INE1BZC01019
OMINFRAL,EQ,78.91,78.91,77.5,77.67,77.5,78.75,35469,2766588.10,29-Sep-2026,795,INE239D01028
OMPOWER,EQ,163.19,163.99,159,163.18,163.4,162.71,69412,11240592.43,29-Sep-2026,1341,INE25E901019
OMAXAUTO,EQ,197.12,208,196.36,198.48,197.25,200.55,70700,14120262.04,29-Sep-2026,1392,INE090B01011
OMAXE,EQ,110.1,112.09,108.46,109.48,109.9,110.27,449814,49464736.26,29-Sep-2026,6969,INE800H01010
OMFURN,SM,51,51,51,51,51,51.45,1200,61200.00,29-Sep-2026,1,INE338Y01016
OMNI,EQ,526,565.75,519.05,560.4,556,525.85,851262,468162810.90,29-Sep-2026,29331,INE0UH301010
ONDOOR,SM,254,261,253,257.65,256,259,2700,690600.00,29-Sep-2026,9,INE00ER01015
PAYTM,EQ,1635.8,1691.7,1624.4,1683,1683,1635.8,3925804,6554004791.80,29-Sep-2026,118825,INE982J01020
ONEGLOBAL,EQ,551,551,525,534.15,533,544.95,7975,4268879.70,29-Sep-2026,649,INE670O01013
MOBIKWIK,EQ,198.25,199.18,192.82,194.93,194.95,199.06,715786,139801667.89,29-Sep-2026,10507,INE0HLU01028
ONEPOINT,EQ,69.73,74,68.07,71.62,71.28,69.43,7409814,534444850.71,29-Sep-2026,36729,INE840Y01029
OLIL,SM,422,455.4,420.05,455.3,455.3,433.8,58400,25771840.00,29-Sep-2026,47,INE0OPS01011
ONELIFECAP,BE,38.3,39.2,37.4,38.97,39.14,37.52,75446,2865411.02,29-Sep-2026,141,INE912L01015
KISSHT,EQ,345.05,362.55,340.05,358.65,354,344.9,2096454,741952290.75,29-Sep-2026,41118,INE12F801023
ONESOURCE,EQ,1570,1605,1562.7,1583.3,1574,1565.8,463289,734808726.10,29-Sep-2026,26535,INE013P01021
ONIDA,EQ,31.51,32.65,31.1,31.75,31.5,32,313966,9984472.05,29-Sep-2026,1858,INE831A01028
ONIXSOLAR,EQ,344,352.95,339.8,344.5,345.95,339.8,162654,56250475.05,29-Sep-2026,3977,INE173M01012
ONMOBILE,BE,50.22,51.05,49,50.1,50.11,50.84,44803,2243366.95,29-Sep-2026,338,INE809I01019
ONWARDTEC,EQ,292,292,281.45,287.4,285.5,285,24567,7038088.90,29-Sep-2026,1002,INE229A01017
ONYX,ST,38.9,38.9,37,37.05,37.05,37.8,22000,818300.00,29-Sep-2026,3,INE0WVU01018
OPTIEMUS,EQ,810.9,810.9,781.15,796.2,794,809.95,744867,592464788.20,29-Sep-2026,30775,INE350C01017
OPTIFIN,EQ,14.53,15.88,13.61,14.82,14.9,14.53,73034,1083712.67,29-Sep-2026,331,INE031G01022
OPTIMYSTIX,SM,133,133,124,129.75,132,131.35,280800,35212120.00,29-Sep-2026,77,INE1JZB01022
OPTIVALUE,ST,242.9,242.9,228,229.5,230,231.35,86400,20655600.00,29-Sep-2026,42,INE15B101011
OFSS,EQ,10800,10876,10406,10406,10406,10800,181154,1921081888.00,29-Sep-2026,29528,INE881D01027
ORBTEXP,EQ,233.6,267,225.11,262.01,264,227.15,93205,23248758.14,29-Sep-2026,1224,INE231G01010
ORCHASP,EQ,1.34,1.35,1.31,1.33,1.34,1.34,86228,114670.96,29-Sep-2026,155,INE215B01022
ORCHPHARMA,EQ,1023.4,1040.9,991.6,1014.9,1008,1023.4,146800,148338427.60,29-Sep-2026,19178,INE191A01027
ORIANA,SM,306.3,324.5,292.95,317.2,314,309.85,505875,156211275.00,29-Sep-2026,1056,INE0OUT01027
ORICONENT,EQ,53,53.87,50.59,51.83,51.55,52.36,1200606,61625435.67,29-Sep-2026,452,INE730A01022
ORIENTBELL,EQ,393.95,405.4,390.05,402.6,400.4,395.7,39951,15965509.50,29-Sep-2026,1642,INE607D01018
ORIENTCEM,EQ,119.4,122,116.7,118.42,118.2,119.43,704241,83081226.42,29-Sep-2026,8989,INE876N01018
ORIENTCER,EQ,45.54,46.4,45.01,45.6,45.5,45.86,46273,2113005.03,29-Sep-2026,1019,INE569C01020
ORIENTELEC,EQ,160.78,165,155,156.62,158.6,160,300753,47358910.06,29-Sep-2026,8268,INE142Z01019
GREENPOWER,EQ,8.68,8.9,8.58,8.85,8.81,8.81,2035250,17799619.62,29-Sep-2026,4185,INE999K01014
ORIENTHOT,EQ,138.03,141.5,136.5,139.34,140.23,138.03,1048759,146495548.77,29-Sep-2026,5751,INE750A01020
ORIENTPPR,EQ,16.65,16.74,16.25,16.43,16.39,16.61,124950,2051866.77,29-Sep-2026,699,INE592A01026
ORIENTLTD,BE,77,79.9,77,79.9,79.9,79.9,5758,443381.80,29-Sep-2026,13,INE609C01024
ORIENTTECH,EQ,233.81,234.76,228.26,231.5,231,233.81,81882,18890559.76,29-Sep-2026,2484,INE0PPK01015
OAL,EQ,555,555,530.2,541.85,537,553.15,18459,9966943.75,29-Sep-2026,1106,INE959C01023
ORIRAIL,EQ,124.5,127,121.44,122.81,123.3,126.15,80038,10002204.78,29-Sep-2026,1574,INE457G01029
ORIENTALTL,EQ,5.13,5.13,4.85,4.86,4.93,4.94,72604,355086.45,29-Sep-2026,290,INE998H01012
ORISSAMINE,EQ,3667.6,3749.9,3586.2,3673.3,3645,3667.6,8027,29258091.30,29-Sep-2026,1691,INE725E01024
ORKLAINDIA,EQ,550.1,550.75,530.15,540.05,542.65,554.3,191761,103137892.50,29-Sep-2026,16312,INE16NZ01023
ORTINGLOBE,EQ,15,15.21,13.92,14.72,15.2,14.65,24048,346315.18,29-Sep-2026,59,INE749B01020
OSELDEVICE,SM,385,393.5,378.4,388.25,390,384.85,12600,4894910.00,29-Sep-2026,53,INE0RMF01018
OSIAHYPER,BE,2.4,2.4,2.22,2.33,2.33,2.29,457146,1076707.96,29-Sep-2026,359,INE06IR01021
OSWALAGRO,EQ,33.01,35.5,33.01,34.9,34.95,33.67,136463,4759436.46,29-Sep-2026,558,INE142A01012
OSWALGREEN,EQ,19.35,19.84,19.1,19.41,19.32,19.57,88692,1714638.92,29-Sep-2026,919,INE143A01010
OSWALPUMPS,EQ,268.55,270.7,265.35,266.25,267.3,268.55,271978,72711960.70,29-Sep-2026,6581,INE0BYP01024
OWAIS,ST,69.8,69.8,69.8,69.8,69.8,71.2,1400,97720.00,29-Sep-2026,10,INE0R8M01017
PBMPOLY,EQ,61,61,61,61,61,59.66,965,58865.00,29-Sep-2026,1,INE501F01018
PNGJL,EQ,585.35,592.2,572.7,585.05,584.95,585.35,379690,221901246.85,29-Sep-2026,22974,INE953R01016
POEL,EQ,144.91,144.91,139.52,139.89,139.66,141.35,30180,4274487.93,29-Sep-2026,1025,INE035S01028
PSRAJ,SM,100.5,100.7,99,99.8,99.9,100,92500,9272000.00,29-Sep-2026,25,INE0XUS01020
PGHH,EQ,6900,6946,6804,6871.5,6849.5,6888.5,25253,173631537.50,29-Sep-2026,8849,INE179A01014
PACEDIGITK,EQ,160.92,163.35,158.8,162.3,161.8,161.81,418674,67456120.25,29-Sep-2026,8082,INE0S3G01027
PACIFICI,EQ,135,135,130.2,132.96,135,135.14,59,7906.10,29-Sep-2026,9,INE883C01025
PAGEIND,EQ,37130,37400,36580,36580,36580,37500,25120,932016105.00,29-Sep-2026,10085,INE761H01022
PAISALO,EQ,79.08,80.23,77.01,78.59,77.98,79.6,8530685,671739310.82,29-Sep-2026,32006,INE420C01059
PAKKA,EQ,72.7,73.39,72.02,72.83,72.5,73.77,97327,7075281.23,29-Sep-2026,1383,INE551D01018
PALASHSECU,EQ,86,88,84.1,84.25,84.25,88.9,1544,131400.14,29-Sep-2026,50,INE471W01019
PALREDTEC,EQ,45.82,46.05,44,45.99,45.99,46.05,2263,101956.10,29-Sep-2026,44,INE218G01033
PANACEABIO,EQ,366.45,380,362.05,375.25,373,366.45,64320,23912991.25,29-Sep-2026,2293,INE922B01023
PANACHE,BE,515,515,506.05,506.05,506.05,515,3831,1968534.35,29-Sep-2026,35,INE895W01019
PANAMAPET,EQ,472.45,489.8,463.35,480.5,480,467.35,160114,75787978.90,29-Sep-2026,7931,INE305C01029
PANCHMAHQ,EQ,290,290,290,290,290,298,16,4640.00,29-Sep-2026,2,INE798F01010
PANORAMA,EQ,57.5,59.3,52.77,57.77,59.3,59.25,1380319,77339708.61,29-Sep-2026,6765,INE258R01028
PANSARI,EQ,273.15,283,271,274.55,274.55,289,528,143962.25,29-Sep-2026,12,INE697V01011
PAR,BE,132.6,132.6,124.21,125.32,124.21,130.05,12353,1570566.16,29-Sep-2026,182,INE04LG01015
PARADEEP,EQ,155.47,156.17,151.6,154.08,153.06,155.7,2094420,322661402.84,29-Sep-2026,51350,INE088F01024
PARAGMILK,EQ,277,280.5,265.1,268.55,268.5,274.95,2258239,619529017.05,29-Sep-2026,42250,INE883N01014
PARAGON,SM,48.1,50,48.1,48.25,48.25,50.5,10800,523080.00,29-Sep-2026,9,INE0N4G01012
PARAMATRIX,SM,57,57,57,57,57,58,1200,68400.00,29-Sep-2026,1,INE0S2W01018
PARACABLES,EQ,56.35,58.6,55.33,57.85,58.6,56.35,1550828,88556328.33,29-Sep-2026,8485,INE074B01023
PARAS,EQ,1315,1336.9,1288.1,1325,1319,1315,699385,920915599.50,29-Sep-2026,44130,INE045601023
PARASPETRO,EQ,2.03,2.09,2.03,2.07,2.08,2.03,106545,219894.16,29-Sep-2026,241,INE162C01024
PARIN,EQ,735,735,695,720.35,720,720.1,31415,22252682.60,29-Sep-2026,1228,INE00U801010
PARKHOSPS,EQ,277.75,277.75,271.7,275.45,275,276.5,868008,237627569.25,29-Sep-2026,14544,INE119201023
PARKHOTELS,EQ,103.78,104.25,100.62,102.02,101.88,103.57,314706,32089449.70,29-Sep-2026,5091,INE988S01028
PARNAXLAB,EQ,118,118,105,113.37,112,112.78,32458,3619226.47,29-Sep-2026,665,INE383L01019
PARSVNATH,BE,2.05,2.05,2.05,2.05,2.05,2.01,142367,291852.35,29-Sep-2026,41,INE561H01026
PARTH,SM,512,515.9,502,502,502,508.15,8000,4099200.00,29-Sep-2026,12,INE1H7V01011
PARTY-RE,ST,0.1,0.1,0.1,0.1,0.1,0.05,29548,2954.80,29-Sep-2026,7,INE06ZX20015
PASHUPATI,EQ,77.27,92.72,75.6,92.72,92.72,77.27,219755,18513299.09,29-Sep-2026,4418,INE124Y01028
PASUPTAC,EQ,72,75.5,71.05,75.2,74.36,72.45,212785,15630470.61,29-Sep-2026,3300,INE818B01023
PATANJALI,EQ,390,391.6,368.9,371.4,371.4,390.8,3725050,1397148605.55,29-Sep-2026,53353,INE619A01035
PATELENG,EQ,27.11,27.15,26.21,26.45,26.38,26.9,1584797,41982424.13,29-Sep-2026,7029,INE244B01030
PATINTLOG,EQ,13.3,14.35,13.1,13.51,13.38,13.15,390223,5383549.93,29-Sep-2026,1131,INE529D01014
PATELRMART,EQ,204,215.25,202.55,213.59,214,204,90056,18877175.87,29-Sep-2026,1613,INE0R8B01010
PATILAUTOM,ST,337,348,335,343.25,347,336.8,34200,11670450.00,29-Sep-2026,48,INE17GV01016
PML,EQ,481.3,483,461,472.7,479.55,488.1,245,114443.55,29-Sep-2026,31,INE291E01019
PAUSHAKLTD,EQ,655,679.45,647.35,668.3,661.75,655.75,27031,18089206.55,29-Sep-2026,2099,INE111F01024
PAVNAIND,EQ,15.31,16,15.05,15.77,15.79,15.53,28866,449503.06,29-Sep-2026,208,INE07S101038
POLICYBZR,EQ,1162.1,1162.3,1077,1081,1081,1151.3,19346053,21223493498.20,29-Sep-2026,299033,INE417T01026
PCJEWELLER,EQ,13.52,13.68,13.01,13.23,13.28,13.52,261661117,3474611503.72,29-Sep-2026,136731,INE785M01021
PCBL,EQ,330.5,334.9,328.55,330.45,332.5,332.55,671406,222726154.40,29-Sep-2026,23103,INE602A01031
PDSL,EQ,349.5,364.9,344.15,348.95,350,349.5,597046,212189018.20,29-Sep-2026,21108,INE111Q01021
PGIL,EQ,1294,1333,1276.8,1290.4,1286,1296.1,153191,199777500.50,29-Sep-2026,16321,INE940H01022
PEARLPOLY,EQ,17.5,17.5,16.8,16.92,16.8,17.64,8476,144002.79,29-Sep-2026,62,INE844A01013
PELATRO,SM,400,403.95,395,402.8,402.8,399.65,12900,5163900.00,29-Sep-2026,29,INE0VG601013
PENINLAND,EQ,15.51,15.84,15.2,15.48,15.35,15.76,115681,1791360.48,29-Sep-2026,643,INE138A01028
PENIND,EQ,183.47,184.9,178.56,180.28,180.95,182.17,775949,141207375.23,29-Sep-2026,12040,INE932A01024
PERMAGN,EQ,822,842.1,818.05,837.1,838.05,825.7,1604,1332851.00,29-Sep-2026,216,INE418E01018
PERSISTENT,EQ,5328,5348.5,5162,5162,5162,5328.5,294063,1543341446.50,29-Sep-2026,24084,INE262H01021
PCCL,SM,440,440,440,440,440,448.95,400,176000.00,29-Sep-2026,1,INE998U01015
PETRONET,EQ,284.7,288.5,281.75,282.95,282.95,289.85,2819999,803335665.10,29-Sep-2026,41807,INE347G01014
7PFCL31,N3,1012,1015,1002.01,1015,1015,1000.01,416,420910.10,29-Sep-2026,3,INE134E07DP0
PFIZER,EQ,3966.1,3988,3888.6,3912.9,3900,3968,174412,684270726.00,29-Sep-2026,23094,INE182A01018
905PFL26,N1,1089.99,1095.55,1089.99,1094.27,1095.55,1074,3,3278.54,29-Sep-2026,3,INE140A07740
935PFL33,N3,1112.5,1116,1112.5,1116,1116,1115,56,62475.00,29-Sep-2026,3,INE140A07773
PGEL,EQ,504.55,509.95,493.15,493.15,493.15,507,1964023,980966713.10,29-Sep-2026,40930,INE457L01029
10PGL28,N0,9921,9921,9921,9921,9921,10650,9,89289.00,29-Sep-2026,2,INE0B2O07011
PHANTOMFX,SM,87,89,83,88,87.15,87.75,15000,1284555.00,29-Sep-2026,48,INE0MLZ01019
PHOENXINTL,EQ,29.3,29.3,27.8,28.05,28.4,29.3,2269,64180.58,29-Sep-2026,18,INE245B01011
PHOGLOBAL,SM,16,17.05,16,17.05,17.05,16,4000,66100.00,29-Sep-2026,2,INE0FPO01018
PWL,EQ,128.07,128.32,124.39,125.15,125.1,128.07,5275797,662738843.58,29-Sep-2026,40178,INE0LP301011
PIIND,EQ,2327.5,2339,2288.8,2288.8,2288.8,2349,186578,430516657.20,29-Sep-2026,17407,INE603J01030
PICCADIL,EQ,606.4,607.85,591.55,602.85,603.9,600.5,84778,50949290.10,29-Sep-2026,8070,INE546C01010
PPSL,SM,2.75,2.75,2.75,2.75,2.75,2.8,9000,24750.00,29-Sep-2026,3,INE0YAL01017
PIDILITIND,EQ,1493,1500.4,1461,1461,1461,1503,1073488,1589175068.00,29-Sep-2026,42867,INE318A01026
PILITA,EQ,7.48,7.71,7.3,7.34,7.31,7.59,31206,232663.69,29-Sep-2026,189,INE600A01035
PILANIINVS,EQ,4024,4127.5,3965,4027.7,4040,3997.5,2381,9607220.70,29-Sep-2026,1180,INE417C01014
PINELABS,EQ,172.75,172.9,167.7,171.55,170.5,173.02,18280064,3116340376.66,29-Sep-2026,119643,INE15B701018
PIONEEREMB,EQ,21.15,21.59,20.3,20.79,20.72,21.15,4907,102300.86,29-Sep-2026,72,INE156C01018
PIONRINV,BE,77.77,77.77,77,77.5,77.5,77,343,26514.08,29-Sep-2026,7,INE746D01014
PIRAMALFIN,EQ,2142,2174.4,2057.2,2127.5,2089.4,2149,1703600,3622309026.60,29-Sep-2026,75829,INE202B01038
PPLPHARMA,EQ,206.8,212.05,206.66,209.07,207.21,206.59,5062059,1058552648.11,29-Sep-2026,60210,INE0DK501011
PITTIENG,EQ,1136,1152.2,1115.7,1131.4,1126,1136.8,51812,58844827.00,29-Sep-2026,6441,INE450D01021
PIXTRANS,EQ,1714.1,1750,1714.1,1728.1,1725,1724.8,10656,18414256.90,29-Sep-2026,1313,INE751B01018
PLADAINFO,SM,13,13,13,13,13,13.05,3000,39000.00,29-Sep-2026,1,INE0PXD01014
PLASTIBLEN,EQ,198.04,205.99,196.27,204.5,204.85,199.86,44950,9086031.46,29-Sep-2026,1151,INE083C01022
PLATIND,EQ,205.1,209.04,202.5,205.7,206.9,205.91,44189,9076833.41,29-Sep-2026,1566,INE0PT501018
PLAZACABLE,EQ,56.05,59.9,56.05,59.9,59.9,57.05,77690,4564093.34,29-Sep-2026,790,INE0INJ01017
PNBGILTS,EQ,73.2,73.2,70.9,71.89,71.75,73.28,377184,27138514.81,29-Sep-2026,3293,INE859A01011
PNBHOUSING,EQ,1078.5,1123.5,1073.4,1098.2,1098.2,1085,907413,1001192817.80,29-Sep-2026,38590,INE572E01012
PNCINFRA,EQ,131.25,132.54,128.32,129.8,130.04,131.26,1025015,133402003.18,29-Sep-2026,20192,INE195J01029
PNC,EQ,16.98,17.5,15.7,17.4,17.4,16.68,27003,458642.32,29-Sep-2026,135,INE392B01011
PNGSREVA,EQ,506.05,520,502.25,513.4,514,506.05,81209,41430028.75,29-Sep-2026,4019,INE1RDG01013
PODDARMENT,EQ,257.65,266,253.7,259.05,265.85,257.8,12257,3162922.75,29-Sep-2026,315,INE371C01013
POKARNA,EQ,718,729.9,711,718.05,721,718.15,55054,39662207.75,29-Sep-2026,3984,INE637C01025
POLYMED,EQ,1636.7,1668.5,1626.8,1644.7,1629.1,1636.7,168312,277139441.10,29-Sep-2026,19990,INE205C01021
POLYCAB,EQ,8195,8256,8102.5,8102.5,8102.5,8191,1645809,13408824309.00,29-Sep-2026,76938,INE455K01017
POLYPLEX,EQ,1061,1078.3,1050,1061.3,1069.2,1063.1,51486,54729788.50,29-Sep-2026,4137,INE633B01018
POLYSIL,SM,55.55,59.6,55.05,58.6,58.6,57.9,49500,2807925.00,29-Sep-2026,44,INE517M01028
POLYSPIN,EQ,32,32,28,31.46,31.46,31.78,772,22343.42,29-Sep-2026,45,INE914G01029
POCL,EQ,453,467.15,444.6,461.6,461.25,452.65,270171,123826856.20,29-Sep-2026,11426,INE063E01061
PONNIERODE,EQ,391.05,392,382,384.15,382.95,390,14553,5630316.10,29-Sep-2026,1411,INE838E01017
POONAWALLA,EQ,446,450.05,437.4,443,442,445.15,1017550,451538592.30,29-Sep-2026,43657,INE511C01022
PVSL,EQ,97.2,102.5,95.23,97.01,97,97.66,24960,2417712.91,29-Sep-2026,722,INE772T01024
POSITRON,SM,234.5,234.5,220.2,230,230,226.5,7800,1773885.00,29-Sep-2026,25,INE0S3H01017
PFC,EQ,330.25,330.6,320.8,324.1,324.1,330,13111275,4259332358.95,29-Sep-2026,91810,INE134E01011
POWERGRID,EQ,262.3,269.2,259.55,261.5,261.5,261.85,25174350,6604344228.20,29-Sep-2026,130135,INE752E01010
PIGL,EQ,95.9,98.99,94.9,96.92,97.5,96,41941,4037637.60,29-Sep-2026,680,INE557Z01018
POWERMECH,EQ,2399,2459.5,2380.7,2397.2,2384,2364.3,153659,371042712.80,29-Sep-2026,22717,INE211R01019
PGINVIT,IV,102.32,102.38,101.51,102.03,102.1,102.01,1117239,113913390.23,29-Sep-2026,5039,INE0GGX23010
POWERICA,EQ,564.9,605,557.05,599.75,602.9,562.95,755551,447582559.65,29-Sep-2026,23345,INE921L01032
PPAP,BE,237,237,226.3,234.3,236.5,235.8,6025,1393816.05,29-Sep-2026,125,INE095I01015
PRABHA,EQ,223,227.68,215.6,224.41,224.5,223.39,87334,19315814.69,29-Sep-2026,1913,INE0I0M01023
PRADPME,BE,489.5,489.5,470.05,473.75,479.95,476.85,2766,1327643.05,29-Sep-2026,49,INE770A01010
PRAJIND,EQ,310.65,313.75,306.4,307.75,308.25,311.95,341879,105547907.95,29-Sep-2026,16149,INE074A01025
PRAENG,EQ,23,23,21.4,21.76,21.49,22.86,64641,1430392.75,29-Sep-2026,442,INE505C01016
PRAKASH,EQ,115.66,122.8,114.4,121.62,121.44,115.68,1059864,127726391.48,29-Sep-2026,12334,INE603A01013
PPL,BE,251,255,238.35,251.5,254.8,250.85,31728,7806709.65,29-Sep-2026,486,INE050001010
PRAKASHSTL,EQ,3.64,3.64,3.46,3.59,3.6,3.61,76849,274596.84,29-Sep-2026,258,INE696K01024
PRAMARA,SM,111.3,113.05,110.95,113.05,113.05,107.7,54500,6138850.00,29-Sep-2026,54,INE0O7A01017
PRAMODINI,SM,121,126,116.7,117.65,117.5,120.25,201600,24527400.00,29-Sep-2026,131,INE2JG601017
PRANAV,EQ,101.39,102.38,98.78,100.18,99.4,101.39,1894008,190321952.54,29-Sep-2026,15477,INE0H4201019
PRANIK,SM,44.1,47.35,44.1,47.35,47.35,44.1,6400,292000.00,29-Sep-2026,3,INE0VJG01014
PRASOLCHEM,EQ,799.9,840.15,692.8,840.15,840.15,763.8,3815494,3063479776.85,29-Sep-2026,133200,INE455U01024
DIAMONDYD,EQ,1069.3,1069.3,1037.7,1051.1,1050,1066.2,28880,30320367.90,29-Sep-2026,1361,INE393P01035
PRATHAM,SM,120.05,120.25,120,120,120,122,6000,720120.00,29-Sep-2026,14,INE0QA601016
PRAVEG,EQ,246.15,253.95,241.05,242.6,242.95,249.5,23598,5763566.85,29-Sep-2026,1034,INE722B01019
PRAXIS,EQ,5,5,4.73,4.83,4.84,4.84,95061,458456.06,29-Sep-2026,168,INE546Y01022
PRECAM,EQ,115.9,118.69,114.01,117.16,117.49,116.78,77134,9003770.36,29-Sep-2026,1892,INE484I01029
PRECWIRE,EQ,480,513.7,476.55,500.15,496,480.65,1563376,782978464.65,29-Sep-2026,53448,INE372C01037
PRECOT,EQ,613,644.7,582.05,638.55,639.7,617.8,13331,8032451.90,29-Sep-2026,569,INE283A01014
PREMCO,EQ,396.8,403.8,396.8,398.3,397.5,395.4,279,111140.85,29-Sep-2026,24,INE001E01012
PREMIERENE,EQ,906,917.6,853.6,870,870,906,3053623,2666045805.00,29-Sep-2026,58268,INE0BS701011
PREMEXPLN,EQ,675,679.4,673.55,675.3,675.1,677.05,178136,120470462.75,29-Sep-2026,2333,INE863B01029
PREMIER,BE,2.75,2.75,2.66,2.66,2.66,2.7,1589,4272.53,29-Sep-2026,24,INE342A01018
PREMIERPOL,EQ,95.49,97.38,91.11,95.89,96.3,92.81,448654,42574534.62,29-Sep-2026,8005,INE309M01020
PRLIND,SM,45,45.2,45,45.2,45.2,45.95,3000,135200.00,29-Sep-2026,3,INE0CFG01012
PREMIUM,SM,45,45.25,43,44,44,42.95,81000,3579000.00,29-Sep-2026,21,INE0M1F01011
PRESSTONIC,ST,47.75,48,47.75,47.8,47.8,50.25,50400,2409720.00,29-Sep-2026,38,INE0R1601012
PRESTIGE,EQ,1465,1465,1417.5,1417.5,1417.5,1470.8,746201,1069480093.90,29-Sep-2026,20259,INE811K01011
PRICOLLTD,EQ,752,758.25,741,749.35,749,753.1,283435,212626582.80,29-Sep-2026,19707,INE726V01018
PRIMECAB,ST,185,187.1,183,187.1,187.1,178.2,57600,10737760.00,29-Sep-2026,31,INE0CQA01020
PFOCUS,EQ,316.75,321.4,310,317.5,316.05,315.2,3725970,1179410418.70,29-Sep-2026,33360,INE367G01038
PRIMESECU,EQ,298.95,304.5,293.05,302.5,302.1,301.85,18619,5605052.30,29-Sep-2026,259,INE032B01021
PRIMO,EQ,28.99,29.12,25.94,27.38,28,28.13,1302676,35577263.48,29-Sep-2026,8650,INE607A01022
PRINCEPIPE,EQ,258,259.9,251.8,255.85,256,257.75,75234,19229740.30,29-Sep-2026,3092,INE689W01016
PRIORITY,EQ,295.65,302,279.87,293.64,301,300.93,379091,108905966.71,29-Sep-2026,7702,INE15EH01014
PRSMJOHNSN,EQ,115.09,115.15,108.2,109.27,109.5,115.15,1164484,127969890.43,29-Sep-2026,15964,INE010A01011
PRISMX,EQ,0.54,0.55,0.52,0.53,0.53,0.53,142967,76403.30,29-Sep-2026,111,INE286N01028
PRITI,EQ,32,32.48,30.5,32.14,31.98,31.33,6072,190546.99,29-Sep-2026,141,INE974Z01015
PRITIKAUTO,EQ,19.85,19.85,17.56,18.4,18.39,18.87,1329969,24770188.42,29-Sep-2026,3204,INE583R01029
PRITIKA,SM,62.5,65.95,57.65,62.7,62.9,62.5,12000,748000.00,29-Sep-2026,5,INE0MJQ01020
PRIVISCL,EQ,3607.2,3705,3568.7,3605.5,3590,3605.3,418867,1522857266.50,29-Sep-2026,67059,INE959A01019
PRIZOR,ST,1132,1150.65,1132,1150.65,1150.65,1128.1,4000,4570120.00,29-Sep-2026,10,INE0V9N01017
PROFX,SM,71,71,68.55,69.95,69.95,72.75,6400,447200.00,29-Sep-2026,4,INE0VJT01017
PGHL,EQ,5403,5880,5400.5,5696,5613,5399.5,91841,523332462.50,29-Sep-2026,21526,INE199A01012
PROLIFE,SM,76,76,76,76,76,80,500,38000.00,29-Sep-2026,1,INE994V01012
PROPSHOP,SM,65.5,69,65.4,69,69,68,10000,673200.00,29-Sep-2026,5,INE1FFX01018
PROSTARM,EQ,136.33,138.58,133,135.83,135.17,136.33,164167,22334885.56,29-Sep-2026,2816,INE0BX301013
PROTEAN,EQ,690,699.4,661.35,666.65,663.8,691.5,859577,584842174.45,29-Sep-2026,22747,INE004A01022
PROV,SM,1920,1959,1920,1949.5,1940,1920.5,560,1086292.00,29-Sep-2026,7,INE0ONE01016
PROZONER,EQ,56.05,56.81,55.41,56.2,56.05,56.26,817910,45882705.80,29-Sep-2026,2079,INE195N01013
PRUDENT,EQ,3170,3170,3060,3098.7,3111.9,3171.3,98288,303909451.70,29-Sep-2026,22835,INE00F201020
PRUDMOULI,EQ,13.98,13.98,13.5,13.98,13.98,13.93,2209,30351.43,29-Sep-2026,23,INE024D01016
PSPPROJECT,EQ,778,793.5,772.1,782.65,786.95,779.1,68855,53959779.50,29-Sep-2026,4101,INE488V01015
PFS,EQ,27.04,28.99,26.41,28,27.89,27.12,4112305,113461689.94,29-Sep-2026,34375,INE560K01014
PTC,EQ,155.2,156.09,153.53,155.75,155.8,154.88,1273851,197553823.40,29-Sep-2026,22973,INE877F01012
PTCIL,EQ,21685,22690,21555,22535,22325,21685,19622,436006550.00,29-Sep-2026,7643,INE596F01018
PTL,EQ,37.99,38.84,37.03,38.2,38.02,37.9,28735,1093695.15,29-Sep-2026,1482,INE034D01049
PDMJEPAPER,EQ,94.16,96,90.86,94.67,96,93.78,172693,16118653.00,29-Sep-2026,2625,INE865T01018
PULZ,SM,21,21.65,21,21.65,21.65,21.2,8000,169700.00,29-Sep-2026,4,INE335X01014
PSB,EQ,21.31,21.32,20.95,21.11,21.18,21.31,1263412,26636113.24,29-Sep-2026,6811,INE608A01012
PUNJABCHEM,EQ,1078.9,1078.9,1024.4,1035.8,1032.1,1054.6,3891,4050620.20,29-Sep-2026,529,INE277B01014
PNB,EQ,112.55,113.98,110.56,111.75,111.75,112.6,25885049,2902859413.90,29-Sep-2026,60978,INE160A01022
PURVA,EQ,208.8,210.88,199.5,204.84,204,209.99,240427,49092817.06,29-Sep-2026,6645,INE323I01011
PERNIASPOP,EQ,517.4,534.9,512.2,530.75,531.35,517.85,63013,33192848.20,29-Sep-2026,3688,INE0I1B01016
PURPLEUTED,SM,500,500,478.5,482,478.5,503.65,21500,10455337.50,29-Sep-2026,81,INE0P5R01014
PURVFLEXI,SM,43.6,43.6,40,41.15,40,42,6400,266640.00,29-Sep-2026,7,INE0R6C01012
PUSHPA,SM,116,122,111.35,119,118.05,116.1,265000,31694850.00,29-Sep-2026,197,INE154801018
PVP,EQ,57.3,57.94,55.91,55.91,55.91,58.85,2985074,167572244.26,29-Sep-2026,3361,INE362A01016
PVRINOX,EQ,1230,1230,1181.2,1190.1,1190,1225,816749,976688091.80,29-Sep-2026,49362,INE191H01014
PYRAMID,EQ,159.5,162.24,155.05,156.54,156,161.11,38974,6137076.41,29-Sep-2026,811,INE0MIS01010
QLINE,SM,652.5,678.7,648.1,672.75,670,666.7,103200,68098660.00,29-Sep-2026,218,INE1G2W01011
QMSMEDI,BE,216.79,216.79,205,216.79,216.79,206.47,191841,41269914.26,29-Sep-2026,612,INE0FMW01018
QUADPRO,ST,4.4,4.4,4.4,4.4,4.4,4.2,84000,369600.00,29-Sep-2026,7,INE0GOJ01027
QUADFUTURE,EQ,535,554,521.1,542.15,540.05,531.5,682032,368068412.95,29-Sep-2026,29842,INE0LRY01011
QUALIANCE,SM,181.5,193.95,177.5,189.1,191,181.4,58000,10586450.00,29-Sep-2026,52,INE1XJ401012
QFIL,SM,49.75,52.35,49.75,52.35,52.35,52.35,3000,154450.00,29-Sep-2026,2,INE0O1M01015
QPOWER,EQ,1608,1638,1552.3,1614.3,1619,1592.7,378939,604009947.80,29-Sep-2026,24944,INE0SII01026
QGOLDHALF,EQ,121.6,121.6,120.1,120.8,121.2,121.37,274708,33197860.10,29-Sep-2026,1069,INF082J01408
QNIFTY,EQ,257.77,257.77,249,250.71,250.8,251.49,2154,539291.22,29-Sep-2026,289,INF082J01499
SILVER001,EQ,21.84,22.5,21.84,22.12,22.17,22.27,110840,2453275.94,29-Sep-2026,100,INF966L01EI5
QUESS,EQ,339.75,343,335.9,342.1,342.4,340.9,190530,64848146.40,29-Sep-2026,13140,INE615P01015
QUESTLAB,SM,83.6,90,81,89,89,85.75,28800,2442540.00,29-Sep-2026,23,INE0TNW01017
QUICKHEAL,EQ,143.82,148.29,141.7,145.92,144.87,143.4,77600,11289583.76,29-Sep-2026,2347,INE306L01010
QUICKTOUCH,SM,15.5,15.5,14.75,14.75,14.75,15.5,2000,30250.00,29-Sep-2026,4,INE0K4D01020
QUINT,BE,76.15,76.15,76.15,76.15,76.15,80.15,1264,96253.60,29-Sep-2026,24,INE641R01017
QUINTEGRA,EQ,1.22,1.22,1.22,1.22,1.22,1.17,1020,1244.40,29-Sep-2026,2,INE033B01011
QVCEL,SM,23.5,25,23.2,25,25,24,8000,190640.00,29-Sep-2026,5,INE0KZF01015
RKSWAMY,EQ,89.93,93.41,87.01,89.48,88.3,88.5,25503,2250511.37,29-Sep-2026,484,INE0NQ801033
RMDRIP,BE,23.5,23.69,23.5,23.52,23.5,23.29,239321,5626156.04,29-Sep-2026,368,INE219Y01026
RRIL,EQ,15.36,15.66,15.3,15.48,15.57,15.66,27693,429168.64,29-Sep-2026,85,INE951M01037
RRKABEL,EQ,2459.8,2546.5,2440.3,2523.2,2531.2,2459.8,240700,603464379.60,29-Sep-2026,23448,INE777K01022
RSDFIN,BE,91,91,87,87,87,91,42,3818.00,29-Sep-2026,5,INE616F01022
RSYSTEMS,EQ,290,305.98,285.2,298.69,301,275.21,67292815,19872460971.91,29-Sep-2026,586712,INE411H01032
RTSPOWR,EQ,136.77,138.05,116.05,118.18,116.9,125.5,274598,36206863.49,29-Sep-2026,3501,INE005C01017
RNBDENIMS,BE,9.14,9.19,8.95,9.04,9.05,9.14,57626,521182.99,29-Sep-2026,245,INE012Q01039
RSSOFTWARE,EQ,31,31,29.53,29.97,29.9,30.85,4580,137549.93,29-Sep-2026,201,INE165B01029
RPPINFRA,EQ,50.55,52.34,50.25,50.8,50.55,51.52,33805,1722892.60,29-Sep-2026,685,INE324L01013
RIIT,IV,119,121.77,119,120.38,120.5,119.42,52040,6246043.59,29-Sep-2026,3835,INE2PB023011
RACE,EQ,121.7,123.13,117.9,119.85,119.61,121.7,49879,6016704.51,29-Sep-2026,730,INE084Q01012
RILINFRA,SM,33.8,33.8,32.85,33.1,33.05,34.1,6300,209735.00,29-Sep-2026,46,INE02OY01016
RACLGEAR,EQ,1606.6,1626,1535.3,1588.6,1571,1613.1,42673,68146197.10,29-Sep-2026,8473,INE704B01017
RADAAN,EQ,3.02,3.09,2.9,2.96,2.99,3.02,22851,67611.81,29-Sep-2026,107,INE874F01027
RADHIKAJWE,BE,68.35,69.23,67.55,68.69,68.8,69.38,113961,7794132.38,29-Sep-2026,889,INE583V01021
RADIANTCMS,EQ,35.4,36.48,35.02,35.65,35.61,35.7,169177,6041550.90,29-Sep-2026,1693,INE855R01021
RADICO,EQ,4478,4478,4364,4364,4364,4478.3,238687,1053146710.70,29-Sep-2026,30906,INE944F01028
RADIOWALLA,ST,29.15,29.15,29.15,29.15,29.15,28.6,14400,419760.00,29-Sep-2026,8,INE430U01019
RPEL,EQ,1700,1722.1,1665,1718.1,1710,1703.9,42157,71728440.10,29-Sep-2026,5510,INE912T01018
RVNL,EQ,202,202,195.32,197.9,197.9,202.75,7345733,1457180237.84,29-Sep-2026,59078,INE415G01027
RAILTEL,EQ,255,261.95,252.05,259.25,261.3,256.15,637058,164292207.30,29-Sep-2026,19260,INE0DD101019
RAIN,EQ,215.95,217.44,210.1,215.41,214.05,215.45,2705102,579444053.15,29-Sep-2026,21064,INE855B01025
RAINBOW,EQ,1374.8,1385.7,1351.1,1367.8,1354,1372.6,229899,314759633.30,29-Sep-2026,25352,INE961O01016
ROML,EQ,42.82,43.75,41.5,41.91,42,42.91,1934,82427.82,29-Sep-2026,56,INE294G01026
RAJRILTD,BE,21,21,20.39,20.46,20.41,20.8,4921,100854.59,29-Sep-2026,79,INE533D01032
RAJTV,EQ,11.49,11.6,10.59,10.59,10.59,11.14,130949,1399251.61,29-Sep-2026,261,INE952H01027
RAJPALAYAM,EQ,758,776,757,757.8,760,758.05,1623,1232267.60,29-Sep-2026,41,INE296E01026
ARENTERP,EQ,32.84,33.49,31.12,32.95,33.49,32.67,608,19583.91,29-Sep-2026,20,INE610C01014
RAJESHEXPO,BZ,65.8,66,62,63.38,63.4,65.15,173192,10993376.32,29-Sep-2026,2100,INE343B01030
RCDL,SM,18.4,18.75,18,18.75,18.75,17.9,417000,7742550.00,29-Sep-2026,98,INE0BZQ01011
RAJMET,EQ,3.1,3.12,3.04,3.06,3.08,3.08,201847,620763.48,29-Sep-2026,628,INE00KV01022
RAJOOENG,BE,53.89,54.4,52.8,53.32,53.4,53.68,110899,5924982.67,29-Sep-2026,508,INE535F01024
RAJPUTANA,SM,198.5,198.5,198.5,198.5,198.5,198.2,1500,297750.00,29-Sep-2026,3,INE0VHU01019
RAJINDLTD,SM,65.4,66.4,64.4,64.4,64.4,66.55,6000,392250.00,29-Sep-2026,4,INE0PCU01012
RSL,EQ,168.54,168.9,164,165.45,165.05,167.41,635959,105424374.95,29-Sep-2026,7637,INE313L01016
RAJRATAN,EQ,461,473.6,453.5,466.15,462,460.95,52250,24284523.95,29-Sep-2026,4841,INE451D01029
RPPL,BE,18.85,19.74,18.85,19.49,19.5,18.83,58159,1128817.58,29-Sep-2026,96,INE760W01023
RAJSREESUG,EQ,31.46,31.46,30.01,30.58,30.5,30.84,21238,648747.84,29-Sep-2026,319,INE562B01019
RALLIS,EQ,199.75,200.85,196.76,199.96,199,199.42,628858,125295960.58,29-Sep-2026,22151,INE613A01020
RAMRAT,EQ,568.2,590,564.6,583.8,583,568.2,258622,149857817.05,29-Sep-2026,16353,INE207E01023
RAMAPHO,EQ,122.4,122.4,119.31,120.33,120.6,120,9762,1176014.74,29-Sep-2026,185,INE809A01032
RAMASTEEL,BE,4.32,4.48,4.32,4.48,4.48,4.4,2009991,8829093.23,29-Sep-2026,1302,INE230R01035
RTL,SM,78.5,78.5,78.5,78.5,78.5,82.5,2000,157000.00,29-Sep-2026,1,INE14W901010
RAMCOIND,EQ,310.9,313.7,305,310.1,310,310.9,85458,26437680.05,29-Sep-2026,2381,INE614A01028
RAMCOSYS,EQ,563.5,563.95,550,553.7,555.95,563.8,40081,22328478.25,29-Sep-2026,2439,INE246B01019
RBS,SM,82,84.9,82,84.9,84.9,82,4000,334240.00,29-Sep-2026,3,INE0RJH01010
RKFORGE,EQ,703,723.45,700,714.65,717,703.1,843189,603819583.55,29-Sep-2026,43272,INE399G01023
RAMKY,EQ,309.05,309.05,290.15,294.05,292.7,306.25,113032,33916411.00,29-Sep-2026,2428,INE874I01013
RANASUG,EQ,13.62,14,13.6,13.67,13.6,13.86,98422,1349938.76,29-Sep-2026,745,INE625B01014
RML,EQ,1334.8,1407.1,1298.5,1380.9,1391.7,1325.9,66084,89689532.10,29-Sep-2026,5225,INE050H01012
RANEHOLDIN,EQ,1565.6,1575.1,1531,1541.3,1551,1584.4,11509,17826923.10,29-Sep-2026,1081,INE384A01010
RAPIDFLEET,SM,200,200.4,200,200.4,200.4,208,5400,1081080.00,29-Sep-2026,9,INE0QX901013
RAPPID,SM,350,350,340,340.5,340,350,9600,3306960.00,29-Sep-2026,10,INE0MVO01012
RPTECH,EQ,883.95,935,871.55,925.35,929.95,883.95,557981,506554980.80,29-Sep-2026,40592,INE0J1F01024
RCF,EQ,109.55,109.67,107.15,108.11,107.9,109.95,1140274,123744905.22,29-Sep-2026,12195,INE027A01015
RATEGAIN,EQ,827,833,817,830,830,828.7,203669,168480318.60,29-Sep-2026,17167,INE0CLI01024
RATNAMANI,EQ,2722.5,2918.4,2722.5,2833.3,2790,2748.4,72241,205800744.30,29-Sep-2026,14931,INE703B01027
RATNAVEER,EQ,332.3,335.5,323.8,331.15,331,330.95,4872949,1612350431.05,29-Sep-2026,33181,INE05CZ01011
RTNINDIA,EQ,26.29,26.35,25.25,25.66,25.71,26.2,3231261,82649053.48,29-Sep-2026,12815,INE834M01019
RTNPOWER,EQ,6.86,6.91,6.71,6.87,6.88,6.86,16028573,109139180.92,29-Sep-2026,14765,INE399K01017
RKDL,EQ,18.03,18.5,17.8,18.36,18.05,18.02,7635,138876.16,29-Sep-2026,75,INE722J01012
RVHL,EQ,38.2,39.48,37.7,38.28,38.5,38.66,12470,477124.64,29-Sep-2026,103,INE09E501017
RELTD,EQ,147.51,151,145.02,149.12,148.86,148.07,114620,17081081.66,29-Sep-2026,2406,INE206N01018
RAYMONDLSL,EQ,672.15,672.15,654,660.55,659,672,136756,90705332.20,29-Sep-2026,11113,INE02ID01020
RAYMOND,EQ,1183.4,1203.85,1162.5,1185.75,1185,1179.95,1469467,1738920402.80,29-Sep-2026,48817,INE301A01014
RAYMONDREL,EQ,670.1,685.15,652,672.55,667.8,672.95,1056909,711016636.95,29-Sep-2026,29986,INE1SY401010
MOMSBELIEF,EQ,234,267.61,232,255.96,252.6,223.01,2681284,687652928.57,29-Sep-2026,25519,INE1FCO01014
RBLBANK,EQ,406,407.8,401.45,402,402,407,4214429,1704001187.20,29-Sep-2026,43026,INE976G01028
RBMINFRA,SM,256.05,264,230,241.4,230,258.6,26600,6495550.00,29-Sep-2026,101,INE0NA301016
RBZJEWEL,BE,199.4,199.4,184.3,197.78,196.5,189.91,339612,66990357.64,29-Sep-2026,2020,INE0PEQ01016
RRECL,EQ,122.3,131,118,129.19,130,119.32,1323,163658.09,29-Sep-2026,37,INE0AK901016
RECLTD,EQ,302.2,303.15,292.2,292.45,292.45,303.25,39781303,11693277692.55,29-Sep-2026,130946,INE020B01018
REDINGTON,EQ,404.75,411.1,401.05,405.45,405,404.85,2957867,1201140832.85,29-Sep-2026,62582,INE891D01026
REDTAPE,EQ,119.91,119.91,115.33,117.48,117.19,119.97,1234073,144625131.56,29-Sep-2026,25737,INE0LXT01019
REFEX,EQ,274.45,276.6,270.6,272.05,272.35,275.8,158081,43099568.10,29-Sep-2026,5179,INE056I01025
REFRACTORY,SM,38.5,40.8,37,40.8,40.8,38.9,39000,1534000.00,29-Sep-2026,30,INE0TNX01015
REGAAL,EQ,89.79,90.99,87.5,88.64,88.97,88.56,233388,20821935.58,29-Sep-2026,3593,INE0MHO01029
REGENCERAM,EQ,36.92,39.16,31.2,32.51,31.9,32.64,246224,9199955.79,29-Sep-2026,1298,INE277C01012
RELAXO,EQ,291.1,296.3,286.55,291.5,290.4,290.75,115867,33669373.25,29-Sep-2026,8031,INE131B01039
GILT5YBEES,EQ,67.34,67.34,65.49,65.79,65.81,65.7,162764,10703712.81,29-Sep-2026,489,INF204KC1030
RELIABLE,EQ,146.69,147,142,145.17,145.89,144.24,59849,8769061.45,29-Sep-2026,544,INE375Y01018
RELCHEMQ,EQ,114.55,118.99,112,113.09,112,115.51,3263,373505.27,29-Sep-2026,138,INE750D01016
RCOM,BE,0.87,0.9,0.85,0.86,0.89,0.89,3809581,3297531.14,29-Sep-2026,2070,INE330H01018
RHFL,BZ,1.6,1.64,1.53,1.59,1.58,1.6,674508,1066129.96,29-Sep-2026,756,INE217K01011
RIIL,EQ,684.05,684.05,670,677.05,672,685.6,38584,26086343.65,29-Sep-2026,2109,INE046A01015
RELIANCE,EQ,1193.8,1198.3,1181.8,1182,1182,1197.6,24191416,28722913322.70,29-Sep-2026,310251,INE002A01018
RELINFRA,BE,43.43,43.43,43.42,43.42,43.42,44.3,40398,1754086.60,29-Sep-2026,326,INE036A01016
RPOWER,EQ,19.9,20.15,19.45,19.77,19.84,19.96,32861231,650450329.87,29-Sep-2026,49423,INE614G01033
IVZBANKNF,EQ,53.97,55.8,53.5,54.46,54.52,54.37,558,30215.56,29-Sep-2026,21,INF205KA1CB9
IVZSENSEX,EQ,73,73.97,72.15,73.03,73.03,73.01,1281,92914.04,29-Sep-2026,23,INF205KA1CA1
RELIGARE,EQ,234,236.24,228.94,232.05,233.4,234.32,1613223,374366162.77,29-Sep-2026,12417,INE621H01010
REMSONSIND,EQ,119.95,119.95,110.1,111.56,112.25,120.39,807024,91982133.34,29-Sep-2026,9321,INE474C01023
REMUS,SM,900,939,882,925.05,925.05,919.5,4200,3784200.00,29-Sep-2026,40,INE0O5T01011
RGL,EQ,163.69,166,160.56,164.27,165.9,163.23,348391,57094562.70,29-Sep-2026,8139,INE722H01024
RNPL,SM,62.6,62.6,62.6,62.6,62.6,59.65,3600,225360.00,29-Sep-2026,3,INE0VZX01015
RENTOMOJO,EQ,489,507.9,485.55,502.15,504,491.35,2191503,1089214560.65,29-Sep-2026,69656,INE08T701025
REPCOHOME,EQ,344,345,339.05,343.65,342.1,346.75,53494,18296612.65,29-Sep-2026,1842,INE612J01015
REPRO,EQ,333,333,310.1,317.05,320,333.8,46679,14847480.05,29-Sep-2026,2130,INE461B01014
RESPONIND,EQ,162.4,172.69,160.22,168.09,168.02,161.6,1341506,225864910.72,29-Sep-2026,21557,INE688D01026
RBA,EQ,92,92.35,90.32,91.98,92.25,91.61,1645563,150512321.92,29-Sep-2026,22425,INE07T201019
RVTH,EQ,635,680,633.25,664.9,642.5,633.25,592,392881.55,29-Sep-2026,49,INE0DAB01012
REXPRO,SM,33.55,34.5,33.55,33.55,33.55,35,5000,170550.00,29-Sep-2026,5,INE113601012
RHETAN,EQ,16.69,16.7,16.69,16.69,16.7,15.91,11749535,196179071.70,29-Sep-2026,4915,INE0KKN01029
RHIM,EQ,386.6,399.6,379.35,393.2,393,386.6,714917,280179036.65,29-Sep-2026,22008,INE743M01012
RICHA,SM,80.7,80.7,80.7,80.7,80.7,78,1000,80700.00,29-Sep-2026,1,INE0J1P01015
RICOAUTO,EQ,127,127.01,123.51,126.22,125.79,127.36,583280,73214147.50,29-Sep-2026,7326,INE209B01025
RIR,EQ,186.21,191,182.75,188.08,187.98,186.21,588043,110323306.16,29-Sep-2026,9678,INE302D01024
RISHABH,EQ,717.5,728.85,699.65,723.85,721.65,713.5,83308,59664103.25,29-Sep-2026,8521,INE0N2P01017
RITCO,EQ,278.15,287.5,271.75,280.85,281.6,277.2,73429,20457766.60,29-Sep-2026,1613,INE01EG01016
RITEZONE,SM,17.1,17.1,16.75,16.75,16.75,17.6,14400,243280.00,29-Sep-2026,8,INE0MRA01019
RITES,EQ,196.11,196.11,191.25,192.31,192.2,196.11,387673,74867552.59,29-Sep-2026,16049,INE320J01015
RKEC,EQ,22.5,25.9,21.39,23.61,23.7,22.78,139704,3358917.29,29-Sep-2026,907,INE786W01010
RMC,EQ,209.59,214.15,206.02,210.37,213.9,208.96,16004,3366608.24,29-Sep-2026,915,INE655V01019
RNFI,SM,311,313,310.25,311.8,311.8,315,12000,3733050.00,29-Sep-2026,19,INE0SA001017
RHL,EQ,164.9,165,162.99,164.99,165,163.9,1539,253157.79,29-Sep-2026,38,INE508K01013
ROCKPP,E1,57.2,57.2,57.2,57.2,57.2,63.45,10000,572000.00,29-Sep-2026,2,IN90PTR01010
ROCKINGDCE,SM,221.45,221.45,215.9,215.9,215.9,212.65,2000,434125.00,29-Sep-2026,8,INE0PTR01012
ROLEXRINGS,EQ,194,196.81,189.15,190.58,190,193.45,2165701,417315648.13,29-Sep-2026,33842,INE645S01024
ROLLT,BE,5.24,5.24,5.24,5.24,5.24,5.51,172065,901620.60,29-Sep-2026,138,INE927A01040
ROSSARI,EQ,437,438.1,426,427.7,429.8,440.4,74365,31941480.50,29-Sep-2026,4502,INE02A801020
ROSSELLIND,EQ,50.1,51.98,50.1,51.03,51.97,51.18,19856,1011441.00,29-Sep-2026,418,INE847C01020
ROSSTECH,EQ,1409.9,1490,1375.8,1481.7,1470,1398.8,315207,456568466.40,29-Sep-2026,32618,INE0OJW01016
ROTO,EQ,62.9,64.01,62.18,63.26,63.12,62.55,332694,21003874.55,29-Sep-2026,3222,INE535D01037
ROUTE,EQ,452.5,454.05,444.1,447.2,447,453.45,97047,43522677.25,29-Sep-2026,5330,INE450U01017
ROXHITECH,SM,45.6,47.6,45.6,46.55,46,47.8,14400,671200.00,29-Sep-2026,9,INE0PDJ01013
ROHLTD,EQ,298.1,310.2,296.1,306.35,301.1,299.05,14020,4221565.15,29-Sep-2026,893,INE283H01019
RPGLIFE,EQ,2935,3125,2926.3,3089.2,3103.6,2955.1,96080,290037253.80,29-Sep-2026,10594,INE105J01010
RPSGVENT,EQ,848,848,828,833.85,830.6,842.05,25190,20982807.05,29-Sep-2026,1095,INE425Y01011
RSWM,EQ,209.29,215.29,206.58,212.37,212.02,211.35,57039,12040660.44,29-Sep-2026,1638,INE611A01016
RUBFILA,EQ,62.37,64.5,61.61,63.85,64.4,62.37,41304,2591689.76,29-Sep-2026,833,INE642C01025
RUBICON,EQ,1593.6,1646.4,1583.2,1609,1599,1592.8,701771,1125838068.10,29-Sep-2026,54306,INE506V01022
RUCHINFRA,EQ,5.19,5.19,5.03,5.05,5.03,5.09,47504,241676.33,29-Sep-2026,136,INE413B01023
RUCHIRA,EQ,107.8,107.8,104,104.29,105.15,106.92,20128,2118001.30,29-Sep-2026,506,INE803H01014
RUDRA,EQ,18.55,18.6,18.01,18.03,18.03,18.55,30405,554072.80,29-Sep-2026,181,INE027T01023
REPL,EQ,61,61.19,60,61.14,61.15,61.2,715,43382.15,29-Sep-2026,28,INE364Z01019
RULKA,SM,105,110.5,105,107.4,107.4,107.3,6900,742860.00,29-Sep-2026,21,INE0R7301013
RUPA,EQ,132.98,133.57,130,132.39,131.98,132.75,100141,13187460.53,29-Sep-2026,5438,INE895B01021
RUSHIL,EQ,15.84,16.45,15.84,16.13,16.08,15.96,250310,4050569.65,29-Sep-2026,615,INE573K01025
SATECH,SM,37.6,37.6,37.6,37.6,37.6,37.6,1000,37600.00,29-Sep-2026,1,INE0BSN01013
SCHAND,EQ,147.5,149.05,142.78,147.29,146.38,144.65,40487,5900331.25,29-Sep-2026,1091,INE807K01035
SDREAMS,SM,81,81,81,81,81,81.5,2000,162000.00,29-Sep-2026,2,INE0X6F01017
SHK,EQ,137.02,142.28,136.23,140.33,139.25,137.78,276049,38554709.52,29-Sep-2026,5588,INE500L01026
SJLOGISTIC,SM,319,324.7,314.1,322.55,321,317,30500,9729037.50,29-Sep-2026,88,INE0F3301020
SVGLOBAL,EQ,157,157,142,143.2,143.9,144.06,1243,182044.72,29-Sep-2026,52,INE159L01013
S&SPOWER,EQ,298.2,311,298.05,301.25,302,311.1,5052,1530797.65,29-Sep-2026,139,INE902B01017
SPAL,EQ,950,953.8,930.6,935.8,942.4,948.5,19945,18781891.50,29-Sep-2026,1908,INE212I01016
SALSTEEL,EQ,95.3,97.68,92,97.08,96.99,93.03,1208259,115183897.50,29-Sep-2026,7241,INE658G01014
SAAKSHI,ST,360,367.2,360,367,367,360,10200,3732000.00,29-Sep-2026,16,INE0PSK01027
SAATVIKGL,EQ,420,422,404.35,414.5,415.5,422.4,186910,76964468.35,29-Sep-2026,10132,INE13B501022
SACHEEROME,SM,450,465,441.05,457.25,465,449.05,17700,7976745.00,29-Sep-2026,55,INE1ARD01016
SADBHAV,EQ,7.19,7.19,6.9,6.93,7,7.19,369279,2578406.15,29-Sep-2026,797,INE226H01026
SADBHIN,EQ,2.57,2.6,2.5,2.56,2.57,2.57,87828,223430.78,29-Sep-2026,131,INE764L01010
SADHNANIQ,BE,2.63,2.69,2.55,2.59,2.6,2.68,1588892,4096924.88,29-Sep-2026,972,INE888C01040
SADHAV,SM,106.35,110,106.35,110,110,110,15600,1705590.00,29-Sep-2026,20,INE0K5H01010
SAFARI,EQ,1464.5,1464.5,1412.5,1430.9,1430,1453.2,31021,44389770.20,29-Sep-2026,6672,INE429E01023
SAFEENTP,SM,250,250,236.2,239.25,239.1,249.55,66500,15983925.00,29-Sep-2026,109,INE17D601016
SAGCEM,EQ,149,150.92,146.6,147.45,146.99,149.64,29148,4306490.67,29-Sep-2026,1058,INE229C01021
SAGARDEEP,EQ,23.18,23.6,22.76,23.44,23.1,23.29,6760,155156.25,29-Sep-2026,80,INE976T01013
SAGILITY,EQ,43.45,43.47,42.11,42.54,42.54,43.45,11366184,483758229.52,29-Sep-2026,28044,INE0W2G01015
SAHAJSOLAR,SM,88.4,91.9,87,87.9,87.5,89.8,16800,1477920.00,29-Sep-2026,35,INE0P4701011
SAHANA,SM,825,829.7,790,806,811.05,817.45,19650,16061775.00,29-Sep-2026,87,INE0LEX01011
SAHASRA,SM,459.95,472.75,427.75,432.75,427.8,450.25,265600,121425960.00,29-Sep-2026,550,INE0RBQ01018
SAHYADRI,EQ,353.5,353.9,346.1,349.2,349,351.3,3181,1111308.90,29-Sep-2026,230,INE280H01015
SAICAPI,EQ,154.45,155.85,153.99,155.09,155.85,155.85,138,21323.23,29-Sep-2026,33,INE531X01018
SAILIFE,EQ,1576,1594.5,1550,1559.9,1558,1582.8,356685,560058807.20,29-Sep-2026,41501,INE570L01029
SAIPARENT,EQ,504.7,514.05,501,502.5,502,509.95,64324,32577312.80,29-Sep-2026,3007,INE0H9F01037
KALAMANDIR,EQ,78.99,79.5,75.37,76.19,76.1,78.14,739776,56896660.69,29-Sep-2026,5160,INE438K01021
SEKURITIND,EQ,107.62,112,107.62,109.55,109.6,108.12,19727,2161018.91,29-Sep-2026,469,INE068B01017
SAJHOTELS,ST,30.1,30.1,30,30,30,31.1,6000,180300.00,29-Sep-2026,3,INE00MT01022
SAKAR,EQ,1087,1129,1081.65,1121.85,1129,1089.65,47204,52470176.10,29-Sep-2026,4299,INE732S01012
SAKSOFT,EQ,142.5,142.68,139,139.78,139.98,141.81,179876,25277494.99,29-Sep-2026,4328,INE667G01023
SAKHTISUG,EQ,18.75,18.75,17.86,18.11,18.05,18.42,85154,1546688.76,29-Sep-2026,581,INE623A01011
SAKUMA,EQ,1.61,1.61,1.53,1.55,1.58,1.61,1090164,1704395.13,29-Sep-2026,989,INE190H01024
SALASAR,EQ,4.51,4.54,3.82,4.16,4.14,4.51,22936188,95406991.55,29-Sep-2026,44926,INE170V01027
SALONA,EQ,270,270,260.2,266.95,267.1,272.95,441,116850.65,29-Sep-2026,80,INE498E01010
SALZERELEC,EQ,537.15,544.45,530.15,535.65,535,535.55,36625,19675248.80,29-Sep-2026,2104,INE457F01013
SAMBANDAM,EQ,106.24,110.15,105,109.98,109.98,106.24,212,23144.98,29-Sep-2026,20,INE304D01012
SAMBHAAV,EQ,5.6,6.09,5.56,5.92,5.93,5.8,95530,565865.33,29-Sep-2026,209,INE699B01027
SAMBHV,EQ,154,163.8,152.5,162.24,161.3,154,8688235,1394243630.15,29-Sep-2026,77197,INE12NJ01018
SAIFL,SM,4.15,4.25,4.1,4.25,4.25,4.15,124000,515600.00,29-Sep-2026,25,INE0PZA01015
SAMHI,EQ,149.55,150.85,145.55,149.34,148.5,150.16,888234,131763402.90,29-Sep-2026,17061,INE08U801020
SAMMAANCAP,EQ,139.08,139.2,135.68,136.48,136.22,138.82,4111952,564140678.93,29-Sep-2026,29473,INE148I01020
SAMPANN,EQ,25.25,25.25,23.75,23.82,23.8,24.29,18697,448921.50,29-Sep-2026,261,INE735M01018
MOTHERSON,EQ,162.08,163.24,158.56,158.56,158.56,162.37,14156331,2283254677.32,29-Sep-2026,55657,INE775A01035
SANATHAN,EQ,525.95,530.95,510.2,515,515,517.55,88348,46116989.10,29-Sep-2026,3814,INE0JPD01013
SANDESH,EQ,1020.1,1049.4,1001,1029.6,1030.9,1027.9,218,222949.70,29-Sep-2026,83,INE583B01015
SANDHAR,EQ,579.2,585.4,568.85,582.7,581.3,576.55,68787,39856491.65,29-Sep-2026,4931,INE278H01035
SANDUMA,EQ,181.9,184,178.53,182.69,183.1,181.51,448066,81424596.68,29-Sep-2026,10690,INE149K01016
SANGAMIND,EQ,633.55,658.9,625.05,645.55,644.5,629.3,157857,102049999.15,29-Sep-2026,9734,INE495C01010
SANGANI,SM,55.5,56.3,55.5,56.3,56.3,53.65,15000,843300.00,29-Sep-2026,3,INE0OVI01010
SANGHVIMOV,EQ,444,459.6,437.4,454,453.55,444.3,249409,112266794.70,29-Sep-2026,9339,INE989A01032
SANOFICONR,EQ,3971.1,3971.1,3813,3867,3888,3976.2,41560,159958479.90,29-Sep-2026,13025,INE0UOS01011
SANOFI,EQ,3103.5,3112.1,3061.2,3072.1,3071.2,3103.5,10918,33655761.30,29-Sep-2026,2480,INE058A01010
SANSERA,EQ,4380,4550,4154.6,4362.2,4448.4,4457.2,1016129,4362727088.40,29-Sep-2026,122534,INE953O01021
SANSTAR,EQ,106.5,107.08,104.62,105.9,105.15,106.9,123874,13098196.61,29-Sep-2026,2192,INE08NE01025
SANWARIA,BZ,0.2,0.2,0.19,0.19,0.2,0.19,456837,89340.71,29-Sep-2026,109,INE890C01046
SAPPHIRE,EQ,216,224.13,206.1,211.05,211.11,216.68,4093215,869903954.85,29-Sep-2026,53483,INE806T01020
SARTELE,SM,88,93,88,91.95,92.95,84.8,121000,10995875.00,29-Sep-2026,177,INE0PUC01020
ZSARACOM,EQ,10058,10299,9834,10233,10255,10008,30,306170.00,29-Sep-2026,25,INE967G01019
SSDL,EQ,86.52,86.78,82.19,83.92,84,81.52,411654,34424948.17,29-Sep-2026,6492,INE0PQ101010
SARDAEN,EQ,500.45,504.75,493,500.35,502.8,501.3,260686,130008778.60,29-Sep-2026,13951,INE385C01021
SAREGAMA,EQ,489.85,502.4,473,493.45,493.15,489.6,1317275,647097474.65,29-Sep-2026,43482,INE979A01025
SARLAPOLY,EQ,98.7,98.7,95.3,95.67,95.75,97.7,22199,2134062.41,29-Sep-2026,821,INE453D01025
SMLT,EQ,60.9,60.9,58.23,59.31,59.43,58.81,1905,113101.79,29-Sep-2026,81,INE017W01010
SARVESHWAR,EQ,3.55,3.59,3.4,3.44,3.44,3.49,1542269,5329445.05,29-Sep-2026,2362,INE324X01026
SASKEN,EQ,1681,1690,1611.7,1658.8,1664.4,1658.2,29675,48555115.10,29-Sep-2026,4861,INE231F01020
SATKARTAR,SM,181.9,188,176,179.3,178,181.9,47200,8500600.00,29-Sep-2026,45,INE0NB801022
SSEGL,SM,389.5,391.4,368,374.45,374,380.05,38600,14557570.00,29-Sep-2026,162,INE0RFP01011
SATIPOLY,SM,33,33.8,33,33.8,33.8,33,1500,49900.00,29-Sep-2026,3,INE0RPM01017
SATIA,EQ,68.1,69,66.96,68.48,68.31,68.1,127525,8697393.12,29-Sep-2026,2211,INE170E01023
SATIN,EQ,235.5,244,231.56,237.69,236.78,234.4,386081,92087892.22,29-Sep-2026,7679,INE836B01017
SATTVAENGG,SM,56.55,58.65,53,53.7,55,56.1,48000,2635040.00,29-Sep-2026,29,INE14DW01018
SAURASHCEM,EQ,53.4,54.49,53.4,54.1,53.56,53.35,93956,5070125.47,29-Sep-2026,1074,INE626A01014
SOTL,EQ,703.5,721,694.1,717,710.9,699.3,192685,136688961.35,29-Sep-2026,10286,INE035D01020
SAVY,SM,139,139,137,137,137,139.35,2400,331200.00,29-Sep-2026,2,INE0UCN01017
SAWALIYA,SM,165,176,162.15,173.6,176,162.45,54600,9312030.00,29-Sep-2026,28,INE10VS01016
SAYAJIHOTL,EQ,302,305.95,302,304,304,325.95,7,2125.75,29-Sep-2026,4,INE318C01014
SAYAJIIND,EQ,112.01,120.95,110.5,118.7,120.95,116.09,4247,488155.74,29-Sep-2026,35,INE327G01032
SBC,EQ,54.31,55.26,53.93,54.73,54.89,53.54,14185608,775653390.80,29-Sep-2026,21107,INE04AK01028
SBFC,EQ,86.78,88.3,83.61,84.46,84.8,86.82,5969074,508096831.90,29-Sep-2026,39087,INE423Y01016
SBICARD,EQ,593.05,594,581,581,581,591,1392600,818131345.50,29-Sep-2026,41953,INE018E01016
SBIFUNDS,EQ,523.35,524,516.5,517.8,518,522.9,788800,408869816.65,29-Sep-2026,36052,INE640G01020
SBILIFE,EQ,1731.6,1746,1711,1735,1735,1728.1,1598671,2763428663.00,29-Sep-2026,51203,INE123W01016
SETFGOLD,EQ,124.95,124.95,123.57,124.44,124.55,124.97,4944395,614827330.76,29-Sep-2026,14826,INF200KA16D8
SETFNIF50,EQ,252.22,252.22,243.59,245.02,245.73,246.07,1135277,277514249.59,29-Sep-2026,7153,INF200KA1FS1
SETFNIFBK,EQ,560.9,566,553.35,561.34,561.1,560.87,45053,25104667.38,29-Sep-2026,2358,INF200KA1580
SETFNN50,EQ,758.5,758.5,748.26,754.68,756,756.63,58980,44313100.58,29-Sep-2026,1691,INF200KA1598
LIQUIDSBI,EQ,999.99,1000.01,999.99,1000,1000.01,999.99,2804,2803984.48,29-Sep-2026,27,INF200KA13Z8
SBIBPB,EQ,46.95,47.29,46.01,46.66,46.4,46.83,97593,4514154.39,29-Sep-2026,577,INF200KB1712
SBIETFCON,EQ,117.78,117.78,115,115.9,115.89,116.37,1766,204768.06,29-Sep-2026,110,INF200KA1X17
SBIETFIT,EQ,314,314,307,307.5,307.15,311.71,8027,2474617.80,29-Sep-2026,251,INF200KA1S14
SBIETFPB,EQ,271.38,271.5,267.56,270.52,271.5,271.4,3754,1010268.95,29-Sep-2026,136,INF200KA1S22
SBIETFQLTY,EQ,210.55,210.55,207,209.05,209,210.55,23225,4826518.05,29-Sep-2026,92,INF200KA1WX6
SBILIQETF,EQ,1057.87,1057.89,1057.87,1057.87,1057.87,1057.74,31066,32864211.21,29-Sep-2026,139,INF200KB1969
SBIMIDMOM,EQ,60.5,61.74,60.5,61.33,61.48,61.14,351391,21547515.66,29-Sep-2026,166,INF200KB1AJ0
SBINEQWETF,EQ,31.92,31.92,31.5,31.65,31.7,31.77,43731,1382438.91,29-Sep-2026,222,INF200KB1282
SBINMID150,EQ,22.58,22.58,21.75,22.34,22.04,22.21,217628,4761672.89,29-Sep-2026,191,INF200KB1AK8
SBISILVER,EQ,215.5,215.54,213.55,214.53,214.7,216,885060,189826613.31,29-Sep-2026,7956,INF200KB1217
SBISMLETF,EQ,17.9,18.97,17.7,17.84,17.83,17.99,221299,3994537.34,29-Sep-2026,603,INF200KB1AY9
SBIVALETF,EQ,14.03,14.12,13.97,14.06,14.06,14.14,7748,108599.00,29-Sep-2026,50,INF200KB1AX1
SETF10GILT,EQ,259.8,261.85,259.8,261.83,261.84,260.71,4141,1083369.28,29-Sep-2026,32,INF200KA1JT1
SCANSTL,BE,52.07,52.07,48.15,49.64,50.38,50.36,17619,867889.10,29-Sep-2026,130,INE099G01011
SCHAEFFLER,EQ,3955.5,3955.5,3900,3920,3922,3955.5,91928,359861020.90,29-Sep-2026,11260,INE513A01022
SCHNEIDER,EQ,1193.8,1214,1182.4,1192.7,1197,1188.2,159472,190749963.60,29-Sep-2026,19436,INE839M01018
SCL01825,N6,1070.5,1070.5,1070.5,1070.5,1070.5,1090,9,9634.50,29-Sep-2026,1,INE148I07XX3
1025SCL35A,N1,1008,1008,1008,1008,1008,1000,400,403200.00,29-Sep-2026,1,INE148I07VZ2
902SCL28,N1,999,999,999,999,999,999,184,183816.00,29-Sep-2026,1,INE148I07WU1
950SCL30,N0,102094.71,102094.71,102094.71,102094.71,102094.71,103023.12,3,306284.13,29-Sep-2026,1,INE148I07WY3
975SCL29,N0,100009,101964.23,100009,101964.23,101964.23,100569,2,201973.23,29-Sep-2026,2,INE148I07TX1
990SCL28,N1,1054.5,1054.5,1048.8,1054.5,1054.5,1048.8,200,210843.00,29-Sep-2026,7,INE148I07WI6
SCODATUBES,EQ,130.02,132.47,128.7,130.14,130,130.53,241476,31468588.13,29-Sep-2026,2560,INE090501011
774AS33,SG,100.4,100.4,100.4,100.4,100.4,96.09,100,10040.00,29-Sep-2026,1,IN1220230131
745BR50,SG,92,92,92,92,92,94.05,100,9200.00,29-Sep-2026,1,IN1320250138
729CG30,SG,99.08,99.08,99.08,99.08,99.08,96.68,100,9908.00,29-Sep-2026,1,IN3520230019
782CG48,SG,99,99,99,99,99,99,100,9900.00,29-Sep-2026,1,IN3520260040
755GA32,SG,98.67,98.67,98.66,98.66,98.66,98.67,4000,394645.00,29-Sep-2026,5,IN1420220098
77GA33B,SG,100,100,100,100,100,100,100,10000.00,29-Sep-2026,1,IN1420230162
669GJ34,SG,93.5,93.5,93.5,93.5,93.5,93.6,200,18700.00,29-Sep-2026,1,IN1520250037
726MH49,SG,95,95,95,95,95,92,100,9500.00,29-Sep-2026,1,IN2220240138
746MH35,SG,96,96,96,96,96,93,100,9600.00,29-Sep-2026,1,IN2220230238
763MH39,SG,95,95,95,95,95,100,100,9500.00,29-Sep-2026,1,IN2220260086
77MH34A,SG,99.47,99.47,99.47,99.47,99.47,99.47,100,9947.00,29-Sep-2026,1,IN2220230162
781RJ49,SG,100.5,100.5,100.5,100.5,100.5,100.5,100,10050.00,29-Sep-2026,1,IN2920260048
739TN42,SG,94.04,94.04,94.04,94.04,94.04,95.67,100,9404.00,29-Sep-2026,1,IN3120210528
742TN34A,SG,98.88,98.88,98.88,98.88,98.88,99,200,19776.00,29-Sep-2026,1,IN3120240012
744TN55A,SG,92.15,92.15,92.14,92.14,92.14,92.61,900,82931.00,29-Sep-2026,2,IN3120250318
768TN30A,SG,101.03,101.03,101.03,101.03,101.03,101.03,200,20206.00,29-Sep-2026,1,IN3120230302
746UP34,SG,95,95,95,95,95,95,100,9500.00,29-Sep-2026,1,IN3320230276
782UP46,SG,100.25,100.25,100.25,100.25,100.25,100.25,100,10025.00,29-Sep-2026,1,IN3320260042
935LTF29,N5,1100,1100,1100,1100,1100,1090.01,40,44000.00,29-Sep-2026,1,INE027E07972
SEAMECLTD,EQ,1684.2,1686.8,1644,1653.2,1645.1,1684.3,46114,76429744.20,29-Sep-2026,5021,INE497B01018
IIFLHFZC27,NB,1460,1460,1460,1460,1460,1456,10,14600.00,29-Sep-2026,1,INE477L07AP4
10ISFL26,N3,1065.5,1065.5,1065.5,1065.5,1065.5,1069,1,1065.50,29-Sep-2026,1,INE413U07277
1003IIFL29,NC,1025,1025,1025,1025,1025,1012.01,1,1025.00,29-Sep-2026,1,INE413U07301
890SFIL23A,NZ,439.89,439.89,371.1,371.1,371.1,439.9,52,22048.80,29-Sep-2026,3,INE244L07523
1015SCFL29,YY,1037.65,1070,1037.65,1070,1070,1045.8,117,123507.00,29-Sep-2026,5,INE148I07SS3
1025UCL26A,N1,995.02,995.02,995.02,995.02,995.02,995.02,97,96516.94,29-Sep-2026,1,INE583D07521
1025SCL34A,ZT,1005.1,1005.1,1005.1,1005.1,1005.1,1011.5,10,10051.00,29-Sep-2026,1,INE148I07TN2
835SCL23B,YM,1008,1008,1008,1008,1008,990.9,105,105840.00,29-Sep-2026,1,INE148I07RZ0
888SCL25E,N4,686.4,686.4,686.4,686.4,686.4,686.4,8,5491.20,29-Sep-2026,2,INE148I07PV3
965SCL25F,NZ,805,805,803,803,803,793.5,308,247679.70,29-Sep-2026,7,INE148I07RB1
1040UCL27B,N1,1035,1035,1035,1035,1035,1004.31,5,5175.00,29-Sep-2026,1,INE583D07513
1050ISFL28,N5,1070,1075,1070,1075,1075,1070,13,13935.00,29-Sep-2026,3,INE413U07251
1003SFIL28,NX,436,439,372,391.55,428,461.73,137,55369.00,29-Sep-2026,11,INE244L07556
1065NFL27,NC,1002,1012,1002,1012,1012,1015,249,251488.00,29-Sep-2026,3,INE342T07460
79NHIT35,N1,311,311,310,310,310,310,900,279809.53,29-Sep-2026,14,INE0H7R07017
79NHIT40,N2,314.5,314.5,310.05,310.05,310.05,312,3,936.05,29-Sep-2026,3,INE0H7R07025
79NHIT47,N3,419,419,419,419,419,417.05,10,4190.00,29-Sep-2026,1,INE0H7R07033
82IGT31,NJ,1043.85,1043.9,1043.85,1043.9,1043.9,1041.81,150,156584.50,29-Sep-2026,2,INE219X07264
843IHFL29,NC,990,992,990,992,992,982,151,149590.00,29-Sep-2026,3,INE477L07AQ2
865IIFL28,NS,986.7,991,986.7,987.21,987.21,986.7,874,863269.91,29-Sep-2026,27,INE530B07310
875IHFL29,ND,1048,1048,1048,1048,1048,1030,35,36680.00,29-Sep-2026,1,INE477L07AR0
89IHFL29,N1,984.8,985,970.01,984,984,984.8,459,450454.24,29-Sep-2026,6,INE477L07BG1
897MOFSL29,N4,1033,1038,1033,1037.96,1038,1030,200,207395.00,29-Sep-2026,6,INE338I07164
9IHFL27,N1,1056,1056,1056,1056,1056,1059.54,13,13728.00,29-Sep-2026,2,INE477L07BC0
9IIFL28,Y0,1002.5,1002.5,1002.5,1002.5,1002.5,1002.5,101,101252.50,29-Sep-2026,3,INE530B07377
9IIFL28A,NT,1048,1049.5,1048,1049.5,1049.5,1043,20,20981.00,29-Sep-2026,3,INE530B07260
91MOFSL27,N2,1030.1,1030.1,1030.1,1030.1,1030.1,1028.71,35,36053.50,29-Sep-2026,2,INE338I07149
905SC24B,Z9,992,992,992,992,992,992,1,992.00,29-Sep-2026,1,INE148I07ML1
93MOFSL34,N6,1065,1065,1065,1065,1065,1065,20,21300.00,29-Sep-2026,1,INE338I07115
965SCL25C,N0,420.8,420.8,420.8,420.8,420.8,420.8,2,841.60,29-Sep-2026,1,INE148I07ND6
948SCL27D,N1,990.5,990.5,990.5,990.5,990.5,1010,4,3962.00,29-Sep-2026,1,INE148I07UC3
956AEL29,N6,1050,1050,1040,1040,1040,1010,435,455250.00,29-Sep-2026,5,INE423A07336
965AEL27,N4,1011.4,1013.5,1011,1013.5,1013.5,1014.9,441,445947.25,29-Sep-2026,17,INE423A07328
970CAGL28,ND,1011,1017.99,1011,1014.5,1015,1015.99,153,155425.95,29-Sep-2026,8,INE741K07579
97MOFSL34,N7,1100,1100,1100,1100,1100,1098,50,55000.00,29-Sep-2026,1,INE338I07123
971SCL28,AN,360.3,400,360,390,390,450,205,76306.00,29-Sep-2026,9,INE148I07NV8
99SCL27,ZH,1030.8,1030.8,1030,1030.8,1030.8,1014.43,33,34015.60,29-Sep-2026,5,INE148I07TF8
99AEL29,N7,1048,1048,1048,1048,1048,1054,100,104800.00,29-Sep-2026,2,INE423A07344
IHFL261224,N1,1150.8,1150.8,1150.8,1150.8,1150.8,1150.8,50,57540.00,29-Sep-2026,1,INE477L07BA4
0MOFSL27,N3,1216.1,1225,1216.1,1225,1225,1234.5,40,48822.00,29-Sep-2026,2,INE338I07099
IMC1,N2,250.3,250.3,250.3,250.3,250.3,250.3,21,5256.30,29-Sep-2026,1,INE00QS24027
IMC1,N3,251.5,251.5,251.5,251.5,251.5,251.01,1281,322171.50,29-Sep-2026,9,INE00QS24035
1015ECL29,NR,1012,1020.99,1012,1020.99,1020.99,1019,22,22393.86,29-Sep-2026,5,INE804IA7014
1060ECL29,NS,1084.99,1084.99,1084.99,1084.99,1084.99,1178,20,21699.80,29-Sep-2026,1,INE804IA7022
81TCHF28,N8,1005.01,1010.05,1005,1010,1010,1046.99,246,247861.14,29-Sep-2026,12,INE033L07GS6
903SFL28,YI,1026,1026,1026,1026,1026,1023.3,10,10260.00,29-Sep-2026,1,INE721A07NU1
930SFL28,YP,1035,1053,1035,1051.99,1051.99,1035,228,237279.50,29-Sep-2026,4,INE721A07OC7
943ECL28,NJ,1005,1005,1003.02,1003.02,1003.02,1002,55,55176.00,29-Sep-2026,2,INE804I078Y8
SECMARK,EQ,141.28,143.7,133.41,142.75,142.75,141.28,28,3959.17,29-Sep-2026,6,INE0BTM01013
SECURKLOUD,EQ,17.44,17.44,16.62,17.06,17.1,17.14,23462,399508.55,29-Sep-2026,102,INE650K01021
SEDEMAC,EQ,3523.9,3596,3450.6,3485.6,3494.1,3547.8,437207,1546192325.70,29-Sep-2026,56809,INE00XB01019
SEJALLTD,EQ,664.6,664.6,645,648.75,645,664.6,5509,3580246.05,29-Sep-2026,502,INE955I01044
SEMAC,EQ,245,245,237,243.95,243.95,247.9,808,193678.40,29-Sep-2026,40,INE617A01013
SENCO,EQ,321.75,331.5,320.9,328.3,327.4,318.3,1459192,478103852.60,29-Sep-2026,42862,INE602W01027
SENORES,EQ,1352.5,1435,1352.5,1403.7,1394,1351.8,506799,711405930.00,29-Sep-2026,35258,INE0RB801010
SEPC,EQ,5,5.15,4.92,5.1,5.09,4.96,10955991,55373038.70,29-Sep-2026,5519,INE964H01014
865LTF26,NN,1070,1070,1070,1070,1070,1068,15,16050.00,29-Sep-2026,1,INE027E07BC8
898LTF29,N7,1076.44,1076.44,1076.44,1076.44,1076.44,1076.44,1,1076.44,29-Sep-2026,1,INE027E07998
905LTF27,NF,1050,1050,1048,1048,1048,1042,50,52450.00,29-Sep-2026,2,INE027E07AL1
865TCAPS27,N8,1017.99,1017.99,1016,1016.07,1016,1019.85,277,281716.57,29-Sep-2026,8,INE306N07LM5
96SFIL24A,NB,980,980,980,980,980,988,10,9800.00,29-Sep-2026,1,INE244L07168
SERVOTECH,EQ,72.75,74,69.76,71.34,71.3,72.34,811420,58285854.63,29-Sep-2026,8470,INE782X01033
STYL,EQ,373.75,383.35,360.3,368.8,372,370.35,243419,89352311.30,29-Sep-2026,8165,INE04VU01023
SESHAPAPER,EQ,241.07,245.16,241,242.53,242.25,242.23,8410,2036532.96,29-Sep-2026,359,INE630A01024
SETCO,BE,18.43,19.2,18.1,18.67,18.84,18.52,61709,1149807.81,29-Sep-2026,184,INE878E01021
SETUINFRA,BZ,0.55,0.55,0.53,0.53,0.53,0.54,5024,2668.52,29-Sep-2026,16,INE023M01027
SEYAIND,BE,13.87,13.87,13.33,13.33,13.33,13.6,639,8578.19,29-Sep-2026,22,INE573R01012
SGFIN,EQ,589.75,604.45,573.7,595.3,591,589.75,246626,145273616.55,29-Sep-2026,11119,INE618R01015
SGMART,EQ,729.8,770.5,725.9,755.95,758,729.5,491934,371605235.25,29-Sep-2026,22446,INE385F01024
SGLRES,EQ,2.3,2.42,2.25,2.33,2.4,2.35,27251,62788.18,29-Sep-2026,68,INE967B01028
SHADOWFAX,EQ,274.05,284.9,270.5,280.85,281.7,274.05,4932256,1376358693.25,29-Sep-2026,99161,INE12UN01015
SHAHALLOYS,BE,89,90,88.25,89.35,89.5,89.39,9153,815260.14,29-Sep-2026,59,INE640C01011
SHAH,EQ,3.2,3.2,3.11,3.15,3.15,3.18,858603,2700669.84,29-Sep-2026,832,INE482J01021
SHAILY,EQ,3046.5,3091,3011.9,3040.8,3033,3033.5,109791,335603147.30,29-Sep-2026,22573,INE151G01028
SHAKTIPUMP,EQ,463,463.4,455.8,458,457.9,465.15,263497,120946818.80,29-Sep-2026,12651,INE908D01010
SHALBY,EQ,143.73,144.4,141,142.01,141.1,143.25,57757,8247596.08,29-Sep-2026,1854,INE597J01018
SAHLIBHFI,EQ,78.09,79.15,76.87,78.37,78.99,75.61,17549,1375251.13,29-Sep-2026,254,INE861D01011
SHALPAINTS,BE,74.87,78.12,71.16,78.09,78.12,74.4,127726,9587457.60,29-Sep-2026,546,INE849C01026
SRD,EQ,39.05,39.5,37.98,38.78,39.5,39.03,27031,1035807.62,29-Sep-2026,242,INE01NE01012
SHANKARA,EQ,128.61,131.6,124.77,127.47,127,127.34,23889,3029571.40,29-Sep-2026,1261,INE274V01019
BUILDPRO,EQ,1261.3,1279.1,1229.5,1244.2,1260,1256.7,50034,62836148.30,29-Sep-2026,5077,INE24OJ01011
SHANKESH,EQ,90.5,91,88.11,88.8,88.8,90.42,1519099,136321753.37,29-Sep-2026,13298,INE1WFC01025
SHANTIGEAR,EQ,625,625,601.65,601.65,601.65,633.3,81490,49229010.60,29-Sep-2026,3055,INE631A01022
SEIL,EQ,188,195,185.41,188.92,188.06,190.06,121217,22783733.22,29-Sep-2026,1378,INE440T01028
SHANTIGOLD,EQ,310,314.99,296.85,306.85,305,308.77,3338239,1024081779.79,29-Sep-2026,40322,INE06ZD01017
SHANTIINOR,SM,173,181.65,172.5,177.7,177,177.45,91200,16183200.00,29-Sep-2026,50,INE1ZEE01019
SHANTI,EQ,5.67,5.95,5.26,5.57,5.5,5.67,47911,271834.60,29-Sep-2026,108,INE933X01016
SHINDL,EQ,159.49,160.99,158.05,160.1,160.25,160.03,126506,20146410.16,29-Sep-2026,858,INE220Z01013
SHARDACROP,EQ,721,737.15,716,721.45,717,729.1,120611,87498885.00,29-Sep-2026,12747,INE221J01015
SHARDAMOTR,EQ,948,976.5,931,971.25,975.25,945.1,50632,48607594.90,29-Sep-2026,5315,INE597I01028
SHARDUL,BE,56.6,56.6,55.01,55.54,56.18,55.56,3166,175540.93,29-Sep-2026,43,INE037B01020
SHAREINDIA,EQ,206.1,213.12,202.22,205.68,205.1,206.1,1274403,263826175.16,29-Sep-2026,18301,INE932X01026
SCML,SM,70.65,75,70.65,74.65,75,75.3,17000,1249700.00,29-Sep-2026,11,INE460Q01014
SHEEL,SM,60.2,60.2,60.2,60.2,60.2,63,4000,240800.00,29-Sep-2026,2,INE0YJV01017
SFL,EQ,630,638.95,616.95,631.5,625.55,629.3,150092,94555187.85,29-Sep-2026,13390,INE916U01025
SCPL,BE,633,658,620.35,641.05,639,628.5,5479,3503906.45,29-Sep-2026,189,INE501Y01019
SHEETAL,SM,356.95,357,351.05,354,357,357,2000,711000.00,29-Sep-2026,4,INE04VX01019
SHEKHAWATI,BE,30.18,30.18,30.18,30.18,30.18,28.75,29954,904011.72,29-Sep-2026,113,INE268L01046
SHEMAROO,EQ,121.7,123,116.56,117.95,116.56,121.65,3375,405684.68,29-Sep-2026,96,INE363M01019
SHERA,SM,190,197,185.25,195.3,196,190.7,157000,30467250.00,29-Sep-2026,94,INE0MM001019
SHERVANI,EQ,325,325,325,325,325,348.55,10,3250.00,29-Sep-2026,2,INE011D01013
SHIGAN,SM,63.8,63.8,58.3,58.3,58.3,60.55,3000,183150.00,29-Sep-2026,2,INE03KJ01013
SHILCTECH,EQ,4061,4143.9,4003,4032.7,4016,4061.3,42437,173057435.80,29-Sep-2026,8721,INE024F01011
SHILGRAVQ,EQ,143.36,148.8,138,139.82,144.69,143.36,4090,573312.03,29-Sep-2026,200,INE960A01017
SHILPAMED,EQ,1033.1,1071.1,1018.7,1055.75,1052.95,1025.25,875494,916414011.70,29-Sep-2026,52315,INE790G01031
SCILAL,EQ,36.9,36.91,36.4,36.69,36.55,36.9,179920,6589353.29,29-Sep-2026,1240,INE0PB301013
SCI,EQ,270.7,275.95,267.25,272.9,272,272.05,1448173,393458194.30,29-Sep-2026,25130,INE109A01011
SHIPROCKET,EQ,120.5,122.1,118.75,119.99,120.02,120.9,2378663,286431740.53,29-Sep-2026,38053,INE0FOO01011
SHIVAUM,EQ,544,548.8,542,545.4,542.25,544.2,13192,7191611.95,29-Sep-2026,151,INE719F01016
SHIVACEM,EQ,15.01,15.49,14.7,14.91,14.9,15.21,104609,1571053.73,29-Sep-2026,408,INE555C01029
SHIVAAGRO,EQ,39,39.9,38,39.13,39.9,38.99,4117,160072.89,29-Sep-2026,71,INE960E01019
SHIVAMILLS,EQ,58.06,60,57.53,60,60,60.55,3075,179821.68,29-Sep-2026,35,INE644Y01017
SHIVATEX,EQ,175,175,165.45,168.97,169.35,165.91,1956,331923.83,29-Sep-2026,66,INE705C01020
SPCL,SM,64.15,66.5,64.15,64.9,64.55,67.1,11400,740850.00,29-Sep-2026,19,INE0T7B01010
SBCL,EQ,1096.8,1129.3,1090.8,1111.3,1123.9,1110.2,154486,172122013.10,29-Sep-2026,9850,INE386D01027
SHIVALIK,EQ,411,419.55,401.7,411.35,412.9,407.95,66902,27478140.50,29-Sep-2026,2946,INE788J01021
SHIVAMAUTO,EQ,17.3,17.99,16.51,16.7,16.67,17.22,59079,998078.07,29-Sep-2026,329,INE637H01024
SHIVASHRIT,SM,113.7,114.95,110.35,113.3,113.45,113.75,22000,2489500.00,29-Sep-2026,17,INE1DLF01018
SHOPERSTOP,EQ,417.45,423.15,405.55,418.95,418.9,421.8,121522,50453407.05,29-Sep-2026,7456,INE498B01024
SHRADDHA,EQ,151.55,151.55,146.11,147.91,147.89,150.9,3246,482426.82,29-Sep-2026,158,INE311M01018
SHRADHA,EQ,30.25,30.25,29.55,29.58,29.55,29.48,667,19824.35,29-Sep-2026,35,INE715Y01031
SHREEPUSHK,EQ,492.4,494.95,476.55,481.9,476.55,496.85,30375,14798844.65,29-Sep-2026,1890,INE712K01011
SAPPL,EQ,293,298,276,293.55,298,279.95,2179,632332.70,29-Sep-2026,99,INE185C01017
SHREECEM,EQ,22170,22360,21550,21900,21900,22170,450209,9842907535.00,29-Sep-2026,38763,INE070A01015
SHREDIGCEM,EQ,66.24,67.19,65.21,66.41,65.6,66.61,31536,2092681.74,29-Sep-2026,823,INE232A01011
SGRL,EQ,675,688.95,645,665.75,667.3,680.05,20692,13895790.25,29-Sep-2026,1413,INE414Y01015
SHREEKARNI,SM,378,378,378,378,378,377.4,300,113400.00,29-Sep-2026,1,INE0S4Y01010
SHREEOSFM,SM,51.95,52,51,51,51,52,3000,154950.00,29-Sep-2026,3,INE02S501018
SRTL,EQ,37.75,38,36.5,37.35,37.45,37.2,12493,464636.25,29-Sep-2026,286,INE19GK01015
SHREERAMA,EQ,43.03,43.95,43.01,43.71,43.88,43.39,39201,1710247.37,29-Sep-2026,525,INE879A01019
RAMANEWS,EQ,30.19,31.58,30.17,30.31,30.32,31.11,10643,324889.18,29-Sep-2026,217,INE278B01020
RENUKA,EQ,22.73,22.88,22.36,22.54,22.49,22.91,7648950,172695342.28,29-Sep-2026,13791,INE087H01022
TIRUPATI,SM,277.9,277.9,277.9,277.9,277.9,292.5,125,34737.50,29-Sep-2026,1,INE238Y01018
BALAJEE,EQ,25,25.94,24.51,25.43,25.83,25.25,24908,620972.26,29-Sep-2026,272,INE0S2G01011
SVLL,EQ,821.35,828,810,813.35,812.5,821.35,39361,31885733.95,29-Sep-2026,49,INE00CE01017
SHREEDHAR,ST,164.95,164.95,156.75,156.75,156.75,165,26000,4110000.00,29-Sep-2026,8,INE0K3301012
SHETHJI,SM,190,190,185,187.1,187.25,187.15,91000,16929150.00,29-Sep-2026,19,INE1FL101016
SHREEJISPG,EQ,755,767.1,754,763.3,762.95,752.8,864463,658289889.00,29-Sep-2026,13304,INE1B6101010
OSWALSEEDS,EQ,12.5,12.8,12.05,12.52,12.64,12.45,77507,966075.43,29-Sep-2026,282,INE00IK01029
SHRENIK,BZ,0.3,0.3,0.28,0.29,0.29,0.29,311187,89353.42,29-Sep-2026,129,INE632X01030
SHREYANIND,EQ,130.29,130.29,129,129,129,129,5110,659628.83,29-Sep-2026,45,INE231C01019
SHRIAHIMSA,SM,435.05,444.95,427,437.55,436,440,20400,8826450.00,29-Sep-2026,31,INE0DM401012
SHBAJRG,EQ,169.99,172,165,169.16,168.27,169.72,13884,2349561.85,29-Sep-2026,246,INE402H01015
SHKSIL,SM,33.35,33.35,33.35,33.35,33.35,33.6,2000,66700.00,29-Sep-2026,1,INE0NON01025
SHRJAGP,EQ,637.7,637.7,620.1,634.35,637.7,637.25,251,157263.80,29-Sep-2026,49,INE564J01026
SHRIKANHA,SM,22.4,22.5,22.4,22.5,22.5,23.55,17600,394400.00,29-Sep-2026,11,INE1V4601019
SHRIKRISH,EQ,36,36.11,36,36.1,36.1,35.2,129,4653.27,29-Sep-2026,7,INE997I01012
SHRITECH,SM,60.15,62,60,60,60,62,8000,485000.00,29-Sep-2026,4,INE0OMF01015
SHRINGARMS,EQ,219.78,221.4,214.5,215.91,215,218.04,319671,69627148.98,29-Sep-2026,5189,INE1B3L01017
LIQUIDSHRI,EQ,1123.4,1123.42,1123.4,1123.41,1123.42,1123.27,4650,5223829.09,29-Sep-2026,16,INF680P01422
SHRIRAMFIN,EQ,975,986.2,967.9,971.5,971.5,976.3,6176420,6030357142.10,29-Sep-2026,225808,INE721A01047
SHRIRAMPPS,EQ,70.01,70.1,68.51,69.86,70,70.09,219843,15241026.96,29-Sep-2026,2946,INE217L01019
SHUBHLAXMI,SM,18.2,18.2,18.15,18.15,18.15,19.05,4000,72700.00,29-Sep-2026,4,INE01Z401013
SHUBHSHREE,SM,335.6,335.6,335.6,335.6,335.6,345.95,300,100680.00,29-Sep-2026,1,INE0UL701015
SHUKRAPHAR,EQ,60.25,62.49,59,60.3,60.2,59.43,8970388,542761799.46,29-Sep-2026,51081,INE551C01044
SHYAMCENT,BE,4.96,5.09,4.95,4.99,5.09,4.96,48331,241294.61,29-Sep-2026,83,INE979R01011
SHYAMDHANI,SM,52.05,52.05,52,52,52,54.15,6000,312100.00,29-Sep-2026,3,INE1CRP01016
SHYAMMETL,EQ,1064,1085.7,1056,1074,1075.5,1068.7,236237,253528007.60,29-Sep-2026,14295,INE810G01011
SHYAMTEL,EQ,11.14,11.46,10.3,10.86,10.85,11.16,15046,163377.73,29-Sep-2026,40,INE635A01023
SICAGEN,EQ,51.86,52.4,50.5,51.18,51.75,52.12,7947,408336.67,29-Sep-2026,86,INE176J01011
SICALLOG,BE,90.98,91.5,87.01,89.12,89.45,89.14,24853,2230612.04,29-Sep-2026,94,INE075B01020
ENRIN,EQ,3189.5,3246,3164.1,3199,3214,3189,346891,1111983640.20,29-Sep-2026,43335,INE1NPP01017
SIEMENS,EQ,3769.6,3814.6,3710,3710,3710,3785.5,344496,1299209678.80,29-Sep-2026,31488,INE003A01024
SIGACHI,EQ,28.98,29.95,28.05,28.76,29.1,28.77,4607371,133560431.57,29-Sep-2026,17115,INE0D0K01022
SIGMAADV,BE,915,976.9,904.85,976.9,976.9,930.4,564099,543269798.50,29-Sep-2026,5743,INE933B01012
SIGMA,EQ,44.06,44.74,43.07,43.9,44,44.74,65048,2854616.51,29-Sep-2026,1531,INE0A0S01028
SIGNATURE,EQ,775.95,775.95,751,754.45,753.1,780.35,298048,228277208.90,29-Sep-2026,12829,INE903U01023
SIGIND,BE,70.99,70.99,67.1,68.37,69.3,69.04,6858,467866.57,29-Sep-2026,108,INE529F01035
SIGNPOST,EQ,262.05,265.7,255.6,257.85,256,264.4,36505,9500133.15,29-Sep-2026,1227,INE0KGZ01021
SIKA,EQ,1032,1032,999.2,1025.45,1032,1021.35,24835,25303490.50,29-Sep-2026,2820,INE438E01032
SIKKO,BE,6.53,6.61,6.28,6.51,6.52,6.53,488459,3165282.87,29-Sep-2026,734,INE112X01025
SILINV,EQ,440,453,432.2,436.6,435.95,444.7,1251,547918.85,29-Sep-2026,146,INE923A01015
SILGO,EQ,69.03,71.52,68.5,70.49,71,68.31,113792,7893417.90,29-Sep-2026,927,INE01II01013
SILKY,SM,66.15,68.95,65,67.75,67.75,69.8,8000,531200.00,29-Sep-2026,10,INE0SN801015
SILVERTUC,EQ,145,147.27,139.26,140.59,141.9,145.8,260831,36975409.45,29-Sep-2026,4830,INE625X01026
SIMBHALS,BZ,6.43,6.43,6.31,6.31,6.31,6.43,14392,90955.84,29-Sep-2026,23,INE748T01016
SIMCA,ST,287,298,276.15,291,291,288.5,37200,10599930.00,29-Sep-2026,45,INE1K4J01018
SIMPLEXINF,EQ,241.15,245.75,237.3,242.85,239.5,241.1,67083,16230869.85,29-Sep-2026,1847,INE059B01024
SIMPLXREA,EQ,130.88,130.88,130.88,130.88,130.88,126.69,1,130.88,29-Sep-2026,1,INE167H01014
SINCLAIR,EQ,78.5,79.15,77,77.43,78,78.47,15996,1245385.49,29-Sep-2026,475,INE985A01022
SINDHUTRAD,EQ,22.99,23.19,22.65,22.86,23.09,23.24,152237,3497413.80,29-Sep-2026,763,INE325D01025
SINGERIND,EQ,76.2,77.68,75.21,76.79,76.75,77.43,60317,4610085.96,29-Sep-2026,552,INE638A01035
SINTERCOM,EQ,77.5,77.5,74.7,76.96,76.95,76.78,2593,198140.40,29-Sep-2026,90,INE129Z01016
SIRCA,EQ,406,413,401,408.05,407,406.6,147126,60025001.65,29-Sep-2026,2983,INE792Z01011
SIS,EQ,394.2,424.4,394.15,418.65,420,394.2,413495,170083715.75,29-Sep-2026,19649,INE285J01028
SITINET,BZ,0.27,0.28,0.27,0.27,0.27,0.27,434860,118494.73,29-Sep-2026,188,INE965H01011
SIYSIL,EQ,534.9,543.95,525.15,541.4,536,533.35,28804,15468625.65,29-Sep-2026,2724,INE076B01028
SJS,EQ,2262.5,2377.1,2260,2309.8,2305,2261.7,271747,630952542.80,29-Sep-2026,28352,INE284S01014
SJVN,EQ,61.1,61.35,59.42,59.83,59.68,61.06,10622257,636888229.12,29-Sep-2026,67437,INE002L01015
SKFINDUS,EQ,2881,2881,2721.3,2789,2792.9,2881.7,190210,527706874.70,29-Sep-2026,36330,INE2J8701016
SKFINDIA,EQ,1512,1536.4,1476.2,1514,1500,1511.8,164121,246965676.50,29-Sep-2026,23478,INE640A01023
SKIPPER,EQ,533.5,544.5,529.65,541.55,541,535.65,508233,273847495.85,29-Sep-2026,18184,INE439E01022
SKMEGGPROD,EQ,211.5,220.7,208.3,219.1,219,211.35,184627,39930945.10,29-Sep-2026,3760,INE411D01023
SKP,SM,163,167,163,166.95,167,162.55,34500,5735925.00,29-Sep-2026,20,INE0KZA01016
SKYGOLD,EQ,799.65,831.85,795,820.85,827,796.95,1433357,1163553201.65,29-Sep-2026,32962,INE01IU01018
SKYTECH,SM,35.3,35.3,35.3,35.3,35.3,33.65,32000,1129600.00,29-Sep-2026,17,INE0VFE01017
SKYWAYS,EQ,119.5,119.7,114.85,115.31,115.4,119.21,2023181,236754932.48,29-Sep-2026,21221,INE0PX301025
SLONE,ST,167,167.4,167,167.4,167.4,168.25,800,133760.00,29-Sep-2026,2,INE0SMA01017
SMARTEN,SM,63.8,63.8,60.65,60.7,60.7,63.8,24000,1466580.00,29-Sep-2026,14,INE14GK01016
SMARTLINK,BE,209,216.94,203,203.47,203.41,208.53,2095,434732.43,29-Sep-2026,54,INE178C01020
SMARTWORKS,EQ,509.65,517.25,499.7,514.25,513.35,511.65,190804,97360174.25,29-Sep-2026,8731,INE0NAZ01010
SMCGLOBAL,EQ,97,107,89.4,92.98,92.1,97.23,24531586,2363925404.35,29-Sep-2026,172228,INE103C01036
SMLMAH,EQ,6575,6660,6485.5,6616.5,6599,6515.5,34312,226125257.00,29-Sep-2026,6182,INE294B01019
SMSPHARMA,EQ,462,482.8,453.65,479.4,478,462.15,613848,288541371.70,29-Sep-2026,17909,INE812G01025
SMVD,SM,15.3,15.3,15.3,15.3,15.3,14.6,4040,61812.00,29-Sep-2026,1,INE702Y01013
SNEHAA,SM,43.15,43.15,43.15,43.15,43.15,45.2,1000,43150.00,29-Sep-2026,1,INE1OIC01018
SNOWMAN,EQ,35.2,35.39,34.3,34.69,34.81,35.09,111336,3876490.89,29-Sep-2026,1165,INE734N01019
SOBHA,EQ,1221.4,1227.8,1192,1216.5,1204.1,1218.7,101240,122703266.90,29-Sep-2026,15427,INE671H01015
SOFTTECH,EQ,505,510,484.55,502.85,496.05,495,16051,7940930.50,29-Sep-2026,293,INE728Z01015
SOLARINDS,EQ,19125,19400,18650,18650,18650,19150,226436,4328475965.00,29-Sep-2026,46543,INE343H01029
SOLARA,EQ,735,767.9,730.1,749.85,754,736.3,423670,319059134.85,29-Sep-2026,18728,INE624Z01016
SOLARWORLD,EQ,131.03,132.53,126.2,128.98,128,131.49,305013,39404885.67,29-Sep-2026,5228,INE0TY101024
SOLEX,EQ,695.45,698.6,678.8,688.55,694,695.45,38674,26641010.65,29-Sep-2026,2916,INE880Y01017
BALCO,SM,18.9,18.9,18.9,18.9,18.9,19.85,2400,45360.00,29-Sep-2026,2,INE0U0201016
SDBL,EQ,80.5,80.5,77.86,79.05,79,80.62,2249578,177592548.77,29-Sep-2026,15456,INE480C01038
SOMATEX,EQ,80,81.99,77.8,81.52,81.95,80.35,15615,1249182.74,29-Sep-2026,496,INE314C01013
SOMANYCERA,EQ,614.45,624.95,610.7,613.85,620,620.05,68751,42445150.70,29-Sep-2026,6243,INE355A01028
SOMICONVEY,EQ,91.68,91.68,88.26,88.62,88.6,89.18,5800,515360.40,29-Sep-2026,272,INE323J01019
SONACOMS,EQ,808,827.8,797.7,815.65,815.65,807.9,4300310,3510428564.60,29-Sep-2026,59351,INE073K01018
SONAL,EQ,87.5,91.75,87.4,91.72,91.75,92,508,44463.90,29-Sep-2026,17,INE321M01017
SONAMLTD,BE,69.57,71.9,67.75,68.4,68.5,69.54,90979,6247156.39,29-Sep-2026,195,INE00LM01029
SONA,BE,96.1,99.99,96.1,98.41,98.5,96.95,378373,36774398.59,29-Sep-2026,2697,INE0LLZ01011
SONATSOFTW,EQ,272.05,276.2,258.2,260.85,260.7,274.05,2520359,664286095.60,29-Sep-2026,38984,INE269A01021
SONUINFRA,SM,41.8,45.8,41.8,45.8,45.8,44,12000,543600.00,29-Sep-2026,4,INE0JZA01018
SOUTHWEST,EQ,188.8,197.05,182.82,183.41,183.99,189.85,110534,20520236.97,29-Sep-2026,3366,INE980Y01015
SPRL,SM,132.65,132.65,132.65,132.65,132.65,126.35,800,106120.00,29-Sep-2026,1,INE0JW501011
SPCENET,EQ,3.23,3.36,3.15,3.19,3.22,3.29,569986,1831415.08,29-Sep-2026,494,INE970N01027
SPANDANA,EQ,228.35,231.3,225.1,226.67,225.25,228.35,96391,21929286.05,29-Sep-2026,3270,INE572J01011
SPEB,SM,87.5,87.5,87.5,87.5,87.5,91,2000,175000.00,29-Sep-2026,1,INE1CW901027
SPECIALITY,BE,151,156,148,153.99,151.25,150.89,15975,2411065.45,29-Sep-2026,178,INE247M01014
SPECTRAA,ST,240.1,252.95,240,248.1,247,248.5,226800,56012040.00,29-Sep-2026,160,INE0GAN01010
SPECTRUM,BE,3624,3757,3595,3720.9,3700,3578.7,28315,104510341.40,29-Sep-2026,829,INE01EO01010
SPECTSTM,SM,57.95,61.9,57.95,60,60,55.5,6400,383840.00,29-Sep-2026,8,INE0OL001018
SPENCERS,EQ,27.41,27.99,27.06,27.4,27.21,27.41,21309,582834.17,29-Sep-2026,323,INE020801028
SPIC,EQ,62.53,63.9,62.06,63.47,63.1,62.75,215758,13576073.74,29-Sep-2026,2557,INE147A01011
SPLIL,EQ,29.76,30.5,29.6,29.89,29.89,29.87,1527,45553.26,29-Sep-2026,28,INE978G01016
SPMLINFRA,EQ,160,165,158.98,162.07,160,161.42,105856,17163657.40,29-Sep-2026,2217,INE937A01023
SPORTKING,EQ,208,213.9,203.31,212.16,213.3,207.42,247793,52027757.99,29-Sep-2026,6987,INE885H01029
SPPPOLY,SM,11.45,11.85,11.4,11.85,11.85,12,14000,161400.00,29-Sep-2026,7,INE0QR801013
SHRIPISTON,EQ,4647.5,4841.1,4558.6,4749.2,4725,4645.3,272659,1283607527.80,29-Sep-2026,47548,INE526E01018
SPUNWEB,SM,99.25,103,99.25,100,100,99.25,8400,857100.00,29-Sep-2026,4,INE19QH01010
SRHHYPOLTD,EQ,570,595.95,560.1,575.5,571.4,570,37670,21604051.50,29-Sep-2026,2578,INE917H01012
SREEL,BE,299.22,301,286.12,288.86,288,296.09,9417,2742994.75,29-Sep-2026,146,INE099F01013
SRF,EQ,2491.8,2498.7,2417.9,2420.1,2420.1,2491.5,290746,712063038.00,29-Sep-2026,21688,INE647A01010
SRGHFL,EQ,137.2,139.45,135.05,138.7,139,140.95,3048,418040.00,29-Sep-2026,110,INE559N01010
HAVISHA,EQ,1.44,1.44,1.29,1.32,1.33,1.38,134689,177554.59,29-Sep-2026,176,INE293B01029
SRIKPRIND,BE,27.78,27.78,26.4,27.48,27.48,27.78,923,24998.71,29-Sep-2026,21,INE009C01019
LOTUSDEV,BE,206,217.8,202.15,214.15,214,208.05,910440,195150081.91,29-Sep-2026,3584,INE0V9Q01010
SPCON,SM,172,172,172,172,172,167,1200,206400.00,29-Sep-2026,1,INE0TPJ01019
SSFL,ST,282,282,277.05,282,282,282,4500,1266525.00,29-Sep-2026,8,INE0ON201012
SRIVASAVI,ST,77.65,77.65,77.65,77.65,77.65,81.7,5000,388250.00,29-Sep-2026,5,INE0NPI01014
SRM,EQ,408.55,415.2,400.4,408.25,405.3,407.35,37125,15194341.65,29-Sep-2026,2165,INE0R6Z01013
SSRETAIL,EQ,742.15,775.75,691,746.85,764,716.95,16835075,12206782555.55,29-Sep-2026,368050,INE1EQW01028
STALLION,BE,224,224.85,210.47,219.58,219,221.54,299520,64835336.36,29-Sep-2026,2248,INE0RYC01010
SETL,EQ,434.7,437.65,416.1,428.95,429,422.65,717715,306417383.10,29-Sep-2026,15223,INE0M4D01010
SIL,EQ,16.5,16.89,15.9,16.42,16.45,16.63,36876,599402.12,29-Sep-2026,338,INE173A01025
STANLEY,EQ,133.35,145,133.34,137.58,137.48,135.81,340920,47309351.44,29-Sep-2026,5068,INE01A001028
STARCEMENT,EQ,182.33,182.33,175.2,178.1,177.7,182.42,649952,115609060.01,29-Sep-2026,15813,INE460H01021
STARHEALTH,EQ,550,561.65,535.9,538.1,539.5,552.5,631624,342257030.50,29-Sep-2026,43649,INE575P01011
STARPAPER,EQ,152,153.8,150,153.03,153,151.52,7247,1103491.06,29-Sep-2026,116,INE733A01018
STARTECK,EQ,340,350,315.6,335.4,333.05,314,57813,19103469.10,29-Sep-2026,1867,INE992I01013
SBIN,EQ,960.9,968.1,953,964.7,964.7,962,26781498,25694663494.80,29-Sep-2026,282035,INE062A01020
STEAMHOUSE,EQ,107.52,114,106,110.86,111,107.57,4482102,494912587.48,29-Sep-2026,29119,INE0FRO01022
SAIL,EQ,182.53,186.86,181.21,181.82,181.82,184.2,21241634,3907381418.33,29-Sep-2026,86545,INE114A01011
STEELCITY,EQ,80.52,82.39,80.52,82.18,81.5,81.88,3684,299769.14,29-Sep-2026,128,INE395H01011
STEELXIND,EQ,11.11,11.29,10.94,11.19,11.18,11.1,4198763,46743142.39,29-Sep-2026,3579,INE503B01021
STLSTRINF,EQ,23,24.5,22.5,23,23.01,23.8,4936,115733.33,29-Sep-2026,77,INE205F01016
SSWL,EQ,390.85,404.7,378.6,400.65,403,388.65,2695286,1061154407.10,29-Sep-2026,65896,INE802C01033
STEELCAS,EQ,368,380.6,363.1,371.8,373.15,370.75,208433,78005685.90,29-Sep-2026,6020,INE124E01038
STEL,EQ,611.8,618.45,592.75,597.95,600,608.7,1691,1025133.00,29-Sep-2026,356,INE577L01016
STERTOOLS,EQ,226,226,215.28,221.24,221.26,224.13,27442,6035604.33,29-Sep-2026,746,INE334A01023
STLTECH,BE,803,866.6,792.1,866.6,866.6,825.35,3661693,3121300587.40,29-Sep-2026,46173,INE089C01029
SGL,EQ,9.55,9.55,8.85,9.35,9.39,9.12,13277,124672.36,29-Sep-2026,90,INE353H01010
STLNETWORK,EQ,51,51.09,49.46,49.46,49.46,52.06,16727248,832789956.49,29-Sep-2026,13499,INE1VXE01018
STOVEKRAFT,EQ,796,820.1,795,813.65,815.8,797.15,55896,45225446.60,29-Sep-2026,4617,INE00IN01015
STRIDERS,SM,53.7,56.4,47.6,50.95,50.95,51.7,28800,1470240.00,29-Sep-2026,18,INE1XWN01017
STAR,EQ,1143.1,1182.5,1131,1172.6,1171,1151.4,229635,266850366.30,29-Sep-2026,28294,INE939A01011
SWSOLAR,EQ,170.1,171.63,168.2,171.08,171.45,170.74,708082,120444140.21,29-Sep-2026,9770,INE00M201021
STUDDS,EQ,400,400,395,395.65,395.5,398,27815,11073745.50,29-Sep-2026,2911,INE00Q601028
STUDIOLSD,SM,8.95,8.95,8.95,8.95,8.95,9,4000,35800.00,29-Sep-2026,2,INE17VO01028
STYLAMIND,EQ,3281.3,3410,3252.1,3336.4,3340,3281.3,99369,332684920.10,29-Sep-2026,18272,INE239C01020
STYRENIX,EQ,2035.4,2035.4,1969.7,2000.8,2001.4,2036.4,85384,170404939.10,29-Sep-2026,10548,INE189B01011
SUBAHOTELS,SM,90.5,91.7,87.2,91.7,91.7,90.6,26400,2360100.00,29-Sep-2026,21,INE0RYR01018
SUBEXLTD,EQ,20.31,20.65,19.73,20.35,20.39,20.33,8281592,167190291.31,29-Sep-2026,18051,INE754A01055
SUBROS,EQ,702.65,712.7,689,702.2,700,700.3,45674,32111497.00,29-Sep-2026,3360,INE287B01021
SUDARSCHEM,EQ,1205,1209.8,1166.5,1197.3,1185,1199.6,146487,174897048.80,29-Sep-2026,16834,INE659A01023
SUDARCOLOR,EQ,394.9,394.9,380.55,383.7,380.9,387.9,1632,626877.00,29-Sep-2026,209,INE492A01029
SUDEEPPHRM,EQ,1138.8,1195.7,1138.8,1195.2,1195.7,1138.8,314140,373380906.20,29-Sep-2026,8896,INE0QPI01025
SUKHJITS,EQ,159.05,159.84,156.69,157.95,158.12,157.1,7250,1146694.73,29-Sep-2026,267,INE450E01029
SULA,EQ,133.5,135,131.55,131.77,131.86,133.5,176993,23421442.30,29-Sep-2026,4230,INE142Q01026
SUMAX,SM,110,110,102,105.15,106,110,142800,15076320.00,29-Sep-2026,107,INE11Z001019
SUMEDHA,EQ,43.92,45.03,43,43.63,44.54,43.96,394,17317.96,29-Sep-2026,22,INE886B01012
SUMEETINDS,EQ,11.28,11.5,11.06,11.2,11.2,11.59,655070,7324575.83,29-Sep-2026,1243,INE235C01036
SUMIT,EQ,51,51,47.07,49.97,49.98,49.52,19588,969409.04,29-Sep-2026,182,INE748Z01013
SUMICHEM,EQ,435,435.1,424.6,431.15,431,433.75,221398,95261897.60,29-Sep-2026,12135,INE258G01013
SUMMITSEC,EQ,1352.7,1352.7,1312.1,1322.6,1325,1337.4,1753,2320464.00,29-Sep-2026,475,INE519C01017
SPARC,EQ,204.5,211,203.3,208.85,208.91,202.85,1452486,301641138.49,29-Sep-2026,29753,INE232I01014
SUNPHARMA,EQ,1853.9,1865,1836.6,1865,1865,1838,3083083,5706538843.40,29-Sep-2026,92484,INE044A01036
SUNTV,EQ,519.6,559.95,510.45,553.25,552.55,519.9,3444850,1864595052.85,29-Sep-2026,81645,INE424H01027
SUNDRMBRAK,EQ,681,694.5,669,671.75,670.5,698.8,1060,716926.50,29-Sep-2026,128,INE073D01013
SUNCLAY,EQ,1245.2,1272,1228,1231.5,1230,1229.9,6088,7545658.40,29-Sep-2026,600,INE0Q3R01026
SUNDARMFIN,EQ,4462.8,4462.8,4310.1,4334.8,4324.9,4453.4,51607,224365568.70,29-Sep-2026,14242,INE660A01013
SUNDARAM,EQ,1.13,1.15,1.1,1.1,1.11,1.13,586450,658171.35,29-Sep-2026,319,INE108E01023
SUNDRMFAST,EQ,1169.8,1170.9,1132.8,1143.2,1145,1166.6,696456,801970225.20,29-Sep-2026,33030,INE387A01021
SOCL,SM,28.2,28.4,26.6,27.4,26.6,28,17600,488160.00,29-Sep-2026,9,INE0CTB01014
SUNDROP,EQ,734,753,715.95,750.75,753,740.2,23591,17505407.50,29-Sep-2026,1149,INE209A01019
SUNFLAG,EQ,459.4,469,435.15,464.3,465,449.2,2158845,981876794.95,29-Sep-2026,40223,INE947A01014
SEL,SM,325,325,325,325,325,332.1,1600,520000.00,29-Sep-2026,6,INE0O3O01017
SUNLOC,EQ,68,68,68,68,68,70.9,2,136.00,29-Sep-2026,1,INE671C01016
SUNLITE,SM,602.05,635,599.95,625.2,633,606.25,24300,14996805.00,29-Sep-2026,74,INE0U2N01013
SUNRAKSHAK,EQ,366.9,368.3,357,365.6,363.05,359.65,4961,1793636.80,29-Sep-2026,429,INE671K01027
SUNREST,SM,38,38,38,38,38,36.25,1600,60800.00,29-Sep-2026,1,INE0PLZ01012
SUNSHIEL,EQ,1134.9,1139,1080,1087.5,1090,1113.5,3514,3903168.60,29-Sep-2026,342,INE199E01014
SUNSHINE,EQ,449.85,457.05,431.4,445.05,441,448.85,1277165,567052039.55,29-Sep-2026,10178,INE1B3O01011
SUNTECH,SM,36.6,36.7,36.6,36.7,36.7,38.5,6400,234400.00,29-Sep-2026,4,INE0SGZ01016
SUNTECK,EQ,276,285.45,268.55,280.3,277.15,276.75,327510,90663221.65,29-Sep-2026,9598,INE805D01034
SUPERSPIN,BE,7.54,8,7.54,7.7,7.7,7.86,32653,255829.51,29-Sep-2026,46,INE662A01027
SUPTANERY,BE,9,9.59,8.69,8.86,8.89,9.14,430883,3831559.41,29-Sep-2026,1056,INE460D01038
SUPERHOUSE,EQ,160.77,164.87,159,159.9,161.69,160.77,1609,257846.40,29-Sep-2026,88,INE712B01010
SIEL,EQ,30.5,30.5,30.5,30.5,30.5,30.5,11,335.50,29-Sep-2026,1,INE843L01012
SUPRAJIT,EQ,481.2,495,475.55,492.1,495,483.6,94276,46074834.00,29-Sep-2026,5958,INE399C01030
SUPREMEENG,BZ,4.08,4.08,4.08,4.08,4.08,4,260877,1064378.16,29-Sep-2026,89,INE319Z01021
SFML,SM,20.4,20.4,20.4,20.4,20.4,20.4,1600,32640.00,29-Sep-2026,1,INE0U6N01014
SUPREME,EQ,30.2,31.75,29.06,29.77,29.06,31.55,58980,1799185.88,29-Sep-2026,451,INE822E01011
SUPREMEIND,EQ,3499,3499,3444,3445.8,3445.8,3499.8,129446,448407685.70,29-Sep-2026,15454,INE195A01028
SUPREMEINF,EQ,82.4,82.4,76.16,77.83,76.32,79.72,32183,2531869.28,29-Sep-2026,1121,INE550H01011
SPLPETRO,EQ,867,881.9,820.05,831.85,834,864.85,902463,758978561.30,29-Sep-2026,40122,INE663A01033
SUPREMEPWR,SM,203,210,203,208,210,204.95,29500,6101950.00,29-Sep-2026,57,INE0QHG01026
SUPRIYA,EQ,986,1019.8,971,985.05,984.95,984.75,548198,546981714.95,29-Sep-2026,43933,INE07RO01027
SURAJEST,EQ,217.89,217.89,207.01,209.06,208.5,217.27,102634,21693929.76,29-Sep-2026,1715,INE843S01025
SURAJLTD,EQ,198,198.01,193.02,193.14,193.02,193.45,1326,261431.31,29-Sep-2026,33,INE713C01016
SURAKSHA,EQ,343.5,359.4,340,355.05,355,347.05,88441,31184246.90,29-Sep-2026,4342,INE877V01027
SURANASOL,EQ,24.83,25.01,24.3,24.51,24.68,25.13,46832,1151779.83,29-Sep-2026,661,INE272L01022
SURANAT&P,EQ,15.89,16,15.52,15.87,15.8,15.72,28165,444047.90,29-Sep-2026,188,INE130B01031
SURANI,SM,98.45,98.45,98.45,98.45,98.45,98.45,400,39380.00,29-Sep-2026,2,INE01ZJ01015
SBGLP,EQ,23.9,24.2,21,22.98,22.74,23.67,107126,2416675.78,29-Sep-2026,490,INE05ST01028
SURYAROSNI,EQ,220,224.89,218.55,220.75,220,220.1,377814,83527695.40,29-Sep-2026,7485,INE335A01020
SURYALAXMI,EQ,57,57.56,56.11,56.63,57.16,56.5,770,43759.50,29-Sep-2026,27,INE713B01026
SURYALA,EQ,382,387.7,376.05,376.65,376.65,382,309,118019.40,29-Sep-2026,18,INE132C01027
SURYODAY,EQ,145.22,146.18,143.33,144.68,143.5,144.99,140702,20330890.87,29-Sep-2026,2494,INE428Q01011
SEITINVIT,IV,122.5,122.5,122.5,122.5,122.5,121.5,250000,30625000.00,29-Sep-2026,1,INE0R8O23017
SUTLEJTEX,BE,38.3,38.3,36.35,36.41,37.4,37,5544,203196.31,29-Sep-2026,56,INE645H01027
SUVEN,EQ,321.6,331.8,320,324.75,324,321.65,1068199,348666850.75,29-Sep-2026,28806,INE495B01038
SUVIDHAA,EQ,2.2,2.26,2.02,2.09,2.12,2.21,169861,361259.00,29-Sep-2026,221,INE018401013
SUYOG,EQ,643.8,710,625.8,689.95,709,641.9,60550,40688615.35,29-Sep-2026,4215,INE442P01014
SUZLON,EQ,39.66,39.87,38.9,39.5,39.5,39.66,61795397,2437214140.84,29-Sep-2026,106888,INE040H01021
SVPGLOB,EQ,3.15,3.28,3.01,3.15,3.16,3.16,52099,159680.56,29-Sep-2026,91,INE308E01029
SWANCORP,EQ,288.75,289.5,282.5,284.05,283.9,289.7,542922,155286768.45,29-Sep-2026,15054,INE665A01038
SWANDEF,BE,2631,2750,2575,2704.4,2700.1,2631.3,9537,25210395.90,29-Sep-2026,817,INE542F01020
SWARAJENG,EQ,3552.5,3561.8,3527,3548.2,3540,3552.5,5922,20990545.40,29-Sep-2026,2297,INE277A01016
SWARAJ,BE,358,373.2,350.1,373.2,373.2,355.45,99000,36367873.45,29-Sep-2026,417,INE0GMR01016
SWARNSAR,EQ,38.6,43.9,38,41.29,39.5,40.18,13331,524277.31,29-Sep-2026,103,INE967A01012
SWASTIK,ST,20.45,20.45,19.75,19.75,19.75,19.5,3600,72780.00,29-Sep-2026,3,INE0DGC01025
SWELECTES,EQ,592.15,592.15,572,582.65,572.2,590.4,7730,4527119.25,29-Sep-2026,536,INE409B01013
SWIGGY,EQ,255.5,255.95,251,253.7,253.7,256,13619762,3450787850.85,29-Sep-2026,82695,INE00H001014
SWISSMLTRY,BE,14.25,14.25,13.8,13.95,14,14.01,65877,926117.24,29-Sep-2026,354,INE010C01025
SYMBIOTEC,EQ,1051,1149.85,1045.05,1144.2,1142.9,1055.75,2887817,3238598589.45,29-Sep-2026,140033,INE899I01028
SYMPHONY,EQ,586,589.85,574.6,580.4,578,585.95,41970,24432853.70,29-Sep-2026,3142,INE225D01027
SYNCOMF,EQ,22.46,26.64,22.03,26.18,26.64,22.2,237186557,5894079292.38,29-Sep-2026,752007,INE312C01025
SGIL,EQ,656.7,669.45,634.8,657.35,657.6,650.75,10083,6587499.90,29-Sep-2026,969,INE00QT01015
SYNGENE,EQ,376,376.95,365,367.2,365.9,376,582282,215420017.65,29-Sep-2026,30455,INE398R01022
SYRMA,EQ,1745,1746.4,1685,1692.6,1694,1746.4,1111808,1895205403.10,29-Sep-2026,61153,INE0DYJ01015
SYSTANGO,SM,218,223.8,216.3,223.25,223,219.35,7600,1667520.00,29-Sep-2026,19,INE0O7R01011
SYSTMTXC,BE,75.46,75.5,75.46,75.46,75.46,77,24858,1875824.68,29-Sep-2026,44,INE356B01024
TGVSL,EQ,121.89,125,117.51,122.47,122,121.88,923146,112549608.84,29-Sep-2026,15267,INE284B01028
TTL,EQ,7.33,8.25,7.12,7.71,7.9,7.33,878500,6596744.30,29-Sep-2026,616,INE592B01024
TAALTECH,EQ,1084.9,1084.9,1025,1044.4,1040,1069.1,31867,33310941.90,29-Sep-2026,4253,INE524T01029
TAC,ST,416.6,439,406.25,419.7,423,427.6,132800,55064900.00,29-Sep-2026,390,INE0SOY01013
TAINWALCHM,EQ,205.1,209,202.51,205.36,205.25,206.26,1735,357183.88,29-Sep-2026,50,INE123C01018
TAJGVK,EQ,316.2,319,310.8,316.55,319,315.25,38238,12045605.25,29-Sep-2026,2229,INE586B01026
TAKE,EQ,14.01,14.01,14.01,14.01,14.01,14.74,53056,743314.56,29-Sep-2026,208,INE142I01023
TALBROAUTO,EQ,437.85,447.4,431.1,433.2,431.1,437.85,261069,114321663.90,29-Sep-2026,10725,INE187D01029
TAMBOLIIN,BE,297.95,297.95,286,292.15,297.8,300.95,2953,857477.50,29-Sep-2026,40,INE864J01012
TMB,EQ,861.75,871.65,845.1,863.55,860,861.75,169572,145749920.95,29-Sep-2026,18064,INE668A01016
TNPL,EQ,146.22,152.9,143.78,151.8,152.7,147.64,327768,48696235.75,29-Sep-2026,4919,INE107A01015
TNPETRO,EQ,125.61,128.28,123,125.67,125.93,124.99,826447,104032780.67,29-Sep-2026,10817,INE148A01019
TNTELE,EQ,13.5,14.26,13.11,14.26,14.26,11.89,510371,7050358.05,29-Sep-2026,813,INE141D01018
TANAA,EQ,355.6,365,326.9,335,334,352.85,53123,18267255.85,29-Sep-2026,2303,INE692C01020
TANKUP,ST,1719,1719,1719,1719,1719,1685.3,4750,8165250.00,29-Sep-2026,13,INE0Z7N01017
TANLA,EQ,497.7,498.4,488.45,490.65,491.9,497.3,273875,134748912.65,29-Sep-2026,15191,INE483C01032
TARACHAND,EQ,47.51,49,46.5,47.27,48.6,47.44,62680,2970764.85,29-Sep-2026,2679,INE555Z01020
TARAPUR,EQ,11.87,12.4,10.8,12.03,12.09,11.87,23557,273697.35,29-Sep-2026,273,INE747K01017
TARC,EQ,127.24,128.92,125.33,127.02,126.7,126.53,308230,39143757.40,29-Sep-2026,3566,INE0EK901012
TARMAT,EQ,55,59.4,55,57.03,56.85,56.87,19634,1134395.91,29-Sep-2026,399,INE924H01018
TARSONS,EQ,339.9,342,327.55,330.35,327.55,338,116179,39076741.40,29-Sep-2026,6293,INE144Z01023
TASTYBITE,EQ,9665,9665,9491,9611,9600,9633,1178,11279693.00,29-Sep-2026,402,INE488B01017
TATACAP,EQ,326,333.3,321.55,331.35,331,328.1,3110270,1013389089.90,29-Sep-2026,59427,INE976I01016
TATACHEM,EQ,632.5,640.5,609.8,613.85,612.75,641.45,3290504,2044286951.50,29-Sep-2026,81218,INE092A01019
TATACOMM,EQ,1642.2,1674.1,1630,1654.7,1650,1655.3,215427,356551539.50,29-Sep-2026,35955,INE151A01013
TCS,EQ,2065,2085.1,2032.4,2032.4,2032.4,2070.7,4437783,9077278517.70,29-Sep-2026,115910,INE467B01029
TATACONSUM,EQ,961.7,969,953.9,967.7,967.7,960,2410899,2320326439.20,29-Sep-2026,68794,INE192A01025
TATAELXSI,EQ,3190,3211.7,3106.1,3211.7,3211.7,3191,522063,1648970043.60,29-Sep-2026,35164,INE670A01012
TATAINVEST,EQ,635,637,621.1,625.45,625.55,644.45,508671,320128304.25,29-Sep-2026,26381,INE672A01026
TMCV,EQ,430.6,434.8,426.5,430.15,430.9,432.95,4991805,2150580241.55,29-Sep-2026,136420,INE1TAE01010
TMPV,EQ,279,281.4,272.2,280.95,280.95,281.75,18903507,5237545211.85,29-Sep-2026,170170,INE155A01022
TATAPOWER,EQ,358,360.7,353.95,359,359,361.9,10743181,3851321401.35,29-Sep-2026,52122,INE245A01021
TATASTEEL,EQ,184.78,189,184.24,188,188,186.3,28159048,5270893473.04,29-Sep-2026,149301,INE081A01020
TATATECH,EQ,701.5,706.2,683.7,686.75,685.8,707.05,584827,405304605.70,29-Sep-2026,44669,INE142M01025
TTML,EQ,35.71,35.9,33.93,35.18,35.25,36.19,11819456,408685519.52,29-Sep-2026,40503,INE517B01013
NETF,EQ,249.1,251.87,247,247.71,247.24,249.28,3891,964366.04,29-Sep-2026,110,INF277K015R5
NPBET,EQ,272,276,270.76,274.8,276,275.23,963,264060.18,29-Sep-2026,25,INF277K010X4
TNIDETF,EQ,86.22,86.22,83.2,83.49,83.83,84.53,67094,5607037.11,29-Sep-2026,743,INF277KA1364
TATAGOLD,EQ,14.21,14.25,14.1,14.19,14.22,14.26,46258772,656313036.74,29-Sep-2026,68998,INF277KA1976
TATSILV,EQ,21.3,21.37,21.16,21.25,21.26,21.38,27646459,587606456.16,29-Sep-2026,43974,INF277KA1984
TATVA,EQ,1768,1830,1727.4,1806.4,1801,1760.2,88197,157675830.80,29-Sep-2026,11186,INE0GK401011
TAURIAN,ST,596,608,570,601.6,608,596,24000,14202000.00,29-Sep-2026,26,INE0XWS01018
728IRFC30,NG,1297,1297,1297,1297,1297,1297,2,2594.00,29-Sep-2026,1,INE053F07801
753IRFC30,NJ,1147,1147,1144,1144,1144,1147,26,29747.00,29-Sep-2026,2,INE053F07835
764IRFC31,NO,1148.25,1148.25,1148.05,1148.05,1148.05,1146.45,20,22962.80,29-Sep-2026,2,INE053F07900
769NHAI31,NE,1086,1086.8,1086,1086.4,1086.8,1085.93,100,108640.00,29-Sep-2026,2,INE906B07EP5
750IRFC35,NK,1221.5,1222,1220,1222,1222,1220,416,508038.25,29-Sep-2026,9,INE053F07843
76NHAI31,NA,1111.88,1111.88,1110.21,1111.75,1111.86,1111.86,3420,3802296.59,29-Sep-2026,17,INE906B07EJ8
738REC27TF,N2,1079.99,1080,1079,1079,1079,1075.25,1350,1457897.50,29-Sep-2026,3,INE020B07GX4
TBI,SM,70.4,76,69,75.9,75.95,69.7,102600,7526250.00,29-Sep-2026,123,INE0N2D01013
TBOTEK,EQ,1650,1698.3,1633,1684.7,1688,1654.8,113052,189780918.10,29-Sep-2026,14393,INE673O01025
TCC,EQ,49.2,50.82,48.18,50.09,50.8,49.35,319661,15783707.55,29-Sep-2026,3040,INE887D01024
TCIEXP,BL,485,485,485,485,485,368,610000,295850000.00,29-Sep-2026,1,INE586V01016
TCIEXP,EQ,499.2,583.2,495.25,531.85,529.9,486,5534726,3092285144.80,29-Sep-2026,123019,INE586V01016
TCIFINANCE,EQ,14.75,15.3,14.02,14.48,14.65,14.75,13901,200876.15,29-Sep-2026,120,INE911B01018
TCPLPACK,EQ,3999.9,4202.2,3826,4117.4,4105,3987.8,13649,55520666.50,29-Sep-2026,3072,INE822C01015
TDPOWERSYS,EQ,719,799,714,777.35,795,722,7602887,5793428593.15,29-Sep-2026,176782,INE419M01035
TEAMGTY,EQ,242.95,242.95,235,235,235,235.01,640,150417.94,29-Sep-2026,15,INE289C01025
TEAMLEASE,EQ,1144,1163.9,1117.9,1148.6,1160,1140.2,27808,31797950.30,29-Sep-2026,6398,INE985S01024
TPHQ,BE,0.5,0.52,0.5,0.51,0.51,0.5,703705,358764.92,29-Sep-2026,254,INE065J01024
TEAMTECH,ST,136,137,132,137,137,133.5,34000,4603300.00,29-Sep-2026,11,INE2OL601013
TECHM,EQ,1542.3,1557.5,1510.5,1510.5,1510.5,1542.2,3218354,4926194322.00,29-Sep-2026,84005,INE669C01036
TECHD,SM,538,550,536,549,550,544.65,8400,4567740.00,29-Sep-2026,26,INE0Y5H01014
TECHERA,SM,167.55,167.55,159.6,167.55,167.55,159.6,891200,148495560.00,29-Sep-2026,480,INE0JQS01019
TECHNOE,EQ,979.9,1027.6,966.2,1010.15,1008,981.85,271404,273740488.20,29-Sep-2026,22000,INE285K01026
TIIL,EQ,2920.4,2980.5,2914.6,2926.4,2935,2929.4,24064,70709436.40,29-Sep-2026,6819,INE545H01011
TECHNOCRAF,EQ,478.5,492,477,480.85,482.2,476.95,1003368,485872817.00,29-Sep-2026,18368,INE1D0W01018
TECHNVISN,EQ,3966,3989,3799.5,3896.5,3900,3966,174,676263.50,29-Sep-2026,72,INE314H01012
TECILCHEM,EQ,9.8,9.8,8.92,9.21,8.92,9.12,7526,70098.32,29-Sep-2026,67,INE014B01011
TGL,ST,13.7,13.7,13.7,13.7,13.7,13.95,3600,49320.00,29-Sep-2026,12,INE0K6601012
TEGA,EQ,2013.4,2089.9,1988.6,2060.6,2059,2011.5,342283,702528772.50,29-Sep-2026,27932,INE011K01018
TEJA,SM,217,228.45,208,214.25,216,214.7,25200,5440860.00,29-Sep-2026,30,INE0R1301019
TEJASNET,EQ,491.1,495.9,480.65,490.4,489.2,491.1,1223062,597488109.55,29-Sep-2026,40468,INE010J01012
TEMBO,EQ,57.75,58.51,57,57.99,58.08,57.75,680807,39379513.88,29-Sep-2026,3923,INE869Y01028
TEMPSENS,EQ,531.1,549,524,529.3,528,530.5,1354439,724194506.50,29-Sep-2026,45857,INE1KZI01025
TENNIND,EQ,503.9,513.5,498.5,508.6,509.3,502.15,903915,457544439.75,29-Sep-2026,55249,INE19RI01016
TERASOFT,EQ,215,225,206,209.25,208,215.7,31347,6729536.40,29-Sep-2026,1751,INE482B01010
TERAI,EQ,115.8,115.8,115.8,115.8,115.8,116,1,115.80,29-Sep-2026,1,INE390D01011
TEXINFRA,EQ,116,116.8,114.71,115.54,115.31,116.56,40220,4657272.77,29-Sep-2026,930,INE435C01024
TEXRAIL,EQ,123.1,126.95,120.28,125.67,125.7,123.14,3055571,380736050.86,29-Sep-2026,32277,INE621L01012
TEXMOPIPES,EQ,55.5,55.51,52.3,53.72,54,55.48,154189,8269338.61,29-Sep-2026,2765,INE141K01013
737NTPC35C,NA,1359,1359,1359,1359,1359,1366,58,78822.00,29-Sep-2026,1,INE733E07JT8
TGBHOTELS,EQ,9.16,9.34,9.09,9.13,9.15,9.16,20980,192636.96,29-Sep-2026,149,INE797H01018
TCL,SM,125,132,124,131.1,131.1,128.15,49600,6479360.00,29-Sep-2026,25,INE0QJL01014
THACKER,EQ,999,1085,975,996.8,975,975,18,18931.00,29-Sep-2026,13,INE077P01034
THAKDEV,EQ,135,137,135,135,135,141.37,21,2837.00,29-Sep-2026,6,INE403F01017
THANGAMAYL,EQ,5010,5262,4916.5,5204.5,5189.5,5011.5,177094,908054375.50,29-Sep-2026,32305,INE085J01014
ANUP,EQ,1635,1644.8,1580,1591.2,1598.3,1632,74671,119149088.40,29-Sep-2026,12826,INE294Z01018
BYKE,EQ,29.9,29.9,28.08,28.93,29.28,29.13,57741,1665865.73,29-Sep-2026,392,INE319B01014
GESHIP,EQ,1533.4,1582,1526.1,1537.8,1545,1533.4,2264928,3525067072.60,29-Sep-2026,107165,INE017A01032
GROBTEA,EQ,919,919,882.4,899,899,919.1,54,48452.30,29-Sep-2026,20,INE646C01018
HITECHGEAR,BE,680.9,680.9,616.45,625.5,640,648.85,5172,3302780.75,29-Sep-2026,147,INE127B01011
INDIACEM,EQ,314.5,314.55,302.05,303.7,303,312.4,130348,39858787.40,29-Sep-2026,10712,INE383A01012
INDHOTEL,EQ,709,725.9,704.6,714.35,714.35,711,26142773,18692566436.50,29-Sep-2026,95515,INE053A01029
THEINVEST,EQ,93,94.86,90,90.53,90,92.37,9698,887654.80,29-Sep-2026,298,INE924D01017
NIACL,EQ,170,171.95,160.05,168.29,167.9,169.84,4230836,710625954.12,29-Sep-2026,53793,INE470Y01017
PKTEA,BE,965,1012.95,965,993.7,1000,994.6,1251,1226182.30,29-Sep-2026,84,INE431F01018
PHOENIXLTD,EQ,1946.3,1957.3,1916.7,1929,1929,1952.2,381228,737207025.90,29-Sep-2026,30163,INE211B01039
RAMCOCEM,EQ,849.7,850,822.05,844.25,845,848.65,339013,283831232.55,29-Sep-2026,20210,INE331A01037
RUBYMILLS,EQ,510.6,510.65,485,491.8,490,510.6,22908,11415161.90,29-Sep-2026,1395,INE301D01026
SOUTHBANK,EQ,48.54,49.41,47.85,48.71,48.7,48.64,10559473,512929375.36,29-Sep-2026,37182,INE683A01023
STCINDIA,EQ,107.7,107.95,105,106.98,107.25,106.91,12618,1341257.26,29-Sep-2026,387,INE655A01013
UGARSUGAR,EQ,62,62.41,57.2,57.81,57.69,62.29,1013983,60350626.40,29-Sep-2026,12130,INE071E01023
WIPL,EQ,166.7,169.9,163.22,163.72,165,166.74,418,69088.96,29-Sep-2026,27,INE215F01023
THEJO,EQ,2158.2,2169.9,2086.2,2110.3,2093,2146.5,9710,20574220.00,29-Sep-2026,1150,INE121N01019
THEMISMED,EQ,118,121.04,116.02,119.95,119.79,116.85,106694,12627410.91,29-Sep-2026,2022,INE083B01024
THERMAX,EQ,3369,3375.9,3269.1,3291,3290,3386,164479,545342931.80,29-Sep-2026,27814,INE152A01029
THESL,ST,14.1,14.15,14.1,14.15,14.15,14.7,6000,84750.00,29-Sep-2026,2,INE0SHE01019
TIRUMALCHM,EQ,155.01,157.29,150,152.39,152.36,155.04,355416,54182771.53,29-Sep-2026,6426,INE338A01024
THOMASCOOK,EQ,102,105.45,101.01,103.92,103.7,102.18,749468,77437475.71,29-Sep-2026,15412,INE332A01027
THOMASCOTT,EQ,255,270.5,244.55,250.35,249,238.35,143024,36327905.75,29-Sep-2026,3353,INE480M01011
THYROCARE,EQ,549.95,555.55,545,547.1,545.15,548.3,105491,57936297.65,29-Sep-2026,9866,INE594H01019
TIGERLOGS,EQ,27.16,27.16,25.8,26.17,26.08,26.4,80402,2102072.66,29-Sep-2026,585,INE906O01029
TIJARIA,BE,6.66,6.85,6.44,6.54,6.55,6.66,6809,44396.96,29-Sep-2026,45,INE440L01017
TIL,BE,250.9,255,242.65,249.03,249.4,252.32,78502,19489235.33,29-Sep-2026,568,INE806C01018
TI,EQ,560,562,550,550.85,550.2,561.65,606083,336124523.80,29-Sep-2026,22446,INE133E01013
TIMETECHNO,EQ,183.25,185.9,180.94,183.92,185.07,183.44,4160921,764958622.90,29-Sep-2026,26649,INE508G01029
TIMESCAN,SM,39.35,40,39.35,40,40,41.4,6000,238700.00,29-Sep-2026,2,INE0IJY01014
TIMEX,EQ,702.65,747,683.1,729.1,728,703.65,986170,718568243.35,29-Sep-2026,54413,INE064A01026
TIMKEN,EQ,3180.6,3213.8,3065,3086.2,3075.1,3180.5,51275,159408207.20,29-Sep-2026,16229,INE325A01013
TINNARUBR,EQ,954.9,968.85,919.45,955.2,958,947.4,37917,35631265.40,29-Sep-2026,3433,INE015C01016
TIPSFILMS,EQ,345,369.4,335.1,339.55,337.25,331.8,38117,13461358.90,29-Sep-2026,1257,INE0LQS01015
TIPSMUSIC,EQ,657.35,659,639.2,647.2,650,657.35,276147,180280562.35,29-Sep-2026,14315,INE716B01029
TIRUPATIFL,BE,75.19,75.19,75.19,75.19,75.19,76.72,135045,10154033.55,29-Sep-2026,245,INE319Y01024
TITAGARH,EQ,817,829.75,808.15,819.35,817.6,818.65,308740,252509460.80,29-Sep-2026,18704,INE615H01020
TITAN,EQ,4808,4818.5,4675,4675,4675,4819.5,1188414,5606910033.00,29-Sep-2026,79606,INE280A01028
TOKYOPLAST,EQ,74.3,74.9,72,73.5,73.5,72.62,1109,82815.69,29-Sep-2026,17,INE932C01012
TOLINS,EQ,86.2,86.99,85,86.21,86.51,86.91,36061,3098995.70,29-Sep-2026,1266,INE0RWQ01014
TORNTPHARM,EQ,4884.5,4948,4833.5,4894,4894,4869,725626,3549177344.00,29-Sep-2026,38942,INE685A01028
TORNTPOWER,EQ,1237.3,1243.9,1211.5,1220.2,1217.9,1237.2,224598,275669393.10,29-Sep-2026,25730,INE813H01021
TOTAL,BE,69.95,71.5,68.8,71.38,71.4,70.34,5418,379051.66,29-Sep-2026,26,INE336X01012
TOUCHWOOD,EQ,59.7,60,58.12,59.99,60,60.13,1035,61752.42,29-Sep-2026,31,INE486Y01013
TFCILTD,EQ,139.68,141.43,138.2,138.92,139.76,139.68,18454638,2576292967.53,29-Sep-2026,32714,INE305A01023
TOYAMSL,EQ,0.75,0.77,0.74,0.74,0.74,0.77,1663494,1248200.76,29-Sep-2026,322,INE457P01020
TPLPLASTEH,EQ,64.1,67.5,63.15,65.26,64.1,64.9,97097,6266923.63,29-Sep-2026,836,INE413G01022
TRACXN,EQ,32.98,33,31.7,32.94,32.98,32.33,229392,7464415.03,29-Sep-2026,1429,INE0HMF01019
TARIL,EQ,272,275.85,266.6,272.85,274.95,270.45,1066716,289914718.30,29-Sep-2026,26767,INE763I01026
TRANSCOR,EQ,24.39,24.9,23.52,23.85,24.69,24.39,6605,157707.30,29-Sep-2026,31,INE330E01023
TREL,EQ,28.89,28.94,27.7,28.4,28.35,28.89,112132,3168227.14,29-Sep-2026,5011,INE0O3901029
TRANSPEK,BE,1348,1355,1305.1,1352.5,1355,1304.2,1187,1597045.40,29-Sep-2026,61,INE687A01016
TCI,EQ,867.2,880,846,868.7,865,864.85,426394,367526205.30,29-Sep-2026,29729,INE688A01022
TRANSRAILL,EQ,451.95,459,437.3,451.65,451,449.65,766338,342993721.45,29-Sep-2026,28822,INE454P01035
TRANSTEEL,SM,84,85.55,79.7,80.15,81,84.5,61000,4928200.00,29-Sep-2026,47,INE0NVI01020
TFL,EQ,11.65,11.89,11.47,11.64,11.89,11.67,2822,32727.15,29-Sep-2026,33,INE804H01012
TRANSWORLD,BE,159.6,165.9,159.6,163,163,162.78,1512,243389.90,29-Sep-2026,11,INE757B01015
TRAVELFOOD,EQ,1213.5,1213.5,1171,1196.6,1208,1203,356445,427130874.30,29-Sep-2026,16819,INE103V01028
TREEHOUSE,EQ,5.88,5.93,5.46,5.81,5.8,5.88,19318,108918.22,29-Sep-2026,145,INE040M01013
TREJHARA,EQ,144.95,144.95,132.98,135.7,135.1,139.74,44520,6079479.38,29-Sep-2026,1038,INE00CA01015
TRENT,EQ,2626,2642.7,2580.4,2635,2635,2626,1548590,4041636069.20,29-Sep-2026,74657,INE849A01020
TRF,EQ,210.07,210.73,202,202.9,202,207.55,24268,4945359.98,29-Sep-2026,1002,INE391D01019
TBZ,BE,608,645,599.25,625.8,629.85,630.75,502282,309771149.40,29-Sep-2026,4789,INE760L01018
TRIDENT,EQ,22.93,22.99,22.28,22.49,22.44,22.93,3025645,68426717.73,29-Sep-2026,22940,INE064C01022
TECHLABS,SM,113.1,116.9,110,112.8,110,114.9,12125,1381806.25,29-Sep-2026,65,INE0QD201012
TRIDHYA,SM,6.8,6.8,6.8,6.8,6.8,7,3000,20400.00,29-Sep-2026,1,INE0LWY01029
TRIGYN,EQ,53.6,53.8,52.34,53.03,52.4,53.12,30084,1593066.21,29-Sep-2026,870,INE948A01012
TRITONV,EQ,1080.4,1093.3,1060.1,1075.4,1087,1093.3,967,1042489.90,29-Sep-2026,198,INE440G01017
TRIVENI,EQ,242,243.75,236.95,239.15,238.8,242.4,773286,185381695.65,29-Sep-2026,29176,INE256C01024
TRITURBINE,EQ,547,550.85,535.8,543.55,542.5,551.65,643808,349186866.75,29-Sep-2026,57059,INE152M01016
TROM,SM,51.5,53.8,51,53,53,52.25,3600,188280.00,29-Sep-2026,6,INE0SYV01018
TRUALT,EQ,459.9,464,452.7,458.4,458,458.15,258126,118484780.55,29-Sep-2026,8380,INE0MWH01014
TRU,EQ,4.06,4.18,4.05,4.06,4.15,4.11,50438,205794.09,29-Sep-2026,142,INE615R01029
TRUST,SM,25.8,26.05,25.35,25.65,25.65,27,7800,199710.00,29-Sep-2026,12,INE0SWN01019
TSFINV,EQ,434.7,435.95,412.6,421.45,422,434.7,522272,219311910.80,29-Sep-2026,21538,INE202Z01029
TTKHLTCARE,EQ,1016.6,1042.6,1000,1033.7,1039.5,1013.6,10420,10653304.20,29-Sep-2026,1581,INE910C01018
TTKPRESTIG,EQ,515.35,551.5,515.35,533.75,528,513.85,484427,259481590.50,29-Sep-2026,22587,INE690A01028
TIINDIA,EQ,2455.3,2455.3,2397.8,2413,2413,2459,392266,948241467.50,29-Sep-2026,30181,INE974X01010
TUNWAL,SM,25.6,26.05,25.35,25.85,25.95,25.7,70000,1806600.00,29-Sep-2026,28,INE0OXV01027
TURTLEMINT,EQ,84,84.05,78.8,79.52,79.55,83.29,2538324,203698036.70,29-Sep-2026,15619,INE0OC301013
TUTIALKA,EQ,55,55.85,52.56,54.74,55,55.22,7605,408709.69,29-Sep-2026,180,INE400A01014
TVTODAY,EQ,105.2,106.75,102,103.84,103.6,105.06,13158,1365689.59,29-Sep-2026,558,INE038F01029
TVVISION,BE,3.03,3.05,2.82,2.82,2.82,2.96,76042,216777.24,29-Sep-2026,128,INE871L01013
TVSELECT,EQ,378.85,379.65,367.1,374.3,371.7,378.85,25816,9614695.15,29-Sep-2026,2065,INE236G01019
TVSHLTD,EQ,12436,12497,12050,12298,12350,12436,10491,127953175.00,29-Sep-2026,4403,INE105A01035
TVSINVIT,IV,119,119,119,119,119,119,25000,2975000.00,29-Sep-2026,1,INE1JNC23012
TVSMOTOR,EQ,4075,4149,4037.2,4091.1,4091.1,4095,765737,3146092060.40,29-Sep-2026,63172,INE494B01023
TVSSRICHAK,EQ,4445,4495,4370,4435,4416.5,4490.5,5321,23560474.00,29-Sep-2026,1460,INE421C01016
TVSSCS,EQ,128.3,132.62,125.74,131.3,131.55,128.5,838113,109189667.22,29-Sep-2026,14230,INE395N01027
TICL,BE,7.07,7.07,6.91,7.07,7.07,6.74,247850,1750249.43,29-Sep-2026,151,INE388G01026
UPHOT,EQ,1515,1530,1515,1530,1530,1503,35,53400.00,29-Sep-2026,5,INE726E01014
UYFINCORP,BE,19.79,20.77,19.51,20.77,20.77,19.79,383165,7899123.47,29-Sep-2026,407,INE152C01025
UCAL,BE,141.44,142.85,138.51,139,140.4,141.44,3213,451267.87,29-Sep-2026,49,INE139B01016
1025UCL27A,NG,1000,1000,975.2,977.83,975.2,1000,10,9778.30,29-Sep-2026,3,INE583D07588
1039UCL26,NE,1049.9,1049.9,1049.1,1049.1,1049.1,1037.9,204,214018.00,29-Sep-2026,5,INE583D07570
1050UCL28,NH,1019.9,1019.9,1019.9,1019.9,1019.9,1009,95,96890.50,29-Sep-2026,2,INE583D07596
UCOBANK,EQ,23.4,23.45,22.97,23.05,23.05,23.33,4035725,93277777.69,29-Sep-2026,19505,INE691A01018
UDAYJEW,EQ,173.03,173.03,166,168.37,166.4,167.02,19048,3198685.54,29-Sep-2026,621,INE551B01012
USK,EQ,19.7,20.21,19.06,19.57,19.85,19.31,21138,415690.47,29-Sep-2026,165,INE0N0Y01013
UFLEX,EQ,640.15,660.9,636.8,647.7,644.5,641.95,162208,105585407.80,29-Sep-2026,7707,INE516A01017
UFO,EQ,58.99,60.48,56.3,58.93,59,58.87,64364,3730605.25,29-Sep-2026,1380,INE527H01019
UGROCAP,EQ,80.53,82.19,79.2,81.07,81.24,80.29,434421,34899783.03,29-Sep-2026,3438,INE583D01011
UEL,EQ,193.6,193.6,183.05,184.75,185.8,190.14,11518,2135547.44,29-Sep-2026,726,INE899L01030
UJJIVANSFB,EQ,63.05,65.4,62.56,65.26,65.31,63.09,12425218,802584703.35,29-Sep-2026,73485,INE551W01018
ULTRAMAR,EQ,423.9,423.9,412.3,418.5,420,419.1,18454,7711187.05,29-Sep-2026,1149,INE405A01021
ULTRACEMCO,EQ,11010,11027,10826,10829,10829,11025,514924,5624328900.00,29-Sep-2026,54709,INE481G01011
UMA,SM,17.85,17.95,16.25,17.75,17.75,15.65,28000,486000.00,29-Sep-2026,7,INE067901012
UMAEXPORTS,BE,21.6,22.06,21.6,22.06,22.06,21.64,9758,213005.94,29-Sep-2026,38,INE0GIU01018
UMIYA-MRO,EQ,97.46,97.9,94.42,94.8,94.5,97.54,9754,928138.98,29-Sep-2026,310,INE398B01018
TCHF30,NB,1085,1085,1085,1085,1085,1092,40,43400.00,29-Sep-2026,1,INE033L08270
UNICHEMLAB,EQ,537,608,530,568.4,565.05,536.4,4127586,2405093435.75,29-Sep-2026,136736,INE351A01035
UNIECOM,EQ,82.81,83.16,81.01,82.45,82.3,82.18,161740,13300328.98,29-Sep-2026,2362,INE00U401027
UNIHEALTH,SM,646.9,647.95,615,626.4,620,641.95,18000,11235525.00,29-Sep-2026,32,INE0PRF01011
UNIINFO,EQ,11.1,11.3,11,11.08,11.08,11.3,1610,18027.05,29-Sep-2026,14,INE481Z01011
UNILEX,SM,30.85,30.85,30.85,30.85,30.85,31.5,3200,98720.00,29-Sep-2026,2,INE0B2801011
UNIMECH,EQ,1622,1710,1591.6,1675,1687.5,1616.2,595622,993636952.20,29-Sep-2026,46989,INE0U3I01011
UNIONBANK,EQ,172,172.44,166,166,166,171.75,19452924,3292994169.86,29-Sep-2026,76090,INE692A01016
UNIONGOLD,EQ,143.65,143.65,141.7,143,143.15,142.95,4431,632900.85,29-Sep-2026,153,INF582M01KS4
UNIPARTS,EQ,837.1,847.5,829.55,843.55,846.95,837.1,47603,40028186.30,29-Sep-2026,5906,INE244O01017
UNIENTER,EQ,89.07,91.98,88.67,89.01,88.67,89.07,7461,665409.12,29-Sep-2026,96,INE037A01022
UNITECH,EQ,3.95,4,3.81,3.92,3.92,3.95,3452169,13455508.66,29-Sep-2026,2745,INE694A01020
UBL,EQ,1213,1228.2,1169.5,1210.2,1210.3,1217.4,116267,139333334.80,29-Sep-2026,13471,INE686F01025
UNIDT,EQ,229.31,234.59,222.68,229.83,230,229.31,29891,6837098.43,29-Sep-2026,1436,INE961D01019
UFBL,BE,677.85,689.45,666.25,674.15,680,677.85,78748,53326992.05,29-Sep-2026,755,INE382M01027
UHTL,ST,199.55,199.55,199.55,199.55,199.55,203.6,38000,7582900.00,29-Sep-2026,17,INE0SMR01011
UNITEDTEA,EQ,425.1,429.65,421.05,421.6,421.1,425.05,2379,1011241.45,29-Sep-2026,43,INE458F01011
UNITEDPOLY,EQ,46.23,47.1,45,46.87,47,45.28,136680,6284689.01,29-Sep-2026,623,INE368U01029
UNITDSPR,EQ,1408,1414.2,1356.1,1363,1363,1415.4,8761343,11980842109.90,29-Sep-2026,93136,INE854D01024
UNIVASTU,BE,132.79,132.79,126.16,126.63,126.16,132.79,68022,8709186.50,29-Sep-2026,594,INE562X01013
UNIVCABLES,EQ,1427.1,1479.9,1404.4,1468.4,1459.6,1427.1,81266,117712090.90,29-Sep-2026,7886,INE279A01012
UNIVPHOTO,BE,524.3,524.3,500,513.8,513.8,524.3,195,98335.75,29-Sep-2026,21,INE03V001013
UNOMINDA,EQ,1173.3,1179,1149.5,1162,1162,1173,546120,635855093.70,29-Sep-2026,41904,INE405E01023
10IIFL28A,NE,1044,1064,1044,1060,1060,1044,2346,2482582.50,29-Sep-2026,20,INE530B08094
96IIFL28A,NF,999,1000.88,997.06,997.7,998.5,999,3319,3314163.88,29-Sep-2026,29,INE530B08102
IIFLZC28C,N6,1600.2,1600.2,1600.2,1600.2,1600.2,1600.2,30,48006.00,29-Sep-2026,1,INE477L08162
10IIFL28,N4,1001,1009.97,1000.02,1009.97,1009.97,1005.55,591,592007.37,29-Sep-2026,17,INE477L08147
96IIFL28,N5,999.1,999.1,998.06,998.99,999,999.1,770,769026.00,29-Sep-2026,14,INE477L08154
10IIFL29,N6,1012,1012,1012,1012,1012,1040,5,5060.00,29-Sep-2026,1,INE866I08279
105IIFL29,N7,1061,1079.8,1060.2,1079.8,1079.8,1060.46,239,254227.80,29-Sep-2026,4,INE866I08295
UDS,EQ,207.84,208.98,202.56,207.79,208.46,207.84,53770,11110768.50,29-Sep-2026,2218,INE851I01011
UPL,EQ,546,547.55,532.6,538,538,549.5,3270756,1756198372.65,29-Sep-2026,43801,INE628A01036
USASEEDS,SM,84,89,80.85,89,89,85.1,2568,216439.60,29-Sep-2026,6,INE0CBM01019
URAVIDEF,BE,101.99,104.55,101.99,104.55,104.55,102.5,1254,128788.70,29-Sep-2026,21,INE568Z01015
URBANCO,EQ,161,164.89,158.6,163.71,163.64,161.21,3747128,607522043.13,29-Sep-2026,66672,INE0CAZ01013
URBAN,SM,118,122.9,117.4,122.8,122.9,118,10400,1263600.00,29-Sep-2026,12,INE0O0201019
URJA,EQ,8.75,9,8.55,8.9,8.91,8.75,675563,5904388.80,29-Sep-2026,3071,INE550C01020
USHAFIN,ST,51,51,50.85,50.85,50.85,53.5,4800,244560.00,29-Sep-2026,3,INE0LS001014
UMESLTD,EQ,4.71,4.71,4.35,4.41,4.41,4.59,14937,66193.36,29-Sep-2026,86,INE240C01028
USHAMART,EQ,506,509.35,495.15,498.9,498.5,508,418393,210478681.00,29-Sep-2026,16132,INE228A01035
UTIAMC,EQ,895,907.9,872.05,877.6,873.25,893.9,119110,104899794.65,29-Sep-2026,11356,INE094J01016
NIF500BETA,EQ,36.77,38.25,35.86,37.58,38.25,35.86,1011,37516.22,29-Sep-2026,35,INF789F1AG76
SECLEDBETA,EQ,14.1,14.1,13.85,13.93,13.93,14.01,7208,100288.86,29-Sep-2026,48,INF789F1AH42
BANKBETA,EQ,56.6,56.75,55.1,56.25,56,56.52,499548,27955554.62,29-Sep-2026,782,INF789F1AUV1
GILT10BETA,EQ,26.65,27.17,25.5,26.06,26.35,26.52,234,6103.42,29-Sep-2026,23,INF789F1AZF3
GILT5BETA,EQ,66.12,66.44,65.61,65.62,65.62,66.14,1637,107757.89,29-Sep-2026,21,INF789F1AZE6
ITBETA,EQ,294.1,294.1,290.8,292.46,292.46,295.33,707,206893.28,29-Sep-2026,22,INF789F1AZD8
MIDCAPBETA,EQ,225,227.49,221.7,224.61,224.6,229.85,9566,2135840.62,29-Sep-2026,118,INF789F1AYX9
NEXT50BETA,EQ,77.5,77.5,75.3,76.02,76.25,76.1,98671,7472794.85,29-Sep-2026,837,INF789F1AUW9
NIFTYBETA,EQ,254.99,254.99,250.95,252.39,253.67,253.56,62271,15677370.04,29-Sep-2026,1014,INF789F1AZC0
SENSEXBETA,EQ,808,808,794.05,804.77,805,809.63,3092,2479425.61,29-Sep-2026,192,INF789FB1X58
SILVERBETA,EQ,212.01,212.16,210.37,211.4,211.11,212.36,363511,76785772.44,29-Sep-2026,3576,INF789F1AYK6
SNXT50BETA,EQ,91.12,91.49,89.08,90.13,90.15,90.67,1432,128233.46,29-Sep-2026,65,INF789F1AUU3
GOLDBETA,EQ,123.5,123.5,122,123,122.95,123.65,659494,81026815.45,29-Sep-2026,3050,INF789F1AUX7
UTKAL,ST,47.5,48,47.5,47.5,47.5,49.95,10000,476000.00,29-Sep-2026,5,INE1V1R01014
UTKARSHBNK,EQ,13.56,14,13.26,13.91,13.93,13.59,5856546,79853068.70,29-Sep-2026,5873,INE735W01017
UTSSAV,SM,711,739,711,731.45,728,713.25,38400,27992580.00,29-Sep-2026,53,INE06IJ01010
UTTAMSUGAR,EQ,293.65,293.9,284,290.8,290.75,294.75,181656,52469413.70,29-Sep-2026,6486,INE786F01031
VMARCIND,SM,310.9,323.9,303.25,316.6,315,310.8,147000,45880575.00,29-Sep-2026,92,INE0GXK01018
VR,SM,95.5,95.5,95.5,95.5,95.5,95.5,400,38200.00,29-Sep-2026,1,INE0QQM01017
VTMLTD,EQ,38.54,41.77,37.75,39.93,41.76,38.07,179086,7004942.65,29-Sep-2026,2100,INE222F01029
VGUARD,EQ,305.4,310.65,302.8,307.05,304.1,307.25,269210,82808349.45,29-Sep-2026,13049,INE951I01027
VLINFRA,SM,24.3,24.55,24.15,24.55,24.55,24.55,9000,218625.00,29-Sep-2026,5,INE0QXL01015
V2RETAIL,EQ,211.93,211.93,207,209.43,208.16,211.22,697065,146148360.14,29-Sep-2026,15899,INE945H01021
WABAG,EQ,1977.2,2099.8,1956.8,2093.8,2088.6,1977.2,703056,1441277100.30,29-Sep-2026,56910,INE956G01038
VADILENT,EQ,10200,10200,10200,10200,10200,10201,2,20400.00,29-Sep-2026,2,INE693D01018
VADILALIND,EQ,7440,7543,7224,7277,7245,7397.5,9371,69367739.00,29-Sep-2026,3570,INE694D01016
VAIBHAVGBL,EQ,199,204.49,198.16,202.89,203.6,199.72,268287,54210706.11,29-Sep-2026,7748,INE884A01027
MADHAVBAUG,ST,172.9,173.25,165,167.8,167.8,165,18800,3145320.00,29-Sep-2026,15,INE0JR301013
VAISHALI,EQ,8.6,8.94,8.33,8.39,8.4,8.5,239530,2026515.68,29-Sep-2026,310,INE972X01022
VAKRANGEE,EQ,5.27,5.27,5.08,5.18,5.21,5.18,869571,4494313.81,29-Sep-2026,1701,INE051B01021
VALIANTLAB,BE,121.85,122.8,115,122.19,122.6,118.97,52840,6310899.70,29-Sep-2026,368,INE0JWS01017
VALIANTORG,EQ,395,409.95,380.9,404.6,404.8,397.75,59107,23164667.50,29-Sep-2026,1630,INE565V01010
DBREALTY,EQ,96.07,98.99,95.2,97.82,98,96.28,865694,84383322.15,29-Sep-2026,9882,INE879I01012
VALUE360,SM,57,57,56,56,56,56.15,3600,204000.00,29-Sep-2026,3,INE1E7Y01018
VARDHACRLC,BE,44.01,44.81,43.25,44.24,44.3,43.8,12623,549883.80,29-Sep-2026,101,INE116G01013
VHL,EQ,3310.3,3366.7,3273,3305.3,3304,3329.3,284,941034.90,29-Sep-2026,123,INE701A01023
VARDMNPOLY,EQ,5.96,6.09,5.45,5.81,5.79,5.8,311301,1821338.86,29-Sep-2026,329,INE835A01029
VSSL,EQ,410.5,410.5,397.8,405.85,405,407.75,64367,26021377.00,29-Sep-2026,3858,INE050M01012
VTL,EQ,540.5,545.2,526.7,529.55,527.15,540.55,501166,268543996.85,29-Sep-2026,19569,INE825A01020
VARMORA,EQ,155,163.77,148.1,152.19,149.41,148,51633016,7980453951.36,29-Sep-2026,269971,INE0M5301040
VARROC,EQ,846,848.85,826.95,837.4,834.45,848.35,339439,284519408.85,29-Sep-2026,27848,INE665L01035
VBL,EQ,428.65,432.9,425.15,430,430,430,8308533,3574581891.30,29-Sep-2026,80456,INE200M01039
VGL,EQ,64.8,66.29,63,64.73,64.42,64.26,35195,2260169.56,29-Sep-2026,603,INE273D01027
DENTALKART,SM,421,434.85,420,434.85,434.85,424.4,9500,4057675.00,29-Sep-2026,34,INE0N5801013
VASCONEQ,EQ,35.05,35.23,33.01,33.97,33.96,34.96,707643,24080096.85,29-Sep-2026,4626,INE893I01013
VASWANI,EQ,45,47,44.4,44.51,44.42,44.62,39639,1793233.78,29-Sep-2026,329,INE590L01019
VCL,BE,1.26,1.26,1.26,1.26,1.26,1.32,208383,262562.58,29-Sep-2026,148,INE098201036
118VCCL27,N0,98734.93,98734.93,98734.93,98734.93,98734.93,98734.93,1,98734.93,29-Sep-2026,1,INE04HY07245
12VCCL29B,N0,99900,99900,99900,99900,99900,99999.99,1,99900.00,29-Sep-2026,1,INE04HY07229
12VCCL29A,N0,98900,98900,98900,98900,98900,98933.8,5,494500.00,29-Sep-2026,3,INE04HY07203
115VCCL28A,N0,98900,99000,98900,99000,99000,95310,3,296850.32,29-Sep-2026,3,INE04HY07385
VDEAL,SM,104.2,104.4,101.1,102.95,102,103.95,33000,3423690.00,29-Sep-2026,33,INE0U2M01015
MANYAVAR,EQ,540,540,529.05,531.7,531.7,541.3,127295,67758027.20,29-Sep-2026,8138,INE825V01034
VAML,EQ,420.15,479,416.55,434.45,432.45,420.05,56303173,24373896132.80,29-Sep-2026,194649,INE1CDF01017
VISL,EQ,31.4,32.99,31.1,32.85,32.99,31.42,21043260,678904406.99,29-Sep-2026,38415,INE1CLE01013
VEDL,EQ,259,260.5,256.1,260,260,259,9517563,2459349341.05,29-Sep-2026,79787,INE205A01025
VOGL,EQ,33.3,34.35,32.93,33.96,34,33.3,40629240,1368596314.76,29-Sep-2026,76922,INE704J01044
VEDPOWER,EQ,32.17,34.8,31.8,34.25,34.39,32.15,35097382,1180786863.06,29-Sep-2026,79004,INE694L01019
VEDAVAAG,EQ,23.38,23.38,21.66,22.06,22.3,22.93,54384,1210538.12,29-Sep-2026,285,INE359B01010
VEEDOL,EQ,1364.1,1366.1,1352,1356.5,1355.5,1364.1,6638,9014137.40,29-Sep-2026,691,INE484C01030
VEEGALAND,BE,139,141.9,138.05,141.17,141.4,140.62,98618,13800171.23,29-Sep-2026,1183,INE1JTV01015
VEEKAYEM,SM,96.35,105.95,96.35,102.45,100,101.4,4000,402225.00,29-Sep-2026,8,INE0KTW01013
VELJAN,BE,2000,2094,1942,2082.7,2030,2044.2,766,1569014.00,29-Sep-2026,79,INE232E01013
VENKEYS,EQ,1625,1640.7,1599,1633,1638.1,1632.8,27001,43756716.10,29-Sep-2026,3353,INE398A01010
VENTIVE,EQ,556,563.4,548.8,559.85,560.6,558.9,20278,11284902.40,29-Sep-2026,1343,INE781S01027
VENUSPIPES,EQ,2125.1,2225,2101,2195.8,2210,2132.6,163257,354364639.90,29-Sep-2026,15761,INE0JA001018
VENUSREM,EQ,1629.8,1710.6,1629.8,1710.6,1710.6,1629.2,44957,75963010.50,29-Sep-2026,2391,INE411B01019
VERANDA,EQ,239.86,239.91,220,223.31,222.4,238.02,2104745,472029365.87,29-Sep-2026,15404,INE0IQ001011
VERITAAS,SM,29.4,29.4,29.4,29.4,29.4,28,1200,35280.00,29-Sep-2026,1,INE0SRI01019
VERTIS,IV,116.7,116.7,116.7,116.7,116.7,115.5,425000,49597500.00,29-Sep-2026,17,INE0KXY23015
VERTOZ,EQ,36.17,37.29,34.98,35.64,35.9,36.17,40122,1426308.47,29-Sep-2026,454,INE188Y01031
VESUVIUS,EQ,386.55,433.8,385.6,400.2,397.5,385.4,2664864,1100588303.45,29-Sep-2026,73336,INE386A01023
VETO,EQ,147.7,150.99,143.25,146.25,145.26,147.7,109301,15977328.41,29-Sep-2026,2652,INE918N01018
VIAZ,SM,82,82,79,80.5,80.5,79,8000,646900.00,29-Sep-2026,4,INE0MO401019
VSTL,EQ,111.45,111.95,110.05,110.81,111.01,111.23,3440,381017.75,29-Sep-2026,152,INE0QTF01015
VGCL,EQ,46.85,47.66,46.58,47.5,47.5,46.58,1959,92054.18,29-Sep-2026,32,INE761Q01015
VHLTD,BE,129,132,127.6,130.38,130.14,128.28,57692,7520926.09,29-Sep-2026,177,INE048C01025
VICTORYEV,SM,13.65,14.1,13.5,13.95,14.1,13.95,24000,330450.00,29-Sep-2026,8,INE0F8901022
VIDHIING,EQ,357,361.15,345,359.4,359.9,354,27204,9722388.35,29-Sep-2026,1367,INE632C01026
VIDYAWIRES,EQ,92.9,94.9,89.41,93.54,93.5,91.07,1523338,141321831.63,29-Sep-2026,14776,INE14UN01029
VIGOR,SM,103.95,103.95,94.85,94.85,94.85,101.4,30400,2911040.00,29-Sep-2026,18,INE1DM601016
VIJSOLX,EQ,636.9,650,636.9,649.3,649.3,636.1,11,7070.00,29-Sep-2026,5,INE362D01010
VIJAYA,EQ,1497.7,1512.9,1460.2,1475,1494,1501.4,80593,119722998.70,29-Sep-2026,14317,INE043W01024
VIJIFIN,BE,15.77,15.77,15.77,15.77,15.77,16.09,86783,1368567.91,29-Sep-2026,97,INE159N01027
VIKASECO,EQ,1.03,1.04,1.01,1.02,1.03,1.03,2234550,2282154.33,29-Sep-2026,1763,INE806A01020
VIKASLIFE,EQ,1.22,1.24,1.21,1.21,1.22,1.23,1887874,2306645.27,29-Sep-2026,7891,INE161L01027
VIKRAMSOLR,EQ,163.92,164.99,160,160.05,160.01,160.08,4651540,749970698.37,29-Sep-2026,32823,INE078V01014
VIKRAN,EQ,57.25,63,56.5,60.88,60.78,57.26,6766925,410822472.29,29-Sep-2026,39201,INE01R501028
VILAS,SM,373.1,381,363,365.55,364.05,376.85,40250,14795750.00,29-Sep-2026,109,INE0AZY01017
VILINBIO,ST,53.85,53.85,53.85,53.85,53.85,51.5,4000,215400.00,29-Sep-2026,1,INE0L4V01013
VIMTALABS,EQ,585,599,583.05,591.4,592,585.35,171430,101685464.40,29-Sep-2026,10288,INE579C01029
VINATIORGA,EQ,1195,1210.9,1172.4,1174.3,1173.4,1191,67018,79375757.50,29-Sep-2026,11410,INE410B01037
VINDHYATEL,EQ,2592.1,2691.5,2508.1,2653.3,2640,2598.4,59364,154596681.20,29-Sep-2026,10148,INE707A01012
VINEETLAB,EQ,35.89,37.08,34.85,36.72,35.95,35.33,917482,33682276.84,29-Sep-2026,568,INE505Y01010
VMOBILE,SM,58.9,58.9,57,57,57,56.6,8800,512520.00,29-Sep-2026,6,INE27V201011
VINNY,EQ,0.91,0.92,0.89,0.9,0.91,0.91,301852,272488.15,29-Sep-2026,234,INE01KI01027
VINOD,ST,59.45,59.45,59.45,59.45,59.45,62.55,3600,214020.00,29-Sep-2026,3,INE1A5U01014
VINSYS,ST,580,581,577,577,577,576,750,434500.00,29-Sep-2026,3,INE0OSJ01014
VINCOFE,EQ,179,184,174.68,182.56,182.1,179.97,1354650,243060771.81,29-Sep-2026,16669,INE498Q01014
VINYAS,SM,1460,1494.8,1460,1490.9,1494,1493,12800,19035260.00,29-Sep-2026,67,INE0OLS01010
VINYLINDIA,EQ,215.5,221.8,212,214.68,216,218.59,11038,2383107.07,29-Sep-2026,448,INE250B01029
VIPCLOTHNG,EQ,21.78,21.8,20.21,20.44,20.43,21.09,34950,721480.84,29-Sep-2026,358,INE450G01024
VIPIND,EQ,295.65,296.8,289.15,293.2,293.45,296.25,126136,36942906.20,29-Sep-2026,5822,INE054A01027
VIPULLTD,BE,11.41,11.41,10.85,11.36,11.41,10.87,222174,2510560.99,29-Sep-2026,311,INE946H01037
VIRAT,EQ,365,374.9,331.6,340.2,340,358.4,8054,2803797.35,29-Sep-2026,550,INE467D01017
VIRINCHI,EQ,13.72,14,13.16,13.37,13.39,13.72,78601,1056882.54,29-Sep-2026,469,INE539B01017
VGINFOTECH,SM,143,143.05,140.95,140.95,140.95,143,17000,2425100.00,29-Sep-2026,16,INE0VRH01015
VIRTUALG,BE,0.45,0.45,0.42,0.43,0.45,0.44,268134,116632.85,29-Sep-2026,174,INE247C01023
VOEPL,EQ,495.15,511.95,491.9,497.95,495,497.5,45543,22807735.20,29-Sep-2026,3069,INE0I0T01010
VISACHROME,EQ,33.36,35.02,31.81,35.02,35.02,33.36,1571547,51096227.78,29-Sep-2026,100,INE286H01012
VIVIDHA,EQ,0.52,0.53,0.51,0.52,0.53,0.52,325093,170736.97,29-Sep-2026,127,INE370E01029
VISAKAIND,BE,87.91,88.01,83,87.07,86.12,87.21,123072,10501353.35,29-Sep-2026,760,INE392A01021
VISAMAN,SM,27.3,30.1,27.3,30.1,30.1,28.7,202000,5812600.00,29-Sep-2026,94,INE0BHK01012
VISDEM,SM,92,92,86,92,92,93,6000,544800.00,29-Sep-2026,5,INE0OWX01025
VISHAL,EQ,17.78,18.2,17.25,17.92,17.9,17.86,37725,672721.78,29-Sep-2026,233,INE755Q01025
VMM,EQ,100.81,104.3,98,104.3,104.3,100.81,15659999,1570289122.41,29-Sep-2026,54467,INE01EA01019
VISHNU,EQ,688.05,696.8,669.8,673.9,676.85,691.95,153858,104867830.00,29-Sep-2026,7229,INE270I01022
VPRPL,EQ,31,32.8,28.89,28.99,29.19,31.09,2626247,79888393.00,29-Sep-2026,9087,INE0AE001013
VISHNUINFR,SM,142,148.5,141.5,148.5,148.5,143.5,67500,9977250.00,29-Sep-2026,20,INE0PQ001012
VISHWARAJ,EQ,5.43,5.43,5.24,5.26,5.27,5.4,206295,1095904.56,29-Sep-2026,579,INE430N01022
VISHWAS,SM,42.4,42.4,42.4,42.4,42.4,40.4,3200,135680.00,29-Sep-2026,2,INE0S2E01016
VIESL,SM,360,370.05,360,366.4,363,364.25,26400,9648360.00,29-Sep-2026,32,INE0TR001017
VITAL,EQ,53.5,53.9,51.5,52.82,51.8,54.06,5574,291425.49,29-Sep-2026,79,INE0L4K01016
VIVIANA,EQ,709.3,724.95,700,704.7,705,710.65,16300,11529538.80,29-Sep-2026,1118,INE0MEG01014
VIVIDEL,SM,1692,1775,1615.05,1738.1,1730,1686.05,27360,46949532.00,29-Sep-2026,90,INE24H301028
VIVIMEDLAB,BE,5.77,5.77,5.55,5.55,5.55,5.66,13423,74547.15,29-Sep-2026,21,INE526G01021
VIVOBIOT,EQ,17.44,17.44,16.11,17.05,16.87,16.26,39020,655876.72,29-Sep-2026,348,INE380K01017
VIYASH,EQ,239.5,245.9,235.8,238.05,238.45,241,4039716,970494149.90,29-Sep-2026,51903,INE807F01027
VLEGOV,EQ,10.33,10.44,10.15,10.2,10.32,10.34,41646,426895.45,29-Sep-2026,304,INE03HW01020
VLSFINANCE,EQ,237.38,237.4,230.9,234.96,233,237.4,7305,1707677.73,29-Sep-2026,338,INE709A01018
VMART,EQ,766.4,769.8,748.65,760.05,754.35,766.5,65456,49624022.40,29-Sep-2026,10132,INE665J01013
VMSTMT,EQ,48.02,49.99,48.02,48.99,48.89,48.25,105910,5188878.08,29-Sep-2026,1072,INE0SJA01013
IDEA,EQ,13.6,13.68,13.26,13.56,13.56,13.47,1150179404,15502238657.70,29-Sep-2026,670939,INE669E01016
VOITHPAPR,EQ,1435,1460.5,1405.5,1408.2,1405.5,1435.3,242,343260.30,29-Sep-2026,35,INE285C01015
VOLERCAR,SM,220,220,220,220,220,221,800,176000.00,29-Sep-2026,1,INE241X01014
VOLTAMP,EQ,10513,10669,10443,10624,10653,10513,10908,115540847.00,29-Sep-2026,5569,INE540H01012
VOLTAS,EQ,1135.2,1137.9,1090,1090,1090,1135.5,1279969,1416991610.20,29-Sep-2026,30136,INE226A01021
VRAJ,EQ,125.53,127.69,123.2,125.16,125.4,124.66,11399,1424822.56,29-Sep-2026,802,INE0S2V01010
VRLLOG,EQ,285.5,288.4,281.5,282.4,282.95,287,166349,47172693.15,29-Sep-2026,4664,INE366I01010
VSTIND,EQ,204.68,204.8,202.05,202.96,203,204,92063,18698198.72,29-Sep-2026,3683,INE710A01016
VSTTILLERS,EQ,4285.8,4488,4232.2,4427.4,4436,4307.3,9068,39363966.70,29-Sep-2026,2095,INE764D01017
WHBRADY,EQ,491,491,491,491,491,491,2,982.00,29-Sep-2026,2,INE855A01019
WPIL,EQ,422.35,438.9,416,431.5,427.3,422.35,53460,23022143.30,29-Sep-2026,3546,INE765D01022
WSI,EQ,55.97,56.31,55.11,55.62,55.62,55.7,8869,493190.20,29-Sep-2026,144,INE100D01014
WAAREEENER,EQ,2455,2460,2380,2380,2380,2455,724573,1745998347.70,29-Sep-2026,51147,INE377N01017
WAAREERTL,EQ,824.9,827.7,812.85,821.4,822.5,826.05,94415,77512779.75,29-Sep-2026,10448,INE299N01021
WAKEFIT,EQ,139.01,145.1,136.7,144.06,143.85,138.57,435263,61715108.42,29-Sep-2026,6653,INE0E7301029
WALCHANNAG,EQ,202.15,206.23,198.95,203.24,203.2,203.03,432314,87605821.20,29-Sep-2026,9954,INE711A01022
WALPAR,SM,24.95,27.4,24.95,27.4,27.4,26.25,4000,104700.00,29-Sep-2026,2,INE0G2G01015
WANBURY,EQ,221.8,229.95,216.05,216.95,216.05,222.25,242042,53588618.05,29-Sep-2026,5297,INE107F01022
WARDINMOBI,EQ,5.54,5.54,5.16,5.49,5.53,5.43,314645,1684802.75,29-Sep-2026,927,INE945P01024
WATERBASE,EQ,44.16,50.3,44.16,46.86,47.2,44.56,47588,2241835.51,29-Sep-2026,373,INE054C01015
CORDELIA,EQ,103.75,104.65,101,102.56,101.3,102.64,1147541,118112217.53,29-Sep-2026,9549,INE0LZF01039
WEWIN,EQ,48.59,48.59,47.5,48.1,48.1,48.59,2401,114306.62,29-Sep-2026,24,INE082W01014
TWCGOLDETF,EQ,145.89,145.89,144.96,145.45,145.58,145.89,24430,3554978.86,29-Sep-2026,72,INF2F0001370
WEALTH,EQ,846.75,918,837.8,887.5,882.05,832.8,5500,4853081.50,29-Sep-2026,571,INE658T01017
WEBELSOLAR,EQ,71.99,71.99,69.5,70.62,70.55,71.75,1776300,124984605.05,29-Sep-2026,13086,INE855C01023
WEIZMANIND,EQ,72.5,72.5,69.51,70.86,71.25,72.54,3367,237980.52,29-Sep-2026,67,INE080A01014
WELCORP,EQ,2712.3,2900,2680.5,2842,2829,2739.7,3094471,8725790051.50,29-Sep-2026,145547,INE191B01025
WELENT,EQ,749.5,769.5,736.05,744.3,742.9,749.5,531075,397963890.95,29-Sep-2026,12956,INE625G01013
WELINV,BE,2451,2451,2402.1,2435,2435,2451,48,116196.50,29-Sep-2026,6,INE389K01018
WELSPUNLIV,EQ,226.21,228.5,222.62,225.21,225.96,227.95,1833544,413368039.53,29-Sep-2026,35703,INE192B01031
WELSPLSOL,EQ,53.11,54.46,52.35,52.69,52.79,53.81,344119,18199278.21,29-Sep-2026,2767,INE731F01037
WENDT,EQ,8490.5,8651,8340,8395,8401.5,8459,8552,72277391.50,29-Sep-2026,2219,INE274C01019
WSTCSTPAPR,EQ,724,724.9,694,703.45,694,722.35,169050,120021392.30,29-Sep-2026,9993,INE976A01021
WCIL,EQ,92.2,95.5,89.51,94.91,95,92.75,231054,21672817.52,29-Sep-2026,2107,INE0CJF01024
WESTLIFE,EQ,579.85,602,570.2,596.6,596.95,579.85,286746,168683680.75,29-Sep-2026,36071,INE274F01020
WEWORK,EQ,645.65,679.8,641.3,667.15,671.7,650.65,204957,136145160.60,29-Sep-2026,17794,INE085001019
WHEELS,EQ,2300,2300,2191,2204,2209,2323.8,138348,309561837.00,29-Sep-2026,11699,INE715A01015
WHIRLPOOL,EQ,912.55,912.55,873,888.2,875.1,917.1,1761949,1568756336.75,29-Sep-2026,57696,INE716A01013
WILLAMAGOR,EQ,23.45,23.45,21.21,22.31,22.94,22.11,4087,90118.66,29-Sep-2026,129,INE210A01017
WINDLAS,EQ,1090.05,1123.95,1085,1096.25,1094.1,1102.55,109383,120825000.30,29-Sep-2026,13365,INE0H5O01029
WINDMACHIN,EQ,298.1,304.9,290.95,300,300,300.25,158312,47365602.30,29-Sep-2026,1219,INE052A01021
WINSOL,SM,100.85,110.8,100.85,108.75,110,106.45,21200,2318360.00,29-Sep-2026,31,INE0S3D01016
WIPRO,EQ,161,162.43,156.79,156.79,156.79,161.56,164453787,25828695629.96,29-Sep-2026,147207,INE075A01022
WTICAB,SM,95,98.2,95,98,98,97.5,9500,924075.00,29-Sep-2026,17,INE623Y01011
WOCKPHARMA,EQ,2199,2255,2148,2194.2,2189.7,2187.6,1274737,2790020949.00,29-Sep-2026,80496,INE049B01025
WOL3D,SM,134,137.2,134,137.2,137.2,130.7,9000,1229250.00,29-Sep-2026,9,INE0OO201011
WOMANCART,ST,100.25,100.25,95.7,98.4,98.4,99.2,9200,894980.00,29-Sep-2026,23,INE0Q9601016
WEL,EQ,73.75,74.94,71,72.57,73,73.72,346612,25117918.83,29-Sep-2026,2398,INE02WG01024
WONDERLA,EQ,504,504.95,491.25,501.45,500.5,505.55,43971,21987594.80,29-Sep-2026,2445,INE066O01014
WORTHPERI,EQ,143.16,147,142.05,144.85,143.2,146.86,20329,2979412.53,29-Sep-2026,206,INE196Y01018
XCHANGING,EQ,60.89,60.89,59.2,60.22,60.62,60.04,37926,2271502.59,29-Sep-2026,783,INE692G01013
XELPMOC,EQ,89.2,91.9,83.56,85.53,86.1,89.57,34299,2991144.61,29-Sep-2026,754,INE01P501012
XPROINDIA,EQ,1142.2,1170,1121.2,1160.4,1170,1142.2,43568,50032604.20,29-Sep-2026,4402,INE445C01015
XTGLOBAL,EQ,29,31,29,29.43,29.85,28.91,25775,763876.51,29-Sep-2026,190,INE547B01028
XTRANET,EQ,285.97,285.97,271.48,271.48,271.48,285.76,730316,202092179.21,29-Sep-2026,10261,INE0NG701011
YAAP,SM,123.05,123.05,120.1,121.05,121,123.05,9000,1094450.00,29-Sep-2026,9,INE0U0J01015
YASHOPTICS,SM,131.25,131.25,130,130,130,131.25,10400,1354600.00,29-Sep-2026,10,INE0TO601017
YASHO,EQ,4100,4117.5,3965,4061.3,4040.5,4117.9,21869,88170127.60,29-Sep-2026,4473,INE616Z01012
YATHARTH,EQ,1091,1117.5,1085,1108,1111,1100.4,309227,341175819.80,29-Sep-2026,21405,INE0JO301016
YATRA,EQ,102.2,102.32,98.52,101.37,101.85,101.67,769697,77544628.74,29-Sep-2026,13007,INE0JR601024
YESBANK,EQ,21.18,21.33,20.71,20.71,20.71,21.18,137347987,2880925326.65,29-Sep-2026,95584,INE528G01035
YOGI,EQ,162,162,156,156.67,156,162,850,134313.60,29-Sep-2026,171,INE290E01011
YUDIZ,SM,22,22,21.9,21.9,21.9,23,2400,52640.00,29-Sep-2026,3,INE09FA01019
YUKEN,EQ,1121.7,1141,1103.1,1130.7,1126,1125.85,15657,17567187.60,29-Sep-2026,1456,INE384C01016
ZFSTEERING,EQ,750,750,708.65,710.85,710,729.7,3274,2344087.05,29-Sep-2026,436,INE116C01012
ZTECH,SM,429,437.5,425,431.25,426.5,428.05,8700,3765000.00,29-Sep-2026,28,INE0ISZ01012
ZAGGLE,EQ,175,176.26,172.25,173.84,173.98,175.55,563415,97908769.77,29-Sep-2026,9125,INE07K301024
ZEAL,SM,79.95,79.95,72.55,75.45,72.55,76.25,1800,138510.00,29-Sep-2026,3,INE0PPS01018
ZEEL,EQ,76.5,76.85,73.31,74.14,73.58,76.5,15872606,1181855058.56,29-Sep-2026,56261,INE256A01028
ZEELEARN,EQ,6.78,6.85,6.01,6.25,6.36,6.65,562426,3612342.07,29-Sep-2026,1020,INE565L01011
ZEEMEDIA,EQ,7.29,7.3,7.01,7.18,7.23,7.29,936126,6717836.80,29-Sep-2026,1711,INE966H01019
ZENTEC,EQ,1642,1649.2,1606,1619.8,1623.7,1642.8,305781,496233209.80,29-Sep-2026,26087,INE251B01027
ZENITHDRUG,SM,42.8,45.35,42.8,44.5,44.5,42.8,7200,318360.00,29-Sep-2026,9,INE0QWN01013
ZENITHEXPO,EQ,203,203,193.4,199.53,200,203,53,10553.00,29-Sep-2026,10,INE058B01018
ZENITHSTL,EQ,5.22,5.23,5.03,5.19,5.23,5.17,78952,406539.38,29-Sep-2026,187,INE318D01020
ZENSARTECH,EQ,436.9,438.9,427.5,429,429.05,436.7,677413,292877856.65,29-Sep-2026,26943,INE520A01027
GOLDCASE,EQ,23.03,23.12,22.82,22.97,23,23.08,11868737,272669408.86,29-Sep-2026,13851,INF0R8F01042
LIQUIDCASE,EQ,116.12,116.14,116.12,116.12,116.13,116.11,28943277,3361096528.65,29-Sep-2026,15108,INF0R8F01034
LTGILTCASE,EQ,30.69,30.69,30.1,30.15,30.14,30.09,70790,2133736.36,29-Sep-2026,176,INF0R8F01133
MID150CASE,EQ,11.41,11.41,11,11.06,11.1,11.14,1753428,19416698.11,29-Sep-2026,3678,INF0R8F01059
NIFTYCASE,EQ,9.32,9.32,8.95,9.16,9.17,9.18,1578992,14416261.56,29-Sep-2026,2809,INF0R8F01166
SILVERCASE,EQ,22.29,22.29,22.08,22.17,22.19,22.35,5221929,115851947.31,29-Sep-2026,7550,INF0R8F01091
SML100CASE,EQ,11.05,11.35,10.88,11.12,11.09,10.99,2956680,32601529.05,29-Sep-2026,1873,INF0R8F01141
TOP100CASE,EQ,10.27,10.27,9.98,10.05,10.07,10.07,1278984,12821559.27,29-Sep-2026,1654,INF0R8F01067
ZFCVINDIA,EQ,2325,2331.4,2285,2297.8,2302,2332.8,85803,197285003.90,29-Sep-2026,14584,INE342J01019
ZIMLAB,EQ,137.55,138.1,132,134.89,133.5,137.55,123508,16687781.66,29-Sep-2026,2501,INE518E01015
ZODIACLOTH,EQ,68.05,69.99,68.01,68.23,68.03,69,1648,112700.65,29-Sep-2026,32,INE206B01013
ZODIAC,EQ,227.99,227.99,201.35,208.6,213.06,219.2,44250,9293836.75,29-Sep-2026,2972,INE761Y01019
ZOTA,EQ,1315.6,1346.9,1291,1300.2,1291.5,1322.2,53539,70379258.90,29-Sep-2026,3727,INE358U01012
ZUARI,EQ,215.4,222.47,213.16,221.66,220.8,217.12,56240,12310556.55,29-Sep-2026,2066,INE840M01016
ZUARIIND,EQ,278.5,283.85,272.55,281.85,278.3,276.85,56493,15717325.00,29-Sep-2026,2063,INE217A01012
ZYDUSLIFE,EQ,1217.6,1232.1,1200.5,1200.5,1200.5,1215,2372609,2883857816.70,29-Sep-2026,54249,INE010B01027
ZYDUSWELL,EQ,523.55,528.8,503.05,506.1,515,524.4,308220,159454810.95,29-Sep-2026,19210,INE768C01028
