SYMBOL,SERIES,OPEN,HIGH,LOW,CLOSE,LAST,PREVCLOSE,TOTTRDQTY,TOTTRDVAL,TIMESTAMP,TOTALTRADES,ISIN
SGBJUN28,GB,14150,14150,14150,14150,14150,14159.91,1,14150.00,04-Aug-2026,1,IN0020200104
SGBN28VIII,GB,14160,14200,14140,14155.43,14150,14158.1,76,1075968.00,04-Aug-2026,25,IN0020200286
SGBMAY29I,GB,14150,14200,14138,14152.45,14149.99,14183.79,621,8795156.39,04-Aug-2026,100,IN0020210053
SGBJUN29II,GB,14170,14194.97,14115,14115,14115,14190.2,64,906149.37,04-Aug-2026,15,IN0020210061
SGBJU29III,GB,14295,14295,14155,14155.65,14155,14200,34,481745.11,04-Aug-2026,10,IN0020210087
SGBSEP29VI,GB,14220,14250,14166,14173.25,14166,14208.3,168,2386288.06,04-Aug-2026,35,IN0020210145
SGBNV29VII,GB,14155,14200,14155,14160.98,14155,14159.18,172,2438017.02,04-Aug-2026,50,IN0020210178
SGBOCT26,GB,14150,14150,14150,14150,14150,14116.92,6,84900.00,04-Aug-2026,3,IN0020180249
SGBNOV26,GB,14200,14859.97,14200,14859.97,14859.97,14200,2,29059.97,04-Aug-2026,2,IN0020180314
SGBJUN27,GB,14010.01,14010.01,14010.01,14010.01,14010.01,14061,1,14010.01,04-Aug-2026,1,IN0020190073
SGBJUL27,GB,14100,14100,14100,14100,14100,14100,2,28200.00,04-Aug-2026,2,IN0020190081
SGBAUG27,GB,14296,14296,14295,14295,14295,14295,2,28591.00,04-Aug-2026,2,IN0020190107
SGBSEP27,GB,14085,14085.12,14085,14085.12,14085.12,14200,2,28170.12,04-Aug-2026,2,IN0020190115
SGBJAN27,GB,14019.11,14220,14019.11,14220,14220,14220,3,42438.11,04-Aug-2026,3,IN0020180462
SGBOCT27,GB,14061,14061,14061,14061,14061,14150,1,14061.00,04-Aug-2026,1,IN0020190370
SGBOCT27VI,GB,14100,14100,14100,14100,14100,14100,100,1410000.00,04-Aug-2026,5,IN0020190388
SGBDC27VII,GB,14072.26,14300,14020.11,14197,14249,14142.97,8,113346.38,04-Aug-2026,7,IN0020190461
SGBAPR28I,GB,14300,14321.25,14200,14213.7,14210,14225.78,347,4934005.15,04-Aug-2026,43,IN0020200062
SGBMAY28,GB,14149.9,14150,14110,14131,14131,14149.89,120,1694780.99,04-Aug-2026,29,IN0020200088
SGBJUL28IV,GB,14115,14160,14100,14129.21,14135,14159.99,192,2712758.95,04-Aug-2026,42,IN0020200146
SGBAUG28V,GB,14210.63,14269.97,14200,14219.08,14212,14210.63,506,7200034.81,04-Aug-2026,101,IN0020200161
SGBSEP28VI,GB,14210,14210,14200,14200,14200,14206.83,16,227220.00,04-Aug-2026,4,IN0020200195
SGBOC28VII,GB,14155,14190,14136,14140.89,14140.01,14180.01,42,593899.01,04-Aug-2026,14,IN0020200203
SGBJ28VIII,GB,14100,14121,14100,14121,14121,14050,4,56423.00,04-Aug-2026,3,IN0020190537
SGBMAR28X,GB,14100,14121,14100,14121,14121,14170,20,282084.06,04-Aug-2026,5,IN0020190552
SGBJUL29IV,GB,14132,14199.96,14121,14166.66,14150,14247.38,318,4500088.71,04-Aug-2026,41,IN0020210111
SGBJAN29IX,GB,14117,14165,14100,14165,14165,14175.08,220,3108766.25,04-Aug-2026,51,IN0020200377
SGBAUG29V,GB,14151,14358,14150,14206.3,14200,14235.16,96,1365043.05,04-Aug-2026,23,IN0020210129
SGBD29VIII,GB,14250,14250,14166,14179,14172.01,14210,159,2256834.03,04-Aug-2026,57,IN0020210228
SGBJAN29X,GB,14200,14200,14155,14155,14155,14178.18,11,156110.00,04-Aug-2026,4,IN0020200385
SGBFEB29XI,GB,14240,14259.99,14180,14259,14259,14209.15,55,783027.75,04-Aug-2026,15,IN0020200393
SGBMR29XII,GB,14208.12,14208.12,14151.01,14190.97,14194.5,14208.12,52,737783.31,04-Aug-2026,14,IN0020200427
SGBJUN30,GB,14235,14449,14205,14257.96,14205,14234.96,272,3887096.09,04-Aug-2026,59,IN0020220045
SGBAUG30,GB,14445.15,14445.15,14360,14376.33,14415,14373.28,205,2952788.40,04-Aug-2026,42,IN0020220078
SGBDE30III,GB,14350,14440,14341,14423.24,14439.99,14350,123,1771327.69,04-Aug-2026,39,IN0020220110
SGBJAN30IX,GB,14230,14300,14185.01,14297.5,14300,14290,136,1937560.35,04-Aug-2026,34,IN0020210236
SGBMAR30X,GB,14315.9,14315.9,14231,14276,14297,14257.83,31,443406.97,04-Aug-2026,15,IN0020210319
SGBJUN31I,GB,14365.48,14553.89,14365.48,14475,14475,14437.67,183,2650854.31,04-Aug-2026,47,IN0020230069
SGBSEP31II,GB,14465,14524.99,14403.2,14483.67,14480,14469.69,711,10292077.22,04-Aug-2026,149,IN0020230093
SGBDE31III,GB,14535.26,14610,14411,14600.58,14600,14535.26,1182,17181416.78,04-Aug-2026,241,IN0020230168
SGBMAR31IV,GB,14452.36,14458,14398.75,14414,14410.01,14452.36,164,2366960.00,04-Aug-2026,61,IN0020220169
SGBFEB32IV,GB,14566.94,14789.69,14552,14665.78,14651,14640.14,1200,17600325.48,04-Aug-2026,184,IN0020230184
20MICRONS,EQ,196.03,198.45,194.61,196.72,197.5,196.03,89756,17604620.12,04-Aug-2026,1788,INE144J01027
21STCENMGM,EQ,41.17,41.78,41.11,41.77,41.77,40.97,9244,386112.77,04-Aug-2026,67,INE253B01015
360ONE,EQ,1147.8,1174,1144.4,1155,1155,1147.8,1180507,1376305973.10,04-Aug-2026,37741,INE466L01038
GOLD360,EQ,138.5,139.25,138,138.3,138.6,138.5,11311,1566748.85,04-Aug-2026,207,INF579M01BB5
MSCI360,EQ,10.62,10.62,10.26,10.26,10.26,10.37,1705,17526.14,04-Aug-2026,25,INF579M01BP5
SILVER360,EQ,217.6,217.6,212.33,213.39,213.35,212.3,7940,1693503.44,04-Aug-2026,379,INF579M01BC3
3BBLACKBIO,EQ,1248.1,1256.6,1218,1238.5,1227.5,1248.1,7132,8806247.90,04-Aug-2026,1155,INE994E01018
3IINFOLTD,EQ,24.77,25.37,24.17,25.12,25.28,24.39,2395184,59261466.32,04-Aug-2026,6607,INE748C01038
3MINDIA,EQ,36100,36100,35650,35725,35790,35955,1536,55030480.00,04-Aug-2026,964,INE470A01017
3PLAND,EQ,31.75,32.92,31.52,31.86,32.17,31.63,1116,35650.02,04-Aug-2026,79,INE105C01023
5PAISA,EQ,353.25,359.95,348.1,351,356.9,353.25,41168,14507661.90,04-Aug-2026,1944,INE618L01018
63MOONS,EQ,900,905.1,855,864.2,860,897.05,625426,548780113.60,04-Aug-2026,18757,INE111B01023
764NABAR31,N2,1110.12,1111.5,1109.99,1110.2,1111.5,1109.17,573,636140.31,04-Aug-2026,27,INE261F07032
764HUDCO31,N8,1120,1120,1117.08,1117.08,1117.08,1120,72,80433.18,04-Aug-2026,3,INE031A07AO5
812REC27,NI,1024.2,1024.2,1022,1022,1022,1024,278,284141.10,04-Aug-2026,12,INE020B07GH7
82HUDCO27,N2,1048,1048,1048,1048,1048,1046,644,674912.00,04-Aug-2026,6,INE031A07840
830PFCL27,N5,1077,1077,1077,1077,1077,1079,200,215400.00,04-Aug-2026,2,INE134E07208
848NTPC28,N2,1152,1152,1152,1152,1152,1092.1,100,115200.00,04-Aug-2026,1,INE733E07JF7
867NHPC33,N3,1222.01,1222.01,1222.01,1222.01,1222.01,1300,1,1222.01,04-Aug-2026,1,INE848E07534
875NHAI29,N6,1112,1115.5,1112,1115,1115,1112,901,1004711.40,04-Aug-2026,15,INE906B07DF8
876HUDCO28,ND,1140,1140.45,1140,1140.45,1140.45,1139.99,128,145942.50,04-Aug-2026,3,INE031A07949
891NTPC33,N6,1278.99,1279,1278.99,1279,1279,1274,245,313353.55,04-Aug-2026,6,INE733E07JJ9
892PFCL33,N8,1281,1283.9,1276.1,1278.05,1276.1,1280,114,146045.30,04-Aug-2026,8,INE134E07463
901HUDCO34,NE,1285,1285,1285,1285,1285,1281,6,7710.00,04-Aug-2026,1,INE031A07AB2
ABCOTS,EQ,202,203.49,199.25,200.81,200.1,200.91,6945,1399373.37,04-Aug-2026,447,INE08PH01015
ABINFRA,EQ,10.15,10.18,9.85,10.02,10.07,10.06,378240,3792643.96,04-Aug-2026,695,INE00YB01025
ABMKNO,EQ,202.95,202.95,192.51,196.69,200,198.99,128,25016.27,04-Aug-2026,15,INE850B01026
ACSTECH,EQ,40.95,42.22,40.81,42.22,42.22,40.21,291095,12206390.68,04-Aug-2026,586,INE366C01021
AGUL,SM,59.5,65.7,59.5,62.55,65.7,62.6,10000,619600.00,04-Aug-2026,5,INE0O6N01012
AKCAPIT,EQ,1748.4,1750,1704.1,1728.3,1704.1,1748.5,365,633340.20,04-Aug-2026,77,INE701G01012
A2ZINFRA,EQ,17.38,17.95,16.41,17.24,17.21,17.1,1357834,23802238.23,04-Aug-2026,1989,INE619I01012
AAATECH,EQ,90.26,90.41,88,89.23,89,90.6,30888,2760601.12,04-Aug-2026,1385,INE0D0U01013
AADHARHFC,EQ,504.1,504.15,491.15,492.8,494.5,504.15,155568,77266903.50,04-Aug-2026,6337,INE883F01010
AAKAAR,SM,66.95,67,66.95,67,67,66,6400,428720.00,04-Aug-2026,4,INE1GYP01013
AAKASH,EQ,8.91,9.08,8.91,8.95,9,8.98,85467,769968.48,04-Aug-2026,223,INE087Z01024
AARADHYA,SM,73.5,73.5,73.5,73.5,73.5,73.6,1200,88200.00,04-Aug-2026,1,INE124401014
AAREYDRUGS,BE,83.8,84.15,83,83.9,83.5,81.53,258009,21637509.20,04-Aug-2026,192,INE198H01019
AARNAV,EQ,30.01,31.5,30.01,30.31,30.31,30.44,98562,3042500.48,04-Aug-2026,1590,INE750R01016
AARON,EQ,128.01,134.69,128.01,130.61,130.34,131.6,10299,1356393.40,04-Aug-2026,424,INE721Z01010
AARTECH,BE,46.96,47.4,46.06,47.26,47.19,46.96,7625,357173.62,04-Aug-2026,66,INE01C001026
AARTIDRUGS,EQ,411,418,407.25,414.05,410,407.25,168634,69677205.95,04-Aug-2026,4602,INE767A01016
AARTIIND,EQ,486.8,489.9,480.55,481.75,481.3,486.8,460389,223046119.30,04-Aug-2026,15629,INE769A01020
AARTIPHARM,EQ,678,702.8,678,690,689.45,675.8,199670,137948411.95,04-Aug-2026,24374,INE0LRU01027
AARTISURF,EQ,529.95,559.3,488.9,541.85,530.15,481,895447,469861448.40,04-Aug-2026,29554,INE09EO01013
AARVI,EQ,155.21,161.31,155.21,156.37,156.4,155.21,38312,6034572.77,04-Aug-2026,1020,INE754X01016
AASTHA,EQ,76.88,83.73,76.25,83.72,83.72,76.12,4012089,332883098.61,04-Aug-2026,6235,INE2FMX01012
AATMAJ,SM,19.75,19.95,19,19.9,19.95,18.15,18000,354700.00,04-Aug-2026,8,INE0OB201016
AAVAS,EQ,1450,1450,1386,1392.6,1386,1439,34360,48393708.90,04-Aug-2026,7135,INE216P01012
ABAN,BE,17.39,17.39,17.39,17.39,17.39,16.57,60203,1046930.17,04-Aug-2026,151,INE421A01028
ABANSENT,BE,25.95,26.35,25.05,25.77,25.77,25.95,5504,142414.33,04-Aug-2026,40,INE365O01028
AFSL,EQ,202.72,204.46,201.02,201.27,201.03,201.72,1163,234515.05,04-Aug-2026,46,INE00ZE01026
ABB,EQ,7601,7894.5,7600.5,7700,7700,7601,718380,5597451694.50,04-Aug-2026,67545,INE117A01022
ABBOTINDIA,EQ,27895,27925,27730,27825,27795,27895,2409,67031080.00,04-Aug-2026,1130,INE358A01014
8ABCL26,N2,1051.26,1061.8,1051.25,1061.8,1061.8,1060.5,400,422608.80,04-Aug-2026,13,INE860H07IQ0
81ABCL33,N4,882,1070.01,882,1070.01,1070.01,1067,211,206971.11,04-Aug-2026,3,INE860H07IS6
ABHAPOWER,SM,24,26.1,24,25.8,26.1,24.5,12800,325760.00,04-Aug-2026,8,INE0UYG01015
ABMINTLLTD,EQ,42.45,46,42.45,42.45,42.45,42.51,467,19861.21,04-Aug-2026,10,INE251C01025
ABSMARINE,ST,219.8,225,216.15,222.45,221.65,216.8,47000,10374375.00,04-Aug-2026,70,INE0QRV01016
ACC,EQ,1404.9,1404.9,1380,1384.7,1381,1398,261992,363907633.40,04-Aug-2026,20268,INE012A01025
ACCELYA,EQ,1141.2,1154.2,1132.5,1139,1139,1141.9,8009,9159425.40,04-Aug-2026,1089,INE793A01012
ACCENTMIC,SM,505.5,509.95,495,504.25,504,508,52000,26073075.00,04-Aug-2026,96,INE0Q5D01013
ACCORD,ST,198.35,198.35,198.35,198.35,198.35,202.35,2000,396700.00,04-Aug-2026,1,INE113X01015
ACCPL,ST,175.95,179.95,175.95,177,177,172,26400,4687140.00,04-Aug-2026,19,INE0T8T01010
ACCURACY,BE,4.86,4.86,4.75,4.84,4.84,4.8,26336,126426.03,04-Aug-2026,127,INE648Z01023
ACEINTEG,EQ,19.2,19.64,19.01,19.09,19.02,19.37,2179,41894.07,04-Aug-2026,34,INE543V01017
ACMESOLAR,EQ,370.1,386.4,369.25,381.65,381,371.1,2929270,1111988011.95,04-Aug-2026,43221,INE622W01025
ACE,EQ,1110.9,1130,1090.1,1098.6,1097.4,1105.4,451848,502956399.50,04-Aug-2026,29860,INE731H01025
ACUTAAS,EQ,3050,3237.8,3050,3224.3,3230,3116.4,327508,1048884060.60,04-Aug-2026,31193,INE00FF01025
ADANIENSOL,EQ,1650,1664.3,1638,1646,1646,1647,845598,1395438543.10,04-Aug-2026,27731,INE931S01010
ADANIENT,EQ,3063.1,3091.5,3020.9,3050,3050,3068,854172,2610107472.80,04-Aug-2026,37252,INE423A01024
ADANIGREEN,EQ,1400.6,1418,1382.2,1384,1384,1395,1825412,2557808131.90,04-Aug-2026,47779,INE364U01010
ADANIPORTS,EQ,1703.1,1713.9,1690,1706.7,1706.7,1701,1099071,1871220162.90,04-Aug-2026,45086,INE742F01042
ADANIPOWER,BL,210.5,210.5,210.5,210.5,210.5,153.28,124800000,26270400000.00,04-Aug-2026,1,INE814H01029
ADANIPOWER,EQ,212.8,213.35,209,209.95,209.95,213.65,11392298,2404610549.23,04-Aug-2026,63452,INE814H01029
ATGL,EQ,668,674.85,662.7,666.95,665.15,667.6,581973,389352759.30,04-Aug-2026,16704,INE399L01023
ADDICTIVE,SM,41.9,42.35,40.05,40.2,40.1,41.8,8000,324525.00,04-Aug-2026,15,INE0RDH01021
ADFFOODS,EQ,274.7,276,270,273.25,271.1,273.75,107407,29298139.30,04-Aug-2026,4637,INE982B01027
ADISOFT,SM,178.15,180,171.95,173.35,173.65,177.7,47200,8210320.00,04-Aug-2026,54,INE20PL01012
ABSLAMC,EQ,1012,1022.6,989.8,995.6,991.1,1017.8,318393,318079083.20,04-Aug-2026,31282,INE404A01024
ABCAPITAL,EQ,424.35,425.6,415.35,420,420,424.35,3928195,1649095892.60,04-Aug-2026,53144,INE674K01013
ABFRL,EQ,62.05,62.09,60.55,61,60.8,62.41,3662877,224534317.72,04-Aug-2026,17156,INE647O01011
ABLBL,EQ,95.9,95.9,94.4,94.57,94.5,95.91,525495,49854977.95,04-Aug-2026,4776,INE14LE01019
BIRLAMONEY,EQ,134.82,138.4,132.53,133.74,133.02,134.25,40299,5438882.73,04-Aug-2026,991,INE865C01022
ABREL,EQ,1428,1437.6,1412,1424.1,1425.2,1432.1,65477,93350773.00,04-Aug-2026,6385,INE055A01016
CPPLUS,EQ,3425.2,3549.9,3420,3499.2,3495.5,3428.7,167512,587938956.50,04-Aug-2026,16133,INE819V01029
AUSL,SM,24.5,25,24.5,25,25,24.15,4000,99000.00,04-Aug-2026,2,INE01YQ01013
AVL,EQ,623.65,638.2,613.15,634.4,630,623.65,160158,100171199.90,04-Aug-2026,11119,INE679V01027
BSLGOLDETF,EQ,127.8,127.8,124.33,124.71,124.75,124.69,182289,22731481.84,04-Aug-2026,1245,INF209KB18D3
BSLNIFTY,EQ,28.54,28.91,28.11,28.74,28.88,28.84,578237,16625485.31,04-Aug-2026,4150,INF209KB19D1
ADOR,EQ,1505,1520,1475.7,1510.8,1492,1503.3,33602,50536150.20,04-Aug-2026,4409,INE045A01017
ADROITINFO,EQ,9.7,10.35,9.7,9.85,9.77,9.87,31173,308009.71,04-Aug-2026,241,INE737B01033
ADVAIT,EQ,2380.5,2399,2333.9,2343,2344,2359.2,22584,53170618.30,04-Aug-2026,3615,INE0ALI01010
ADVANCE,EQ,124.97,128.89,123.01,125.11,125,124.56,522419,65625077.89,04-Aug-2026,4806,INE1B0W01010
ADVENZYMES,EQ,325.7,328,321.75,322.65,323,323.75,280030,91071852.80,04-Aug-2026,6324,INE837H01020
ADVANIHOTR,EQ,52.44,53.49,51.66,52.43,52.77,51.56,29987,1573719.05,04-Aug-2026,661,INE199C01026
ADVENTHTL,EQ,147.88,148.98,147,147.86,147.9,147.88,61424,9076378.90,04-Aug-2026,1256,INE28GN01010
RAMBHAJO,EQ,183.34,188,183.34,185.81,184.5,183.76,146163,27204975.59,04-Aug-2026,3040,INE1SJO01012
AEGISLOG,EQ,1380,1391.1,1350,1357.9,1353.9,1388.3,678515,929793277.70,04-Aug-2026,31323,INE208C01025
AEGISVOPAK,EQ,304,306.55,293.5,296.15,295.7,301.8,1038734,310710003.05,04-Aug-2026,20476,INE0INX01018
AEL12126,NI,1020,1020,1020,1020,1020,1040,38,38760.00,04-Aug-2026,1,INE423A07500
AEL120126,NL,1038,1038,1030,1030,1030,1038,150,154580.00,04-Aug-2026,5,INE423A07559
AEL1212026,NO,1050.9,1050.9,1050.9,1050.9,1050.9,1011,3,3152.70,04-Aug-2026,2,INE423A07542
860AEL28,NH,1043,1043.2,1042,1042,1042,1043.5,74,77151.40,04-Aug-2026,6,INE423A07484
875AEL29,NK,1045.5,1045.5,1045.5,1045.5,1045.5,1039,2487,2600158.50,04-Aug-2026,3,INE423A07534
885AEL28,NB,1011,1011,1010.97,1011,1011,1010.16,600,606597.00,04-Aug-2026,12,INE423A07427
890AEL31,NN,1055,1055,1045.25,1046.02,1046.02,1049,2667,2798980.79,04-Aug-2026,24,INE423A07526
930AEL30,NF,1035.01,1040.01,1035.01,1040.01,1040.01,1040,29,30088.16,04-Aug-2026,4,INE423A07393
AEQUS,EQ,233.99,235.38,230,230.79,230.23,233.66,1253371,291556451.71,04-Aug-2026,12412,INE947N01017
AEROENTER,EQ,123.3,133.3,122.63,132.67,132.51,123.3,1605803,209874842.33,04-Aug-2026,14312,INE065D01027
AEROFLEX,EQ,433.4,466.9,431.8,463.8,464,431.4,2504272,1143770408.10,04-Aug-2026,38646,INE024001021
AERONEU,EQ,90.54,91.01,84.1,85.15,84.75,87.73,50590,4440445.62,04-Aug-2026,806,INE035801013
AERON,SM,78.8,80.95,77.2,77.6,77.6,78.8,9000,711100.00,04-Aug-2026,9,INE0WL801011
AETHER,EQ,1525,1605.5,1521,1578.3,1579.9,1509.5,1047312,1653175174.00,04-Aug-2026,48927,INE0BWX01014
AFCONS,EQ,274.15,284.15,273.2,281.6,281,275.95,1098820,308280938.55,04-Aug-2026,16768,INE101I01011
AFFLE,EQ,1667,1692,1638,1683.3,1658.1,1663,362539,605169307.80,04-Aug-2026,24382,INE00WC01027
AFFORDABLE,BE,178.9,181.9,173,180.29,180.4,177.54,10863,1946338.04,04-Aug-2026,161,INE692Z01013
115AFIL28A,N0,9971.3,9971.3,9971.3,9971.3,9971.3,9948,100,997130.00,04-Aug-2026,2,INE916Y07099
1150AFIL29,N0,9850,9850,9850,9850,9850,9850,10,98500.00,04-Aug-2026,2,INE916Y07073
12AFIL27A,N0,10075.62,10075.62,10075.62,10075.62,10075.62,10006.69,8,80604.96,04-Aug-2026,1,INE916Y07040
12AFIL27,N0,9800,9800,9555,9555,9555,9950,20,192325.00,04-Aug-2026,3,INE916Y07032
12AFIL28,N0,9980,9980,9980,9980,9980,9980,9,89820.00,04-Aug-2026,2,INE916Y07057
AGARIND,EQ,514.4,534.8,507.05,526,519,514.95,165232,86736483.55,04-Aug-2026,7309,INE204E01012
AGARWALTUF,SM,138.05,140.25,138.05,139.35,139,140.25,116400,16188060.00,04-Aug-2026,31,INE0P8X01016
AGI,EQ,704.25,735,703.05,714.7,711.05,704.25,238422,172561493.20,04-Aug-2026,8112,INE415A01038
AGIIL,EQ,308.45,312.85,302.15,306.85,304.55,309.15,555455,171612344.60,04-Aug-2026,7985,INE976R01033
AGNI,SM,16.45,17.25,16.45,16.7,16.7,17.3,12500,209125.00,04-Aug-2026,4,INE0LF301013
AGRITECH,BE,111.99,111.99,109.01,109.91,110.5,112,2280,250246.26,04-Aug-2026,54,INE449G01018
AGROPHOS,EQ,29.19,29.64,27.11,28.1,28.38,29.18,75888,2125791.06,04-Aug-2026,595,INE740V01019
AGSTRA,BZ,2.19,2.28,2.14,2.18,2.19,2.19,252651,553983.36,04-Aug-2026,424,INE583L01014
AHLADA,EQ,37.2,37.5,36.3,37.2,37.2,36.38,8614,320823.21,04-Aug-2026,114,INE00PV01013
AHLUCONT,EQ,837,837,825.65,830.7,831,833.6,11439,9501235.25,04-Aug-2026,2080,INE758C01029
AIAENG,EQ,4640,4740,4606.8,4627,4642.2,4684.6,37479,175412074.30,04-Aug-2026,11556,INE212H01026
AIMTRON,SM,1489.8,1555,1473.75,1547.2,1550,1479.7,288200,429164420.00,04-Aug-2026,369,INE0RUV01018
GOLDTECH,BE,54.94,56.49,53,54.51,54.6,54.94,27091,1459663.87,04-Aug-2026,212,INE805A01014
AIRAN,EQ,15.1,15.28,14.92,15.05,15,15.03,32893,495016.67,04-Aug-2026,245,INE645W01026
AIROLAM,EQ,89.99,90,87.25,89.69,89.99,86.17,4020,359093.29,04-Aug-2026,81,INE801L01010
AJANTPHARM,EQ,3535,3550,3504.4,3525.1,3511.5,3513.9,83877,296161666.20,04-Aug-2026,17285,INE031B01049
AJAXENGG,EQ,593,600.45,588,593.8,595.55,594,33664,20059177.15,04-Aug-2026,2049,INE274Y01021
AJMERA,EQ,131,131.83,120.84,122.97,123.25,130.41,2019234,251340484.25,04-Aug-2026,18791,INE298G01035
AJOONI,EQ,4.02,4.02,3.88,3.92,3.94,3.99,188993,743217.49,04-Aug-2026,379,INE820Y01021
AKANKSHA,ST,100.65,100.65,100.6,100.65,100.65,95.9,28000,2818050.00,04-Aug-2026,21,INE0PCY01014
AKASH,EQ,26.34,26.87,26.28,26.37,26.38,26.34,6343,168709.51,04-Aug-2026,62,INE737W01013
AKG,EQ,10.15,10.26,9.95,10.03,9.95,10.05,12591,126638.39,04-Aug-2026,81,INE00Y801016
AKI,EQ,4.09,4.14,4,4.04,4,4.08,150715,612038.77,04-Aug-2026,287,INE642Z01026
AKIKO,ST,326.05,334,322.2,327,326.3,337.85,20000,6568480.00,04-Aug-2026,24,INE0PMR01017
AFIL,EQ,9.37,9.37,9.14,9.27,9.3,9.22,229174,2110388.81,04-Aug-2026,457,INE916Y01027
AKSHOPTFBR,BE,5.96,5.99,5.81,5.99,5.99,5.71,164000,974222.61,04-Aug-2026,129,INE523B01011
AKSHAR,EQ,0.41,0.41,0.39,0.4,0.41,0.4,774196,310717.24,04-Aug-2026,249,INE256Z01025
AKSHARCHEM,BE,256.1,264,250,261.49,262,255.54,15747,4118125.62,04-Aug-2026,131,INE542B01011
AKUMS,EQ,680,681.2,665.1,667.4,668.45,681.2,82522,55301188.30,04-Aug-2026,7074,INE09XN01023
ALANKIT,EQ,7.7,7.94,7.7,7.81,7.85,7.77,123919,968588.67,04-Aug-2026,563,INE914E01040
ALBERTDAVD,EQ,691.85,699.5,685.55,694.75,693.45,692.55,1781,1230560.75,04-Aug-2026,243,INE155C01010
ALEMBICLTD,EQ,89,89.1,87.6,88.55,88.43,91.67,418274,37048724.57,04-Aug-2026,3067,INE426A01027
APLLTD,EQ,805.75,825,799.1,809.4,811,805.75,485095,393667127.65,04-Aug-2026,18079,INE901L01018
ALGOQUANT,EQ,69.7,70.78,68.04,68.77,68.04,69.34,1049399,72539276.16,04-Aug-2026,5786,INE598D01035
ALICON,EQ,716.8,716.8,690.9,694.85,701,702.75,10097,7061435.20,04-Aug-2026,597,INE062D01024
ALIVUS,EQ,1225,1358,1201.2,1335.8,1340,1214.4,1241662,1625685591.60,04-Aug-2026,66388,INE03Q201024
ALKALI,BE,69.75,70.75,68.75,70.62,70.62,68.59,2653,185686.41,04-Aug-2026,30,INE773I01017
ALKEM,EQ,5699,5710,5608,5608,5608,5707,37653,213569113.50,04-Aug-2026,9200,INE540L01014
ALKYLAMINE,EQ,1838,1989,1819.8,1921.2,1933,1824.4,1239588,2398934283.50,04-Aug-2026,88509,INE150B01039
ALLETEC,ST,141.95,143,137,137,137,141.95,8800,1231560.00,04-Aug-2026,22,INE0M2X01012
ALLTIME,EQ,222,223.76,220,221.45,221,221.95,64205,14233298.03,04-Aug-2026,1765,INE0GV601021
AGL,EQ,12.24,13.6,12.24,13.27,13.1,12.46,3257640,42520575.62,04-Aug-2026,7703,INE1YPB01014
ALLCARGO,EQ,8.19,8.35,8.12,8.21,8.25,8.2,2997978,24629243.13,04-Aug-2026,3634,INE418H01029
ATL,EQ,23.16,24,23.16,23.3,23.46,23.28,85093,2006429.16,04-Aug-2026,625,INE0NN701020
ALLDIGI,EQ,817.15,817.15,803.3,813.1,817,814.4,11776,9530290.80,04-Aug-2026,1081,INE835G01018
ABDL,EQ,619.65,628.2,606.4,622.85,621.3,619.55,504030,310233066.85,04-Aug-2026,13942,INE552Z01027
ADSL,EQ,117.88,118.02,116.42,116.86,116.67,116.94,91701,10750933.65,04-Aug-2026,1528,INE102I01027
ALMONDZ,EQ,13.98,14.26,13.26,13.73,13.7,13.8,101776,1397745.86,04-Aug-2026,492,INE326B01035
ALOKINDS,EQ,12.03,12.07,11.93,11.96,11.97,12.04,2035257,24406048.05,04-Aug-2026,4073,INE270A01029
ALPA,EQ,66.72,67.39,66.7,67.1,67.09,66.66,13700,918024.51,04-Aug-2026,114,INE385I01010
ALPEXSOLAR,SM,839.95,849.9,830,833.55,835,841.45,23600,19719805.00,04-Aug-2026,175,INE0R4701017
ALPHAGEO,EQ,269.5,269.5,245,247.68,246.4,264.15,139328,35651266.30,04-Aug-2026,4688,INE137C01018
ALPINETEX,EQ,70.44,71.14,67.67,68.04,67.75,71.68,540802,37278825.79,04-Aug-2026,5513,INE1JCQ01037
ALUWIND,SM,50.2,50.2,48.35,48.65,49,50.1,4500,221325.00,04-Aug-2026,3,INE0STM01017
AMAGI,EQ,670.1,688,660,674.7,674.7,669.7,224712,151544772.85,04-Aug-2026,26694,INE121R01077
AMANTA,BE,172.09,172.09,169,169.75,169.75,172.09,13870,2368461.59,04-Aug-2026,106,INE084K01015
ARE&M,EQ,937.85,946.55,917,921,922.95,932.3,660058,611761960.20,04-Aug-2026,36654,INE885A01032
AMBAAUTO,SM,108.45,111.55,108.4,111.55,111.55,106.25,37000,4107750.00,04-Aug-2026,15,INE293601014
AMBALALSA,EQ,36.82,43.5,36.76,42.7,42.5,36.83,1635531,67035832.15,04-Aug-2026,7509,INE432A01017
AMBER,EQ,7425.5,7510,7280,7395,7395,7400,248625,1838524301.50,04-Aug-2026,32864,INE371P01015
AMBICAAGAR,EQ,24.99,25,24.4,24.65,24.65,25.05,7675,191623.70,04-Aug-2026,27,INE792B01012
AMBIKCO,EQ,1800,1800,1758.9,1779.3,1784.8,1778.9,11718,20873740.40,04-Aug-2026,1413,INE540G01014
AMBUJACEM,EQ,444.45,444.45,436.05,436.05,436.05,444,1852313,814510886.15,04-Aug-2026,19186,INE079A01024
AMDIND,EQ,47.95,48.51,45.3,46.24,46.05,47.52,17388,807761.02,04-Aug-2026,268,INE005I01014
AMNPLST,EQ,196,203.75,195.51,201.77,198.6,197.51,5944,1188847.57,04-Aug-2026,392,INE275D01022
AEROPLANE,EQ,204.7,204.7,189,201.39,200.7,198.62,1018532,201455843.79,04-Aug-2026,7273,INE05TO01019
AMJLAND,EQ,37.78,39.5,37.78,39.26,39.25,38.12,14160,550835.23,04-Aug-2026,207,INE606A01024
AMRUTANJAN,EQ,524.95,524.95,513.3,517.85,515.05,521.2,17991,9306371.05,04-Aug-2026,1515,INE098F01031
ARSSBL,EQ,511.5,517.8,511,515.35,515,511.2,69032,35528289.75,04-Aug-2026,2458,INE549H01021
ANANDRATHI,EQ,2051.2,2067.7,2030.2,2034,2036,2058.7,131979,269672740.00,04-Aug-2026,13643,INE463V01026
ANANTRAJ,EQ,626.25,634,623.35,630.4,630.8,626.15,1481640,932378092.65,04-Aug-2026,27594,INE242C01024
ANANTAM,IV,105.4,105.4,104.95,105.02,105.1,105.02,241305,25357691.10,04-Aug-2026,134,INE1UA823019
AMCL,SM,390,392,382,391,391,393.5,4000,1551440.00,04-Aug-2026,10,INE0VG001016
ACL,EQ,47.05,49,47.05,47.59,47.54,47.72,36264,1732716.38,04-Aug-2026,306,INE666E01020
ANDHRAPAP,EQ,61.99,62.9,61.61,61.94,61.66,61.99,304349,18900691.22,04-Aug-2026,1668,INE435A01051
ANDHRSUGAR,EQ,86.5,89,85.48,87.19,87.99,85.48,517971,45372896.41,04-Aug-2026,6205,INE715B01021
ANGELONE,EQ,301,305.05,299,300.35,300.35,302,5039236,1522970136.25,04-Aug-2026,40370,INE732I01021
AISL,SM,57.95,59.85,57.95,58,58,57,48600,2819910.00,04-Aug-2026,25,INE635Y01015
ANIKINDS,EQ,43.26,43.99,41.3,43.45,43.6,43.13,3458,148876.67,04-Aug-2026,82,INE087B01017
APCL,EQ,101.2,104,101.2,102.1,102.1,102.03,7157,732033.73,04-Aug-2026,133,INE071F01012
ANKITMETAL,BZ,1.62,1.62,1.55,1.6,1.6,1.62,8197,13020.29,04-Aug-2026,24,INE106I01010
AHCL,EQ,14.71,14.73,14.53,14.57,14.6,14.71,1560422,22781070.88,04-Aug-2026,2295,INE0Y8W01025
ANLON,ST,610,610,590,607,607,617.95,10400,6195800.00,04-Aug-2026,24,INE0LR101013
ANMOL,EQ,10.01,10.3,9.9,10.07,10.12,10.01,16934,169556.04,04-Aug-2026,162,INE02AR01019
ANNAPURNA,SM,131,136.85,130,134,136.85,130.65,96250,12837762.50,04-Aug-2026,168,INE0MGM01017
ANONDITA,SM,1030.1,1049,1005,1021.7,1022,1050.45,41600,42467810.00,04-Aug-2026,181,INE0VTV01012
ANSALAPI,BZ,3.45,3.45,3.45,3.45,3.45,3.39,11799,40706.55,04-Aug-2026,19,INE436A01026
ANTGRAPHIC,EQ,0.75,0.78,0.75,0.75,0.75,0.75,188917,142579.43,04-Aug-2026,135,INE414B01021
ANTELOPUS,EQ,833.05,876.25,825.5,852.95,858,834.55,265100,228647469.30,04-Aug-2026,6571,INE818A01017
ANTHEM,EQ,831.9,847,810,819.25,811.65,829.85,832079,690069760.80,04-Aug-2026,33939,INE0CZ201020
AWHCL,EQ,429.95,439.2,424.8,429.55,429.05,429.65,115507,49843762.50,04-Aug-2026,5676,INE01BK01022
ANUHPHR,EQ,80.9,81.4,79.67,80.39,80.5,80.41,36717,2949555.33,04-Aug-2026,713,INE489G01022
ANURAS,EQ,1212,1220,1204.8,1214.4,1209.4,1209.8,234655,284404033.00,04-Aug-2026,5768,INE930P01018
ANYA,SM,15.15,15.35,15,15.35,15.35,15.25,40000,604000.00,04-Aug-2026,8,INE0SI601032
ANZEN,IV,128,128,128,128,128,132,25000,3200000.00,04-Aug-2026,1,INE0MIZ23019
AONEGOLD,EQ,13.27,13.35,13.22,13.25,13.26,13.27,176500,2339670.27,04-Aug-2026,1005,INF1J2R01114
AONELIQUID,EQ,1076.29,1076.29,1070.94,1071.07,1071.08,1070.94,21460,22985341.02,04-Aug-2026,111,INF1J2R01056
AONENIFTY,EQ,10.13,10.33,9.94,10.1,10.14,10.13,220327,2231449.96,04-Aug-2026,1216,INF1J2R01064
AONESILVER,EQ,8.34,8.34,8.28,8.29,8.29,8.28,216071,1793398.93,04-Aug-2026,714,INF1J2R01171
AONETMMQ50,EQ,10.15,10.2,10.02,10.15,10.18,9.98,103277,1049361.94,04-Aug-2026,338,INF1J2R01148
AONETOTAL,EQ,12.26,12.47,12.01,12.02,12.07,12.02,217075,2619556.32,04-Aug-2026,1359,INF1J2R01015
APARINDS,EQ,14820,15600,14790,15433,15501,14746,234863,3585368908.00,04-Aug-2026,48262,INE372A01015
APCOTEXIND,EQ,624,639.95,615,626.2,627,617.6,361018,226601603.15,04-Aug-2026,12576,INE116A01032
APEXECO,ST,265,282,261.3,277.75,275,269.9,21600,5888560.00,04-Aug-2026,23,INE0T4V01015
APEX,EQ,384.95,384.95,376.05,378.3,377.75,380.4,49301,18702901.00,04-Aug-2026,2219,INE346W01013
APLAPOLLO,EQ,1956.9,1973.6,1913,1920,1920,1941.5,627555,1217513234.70,04-Aug-2026,36919,INE702C01027
930APMD33,N0,105389.04,105389.04,105389.04,105389.04,105389.04,103445.2,10,1053890.40,04-Aug-2026,1,INE0TLC07028
930APMD35,N0,107100,107100,107100,107100,107100,107100,1,107100.00,04-Aug-2026,1,INE0TLC07036
APOLLOHOSP,EQ,8800,9050,8760,9050,9050,8820,259286,2298738287.00,04-Aug-2026,41385,INE437A01024
APOLLO,EQ,398.45,405,395.55,398.2,397.25,397.35,4430954,1772612204.45,04-Aug-2026,43380,INE713T01028
APOLLOPIPE,EQ,515,533,513.4,527.35,520.5,515.85,760421,398385348.65,04-Aug-2026,12924,INE126J01016
APOLSINHOT,EQ,1218,1218,1189.1,1198.5,1200,1207.1,449,539983.20,04-Aug-2026,81,INE451F01024
APOLLOTYRE,EQ,438.95,445.35,435.5,438.35,436.5,436.6,549304,241254893.15,04-Aug-2026,14692,INE438A01022
APRAMEYA,SM,150,150,148.5,149.95,150,146,7500,1122525.00,04-Aug-2026,12,INE0LQG01010
APSISAERO,ST,440,444,440,441,441,437.95,16800,7404000.00,04-Aug-2026,12,INE1OOJ01011
APTECHT,BE,95.27,95.6,93.12,94.07,94.95,95.27,38057,3606259.64,04-Aug-2026,441,INE266F01018
APTUS,EQ,267.4,268,260,260.6,262,263.6,1263676,330349597.95,04-Aug-2026,20256,INE852O01025
AQYLON,EQ,26.69,28.08,25.42,25.42,25.42,26.75,9811617,264001823.91,04-Aug-2026,8356,INE416A01051
ARABIAN,SM,71,72,71,72,72,69.15,4000,286000.00,04-Aug-2026,2,INE08NJ01024
ARCIIL,SM,37.95,37.95,37.25,37.25,37.25,37.95,3000,112500.00,04-Aug-2026,3,INE0YDV01010
ACI,EQ,538,539,527.5,532.2,531.05,535.6,268953,143147694.60,04-Aug-2026,11767,INE128X01021
ADL,EQ,80.19,80.19,74,75.33,75.59,78.97,1652,124856.00,04-Aug-2026,63,INE0CHO01012
ARCHIDPLY,EQ,82.47,82.91,80,80.86,82,81.8,9237,747813.83,04-Aug-2026,163,INE877I01016
ARCHIES,EQ,14.2,14.95,13.9,14.2,14.29,13.95,19636,283840.97,04-Aug-2026,96,INE731A01020
ARFIN,EQ,85,88.2,84.59,86.23,85.65,85.49,2261372,194785541.77,04-Aug-2026,7425,INE784R01023
ARHAM,SM,185,188.8,181.2,181.9,181.65,181.3,28000,5140600.00,04-Aug-2026,28,INE0L2Y01011
ARIES,EQ,343.85,345,338.8,341.1,340.7,340.7,5368,1831878.75,04-Aug-2026,230,INE298I01015
ARIHANTACA,SM,475,480,475,479,479,450,1600,765200.00,04-Aug-2026,4,INE0NCC01015
ARIHANTCAP,EQ,77.58,79.39,76.97,77.95,77.5,77.48,185824,14519790.47,04-Aug-2026,1941,INE420B01036
ARIHANT,EQ,1165.3,1175,1112.4,1149.6,1174,1137.9,3408,3904558.70,04-Aug-2026,505,INE413D01011
ARIHANTSUP,EQ,260.1,265,258.25,258.85,258.5,259.85,8037,2102360.45,04-Aug-2026,215,INE643K01018
ARIS,EQ,130.95,134.6,129,130.51,131.55,129.94,2028754,267382129.13,04-Aug-2026,12791,INE0H9P01028
ARISTO,ST,109.3,109.3,109.3,109.3,109.3,109.25,800,87440.00,04-Aug-2026,1,INE082101010
ARKADE,EQ,141.31,141.31,138.91,139.18,139,140.65,180498,25197669.58,04-Aug-2026,1718,INE0QRL01017
ARMANFIN,EQ,1999.9,2005,1943.1,1998.8,2005,1994.3,30571,60596665.90,04-Aug-2026,2687,INE109C01017
ARMOUR,ST,17.2,18.9,17.2,18.9,18.9,18,34000,616500.00,04-Aug-2026,16,INE0TZX01019
AROGRANITE,EQ,25.2,25.73,24.99,25.04,24.99,25.16,20369,511718.63,04-Aug-2026,86,INE210C01013
ARROWGREEN,BE,727.5,763.85,725.5,753.45,763,727.5,27971,20870449.75,04-Aug-2026,569,INE570D01018
ARSHIYA,BZ,0.97,0.98,0.96,0.97,0.97,0.96,61326,59616.65,04-Aug-2026,59,INE968D01022
ARTNIRMAN,EQ,40.9,40.99,39.46,40.58,40.62,38.18,1175,48059.94,04-Aug-2026,30,INE738V01013
AEPL,EQ,14.2,14.47,13.3,14.08,14.22,14.32,25725,362120.69,04-Aug-2026,180,INE757T01025
ARTEMISMED,EQ,305,309,299.55,301.75,301.5,302.2,721007,219650495.40,04-Aug-2026,10281,INE025R01021
ARVEE,EQ,159.34,159.34,157.7,158.55,159.31,155.44,526,83484.93,04-Aug-2026,19,INE006Z01016
ARVINDFASN,EQ,449.85,452.75,443.5,445.9,443.5,449.15,105676,47464771.85,04-Aug-2026,11017,INE955V01021
ARVIND,EQ,540,554.8,535,547.35,546.95,528.95,1547743,842214414.80,04-Aug-2026,53251,INE034A01011
ARVSMART,EQ,607.55,615,599.95,604.2,601.65,600.65,59929,36374673.75,04-Aug-2026,1923,INE034S01021
ASAHIINDIA,EQ,905,905,892.5,898,893,897.05,87231,78416849.85,04-Aug-2026,5415,INE439A01020
ASAHISONG,BE,378.15,404.9,376,391.2,396,391.35,26857,10569621.20,04-Aug-2026,349,INE228I01012
ASHALOG,SM,56,56.5,56,56.2,56,56,5000,280600.00,04-Aug-2026,5,INE0LAA01017
ASHAPURMIN,EQ,722.8,722.8,700.8,719.3,720.25,717.85,425174,303562720.60,04-Aug-2026,15285,INE348A01023
ASHIANA,EQ,390,390,381,387.8,386,385.55,36058,13873077.00,04-Aug-2026,1968,INE365D01021
ASHIKAG,EQ,480,481.95,455,459.3,455,477.5,365581,171732383.05,04-Aug-2026,4408,INE094B01013
ASHIMASYN,EQ,18.41,18.49,18.1,18.16,18.17,18.09,88626,1616719.09,04-Aug-2026,417,INE440A01010
ASHOKLEY,EQ,175,175.16,172.08,172.08,172.08,174.55,15240052,2645501583.47,04-Aug-2026,103532,INE208A01029
ASHOKA,EQ,121.3,122.3,119.73,120.33,120.5,121.12,927088,112121065.07,04-Aug-2026,5236,INE442H01029
ASHOKAMET,EQ,14.2,14.48,14.07,14.14,14.32,14.19,14635,207984.93,04-Aug-2026,104,INE760Y01011
ASHWINI,SM,198.7,198.7,190,192.55,190,195.15,53000,10320700.00,04-Aug-2026,47,INE1A6Q01010
ASIANENE,EQ,415,420,403.15,417.6,417,410.65,438685,181842706.10,04-Aug-2026,11123,INE276G01015
ASIANTILES,EQ,53.83,54,52.66,53.1,52.8,53.83,3448062,184020334.60,04-Aug-2026,8348,INE022I01019
AHLEAST,EQ,143.31,144.85,142,143.28,144.85,143.12,409,58325.40,04-Aug-2026,23,INE926K01017
ASIANHOTNR,EQ,307.45,307.55,299.85,301.55,301.05,303.35,157784,47627468.60,04-Aug-2026,989,INE363A01022
AHLWEST,BE,549,560,511.05,520,520,537,1313,714188.35,04-Aug-2026,28,INE915K01010
ASIANPAINT,EQ,2774.9,2807.3,2732.4,2775,2775,2810,820097,2273525548.60,04-Aug-2026,48615,INE021A01026
ASTAR,EQ,623.8,623.8,590,590,590,585.1,14,8473.25,04-Aug-2026,8,INE194D01017
ASKAUTOLTD,EQ,571.35,571.35,544.05,551.3,550,569.65,271933,151912782.75,04-Aug-2026,13109,INE491J01022
ASPINWALL,EQ,242.96,243,237.1,242.16,242.7,236.19,622,150130.51,04-Aug-2026,65,INE991I01015
ASPIRE,SM,14.25,14.25,14.25,14.25,14.25,14.95,12000,171000.00,04-Aug-2026,4,INE0S7801010
ASALCBR,EQ,785.55,786.4,765,768.8,765,777.85,24051,18646550.30,04-Aug-2026,2012,INE073G01016
ASTEC,EQ,628.25,639.9,618.6,622.25,620.95,628.3,29678,18648481.10,04-Aug-2026,1597,INE563J01010
ASTERDM,EQ,815.15,837.5,815.1,834.7,833,815.15,785776,652334813.80,04-Aug-2026,63105,INE914M01019
ASTRAMICRO,EQ,1855.3,1869,1816.8,1835.4,1838.2,1848.8,306406,564115139.30,04-Aug-2026,22056,INE386C01029
ASTRAL,EQ,1446,1466.1,1435,1448,1448,1435.6,245864,356515619.10,04-Aug-2026,17057,INE006I01046
ASTRAZEN,EQ,8210,8293,8180,8210.5,8208,8300,4269,35109819.00,04-Aug-2026,1459,INE203A01020
ASTRON,BE,3.88,4.07,3.69,3.74,3.94,3.88,84115,322298.70,04-Aug-2026,152,INE646X01014
ATALREAL,EQ,33.54,34.37,33.46,33.97,33.91,33.54,10946737,372256974.68,04-Aug-2026,9333,INE0ALR01029
ATAM,EQ,67,67,65.02,66.56,66.69,65.49,2683,178330.04,04-Aug-2026,88,INE09KD01013
ATCENERGY,ST,24.25,24.25,24,24.25,24.25,23.1,13200,319800.00,04-Aug-2026,11,INE0V0Q01019
ATHERENERG,EQ,1341.2,1500,1336.5,1450.4,1454,1272.7,23853424,34435894810.80,04-Aug-2026,631681,INE0LEZ01016
ATLPP,E1,8.68,8.84,8.68,8.84,8.84,8.8,880,7717.77,04-Aug-2026,8,IN90NN701011
ATLANTAELE,EQ,1606,1636.3,1570.1,1614,1619,1589.8,89810,144779585.10,04-Aug-2026,7511,INE0Z4F01028
ATLANTAA,EQ,36.5,39.8,35.2,37.62,37.05,35.2,32864,1218120.78,04-Aug-2026,414,INE285H01022
ATLASCYCLE,EQ,97.25,99,96,97.96,98.24,97.58,9503,930676.99,04-Aug-2026,120,INE446A01025
ATMASTCO,ST,149,150,146,149.75,149.75,151,6400,946560.00,04-Aug-2026,16,INE05DH01017
ATULAUTO,EQ,570,579.8,552,557.8,556,563.35,640801,364006133.40,04-Aug-2026,17784,INE951D01028
ATUL,EQ,6800,6900,6762,6793.5,6772.5,6777,77770,530973814.50,04-Aug-2026,17628,INE100A01010
AUBANK,EQ,1055,1059,1035.2,1059,1059,1060,774989,808748395.00,04-Aug-2026,27986,INE949L01017
AURIONPRO,EQ,748,748,734,738.5,738,739.55,127884,94444542.95,04-Aug-2026,5977,INE132H01018
AUROPHARMA,EQ,1555,1585.9,1536.8,1585.9,1585.9,1554.7,2243122,3501145181.00,04-Aug-2026,55048,INE406A01037
AURUM,EQ,219.95,234.91,205.35,216.21,214,218.62,1375067,310088443.74,04-Aug-2026,18979,INE898S01029
AURUS,EQ,4.6,4.63,4.54,4.62,4.63,4.61,9484,43761.04,04-Aug-2026,168,INE142K01011
AUSOMENT,BE,143,143,137.05,141.1,143,142.14,5637,789147.81,04-Aug-2026,22,INE218C01016
APS,SM,266,270,262,264.25,265.05,266,20500,5474112.50,04-Aug-2026,81,INE0P0001010
AIIL,EQ,544.5,565.95,543,558.55,559,548.8,265010,148254979.95,04-Aug-2026,12208,INE206F01022
AUTOIND,BE,89.99,91,84.42,90.11,90.3,88.86,64817,5680102.93,04-Aug-2026,329,INE718H01014
AUTOAXLES,EQ,1880,1907.7,1850,1870.4,1875,1880.5,26471,49723117.90,04-Aug-2026,2828,INE449A01011
ASAL,EQ,507.8,516,505.05,507.3,508,507.85,13847,7047409.10,04-Aug-2026,844,INE900C01027
AVADHSUGAR,EQ,570,645.9,570,615.05,630,558.7,4835388,3012997660.55,04-Aug-2026,101896,INE349W01017
AVALON,EQ,1754.4,1814,1746.5,1805.4,1798.6,1751.8,401084,715386626.90,04-Aug-2026,36589,INE0LCL01028
AVANA,ST,142.05,156.3,142.05,156.3,156.3,149,30000,4465000.00,04-Aug-2026,14,INE1KU201016
AVANTEL,EQ,163.5,164.49,162.32,164.07,164.49,162.99,602140,98594453.88,04-Aug-2026,6177,INE005B01027
AVANTIFEED,EQ,910,913.45,888.25,893.4,893,907.3,549462,494124797.80,04-Aug-2026,23204,INE871C01038
AVATAR,ST,186.4,186.4,186.4,186.4,186.4,182.75,12000,2236800.00,04-Aug-2026,5,INE617I01024
DMART,EQ,4023,4023,3969.7,4023,4023,4015,448874,1794979987.70,04-Aug-2026,23946,INE192R01011
CCAVENUE,EQ,17.65,17.73,16.87,16.96,16.94,17.43,27551808,476412706.77,04-Aug-2026,26558,INE483S01020
AVG,BE,205,208.08,202,203.73,203.7,204,9975,2028215.85,04-Aug-2026,89,INE680Z01018
AVIANSH,SM,103,103,103,103,103,103,3000,309000.00,04-Aug-2026,3,INE0TFB01017
AVIENCE,SM,258.05,259.55,253,254.95,255,258.05,13200,3376860.00,04-Aug-2026,16,INE0V9I01017
ASMS,BE,7.08,7.4,7,7.19,7.11,7.08,490589,3515200.41,04-Aug-2026,436,INE855F01042
AVONMORE,EQ,11.13,11.39,11.04,11.16,11.27,11.36,125826,1406206.44,04-Aug-2026,594,INE323B01024
AVPINFRA,SM,65,66,64.8,64.85,64.8,66.95,24000,1566080.00,04-Aug-2026,26,INE0R9401019
AVROIND,EQ,8.79,9,8.55,8.87,8.95,8.77,181172,1597978.41,04-Aug-2026,772,INE652Z01025
AVTNPL,EQ,71.19,71.8,70.51,70.83,71,70.71,23676,1680420.38,04-Aug-2026,605,INE488D01021
AWFIS,EQ,279.95,281.55,271.9,273.05,274.1,277.3,158642,43840774.65,04-Aug-2026,4374,INE108V01019
AWL,EQ,190.55,192.9,189.66,190.59,190,190.3,2329922,445316553.14,04-Aug-2026,39258,INE699H01024
AXISBANK,EQ,1264,1264,1244,1261.8,1261.8,1272,5694891,7135124037.80,04-Aug-2026,101832,INE238A01034
BNKETFAXIS,EQ,608.55,608.55,593,594.79,594.79,593.71,306,181846.48,04-Aug-2026,27,INF846K01X63
CONSUMAXIS,EQ,125.53,126.04,124.91,125.21,125.23,125.1,2289,287483.19,04-Aug-2026,30,INF846K016C7
GOLDAXIS,EQ,119.41,119.41,117.83,118.14,118.11,118.23,748389,88392918.63,04-Aug-2026,2590,INF846K01W80
HEALTHAXIS,EQ,169,173.72,169,170.08,173.16,170.26,4574,778470.80,04-Aug-2026,132,INF846K01Z12
ITAXIS,EQ,344.84,349.99,344.8,346.56,349.99,345.94,3360,1163102.38,04-Aug-2026,97,INF846K01Y96
NIFTYAXIS,EQ,277.29,277.29,270,270.96,271,271.85,9025,2450592.11,04-Aug-2026,200,INF846K01W98
SENSEXAXIS,EQ,80.6,82.19,80.6,81.31,81.07,81,2258,184408.65,04-Aug-2026,77,INF846K010Q0
SILVERAXIS,EQ,216.87,216.87,215.07,215.38,215.16,214.72,455814,98219446.24,04-Aug-2026,1487,INF846K011K1
VALUEAXIS,EQ,33.06,33.5,32.52,33.3,33.45,33.18,151592,5016304.90,04-Aug-2026,479,INF846KA1119
AXISCADES,EQ,1575,1644,1569.6,1583.2,1581,1572.9,135431,217659109.30,04-Aug-2026,7919,INE555B01013
AXITA,EQ,7.34,7.4,7.32,7.35,7.36,7.3,4581963,33718715.82,04-Aug-2026,1360,INE02EZ01022
AYE,EQ,172.6,173.51,167.2,167.77,168.5,172.6,387411,65671157.94,04-Aug-2026,7146,INE501X01029
AYMSYNTEX,EQ,254.55,260,239.1,256.25,255,251.6,189642,47240901.45,04-Aug-2026,4046,INE193B01039
AZAD,EQ,2320,2418.3,2310.9,2374.4,2370,2306.8,509849,1210438454.20,04-Aug-2026,34718,INE02IJ01035
BNALTD,BE,400,402.8,395,402.8,402.8,411,183,72407.80,04-Aug-2026,9,INE489D01011
BBTCL,EQ,222.48,225.7,217,221.2,221.99,222.48,9176,2032603.56,04-Aug-2026,298,INE01EE01011
BAGFILMS,EQ,4.45,4.52,4.42,4.44,4.45,4.45,44415,198301.42,04-Aug-2026,140,INE116D01028
BAGDIGITAL,SM,111,113,106.05,106.05,106.05,107,33600,3686400.00,04-Aug-2026,16,INE17CQ01015
BLKASHYAP,EQ,54.36,54.75,54.01,54.45,54.54,54.32,77064,4184617.63,04-Aug-2026,584,INE350H01032
STYLEBAAZA,BE,281,282,272.5,277.3,277.5,278.05,100473,27957048.30,04-Aug-2026,962,INE01FR01028
BABAFP,SM,24.85,24.85,24.85,24.85,24.85,24.75,1600,39760.00,04-Aug-2026,1,INE0QW501012
BAFNAPH,BE,273.55,273.55,273.55,273.55,273.55,268.2,4253,1163408.15,04-Aug-2026,47,INE878I01022
BAGMANE,RR,105.48,105.67,104.53,105.01,105.1,105.13,1297743,136531565.62,04-Aug-2026,8189,INE2OVN25015
BAHETI,SM,727,747,725,745,745,724.2,20250,14837625.00,04-Aug-2026,41,INE029Q01017
BAIDFIN,EQ,9.91,10.02,9.91,9.98,9.99,10.01,52568,524473.10,04-Aug-2026,146,INE020D01022
BAJAJ-AUTO,BL,11600,11600,11600,11600,11600,9110,25000,290000000.00,04-Aug-2026,1,INE917I01010
BAJAJ-AUTO,EQ,11750,11751,11541,11600,11600,11856,307958,3570334341.00,04-Aug-2026,43713,INE917I01010
BAJAJCON,EQ,533,550,528.85,544.2,544,523.8,760142,413893967.35,04-Aug-2026,25636,INE933K01021
BAJAJELEC,EQ,337.65,365,336.1,349.7,347.9,337.65,1432494,507470595.50,04-Aug-2026,30123,INE193E01025
BAJFINANCE,EQ,1164,1164,1139.5,1149,1149,1153,9437990,10834216469.60,04-Aug-2026,214865,INE296A01032
BAJAJFINSV,EQ,2075,2105,2068,2105,2105,2096,1959197,4083122514.50,04-Aug-2026,67929,INE918I01026
BAJAJHCARE,EQ,342.1,343.6,333,335.6,335.2,340.4,78317,26326488.75,04-Aug-2026,2390,INE411U01027
BAJAJHIND,EQ,17.52,18.58,17.38,18.06,18.1,17.52,19356962,350817108.98,04-Aug-2026,30016,INE306A01021
BAJAJHLDNG,EQ,11530,11598,11364,11475,11475,11599,26227,300457271.00,04-Aug-2026,8484,INE118A01012
BAJAJHFL,EQ,86.83,88.4,86.52,87.11,87.1,86.85,4961226,433585295.79,04-Aug-2026,33913,INE377Y01014
BAJAJST,EQ,394.8,394.8,385.75,390.35,392.5,385.55,7934,3092031.45,04-Aug-2026,491,INE704G01024
BAJEL,EQ,177.35,180.5,176.93,178.69,178,177.35,117729,21041252.25,04-Aug-2026,1820,INE0KQN01018
BALPHARMA,EQ,89.49,89.69,87.21,87.87,88.8,89.49,19937,1760187.28,04-Aug-2026,367,INE083D01012
BALAMINES,EQ,2050,2076,1985.1,1994.9,1996,2025.2,286462,583121725.10,04-Aug-2026,21953,INE050E01027
BALAJIPHOS,SM,89.05,89.9,88,89.9,89.9,89.95,62000,5518300.00,04-Aug-2026,52,INE0PQ601019
BALAJITELE,EQ,84.9,87.75,84.54,85.12,85.41,84.54,74262,6393975.09,04-Aug-2026,1075,INE794B01026
BALAXI,EQ,24.65,24.65,23.72,24.03,24,24,23587,568897.69,04-Aug-2026,102,INE618N01022
BALKRISIND,EQ,2479.7,2530,2412.4,2491.9,2445,2492.2,275218,690638643.00,04-Aug-2026,22452,INE787D01026
BALKRISHNA,EQ,17.6,18,17.4,17.47,17.4,18.05,11021,195513.59,04-Aug-2026,80,INE875R01011
BALMLAWRIE,EQ,174,176.14,173.51,174.42,174.01,174.14,136017,23763031.50,04-Aug-2026,1943,INE164A01016
BLIL,EQ,71.19,71.19,70.35,70.76,70.66,70.88,59495,4203012.86,04-Aug-2026,691,INE525F01025
BALRAMCHIN,EQ,650,664.95,636.75,658.7,655.25,646.8,1590621,1043263655.00,04-Aug-2026,36895,INE119A01028
BALUFORGE,EQ,440.5,446.5,436,439.45,439,444.85,501487,221285160.70,04-Aug-2026,7506,INE011E01029
BANARBEADS,EQ,116.4,117,113.08,113.97,113.3,113.98,2753,317300.40,04-Aug-2026,65,INE655B01011
BANCOINDIA,EQ,664,678.2,656.6,669.75,669.1,657.75,203017,135515694.15,04-Aug-2026,10094,INE213C01025
BANDHANBNK,EQ,174.44,175.22,173.12,173.6,173.6,173.65,8403143,1462391805.93,04-Aug-2026,85855,INE545U01014
GOLDBND,EQ,141.95,143.61,140.81,141.87,141.94,141.95,4880,691067.63,04-Aug-2026,130,INF194KB1KJ7
IDFNIFTYET,EQ,271.51,272.45,269.83,271.13,271.9,271.54,562,152487.51,04-Aug-2026,49,INF194KA1U07
SILVERBND,EQ,217.75,218.39,216.72,217.74,217.7,216.89,1836,399515.58,04-Aug-2026,79,INF194KB1KI9
BANG,EQ,30.2,30.78,29.6,30.1,30.25,30.27,24914,749732.55,04-Aug-2026,120,INE863I01016
BANKBARODA,EQ,247.19,249.15,245,245,245,247.25,4143561,1022822818.42,04-Aug-2026,36858,INE028A01039
BANKINDIA,EQ,140.29,141.25,138.92,140.44,140.44,140.5,5544174,775736791.09,04-Aug-2026,28444,INE084A01016
MAHABANK,EQ,79.6,79.89,78.3,78.42,78.5,79.57,7746114,610257011.75,04-Aug-2026,42429,INE457A01014
BANKA,BE,85,92.3,84.5,90.32,92.3,87.92,2367,213381.08,04-Aug-2026,23,INE862Y01015
BASML,BE,27.9,27.9,26.55,27.46,27.6,27.06,50860,1399283.14,04-Aug-2026,140,INE186H01022
BANARISUG,EQ,3484.7,3505,3475,3480.4,3475,3487.2,321,1118015.50,04-Aug-2026,50,INE459A01010
BANSALWIRE,EQ,318.5,327.7,312,314.7,314,318.5,166136,52889268.35,04-Aug-2026,6725,INE0B9K01025
BANSWRAS,EQ,127.21,128.2,124,125.49,124.65,127.34,32678,4106904.28,04-Aug-2026,865,INE629D01020
BVCL,EQ,40.8,43.39,40.5,41.7,41.98,40.61,39527,1653783.80,04-Aug-2026,504,INE139I01011
BARFLEX,SM,55,55,55,55,55,55,6000,330000.00,04-Aug-2026,3,INE0QX401014
BBNPNBETF,EQ,58.29,58.61,57.85,58.16,58.16,58.29,622,36272.94,04-Aug-2026,21,INF251K01TL6
BBNPPGOLD,EQ,137.7,137.8,136.85,137.35,137.5,137.05,461,63401.75,04-Aug-2026,50,INF251K01SU9
BASF,EQ,3738,4250,3713.5,3947.1,3900,3729.7,775498,3151384286.10,04-Aug-2026,98320,INE373A01013
BASILIC,SM,202.9,205,201.25,204,204,201.95,11100,2257605.00,04-Aug-2026,36,INE0OCC01013
BATAINDIA,EQ,712.3,742.95,706.4,709.55,710,709.65,939426,678609198.15,04-Aug-2026,32013,INE176A01028
BATLIBOI,EQ,82.92,84.98,82.51,84.02,83.51,82.55,25269,2109514.07,04-Aug-2026,873,INE177C01022
BAWEJA,ST,28.75,29.25,27.35,27.4,27.4,28.75,17600,487560.00,04-Aug-2026,16,INE0JFJ01011
BAYERCROP,EQ,4324.6,4355,4294.8,4331,4350,4303.3,26809,115906639.10,04-Aug-2026,4046,INE462A01022
BCLIND,EQ,37.89,37.94,37.05,37.21,37.41,37.89,575944,21508031.98,04-Aug-2026,3188,INE412G01024
BCPL,EQ,71.3,71.5,68.5,69,69.69,70.41,16953,1179237.93,04-Aug-2026,293,INE00SW01015
BEACON,ST,88.9,88.9,83,83,83,85.2,17000,1446450.00,04-Aug-2026,16,INE639X01027
BEARDSELL,EQ,26.95,27.73,26.95,27.33,27.68,27.5,23662,645943.24,04-Aug-2026,156,INE520H01022
BEDMUTHA,EQ,111.71,113,109.31,109.53,109.52,111.71,2101,231503.71,04-Aug-2026,48,INE844K01012
BEEKAY,EQ,393,407.8,393,400.7,402.7,392.8,974,390162.30,04-Aug-2026,75,INE213D01015
BELLACASA,EQ,248,254.7,243.61,246.38,248.98,246.04,6994,1734001.67,04-Aug-2026,515,INE344T01014
BELRISE,EQ,242.9,243.86,239,240.34,240,241.86,2278509,550091368.80,04-Aug-2026,38758,INE894V01022
BLAL,EQ,174.62,174.69,170.01,173.61,173.75,174.62,20392,3524155.74,04-Aug-2026,462,INE0N7W01012
BEML,EQ,1750,1774,1685,1690.6,1693.2,1743.7,320006,548902820.10,04-Aug-2026,28384,INE258A01024
BENGALASM,EQ,6237,6307.5,6206,6256,6250.5,6205,727,4549013.50,04-Aug-2026,639,INE083K01017
BERGEPAINT,EQ,527,544,526.6,533.8,535,526.55,488585,262337303.85,04-Aug-2026,20082,INE463A01038
BESTAGRO,EQ,18.78,22.66,18.5,22.66,22.66,18.89,29742912,634921083.55,04-Aug-2026,74981,INE052T01021
BETA,EQ,2370,2390,2302.1,2365,2365,2353,16520,39042482.30,04-Aug-2026,3645,INE351Y01019
BEWLTD,SM,58,59.15,57.15,57.15,57.15,57.95,5000,289875.00,04-Aug-2026,7,INE0HQI01014
BFINVEST,EQ,483.5,487.6,473,480.55,481.35,483,39521,19001441.60,04-Aug-2026,2449,INE878K01010
BFUTILITIE,EQ,575.4,580,567.35,568.5,567.55,576.2,30519,17472607.20,04-Aug-2026,1472,INE243D01012
BANK10BETF,EQ,20.99,21.09,20.76,20.79,20.76,20.82,4192,87781.18,04-Aug-2026,23,INF0QA701CI0
BANKBETF,EQ,58.77,58.88,58.34,58.6,58.87,58.61,23375,1369782.10,04-Aug-2026,249,INF0QA701714
LIQUIDBETF,EQ,1093.11,1093.13,1093.11,1093.12,1093.12,1092.98,181702,198622448.37,04-Aug-2026,105,INF0QA701854
NIFTYBETF,EQ,252.82,255,251.42,251.76,255,252.68,9099,2291740.83,04-Aug-2026,102,INF0QA701722
BGRENERGY,BE,278,282.5,265,272.15,271.5,278.4,91699,24955201.15,04-Aug-2026,1115,INE661I01014
BHADORA,ST,86.05,88.5,86,86.1,86.1,89.5,8400,726000.00,04-Aug-2026,6,INE0ZRC01017
BHAGERIA,BE,219.57,224,208.6,212.24,214,219.57,28286,6089346.58,04-Aug-2026,300,INE354C01027
BHAGCHEM,EQ,294.7,298.05,285,286.1,286,298.35,212998,61841131.35,04-Aug-2026,5436,INE414D01027
BHAGYANGR,BE,394,395,377,380.5,380,387.45,86982,33280159.95,04-Aug-2026,1166,INE458B01036
BHANDARI,BE,2.93,2.93,2.85,2.87,2.86,2.89,63010,181405.11,04-Aug-2026,156,INE474E01029
BEPL,EQ,121.32,123.5,119.71,122.94,122.4,120.72,2481561,302517310.04,04-Aug-2026,18514,INE922A01025
BBL,EQ,2572.7,2601,2368,2390.2,2381,2564.5,184418,449582652.60,04-Aug-2026,18976,INE464A01036
BHARATCOAL,EQ,34.2,34.44,34.04,34.2,34.28,34.09,4040386,138269613.21,04-Aug-2026,11196,INE05XR01022
BDL,EQ,1265,1278.3,1259.1,1265,1265,1265,422213,535607369.60,04-Aug-2026,18178,INE171Z01026
BEL,EQ,390.2,394.1,389.25,391.5,391.5,392.15,10632551,4159949340.30,04-Aug-2026,137922,INE263A01024
BHARATFORG,EQ,2213.2,2214.9,2177.1,2195,2195,2211,699993,1531054999.10,04-Aug-2026,29359,INE465A01025
BHARATGEAR,BE,117.4,117.4,117.4,117.4,117.4,123.57,16129,1893544.60,04-Aug-2026,200,INE561C01019
BPCL,EQ,328.55,328.55,320.65,324,324,329.95,5331584,1723850332.75,04-Aug-2026,34950,INE029A01011
BHARATRAS,EQ,1337.2,1393.4,1335,1345.4,1342.1,1337.2,30373,41444349.80,04-Aug-2026,3222,INE838B01021
BRNL,EQ,18.45,18.45,17.21,17.45,17.6,17.47,41826,737644.17,04-Aug-2026,257,INE727S01012
BHARATSE,EQ,223.3,237.75,219.11,231.87,230,223.36,1941113,449721323.54,04-Aug-2026,33541,INE415D01024
BHARATWIRE,EQ,202.65,205.91,200,200.4,200,202.77,121455,24626813.50,04-Aug-2026,2397,INE316L01019
BHARTIARTL,EQ,1980,1980,1936,1970.1,1970.1,1970.5,4977391,9745526967.50,04-Aug-2026,101090,INE397D01024
BHARTIHEXA,EQ,1645.8,1646.5,1610,1616.8,1620,1645.8,67498,109834276.90,04-Aug-2026,16975,INE343G01021
BIL,EQ,760.1,832.15,760.1,801.75,805,760.85,33586,26808680.85,04-Aug-2026,971,INE828A01016
BHEL,EQ,411.15,412.85,406.25,411.95,411.95,411.15,4709584,1929102009.35,04-Aug-2026,40961,INE257A01026
BTTL,BE,46.49,48.44,46,46.61,46.61,46.14,8251,390882.89,04-Aug-2026,56,INE274K01012
BIGBLOC,EQ,47.5,47.5,44.3,46.48,46.9,45.8,36881,1706600.30,04-Aug-2026,570,INE412U01025
BIKAJI,EQ,652,654.15,642,647.9,649.2,650,50727,32964186.80,04-Aug-2026,5859,INE00E101023
BIKEWO,ST,65,67.9,64.95,67.9,67.9,64.7,218000,14698000.00,04-Aug-2026,92,INE0SQH01013
BILVYAPAR,BE,4.06,4.09,3.92,4,4,4.04,3928,15685.20,04-Aug-2026,24,INE071A01013
BI,EQ,61.83,62,59.25,60.53,59.35,61.83,4865,297104.42,04-Aug-2026,106,INE986A01012
GROWW,EQ,193,196.99,191.01,191.33,191.32,192.6,28769660,5592492350.42,04-Aug-2026,156526,INE0HOQ01053
BIMETAL,EQ,642.25,659,640.05,645.75,645.5,637.15,120,77364.90,04-Aug-2026,21,INE469A01019
BMLL,SM,157,157,154,155.95,156,158,6000,932450.00,04-Aug-2026,6,INE1BKA01015
BIOCON,EQ,425.95,427,421.65,422,422,427,2478487,1051591850.70,04-Aug-2026,26767,INE376G01013
BIOFILCHEM,EQ,33.78,33.78,32.6,32.9,33.23,33.07,8743,289605.84,04-Aug-2026,99,INE829A01014
BIOPOL,SM,100.05,100.05,95.5,96.9,97,101.55,76800,7494240.00,04-Aug-2026,57,INE0XW001014
BIRLACABLE,BE,224.7,224.7,224.7,224.7,224.7,214,37620,8453214.00,04-Aug-2026,264,INE800A01015
BIRLACORPN,EQ,906.1,909.15,889,902.3,902.35,906.1,70050,62817541.05,04-Aug-2026,6365,INE340A01012
BIRLAPREC,EQ,34.99,35.02,34.01,34.48,34.41,34.8,13686,474035.56,04-Aug-2026,121,INE372E01025
BIRLANU,EQ,1343.2,1371,1336.4,1355.3,1345,1341.3,8967,12134002.30,04-Aug-2026,946,INE557A01011
ABGSEC,EQ,113.9,114.57,113.9,114.16,114.16,113.63,19,2168.35,04-Aug-2026,5,INF209KC1134
ABSL10BANK,EQ,174.75,174.75,170,170.52,172.9,171.95,41752,7117151.37,04-Aug-2026,37,INF209KC1670
ABSLBANETF,EQ,59.14,59.74,58.81,59.24,59.5,59.14,71589,4230776.77,04-Aug-2026,272,INF209KB17D5
ABSLLIQUID,EQ,999.99,1000.01,999.99,1000,1000,1000,13766,13765951.76,04-Aug-2026,29,INF209KB18T9
ABSLMSCIN,EQ,30.21,30.23,30,30,30,29.79,414,12498.14,04-Aug-2026,11,INF209KC1662
ABSLNN50ET,EQ,78.4,78.6,77.9,77.99,78,78.07,8900,696514.10,04-Aug-2026,188,INF209KB16D7
BSLSENETFG,EQ,77.97,80.57,77.97,79.02,79,79.14,2628,208171.79,04-Aug-2026,141,INF209KB10E8
HEALTHY,EQ,17.03,17.39,17.03,17.2,17.25,17.12,286217,4917228.53,04-Aug-2026,909,INF209KB10C2
MOMENTUM,EQ,30.92,31.43,30.92,31.21,31.3,30.93,79054,2471615.89,04-Aug-2026,218,INF209KB14K7
NIFTYQLITY,EQ,21.92,21.92,21.46,21.71,21.68,21.69,60802,1327412.02,04-Aug-2026,244,INF209KB15K4
SILVER,EQ,215,217.04,215,216.41,216.4,215.54,694678,150375508.34,04-Aug-2026,5429,INF209KB19F6
TECH,EQ,34.48,35.14,34.26,34.29,34.26,34.48,87273,2999391.80,04-Aug-2026,280,INF209KB11D8
ABSLPSE,EQ,10.41,10.41,10.27,10.31,10.4,10.36,173455,1794639.63,04-Aug-2026,544,INF209KB19Z4
BSOFT,EQ,324.8,326.3,316.6,323.2,323,321.5,1492292,479268357.80,04-Aug-2026,28973,INE836A01035
BBOX,EQ,762,780,747,750.05,750,753.7,316417,241721898.20,04-Aug-2026,20274,INE676A01027
BLACKROSE,BE,114.4,115.95,111.01,113.93,114,113.86,11972,1366480.74,04-Aug-2026,187,INE761G01016
BLACKBUCK,EQ,554,557.7,544.95,546.5,545,551,147838,81018069.25,04-Aug-2026,9452,INE0UIZ01018
BLBLIMITED,EQ,15.45,15.72,15.32,15.5,15.54,15.39,13349,208478.41,04-Aug-2026,70,INE791A01024
BLISSGVS,BE,474.5,489.75,469,489.75,489.75,466.45,459494,222921630.10,04-Aug-2026,2620,INE416D01022
BLSE,EQ,300.4,304.85,290,301.45,300.6,299.8,397609,119468794.00,04-Aug-2026,8687,INE0NLT01010
BLS,EQ,253,254.48,247.01,247.95,247.75,250.75,805638,202070055.47,04-Aug-2026,16086,INE153T01027
BLUECHIP,BE,1.7,1.7,1.7,1.7,1.7,1.73,718,1220.60,04-Aug-2026,13,INE657B01025
BLUECOAST,BE,25.49,25.61,23.45,25.38,25.38,24.64,1231,31020.29,04-Aug-2026,18,INE472B01011
BLUEDART,EQ,5375.5,5443.5,5344,5364.5,5364.5,5427,67817,364587548.00,04-Aug-2026,6513,INE233B01017
BLUEJET,EQ,589.5,612.6,580.25,582.05,583,589.5,1572783,932948673.65,04-Aug-2026,33294,INE0KBH01020
BLUEPEBBLE,SM,70,70,67,68,68,70,2000,138000.00,04-Aug-2026,4,INE0SAK01011
BLUESTARCO,EQ,1736.1,1737.6,1677.4,1685,1685,1729.2,866482,1474541507.00,04-Aug-2026,44527,INE472A01039
BLUEWATER,ST,420,439.35,418,418,418,440,27000,11464050.00,04-Aug-2026,26,INE0X3M01010
BLUESTONE,EQ,800.7,865,787.1,848.75,858.3,802.7,11927196,9969389296.95,04-Aug-2026,216049,INE304W01038
BLUSPRING,EQ,115.73,115.73,110.22,111.48,111.15,114.78,192613,21734304.74,04-Aug-2026,2155,INE0U4101014
BMWVENTLTD,EQ,57.7,58.22,57.03,57.16,57.12,57.69,72361,4147570.43,04-Aug-2026,1386,INE965W01036
BNAGROCHEM,BE,288.6,288.6,271.5,271.5,271.5,285.75,884,241440.30,04-Aug-2026,14,INE00HZ01011
BODALCHEM,BE,74.98,75,72,72.8,73.01,73.97,184700,13576693.71,04-Aug-2026,539,INE338D01028
BTML,EQ,6.94,7.2,6.64,6.69,6.7,6.84,210627,1427620.40,04-Aug-2026,284,INE0EEJ01023
BOHRAIND,EQ,14.42,15.59,14.42,14.81,14.89,15,6024,90302.32,04-Aug-2026,55,INE802W01023
BBTC,EQ,1540.9,1548.9,1501.2,1505.7,1506.1,1537.2,25557,38860143.80,04-Aug-2026,3968,INE050A01025
BOMDYEING,EQ,121.99,123.49,121.5,121.96,121.71,121.92,257728,31510577.94,04-Aug-2026,2540,INE032A01023
BMETRICS,SM,35.05,38.5,35,38.5,38.5,37,2400,86840.00,04-Aug-2026,3,INE0I3Y01014
BSHSL,BE,86.86,88,86,87.44,88,86,3806,331270.64,04-Aug-2026,52,INE032Z01020
830NHAI27,N2,1078.65,1080.1,1078.65,1079.99,1080,1080.85,3155,3407226.55,04-Aug-2026,42,INE906B07CB9
846REC28,N6,1113.1,1113.1,1113.1,1113.1,1113.1,1113.1,108,120214.80,04-Aug-2026,1,INE020B07HP8
865IRFC29,NA,1110,1110,1102,1102,1102,1101,195,214930.00,04-Aug-2026,3,INE053F07686
871REC28,N9,1119.7,1124,1119.26,1123.15,1124,1119,1160,1300574.15,04-Aug-2026,11,INE020B07HS2
863NHB34,N3,6350,6400,6350,6399.03,6400,6300,155,991850.00,04-Aug-2026,11,INE557F07108
901NHB34,N6,6372.9,6372.9,6370,6370,6370,6317.81,21,133799.00,04-Aug-2026,3,INE557F07132
888REC29,NF,1142.99,1143,1142.99,1142.99,1143,1148.99,98,112013.90,04-Aug-2026,2,INE020B07IG5
BONLON,EQ,41.23,42.67,40.13,41.86,42.14,41.23,6059,251514.13,04-Aug-2026,135,INE0B9A01018
BORANA,EQ,317.7,326.9,315.2,319,318.1,318.85,18846,6075650.90,04-Aug-2026,238,INE16SF01016
BOROLTD,EQ,232.54,241.74,232.54,239.87,241,233.47,104081,24838886.04,04-Aug-2026,2257,INE02PY01013
BORORENEW,EQ,556.9,567.4,553.95,559.05,559,553.95,493470,276880794.20,04-Aug-2026,15039,INE666D01022
BOROSCI,EQ,153.03,153.03,144,145.75,146,153.42,518635,76616261.05,04-Aug-2026,7613,INE02L001032
BOSCH-HCIL,EQ,1400,1444.8,1383.2,1439.4,1443.4,1390.2,103983,148648813.30,04-Aug-2026,5555,INE782A01015
BOSCHLTD,EQ,41160,41555,41000,41200,41200,41300,14478,597701180.00,04-Aug-2026,5209,INE323A01026
BOSS,SM,39.5,40.25,39.5,39.9,40.25,38.9,6000,239500.00,04-Aug-2026,3,INE0QNI01012
BPL,EQ,54.6,54.99,53.2,53.42,53.25,54.49,30568,1650092.38,04-Aug-2026,867,INE110A01019
BRACEPORT,SM,74,76.5,72,73,73,70.4,28800,2134880.00,04-Aug-2026,17,INE0R4Z01018
FIRSTCRY,EQ,215.4,215.98,213.2,214.73,214.69,214.61,407647,87486911.46,04-Aug-2026,7671,INE02RE01045
BCONCEPTS,EQ,189.94,190,182.35,183.91,185,189.14,22860,4233848.99,04-Aug-2026,597,INE977Y01011
BRANDMAN,SM,167.05,168.15,166.1,166.5,166.5,171.1,7200,1202080.00,04-Aug-2026,9,INE0XUD01014
BRIGADE,EQ,581.55,585.95,575.3,580.2,576.15,583.65,290721,168835744.30,04-Aug-2026,16583,INE791I01019
BRIGHOTEL,EQ,61.04,62.38,60.5,61.8,61.41,61.04,106741,6527628.18,04-Aug-2026,1990,INE03NU01014
BCG,EQ,9.31,9.63,9.25,9.46,9.39,9.35,5797052,54626348.79,04-Aug-2026,4404,INE425B01027
BRITANNIA,EQ,5502,5503.5,5393.5,5478,5478,5531,272040,1481428302.50,04-Aug-2026,29176,INE216A01030
BIRET,RR,342.95,343.5,341.9,342.49,342.5,342,1183774,405834650.29,04-Aug-2026,10796,INE0FDU25010
BROOKS,BE,61.6,62,60.15,60.79,60.8,61.26,12417,757237.19,04-Aug-2026,106,INE650L01011
BSE,EQ,3575,3637.8,3555.4,3618,3618,3575,2817947,10151786196.90,04-Aug-2026,114085,INE118H01025
BSL,EQ,127.2,127.2,122.7,124.87,125.9,123.65,2703,338005.65,04-Aug-2026,54,INE594B01012
BUTTERFLY,EQ,730,736.5,660,664.45,665,736.5,171815,117063640.55,04-Aug-2026,9882,INE295F01017
BULKCORP,SM,59.2,59.6,59.1,59.1,59.1,58.6,3600,213480.00,04-Aug-2026,3,INE0SZ301012
CKKRETAIL,SM,145.15,145.15,145,145,145,145,4000,580160.00,04-Aug-2026,5,INE0SMX01019
MAPMYINDIA,EQ,1204,1214,1092.7,1139.7,1109,1196,277378,324276275.40,04-Aug-2026,16161,INE0BV301023
C2C,SM,269.3,270,258,262.05,263,268,161700,42212520.00,04-Aug-2026,715,INE0U7V01015
CADSYS,ST,56.25,56.25,56.25,56.25,56.25,59.2,2500,140625.00,04-Aug-2026,3,INE090Y01013
CMLL,EQ,566,577.15,558,565.9,561.9,566.85,1049275,594397949.40,04-Aug-2026,21707,INE11XY01018
CALSOFT,BE,22.4,22.4,21.54,21.66,21.71,21.81,20976,460322.67,04-Aug-2026,114,INE526B01014
CTE,EQ,37.73,40.5,37.65,39.82,39.99,37.65,67702,2670168.73,04-Aug-2026,745,INE627H01017
CAMLINFINE,EQ,129.39,133.8,128.02,130.23,129.5,128.47,1005309,132469912.84,04-Aug-2026,10843,INE052I01032
CAMPUS,EQ,223.2,225,221.1,223.77,223.12,223.2,480578,107239303.78,04-Aug-2026,9907,INE278Y01022
CANFINHOME,EQ,823,823,807.5,809.8,810,817,202140,163923553.65,04-Aug-2026,8645,INE477A01020
CANBK,EQ,127.09,128.95,126.26,128,128,127.1,21657270,2773501737.29,04-Aug-2026,75644,INE476A01022
CANHLIFE,EQ,153.41,153.41,148.1,148.66,149.85,150.92,412018,61799037.59,04-Aug-2026,8086,INE01TY01017
CRAMC,EQ,260.35,271,260.35,266.6,266.9,261.2,534093,141933608.40,04-Aug-2026,11962,INE218I01013
CANARYS,SM,21.45,23.7,21.05,23.6,23.7,21.3,252000,5652800.00,04-Aug-2026,59,INE0QG301017
CANTABIL,EQ,248.6,253.5,247.01,247.86,247.5,247.24,435830,108981989.81,04-Aug-2026,3345,INE068L01024
CAPACITE,EQ,214.15,221.74,212.17,213.52,213.6,213.61,891218,192876043.76,04-Aug-2026,12205,INE264T01014
CAPILLARY,EQ,498.7,584,488.05,534.95,535.9,495.55,6482411,3563579834.30,04-Aug-2026,148957,INE0ILV01024
CIFL,EQ,21.98,21.98,20.59,21.13,20.6,20.76,137970,2950723.80,04-Aug-2026,845,INE345H01024
CAPINVIT,IV,74.83,75.48,74.6,75.25,75.12,74.58,342614,25755753.93,04-Aug-2026,5767,INE0Z8Z23013
CAPITALSFB,EQ,299.5,299.5,293.75,295.3,294.9,295.65,26721,7912372.40,04-Aug-2026,772,INE646H01017
CAPTRUST,EQ,19.7,20.02,19.7,20.02,20.02,19.07,104095,2081526.39,04-Aug-2026,304,INE707C01018
CAPLIPOINT,EQ,2571,2614.6,2550.4,2571.9,2568.1,2566.1,57214,147781582.00,04-Aug-2026,12371,INE475E01026
CGCL,EQ,228,232.6,227,228.68,228.3,227.47,2613901,601615435.86,04-Aug-2026,22177,INE180C01042
CPL,EQ,71.73,71.8,70.66,71.76,71.8,70.49,16305,1163743.54,04-Aug-2026,354,INE536P01021
CARBORUNIV,EQ,1090.4,1099.8,1075,1078.5,1075,1095.5,67012,72742758.00,04-Aug-2026,9178,INE120A01034
CARERATING,EQ,1715.6,1750.9,1705,1729.4,1721,1715.6,34587,60021069.00,04-Aug-2026,5801,INE752H01013
CPEDU,EQ,205.11,212,204.09,210.11,210.8,207.48,7033,1467457.20,04-Aug-2026,290,INE0P6P01016
CARRARO,EQ,544.95,545.95,538,540.4,538,542.8,59651,32323877.20,04-Aug-2026,5005,INE0V7W01012
CARTRADE,EQ,2804,2820,2763.5,2805.4,2808,2803.3,170294,475670440.70,04-Aug-2026,16025,INE290S01011
CARYSIL,EQ,1184,1205,1170,1178.2,1171.9,1188.3,45497,54101023.70,04-Aug-2026,4588,INE482D01024
CUDML,ST,137,137.55,137,137.55,137.55,131,3000,412100.00,04-Aug-2026,3,INE0WL201014
CASTROLIND,EQ,186.75,188.95,186.1,187.06,187.25,185.84,3139767,589025427.60,04-Aug-2026,30898,INE172A01027
CCL,EQ,1136,1142.4,1106,1122,1120,1152.4,308954,346900619.50,04-Aug-2026,31059,INE421D01022
CEATLTD,EQ,3549.4,3624.5,3518.4,3611.2,3550,3542.5,109956,393897763.30,04-Aug-2026,14992,INE482A01020
CEDAAR,ST,16.45,17.25,16.35,16.35,16.35,17.2,18000,297250.00,04-Aug-2026,17,INE11J101017
CEIGALL,EQ,349,349,337.3,339.85,338.4,344.75,81183,27764414.25,04-Aug-2026,2630,INE0AG901020
CEINSYS,EQ,833,874.5,831.8,861.65,865,833.1,69576,59717170.75,04-Aug-2026,5171,INE016Q01014
CELEBRITY,EQ,7.2,7.35,6.91,7.17,7.27,7.11,42940,305062.21,04-Aug-2026,98,INE185H01016
CELLPOINT,SM,18.8,18.8,18.8,18.8,18.8,18.95,1200,22560.00,04-Aug-2026,1,INE0O0001013
CELLECOR,ST,33.3,33.3,32,32.05,32.05,33.65,150000,4860150.00,04-Aug-2026,47,INE0OMO01025
CELLO,EQ,344.05,346.75,342.6,344.85,345,345.55,115794,39963653.90,04-Aug-2026,7246,INE0LMW01024
CEMPRO,EQ,1366,1366,1297.7,1329.8,1313.4,1363.3,640614,846108419.40,04-Aug-2026,22510,INE686A01026
CENTRALBK,EQ,31.46,31.5,31.17,31.23,31.27,31.46,4894350,153303460.86,04-Aug-2026,13260,INE483A01010
CDSL,EQ,1318,1362,1312.5,1340,1340,1322.2,1929942,2589913079.60,04-Aug-2026,46474,INE736A01011
CMPDI,EQ,248.35,250.6,245.7,247.05,248,247.49,1400155,347735294.20,04-Aug-2026,25966,INE05HV01027
CENTRUM,EQ,24.27,24.8,23.4,23.6,23.7,24.09,300503,7191786.78,04-Aug-2026,993,INE660C01027
CENTUM,EQ,3676.5,3740.3,3640,3698.6,3706,3676.5,21707,80176736.00,04-Aug-2026,7998,INE320B01020
CENTENKA,EQ,627,631.3,616.35,620.5,620,621.6,79525,49660929.55,04-Aug-2026,3976,INE485A01015
CENTEXT,EQ,20.39,24,20.1,23.67,23.45,20,4067536,95292251.37,04-Aug-2026,3677,INE281A01026
CENTURYPLY,EQ,772.8,776.5,765,769.5,770.55,772.8,71842,55428516.30,04-Aug-2026,7801,INE348B01021
CERA,EQ,6315.5,6364.5,6240,6301,6310,6280.5,6080,38359658.50,04-Aug-2026,1764,INE739E01017
CEREBRAINT,BZ,2.9,3.09,2.9,2.97,2.98,2.97,51840,154091.48,04-Aug-2026,122,INE345B01019
CESC,EQ,166.07,167.49,164.1,164.76,164.22,165.98,560175,92891441.75,04-Aug-2026,9272,INE486A01021
CGPOWER,EQ,846.6,882.8,846.45,880.05,880.05,826.1,8524215,7441254632.85,04-Aug-2026,121556,INE067A01029
CHALET,EQ,821.5,837.85,815,825.65,825,821.5,116249,96111995.25,04-Aug-2026,7340,INE427F01016
CLSEL,EQ,293.7,293.95,280.45,290.15,287.1,292.3,37182,10771076.80,04-Aug-2026,1128,INE419D01026
CMNL,SM,97.55,97.75,97.5,97.5,97.5,98.8,4500,439050.00,04-Aug-2026,6,INE06PV01010
CHAMBLFERT,EQ,456.55,456.7,450.05,454.6,455.1,455,341969,154945156.90,04-Aug-2026,11308,INE085A01013
CHAMUNDA,SM,42.8,43.4,42.8,43.4,43.4,43,9000,387000.00,04-Aug-2026,3,INE11HG01018
CHANDAN,SM,253.75,258.95,252.05,255.45,256.9,250.5,41600,10621960.00,04-Aug-2026,52,INE0B2N01016
CHAVDA,SM,132,133.95,129,129.15,129,128.35,50000,6548000.00,04-Aug-2026,47,INE0PT101017
CHEMBONDCH,BE,230.3,230.3,222,229.11,224.05,225.43,1474,331369.08,04-Aug-2026,58,INE0TGX01019
CHEMBOND,BE,173.91,177.3,169,171.82,176.98,173.91,4827,845140.43,04-Aug-2026,97,INE995D01025
CHEMCON,BE,193.29,193.29,193.29,193.29,193.29,184.09,26608,5143060.32,04-Aug-2026,164,INE03YM01018
CHEMFAB,BE,376.95,378,370.15,371.35,375,376.95,3702,1382518.50,04-Aug-2026,39,INE783X01023
CHEMPLASTS,EQ,196.11,198.06,194,194.41,194.1,196.1,130556,25566075.19,04-Aug-2026,3892,INE488A01050
CHENNPETRO,EQ,1342,1351,1301.3,1325.7,1326,1325.5,1993696,2629344554.70,04-Aug-2026,54247,INE178A01016
CHETANA,ST,46,47,46,47,47,46,17600,822960.00,04-Aug-2026,6,INE0U1T01012
CHEVIOT,EQ,1130,1139.6,1124.1,1130.6,1130,1130.4,1826,2069656.10,04-Aug-2026,193,INE974B01016
CHOICEIN,EQ,826.85,831,821,824.8,822,828.1,333380,275320582.60,04-Aug-2026,6916,INE102B01014
CHOICEGOLD,EQ,140.54,142.48,139.27,140.62,141,140.54,11910,1675272.40,04-Aug-2026,374,INF2KCX01012
CHOLAHLDNG,EQ,1580,1580,1541.7,1545.9,1550,1574.6,178999,278563977.70,04-Aug-2026,16649,INE149A01033
CHOLAFIN,EQ,1888.2,1888.2,1859.4,1875,1875,1888.2,1345656,2519757798.00,04-Aug-2026,49631,INE121A01024
CIEINDIA,EQ,419.95,420.7,409.5,410.6,410.05,419.65,358037,147966582.55,04-Aug-2026,13762,INE536H01010
CINELINE,EQ,88.21,89.7,88,89.51,89.5,88.53,10245,913644.10,04-Aug-2026,258,INE704H01022
CINEVISTA,EQ,15.49,15.49,14.82,14.87,14.87,14.94,5727,85691.84,04-Aug-2026,66,INE039B01026
CIPLA,EQ,1469.6,1469.6,1449.3,1460,1460,1474.4,947279,1379048275.00,04-Aug-2026,53394,INE059A01026
CITIUSINVT,IV,109.09,110.06,108.72,108.94,108.85,109.09,233085,25604517.42,04-Aug-2026,1245,INE2Q7823014
CUB,EQ,204,205,200.74,201.47,201,204.65,4808855,972757155.97,04-Aug-2026,32419,INE491A01021
CLEDUCATE,BE,58.19,58.95,56.5,56.69,56.6,59.28,17126,973430.25,04-Aug-2026,267,INE201M01029
CLASSICEIL,ST,59,59,58.25,58.25,58.25,60.35,8000,469680.00,04-Aug-2026,5,INE0UQ601012
CLAYCRAFT,SM,176.3,183,175,180.4,181.5,175.1,38400,6870630.00,04-Aug-2026,53,INE1QGM01024
CLCIND,BE,62.55,62.55,56.61,61.67,61.93,59.58,32226,1955334.29,04-Aug-2026,117,INE376C01038
CLEANMAX,EQ,1356.2,1364,1310.4,1326.7,1331,1349.5,116333,154241860.30,04-Aug-2026,10374,INE647U01026
CLEAN,EQ,768,782,763.2,774.55,777.5,764.15,513308,397634745.20,04-Aug-2026,33051,INE227W01023
CSSL,SM,101,101,96.6,98.65,99.75,99.25,31000,3058350.00,04-Aug-2026,15,INE1EF801010
CMRGREEN,EQ,224,229.35,221.85,228.59,228.11,222.58,790829,179458549.31,04-Aug-2026,12970,INE00WV01027
CMSINFO,EQ,275.4,280.5,273.05,279.4,279,275.4,467946,130256692.10,04-Aug-2026,14437,INE925R01014
COALINDIA,EQ,415,417.6,413,417.6,417.6,416,4057342,1686984804.25,04-Aug-2026,52822,INE522F01014
COASTCORP,EQ,51.04,52,47.72,48.53,48.72,51.04,443577,21791698.41,04-Aug-2026,2898,INE377E01024
COCHINSHIP,EQ,1441,1455.7,1430,1430,1430,1441.9,758781,1093439421.60,04-Aug-2026,24818,INE704P01025
COFFEEDAY,BE,32.7,33.63,32.57,33.63,33.63,32.03,459446,15410039.62,04-Aug-2026,730,INE335K01011
COFORGE,EQ,1772,1774.8,1733.2,1749.9,1749.9,1768,1189895,2077375233.70,04-Aug-2026,46479,INE591G01025
COHANCE,EQ,428.05,428.35,421.75,424.9,425,425.35,247065,105123954.45,04-Aug-2026,12408,INE03QK01018
COLPAL,EQ,2080,2080.2,2010,2010,2010,2077,562942,1142246758.50,04-Aug-2026,34157,INE259A01022
COMFINTE,EQ,6.9,6.98,6.35,6.4,6.59,6.89,997220,6649624.43,04-Aug-2026,719,INE819A01049
COMSYN,EQ,210.24,215.87,208.5,211.05,208.5,208.72,152230,32125982.60,04-Aug-2026,3263,INE073V01015
COMMITTED,ST,350,350,335.5,340,340,350,46400,16180640.00,04-Aug-2026,18,INE597Z01014
COMPINFO,BZ,1.13,1.17,1.1,1.12,1.15,1.15,4538,5183.45,04-Aug-2026,14,INE070C01037
COMPUSOFT,EQ,13.4,13.54,13.16,13.2,13.22,13.4,16245,215646.18,04-Aug-2026,120,INE453B01029
CAMS,EQ,791.5,830.5,789,809.4,809.4,791,4699513,3838999583.50,04-Aug-2026,90853,INE596I01020
CONCORDBIO,EQ,1460,1469.6,1412,1420,1420,1414.6,246334,352342867.30,04-Aug-2026,24863,INE338H01029
CEWATER,EQ,287.95,288,279.1,279.6,281,285.8,90239,25598723.45,04-Aug-2026,2754,INE037Z01029
CONFIPET,EQ,84.79,84.79,80.11,82.08,82,83.77,2152778,176129529.33,04-Aug-2026,13902,INE552D01024
CONNPLEX,SM,205,205,201,201,201,204.5,3200,646440.00,04-Aug-2026,4,INE0EAS01014
CCCL,EQ,15.77,16.6,15.4,15.68,16.05,15.73,253037,4035126.00,04-Aug-2026,752,INE429I01024
CONSOFINVT,BE,295.75,306,292,304.4,300,295.75,16796,5072698.55,04-Aug-2026,162,INE025A01027
CONCOR,EQ,526.05,526.1,514,515,515,525,1523968,789965998.60,04-Aug-2026,35323,INE111A01025
CONTI,SM,10.5,11.6,10.5,11.6,11.6,11.05,6666,73659.30,04-Aug-2026,2,INE340Z01019
CONTROLPR,EQ,572,579.8,570.4,575.05,578,571.45,12383,7137454.70,04-Aug-2026,1927,INE663B01015
COOLCAPS,ST,22.4,23.7,21.8,22.15,21.8,22.9,91250,2028062.50,04-Aug-2026,34,INE0HS001028
CORALFINAC,EQ,33.1,34.69,32.41,32.66,33,33.4,8293,272895.31,04-Aug-2026,132,INE558D01021
CORDSCABLE,BE,216,222.18,211,222.18,222.18,211.6,39845,8783744.23,04-Aug-2026,430,INE792I01017
COROMANDEL,EQ,2128,2129.9,2096.8,2115.5,2110,2115.3,84790,179281936.70,04-Aug-2026,11154,INE169A01031
CORONA,EQ,2130,2270.1,2130,2159.7,2152,2105.7,207658,454604564.40,04-Aug-2026,36095,INE02ZQ01018
COSMOFIRST,EQ,910.05,934,907,922.35,918,910.05,100984,93290436.90,04-Aug-2026,6453,INE757A01017
CCHHL,EQ,13.06,13.26,12.71,12.82,12.89,13.06,16521,213245.14,04-Aug-2026,108,INE652F01027
COUNCODOS,EQ,6.15,6.18,6.01,6.02,6.01,6.02,17722,106981.46,04-Aug-2026,140,INE695B01025
CPCAP,BE,111.25,115.25,111.15,113.85,112.05,114.57,12081,1366439.84,04-Aug-2026,61,INE521J01018
CPSEETF,EQ,95.99,95.99,94.5,94.62,94.5,94.89,817151,77567608.66,04-Aug-2026,7280,INF457M01133
CRAFTSMAN,EQ,10370,10397,10150,10175,10193,10338.5,27276,279840089.00,04-Aug-2026,7729,INE00LO01017
CRAYONS,SM,26.6,27.8,26.6,27.8,27.8,26.5,4000,109800.00,04-Aug-2026,4,INE0OFK01019
CREATIVEYE,EQ,6.36,6.36,6.22,6.27,6.27,6.2,5847,36755.43,04-Aug-2026,65,INE230B01021
CGRAPHICS,SM,146.8,146.8,142.9,145,145,143.65,15200,2198480.00,04-Aug-2026,19,INE0R7401011
CNL,EQ,1014.6,1084.9,987,1055.8,1059,1015.9,189433,194644091.00,04-Aug-2026,14631,INE985W01018
CREDITACC,EQ,1550,1574.9,1530,1557.6,1559.9,1558.2,137441,214103351.10,04-Aug-2026,14164,INE741K01010
MUFTI,EQ,82.11,82.99,82.05,82.23,82.35,82.69,28429,2341152.21,04-Aug-2026,542,INE220Q01020
CREST,EQ,394.5,395,381.6,386.25,388.85,389.7,5381,2086431.35,04-Aug-2026,371,INE559D01011
CRISIL,EQ,4410.2,4423.8,4340,4357.2,4375,4424.9,19668,85998532.70,04-Aug-2026,5007,INE007A01025
CRIZAC,EQ,199,199,190.5,191.74,190.55,195.88,293223,56688089.29,04-Aug-2026,8656,INE0S4R01014
CROMPTON,EQ,266.5,271,263.1,263.1,263.1,266.3,1865616,499117026.85,04-Aug-2026,22768,INE299U01018
CLSL,SM,66.4,66.4,66,66,66,66.2,18000,1188800.00,04-Aug-2026,9,INE00NH01017
CROWN,EQ,115.11,116,110.62,114.7,114.84,115.11,20811,2378265.40,04-Aug-2026,230,INE491V01019
CSBBANK,EQ,333.4,333.4,327.95,329.9,328.45,332.8,217303,71782971.15,04-Aug-2026,7491,INE679A01013
CSLFINANCE,EQ,223.74,223.99,215.02,216.4,217.9,219.78,5190,1134083.23,04-Aug-2026,189,INE718F01018
CSM,EQ,104.77,104.77,99.31,100.38,100,104.88,173715,17735045.09,04-Aug-2026,2311,INE0ZK601013
CUBEINVIT,IV,156.49,157.95,156,157.82,157.55,156.49,1108351,173998438.65,04-Aug-2026,13998,INE0NR623014
CUBEXTUB,EQ,79.25,79.25,77.72,78.53,78.2,79.65,18581,1457944.40,04-Aug-2026,519,INE144D01012
CUMMINSIND,EQ,5536.5,5595,5439,5550,5550,5550,324047,1788122810.50,04-Aug-2026,47098,INE298A01020
CUPID,EQ,234.1,239.99,233.35,237.99,237.8,230.95,28917322,6895798312.32,04-Aug-2026,125433,INE509F01029
CURAA,EQ,72,77.7,71,77.7,77.7,72.5,229,16453.69,04-Aug-2026,9,INE117B01020
CURIS,SM,111,111,110,110,110,110.1,3000,331000.00,04-Aug-2026,3,INE1BZN01016
CURRENT,SM,101.45,101.45,101.45,101.45,101.45,103.5,1600,162320.00,04-Aug-2026,1,INE1CRQ01014
CYBERMEDIA,BE,16.19,16.19,15.6,15.7,15.7,16.19,4588,72452.40,04-Aug-2026,39,INE278G01037
CMRSL,SM,62.85,62.85,62.85,62.85,62.85,62.85,800,50280.00,04-Aug-2026,1,INE075Z01011
CYBERTECH,BE,142.99,142.99,138,139.35,140.36,141.59,7268,1016293.00,04-Aug-2026,138,INE214A01019
CYIENTDLM,EQ,674.35,697.4,663.8,667.5,667.7,671.7,460772,312582507.75,04-Aug-2026,19033,INE055S01018
CYIENT,EQ,855,879.45,855,867.6,868,858.55,493282,429242730.75,04-Aug-2026,26715,INE136B01020
DPWIRES,BE,165.91,170.6,162.5,169.56,170.6,164.27,6851,1149209.85,04-Aug-2026,146,INE864X01013
DLINKINDIA,EQ,449.85,455,435,441.3,441.25,450.8,125932,56074390.25,04-Aug-2026,4995,INE250K01012
DPABHUSHAN,EQ,1434.9,1495,1388.1,1486.6,1470,1420.2,89314,131176116.70,04-Aug-2026,7769,INE266Y01019
DBCORP,EQ,211.51,212.73,208.84,210.18,209,210.53,71224,14991080.59,04-Aug-2026,2152,INE950I01011
DABUR,EQ,420.8,420.8,405.35,409.65,409.65,425.8,6370534,2619656337.40,04-Aug-2026,73128,INE016A01026
DAICHI,BE,315.6,320.95,310,318.85,310.05,321.1,505,161172.85,04-Aug-2026,22,INE928C01010
DALBHARAT,EQ,1844.2,1844.2,1808.2,1827,1827,1844.6,94107,170812614.00,04-Aug-2026,6902,INE00R701025
DALMIASUG,EQ,425,427,399.35,412.75,407,411.85,3674329,1523282757.20,04-Aug-2026,56432,INE495A01022
DAMCAPITAL,EQ,153.7,156.31,151.96,153.14,152.4,153.71,289922,44753389.02,04-Aug-2026,4550,INE284H01025
DAMODARIND,BE,28.05,28.05,27.41,28.05,28.05,28.05,750,21005.50,04-Aug-2026,11,INE497D01022
DANGEE,EQ,2.98,3.12,2.98,3.02,3.07,2.98,91662,278737.18,04-Aug-2026,144,INE688Y01022
DANISH,SM,819,834.05,808.2,810.55,808.2,820.2,11400,9344700.00,04-Aug-2026,67,INE0YU901016
DCCL,SM,49,49,48,48.15,48.35,50.9,6000,290700.00,04-Aug-2026,3,INE04Q901010
DATAPATTNS,EQ,4445,4625,4440.1,4554.7,4545.1,4428.8,1293591,5917848540.40,04-Aug-2026,98864,INE0IX101010
DATAMATICS,EQ,826.6,847.4,823,840.35,840,824.95,67748,56746587.95,04-Aug-2026,3588,INE365B01017
DAVANGERE,EQ,3.18,3.21,3.06,3.08,3.09,3.18,7308966,22795954.23,04-Aug-2026,3941,INE179G01029
DBSTOCKBRO,BE,34.16,34.5,33.5,33.5,33.5,34.16,54515,1827724.67,04-Aug-2026,64,INE921B01025
DCI,EQ,339.85,347,332.4,340.35,343.3,337.2,67371,22839258.00,04-Aug-2026,2631,INE0A1101019
DCBBANK,EQ,191.85,192.3,189.61,191.8,191.01,191.09,441045,84319322.03,04-Aug-2026,6577,INE503A01015
1275DCCL28,N0,10000,10000,9820,9820,9820,9000,14,139100.00,04-Aug-2026,3,INE04Q907181
DCG,SM,54.85,55,53.5,53.5,53.5,54.6,9600,522840.00,04-Aug-2026,7,INE0S8401018
DCMFINSERV,EQ,5.28,5.34,4.98,5.26,5.34,4.94,12868,66188.12,04-Aug-2026,84,INE891B01012
DCM,BE,81.25,84.94,79.47,82,82.44,83.65,14813,1191927.26,04-Aug-2026,149,INE498A01018
DCMNVL,BE,138.3,149.69,138.3,149.69,149.69,142.57,20433,3057520.53,04-Aug-2026,77,INE08KP01019
DSFCL,BE,25.8,26.07,25.58,26.07,26.07,25.56,11817,305248.04,04-Aug-2026,44,INE0OFM01015
DCMSRIND,EQ,41.56,44.9,41.56,44.15,44.15,41.56,508003,22261052.14,04-Aug-2026,4643,INE843D01027
DCMSIL,BE,74.01,78.8,73.15,78.16,78,75.68,41823,3221092.45,04-Aug-2026,303,INE0OU201013
DCMSHRIRAM,EQ,1037.8,1037.8,1020,1026.7,1022,1029.8,54450,56076933.20,04-Aug-2026,4585,INE499A01024
DCW,EQ,46.81,47,46.48,46.69,46.75,46.73,359162,16773466.87,04-Aug-2026,2203,INE500A01029
DCXINDIA,EQ,184.49,185.2,179.5,180.06,180.18,183.55,408404,74324410.47,04-Aug-2026,6189,INE0KL801015
DDEVPLSTIK,EQ,288.95,288.95,282.05,283.9,284,288.35,87182,24864239.55,04-Aug-2026,2328,INE0HR601026
DENEERS,SM,186,187.35,181,182,182,185.1,16200,2984280.00,04-Aug-2026,26,INE0JWV01011
DENORA,EQ,898.3,918.9,876.5,880.05,882,891.05,7634,6847239.50,04-Aug-2026,648,INE244A01016
DECCANCE,EQ,554.2,599,552.1,583.35,581.2,556,126129,72845155.85,04-Aug-2026,4067,INE583C01021
DECNGOLD,EQ,206,206.57,199.01,199.45,200,204.28,900326,181574614.99,04-Aug-2026,9996,INE945F01025
DECCANTRAN,SM,23.5,23.5,23,23,23,24.1,4800,111720.00,04-Aug-2026,4,INE0S7C01019
DEEDEV,BE,700,704,657.75,657.75,657.75,692.35,259064,172365309.25,04-Aug-2026,2775,INE841L01016
DEEM,ST,46.1,46.4,46.1,46.4,46.4,48.5,2000,92500.00,04-Aug-2026,2,INE586O01011
DEEPINDS,EQ,643.25,661.75,634.75,654,650.1,649.3,1173476,764229501.20,04-Aug-2026,29133,INE0FHS01024
DBEIL,BE,7.54,7.54,7.3,7.39,7.4,7.3,50356,372395.74,04-Aug-2026,216,INE0OPA01027
DEEPAKFERT,EQ,1581,1681,1578.5,1599.1,1598,1576,2177566,3571784381.70,04-Aug-2026,92861,INE501A01019
DEEPAKNTR,EQ,1720,1753.5,1710.4,1717.7,1720,1713.8,281164,486240414.10,04-Aug-2026,18834,INE288B01029
DELAPLEX,SM,95.35,95.5,95.35,95.5,95.5,95.35,1800,171810.00,04-Aug-2026,3,INE0SK801018
DELHIVERY,EQ,470,482,468.8,482,482,470,1756448,830201554.65,04-Aug-2026,35125,INE148O01028
DELPHIFX,BE,6.81,6.98,6.72,6.8,6.85,6.81,34385,233937.52,04-Aug-2026,116,INE726L01027
DELTIC,SM,35.3,37.1,34.6,35.2,35,38.15,44000,1591950.00,04-Aug-2026,30,INE0XRN01019
DELTACORP,EQ,63.4,64.6,63.3,63.75,63.99,63.4,725345,46347118.83,04-Aug-2026,3604,INE124G01033
DELTAMAGNT,EQ,58.45,58.45,57,57.5,58.2,57.92,4006,229813.94,04-Aug-2026,204,INE393A01011
DEN,EQ,27.87,27.87,27.24,27.42,27.49,27.72,483398,13281350.75,04-Aug-2026,1832,INE947J01015
DENTA,EQ,363.3,372,358.85,364.25,361.8,364.05,486359,177852118.15,04-Aug-2026,12282,INE0R4L01018
DEVX,EQ,34.5,34.5,33.9,33.95,34,34.33,129708,4414660.43,04-Aug-2026,1630,INE0VOV01021
DEVIT,EQ,27.01,29.2,26.4,27.47,27.6,27.12,65977,1838454.12,04-Aug-2026,569,INE060X01034
DEVYANI,EQ,117.25,120.95,116.17,119.75,119.4,116.76,4920431,587734377.81,04-Aug-2026,35905,INE872J01023
DBOL,EQ,104.8,112.9,103.5,108.15,109,102.91,396880,43197394.44,04-Aug-2026,5172,INE0I3401014
DHAMPURSUG,EQ,144,154.82,143.5,151.38,151.1,143.84,1737108,262052935.25,04-Aug-2026,22974,INE041A01016
DHANBANK,EQ,32.8,32.88,32.09,32.15,32.3,32.73,751760,24397207.09,04-Aug-2026,2303,INE680A01011
DHANLAXMI,SM,27.45,27.45,26,26,26,26.95,6000,159000.00,04-Aug-2026,3,INE0V9V01010
DHANSA,SM,19.9,20,19.9,19.9,19.9,19.2,10000,199600.00,04-Aug-2026,5,INE0M3I01029
DHANUKA,EQ,1029.9,1029.9,990,1008.1,1011,1023.3,45496,45685156.70,04-Aug-2026,5718,INE435G01025
DIRL,SM,11.35,11.35,11.35,11.35,11.35,10.85,6000,68100.00,04-Aug-2026,1,INE704V01015
DHARARAIL,ST,137,137,136,137,137,135.8,11000,1505000.00,04-Aug-2026,7,INE2HJL01019
DHARAN,BZ,0.16,0.16,0.15,0.16,0.16,0.15,34308795,5455039.05,04-Aug-2026,1214,INE278R01034
DHARIWAL,SM,27,27.7,22.35,22.35,22.35,27.9,525000,12374100.00,04-Aug-2026,139,INE0YRN01025
DHARMAJ,EQ,269.8,270.95,263.15,267.85,268,269.85,102204,27118319.40,04-Aug-2026,2112,INE00OQ01016
DHRUV,BE,24.55,25.7,24.55,25.49,25.48,24.55,582,14849.14,04-Aug-2026,14,INE506Z01015
DHUNINV,EQ,865,896.4,865,884.95,884.95,886.9,448,394295.30,04-Aug-2026,55,INE320L01011
DTIL,EQ,131,132.49,128.2,132.11,130.6,130.39,2312,303583.90,04-Aug-2026,87,INE341R01014
DVL,EQ,247.2,251.95,245,248.24,249.3,245.89,14178,3511620.44,04-Aug-2026,293,INE477B01010
DIAMINESQ,EQ,241,241.41,238.51,239.82,238.6,239.73,3953,948408.94,04-Aug-2026,181,INE591D01014
DIACABS,BE,320,322.85,306.75,316.4,318.2,322.85,2905533,905138589.70,04-Aug-2026,24690,INE989C01038
DICIND,EQ,522,522,505.15,513.35,516,510.1,940,480891.35,04-Aug-2026,47,INE303A01010
DIFFNKG,EQ,408.25,431,408.25,423.7,425,406.1,378227,160128715.50,04-Aug-2026,10568,INE184O01015
DGCONTENT,EQ,23.84,25,23.3,23.88,24.24,23.84,7403,181251.32,04-Aug-2026,116,INE03JI01017
DIGIDRIVE,EQ,17.76,18.59,17.62,18.1,18.23,17.76,13638,246006.42,04-Aug-2026,129,INE0PSC01024
DIGIKORE,SM,41,45.7,39.05,41.95,41.25,41.9,193200,8103280.00,04-Aug-2026,306,INE0QJ901011
DIGISPICE,BE,18.05,18.05,17.09,17.18,17.09,17.98,257367,4453344.10,04-Aug-2026,638,INE927C01020
DIGITIDE,EQ,99.52,100.77,97.68,98.48,98,100.15,228674,22671183.59,04-Aug-2026,2154,INE0U4701011
DIGJAMLMTD,EQ,48.98,49.85,47.32,48.9,49.85,48.59,18842,917193.09,04-Aug-2026,165,INE731U01028
DNAMEDIA,EQ,3.1,3.1,2.8,2.86,2.86,2.87,35166,100787.44,04-Aug-2026,112,INE016M01021
DBL,EQ,449,473.85,449,467.25,465.4,444.35,1339118,624110755.05,04-Aug-2026,29423,INE917M01012
DISAQ,EQ,12340,12795,12298,12470,12795,12332,647,8013113.00,04-Aug-2026,354,INE131C01011
DISHTV,BE,2.85,2.86,2.8,2.83,2.83,2.84,558769,1582175.87,04-Aug-2026,704,INE836F01026
DCAL,EQ,188.41,190.44,185.85,188.24,189,188.05,100109,18823411.22,04-Aug-2026,2876,INE385W01011
DIVGIITTS,EQ,975,990,955.2,961.35,955.3,975.6,19891,19281593.35,04-Aug-2026,2374,INE753U01022
DIVISLAB,EQ,8451,8460.5,8243,8378,8378,8585,970329,8089108146.50,04-Aug-2026,65812,INE361B01024
DIVINEHIRA,ST,110,111.5,107,107,107,109,19200,2106840.00,04-Aug-2026,11,INE0NA501011
DPEL,SM,553.75,556,532,547.3,550,548,108500,59158125.00,04-Aug-2026,178,INE0SCO01019
DIVYADHAN,ST,55.85,55.85,55.85,55.85,55.85,54.8,18000,1005300.00,04-Aug-2026,8,INE0QYI01019
DIXON,EQ,13900,14086,13812,13988,13988,13892,300730,4196611084.00,04-Aug-2026,46073,INE935N01020
DJML,EQ,113.7,114.17,110,110.75,111.28,112.58,83210,9385168.81,04-Aug-2026,1447,INE0B1K01014
DLF,EQ,654.8,659.8,643.4,643.4,643.4,668.55,7016514,4573836263.50,04-Aug-2026,88168,INE271C01023
DMCC,EQ,278,283,275,281.65,281.5,278,28633,8023442.40,04-Aug-2026,1050,INE505A01010
DHTL,SM,33.9,33.9,33.9,33.9,33.9,35.65,1600,54240.00,04-Aug-2026,2,INE0OGG01015
DODLA,EQ,1056,1059,1030.6,1043.7,1040.1,1046.3,19663,20558385.40,04-Aug-2026,3326,INE021O01019
DOLATALGO,EQ,67.56,68.49,67.15,67.9,68.25,67.56,71446,4852631.95,04-Aug-2026,1322,INE966A01022
DOLLAR,EQ,268.6,275,264.8,271.1,271.05,267.4,130195,35366573.95,04-Aug-2026,2724,INE325C01035
DOLLEX,SM,30.25,30.75,30,30.45,30.45,30.45,60000,1828400.00,04-Aug-2026,15,INE0JHH01011
DOLPHIN,EQ,405.7,411.2,397,402.4,404.5,405.45,14802,6001476.30,04-Aug-2026,575,INE920A01037
DOMS,EQ,2175,2260.9,2175,2253.1,2250,2292,336617,744996161.10,04-Aug-2026,33874,INE321T01012
DONEAR,EQ,85.49,85.49,84.06,85.24,85.45,84.44,9359,795149.22,04-Aug-2026,210,INE668D01028
DPSCLTD,BE,7.69,7.69,7.21,7.42,7.5,7.53,91506,682049.12,04-Aug-2026,376,INE360C01024
AGARWALEYE,EQ,485.85,504.4,485.85,493.5,492.35,483.3,204451,101180696.10,04-Aug-2026,11691,INE943P01029
DRAGARWQ,EQ,5199.5,5499,5017.5,5081,5132,5007,6564,34113819.00,04-Aug-2026,1747,INE934C01018
LALPATHLAB,EQ,1911.9,1955.1,1871,1889.4,1871,1900.4,500180,958261882.40,04-Aug-2026,42745,INE600L01024
DRREDDY,EQ,1174,1174,1154.4,1172.6,1172.6,1180,2165315,2515984205.20,04-Aug-2026,57579,INE089A01031
DRCSYSTEMS,EQ,13.57,13.68,13,13.57,13.35,13.57,51568,693477.98,04-Aug-2026,346,INE03RS01027
DREAMFOLKS,EQ,68.83,74,67.49,70.41,70.11,67.48,272339,19464048.24,04-Aug-2026,3839,INE0JS101016
DREDGECORP,EQ,1095.7,1130.8,1094.5,1120.9,1128.9,1096.5,110401,123011925.10,04-Aug-2026,8147,INE506A01018
DRONE,SM,40,41.8,39.7,40,40.05,39.4,37000,1486675.00,04-Aug-2026,56,INE0P7201019
DSKULKARNI,BE,9.48,9.48,9.48,9.48,9.48,9.03,22,208.56,04-Aug-2026,2,INE891A01022
KEEPLEARN,EQ,1.99,1.99,1.85,1.92,1.95,1.94,21168,40614.98,04-Aug-2026,50,INE055C01020
LIQUIDETF,EQ,1000,1000.01,999.99,999.99,999.99,1000,72082,72081962.38,04-Aug-2026,296,INF740KA1EU7
BANK10ADD,EQ,17.15,17.18,16.96,17.02,17,17.19,76390,1300997.01,04-Aug-2026,215,INF740KA1YH2
BANKADD,EQ,59.15,60.1,58.81,59.14,60,58.66,34017,2008752.94,04-Aug-2026,240,INF740KA1RX3
GOLDADD,EQ,137.47,138.15,137.33,137.65,137.33,137.82,1892026,260745887.76,04-Aug-2026,10018,INF740KA1SW3
ITADD,EQ,33.06,33.42,33.06,33.21,33.38,33.22,44324,1471345.86,04-Aug-2026,96,INF740KA1SX1
EQUAL50ADD,EQ,352.05,352.83,346.5,349.78,349.8,351.94,15265,5366077.42,04-Aug-2026,300,INF740KA1QK2
NIFTYADD,EQ,259.11,259.8,256.85,257.88,256.85,258.73,24788,6412376.93,04-Aug-2026,205,INF740KA1CL0
PSUBANKADD,EQ,85.6,86.1,85,85.35,85.57,85.42,15622,1338097.77,04-Aug-2026,242,INF740KA1SY9
PVTBANKADD,EQ,28.22,28.34,28.05,28.19,28.3,27.76,196021,5532821.27,04-Aug-2026,205,INF740KA1TA7
MIDQ50ADD,EQ,25.97,25.97,25.45,25.46,25.46,25.46,47003,1198784.10,04-Aug-2026,117,INF740KA1ZF3
SENSEXADD,EQ,81.2,81.44,80.68,81.15,81.15,81.11,838,67976.87,04-Aug-2026,19,INF740KA1SZ6
SILVERADD,EQ,208.62,209.48,208.31,208.73,208.37,207.86,240883,50296735.23,04-Aug-2026,1570,INF740KA1RE3
FLEXIADD,EQ,10.4,10.4,10.27,10.28,10.35,10.3,146316,1510022.03,04-Aug-2026,256,INF740KA1WU9
FMCGADD,EQ,49.86,49.97,49.3,49.45,49.46,50,12652,627227.30,04-Aug-2026,65,INF740KA1ZA4
HEALTHADD,EQ,16.86,16.95,16.77,16.84,16.95,16.8,32099,539952.87,04-Aug-2026,95,INF740KA1ZG1
LIQUIDADD,EQ,1138.7,1138.73,1138.7,1138.72,1138.72,1138.57,247151,281436101.89,04-Aug-2026,459,INF740KA1UM0
MIDCAPADD,EQ,23.45,23.51,23.37,23.4,23.4,23.35,49703,1165688.74,04-Aug-2026,28,INF740KA1WW5
MSCIADD,EQ,30.08,30.15,29.93,30.15,30.15,30.07,12571,378263.30,04-Aug-2026,19,INF740KA1WV7
NEXT30ADD,EQ,43.86,43.86,43.4,43.73,43.75,43.65,3115,135983.64,04-Aug-2026,69,INF740KA1VE5
NEXT50ADD,EQ,74.6,75,74.59,74.59,74.59,74.12,1066,79702.47,04-Aug-2026,22,INF740KA1XU7
SMALLADD,EQ,18.27,18.39,18.21,18.25,18.3,18.27,181066,3318374.58,04-Aug-2026,111,INF740KA1WX3
TOP10ADD,EQ,89.6,89.89,89.06,89.34,89.6,89.56,174756,15615776.28,04-Aug-2026,628,INF740KA1UR9
DUCOL,SM,115.95,115.95,115.95,115.95,115.95,113.45,800,92760.00,04-Aug-2026,1,INE0LZO01015
DUCON,EQ,3.09,3.09,2.86,2.91,2.92,2.98,289117,853543.72,04-Aug-2026,564,INE741L01018
DUGLOBAL,SM,26.15,26.15,26.15,26.15,26.15,26,2500,65375.00,04-Aug-2026,1,INE0HPK01020
DURLAX,SM,57,57.7,54,55.1,55.5,57,38000,2121000.00,04-Aug-2026,13,INE0OUW01013
DWARKESH,EQ,38.98,41.52,38.85,41.26,41.18,39,2919109,118731711.34,04-Aug-2026,12161,INE366A01041
DSSL,EQ,1252,1254.6,1226,1238.6,1230,1253.3,14794,18392820.80,04-Aug-2026,1286,INE417B01040
DYNAMATECH,EQ,10779,10921,10700,10752,10715,10763,8784,95000218.00,04-Aug-2026,2869,INE221B01012
DYCL,EQ,401,405.9,396.1,398.3,398.2,402.45,303618,121538479.70,04-Aug-2026,8212,INE600Y01019
DYNAMIC,ST,136.6,140.7,136.6,139.45,140.7,134,10500,1466275.00,04-Aug-2026,19,INE0DZ701010
DYNPRO,EQ,270.45,271.75,261,265.65,265.4,264.2,9051,2401657.75,04-Aug-2026,449,INE256H01015
EFACTOR,SM,175,178,175,178,178,172.2,4800,849920.00,04-Aug-2026,10,INE0KFF01017
E2ERAIL,ST,275,280,271,275,275,279.4,12000,3288560.00,04-Aug-2026,11,INE1CEJ01017
E2E,EQ,552,570.15,551.6,570.15,570.15,543,2968119,1678169892.45,04-Aug-2026,37923,INE255Z01027
EASTSILK,BE,63.88,65.49,59.8,60.01,60.01,62.63,804,49014.18,04-Aug-2026,18,INE962C01035
EASEMYTRIP,EQ,6.58,6.65,6.53,6.59,6.6,6.6,31060463,204537013.60,04-Aug-2026,8696,INE07O001026
888ECL28,N1,998.5,998.97,998.5,998.97,998.97,998.5,12,11985.76,04-Aug-2026,2,INE528S07110
925ECL28,N2,809,1013,809,1013,1013,1010,120,111140.00,04-Aug-2026,3,INE528S07128
ECLERX,EQ,1898.2,1945,1882,1919.2,1919,1922.2,98270,188855386.10,04-Aug-2026,10323,INE738I01010
ECOLINE,ST,194,194,188,188,188,194,20000,3789800.00,04-Aug-2026,16,INE0VBS01016
ECOSMOBLTY,BE,136.89,137,132,133.52,134.9,135.2,32051,4295739.87,04-Aug-2026,312,INE06HJ01020
BBETF0432,EQ,1353.13,1356.69,1350,1352.71,1350,1355.09,532,719644.22,04-Aug-2026,64,INF754K01OB1
EBANKNIFTY,EQ,58.29,58.4,57.99,58,58,58.41,2036,118528.37,04-Aug-2026,25,INF754K01TE4
EBBETF0430,EQ,1615.4,1615.4,1607.81,1611.7,1612.3,1610.35,32754,52757888.03,04-Aug-2026,488,INF754K01KO2
EBBETF0431,EQ,1447.81,1447.81,1434,1442.72,1442,1438.99,5041,7263599.01,04-Aug-2026,118,INF754K01LE1
EBBETF0433,EQ,1319.23,1322.36,1312,1312.8,1312.5,1319.23,72241,94792490.92,04-Aug-2026,170,INF754K01QX0
ECAPINSURE,EQ,23.8,23.96,23.49,23.66,23.85,23.97,178455,4216494.67,04-Aug-2026,638,INF754K01TX4
EGOLD,EQ,138.15,142.15,138.15,141.4,141.7,141.7,156717,22163838.05,04-Aug-2026,180,INF754K01SE6
ELIQUID,EQ,1042.19,1042.19,1042.17,1042.17,1042.19,1042.05,86358,90001164.43,04-Aug-2026,33,INF754K01VW2
ELM250,EQ,16.98,16.98,16.8,16.84,16.82,16.9,19495,328911.51,04-Aug-2026,130,INF754K01VV4
EMETAL,EQ,13,13.47,12.96,13.06,13.06,12.94,35921,471998.00,04-Aug-2026,82,INF754K01XG1
EMULTIMQ,EQ,40.85,41.65,40.85,41.55,41.45,40.96,83584,3469757.56,04-Aug-2026,192,INF754K01TF1
ENEXT50,EQ,74,74.5,73.74,74,74,74,1758,130225.12,04-Aug-2026,11,INF754K01XF3
ENIFTY,EQ,25.4,25.4,24.23,24.27,24.23,24.79,7000,172410.36,04-Aug-2026,71,INF754K01VX0
ESENSEX,EQ,78.7,79.7,77.38,78.85,78.85,79.37,1777,139284.05,04-Aug-2026,25,INF754K01VY8
ESILVER,EQ,216.05,217.23,215.55,216.09,215.55,216.05,27975,6055356.74,04-Aug-2026,893,INF754K01SF3
EDELWEISS,EQ,116.5,118.9,115.52,117.68,117.84,116.33,2009712,236355080.67,04-Aug-2026,13947,INE532F01054
EFCIL,EQ,192.25,194.39,191,191.15,191.9,193.96,167600,32151423.10,04-Aug-2026,2049,INE886D01026
EFFWA,ST,380,386.95,370,375,375,377.25,16400,6155900.00,04-Aug-2026,39,INE0U9101019
EICHERMOT,EQ,8024,8024,7867.5,7935,7935,8050,599769,4754833855.50,04-Aug-2026,52708,INE066A01021
EIDPARRY,EQ,784.5,807.5,781.05,803.1,798.6,780.3,430866,342805287.85,04-Aug-2026,19452,INE126A01031
EIHAHOTELS,EQ,314.1,319.95,307.2,315.75,316.8,312.55,37637,11783845.65,04-Aug-2026,1266,INE276C01014
EIHOTEL,EQ,330.15,332.9,326.3,327.1,326.55,330.1,60713,19968116.85,04-Aug-2026,2984,INE230A01023
EIMCOELECO,EQ,1860,1921.3,1813.5,1873.8,1851,1837.8,39008,72918566.50,04-Aug-2026,3466,INE158B01016
ELANTAS,EQ,9907,9967,9712.5,9873,9899.5,9797,647,6377905.00,04-Aug-2026,197,INE280B01018
ELCIDIN,EQ,110000,112300,106560,110915,112000,111750,30,3320465.00,04-Aug-2026,30,INE927X01018
ELDEHSG,EQ,795,799,781.4,782.2,795.1,803.5,393,308806.50,04-Aug-2026,41,INE668G01021
ELECON,EQ,431.6,444.2,427,429.55,429.25,428.3,803384,350453674.50,04-Aug-2026,25612,INE205B01031
EFORCE,SM,21.25,21.25,21.25,21.25,21.25,21.25,1200,25500.00,04-Aug-2026,1,INE0Q1W01012
EMIL,EQ,132.9,136.3,131.67,133.17,135,131.35,4992918,665610525.90,04-Aug-2026,35816,INE02YR01019
ELECTCAST,EQ,72,72.44,71.23,71.57,71.5,71.8,606606,43522393.89,04-Aug-2026,4523,INE086A01029
ELECTHERM,EQ,1006.5,1019,1001,1010,1001,1008,6167,6230726.60,04-Aug-2026,533,INE822G01016
ELGNZ,SM,102,102,100.05,101,101.95,102,3000,304000.00,04-Aug-2026,3,INE0R9101015
ELGIEQUIP,EQ,582,599,576,591.2,588.6,582.6,559904,328947939.70,04-Aug-2026,38535,INE285A01027
ELGIRUBCO,EQ,57.81,59.29,57.81,58.48,58.2,57.41,44701,2617529.05,04-Aug-2026,503,INE819L01012
ELIN,EQ,103.55,105,100.77,101.49,101.9,103.55,129389,13274596.01,04-Aug-2026,1978,INE050401020
ELITECON,EQ,17.19,18.9,17.16,18.89,18.9,17.19,17464828,329050430.51,04-Aug-2026,13801,INE669R01026
ELLEN,EQ,276.05,284.65,273,282.15,283,273.05,358494,99478111.45,04-Aug-2026,6025,INE236E01022
ELPROINTL,EQ,178.5,179.8,178,178.9,178.26,178.37,67359,12034273.12,04-Aug-2026,396,INE579B01039
EMAPARTNER,SM,76.3,82.95,76.3,81.15,81.15,79,4000,321550.00,04-Aug-2026,3,INE0ZOL01023
EMAMILTD,EQ,406,407.95,389.55,391.8,392,406,1135991,449966677.00,04-Aug-2026,31362,INE548C01032
EMAMIPAP,BE,115,119.75,110.1,113.12,114,114.9,41626,4797564.43,04-Aug-2026,434,INE830C01026
EMAMIREAL,BE,80.79,80.79,77.1,77.1,77.12,78.28,7174,567211.35,04-Aug-2026,46,INE778K01012
EMBDL,EQ,61.08,61.77,60.6,61.12,61.05,60.79,1321761,80853310.49,04-Aug-2026,6130,INE069I01010
EMBASSY,RR,439.64,443.99,438.5,440.35,441.5,443.04,390914,172750016.97,04-Aug-2026,12585,INE041025011
EMCURE,EQ,1969.7,1995,1960.1,1978.1,1965,1969.7,103614,205026438.30,04-Aug-2026,9767,INE168P01015
ETML,SM,80.1,82.8,80,80.85,80.85,84.5,13200,1071840.00,04-Aug-2026,11,INE0RHD01013
EMKAY,EQ,243.49,260,243.49,247.05,247,241.35,61947,15640183.77,04-Aug-2026,2615,INE296H01011
EMKAYTOOLS,SM,92,92,89,89,89,94.3,600,54600.00,04-Aug-2026,3,INE332S01011
ETL,SM,1006.15,1006.15,980,980,980,1005,300,297922.50,04-Aug-2026,2,INE0PXC01024
EMMBI,BE,85.55,87,83.12,86.97,86.99,85.61,20956,1766557.11,04-Aug-2026,208,INE753K01015
EMMVEE,EQ,317.9,325.65,317,323.5,324.35,319.55,1147121,369570433.95,04-Aug-2026,21070,INE1C6T01020
EMPOWER,BE,2.79,2.79,2.69,2.69,2.7,2.68,5611955,15186788.48,04-Aug-2026,2517,INE507F01023
EMSLIMITED,EQ,412.25,413.95,406.05,408.6,408,414.35,132096,54019981.65,04-Aug-2026,4044,INE0OV601013
EMUDHRA,EQ,481.5,518,472.55,514,517,477.85,519341,260363690.35,04-Aug-2026,17202,INE01QM01018
ENCOMPAS,SM,248.6,260,248.6,252.95,257.75,247.5,10800,2745600.00,04-Aug-2026,26,INE433T01015
ENDURANCE,EQ,2764.1,2878,2750.2,2838.7,2825.1,2787.6,239750,682690890.50,04-Aug-2026,24444,INE913H01037
ENERGYDEV,EQ,16.93,17.09,16.61,16.65,16.66,16.77,6653,111328.92,04-Aug-2026,125,INE306C01019
EMMIL,SM,121.3,121.3,121,121.15,121,121.35,500,60575.00,04-Aug-2026,2,INE0S1L01013
ENFUSE,SM,178,178,162,164,162,159.2,3600,597600.00,04-Aug-2026,6,INE0S3X01014
ENGINERSIN,EQ,227.05,228,223.8,224.89,224.61,226.8,1201128,270662658.67,04-Aug-2026,20339,INE510A01028
ENSER,SM,15,15.25,14.9,15.1,15,14.55,135000,2040000.00,04-Aug-2026,22,INE0R9I01021
ENTERO,EQ,1231,1293.3,1224.1,1231.2,1235,1233.2,197022,248595047.10,04-Aug-2026,17276,INE010601016
ENIL,EQ,114.9,114.9,108.61,109.6,110,108.81,12492,1373157.94,04-Aug-2026,473,INE265F01028
EIEL,EQ,222.64,228.84,222.64,224.48,223.67,222.64,960834,217011389.18,04-Aug-2026,13599,INE0LLY01014
ENVIRO,SM,81.95,81.95,69,75.8,75.5,81.85,99000,7390500.00,04-Aug-2026,67,INE0SUH01015
EPACK,EQ,230.9,233.75,228.03,231.13,231.6,229.94,383603,88802194.08,04-Aug-2026,5337,INE0G5901015
EPACKPEB,EQ,244.05,272.6,242.4,260.35,259,243.95,18645922,4930160792.50,04-Aug-2026,213896,INE0MLS01022
EPIGRAL,EQ,1126.3,1134.3,1094.6,1100.7,1105,1120.7,40192,44840879.80,04-Aug-2026,2841,INE071N01016
EPL,EQ,226.6,229.59,225.58,227.71,227.07,226.7,168289,38366234.90,04-Aug-2026,6253,INE255A01020
EEPL,SM,104,104.3,101.2,101.2,101.2,102,8000,826000.00,04-Aug-2026,8,INE11HF01010
EPWINDIA,ST,237,237,235,235,235,243.3,2400,566400.00,04-Aug-2026,2,INE1KEC01023
EQUIPPP,BE,23,23.5,22.99,23.49,23.49,23.09,8851,203774.62,04-Aug-2026,37,INE217G01035
EQUITASBNK,EQ,76,76.8,75.35,76.38,76.64,76.26,1695743,128875738.58,04-Aug-2026,12172,INE063P01018
ERIS,EQ,1383.2,1388.7,1363.4,1373,1375,1383.2,92040,126256671.70,04-Aug-2026,11864,INE406M01024
ESABINDIA,EQ,5619.5,5680,5585,5637.5,5615,5614.5,2000,11267311.50,04-Aug-2026,1005,INE284A01012
ESAFSFB,EQ,40.92,43.5,40.77,41.98,41.8,40.92,8115114,342598202.78,04-Aug-2026,27125,INE818W01011
ESCONET,SM,136.95,136.95,124.95,129.1,129.1,134,24800,3182280.00,04-Aug-2026,56,INE0RQZ01017
ESCORTS,EQ,3149.4,3173.1,3078.5,3101.2,3094.1,3135.5,127346,398936283.10,04-Aug-2026,14246,INE042A01014
113ESFB31,N0,100510,101001,100510,101001,101001,100001,2,201511.00,04-Aug-2026,2,INE818W08149
ESPRIT,SM,66,68.5,65.7,66.75,66.75,67.2,41600,2783040.00,04-Aug-2026,18,INE0SBP01018
ESSARSHPNG,EQ,20.57,21.34,20,20.04,20.03,20.57,374894,7575120.61,04-Aug-2026,1131,INE122M01019
ESFL,SM,118,118.1,113.9,114.3,113.9,119.85,23040,2651310.00,04-Aug-2026,57,INE0ITO01014
ESTER,EQ,86.75,89.05,86.55,87.2,87.12,86.67,63463,5570956.10,04-Aug-2026,1404,INE778B01029
ETERNAL,EQ,311,312.7,309,312.4,312.4,310.5,16096034,5005475568.50,04-Aug-2026,96610,INE758T01015
ETHOSLTD,EQ,2960,3073.3,2813.5,2853.2,2814.5,2962.7,467423,1374211763.40,04-Aug-2026,54061,INE04TZ01018
EUREKAFORB,EQ,455,475.95,452.75,464,459.5,453.65,252130,117377768.95,04-Aug-2026,11582,INE0KCE01017
EIFFL,BE,284.15,284.15,284.15,284.15,284.15,299.1,40728,11572861.20,04-Aug-2026,80,INE546V01010
EUROBOND,EQ,162.92,168.76,161.41,163.9,165.61,161.15,19361,3209569.06,04-Aug-2026,351,INE505V01016
EUROPRATIK,EQ,305.35,323,300.55,317.8,321,301.7,234795,73250441.75,04-Aug-2026,4085,INE198501012
EUROTEXIND,BE,12.81,12.94,12.81,12.94,12.94,12.69,160,2063.90,04-Aug-2026,2,INE022C01012
EVEREADY,EQ,353,356,349.2,354.2,354,355.65,113896,40189287.80,04-Aug-2026,2975,INE128A01029
EVERESTIND,BE,465.5,474,460,464.8,465.05,462.85,14410,6755811.05,04-Aug-2026,189,INE295A01018
EKC,EQ,110.2,111,108.5,109.04,108.8,109.78,90937,9971044.06,04-Aug-2026,1845,INE184H01027
EXCELINDUS,EQ,1002,1060,1002,1050.6,1054.3,1021.7,20096,20874154.85,04-Aug-2026,1295,INE369A01029
EXCELLENT,ST,200,205,200,205,205,209.25,3200,648000.00,04-Aug-2026,2,INE0Y4801011
EXCELSOFT,EQ,85,85.42,81,81.72,81.03,82.99,552465,45774511.68,04-Aug-2026,6327,INE606N01019
EXICOM,EQ,165,168.96,163,165.87,165.7,163.95,965207,160654831.40,04-Aug-2026,10476,INE777F01014
EXIDEIND,EQ,449.15,460.95,441.6,458.35,460,444.7,5887710,2658731889.90,04-Aug-2026,90498,INE302A01020
EXIMROUTES,SM,109.55,117,109.55,115,115,109.55,2400,273240.00,04-Aug-2026,3,INE19I001020
EXPLEOSOL,EQ,805.15,818.4,801.05,813.95,811,805.15,40075,32389195.10,04-Aug-2026,1477,INE201K01015
EXXARO,EQ,6.25,6.25,6.12,6.18,6.15,6.11,197016,1216166.77,04-Aug-2026,435,INE0GFE01026
FABTECH,EQ,150.88,153,149.65,151.55,152.2,149.77,89932,13638425.93,04-Aug-2026,1611,INE0HF201011
FACT,EQ,835.65,849.4,835.6,842.3,840,843.25,71656,60506440.85,04-Aug-2026,5434,INE188A01015
FAIRCHEMOR,BE,829.25,829.25,796.75,796.75,796.75,813,18464,15267665.30,04-Aug-2026,191,INE0DNW01011
FALCONTECH,SM,11.65,11.65,11.65,11.65,11.65,11.65,1200,13980.00,04-Aug-2026,1,INE0PQK01013
FAZE3Q,EQ,549.9,549.9,539.1,540.95,539.1,551.25,18626,10124461.20,04-Aug-2026,768,INE963C01033
FCSSOFT,EQ,1.5,1.5,1.48,1.48,1.48,1.49,908142,1353945.80,04-Aug-2026,870,INE512B01022
FDC,EQ,404.65,407.1,399.7,402.65,402,404.65,83458,33662339.85,04-Aug-2026,3318,INE258B01022
FEDFINA,EQ,151,151.36,148.5,149.29,148.59,150.37,1061284,158653262.12,04-Aug-2026,16814,INE007N01010
FEDDERSHOL,EQ,42.03,42.64,41.5,41.75,41.67,42.4,272290,11445422.15,04-Aug-2026,1683,INE417D01020
FEDERALBNK,EQ,364.55,364.55,357.1,362.45,362.45,371.7,5569382,2002093655.55,04-Aug-2026,64034,INE171A01029
FMGOETZE,EQ,474.45,480.45,469.5,470.35,470.75,474.45,34081,16172424.50,04-Aug-2026,1513,INE529A01010
FELIX,SM,182.55,186,181,181.75,181.75,185.65,25000,4591275.00,04-Aug-2026,38,INE901X01013
FERMENTA,EQ,516.65,551,515,547.05,550,511.7,442994,238198743.30,04-Aug-2026,18746,INE225B01021
FIBERWEB,EQ,29.89,29.89,28.83,29.05,29.1,29.28,10954,318679.35,04-Aug-2026,89,INE296C01020
FIDEL,SM,139.05,139.5,139,139,139,140.5,8000,1112650.00,04-Aug-2026,7,INE0LQQ01019
FIEMIND,EQ,2344.1,2345,2309,2324.5,2335,2338.4,42264,98054660.40,04-Aug-2026,9549,INE737H01014
FILATFASH,BE,0.19,0.19,0.18,0.18,0.19,0.18,10249659,1901720.41,04-Aug-2026,1645,INE185E01021
FILATEX,EQ,77.6,79,76.2,77.92,77.51,76.7,5586071,433271617.22,04-Aug-2026,24451,INE816B01035
FINBUD,SM,142.55,149.9,142,143.6,143,145.4,32000,4679000.00,04-Aug-2026,32,INE0EDU01014
FINEORG,EQ,4933.7,4950,4869.1,4929.5,4920,4933.7,5680,27972953.40,04-Aug-2026,2407,INE686Y01026
FCL,EQ,39.5,39.79,38.25,38.44,38.39,39.27,4118653,159458060.40,04-Aug-2026,9951,INE045J01034
FINKURVE,EQ,59.75,61,58.79,60.01,59.51,59.72,75636,4480634.15,04-Aug-2026,584,INE734I01027
FINOPB,EQ,163.06,163.75,159.36,161.03,160.77,162.25,324513,52180285.14,04-Aug-2026,3551,INE02NC01014
FINCABLES,EQ,999,1005.9,989.15,993.25,994,998.05,183648,183539599.45,04-Aug-2026,17700,INE235A01022
FINPIPE,EQ,166,167.2,164.51,165.43,165.5,165.79,418419,69347793.41,04-Aug-2026,13074,INE183A01024
FSL,EQ,324.35,333.75,318.65,330.7,332.95,324.35,3491149,1146650484.55,04-Aug-2026,42201,INE684F01012
FISCHER,EQ,39.15,39.15,37.6,37.89,37.88,38.67,1812494,69701288.68,04-Aug-2026,2291,INE771F01041
FIVESTAR,EQ,551.4,556.5,540.95,544.75,543,551.4,277951,152629147.45,04-Aug-2026,9680,INE128S01021
FLAIR,EQ,250,253.4,249.05,249.95,249.55,252,72808,18254689.30,04-Aug-2026,2340,INE00Y201027
FLEXITUFF,BE,4.15,4.15,3.99,3.99,3.99,4.2,62538,251160.21,04-Aug-2026,209,INE060J01017
FLYSBS,SM,461,467.95,447.05,449.15,448,460.55,41600,19037230.00,04-Aug-2026,120,INE0VCK01011
FWSTC,SM,195,195,195,195,195,188.5,600,117000.00,04-Aug-2026,1,INE0SQZ01015
FOCE,SM,490,525,490,525,525,513.6,10320,5401200.00,04-Aug-2026,5,INE0I7D01019
FOCUS,BE,69.2,69.97,68.1,68.7,69,70.44,17296,1188036.28,04-Aug-2026,197,INE593W01028
FONEBOX,SM,90.3,90.3,90.3,90.3,90.3,90.3,1000,90300.00,04-Aug-2026,1,INE0Q4701019
FOODSIN,EQ,54.91,55.19,53.8,53.9,53.86,54.33,41362,2253470.08,04-Aug-2026,474,INE976E01023
FORCAS,ST,204,204,192.5,193.75,192.5,201.15,9600,1889200.00,04-Aug-2026,6,INE0U2501017
FORCEMOT,EQ,18489,18489,18112,18378,18378,18494,75092,1376022182.00,04-Aug-2026,17851,INE451A01017
FORGEAUTO,SM,100.4,100.4,100.4,100.4,100.4,95.65,12000,1204800.00,04-Aug-2026,5,INE0YKW01013
FORTIS,EQ,940.05,942,924.05,932.8,932.8,940,1509985,1407356168.15,04-Aug-2026,37123,INE061F01013
FOSECOIND,EQ,5349.5,5544.5,5203.5,5263,5237,5204.5,16972,90165575.50,04-Aug-2026,3437,INE519A01011
FRACTAL,EQ,803.2,805.9,788.3,797.8,798.5,803.45,188567,150082427.55,04-Aug-2026,14219,INE212S01015
FRESHARA,ST,370,372.45,365.05,371.25,371.7,354.75,61800,22933590.00,04-Aug-2026,77,INE0SFW01015
FROG,ST,204.9,204.9,204.8,204.9,204.9,200.9,14000,2868520.00,04-Aug-2026,22,INE385O01018
FRONTSP,EQ,1380.9,1391.5,1366.4,1373.4,1371.1,1381.4,9121,12568879.70,04-Aug-2026,1234,INE572D01014
NYKAA,EQ,342,342.5,334.6,342.5,342.5,344.9,5155389,1736650672.45,04-Aug-2026,88183,INE388Y01029
UTLSOLAR,EQ,393,395,382.6,389.55,390,389.3,178439,69490852.30,04-Aug-2026,9718,INE12UR01024
FUSION,EQ,211.8,215,205,208.93,208.85,210.78,725198,151788643.34,04-Aug-2026,15356,INE139R01012
FLFL,BZ,1.24,1.27,1.18,1.22,1.23,1.24,67224,81153.38,04-Aug-2026,89,INE452O01016
FEL,BZ,0.39,0.39,0.37,0.37,0.37,0.38,144196,54097.33,04-Aug-2026,83,INE623B01027
FELDVR,BZ,2.37,2.48,2.37,2.48,2.48,2.49,1862,4607.94,04-Aug-2026,16,IN9623B01058
FMNL,BE,9.36,10.2,9.36,9.44,9.45,9.85,32756,311041.23,04-Aug-2026,70,INE360L01017
GMBREW,EQ,895.05,905,895.05,900.75,900.05,896.2,16288,14655035.65,04-Aug-2026,1160,INE075D01018
GRINFRA,EQ,903.4,921.9,895,905.8,897.9,907,18389,16691224.35,04-Aug-2026,2017,INE201P01022
GTECJAINX,BE,27.15,29.45,26.65,29.14,29.14,28.05,15491,434091.36,04-Aug-2026,51,INE586X01012
GABRIEL,EQ,1527,1584.8,1501,1530.8,1534,1527.4,754485,1174099244.80,04-Aug-2026,44546,INE524A01029
GATECH,EQ,0.76,0.77,0.68,0.68,0.68,0.75,18451265,12963961.02,04-Aug-2026,2921,INE224E01028
GATECHDVR,BE,0.54,0.54,0.51,0.51,0.52,0.53,428080,222722.18,04-Aug-2026,212,INE224E01036
GAIL,EQ,174.25,177.22,173.16,175,175,174.3,18131149,3182976760.13,04-Aug-2026,69471,INE129A01019
GAJANAND,SM,7.65,8.6,7.65,8.25,8.25,8.15,9000,73500.00,04-Aug-2026,3,INE0QTE01018
GALAPREC,EQ,1090,1113,1081,1102.7,1100.2,1090.5,19808,21718610.30,04-Aug-2026,2321,INE0RE001014
GALAXYSURF,EQ,1988,2019.1,1940,1980.6,1940,1988.8,10455,20754307.10,04-Aug-2026,1788,INE600K01018
GALLANTT,EQ,630,641.8,617.5,629.2,629,627.6,171014,107491295.75,04-Aug-2026,6611,INE297H01019
GANDHAR,EQ,233.48,239.5,230,236.1,236.5,231.64,2789863,654991896.11,04-Aug-2026,26381,INE717W01049
GANDHITUBE,EQ,888,914.4,880.95,900.3,913.4,881.2,24369,21806554.20,04-Aug-2026,1438,INE524B01027
GANESHBE,BE,115.75,119.32,115,119.32,119.32,113.64,153552,18178543.70,04-Aug-2026,817,INE388A01029
GANESHCP,EQ,177.82,180,174,175.62,174,177.8,64425,11386492.23,04-Aug-2026,1577,INE652V01016
GGBL,SM,259.3,261.75,255.3,257.75,257.5,259.2,23100,5957700.00,04-Aug-2026,65,INE0R8C01018
GANESHHOU,EQ,788,791,773,778.5,775.55,778.15,14655,11460252.05,04-Aug-2026,1618,INE460C01014
GANESHIN,ST,108.9,108.9,106.05,108.9,108.9,103.75,289600,31503160.00,04-Aug-2026,198,INE0TVT01024
GANECOS,EQ,1195,1207.6,1110.1,1126.8,1121,1156.6,336899,385324144.40,04-Aug-2026,23509,INE845D01014
GANGABATH,SM,22.95,22.95,21.5,21.8,22.55,22.7,18000,398400.00,04-Aug-2026,6,INE0ZI101018
GANGAFORGE,BE,1.79,1.87,1.78,1.86,1.87,1.79,12736301,23793023.63,04-Aug-2026,6332,INE691Z01023
GANGESSECU,EQ,120,121.5,116.2,119.3,120,120,1734,208277.65,04-Aug-2026,50,INE335W01016
GRSE,EQ,2582,2589.7,2544,2546.9,2548,2582.7,465645,1192621447.50,04-Aug-2026,30936,INE382Z01011
GARUDA,EQ,172.22,180,172,173.39,173.25,172.5,510846,90057959.49,04-Aug-2026,6666,INE0JVO01026
GRWRHITECH,EQ,7205,7366.5,7190,7326,7311,7182,72786,531263989.50,04-Aug-2026,10654,INE291A01017
GARFIBRES,EQ,761,778.5,757.05,774.6,775,761.6,56006,43313654.40,04-Aug-2026,6649,INE276A01018
GATEWAY,EQ,58.14,60.06,58.14,59.7,59.81,58.14,2092961,124121857.99,04-Aug-2026,12128,INE079J01017
GAUDIUMIVF,BE,132.06,132.06,132.06,132.06,132.06,134.75,80387,10615907.22,04-Aug-2026,375,INE0P8B01020
GAYAHWS,EQ,2.09,2.09,1.93,1.99,1.98,2,175761,351377.74,04-Aug-2026,340,INE287Z01012
GAYAPROJ,BE,20.23,20.23,19,19.66,19.9,19.98,328444,6409106.04,04-Aug-2026,1097,INE336H01023
GRCL,ST,545.05,560,540.05,554.95,554.95,566,2000,1099587.50,04-Aug-2026,8,INE0LVM01018
GVPIL,EQ,769,785,740.1,758.65,759.6,758,245338,186642142.40,04-Aug-2026,11852,INE878A01011
GVT&D,EQ,4370,4420,4325,4333.2,4333.2,4370,758352,3319006343.10,04-Aug-2026,74727,INE200A01026
GEECEE,BE,360.5,367,355,362,364.8,361.45,1640,588508.00,04-Aug-2026,25,INE916G01016
GEEKAYWIRE,EQ,23.49,24.5,22.55,23.08,23,23.21,178027,4195050.25,04-Aug-2026,1774,INE669X01032
GEMAROMA,EQ,198.78,198.78,186,187.71,186,196.21,78679,15136004.94,04-Aug-2026,1558,INE06XZ01023
GICRE,EQ,360,362,358.5,359.7,360,358.05,671392,241756709.40,04-Aug-2026,21526,INE481Y01014
GENCON,EQ,39.62,40.15,39.11,39.33,39.2,39.62,233935,9339442.62,04-Aug-2026,625,INE854S01022
GENESYS,EQ,313,320.15,297.4,316.65,316.5,298.75,1811595,562825700.15,04-Aug-2026,36723,INE727B01026
GENSOL,BZ,18.47,19,17.55,18.25,18.2,18.31,317424,5846338.95,04-Aug-2026,2097,INE06H201014
GENUSPAPER,EQ,12.5,12.85,12.34,12.5,12.5,12.47,93774,1180015.97,04-Aug-2026,210,INE949P01018
GENUSPOWER,EQ,317.9,319.5,315.05,316.05,316,316,747802,236861352.35,04-Aug-2026,10634,INE955D01029
GENXAI,SM,82,85.9,82,82.6,82.8,81.5,58800,4912740.00,04-Aug-2026,45,INE1W0N01014
GEOJITFSL,EQ,77.4,79.8,76.76,78.17,78.95,77.52,254561,19793692.66,04-Aug-2026,2963,INE007B01023
GFLLIMITED,EQ,48.89,48.89,47,48.37,48.49,48.26,53552,2575988.20,04-Aug-2026,1031,INE538A01037
GHCL,EQ,448.65,448.65,441.2,445.1,445.6,444.1,91777,40902576.50,04-Aug-2026,3266,INE539A01019
GHCLTEXTIL,EQ,115.59,117.35,113.9,114.24,113.9,114.36,990699,114262655.39,04-Aug-2026,9595,INE0PA801013
GICHSGFIN,EQ,148.31,150.89,148.02,148.66,148.15,148.1,27972,4163549.02,04-Aug-2026,573,INE289B01019
GILLANDERS,EQ,87.8,90.58,87.1,88.35,88.01,88.66,3638,322800.95,04-Aug-2026,60,INE047B01011
GILLETTE,EQ,7760,7760,7630,7662,7655,7719,11732,89998320.00,04-Aug-2026,3746,INE322A01010
GINNIFILA,BE,46.85,46.85,45.01,46.03,46.14,45.86,13729,631976.02,04-Aug-2026,70,INE424C01010
GIRIRAJ,SM,63.6,66.7,60.45,60.45,60.45,63.6,19000,1194500.00,04-Aug-2026,51,INE614Z01017
GKENERGY,EQ,131.79,131.81,129.69,130.08,130.49,131.17,212816,27800395.11,04-Aug-2026,2744,INE1AG301022
GKWLIMITED,EQ,1701,1701,1626,1649.9,1655,1660.2,327,541384.50,04-Aug-2026,56,INE528A01020
GLAND,EQ,2579.2,2634.3,2561.1,2583.1,2587.5,2579.2,765513,1995777232.70,04-Aug-2026,55429,INE068V01023
GLAXO,EQ,2680.2,2684,2601.3,2647,2641.5,2662.3,99739,263393992.80,04-Aug-2026,13419,INE159A01016
GLENMARK,EQ,2238,2244,2200,2225,2225,2230,444946,988514107.00,04-Aug-2026,28477,INE935A01035
GLOBAL,EQ,101,104,101,102.83,103.65,101.36,24722,2549595.16,04-Aug-2026,253,INE291W01037
MEDANTA,EQ,1450,1450,1415,1435.1,1436.8,1444.9,197187,282354990.00,04-Aug-2026,20550,INE474Q01031
GSLSU,EQ,28.43,28.48,27.51,28.04,27.85,27.69,43105,1208552.47,04-Aug-2026,370,INE0JSX01015
GLOBALVECT,EQ,163.5,167.99,160.15,163.24,162,165.1,14618,2396280.58,04-Aug-2026,757,INE792H01019
GLOBALE,BE,10.69,10.98,10.6,10.85,10.85,10.69,2496,27063.65,04-Aug-2026,22,INE0URU01010
GLOBECIVIL,EQ,39.93,40.9,39.5,40.64,40.7,39.93,20211,814172.19,04-Aug-2026,234,INE0V3U01015
GLOBE,EQ,2.13,2.15,2.04,2.07,2.07,2.1,288912,599537.79,04-Aug-2026,283,INE581X01021
GICL,EQ,18.07,18.29,18,18.26,18.29,17.83,82626,1504691.68,04-Aug-2026,130,INE947T01022
GSTL,SM,16.1,16.1,15.6,15.6,15.6,16.35,7000,110350.00,04-Aug-2026,7,INE00WS01056
GLOBUSSPR,EQ,904.1,910,888,890.95,890,900.85,41160,37051339.60,04-Aug-2026,3168,INE615I01010
GLOSTERLTD,EQ,670.05,677,668.5,672.3,670.2,668.6,2277,1533229.60,04-Aug-2026,133,INE350Z01018
GLOTTIS,BE,66.22,67.98,66.22,67.01,67.19,67.06,27612,1851777.86,04-Aug-2026,184,INE0TQE01026
GMMPFAUDLR,EQ,857,857.45,841,847.7,844.95,858.45,52303,44388135.65,04-Aug-2026,4666,INE541A01023
GMRAIRPORT,EQ,105.55,106.89,105.03,106.56,106.56,105.55,6839743,727118361.14,04-Aug-2026,46019,INE776C01039
GMRP&UI,EQ,97.28,98,96.9,97.21,97.45,97.18,421944,41061235.37,04-Aug-2026,3509,INE0CU601026
GNA,EQ,538.4,563.45,505,515.8,515.1,537.2,999691,531882767.65,04-Aug-2026,26350,INE934S01014
EBGNG,EQ,531,539.65,508.45,508.45,508.45,535.2,491165,256277178.75,04-Aug-2026,18929,INE18JU01028
GODIGIT,EQ,264,264.45,259.05,263.3,263.85,262.75,264738,69521572.35,04-Aug-2026,8387,INE03JT01014
GOCOLORS,EQ,325,325.5,318.2,320.05,321.5,323.8,172882,55664603.40,04-Aug-2026,4470,INE0BJS01011
GOACARBON,EQ,385,389,379,383.9,382,382.7,9651,3703650.00,04-Aug-2026,706,INE426D01013
GOCLCORP,EQ,417.45,419.5,408,411.65,412,416.15,43149,17797486.55,04-Aug-2026,2135,INE077F01035
GODAVARIB,EQ,260.1,263.35,260.1,261.75,262.9,260.65,52896,13840775.75,04-Aug-2026,1481,INE497S01012
GPIL,EQ,243.96,247.5,242.56,244.71,244.35,244.37,562383,138038361.05,04-Aug-2026,11929,INE177H01039
GODFRYPHLP,EQ,2250.1,2410,2250.1,2336.9,2336.9,2247,2227258,5220873097.60,04-Aug-2026,109520,INE260B01028
GODREJAGRO,EQ,562.1,568,561.2,563.25,562,565.05,61517,34713068.45,04-Aug-2026,4116,INE850D01014
GODREJCP,EQ,1080,1080.1,1057.6,1058.2,1058.2,1085.9,644342,687557148.90,04-Aug-2026,25290,INE102D01028
GODREJIND,EQ,1337.5,1344.5,1302.2,1308.8,1303.1,1337.1,56912,75370158.10,04-Aug-2026,8321,INE233A01035
GODREJPROP,EQ,2088,2088,1990,2033.6,2033.6,2089.7,1202012,2451638552.90,04-Aug-2026,63365,INE484J01027
679GS2031,GS,97.41,97.41,97.41,97.41,97.41,99.4,400,38964.00,04-Aug-2026,2,IN0020240191
692GS2039,GS,99.26,99.26,99.26,99.26,99.26,99.25,200,19852.00,04-Aug-2026,1,IN0020240134
698GR2054,GS,94.99,94.99,92.5,92.5,92.5,95,201,18830.14,04-Aug-2026,7,IN0020240175
709GS2074,GS,95.16,95.75,95.15,95.57,95.57,95.39,5489,523529.89,04-Aug-2026,9,IN0020240142
574GS2026,GS,100.57,100.57,100.5,100.52,100.5,101.45,680,68368.00,04-Aug-2026,4,IN0020210186
601GS2030,GS,98.9,98.9,98.9,98.9,98.9,99.5,379,37483.10,04-Aug-2026,1,IN0020250067
603GS2029,GS,100.36,100.36,100.36,100.36,100.36,100.36,2763,277294.68,04-Aug-2026,2,IN0020250125
610GS2031,GS,105.5,105.5,105.5,105.5,105.5,104,1,105.50,04-Aug-2026,1,IN0020210095
654GS2032,GS,99.75,100.5,99.75,100.2,100.2,99.75,12653,1266832.69,04-Aug-2026,11,IN0020210244
664GS2035,GS,99.15,99.15,99.15,99.15,99.15,97.46,202,20028.30,04-Aug-2026,1,IN0020210020
667GS2050,GS,93.69,93.69,93.69,93.69,93.69,93.1,2,187.38,04-Aug-2026,1,IN0020200252
668GS2033,GS,103,103,98.41,99,99,103,2295,235026.00,04-Aug-2026,7,IN0020250133
668GS2040,GS,98.34,98.34,97,97.62,97.75,98.1,3005,293671.75,04-Aug-2026,9,IN0020250042
676GS2061,GS,93.5,93.5,93.05,93.32,93.32,93.31,12841,1197751.28,04-Aug-2026,8,IN0020200401
679GS2034,GS,100.49,100.49,100.49,100.49,100.49,101.5,100,10049.00,04-Aug-2026,1,IN0020240126
690GS2065,GS,93.98,93.98,93.51,93.79,93.79,93.81,53639,5018872.25,04-Aug-2026,36,IN0020250018
694GS2036,GS,105.5,105.5,101.1,102.72,102.72,106,699,71455.30,04-Aug-2026,7,IN0020260025
695GS2061,GS,94,94,93.06,93.48,93.7,93.01,4604,429342.72,04-Aug-2026,11,IN0020210202
699GS2051,GS,97.5,97.5,97.5,97.5,97.5,97.46,450,43875.00,04-Aug-2026,1,IN0020210194
702GS2031,GS,100,102,100,102,102,101,220,22320.00,04-Aug-2026,3,IN0020240076
706GS2028,GS,102.8,102.81,102.8,102.81,102.81,102.76,200,20561.00,04-Aug-2026,2,IN0020230010
706GS2041,GS,101.75,101.75,101,101,101,99.41,1001,101851.00,04-Aug-2026,2,IN0020260041
709GS2054,GS,98.9,98.9,96.2,96.69,96.7,99.87,25182,2439766.27,04-Aug-2026,46,IN0020240118
71GS2034,GS,103.26,103.7,103,103.7,103.7,103.32,24100,2487124.56,04-Aug-2026,6,IN0020240019
718GS2033,GS,105.2,105.2,105.2,105.2,105.2,105.5,1000,105200.00,04-Aug-2026,1,IN0020230085
718GS2037,GS,102.68,102.68,101.99,101.99,102,102.22,10093,1030105.04,04-Aug-2026,11,IN0020230077
724GS2055,GS,101.27,101.5,100.8,100.8,100.8,101.39,16481,1668540.80,04-Aug-2026,18,IN0020250075
725GS2063,GS,97.69,97.69,97.55,97.63,97.63,97.63,742626,72466992.46,04-Aug-2026,947,IN0020230044
73GS2053,GS,99.8,100,99.3,99.39,99.4,99.81,55166,5495222.60,04-Aug-2026,63,IN0020230051
733GS2026,GS,101.59,101.59,101.25,101.25,101.25,101.6,700,70988.50,04-Aug-2026,3,IN0020230119
734GS2064,GS,99.6,99.6,99.21,99.36,99.32,99.48,108300,10770780.56,04-Aug-2026,56,IN0020240035
737GS2028,GS,102.96,104.45,102.96,103.7,103.7,104,1979,204498.96,04-Aug-2026,7,IN0020230101
74GS2062,GS,101,104,101,104,104,104,5,517.00,04-Aug-2026,2,IN0020220094
741GS2036,GS,104.27,104.98,104.2,104.9,104.9,104.85,16600,1734295.00,04-Aug-2026,18,IN0020220102
743GS2076,GS,100,100,99.5,99.5,99.5,99.5,402490,40049624.30,04-Aug-2026,244,IN0020250117
746GS2073,GS,100.95,100.95,100.01,100.77,100.77,100.5,10113,1012896.23,04-Aug-2026,11,IN0020230127
750GS2056,GS,100.7,100.7,100.6,100.61,100.6,100.6,400,40271.00,04-Aug-2026,5,IN0020260017
754GS2036,GS,106.78,106.78,106.5,106.63,106.65,106.68,350379,37380835.18,04-Aug-2026,183,IN0020220029
771GS2066,GS,104.99,104.99,104.7,104.7,104.7,104.99,2075,217825.25,04-Aug-2026,6,IN0020260033
1018GS2026,GS,104.45,104.49,103.8,104.49,104.49,104.45,1701,177551.39,04-Aug-2026,12,IN0020010081
710GS2029,GS,103.4,103.4,103.4,103.4,103.4,103.4,1000,103400.00,04-Aug-2026,1,IN0020220011
738GS2027,GS,102.02,103.5,102.02,102.16,102.17,102.01,51774,5293377.45,04-Aug-2026,23,IN0020220037
772GS2055,GS,101.2,101.2,101.2,101.2,101.2,101,1,101.20,04-Aug-2026,1,IN0020150077
826GS2027,GS,106,106,101.74,102.8,102.8,101.68,108,11022.11,04-Aug-2026,5,IN0020070036
828GS2032,GS,110,111,109.36,111,111,110,4000,439272.00,04-Aug-2026,6,IN0020060086
897GS2030,GS,111,111.3,111,111.18,111.3,111,2670,296559.05,04-Aug-2026,26,IN0020110055
92GS2030,GS,114.5,114.5,111.56,113.82,114.5,113.99,4176,475674.28,04-Aug-2026,11,IN0020130053
364D110227,TB,96.25,96.25,96.15,96.15,96.15,96.25,5000,480960.00,04-Aug-2026,2,IN002025Z450
364D290727,TB,94.6,94.6,94.6,94.6,94.6,94.1,300,28380.00,04-Aug-2026,1,IN002026Z177
91D011026,TB,99.08,99.08,99.08,99.08,99.08,99.08,1000,99080.00,04-Aug-2026,2,IN002026X131
91D200826,TB,99.9,99.9,99.9,99.9,99.9,99.55,200,19980.00,04-Aug-2026,1,IN002026X073
91D291026,TB,98.2,98.7,98.2,98.7,98.7,98.5,200,19690.00,04-Aug-2026,2,IN002026X172
GOKEX,EQ,800.5,801.45,776.1,796.75,797.45,816.8,587691,466223192.40,04-Aug-2026,30685,INE887G01027
GOKULAGRO,EQ,231.5,242.16,229.47,231.12,233,231.58,878991,208005750.12,04-Aug-2026,15654,INE314T01033
GOKUL,EQ,39.02,39.89,39,39.26,39.03,39.43,145431,5732434.40,04-Aug-2026,708,INE020J01029
GOLDENTOBC,BZ,25.99,25.99,24,24.88,25.6,24.85,2867,70002.71,04-Aug-2026,48,INE973A01010
GOLDIAM,EQ,363.05,368,355.65,361.1,360,362.95,509486,183601415.30,04-Aug-2026,10506,INE025B01025
GOLDKART,SM,104,104,94.4,100,100,99.35,5625,551375.00,04-Aug-2026,6,INE06MH01016
GOLDSTAR,SM,6.75,6.75,6.75,6.75,6.75,6.9,22500,151875.00,04-Aug-2026,2,INE405Y01021
GOODLUCK,EQ,1507.2,1517.9,1498,1502.3,1502,1507.2,42163,63551742.10,04-Aug-2026,3934,INE127I01024
GOODYEAR,EQ,865,876,860,871.35,876,857.15,78651,68126999.35,04-Aug-2026,2869,INE533A01012
GOPAL,EQ,279,279,275.85,277.2,276,278.9,140381,38913155.15,04-Aug-2026,7106,INE0L9R01028
GOYALALUM,EQ,6.64,6.64,6.4,6.46,6.5,6.58,81439,528665.47,04-Aug-2026,392,INE705X01026
GOYALSALT,SM,113,114,113,114,114,115,3600,407400.00,04-Aug-2026,4,INE0QFE01017
GPECO,ST,422.55,423,415.7,420.35,420,422.55,8400,3529570.00,04-Aug-2026,39,INE0S7E01015
GULFPETRO,BE,55.07,55.07,50.2,54.73,54.65,52.45,911500,49746629.27,04-Aug-2026,1817,INE586G01017
GPTHEALTH,EQ,170,172.35,161,162.16,164.6,163.94,709567,118758657.48,04-Aug-2026,12254,INE486R01017
GPTINFRA,EQ,114.99,114.99,110,112.83,112.75,114.02,384166,42871529.86,04-Aug-2026,5436,INE390G01014
GRADIENTE,BE,2.77,2.84,2.66,2.7,2.7,2.78,246520,665252.56,04-Aug-2026,289,INE361K01017
GCHOTELS,ST,105.2,107.75,104.05,104.05,104.15,109.5,74400,7814430.00,04-Aug-2026,89,INE12E301017
GRANDOAK,EQ,38.4,38.41,37.11,38.41,38.41,36.59,11351,434725.93,04-Aug-2026,72,INE926B01016
GRANULES,EQ,839.7,841.1,822,825.7,828,843.2,827852,687917036.90,04-Aug-2026,42657,INE101D01020
GRAPHISAD,SM,29,29.9,29,29.9,29.9,28.5,14400,426600.00,04-Aug-2026,9,INE0POU01017
GRAPHITE,EQ,662,718,657.1,710.05,707,657.95,7526768,5228706117.20,04-Aug-2026,144542,INE371A01025
GRASIM,EQ,3219,3219.1,3115,3138,3138,3260,770936,2422835267.80,04-Aug-2026,42430,INE047A01021
GRAUWEIL,EQ,79,79,71,71.75,72,78.76,1283857,95181150.71,04-Aug-2026,11279,INE266D01021
GRAVISSHO,EQ,30.99,30.99,29.4,29.4,29.99,30.99,686,20418.68,04-Aug-2026,17,INE214F01026
GRAVITA,EQ,1674.8,1684,1630.2,1658.6,1661,1663.9,214880,355754356.20,04-Aug-2026,20182,INE024L01027
GREAVESCOT,EQ,233,236.9,197.5,200,199,232.67,13042294,2721867306.46,04-Aug-2026,135557,INE224A01026
GREENCHEF,SM,54.6,54.6,53,53.6,53.6,52,7200,387720.00,04-Aug-2026,8,INE0O7P01015
GREENLAM,EQ,252.95,253.3,245.3,247.7,247,251.7,45506,11352450.00,04-Aug-2026,1134,INE544R01021
GREENLEAF,ST,108.25,108.25,107,107,107,111.6,7000,754800.00,04-Aug-2026,7,INE0PLX01017
GREENPANEL,EQ,195.94,201,195.94,199.83,197.64,196.72,105552,21031283.07,04-Aug-2026,3734,INE08ZM01014
GREENPLY,EQ,285.25,292.4,285.25,287.65,286,287.4,98941,28574811.20,04-Aug-2026,2721,INE461C01038
GCSL,EQ,508.7,519.5,490,508.15,509.5,508.75,643337,324637085.65,04-Aug-2026,6787,INE199P01028
GRETEX,SM,275,275,275,275,275,285.1,20250,5568750.00,04-Aug-2026,27,INE985P01012
GRINDWELL,EQ,2077,2146.9,2065.8,2094.5,2093.9,2087.8,20860,44054514.70,04-Aug-2026,5457,INE536A01023
GRMOVER,EQ,95.9,95.9,91.5,91.78,91.5,94.88,1053722,97639517.77,04-Aug-2026,7207,INE192H01020
GJL,ST,170,172,170,172,172,170,4000,684800.00,04-Aug-2026,5,INE1TY801010
CEMNTGROWW,EQ,15.69,15.69,15.3,15.5,15.58,15.49,127830,1980776.48,04-Aug-2026,454,INF666M01PH7
GROWWCAPM,EQ,11.31,11.31,11.03,11.14,11.18,11.12,335632,3749538.63,04-Aug-2026,799,INF666M01MM4
GROWWCHEM,EQ,30.84,30.84,29.75,30.02,30.28,30.45,93300,2839903.97,04-Aug-2026,269,INF666M01NP5
GROWWDEFNC,EQ,94.98,94.98,92.03,93.77,94.5,94.22,181092,17055004.20,04-Aug-2026,2471,INF666M01IO8
GROWWEV,EQ,33.48,33.48,33.04,33.11,33.1,33.15,499835,16593688.35,04-Aug-2026,2323,INF666M01IH2
GROWWGOLD,EQ,13.85,13.92,13.81,13.85,13.81,13.85,561520,7783152.80,04-Aug-2026,2176,INF666M01OE7
GROWWHOSPI,EQ,54.53,54.53,53.61,53.81,54,54.08,272891,14686801.63,04-Aug-2026,1060,INF666M01OD9
GROWWLIQID,EQ,110.2,110.2,110.19,110.19,110.19,110.18,157615,17367952.56,04-Aug-2026,233,INF666M01IP5
GROWWLOVOL,EQ,10.7,10.94,10.6,10.66,10.9,10.7,10308,110271.05,04-Aug-2026,122,INF666M01LB9
GROWWMC150,EQ,232.82,236.15,229,234.05,235,232.82,780,182696.62,04-Aug-2026,39,INF666M01MV5
GROWWMETAL,EQ,12.3,12.43,12.21,12.34,12.32,12.24,488129,6034329.86,04-Aug-2026,1268,INF666M01NI0
GROWWMOM50,EQ,11.5,11.5,10.7,10.78,10.83,10.75,388090,4197402.95,04-Aug-2026,438,INF666M01KJ4
GROWWN200,EQ,11.84,11.84,11.5,11.53,11.59,11.56,77572,894587.15,04-Aug-2026,261,INF666M01JV1
GROWWNET,EQ,10.31,10.4,10.11,10.2,10.2,10.31,406799,4183342.84,04-Aug-2026,1617,INF666M01LI4
GROWWNIFTY,EQ,10.13,10.13,9.69,9.9,9.93,9.89,704864,7000510.53,04-Aug-2026,7278,INF666M01LL8
GROWWNXT50,EQ,74.41,76.67,74.35,75.71,74.66,76.32,28384,2126255.02,04-Aug-2026,255,INF666M01LZ8
GROWWPOWER,EQ,11.63,11.72,11.55,11.65,11.65,11.62,1564621,18243075.33,04-Aug-2026,2279,INF666M01LM6
GROWWPSE,EQ,100.44,100.44,99.74,99.82,99.85,100.17,2691,268731.35,04-Aug-2026,42,INF666M01NQ3
GROWWPSUBK,EQ,85.68,85.68,84.56,84.94,85,84.8,1010,85652.61,04-Aug-2026,45,INF666M01OG2
GROWWRAIL,EQ,29.78,29.97,29.39,29.53,29.62,29.78,751870,22189494.11,04-Aug-2026,3216,INF666M01JJ6
GROWWRLTY,EQ,10.29,10.29,9.97,10,10,10.09,204446,2054640.96,04-Aug-2026,591,INF666M01MN2
GROWWSC250,EQ,10.77,10.77,10.51,10.54,10.52,10.51,161081,1699168.68,04-Aug-2026,452,INF666M01MO0
GROWWSLVR,EQ,21.25,21.32,21.21,21.23,21.24,21.15,1209934,25711750.13,04-Aug-2026,1487,INF666M01OF4
PVTBKGROWW,EQ,27.79,28.15,27.55,27.71,27.85,27.79,7543,210097.39,04-Aug-2026,133,INF666M01OT5
SMALLGROWW,EQ,47,47.89,47,47.73,47.75,47.56,5217,248723.40,04-Aug-2026,78,INF666M01PG9
GRPLTD,EQ,1971.5,2057.9,1971.5,1988.3,1981,2028.7,827,1658643.20,04-Aug-2026,244,INE137I01015
GSMFOILS,SM,155.15,155.15,155.15,155.15,155.15,172.35,22500,3490875.00,04-Aug-2026,38,INE0SQY01018
GSPCROP,EQ,585,603,580.25,592.3,591.1,587.85,288114,170263053.60,04-Aug-2026,6716,INE713R01022
GSS,EQ,14.02,14.88,13.38,14.24,14.23,13.79,291049,4142981.25,04-Aug-2026,628,INE871H01011
GTLINFRA,EQ,1.32,1.33,1.28,1.28,1.28,1.31,44825603,58293380.00,04-Aug-2026,12008,INE221H01019
GTL,EQ,7.58,7.58,7.3,7.39,7.5,7.44,111060,825035.27,04-Aug-2026,495,INE043A01012
GTPL,EQ,60.78,60.89,59.8,60.52,60.89,59.95,18079,1090364.19,04-Aug-2026,215,INE869I01013
GUFICBIO,EQ,393.4,401.45,390.05,397.05,396.5,390.5,58483,23114709.10,04-Aug-2026,2250,INE742B01025
GIPCL,EQ,162.15,163.8,161.05,162.23,162.38,161.48,217539,35427660.56,04-Aug-2026,2764,INE162A01010
GNFC,EQ,518.05,526,516.15,519.75,520,516.1,419043,218638033.85,04-Aug-2026,15602,INE113A01013
GSFC,EQ,160.99,161.7,159.5,160.68,160.96,160.81,324505,52163766.58,04-Aug-2026,4943,INE026A01025
GUJAPOLLO,EQ,363.75,372,356.55,366.45,361.5,364,5199,1891985.85,04-Aug-2026,429,INE826C01016
GUJALKALI,EQ,694.1,696.05,678.7,683.5,688,697.25,87584,60050181.60,04-Aug-2026,4891,INE186A01019
GAEL,EQ,180.42,184.03,174,176.21,177,180.68,2216383,398885277.30,04-Aug-2026,29542,INE036B01030
GUJENERGY,EQ,277.75,280.55,276.35,278.85,279,277.55,427627,119258579.10,04-Aug-2026,30448,INE844O01030
FLUOROCHEM,EQ,4440.1,4631,4440,4612.8,4601,4483.5,128125,587248701.70,04-Aug-2026,13790,INE09N301011
GKSL,EQ,128,131,126.76,130.55,130.6,127.74,290909,37602711.03,04-Aug-2026,3483,INE0V0W01025
GLFL,BE,5.85,6.1,5.56,5.86,5.85,5.85,4284,25324.97,04-Aug-2026,23,INE540A01017
GMDCLTD,EQ,561.25,575,554,556,555.6,561,1507304,849200104.75,04-Aug-2026,31341,INE131A01031
GNRL,EQ,93.6,95.78,93.4,95.09,95.3,93.23,44813,4229859.81,04-Aug-2026,870,INE207H01018
GPPL,EQ,152,152.95,151.6,151.8,151.62,151.37,795946,121142715.42,04-Aug-2026,9638,INE517F01014
GUJRAFFIA,EQ,39.02,39.99,38.01,38.99,39.95,39.59,3411,132902.71,04-Aug-2026,47,INE610B01024
GUJTHEM,EQ,351.05,356,351.05,353.7,352,356.6,62254,21982814.75,04-Aug-2026,919,INE942C01045
GULFOILLUB,EQ,1141.7,1211.9,1135.8,1160.3,1155.1,1115.1,887256,1031896572.90,04-Aug-2026,59418,INE635Q01029
GULPOLY,EQ,197.6,203.7,197.6,199.9,199.8,198.5,187176,37531081.05,04-Aug-2026,3689,INE255D01024
GVKPIL,BE,2.39,2.43,2.35,2.42,2.43,2.39,597911,1429875.56,04-Aug-2026,753,INE251H01024
GVPTECH,EQ,7.1,7.2,6.97,6.98,7,7.06,51357,362604.85,04-Aug-2026,245,INE382T01030
GYFTR,EQ,165.91,165.91,157,159.46,157.5,161.69,32430,5243917.26,04-Aug-2026,458,INE724A01017
HBESD,EQ,75,75,74.25,74.25,74.25,75,198,14824.60,04-Aug-2026,4,INE640B01021
HGINFRA,EQ,549,549.9,543.75,547.5,547.25,546.85,28693,15669483.40,04-Aug-2026,2438,INE926X01010
HALDER,EQ,255.18,258,250.59,254.51,255.9,255,26896,6896498.43,04-Aug-2026,158,INE115S01010
HALDYNGL,BE,132.57,132.57,132.57,132.57,132.57,126.26,48964,6491157.48,04-Aug-2026,212,INE506D01020
HALEOSLABS,EQ,1619.5,1619.5,1522.1,1539.6,1527.5,1589,159,245908.70,04-Aug-2026,40,INE320X01016
HGM,EQ,49.4,50.49,47.52,49.62,50.28,49.45,11997,586363.01,04-Aug-2026,70,INE596H01014
HAPPSTMNDS,EQ,384.95,391,379.8,388.1,387.6,384,756158,291235822.15,04-Aug-2026,24065,INE419U01012
HAPPYFORGE,EQ,1676.6,1727,1620.7,1703.4,1709,1699.2,341972,574920156.90,04-Aug-2026,40649,INE330T01021
WHITEFORCE,SM,38,38,35.5,35.5,35.5,39,60800,2302400.00,04-Aug-2026,3,INE0TLP01015
HAPPY,SM,59,60,59,59.25,59.25,60.1,6000,356500.00,04-Aug-2026,3,INE1GFG01011
HARDWYN,EQ,11.4,11.4,11.22,11.24,11.23,11.23,982526,11061018.41,04-Aug-2026,1255,INE626Z01029
HARIOMPIPE,EQ,400,408,398.5,404.95,406,402.7,147501,59520673.20,04-Aug-2026,3589,INE00EV01017
HARRMALAYA,EQ,217.8,223,214.41,216.84,218.5,214.63,24360,5317469.37,04-Aug-2026,780,INE544A01019
HARSHA,EQ,410,413.75,405.9,408.1,408.3,407.55,73924,30364668.30,04-Aug-2026,2838,INE0JUS01029
HATHWAY,EQ,11.04,11.06,10.89,10.92,10.93,11.05,980748,10742226.66,04-Aug-2026,3108,INE982F01036
HATSUN,EQ,885.15,908,881.5,891.4,890,884.8,34345,30765951.75,04-Aug-2026,2800,INE473B01035
HAVELLS,EQ,1286,1301.5,1277.3,1295,1295,1285,1437161,1849566938.80,04-Aug-2026,28913,INE176B01034
HAWKINCOOK,EQ,8500,8601,8450.5,8566,8517,8496.5,539,4615208.00,04-Aug-2026,291,INE979B01015
HBSL,EQ,51.9,55.5,51.9,55.34,55.5,50.5,20502,1106874.93,04-Aug-2026,500,INE550B01022
HBLENGINE,EQ,727,736.6,721.1,729.2,730,739.2,984184,719384142.70,04-Aug-2026,37443,INE292B01021
HCL-INSYS,EQ,11.8,11.8,11.57,11.64,11.6,11.66,140813,1647617.17,04-Aug-2026,676,INE236A01020
HCLTECH,EQ,1375.7,1375.9,1347.4,1369.9,1369.9,1377,3013543,4087634427.90,04-Aug-2026,104940,INE860A01027
HDBFS,EQ,684.85,687.05,675,678.55,678,684.85,390961,266745873.20,04-Aug-2026,20970,INE756I01012
HDFCAMC,EQ,2589,2589,2533,2556,2556,2600.6,1035685,2640703778.30,04-Aug-2026,55626,INE127D01025
HDFCBANK,EQ,753.2,753.2,738,742,742,753,31559802,23437341270.35,04-Aug-2026,423043,INE040A01034
HDFCGOLD,EQ,121.6,121.7,120.83,121.12,121.16,121.2,1407452,170464664.70,04-Aug-2026,7121,INF179KC1981
HDFCLIFE,EQ,551.8,551.8,530.5,535.95,535.95,553.1,9286204,4979381385.55,04-Aug-2026,134074,INE795G01014
HDFCBSE500,EQ,37.86,38.44,37.83,38.09,37.97,38.25,286554,10907552.33,04-Aug-2026,288,INF179KC1EZ4
HDFCGROWTH,EQ,123.35,124.58,121.85,122.52,123,123.35,29014,3566229.01,04-Aug-2026,262,INF179KC1DJ0
HDFCLIQUID,EQ,1072.2,1072.22,1072.2,1072.2,1072.2,1072.06,27579,29570387.37,04-Aug-2026,43,INF179KC1JG3
HDFCLOWVOL,EQ,21.29,21.33,21.14,21.15,21.21,21.2,12321,261860.81,04-Aug-2026,72,INF179KC1HU8
HDFCMID150,EQ,23.07,23.78,23.07,23.64,23.72,23.67,562230,13299274.09,04-Aug-2026,1457,INF179KC1HT0
HDFCMOMENT,EQ,30.96,31.38,30.96,31.07,31.12,30.86,316856,9871938.26,04-Aug-2026,635,INF179KC1HV6
HDFCNEXT50,EQ,75.69,76.25,74.2,75.15,75.75,75.3,1194233,90613936.40,04-Aug-2026,1225,INF179KC1HS2
HDFCNIF100,EQ,26.45,26.69,26.4,26.44,26.4,26.45,21506,570889.55,04-Aug-2026,257,INF179KC1HR4
HDFCNIFBAN,EQ,59,60.47,59,59.24,59.05,59,81914,4864318.40,04-Aug-2026,416,INF179KC1HY0
HDFCNIFIT,EQ,33.63,33.84,33.37,33.47,33.84,33.58,323030,10806368.68,04-Aug-2026,351,INF179KC1IA8
HDFCNIFTY,EQ,277.99,277.99,270.3,272.18,276.4,275.72,77222,21286657.83,04-Aug-2026,919,INF179KC1965
HDFCNIMEG,EQ,130.75,152.55,127.2,142.82,128.25,130.7,124313,16225294.73,04-Aug-2026,165,INF179KC1KT4
HDFCPVTBAN,EQ,28.69,28.69,28.11,28.28,28.35,28.39,147039,4158079.55,04-Aug-2026,445,INF179KC1HZ7
HDFCQUAL,EQ,59.29,59.9,59.29,59.44,59.54,59.29,43138,2579030.21,04-Aug-2026,154,INF179KC1DL6
HDFCSENSEX,EQ,89.89,89.89,88.41,89.11,89.4,89.02,40540,3616745.48,04-Aug-2026,613,INF179KC1HX2
HDFCSILVER,EQ,206.54,208.08,206.54,207.22,206.95,206.78,994367,206281664.38,04-Aug-2026,6748,INF179KC1DI2
HDFCSML250,EQ,183.39,184.15,181.64,183.29,183.78,183.38,1333399,244540401.25,04-Aug-2026,8640,INF179KC1FB2
HDFCVALUE,EQ,128.53,128.63,127.73,127.9,127.91,128.21,1069,136948.10,04-Aug-2026,55,INF179KC1DK8
HDFCPSUBK,EQ,85.28,86.18,83.8,84.77,84.5,84.83,100177,8569682.07,04-Aug-2026,310,INF179KC1HW4
HEADSUP,EQ,7.2,7.2,6.76,7.17,7.17,6.79,30467,215440.58,04-Aug-2026,167,INE759V01019
HEALTHX,EQ,316,324.5,315,316.7,316.95,315,8727,2788583.95,04-Aug-2026,448,INE019J01013
HCG,EQ,668.9,679.1,664.05,672.25,672.9,671.75,134025,90429214.30,04-Aug-2026,8750,INE075I01017
HECPROJECT,EQ,135.95,139.31,133.2,136.89,133.3,135.49,4990,676321.23,04-Aug-2026,182,INE558R01013
HEG,EQ,665.5,683.9,663,678.95,674,665.25,1832144,1237056893.75,04-Aug-2026,34882,INE545A01024
HEIDELBERG,EQ,156.65,156.89,155,156.13,156.49,155.51,51886,8099535.94,04-Aug-2026,1426,INE578A01017
HEMIPROP,EQ,140.89,141.65,138.1,138.88,138.75,140,420075,58849396.31,04-Aug-2026,3343,INE0AJG01018
HERANBA,EQ,182.74,183.98,180,181.3,181,182.74,14763,2684102.94,04-Aug-2026,562,INE694N01015
HERITGFOOD,EQ,335.1,337.75,334.8,335.55,335.1,335.1,137486,46196544.80,04-Aug-2026,3339,INE978A01027
HEROMOTOCO,EQ,5460,5606,5425,5548,5548,5460,1013842,5625763167.50,04-Aug-2026,79722,INE158A01026
HESTERBIO,EQ,2430.2,2495,2407.2,2481.9,2455,2442.4,5848,14323509.40,04-Aug-2026,935,INE782E01017
HEXATRADEX,EQ,155.16,166,155.16,162.09,164,157.9,7839,1267119.18,04-Aug-2026,195,INE750M01017
HEXAGON,BE,66.79,68,65.56,66.81,67.25,66.35,472479,31485502.13,04-Aug-2026,1133,INE0JUI01012
HEXT,EQ,561,568.1,552.15,554.95,555,559.85,321435,179998615.65,04-Aug-2026,9529,INE093A01041
HFCL,EQ,202.4,207,200.22,202.78,202.34,202.52,19636718,4011382952.06,04-Aug-2026,93522,INE548A01028
HIGREEN,SM,138,139.45,136.6,137.6,137.95,140.5,24800,3435280.00,04-Aug-2026,31,INE0PIC01017
HITECH,EQ,85.49,87,85.4,85.95,85.82,85.49,427799,36834505.33,04-Aug-2026,3854,INE106T01025
HILINFRA,EQ,47.3,48.09,44.61,45.73,45.59,47,112937,5229527.37,04-Aug-2026,1154,INE00RL01028
HIKAL,EQ,230.88,233.39,227.01,228.54,228.92,229.9,250091,57560182.56,04-Aug-2026,5165,INE475B01022
HILTON,BE,20.95,21.4,20.8,21.05,20.92,21.37,90690,1902750.72,04-Aug-2026,269,INE788H01017
HSCL,EQ,752,760,740.95,751.65,749,750.65,2503579,1880567289.50,04-Aug-2026,35892,INE019C01026
HIMATSEIDE,EQ,80.76,81.64,79.87,81.05,80.94,80.99,374899,30314840.06,04-Aug-2026,3838,INE049A01027
HIRECT,EQ,1345,1388.7,1310.1,1320.4,1323,1339.4,145123,195685360.10,04-Aug-2026,10777,INE835D01023
HINDALCO,EQ,995,1020,993.1,1020,1020,994.9,7690755,7752368898.25,04-Aug-2026,161375,INE038A01020
HINDCON,EQ,23.15,23.61,22.46,22.78,22.9,23.15,5356,122847.01,04-Aug-2026,130,INE642Y01029
HPIL,EQ,127.7,127.7,117,125.05,124.85,127.74,6823,843959.48,04-Aug-2026,190,INE05X901010
HGS,EQ,432,435,420.2,421.45,422.5,430.55,30514,12935661.05,04-Aug-2026,1275,INE170I01016
HAL,EQ,4680,4718,4626,4635,4635,4690,686746,3205836617.30,04-Aug-2026,40847,INE066F01020
HINDCOMPOS,EQ,417.5,430,417.5,425.8,428.95,425.55,2150,915288.65,04-Aug-2026,192,INE310C01029
HCC,EQ,21.9,22.3,21.8,21.84,21.83,21.81,15549478,342270540.90,04-Aug-2026,19908,INE549A01026
HINDCOPPER,EQ,495.05,504.3,490.05,492.35,491.25,495.05,4448305,2209739511.60,04-Aug-2026,63225,INE531E01026
HNDFDS,EQ,595,595,575.15,586.85,586.45,589.05,98375,57537930.20,04-Aug-2026,5496,INE254N01026
HMVL,EQ,95.75,108.16,93.1,104.45,104.71,95.08,1046645,105949292.53,04-Aug-2026,8244,INE871K01015
HINDOILEXP,EQ,160.67,162.5,158.4,161.49,160.81,161.13,269806,43311462.60,04-Aug-2026,3314,INE345A01011
HINDPETRO,EQ,395,395.05,390.55,391.5,391.5,395,4974075,1953332161.40,04-Aug-2026,43140,INE094A01015
HINDUNILVR,EQ,2119.1,2119.1,2070.2,2096.5,2096.5,2138,1657094,3461987484.50,04-Aug-2026,62306,INE030A01027
HINDZINC,EQ,550,564,546.55,562.9,562.9,547,5784368,3233694943.35,04-Aug-2026,69838,INE267A01025
HINDWAREAP,EQ,222.48,223.86,218.2,219.54,219,222.23,33930,7476499.89,04-Aug-2026,1125,INE05AN01011
HISARMETAL,EQ,148.5,151,146,148.75,150.5,146.47,3054,451633.40,04-Aug-2026,72,INE598C01011
POWERINDIA,EQ,32005,32695,32000,32005,32005,32000,77400,2505964805.00,04-Aug-2026,28147,INE07Y701011
HITECHCORP,BE,322.9,323,320.1,321.85,323,319.2,6828,2190939.50,04-Aug-2026,65,INE120D01012
HLEGLAS,EQ,420.25,425.9,413.45,422.95,423,422.85,247856,104193662.60,04-Aug-2026,11603,INE461D01028
HLVLTD,EQ,7.15,7.25,7,7.09,7.06,7.21,168607,1198366.18,04-Aug-2026,721,INE102A01024
HMAAGRO,EQ,20.9,21.57,20.45,20.8,20.9,20.89,1280779,26834137.94,04-Aug-2026,4676,INE0ECP01024
87HMDA32,N0,103665.62,103665.62,103665.62,103665.62,103665.62,102066,50,5183281.00,04-Aug-2026,1,INE2T2Q07097
87HMDA35,N0,104665.62,104665.62,104665.62,104665.62,104665.62,100000,60,6279937.20,04-Aug-2026,1,INE2T2Q07170
87HMDA45,N0,105950.62,105950.62,105950.62,105950.62,105950.62,100000,40,4238024.80,04-Aug-2026,1,INE2T2Q07030
HMT,BZ,60.95,61.7,60,60.04,60.04,61.4,6895,419232.55,04-Aug-2026,83,INE262A01018
HOACFOODS,ST,720.05,723.6,715,717.5,715,739,2625,1885743.75,04-Aug-2026,7,INE0S6S01017
HOMEFIRST,EQ,1166,1177.8,1156,1169.7,1166.3,1170.2,102458,119570933.00,04-Aug-2026,8629,INE481N01025
HONASA,EQ,459.95,469.5,453.75,459.4,458,458.2,1085673,499744403.50,04-Aug-2026,32666,INE0J5401028
HONDAPOWER,EQ,2122.9,2122.9,2095.4,2104.3,2109,2096,1646,3467184.30,04-Aug-2026,375,INE634A01018
HONAUT,EQ,38720,38720,38055,38190,38100,38570,3050,116701825.00,04-Aug-2026,1624,INE671A01010
HDIL,BZ,1.68,1.69,1.61,1.65,1.67,1.65,106042,176149.03,04-Aug-2026,172,INE191I01012
HPAL,EQ,34.48,34.48,33.2,34.07,34.39,33.3,61202,2071698.03,04-Aug-2026,509,INE0GSL01024
HPL,EQ,336,338.9,333.8,335.65,335.1,335.95,48543,16310624.15,04-Aug-2026,1872,INE495S01016
HSBCGOLD,EQ,123.4,124.04,123.38,123.72,123.72,123.4,551,68173.17,04-Aug-2026,12,INF336L01RX2
HUDCO,EQ,198.5,205.15,196.65,203.41,203.5,199.38,2681603,538817506.15,04-Aug-2026,20321,INE031A01017
HTMEDIA,EQ,24.87,27.5,24.87,26.5,26.5,24.87,319976,8436582.50,04-Aug-2026,908,INE501G01024
HUBTOWN,EQ,186,193.75,185,188.64,187,190.51,553678,104821332.45,04-Aug-2026,6702,INE703H01016
HUHTAMAKI,EQ,299.65,299.7,283.35,288.3,285,300,276612,81045903.85,04-Aug-2026,6168,INE275B01026
HVAX,SM,667,667,617,617,617,640,900,574950.00,04-Aug-2026,6,INE0TO501019
HYBRIDFIN,BE,18.9,18.9,17.8,18.11,18.11,18.02,3395,62645.88,04-Aug-2026,36,INE965B01022
HYUNDAI,EQ,2208,2241,2198.5,2220,2220,2207,760246,1687600356.80,04-Aug-2026,46834,INE0V6F01027
IGPL,EQ,500.45,512.05,495.1,503.9,500.1,496.65,79372,39941243.60,04-Aug-2026,3772,INE204A01010
ICELCO,SM,138,152.55,138,145.45,144,150,70800,10420920.00,04-Aug-2026,54,INE0XE501015
ICDSLTD,EQ,39.6,43.61,39.6,43.61,43.61,39.65,2845,118573.59,04-Aug-2026,32,INE613B01010
ICEMAKE,EQ,836,836,819.45,820.85,820,825.25,12382,10209570.00,04-Aug-2026,1379,INE520Y01019
ICICIBANK,EQ,1452,1454.6,1430.8,1454.6,1454.6,1460,11458963,16522216613.90,04-Aug-2026,141775,INE090A01021
ICICIGI,EQ,1675,1675,1632.2,1644.8,1644.8,1675,427517,701580357.30,04-Aug-2026,34539,INE765G01017
LOWVOLIETF,EQ,23.27,23.27,22.3,22.53,22.44,22.81,5340733,121509450.44,04-Aug-2026,1314,INF109KC19U5
ICICIPRULI,EQ,521.8,521.8,502.2,513.55,513.55,522.35,5351839,2720401869.95,04-Aug-2026,38398,INE726G01019
MIDSELIETF,EQ,19.94,19.94,19.57,19.62,19.7,19.71,447724,8810926.03,04-Aug-2026,721,INF109KC10W0
NIF100IETF,EQ,28.64,28.77,28.48,28.5,28.6,28.64,87080,2493894.72,04-Aug-2026,1404,INF109KC16V9
NIFTYIETF,EQ,278.48,282.2,277.07,277.65,278.43,278.33,658638,183299460.59,04-Aug-2026,9578,INF109K012R6
SENSEXIETF,EQ,905.09,908.75,898.81,900.68,900.49,898.76,11710,10583305.92,04-Aug-2026,458,INF346A01034
ICICIAMC,EQ,3090,3111,3056.3,3063.8,3059,3099.1,323730,997272195.60,04-Aug-2026,24740,INE346A01027
GOLDIETF,EQ,121.99,121.99,121.22,121.34,121.43,121.44,3336194,405260887.03,04-Aug-2026,23850,INF109KC1NT3
NV20IETF,EQ,13.9,13.98,13.8,13.85,13.89,13.89,696859,9658710.49,04-Aug-2026,2066,INF109KC11V0
ICICIB22,EQ,118.93,118.93,116.6,117.12,117.49,116.6,755902,88708719.05,04-Aug-2026,2851,INF109KB15Y7
CASHIETF,EQ,1073.77,1073.77,1073.75,1073.76,1073.75,1073.62,169972,182509864.35,04-Aug-2026,141,INF109K1A021
EVIETF,EQ,33.33,33.4,33.17,33.31,33.4,33.17,419080,13958967.67,04-Aug-2026,690,INF109K1A153
GSEC10IETF,EQ,265.44,265.44,264.5,264.5,264.5,264.77,4626,1223601.44,04-Aug-2026,2,INF109KC18O0
BSE500IETF,EQ,40,42.05,39.83,39.9,39.91,40,226051,9045006.74,04-Aug-2026,1207,INF109KC1V59
GSEC5IETF,EQ,66.67,66.67,65.96,66.5,66.5,66.02,869,57749.07,04-Aug-2026,31,INF109KC14A8
ALPL30IETF,EQ,28.49,28.57,28.01,28.31,28.01,28.33,288745,8209516.13,04-Aug-2026,1033,INF109KC17V7
AUTOIETF,EQ,30.04,30.1,29.32,29.71,29.75,29.74,837247,25077958.41,04-Aug-2026,2104,INF109KC10V2
PVTBANIETF,EQ,28.26,28.26,27.91,27.99,28.1,28.05,1006464,28212188.21,04-Aug-2026,1311,INF109KC18U7
COMMOIETF,EQ,101.49,101.67,100.7,101.02,101.39,101.49,78239,7923942.84,04-Aug-2026,1810,INF109KC19O8
CONSUMIETF,EQ,125.98,126.61,123.38,125.23,125.6,125.94,10990,1384072.23,04-Aug-2026,205,INF109KC1V42
FMCGIETF,EQ,54.35,54.35,52.65,53.25,53.36,53.03,1024195,54414652.48,04-Aug-2026,3328,INF109KC19V3
INFRAIETF,EQ,95.57,97.88,95.57,97.01,97.72,97.52,222179,21565639.79,04-Aug-2026,4090,INF109KC16E5
LIQUIDIETF,EQ,999.99,1000.01,999.99,999.99,1000,999.99,1055760,1055759718.99,04-Aug-2026,389,INF109KC1KT9
MIDCAPIETF,EQ,24.75,24.75,24.12,24.21,24.3,24.15,844596,20439328.16,04-Aug-2026,2328,INF109KC11W8
MOM30IETF,EQ,31.35,31.59,31.24,31.4,31.42,31.1,750806,23598359.21,04-Aug-2026,2220,INF109KC17C7
NEXT50IETF,EQ,80.01,80.01,77.35,78.04,77.99,78.06,1050969,82396794.23,04-Aug-2026,4914,INF109KC1NS5
HEALTHIETF,EQ,172.56,173,170.85,171.54,171,171.14,65261,11183565.56,04-Aug-2026,1216,INF109KC1Q72
QUAL30IETF,EQ,21.65,21.71,21.23,21.44,21.23,21.6,96029,2074128.98,04-Aug-2026,315,INF109KC18V5
SILVERIETF,EQ,215.05,217,214.09,216.3,216.23,215.46,2250240,487178137.18,04-Aug-2026,13862,INF109KC1Y56
ITIETF,EQ,34.9,35.5,34,34.46,34.79,34.9,651547,22682780.75,04-Aug-2026,1552,INF109KC16I6
BANKIETF,EQ,59.24,59.63,58.94,59.07,59.34,59.04,338583,20039691.82,04-Aug-2026,1261,INF109KC15I8
METALIETF,EQ,13.14,13.15,12.94,13.1,13.15,12.97,10880947,142112361.85,04-Aug-2026,9386,INF109KC19W1
OILIETF,EQ,11.45,11.5,11.35,11.36,11.41,11.45,1000123,11411053.52,04-Aug-2026,2322,INF109KC18W3
PSUBNKIETF,EQ,83.5,86.4,83.5,85.4,84,85.6,209527,17984623.75,04-Aug-2026,841,INF109KC10S8
SMALLIETF,EQ,18.25,18.31,18.17,18.24,18.25,18.21,177525,3245652.28,04-Aug-2026,121,INF109K1A476
TOP15IETF,EQ,10.05,10.17,10.05,10.07,10.05,10.03,181086,1832782.75,04-Aug-2026,219,INF109K1A344
VAL30IETF,EQ,15.62,15.62,15.4,15.44,15.4,15.52,146650,2275845.78,04-Aug-2026,398,INF109KC16X5
FINIETF,EQ,33.74,33.96,33.5,33.69,33.75,33.8,376788,12724827.72,04-Aug-2026,1350,INF109KC17L8
ICRA,EQ,5125,5181.9,5061,5149,5141.1,5131.5,40059,205890484.90,04-Aug-2026,8680,INE725G01011
IDBI,EQ,85,85,83.91,84.55,84.64,84.71,2999829,253363665.96,04-Aug-2026,12953,INE008A01015
IDEAFORGE,BE,896.7,896.7,870,882.3,880,887.1,89989,79670266.75,04-Aug-2026,6213,INE349Y01013
IDENTICAL,SM,17.55,17.55,17.55,17.55,17.55,17.5,2000,35100.00,04-Aug-2026,1,INE0TD101011
IDFCFIRSTB,EQ,85.87,86.13,84.45,86,86,86,12931033,1106776663.24,04-Aug-2026,46449,INE092T01019
IFBAGRO,BE,965,998,965,973.6,970,984,4651,4548080.15,04-Aug-2026,170,INE076C01018
IFBIND,EQ,1350,1375,1349.1,1369.4,1374.5,1354,47874,65412480.70,04-Aug-2026,6908,INE559A01017
IFCI,EQ,76.99,77.55,75.6,75.9,75.79,77.31,10223172,780466354.17,04-Aug-2026,26541,INE039A01010
IFGLEXPOR,EQ,207.35,220,206.51,217.08,217.97,207.35,91142,19615210.40,04-Aug-2026,3663,INE133Y01011
1225IFL27,N0,7309,7309,7102,7102,7102,7310,25,179829.00,04-Aug-2026,9,INE01XO07017
1225IFL28,N0,7497,7649,7445,7445,7445,7650,6,45234.00,04-Aug-2026,3,INE01XO07025
IGARASHI,EQ,470,476,457.8,460.75,460.2,467.15,53765,25111951.50,04-Aug-2026,2555,INE188B01013
852IIFL29,Y5,991,991,991,991,991,990,253,250723.00,04-Aug-2026,2,INE530B07591
870IIFL28,Y7,1022.5,1022.5,1020,1020,1020,1010.2,196,200285.00,04-Aug-2026,3,INE530B07617
9IIFL31,Y9,1000,1000,1000,1000,1000,1000,150,150000.00,04-Aug-2026,4,INE530B07609
975IIFL28,Y0,1037.1,1037.1,1037.1,1037.1,1037.1,1036.61,24,24890.40,04-Aug-2026,2,INE530B07476
IIFLCAPS,EQ,334.5,338.7,334.5,334.9,335.05,336.65,201230,67411706.10,04-Aug-2026,10457,INE489L01022
IIFL,EQ,619,619,605,607.65,605.2,617.85,2042867,1254083257.00,04-Aug-2026,27070,INE530B01024
IIFL06326,YC,980,980,980,980,980,980,26,25480.00,04-Aug-2026,1,INE530B07641
IIFL060326,YA,1005,1010,1005,1010,1010,1005,10,10075.00,04-Aug-2026,2,INE530B07583
IKIO,EQ,200.6,203.38,197.35,199.95,199,201.54,104785,21048873.35,04-Aug-2026,1637,INE0LOJ01019
IL&FSENGG,BZ,35.1,35.97,34,35.16,35,35.19,4587,161583.68,04-Aug-2026,35,INE369I01014
IVC,EQ,8.51,8.55,8.45,8.48,8.48,8.45,169823,1441169.84,04-Aug-2026,617,INE050B01023
IL&FSTRANS,BZ,2.19,2.19,2.1,2.13,2.13,2.11,53200,112950.38,04-Aug-2026,49,INE975G01012
IMAGICAA,EQ,49.38,50.09,48.1,48.7,48.41,49.09,546642,26740663.62,04-Aug-2026,3348,INE172N01012
IMPEXFERRO,BZ,2.75,2.75,2.75,2.75,2.75,2.62,7463,20523.25,04-Aug-2026,3,INE691G01015
INCREDIBLE,EQ,33.99,33.99,32.35,32.4,32.4,33.1,1169,38668.73,04-Aug-2026,35,INE452L01012
IMPAL,EQ,1100.2,1132.9,1086.4,1116.1,1110,1104.6,3551,3942060.00,04-Aug-2026,383,INE547E01014
INDSWFTLAB,EQ,227.7,237.7,227.7,230.21,230.05,228.63,339157,78892981.76,04-Aug-2026,7041,INE915B01019
INDTERRAIN,EQ,36.41,38.3,31.6,31.89,31.74,33.39,793593,27978519.27,04-Aug-2026,4843,INE611L01021
INDBANK,EQ,32.89,32.89,32.11,32.25,32.48,32.49,20833,674695.59,04-Aug-2026,319,INE841B01017
BAJAJINDEF,EQ,237,237,230.2,232.08,232,234.8,17471,4058219.98,04-Aug-2026,374,INE0O9T01021
INDGN,EQ,547.2,567.8,542.55,553.75,554,545.25,1047239,584348553.70,04-Aug-2026,35273,INE065X01017
INDIAGLYCO,EQ,1141.9,1186,1138.4,1164.1,1162.5,1145.2,191408,222748180.80,04-Aug-2026,13915,INE560A01023
INDNIPPON,EQ,1165,1190,1159.2,1183,1184.9,1173.2,21535,25435647.50,04-Aug-2026,2122,INE092B01025
IPL,EQ,148.4,150.08,145.1,145.69,145.49,148.57,241438,35456173.45,04-Aug-2026,3933,INE0D6701023
INDIASHLTR,EQ,724.5,737,720,732.45,731.2,726.5,125622,91435369.60,04-Aug-2026,11809,INE922K01024
ITDC,EQ,712.05,714.65,701,705.05,701.35,715.2,113261,80271788.30,04-Aug-2026,7696,INE353K01014
IBULLSLTD,BE,27.2,28,27.09,27.67,27.7,27.09,3945167,109074198.32,04-Aug-2026,3717,INE126M01010
INDIAMART,EQ,1805,1815,1771,1774.8,1774.9,1798.6,97037,173614425.80,04-Aug-2026,14769,INE933S01016
INDIANB,EQ,845.8,852.75,837.3,845,845,845,885832,746945428.80,04-Aug-2026,33037,INE562A01011
INDIANCARD,EQ,224.25,229,222.25,224.99,225,224.29,1532,345472.86,04-Aug-2026,51,INE061A01014
IEML,SM,42.15,43,41,42,42,42.8,36000,1509725.00,04-Aug-2026,42,INE0RRU01016
IEX,EQ,128,129.49,126.8,129.2,129.2,128,4937910,635644281.25,04-Aug-2026,30216,INE022Q01020
INDIANHUME,EQ,414.5,415.7,393.4,396.8,397.85,414.5,105052,42219236.00,04-Aug-2026,4667,INE323C01030
IMFA,EQ,1499,1532,1460,1467.3,1465.9,1492,1157333,1737176486.10,04-Aug-2026,67113,INE919H01018
IOC,EQ,143.47,143.82,141.6,141.6,141.6,143.7,7539898,1075784899.28,04-Aug-2026,50955,INE242A01010
IOB,EQ,34.11,34.49,34.05,34.29,34.3,34.1,1709183,58574165.36,04-Aug-2026,9128,INE565A01014
IPHL,SM,76,78.9,74,75.55,76.9,74.85,46800,3557160.00,04-Aug-2026,29,INE0DHF01018
IRCTC,EQ,512.95,512.95,506.35,510.25,509.5,513.5,927912,472666290.10,04-Aug-2026,25582,INE335Y01020
IRFC,EQ,90.39,90.49,89.55,89.6,89.6,90.25,6727736,604844492.11,04-Aug-2026,37185,INE053F01010
IREDA,EQ,121.29,121.6,118.19,120.35,120.35,123,16002448,1927130846.36,04-Aug-2026,65747,INE202E01016
IWP,EQ,33.13,33.96,33.13,33.85,33.9,33.13,1554,52324.04,04-Aug-2026,22,INE586E01020
INDIFRA,SM,11.4,11.4,11.4,11.4,11.4,11.45,2000,22800.00,04-Aug-2026,1,INE0PS301014
INDIGOPNTS,EQ,1087.4,1099,1079,1089.2,1097,1087.4,26084,28412246.50,04-Aug-2026,4222,INE09VQ01012
INDIGRID,IV,179,179.1,177.41,177.5,177.5,178.36,1526759,271509073.66,04-Aug-2026,13749,INE219X23014
INDIQUBE,EQ,171.97,174.9,170.71,171.93,172.85,171.97,5817,1001128.76,04-Aug-2026,343,INE06ST01018
INDOAMIN,BE,126.24,127.8,125,126.23,127.5,126.24,36074,4563271.11,04-Aug-2026,238,INE760F01028
INDOBORAX,EQ,416,416,403.2,404.6,403.2,418.7,130521,53292536.05,04-Aug-2026,5236,INE803D01021
ICIL,EQ,410.1,421.8,407,419.75,418.5,409.7,389287,162318942.65,04-Aug-2026,18732,INE483B01026
INDOFARM,EQ,161.6,162,157,157.65,158.38,161.6,109668,17448929.29,04-Aug-2026,1811,INE622H01018
INDORAMA,EQ,63.11,66.45,61.7,64.46,64.51,63.49,1285167,82575245.97,04-Aug-2026,11678,INE156A01020
INDOTECH,BE,3491,3573,3451.9,3556,3550,3470.7,14535,51552618.60,04-Aug-2026,1377,INE332H01014
INDOTHAI,EQ,136.6,136.6,136.6,136.6,136.6,170.75,171475,23423485.00,04-Aug-2026,1320,INE337M01021
INDOUS,EQ,84.46,84.46,82.05,82.79,84,83.6,44722,3703881.13,04-Aug-2026,264,INE250Z01010
INDOMIM,EQ,773,779.7,750.5,769.4,763,770.15,3399506,2600095136.40,04-Aug-2026,88053,INE084101034
NIPPOBATRY,EQ,327.15,327.15,319.1,320.9,320.2,327.15,2764,889701.55,04-Aug-2026,154,INE567A01028
INDOCO,EQ,221.85,228.56,221,223.58,222.55,221.76,214800,48246487.96,04-Aug-2026,4116,INE873D01024
IGCL,EQ,76.03,76.18,75,75.28,75,75.47,45784,3455060.83,04-Aug-2026,593,INE05J901018
WAAREEINDO,EQ,329.05,329.05,312,313.35,312.1,322,89050,28318590.55,04-Aug-2026,3204,INE866K01023
INDOSTAR,EQ,245.25,246.95,235.9,238.3,237,245.25,210912,50720861.35,04-Aug-2026,3090,INE896L01010
INDOWIND,BE,9.18,9.27,9.04,9.17,9.18,9.12,90657,828182.37,04-Aug-2026,232,INE227G01018
IGL,EQ,156.1,156.73,153.6,153.93,153.99,156.17,881087,136361915.35,04-Aug-2026,14689,INE203G01027
INDRAMEDCO,EQ,372.6,374,366.8,370.45,371,368.9,253508,94071613.00,04-Aug-2026,5192,INE681B01017
INDUSINVIT,IV,133.01,133.75,131.1,132.08,131.91,131.98,140958,18621564.92,04-Aug-2026,6572,INE0NHL23019
INDUSTOWER,EQ,396,396.5,387.15,390,390,395.3,3918825,1529225654.40,04-Aug-2026,60591,INE121J01017
INDUSINDBK,EQ,1028.9,1028.9,1014.6,1026,1026,1028.9,720413,734995623.60,04-Aug-2026,22372,INE095A01012
INDPRUD,EQ,6647,6647,6552,6567,6560,6550,35,230399.00,04-Aug-2026,17,INE620D01011
IITL,EQ,164,164,138.75,141.19,141,153.21,368898,53871152.02,04-Aug-2026,6376,INE886A01014
INFINIUM,SM,211.75,212,206.5,206.95,206.95,202,2000,418600.00,04-Aug-2026,4,INE0MRE01011
INFLUX,SM,285.75,294.9,283,287.5,287.5,288.65,6000,1723860.00,04-Aug-2026,10,INE0MYZ01012
NAUKRI,EQ,1274.5,1276.8,1251.7,1260,1260,1268.8,1053721,1331226448.70,04-Aug-2026,49985,INE663F01032
INFOBEAN,EQ,171.6,174,169.5,172.73,172.6,171.95,317703,54687480.94,04-Aug-2026,4211,INE344S01016
INFOLLION,SM,156.05,163,156.05,162.55,162.3,159,19200,3100540.00,04-Aug-2026,37,INE0NNZ01013
INFOMEDIA,EQ,5.49,5.58,5.21,5.38,5.48,5.38,13272,72026.58,04-Aug-2026,50,INE669A01022
INFY,EQ,1168,1175.7,1153.3,1167.5,1167.5,1180,9243589,10727410174.00,04-Aug-2026,130401,INE009A01021
INGERRAND,EQ,4325,4449.6,4305.6,4401.4,4360,4327,6249,27569208.10,04-Aug-2026,1393,INE177A01018
INNOMET,ST,187.5,187.5,180.3,185,185,183.95,39000,7114410.00,04-Aug-2026,39,INE0S1D01010
INNOVACAP,EQ,955.8,963.95,938.95,941.95,940.1,956.4,24677,23458576.00,04-Aug-2026,2937,INE0DUT01020
INNOVANA,EQ,335.8,335.8,320.6,323.75,321.55,322,3054,986992.90,04-Aug-2026,112,INE403Y01018
INNOVISION,EQ,285,287.7,285,286.75,287,285.75,9196,2631767.85,04-Aug-2026,430,INE0ADB01012
INOXGREEN,BE,174.32,179.78,170,178.29,178,174.32,405287,71294183.84,04-Aug-2026,1877,INE510W01014
INOXINDIA,EQ,1850,1949,1824,1901.4,1895,1920.4,418512,794308623.60,04-Aug-2026,44037,INE616N01034
INOXWIND,EQ,79,80.68,78.75,79.21,79.21,78.9,8427344,669578684.82,04-Aug-2026,29723,INE066P01011
INSECTICID,EQ,663.95,669.9,646,658.35,646,663.6,14184,9353818.40,04-Aug-2026,1159,INE070I01018
INA,EQ,113.9,117.5,111.6,115.92,117,112.75,1115093,128353501.60,04-Aug-2026,8291,INE0LGX01024
INSPIRE,ST,9.05,9.05,9.05,9.05,9.05,9.5,2000,18100.00,04-Aug-2026,1,INE0NDX01019
INSPIRISYS,BE,98,98,96.11,97,97,98.49,1932,187092.04,04-Aug-2026,31,INE020G01017
ESSENTIA,BE,1.2,1.2,1.18,1.2,1.2,1.15,490651,586848.74,04-Aug-2026,274,INE418N01035
INTELLECT,EQ,759,760.35,741.3,748.7,747.5,748.85,381735,286012020.15,04-Aug-2026,17039,INE306R01017
INTENTECH,EQ,83.07,86.39,79.71,81.64,81.01,83.07,59394,4869309.67,04-Aug-2026,1095,INE781A01025
INTERARCH,EQ,1846.2,1870.8,1822,1843.1,1842,1846.1,26351,48622953.20,04-Aug-2026,2330,INE00M901018
INDIGO,EQ,5400,5429,5297.5,5358,5358,5400,618644,3319369885.00,04-Aug-2026,44797,INE646L01027
INTLCONV,EQ,73.83,75.89,73.83,74.93,75.3,73.77,20919,1565850.31,04-Aug-2026,430,INE575C01027
IGIL,EQ,369,369.85,350.1,362.1,358,364.95,1052707,383288750.30,04-Aug-2026,17982,INE0Q9301021
ISFT,EQ,83,85,78.26,79.52,79.51,82.5,18972,1537796.08,04-Aug-2026,351,INE566K01011
INVENTURE,EQ,0.92,0.93,0.91,0.91,0.92,0.91,842138,774788.89,04-Aug-2026,438,INE878H01024
IKS,EQ,1850,1884.4,1839.1,1845.9,1849.7,1846.4,143965,267067192.60,04-Aug-2026,20223,INE115Q01022
IVZINGOLD,EQ,126.3,126.3,122.8,123.25,123.25,123.5,6530,806122.00,04-Aug-2026,111,INF205KA1BP1
IVZINNIFTY,EQ,287.99,287.99,280,280.01,280.01,280.97,1398,393139.49,04-Aug-2026,78,INF205KA1CC7
INVPRECQ,BE,1138,1149,1090,1135.2,1135.8,1113.1,8677,9772433.00,04-Aug-2026,234,INE155E01016
INVICTA,SM,75.5,75.5,73.25,74.4,74.4,72.8,9600,711440.00,04-Aug-2026,6,INE0XJ501010
IOLCP,EQ,152.39,155.4,150.7,153.74,153.67,151.7,1607367,246024695.91,04-Aug-2026,16203,INE485C01029
IONEXCHANG,EQ,433,433,422.3,424.6,425,429.95,323002,137934823.70,04-Aug-2026,12403,INE570A01022
IPCALAB,EQ,1725.3,1730.7,1683.7,1694.7,1705,1725.6,222711,380025609.00,04-Aug-2026,19755,INE571A01038
IRB,EQ,20.24,20.24,20.08,20.13,20.14,20.18,4606262,92811100.26,04-Aug-2026,13307,INE821I01022
IRBINVIT,IV,63.2,63.44,62.78,63.28,63.29,63.03,1408531,88775908.35,04-Aug-2026,4951,INE183W23014
IRCON,EQ,131.88,132.97,129.82,131.93,131.85,131.88,1955675,257612890.48,04-Aug-2026,19282,INE962Y01021
880IREDA29,N5,1120,1120,1120,1120,1120,1105.31,105,117600.00,04-Aug-2026,3,INE202E07138
IRISDOREME,EQ,53.44,54,52.8,53.25,53.42,53.52,318592,16959533.35,04-Aug-2026,2657,INE01GN01025
IRIS,EQ,258,264,252.98,258.17,259.9,254.52,34077,8842243.01,04-Aug-2026,1146,INE864K01010
IRMENERGY,EQ,269,277,265.05,272.6,272,265,183306,50018508.25,04-Aug-2026,4590,INE07U701015
ISGEC,EQ,837.7,840,830,832.35,830,838.95,39781,33218582.70,04-Aug-2026,3962,INE858B01029
ISHANCH,EQ,51.21,53.55,50.66,51.75,51.4,51.84,23092,1203423.35,04-Aug-2026,137,INE561M01018
ISHAN,SM,0.5,0.5,0.45,0.45,0.45,0.45,144000,69600.00,04-Aug-2026,3,INE0LCW01025
ITALIANE,SM,31.1,31.1,31.1,31.1,31.1,31.95,2000,62200.00,04-Aug-2026,1,INE0R7R01018
ITCHOTELS,EQ,165.5,166,163.1,165.45,165,165.22,1697228,280005830.66,04-Aug-2026,26868,INE379A01028
ITC,EQ,286.05,289,284.7,289,289,287,12689243,3639935619.90,04-Aug-2026,292805,INE154A01025
ITI,EQ,282.15,286.7,280.15,282.6,281,282.15,166453,47215075.00,04-Aug-2026,4514,INE248A01017
IVALUE,EQ,273.9,277.7,273,276.4,276.5,274.7,225743,62227469.60,04-Aug-2026,4684,INE056801025
IVP,BE,164.8,164.8,155.25,157.18,156.11,158.23,12114,1906956.93,04-Aug-2026,134,INE043C01018
IWARE,ST,475,484.95,465.15,475,475,482,10200,4817640.00,04-Aug-2026,17,INE1AII01014
IZMO,EQ,986.4,1009,968.2,996.45,1006.95,988.9,97940,96209417.60,04-Aug-2026,6187,INE848A01014
J&KBANK,EQ,156.12,158.55,155.19,157.81,158,156.12,4665962,733551304.19,04-Aug-2026,32605,INE168A01041
JGCHEM,EQ,509,516.7,497,505.75,505,508.4,194390,98493280.55,04-Aug-2026,6742,INE0MB501011
JAGRAN,EQ,63.35,63.4,62.72,63.02,62.9,62.88,243398,15332350.60,04-Aug-2026,1911,INE199G01027
JAGSNPHARM,EQ,235.25,239.55,230.21,236.5,236,235.37,111099,25957842.71,04-Aug-2026,2865,INE048B01035
JAIBALAJI,BE,61.9,63.61,61,63.34,63.15,60.59,753733,47710372.36,04-Aug-2026,1478,INE091G01026
JAICORPLTD,EQ,103.83,104.25,102.92,103.28,103.17,103.83,148420,15354164.56,04-Aug-2026,1511,INE070D01027
JISLDVREQS,EQ,22.97,23.7,22.5,22.52,22.52,22.53,27612,641552.30,04-Aug-2026,102,IN9175A01010
JISLJALEQS,EQ,31.29,32.3,30.83,30.92,30.86,31.33,2342606,73708300.10,04-Aug-2026,7326,INE175A01038
JAINREC,EQ,318,332.35,312.55,323.45,323.3,350.2,8542314,2773305962.25,04-Aug-2026,126207,INE0YD401026
JAINAM,SM,228.5,228.5,228.5,228.5,228.5,240,500,114250.00,04-Aug-2026,1,INE02KC01010
JAINIK,SM,183,190,183,186,186,183,14400,2701500.00,04-Aug-2026,10,INE0XIL01012
JPPOWER,EQ,18.73,19.19,18.64,18.84,18.83,18.76,93040370,1760704011.31,04-Aug-2026,52018,INE351F01018
JALAN,ST,1.55,1.65,1.55,1.65,1.65,1.6,24000,37800.00,04-Aug-2026,6,INE349X01015
JAMNAAUTO,EQ,142,143.5,140.12,142.27,142.05,140.86,3866384,550157167.43,04-Aug-2026,31704,INE039C01032
JSFB,EQ,589,590.4,570,573.9,576.5,584.85,454156,262530901.30,04-Aug-2026,19312,INE953L01027
JARO,EQ,472.55,473.2,455.25,457.35,457.15,472.55,101001,46481499.10,04-Aug-2026,3930,INE00YJ01010
JASH,EQ,498.1,500,492,495,493.5,500.6,72438,35981435.30,04-Aug-2026,7194,INE039O01029
JAYBEE,SM,87,89.9,85.05,89.5,89.5,87,8500,751025.00,04-Aug-2026,17,INE0SMY01017
JAYBARMARU,EQ,161.5,165,160,162.48,162.71,162.17,512261,83444493.19,04-Aug-2026,7501,INE571B01036
KORE,SM,169.9,179,169.9,172.45,174.3,170.75,6750,1166225.00,04-Aug-2026,19,INE0J6801010
JAYAGROGN,EQ,231.9,232.8,221,222.64,223.01,230.95,20655,4624663.39,04-Aug-2026,691,INE785A01026
JAYNECOIND,EQ,88.88,89.57,87.25,87.86,87.25,88.18,2524487,222647584.97,04-Aug-2026,18346,INE854B01010
JAYESH,SM,140.05,151.95,140.05,151.95,151.95,144.25,2000,292000.00,04-Aug-2026,2,INE1AE401014
JAYKAY,EQ,164,166,160.05,161.27,162.4,165.32,83529,13586994.02,04-Aug-2026,1684,INE903A01025
JAYSREETEA,EQ,82.99,89.08,82.15,88.16,87.88,83.27,140908,12237287.69,04-Aug-2026,2587,INE364A01020
JBMA,EQ,664,664,657.15,659.7,660,662.6,126575,83543266.50,04-Aug-2026,6529,INE927D01051
JSLL,EQ,579.5,585,569.9,574.2,573.1,582.5,285505,164649414.30,04-Aug-2026,10073,INE0J5801029
JETFREIGHT,EQ,22.94,23.11,21.26,21.95,22.38,22.67,321532,7125730.65,04-Aug-2026,1840,INE982V01025
JEYYAM,ST,23.7,24,23.3,23.9,23.9,24,30000,714300.00,04-Aug-2026,12,INE0RXB01022
JFLLIFE,SM,13.75,13.9,13.7,13.9,13.85,13.25,162000,2243100.00,04-Aug-2026,22,INE0LA901015
JHS,EQ,7.61,7.79,7.51,7.67,7.69,7.64,34198,261766.21,04-Aug-2026,98,INE544H01014
RETAIL,EQ,16.95,17.49,16.45,17.33,17.3,16.57,6788,116162.35,04-Aug-2026,53,INE03DD01011
JPOLYINVST,EQ,1035.1,1072,1031.2,1061.8,1062,1029.2,4077,4295113.50,04-Aug-2026,456,INE147P01019
JINDRILL,EQ,614.2,617.1,608.05,614.3,615,611.15,97057,59510005.55,04-Aug-2026,4120,INE742C01031
JINDALPHOT,EQ,1069.3,1077.3,1060.2,1066.5,1075,1064,1059,1132900.90,04-Aug-2026,177,INE796G01012
JINDALPOLY,EQ,628,631.9,619,624.8,627,625,14873,9263439.05,04-Aug-2026,876,INE197D01010
JINDALSAW,EQ,261,266.5,259.45,264.4,263,259.3,1578595,415784649.35,04-Aug-2026,25694,INE324A01032
JSL,EQ,736.05,741,726.35,735.65,733.4,731.7,785405,578436018.80,04-Aug-2026,34228,INE220G01021
JINDALSTEL,EQ,1106.1,1124,1101.4,1124,1124,1105.1,822310,918169708.20,04-Aug-2026,22411,INE749A01030
JINDWORLD,EQ,40.61,41.1,38.85,39.88,39.68,40.41,21204810,843891857.99,04-Aug-2026,37211,INE247D01039
JKIPL,BE,96.5,101.67,95.11,97.89,97.25,96.83,14732,1458696.13,04-Aug-2026,140,INE1FF001016
JIOFIN,EQ,264,266.6,261.9,265,265,263,24776731,6552284234.90,04-Aug-2026,116783,INE758E01017
JITFINFRA,EQ,341.05,355.55,333,338.95,339,345.25,26521,9125987.80,04-Aug-2026,1110,INE863T01013
JIWANRAM,SM,4.9,4.9,4.9,4.9,4.9,4.9,6000,29400.00,04-Aug-2026,1,INE0N5H01017
JKCEMENT,EQ,5598,5598,5480,5492.5,5500,5563.5,29085,160603022.00,04-Aug-2026,10315,INE823G01014
JKLAKSHMI,EQ,573.85,573.95,565.45,570.55,570.95,568.65,68462,39048206.60,04-Aug-2026,4523,INE786A01032
JKPAPER,EQ,388,390,380.4,382.75,382.05,385.75,302889,116137521.65,04-Aug-2026,9864,INE789E01012
JKTYRE,EQ,413.45,413.45,404.4,410.4,410,410.3,966612,395231167.10,04-Aug-2026,16932,INE573A01042
JKIL,EQ,487,494.1,485.6,493.15,493,485.2,37955,18655318.45,04-Aug-2026,1218,INE576I01022
JMFINANCIL,EQ,122.3,127.48,121.78,123.58,123.45,120.89,12541393,1569551578.30,04-Aug-2026,78752,INE780C01023
JNKINDIA,EQ,407,435,405.1,429.3,423.1,410.85,437487,185145765.35,04-Aug-2026,11118,INE0OAF01028
JOCIL,BE,156,156,146,146.23,146,150.87,14980,2232293.77,04-Aug-2026,74,INE839G01010
COCKERILL,EQ,8975,9129,8825,8989,8825,8987.5,3626,32729361.50,04-Aug-2026,1152,INE515A01019
JSWCEMENT,EQ,133.99,134.29,131.5,131.91,131.9,132.9,916515,121244251.19,04-Aug-2026,13702,INE718I01012
JSWDULUX,EQ,3005.5,3078,2952,2992.6,2971.5,3015.5,19335,58257283.90,04-Aug-2026,4829,INE133A01011
JSWENERGY,EQ,569,571,565.05,568,568,569,1555497,883690459.10,04-Aug-2026,44482,INE121E01018
JSWHL,EQ,12055,12435,11960,12175,12016,12016,6581,80410840.00,04-Aug-2026,3049,INE824G01012
JSWINFRA,EQ,330,336.6,326.35,329.25,330,329,3135043,1040959224.75,04-Aug-2026,35513,INE880J01026
JSWSTEEL,EQ,1280.5,1300,1275.9,1300,1300,1292.3,1475041,1898644538.10,04-Aug-2026,32691,INE019A01038
JTEKTINDIA,EQ,142.43,143.2,139.7,140.77,140,141.74,154780,21823886.44,04-Aug-2026,2654,INE643A01035
JTLIND,EQ,76.07,79.45,75.6,78.86,78.35,75.73,3173275,248720027.21,04-Aug-2026,15500,INE391J01032
JUBLCPL,EQ,1839.8,1904.3,1816.1,1882.4,1894.2,1822.3,4324,8029508.30,04-Aug-2026,447,INE03CC01015
JUBLFOOD,EQ,470,472.95,461.6,465,465,470,2099849,979007956.00,04-Aug-2026,29337,INE797F01020
JUBLINGREA,EQ,760,765.9,747.45,751.35,750.45,757.45,167638,126596225.80,04-Aug-2026,12821,INE0BY001018
JUBLPHARMA,EQ,939.8,940,925,932.75,935,933.15,50913,47526315.75,04-Aug-2026,5584,INE700A01033
JMA,EQ,89,90.5,88.45,89.33,89.97,88.67,5382,480309.12,04-Aug-2026,176,INE412C01023
JUNIPER,EQ,198.5,198.5,195,195.97,196,197.75,35206,6913845.75,04-Aug-2026,885,INE696F01016
JLHL,EQ,322.75,323,311.5,321.55,320,319,230250,73342971.05,04-Aug-2026,13016,INE682M01020
JWL,EQ,266,266.25,258.95,259.85,259.95,264.95,1298200,339162186.75,04-Aug-2026,21851,INE209L01016
JUSTDIAL,EQ,711,718.9,701,703.75,706,710.65,297332,210957021.15,04-Aug-2026,7932,INE599M01018
JYOTHYLAB,EQ,206.06,206.06,200.8,201.91,201.12,206.06,506004,102490202.49,04-Aug-2026,12696,INE668F01031
JYOTICNC,EQ,861,874.75,845.4,847.9,848,858.3,647132,555911753.35,04-Aug-2026,27247,INE980O01024
JYOTIGLOBL,SM,35.9,35.9,35.9,35.9,35.9,35.9,2000,71800.00,04-Aug-2026,1,INE1M3T01017
JYOTISTRUC,EQ,11.7,11.75,11.41,11.57,11.56,11.6,4785106,55169481.77,04-Aug-2026,4601,INE197A01024
KMSUGAR,EQ,28.5,29.8,28.25,28.84,29,28.19,349280,10135267.37,04-Aug-2026,1672,INE157H01023
KPEL,EQ,317.7,324,313.05,322.8,322.8,316.25,166203,53108208.85,04-Aug-2026,4449,INE127T01021
K2INFRA,ST,53,55.65,52.4,54.85,55.65,54.45,16800,899730.00,04-Aug-2026,26,INE0DEZ01013
KABRAEXTRU,EQ,419.05,424,410,412.45,410.25,418.6,118797,49533302.55,04-Aug-2026,3735,INE900B01029
KKJEWELS,SM,100.5,104.95,100,102.35,102,104.9,20000,2046300.00,04-Aug-2026,15,INE0XOW01017
KAJARIACER,EQ,1224.4,1238.4,1189.5,1197.8,1196.5,1214.7,318749,384487690.30,04-Aug-2026,20814,INE217B01036
KAKATCEM,BE,120,121.5,114.5,117.65,118,119.87,2862,339018.32,04-Aug-2026,47,INE437B01014
KALPATARU,EQ,293,295,283.15,285.15,283.5,300.7,170060,48717430.70,04-Aug-2026,4623,INE227J01012
KPIL,EQ,1279.1,1296.2,1274.2,1279.7,1275,1283.5,55887,71694150.10,04-Aug-2026,9466,INE220B01022
KALYANKJIL,EQ,610,610.8,586.55,591.4,591.4,608,28511014,17046234270.90,04-Aug-2026,226207,INE303R01014
KALYANIFRG,EQ,602.55,619.9,590,609.65,610,599.6,1644,993065.70,04-Aug-2026,94,INE314G01014
KICL,EQ,5519,5537,5427,5450.5,5438.5,5522,707,3871441.00,04-Aug-2026,167,INE029L01018
KSL,EQ,886.5,892,870,870.9,870,886.5,19900,17441467.20,04-Aug-2026,1778,INE907A01026
KAMAHOLD,EQ,2532.9,2544,2500,2522.6,2544,2516.4,2372,5980000.20,04-Aug-2026,284,INE411F01010
KAMATHOTEL,EQ,170.3,174,170.3,172.8,174,170.15,27688,4762463.53,04-Aug-2026,1164,INE967C01018
KAMDHENU,BE,34,34.8,33.8,34.55,34.21,34.55,385016,13255902.68,04-Aug-2026,897,INE390H01020
KAMOPAINTS,EQ,4.63,4.65,4.53,4.56,4.54,4.56,209657,957782.20,04-Aug-2026,499,INE0BTI01037
KANANIIND,EQ,1.49,1.54,1.49,1.51,1.51,1.5,103594,157247.89,04-Aug-2026,263,INE879E01037
KANCHI,BE,366,372.2,357,357.6,363.95,364.6,589,214754.45,04-Aug-2026,35,INE081G01019
KANDARP,SM,93,103,93,102,102,98.45,28000,2808450.00,04-Aug-2026,24,INE0MOT01016
KANORICHEM,BE,139,148.13,139,142.43,146,142.97,20789,2930300.11,04-Aug-2026,178,INE138C01024
KANPRPLA,EQ,211.01,219.65,208.99,211.35,213.39,211.01,13844,2954138.52,04-Aug-2026,631,INE694E01014
KANSAINER,EQ,208.55,212.41,198,198.92,198.81,204.18,1052958,212558112.58,04-Aug-2026,23237,INE531A01024
KAPSTON,EQ,539.9,539.9,512,533.75,532,525.9,126892,66985189.65,04-Aug-2026,6481,INE542Z01028
KARMAENG,EQ,38.78,39.38,37.57,38.13,38.34,38.5,3272,124751.34,04-Aug-2026,113,INE725L01011
KTKBANK,EQ,290.1,297.5,286.6,296.05,296,289.45,3234907,948724343.10,04-Aug-2026,57624,INE614B01018
KARNIKA,SM,120.5,120.9,115,116.3,115,119.2,28000,3284800.00,04-Aug-2026,28,INE0MGA01012
KARURVYSYA,EQ,349.5,349.7,340.8,341.45,341.55,348.1,1754151,605036331.70,04-Aug-2026,32964,INE036D01028
KATARIA,SM,99.8,100.45,99.8,100.45,100.45,99.8,1200,120150.00,04-Aug-2026,2,INE0SVY01018
KAUSHALYA,BE,918.95,918.95,898.2,915,915,924.55,173,157074.35,04-Aug-2026,19,INE234I01028
KLL,SM,28,28.95,22.6,22.6,22.6,28.25,219200,5134160.00,04-Aug-2026,208,INE0Q2V01012
KSCL,EQ,777.95,789.25,773.55,779.7,784.4,780.5,66986,52337808.50,04-Aug-2026,4671,INE455I01029
KAVDEFENCE,EQ,57.87,58.9,57,57.18,57.02,58.52,66437,3821921.99,04-Aug-2026,1422,INE641C01019
KCEIL,SM,88.7,88.7,85,86.85,87.2,88.7,11500,994875.00,04-Aug-2026,23,INE0RCG01017
KAYA,EQ,270.9,274.7,260.5,262.5,264.8,278.45,23538,6245385.55,04-Aug-2026,765,INE587G01015
KAYNES,EQ,3805,3880,3795,3875,3875,3805,916015,3516099732.90,04-Aug-2026,50175,INE918Z01012
KAYTEX,SM,57.65,58.5,57.65,58.4,58.4,57.9,6400,371280.00,04-Aug-2026,8,INE13ZD01013
KCK,SM,18.85,18.85,17.85,18.25,17.95,18.35,787500,14287500.00,04-Aug-2026,196,INE0J1E01027
KCP,EQ,152,156.6,151.28,153.32,153,152.97,190035,29144844.85,04-Aug-2026,3768,INE805C01028
KCPSUGIND,EQ,32.75,33.7,30.99,31.37,31.55,32.59,672199,21704406.41,04-Aug-2026,2533,INE790B01024
KDDL,EQ,3526,3750.8,3480.5,3652.8,3665,3463.2,158177,576406855.60,04-Aug-2026,20193,INE291D01011
KEC,EQ,485,487.8,473,474.1,474.5,478.75,1374074,656616206.20,04-Aug-2026,24367,INE389H01022
KEI,EQ,5201,5510,5201,5500,5500,5023.3,3728753,20024512433.90,04-Aug-2026,226558,INE878B01027
KELLTONTEC,EQ,14.3,14.4,14.14,14.23,14.16,14.27,1140755,16268057.19,04-Aug-2026,3067,INE164B01030
KEN,SM,38,38.05,36.55,36.8,36.55,38,10800,407640.00,04-Aug-2026,8,INE15DO01012
KENNAMET,EQ,2968,3038,2912,3000.7,3000,2907.5,19806,59154592.00,04-Aug-2026,3386,INE717A01029
KERNEX,EQ,2296.1,2440,2286.1,2419.1,2439,2278,245332,581552448.20,04-Aug-2026,15304,INE202H01019
KESORAMIND,BE,13.6,13.75,12.5,13.53,13.68,13.14,2227206,29445873.49,04-Aug-2026,1886,INE087A01019
KKCL,EQ,508.1,549,507.95,534.55,538,509.95,368224,197836137.40,04-Aug-2026,14424,INE401H01017
KEYFINSERV,EQ,253.2,266.95,248.3,261.45,258,253.2,4039,1044156.35,04-Aug-2026,116,INE681C01015
RUSTOMJEE,EQ,399,433.2,393.6,411.8,416,396.8,7049110,2962895502.40,04-Aug-2026,108853,INE263M01029
KFINTECH,EQ,949,961.25,937.05,948.95,948.95,945,790186,749841307.20,04-Aug-2026,21737,INE138Y01010
KHADIM,BE,97.29,99.7,95.31,98,98,96.79,12961,1258713.73,04-Aug-2026,170,INE834I01025
KHAITANLTD,EQ,158,162,145,146.18,145,155.39,54350,8401483.73,04-Aug-2026,1066,INE731C01018
KHAICHEM,EQ,49.75,49.99,49.05,49.39,49.35,49.35,104777,5202867.75,04-Aug-2026,538,INE745B01028
KHANDSE,EQ,17.44,17.9,16.51,17.54,17.89,17.52,220,3858.81,04-Aug-2026,33,INE060B01014
KLBRENG-B,EQ,426.95,427.95,417,419.65,420.8,421.6,58742,24649018.60,04-Aug-2026,3052,INE338F01015
KILITCH,BE,190,194.99,189,190.32,189,190.86,18145,3481307.72,04-Aug-2026,182,INE729D01010
KINGFA,EQ,5251,5273,5141.5,5174.5,5169,5185.5,3170,16509513.00,04-Aug-2026,1311,INE473D01015
KIOCL,EQ,395.95,397.6,384,391.3,391.5,394.9,275222,107452256.20,04-Aug-2026,9169,INE880L01014
KIRANVYPAR,EQ,198.8,203.9,194.2,197.73,197.2,202.99,4269,861471.72,04-Aug-2026,81,INE555P01013
KIRIINDUS,EQ,428.45,428.45,415.5,418.75,418,425.6,119506,50120803.10,04-Aug-2026,3013,INE415I01015
KIRLOSBROS,EQ,1872.1,1907.9,1838.2,1891.7,1890.1,1859.7,96905,181945865.00,04-Aug-2026,9888,INE732A01036
KECL,EQ,133,139.47,130,136.56,136.25,135.26,187047,25578374.50,04-Aug-2026,3462,INE134B01017
KIRLFER,EQ,470.3,475,463,464.15,463.1,475.05,38264,17918680.25,04-Aug-2026,1930,INE884B01025
KIRLOSIND,EQ,3974,3999,3910,3945.4,3920,3952.6,2813,11147411.70,04-Aug-2026,826,INE250A01039
KIRLOSENG,EQ,2223,2286,2223,2273.9,2240,2225.2,489300,1106768568.30,04-Aug-2026,45954,INE146L01010
KIRLPNU,EQ,1475,1497.5,1445,1449.1,1445.5,1463.3,141874,207995662.10,04-Aug-2026,19126,INE811A01020
KITEX,EQ,145.76,149,145,146.48,145,146.34,284169,41594325.72,04-Aug-2026,3234,INE602G01020
KNAGRI,EQ,209,210,207.02,207.93,207.02,207.06,2190,457606.73,04-Aug-2026,93,INE0KNW01016
KNACK,EQ,198.79,203.85,197.51,198.7,199.25,197.28,1098988,220330377.40,04-Aug-2026,12594,INE17QZ01016
KMEW,EQ,2494.9,2550,2415.6,2532.2,2501,2493.5,100767,249835989.20,04-Aug-2026,12904,INE0CJD01029
KRT,RR,118.49,118.49,117.3,117.49,117.6,117.64,373178,43958547.95,04-Aug-2026,10205,INE1JAR25012
KNRCON,EQ,126.53,129.5,125,128.23,128.1,126.53,1034481,132500881.88,04-Aug-2026,10388,INE634I01029
KODYTECH,SM,1433.1,1460.5,1357.1,1377.35,1384,1441.7,20000,27989440.00,04-Aug-2026,177,INE0Q7P01013
KOHINOOR,EQ,23.1,23.91,22.92,23.5,23.27,23.25,56343,1314405.38,04-Aug-2026,1456,INE080B01012
KOKUYOCMLN,EQ,86,86.69,83.8,85.15,84.35,85.93,47892,4101330.34,04-Aug-2026,747,INE760A01029
KOLTEPATIL,EQ,388,399.85,380.05,398,398.3,391.4,81690,32196905.25,04-Aug-2026,2888,INE094I01018
KONSTELEC,ST,65.9,65.9,61.7,63,63,62.8,50000,3150000.00,04-Aug-2026,19,INE0QEI01011
KOPRAN,BE,190.27,194,186,189.06,191.9,190.27,73742,13949826.75,04-Aug-2026,796,INE082A01010
KDL,SM,106,107.8,105,106.5,107,106.25,10500,1116982.50,04-Aug-2026,49,INE0O4R01018
GOLD1,EQ,118.3,118.98,117.63,118.28,118.28,118.39,690480,81706394.96,04-Aug-2026,5684,INF174KA1HJ8
KOTAKBANK,EQ,395.5,398.25,392.1,398,398,397.5,9131231,3604043968.80,04-Aug-2026,111010,INE237A01036
NIFTY1,EQ,270.01,274,270.01,272.14,272.86,272.05,88409,24076573.64,04-Aug-2026,1522,INF174K014P6
PSUBANK,EQ,84.59,85.25,82.93,84.29,82.93,84.54,110165,9336703.63,04-Aug-2026,507,INF174KA1A86
CHEMICAL,EQ,31.45,31.74,30.32,30.53,30.61,30.69,328514,10057617.57,04-Aug-2026,1182,INF174KA1XV0
ALPHA,EQ,52.24,53,52.23,52.64,52.7,52.24,1527601,80687068.46,04-Aug-2026,3028,INF174KA1IA5
CONS,EQ,12.7,12.7,12.5,12.53,12.6,12.47,29234,367080.20,04-Aug-2026,126,INF174KA1ZF8
IT,EQ,34.56,35.55,34.24,34.71,34.67,34.95,494597,17214069.63,04-Aug-2026,1254,INF174KA1GC5
LIQUID1,EQ,1116.58,1116.6,1116.58,1116.59,1116.6,1116.43,804516,898315923.76,04-Aug-2026,880,INF174KA1LV5
LOWVOL1,EQ,21.86,21.86,21.21,21.46,21.65,21.86,262217,5684865.86,04-Aug-2026,322,INF174KA1IY5
MIDCAP,EQ,18.61,19,18.52,18.57,18.62,18.61,556408,10351008.80,04-Aug-2026,973,INF174KA1ZC5
MNC,EQ,34.35,34.71,34.2,34.38,34.4,34.35,106624,3680089.11,04-Aug-2026,506,INF174KA1JF2
SILVER1,EQ,21.47,21.47,20.92,21.01,21.02,20.95,3270531,68749334.76,04-Aug-2026,3360,INF174KA1ZD3
NV20,EQ,14.55,14.55,14.14,14.19,14.2,14.26,45969,653418.76,04-Aug-2026,203,INF174KA1ZE1
MID150,EQ,23.82,23.85,23.32,23.64,23.65,23.71,82670,1964553.41,04-Aug-2026,206,INF174KA1VW2
MOMENTUM30,EQ,30.6,31.05,30.6,30.85,31.03,30.6,64698,1984924.92,04-Aug-2026,101,INF174KA1XS6
MSCIINDIA,EQ,30.41,30.56,30.25,30.25,30.26,30.5,131732,3994564.17,04-Aug-2026,118,INF174KA1VD2
NEXT50ETF,EQ,76.5,76.5,74.7,75.01,75.43,74.87,23940,1794628.32,04-Aug-2026,89,INF174KA1YO3
NIFTY100EW,EQ,35.79,36.06,35.73,35.79,35.85,35.79,357873,12866279.30,04-Aug-2026,250,INF174KA1UW4
PVTBANK,EQ,27.84,28.03,27.72,28,28,27.86,10542,293638.42,04-Aug-2026,13,INF174KA1A94
QUALITY30,EQ,21.22,21.29,21.08,21.21,21.21,21.22,6013,127314.15,04-Aug-2026,32,INF174KA1WT6
BANKNIFTY1,EQ,60.51,60.51,59.62,59.69,59.63,59.87,233887,14001877.64,04-Aug-2026,764,INF174KA1ZB7
KOTIC,EQ,158,159.86,156,157.16,157.89,155.65,4471,701729.25,04-Aug-2026,294,INE972A01020
KOTHARIPET,EQ,147.99,147.99,143.47,144.29,144.14,147.14,71177,10299446.08,04-Aug-2026,1524,INE720A01015
KOTHARIPRO,EQ,68.66,69.59,66,67.14,67.75,68.66,10671,721374.49,04-Aug-2026,185,INE823A01017
KOTARISUG,EQ,26,27,25.5,26.34,26.15,26.13,107612,2842469.15,04-Aug-2026,434,INE419A01022
KOTYARK,BE,36.63,36.63,36.63,36.63,36.63,34.89,51952,1903001.76,04-Aug-2026,120,INE0J0B01017
KOVAI,EQ,5885,5919.5,5811.5,5862,5850,5832.5,2299,13488370.50,04-Aug-2026,712,INE177F01017
KPIGREEN,EQ,380,388.6,376.4,382.2,381.85,380.85,648810,248404187.20,04-Aug-2026,16510,INE542W01025
KPITTECH,EQ,624,629.3,617.9,625.6,625.6,619.25,2143138,1337586627.55,04-Aug-2026,34315,INE04I401011
KPRMILL,EQ,1065,1078.9,1054,1057.3,1057,1063.7,106206,113022873.70,04-Aug-2026,9805,INE930H01031
KRBL,EQ,379.3,380.05,367.4,368.6,368.25,373.7,288974,107417888.80,04-Aug-2026,8240,INE001B01026
KREBSBIO,EQ,56.9,56.9,54.21,54.29,54.3,55.79,1995,109205.69,04-Aug-2026,49,INE268B01013
KRIDHANINF,BE,2.35,2.37,2.29,2.3,2.3,2.3,39760,92262.13,04-Aug-2026,66,INE524L01026
KRISHANA,EQ,179.8,183,177.5,181.28,181.5,180.38,482147,87299554.56,04-Aug-2026,8336,INE506W01020
KRISHCA,SM,160.3,163.5,160.3,161,161,159.55,11000,1779075.00,04-Aug-2026,17,INE0NR701018
KRISHIVAL,EQ,390,393.55,387.5,388.55,388,389.35,2709,1054042.15,04-Aug-2026,175,INE0GGO01015
KRISHNADEF,EQ,1220,1244.5,1196.5,1201.6,1199.9,1218.3,108173,131277736.30,04-Aug-2026,7101,INE0J5601015
KIMS,EQ,801.35,822.9,785.1,795.9,796,820.6,1148795,919463843.65,04-Aug-2026,36973,INE967H01025
KRITI,BE,68.6,71,68.6,70.2,70.5,69.6,7791,541394.12,04-Aug-2026,22,INE479D01038
KRITINUT,EQ,74.49,81.05,73,81.05,81.05,73.69,50779,3827806.18,04-Aug-2026,313,INE798K01010
KRITIKA,EQ,6.01,6.06,5.91,5.93,5.98,6.01,110269,662304.39,04-Aug-2026,446,INE00Z501029
KRMAYURVED,ST,301.45,303,293,293,293,288.6,76000,22883800.00,04-Aug-2026,62,INE1MTV01019
KRN,BE,1195,1230,1191.1,1196.6,1194,1212.1,51234,61851006.70,04-Aug-2026,4757,INE0Q3J01015
KRONOX,EQ,153.8,163.5,153.59,161.83,161.6,153.81,592131,94980512.92,04-Aug-2026,10941,INE0ATZ01017
KROSS,EQ,204.29,209.9,203,207.48,207.5,203.39,373928,77157939.74,04-Aug-2026,7655,INE0O6601022
KRSNAA,EQ,546.8,568.55,539,562.15,555,540.8,142182,79427335.20,04-Aug-2026,6468,INE08LI01020
KRYSTAL,EQ,607,608.5,600,600.55,600,602.2,8776,5288655.60,04-Aug-2026,505,INE0QN801017
KSB,EQ,856,891.95,844,856.95,855,857.75,492209,429220736.85,04-Aug-2026,28864,INE999A01023
KSHINTL,EQ,880.6,914.45,867.55,910.25,912,878.2,190327,170269700.80,04-Aug-2026,12421,INE987S01020
KSHITIJPOL,BE,3,3,2.95,2.96,2.97,2.97,880264,2611045.72,04-Aug-2026,965,INE013801027
KSOLVES,EQ,280.65,285,278.85,283.05,282.55,282.8,21605,6104341.30,04-Aug-2026,1061,INE0D6I01023
KSR,EQ,30.9,30.9,29,29.03,29.67,29.67,5195,151558.34,04-Aug-2026,55,INE1SPP01016
KUANTUM,EQ,79.5,81.37,78.81,79.4,79.67,79.35,140649,11247117.56,04-Aug-2026,2000,INE529I01021
KEL,SM,79.55,86.55,79.55,85.85,85.85,84.45,7200,605520.00,04-Aug-2026,6,INE0OWX01025
KUSUMGAR,EQ,620.6,643.8,600.05,622.05,620.6,615.8,1809484,1130077983.20,04-Aug-2026,42610,INE0ISX01025
KPL,EQ,2525,2598,2512.5,2587,2594,2562,11878,30417292.70,04-Aug-2026,2088,INE552U01010
KWIL,EQ,33.25,33.32,32.5,32.69,32.89,33.16,4454112,146387414.23,04-Aug-2026,10805,INE2KCE01013
LTF,EQ,320.05,321.95,315.65,317.9,317.9,318,5387646,1715719364.80,04-Aug-2026,52203,INE498L01015
LTTS,EQ,3563.8,3563.8,3465.3,3502,3500.3,3564.8,115842,406735911.90,04-Aug-2026,10025,INE010V01017
LAOPALA,EQ,187.7,191.4,187,190.31,190.6,187.81,119245,22574969.50,04-Aug-2026,2245,INE059D01020
LAGNAM,EQ,87,89.89,85.1,86.15,87.7,88.44,12591,1099867.04,04-Aug-2026,201,INE548Z01017
LAHOTIOV,EQ,41.99,42.43,40.65,41.7,41.7,41.49,3640,151521.24,04-Aug-2026,30,INE515C01023
LFIC,EQ,141.05,143,137,142.68,142.99,141.06,3918,547648.55,04-Aug-2026,128,INE850E01012
LAKPRE,BZ,4.9,5,4.9,5,5,4.81,608,3029.70,04-Aug-2026,8,INE651C01018
LAKSHYA,SM,86,88.25,86,87.6,87.6,90,10400,905920.00,04-Aug-2026,12,INE0VZS01015
LAMBODHARA,EQ,113.43,114.5,111.45,113.28,112.5,111.3,2083,236283.83,04-Aug-2026,64,INE112F01022
LAMOSAIC,ST,50.75,52.5,50.7,52.4,52.45,52.5,60600,3170760.00,04-Aug-2026,45,INE0R0201012
LANCORHOL,EQ,26.68,26.68,26.01,26.34,26.36,26.54,51644,1359184.47,04-Aug-2026,363,INE572G01025
LANDMARK,EQ,545,548.45,535.6,543.5,545,542.9,135357,73453407.50,04-Aug-2026,6335,INE559R01029
LPDC,EQ,6.14,6.35,6.14,6.32,6.3,6.3,20650,130424.68,04-Aug-2026,114,INE197J01017
LANDSMILL,EQ,0.81,0.82,0.79,0.8,0.8,0.8,2335453,1870900.39,04-Aug-2026,837,INE688J01023
LT,EQ,4007.2,4042.4,3988.2,3990,3990,4025,1827982,7345163030.50,04-Aug-2026,99895,INE018A01030
LASA,EQ,7.2,7.2,6.84,7.11,7.19,6.93,22598,159436.19,04-Aug-2026,100,INE670X01014
LASERPOWER,EQ,295.8,299.5,285.95,287.45,287,295.1,1352390,393438333.05,04-Aug-2026,15039,INE17IR01028
LATENTVIEW,EQ,299.1,300.3,295.8,298.05,300,297.85,585801,174420325.70,04-Aug-2026,9084,INE0I7C01011
LATTEYS,BE,19.6,20.29,19.6,19.78,19.66,19.86,19925,396141.35,04-Aug-2026,114,INE262Z01023
LAURUSLABS,EQ,1811,1850,1806.1,1850,1850,1811.4,1405192,2570406741.00,04-Aug-2026,48075,INE947Q01028
LAXMICOT,EQ,14.51,14.95,14.11,14.26,14.48,14.63,10469,150353.32,04-Aug-2026,114,INE801V01019
LAXMIDENTL,EQ,219.67,221.97,217,218.23,217.25,218.13,108321,23746687.02,04-Aug-2026,2611,INE0WO601020
LGHL,EQ,206.36,206.36,200.2,201.82,205,201.31,17019,3472530.60,04-Aug-2026,190,INE258Y01016
LAXMIINDIA,BE,131,137.5,124.5,136.02,136.5,131.05,144286,19244896.52,04-Aug-2026,663,INE06WU01026
LXCHEM,EQ,180.5,186.99,179.97,184.29,184.8,180.46,1917493,353399577.89,04-Aug-2026,18690,INE576O01020
LCCINFOTEC,EQ,4.3,4.3,4.06,4.19,4.2,4.14,20668,87042.32,04-Aug-2026,64,INE938A01021
LEMERITE,EQ,23.89,24,22.26,23.12,23.19,23.26,416735,9701124.17,04-Aug-2026,833,INE0G1L01025
IXIGO,EQ,200,200,195.27,196.15,196.02,199.6,201274,39732256.38,04-Aug-2026,5139,INE0HV901016
THELEELA,EQ,500,508.95,491.4,500.1,500,501.8,573188,286205263.00,04-Aug-2026,21760,INE0AQ201015
LEMONTREE,EQ,114.03,114.39,112.5,113.29,113.16,114.03,2489083,282408099.40,04-Aug-2026,32219,INE970X01018
LENSKART,EQ,566.15,572.85,565.6,567.5,568,568.35,2501779,1421576027.60,04-Aug-2026,61386,INE956O01016
LEXUS,EQ,14.5,15.12,14.5,14.88,14.91,14.64,5314,78626.52,04-Aug-2026,84,INE500X01013
LGBBROSLTD,EQ,1544.9,1548.8,1504,1519.8,1520,1532.4,36838,56111969.10,04-Aug-2026,4585,INE337A01034
LGEINDIA,EQ,1569.8,1580,1539,1542.5,1543.7,1569.8,147961,230977247.20,04-Aug-2026,10690,INE324D01010
LIBAS,EQ,10.1,10.1,9.62,9.9,9.94,10.09,27482,269731.32,04-Aug-2026,206,INE908V01012
LIBERTSHOE,EQ,264.75,265,259.45,260.9,260.15,261.9,17597,4606329.65,04-Aug-2026,809,INE557B01019
LICHSGFIN,EQ,516.95,518.6,509.35,512,512,519,1388121,712799858.20,04-Aug-2026,25461,INE115A01026
LICMFGOLD,EQ,128.2,128.55,127.6,127.95,127.65,127.8,240966,30898995.65,04-Aug-2026,381,INF767K01SM1
LICNETFN50,EQ,276.27,276.77,275.09,275.44,275.44,275.94,1172,322849.81,04-Aug-2026,26,INF767K01OS7
LICNETFSEN,EQ,888.5,891.33,867.17,888,888,888.5,518,460509.94,04-Aug-2026,12,INF767K01OT5
LICNFNHGP,EQ,282.45,282.67,279.99,281.47,281.5,282.62,367,103375.51,04-Aug-2026,13,INF767K01PC8
LICNETFGSC,EQ,29.65,29.65,29.22,29.44,29.41,29.43,46708,1374782.13,04-Aug-2026,95,INF767K01MV5
LICNMID100,EQ,63.8,64.65,63.35,63.6,63.59,63.8,8394,540767.22,04-Aug-2026,73,INF767K01RN1
LICI,EQ,392,402.4,388.8,391.3,391.3,428.5,52718651,20813586136.85,04-Aug-2026,336834,INE0J1Y01017
LIKHITHA,EQ,220.2,228.05,220.2,221.97,222,226.1,28451,6344448.40,04-Aug-2026,828,INE060901027
LINC,EQ,101.7,104.02,100.5,101.68,101.56,101.64,14615,1494042.30,04-Aug-2026,483,INE802B01027
LINCOLN,EQ,580,600.45,572,593.3,586,580.75,43978,25618648.30,04-Aug-2026,2492,INE405C01035
LINDEINDIA,EQ,6975,7319.5,6970,7156.5,7151.5,6980.5,68811,494587811.50,04-Aug-2026,15152,INE473A01011
LLOYDSENGG,EQ,92.25,93.99,90.55,92.72,92.6,91.84,15573787,1438946916.53,04-Aug-2026,49047,INE093R01011
LLOYDSENT,EQ,81.44,82.94,80.3,81.15,81.17,81.57,2988870,243319213.87,04-Aug-2026,11246,INE080I01025
LLOYDS,ST,71,71,71,71,71,68.5,1000,71000.00,04-Aug-2026,1,INE0DTQ01028
LLOYDSME,EQ,2042.1,2070.5,2037.3,2053,2054.2,2050.6,361959,745228014.00,04-Aug-2026,19791,INE281B01032
LMW,EQ,16195,16259,15987,16064,16075,16182,2003,32200227.00,04-Aug-2026,1078,INE269B01029
LODHA,EQ,1243,1260.9,1229.8,1229.8,1229.8,1239.8,912671,1135917932.80,04-Aug-2026,27299,INE670K01029
LCL,EQ,518,527.45,509.05,519.2,516.2,525.7,1119100,580503535.95,04-Aug-2026,22258,INE0QJW01029
LOKESHMACH,BE,333,333,328.4,331.5,331.5,335.1,7645,2521452.70,04-Aug-2026,72,INE397H01017
LORDSCHLO,EQ,147,150,146.38,147.53,147,147.86,9697,1438768.59,04-Aug-2026,334,INE846D01012
LAL,EQ,8.01,8.94,8,8.42,8.22,8.13,1781469,14600123.54,04-Aug-2026,569,INE740X01023
LOTUSEYE,EQ,117.61,119.1,116,116.56,116,117.46,5615,658044.57,04-Aug-2026,215,INE947I01017
LOVABLE,EQ,74.72,74.8,72.1,73.31,73.05,73.93,5345,392891.41,04-Aug-2026,159,INE597L01014
LOYALTEX,EQ,219.32,219.32,205.05,208.99,211.99,200.05,588,124045.88,04-Aug-2026,38,INE970D01010
LTFOODS,EQ,415,427.7,413.75,417.4,417,415.3,723566,305100541.70,04-Aug-2026,23796,INE818H01020
LTM,EQ,4690,4694.8,4550.6,4559,4559,4690,316156,1453388983.20,04-Aug-2026,31720,INE214T01019
LUMAXTECH,EQ,1626.3,1645.7,1590.5,1634.3,1635.9,1625.7,142707,232278458.70,04-Aug-2026,17092,INE872H01027
LUMAXIND,EQ,5828,5839,5680.5,5704.5,5700,5772.5,16489,94324216.00,04-Aug-2026,4358,INE162B01018
LUPIN,EQ,2394,2410,2377.1,2410,2410,2393,1169093,2794856419.40,04-Aug-2026,89726,INE326A01037
LUXIND,EQ,1266,1309.7,1259,1267.9,1267.5,1260,47511,60999371.30,04-Aug-2026,3501,INE150G01020
LYKALABS,BE,63.84,67.03,63,66.66,67.03,63.84,20764,1378973.83,04-Aug-2026,156,INE933A01014
MBEL,EQ,294.9,299.8,292.5,295.75,295,294.7,86778,25687884.45,04-Aug-2026,3896,INE08N601015
MKPL,EQ,4.28,4.29,4.15,4.18,4.19,4.25,135729,570352.08,04-Aug-2026,420,INE964W01021
MCL,EQ,57.57,57.57,55,55.25,55.3,56.17,43596,2430850.41,04-Aug-2026,1016,INE813V01022
M&MFIN,EQ,399.65,403.95,392.8,398.6,396,405.5,3039050,1213740420.45,04-Aug-2026,45528,INE774D01024
MVKAGRO,SM,287.2,290,282.3,282.3,282.3,297.15,55200,15729225.00,04-Aug-2026,78,INE0SGC01015
MAANALU,EQ,126,132.16,126,127.09,127.6,126.78,120211,15508176.75,04-Aug-2026,1962,INE215I01027
MCCHRLS-B,EQ,698.95,698.95,679.95,680,680,690,390,265236.80,04-Aug-2026,23,INE435D01014
MACOBSTECH,SM,220.5,220.55,205,210.1,210.1,220.3,109600,23674920.00,04-Aug-2026,30,INE0R0J01010
MACPOWER,EQ,1457.8,1540,1450.4,1530.3,1516.2,1457.8,62517,94775767.90,04-Aug-2026,7291,INE155Z01011
MADHAVIPL,EQ,7.94,7.99,7.76,7.89,7.99,7.85,64792,510376.54,04-Aug-2026,361,INE631R01026
MADHAV,EQ,35.01,35.01,33.3,33.59,34.35,34.22,1172,39920.98,04-Aug-2026,122,INE925C01016
MADHUCON,BE,5.28,5.28,5.05,5.12,5.12,5.28,16007,82312.86,04-Aug-2026,34,INE378D01032
MADHUSUDAN,ST,231,231,229.3,230.15,231,234,7000,1610900.00,04-Aug-2026,7,INE0P6701019
MBAPL,EQ,160.99,161.2,157,158.62,158.64,160.01,424599,67483403.59,04-Aug-2026,8955,INE900L01028
MADRASFERT,EQ,67.45,67.63,66.31,66.87,66.56,66.76,43782,2929472.43,04-Aug-2026,581,INE414A01015
MAFATIND,EQ,134.87,135.98,128.5,132.01,131.12,134.61,32953,4405966.29,04-Aug-2026,769,INE270B01035
MAGADSUGAR,EQ,540.1,578,531.2,548.75,543,534.95,418222,233352569.90,04-Aug-2026,22875,INE347W01011
MCLOUD,EQ,29.19,29.19,28.6,28.76,28.7,29.23,1664375,48008836.07,04-Aug-2026,4006,INE613C01026
MAGNUM,EQ,20.45,20.45,19.35,19.94,20,19.99,19820,393643.43,04-Aug-2026,109,INE387I01016
MAHAPEXLTD,EQ,45.65,46.09,44.44,45.41,45.6,45.55,4166,188687.73,04-Aug-2026,84,INE843B01013
MFML,EQ,19.44,20.88,18.91,19.62,20.49,19.84,7526,146804.12,04-Aug-2026,104,INE0US801024
MHLXMIRU,EQ,148.33,155.74,146.81,155.71,155.73,148.33,22860,3520439.10,04-Aug-2026,394,INE112D01035
MAHASTEEL,EQ,1048,1103.7,1009,1074.9,1074.9,1027.1,77900,84093175.20,04-Aug-2026,3847,INE451L01014
MGL,EQ,1119.9,1129,1109,1111.6,1115,1115.7,161168,180001249.30,04-Aug-2026,13570,INE002S01010
MTNL,EQ,28.11,28.13,27.67,27.81,27.76,28.11,419957,11691774.45,04-Aug-2026,2198,INE153A01019
MAHSCOOTER,EQ,14000,14125,13530,13833,13936,13937,8723,121640818.00,04-Aug-2026,3879,INE288A01013
MAHSEAMLES,EQ,573.7,582.5,571.05,579.1,578,573.7,70989,40942614.95,04-Aug-2026,5237,INE271B01025
MAHESHWARI,BE,71.52,73.5,71.52,73,73,73,13067,953903.04,04-Aug-2026,39,INE263W01010
MAHICKRA,SM,263.5,263.5,263.5,263.5,263.5,260,750,197625.00,04-Aug-2026,1,INE961Y01015
M&M,EQ,3401,3434.1,3384.6,3433,3433,3428.6,2450782,8364853532.30,04-Aug-2026,109107,INE101A01026
MAHEPC,EQ,106.8,107.91,106.38,107.68,107.76,107.76,9377,1006258.39,04-Aug-2026,303,INE215D01010
MHRIL,EQ,219.89,229.9,217,227.98,226.1,218.96,283956,63934980.54,04-Aug-2026,5462,INE998I01010
MAHLIFE,EQ,401,401.4,394.65,397.55,397,398.25,131736,52463436.05,04-Aug-2026,6710,INE813A01018
MAHLOG,EQ,417,422.3,412.15,421,421.05,416.3,167066,69872132.90,04-Aug-2026,6057,INE766P01016
MAITHANALL,EQ,958,978.8,955.45,962.75,960,963.9,58516,56691655.80,04-Aug-2026,3807,INE683C01011
MAITREYA,SM,120,123.45,119,122,122,121,5200,625540.00,04-Aug-2026,12,INE0PLQ01011
MAJESAUT,EQ,485,498.8,471.25,482.45,483.8,475.3,85374,41383705.10,04-Aug-2026,4377,INE201B01022
MALLCOM,EQ,993.95,995,984.85,992.7,994,975.85,1705,1689730.95,04-Aug-2026,137,INE389C01015
MALUPAPER,EQ,33.27,34.5,32.8,33.45,33.05,33.15,19625,661881.99,04-Aug-2026,179,INE383H01017
MAMATA,EQ,402.15,417.9,401.05,414.4,413.9,403.15,142140,58718226.60,04-Aug-2026,3986,INE0TO701015
MANAKCOAT,EQ,119.89,121.23,118,119.42,118,120.08,242862,29097682.05,04-Aug-2026,2933,INE830Q01018
MANINDS,EQ,548.6,555,534.05,542.7,543.6,548.6,208672,113265243.35,04-Aug-2026,6618,INE993A01026
MANINFRA,EQ,99.24,113.2,99.11,111.61,112,99.82,9068086,985140997.14,04-Aug-2026,42366,INE949H01023
MANAKALUCO,EQ,34.56,35.26,34.56,35.12,34.93,34.5,21715,759066.96,04-Aug-2026,407,INE859Q01017
MANAKSIA,EQ,56.25,57.94,56.25,56.74,57.45,56.67,13745,780345.29,04-Aug-2026,173,INE015D01022
MANAKSTEEL,EQ,75.99,80.86,72.74,79.26,79.9,75.21,61418,4707553.83,04-Aug-2026,631,INE824Q01011
MANALIPETC,EQ,67.25,68,66.1,66.57,66.4,66.64,353389,23736848.74,04-Aug-2026,2964,INE201A01024
MANAPPURAM,EQ,365,366.7,352,356.6,356.6,365,8392284,3003652781.65,04-Aug-2026,156908,INE522D01027
MPEL,ST,37.45,37.45,35,35,35,36.5,6400,229600.00,04-Aug-2026,4,INE0U4H01011
MANBA,EQ,137.5,137.99,134,134.68,134.5,137.29,160259,21665922.18,04-Aug-2026,1216,INE939X01013
MANDEEP,SM,19.1,19.1,19.05,19.05,19.05,19.15,6000,114400.00,04-Aug-2026,3,INE0R3T01013
MANCREDIT,EQ,257.5,258.5,241.15,245.15,244.14,257.36,263184,66927746.09,04-Aug-2026,2937,INE545L01039
MEIL,EQ,288,290.95,286.05,286.55,286.5,289,12976,3736347.70,04-Aug-2026,1050,INE0PKD01011
MAL,SM,33,33,33,33,33,33,1600,52800.00,04-Aug-2026,1,INE00C401011
MANGLMCEM,EQ,945.95,949.95,940.25,944.65,947,945.5,4106,3882628.20,04-Aug-2026,460,INE347A01017
MANGALAM,EQ,26.61,27.3,26.56,26.98,26.97,26.98,23901,642448.36,04-Aug-2026,156,INE584F01014
MGEL,BE,15.37,15.79,14.99,15.24,15.26,15.51,120967,1847279.50,04-Aug-2026,336,INE0APB01032
MANORG,BE,478.2,480,469.7,470.05,469.7,478.2,6582,3123511.70,04-Aug-2026,167,INE370D01013
MWL,EQ,38.45,43,37.9,42.25,42.25,37.9,11760620,492544151.63,04-Aug-2026,29217,INE0JYY01029
MANKIND,EQ,2483,2487,2438,2438,2438,2483,346444,854317345.80,04-Aug-2026,13969,INE634S01028
MVGJL,EQ,170.8,170.99,166,167.39,167.11,170.7,27924,4695703.82,04-Aug-2026,1297,INE0KNT01012
MANOMAY,EQ,215.42,217.91,210.1,213.43,210.1,213.3,100558,21569759.96,04-Aug-2026,916,INE784W01015
MANORAMA,EQ,1640,1655,1612,1617.8,1620,1633,88206,144153496.90,04-Aug-2026,9270,INE00VM01036
MANUGRAPH,BE,14.5,15.22,14.5,15.22,15.22,14.5,23854,361609.94,04-Aug-2026,30,INE867A01022
MARALOVER,BE,56.07,57.33,54.16,54.28,55.2,57.01,37390,2069549.31,04-Aug-2026,144,INE882A01013
MARATHON,EQ,399.8,401.75,389.1,391.45,395.8,402.25,53060,21029879.45,04-Aug-2026,1872,INE182D01020
MARC,SM,120.9,120.9,118,118,118,116.6,4800,573240.00,04-Aug-2026,4,INE0TD401015
MARCO,SM,30.9,31.95,30.9,31.95,31.95,30.95,6000,188550.00,04-Aug-2026,4,INE0QP001012
MARICO,EQ,880.95,881,852.15,875,875,880.95,2333652,2025191233.70,04-Aug-2026,71081,INE196A01026
MARINE,EQ,289,306,284.5,300.6,301.5,287.75,3136932,936953691.45,04-Aug-2026,37069,INE01JE01028
MARINETRAN,SM,14.8,14.8,14.8,14.8,14.8,14.1,4000,59200.00,04-Aug-2026,1,INE0P1P01017
MARKOLINES,EQ,177.28,179.54,175.75,176.17,175.75,177.28,177739,31549792.53,04-Aug-2026,1742,INE0FW001016
MARKSANS,EQ,262.3,270.25,260.8,269.1,269.25,262.25,1316602,351085726.85,04-Aug-2026,22468,INE750C01026
MARSONS,EQ,110.45,111,107.5,108.15,108.54,110.45,1923406,210094059.24,04-Aug-2026,6155,INE415B01044
MARUSHIKA,SM,100.1,100.1,100.1,100.1,100.1,99.95,4800,480480.00,04-Aug-2026,2,INE0X7G01013
MARUTI,EQ,14124,14254,14015,14168,14168,14150,619717,8759827896.00,04-Aug-2026,70909,INE585B01010
MDL,ST,61.15,61.15,61.15,61.15,61.15,64.35,3000,183450.00,04-Aug-2026,3,INE575Z01010
MASFIN,EQ,321.2,321.2,310,310.75,311.35,317.65,105196,33068333.10,04-Aug-2026,5311,INE348L01012
MASKINVEST,BE,147,147,142.01,147,147,147,85,12490.01,04-Aug-2026,6,INE885F01015
MASON,SM,124,124,120,120,120,122.5,8000,967025.00,04-Aug-2026,16,INE0SH001010
MASTEK,EQ,1893,1893,1833,1842.6,1841.3,1893.2,103225,191056353.50,04-Aug-2026,11598,INE759A01021
MASTER,SM,485,502,485,500.25,500.8,479.4,4000,1989925.00,04-Aug-2026,8,INE0OJM01017
MASTERTR,EQ,84.95,86.12,83.21,84.03,83.56,84.85,348979,29325197.42,04-Aug-2026,1281,INE677D01037
MATRIMONY,EQ,431,436.95,426.3,431.2,426.5,430.95,13563,5854334.95,04-Aug-2026,543,INE866R01028
MGSL,SM,79.5,81.85,74,74.5,75,77.75,45600,3557460.00,04-Aug-2026,35,INE132901013
MAWANASUG,BE,115.35,115.35,115.35,115.35,115.35,109.86,13949,1609017.15,04-Aug-2026,109,INE636A01039
MAXESTATES,EQ,403.35,403.45,392,392.6,392.05,400.35,47039,18572206.30,04-Aug-2026,2546,INE03EI01018
MFSL,EQ,1544,1548.5,1495.3,1519.3,1519.3,1542.5,667396,1012253481.70,04-Aug-2026,31680,INE180A01020
MAXHEALTH,EQ,1105.1,1105.1,1066.1,1077,1077,1100.4,1492388,1617310756.80,04-Aug-2026,65726,INE027H01010
MAXIND,EQ,176.85,176.85,169.08,171.8,170.5,174.64,61238,10534865.53,04-Aug-2026,1605,INE0CG601016
MAXVOLT,ST,352.4,359.95,350,350,350,348.95,21200,7538340.00,04-Aug-2026,49,INE10A501018
MAYASHEEL,SM,39.5,39.5,39.5,39.5,39.5,40,3000,118500.00,04-Aug-2026,1,INE0ZTO01018
MAYURUNIQ,EQ,785.9,807.6,772,774.45,772,783.95,50457,39414276.85,04-Aug-2026,4767,INE040D01038
MAZDOCK,EQ,2390,2412,2380.2,2389,2389,2390,459020,1098774277.90,04-Aug-2026,22145,INE249Z01020
MAZDA,BE,222.2,227,222.2,226.37,227,221.63,4944,1116995.79,04-Aug-2026,102,INE885E01042
MBLINFRA,BE,25.9,25.9,25,25.18,25.5,25.13,7419,187198.75,04-Aug-2026,52,INE912H01013
MCLEODRUSS,BE,51.95,52.5,50.7,50.97,50.8,51.95,78404,4029817.37,04-Aug-2026,271,INE942G01012
MEDIASSIST,EQ,362.2,364.75,351.55,357.7,355.1,361,152210,54439884.85,04-Aug-2026,10631,INE456Z01021
MMWL,BE,14.38,14.59,13.5,13.82,13.82,13.9,121876,1742927.54,04-Aug-2026,93,INE200D01020
MEDICAMEQ,EQ,242.46,254.2,240.08,250.83,252.45,240.02,23156,5740926.04,04-Aug-2026,769,INE646B01010
MEDIORG,SM,29.6,29.9,29.6,29.85,29.85,28.5,10000,298300.00,04-Aug-2026,5,INE0PE401018
MEDICO,EQ,50.25,50.25,44.7,49.06,48.24,49.66,1878329,89944231.27,04-Aug-2026,3417,INE630Y01024
MEDISTEP,SM,19.2,19.5,19.2,19.5,19.5,19.2,21000,408150.00,04-Aug-2026,5,INE0UOY01019
MEDPLUS,EQ,697.15,697.15,681,684.05,682.7,696.4,283972,194748557.40,04-Aug-2026,12201,INE804L01022
MEESHO,BL,186,186,186,186,186,111,104800000,19492800000.00,04-Aug-2026,23,INE0VDM01015
MEESHO,EQ,192.5,195.9,190.55,191.88,192,191.57,15087463,2915722562.61,04-Aug-2026,70470,INE0VDM01015
MEGASTAR,EQ,325.2,334.5,319.75,329.8,327,327.2,3448,1118566.25,04-Aug-2026,260,INE00EM01016
MEGATHERM,SM,207.9,212,207,208.75,209,205,16000,3350580.00,04-Aug-2026,30,INE531R01010
MOL,EQ,54.36,55,53.51,54.07,53.9,54.36,663181,35868279.08,04-Aug-2026,3106,INE0CT101020
MENONBE,BE,222,232.14,222,232.14,232.14,221.09,60593,13998572.68,04-Aug-2026,385,INE071D01033
MENNPIS,EQ,75,82,71.35,73.34,72.29,74.43,575410,44311873.56,04-Aug-2026,5996,INE650G01029
MEP,BZ,0.54,0.54,0.54,0.54,0.54,0.53,154942,83668.68,04-Aug-2026,18,INE776I01010
MERCANTILE,EQ,24.85,26.44,23.7,24.16,24.16,24.33,3491,87537.89,04-Aug-2026,124,INE689O01013
MERCURYEV,EQ,34.7,36.45,33.9,35.74,35.5,35.43,311062,10912300.99,04-Aug-2026,3514,INE763M01028
METALIC,ST,100,105.9,95.9,105.9,105.9,100.9,452800,46750480.00,04-Aug-2026,235,INE1II801013
METROBRAND,EQ,1034.9,1045.8,1022,1040.7,1040,1034.9,24742,25626905.60,04-Aug-2026,3731,INE317I01021
METROGLOBL,EQ,132,135.99,130.17,132.42,133,133.26,1246,166093.21,04-Aug-2026,81,INE085D01033
METROPOLIS,EQ,597.35,597.35,581.4,584.5,589.9,596.45,165890,97298488.55,04-Aug-2026,9796,INE112L01020
MICEL,BE,39.25,39.25,36.81,37.86,37.97,38.65,294173,11103546.20,04-Aug-2026,1594,INE287C01037
MICROPRO,SM,18.2,18.2,18.2,18.2,18.2,18.3,1600,29120.00,04-Aug-2026,1,INE0PZK01014
MIDWESTLTD,EQ,1210.7,1224.9,1210.7,1216.8,1218.9,1214.9,3528,4294743.10,04-Aug-2026,493,INE0XAD01024
MILTON,SM,32.2,32.3,32.2,32.3,32.3,32,440000,14190000.00,04-Aug-2026,2,INE376Y01016
MINDACORP,EQ,732,732,718.5,722.2,723.5,727.6,233679,169193476.65,04-Aug-2026,13106,INE842C01021
MINDSPACE,RR,493.9,497.5,493.15,493.67,494.5,493.15,179777,88923269.47,04-Aug-2026,10118,INE0CCU25019
MINDTECK,EQ,192.4,196.49,192,192.39,192,193.37,18952,3661163.82,04-Aug-2026,860,INE110B01017
ALPHAETF,EQ,26.33,26.6,26.3,26.36,26.46,26.25,442412,11689894.19,04-Aug-2026,837,INF769K01KU7
BANKETF,EQ,587.84,590.96,584.53,588.47,590.7,589.78,9831,5778584.69,04-Aug-2026,765,INF769K01KR3
BANKPSU,EQ,85.33,85.94,85.18,85.4,85.52,85.33,14680,1252697.42,04-Aug-2026,109,INF769K01LZ4
CONSUMER,EQ,12.42,12.42,12.15,12.16,12.21,12.18,454105,5543501.70,04-Aug-2026,336,INF769K01NS5
DEFENCE,EQ,79.46,79.9,79,79.21,79.05,79.12,174018,13800560.53,04-Aug-2026,620,INF769K01QC2
DIVIDEND,EQ,36.54,36.68,36.43,36.52,36.54,36.46,18668,681306.49,04-Aug-2026,60,INF769K01PY8
ENERGY,EQ,39.38,39.38,38.88,38.95,38.97,38.99,175921,6878804.89,04-Aug-2026,849,INF769K01PR2
EQUAL200,EQ,14.43,14.43,14,14.02,14,14.08,15940,224037.22,04-Aug-2026,73,INF769K01OA1
EQUAL50,EQ,342.88,342.88,339.31,339.49,339.62,341.18,1614,548845.45,04-Aug-2026,31,INF769K01OO2
EVINDIA,EQ,34.11,34.11,33.18,33.33,33.37,33.12,818605,27252454.95,04-Aug-2026,2030,INF769K01LQ3
HEALTHCARE,EQ,21.63,21.72,21.55,21.62,21.66,21.61,42236,913427.45,04-Aug-2026,169,INF769K01QA6
HYBRIDETF,EQ,10.26,10.26,10.08,10.09,10.1,10.06,32764,330868.51,04-Aug-2026,62,INF769K01RJ5
INFRA,EQ,12.28,12.33,12.2,12.2,12.21,12.25,49937,610214.66,04-Aug-2026,198,INF769K01QB4
INTERNET,EQ,13.95,13.99,13.83,13.87,13.89,13.92,189848,2641165.84,04-Aug-2026,223,INF769K01PB6
ITETF,EQ,33.73,33.73,33.12,33.19,33.32,33.46,548492,18233241.41,04-Aug-2026,936,INF769K01KV5
LIQUID,EQ,999.99,1000,999.99,999.99,1000,999.99,1069939,1069933435.32,04-Aug-2026,643,INF769K01KS1
LIQUIDPLUS,EQ,1097.36,1097.36,1097.34,1097.34,1097.34,1097.21,3249928,3566337611.40,04-Aug-2026,425,INF769K01MY5
ESG,EQ,42.5,42.57,42.16,42.17,42.29,42.47,35127,1483144.45,04-Aug-2026,136,INF769K01GS9
MAFANG,EQ,193.69,193.69,193.69,193.69,193.69,191.18,119762,23196701.78,04-Aug-2026,315,INF769K01HF4
BFSI,EQ,27.97,28.12,27.65,27.8,27.92,27.9,395280,10990508.03,04-Aug-2026,1089,INF769K01HI8
GOLDETF,EQ,137.91,138.2,137.58,137.76,137.85,137.9,570557,78632406.11,04-Aug-2026,10553,INF769K01JP9
GSEC10YEAR,EQ,30.34,30.55,30.24,30.25,30.25,30.15,888,26877.09,04-Aug-2026,12,INF769K01KF8
MAHKTECH,EQ,23.67,23.67,23.67,23.67,23.67,23.6,698787,16540288.29,04-Aug-2026,2849,INF769K01HS7
MIDCAPETF,EQ,23.86,23.99,23.8,23.85,23.89,23.86,2654883,63414837.92,04-Aug-2026,6195,INF769K01IC9
MAKEINDIA,EQ,167.8,168.38,166.97,167.01,167.67,167.29,51177,8567227.79,04-Aug-2026,454,INF769K01IB1
NIFTYETF,EQ,267.96,267.96,266.05,266.53,267.84,267.69,423297,112982716.70,04-Aug-2026,2037,INF769K01EG9
LOWVOL,EQ,213.46,213.91,211.65,211.92,213.91,214.3,744,158663.53,04-Aug-2026,22,INF769K01JU9
NEXT50,EQ,772.23,772.23,763.37,765.09,764.88,768.39,25826,19802932.20,04-Aug-2026,1491,INF769K01FN2
SILVERAG,EQ,210.52,211.92,210.52,211.29,210.9,210.34,142938,30193011.67,04-Aug-2026,1538,INF769K01KG6
MASPTOP50,EQ,77.96,77.96,77.96,77.96,77.96,77.42,30564,2382769.44,04-Aug-2026,137,INF769K01HP3
METAL,EQ,13.32,13.32,12.91,13.12,13.14,13,2558661,33547172.30,04-Aug-2026,4210,INF769K01LY7
MIDSMALL,EQ,51.42,51.81,51.42,51.65,51.61,51.42,356203,18400211.07,04-Aug-2026,614,INF769K01LJ8
MOMMIDCAP,EQ,12.74,12.86,12.74,12.8,12.86,12.72,913267,11690929.22,04-Aug-2026,409,INF769K01RC0
MULTICAP,EQ,17.25,17.27,16.86,16.9,16.96,16.93,153092,2595523.31,04-Aug-2026,483,INF769K01LX9
SELECTIPO,EQ,49,49,47.61,47.61,47.65,47.57,35180,1678115.56,04-Aug-2026,86,INF769K01ON4
SENSEXETF,EQ,81.45,81.5,80.7,80.93,81.29,81.25,16231,1315180.70,04-Aug-2026,219,INF769K01KT9
SMALL250,EQ,18.37,18.37,18.22,18.26,18.24,18.28,529291,9677462.84,04-Aug-2026,758,INF769K01PQ4
SMALLCAP,EQ,47.4,47.87,47.18,47.61,47.61,47.4,1463933,69799787.14,04-Aug-2026,2845,INF769K01LC3
TOP20,EQ,9.16,9.16,9.07,9.1,9.12,9.14,342243,3114731.90,04-Aug-2026,220,INF769K01PZ5
VALUE,EQ,16.43,16.47,16.33,16.36,16.42,16.35,9157,150041.73,04-Aug-2026,58,INF769K01QV2
MIRZAINT,EQ,33.9,34.35,33.64,34.2,34.27,33.72,162717,5540286.07,04-Aug-2026,1308,INE771A01026
MIDHANI,EQ,403.35,415,403.35,412.6,412.25,403.65,439267,179648450.35,04-Aug-2026,10904,INE099Z01011
MITCON,BE,77,77,75.7,76.45,76.45,75.7,3043,232259.12,04-Aug-2026,31,INE828O01033
MITTAL,EQ,0.91,0.93,0.89,0.9,0.91,0.91,252468,228567.05,04-Aug-2026,242,INE997Y01027
MMFL,EQ,555,572,550,552.85,550.05,554.4,136092,76480836.10,04-Aug-2026,6780,INE227C01017
MMP,EQ,296.85,304,291.1,301.05,302,294.65,111095,33236816.75,04-Aug-2026,3128,INE511Y01018
MMTC,EQ,63.65,64.65,63.63,63.65,63.64,63.65,1304788,83513386.50,04-Aug-2026,7649,INE123F01029
MOBILISE,ST,114,114,114,114,114,114,8000,912000.00,04-Aug-2026,3,INE1YNB01019
MODTHREAD,EQ,48.85,50,48,48.05,48,48.85,1533,74891.81,04-Aug-2026,28,INE794W01014
MODINATUR,BE,405.95,406,390,398,398,394.1,1278,507700.70,04-Aug-2026,43,INE537F01012
MODIRUBBER,EQ,121.37,130,121.37,124.51,125,121.37,2055,256495.29,04-Aug-2026,77,INE832A01018
MODIS,EQ,398.9,400.4,394,396,394.55,398.55,6146,2439436.80,04-Aug-2026,333,INE0L0L01012
MODISONLTD,BE,288,290.7,278,283.95,283.5,281.8,49117,14077956.10,04-Aug-2026,939,INE737D01021
MOHITIND,EQ,24,26.94,23,26.94,26.94,22.45,297820,7878822.23,04-Aug-2026,581,INE954E01012
MOIL,EQ,283.7,284.55,280.2,282.75,282,282.05,418216,118121141.35,04-Aug-2026,7959,INE490G01020
MOKSH,EQ,10.3,10.47,10.14,10.29,10.34,10.2,20807,214307.75,04-Aug-2026,127,INE514Y01020
MOLDTKPAC,EQ,682.8,702.9,680,684.9,688.15,675.1,90999,63000679.10,04-Aug-2026,5296,INE893J01029
MOLDTECH,EQ,149.5,153.2,148.18,151.46,152.47,149.19,75662,11379864.09,04-Aug-2026,1629,INE835B01035
MONARCH,EQ,384.55,395.65,379.6,394.25,391.05,384.55,241933,94966508.25,04-Aug-2026,4265,INE903D01011
MONEYBOXX,EQ,59.95,63,59.6,61.73,62,60.69,6045,368860.04,04-Aug-2026,133,INE296Q01012
MONOPHARMA,SM,9.2,9.2,9.05,9.1,9.05,9.5,10000,91300.00,04-Aug-2026,5,INE0OIP01012
MONOLITH,SM,895,910,873,878.4,884,887.7,42250,37633100.00,04-Aug-2026,137,INE1DV401010
MONTECARLO,EQ,537.8,540,531.4,538.15,536.15,533,41212,22115395.85,04-Aug-2026,2230,INE950M01013
MOREPENLAB,EQ,57.65,69.18,55.91,69.18,69.18,57.65,67096271,4348189505.25,04-Aug-2026,156503,INE083A01026
MOS,ST,10.55,11,10.2,10.2,10.2,10.7,272000,2818200.00,04-Aug-2026,59,INE0N7S01028
MOSCHIP,EQ,209.5,212.9,206.02,208.59,207,210.23,1349069,283131330.45,04-Aug-2026,12091,INE935B01025
MSUMI,EQ,41.5,42.1,39.46,39.75,39.73,41.48,31346920,1259997275.82,04-Aug-2026,71301,INE0FS801015
MOM100,EQ,68.22,68.79,67.32,68.12,68.4,68.22,411928,28188407.07,04-Aug-2026,2479,INF247L01023
MON100,EQ,316.35,316.35,316.35,316.35,316.35,315.45,284139,89887372.65,04-Aug-2026,797,INF247L01AP3
MOTILALOFS,EQ,870,882.45,861,861,861,867.95,797586,694942976.95,04-Aug-2026,20257,INE338I01027
MOM50,EQ,261.54,261.54,255.79,256.27,256,256.41,2193,564243.18,04-Aug-2026,121,INF247L01536
MOGSEC,EQ,66,66.1,64.98,65.24,64.98,66.02,2227,145755.17,04-Aug-2026,73,INF247L01AK4
MOALPHA50,EQ,55.23,55.23,54.66,54.96,55,54.39,14064,772656.00,04-Aug-2026,85,INF247L01FR8
MOBANK10,EQ,17.2,17.21,17,17.06,17.17,17.17,6226,106226.99,04-Aug-2026,74,INF247L01GV8
MOCAPITAL,EQ,54.07,54.07,52.65,53.04,53.2,52.76,884520,47101082.57,04-Aug-2026,2710,INF247L01EV3
MODEFENCE,EQ,103.28,104.15,102.99,103.07,103.3,102.98,869879,90103279.92,04-Aug-2026,5368,INF247L01DJ0
MOENERGY,EQ,39.76,39.76,38.7,38.94,39.05,38.98,104750,4087992.68,04-Aug-2026,667,INF247L01GH7
MOGOLD,EQ,140.9,140.9,140,140.3,140.6,140.55,288952,40542577.90,04-Aug-2026,688,INF247L01FY4
MOHEALTH,EQ,52.13,52.13,51.36,51.71,51.79,51.52,46392,2396598.68,04-Aug-2026,538,INF247L01BB1
MOINFRA,EQ,62.48,62.5,60.6,60.73,62.5,61.25,22552,1380828.54,04-Aug-2026,81,INF247L01FL1
MOIPO,EQ,49.03,49.03,47.5,47.96,48.2,47.84,2289,109869.50,04-Aug-2026,42,INF247L01GI5
MOLOWVOL,EQ,38.7,38.84,36.71,37.5,37.41,39.01,133280,5003726.70,04-Aug-2026,547,INF247L01BL0
MOMENTUM50,EQ,53.19,53.7,53.1,53.43,53.5,53.01,704540,37650127.62,04-Aug-2026,1547,INF247L01DK8
MOMGF,EQ,164.1,165.29,161.1,161.78,162,163.87,6432,1054853.27,04-Aug-2026,56,INF247L01FK3
MOMIDMTM,EQ,64,64.46,64,64.22,64.25,63.8,87445,5616114.62,04-Aug-2026,256,INF247L01FQ0
MOMNC,EQ,33.5,33.63,33.21,33.32,33.32,33.47,2512,84006.67,04-Aug-2026,28,INF247L01GK1
MOMOMENTUM,EQ,62.09,62.75,62.09,62.53,62.53,62.09,103875,6502968.31,04-Aug-2026,375,INF247L01BK2
MON50EQUAL,EQ,34.41,34.41,34.03,34.3,34.3,34.24,62260,2134288.08,04-Aug-2026,68,INF247L01FC0
MONEXT50,EQ,73.05,74.51,73.05,74.13,74.27,73.97,4035,299635.91,04-Aug-2026,69,INF247L01FD8
MONIFTY100,EQ,25.97,25.97,25.71,25.71,25.9,25.77,34452,890601.18,04-Aug-2026,62,INF247L01GG9
MONIFTY500,EQ,24.29,24.29,24.11,24.16,24.21,24.19,547536,13260926.65,04-Aug-2026,1595,INF247L01BU1
MONQ50,EQ,140.42,140.42,140.42,140.42,140.42,140.56,15443,2168506.06,04-Aug-2026,114,INF247L01AU3
MOPSE,EQ,101.49,101.94,101.41,101.41,101.41,101.3,164,16668.00,04-Aug-2026,7,INF247L01FO5
MOQUALITY,EQ,206.55,206.55,200.4,202.27,203,206.55,3148,645964.62,04-Aug-2026,65,INF247L01BH8
MOREALTY,EQ,89.02,90.75,89,89.43,89.69,90.41,604571,54444049.24,04-Aug-2026,2878,INF247L01CI4
MOSERVICE,EQ,32.08,32.08,31.63,31.65,31.8,31.77,5391,171260.43,04-Aug-2026,38,INF247L01GJ3
MOSILVER,EQ,215.48,215.48,213.95,214.22,214.68,214.46,11132,2386957.58,04-Aug-2026,730,INF247L01FZ1
MOSMALL250,EQ,18.16,18.35,17.95,18.13,18.31,17.89,6061165,110694758.48,04-Aug-2026,2727,INF247L01CH6
MOTOUR,EQ,80.98,80.98,80.1,80.12,80.13,80.33,35234,2831444.94,04-Aug-2026,189,INF247L01FP2
MOVALUE,EQ,115.05,115.75,114.73,115.17,115.48,115.24,46446,5353551.30,04-Aug-2026,657,INF247L01BE5
MOTISONS,EQ,14.25,14.29,14.11,14.18,14.21,14.25,6560230,93130704.98,04-Aug-2026,4780,INE0FRK01020
MOTOGENFIN,BE,26,27.78,25.16,26.42,26.22,26.48,64044,1646015.99,04-Aug-2026,190,INE861B01023
MMEL,ST,26.7,29.3,26.65,29.3,29.3,28.05,22000,602800.00,04-Aug-2026,11,INE0XM301010
MOXSH,SM,106,106,106,106,106,101.5,1600,169600.00,04-Aug-2026,1,INE0N6D01014
MPHASIS,EQ,2429.4,2441.8,2375.4,2380,2380,2429,244238,584255248.60,04-Aug-2026,20262,INE356A01018
MPSLTD,EQ,2784.2,2799.8,2687.3,2726.1,2699,2770.5,42334,116077844.80,04-Aug-2026,6129,INE943D01017
MRF,EQ,133730,134000,132570,132745,132965,133730,3192,425854565.00,04-Aug-2026,1946,INE883A01011
MRPL,EQ,173.73,173.88,168.1,169.64,169,174.06,4545273,773653557.92,04-Aug-2026,27557,INE103A01014
BECTORFOOD,EQ,211.5,214.27,207.98,209.96,208.25,211.27,1433966,303408496.16,04-Aug-2026,19366,INE495P01020
MSPL,EQ,35.08,35.35,34,34.19,34.2,35.07,801549,27730107.51,04-Aug-2026,3211,INE752G01015
MSTCLTD,EQ,606,606.95,595,599.8,599,608.8,161961,97404237.75,04-Aug-2026,6949,INE255X01014
MTEDUCARE,BE,2.08,2.1,1.91,1.95,1.93,2.01,21546,42713.07,04-Aug-2026,64,INE472M01018
MTARTECH,BE,6312.5,6312.5,6312.5,6312.5,6312.5,6012,60442,381540125.00,04-Aug-2026,3532,INE864I01014
MUFIN,EQ,132.99,134.25,131,132.22,131.9,133.1,1124439,149371102.57,04-Aug-2026,4535,INE08KJ01020
MUKANDLTD,EQ,143.8,144.96,142,142.25,142,143.6,52584,7530833.10,04-Aug-2026,891,INE304A01026
MUKKA,EQ,23.1,24,22.86,22.95,22.87,23.29,188968,4364171.55,04-Aug-2026,1026,INE0CG401037
MUKTAARTS,BE,55.01,57.88,52.66,54.25,57.88,55.4,2851,154746.29,04-Aug-2026,21,INE374B01019
MCX,EQ,2655.7,2699,2637,2680,2680,2642.1,1513020,4037025843.60,04-Aug-2026,86859,INE745G01043
MUNISH,ST,80.9,80.9,76.5,76.5,76.5,77.05,147600,11885640.00,04-Aug-2026,16,INE1K8Y01018
MUNJALAU,EQ,103.01,106,102.7,104.05,103.15,103.68,393297,41190501.80,04-Aug-2026,4224,INE672B01032
MUNJALSHOW,EQ,143.75,145.94,142.1,144.3,144.7,143.47,212933,30666007.63,04-Aug-2026,3353,INE577A01027
MURUDCERA,EQ,31.1,31.29,30.33,30.75,30.5,30.7,8438,259790.20,04-Aug-2026,138,INE692B01014
RADIOCITY,EQ,7.1,7.1,6.41,6.72,6.84,6.81,38254,259612.10,04-Aug-2026,187,INE919I01024
MUTHOOTCAP,EQ,240.3,243,236.71,239.64,240,237.88,28667,6884766.34,04-Aug-2026,700,INE296G01013
MUTHOOTFIN,EQ,2891.3,2907,2870,2870,2870,2890.9,1372471,3960694675.20,04-Aug-2026,103497,INE414G01012
MUTHOOTMF,EQ,233.41,234.5,223,226.3,226,235.66,658611,151268027.64,04-Aug-2026,11300,INE046W01019
10MWL29,N0,97510,97510,97510,97510,97510,99500,2,195020.00,04-Aug-2026,1,INE0JYY07026
MYMUDRA,SM,82.25,82.25,78.65,80,80,81.9,6000,481680.00,04-Aug-2026,5,INE0RVQ01016
NRAIL,EQ,487,492,475,483.5,486,488.15,9391,4521329.35,04-Aug-2026,663,INE740D01017
NRVANDANA,ST,69.7,70,66.6,70,70,69.8,9000,618900.00,04-Aug-2026,3,INE104101014
NBIFIN,EQ,2211.4,2225,2160,2168.2,2212,2226.3,561,1227562.30,04-Aug-2026,92,INE365I01020
NACLIND,EQ,179.9,182.59,177,181.13,180.05,178.59,600708,108177092.89,04-Aug-2026,10770,INE295D01020
NDGL,EQ,2800,2800,2725,2799,2800,2849,216,599924.80,04-Aug-2026,22,INE756C01015
NAGREEKCAP,EQ,23.5,23.9,22.75,23.75,23.9,22.89,1658,38903.27,04-Aug-2026,48,INE245I01016
NAGREEKEXP,EQ,22.99,23,22.1,22.61,22.68,22.48,7701,172129.86,04-Aug-2026,104,INE123B01028
NAHARCAP,EQ,269.99,269.99,257.35,263.18,264.95,262.72,2563,677193.69,04-Aug-2026,90,INE049I01012
NAHARINDUS,EQ,119.7,124,119.1,120.61,120,118.15,31256,3802753.78,04-Aug-2026,520,INE289A01011
NAHARPOLY,EQ,275.5,285,275.5,278.6,279.9,274.9,48112,13464978.45,04-Aug-2026,1121,INE308A01027
NAHARSPING,EQ,314.95,327.4,313,323.7,323,311.15,172277,55205690.40,04-Aug-2026,4078,INE290A01027
NGIL,BE,41,41,39.15,39.15,39.15,40,7048,278410.26,04-Aug-2026,23,INE236Y01012
NSIL,EQ,5640,5683.5,5562,5596,5600,5622,1922,10762505.50,04-Aug-2026,374,INE023A01030
NAMAN,SM,45,45,42.75,43.15,43.15,45,5600,246920.00,04-Aug-2026,3,INE0RJM01010
NAMOEWASTE,ST,275.9,275.9,274,274,274,279,4800,1321520.00,04-Aug-2026,6,INE08NZ01012
NDL,EQ,2.4,2.42,2.35,2.37,2.37,2.37,657765,1570299.28,04-Aug-2026,817,INE875G01048
JAIPURKURT,EQ,27.9,27.9,26.51,26.61,26.51,26.91,66307,1814118.68,04-Aug-2026,143,INE696V01013
NH,EQ,1919.7,1925.1,1891.4,1919.4,1923.5,1919.7,866179,1654092814.80,04-Aug-2026,29880,INE410P01011
NARMADA,EQ,16.64,17,15.1,15.95,15.75,16.26,4562109,73384986.03,04-Aug-2026,8114,INE117Z01029
NATCOPHARM,EQ,930.95,931.45,912,917,916.15,929.1,315967,290318960.15,04-Aug-2026,24950,INE987B01026
NATHBIOGEN,EQ,159,166.99,159,164.72,164.02,158.84,40345,6611587.43,04-Aug-2026,731,INE448G01010
NATIONALUM,EQ,373,382.45,367.15,377,377,369,15775994,5948524867.55,04-Aug-2026,138879,INE139A01034
NFL,EQ,71.98,72.55,71.5,71.84,72,71.84,539286,38822270.89,04-Aug-2026,3348,INE870D01012
NATIONSTD,EQ,223.74,223.74,223.74,223.74,223.74,235.51,3132,700753.68,04-Aug-2026,145,INE166R01015
NATCAPSUQ,EQ,161,161,151.21,152.56,151.85,162.33,29136,4487933.79,04-Aug-2026,405,INE936B01015
NAVA,EQ,579.85,581.75,568.1,571.7,575.5,579.9,191096,109894993.35,04-Aug-2026,12888,INE725A01030
NAVINFLUOR,EQ,7595,7753.5,7557.5,7629,7610,7555,197050,1507491573.00,04-Aug-2026,30716,INE048G01026
NAVKARCORP,EQ,104.5,104.84,102.11,102.71,103,103.26,285936,29515148.17,04-Aug-2026,2134,INE278M01019
NAVKARURB,BE,1.06,1.06,1,1.03,1.02,1.03,438809,445057.84,04-Aug-2026,241,INE268H01044
NAVNETEDUL,EQ,130.52,132,127.92,128.63,128,132.18,404365,52382921.51,04-Aug-2026,3675,INE060A01024
NAZARA,EQ,335,355.2,330.2,349.5,349.2,339.55,8439332,2921967823.85,04-Aug-2026,80469,INE418L01047
NBCC,EQ,95.4,96.05,94.7,94.84,94.84,95.5,4304105,409890909.44,04-Aug-2026,20611,INE095N01031
NCC,EQ,145.2,145.69,141,143.11,142.6,144.42,1102480,158878835.36,04-Aug-2026,14313,INE868B01028
NCLIND,EQ,182.95,184.3,172.2,174.62,174.1,182.45,151819,26906949.43,04-Aug-2026,4366,INE732C01016
NDLVENTURE,EQ,127.01,130.14,126,127.27,126.05,129.34,10542,1346987.61,04-Aug-2026,217,INE353A01023
NDRAUTO,EQ,830.8,833.25,814.05,819.85,818.7,824.65,12515,10280607.65,04-Aug-2026,1276,INE07OG01012
NDTV,EQ,77.37,77.54,76.35,76.66,76.5,77.39,76698,5895773.41,04-Aug-2026,982,INE155G01029
NECLIFE,BE,10.69,10.9,10.5,10.53,10.55,10.72,209897,2218157.20,04-Aug-2026,296,INE023H01027
NELCAST,EQ,120.31,125.69,120.15,124.3,123.5,121.35,114522,14101454.27,04-Aug-2026,2056,INE189I01024
NELCO,EQ,1007.5,1022.9,976.9,981.7,977,1000.8,543844,546139056.50,04-Aug-2026,15160,INE045B01015
NEOCHEM,ST,89.25,91.5,89.25,91,91,88.85,10800,968880.00,04-Aug-2026,9,INE21UM01018
NEOGEN,EQ,2113.9,2128.4,2072.8,2083.2,2077,2056.1,219702,461953921.90,04-Aug-2026,37340,INE136S01016
NEPHROCARE,ST,65.9,67.85,64.15,65.55,65.55,65.9,13600,911340.00,04-Aug-2026,31,INE0SUN01013
NEPHROPLUS,EQ,688.8,718.2,682,713.15,715,688.75,165491,116566463.00,04-Aug-2026,15255,INE428V01029
NEPTUNE,SM,180,180,176,179,179,178.35,13000,2328950.00,04-Aug-2026,20,INE156901014
NESCO,EQ,1081.7,1081.7,1040,1047.6,1040,1073.4,33363,35295678.30,04-Aug-2026,3848,INE317F01035
NESTLEIND,EQ,1523,1535.9,1448.3,1520,1520,1530,4023569,6039218754.50,04-Aug-2026,108903,INE239A01024
NETWEB,EQ,4609,4780,4593.1,4762.2,4731.4,4586,1899271,8958730826.10,04-Aug-2026,146994,INE0NT901020
NPST,EQ,1550,1559,1500,1521.2,1501,1523,23141,35303635.40,04-Aug-2026,2360,INE0FFK01017
NETWORK18,EQ,29.35,30.25,29.21,30.05,30.02,29.38,3520378,105057721.09,04-Aug-2026,7622,INE870H01013
NEULANDLAB,EQ,19650,19780,19155,19273,19183,19675,35321,686318186.00,04-Aug-2026,14768,INE794A01010
NEWGEN,EQ,563,570.3,555.05,561.35,562,562.75,706009,396403555.40,04-Aug-2026,20260,INE619B01017
NEWJAISA,ST,14.05,14.95,14.05,14.95,14.95,14.25,12000,176700.00,04-Aug-2026,6,INE0PW501021
NEXTMEDIA,EQ,3.87,4,3.87,3.94,3.98,3.87,4075,16060.38,04-Aug-2026,28,INE747B01016
NXST,RR,166.96,168.99,166.96,167.17,167.45,166.96,242673,40679589.60,04-Aug-2026,7754,INE0NDH25011
NFPSAMPOOR,SM,22.65,23.25,22.6,23.25,23.25,22.95,10000,228400.00,04-Aug-2026,5,INE0T1501010
NGLFINE,EQ,3240,3324.6,3233.8,3258.1,3240,3292.8,4161,13672564.80,04-Aug-2026,1223,INE887E01022
NHPC,EQ,79.7,81.4,79.4,80.5,80.5,79.25,13752798,1110117550.51,04-Aug-2026,44290,INE848E01016
NIBE,EQ,1364.4,1396.9,1364.4,1383.1,1380,1364.4,34573,47795410.60,04-Aug-2026,3226,INE149O01018
NIDAN,SM,13.25,13.25,13.1,13.1,13.1,13,4000,52650.00,04-Aug-2026,4,INE0J6L01013
NIITMTS,EQ,249.06,253.99,244.94,250.19,250,246.61,166986,41851138.69,04-Aug-2026,5000,INE342G01023
NIITLTD,EQ,96.71,96.94,95.16,96.24,96.1,96.86,188066,18049845.77,04-Aug-2026,2253,INE161A01038
NIKITA,SM,73.9,73.9,73.9,73.9,73.9,73.9,1200,88680.00,04-Aug-2026,1,INE0FLF01015
NILAINFRA,EQ,7.69,7.75,7.5,7.53,7.5,7.66,150178,1138278.00,04-Aug-2026,415,INE937C01029
NILASPACES,EQ,12.71,12.98,12.2,12.23,12.21,12.74,396761,4920313.98,04-Aug-2026,1095,INE00S901012
NILE,EQ,1995,2000,1675,1686,1679,1958.2,32472,56924360.70,04-Aug-2026,4131,INE445D01013
NILKAMAL,EQ,1704.9,1745,1640,1734.7,1727,1699.9,90588,153840798.70,04-Aug-2026,7591,INE310A01015
NIMBSPROJ,BE,183,183,179.05,180.66,179.05,182.59,1440,261042.30,04-Aug-2026,42,INE875B01015
NINSYS,BE,746,749,713.95,734.2,749,751.5,8937,6463795.20,04-Aug-2026,415,INE395U01014
BANKBEES,EQ,597.35,599.99,594.5,595.76,596.45,597.34,508335,303394957.33,04-Aug-2026,6978,INF204KB15I9
CONSUMBEES,EQ,135.2,137.35,132.05,133.57,132.95,135.2,118344,15992384.13,04-Aug-2026,1323,INF204KA1LD7
DIVOPPBEES,EQ,79.41,79.59,79.02,79.25,79.5,79.31,72181,5730281.41,04-Aug-2026,768,INF204KA1MS3
NV20BEES,EQ,143.33,143.33,141.5,141.85,142.5,142.62,27168,3861395.06,04-Aug-2026,260,INF204KB18I3
GOLDBEES,EQ,117.26,117.48,116.54,117.15,117.09,117.26,11644048,1364792641.07,04-Aug-2026,62727,INF204KB17I5
HNGSNGBEES,EQ,494.5,498.46,483.18,489.22,488.49,496.64,142857,70267207.86,04-Aug-2026,6077,INF204KB19I1
INFRABEES,EQ,976.94,979.73,959.9,968.52,959.9,972.07,6605,6438668.36,04-Aug-2026,630,INF732E01268
ITBEES,EQ,35.85,36.98,34.5,34.7,34.7,34.98,10508288,365794526.23,04-Aug-2026,16274,INF204KB15V2
JUNIORBEES,EQ,805.6,810.6,801.25,802,803.25,801.59,308254,247819109.39,04-Aug-2026,10061,INF732E01045
LIQUIDBEES,EQ,1001,1001,999.99,999.99,999.99,999.99,2882079,2882065753.24,04-Aug-2026,3882,INF732E01037
LTGILTBEES,EQ,29.96,29.98,29.86,29.9,29.9,29.96,2291192,68523492.38,04-Aug-2026,813,INF204KB1882
MID150BEES,EQ,241.51,243.9,241.02,241.47,242.5,241.51,1105495,267404457.09,04-Aug-2026,11960,INF204KB1V68
NIF100BEES,EQ,273,274.65,271.11,272.03,271.55,270.3,65276,17774849.11,04-Aug-2026,827,INF204K014N5
NIFTYBEES,EQ,279.87,281.1,278,278.79,278.8,279.87,5038181,1407849826.90,04-Aug-2026,43687,INF204KB14I2
PSUBNKBEES,EQ,94.62,95.2,94.26,94.54,94.41,94.57,1301926,123264220.48,04-Aug-2026,4846,INF204KB16I7
SHARIABEES,EQ,473,478.72,470.65,473.86,471.5,474.65,7244,3443012.69,04-Aug-2026,557,INF732E01128
NAM-INDIA,EQ,1170,1202,1161.7,1202,1202,1165,1990516,2369855907.40,04-Aug-2026,67923,INE298J01013
LIQGRWBEES,EQ,1050.25,1050.27,1050.25,1050.26,1050.27,1050.14,110234,115774568.21,04-Aug-2026,218,INF204KC1FU1
MANUFGBEES,EQ,163.54,166.87,163.54,165.99,166.87,163.54,11347,1881682.12,04-Aug-2026,86,INF204KC1GH6
AUTOBEES,EQ,299.69,301,297.71,300.01,300.01,299.32,320943,96241152.28,04-Aug-2026,3563,INF204KC1337
PHARMABEES,EQ,27.23,27.92,27,27.26,27.25,27.23,3320548,90552201.81,04-Aug-2026,9809,INF204KC1089
SILVERBEES,EQ,206.55,207.95,206.36,207.35,207.08,206.45,12935016,2682573806.84,04-Aug-2026,43605,INF204KC1402
SNXT30BEES,EQ,43.88,44.2,43,43.68,44.15,43.39,141166,6155280.87,04-Aug-2026,134,INF204KC1EZ3
NIRAJ,BE,29.47,29.47,28.7,28.76,29.17,29.08,33562,977958.03,04-Aug-2026,80,INE368I01016
NIRAJISPAT,EQ,216,216,216,216,216,215.99,11,2376.00,04-Aug-2026,4,INE326T01011
NIRLON,EQ,609.25,628.95,609.25,620,620,620.15,4339,2692988.45,04-Aug-2026,330,INE910A01012
NIRMAN,SM,38.35,39.8,36.1,36.95,36.85,37,54300,2075715.00,04-Aug-2026,97,INE0OK701014
NITCO,EQ,108.04,109.34,106.5,107.06,108,108.09,223395,24096171.50,04-Aug-2026,3078,INE858F01012
NITINSPIN,EQ,573.65,584.5,569,571.65,578.7,572.35,86997,50046165.25,04-Aug-2026,4144,INE229H01012
NITIRAJ,EQ,218.79,218.79,204.97,214.44,208.56,214.87,3943,822595.94,04-Aug-2026,130,INE439T01012
NITTAGELA,EQ,1725,1750,1620,1637.7,1632,1729.2,16688,27974723.50,04-Aug-2026,2693,INE265B01019
NIVABUPA,EQ,86.79,87.8,86.4,87.31,87.01,86.56,786794,68711344.52,04-Aug-2026,10511,INE995S01015
NKIND,EQ,62,63.5,60.1,63.03,63,62.82,604,37541.74,04-Aug-2026,25,INE542C01019
NLCINDIA,EQ,298.05,303,295.95,300.7,301.15,298.05,1454291,437636888.25,04-Aug-2026,26289,INE589A01014
NMDC,EQ,84.2,84.7,83.23,84.2,84.2,83.8,19524046,1642796731.07,04-Aug-2026,51386,INE584A01023
NSLNISP,EQ,43.35,44.12,43.12,44.01,44.03,43.37,2883825,126185982.28,04-Aug-2026,10216,INE0NNS01018
NOCIL,EQ,175.39,180.5,170.1,170.99,171.5,174.05,3528389,619901238.38,04-Aug-2026,32374,INE163A01018
NOIDATOLL,BE,4.55,4.6,4.35,4.54,4.54,4.44,117555,527726.40,04-Aug-2026,191,INE781B01015
NORBTEAEXP,EQ,65.5,66.99,65.29,65.29,65.29,65.29,472,31135.91,04-Aug-2026,37,INE369C01017
NECCLTD,BE,16.35,16.35,15.5,15.72,15.9,15.68,10894,171578.44,04-Aug-2026,94,INE553C01016
NORTHARC,EQ,284.15,289.2,281.85,285.05,284.5,284.65,523851,149151786.00,04-Aug-2026,9121,INE850M01015
NOVAAGRI,BE,23.48,23.48,22.83,22.99,23,23,20942,485242.97,04-Aug-2026,145,INE02H701025
NOVARTIND,EQ,1638,1657,1608.2,1622,1616.2,1635.7,11819,19319617.20,04-Aug-2026,1638,INE234A01025
NRBBEARING,EQ,433.95,434.05,426.2,429.9,429,433.8,122389,52629483.50,04-Aug-2026,3859,INE349A01021
NIBL,EQ,34.5,35.98,34.5,35.35,35.02,35.09,10172,360748.05,04-Aug-2026,258,INE047O01014
NTPCGREEN,EQ,91.1,91.93,90.45,90.72,90.85,90.7,3806645,346547897.78,04-Aug-2026,26091,INE0ONG01011
NTPC,EQ,348,348.95,341.6,343.65,343.65,350.9,7201524,2485890371.80,04-Aug-2026,64920,INE733E01010
NUCLEUS,EQ,693,704.1,692.05,698.3,699.6,696.7,17966,12558621.70,04-Aug-2026,1325,INE096B01018
NRL,BE,108.99,110.89,108.99,110.89,110.89,108.72,56716,6277709.94,04-Aug-2026,196,INE0JM501013
NURECA,EQ,335.55,335.55,325,326.05,325,333.4,14971,4913236.65,04-Aug-2026,702,INE0DSF01015
NUVAMA,EQ,1765.7,1765.7,1680,1694.2,1699,1765.7,309828,533692640.50,04-Aug-2026,21622,INE531F01023
NUVOCO,EQ,352.65,352.65,346,348.6,349.7,350.6,356006,124283086.55,04-Aug-2026,12177,INE118D01016
OBCL,EQ,53.9,54.29,52.82,53.18,53.97,53.1,4226,227382.97,04-Aug-2026,44,INE426Z01016
OBEROIRLTY,EQ,1847.1,1847.1,1778.8,1778.8,1778.8,1861.1,307429,554789552.50,04-Aug-2026,18526,INE093I01010
OBSCP,SM,703,709,681.05,687.45,685,696.3,50000,34759160.00,04-Aug-2026,114,INE0YHV01011
OCCLLTD,BE,183.03,183.03,166.05,180.37,179,174.32,615029,110428444.64,04-Aug-2026,2020,INE0PK601023
ODIGMA,BE,23.28,23.28,22.53,22.79,22.99,22.82,8755,198842.88,04-Aug-2026,226,INE054301028
ONGC,EQ,242,243.2,240.6,242,242,242,10470809,2532016233.17,04-Aug-2026,76380,INE213A01029
OILCOUNTUB,BE,56.99,58.1,56.25,57.99,58,56.49,46900,2698053.83,04-Aug-2026,105,INE591A01010
OIL,EQ,454,454,447.1,450,450,452,603531,271108108.75,04-Aug-2026,14162,INE274J01014
OLAELEC,EQ,38.92,39.7,38.21,38.57,38.5,38.74,43361629,1691051750.89,04-Aug-2026,77868,INE0LXG01040
OLECTRA,EQ,1344.2,1350,1331.8,1347.8,1348.2,1344.2,194604,261234233.70,04-Aug-2026,9643,INE260D01016
OMFREIGHT,BE,88.1,89.9,84.97,88.98,88.89,88,3686,321446.35,04-Aug-2026,98,INE1BZC01019
OMINFRAL,EQ,91.04,93,89.1,90.31,89.8,91.6,73361,6691173.18,04-Aug-2026,2299,INE239D01028
OMPOWER,EQ,169.4,176.8,168,170.54,170,169.4,122062,21032308.07,04-Aug-2026,2287,INE25E901019
OMAXAUTO,BE,189.01,189.1,181.38,181.38,181.38,190.92,155775,28340678.51,04-Aug-2026,776,INE090B01011
OMAXE,EQ,85.49,89.8,85.13,87.6,88,85.38,293863,25440744.91,04-Aug-2026,2708,INE800H01010
OMFURN,ST,63,63,63,63,63,65,1200,75600.00,04-Aug-2026,1,INE338Y01016
OMNI,EQ,605,620,600,610.5,602.85,602.3,229019,140017870.65,04-Aug-2026,11907,INE0UH301010
ONDOOR,SM,270.1,271,258.3,269.85,269.85,273.45,2700,717465.00,04-Aug-2026,9,INE00ER01015
PAYTM,BL,1367.8,1367.8,1367.8,1367.8,1367.8,1141.4,14900000,20380220000.00,04-Aug-2026,19,INE982J01020
PAYTM,EQ,1436,1436.6,1388.4,1400,1400,1410,6114443,8645932229.00,04-Aug-2026,145291,INE982J01020
MOBIKWIK,EQ,216.25,216.8,204.7,205.97,205.3,214.77,3237820,674965606.32,04-Aug-2026,28172,INE0HLU01028
ONEPOINT,EQ,57.04,57.89,56.2,56.93,56.9,56.9,1838910,104692489.05,04-Aug-2026,4543,INE840Y01029
OLIL,ST,421.9,433.9,412,413.1,412,418.5,8800,3670920.00,04-Aug-2026,14,INE0OPS01011
ONELIFECAP,BE,34.6,36.69,34.29,35.52,35.52,36.09,27706,970746.17,04-Aug-2026,76,INE912L01015
KISSHT,EQ,315.85,318,304.85,307.65,307,313.6,1456363,450063175.90,04-Aug-2026,21727,INE12F801023
ONESOURCE,EQ,1563.6,1563.6,1506.7,1530.6,1520,1560.5,268093,411430048.70,04-Aug-2026,23546,INE013P01021
ONIDA,BE,39.05,40,38.21,38.4,38.45,39.85,284402,11086941.10,04-Aug-2026,732,INE831A01028
ONMOBILE,BE,68.9,69.9,67.91,69.9,69.9,66.58,206232,14366510.69,04-Aug-2026,1305,INE809I01019
ONWARDTEC,EQ,291.3,293.4,288,289.95,290,293.85,26045,7564212.40,04-Aug-2026,877,INE229A01017
ONYX,ST,46,47.3,45.9,47.3,47.3,45.05,104000,4902300.00,04-Aug-2026,42,INE0WVU01018
OPTIEMUS,EQ,655.15,657,610,625.65,613.05,657.8,339697,216543268.60,04-Aug-2026,15653,INE350C01017
OPTIVALUE,ST,165.8,165.8,157.5,157.5,157.5,165.75,96000,15219040.00,04-Aug-2026,44,INE15B101011
OFSS,EQ,11425,11685,11425,11600,11600,11332,257150,2977554009.00,04-Aug-2026,33360,INE881D01027
ORBTEXP,BE,243.99,250,243,246.71,246.1,243.79,51082,12550268.12,04-Aug-2026,294,INE231G01010
ORCHASP,EQ,1.65,1.7,1.57,1.61,1.63,1.65,215300,348130.47,04-Aug-2026,269,INE215B01022
ORCHPHARMA,EQ,987.7,1020,983.4,1006.4,991,990.65,23659,23594976.40,04-Aug-2026,2350,INE191A01027
ORIANA,SM,1500,1500,1455,1462.75,1462.5,1474.25,44025,65139570.00,04-Aug-2026,441,INE0OUT01019
ORICONENT,EQ,54.89,55.19,53.71,54.58,54.2,54.24,16558,897417.93,04-Aug-2026,330,INE730A01022
ORIENTBELL,EQ,319.2,323.15,312.25,317.6,317.55,317.6,2779,882116.05,04-Aug-2026,171,INE607D01018
ORIENTCEM,EQ,139.51,139.51,137.01,137.67,137.01,139.51,143079,19770237.54,04-Aug-2026,1783,INE876N01018
ORIENTCER,EQ,41.55,41.55,40.32,40.72,40.65,41,25409,1034058.97,04-Aug-2026,961,INE569C01020
ORIENTELEC,EQ,176.9,185.4,173.69,176.74,176.85,175.55,1388413,250231714.30,04-Aug-2026,12727,INE142Z01019
GREENPOWER,EQ,10.07,10.12,9.98,10,9.98,10.08,1223999,12293308.78,04-Aug-2026,2582,INE999K01014
ORIENTHOT,EQ,136.01,137.5,129.52,132.7,132.5,135.39,326597,43503397.61,04-Aug-2026,5009,INE750A01020
ORIENTPPR,EQ,19.34,19.41,18.75,19.21,19.1,19.05,458602,8784233.69,04-Aug-2026,1109,INE592A01026
ORIENTLTD,BE,77,78.09,75.61,77.52,76.5,77.26,1291,99696.16,04-Aug-2026,35,INE609C01024
ORIENTTECH,EQ,261.5,264.5,259.8,260.75,259.8,261.5,166714,43607910.70,04-Aug-2026,2873,INE0PPK01015
OAL,EQ,382,388.4,379.05,380.55,380.05,378.85,16843,6428693.80,04-Aug-2026,561,INE959C01023
ORIENTALTL,EQ,5.29,5.29,5.1,5.19,5.2,5.19,71192,369812.51,04-Aug-2026,198,INE998H01012
ORISSAMINE,EQ,4090,4391,4080.2,4307.8,4320,4106.3,52007,223210607.60,04-Aug-2026,9837,INE725E01024
ORKLAINDIA,EQ,573.6,585.5,568.2,579.4,580.9,573.6,73030,42120098.00,04-Aug-2026,7357,INE16NZ01023
ORTEL,BZ,1.96,1.96,1.9,1.95,1.96,1.87,8821,17153.86,04-Aug-2026,40,INE849L01019
ORTINGLOBE,BE,15.03,15.9,15.03,15.27,15.83,15.5,10361,164459.65,04-Aug-2026,14,INE749B01020
OSELDEVICE,SM,401.15,411,401.15,410.4,411,407.05,8000,3266820.00,04-Aug-2026,33,INE0RMF01018
OSIAHYPER,BE,2.98,3,2.92,2.94,2.97,2.91,233478,690258.04,04-Aug-2026,329,INE06IR01021
OSWALAGRO,EQ,39.3,39.49,38.32,38.93,38.61,38.49,20669,799546.29,04-Aug-2026,126,INE142A01012
OSWALGREEN,EQ,21.76,22.5,21.16,21.52,21.54,21.76,167017,3668497.79,04-Aug-2026,834,INE143A01010
OSWALPUMPS,EQ,332.9,334,322.5,325.7,324,331.25,624157,203731913.90,04-Aug-2026,12305,INE0BYP01024
OWAIS,ST,98.1,99,95.75,95.75,95.75,100.75,41000,3940065.00,04-Aug-2026,178,INE0R8M01017
PNGJL,EQ,658,658,638.05,654.15,654.15,658.05,357740,231634603.95,04-Aug-2026,12031,INE953R01016
PSRAJ,ST,81.25,82,81.25,82,82,85.5,25000,2038250.00,04-Aug-2026,10,INE0XUS01020
PGHH,EQ,8649,8737,8600,8639.5,8600,8649,10073,87373683.00,04-Aug-2026,2642,INE179A01014
PACEDIGITK,EQ,202.5,203.7,198,198.81,198.27,201.59,1083895,217293184.43,04-Aug-2026,11096,INE0S3G01027
PAGEIND,EQ,40200,40265,39750,39750,39750,40200,18775,751292785.00,04-Aug-2026,8146,INE761H01022
PAISALO,EQ,71.52,72.05,69.3,71.11,70.25,72.29,6399088,456718305.88,04-Aug-2026,14512,INE420C01059
PAKKA,EQ,71.9,71.98,71.1,71.59,71.51,71.28,28151,2012980.04,04-Aug-2026,621,INE551D01018
PALASHSECU,EQ,88.1,89.5,86.01,88.63,87.01,89.01,1786,156572.34,04-Aug-2026,64,INE471W01019
PALREDTEC,BE,45.84,47.65,45.39,47,47,45.39,1605,75835.18,04-Aug-2026,24,INE218G01033
PANACEABIO,EQ,423,442.4,415,419.4,421,423.45,236204,101214706.00,04-Aug-2026,5015,INE922B01023
PANACHE,BE,449.9,449.9,430,440.7,443.95,439.55,14927,6578016.95,04-Aug-2026,137,INE895W01019
PANAMAPET,EQ,464,465,453.35,458.45,456,460.75,81490,37477695.95,04-Aug-2026,3292,INE305C01029
PANSARI,EQ,342.95,342.95,327.05,335.95,334.35,329.1,2262,754691.10,04-Aug-2026,153,INE697V01011
PAR,EQ,99.09,102,97.6,99.17,99.02,99.09,4124,410798.91,04-Aug-2026,130,INE04LG01015
PARADEEP,EQ,145.49,147.8,144.03,144.94,145.44,144.92,4964148,722425995.52,04-Aug-2026,33354,INE088F01024
PARAGMILK,EQ,225.99,237.14,223.5,233.16,233.5,225.47,902603,210351945.54,04-Aug-2026,13106,INE883N01014
PARAMATRIX,SM,54,58.25,54,58.25,58.25,56,2400,134700.00,04-Aug-2026,2,INE0S2W01018
PARACABLES,EQ,66.51,67.01,64.35,64.88,64.99,66.39,1012665,66114916.48,04-Aug-2026,6243,INE074B01023
PARAMOUNT,ST,36.95,37.15,36.95,37.15,37.15,35.5,2400,88920.00,04-Aug-2026,2,INE0TG801013
PSFL,SM,31.05,31.05,31,31,31,31.1,6000,186100.00,04-Aug-2026,3,INE0Q6001012
PARAS,EQ,1292.3,1316,1272.1,1300.3,1302,1292.3,912543,1186973508.60,04-Aug-2026,33079,INE045601023
PARASPETRO,EQ,2.56,2.56,2.45,2.51,2.52,2.44,595782,1510010.45,04-Aug-2026,406,INE162C01024
PARIN,SM,705,725,698.25,715.3,724.8,721,3000,2137637.50,04-Aug-2026,11,INE00U801010
PARKHOSPS,EQ,285.75,291.4,279.95,283.95,283,288.6,907208,259301831.35,04-Aug-2026,20627,INE119201023
PARKHOTELS,EQ,124.9,125.8,123,123.7,123,124.53,87466,10866883.86,04-Aug-2026,2329,INE988S01028
PARSVNATH,BE,1.74,1.74,1.74,1.74,1.74,1.77,144146,250814.04,04-Aug-2026,123,INE561H01026
PARTH,SM,507,536.95,507,532.75,532.75,504.15,2400,1268320.00,04-Aug-2026,6,INE1H7V01011
PASHUPATI,EQ,86.3,86.3,84.15,84.61,84.9,85.32,221702,18844199.37,04-Aug-2026,2551,INE124Y01028
PASUPTAC,BE,60.49,61.9,60,61.12,61.4,60.49,46799,2860776.94,04-Aug-2026,215,INE818B01023
PATANJALI,EQ,363.45,365.6,356.75,359.9,359.9,364,4508428,1627846124.45,04-Aug-2026,30955,INE619A01035
PATELENG,EQ,28.85,29.05,28.31,28.4,28.32,28.85,3291132,94230574.37,04-Aug-2026,8785,INE244B01030
PATINTLOG,BE,14.56,14.56,14.01,14.42,14.27,14.01,47169,677395.33,04-Aug-2026,117,INE529D01014
PATELRMART,EQ,227,231,225,225.47,225.91,226.78,116661,26539880.16,04-Aug-2026,2165,INE0R8B01010
PATILAUTOM,ST,197,197,191.5,192,192,192.9,54600,10529460.00,04-Aug-2026,56,INE17GV01016
PML,EQ,507.1,512,494.05,508.55,511.8,493.65,470,237604.15,04-Aug-2026,42,INE291E01019
PAUSHAKLTD,EQ,662,780.6,654.95,735.2,728,652.8,1387101,1022471972.05,04-Aug-2026,51258,INE111F01024
PAVNAIND,EQ,17.92,18.39,17.81,18.23,18.23,18.01,25232,457319.37,04-Aug-2026,156,INE07S101038
POLICYBZR,EQ,1647.5,1647.5,1591.6,1597,1597,1650,643991,1034769215.40,04-Aug-2026,29986,INE417T01026
PCJEWELLER,EQ,9.7,9.92,9.58,9.82,9.82,9.64,201109236,1959306460.77,04-Aug-2026,65785,INE785M01021
PCBL,EQ,324.95,327.6,320.4,322.55,321.4,326.8,1045554,338111219.65,04-Aug-2026,15157,INE602A01031
PDSL,EQ,357.25,357.6,350.9,352.55,351.35,357.25,52495,18572822.95,04-Aug-2026,5214,INE111Q01021
PGIL,EQ,2108.8,2128,2083.1,2122.4,2124,2103.4,62034,131212546.50,04-Aug-2026,8874,INE940H01022
PEARLPOLY,BE,17.05,17.43,16.43,16.84,16.77,16.65,3658,62190.52,04-Aug-2026,33,INE844A01013
PELATRO,SM,282,316.85,272,312.95,315.5,267,31200,9133470.00,04-Aug-2026,96,INE0VG601013
PENINLAND,BE,15.7,15.82,15.7,15.81,15.81,15.81,61693,974740.32,04-Aug-2026,57,INE138A01028
PENIND,EQ,169,169.09,165,166.28,166,169.12,210783,35131971.20,04-Aug-2026,3322,INE932A01024
PERSISTENT,EQ,5590,5599,5462.5,5499,5499,5575,464955,2556011214.50,04-Aug-2026,39687,INE262H01021
PCCL,SM,297.05,300.05,297.05,300,300,299.3,14800,4438440.00,04-Aug-2026,28,INE998U01015
PETRONET,EQ,284.85,285,277.45,285,285,284.85,1436491,401874831.60,04-Aug-2026,24098,INE347G01014
PFCL41A,NE,954,954,954,954,954,955,500,477000.00,04-Aug-2026,6,INE134E07DJ3
7PFCL31,N3,983,983,983,983,983,983.03,32,31456.00,04-Aug-2026,3,INE134E07DP0
PFIZER,EQ,4915,4920.6,4809,4862.1,4850,4914.6,29850,144899849.20,04-Aug-2026,5998,INE182A01018
PGEL,EQ,619,629.45,607,612,612,618,1299002,804607493.75,04-Aug-2026,22926,INE457L01029
PHANTOMFX,SM,166,170,166,167.5,167.5,166.95,11400,1917150.00,04-Aug-2026,25,INE0MLZ01019
PHOGLOBAL,SM,16.5,16.5,15.9,15.95,15.95,15.7,14000,227600.00,04-Aug-2026,6,INE0FPO01018
PWL,EQ,126.2,128.48,125.03,126.13,125.6,126.03,2667639,337963116.38,04-Aug-2026,25557,INE0LP301011
PIIND,EQ,2806.5,2840,2785.5,2785.5,2785.5,2793,152536,429748846.10,04-Aug-2026,12191,INE603J01030
PICCADIL,EQ,750,789,746.2,784.5,788,752,658422,513573239.40,04-Aug-2026,45100,INE546C01010
PPSL,SM,2.95,2.95,2.8,2.8,2.8,3.1,276000,776550.00,04-Aug-2026,66,INE0YAL01017
PIDILITIND,EQ,1642.5,1659,1602,1620,1620,1642.5,2924363,4795204078.80,04-Aug-2026,90493,INE318A01026
PILITA,BE,8.65,8.82,8.26,8.55,8.6,8.65,45245,383740.06,04-Aug-2026,132,INE600A01035
PILANIINVS,EQ,4375,4375,4327,4344.3,4348.9,4346.8,360,1566711.70,04-Aug-2026,109,INE417C01014
PINELABS,EQ,154,156.5,149,151.19,149.4,152.17,32675774,5026088627.09,04-Aug-2026,112654,INE15B701018
PIONEEREMB,EQ,25.5,25.5,24,24.14,24.18,25.61,20379,496444.06,04-Aug-2026,169,INE156C01018
PIONRINV,BE,86.8,86.8,82.85,86.75,86.75,86.96,916,77194.99,04-Aug-2026,13,INE746D01014
PIRAMALFIN,EQ,2052,2080,2007,2052.3,2054.9,2047.8,178183,366850868.30,04-Aug-2026,12191,INE202B01038
PPLPHARMA,EQ,200.34,203.95,197.75,202.5,201.79,199.28,7037103,1413235364.48,04-Aug-2026,56774,INE0DK501011
PITTIENG,EQ,934,940,926.55,939.75,940,928.4,12405,11611860.10,04-Aug-2026,1149,INE450D01021
PIXTRANS,EQ,1701.1,1709,1676.5,1687.3,1680.1,1701.1,5136,8717308.20,04-Aug-2026,993,INE751B01018
PLASTIBLEN,EQ,191,192.8,187.62,188.44,189.99,190.61,22042,4207177.71,04-Aug-2026,814,INE083C01022
PLATIND,EQ,228.82,231,225.1,227.03,227.06,225.53,47762,10936805.61,04-Aug-2026,1236,INE0PT501018
PLAZACABLE,BE,45.48,46.21,44.15,46.2,46.21,44.01,51599,2357511.73,04-Aug-2026,260,INE0INJ01017
PNBGILTS,EQ,83.5,84.44,82.51,82.79,82.51,83.51,262155,21860275.17,04-Aug-2026,2894,INE859A01011
PNBHOUSING,EQ,1091.9,1091.9,1051.9,1080,1080,1090,1412986,1509523958.40,04-Aug-2026,49465,INE572E01012
PNCINFRA,EQ,247.11,252.07,246,251.06,251.05,247.58,381163,95173910.20,04-Aug-2026,15064,INE195J01029
PNGSREVA,EQ,443.25,520,436.9,510.95,515,443.25,5264815,2640052919.45,04-Aug-2026,120682,INE1RDG01013
PODDARMENT,EQ,253.7,258.9,250.1,251.75,251.25,251.55,6092,1535626.20,04-Aug-2026,203,INE371C01013
POKARNA,EQ,942,942,919,930.9,924.6,932.45,27003,25106548.80,04-Aug-2026,3702,INE637C01025
POLYMED,EQ,1721.1,1736.8,1712.1,1724.5,1729,1727.9,63211,109030902.80,04-Aug-2026,7421,INE205C01021
POLYCAB,EQ,9084,9215,9070,9176,9176,9034,318448,2918531731.00,04-Aug-2026,38570,INE455K01017
POLYPLEX,EQ,1091.1,1127.4,1091.1,1116.6,1103.5,1094.8,54961,61086689.80,04-Aug-2026,4482,INE633B01018
POLYSIL,SM,92.25,92.25,92.25,92.25,92.25,102.5,13500,1245375.00,04-Aug-2026,19,INE517M01028
POCL,EQ,551,557.8,526.5,531.2,529.5,550.45,457371,247034097.40,04-Aug-2026,19378,INE063E01061
PONNIERODE,EQ,326,341.9,324.05,327.6,327.95,328.3,75876,25299556.65,04-Aug-2026,2197,INE838E01017
POONAWALLA,BL,473.5,473.5,473.5,473.5,473.5,495.85,4708750,2229593125.00,04-Aug-2026,4,INE511C01022
POONAWALLA,EQ,471.7,472.2,465,469.65,468,471.9,477616,223801179.30,04-Aug-2026,11734,INE511C01022
PVSL,EQ,106.19,110.97,106.19,109.07,110,107.19,36845,3993240.34,04-Aug-2026,442,INE772T01024
POSITRON,SM,179,179,169.25,169.25,169.25,176.5,2100,368385.00,04-Aug-2026,7,INE0S3H01017
PFC,EQ,420,421.8,416.25,420,420,421.5,8639728,3620524479.60,04-Aug-2026,49314,INE134E01011
POWERGRID,EQ,294.1,294.1,281.7,283.4,283.4,287,7656558,2181154525.60,04-Aug-2026,70140,INE752E01010
PIGL,EQ,111,113.8,109.26,110.62,109.5,110.83,55651,6186506.31,04-Aug-2026,970,INE557Z01018
POWERMECH,EQ,2601.2,2626.9,2570,2615.8,2624,2593,43422,113277676.90,04-Aug-2026,6927,INE211R01019
PGINVIT,IV,97.2,98,97,97.74,97.75,97.17,2195042,214350212.37,04-Aug-2026,16104,INE0GGX23010
POWERICA,EQ,518.95,529.75,511.9,521.3,522.2,519.4,127527,66720369.10,04-Aug-2026,5501,INE921L01032
PPAP,BE,288,294,280,282.9,284.5,288.35,15849,4525086.30,04-Aug-2026,346,INE095I01015
PRABHA,EQ,153,155.8,152.19,155.13,155.78,153.78,45428,7039325.93,04-Aug-2026,692,INE0I0M01023
PRADPME,BE,517.9,517.9,505.25,508.05,511.95,509.6,1441,734776.90,04-Aug-2026,39,INE770A01010
PRAJIND,EQ,320.9,330.25,317.1,318.75,318.7,315.05,2482155,801996950.80,04-Aug-2026,41290,INE074A01025
PRAENG,EQ,21.74,21.74,19.75,20.35,20.5,20.07,34746,705954.77,04-Aug-2026,157,INE505C01016
PRAKASH,EQ,126.49,127.48,124.35,125.24,124.35,125.5,225117,28384238.20,04-Aug-2026,2269,INE603A01013
PPL,BE,259,271.85,258.15,262.05,262.05,262.25,27603,7244593.55,04-Aug-2026,412,INE050001010
PRAKASHSTL,EQ,4.04,4.04,3.96,3.99,4.01,4.03,146554,584708.73,04-Aug-2026,338,INE696K01024
PRAMARA,SM,125,125,120.15,121,123,126.45,44000,5327050.00,04-Aug-2026,55,INE0O7A01017
PRANIK,SM,42,42,41.75,41.9,42,40.05,8000,335280.00,04-Aug-2026,4,INE0VJG01014
DIAMONDYD,EQ,1169.8,1180,1134.1,1171.5,1174.5,1163.8,18608,21724194.00,04-Aug-2026,1550,INE393P01035
PRATHAM,SM,118,118,118,118,118,120,4800,566400.00,04-Aug-2026,9,INE0QA601016
PRAVEG,EQ,295.05,297.9,285,287.25,289.9,293.6,38785,11361033.40,04-Aug-2026,1356,INE722B01019
PRAXIS,EQ,6.74,6.74,6.26,6.46,6.5,6.56,59451,386723.99,04-Aug-2026,200,INE546Y01022
PRECAM,EQ,143.16,146.92,142.32,142.94,142.5,143.31,149595,21546936.58,04-Aug-2026,3485,INE484I01029
PRECISION,ST,7.55,7.55,7.55,7.55,7.55,7.2,2000,15100.00,04-Aug-2026,1,INE0HKW01018
PRECWIRE,EQ,381.9,384.65,373.4,381.2,382,379.1,140307,53450827.35,04-Aug-2026,7467,INE372C01037
PRECOT,EQ,820.15,820.15,796.3,805.05,805.05,819,3142,2523601.95,04-Aug-2026,236,INE283A01014
PREMCO,EQ,380,384.95,380,384,384,380.1,1169,445277.55,04-Aug-2026,69,INE001E01012
PREMIERENE,EQ,1023.2,1054,1023.2,1036.3,1036.3,1020.7,1063672,1108479064.70,04-Aug-2026,29459,INE0BS701011
PREMEXPLN,EQ,662,664.95,660.1,661.1,660.5,661.8,121092,80167973.70,04-Aug-2026,3661,INE863B01029
PREMIER,BE,2.85,2.9,2.7,2.73,2.9,2.79,14226,39279.24,04-Aug-2026,32,INE342A01018
PREMIERPOL,EQ,74.43,74.43,71.26,72.48,71.7,73.56,122570,8850746.20,04-Aug-2026,1419,INE309M01020
PRLIND,SM,44.1,45,44,44,44,44.25,28000,1243100.00,04-Aug-2026,22,INE0CFG01012
PREMIUM,SM,38,38,38,38,38,38,3000,114000.00,04-Aug-2026,1,INE0M1F01011
PRESSTONIC,SM,28.5,29,26.3,27,26.35,26.9,16800,460880.00,04-Aug-2026,21,INE0R1601012
PRESTIGE,EQ,1655,1655,1576,1595,1595,1670,614003,989327542.50,04-Aug-2026,27246,INE811K01011
PRICOLLTD,EQ,738.7,772,732,766.75,762.1,732.85,926661,699759013.30,04-Aug-2026,33654,INE726V01018
PRIMECAB,ST,191,194.65,184,192,192,190,20800,3962640.00,04-Aug-2026,13,INE0CQA01020
PFOCUS,EQ,300.95,306,296.4,302.8,302,298.75,474952,143598956.75,04-Aug-2026,11208,INE367G01038
PRIMESECU,EQ,285,286,274,283.25,285.8,277.45,76947,21633987.40,04-Aug-2026,559,INE032B01021
PRIMO,EQ,24.5,24.84,24.04,24.12,24.27,24.3,91546,2219206.23,04-Aug-2026,497,INE607A01022
PRINCEPIPE,EQ,264.85,281,263.75,276.1,274.5,263.4,1549631,421980990.00,04-Aug-2026,24398,INE689W01016
PRSMJOHNSN,EQ,108.72,109.46,107.72,108.84,108.5,108.88,68586,7456360.39,04-Aug-2026,1777,INE010A01011
PRITI,BE,38.49,38.49,36.52,37.84,37.85,37.81,6488,243712.30,04-Aug-2026,79,INE974Z01015
PRITIKAUTO,BE,17.8,17.9,17.55,17.82,17.87,17.72,57756,1027291.65,04-Aug-2026,184,INE583R01029
PRITIKA,SM,63.95,66,63.95,64.65,66,64,6000,387900.00,04-Aug-2026,3,INE0MJQ01020
PNC,EQ,20.87,21.2,19.4,19.59,19.4,20.37,47479,937512.16,04-Aug-2026,456,INE392B01011
PRIVISCL,EQ,3585,3678,3571.4,3660.5,3624.8,3597,108893,396125049.90,04-Aug-2026,18074,INE959A01019
PRIZOR,ST,911,938,896.25,910,910,915.95,22400,20569640.00,04-Aug-2026,49,INE0V9N01017
PROFX,SM,73.45,73.75,73.45,73.75,73.75,75.5,3200,235520.00,04-Aug-2026,2,INE0VJT01017
PGHL,EQ,6539,6539,6440,6482.5,6455.5,6501.5,5589,36224802.00,04-Aug-2026,2143,INE199A01012
PROLIFE,SM,74.95,74.95,74.95,74.95,74.95,74.8,500,37475.00,04-Aug-2026,1,INE994V01012
PROPSHOP,ST,56.05,59.3,56.05,59.05,59,57.15,298000,17480500.00,04-Aug-2026,80,INE1FFX01018
PROSTARM,EQ,135,135.1,132.55,133.58,132.55,135.87,116641,15607562.63,04-Aug-2026,1435,INE0BX301013
PROTEAN,EQ,630.5,648,618.5,621.55,621,630.85,430454,272912126.05,04-Aug-2026,13022,INE004A01022
PROZONER,EQ,42.96,43.52,42.21,42.58,42.53,43.13,70084,2998713.86,04-Aug-2026,478,INE195N01013
PRUDENT,EQ,3380,3394.5,3253.2,3300.6,3255,3359.2,34190,113226541.10,04-Aug-2026,6504,INE00F201020
PRUDMOULI,BE,13.45,13.51,13,13.02,13,13.46,22014,290240.82,04-Aug-2026,47,INE024D01016
PSPPROJECT,EQ,951,965,930,934.7,937,949.55,85361,80886753.85,04-Aug-2026,4155,INE488V01015
PFS,EQ,28.41,28.65,27.73,28.07,27.88,28.41,723561,20448790.61,04-Aug-2026,3179,INE560K01014
PTC,EQ,181.6,184.39,179.9,183.44,182.05,180.11,2170561,394791044.52,04-Aug-2026,24118,INE877F01012
PTCIL,EQ,18100,18340,17941,18099,18130,17981,8064,146458694.00,04-Aug-2026,2772,INE596F01018
PTL,EQ,40,40.37,39.7,40.13,40.15,39.77,29936,1197884.01,04-Aug-2026,617,INE034D01049
PDMJEPAPER,EQ,96.9,98.14,95.05,96.71,95.05,96.3,96412,9295850.41,04-Aug-2026,1345,INE865T01018
PULZ,SM,26.1,26.1,25,25.8,25.8,24.95,8000,203800.00,04-Aug-2026,4,INE335X01014
PSB,EQ,23.79,23.97,23.56,23.87,23.9,23.76,795748,18947701.42,04-Aug-2026,3044,INE608A01012
PUNJABCHEM,EQ,1150,1155.8,1100,1111.4,1107,1151.9,13883,15604915.20,04-Aug-2026,1818,INE277B01014
PNB,EQ,113.49,114,112.64,113.99,113.99,113,7961139,904414728.09,04-Aug-2026,35351,INE160A01022
PURVA,EQ,207,210,206.5,208.47,208.15,207.67,110537,23034275.63,04-Aug-2026,4213,INE323I01011
PURPLEUTED,ST,322.9,322.9,305.85,309.85,306,321.9,64250,19985187.50,04-Aug-2026,209,INE0P5R01014
PURVFLEXI,SM,46.25,46.25,43.95,44,44,46.25,44000,1938520.00,04-Aug-2026,17,INE0R6C01012
PUSHPA,SM,106.7,108,106.7,108,108,104.5,6000,643400.00,04-Aug-2026,6,INE154801018
PVP,EQ,27.5,29.64,27.32,27.92,27.99,27.1,1142347,32646012.75,04-Aug-2026,4695,INE362A01016
PVRINOX,EQ,1140,1194.2,1131.4,1188.1,1180,1141.4,454570,530489041.70,04-Aug-2026,26262,INE191H01014
PYRAMID,EQ,185.47,188,183.2,183.9,184.56,184.97,35005,6486665.62,04-Aug-2026,708,INE0MIS01010
QLINE,SM,550,561.6,542.7,547.65,549.8,552.1,73200,40368780.00,04-Aug-2026,162,INE1G2W01011
QMSMEDI,EQ,114.41,115,111.4,114.9,115,112.3,9742,1108219.11,04-Aug-2026,583,INE0FMW01018
QUADFUTURE,EQ,360.05,362.7,351.1,353.1,352.9,360.95,108814,38831097.25,04-Aug-2026,3577,INE0LRY01011
QPOWER,BE,1166,1180,1120,1136.8,1139,1158,84506,97143112.00,04-Aug-2026,7669,INE0SII01026
QGOLDHALF,EQ,117.47,118.5,117.19,117.37,117.38,117.47,107207,12591051.99,04-Aug-2026,712,INF082J01408
QNIFTY,EQ,271,271.77,269.4,269.84,270,270.54,1763,476842.20,04-Aug-2026,105,INF082J01499
QUESS,EQ,346.95,347.8,319.1,323.05,324,345.05,1194524,394114054.70,04-Aug-2026,34748,INE615P01015
QUESTLAB,SM,90,90,88.15,90,90,91.65,8400,752940.00,04-Aug-2026,7,INE0TNW01017
QUICKHEAL,BE,160,164.75,155,155.82,158,159.3,35328,5581701.41,04-Aug-2026,644,INE306L01010
QUICKTOUCH,SM,22.5,22.5,22.5,22.5,22.5,22.5,1500,33750.00,04-Aug-2026,3,INE0K4D01020
QUINT,EQ,39,39.1,37.11,38.9,39.1,38.99,2338,89491.24,04-Aug-2026,52,INE641R01017
RKSWAMY,EQ,101.98,103.69,101.35,101.93,102,101.98,16540,1691038.02,04-Aug-2026,619,INE0NQ801033
RMDRIP,BE,18.22,18.95,18,18.24,18.14,18.62,177655,3235429.70,04-Aug-2026,549,INE219Y01026
RRIL,EQ,18.34,18.34,16.5,17.15,17.55,17.37,29874,518456.30,04-Aug-2026,139,INE951M01037
RRKABEL,EQ,2639.5,2662.4,2598.7,2641.1,2637,2631.9,499327,1316990688.50,04-Aug-2026,51424,INE777K01022
RSDFIN,EQ,134.85,146.16,133.54,145.88,146.16,132.88,156418,22302055.49,04-Aug-2026,2238,INE616F01022
RSYSTEMS,EQ,275.3,276.55,266.9,271.6,270.25,273.8,292811,79489095.70,04-Aug-2026,9649,INE411H01032
RNBDENIMS,EQ,9.08,9.18,8.95,8.99,9.08,9.08,173034,1567641.12,04-Aug-2026,582,INE012Q01039
RSSOFTWARE,BE,31.25,31.25,30.4,30.57,30.4,30.68,23521,723984.23,04-Aug-2026,71,INE165B01029
RPPINFRA,EQ,59.93,60.95,58.92,59.49,59.88,59.93,21821,1298008.61,04-Aug-2026,609,INE324L01013
RIIT,IV,117,117.22,116.1,116.6,117,116.42,294848,34328259.65,04-Aug-2026,5268,INE2PB023011
RACE,EQ,112.34,112.94,110.32,111.27,111,111.79,3189,356124.03,04-Aug-2026,74,INE084Q01012
RILINFRA,SM,38.3,38.95,37.5,38.2,38.2,38.75,12700,485090.00,04-Aug-2026,66,INE02OY01016
RACLGEAR,EQ,1292,1394.4,1288.6,1353.8,1350,1291.3,67884,92049452.70,04-Aug-2026,7153,INE704B01017
RADAAN,EQ,3.26,3.26,3.16,3.2,3.17,3.2,24906,80001.78,04-Aug-2026,103,INE874F01027
RADHIKAJWE,EQ,70.75,71.38,68.61,69.04,69,71.22,571990,39774481.54,04-Aug-2026,5073,INE583V01021
RADIANTCMS,EQ,37.57,37.7,36.9,37.57,37.58,36.97,57421,2144995.08,04-Aug-2026,521,INE855R01021
RADICO,EQ,4455,4484.8,4414.3,4450,4450,4459.1,338977,1509914205.90,04-Aug-2026,49528,INE944F01028
RADIOWALLA,ST,27.05,28.15,27.05,28.15,28.15,27.6,6400,178400.00,04-Aug-2026,4,INE430U01019
RPEL,EQ,1234,1285.1,1234,1276.5,1252.9,1245.6,41993,53369015.20,04-Aug-2026,4255,INE912T01018
RVNL,EQ,232.9,235.2,229.8,231.4,231.4,232.9,4277319,994214145.61,04-Aug-2026,33860,INE415G01027
RAILTEL,EQ,291.75,294.3,289,289.95,290.85,292.25,423772,123395195.35,04-Aug-2026,11268,INE0DD101019
RAIN,EQ,231,239.1,230.25,238.07,239,229.53,6964233,1641195260.36,04-Aug-2026,60108,INE855B01025
RAINBOW,EQ,1540.1,1586,1535,1579,1562,1545.6,159672,250174539.30,04-Aug-2026,12590,INE961O01016
ROML,EQ,45.9,45.9,44.17,44.47,44.4,45,1041,46480.10,04-Aug-2026,48,INE294G01026
RAJRILTD,BE,21.64,21.64,21.25,21.39,21.64,21.22,11257,242847.51,04-Aug-2026,113,INE533D01032
RAJTV,EQ,10.58,10.89,10.23,10.23,10.23,10.76,247885,2546722.48,04-Aug-2026,650,INE952H01027
RAJPALAYAM,EQ,830,847.95,815.1,829.55,821.6,818.85,1208,1001950.75,04-Aug-2026,97,INE296E01026
ARENTERP,EQ,38.96,39.9,38.77,39.49,39.5,38.96,1524,59790.51,04-Aug-2026,30,INE610C01014
RAJESHEXPO,BZ,84.8,86.15,84.2,84.88,84.99,84.8,80553,6852317.22,04-Aug-2026,985,INE343B01030
RCDL,SM,33.8,33.8,32.1,32.9,32.1,33.85,918000,30241350.00,04-Aug-2026,19,INE0BZQ01011
RAJMET,EQ,3.37,3.37,3.2,3.31,3.32,3.31,151665,500205.26,04-Aug-2026,592,INE00KV01022
RAJOOENG,BE,52.1,52.85,51.05,51.47,51.1,52.45,178461,9214875.61,04-Aug-2026,886,INE535F01024
RAJPUTANA,SM,201.5,207,190,203,203,203,12500,2507625.00,04-Aug-2026,22,INE0VHU01019
RAJINDLTD,SM,70.1,70.1,69.95,69.95,69.95,71.95,4500,315000.00,04-Aug-2026,3,INE0PCU01012
RSL,EQ,142.89,147.75,138.65,142.11,142.5,142.89,1569049,224972243.16,04-Aug-2026,8684,INE313L01016
RAJRATAN,EQ,520,553,515.35,540.05,538.8,513.5,796001,432601700.00,04-Aug-2026,26074,INE451D01029
RPPL,EQ,21.7,23.08,21.67,22.92,23.01,22.33,243194,5524674.86,04-Aug-2026,403,INE760W01023
RAJSREESUG,EQ,30.54,32.19,30.35,30.91,30.95,30.39,81224,2521486.90,04-Aug-2026,770,INE562B01019
RALLIS,EQ,217.82,218.9,216.6,217.6,217.8,217.82,421692,91786155.75,04-Aug-2026,14163,INE613A01020
RAMRAT,EQ,438,438,418.1,429.25,428,429.95,194310,82912976.70,04-Aug-2026,7504,INE207E01023
RAMAPHO,EQ,130.94,132,123.2,126.23,125.15,130.91,59393,7619888.24,04-Aug-2026,1023,INE809A01032
RAMASTEEL,BE,4.27,4.43,4.21,4.43,4.43,4.22,3309029,14505568.16,04-Aug-2026,3754,INE230R01035
RAMCOIND,EQ,334.25,338,327.05,327.95,327.1,332.15,118517,39218186.60,04-Aug-2026,2674,INE614A01028
RAMCOSYS,EQ,564.85,592.1,564.85,592.1,592.1,563.95,173859,102239770.95,04-Aug-2026,3578,INE246B01019
RBS,SM,90,91,87.7,90.95,90.95,90,26400,2363120.00,04-Aug-2026,25,INE0RJH01010
RKFORGE,EQ,684.55,708.8,676.15,688.7,688.2,681.15,2926912,2014685176.45,04-Aug-2026,67216,INE399G01023
RAMKY,EQ,390.65,392,385.3,389.6,389.6,389.15,21467,8355684.50,04-Aug-2026,948,INE874I01013
RANASUG,EQ,12.5,13.44,12.42,12.95,12.97,12.52,726847,9446617.34,04-Aug-2026,1636,INE625B01014
RML,EQ,1224.9,1224.9,1167.5,1173.6,1172.1,1210.8,24739,29279741.40,04-Aug-2026,2595,INE050H01012
RANEHOLDIN,EQ,1894.5,1894.5,1827.8,1864.6,1860,1872.6,23877,44471542.30,04-Aug-2026,3269,INE384A01010
RAPPID,SM,325,347.7,325,325.6,325.6,325,3000,992910.00,04-Aug-2026,5,INE0MVO01012
RPTECH,EQ,892,900,855,870.9,873,883.65,669266,591190272.45,04-Aug-2026,27904,INE0J1F01024
RCF,EQ,128,128.4,126.85,127.01,127,127.62,395675,50461948.37,04-Aug-2026,4398,INE027A01015
RATEGAIN,EQ,974,987,953.5,970.7,972,965.4,601765,582444291.55,04-Aug-2026,39969,INE0CLI01024
RATNAMANI,EQ,2371.8,2393.6,2348,2374.3,2371,2371.8,12299,29136810.50,04-Aug-2026,2699,INE703B01027
RATNAVEER,EQ,207.79,215.5,206.23,209.33,207.94,205.79,18731333,3944156880.49,04-Aug-2026,116455,INE05CZ01011
RTNINDIA,EQ,33.12,33.21,32.5,32.53,32.52,33.11,783070,25641506.67,04-Aug-2026,3851,INE834M01019
RTNPOWER,EQ,8.8,8.85,8.71,8.74,8.73,8.8,12680644,111400999.44,04-Aug-2026,8943,INE399K01017
RKDL,EQ,18.66,19.27,18.66,19.18,19.21,19.14,2805,53791.59,04-Aug-2026,81,INE722J01012
RVHL,EQ,46,46,45,45.16,45.68,45.97,3387,154110.66,04-Aug-2026,63,INE09E501017
RELTD,EQ,166,169.49,162.92,168.56,167.75,166.81,240637,40017771.41,04-Aug-2026,4779,INE206N01018
RAYMONDLSL,EQ,730,767,730,743.8,744.9,727.3,405689,304919719.25,04-Aug-2026,14083,INE02ID01020
RAYMOND,EQ,606,608.4,595.05,605.1,600,602,548439,329480833.95,04-Aug-2026,10644,INE301A01014
RAYMONDREL,EQ,672,682,665.05,672.7,672,669.75,315490,212727695.10,04-Aug-2026,8830,INE1SY401010
RBLBANK,EQ,379.95,384.5,377.2,380.55,380.55,379.95,2210039,843518690.55,04-Aug-2026,32598,INE976G01028
RBMINFRA,SM,266.45,280.95,266.45,266.7,267.05,266.45,16200,4379070.00,04-Aug-2026,65,INE0NA301016
RBZJEWEL,EQ,153.25,153.25,148.01,151.08,151.5,152.54,75877,11432242.40,04-Aug-2026,1860,INE0PEQ01016
READYMIX,SM,110.85,115,108,112.4,114.9,107.75,37000,4114800.00,04-Aug-2026,30,INE10QL01011
RECLTD,EQ,368.15,370.8,366.8,368,368,368.1,3526856,1301910537.30,04-Aug-2026,31658,INE020B01018
REDINGTON,EQ,349.8,353.9,340,349.6,349,347.85,18684536,6513023153.00,04-Aug-2026,152393,INE891D01026
REDTAPE,EQ,130.7,132,129.11,130.49,129.5,130.79,237135,30992847.98,04-Aug-2026,3576,INE0LXT01019
REFEX,EQ,306.8,309.5,304,306.35,305,306.8,260567,79796864.90,04-Aug-2026,4482,INE056I01025
REFRACTORY,SM,26.5,26.5,26.5,26.5,26.5,26,2000,53000.00,04-Aug-2026,2,INE0TNX01015
REGAAL,BE,87.7,90.26,86,89.99,90,85.97,352483,31519572.99,04-Aug-2026,1422,INE0MHO01029
REGENCERAM,EQ,33.98,34.95,30.21,33.84,34,32.9,3707,122011.87,04-Aug-2026,125,INE277C01012
RELAXO,EQ,408.9,413.4,405.65,406.6,407,408.7,146819,59963898.40,04-Aug-2026,4542,INE131B01039
GILT5YBEES,EQ,66.2,66.35,66.01,66.13,66.06,66.18,241382,15976304.02,04-Aug-2026,538,INF204KC1030
RELIABLE,EQ,148,149.7,141.1,142.44,144.88,146.37,41571,6061826.13,04-Aug-2026,474,INE375Y01018
RELCHEMQ,EQ,124.91,126.9,123,126.19,126.9,124.83,1579,198031.45,04-Aug-2026,62,INE750D01016
RCOM,BE,0.85,0.85,0.83,0.83,0.84,0.84,2228188,1868875.01,04-Aug-2026,1412,INE330H01018
RHFL,BZ,1.87,1.88,1.84,1.86,1.87,1.88,585823,1090830.70,04-Aug-2026,859,INE217K01011
RIIL,EQ,750,750,741.55,745,744.3,746.85,28654,21348413.80,04-Aug-2026,1478,INE046A01015
RELIANCE,EQ,1315,1315,1286.4,1290.9,1290.9,1319,10759546,13948179020.50,04-Aug-2026,216789,INE002A01018
RELINFRA,BE,66.19,66.19,66.19,66.19,66.19,63.04,29171,1930828.49,04-Aug-2026,241,INE036A01016
RPOWER,EQ,23.92,24.35,23.77,24.07,24.1,23.87,17348078,417187471.08,04-Aug-2026,27748,INE614G01033
RELIGARE,EQ,258.35,262.05,256,256.5,257,261.1,336620,86988077.75,04-Aug-2026,5117,INE621H01010
REMSONSIND,EQ,83.44,84.99,82.05,82.61,82.05,83.44,39519,3283506.70,04-Aug-2026,709,INE474C01023
REMUS,SM,783,799,782,788.8,793,766,6700,5296155.00,04-Aug-2026,52,INE0O5T01011
RGL,EQ,115.5,117.8,114,117.11,116.5,115.5,172545,19900134.58,04-Aug-2026,1638,INE722H01024
RNPL,SM,81.4,82.75,81.4,82.75,82.75,84.75,3600,295740.00,04-Aug-2026,3,INE0VZX01015
REPCOHOME,EQ,387.85,389.6,381,383.05,381,385.95,49751,19139813.50,04-Aug-2026,1828,INE612J01015
REPRO,EQ,419.7,419.7,390.25,393.8,393,398.7,100694,41022885.40,04-Aug-2026,3508,INE461B01014
RESPONIND,EQ,172.2,178.5,172.2,176.49,175.75,173.3,126857,22310268.64,04-Aug-2026,2403,INE688D01026
RBA,EQ,78.9,84.91,76.73,84.91,84.91,70.76,114839192,9377448807.37,04-Aug-2026,207029,INE07T201019
RVTH,EQ,706.5,712.4,697,704.1,704.1,706.65,405,285090.80,04-Aug-2026,12,INE0DAB01012
REXPRO,SM,40.05,40.05,39,39,39,38.3,3000,118100.00,04-Aug-2026,3,INE113601012
RFBL,ST,82.15,88,82.15,88,88,86.45,12000,1014450.00,04-Aug-2026,4,INE0V2V01015
RHETAN,EQ,31.75,32.13,31.75,31.76,31.78,31.12,7535787,239922538.82,04-Aug-2026,2681,INE0KKN01029
RHIM,EQ,415.75,415.95,407.05,408.35,408,412.25,167228,68562259.15,04-Aug-2026,5998,INE743M01012
RICOAUTO,EQ,142,150.48,142,145.75,144.49,142.07,4577901,674020339.26,04-Aug-2026,34352,INE209B01025
RIR,EQ,160.43,161.2,158,159.26,158.01,159.25,63897,10194081.11,04-Aug-2026,1754,INE302D01024
RISHABH,EQ,654.8,660.5,647.05,653,649,650.2,85575,55985122.25,04-Aug-2026,6250,INE0N2P01017
RITCO,EQ,298.4,318,297.3,310.6,308,301.25,429683,133692779.35,04-Aug-2026,12659,INE01EG01016
RITEZONE,SM,19.05,19.05,19.05,19.05,19.05,18.15,6400,121920.00,04-Aug-2026,3,INE0MRA01019
RITES,EQ,220.95,221,214.01,216.14,215.9,219.31,1375609,298937353.48,04-Aug-2026,24327,INE320J01015
RKEC,EQ,26.97,26.97,26.5,26.84,26.88,26.4,16659,447264.47,04-Aug-2026,100,INE786W01010
RMC,EQ,304,337,286.05,331.05,331.9,292.15,768833,249219602.35,04-Aug-2026,20345,INE655V01019
RNFI,SM,289,295,282,285,285,285.05,29400,8533440.00,04-Aug-2026,47,INE0SA001017
RHL,EQ,172.9,179.34,172.13,175.64,177,172.99,7422,1300347.62,04-Aug-2026,257,INE508K01013
ROCKINGDCE,SM,187.6,187.6,187,187.25,187,181,1250,234050.00,04-Aug-2026,3,INE0PTR01012
ROLEXRINGS,EQ,139.1,143.5,138.3,141.34,140.5,139.1,1273948,179622458.83,04-Aug-2026,16657,INE645S01024
ROLLT,BE,2.7,2.7,2.7,2.7,2.7,2.58,194049,523932.30,04-Aug-2026,72,INE927A01040
ROSSARI,EQ,507.85,517.45,506.6,512.9,511,508.25,48975,25172771.20,04-Aug-2026,2338,INE02A801020
ROSSELLIND,EQ,59.97,59.97,57.76,58.22,58.49,58.74,18362,1068847.36,04-Aug-2026,443,INE847C01020
ROSSTECH,EQ,1060,1078.35,1033,1064.2,1065,1067.1,252411,267879078.30,04-Aug-2026,17188,INE0OJW01016
ROTO,EQ,67.57,67.89,66.3,66.48,66.3,67.48,263017,17599900.68,04-Aug-2026,2558,INE535D01037
ROUTE,EQ,535,540,530.35,532.6,531.7,537.05,207965,111159446.55,04-Aug-2026,8505,INE450U01017
ROXHITECH,SM,48.9,48.9,45.9,47,47,46.55,30400,1420160.00,04-Aug-2026,19,INE0PDJ01013
ROYALARC,SM,151,153,151,153,153,148,3600,548340.00,04-Aug-2026,3,INE0EO401019
ROHLTD,EQ,315,315.55,312,313.55,312.6,313.8,12740,3994149.60,04-Aug-2026,470,INE283H01019
RPGLIFE,EQ,2784.2,2791.8,2727.1,2745.7,2732.5,2756.8,8328,22964257.80,04-Aug-2026,2096,INE105J01010
RPSGVENT,EQ,955,964.6,946.05,959.85,955,952.3,27759,26575963.60,04-Aug-2026,1492,INE425Y01011
RSWM,BE,223,235.99,223,235.26,235.95,224.76,294639,69248912.71,04-Aug-2026,1505,INE611A01016
RUBFILA,EQ,71,72.4,70.61,71.57,70.84,71.45,16889,1207143.60,04-Aug-2026,204,INE642C01025
RUBICON,EQ,1498,1522.1,1461.6,1516.4,1491,1500.8,224555,335441860.70,04-Aug-2026,21375,INE506V01022
RUCHINFRA,EQ,6.1,6.1,5.75,5.78,5.81,5.89,67431,389796.55,04-Aug-2026,163,INE413B01023
RUCHIRA,EQ,109.59,109.6,107.97,108.87,108.8,108.09,19939,2169906.87,04-Aug-2026,435,INE803H01014
RUDRA,EQ,18,18.49,17.83,18.32,18.39,18.06,34009,618772.13,04-Aug-2026,123,INE027T01023
REPL,BE,62.15,66.67,62.15,65.99,65.99,65.08,2183,139080.74,04-Aug-2026,35,INE364Z01019
RULKA,SM,113.9,113.9,112,112,112,111.25,3300,372180.00,04-Aug-2026,11,INE0R7301013
RUPA,EQ,164.2,165.45,162,162.88,163.98,163.63,69962,11445818.88,04-Aug-2026,2532,INE895B01021
RUSHIL,EQ,17.15,18.95,16.85,18.28,18.46,16.99,3875947,70227573.42,04-Aug-2026,4815,INE573K01025
SATECH,SM,34.7,34.7,34.55,34.55,34.55,36.1,2000,69250.00,04-Aug-2026,2,INE0BSN01013
SCHAND,EQ,144.35,145.98,143.5,144.31,143.5,144.7,11100,1604921.30,04-Aug-2026,566,INE807K01035
SDREAMS,SM,88,88,88,88,88,88,3000,264000.00,04-Aug-2026,3,INE0X6F01017
SHK,EQ,166.5,167,162.12,165.77,166.35,166.54,594231,98060463.68,04-Aug-2026,8349,INE500L01026
SJLOGISTIC,SM,327.8,329.7,316,318.2,317,322.3,51750,16727537.50,04-Aug-2026,122,INE0F3301020
S&SPOWER,EQ,337.7,345.15,318,322.45,320,334.35,3802,1268321.65,04-Aug-2026,108,INE902B01017
SPAL,EQ,980,1034.95,963.55,1032.4,1034,988.7,226883,229103614.90,04-Aug-2026,15962,INE212I01016
SALSTEEL,EQ,57.99,59.87,56.05,56.95,56.49,57.69,77739,4485846.87,04-Aug-2026,596,INE658G01014
SAAKSHI,ST,301,301,301,301,301,305,600,180600.00,04-Aug-2026,1,INE0PSK01027
SAATVIKGL,EQ,435,437.8,417.15,426.3,428,437.8,106085,45246313.05,04-Aug-2026,4029,INE13B501022
SABEVENTS,EQ,6.63,6.63,6.63,6.63,6.63,6.32,329,2181.27,04-Aug-2026,5,INE860T01019
SABAR,SM,6.7,6.75,6.55,6.55,6.55,6.45,75000,499500.00,04-Aug-2026,7,INE0DZ101013
SACHEEROME,SM,416.2,423.45,410,415.55,410,416.2,13500,5646405.00,04-Aug-2026,40,INE1ARD01016
SADBHAV,EQ,8.73,8.98,8.35,8.57,8.8,8.64,233177,2029538.34,04-Aug-2026,649,INE226H01026
SADBHIN,BE,2.58,2.58,2.49,2.49,2.5,2.52,67214,169446.60,04-Aug-2026,124,INE764L01010
SADHNANIQ,BE,2.92,2.92,2.85,2.92,2.92,2.79,3482341,10162819.44,04-Aug-2026,767,INE888C01040
SADHAV,SM,120.5,121.5,118,119,119,120.15,10800,1291260.00,04-Aug-2026,13,INE0K5H01010
SAFARI,EQ,1557.3,1569.7,1475.1,1512.9,1505,1548.1,138551,209903966.20,04-Aug-2026,14755,INE429E01023
SAFEENTP,SM,256.15,256.15,245.4,250.35,249.5,261.6,47000,11745625.00,04-Aug-2026,91,INE17D601016
SAGCEM,EQ,172.7,174.2,172.57,172.94,172.95,172.67,15875,2746145.68,04-Aug-2026,470,INE229C01021
SAGARDEEP,EQ,24.99,24.99,24.56,24.58,24.82,24.49,637,15708.88,04-Aug-2026,18,INE976T01013
SAGILITY,EQ,43.88,44.58,43.4,44.09,44.04,43.88,26219384,1158635410.37,04-Aug-2026,46446,INE0W2G01015
SAHAJSOLAR,SM,115.65,115.65,111,113.45,113.2,115.6,12400,1403140.00,04-Aug-2026,29,INE0P4701011
SAHANA,SM,820.6,828.1,790,804.4,805,831.6,32850,26452837.50,04-Aug-2026,135,INE0LEX01011
SAHASRA,ST,337,337,317,319.5,318.05,325.75,24000,7788100.00,04-Aug-2026,49,INE0RBQ01018
SAHYADRI,EQ,327.05,328.5,320,321.4,323,326.9,6399,2065152.95,04-Aug-2026,430,INE280H01015
SAILIFE,EQ,1339,1380,1333.4,1366.4,1372.2,1333.4,423531,575619609.60,04-Aug-2026,27014,INE570L01029
SAIPARENT,EQ,546.6,549.7,529.65,531.7,530,554.55,147217,78625492.20,04-Aug-2026,5808,INE0H9F01037
KALAMANDIR,EQ,90.03,90.95,88.01,88.26,88.01,90.03,509017,45280272.90,04-Aug-2026,4060,INE438K01021
SAJHOTELS,ST,37.95,38.55,37.95,38.55,38.55,36.75,18000,689000.00,04-Aug-2026,7,INE00MT01022
SAKAR,EQ,929.9,929.9,902,916.05,916,922.5,60702,55484477.30,04-Aug-2026,5406,INE732S01012
SAKSOFT,EQ,178.6,179,173.86,177.84,176.8,176.57,670156,118505693.50,04-Aug-2026,8695,INE667G01023
SAKHTISUG,EQ,17.6,18.02,17.44,17.74,17.79,17.44,193531,3447584.87,04-Aug-2026,892,INE623A01011
SAKUMA,EQ,1.65,1.66,1.63,1.63,1.63,1.64,659633,1083863.90,04-Aug-2026,589,INE190H01024
SALASAR,EQ,5.88,5.95,5.87,5.92,5.89,5.9,1762304,10435837.16,04-Aug-2026,1876,INE170V01027
SALONA,EQ,248,255.99,248,251.68,248,248.06,304,75896.12,04-Aug-2026,27,INE498E01010
SALZERELEC,EQ,591.3,618,590,612.1,612.5,591.3,67903,41391045.60,04-Aug-2026,3707,INE457F01013
SAMBHAAV,EQ,6.58,6.7,6.42,6.49,6.5,6.58,19175,125705.63,04-Aug-2026,76,INE699B01027
SAMBHV,EQ,122.57,129.5,121.38,124.73,124.7,119.96,11479123,1448423725.84,04-Aug-2026,65187,INE12NJ01018
SAIFL,SM,5,5.05,5,5.05,5.05,5.05,164000,821000.00,04-Aug-2026,32,INE0PZA01015
SAMHI,EQ,179,179,170.4,171.75,170.65,181.68,2382403,413928728.55,04-Aug-2026,28113,INE08U801020
SAMMAANCAP,EQ,161.19,162.49,159.73,160.28,160.18,161.08,4560041,733930776.89,04-Aug-2026,19829,INE148I01020
SAMPANN,EQ,27.06,27.78,27.06,27.08,27.06,27.14,2980,81367.51,04-Aug-2026,54,INE735M01018
MOTHERSON,EQ,155.01,155.87,148.34,151,151,155.01,26900441,4060520987.61,04-Aug-2026,151916,INE775A01035
SANATHAN,EQ,462.05,482.8,462.05,477.95,480.5,484.8,99034,46701881.30,04-Aug-2026,2525,INE0JPD01013
SANDESH,EQ,1000,1023.45,978,1001.7,1000,989.6,1057,1053931.40,04-Aug-2026,156,INE583B01015
SANDHAR,EQ,648.05,666.6,636,645.35,637,647.95,322579,211034840.10,04-Aug-2026,10718,INE278H01035
SANDUMA,EQ,212.07,214.05,209.05,210.98,210.51,212.05,516814,109298816.51,04-Aug-2026,7225,INE149K01016
SANGAMIND,EQ,609.5,621,607,613.3,614,609.5,21486,13186459.90,04-Aug-2026,1512,INE495C01010
SANGANI,SM,44.85,44.85,42.2,43.9,43.9,44.4,24000,1052325.00,04-Aug-2026,8,INE0OVI01010
SANGHVIMOV,EQ,439.45,442.85,428,438.55,436,437.5,419502,181963156.40,04-Aug-2026,12020,INE989A01032
SANGINITA,BE,62.78,62.78,62.78,62.78,62.78,64.06,7335,460491.30,04-Aug-2026,54,INE753W01010
SANOFICONR,EQ,4559.2,4559.2,4520,4529.2,4520.4,4539.5,1602,7254221.90,04-Aug-2026,557,INE0UOS01011
SANOFI,EQ,3389,3401,3363.7,3394.3,3395,3381.8,17756,60208165.10,04-Aug-2026,3180,INE058A01010
SANSERA,EQ,3468,3550,3443.6,3508.7,3500.1,3452.7,248124,869050833.90,04-Aug-2026,31709,INE953O01021
SANSTAR,EQ,117,118.49,115.72,116.74,116.2,116.85,238018,27865346.70,04-Aug-2026,2860,INE08NE01025
SANWARIA,BZ,0.21,0.21,0.21,0.21,0.21,0.2,228366,47956.86,04-Aug-2026,71,INE890C01046
SAPPHIRE,EQ,187,194.53,185.12,192.3,192,187.48,960476,183960482.10,04-Aug-2026,16319,INE806T01020
SARTELE,SM,119,119.95,118,119.4,119.55,120.25,41000,4867400.00,04-Aug-2026,69,INE0PUC01020
ZSARACOM,EQ,12119,12281,11862,12048,12048,12179,53,636791.00,04-Aug-2026,21,INE967G01019
SSDL,EQ,54.8,55.8,54.03,54.91,54.51,54.06,53658,2945665.26,04-Aug-2026,1870,INE0PQ101010
SARDAEN,EQ,518.05,527,505.5,509.4,508.9,516.2,350239,181439149.60,04-Aug-2026,14854,INE385C01021
SAREGAMA,EQ,511.95,547.5,493.7,542.55,545.5,514.2,6169224,3247524279.55,04-Aug-2026,162162,INE979A01025
SARLAPOLY,EQ,101.51,102.6,100.62,101.53,101,101.51,47572,4840334.05,04-Aug-2026,681,INE453D01025
SMLT,EQ,68.1,71.34,68.1,70.08,70.39,69,23106,1627335.47,04-Aug-2026,384,INE017W01010
SARVESHWAR,EQ,3.4,3.45,3.35,3.41,3.41,3.38,785719,2682198.95,04-Aug-2026,1168,INE324X01026
SASKEN,EQ,1997.4,1997.4,1997.4,1997.4,1997.4,1902.3,18668,37287463.20,04-Aug-2026,335,INE231F01020
SATKARTAR,SM,130.5,130.5,124,125.3,126.5,133.3,80800,10251440.00,04-Aug-2026,85,INE0NB801022
SSEGL,SM,344,360,342,356.6,356,337,48200,17092790.00,04-Aug-2026,203,INE0RFP01011
SATIPOLY,ST,42.9,42.9,42.9,42.9,42.9,42.9,500,21450.00,04-Aug-2026,1,INE0RPM01017
SATIA,EQ,62.5,63.33,61.72,62.49,62.5,62.5,118525,7415117.47,04-Aug-2026,1230,INE170E01023
SATIN,EQ,234.16,241.98,229.54,235.05,234.01,230.7,766121,181220186.57,04-Aug-2026,10880,INE836B01017
SATTVAENGG,SM,84.2,85,84.1,84.1,84.1,84.2,8000,675040.00,04-Aug-2026,5,INE14DW01018
SAURASHCEM,EQ,59.75,63.2,59.4,62.32,62.68,60.14,149374,9148996.40,04-Aug-2026,1684,INE626A01014
SOTL,EQ,632,650.25,622.25,643,643.5,630.1,327137,209890165.95,04-Aug-2026,11104,INE035D01020
SAVY,SM,120,120,120,120,120,118.45,1200,144000.00,04-Aug-2026,1,INE0UCN01017
SAWALIYA,SM,293,294,286,292,292.6,294.15,76800,22370700.00,04-Aug-2026,67,INE10VS01016
SAYAJIHOTL,EQ,310.85,312.15,310.8,312,312,304.75,135,42032.40,04-Aug-2026,6,INE318C01014
SBC,EQ,42.18,42.5,40.72,41.53,41.1,41.99,7184232,299517318.79,04-Aug-2026,6255,INE04AK01028
SBFC,EQ,92,93,91.74,92.17,92.3,92.08,566352,52380778.31,04-Aug-2026,9829,INE423Y01016
SBICARD,EQ,668.35,668.4,657.7,658,658,665.05,686610,454834052.75,04-Aug-2026,27482,INE018E01016
SBIFUNDS,EQ,585,588,568.75,569.7,569.55,588.05,4878368,2795457580.75,04-Aug-2026,106983,INE640G01020
SBILIFE,EQ,1901,1909.8,1856.6,1899,1899,1915,1516326,2840430649.20,04-Aug-2026,57732,INE123W01016
SETFGOLD,EQ,121.7,124.05,120.7,120.97,120.95,121.03,3999584,483749496.55,04-Aug-2026,9082,INF200KA16D8
SETFNIF50,EQ,264.58,268.6,263.22,263.77,263.89,264.58,678228,179206120.20,04-Aug-2026,4791,INF200KA1FS1
SETFNIFBK,EQ,593.56,595.15,589.56,590.95,589.56,594.08,19122,11318682.69,04-Aug-2026,557,INF200KA1580
SETFNN50,EQ,801.48,801.48,773.93,789.01,785.15,795.3,39099,31080964.65,04-Aug-2026,1345,INF200KA1598
LIQUIDSBI,EQ,1000,1000,999.99,999.99,999.99,1000,3890,3889962.86,04-Aug-2026,17,INF200KA13Z8
SBIBPB,EQ,49.34,49.38,48.9,49.01,49.03,48.98,39125,1920428.21,04-Aug-2026,286,INF200KB1712
SBIETFCON,EQ,124.4,126,124.4,125.05,125,124.4,5450,685335.55,04-Aug-2026,130,INF200KA1X17
SBIETFIT,EQ,348.05,351.39,346.05,347.41,348,349.87,15322,5325274.50,04-Aug-2026,229,INF200KA1S14
SBIETFPB,EQ,283.45,284.5,282,283.35,284.5,283.58,3443,975665.42,04-Aug-2026,96,INF200KA1S22
SBIETFQLTY,EQ,228,228.64,226.26,227.02,227.02,226.27,3062,697264.92,04-Aug-2026,54,INF200KA1WX6
SBILIQETF,EQ,1050.31,1050.33,1050.31,1050.33,1050.33,1050.21,20373,21398239.95,04-Aug-2026,38,INF200KB1969
SBIMIDMOM,EQ,63,63.76,63,63.54,63.6,63.25,18970,1202955.11,04-Aug-2026,115,INF200KB1AJ0
SBINEQWETF,EQ,33.39,34.64,33.39,33.87,33.41,34.25,34643,1183890.94,04-Aug-2026,306,INF200KB1282
SBINMID150,EQ,23.54,23.58,23.3,23.44,23.58,23.43,102672,2411207.68,04-Aug-2026,193,INF200KB1AK8
SBISILVER,EQ,211.66,213.07,211.66,212.3,212.64,211.66,523634,111265676.02,04-Aug-2026,4192,INF200KB1217
SBISMLETF,EQ,17.98,18.3,17.98,18.23,18.2,18.17,64174,1169710.27,04-Aug-2026,161,INF200KB1AY9
SBIVALETF,EQ,15.11,15.15,15.04,15.11,15.11,15.11,3814,57536.76,04-Aug-2026,37,INF200KB1AX1
SETF10GILT,EQ,263.01,264.99,263.01,264.95,264.96,263.97,4548,1202333.49,04-Aug-2026,38,INF200KA1JT1
SCANSTL,BE,59.59,62.59,57.8,62.42,62.58,59.61,187821,11535267.17,04-Aug-2026,420,INE099G01011
SCHAEFFLER,EQ,4060,4110,4045,4055.5,4059.9,4069.2,26698,108711710.90,04-Aug-2026,6628,INE513A01022
SCHNEIDER,EQ,1341.1,1375,1328.6,1333.9,1328.6,1346.1,148573,201026440.90,04-Aug-2026,15184,INE839M01018
SCL271224A,N1,1150,1150,1150,1150,1150,1122,10,11500.00,04-Aug-2026,1,INE148I07VN8
SCL271224B,N1,1149,1149,1149,1149,1149,1100,50,57450.00,04-Aug-2026,3,INE148I07VG2
879SCL30,N0,99054.63,99054.63,99054.63,99054.63,99054.63,99054.63,16,1584874.08,04-Aug-2026,1,INE148I07YI2
965SCL26Y,N1,1075,1075,1075,1075,1075,1050,50,53750.00,04-Aug-2026,2,INE148I07VW9
965SCL27,N1,1020.2,1020.2,1020.2,1020.2,1020.2,1035.8,10,10202.00,04-Aug-2026,1,INE148I07WE5
971SCL30,N1,1015.12,1020.7,1013.58,1020.7,1020.7,1013.58,2215,2253807.50,04-Aug-2026,7,INE148I07WP1
975SCL28A,N0,109746.33,109746.33,109746.33,109746.33,109746.33,109718.63,200,21949266.00,04-Aug-2026,43,INE148I07TY9
990SCL28,N1,1039.72,1039.72,1039.72,1039.72,1039.72,1038.15,50,51986.00,04-Aug-2026,1,INE148I07WI6
SCODATUBES,EQ,151,153,149.2,150.66,150,150.82,90105,13600606.24,04-Aug-2026,1842,INE090501011
745AP38,SG,99.17,99.17,99.17,99.17,99.17,95,100,9917.00,04-Aug-2026,1,IN1020230802
807AP51,SG,100,100,100,100,100,100,100,10000.00,04-Aug-2026,1,IN1020260023
71MH36,SG,93.5,93.5,93.5,93.5,93.5,96.25,200,18700.00,04-Aug-2026,1,IN2220210206
712MH47,SG,95,95,95,95,95,95,1000,95000.00,04-Aug-2026,1,IN2220250186
791MH39,SG,101,101,101,101,101,100,100,10100.00,04-Aug-2026,1,IN2220260029
789TS36,SG,95.48,95.48,95.48,95.48,95.48,100,100,9548.00,04-Aug-2026,1,IN4520220224
782UP46,SG,100.25,100.25,100.25,100.25,100.25,100.1,100,10025.00,04-Aug-2026,1,IN3320260042
807WB38,SG,95,95,95,95,95,100,100,9500.00,04-Aug-2026,1,IN3420220078
935LTF29,N5,1100,1100,1100,1100,1100,1075.26,40,44000.00,04-Aug-2026,4,INE027E07972
SEAMECLTD,EQ,1450,1503,1450,1480.5,1480,1457.2,90260,133727108.30,04-Aug-2026,8516,INE497B01018
IIFLZC26,NN,1485,1485,1471.2,1472.48,1471.2,1485,160,235810.20,04-Aug-2026,4,INE530B07187
1003ISFL28,N4,1002.2,1011.01,1002.2,1011.01,1011.01,1015,552,557746.40,04-Aug-2026,7,INE413U07269
890SFIL23A,NZ,415,415,410,415,415,420,111,45865.00,04-Aug-2026,9,INE244L07523
925SCL28C,BS,620.4,769.3,620.4,769.3,769.3,641.1,28,20647.00,04-Aug-2026,4,INE148I07PL4
1015SCL28A,AL,381.4,381.4,381.4,381.4,381.4,381.4,6,2288.40,04-Aug-2026,1,INE148I07OH5
1025SCL34A,ZT,1033,1033,1033,1033,1033,1033,100,103300.00,04-Aug-2026,1,INE148I07TN2
1025SCL34B,N1,1010,1010,1010,1010,1010,990.2,10,10100.00,04-Aug-2026,1,INE148I07UV3
888SCL25E,N4,949.49,949.49,949.49,949.49,949.49,800.4,40,37979.60,04-Aug-2026,2,INE148I07PV3
1050ISFL28,N5,1059.8,1059.8,1059.8,1059.8,1059.8,1059.8,78,82664.40,04-Aug-2026,1,INE413U07251
1065NFL27,NC,1015,1026,1015,1026,1026,1027,157,159597.00,04-Aug-2026,6,INE342T07460
1075SCL33A,N2,950,950,950,950,950,942.5,10,9500.00,04-Aug-2026,1,INE148I07PT7
980SCL33,NX,900,900,900,900,900,930,110,99000.00,04-Aug-2026,3,INE148I07QZ2
79NHIT35,N1,314,314,311,312.24,312.25,312.56,304,94925.50,04-Aug-2026,7,INE0H7R07017
79NHIT40,N2,310.05,318.99,310.05,311.08,311.08,309.02,735,228540.00,04-Aug-2026,31,INE0H7R07025
79NHIT47,N3,419,419,418.99,419,419,420,465,194833.00,04-Aug-2026,7,INE0H7R07033
820IIFL27,N9,998.9,998.9,994.5,995.5,996,996,604,600950.60,04-Aug-2026,8,INE477L07AN9
82IGT31,NJ,1026.15,1030,1026.11,1030,1030,1025.25,500,513349.00,04-Aug-2026,5,INE219X07264
925IHFL25E,N8,1020.8,1020.8,1020.8,1020.8,1020.8,1038.9,251,256220.80,04-Aug-2026,2,INE121A07RF6
84CIFCL28,NA,970.2,1019,970.2,1017,1017,1020,280,283790.00,04-Aug-2026,11,INE121A07RE9
842IIFL26,NL,997,999.88,996.16,997.5,997.5,999.08,3271,3260892.33,04-Aug-2026,18,INE530B07161
865IFL28,NZ,990.01,990.01,987.02,987.02,987.02,990,258,255398.66,04-Aug-2026,2,INE530B07385
865IIFL28,NS,993.99,993.99,988.76,990.99,990.99,989.67,707,699507.00,04-Aug-2026,13,INE530B07310
889SCFL27,YC,990,990,990,990,990,996.29,550,544500.00,04-Aug-2026,9,INE148I07LE8
889SCL27,YT,999,999,999,999,999,999.9,500,499500.00,04-Aug-2026,7,INE148I07LV2
89IHFL29,N1,980,980,980,980,980,990,101,98980.00,04-Aug-2026,2,INE477L07BG1
897MOFSL29,N4,1030,1030,1027,1030,1030,1030,215,220895.00,04-Aug-2026,3,INE338I07164
9IHFL27,N1,1050.03,1050.03,1050.03,1050.03,1050.03,1049.52,127,133353.81,04-Aug-2026,1,INE477L07BC0
9PFL31A,NA,1017,1017,1015,1015,1015,1024.05,223,226531.10,04-Aug-2026,6,INE516Y07428
925SCL29A,ZM,987.24,987.24,987.24,987.24,987.24,987.24,195,192511.80,04-Aug-2026,1,INE148I07TQ5
935MOFSL29,N5,1045.1,1045.1,1045,1045,1045,1045,135,141080.00,04-Aug-2026,3,INE338I07107
948SCL27D,N1,1045,1045,1045,1045,1045,1003,2,2090.00,04-Aug-2026,1,INE148I07UC3
915SCL27,Z7,1053.9,1060.81,1053,1060.81,1060.81,1069.8,60,63262.60,04-Aug-2026,4,INE148I07ME6
965AEL27,N4,1105,1105,1105,1105,1105,1099.98,247,272935.00,04-Aug-2026,7,INE423A07328
970CAGL28,ND,1042,1042,1025,1030,1030,1030,22,22622.00,04-Aug-2026,6,INE741K07579
99AEL29,N7,1149,1159,1146.9,1150,1150,1146.62,560,644093.00,04-Aug-2026,12,INE423A07344
CIFC26A,N9,1263.75,1264,1263.75,1263.97,1263.97,1263.75,939,1186849.49,04-Aug-2026,11,INE121A07RD1
CIFCZC26,NF,1244,1244,1244,1244,1244,1213,100,124400.00,04-Aug-2026,1,INE121A07RK6
AEL120924A,N5,1200,1200,1200,1200,1200,1200,50,60000.00,04-Aug-2026,1,INE423A07377
CIFCZC28A,N5,1299,1299,1292,1294.5,1292,1292,160,207660.00,04-Aug-2026,7,INE121A07QX1
1015ECL29,NR,1018,1024.99,1018,1024.34,1024.99,1018,186,189512.91,04-Aug-2026,5,INE804IA7014
81TCHF28,N8,1012.99,1012.99,1006,1010,1010,1012.99,74,74576.87,04-Aug-2026,6,INE033L07GS6
84TCHF28,NA,1050.2,1052,1050,1052,1052,1060,991,1040887.00,04-Aug-2026,9,INE033L07GU2
865SCL26,N8,995.04,1000,995.04,1000,1000,997.34,105,104975.20,04-Aug-2026,2,INE148I07GJ7
875SFL27,ZF,1004,1004,1004,1004,1004,1004,5,5020.00,04-Aug-2026,1,INE721A07PK7
9SCL26BA,NA,1068.88,1074.93,1068,1074.85,1074.85,1066.75,1497,1608585.63,04-Aug-2026,14,INE148I07GL3
930SFL28,YP,1045,1045,1045,1045,1045,1040,20,20900.00,04-Aug-2026,3,INE721A07OC7
957ICCL25,YW,1045,1045,1045,1045,1045,1039,30,31350.00,04-Aug-2026,3,INE721A07ON4
94SFL28,YL,1045,1045,1021,1041,1041,1041,927,962007.00,04-Aug-2026,22,INE721A07NX5
943ECL28,NJ,1001.5,1001.5,1000,1001.5,1001.5,1003.5,109,109063.93,04-Aug-2026,6,INE804I078Y8
97SFL26,Z9,1085,1085,1080,1080,1080,1085,3147,3398868.00,04-Aug-2026,32,INE721A07PE0
985ECL28,NK,1007.88,1007.88,1003,1003.12,1003,1004.97,510,513486.98,04-Aug-2026,12,INE804I079Y6
SFLZC26A,ZC,1895,1895,1895,1895,1895,1895,2,3790.00,04-Aug-2026,2,INE721A07PH3
SECMARK,EQ,128.4,128.4,124.01,124.21,126.36,124.46,1383,172038.25,04-Aug-2026,38,INE0BTM01013
SECURKLOUD,EQ,18,18.3,17.42,18.28,18.3,17.83,11455,205673.36,04-Aug-2026,70,INE650K01021
SEDEMAC,EQ,2753,2851.2,2740,2795.9,2800,2752.1,186540,521491737.80,04-Aug-2026,23089,INE00XB01019
SEJALLTD,BE,715.05,744.85,715.05,735.95,732,742.55,14584,10592596.40,04-Aug-2026,370,INE955I01044
SELMC,EQ,27.89,28.5,26,27.85,27.81,27.47,16751,459346.73,04-Aug-2026,194,INE105I01020
SEMAC,BE,314,315,311.7,311.7,311.7,311.7,312,97304.80,04-Aug-2026,10,INE617A01013
SENCO,EQ,384,395,378.4,387.9,387,388.1,1428731,553572703.25,04-Aug-2026,37635,INE602W01027
SENORES,EQ,1369,1370,1344,1360.5,1356.5,1355.3,104570,141683670.00,04-Aug-2026,7494,INE0RB801010
SEPC,EQ,6.01,6.07,5.93,5.95,5.93,6.02,6535462,39166444.80,04-Aug-2026,4647,INE964H01014
898LTF29,N7,1074.55,1135,1071,1075.59,1135,1075,371,398337.33,04-Aug-2026,19,INE027E07998
865TCAPS27,N8,1092.64,1092.64,1085,1088.5,1088.5,1089,608,660517.49,04-Aug-2026,10,INE306N07LM5
SERVICE,SM,61,61.85,60.5,60.5,60.5,61,16000,980900.00,04-Aug-2026,8,INE0P1Q01015
SERVOTECH,EQ,86.15,87.87,85.3,87.51,87.38,85.75,580872,50313674.79,04-Aug-2026,5680,INE782X01033
STYL,EQ,370.65,372,360.5,361.7,365,368.05,59843,21779308.15,04-Aug-2026,3859,INE04VU01023
SESHAPAPER,EQ,240.1,241,226.1,227.99,227.5,237.87,289160,67169364.87,04-Aug-2026,4672,INE630A01024
SETCO,BE,17.9,18,17.6,17.61,17.61,17.9,13454,240272.76,04-Aug-2026,67,INE878E01021
SETUINFRA,BZ,0.43,0.44,0.4,0.41,0.41,0.42,7490,3193.88,04-Aug-2026,30,INE023M01027
SEYAIND,BE,12.25,12.49,12.01,12.47,12.49,12.25,3171,39185.39,04-Aug-2026,31,INE573R01012
SGFIN,EQ,700.95,712.4,700,705.9,702.1,702.6,182163,128994406.70,04-Aug-2026,5910,INE618R01015
SGMART,EQ,692.1,725,687.35,718.8,722.4,699.25,705862,498839162.20,04-Aug-2026,27448,INE385F01024
SHADOWFAX,EQ,240.7,250,240,248.15,248.9,240.78,11761960,2894417535.48,04-Aug-2026,124880,INE12UN01015
SHAHALLOYS,EQ,69,69,67.05,67.4,67.4,67.44,3319,223431.85,04-Aug-2026,30,INE640C01011
SHAH,EQ,4.09,4.28,3.82,4.01,4.05,4.01,9293182,38016995.17,04-Aug-2026,12030,INE482J01021
SHAILY,EQ,3053.9,3122,3041.2,3075.7,3088,3056,194597,598947823.60,04-Aug-2026,14736,INE151G01028
SHAKTIPUMP,EQ,519.95,521,517.15,519.4,519.3,518.8,292812,152004895.90,04-Aug-2026,12677,INE908D01010
SHALBY,EQ,164,167.19,164,165.04,164.6,163.84,34080,5642885.92,04-Aug-2026,881,INE597J01018
SAHLIBHFI,EQ,80.8,82.79,75.66,78.18,78.22,78.52,751,59299.04,04-Aug-2026,53,INE861D01011
SHALPAINTS,EQ,83,89.8,80.5,82.54,81.65,80.01,10074498,856561706.29,04-Aug-2026,43453,INE849C01026
SRD,EQ,39.21,39.73,38.1,38.68,39.69,39.21,7154,277843.71,04-Aug-2026,100,INE01NE01012
SHANKARA,EQ,141.92,145.68,141.92,144.74,144.98,141.92,558900,80387267.82,04-Aug-2026,2036,INE274V01019
BUILDPRO,EQ,1343.6,1380,1307.4,1337.8,1333,1343.6,164304,221988334.60,04-Aug-2026,9206,INE24OJ01011
SHANTHALA,SM,17.25,17.25,17.25,17.25,17.25,17.25,2400,41400.00,04-Aug-2026,2,INE0Q9Q01017
SHANTIGEAR,EQ,415.05,420.5,406.3,409.5,411.35,415,15663,6496348.30,04-Aug-2026,636,INE631A01022
SEIL,EQ,207.49,211.99,202.64,203,203.2,205,144950,29786368.28,04-Aug-2026,1986,INE440T01028
SHANTIGOLD,EQ,219.9,220.99,217.5,218.05,218.38,219.61,424532,93011999.25,04-Aug-2026,4632,INE06ZD01017
SHANTI,EQ,7.1,7.25,6.71,6.91,7.04,6.9,12206,84943.36,04-Aug-2026,57,INE933X01016
SHINDL,EQ,161.55,161.95,159,159.74,159.8,160.36,93021,14936208.67,04-Aug-2026,423,INE220Z01013
SHARDACROP,EQ,826.15,843.9,826.15,840.65,841,826.15,208022,174160882.90,04-Aug-2026,10684,INE221J01015
SHARDAMOTR,EQ,912.3,917.9,884.25,887.95,885,912.3,41125,36744114.70,04-Aug-2026,5453,INE597I01028
SHARDUL,BE,43.99,45.75,43.5,45.66,45.75,43.58,35712,1601220.83,04-Aug-2026,211,INE037B01020
SHAREINDIA,EQ,180.74,181.99,175.5,176.08,175.5,180.74,503497,89883093.63,04-Aug-2026,3939,INE932X01026
SCML,SM,83.25,83.25,81.15,81.4,81.3,81.95,42000,3422500.00,04-Aug-2026,31,INE460Q01014
SFL,EQ,792.55,832.45,735,768.05,755,790.75,628990,501307572.50,04-Aug-2026,33499,INE916U01025
SCPL,EQ,650,652.4,620.2,632.15,630,638.6,93943,59949896.05,04-Aug-2026,3241,INE501Y01019
SHEETAL,SM,295.5,316.5,295.5,315.15,315,295.9,23000,7154600.00,04-Aug-2026,34,INE04VX01019
SHEKHAWATI,EQ,14.84,14.84,13.88,14.29,14.1,13.59,49968,714212.34,04-Aug-2026,225,INE268L01046
SHEMAROO,BE,118.57,118.98,113.45,116.43,116.43,117.99,6607,761797.00,04-Aug-2026,50,INE363M01019
SHERA,ST,165.8,166.2,165,165,165,167.5,5000,827000.00,04-Aug-2026,5,INE0MM001019
SHILCTECH,EQ,4670.1,4700,4600,4663.7,4645,4682.5,17272,80464817.50,04-Aug-2026,4720,INE024F01011
SHILPAMED,EQ,622.95,655.75,621.25,644.65,648,623.55,1440785,927767335.30,04-Aug-2026,41335,INE790G01031
SCILAL,EQ,42,43.87,41.39,41.64,41.98,41.89,800336,33836794.13,04-Aug-2026,4171,INE0PB301013
SCI,EQ,297.55,306.5,297.55,300.9,300.35,292.65,8886690,2688572412.20,04-Aug-2026,82104,INE109A01011
SHIVAUM,EQ,428.05,428.05,415.1,419.75,423,428.05,2533,1065873.65,04-Aug-2026,112,INE719F01016
SHIVAMILLS,BE,61.5,62.98,60.45,62.96,62.98,60.31,524,32450.72,04-Aug-2026,15,INE644Y01017
SHIVATEX,EQ,163.05,164.69,163,163.14,164,163.57,634,103367.50,04-Aug-2026,16,INE705C01020
SPCL,SM,66,67,65.1,65.2,65.2,66.2,34200,2248440.00,04-Aug-2026,53,INE0T7B01010
SBCL,EQ,771.2,782,767.25,778,775.55,763.45,472185,366691960.50,04-Aug-2026,37764,INE386D01027
SHIVALIK,BE,250,254,246.5,248.05,247.73,250.28,29869,7469670.35,04-Aug-2026,203,INE788J01021
SHIVAMAUTO,BE,17.64,17.99,17.64,17.99,17.99,17.64,3444,61892.41,04-Aug-2026,20,INE637H01024
SHIVASHRIT,SM,129.95,129.95,123,128.75,128.75,126.55,45000,5648650.00,04-Aug-2026,29,INE1DLF01018
SHOPERSTOP,EQ,403.35,427.9,400,406.85,409.9,403.35,186011,77021408.35,04-Aug-2026,7195,INE498B01024
SHRADHA,EQ,33.76,34.39,33.76,33.82,34.15,33.86,5370,182109.25,04-Aug-2026,77,INE715Y01031
SHREEPUSHK,EQ,408.95,426,404,421.95,423.5,405.85,47361,19710046.50,04-Aug-2026,2343,INE712K01011
SAPPL,EQ,293.85,300.05,289,290,290,287.45,596,175562.50,04-Aug-2026,12,INE185C01017
SHREECEM,EQ,27000,27040,26600,26900,26900,27000,17586,472885615.00,04-Aug-2026,7021,INE070A01015
SHREDIGCEM,EQ,73.5,73.5,72.45,72.55,72.45,73.93,28537,2075778.64,04-Aug-2026,635,INE232A01011
SHREEKARNI,SM,408.4,408.7,408.4,408.7,408.7,407,450,183825.00,04-Aug-2026,2,INE0S4Y01010
SHREEOSFM,SM,57.5,58.8,57.5,58.8,58.8,56,2000,116300.00,04-Aug-2026,2,INE02S501018
SRTL,EQ,41.08,41.08,40.11,40.39,40.52,40.22,23924,967898.31,04-Aug-2026,220,INE19GK01015
SHREERAMA,EQ,40.36,40.36,37.8,38.29,38.55,40.36,140726,5472485.43,04-Aug-2026,1433,INE879A01019
RAMANEWS,EQ,30.5,34.2,29.3,33.37,33.5,30.85,379957,12544443.81,04-Aug-2026,1050,INE278B01020
RENUKA,EQ,22.3,22.99,22.26,22.41,22.44,22.33,9970752,225467407.29,04-Aug-2026,16095,INE087H01022
BALAJEE,EQ,27.5,27.5,27.17,27.41,27.5,27.36,16076,440019.47,04-Aug-2026,148,INE0S2G01011
SVLL,BE,751,751.1,751,751.1,751.1,736.4,377,283134.50,04-Aug-2026,7,INE00CE01017
SHREEDHAR,SM,106,121.65,103.95,121.65,121.65,101.4,266000,30598800.00,04-Aug-2026,121,INE0K3301012
SHETHJI,ST,153,159.35,152,155.15,159.35,152.05,22000,3432350.00,04-Aug-2026,16,INE1FL101016
SHREEJISPG,EQ,669.9,673.9,658,660.55,662,666.55,455972,302286761.75,04-Aug-2026,6127,INE1B6101010
OSWALSEEDS,EQ,10.42,11,10.41,10.47,10.53,10.68,22248,235748.77,04-Aug-2026,110,INE00IK01029
SHRENIK,BZ,0.33,0.34,0.32,0.34,0.34,0.33,1429493,479568.02,04-Aug-2026,233,INE632X01030
SHREYANIND,EQ,141.88,142.41,138.92,140.85,142,141.88,1192,167834.32,04-Aug-2026,74,INE231C01019
SHRIAHIMSA,ST,401,401,385,389,389,385,48000,18708630.00,04-Aug-2026,41,INE0DM401012
SHBAJRG,EQ,182.55,194.9,182.55,187.13,187,187.98,2438,462216.65,04-Aug-2026,104,INE402H01015
SHRIKANHA,SM,21.9,23.25,21.8,22.3,22.3,22.8,11200,249680.00,04-Aug-2026,7,INE1V4601019
SHRIKRISH,EQ,40.12,40.41,40.12,40.25,40.25,40.06,568,22851.57,04-Aug-2026,14,INE997I01012
SHRINGARMS,EQ,230.45,233.8,228.59,232.28,229.9,229.85,544490,126351846.03,04-Aug-2026,5237,INE1B3L01017
LIQUIDSHRI,EQ,1115.83,1115.85,1115.83,1115.83,1115.84,1115.7,1055,1177207.17,04-Aug-2026,14,INF680P01422
SHRIRAMFIN,EQ,1080,1091.7,1075.1,1087.3,1087.3,1090.2,3516949,3808664738.20,04-Aug-2026,79286,INE721A01047
SHRIRAMPPS,EQ,85.65,85.99,84.5,84.67,84.5,85.65,194896,16575404.73,04-Aug-2026,2042,INE217L01019
SHUBHLAXMI,SM,18.95,18.95,18.95,18.95,18.95,18.95,1000,18950.00,04-Aug-2026,1,INE01Z401013
SHUBHSHREE,SM,329,350,329,345,345,331,6000,2049780.00,04-Aug-2026,8,INE0UL701015
SHYAMCENT,BE,5.09,5.31,5.09,5.3,5.3,5.06,47044,246764.47,04-Aug-2026,82,INE979R01011
SHYAMDHANI,ST,56.6,56.7,56,56.7,56.7,54,12000,676200.00,04-Aug-2026,6,INE1CRP01016
SHYAMMETL,EQ,1025.1,1029.4,1014.1,1019.8,1018,1025.1,407730,416265019.60,04-Aug-2026,9681,INE810G01011
SHYAMTEL,BE,16.65,17.5,16.25,16.45,16.25,17.1,4972,82434.32,04-Aug-2026,57,INE635A01023
SICAGEN,EQ,50,50.74,49.65,49.73,49.65,49.97,5339,265988.32,04-Aug-2026,41,INE176J01011
SICALLOG,BE,101.57,101.57,101.57,101.57,101.57,106.91,13553,1376578.21,04-Aug-2026,66,INE075B01020
SIDDHICOTS,SM,27.8,27.8,27.8,27.8,27.8,27.55,3600,100080.00,04-Aug-2026,3,INE0SVO01019
ENRIN,EQ,3265,3360,3265,3310.3,3318.2,3256,478730,1591244094.60,04-Aug-2026,47906,INE1NPP01017
SIEMENS,EQ,3919.6,4073.8,3919.6,4000.5,4000.5,3900,1107988,4449470592.10,04-Aug-2026,72792,INE003A01024
SIGACHI,BE,25.99,26.8,25.45,26.38,26.28,26.61,893262,23452193.73,04-Aug-2026,1532,INE0D0K01022
SIGMAADV,BE,687.4,687.4,665,686.8,687.4,654.7,630674,432680959.05,04-Aug-2026,6169,INE933B01012
SIGMA,EQ,50.7,51.49,47,48.09,47.6,50.24,415541,20468181.69,04-Aug-2026,2955,INE0A0S01028
SIGNATURE,EQ,833.65,833.65,815,818.35,818.7,833.65,172342,143107277.30,04-Aug-2026,2951,INE903U01023
SIGIND,EQ,55.35,57.57,54.56,56.96,57.48,55.93,122854,6938235.31,04-Aug-2026,1053,INE529F01035
SIGNORIA,ST,154.9,155.4,154,154.9,155.4,148,7000,1084100.00,04-Aug-2026,6,INE0RDE01010
SIGNPOST,EQ,274.9,285.9,266,274,270.3,280,366107,100478034.35,04-Aug-2026,9409,INE0KGZ01021
SIKA,EQ,1124.3,1159,1100,1113.2,1116.6,1124.1,23025,25921933.50,04-Aug-2026,2119,INE438E01032
SIKKO,EQ,5.44,5.44,5.15,5.3,5.33,5.37,1852757,9796364.72,04-Aug-2026,778,INE112X01025
SILINV,EQ,427.6,433.95,411,424.55,425.5,427.6,4377,1858511.85,04-Aug-2026,226,INE923A01015
SILGO,EQ,69.61,73.4,69.04,70.99,70,69.79,205853,14411400.46,04-Aug-2026,1559,INE01II01013
SILKFLEX,ST,205,210,200,200.05,200,201.1,38000,7749550.00,04-Aug-2026,33,INE0STN01015
SILKY,SM,80.5,81.75,73.35,75.9,75.9,78.95,12000,910360.00,04-Aug-2026,13,INE0SN801015
SILLYMONKS,EQ,14.9,15.84,14.9,15.38,15.5,15.13,17846,274014.68,04-Aug-2026,169,INE203Y01012
SILVERTUC,EQ,197.99,202.6,191.3,193.54,192,197.38,389873,76567445.72,04-Aug-2026,6321,INE625X01026
SIMBHALS,BZ,7,7.23,6.73,7.09,7.21,6.96,21086,149116.38,04-Aug-2026,218,INE748T01016
SIMCA,SM,220.05,229.65,219,225.7,227.45,219,70200,15663030.00,04-Aug-2026,77,INE1K4J01018
SIMPLEXINF,EQ,235.4,239.25,223.85,233.16,231,235.64,42379,9977846.58,04-Aug-2026,1223,INE059B01024
SINCLAIR,EQ,75,75.79,72.81,74.03,74.45,74.69,11487,852442.24,04-Aug-2026,239,INE985A01022
SINDHUTRAD,EQ,24.37,24.7,24.18,24.37,24.4,24.5,396292,9681369.97,04-Aug-2026,809,INE325D01025
SINGERIND,EQ,65.7,65.7,64.13,65.3,65.5,64.9,20080,1303699.94,04-Aug-2026,742,INE638A01035
SINTERCOM,EQ,85.25,87,82.12,82.66,82.52,86.99,3814,323024.81,04-Aug-2026,91,INE129Z01016
SIRCA,EQ,435,439.6,429.9,437,436.5,430.7,548456,238376276.55,04-Aug-2026,5323,INE792Z01011
SIS,EQ,425.1,432.35,422.6,430.05,427.2,425.1,186973,80095848.70,04-Aug-2026,8410,INE285J01028
SITINET,BZ,0.31,0.32,0.3,0.31,0.32,0.31,492095,153840.27,04-Aug-2026,272,INE965H01011
SIYSIL,EQ,629.7,638.8,620,622.9,628.5,629.3,59367,37308682.45,04-Aug-2026,4312,INE076B01028
SJS,EQ,2485,2542,2381.5,2432.4,2400,2483.4,266543,659739015.30,04-Aug-2026,29377,INE284S01014
SJVN,EQ,69.74,69.75,68.75,69,68.88,69.42,1402588,97101895.56,04-Aug-2026,12913,INE002L01015
SKFINDUS,EQ,2770,2811.5,2709.8,2771.9,2775,2697.7,39180,108720386.50,04-Aug-2026,9744,INE2J8701016
SKFINDIA,EQ,1508.8,1530.2,1490,1493.3,1490,1506.5,43510,65354040.70,04-Aug-2026,6685,INE640A01023
SKIPPER,EQ,551,554.8,543.85,546.35,548,549.15,328379,180073137.55,04-Aug-2026,13762,INE439E01022
SKMEGGPROD,EQ,245,245,239,240.14,239,242.33,381942,92388458.19,04-Aug-2026,6719,INE411D01023
SKP,SM,160.25,165,158,165,165,158,13500,2198050.00,04-Aug-2026,20,INE0KZA01016
SKYGOLD,EQ,691.85,694.3,673.25,675.5,674,691.85,438087,298634745.60,04-Aug-2026,17677,INE01IU01018
SLONE,ST,142.7,142.7,137,137,137,142.7,2400,335640.00,04-Aug-2026,6,INE0SMA01017
SMARTEN,ST,54,54.6,52.5,53.15,54,54.55,13200,709380.00,04-Aug-2026,10,INE14GK01016
SMARTLINK,BE,220.9,220.94,220.9,220.94,220.94,210.42,2349,518977.78,04-Aug-2026,39,INE178C01020
SMARTWORKS,EQ,475,483.45,473,476.65,473,481.65,30363,14494703.10,04-Aug-2026,2822,INE0NAZ01010
SMCGLOBAL,EQ,79.5,80.52,78.62,79.46,79.1,79.94,241163,19110168.06,04-Aug-2026,1736,INE103C01036
SMLMAH,EQ,5470,5544,5281,5425,5332,5464,117012,632663299.50,04-Aug-2026,14823,INE294B01019
SMSPHARMA,EQ,365.5,369.8,361.7,363.5,363.25,363.55,236700,86289971.50,04-Aug-2026,5206,INE812G01025
SNEHAA,SM,46,46,46,46,46,47.25,1000,46000.00,04-Aug-2026,1,INE1OIC01018
SNOWMAN,EQ,38.25,40.2,38.02,39.43,39.91,38.5,272784,10676022.71,04-Aug-2026,2003,INE734N01019
SOBHA,EQ,1372.3,1375,1350,1358.4,1362,1372.3,62598,85388692.30,04-Aug-2026,8328,INE671H01015
SOFTTECH,BE,411,428.45,411,428.45,428.45,418,70,29496.20,04-Aug-2026,4,INE728Z01015
SOLARINDS,EQ,18659,18800,18537,18700,18700,18659,58255,1090819522.00,04-Aug-2026,18431,INE343H01029
SOLARA,EQ,518.85,522.8,514.05,520.65,520.1,515.85,128193,66489346.90,04-Aug-2026,2754,INE624Z01016
SOLARWORLD,EQ,184.62,186,168,169.72,169.69,184.62,1968506,340692449.03,04-Aug-2026,25984,INE0TY101024
SOLEX,EQ,946.8,948.8,920.05,925.75,925,946.8,20303,18829209.95,04-Aug-2026,1598,INE880Y01017
SDBL,EQ,71.84,72.27,70.9,71.24,71.17,71.41,414053,29648494.32,04-Aug-2026,3528,INE480C01038
SOMATEX,EQ,95.65,97.49,95,95.9,96.05,95.64,8313,798884.91,04-Aug-2026,255,INE314C01013
SOMANYCERA,EQ,507.5,519,504.75,509.3,506.15,509,75092,38412319.50,04-Aug-2026,4570,INE355A01028
SOMICONVEY,EQ,95.93,95.93,93.81,94.76,94.78,93.45,4072,383663.87,04-Aug-2026,97,INE323J01019
SONACOMS,EQ,785,794.45,774.5,787,787,785,2041296,1603252240.30,04-Aug-2026,49112,INE073K01018
SONAL,EQ,89,89,88.01,88.01,88.01,89.45,266,23617.57,04-Aug-2026,5,INE321M01017
SONAMLTD,EQ,55,56,53.8,54.17,54,54.16,21662,1186888.74,04-Aug-2026,408,INE00LM01029
SONATSOFTW,EQ,344.25,354.85,340.4,350.3,350,345.85,2413398,843420569.00,04-Aug-2026,33339,INE269A01021
SONUINFRA,ST,41.95,41.95,40,40,40,41.95,6000,242925.00,04-Aug-2026,3,INE0JZA01018
SOUTHWEST,EQ,240.56,240.56,234.65,235.88,235,240.44,67193,15893139.92,04-Aug-2026,2123,INE980Y01015
SPRL,SM,93.6,101.95,93.6,101.95,101.95,97.6,2400,233200.00,04-Aug-2026,3,INE0JW501011
SPCENET,EQ,3.47,3.51,3.43,3.47,3.49,3.43,217683,757242.86,04-Aug-2026,413,INE970N01027
SSFLPP,E1,140,140,135.6,138.2,138.3,140.1,2959,406794.25,04-Aug-2026,131,IN9572J01019
SPANDANA,EQ,263.6,263.6,250.9,256.55,258,262.4,482272,123118933.90,04-Aug-2026,11200,INE572J01011
SPECIALITY,EQ,133.9,142,129.48,139.46,137.4,132.12,130939,18036021.27,04-Aug-2026,1829,INE247M01014
SPECTRUM,EQ,2550,2585,2500,2552.1,2512,2547.4,18558,47161124.20,04-Aug-2026,2979,INE01EO01010
SPECTSTM,SM,62.8,62.85,62.75,62.75,62.75,65.5,4000,251160.00,04-Aug-2026,5,INE0OL001018
SPENCERS,EQ,33.07,33.99,32.05,32.2,32.38,33.23,57523,1878880.85,04-Aug-2026,1013,INE020801028
SPIC,EQ,67.3,69,67.16,68.09,68.2,67.34,337746,23038796.29,04-Aug-2026,3520,INE147A01011
SPLIL,EQ,30.45,31.79,30.44,31.24,31,30,5933,183694.49,04-Aug-2026,69,INE978G01016
SPMLINFRA,EQ,195.5,196.19,193.6,194.25,194.67,196.13,60461,11764506.39,04-Aug-2026,1157,INE937A01023
SPORTKING,EQ,233,233,216.01,217.51,218.63,229.63,1217820,271947331.88,04-Aug-2026,16451,INE885H01029
SHRIPISTON,EQ,4525,4549,4090,4402.7,4105.8,4524.4,60833,272577430.50,04-Aug-2026,13187,INE526E01018
SPUNWEB,SM,103.5,105,96.5,100,100,100,16800,1699320.00,04-Aug-2026,13,INE19QH01010
SRHHYPOLTD,EQ,494.05,494.05,483.1,486.7,486,494.1,7152,3482529.55,04-Aug-2026,464,INE917H01012
SREEL,EQ,215.5,217.51,209,212.61,212,216.45,15979,3412587.42,04-Aug-2026,875,INE099F01013
SRF,EQ,2663,2663,2611,2642.3,2642.3,2645,255133,672403159.80,04-Aug-2026,27490,INE647A01010
SRGHFL,EQ,308.8,308.85,291.65,294.45,293,299.7,1868,551484.95,04-Aug-2026,58,INE559N01010
HAVISHA,EQ,1.37,1.39,1.31,1.36,1.39,1.32,65988,89783.83,04-Aug-2026,102,INE293B01029
LOTUSDEV,EQ,202.2,202.2,191.05,193.65,193,197.66,7058850,1384841943.90,04-Aug-2026,16688,INE0V9Q01010
SSFL,ST,265,270,256.25,256.35,256.25,261.45,7500,1950650.00,04-Aug-2026,15,INE0ON201012
SRIVASAVI,ST,87.65,87.85,82.45,83.8,83.8,83.7,9000,774900.00,04-Aug-2026,8,INE0NPI01014
SRM,EQ,496.4,516,493.35,509.85,507,496.4,96753,49029899.50,04-Aug-2026,2951,INE0R6Z01013
STALLION,EQ,263.4,269.8,260.3,268.55,268.75,265.45,1701004,452106783.55,04-Aug-2026,19891,INE0RYC01010
SETL,EQ,284.95,284.95,274.05,275.4,275.1,278.55,193470,53584108.90,04-Aug-2026,4551,INE0M4D01010
SIL,EQ,17.11,17.11,16.67,16.9,17,16.95,22178,375793.65,04-Aug-2026,255,INE173A01025
STANLEY,EQ,156,157.18,154.01,155.05,154.5,155.88,53742,8353534.34,04-Aug-2026,1886,INE01A001028
STARCEMENT,EQ,204.4,204.95,202.78,203.72,203.01,203.96,110212,22459772.57,04-Aug-2026,1427,INE460H01021
STARHEALTH,EQ,593,594.45,582.75,587.7,585,592.6,224540,132656729.45,04-Aug-2026,16851,INE575P01011
STARPAPER,EQ,148,152.57,148,152,152,150.7,20319,3083757.31,04-Aug-2026,178,INE733A01018
STARTECK,EQ,284,284,251,256.65,257.2,261.15,7903,2092312.50,04-Aug-2026,133,INE992I01013
SBIN,EQ,1047.6,1047.6,1030.9,1042.7,1042.7,1045,8544184,8854850319.70,04-Aug-2026,163836,INE062A01020
SAIL,EQ,168.25,174.15,168.02,173.55,173.55,165,25348224,4355021668.85,04-Aug-2026,93965,INE114A01011
STEELCITY,EQ,83.7,91.68,83.2,86.52,87.45,76.4,547099,48392678.16,04-Aug-2026,5750,INE395H01011
STEELXIND,EQ,11.4,11.45,11.14,11.26,11.22,11.4,1189644,13352034.68,04-Aug-2026,2851,INE503B01021
SSWL,EQ,318,322,313,316.5,313,317.85,508275,161454289.55,04-Aug-2026,14973,INE802C01033
STEELCAS,EQ,326,341,321,339.05,340,325.9,488377,163183390.85,04-Aug-2026,10360,INE124E01038
STEL,EQ,557.3,579.2,557.3,561.9,560.25,565.75,1766,1001298.50,04-Aug-2026,176,INE577L01016
STERTOOLS,BE,255.05,259.95,248.05,251.65,251.05,255.05,12824,3228324.25,04-Aug-2026,283,INE334A01023
STLTECH,BE,614.1,614.1,595,604.45,607.5,584.9,4970340,3037161402.10,04-Aug-2026,43623,INE089C01029
SGL,EQ,10,10,9.84,9.85,9.85,9.88,1969,19507.97,04-Aug-2026,29,INE353H01010
STLNETWORK,BE,24.89,25.06,24.24,24.36,24.46,24.73,298180,7295438.79,04-Aug-2026,895,INE1VXE01018
STOVEKRAFT,EQ,787.1,813.65,754.55,759.85,756,754.6,982396,761009006.10,04-Aug-2026,31779,INE00IN01015
STRIDERS,SM,64,65,62.05,62.85,64,62.2,51200,3212560.00,04-Aug-2026,14,INE1XWN01017
STAR,EQ,1029.1,1032,976,994.6,985.8,1028.5,212103,213865950.90,04-Aug-2026,12903,INE939A01011
SWSOLAR,EQ,209.9,210,205.63,206.1,206.2,208.41,567402,117472441.63,04-Aug-2026,7849,INE00M201021
STUDDS,EQ,453.8,453.8,443.5,445.6,448.25,447.95,25333,11329457.35,04-Aug-2026,1153,INE00Q601028
STUDIOLSD,SM,9.15,9.15,8.4,8.95,9,9.15,80000,718300.00,04-Aug-2026,24,INE17VO01028
STYLAMIND,EQ,3470.2,3567.3,3470.2,3523,3522,3453,40283,142173451.50,04-Aug-2026,9794,INE239C01020
STYRENIX,EQ,2495,2653,2471.1,2488.6,2475.1,2487.3,641179,1642222953.80,04-Aug-2026,47838,INE189B01011
SUBAHOTELS,SM,107,110,107,109.15,110,106.6,16800,1809240.00,04-Aug-2026,14,INE0RYR01018
SUBEXLTD,BE,12.99,13.49,12.99,13.49,13.49,12.85,1832562,24573143.41,04-Aug-2026,2176,INE754A01055
SUBROS,EQ,823,829.25,814.1,826.45,826.5,817.3,42165,34757603.15,04-Aug-2026,2601,INE287B01021
SUDARSCHEM,EQ,1069.9,1081,1035.1,1047.2,1043.1,1068.3,101653,107415740.80,04-Aug-2026,7672,INE659A01023
SUDARCOLOR,EQ,372,382.8,368.35,377.75,381.4,369.3,10606,3995189.50,04-Aug-2026,476,INE492A01029
SUDEEPPHRM,BL,850,850,850,850,850,800,1176472,1000001200.00,04-Aug-2026,2,INE0QPI01025
SUDEEPPHRM,EQ,869,890,860.1,871.8,873,867.6,131410,115498729.85,04-Aug-2026,7466,INE0QPI01025
SUKHJITS,EQ,163.1,168.89,160.68,165.31,166.07,164.66,13824,2282242.90,04-Aug-2026,392,INE450E01029
SULA,EQ,165.23,165.23,162,163.12,163.3,165.32,346655,56831185.79,04-Aug-2026,5170,INE142Q01026
SUMEETINDS,EQ,20.13,20.13,20.13,20.13,20.13,21.18,48261,971493.93,04-Aug-2026,266,INE235C01036
SUMIT,EQ,58,58,55.22,55.85,56.4,55.06,41520,2341696.31,04-Aug-2026,186,INE748Z01013
SUMICHEM,EQ,519,519.15,504.05,511.9,513,515.85,270708,138325733.10,04-Aug-2026,11901,INE258G01013
SUMMITSEC,EQ,1541,1649,1521,1540.1,1530,1522.2,33385,52605653.20,04-Aug-2026,2737,INE519C01017
SPARC,EQ,209.79,210.19,206.5,207.27,207,207.93,557756,116174835.86,04-Aug-2026,7655,INE232I01014
SUNPHARMA,EQ,1951.1,1965,1947,1964,1964,1963.5,1452888,2843372131.20,04-Aug-2026,61625,INE044A01036
SUNTV,EQ,505,506,500.1,502.35,501.1,503.8,189211,95190186.20,04-Aug-2026,10428,INE424H01027
SUNCLAY,EQ,1265.5,1269,1246.5,1254.6,1250,1253,2922,3677100.60,04-Aug-2026,438,INE0Q3R01026
SUNDARMFIN,EQ,4849.9,4919,4742.5,4779.3,4800,4828.7,91369,439158029.50,04-Aug-2026,19196,INE660A01013
SUNDARAM,EQ,1.27,1.27,1.24,1.25,1.25,1.25,400118,501732.17,04-Aug-2026,205,INE108E01023
SUNDRMBRAK,BE,792.95,792.95,772.1,775,775,778.45,287,222761.90,04-Aug-2026,9,INE073D01013
SUNDRMFAST,EQ,993.25,999,984.65,992.85,991,993.25,27544,27331642.85,04-Aug-2026,2716,INE387A01021
SOCL,SM,25.05,27,25.05,25.75,25.75,27.25,30400,785200.00,04-Aug-2026,18,INE0CTB01014
SUNDROP,EQ,679.5,679.5,661,666.8,661.5,679.5,56570,37837565.75,04-Aug-2026,1156,INE209A01019
SUNFLAG,EQ,368,375.9,365.6,368.25,368.15,366.85,240042,88796222.70,04-Aug-2026,5893,INE947A01014
SEL,SM,264.45,264.45,241.7,243.05,243.05,247.5,2600,662390.00,04-Aug-2026,12,INE0O3O01017
SUNLITE,SM,507.9,507.9,480,494,490.25,492.9,16800,8230095.00,04-Aug-2026,52,INE0U2N01013
SUNREST,SM,36.3,36.3,36.3,36.3,36.3,36.5,1600,58080.00,04-Aug-2026,1,INE0PLZ01012
SUNTECH,ST,32.05,33.65,31.6,33.65,33.65,32.05,33600,1118800.00,04-Aug-2026,15,INE0SGZ01016
SUNTECK,EQ,308,309.4,301.6,302.85,304.5,308.1,145830,44343534.00,04-Aug-2026,4060,INE805D01034
SUPERSPIN,BE,6.24,6.24,6.21,6.24,6.24,6.14,15728,98098.74,04-Aug-2026,26,INE662A01027
SUPERHOUSE,EQ,158,161.39,154.75,157.69,159.5,158.57,2970,471434.98,04-Aug-2026,207,INE712B01010
SUPRAJIT,EQ,515,515.95,506,506.9,508.8,512.7,96734,49382976.60,04-Aug-2026,5759,INE399C01030
SUPREMEENG,BZ,2.17,2.17,2.17,2.17,2.17,2.13,159027,345088.59,04-Aug-2026,80,INE319Z01021
SFML,SM,23.95,24.15,23,24.15,24.15,22.8,8000,187840.00,04-Aug-2026,5,INE0U6N01014
SUPREME,EQ,46.03,46.96,45.52,46.83,46.93,45.99,14876,690816.27,04-Aug-2026,500,INE822E01011
SUPREMEIND,EQ,3530,3568,3500,3501,3501,3530,182306,642554546.70,04-Aug-2026,17217,INE195A01028
SUPREMEINF,EQ,83.99,89.89,83,87.12,89.74,84.17,115735,9947743.48,04-Aug-2026,1870,INE550H01011
SPLPETRO,EQ,715,723.95,710,716.8,710,715.9,63483,45599357.55,04-Aug-2026,4290,INE663A01033
SUPREMEPWR,SM,210,213.9,206,211.5,209.5,208.35,33000,6923300.00,04-Aug-2026,60,INE0QHG01026
SUPRIYA,EQ,879.8,892.05,861.05,887.65,887.95,879.65,192508,169454214.35,04-Aug-2026,10867,INE07RO01027
SURAJEST,EQ,203.23,203.23,199,200.14,201.9,201.68,44862,9039300.61,04-Aug-2026,518,INE843S01025
SURAJLTD,EQ,220,223,215,219.96,220,220.91,404,88870.41,04-Aug-2026,80,INE713C01016
SURAKSHA,EQ,251.9,255,250,251.1,253,252.1,39895,10068385.15,04-Aug-2026,1219,INE877V01027
SURANASOL,EQ,26.53,26.59,25.9,25.95,25.95,26.27,49294,1286949.33,04-Aug-2026,524,INE272L01022
SURANAT&P,EQ,18.25,18.39,17.75,18.27,18.33,17.89,41694,752825.69,04-Aug-2026,287,INE130B01031
SURANI,SM,94,104.45,94,102.8,102.8,95,3000,302290.00,04-Aug-2026,11,INE01ZJ01015
SBGLP,EQ,25.55,25.55,24.52,25.02,24.7,25.55,5397,135338.18,04-Aug-2026,125,INE05ST01028
SURYAROSNI,EQ,237.32,241.31,236.71,238.22,238.33,237.32,289165,68977367.41,04-Aug-2026,8356,INE335A01020
SURYALAXMI,EQ,60.23,61.9,59.2,61.14,61.9,60.87,10543,640716.01,04-Aug-2026,67,INE713B01026
SURYALA,EQ,419.75,419.75,405.5,406.55,406,410.9,147,60365.65,04-Aug-2026,20,INE132C01027
SURYODAY,EQ,164.5,164.67,161.17,162.76,161.56,163.73,824515,134096127.54,04-Aug-2026,9364,INE428Q01011
SUTLEJTEX,BE,38,39.5,38,38.12,38.07,38.03,34342,1316330.52,04-Aug-2026,133,INE645H01027
SUVEN,EQ,307.95,315,300,309.85,308.75,307.2,512402,157950602.15,04-Aug-2026,13037,INE495B01038
SUVIDHAA,EQ,2.56,2.62,2.48,2.59,2.55,2.54,138451,355188.08,04-Aug-2026,342,INE018401013
SUYOG,EQ,872.15,881,831.6,852.55,858,865.7,14412,12346633.40,04-Aug-2026,964,INE442P01014
SUZLON,EQ,48.59,49.15,47.9,48.01,48.01,48.1,61548498,2987339793.48,04-Aug-2026,101906,INE040H01021
SVPGLOB,BE,3.9,3.9,3.77,3.77,3.79,3.89,24956,95408.09,04-Aug-2026,38,INE308E01029
SWANCORP,EQ,310,315.5,310,313.55,313.1,310.2,1005391,314184630.65,04-Aug-2026,12886,INE665A01038
SWANDEF,BE,2527,2590,2480,2528.8,2540,2527.2,12860,32687616.90,04-Aug-2026,678,INE542F01020
SWARAJENG,EQ,3635.5,3659,3585.1,3598.6,3593,3630.6,5915,21354244.10,04-Aug-2026,1453,INE277A01016
SWARAJ,SM,356.3,363.4,354,359.75,360.8,357.75,98000,35016075.00,04-Aug-2026,139,INE0GMR01016
SWASTIK,ST,20.35,20.35,20.35,20.35,20.35,20.05,1200,24420.00,04-Aug-2026,1,INE0DGC01025
SWELECTES,EQ,613.65,626.95,608.7,620.45,620.05,613.5,9653,5983885.05,04-Aug-2026,966,INE409B01013
SWIGGY,EQ,286.35,293.85,285.4,291,291,288,14273970,4135633763.90,04-Aug-2026,82473,INE00H001014
SYLVANPLY,SM,52,52,51.05,51.05,51.05,53.7,8000,410400.00,04-Aug-2026,4,INE01IH01015
SYMPHONY,EQ,679,701.55,671,672.3,673,682.75,507063,347151602.40,04-Aug-2026,23706,INE225D01027
SYNCOMF,EQ,13.17,13.41,12.87,13.3,13.4,13.19,1610853,21276003.50,04-Aug-2026,3915,INE312C01025
SGIL,EQ,601.55,603.25,589.15,595.1,598.8,592.2,3691,2199641.80,04-Aug-2026,197,INE00QT01015
SYNGENE,EQ,403,412.5,398.9,410.2,411.95,402.2,925377,378393988.90,04-Aug-2026,26482,INE398R01022
SYRMA,EQ,1360.6,1428,1354.5,1421.6,1419,1360.6,2055261,2890708741.80,04-Aug-2026,82514,INE0DYJ01015
SYSTANGO,SM,221,221.5,214,215.3,215.8,220.4,22800,4934180.00,04-Aug-2026,44,INE0O7R01011
SYSTMTXC,BE,61.99,62.5,59.1,61.79,61.79,60.22,2402,147537.94,04-Aug-2026,31,INE356B01024
TTL,EQ,6.55,6.55,6.21,6.28,6.34,6.37,99941,632376.91,04-Aug-2026,179,INE592B01024
TAALTECH,EQ,4099,4099,3908,3930.5,3930,3984,1681,6712118.90,04-Aug-2026,413,INE524T01011
TAC,SM,521.4,521.4,500,507.45,510,521.4,44800,22755220.00,04-Aug-2026,194,INE0SOY01013
TAINWALCHM,EQ,210.49,212.5,203.15,207.41,209,206.82,1306,270472.71,04-Aug-2026,79,INE123C01018
TAJGVK,EQ,366.15,371.7,361.05,369.95,370.9,363.45,174471,64178286.90,04-Aug-2026,4608,INE586B01026
TAKE,EQ,22.87,22.87,21.76,22.39,22.39,22.36,1059947,23692137.59,04-Aug-2026,1354,INE142I01023
TALBROAUTO,EQ,417.45,433.9,411,415.25,412.35,417.65,212022,89580940.65,04-Aug-2026,9780,INE187D01029
TAMBOLIIN,BE,217.6,218.7,207,209.61,209.9,210.46,6056,1272178.25,04-Aug-2026,34,INE864J01012
TMB,EQ,865.8,868.05,851,856.8,855,861.55,184830,158587466.40,04-Aug-2026,12923,INE668A01016
TNPL,EQ,155.8,155.8,153,153.56,153.01,154.88,64930,10033252.06,04-Aug-2026,1522,INE107A01015
TNPETRO,EQ,98.33,99.3,96.3,96.58,96.31,97.85,60115,5866141.87,04-Aug-2026,942,INE148A01019
TNTELE,EQ,9.22,9.22,8.93,9.01,9.04,9.11,17610,159428.21,04-Aug-2026,76,INE141D01018
TANLA,EQ,611,614.7,600.2,612.5,612,614.15,529241,321912453.25,04-Aug-2026,22835,INE483C01032
TARACHAND,EQ,59.25,59.75,58.5,58.88,58.6,58.84,78290,4613984.71,04-Aug-2026,1947,INE555Z01020
TARAPUR,EQ,15.9,15.9,14.99,14.99,14.99,15.77,103865,1569189.45,04-Aug-2026,466,INE747K01017
TARC,EQ,135.1,135.73,132.25,133.31,132.5,135.7,262865,35263470.01,04-Aug-2026,3482,INE0EK901012
TARMAT,EQ,49.66,50.5,49.66,49.9,49.9,50.13,2243,111935.65,04-Aug-2026,39,INE924H01018
TARSONS,EQ,320.35,327.25,313.55,324.2,326.7,317.4,186710,60203584.75,04-Aug-2026,4521,INE144Z01023
TASTYBITE,EQ,9417,9614.5,9357,9461,9451,9430,3666,34885844.50,04-Aug-2026,1052,INE488B01017
TATACAP,EQ,364.4,366,358.3,360.6,361.6,364.75,856801,311453395.30,04-Aug-2026,20087,INE976I01016
TATACHEM,EQ,676,677.25,667,668.3,669.55,674.65,268716,180706949.40,04-Aug-2026,9318,INE092A01019
TATACOMM,EQ,1781.2,1784,1752.2,1778.5,1756,1780.1,178632,315987136.80,04-Aug-2026,19969,INE151A01013
TCS,EQ,2463.1,2467.4,2435.1,2460,2460,2473.7,2792792,6841115260.50,04-Aug-2026,91828,INE467B01029
TATACONSUM,EQ,1102.9,1104.4,1079.7,1092,1092,1110,2064394,2252547851.90,04-Aug-2026,63882,INE192A01025
TATAELXSI,EQ,3778.5,3789,3732.8,3737,3737,3761.9,162634,610915620.60,04-Aug-2026,15747,INE670A01012
TATAINVEST,EQ,678,688.5,674,677.6,679.5,676.65,231717,157948222.95,04-Aug-2026,12036,INE672A01026
TMCV,EQ,452.5,455.6,444.2,446.75,445.6,452.5,5049283,2267581226.20,04-Aug-2026,66015,INE1TAE01010
TMPV,EQ,348.95,349.55,345,348.55,348.55,349.3,8003110,2776441262.40,04-Aug-2026,76999,INE155A01022
TATAPOWER,EQ,382,384.2,380,380,380,382,2280780,871396831.95,04-Aug-2026,45856,INE245A01021
TATASTEEL,EQ,190.7,192.6,189,190.95,190.95,191,22165429,4229178364.79,04-Aug-2026,196400,INE081A01020
TATATECH,EQ,769.5,769.7,756.4,762.55,765,763.8,443846,338752719.05,04-Aug-2026,16892,INE142M01025
TTML,EQ,40.45,40.45,39.82,39.88,39.85,40.21,738282,29509045.71,04-Aug-2026,4830,INE517B01013
NETF,EQ,273.39,273.39,265.6,265.69,266.62,266.73,5855,1563599.78,04-Aug-2026,127,INF277K015R5
NPBET,EQ,289.49,289.49,286.38,286.86,287.33,288.87,455,130922.07,04-Aug-2026,27,INF277K010X4
TNIDETF,EQ,91.9,92.34,88.5,89.82,89.95,90.53,70140,6315331.83,04-Aug-2026,722,INF277KA1364
TATAGOLD,EQ,13.78,13.88,13.76,13.77,13.79,13.78,23261566,320585897.77,04-Aug-2026,57097,INF277KA1976
TATSILV,EQ,21.5,21.5,20.62,21.06,21.07,20.98,25767099,543265817.06,04-Aug-2026,33733,INF277KA1984
TATVA,EQ,1741.1,1797.7,1740,1766.3,1752,1771,59337,104539702.30,04-Aug-2026,7095,INE0GK401011
TAURIAN,SM,412.4,424,394.25,410.35,418,399.55,60000,24520800.00,04-Aug-2026,65,INE0XWS01018
753IRFC30,NJ,1136,1137,1131.3,1131.3,1131.3,1136,230,261049.40,04-Aug-2026,6,INE053F07835
764IRFC31,NO,1142,1144.9,1142,1144.9,1144.9,1140.25,200,228951.00,04-Aug-2026,2,INE053F07900
739NHAI31A,ND,1298,1298,1289.99,1289.99,1289.99,1140,25,32281.79,04-Aug-2026,2,INE906B07EO8
769NHAI31,NE,1145.25,1149,1144.15,1148,1148,1150.99,1931,2210546.74,04-Aug-2026,17,INE906B07EP5
735NHAI31,N9,1100.6,1100.6,1100.41,1100.41,1100.41,1110,550,605235.00,04-Aug-2026,2,INE906B07EI0
750IRFC35,NK,1215,1215,1215,1215,1215,1210.1,44,53460.00,04-Aug-2026,2,INE053F07843
76NHAI31,NA,1113.75,1115,1111.13,1115,1115,1111.12,790,880060.10,04-Aug-2026,12,INE906B07EJ8
TBI,SM,62,63.7,62,63.7,63.7,63.95,1800,113640.00,04-Aug-2026,3,INE0N2D01013
TBOTEK,EQ,1614.9,1650.3,1575.6,1603.2,1599,1615.9,721289,1167590816.00,04-Aug-2026,21719,INE673O01025
TCC,EQ,294,297.05,285.35,289.4,290,291.5,49952,14481057.80,04-Aug-2026,696,INE887D01016
TCIEXP,EQ,559.8,566,553.1,557.35,553.1,557.25,16451,9199843.35,04-Aug-2026,1208,INE586V01016
TCIFINANCE,BE,15.59,15.59,14.7,15.02,15.05,15.14,13960,209082.36,04-Aug-2026,85,INE911B01018
TCPLPACK,EQ,3250.8,3280,3200,3211.5,3200,3250.8,2812,9105420.60,04-Aug-2026,724,INE822C01015
TDPOWERSYS,EQ,1117,1151.5,1117,1127.5,1128.8,1112.4,647536,733570042.40,04-Aug-2026,43144,INE419M01027
TEAMGTY,EQ,217.5,229.9,217.5,218,218,223.48,34,7423.50,04-Aug-2026,6,INE289C01025
TEAMLEASE,EQ,1235,1269.9,1231.9,1261,1256.3,1239.8,46134,57972757.60,04-Aug-2026,6489,INE985S01024
TPHQ,EQ,0.42,0.43,0.42,0.43,0.43,0.42,749854,318271.29,04-Aug-2026,248,INE065J01024
TECHM,EQ,1652.9,1659,1640.1,1648.5,1648.5,1649,1978047,3258389573.40,04-Aug-2026,57210,INE669C01036
TECHD,ST,612,612,595.1,604.5,607.7,611.9,9000,5435295.00,04-Aug-2026,30,INE0Y5H01014
TECHERA,SM,155,158,151.6,157.95,158,154.6,44000,6880960.00,04-Aug-2026,50,INE0JQS01019
TECHNOE,EQ,1000.95,1007.65,982.7,985.4,988,999.4,144769,143450440.40,04-Aug-2026,10473,INE285K01026
TIIL,EQ,2640,2675,2601.2,2638.9,2618,2628.2,5141,13581595.00,04-Aug-2026,999,INE545H01011
TECHNVISN,EQ,4466.1,4469.7,4344,4407.9,4350,4466.1,346,1527948.00,04-Aug-2026,105,INE314H01012
TECILCHEM,EQ,11.31,11.31,9.61,9.98,9.99,10.05,147575,1517979.78,04-Aug-2026,258,INE014B01011
TGL,ST,19,19.2,18.4,18.95,19.05,19.2,5400,101490.00,04-Aug-2026,24,INE0K6601012
TEGA,EQ,1586.8,1610,1562,1579.8,1581.2,1587.7,101896,161452394.10,04-Aug-2026,9100,INE011K01018
TEJA,SM,688,688,665,666.5,665,681.55,10200,6873870.00,04-Aug-2026,16,INE0R1301019
TEJASNET,EQ,522.1,541.6,520.2,533.95,534.15,519.6,2208218,1176750985.15,04-Aug-2026,41322,INE010J01012
TEMBO,EQ,564,581,561,574.15,570,560.4,260499,149334337.25,04-Aug-2026,7656,INE869Y01010
TENNIND,EQ,548.7,562.25,544.45,550.55,545.7,544.6,698958,386233593.40,04-Aug-2026,39845,INE19RI01016
TERASOFT,EQ,385.3,408.55,385.3,408.55,408.55,389.1,43076,17398592.60,04-Aug-2026,1188,INE482B01010
TEXINFRA,EQ,113.93,114.4,109.81,113.95,114,113.93,558084,62484469.10,04-Aug-2026,2109,INE435C01024
TEXRAIL,EQ,115,115.18,108.24,108.76,108.67,112.91,4118673,451676453.88,04-Aug-2026,24104,INE621L01012
TEXMOPIPES,EQ,43.45,43.8,42.26,42.82,42.75,42.99,16763,717417.44,04-Aug-2026,231,INE141K01013
TGBHOTELS,EQ,9.15,9.38,9.15,9.22,9.22,9.27,4892,45284.71,04-Aug-2026,34,INE797H01018
TCL,SM,120,120.05,120,120,120,122.5,14400,1728040.00,04-Aug-2026,9,INE0QJL01014
THACKER,BE,1050,1050,1050,1050,1050,1050,12,12600.00,04-Aug-2026,2,INE077P01034
THANGAMAYL,EQ,4717.5,4898,4717.5,4717.5,4717.5,4965.5,807489,3852526567.50,04-Aug-2026,47147,INE085J01014
ANUP,EQ,2170,2217.2,2160,2189.5,2190,2175.4,13712,30089297.10,04-Aug-2026,2833,INE294Z01018
BYKE,BE,35.5,35.5,33.56,34.83,34.83,34.45,24354,841489.52,04-Aug-2026,53,INE319B01014
GESHIP,EQ,1590.3,1598.9,1428,1434.9,1433,1398.4,8556675,12612128574.20,04-Aug-2026,310180,INE017A01032
GROBTEA,EQ,905.3,905.3,902.35,903.2,903.2,918.05,3,2710.85,04-Aug-2026,3,INE646C01018
HITECHGEAR,BE,577.95,579.9,562.05,565.25,568,574.55,1782,1018092.10,04-Aug-2026,71,INE127B01011
INDIACEM,EQ,388,396.85,387.4,391.4,389.1,390.95,201453,79185418.30,04-Aug-2026,10725,INE383A01012
INDHOTEL,EQ,750.95,750.95,739.2,750,750,752,1481783,1103129629.05,04-Aug-2026,22817,INE053A01029
THEINVEST,EQ,102.35,102.7,100.52,101.98,101.83,101.23,2854,289791.21,04-Aug-2026,85,INE924D01017
NIACL,EQ,175.46,176.03,171.32,171.77,171.95,175.46,617415,106442092.06,04-Aug-2026,9828,INE470Y01017
PKTEA,EQ,715,715,677.8,688.4,679.8,699,39,26952.65,04-Aug-2026,12,INE431F01018
PHOENIXLTD,EQ,1937.2,1964.2,1916.5,1932.3,1932.3,1955,828958,1616678897.80,04-Aug-2026,32203,INE211B01039
RAMCOCEM,EQ,950,950,935.75,945.9,948.1,945.25,44356,41860622.10,04-Aug-2026,3152,INE331A01037
RUBYMILLS,BE,369.75,375,351.3,356.4,357,369.75,12584,4465028.60,04-Aug-2026,276,INE301D01026
SOUTHBANK,EQ,47.07,47.25,46.76,46.86,46.8,47.07,4904547,230452958.38,04-Aug-2026,19786,INE683A01023
STCINDIA,EQ,120,120.89,119,119.27,119.7,119.66,23287,2788223.61,04-Aug-2026,498,INE655A01013
UGARSUGAR,EQ,42.98,45.15,42.05,44.98,45.04,42.56,668470,29537934.12,04-Aug-2026,4517,INE071E01023
WIPL,EQ,172.99,173,168.51,168.51,168.51,168,1100,189017.10,04-Aug-2026,25,INE215F01023
THEJO,EQ,2156,2171.9,2062,2092.9,2112.5,2169.1,7484,15791072.50,04-Aug-2026,1454,INE121N01019
THEMISMED,EQ,107.96,117.9,106.99,115.41,115.5,107.06,235433,26866381.93,04-Aug-2026,3178,INE083B01024
THERMAX,EQ,4118,4163,4000,4015,4011.9,4122.2,536528,2174692990.30,04-Aug-2026,63048,INE152A01029
TIRUMALCHM,EQ,184.55,189,181.35,185.36,181.5,183.12,1154931,214729439.57,04-Aug-2026,14616,INE338A01024
THOMASCOOK,EQ,107,111.45,102.58,105.97,106,107.15,4433005,477811882.72,04-Aug-2026,36686,INE332A01027
THOMASCOTT,EQ,315.75,316.8,295.85,305.7,310,311.25,57150,17245398.45,04-Aug-2026,2303,INE480M01011
THYROCARE,EQ,594.25,607,591.5,604.65,603.9,592.55,1049678,632739110.45,04-Aug-2026,41286,INE594H01019
TIGERLOGS,BE,27.86,27.86,26.77,26.81,26.77,27.44,131716,3554799.54,04-Aug-2026,497,INE906O01029
TIJARIA,EQ,5,5,4.83,4.88,4.85,4.98,174768,856508.86,04-Aug-2026,195,INE440L01017
TIL,EQ,258.7,263.4,255.05,259.7,257,259.9,713973,184778539.60,04-Aug-2026,12013,INE806C01018
TI,EQ,465.8,493.9,465.8,491.15,490.25,465.8,2389271,1158588957.75,04-Aug-2026,44082,INE133E01013
TIMETECHNO,EQ,211,212.72,206.1,208.83,207.25,210.15,3504984,737704405.26,04-Aug-2026,22902,INE508G01029
TIMESCAN,SM,40.75,40.75,40.75,40.75,40.75,39,2000,81500.00,04-Aug-2026,1,INE0IJY01014
TIMEX,EQ,549.25,559.8,542.1,556.95,557,549.25,260662,144306932.35,04-Aug-2026,17584,INE064A01026
TIMKEN,EQ,3234.6,3250.6,3200,3231.9,3225,3216.1,61229,197668996.30,04-Aug-2026,14298,INE325A01013
TINNARUBR,EQ,1110,1144.9,1095.2,1121,1120,1106.8,66169,74176886.60,04-Aug-2026,6485,INE015C01016
TIPSFILMS,EQ,379,385.75,374,378.5,377,379,6563,2500293.75,04-Aug-2026,414,INE0LQS01015
TIPSMUSIC,EQ,686,689.65,667,669.3,667.15,688.55,205063,137715227.65,04-Aug-2026,9406,INE716B01029
TIRUPATIFL,BE,75,75,72,73.21,73.88,73.1,135259,9962315.42,04-Aug-2026,775,INE319Y01024
TITAGARH,EQ,864,864,846.7,849.75,849.6,859.05,279304,238205350.10,04-Aug-2026,17987,INE615H01020
TITAN,EQ,4935,4935,4862,4935,4935,5000,1181747,5780138564.90,04-Aug-2026,79390,INE280A01028
TOKYOPLAST,BE,77.85,79.89,77.85,79.89,79.89,79,133,10604.97,04-Aug-2026,7,INE932C01012
TOLINS,EQ,103.85,104.8,103.05,103.45,103.6,103.82,26383,2740096.32,04-Aug-2026,520,INE0RWQ01014
TORNTPHARM,EQ,5058,5058.5,4996,5030,5030,5050,658560,3303018486.00,04-Aug-2026,71834,INE685A01028
TORNTPOWER,EQ,1390,1390,1338.3,1341,1343,1391.7,668171,907325724.40,04-Aug-2026,35378,INE813H01021
TOTAL,EQ,52.05,62.46,51.75,62.46,62.46,52.05,215517,12931376.39,04-Aug-2026,1611,INE336X01012
TOUCHWOOD,EQ,66.99,67.44,66.32,66.33,66.33,66.45,950,63170.09,04-Aug-2026,22,INE486Y01013
TFCILTD,EQ,105.65,109.9,105.3,109.48,109.6,105.62,16566048,1794950697.36,04-Aug-2026,25530,INE305A01023
TPLPLASTEH,EQ,80,81.69,79.48,80.37,79.6,81.26,80407,6471172.49,04-Aug-2026,1034,INE413G01022
TRACXN,EQ,30.49,30.96,29.75,30.07,30.45,30.44,157061,4722513.97,04-Aug-2026,835,INE0HMF01019
TARIL,EQ,296,301.2,293.05,294.2,295.2,295.5,1168629,346317859.40,04-Aug-2026,17766,INE763I01026
TREL,EQ,23.8,24.64,23.8,24.48,24.58,24.17,61452,1492258.37,04-Aug-2026,366,INE0O3901029
TRANSPEK,EQ,1386.5,1425,1336.1,1380.4,1425,1414.5,24507,34083675.20,04-Aug-2026,2587,INE687A01016
TCI,EQ,905,924.45,905,914.05,913.1,914.6,29558,27065937.50,04-Aug-2026,2440,INE688A01022
TRANSRAILL,EQ,498.75,504.7,494.85,495.8,496.55,500.25,173362,86532995.35,04-Aug-2026,6967,INE454P01035
TRANSTEEL,SM,115.95,115.95,111.55,112.45,112.8,115.95,100000,11274400.00,04-Aug-2026,60,INE0NVI01020
TFL,EQ,11.02,11.35,11.02,11.33,11.07,11.14,7317,82358.91,04-Aug-2026,26,INE804H01012
TRANSWORLD,BE,163,163,156.1,159.02,159,161.66,5301,841102.51,04-Aug-2026,92,INE757B01015
TRAVELFOOD,EQ,1354,1371,1310.5,1366.1,1361,1344.6,45504,61239617.80,04-Aug-2026,7384,INE103V01028
TREEHOUSE,EQ,6.36,6.48,6.22,6.31,6.32,6.36,14110,89869.70,04-Aug-2026,62,INE040M01013
TREJHARA,EQ,135.9,137.5,135,137.09,137,135.95,16944,2305849.54,04-Aug-2026,1462,INE00CA01015
TRENT,EQ,3058,3111,3038,3107.7,3107.7,3050,1525660,4700695542.80,04-Aug-2026,68950,INE849A01020
TRF,EQ,229.31,230.7,225.55,228.44,227.8,228.56,37292,8493646.35,04-Aug-2026,1521,INE391D01019
TBZ,EQ,286.5,286.5,271.6,275.85,273.15,287.7,1227601,342392485.20,04-Aug-2026,18010,INE760L01018
TRIDENT,EQ,24.94,25.16,24.81,24.97,24.97,24.94,3650643,91372600.67,04-Aug-2026,11420,INE064C01022
TECHLABS,ST,124,127.5,123,123.95,124.35,126.1,7625,946925.00,04-Aug-2026,45,INE0QD201012
TRIGYN,EQ,54.5,55,53.1,54.03,54.95,54.89,45801,2493384.94,04-Aug-2026,907,INE948A01012
TRIVENI,BE,235,243.91,235,243.91,243.91,232.3,655106,159341012.08,04-Aug-2026,2518,INE256C01024
TRITURBINE,EQ,612,635.9,610.15,618.8,618,611.6,1552465,975252387.70,04-Aug-2026,49928,INE152M01016
TROM,ST,63.25,63.25,63.25,63.25,63.25,61,600,37950.00,04-Aug-2026,1,INE0SYV01018
TRUALT,EQ,437.4,444,433.05,436.7,435,437.85,137633,60550526.05,04-Aug-2026,5537,INE0MWH01014
TRU,EQ,4.62,4.91,4.6,4.66,4.69,4.71,160503,753284.45,04-Aug-2026,246,INE615R01029
TRUST,SM,29.8,31,29.7,31,31,29.8,6600,199200.00,04-Aug-2026,10,INE0SWN01019
TSC,SM,50,51.95,50,51.95,51.95,47.25,38000,1964800.00,04-Aug-2026,10,INE16VK01010
TSFINV,EQ,451,468,451,463.2,463.15,454.3,147059,68071556.85,04-Aug-2026,6329,INE202Z01029
935TSI29,N0,104511.1,104511.1,104511.1,104511.1,104511.1,103011.1,2,209022.20,04-Aug-2026,1,INE1C3207073
TTKHLTCARE,EQ,1051,1067.9,1025,1037.7,1039.5,1049.2,14745,15370430.30,04-Aug-2026,3423,INE910C01018
TTKPRESTIG,EQ,650.05,656.7,620,630.8,628.35,644.3,111401,70749798.00,04-Aug-2026,6188,INE690A01028
TIINDIA,EQ,2778,2805.3,2724,2744.3,2744.3,2766,430580,1189445792.20,04-Aug-2026,33217,INE974X01010
TUNWAL,SM,26.5,26.6,26,26,26,26,116000,3047100.00,04-Aug-2026,47,INE0OXV01027
TURTLEMINT,EQ,118.93,118.96,114.11,114.65,114.95,117.57,375136,43244212.60,04-Aug-2026,6036,INE0OC301013
TVTODAY,EQ,117.79,117.79,115,115.67,115,115.76,23606,2738770.17,04-Aug-2026,743,INE038F01029
TVVISION,EQ,4.73,4.79,4.33,4.45,4.46,4.72,20666,93303.20,04-Aug-2026,114,INE871L01013
TVSELECT,EQ,495,503,493.55,500.45,500.3,495.6,29222,14568961.00,04-Aug-2026,1533,INE236G01019
TVSHLTD,EQ,14985,14985,14751,14790,14840,14836,2212,32791831.00,04-Aug-2026,974,INE105A01035
TVSMOTOR,EQ,4389,4392.8,4336,4360,4360,4389,1390832,6066102827.30,04-Aug-2026,77266,INE494B01023
TVSMNCRPS,P1,10.45,10.55,10.45,10.5,10.55,10.45,857904,9003762.50,04-Aug-2026,938,INE494B04019
TVSSRICHAK,EQ,3997.6,4022.9,3872,3982.2,3990,3987.9,3839,15338948.70,04-Aug-2026,649,INE421C01016
TVSSCS,EQ,135.9,139.6,135,135.54,135.9,136.9,473681,65060574.14,04-Aug-2026,6128,INE395N01027
TICL,BE,9.63,9.8,9.4,9.62,9.63,9.63,42551,404281.75,04-Aug-2026,107,INE388G01026
UYFINCORP,EQ,19.79,19.97,18.72,19.36,19.59,19.76,759105,14673481.38,04-Aug-2026,4729,INE152C01025
UCAL,EQ,112,117,112,115.99,116.45,113.51,6470,735397.28,04-Aug-2026,115,INE139B01016
1025UCL27A,NG,1000.45,1000.45,1000.45,1000.45,1000.45,990,1,1000.45,04-Aug-2026,1,INE583D07588
1050UCL28,NH,1021,1034.4,1021,1033.06,1034.4,1021,10,10330.60,04-Aug-2026,2,INE583D07596
UCOBANK,EQ,26.45,26.45,26.2,26.33,26.39,26.31,2213528,58257142.40,04-Aug-2026,7435,INE691A01018
USK,EQ,22.32,22.74,22.11,22.5,22.5,22.43,32993,737605.17,04-Aug-2026,91,INE0N0Y01013
UFLEX,EQ,482.25,482.25,472.15,475.35,475,482.25,38067,18159528.15,04-Aug-2026,1163,INE516A01017
UFO,EQ,68.8,68.8,67.06,68.11,68.38,68.86,25682,1747042.08,04-Aug-2026,512,INE527H01019
UGROCAP,EQ,99,100,95.5,97.09,97.48,97.63,779761,75823705.60,04-Aug-2026,5889,INE583D01011
UEL,EQ,202.91,202.91,185.12,202.91,202.91,184.47,124594,24871382.06,04-Aug-2026,2032,INE899L01030
UJJIVANSFB,EQ,70.95,71.76,68.52,70.35,69,71.14,22530135,1585437394.26,04-Aug-2026,44269,INE551W01018
UWCSL,SM,100,100,100,100,100,100.7,1000,100000.00,04-Aug-2026,1,INE00F301010
ULTRAMAR,EQ,385.2,390.9,382.6,389,385,385.2,15109,5857692.05,04-Aug-2026,1968,INE405A01021
ULTRACEMCO,EQ,11920,12050,11905,12050,12050,12054,126569,1515199372.00,04-Aug-2026,19323,INE481G01011
UMA,SM,14.8,14.8,14.7,14.75,14.7,14.95,12000,177000.00,04-Aug-2026,3,INE067901012
UMAEXPORTS,BE,20.42,20.75,20.4,20.49,20.4,20.42,3517,72331.56,04-Aug-2026,50,INE0GIU01018
UMIYA-MRO,EQ,88.85,96.9,88.17,93.06,92.1,88.15,51763,4842763.38,04-Aug-2026,1016,INE398B01018
UNICHEMLAB,EQ,509.95,509.95,495.55,500.3,501,505.25,32909,16529108.60,04-Aug-2026,1669,INE351A01035
UNIECOM,EQ,86.8,86.81,85.5,86.12,86,86.21,197116,16978346.23,04-Aug-2026,2319,INE00U401027
UNIHEALTH,SM,820,820,782,795.1,796.95,807.35,15000,11939550.00,04-Aug-2026,27,INE0PRF01011
UNIINFO,BE,12,12.5,11.55,12.47,12.47,12.15,276,3377.01,04-Aug-2026,17,INE481Z01011
UNIMECH,EQ,1340,1377.9,1301.1,1334.1,1339.9,1259.8,1228868,1655916507.30,04-Aug-2026,60523,INE0U3I01011
UNIONBANK,EQ,174.37,175.2,172.44,174,174,174,6867862,1193382267.79,04-Aug-2026,51988,INE692A01016
UNIONGOLD,EQ,139,139.4,138.4,138.5,139.1,138.8,1495,207574.85,04-Aug-2026,48,INF582M01KS4
UNIPARTS,EQ,740,757,715,732.95,716,737.45,212369,157954246.00,04-Aug-2026,9694,INE244O01017
UNIENTER,EQ,96.5,98.97,96.05,96.96,97,97.08,1973,190963.82,04-Aug-2026,118,INE037A01022
UNITECH,EQ,4.26,4.31,4.22,4.23,4.24,4.26,1453800,6194506.80,04-Aug-2026,1713,INE694A01020
UBL,EQ,1447.5,1455.8,1423.9,1434.1,1432,1438.4,166105,237920380.30,04-Aug-2026,7897,INE686F01025
UNIDT,BE,234,241,233,238.65,239.79,231.63,12058,2880487.68,04-Aug-2026,194,INE961D01019
UFBL,EQ,700.45,735.45,700,735.1,733,700.45,936937,679151763.60,04-Aug-2026,12220,INE382M01027
UHTL,ST,106.05,106.05,103.55,103.8,103.8,109,52000,5423900.00,04-Aug-2026,26,INE0SMR01011
UNITEDTEA,EQ,479.05,479.05,468,471.4,470.5,472.8,1144,539072.85,04-Aug-2026,77,INE458F01011
UNITEDPOLY,BE,29.8,30.5,28.55,29.72,29.75,29.73,62277,1836373.79,04-Aug-2026,275,INE368U01029
UNITDSPR,EQ,1530,1548,1521.5,1525,1525,1530,553258,848384644.00,04-Aug-2026,26388,INE854D01024
UNIVASTU,BE,141,146,138,144.68,144,139.97,202352,28915425.25,04-Aug-2026,990,INE562X01013
UNIVCABLES,EQ,1441,1475,1415,1427.7,1420,1431.8,186532,269602085.70,04-Aug-2026,11844,INE279A01012
UNIVPHOTO,BE,467.1,479.9,467.1,467.6,467.6,480.4,36,16926.85,04-Aug-2026,6,INE03V001013
UNOMINDA,EQ,1218.5,1243.9,1202,1227,1227,1210,2361917,2896949947.00,04-Aug-2026,76259,INE405E01023
915SCL26,NE,1073.2,1073.2,1073.12,1073.12,1073.12,1073.2,55,59022.00,04-Aug-2026,4,INE148I08256
IIFLZC28,NG,1641.5,1653,1641.5,1653,1653,1649.45,66,108925.50,04-Aug-2026,3,INE530B08110
10IIFL28A,NE,1035,1038,1033.05,1037.79,1038,1031.01,4266,4415536.00,04-Aug-2026,15,INE530B08094
96IIFL28A,NF,1004.19,1004.19,1003,1003.54,1003.5,1004.19,2576,2584491.21,04-Aug-2026,29,INE530B08102
10IIFL28,N4,1004.99,1004.99,1003,1004.99,1004.99,1001.51,1040,1044773.84,04-Aug-2026,12,INE477L08147
96IIFL28,N5,1003.99,1003.99,1001.5,1003.46,1003.46,1003,1322,1326225.80,04-Aug-2026,19,INE477L08154
10IIFL29,N6,1026,1028.1,1026,1028.1,1028.1,1028.29,345,354484.50,04-Aug-2026,3,INE866I08279
885TCAPS29,NC,1115,1115,1115,1115,1115,1086.05,30,33450.00,04-Aug-2026,3,INE306N08342
910TCAP28,NA,1105,1109,1104.5,1107.9,1107.9,1115,195,216013.11,04-Aug-2026,6,INE306N08292
UDS,EQ,205,208.66,201.22,203.83,203,206.06,178636,36392370.58,04-Aug-2026,4136,INE851I01011
UPL,EQ,618.75,619.65,580.2,581.9,581.9,620,7452417,4385005637.70,04-Aug-2026,86353,INE628A01036
USASEEDS,SM,81.45,81.45,81.45,81.45,81.45,85.7,428,34860.60,04-Aug-2026,1,INE0CBM01019
URAVIDEF,BE,115,117.6,111.71,113.55,113.55,113.85,4518,510417.47,04-Aug-2026,63,INE568Z01015
URBANCO,EQ,148.47,151.34,140.55,141.89,142.2,146.19,29549685,4328961115.42,04-Aug-2026,166860,INE0CAZ01013
URBAN,SM,137.2,139.5,135,135.6,135.5,138.8,62400,8558400.00,04-Aug-2026,56,INE0O0201019
URJA,EQ,10.39,10.39,9.94,10.05,10.07,10.06,1472678,14830718.43,04-Aug-2026,2922,INE550C01020
USHAFIN,SM,35.35,37,35.35,37,37,37,22400,826080.00,04-Aug-2026,7,INE0LS001014
UMESLTD,EQ,5.51,5.66,5.45,5.46,5.45,5.51,4847,26577.88,04-Aug-2026,22,INE240C01028
USHAMART,EQ,503,508,498,503.6,503.5,504.05,567524,285690482.90,04-Aug-2026,14893,INE228A01035
UCL,ST,204.8,212.95,204.8,212.95,212.95,208.9,8000,1671000.00,04-Aug-2026,4,INE00NI01015
UTIAMC,EQ,915.75,922.95,904.5,909.1,905,915.75,178099,162714952.95,04-Aug-2026,12508,INE094J01016
LIQUIDBETA,EQ,1002.78,1002.8,1002.78,1002.78,1002.78,1002.68,408,409134.32,04-Aug-2026,4,INF789F1AG68
BANKBETA,EQ,59.76,59.99,59.41,59.63,59.98,59.75,105638,6296207.00,04-Aug-2026,561,INF789F1AUV1
GILT10BETA,EQ,26.84,26.84,26.31,26.35,26.65,26.53,1070,28247.48,04-Aug-2026,17,INF789F1AZF3
GILT5BETA,EQ,66,66.99,65.71,65.71,65.71,66.03,1316,86721.80,04-Aug-2026,11,INF789F1AZE6
ITBETA,EQ,325.17,332.17,325.17,330.06,329.27,324.4,3552,1174806.98,04-Aug-2026,88,INF789F1AZD8
MIDCAPBETA,EQ,236.2,237.11,235.01,236.96,237,236.2,5620,1327480.58,04-Aug-2026,39,INF789F1AYX9
NEXT50BETA,EQ,79.4,80.5,79.4,79.66,80,79.39,351771,28231807.55,04-Aug-2026,834,INF789F1AUW9
NIFTYBETA,EQ,274.89,274.89,270,270.7,270.31,272.09,154308,41951577.54,04-Aug-2026,737,INF789F1AZC0
SENSEXBETA,EQ,861.22,874.69,861.22,867.62,865,864.44,1606,1397694.88,04-Aug-2026,243,INF789FB1X58
SILVERBETA,EQ,209.65,209.96,208.81,209.33,209.01,208.42,204273,42765395.98,04-Aug-2026,2361,INF789F1AYK6
SNXT50BETA,EQ,96.77,96.77,95.15,95.86,96.07,95.84,2563,246269.97,04-Aug-2026,82,INF789F1AUU3
GOLDBETA,EQ,119.15,119.6,118.75,119.3,119.2,119.3,427678,51013341.50,04-Aug-2026,1557,INF789F1AUX7
UTKAL,SM,36.8,39.95,36.15,39.95,39.95,38.05,210000,7865800.00,04-Aug-2026,76,INE1V1R01014
UTKARSHBNK,EQ,14.45,14.66,14.37,14.54,14.45,14.56,2928114,42381449.03,04-Aug-2026,11529,INE735W01017
UTSSAV,ST,510,537,510,510.1,510.1,516.15,8400,4365690.00,04-Aug-2026,14,INE06IJ01010
UTTAMSUGAR,EQ,240.1,263,239.1,253.12,253,240.45,856990,219472486.88,04-Aug-2026,21820,INE786F01031
VMARCIND,SM,266.2,268.35,258.4,260.25,260,266.2,177000,46465050.00,04-Aug-2026,113,INE0GXK01018
VR,SM,131,131.25,131,131.25,131.25,125,1200,157400.00,04-Aug-2026,3,INE0QQM01017
VGUARD,EQ,315.1,322,310,313.35,312,314.7,1068101,337622081.35,04-Aug-2026,27004,INE951I01027
VLINFRA,SM,28.85,29.85,28.85,29.85,29.85,28.55,4500,131400.00,04-Aug-2026,3,INE0QXL01015
V2RETAIL,EQ,218,220.88,213.91,217.74,217.8,218.64,831636,180763925.39,04-Aug-2026,17251,INE945H01021
WABAG,EQ,2025,2025,1944,1951.4,1955,2012,377146,743636204.30,04-Aug-2026,29996,INE956G01038
VADILALIND,EQ,7349,7349,7276,7294.5,7299,7356.5,7897,57672732.50,04-Aug-2026,2430,INE694D01016
VSCL,ST,26.65,26.65,26.6,26.6,26.6,28,9000,239550.00,04-Aug-2026,3,INE551Q01028
VAIBHAVGBL,EQ,265.7,271,260.4,270.1,269.05,265.7,513857,137209189.90,04-Aug-2026,12050,INE884A01027
VAISHALI,EQ,7.89,7.91,7.54,7.82,7.88,7.64,207489,1620397.77,04-Aug-2026,229,INE972X01022
VAKRANGEE,EQ,6.03,6.12,5.97,6.03,6,5.99,833836,5025467.20,04-Aug-2026,1774,INE051B01021
VALIANTLAB,BE,62,62.8,60,62.18,62.18,61.74,11685,715694.51,04-Aug-2026,99,INE0JWS01017
VALIANTORG,BE,280,292,280,290.75,291,280,28740,8295445.70,04-Aug-2026,379,INE565V01010
DBREALTY,BE,113.03,114.45,112,112.92,112.81,113.03,170042,19197017.87,04-Aug-2026,787,INE879I01012
VALUE360,SM,74,74.1,72,72.7,72,74.05,4800,350580.00,04-Aug-2026,4,INE1E7Y01018
VARDHACRLC,BE,46.7,46.7,44.5,44.53,44.5,45.11,34131,1535499.33,04-Aug-2026,176,INE116G01013
VHL,EQ,3435.1,3523.7,3332,3362.1,3397.8,3425.2,998,3386189.30,04-Aug-2026,278,INE701A01023
VARDMNPOLY,EQ,6.14,6.14,6,6.03,6.04,6.12,148760,898342.81,04-Aug-2026,313,INE835A01029
VSSL,EQ,303,309.7,300.6,304.8,306,304,152977,46617308.30,04-Aug-2026,3068,INE050M01012
VTL,EQ,590,603.45,589,598.05,598,588.35,377714,225225369.40,04-Aug-2026,18081,INE825A01020
VARROC,EQ,686.65,688.5,672.55,680.75,675.45,686.9,116971,79674722.40,04-Aug-2026,9383,INE665L01035
VBL,EQ,447.15,447.15,439,439,439,445,3152444,1395138595.30,04-Aug-2026,40063,INE200M01039
VGL,EQ,64,64.5,61.15,61.33,61.9,61.7,51839,3258906.91,04-Aug-2026,699,INE273D01027
DENTALKART,SM,389,390,378,380,378,390.55,9500,3654675.00,04-Aug-2026,34,INE0N5801013
VASCONEQ,BE,33.9,33.91,33.02,33.48,33.5,33.26,105312,3527192.57,04-Aug-2026,405,INE893I01013
VASWANI,EQ,52.4,52.99,51.61,52.56,52.15,51.81,8515,446409.98,04-Aug-2026,154,INE590L01019
VCL,EQ,1.17,1.17,1.17,1.17,1.17,1.12,155462,181890.54,04-Aug-2026,53,INE098201036
115VCCL31,N0,98000,98000,98000,98000,98000,99000,1,98000.00,04-Aug-2026,1,INE04HY07393
12VCCL27,N0,98000,98000,98000,98000,98000,98000,5,490000.00,04-Aug-2026,3,INE04HY07161
12VCCL29B,N0,98609,98609,98200,98200,98200,95609,4,394027.00,04-Aug-2026,4,INE04HY07229
125VCCL31,N0,97000,97000,97000,97000,97000,97000,2,194000.00,04-Aug-2026,2,INE04HY08011
12VCCL29A,N0,99000,99000,99000,99000,99000,99000,2,198000.00,04-Aug-2026,2,INE04HY07203
VDEAL,SM,163.8,165.8,163.8,165.8,165.8,165.8,1200,197760.00,04-Aug-2026,2,INE0U2M01015
MANYAVAR,EQ,416.95,496.8,415.9,485.9,488,418.75,30164506,14196480829.85,04-Aug-2026,336081,INE825V01034
VAML,EQ,460.1,470,455.6,467.6,464.5,459.95,11199354,5217277473.60,04-Aug-2026,133364,INE1CDF01017
VISL,EQ,33.9,35.58,33.71,35.55,35.54,33.89,75372766,2664396149.81,04-Aug-2026,65422,INE1CLE01013
VEDL,EQ,268,271.9,266.05,269,269,267.25,14077888,3785246011.85,04-Aug-2026,80471,INE205A01025
VOGL,EQ,35.1,38.43,34.72,37.8,37.9,35.24,72774029,2676865598.64,04-Aug-2026,95980,INE704J01044
VEDPOWER,EQ,35.1,36.48,34.91,35.62,35.99,35.2,31685114,1133506747.09,04-Aug-2026,64669,INE694L01019
VEEDOL,EQ,1418.9,1450,1413.2,1434.4,1431.2,1412.2,16896,24230521.80,04-Aug-2026,2076,INE484C01030
VEEKAYEM,SM,131.95,131.95,127.95,127.95,127.95,126,1000,129950.00,04-Aug-2026,2,INE0KTW01013
VELJAN,BE,1682,1728,1615,1640.8,1635,1694.3,2300,3806295.40,04-Aug-2026,138,INE232E01013
VENKEYS,EQ,1565,1619.6,1548.1,1595.2,1584,1565,110945,176846059.40,04-Aug-2026,8874,INE398A01010
VENTIVE,EQ,630,630,622.7,626.7,625,622.25,20929,13116606.00,04-Aug-2026,861,INE781S01027
VENUSPIPES,EQ,1564.9,1648,1540,1633.9,1645,1564.3,132681,213514609.70,04-Aug-2026,8782,INE0JA001018
VENUSREM,BE,1590,1599,1532,1552.9,1540,1584.1,30996,48266727.40,04-Aug-2026,1681,INE411B01019
VERANDA,EQ,256.5,267.45,253.5,257.3,258,254.45,619443,161585748.15,04-Aug-2026,11199,INE0IQ001011
VERITAAS,SM,34.8,34.8,34.8,34.8,34.8,33.3,1200,41760.00,04-Aug-2026,1,INE0SRI01019
VERTOZ,BE,35.78,36.88,35.3,35.78,36,35.61,38339,1373346.25,04-Aug-2026,211,INE188Y01031
VESUVIUS,EQ,450,462.85,449.85,456.6,453,451.4,65317,29901228.80,04-Aug-2026,3315,INE386A01023
VETO,BE,124,124.83,121.65,122.56,122.89,123.17,10108,1249377.92,04-Aug-2026,124,INE918N01018
VSTL,EQ,111.8,113.98,109.63,111.52,112,109.81,15619,1740212.98,04-Aug-2026,304,INE0QTF01015
VHLTD,BE,137.98,137.98,128.09,129.5,130.72,133,5372,699316.81,04-Aug-2026,93,INE048C01025
VICTORYEV,ST,17.1,17.1,16.1,17,17,16.4,249000,4139100.00,04-Aug-2026,21,INE0F8901022
VIDHIING,EQ,345.2,345.2,329.1,330.85,331.1,340.9,16764,5606886.15,04-Aug-2026,1315,INE632C01026
VIDYAWIRES,EQ,94,95.65,91.5,92.14,92.5,93.23,958126,90086193.75,04-Aug-2026,7517,INE14UN01029
VIGOR,ST,90.25,95.4,90.25,94.5,95,93.05,30400,2844160.00,04-Aug-2026,15,INE1DM601016
VIJAYA,EQ,1348,1394,1341.9,1385.1,1385.7,1354,149377,206376931.10,04-Aug-2026,14795,INE043W01024
VIJAYPD,SM,63,63,62,62.45,62,63.6,44000,2765200.00,04-Aug-2026,9,INE0WL901019
VIJIFIN,BE,10.61,10.61,10.61,10.61,10.61,10.41,17251,183033.11,04-Aug-2026,32,INE159N01027
VIKASECO,EQ,1.12,1.12,1.1,1.11,1.12,1.11,1550612,1726766.14,04-Aug-2026,841,INE806A01020
VIKASLIFE,EQ,1.28,1.29,1.25,1.26,1.26,1.28,2835764,3612342.68,04-Aug-2026,6108,INE161L01027
VIKRAMSOLR,EQ,178,181.79,176.5,180.04,180.65,177.8,1808584,323772234.20,04-Aug-2026,19960,INE078V01014
VIKRAN,EQ,72.8,73,72,72.25,72.3,72.54,640259,46347743.69,04-Aug-2026,3278,INE01R501028
VILAS,SM,353.75,361.45,353.3,355.3,355,358.35,13500,4806175.00,04-Aug-2026,46,INE0AZY01017
VILINBIO,SM,43.1,43.1,43.1,43.1,43.1,41.6,4000,172400.00,04-Aug-2026,1,INE0L4V01013
VIMTALABS,EQ,625,648,616.1,642.25,645,620.15,441428,279090882.40,04-Aug-2026,15865,INE579C01029
VINATIORGA,EQ,1334.3,1341.2,1315,1319.6,1320.8,1323.1,27133,35854865.10,04-Aug-2026,3123,INE410B01037
VINDHYATEL,EQ,2440,2467.7,2300.1,2336.6,2344,2383,225961,539541853.00,04-Aug-2026,23204,INE707A01012
VINEETLAB,BE,39.8,39.8,37.61,39.75,39.75,38.35,66441,2554238.41,04-Aug-2026,130,INE505Y01010
VMOBILE,SM,75.15,75.9,74.3,74.3,74.3,78.2,66400,4947720.00,04-Aug-2026,71,INE27V201011
VINNY,EQ,1.07,1.1,1.06,1.07,1.08,1.05,470909,507772.59,04-Aug-2026,157,INE01KI01027
VINSYS,ST,565,565,546,560,560,550,4250,2372750.00,04-Aug-2026,15,INE0OSJ01014
VINCOFE,EQ,153.6,154.55,150.99,152.75,152.75,152.39,1480893,226342762.93,04-Aug-2026,14591,INE498Q01014
VINYAS,SM,1252,1265,1210,1224.3,1240,1245.6,4600,5691180.00,04-Aug-2026,44,INE0OLS01010
VINYLINDIA,EQ,246.29,250.51,243.81,247.61,248.7,246.25,15530,3852391.69,04-Aug-2026,471,INE250B01029
VIPCLOTHNG,BE,21.6,21.89,21.5,21.51,21.51,21.5,19420,419323.90,04-Aug-2026,70,INE450G01024
VIPIND,EQ,311,311.95,300,301.5,301.5,310.4,98445,30053343.80,04-Aug-2026,2481,INE054A01027
VIPULLTD,BE,11.21,11.38,10.9,11.19,11.1,11.45,317447,3505047.36,04-Aug-2026,583,INE946H01037
VIRINCHI,EQ,15.9,15.9,15.33,15.61,15.72,15.32,42817,671182.33,04-Aug-2026,266,INE539B01017
VGINFOTECH,SM,154.55,155.25,152.95,154.45,154.45,153,26000,4016200.00,04-Aug-2026,26,INE0VRH01015
VOEPL,EQ,499,500.95,478,484.15,482.1,498.45,50374,24612822.55,04-Aug-2026,2497,INE0I0T01010
VISACHROME,BE,37.85,38.05,37,38.05,38.05,37.85,7909,297930.81,04-Aug-2026,43,INE286H01012
VIVIDHA,EQ,0.54,0.54,0.51,0.51,0.52,0.52,183944,95983.21,04-Aug-2026,135,INE370E01029
VISAKAIND,EQ,87.42,88.49,85.9,86.74,85.95,86.99,166517,14487679.18,04-Aug-2026,1831,INE392A01021
VMM,EQ,111.2,112.83,110.85,111.3,111.3,111.2,12245621,1367813716.98,04-Aug-2026,41352,INE01EA01019
VISHNU,EQ,599.7,606.75,592.25,594.05,594.9,599.7,76100,45537863.70,04-Aug-2026,3854,INE270I01022
VPRPL,BE,28.38,29.1,27.5,28.48,28.75,28.05,179711,5103458.42,04-Aug-2026,695,INE0AE001013
VISHNUINFR,SM,159.95,159.95,157.2,157.2,157.2,159.85,12500,1971325.00,04-Aug-2026,18,INE0PQ001012
VISHWARAJ,EQ,5.33,5.6,5.24,5.47,5.55,5.24,323900,1745785.94,04-Aug-2026,508,INE430N01022
VISHWAS,ST,42.25,42.25,42.25,42.25,42.25,42.25,1600,67600.00,04-Aug-2026,1,INE0S2E01016
VIESL,SM,320.5,324.9,309,309.8,309,325.4,38400,12106280.00,04-Aug-2026,40,INE0TR001017
VITAL,BE,48.66,49.38,48.66,49.38,49.38,48.42,2200,108348.00,04-Aug-2026,7,INE0L4K01016
VIVIANA,BE,716.95,728.9,690,702.65,700,717.9,16567,11718790.10,04-Aug-2026,470,INE0MEG01014
VIVIDEL,ST,1220,1257,1210,1250.9,1257,1231.8,30000,37056288.00,04-Aug-2026,73,INE24H301028
VIVIMEDLAB,BE,5.1,5.15,4.93,5.04,5.09,4.98,38408,192477.83,04-Aug-2026,119,INE526G01021
VIVO,SM,98.6,98.6,98.6,98.6,98.6,93.95,3200,315520.00,04-Aug-2026,2,INE0IA701014
VIYASH,EQ,265.45,268.9,262.25,266.4,265.1,263.7,1939437,516616619.20,04-Aug-2026,25000,INE807F01027
VLEGOV,BE,10.35,10.55,10.35,10.55,10.55,10.35,36827,385786.45,04-Aug-2026,95,INE03HW01020
VLSFINANCE,EQ,258,258,254.25,255.15,256.85,254.65,4573,1168477.70,04-Aug-2026,248,INE709A01018
VMART,EQ,781.95,785,770,775.35,779,777.95,47498,36941133.30,04-Aug-2026,5174,INE665J01013
VMSTMT,BE,43.76,45.01,43.76,44.66,44.95,44.38,19056,846204.34,04-Aug-2026,137,INE0SJA01013
IDEA,EQ,12.89,13.05,12.73,12.9,12.9,12.86,308781891,3965472403.51,04-Aug-2026,307920,INE669E01016
VOLERCAR,SM,217.5,222,217.5,218.1,218.1,224,3200,700480.00,04-Aug-2026,4,INE241X01014
VOLTAMP,EQ,9970,10020,9767.5,9881.5,9900,10021,51031,503925819.00,04-Aug-2026,17704,INE540H01012
VOLTAS,EQ,1331.4,1358,1310.1,1327.7,1327.7,1324.8,511249,682009136.60,04-Aug-2026,24816,INE226A01021
12VPT28A,N0,9979,9979,9979,9979,9979,10000,6,59874.00,04-Aug-2026,1,INE0MEG07011
VRAJ,EQ,124.05,124.08,121.15,121.59,122,122.94,22708,2772445.41,04-Aug-2026,737,INE0S2V01010
VRLLOG,EQ,277,283,270,280.25,280.6,272.1,4798296,1321853278.65,04-Aug-2026,61831,INE366I01010
VSTIND,EQ,220,222.66,219.54,221.22,221.48,219.29,186606,41307809.18,04-Aug-2026,4370,INE710A01016
VSTTILLERS,EQ,4472.8,4498,4405,4462.4,4490,4472.8,8353,37260841.40,04-Aug-2026,3368,INE764D01017
WPIL,EQ,457.9,457.9,444.5,446.1,446,455.95,13209,5923590.05,04-Aug-2026,1413,INE765D01022
WSI,EQ,60.52,61,59.8,60.01,60.35,60.51,26752,1612082.96,04-Aug-2026,628,INE100D01014
WAAREEENER,EQ,2678,2695,2662,2670,2670,2676,614626,1646392807.10,04-Aug-2026,32906,INE377N01017
WAAREERTL,EQ,919.65,924,911.25,912.6,913,919.65,99370,91082163.00,04-Aug-2026,5609,INE299N01021
WAKEFIT,EQ,128.81,130.7,127.15,128.02,127.65,130.05,625556,80549359.48,04-Aug-2026,4888,INE0E7301029
WALCHANNAG,EQ,230,234.95,227.9,233.88,234.26,229.33,371095,86075440.88,04-Aug-2026,5357,INE711A01022
WANBURY,EQ,286.2,294.65,276,278.9,279,286.2,328605,93800234.55,04-Aug-2026,7488,INE107F01022
CORDELIA,EQ,809,837,806.55,819.65,821.35,806.75,111499,90862702.60,04-Aug-2026,4903,INE0LZF01013
WEWIN,BE,44.5,47,44.5,45.21,45,45.59,884,39891.69,04-Aug-2026,16,INE082W01014
TWCGOLDETF,EQ,141.39,146.31,140.91,141.39,140.91,141.58,6345,897908.45,04-Aug-2026,121,INF2F0001370
WEALTH,EQ,928.05,943.15,918,928.5,927.25,939.25,1724,1608533.55,04-Aug-2026,180,INE658T01017
WEBELSOLAR,EQ,98,98.49,95.7,96.32,97.3,97.58,1313772,127257869.17,04-Aug-2026,8325,INE855C01023
WEIZMANIND,EQ,77.11,78.97,77.11,77.3,77.11,77.91,880,68356.21,04-Aug-2026,29,INE080A01014
WELCORP,EQ,1706,1743.5,1701,1736.6,1738.8,1715.3,570737,990753080.60,04-Aug-2026,31485,INE191B01025
WELENT,EQ,608,616.95,600,606.9,600.55,606.75,738163,447977072.70,04-Aug-2026,14961,INE625G01013
WELINV,BE,1850,1949,1812.1,1900,1900,1869.9,186,355884.50,04-Aug-2026,12,INE389K01018
WELSPUNLIV,EQ,154,161.32,153.16,160.73,160.7,154.63,1726771,273678989.38,04-Aug-2026,27364,INE192B01031
WELSPLSOL,EQ,50.7,51.4,50.49,50.57,50.49,50.73,123716,6276825.63,04-Aug-2026,858,INE731F01037
WENDT,EQ,8230,8230,8080,8102,8090,8206,4866,39555072.50,04-Aug-2026,1104,INE274C01019
WSTCSTPAPR,EQ,568.9,581,567,571.75,573,569,135852,77885129.90,04-Aug-2026,10901,INE976A01021
WCIL,EQ,90.8,91.8,90.32,91.39,90.83,90.48,19934,1815636.45,04-Aug-2026,709,INE0CJF01024
WESTLIFE,EQ,535,548.55,523.55,542.55,548,531.2,161027,86624906.50,04-Aug-2026,9225,INE274F01020
WEWORK,EQ,744.6,759.9,736,737.35,737.5,744.6,348646,260562265.40,04-Aug-2026,16241,INE085001019
WHEELS,EQ,1420,1439.5,1400,1408.8,1411.1,1415.7,49460,70139319.60,04-Aug-2026,5106,INE715A01015
WHIRLPOOL,EQ,829.4,836,817,820.5,821.4,824.45,210664,173920741.80,04-Aug-2026,11823,INE716A01013
WILLAMAGOR,EQ,26.57,26.57,25.6,25.6,25.6,26.57,1487,38183.47,04-Aug-2026,36,INE210A01017
WINDLAS,EQ,862.05,879.35,856.15,862.25,857,867.8,19979,17336899.80,04-Aug-2026,1914,INE0H5O01029
WINDMACHIN,EQ,282,286,280.3,282.9,281.1,281.05,16491,4658906.85,04-Aug-2026,834,INE052A01021
WINSOL,SM,114.3,117.8,114.3,114.9,114.45,114.3,10400,1205820.00,04-Aug-2026,19,INE0S3D01016
WIPRO,EQ,189,189.4,186.3,186.3,186.3,188.66,11903457,2235131673.03,04-Aug-2026,68603,INE075A01022
WTICAB,SM,120,120,112,112.9,112,117.95,39500,4544500.00,04-Aug-2026,55,INE623Y01011
WOCKPHARMA,EQ,2028.4,2067.7,2004.7,2022.6,2015.2,2028.4,787321,1605043031.30,04-Aug-2026,35865,INE049B01025
WOL3D,ST,144.45,144.9,144.45,144.9,144.9,138,5000,723650.00,04-Aug-2026,5,INE0OO201011
WOMANCART,SM,100,103.8,96,100.05,99.95,104.25,21200,2105480.00,04-Aug-2026,45,INE0Q9601016
WEL,EQ,125.49,125.49,116.62,117.69,117.21,123.02,176162,21013556.21,04-Aug-2026,2526,INE02WG01024
WONDERLA,EQ,485,522.5,481.1,508.85,513,485.2,1330442,668780359.05,04-Aug-2026,33440,INE066O01014
WORTHPERI,EQ,147.67,158,145,152.98,153.99,145.93,60961,9122331.83,04-Aug-2026,736,INE196Y01018
XCHANGING,EQ,67.85,68.84,67,68.39,68.4,67.65,60951,4152939.22,04-Aug-2026,1025,INE692G01013
XELPMOC,EQ,84,84,80,81.52,82.3,83.4,8868,719972.49,04-Aug-2026,199,INE01P501012
XPROINDIA,EQ,1301,1320.8,1158.5,1178.2,1171,1302.8,219434,269394012.90,04-Aug-2026,17719,INE445C01015
XTGLOBAL,EQ,33.1,33.77,32.15,33.17,32.27,33.38,145165,4821773.42,04-Aug-2026,841,INE547B01028
XTRANET,BE,122.5,130,122.5,127.94,127.6,124.01,545948,69564243.69,04-Aug-2026,3461,INE0NG701011
YASHOPTICS,SM,119,119,117,117.05,117.05,119.7,3200,376840.00,04-Aug-2026,4,INE0TO601017
YASHO,EQ,4000,4490,3961,4359.9,4350.2,3884.8,370550,1561127903.30,04-Aug-2026,41542,INE616Z01012
YATHARTH,EQ,833.95,849.5,831.75,845.5,845.4,833.95,221744,186918022.55,04-Aug-2026,9241,INE0JO301016
YATRA,EQ,108.8,108.8,106,106.95,106.19,107.63,545069,58416652.63,04-Aug-2026,3754,INE0JR601024
YESBANK,EQ,23,23.01,22.78,23,23,23,41667544,954301167.66,04-Aug-2026,55879,INE528G01035
YUDIZ,SM,27.9,27.9,27.8,27.85,27.8,26.6,7200,200800.00,04-Aug-2026,9,INE09FA01019
YUKEN,EQ,719.1,722,712,714.9,714,718.6,2800,2009300.05,04-Aug-2026,167,INE384C01016
ZFSTEERING,EQ,682,682,662.65,665.95,665.15,679,1799,1201926.55,04-Aug-2026,147,INE116C01012
ZTECH,SM,542,542,504,528.3,530,541.7,15900,8359320.00,04-Aug-2026,49,INE0ISZ01012
ZAGGLE,EQ,208,208,203.25,203.84,204.2,205.85,472398,96945131.80,04-Aug-2026,7128,INE07K301024
ZEEL,EQ,99,100.8,98.05,99.55,99.4,98.14,27006787,2690237040.68,04-Aug-2026,86120,INE256A01028
ZEELEARN,BE,8.25,8.25,7.95,8.07,8.05,8.14,104189,838056.64,04-Aug-2026,371,INE565L01011
ZEEMEDIA,EQ,7.22,7.31,7.04,7.05,7.07,7.19,2845367,20245904.26,04-Aug-2026,2758,INE966H01019
ZENTEC,EQ,1656,1724.4,1656,1683.4,1685,1656.4,470480,798542329.20,04-Aug-2026,32565,INE251B01027
ZENITHDRUG,SM,47.5,47.5,47.5,47.5,47.5,47.6,800,38000.00,04-Aug-2026,1,INE0QWN01013
ZENITHEXPO,EQ,198.89,198.89,196,197,197,198.89,217,42895.42,04-Aug-2026,30,INE058B01018
ZENITHSTL,EQ,5.74,5.74,5.59,5.61,5.65,5.63,36460,205115.22,04-Aug-2026,149,INE318D01020
ZENSARTECH,EQ,519,522.95,506.2,511.8,511.05,518,1222797,624774858.10,04-Aug-2026,26430,INE520A01027
GOLDCASE,EQ,22.46,22.46,21.86,22.29,22.28,22.31,7340388,163738603.55,04-Aug-2026,9774,INF0R8F01042
LIQUIDCASE,EQ,115.3,115.32,115.3,115.31,115.32,115.3,19205542,2214560578.46,04-Aug-2026,18605,INF0R8F01034
LTGILTCASE,EQ,30.59,30.59,30.43,30.49,30.45,30.44,131797,4012834.93,04-Aug-2026,180,INF0R8F01133
MID150CASE,EQ,12.02,12.02,11.7,11.73,11.7,11.73,1201752,14128309.58,04-Aug-2026,3371,INF0R8F01059
NIFTYCASE,EQ,10.09,10.09,9.81,9.83,9.81,9.85,1583891,15640870.71,04-Aug-2026,1757,INF0R8F01166
SILVERCASE,EQ,22.3,22.3,21.8,21.96,21.92,21.86,4382533,96263645.02,04-Aug-2026,4900,INF0R8F01091
SML100CASE,EQ,11.37,11.43,11.14,11.17,11.14,11.15,2576286,28852686.07,04-Aug-2026,2221,INF0R8F01141
TOP100CASE,EQ,10.52,10.94,10.52,10.75,10.79,10.79,921662,9940731.75,04-Aug-2026,1237,INF0R8F01067
ZFCVINDIA,EQ,2458.3,2575,2445.8,2555.6,2570,2447.8,303524,765644315.30,04-Aug-2026,28821,INE342J01019
ZIMLAB,BE,109.35,110.99,106.1,109.03,109.05,111.23,23348,2529550.61,04-Aug-2026,217,INE518E01015
ZODIACLOTH,EQ,76.75,78.25,76.71,76.93,77.32,76.65,1892,146470.92,04-Aug-2026,33,INE206B01013
ZODIAC,EQ,253,266.3,253,257.6,258.9,256.3,12702,3298004.85,04-Aug-2026,949,INE761Y01019
ZOTA,BL,1241,1241,1241,1241,1241,198.5,219000,271779000.00,04-Aug-2026,1,INE358U01012
ZOTA,EQ,1280,1309,1236.2,1252.5,1263.2,1265.7,40376,50981290.10,04-Aug-2026,3407,INE358U01012
ZUARI,EQ,233.27,235,230.04,231.65,230.62,233.27,73234,17018003.40,04-Aug-2026,2031,INE840M01016
ZUARIIND,EQ,260.6,265,259.3,263.65,264.95,259.35,14894,3912905.10,04-Aug-2026,434,INE217A01012
ZYDUSLIFE,EQ,1125,1130,1113.1,1130,1130,1121,1085433,1215789113.10,04-Aug-2026,32783,INE010B01027
ZYDUSWELL,EQ,564.5,564.5,530.6,550.2,555.25,559.85,1482668,804569868.75,04-Aug-2026,45325,INE768C01028
