SYMBOL,SERIES,OPEN,HIGH,LOW,CLOSE,LAST,PREVCLOSE,TOTTRDQTY,TOTTRDVAL,TIMESTAMP,TOTALTRADES,ISIN
SGBJUN28,GB,15459.19,15644.98,15459.19,15636.18,15644.96,15638.46,108,1675993.26,28-Aug-2026,43,IN0020200104
SGBN28VIII,GB,15700,15700,15531,15630,15630,15656.74,202,3150699.89,28-Aug-2026,37,IN0020200286
SGBMAY29I,GB,15604.99,15651,15505,15618.04,15612,15608.8,1057,16464631.11,28-Aug-2026,117,IN0020210053
SGBJUN29II,GB,15500,15670,15500,15567.27,15560,15623.55,84,1304138.32,28-Aug-2026,21,IN0020210061
SGBJU29III,GB,15500,15640,15500,15639.99,15639.99,15611.6,38,591291.36,28-Aug-2026,15,IN0020210087
SGBSEP29VI,GB,15802.27,16100,15566.01,15899.84,15900,15802.27,98,1548443.06,28-Aug-2026,56,IN0020210145
SGBNV29VII,GB,15610,15650,15537.65,15631,15631,15675.16,149,2325902.86,28-Aug-2026,20,IN0020210178
SGBOCT26,GB,15510,15621.5,15510,15621.5,15621.5,15700,9,140259.82,28-Aug-2026,5,IN0020180249
SGBNOV26,GB,15639.95,15640,15639.95,15640,15640,15750,10,156399.58,28-Aug-2026,3,IN0020180314
SGBJUN27,GB,15586.26,15586.26,15586.26,15586.26,15586.26,15589.95,6,93517.56,28-Aug-2026,5,IN0020190073
SGBJUL27,GB,15450.01,15599.9,15450.01,15599.9,15599.9,15999.98,8,124199.64,28-Aug-2026,2,IN0020190081
SGBAUG27,GB,15500,15596.47,15499.97,15550,15550,15588.16,60,931002.60,28-Aug-2026,29,IN0020190107
SGBSEP27,GB,15750,15801.03,15750,15800.21,15800,15750,124,1958971.06,28-Aug-2026,6,IN0020190115
SGBOCT27,GB,15750,15750,15750,15750,15750,15750,12,189000.00,28-Aug-2026,2,IN0020190370
SGBFEB27,GB,15726,15726,15463.3,15594.65,15726,15726,32,502335.67,28-Aug-2026,7,IN0020180561
SGBOCT27VI,GB,15765,15765,15765,15765,15765,15765,7,110355.00,28-Aug-2026,1,IN0020190388
SGBDC27VII,GB,15500,15505,15500,15505,15505,15747.5,5,77515.00,28-Aug-2026,2,IN0020190461
SGBAPR28I,GB,15575.02,15710,15550,15700.28,15710,15657.8,320,5011671.32,28-Aug-2026,42,IN0020200062
SGBMAY28,GB,15470,15649,15470,15623.18,15602,15590.36,77,1200468.59,28-Aug-2026,24,IN0020200088
SGBJUL28IV,GB,15572.31,15629.98,15405.01,15600.48,15600,15572.31,351,5462976.23,28-Aug-2026,81,IN0020200146
SGBFEB28IX,GB,15410,15410,15410,15410,15410,15800,1,15410.00,28-Aug-2026,1,IN0020190545
SGBAUG28V,GB,15610,15676,15500,15584.2,15599.99,15605.81,813,12642293.29,28-Aug-2026,148,IN0020200161
SGBSEP28VI,GB,15910,15910,15713.05,15751.37,15779,15880.28,128,2015859.03,28-Aug-2026,39,IN0020200195
SGBOC28VII,GB,15630.51,15700,15525,15700,15700,15630.51,385,5992787.88,28-Aug-2026,44,IN0020200203
SGBJ28VIII,GB,15355,15619,15315.01,15549.51,15619,15979.99,85,1314406.16,28-Aug-2026,10,IN0020190537
SGBMAR28X,GB,15800,15915,15800,15915,15915,15949,16,253770.55,28-Aug-2026,5,IN0020190552
SGBJUL29IV,GB,15500,15616.08,15425.02,15560.18,15561,15579.39,115,1782909.08,28-Aug-2026,44,IN0020210111
SGBJAN29IX,GB,15667.86,15667.86,15411,15580.43,15624,15621,716,11128149.61,28-Aug-2026,99,IN0020200377
SGBAUG29V,GB,15520.5,15749.99,15513.02,15749,15749,15667.82,55,856346.88,28-Aug-2026,30,IN0020210129
SGBD29VIII,GB,15632.7,15696.99,15505.01,15612.71,15601.01,15632.7,407,6341669.66,28-Aug-2026,60,IN0020210228
SGBJAN29X,GB,15412,15584.35,15412,15574.51,15565.02,15593.4,87,1351482.98,28-Aug-2026,40,IN0020200385
SGBFEB29XI,GB,15670,15670,15500.01,15530,15530,15561.17,46,716446.27,28-Aug-2026,22,IN0020200393
SGBMR29XII,GB,15750,15826,15660.01,15823.84,15826,15757.09,145,2290464.16,28-Aug-2026,22,IN0020200427
SGBJUN30,GB,15455.01,15800,15455.01,15710,15800,15730,51,798204.46,28-Aug-2026,23,IN0020220045
SGBAUG30,GB,15785.45,15785.45,15618.6,15731.81,15735,15785.45,58,911129.13,28-Aug-2026,28,IN0020220078
SGBDE30III,GB,15327.09,15799.98,15327.09,15707.87,15699.99,15720.1,313,4905150.64,28-Aug-2026,71,IN0020220110
SGBJAN30IX,GB,15550,15665.01,15550,15620.15,15620.15,15658.69,28,436990.46,28-Aug-2026,15,IN0020210236
SGBMAR30X,GB,15649,15701,15535.79,15700,15700,15693.13,36,563664.70,28-Aug-2026,15,IN0020210319
SGBJUN31I,GB,15890,15890,15650,15793.97,15770,15895.84,509,7997213.64,28-Aug-2026,172,IN0020230069
SGBSEP31II,GB,15751.11,15949.99,15751.11,15901.1,15872,16003.2,1571,24906547.44,28-Aug-2026,263,IN0020230093
SGBDE31III,GB,15992.77,15992.77,15751.01,15965.96,15935,15992.77,1729,27432096.87,28-Aug-2026,289,IN0020230168
SGBMAR31IV,GB,15675,15832,15661.01,15832,15832,15859.44,59,929532.61,28-Aug-2026,19,IN0020220169
SGBFEB32IV,GB,15961.01,16145,15856.02,16082.66,16080,16060.04,2210,35278548.18,28-Aug-2026,377,IN0020230184
20MICRONS,EQ,217.34,224.87,217,222,220.3,216.37,241206,53281611.76,28-Aug-2026,5911,INE144J01027
21STCENMGM,EQ,41.74,41.74,41.16,41.16,41.16,42,3530,145822.12,28-Aug-2026,33,INE253B01015
360ONE,EQ,1204,1208,1193.9,1200,1200,1204,422710,508479692.60,28-Aug-2026,29706,INE466L01038
GOLD360,EQ,154.3,155,152.55,154.7,154.4,153.85,16074,2470678.15,28-Aug-2026,323,INF579M01BB5
MSCI360,EQ,10.12,10.47,10.05,10.22,10.22,10.22,32814,333160.01,28-Aug-2026,42,INF579M01BP5
SILVER360,EQ,232.74,237.5,232.74,236.33,236.05,233.1,11929,2802263.86,28-Aug-2026,315,INF579M01BC3
3BBLACKBIO,EQ,1362,1463,1362,1441.2,1440.1,1350.3,45446,64328466.00,28-Aug-2026,3114,INE994E01018
3IINFOLTD,BE,23.5,24.57,23.4,23.85,23.85,23.4,185320,4462630.79,28-Aug-2026,824,INE748C01038
3MINDIA,EQ,34245,34840,34130,34415,34500,34245,2422,83667700.00,28-Aug-2026,1347,INE470A01017
3PLAND,EQ,31.9,32.34,31.55,31.74,32.25,31.87,2074,66284.72,28-Aug-2026,33,INE105C01023
5PAISA,EQ,371,372.5,365,368.35,366,371.15,16145,5965880.00,28-Aug-2026,1159,INE618L01018
63MOONS,EQ,745,789,744.95,776.4,776.95,745.45,242493,187533990.65,28-Aug-2026,10165,INE111B01023
743REC35,NH,1199.9,1199.9,1196,1196.5,1196,1191,115,137598.50,28-Aug-2026,2,INE020B07JU4
764NABAR31,N2,1115,1115,1113.8,1114,1114,1115,477,531454.00,28-Aug-2026,5,INE261F07032
769HUDCO31,N9,1135.2,1136.15,1135.15,1136.1,1136.1,1133.11,758,860670.35,28-Aug-2026,5,INE031A07AT4
774IREDA31,N7,1127,1129,1123.05,1123.05,1123.05,1130,607,684773.95,28-Aug-2026,8,INE202E07229
812REC27,NI,1025.5,1025.5,1024,1024,1024,1027.26,1020,1044497.50,28-Aug-2026,5,INE020B07GH7
82HUDCO27,N2,1053,1057.85,1048.01,1049.91,1049.25,1054.99,2869,3021270.60,28-Aug-2026,49,INE031A07840
830PFCL27,N5,1081,1081,1081,1081,1081,1081,1120,1210720.00,28-Aug-2026,10,INE134E07208
875NHAI29,N6,1114,1114.49,1111,1114.49,1114.49,1112.9,227,252372.23,28-Aug-2026,6,INE906B07DF8
876HUDCO28,ND,1135.2,1138.78,1135.01,1135.04,1138.78,1134.08,202,229294.98,28-Aug-2026,4,INE031A07949
892NHPC33,N6,1254,1256,1253,1256,1256,1253.85,750,940420.25,28-Aug-2026,11,INE848E07567
892PFCL33,N8,1285,1285,1285,1285,1285,1280.02,70,89950.00,28-Aug-2026,2,INE134E07463
901HUDCO34,NE,1281,1288,1280,1288,1288,1289.25,365,468384.90,28-Aug-2026,19,INE031A07AB2
ABCOTS,EQ,203.48,209,200.2,203.7,203.8,204.5,6512,1327647.10,28-Aug-2026,201,INE08PH01015
ABINFRA,BE,11.08,11.92,11,11.82,11.9,11.36,603652,6851867.46,28-Aug-2026,612,INE00YB01025
ABMKNO,EQ,188,194,185,193.39,193.35,187.21,164,31030.26,28-Aug-2026,15,INE850B01026
ACSTECH,BE,50.2,52,48.51,51.58,51.75,49.95,231778,11715665.09,28-Aug-2026,318,INE366C01021
AGUL,SM,46.05,46.05,46.05,46.05,46.05,48.45,2000,92100.00,28-Aug-2026,1,INE0O6N01012
AKCAPIT,EQ,1687.7,1774.7,1644.2,1708.1,1719.9,1686.2,3268,5567686.80,28-Aug-2026,453,INE701G01012
A2ZINFRA,EQ,16.79,17.12,16.18,16.63,16.52,16.41,482090,7986742.96,28-Aug-2026,723,INE619I01012
AAATECH,EQ,91.96,98.4,91.5,95.03,94.24,92.01,31461,3012690.14,28-Aug-2026,714,INE0D0U01013
AADHARHFC,EQ,463.2,472.45,463.2,471.1,470.35,465.8,121779,57041656.15,28-Aug-2026,15383,INE883F01010
AAKAAR,SM,65,65,64.6,64.6,64.6,67.95,6400,414720.00,28-Aug-2026,4,INE1GYP01013
AAKASH,EQ,8.61,8.9,8.59,8.73,8.79,8.75,63832,556873.33,28-Aug-2026,275,INE087Z01024
AAREYDRUGS,EQ,87,89.01,86.1,89.01,89.01,84.78,379960,33651400.48,28-Aug-2026,913,INE198H01019
AARNAV,BE,33.36,33.67,31.86,33.66,33.67,33.36,4573,148004.44,28-Aug-2026,33,INE750R01016
AARON,EQ,137.2,139.8,134,134.94,137.6,135.71,6654,906371.47,28-Aug-2026,342,INE721Z01010
AARTECH,BE,49.5,50.79,48.52,49.16,48.7,49.62,32990,1633931.59,28-Aug-2026,120,INE01C001026
AARTIDRUGS,EQ,417.9,422,417,418.55,419.95,417.9,59919,25109894.70,28-Aug-2026,3418,INE767A01016
AARTIIND,EQ,540,543,528,540.35,542.5,538.9,644631,345388679.10,28-Aug-2026,19146,INE769A01020
AARTIPHARM,EQ,818,848.9,815.75,840.7,843,813.5,278187,231746490.00,28-Aug-2026,15849,INE0LRU01027
AARTISURF,BE,537,545,522,541.5,545,539.9,9952,5310699.75,28-Aug-2026,351,INE09EO01013
AARVI,EQ,144.35,148.15,141,142.25,141.1,145.07,25356,3646197.64,28-Aug-2026,694,INE754X01016
AASTHA,EQ,85,85,79.53,79.61,79.75,88.36,2379114,194185627.22,28-Aug-2026,9067,INE2FMX01012
AAVAS,EQ,1273.4,1333.8,1264.1,1275.5,1289.4,1269.4,348832,452333685.70,28-Aug-2026,48510,INE216P01012
ABAN,BE,15.13,15.13,15.13,15.13,15.13,15.43,7423,112309.99,28-Aug-2026,48,INE421A01028
ABANSENT,EQ,28.8,28.8,27,27.99,27.99,27.51,2791,76631.39,28-Aug-2026,87,INE365O01028
AFSL,EQ,201.01,215,201.01,211.92,212.16,202.04,19645,4104029.49,28-Aug-2026,432,INE00ZE01026
ABB,EQ,7501,7529,7440,7509,7509,7490,98513,737290612.00,28-Aug-2026,17075,INE117A01022
ABBOTINDIA,EQ,26420,26745,26120,26175,26200,26350,6550,172464970.00,28-Aug-2026,4655,INE358A01014
ABHAPOWER,SM,24,24.5,24,24.5,24.5,24,4800,116160.00,28-Aug-2026,3,INE0UYG01015
AILIMITED,SM,18.9,18.9,18.9,18.9,18.9,18,3000,56700.00,28-Aug-2026,1,INE0CAJ01017
ABMINTLLTD,BE,56.3,56.3,56.3,56.3,56.3,57.44,271,15257.30,28-Aug-2026,10,INE251C01025
ABSMARINE,ST,293,293,278.8,283,283.5,293.45,84500,23719400.00,28-Aug-2026,112,INE0QRV01016
ACC,EQ,1314,1314,1303,1306.4,1309,1310.6,65574,85758604.20,28-Aug-2026,8824,INE012A01025
ACCELYA,EQ,1135,1144,1119.8,1134.1,1131.7,1134.9,7211,8173774.40,28-Aug-2026,784,INE793A01012
ACCENTMIC,SM,595,606.85,594.6,605.85,606.85,592.1,30500,18412700.00,28-Aug-2026,56,INE0Q5D01013
ACCURACY,BE,4.56,4.62,4.46,4.6,4.61,4.57,54136,247877.52,28-Aug-2026,154,INE648Z01023
ACEINTEG,EQ,17.96,17.96,17.4,17.44,17.4,17.38,404,7082.50,28-Aug-2026,11,INE543V01017
ACETEC,SM,125,138,125,138,138,129,46800,6128400.00,28-Aug-2026,9,INE1J6M01010
ACMESOLAR,EQ,392,398,388.05,393.7,392.05,386.3,1185544,466882266.85,28-Aug-2026,37800,INE622W01025
ACE,EQ,1141.2,1154.1,1132,1140.6,1144,1136,146229,167251524.40,28-Aug-2026,12198,INE731H01025
ACUTAAS,EQ,3359.8,3384,3235,3281.6,3262.5,3329.2,240776,790508726.30,28-Aug-2026,39978,INE00FF01025
ADANIENSOL,EQ,1610,1611.9,1566.9,1581.4,1581.4,1617,1647674,2604056467.40,28-Aug-2026,59276,INE931S01010
ADANIENT,EQ,3170,3173.7,3133.3,3168.5,3168.5,3169,530795,1673147172.10,28-Aug-2026,39519,INE423A01024
ADANIGREEN,EQ,1319.8,1321,1303.2,1311,1311,1328.5,776595,1016788185.80,28-Aug-2026,20162,INE364U01010
ADANIPORTS,EQ,1712,1723.9,1699.2,1707.5,1707.5,1714,3268356,5591867655.50,28-Aug-2026,89746,INE742F01042
ADANIPOWER,EQ,215.92,216.5,210.91,212.63,212.63,215,14256352,3029384925.50,28-Aug-2026,75985,INE814H01029
ATGL,EQ,644,645.15,635,636.5,639.5,645.35,302887,193630452.10,28-Aug-2026,11650,INE399L01023
ADDIND,EQ,84.53,84.53,79.92,84,84,86.7,88,7114.37,28-Aug-2026,17,INE757C01021
ADDICTIVE,SM,46,47.8,46,47.65,47.8,45.55,8500,402175.00,28-Aug-2026,15,INE0RDH01021
ADFFOODS,EQ,273.8,276.05,270.6,274.45,271.35,273.8,85375,23350699.65,28-Aug-2026,3519,INE982B01027
ADISOFT,SM,206.95,206.95,196,198,197.1,204.85,18400,3702200.00,28-Aug-2026,22,INE20PL01012
ABSLAMC,EQ,1050,1053.5,1038.1,1047.9,1050.3,1046.5,74281,77833642.00,28-Aug-2026,8950,INE404A01024
ABCAPITAL,EQ,409.85,410.35,404.8,405.55,405.55,410,1217070,495534681.70,28-Aug-2026,25871,INE674K01013
ABFRL,EQ,54,54,52.21,52.49,52.59,53.64,4611357,244508084.86,28-Aug-2026,18625,INE647O01011
ABLBL,EQ,85.15,85.64,84.4,84.6,84.5,85.22,252167,21416563.37,28-Aug-2026,4409,INE14LE01019
BIRLAMONEY,EQ,131.77,131.77,128.45,129.94,130.75,129.89,24071,3126106.41,28-Aug-2026,544,INE865C01022
ABREL,EQ,1382,1406.2,1380,1387,1387.4,1393.4,81323,113050768.40,28-Aug-2026,7073,INE055A01016
CPPLUS,EQ,3630,3662,3552,3576.6,3570.9,3629.7,138494,498098405.80,28-Aug-2026,15638,INE819V01029
AVL,EQ,590,595.85,582.25,590.8,591,592.3,220999,130310357.20,28-Aug-2026,18716,INE679V01027
BSLGOLDETF,EQ,138.75,140.01,137.57,139.62,139.58,138.75,222269,30891626.86,28-Aug-2026,1978,INF209KB18D3
BSLNIFTY,EQ,28.79,28.79,28.1,28.38,28.43,28.4,832664,23625510.57,28-Aug-2026,3166,INF209KB19D1
ADOR,EQ,1546.9,1652,1546.6,1635.6,1638,1541.9,130736,211004656.30,28-Aug-2026,12883,INE045A01017
ADROITINFO,EQ,10.64,10.77,10.12,10.44,10.25,10.4,14489,151539.06,28-Aug-2026,148,INE737B01033
ADVAIT,EQ,2122,2230.1,2119,2200.5,2208.6,2114.7,98198,215605113.70,28-Aug-2026,10126,INE0ALI01010
ADVANCE,EQ,120.92,123.9,115.93,116.95,117.85,120.32,282536,33368295.21,28-Aug-2026,2566,INE1B0W01010
ADVENZYMES,EQ,297.95,301.95,296.25,299.8,300,297.6,192573,57480505.15,28-Aug-2026,2941,INE837H01020
ADVANIHOTR,EQ,50.7,53.14,49.5,50.01,50,49.92,55736,2824589.47,28-Aug-2026,537,INE199C01026
ADVENTHTL,EQ,140.9,144.79,139.11,142.8,142.31,140.52,333397,47584917.09,28-Aug-2026,5125,INE28GN01010
ADVIKCA,EQ,1.21,1.23,1.18,1.19,1.19,1.19,284503,341149.01,28-Aug-2026,227,INE178T01024
RAMBHAJO,EQ,259.8,264.87,245.31,250.51,248.89,263.57,2950380,751521439.57,28-Aug-2026,33910,INE1SJO01012
AEGISLOG,EQ,1304,1304.7,1283.6,1289.4,1290,1298,263570,341070492.00,28-Aug-2026,13415,INE208C01025
AEGISVOPAK,EQ,267,272.45,262,269.9,269.15,263.5,588121,158161021.55,28-Aug-2026,11497,INE0INX01018
AEL17725,NA,1098.99,1098.99,1098.99,1098.99,1098.99,1096.8,12,13187.88,28-Aug-2026,2,INE423A07401
AEL170725A,NG,1098,1098,1098,1098,1098,1051.1,11,12078.00,28-Aug-2026,2,INE423A07468
862AEL31,NM,1011.5,1015,1011.5,1015,1015,1015,156,157934.00,28-Aug-2026,18,INE423A07518
890AEL31,NN,1055,1057.99,1055,1056.75,1056.75,1054.27,92,97211.74,28-Aug-2026,6,INE423A07526
895AEL27,N9,1009.82,1009.82,1009.82,1009.82,1009.82,1020,5,5049.10,28-Aug-2026,1,INE423A07450
915AEL28,NC,1024,1024,1024,1024,1024,1025,10,10240.00,28-Aug-2026,1,INE423A07435
930AEL30,NF,1040.1,1040.1,1040.1,1040.1,1040.1,1045,57,59285.70,28-Aug-2026,1,INE423A07393
AEQUS,EQ,246.66,248,243.29,245.99,246,246.66,1329838,327333558.51,28-Aug-2026,19541,INE947N01017
AEROENTER,EQ,144.82,147.43,143.05,146.29,146.1,142.66,930558,135704731.11,28-Aug-2026,9749,INE065D01027
AEROFLEX,EQ,521.85,547,519.8,542.1,541.75,522.1,2093610,1123336768.45,28-Aug-2026,43794,INE024001021
AERONEU,EQ,83.99,83.99,80.25,80.68,81.01,81.88,3586,293477.27,28-Aug-2026,259,INE035801013
AERON,SM,71.15,72.9,71.1,71.3,71.1,71.15,14000,1004900.00,28-Aug-2026,11,INE0WL801011
AESTHETIK,SM,72,72.5,71.5,71.85,71.85,72,13000,934650.00,28-Aug-2026,12,INE0TSF01011
AETHER,EQ,1685.5,1717,1664,1696.8,1700,1677.3,443550,749287351.70,28-Aug-2026,39734,INE0BWX01014
AFCONS,EQ,284,292,284,286.65,286,285.05,728796,210185778.40,28-Aug-2026,14358,INE101I01011
AFFLE,EQ,1650.3,1659,1615.9,1620.2,1619,1650.3,133536,218155714.50,28-Aug-2026,15928,INE00WC01027
AFFORDABLE,BE,166,168.95,162.15,165.31,165.4,167.47,5551,918729.43,28-Aug-2026,168,INE692Z01013
115AFIL28A,N0,9914,9914,9914,9914,9914,9943,106,1050884.00,28-Aug-2026,3,INE916Y07099
12AFIL27A,N0,9987.8,9987.8,9987.8,9987.8,9987.8,9987.8,1,9987.80,28-Aug-2026,1,INE916Y07040
AGARWALFT,SM,30.05,30.05,30.05,30.05,30.05,31.6,4500,135225.00,28-Aug-2026,3,INE0MLA01012
AGARIND,EQ,466.25,470,463.85,465.3,464.6,465.5,15795,7366144.05,28-Aug-2026,1074,INE204E01012
AGARWALTUF,SM,141,141,139,139.1,139.05,140.8,9600,1343400.00,28-Aug-2026,8,INE0P8X01016
AGI,EQ,737.7,777.15,725.7,774.8,775,737.7,385938,294948404.75,28-Aug-2026,16492,INE415A01038
AGIIL,EQ,297,297,287.25,289.1,290,288.8,447958,130133101.00,28-Aug-2026,6735,INE976R01033
AGRITECH,EQ,101.11,103.63,100.06,102.9,102.9,101.11,1874,191729.58,28-Aug-2026,76,INE449G01018
AGROPHOS,EQ,27,27.49,26.01,26.34,26.35,27.04,15966,421412.56,28-Aug-2026,164,INE740V01019
AGSTRA,BZ,1.95,2.05,1.95,2.01,2.03,2,108607,219730.04,28-Aug-2026,255,INE583L01014
AHLADA,EQ,37.57,39.07,37.5,38.06,38.85,38.47,4759,181066.75,28-Aug-2026,86,INE00PV01013
AHLUCONT,EQ,638,647.75,630.05,641.1,640,636.6,80833,51792669.95,28-Aug-2026,5603,INE758C01029
AIAENG,EQ,4232.3,4260.7,4192.2,4234.2,4249.9,4232.3,33928,143297431.70,28-Aug-2026,11401,INE212H01026
AIMTRON,SM,1640,1655.95,1612.5,1644.45,1655.95,1647.15,26200,42964460.00,28-Aug-2026,97,INE0RUV01018
GOLDTECH,BE,50.66,51.98,50.11,50.83,51.24,50.81,7072,361628.72,28-Aug-2026,69,INE805A01014
AIRAN,EQ,14.98,15.47,14.84,15.09,15.05,14.81,58965,891361.47,28-Aug-2026,405,INE645W01026
AIROLAM,EQ,88.2,89,86.51,88.88,88.9,87.5,1901,168838.10,28-Aug-2026,43,INE801L01010
AJANTPHARM,EQ,3584.9,3596,3541.6,3557,3566,3543.6,39913,141912880.60,28-Aug-2026,12218,INE031B01049
AJAXENGG,EQ,577,579,566.25,571.1,570,579.1,35790,20427995.85,28-Aug-2026,4911,INE274Y01021
AJMERA,EQ,117.36,118.88,114.56,117.41,116.82,116.98,497791,58006444.08,28-Aug-2026,4308,INE298G01035
AJOONI,EQ,3.8,3.84,3.75,3.82,3.83,3.79,108907,412950.19,28-Aug-2026,245,INE820Y01021
AKANKSHA,SM,125,125.1,125,125.1,125.1,124.5,3000,375100.00,28-Aug-2026,2,INE0PCY01014
AKASH,EQ,24.31,24.97,24.31,24.36,24.36,24.31,4053,98903.48,28-Aug-2026,34,INE737W01013
AKG,EQ,9.24,9.5,9.1,9.16,9.16,9.24,2096,19294.93,28-Aug-2026,61,INE00Y801016
AKI,EQ,4.12,4.24,4.08,4.13,4.15,4.2,85878,355785.27,28-Aug-2026,295,INE642Z01026
AKIKO,SM,400.05,412,400.05,410,410,409.8,8000,3256720.00,28-Aug-2026,10,INE0PMR01017
AFIL,EQ,9.52,9.61,9.35,9.4,9.43,9.42,383110,3624506.01,28-Aug-2026,380,INE916Y01027
AKSHOPTFBR,BE,7,7.35,6.71,7.19,7.25,7.04,299799,2109525.51,28-Aug-2026,550,INE523B01011
AKSHAR,EQ,0.42,0.43,0.41,0.42,0.43,0.42,834403,352690.15,28-Aug-2026,256,INE256Z01025
AKSHARCHEM,BE,350,365.65,347.37,348.91,357.2,365.65,15186,5351062.19,28-Aug-2026,256,INE542B01011
AKUMS,EQ,764,774.45,758.6,772.6,773.75,761.2,408016,313570425.15,28-Aug-2026,18171,INE09XN01023
ALANKIT,EQ,7.88,8.22,7.88,8.13,8.18,7.91,107670,876239.85,28-Aug-2026,614,INE914E01040
ALBERTDAVD,EQ,894.5,912,880.05,898.6,898.9,890.25,20164,18135179.65,28-Aug-2026,1842,INE155C01010
ALCODIS,SM,69,69,69,69,69,69,625,43125.00,28-Aug-2026,1,INE448V01019
ALEMBICLTD,EQ,102.77,103.23,99.47,100.04,99.99,102.77,645251,65188924.34,28-Aug-2026,7664,INE426A01027
APLLTD,EQ,824,828.45,811.1,813.45,812.7,824,89882,73158417.90,28-Aug-2026,5352,INE901L01018
ALFREDHE,EQ,2900,2900,2828.9,2855,2855,2910.8,8,22942.80,28-Aug-2026,6,INE782D01027
ALGOQUANT,EQ,65,66.38,64.08,64.56,65.45,64.88,1028546,66236444.46,28-Aug-2026,1974,INE598D01035
ALICON,EQ,678.35,695.9,678.15,685.05,688.25,683.65,14703,10085717.55,28-Aug-2026,1018,INE062D01024
ALIVUS,EQ,1358.2,1375.9,1338.2,1350.2,1359,1358.2,51812,69985301.00,28-Aug-2026,6400,INE03Q201024
ALKALI,BE,65.6,67.76,65,66.26,65.13,65.6,345,22915.11,28-Aug-2026,27,INE773I01017
ALKEM,EQ,5352.5,5406.5,5316,5355,5355,5320,231100,1239308101.00,28-Aug-2026,16890,INE540L01014
ALKYLAMINE,EQ,2054.2,2086.2,2041.1,2047.9,2050,2045,43006,88688727.20,28-Aug-2026,6393,INE150B01039
ALLETEC,ST,116.95,122.75,116.95,122.75,122.75,116.95,14000,1703200.00,28-Aug-2026,34,INE0M2X01012
ALLTIME,EQ,205.2,209.17,202.31,203.79,202.7,206.36,111080,22842401.31,28-Aug-2026,1970,INE0GV601021
AGL,EQ,14.33,14.6,13.95,14.03,14.11,14.34,1366639,19328779.66,28-Aug-2026,3057,INE1YPB01014
ALLCARGO,EQ,12.6,12.83,12.02,12.19,12.17,12.57,21895655,270984706.03,28-Aug-2026,25841,INE418H01029
ATL,EQ,26.6,28,26.35,27.04,26.91,26.25,534798,14616244.05,28-Aug-2026,3505,INE0NN701020
ALLDIGI,EQ,795,818,795,813.65,815,797.2,3998,3229421.55,28-Aug-2026,372,INE835G01018
ABDL,EQ,607.5,613.4,605.65,610,610.4,607.5,109318,66676949.50,28-Aug-2026,5499,INE552Z01027
ADSL,EQ,107,108.79,105.7,106.21,106.7,107.53,87735,9389562.05,28-Aug-2026,1818,INE102I01027
ALMONDZ,EQ,16.5,17.49,16,16.96,16.99,16.15,774739,13046938.38,28-Aug-2026,1850,INE326B01035
ALOKINDS,EQ,10.49,10.49,9.16,9.24,9.23,10.43,85131255,810784310.71,28-Aug-2026,56499,INE270A01029
ALPA,EQ,61.1,65.3,61,63.77,64.3,61.18,21708,1387894.92,28-Aug-2026,338,INE385I01010
ALPEXSOLAR,SM,866,869.9,845,849.05,850,861.2,22800,19568505.00,28-Aug-2026,177,INE0R4701017
ALPHAGEO,BE,314.13,315,304.5,306.47,305,311.02,4818,1480218.44,28-Aug-2026,163,INE137C01018
ALPINETEX,EQ,55.91,56.79,54.5,55.16,55.03,55.67,201803,11210093.94,28-Aug-2026,2329,INE1JCQ01037
ALUFLUOR,EQ,469.9,484,459.5,477.9,481,458.5,17315,8235404.80,28-Aug-2026,692,INE058F01019
ALUWIND,SM,47,47.55,47,47.55,47.55,48.35,6000,283575.00,28-Aug-2026,4,INE0STM01017
AMAGI,EQ,573,578.45,566.45,570.8,571.35,578.45,184757,105669806.45,28-Aug-2026,8251,INE121R01077
AMAL,EQ,750,779.9,737,760.75,757,741.3,10626,8080967.60,28-Aug-2026,741,INE841D01013
AMANTA,BE,183.47,185.1,183.47,185.1,185.1,187.21,96563,17730309.36,28-Aug-2026,230,INE084K01015
ARE&M,EQ,912.4,936.5,912.4,921.35,923.5,911.9,567121,525533675.05,28-Aug-2026,28996,INE885A01032
AMARJOTHI,EQ,160,163.97,156,162.4,162.4,160,377,59072.25,28-Aug-2026,18,INE484D01012
AMBAAUTO,SM,112.9,113,112.9,112.95,113,115.2,3000,338900.00,28-Aug-2026,3,INE293601014
AMBALALSA,BE,43.99,44.05,43,44.01,44.01,43.13,40548,1768576.56,28-Aug-2026,120,INE432A01017
AMBER,EQ,7750.5,7794,7655,7675,7675,7701,271368,2094066026.00,28-Aug-2026,27872,INE371P01015
AMBICAAGAR,EQ,24.97,25.89,24.6,25.24,25.24,24.97,697,17396.93,28-Aug-2026,16,INE792B01012
AMBIKCO,EQ,1633.3,1659.9,1631.5,1638.3,1636,1636.7,9146,15037858.20,28-Aug-2026,1119,INE540G01014
AMBUJACEM,EQ,411.55,413.5,410,412.05,412.05,411.05,2152464,887197468.20,28-Aug-2026,16160,INE079A01024
AMDIND,EQ,53.25,54.5,51.73,52.38,52.4,53.33,5977,315124.52,28-Aug-2026,102,INE005I01014
AMEYA,SM,109.5,112,109.5,112,112,109.45,9000,988000.00,28-Aug-2026,3,INE0KT901015
AMNPLST,EQ,183.63,189,180.6,184.16,185,186.81,3545,653780.65,28-Aug-2026,181,INE275D01022
AEROPLANE,EQ,170.7,176.41,170.7,174.82,174,171.41,179790,31245655.25,28-Aug-2026,3183,INE05TO01019
AMJLAND,EQ,39.22,39.22,38.61,38.62,38.62,39.22,1890,73393.39,28-Aug-2026,46,INE606A01024
AMRUTANJAN,EQ,517.2,522.2,511.2,514.25,513.6,517.05,67238,34681069.75,28-Aug-2026,4593,INE098F01031
ARSSBL,EQ,517.05,521,508,509.7,509.95,517.05,128495,65881848.20,28-Aug-2026,3294,INE549H01021
ANANDRATHI,EQ,2195,2242,2182,2213.4,2219.7,2182.9,418905,925836839.10,28-Aug-2026,27226,INE463V01026
ANANTRAJ,EQ,605.25,611.9,603.2,606.15,604.65,605.25,616038,373802598.30,28-Aug-2026,18116,INE242C01024
ANANTAM,IV,104.99,105.79,104.81,105.46,105.78,104.99,9820,1032487.68,28-Aug-2026,154,INE1UA823019
ANAWIL,SM,422.5,431.95,405.3,409.3,408,421.2,191200,79157640.00,28-Aug-2026,463,INE1J5V01013
AMCL,SM,370,370,358.6,358.6,358.6,368,1200,438900.00,28-Aug-2026,3,INE0VG001016
ACL,EQ,44.95,44.95,43.72,44.14,44,44.06,26615,1173091.08,28-Aug-2026,196,INE666E01020
ANDHRAPAP,EQ,60.41,61.65,60.17,61.07,61.37,60.11,136218,8273419.22,28-Aug-2026,2234,INE435A01051
ANDHRSUGAR,EQ,96.36,100.37,95.84,98.02,97.84,95.45,610078,59842795.88,28-Aug-2026,5526,INE715B01021
ANDREWYU,EQ,27.99,28.79,27.75,28.45,28.25,27.99,101147,2858967.65,28-Aug-2026,393,INE449C01025
ANGELONE,EQ,295.9,297.7,291.65,294,294,295.9,2866743,843896985.45,28-Aug-2026,26505,INE732I01021
ANIKINDS,EQ,46.5,48.99,44.1,46.06,47.77,46.5,8384,386858.45,28-Aug-2026,72,INE087B01017
APCL,EQ,103,103,99.8,100.27,100,101.16,10017,1005905.32,28-Aug-2026,154,INE071F01012
ANKITMETAL,BZ,1.8,1.8,1.77,1.77,1.77,1.8,15283,27436.54,28-Aug-2026,35,INE106I01010
AHCL,EQ,15.6,16.87,15.26,15.91,15.89,15.6,15441669,251260656.30,28-Aug-2026,55557,INE0Y8W01025
ANLON,SM,638,640,638,639.9,639.9,640.1,2400,1534360.00,28-Aug-2026,6,INE0LR101013
ANMOL,EQ,10.07,10.18,10,10.05,10,9.99,38369,385396.43,28-Aug-2026,150,INE02AR01019
ANNAPURNA,EQ,150.9,153.2,143.5,144.65,143.7,146.4,51186,7548971.90,28-Aug-2026,612,INE0MGM01017
ANONDITA,SM,1026,1085.85,1007,1060.9,1055,1023.8,55400,58240520.00,28-Aug-2026,244,INE0VTV01012
ANSALBU,EQ,77.45,86.49,77.45,82.42,81.33,85.69,10639,887310.57,28-Aug-2026,172,INE030C01015
ANSALAPI,BZ,3.28,3.3,3.23,3.28,3.28,3.29,12696,41655.19,28-Aug-2026,25,INE436A01026
ANTGRAPHIC,EQ,0.74,0.86,0.72,0.75,0.77,0.72,1307534,1017165.58,28-Aug-2026,325,INE414B01021
ANTELOPUS,EQ,781.2,794.15,777.85,787.3,782.1,781.2,43078,33812910.55,28-Aug-2026,2545,INE818A01017
ANTHEM,EQ,928.9,932,896,900.1,900.05,924.6,375323,341858159.30,28-Aug-2026,23007,INE0CZ201020
AWHCL,EQ,391,391,385.05,387.3,385.65,389.2,44715,17350148.35,28-Aug-2026,2341,INE01BK01022
ANUHPHR,EQ,83.57,85.99,82.25,83.57,83.75,83.58,141578,11928467.52,28-Aug-2026,2520,INE489G01022
ANURAS,EQ,1265.4,1269,1253,1260.4,1253,1259.8,132636,166922601.70,28-Aug-2026,4731,INE930P01018
ANYA,SM,15.2,15.2,15,15,15,15.2,10000,151000.00,28-Aug-2026,2,INE0SI601032
AONEGOLD,EQ,14.63,14.82,14.51,14.73,14.79,14.65,288491,4238758.91,28-Aug-2026,1142,INF1J2R01114
AONELIQUID,EQ,1074.77,1074.77,1074.75,1074.76,1074.75,1074.32,10046,10797012.85,28-Aug-2026,65,INF1J2R01056
AONENIFTY,EQ,10.03,10.03,9.95,9.96,9.96,9.96,189083,1885836.41,28-Aug-2026,1092,INF1J2R01064
AONESILVER,EQ,9.15,9.25,9.02,9.2,9.2,9.04,321987,2949623.46,28-Aug-2026,1117,INF1J2R01171
AONETMMQ50,EQ,10.16,10.55,10.16,10.44,10.42,10.43,119934,1248981.24,28-Aug-2026,244,INF1J2R01148
AONETOTAL,EQ,12.08,12.08,11.96,11.98,11.98,12.02,193160,2318426.92,28-Aug-2026,1143,INF1J2R01015
APARINDS,EQ,17858,17900,17485,17803,17735,17900,120837,2138275709.00,28-Aug-2026,33923,INE372A01015
APCOTEXIND,EQ,610,629,610,625.25,627,611.65,118722,73793875.70,28-Aug-2026,5242,INE116A01032
APEXECO,ST,242,254.1,242,253.9,253.9,242,4800,1194280.00,28-Aug-2026,6,INE0T4V01015
APEX,EQ,385.35,387.95,379.95,381.25,381.1,383.45,67352,25743195.55,28-Aug-2026,2616,INE346W01013
APLAPOLLO,EQ,2187,2278.4,2182.5,2265.6,2265.6,2188,1037530,2320954896.20,28-Aug-2026,38752,INE702C01027
930APMD32,N0,103500,103500,103500,103500,103500,103491,1,103500.00,28-Aug-2026,1,INE0TLC07101
APOLLOHOSP,EQ,8848,8905,8818.5,8838.5,8838.5,8800,311286,2763044111.00,28-Aug-2026,26318,INE437A01024
APOLLO,EQ,387.7,388.5,383.85,387.45,388.4,386.35,3217421,1242295047.10,28-Aug-2026,22693,INE713T01028
APOLLOPIPE,EQ,638.55,643,620.6,631,625,638.55,204371,128516186.60,28-Aug-2026,7446,INE126J01016
APOLSINHOT,EQ,1206,1249.9,1206,1215.4,1215,1235.3,553,679819.80,28-Aug-2026,95,INE451F01024
APOLLOTYRE,EQ,448.1,451,442.1,443.5,443.5,443.25,836372,374362449.60,28-Aug-2026,23412,INE438A01022
APRAMEYA,SM,126,126,124.2,124.25,124.25,126,8000,996875.00,28-Aug-2026,10,INE0LQG01010
APSISAERO,ST,549,553.8,541,553.8,553.8,545.4,20400,11188920.00,28-Aug-2026,15,INE1OOJ01011
APTECHT,BE,90.3,92.48,90.3,91.52,92,90.28,59251,5430649.14,28-Aug-2026,355,INE266F01018
APTUS,EQ,254.8,257.2,253.55,256.15,256.15,256.45,324345,82895789.90,28-Aug-2026,16616,INE852O01025
AQYLON,EQ,23.2,23.34,22.11,22.11,22.11,23.27,1075974,24223772.77,28-Aug-2026,1548,INE416A01051
ARABIAN,SM,86.9,89.75,86.9,87.6,87.6,82,12000,1058000.00,28-Aug-2026,6,INE08NJ01024
ARCIIL,SM,35.1,36.5,34.6,36.15,36.5,36.85,31000,1115400.00,28-Aug-2026,19,INE0YDV01010
ACI,EQ,480,489.85,479.8,484.3,484.3,483.95,390477,189588596.00,28-Aug-2026,14775,INE128X01021
ADL,EQ,70.96,75,70.96,75,75,70.91,1056,77817.62,28-Aug-2026,19,INE0CHO01012
ARCHIDPLY,EQ,103.06,108.4,99.01,105.23,105.44,103.04,49263,5144662.84,28-Aug-2026,1148,INE877I01016
ARCHIES,EQ,13.5,13.7,13.38,13.4,13.45,13.4,10149,136827.36,28-Aug-2026,68,INE731A01020
ARCL,EQ,231.99,235,221.05,226.22,235,232,114,26514.33,28-Aug-2026,8,INE372M01010
ARDEE,EQ,59.96,61.96,58.78,61.16,61.5,59.28,6521624,395240532.54,28-Aug-2026,25408,INE0XNF01022
ARFIN,EQ,86.11,86.3,84.65,85.77,85.99,85.4,964118,82182760.32,28-Aug-2026,2417,INE784R01023
ARHAM,SM,215,217,208.95,215.4,215,211.75,53000,11363050.00,28-Aug-2026,48,INE0L2Y01011
ARIES,EQ,492.8,497.6,465.3,484.3,482.2,490.65,54489,26451948.45,28-Aug-2026,2404,INE298I01015
ARIHANTCAP,EQ,78.6,80.49,76.93,79.39,80.3,78.62,192228,15075619.02,28-Aug-2026,1401,INE420B01036
ARIHANT,EQ,994.8,994.8,950,958.9,965,974.8,1298,1251376.40,28-Aug-2026,188,INE413D01011
ARIHANTSUP,EQ,262.1,262.1,252.1,255.35,256.8,261.5,8417,2159589.85,28-Aug-2026,268,INE643K01018
ARIS,EQ,143.25,153.25,143.25,151.31,151.2,143.89,5643850,848393325.61,28-Aug-2026,30342,INE0H9P01028
ARKADE,EQ,127.2,128,126.5,127.38,128,127.25,140894,17942793.30,28-Aug-2026,1212,INE0QRL01017
ARMANFIN,EQ,1966,2045,1959.4,2034.2,2035,1967.1,50932,102170524.00,28-Aug-2026,4724,INE109C01017
ARMOUR,ST,18.9,18.9,18.9,18.9,18.9,18.1,2000,37800.00,28-Aug-2026,1,INE0TZX01019
AROGRANITE,EQ,26.5,26.5,25,25.1,25.05,25.59,6645,167837.49,28-Aug-2026,56,INE210C01013
ARROWGREEN,BE,696.85,708.9,689.1,692,689.9,689.1,11838,8259594.95,28-Aug-2026,352,INE570D01018
ARSHIYA,BZ,0.83,0.83,0.8,0.81,0.81,0.84,126333,101495.57,28-Aug-2026,132,INE968D01022
ARTNIRMAN,EQ,42,42,39.62,39.84,39.85,39.7,1005,41221.34,28-Aug-2026,18,INE738V01013
AEPL,EQ,15.65,15.65,14.67,15.38,15.35,15.39,15835,239380.15,28-Aug-2026,157,INE757T01025
ARTEMISMED,EQ,316.95,321,316.95,319.25,320.8,316.95,123988,39562558.75,28-Aug-2026,5900,INE025R01021
ARUNAYA,SM,14.35,14.35,14.3,14.3,14.3,14.3,6000,86000.00,28-Aug-2026,3,INE0TTG01017
ARVEE,EQ,162.15,174.5,162.15,169,169,170.59,823,139865.26,28-Aug-2026,48,INE006Z01016
ARVINDFASN,EQ,450.65,454.5,442.35,450.65,450.15,449.4,173596,77833083.60,28-Aug-2026,16021,INE955V01021
ARVIND,EQ,545,545.25,532.2,543.35,539.1,540.95,760011,409832828.90,28-Aug-2026,18102,INE034A01011
ARVINDPORT,SM,32,33.95,31,33.95,33.95,32.45,45000,1486350.00,28-Aug-2026,17,INE0P4T01013
ARVSMART,EQ,652.65,668,646,661.4,661.4,652.65,88204,57777388.20,28-Aug-2026,4112,INE034S01021
ARYAMAN,EQ,620,674.95,614,644.3,674.95,625,709,451525.05,28-Aug-2026,26,INE032E01017
ASAHIINDIA,EQ,954.2,968.1,944,952.7,949.95,951.25,172883,166004638.30,28-Aug-2026,15793,INE439A01020
ASAHISONG,BE,355.4,375,352,366.7,372,365.9,9722,3479852.25,28-Aug-2026,159,INE228I01012
ASHAPURMIN,EQ,579.95,587.2,576.4,582.1,582.3,578.05,220503,128449370.10,28-Aug-2026,11642,INE348A01023
ASHIANA,EQ,366.3,369.85,362.05,368.8,369.8,365.55,23913,8755238.45,28-Aug-2026,1099,INE365D01021
ASHIKAG,BE,441.35,441.35,432.4,436.55,435,439.2,21456,9336600.50,28-Aug-2026,105,INE094B01013
ASHIMASYN,EQ,18.87,19.6,18.5,18.83,18.92,18.87,46088,866598.75,28-Aug-2026,291,INE440A01010
ASHOKLEY,EQ,178,178.18,174.81,175.77,175.77,177.4,11814260,2077528384.38,28-Aug-2026,39809,INE208A01029
ASHOKA,EQ,113.01,113.4,112.32,112.65,112.92,113.05,294687,33270298.31,28-Aug-2026,2950,INE442H01029
ASHOKAMET,EQ,13.88,13.89,13.16,13.65,13.65,13.51,17883,245560.87,28-Aug-2026,134,INE760Y01011
ASHWINI,SM,184.6,184.6,182,182,182,184.9,3000,548600.00,28-Aug-2026,3,INE1A6Q01010
ASIANENE,EQ,496.45,520,477,480.8,479,492.7,701493,349881022.55,28-Aug-2026,20552,INE276G01015
ASIANTILES,EQ,47.78,48.29,47,47.88,48,47.02,2511054,119606283.27,28-Aug-2026,6314,INE022I01019
AHLEAST,EQ,137.05,141.4,135,139.32,141.4,136.73,3751,520040.37,28-Aug-2026,63,INE926K01017
ASIANHOTNR,EQ,307.75,317.8,301.55,315.95,317.8,312.05,98958,31047014.25,28-Aug-2026,499,INE363A01022
AHLWEST,BE,524,533.4,509,524,533.4,508,1174,618535.40,28-Aug-2026,22,INE915K01010
ASIANPAINT,EQ,2645,2645,2583.8,2608.7,2608.7,2631,482544,1257683631.80,28-Aug-2026,36207,INE021A01026
ASTAR,EQ,590,599.95,588,599.9,599.85,590,75,44673.10,28-Aug-2026,13,INE194D01017
ASIANTNE,EQ,9.9,10.99,9.72,10.89,10.98,9.65,58850,622727.01,28-Aug-2026,252,INE822B01017
ASKAUTOLTD,EQ,607.95,635.95,604.25,633.1,635,606.05,416555,260609945.15,28-Aug-2026,20075,INE491J01022
ASPINWALL,EQ,260.21,268,260.1,262.52,260.3,261.26,1933,512693.50,28-Aug-2026,52,INE991I01015
ASPIRE,SM,12.5,13.5,12.5,13.5,13.5,13.15,4000,52000.00,28-Aug-2026,2,INE0S7801010
ASSAMENT,EQ,705,778.05,705,778.05,778.05,741,172,125477.85,28-Aug-2026,9,INE165G01010
ASALCBR,EQ,719.6,721.4,710,714.5,715.7,716.4,12716,9081184.90,28-Aug-2026,1629,INE073G01016
ASTEC,EQ,589,593.95,572,581.45,580,585.9,25129,14648555.10,28-Aug-2026,1545,INE563J01010
ASTERDM,EQ,759.85,765,744.05,748.4,747.7,754.8,1768713,1323780278.20,28-Aug-2026,62879,INE914M01019
ASTRAMICRO,EQ,1689.8,1722.4,1670,1706.6,1702,1687.5,242127,409643485.30,28-Aug-2026,17156,INE386C01029
ASTRAL,EQ,1535.6,1556.4,1529.5,1532.3,1532.3,1529.2,700559,1078714314.20,28-Aug-2026,59978,INE006I01046
ASTRAZEN,EQ,7140.5,7170,7081,7106.5,7137,7136,2651,18906505.00,28-Aug-2026,1060,INE203A01020
ASTRON,BZ,3.08,3.16,3,3.13,3.14,3.08,16663,52167.33,28-Aug-2026,53,INE646X01014
ATALREAL,EQ,35.35,36,34.71,35.51,35.5,35.13,13592636,480456190.50,28-Aug-2026,7126,INE0ALR01029
ATAM,EQ,56.51,58.5,55.25,55.85,55.55,56.51,17108,972781.66,28-Aug-2026,239,INE09KD01013
ATCENERGY,ST,22.4,22.4,22.4,22.4,22.4,22.4,1200,26880.00,28-Aug-2026,1,INE0V0Q01019
ATHERENERG,BL,1480,1480,1480,1480,1480,710,11880000,17582400000.00,28-Aug-2026,1,INE0LEZ01016
ATHERENERG,EQ,1523.7,1630,1523.7,1616.3,1616.3,1495.3,14538878,23141900172.50,28-Aug-2026,350831,INE0LEZ01016
ATLPP,E1,10.4,10.4,9.66,9.7,9.71,9.66,7690,75277.37,28-Aug-2026,55,IN90NN701011
ATLANTAELE,EQ,1684,1750,1675.3,1745.1,1743,1674.9,128412,221091789.30,28-Aug-2026,15372,INE0Z4F01028
ATLANTAA,EQ,37.1,37.78,36.95,37.03,37.15,37.64,37210,1382563.78,28-Aug-2026,329,INE285H01022
ATLASCYCLE,EQ,97,97.43,95.5,96.11,96.49,96.28,3218,309345.58,28-Aug-2026,88,INE446A01025
ATMASTCO,SM,140.8,145.5,140,144.9,144.9,139.7,10800,1548720.00,28-Aug-2026,20,INE05DH01017
ATULAUTO,EQ,482.1,485.8,479.05,483.35,483.2,481.15,49107,23669690.40,28-Aug-2026,1719,INE951D01028
ATUL,EQ,6598,6598,6437.5,6459.5,6469,6585,28383,184148585.00,28-Aug-2026,10476,INE100A01010
AUBANK,EQ,1086.3,1094.3,1073.3,1077.1,1077.1,1091,871951,944558490.30,28-Aug-2026,41897,INE949L01017
AURIONPRO,EQ,692.8,712.45,690,707.6,703.3,688,204145,143447637.60,28-Aug-2026,11865,INE132H01018
AUROPHARMA,EQ,1637,1656.2,1620.1,1645.3,1645.3,1637,484381,794024853.90,28-Aug-2026,21512,INE406A01037
AURUM,EQ,229.76,235.25,228.21,232.98,232.51,228.45,107260,24920737.94,28-Aug-2026,2349,INE898S01029
AURUS,EQ,4.64,4.75,4.52,4.66,4.68,4.57,25000,115943.58,28-Aug-2026,129,INE142K01011
AUSOMENT,EQ,147.25,148.85,144.65,148.24,148.85,147.25,5076,752395.23,28-Aug-2026,183,INE218C01016
AUSTENG,EQ,120.01,125,119.99,123.28,123,121.01,1859,227006.28,28-Aug-2026,53,INE759F01012
APS,SM,257,264,254.05,259.1,256,256.95,15000,3887262.50,28-Aug-2026,51,INE0P0001010
AIIL,EQ,550.25,558.95,544,545.9,544.2,553.9,114584,63232269.35,28-Aug-2026,9285,INE206F01022
AUTOIND,EQ,88.58,90.78,88.05,89.04,88.7,89.02,70443,6283820.17,28-Aug-2026,661,INE718H01014
ACGL,EQ,1823.5,1825,1773.4,1792.6,1787,1805.3,342,612787.90,28-Aug-2026,85,INE451C01013
AUTOAXLES,EQ,1735.9,1744.9,1714.2,1740.2,1739.8,1723.6,1988,3445596.10,28-Aug-2026,369,INE449A01011
ASAL,EQ,486,493.3,486,488.2,487.5,488.45,10947,5362992.45,28-Aug-2026,502,INE900C01027
AVADHSUGAR,EQ,811,838.4,806.85,830.05,828.2,804.55,170865,141202738.15,28-Aug-2026,6229,INE349W01017
AVALON,EQ,2250,2251.1,2172,2231.7,2239,2256.6,239819,531547536.60,28-Aug-2026,25509,INE0LCL01028
AVANA,ST,150,150,149.8,150,150,147.5,10000,1499600.00,28-Aug-2026,5,INE1KU201016
AVANCE,EQ,0.87,0.89,0.87,0.87,0.88,0.87,2849676,2499963.01,28-Aug-2026,1104,INE758A01072
AVANTEL,EQ,157,158.4,156.48,156.79,157.63,158.05,369537,58012209.79,28-Aug-2026,5280,INE005B01027
AVANTIFEED,EQ,844.9,845.6,822,826.75,828,844.45,415922,344355371.70,28-Aug-2026,23086,INE871C01038
DMART,EQ,3850,3853.9,3822,3830.6,3830.6,3847.4,276877,1062057685.50,28-Aug-2026,19223,INE192R01011
CCAVENUE,EQ,15.25,15.52,15.2,15.27,15.27,15.22,6373496,97581398.80,28-Aug-2026,8887,INE483S01020
AVG,BE,179.69,180.86,175.7,179.22,179.31,179.69,16257,2891314.46,28-Aug-2026,113,INE680Z01018
AVIANSH,SM,104,104.5,100.5,100.5,100.5,104,8000,817250.00,28-Aug-2026,8,INE0TFB01017
AVIENCE,SM,270.7,279,265.3,269.5,269,270.65,23400,6381840.00,28-Aug-2026,36,INE0V9I01017
ASMS,BE,7,7.18,6.75,7.01,7.05,7.07,138147,962534.29,28-Aug-2026,338,INE855F01042
AVONMORE,EQ,13.72,14.15,13.72,13.9,13.9,13.68,145925,2037211.38,28-Aug-2026,350,INE323B01024
AVPINFRA,SM,59.8,59.8,57.5,57.55,57.5,58.9,43200,2513400.00,28-Aug-2026,35,INE0R9401019
AVROIND,EQ,9.34,9.8,9,9.3,9.01,9.29,547964,5155658.99,28-Aug-2026,1306,INE652Z01025
AVTNPL,EQ,85.25,86.6,83.57,85.19,85.5,85.64,141293,11980147.93,28-Aug-2026,1993,INE488D01021
AWFIS,EQ,260,262,251.9,253.25,252,257.65,409033,104550261.25,28-Aug-2026,22403,INE108V01019
AWL,EQ,199.74,199.74,195.3,196.27,195.81,199.74,1135382,224255441.56,28-Aug-2026,23429,INE699H01024
AXISBANK,EQ,1256,1265.4,1248.2,1265,1265,1256,3243469,4088549528.70,28-Aug-2026,103208,INE238A01034
BNKETFAXIS,EQ,593.94,595.24,591.2,593.78,594.57,594.58,3459,2048339.89,28-Aug-2026,18,INF846K01X63
CONSUMAXIS,EQ,122.9,123.23,122.23,122.8,122.7,122.9,2122,259599.31,28-Aug-2026,23,INF846K016C7
GOLDAXIS,EQ,130.72,132.08,130.14,131.78,131.92,130.79,2586465,339233465.51,28-Aug-2026,4755,INF846K01W80
HEALTHAXIS,EQ,165.4,171.42,165.4,170.79,170.69,169.65,7441,1269490.00,28-Aug-2026,76,INF846K01Z12
ITAXIS,EQ,337.68,345.34,337.68,343.84,345.34,332,10697,3669129.39,28-Aug-2026,174,INF846K01Y96
NIFTYAXIS,EQ,266.94,268.31,266.79,267.88,267.23,267.74,2633,704025.52,28-Aug-2026,104,INF846K01W98
SENSEXAXIS,EQ,80.64,80.64,79.8,79.96,79.8,80.24,697,55923.12,28-Aug-2026,53,INF846K010Q0
SILVERAXIS,EQ,235.4,240.51,235.02,238.97,238.47,235.43,229856,54773659.21,28-Aug-2026,1710,INF846K011K1
VALUEAXIS,EQ,32.89,32.97,32.8,32.82,32.8,32.77,37478,1232558.07,28-Aug-2026,236,INF846KA1119
AXISCADES,EQ,1619,1645,1581,1594.7,1602,1612.9,101508,163665809.00,28-Aug-2026,9508,INE555B01013
AXITA,EQ,8.05,8.23,8.05,8.05,8.06,7.98,1263568,10213021.32,28-Aug-2026,1174,INE02EZ01022
AXTEL,EQ,400,406.8,392.3,394.35,398,403.85,3424,1363990.55,28-Aug-2026,129,INE767C01012
AYE,EQ,182.97,195,180.73,183.92,185.15,181.54,8919813,1672545155.33,28-Aug-2026,75404,INE501X01029
AYMSYNTEX,EQ,250,256.55,241.55,254.4,256.55,250.25,65947,16351383.75,28-Aug-2026,2284,INE193B01039
AZAD,EQ,2814.4,2882,2798.5,2850.5,2849,2802.4,401279,1142254465.30,28-Aug-2026,27291,INE02IJ01035
AZADIND,EQ,96.8,98.99,89.13,93.5,90,96.8,49897,4562542.23,28-Aug-2026,686,INE566M01017
BNALTD,BE,375,375,370,371.1,371.1,386.1,7756,2899958.90,28-Aug-2026,19,INE489D01011
BBTCL,EQ,235.05,239.78,233.12,235.59,235.6,237.01,4480,1060829.41,28-Aug-2026,188,INE01EE01011
BAGFILMS,EQ,4.49,4.49,4.34,4.42,4.44,4.44,51030,225253.60,28-Aug-2026,146,INE116D01028
BAGDIGITAL,SM,105.8,106,104.2,105.1,104.2,105.1,8000,844160.00,28-Aug-2026,3,INE17CQ01015
BLKASHYAP,EQ,56.47,60.9,56.47,58.57,58.61,56.47,2938216,174108476.43,28-Aug-2026,15238,INE350H01032
STYLEBAAZA,EQ,406,413.65,400,410.8,412.55,401.95,2708270,1095029534.65,28-Aug-2026,11413,INE01FR01028
BABAFP,SM,21.1,23,21.1,23,23,22.4,9600,211520.00,28-Aug-2026,6,INE0QW501012
BAFNAPH,BE,278,291.35,278,291.1,291.35,277.5,25177,7317924.45,28-Aug-2026,261,INE878I01022
BAGMANE,RR,106.97,107,106.11,106.78,106.77,106.44,294711,31476394.24,28-Aug-2026,6897,INE2OVN25015
BAHETI,SM,875,875,839,847,847,835.4,20250,17094431.25,28-Aug-2026,44,INE029Q01017
BAIDFIN,EQ,9.86,9.86,9.53,9.74,9.75,9.76,43620,423306.62,28-Aug-2026,156,INE020D01022
BAJAJ-AUTO,EQ,11810,11974,11769,11910,11910,11720,262591,3127969410.00,28-Aug-2026,34876,INE917I01010
BAJAJCON,EQ,452,479.5,449.1,477.45,478.7,450.6,1407453,663177989.30,28-Aug-2026,28964,INE933K01021
BAJAJELEC,EQ,335.9,337.9,329.65,332.75,333.45,334.8,131210,43758961.85,28-Aug-2026,5904,INE193E01025
BAJFINANCE,EQ,1065.7,1081.5,1065.7,1079.9,1079.9,1083,4554311,4893465405.20,28-Aug-2026,72226,INE296A01032
BAJAJFINSV,EQ,2011,2014.7,1982.3,2002,2002,2011,466703,930050047.70,28-Aug-2026,41192,INE918I01026
BAJAJHCARE,EQ,322.7,325.7,320.1,322,320.1,320.9,36072,11635696.50,28-Aug-2026,1533,INE411U01027
BAJAJHIND,EQ,21.13,22.08,21.13,21.67,21.89,21.11,51508959,1114909542.15,28-Aug-2026,66394,INE306A01021
BAJAJHLDNG,EQ,11406,11429,11250,11340,11340,11399,31945,362582209.00,28-Aug-2026,6759,INE118A01012
BAJAJHFL,EQ,85.71,85.79,84.76,85,85.05,85.29,1693097,143982045.68,28-Aug-2026,16466,INE377Y01014
BAJAJST,EQ,362.65,364.65,343,345.55,346.85,357.4,18018,6288408.15,28-Aug-2026,1028,INE704G01024
BAJEL,EQ,195.45,197.3,192.21,192.84,193,194.53,194797,37855564.43,28-Aug-2026,4393,INE0KQN01018
BALPHARMA,EQ,85.89,86.03,84.17,84.8,84.56,85.02,6199,528921.81,28-Aug-2026,140,INE083D01012
BALAMINES,EQ,2413,2431.1,2361.1,2390.5,2393.8,2425.8,124958,298368254.10,28-Aug-2026,14622,INE050E01027
BALAJITELE,EQ,93.96,95,93.3,94.05,94.9,93.54,52835,4967972.85,28-Aug-2026,849,INE794B01026
BALAXI,EQ,22.1,22.9,22.1,22.54,22.6,22.44,13533,305422.78,28-Aug-2026,96,INE618N01022
BALKRISIND,EQ,2358,2360.9,2326.5,2340.1,2344,2352.1,755064,1767480004.10,28-Aug-2026,93022,INE787D01026
BALKRISHNA,EQ,17.11,17.48,16.6,16.89,16.67,17.13,16299,276132.46,28-Aug-2026,210,INE875R01011
BALMLAWRIE,EQ,176.45,178.16,175.81,177.8,177.8,175.26,116790,20709977.07,28-Aug-2026,2045,INE164A01016
BLIL,EQ,72.3,72.43,71.95,72.14,72.18,72.19,52904,3813139.35,28-Aug-2026,811,INE525F01025
BALRAMCHIN,EQ,649.6,665.8,645.65,654.85,653.9,649.95,2100532,1378162576.40,28-Aug-2026,41226,INE119A01028
BALUFORGE,EQ,635,649.5,635,638.8,638.7,632.9,1441287,926029255.20,28-Aug-2026,22011,INE011E01029
BANARBEADS,EQ,122.4,122.8,115.26,115.53,115.43,119.51,3807,446439.07,28-Aug-2026,130,INE655B01011
BANCOINDIA,EQ,624.3,630.5,619,624.4,626.3,623.65,55866,34950079.80,28-Aug-2026,4639,INE213C01025
BANDHANBNK,EQ,170.03,170.48,167.8,168.25,168.25,169.7,3469922,585946450.85,28-Aug-2026,44093,INE545U01014
GOLDBND,EQ,157.15,158.46,156.03,157.91,157.51,157.15,4053,635564.27,28-Aug-2026,141,INF194KB1KJ7
IDFNIFTYET,EQ,267.15,267.75,262.75,264.35,265,267.17,781,208254.70,28-Aug-2026,52,INF194KA1U07
SILVERBND,EQ,236.93,243.32,236.79,241.36,241.26,236.84,6796,1634234.22,28-Aug-2026,180,INF194KB1KI9
BANG,EQ,34.4,35,32.81,34.75,34.25,33.42,279802,9572585.52,28-Aug-2026,836,INE863I01016
BANKBARODA,EQ,241.15,241.9,239.5,241.9,241.9,241,3571651,858998990.89,28-Aug-2026,30675,INE028A01039
BANKINDIA,EQ,144.89,144.89,142.7,144,144,144.6,4694456,673716025.90,28-Aug-2026,31540,INE084A01016
MAHABANK,EQ,84.89,84.89,82.95,83.8,83.8,84.69,9938458,831436405.05,28-Aug-2026,45589,INE457A01014
BANKA,EQ,79.5,80.99,78,79.2,79.2,79.62,283,22364.29,28-Aug-2026,23,INE862Y01015
BASML,BE,24.94,25.76,24.75,25.5,25.5,24.94,28248,717191.18,28-Aug-2026,75,INE186H01022
BANARISUG,EQ,3797.5,4060,3797.5,3930.7,3979,3766.4,8682,34381006.50,28-Aug-2026,1591,INE459A01010
BANSALWIRE,EQ,319.3,320.9,317,318,318.05,316.95,23351,7445879.80,28-Aug-2026,1557,INE0B9K01025
BANSWRAS,EQ,117.86,119.78,116.45,116.88,117.9,118.46,26728,3131749.54,28-Aug-2026,406,INE629D01020
BVCL,EQ,43.5,45.48,41.9,43.9,43.95,43.57,161651,7114760.97,28-Aug-2026,533,INE139I01011
BARFLEX,SM,62,62,60,60,60,61.4,24000,1448200.00,28-Aug-2026,8,INE0QX401014
BBNPNBETF,EQ,59.34,59.34,57.9,57.97,57.97,57.9,71,4129.89,28-Aug-2026,16,INF251K01TL6
BBNPPGOLD,EQ,151.8,153.85,151.45,152.85,153.85,151.8,2251,343291.90,28-Aug-2026,86,INF251K01SU9
BASF,EQ,3845,3879.9,3835.8,3848.7,3835.8,3846.1,7730,29807034.80,28-Aug-2026,2178,INE373A01013
BASILIC,SM,186,186.6,183.35,186.45,186.5,183.3,4500,836595.00,28-Aug-2026,15,INE0OCC01013
BATAINDIA,EQ,682,684.7,678.1,681.3,683.95,681.6,80053,54521391.20,28-Aug-2026,5428,INE176A01028
BATLIBOI,EQ,85.95,90,84.54,88.41,88,85.03,35076,3072696.18,28-Aug-2026,744,INE177C01022
BAWEJA,ST,24.2,24.2,22.75,22.75,22.75,23.65,16000,374360.00,28-Aug-2026,11,INE0JFJ01011
BAYERCROP,EQ,4077,4077.3,4042,4048.7,4049.8,4067.9,12947,52459716.60,28-Aug-2026,2329,INE462A01022
BCLIND,EQ,37.02,37.13,36.55,36.74,36.95,37.02,402479,14810938.60,28-Aug-2026,2322,INE412G01024
BCPL,EQ,70.5,70.5,67,68.94,68.5,69.42,6526,448243.11,28-Aug-2026,150,INE00SW01015
BEACON,SM,79.4,83,79.4,82.65,82.3,79.4,18000,1467950.00,28-Aug-2026,18,INE639X01027
BEARDSELL,EQ,27.68,27.68,25.65,25.96,26.26,26.52,15836,415676.44,28-Aug-2026,326,INE520H01022
BEDMUTHA,EQ,105,107.75,105,106.25,106.27,106.04,2412,256252.48,28-Aug-2026,40,INE844K01012
BEEKAY,EQ,428,444,419,424.2,421,427.25,6911,2946416.60,28-Aug-2026,50,INE213D01015
BLEL,EQ,470,470.5,452.3,457.45,454.8,469.85,1468288,675122762.25,28-Aug-2026,25019,INE1EEM01017
BELLACASA,EQ,245,254.8,243.42,247.3,251.99,246.74,9120,2276369.79,28-Aug-2026,319,INE344T01014
BELRISE,EQ,229.32,232.2,226.2,229.87,231,229.22,3131483,718646632.05,28-Aug-2026,31850,INE894V01022
BLAL,EQ,166,167.74,165.92,166.14,167.01,166.46,28314,4706464.34,28-Aug-2026,330,INE0N7W01012
BEML,EQ,1926.1,1990,1909,1984.9,1981,1920.6,494559,974442123.40,28-Aug-2026,39282,INE258A01024
BENARAS,EQ,10025,10270,10000,10122,10122,10200,167,1671395.00,28-Aug-2026,24,INE664D01019
BENGALASM,EQ,6250,6350,6247.5,6339.5,6339.5,6248,462,2905630.00,28-Aug-2026,62,INE083K01017
BERGEPAINT,EQ,501.85,501.85,493,494.35,495.45,501,149998,74444397.10,28-Aug-2026,14789,INE463A01038
BESTAGRO,EQ,17.48,17.78,17.42,17.61,17.55,17.47,265082,4665898.85,28-Aug-2026,1184,INE052T01021
BETA,EQ,2194.2,2253,2166.2,2201,2195.1,2194.2,16090,35278285.40,28-Aug-2026,2550,INE351Y01019
BEWLTD,SM,52.55,54,49.8,50,50,52.5,29000,1489725.00,28-Aug-2026,48,INE0HQI01014
BFINVEST,EQ,443,450,441,442.8,442.95,442.95,9810,4348146.75,28-Aug-2026,614,INE878K01010
BFUTILITIE,EQ,502.55,514.9,500,510.25,510.8,502.55,49622,25221453.35,28-Aug-2026,2960,INE243D01012
BANK10BETF,EQ,21.15,21.15,20.7,20.77,20.77,20.95,1494,30997.24,28-Aug-2026,13,INF0QA701CI0
BANKBETF,EQ,58.57,58.65,58.23,58.49,58.43,58.57,246198,14395411.45,28-Aug-2026,219,INF0QA701714
LIQUIDBETF,EQ,1096.74,1096.76,1096.74,1096.75,1096.76,1096.32,146356,160516361.11,28-Aug-2026,94,INF0QA701854
NIFTYBETF,EQ,248.86,249.49,248,248.66,248.31,248.86,467,116067.00,28-Aug-2026,55,INF0QA701722
BGRENERGY,BE,264,266.95,256.3,256.3,256.3,269.75,70048,18167832.95,28-Aug-2026,810,INE661I01014
BHADORA,ST,114.05,122,112.5,118,118,117.8,21600,2506320.00,28-Aug-2026,18,INE0ZRC01017
BHAGERIA,BE,225,238.75,225,238.75,238.75,227.39,184545,43815434.97,28-Aug-2026,742,INE354C01027
BHAGCHEM,EQ,282.45,283.95,272.1,277.9,279,282.6,90077,25112666.65,28-Aug-2026,1815,INE414D01027
BHAGYANGR,EQ,380.95,398.5,380.05,391.05,391.85,382.9,81903,31994695.05,28-Aug-2026,2929,INE458B01036
BHANDARI,EQ,3.09,3.09,3.01,3.03,3.05,3.04,90135,274966.05,28-Aug-2026,212,INE474E01029
BEPL,EQ,122,125.8,121.51,123.52,123.59,121.43,979785,121307599.77,28-Aug-2026,7786,INE922A01025
BBL,EQ,2384,2384,2345,2358.8,2359.9,2370.4,12187,28767682.10,28-Aug-2026,1663,INE464A01036
BHARATCOAL,EQ,34.34,34.48,33.92,34.02,34.1,34.17,2950662,100711069.18,28-Aug-2026,10241,INE05XR01022
BDL,EQ,1345.8,1348.4,1301,1306,1306,1348.6,1589088,2089599210.70,28-Aug-2026,47737,INE171Z01026
BEL,EQ,410.85,411.9,407.25,411.9,411.9,411,8025382,3286671404.85,28-Aug-2026,65127,INE263A01024
BHARATFORG,EQ,2048.1,2048.1,2005.4,2037.7,2037.7,2050,362775,735218350.60,28-Aug-2026,24847,INE465A01025
BHARATGEAR,BE,103.78,103.89,102.01,103.59,103.65,103.27,9295,959388.37,28-Aug-2026,120,INE561C01019
BPLPHARMA,EQ,1578.2,1578.2,1510,1527.8,1540,1496.6,936,1440854.10,28-Aug-2026,151,INE365Y01019
BPCL,EQ,318,319.9,316,319.25,319.25,318,4733069,1504466755.00,28-Aug-2026,30824,INE029A01011
BHARATRAS,EQ,1278.5,1281.7,1251.5,1255.2,1256,1272.6,11614,14621289.40,28-Aug-2026,1829,INE838B01021
BRNL,EQ,17.29,17.4,17.1,17.29,17.25,17.29,9562,165402.21,28-Aug-2026,110,INE727S01012
BHARATSE,EQ,221.9,227.77,220.15,226.43,225.35,221.07,130053,29125166.16,28-Aug-2026,2902,INE415D01024
BHARATWIRE,EQ,186.64,188.94,185.64,186.99,186.5,187.64,83316,15608841.51,28-Aug-2026,1936,INE316L01019
BHARTIARTL,EQ,1875.7,1894.3,1867.6,1882.4,1882.4,1878.3,6106300,11480659564.20,28-Aug-2026,133052,INE397D01024
BHARTIHEXA,EQ,1545,1576.2,1522,1550.1,1540.9,1551.1,104940,161588841.20,28-Aug-2026,9643,INE343G01021
BIL,EQ,872.05,890,844.55,857.7,855,867.15,21683,18811970.90,28-Aug-2026,927,INE828A01016
BHEL,EQ,434,436.65,427,430.85,430.85,433.95,5837847,2515880760.60,28-Aug-2026,58385,INE257A01026
BTTL,BE,43.45,43.49,43.06,43.4,43.4,43.36,2796,121361.47,28-Aug-2026,39,INE274K01012
BIGBLOC,EQ,42.9,43.27,41.95,42.33,42.67,42.67,50587,2137395.45,28-Aug-2026,575,INE412U01025
BIKAJI,EQ,614.95,624.2,612,618.8,616.3,611.9,244238,151019471.55,28-Aug-2026,20077,INE00E101023
BIKEWO,ST,98.9,98.9,98.9,98.9,98.9,94.2,32000,3164800.00,28-Aug-2026,14,INE0SQH01013
BILVYAPAR,BE,4.2,4.2,3.95,4.1,4.1,4.1,6231,25462.47,28-Aug-2026,21,INE071A01013
BI,BE,86.99,91.95,85,91.83,91.95,87.58,31014,2771714.54,28-Aug-2026,259,INE986A01012
GROWW,EQ,196.5,196.75,189.7,191.46,191.58,196.84,53275950,10230639015.65,28-Aug-2026,319137,INE0HOQ01053
BIMETAL,EQ,625,679,625,648.5,660,618.5,2388,1530524.55,28-Aug-2026,113,INE469A01019
BMLL,SM,149,149,146,146.55,146,151,21000,3105600.00,28-Aug-2026,14,INE1BKA01015
BIOCON,EQ,416.4,418.65,410,411.1,411.1,418.4,2187557,903120616.95,28-Aug-2026,26051,INE376G01013
BIOFILCHEM,EQ,32.8,33.79,32.8,32.93,33,32.8,4186,138181.41,28-Aug-2026,116,INE829A01014
BIOPOL,SM,67.15,70,56.9,56.9,56.9,71.1,270000,16275180.00,28-Aug-2026,190,INE0XW001014
BIRLACABLE,BE,295.11,295.11,295.11,295.11,295.11,281.06,81045,23917189.95,28-Aug-2026,564,INE800A01015
BIRLACORPN,EQ,883,897.95,877.15,881.2,883.35,883,32452,28605555.60,28-Aug-2026,3594,INE340A01012
BIRLAPREC,EQ,48.39,49,46.2,47.64,47.25,47.37,222244,10645685.56,28-Aug-2026,1736,INE372E01025
BIRLANU,EQ,1450,1467.2,1430,1442.3,1445,1450.8,6565,9516222.60,28-Aug-2026,1045,INE557A01011
ABGSEC,EQ,115.29,115.29,113.92,115.28,115.28,114.15,14,1601.74,28-Aug-2026,8,INF209KC1134
ABSL10BANK,EQ,173.47,173.47,168.75,168.96,168.75,170.07,5367,910789.88,28-Aug-2026,63,INF209KC1670
ABSLBANETF,EQ,59.06,59.2,58.8,59.07,59.08,59.06,21048,1240480.78,28-Aug-2026,250,INF209KB17D5
ABSLLIQUID,EQ,1000,1000.01,1000,1000,1000,1000,1246,1246000.18,28-Aug-2026,37,INF209KB18T9
ABSLMSCIN,EQ,29.87,29.87,29.62,29.75,29.75,29.73,1100,32586.33,28-Aug-2026,8,INF209KC1662
ABSLNN50ET,EQ,78.38,78.45,77.7,77.89,78.4,77.53,9554,744663.68,28-Aug-2026,214,INF209KB16D7
BSLSENETFG,EQ,78,78.33,77,78.01,78.33,77.93,1259,98121.46,28-Aug-2026,84,INF209KB10E8
GSEC10ABSL,EQ,112.05,112.05,112.05,112.05,112.05,112.28,35,3921.75,28-Aug-2026,1,INF209KC1142
HEALTHY,EQ,17.2,17.39,17.14,17.24,17.31,17.2,511546,8822572.45,28-Aug-2026,851,INF209KB10C2
MOMENTUM,EQ,32,32,31.7,31.78,31.72,31.8,11274,358324.41,28-Aug-2026,130,INF209KB14K7
NIFTYQLITY,EQ,21.54,21.68,21.43,21.55,21.68,21.5,53666,1157069.02,28-Aug-2026,154,INF209KB15K4
SILVER,EQ,233.01,241.9,230.64,240.63,240.33,236.56,879171,210525279.39,28-Aug-2026,8016,INF209KB19F6
TECH,EQ,33.23,34.3,33.23,34.05,34,33.22,89007,3032019.42,28-Aug-2026,222,INF209KB11D8
ABSLPSE,EQ,10.19,10.19,10.07,10.12,10.19,10.11,266913,2695623.95,28-Aug-2026,650,INF209KB19Z4
BSOFT,EQ,289.95,303.95,289.9,300.9,300.85,287.95,3235524,966770067.00,28-Aug-2026,44867,INE836A01035
BBOX,EQ,741.05,754.95,740,745.9,748.9,739,139959,104471494.90,28-Aug-2026,8770,INE676A01027
BLACKROSE,BE,111.31,116,111.31,114.46,115,114.31,10783,1232803.92,28-Aug-2026,153,INE761G01016
BLACKBUCK,EQ,589.95,592.75,584.75,588.15,592,588.2,164649,96955462.65,28-Aug-2026,7720,INE0UIZ01018
BLBLIMITED,EQ,15.82,16.18,15.8,15.98,16,16.04,88700,1412608.19,28-Aug-2026,292,INE791A01024
BLISSGVS,BE,567,588.1,558,588.1,588.1,560.1,459003,262881029.35,28-Aug-2026,3426,INE416D01022
BLSE,EQ,314,328.9,313,326.25,326,314.05,641255,207767102.25,28-Aug-2026,11460,INE0NLT01010
BLS,EQ,238.1,240.45,237.2,239.03,239.15,238.07,890636,212730675.60,28-Aug-2026,17695,INE153T01027
BLUECHIP,EQ,2.14,2.14,2.14,2.14,2.14,2.1,11621,24868.94,28-Aug-2026,15,INE657B01025
BLUECLOUDS,EQ,20.6,20.9,19.9,20.19,20.19,20.43,3212056,64613896.94,28-Aug-2026,4679,INE373T01047
BLUECOAST,BE,22.99,23.55,22.44,23.5,23.5,22.44,1237,28808.94,28-Aug-2026,29,INE472B01011
BLUEDART,EQ,5001,5032.5,4975,4989.5,4980,5005.5,3660,18278990.50,28-Aug-2026,1134,INE233B01017
BLUEJET,EQ,585,590.25,575,577.65,580.9,585.6,378817,219864589.50,28-Aug-2026,13214,INE0KBH01020
BLUEPEBBLE,SM,62.5,64,59.2,63,63,64,10400,638940.00,28-Aug-2026,26,INE0SAK01011
BLUESTARCO,EQ,1494,1494,1472.9,1480,1480,1497,292190,432531130.30,28-Aug-2026,18226,INE472A01039
BLUEWATER,ST,475,498.75,456.6,480,480,475,24000,11653500.00,28-Aug-2026,23,INE0X3M01010
BLUESTONE,EQ,804,809.85,790.15,794.7,794,800.5,277657,222094112.10,28-Aug-2026,10978,INE304W01038
BLUSPRING,EQ,132,135,127,127.43,128,131.56,429364,55834205.25,28-Aug-2026,5538,INE0U4101014
BMWVENTLTD,EQ,57,57.38,56.51,56.65,56.51,56.95,39438,2247613.28,28-Aug-2026,806,INE965W01036
BNAGROCHEM,EQ,234.95,234.95,223.65,226.8,226,233.9,22675,5272113.55,28-Aug-2026,65,INE00HZ01011
BODALCHEM,BE,94.2,99.19,91.8,99.08,99.19,94.47,1598996,157317263.56,28-Aug-2026,5059,INE338D01028
BTML,EQ,8.93,8.96,8.54,8.61,8.59,8.98,374591,3302205.59,28-Aug-2026,472,INE0EEJ01023
BOHRAIND,EQ,13.8,13.8,12.11,12.64,12.5,12.85,31336,398400.88,28-Aug-2026,158,INE802W01023
BBTC,EQ,1598.9,1598.9,1552,1563.2,1564.5,1613.6,627788,984379502.10,28-Aug-2026,31290,INE050A01025
BOMDYEING,EQ,116.69,119.75,115.15,118.4,118.45,116.95,1343633,158299528.93,28-Aug-2026,13637,INE032A01023
BMETRICS,SM,33.65,33.65,33,33.5,33.5,35,3200,107000.00,28-Aug-2026,4,INE0I3Y01014
BSHSL,EQ,90,92.61,90,91.85,90.5,89.08,8443,774328.37,28-Aug-2026,129,INE032Z01020
810IRFC27,N2,1090,1090,1080.49,1080.68,1080.49,1090,4660,5072529.70,28-Aug-2026,33,INE053F07538
830NHAI27,N2,1083.93,1095,1083.25,1085.73,1085.5,1083.93,6008,6543830.17,28-Aug-2026,41,INE906B07CB9
865IRFC29,NA,1110,1110,1107.99,1107.99,1107.99,1110,291,322669.00,28-Aug-2026,3,INE053F07686
871REC28,N9,1124,1129,1119.1,1125.6,1125.6,1120,2825,3177884.55,28-Aug-2026,29,INE020B07HS2
888IRFC29,NE,1128,1138.99,1128,1137.62,1138.99,1121.49,197,223031.50,28-Aug-2026,5,INE053F07744
901NHB34,N6,6343,6400,6343,6400,6400,6343,113,722420.90,28-Aug-2026,9,INE557F07132
888REC29,NF,1140,1140,1140,1140,1140,1144.46,5,5700.00,28-Aug-2026,1,INE020B07IG5
BONLON,EQ,39.05,41.99,39.05,40.5,40.7,40.3,21445,874402.71,28-Aug-2026,275,INE0B9A01018
BORANA,EQ,311.85,322,309.85,317.75,315.25,310.15,12087,3794309.35,28-Aug-2026,245,INE16SF01016
BOROLTD,EQ,244.59,251.84,238.27,239.81,239.99,244.07,651151,159442440.09,28-Aug-2026,10258,INE02PY01013
BORORENEW,EQ,514.5,520,501,502.25,502,517.55,988158,501427969.30,28-Aug-2026,20448,INE666D01022
BOROSCI,EQ,126.5,126.69,122.41,124.44,125,125.89,36344,4542145.08,28-Aug-2026,973,INE02L001032
BOSCH-HCIL,EQ,1675.1,1706.8,1666.8,1695.2,1685,1667.6,17547,29649557.10,28-Aug-2026,2124,INE782A01015
BOSCHLTD,EQ,48780,48930,48020,48640,48640,48780,26114,1268249610.00,28-Aug-2026,8138,INE323A01026
BOSS,SM,48.35,51.95,48.35,51.95,51.95,50.85,6000,297300.00,28-Aug-2026,3,INE0QNI01012
BPL,EQ,52,52.01,49.3,50.43,50.39,51.79,36901,1883118.98,28-Aug-2026,577,INE110A01019
BRACEPORT,SM,60.2,60.2,58.2,58.2,58.2,60.2,6400,381760.00,28-Aug-2026,4,INE0R4Z01018
BRAHMINFRA,EQ,161.29,165,155.02,160.13,163.49,156.86,15733,2496845.95,28-Aug-2026,468,INE320I01017
FIRSTCRY,EQ,188.53,189.5,184.97,185.48,185.34,188.26,752050,139923188.77,28-Aug-2026,12279,INE02RE01045
BCONCEPTS,EQ,159.93,167.5,158.05,163.07,163.91,160.01,9226,1505898.33,28-Aug-2026,555,INE977Y01011
BRANDMAN,SM,159.5,162.45,158,162,162.45,159.5,10400,1666040.00,28-Aug-2026,11,INE0XUD01014
BRIGADE,EQ,657.1,657.75,640.4,642.25,641,656.75,249374,161353137.70,28-Aug-2026,12265,INE791I01019
BRIGHOTEL,EQ,59.99,60,59,59.56,59.4,59.57,74934,4452695.70,28-Aug-2026,2058,INE03NU01014
BRIGHTBR,EQ,253.36,267.67,240,260.78,255.03,263.83,1113,277413.54,28-Aug-2026,34,INE630D01010
BCG,EQ,9.01,9.09,9.01,9.05,9.07,9.03,2448110,22136045.50,28-Aug-2026,2938,INE425B01027
BRITANNIA,EQ,5298,5355,5276.5,5308.5,5308.5,5298,246611,1308950179.50,28-Aug-2026,19372,INE216A01030
BIRET,RR,341.5,342.15,339.95,341.93,342,341.39,194045,66276443.45,28-Aug-2026,6126,INE0FDU25010
BROOKS,BE,68.5,69.28,65.36,69.28,69.28,65.99,50162,3446095.91,28-Aug-2026,232,INE650L01011
BSE,EQ,3313,3410,3303,3405,3405,3328,4774200,16139117711.60,28-Aug-2026,140695,INE118H01025
BSL,EQ,125,125,121.8,123.03,123.5,123.42,1236,151676.71,28-Aug-2026,48,INE594B01012
BUTTERFLY,EQ,628,655.45,625.05,633.15,626.6,627.75,26089,16658263.55,28-Aug-2026,1899,INE295F01017
BURNPUR,EQ,16.15,16.15,15.1,16.15,16.15,14.69,494712,7943476.81,28-Aug-2026,1124,INE817H01022
CGVAK,EQ,148,154,147.13,149.7,149.7,148.15,4564,681555.29,28-Aug-2026,48,INE084D01010
CKKRETAIL,SM,165,166.8,165,166.8,166.8,160.5,1600,265440.00,28-Aug-2026,2,INE0SMX01019
CPS,SM,1145.1,1150,1145.1,1150,1150,1145.1,300,344265.00,28-Aug-2026,2,INE0QBU01012
MAPMYINDIA,EQ,981,1011,961.6,965.9,970,977.1,250732,245637522.00,28-Aug-2026,15406,INE0BV301023
C2C,SM,228,235,224.6,228.4,226.5,227.45,42900,9784372.50,28-Aug-2026,203,INE0U7V01015
CADSYS,ST,48.3,48.3,48.3,48.3,48.3,50.8,2500,120750.00,28-Aug-2026,2,INE090Y01013
CMLL,EQ,517.25,517.25,507.35,509.8,510,511.35,140467,71672196.00,28-Aug-2026,3092,INE11XY01018
CALSOFT,EQ,35.5,35.5,35.5,35.5,35.5,33.81,90695,3219672.50,28-Aug-2026,238,INE526B01014
CTE,BE,42.37,46.81,42.37,46.8,46.8,44.59,32796,1512554.29,28-Aug-2026,185,INE627H01017
CAMLINFINE,EQ,104.1,104.4,102.51,103.52,104,102.94,655783,67758506.98,28-Aug-2026,5496,INE052I01032
CAMPUS,EQ,225,227.8,223.1,226.14,227,224.99,428622,96671535.80,28-Aug-2026,6756,INE278Y01022
CANFINHOME,EQ,804.7,819.25,804.4,815.5,817.4,803.8,225609,183757770.75,28-Aug-2026,8042,INE477A01020
CANBK,EQ,128.15,129.06,127.25,128.35,128.35,128.14,13970144,1787588307.56,28-Aug-2026,47694,INE476A01022
CANHLIFE,EQ,157.5,159,153.1,154.19,154.5,156.89,1161040,179698491.37,28-Aug-2026,12849,INE01TY01017
CRAMC,EQ,258,261.15,255.7,259.9,259.5,258.9,179348,46409423.70,28-Aug-2026,5978,INE218I01013
CANARYS,SM,26.05,27.05,26.05,26.35,26.3,26.05,120000,3175200.00,28-Aug-2026,30,INE0QG301017
CANTABIL,EQ,246.6,247.01,242.5,243.59,242.5,246.52,36886,9012589.33,28-Aug-2026,901,INE068L01024
CAPACITE,EQ,224,224.05,216.5,217.33,217,223.16,385660,84307217.65,28-Aug-2026,7297,INE264T01014
CAPILLARY,EQ,508.95,509,498.1,501.5,504.5,508.95,81204,40870472.85,28-Aug-2026,3986,INE0ILV01024
CIFL,EQ,20.33,20.86,20.33,20.72,20.75,20.74,13146,272547.51,28-Aug-2026,130,INE345H01024
CAPINVIT,IV,77.25,77.25,76.71,77,77.01,76.97,292849,22533160.78,28-Aug-2026,1650,INE0Z8Z23013
CAPITALSFB,EQ,286.85,286.9,280.05,281.65,281.25,283.95,13245,3747618.40,28-Aug-2026,564,INE646H01017
CAPTRUST,BE,20.28,20.45,19.94,20.02,20.32,20.28,9313,187723.15,28-Aug-2026,59,INE707C01018
CAPLIPOINT,EQ,2553.3,2597.9,2510,2517.2,2523.8,2540.7,47400,120639459.50,28-Aug-2026,7440,INE475E01026
CGCL,EQ,245,263.56,244.1,257.98,257.55,244.8,29680127,7479825121.16,28-Aug-2026,118337,INE180C01042
CPL,EQ,64.76,65.55,63.01,63.89,63.9,64.76,148670,9602499.56,28-Aug-2026,1890,INE536P01021
CARBORUNIV,EQ,1100.1,1125,1087,1116.8,1115,1103.2,85151,94013780.80,28-Aug-2026,8581,INE120A01034
CARERATING,EQ,1634,1685.2,1634,1682.1,1685.2,1633.7,27594,46233324.60,28-Aug-2026,4838,INE752H01013
CPEDU,EQ,191.95,194.37,185,186.52,185.9,192.21,4888,915950.90,28-Aug-2026,104,INE0P6P01016
CARRARO,EQ,546.7,561.8,542.4,557.8,560,544.05,518886,289445147.90,28-Aug-2026,9905,INE0V7W01012
CARTRADE,EQ,3079,3079,3001,3014.6,3020,3080.2,205402,624975393.70,28-Aug-2026,21079,INE290S01011
CARYSIL,EQ,1117,1130,1108.1,1112.8,1117.3,1116.3,36105,40281535.50,28-Aug-2026,3872,INE482D01024
CUDML,ST,102.25,102.25,99.05,99.05,99.05,104,39000,3907050.00,28-Aug-2026,28,INE0WL201014
CASTROLIND,EQ,185.55,186.95,185.06,185.24,185.3,185.27,848396,157803083.78,28-Aug-2026,18012,INE172A01027
CCL,EQ,1111.5,1126.9,1101.7,1123.1,1125,1111.5,131036,146316004.50,28-Aug-2026,14019,INE421D01022
CEATLTD,EQ,3514.3,3548.6,3494.5,3511.5,3509.5,3510.6,33013,116313056.40,28-Aug-2026,7265,INE482A01020
CEIGALL,EQ,340.45,344.65,335.6,341,340,341.05,624378,212832659.10,28-Aug-2026,8333,INE0AG901020
CEINSYS,EQ,730.6,741.1,720,723.15,722,727,29948,21870821.35,28-Aug-2026,2399,INE016Q01014
CELEBRITY,EQ,6.88,6.93,6.7,6.8,6.8,6.88,7244,49266.94,28-Aug-2026,71,INE185H01016
CELLPOINT,SM,16.3,16.3,16.3,16.3,16.3,16.3,1200,19560.00,28-Aug-2026,1,INE0O0001013
CELLECOR,SM,33.4,34,32.25,32.45,32.4,33.35,240000,7858500.00,28-Aug-2026,51,INE0OMO01025
CELLO,EQ,352.9,353.7,348.3,350.8,350.35,350.4,156223,54744312.90,28-Aug-2026,6468,INE0LMW01024
CEMPRO,EQ,1264,1285,1252.9,1268.1,1268,1251.2,129496,164336677.30,28-Aug-2026,9650,INE686A01026
CENTRALBK,EQ,30.67,30.77,30.37,30.54,30.59,30.65,6429357,196092604.90,28-Aug-2026,18644,INE483A01010
CDSL,EQ,1410.8,1417.3,1397,1414.7,1414.7,1410.8,1052357,1483402975.40,28-Aug-2026,34284,INE736A01011
CMPDI,EQ,230.1,232.01,229.05,230.97,231.88,229.97,468417,107899734.05,28-Aug-2026,7181,INE05HV01027
CENTRUM,EQ,23.29,23.31,23,23.05,23.3,23.09,139773,3232277.54,28-Aug-2026,448,INE660C01027
CENTUM,EQ,3401,3456.1,3399.9,3442.8,3448.9,3401.9,25905,89002343.70,28-Aug-2026,5098,INE320B01020
CENTENKA,EQ,548.4,553,544,547.4,551.95,547.3,20796,11395546.50,28-Aug-2026,1885,INE485A01015
CENTEXT,EQ,22.65,22.89,22.02,22.27,22.2,22.59,99676,2223824.55,28-Aug-2026,552,INE281A01026
CENTURYPLY,EQ,740,758.25,740,753.8,751,751.75,81308,61308648.40,28-Aug-2026,3452,INE348B01021
CERA,EQ,5690,5709.5,5600,5654.5,5645,5662,7189,40707303.00,28-Aug-2026,2907,INE739E01017
CEREBRAINT,BZ,2.7,2.7,2.52,2.61,2.65,2.65,96302,248798.01,28-Aug-2026,141,INE345B01019
CESC,EQ,152.2,152.29,147.83,148.11,147.99,152.13,1728235,258633077.10,28-Aug-2026,21299,INE486A01021
CGPOWER,EQ,896.45,896.45,878.2,889,889,897.9,2230616,1979673407.85,28-Aug-2026,40430,INE067A01029
CHALET,EQ,906,925.1,894.75,901.2,905,910.3,204227,186234910.85,28-Aug-2026,18281,INE427F01016
CLSEL,EQ,294.05,299,291.25,293.05,293.4,295.2,80641,23675083.80,28-Aug-2026,2662,INE419D01026
CMNL,SM,122,122,112.5,120,120,121.25,25500,3067462.50,28-Aug-2026,20,INE06PV01010
CHAMBLFERT,EQ,425.7,426.95,421.1,421.55,422,424.75,336671,142219298.05,28-Aug-2026,12666,INE085A01013
CHAMUNDA,SM,43.95,43.95,43.95,43.95,43.95,43.95,9000,395550.00,28-Aug-2026,1,INE11HG01018
CHANDAN,SM,222.3,222.3,214,217.9,217.05,222.25,45600,9915520.00,28-Aug-2026,50,INE0B2N01016
CHAVDA,SM,138.2,139.05,137.8,138.65,138,138.05,131000,18123450.00,28-Aug-2026,49,INE0PT101017
CHEMBONDCH,BE,274.8,274.8,266,267.49,266.1,269.84,4106,1103379.09,28-Aug-2026,96,INE0TGX01019
CHEMBOND,EQ,174.88,176.99,168,174.48,175.12,173.59,7183,1235740.68,28-Aug-2026,112,INE995D01025
CHEMCON,BE,196,201.99,196,199.54,199.98,200.68,14296,2842035.35,28-Aug-2026,234,INE03YM01018
CHEMCRUX,EQ,85.95,85.95,82.3,84.46,84.9,83.98,2359,198483.30,28-Aug-2026,88,INE298W01016
CHEMFAB,EQ,354,372.5,354,369.75,369,358.9,3184,1171275.85,28-Aug-2026,150,INE783X01023
CHEMPLASTS,EQ,178.5,188.5,178.5,182.68,181.55,178.65,993182,183578054.94,28-Aug-2026,19903,INE488A01050
CHENNPETRO,EQ,1359.1,1376,1333.2,1341.1,1346,1352.4,690557,933620531.70,28-Aug-2026,32317,INE178A01016
CHETANA,SM,43,43,43,43,43,43.35,3200,137600.00,28-Aug-2026,1,INE0U1T01012
CHEVIOT,EQ,1142.5,1146,1135,1141.6,1135.1,1135.8,725,827206.00,28-Aug-2026,117,INE974B01016
CHOICEIN,EQ,775,792.9,774.3,786.4,785,775.05,378490,297601929.70,28-Aug-2026,9069,INE102B01014
CHOICEGOLD,EQ,159,159,155.09,156.63,156.63,156.51,4970,778502.72,28-Aug-2026,157,INF2KCX01012
CHOLAHLDNG,EQ,1517.2,1527.6,1491.7,1498.8,1494,1517.2,191026,286836402.10,28-Aug-2026,18473,INE149A01033
CHOLAFIN,EQ,1878,1878,1845,1862.9,1862.9,1875.4,803008,1494237014.80,28-Aug-2026,27822,INE121A01024
CIEINDIA,EQ,394.5,397.45,389,389.95,391,394.5,258053,100957935.05,28-Aug-2026,14701,INE536H01010
CINELINE,EQ,89.1,89.1,87.9,87.98,88,89.37,29265,2578869.58,28-Aug-2026,152,INE704H01022
CINEVISTA,EQ,14.11,14.9,14.1,14.41,14.49,14.18,9025,131273.21,28-Aug-2026,108,INE039B01026
CIPLA,EQ,1420,1423.9,1409.1,1423.5,1423.5,1420,377976,535696163.10,28-Aug-2026,20704,INE059A01026
CITIUSINVT,IV,114.44,116.5,113.87,114.46,114.32,114,161816,18665016.24,28-Aug-2026,510,INE2Q7823014
CUB,EQ,229.05,230.92,221.77,222.24,222.65,229.23,1085352,244312521.72,28-Aug-2026,21072,INE491A01021
CLEDUCATE,BE,63.62,65.86,63.6,65.34,65.49,64.72,25034,1605089.06,28-Aug-2026,72,INE201M01029
CLASSICEIL,SM,61.5,62.5,56.95,56.95,56.95,59.9,43200,2528000.00,28-Aug-2026,27,INE0UQ601012
CLAYCRAFT,SM,157.5,159,157,159,159,156,13200,2083860.00,28-Aug-2026,21,INE1QGM01024
CLEANMAX,EQ,1272,1273.9,1240.5,1250.9,1254,1274.6,224246,281085920.90,28-Aug-2026,15602,INE647U01026
CLEAN,EQ,832,844.4,822.6,836.45,836.5,830.05,253666,212142713.00,28-Aug-2026,13484,INE227W01023
CSSL,SM,94,95.95,93.5,93.5,93.5,92,5000,470700.00,28-Aug-2026,5,INE1EF801010
CMRGREEN,EQ,221.79,226.8,218.69,225.11,225.02,221.07,627825,141076388.05,28-Aug-2026,10329,INE00WV01027
CMSINFO,EQ,241,244.65,239.5,242.55,243.45,239.95,1254724,302688434.00,28-Aug-2026,30073,INE925R01014
COALINDIA,EQ,401,406.35,397.5,401,401,400,38504284,15368913982.35,28-Aug-2026,132542,INE522F01014
COASTCORP,EQ,40.93,40.93,40.3,40.62,40.8,40.62,38682,1570748.97,28-Aug-2026,537,INE377E01024
COCHINSHIP,EQ,1543,1543.9,1528,1535,1535,1543,412702,633557472.70,28-Aug-2026,17338,INE704P01025
COFFEEDAY,BE,29.93,30.95,29.2,29.49,30,29.93,408924,12183427.14,28-Aug-2026,1044,INE335K01011
COFORGE,EQ,1915,2016.5,1911,2014.6,2014.6,1901.8,5516587,10933987674.30,28-Aug-2026,172421,INE591G01025
COHANCE,EQ,453.7,454.75,447.25,449.9,450.45,454,272982,123022868.70,28-Aug-2026,9027,INE03QK01018
COLPAL,EQ,1851.9,1851.9,1825,1826.9,1826.9,1845,283459,519086119.40,28-Aug-2026,39248,INE259A01022
COMFINTE,EQ,5.95,6.2,5.85,5.94,5.99,5.93,97517,578405.03,28-Aug-2026,302,INE819A01049
COMSYN,EQ,283.75,286.76,266.04,282,280.7,283.75,1058298,290987238.14,28-Aug-2026,5807,INE073V01015
COMMITTED,SM,333.9,357,333.9,352.2,357,330.45,24000,8319760.00,28-Aug-2026,21,INE597Z01014
COMPEAU,EQ,348.05,355,340,353.95,355,348.05,1520,527151.85,28-Aug-2026,39,INE823B01015
COMPINFO,BZ,1.04,1.12,1.04,1.08,1.08,1.07,38102,41095.27,28-Aug-2026,39,INE070C01037
COMPUSOFT,EQ,13.54,13.99,12.67,13.26,13.2,13.47,34546,463707.25,28-Aug-2026,282,INE453B01029
CAMS,EQ,743.4,762,739,762,762,740.9,3420858,2574553738.90,28-Aug-2026,54804,INE596I01020
CONCORDBIO,EQ,1507.8,1519.7,1475.4,1481.1,1486,1481.9,88034,131418138.10,28-Aug-2026,11622,INE338H01029
CEWATER,EQ,263.7,272.15,263.3,267.5,267.05,266.25,94109,25213229.55,28-Aug-2026,2669,INE037Z01029
CFEL,EQ,32,32,31,31,31,31.63,17757,556215.56,28-Aug-2026,64,INE700F01024
CONFIPET,EQ,78.9,80.6,78.16,79.87,79.21,79.01,1407583,112137421.74,28-Aug-2026,8590,INE552D01024
CONNPLEX,SM,225,230,220,225.1,225.1,225,20000,4519440.00,28-Aug-2026,25,INE0EAS01014
CCCL,EQ,15.18,15.18,14.66,14.76,14.75,14.98,268918,3994963.18,28-Aug-2026,420,INE429I01024
CONSOFINVT,BE,272,282.75,260.05,269,271.8,272,5588,1497846.40,28-Aug-2026,37,INE025A01027
CONCOR,EQ,502.35,520,502.35,516,516,493.05,4311023,2214786125.45,28-Aug-2026,76983,INE111A01025
CONTI,SM,10.5,10.95,10.15,10.95,10.95,10.45,273306,2869379.70,28-Aug-2026,5,INE340Z01019
CONTROLPR,EQ,594,612.7,594,598.2,604,596.7,31181,18746622.00,28-Aug-2026,2354,INE663B01015
COOLCAPS,ST,19.85,20,19.35,19.85,19.85,19.9,58750,1152812.50,28-Aug-2026,29,INE0HS001028
CORALFINAC,EQ,34.16,34.16,33.16,33.26,33.86,33.8,19686,663128.58,28-Aug-2026,403,INE558D01021
CORDSCABLE,BE,245,251.99,245,251.23,251.6,244.2,19459,4857700.27,28-Aug-2026,326,INE792I01017
COROMANDEL,EQ,1931,1943,1895.2,1913.7,1917,1928.4,115794,221588490.00,28-Aug-2026,18480,INE169A01031
CORONA,EQ,2093,2093.1,2054.1,2079.5,2085,2083.2,10524,21825764.90,28-Aug-2026,2297,INE02ZQ01018
COSMOFIRST,EQ,942.05,949,931.45,938.35,940,942.05,48392,45503017.30,28-Aug-2026,3010,INE757A01017
CCHHL,EQ,12.93,13.09,12.78,12.89,12.9,12.86,7905,101588.34,28-Aug-2026,38,INE652F01027
COUNCODOS,BE,6.98,6.98,6.82,6.93,6.97,6.92,57913,402068.24,28-Aug-2026,270,INE695B01025
CPCAP,EQ,112.73,116.19,111,114.16,113.05,112.73,14367,1631276.17,28-Aug-2026,409,INE521J01018
CPSEETF,EQ,94.9,94.9,92.51,92.76,92.84,92.59,981251,90928900.26,28-Aug-2026,5515,INF457M01133
CRAFTSMAN,EQ,10949,11199.5,10858,11118,11097,10898,70823,783889856.00,28-Aug-2026,20516,INE00LO01017
CRAVATEX,EQ,332.6,332.6,328.3,328.3,328.3,332.6,25,8230.50,28-Aug-2026,6,INE145E01017
CRAYONS,SM,26.55,26.55,26.55,26.55,26.55,25.3,3000,79650.00,28-Aug-2026,3,INE0OFK01019
CREATIVEYE,EQ,6.36,6.36,6.06,6.18,6.29,6.06,8732,53962.48,28-Aug-2026,35,INE230B01021
CGRAPHICS,SM,148.05,148.1,143.55,145.9,145.9,151.75,23200,3385200.00,28-Aug-2026,27,INE0R7401011
CNL,EQ,1203.7,1268.95,1194,1242.15,1242.65,1207.95,68622,84246869.90,28-Aug-2026,5583,INE985W01018
CREDENT,ST,357,357,345,349.1,349,357.15,86400,30083130.00,28-Aug-2026,98,INE1KPX01025
CREDITACC,EQ,1417,1422.8,1367.4,1391.7,1394,1425.9,488002,676265148.80,28-Aug-2026,43765,INE741K01010
MUFTI,EQ,76.93,76.93,75.28,75.92,75.82,77.91,78216,5925598.48,28-Aug-2026,987,INE220Q01020
CRSL,BE,2.39,2.62,2.38,2.62,2.62,2.5,656843,1696618.50,28-Aug-2026,554,INE716D01033
CREST,EQ,363.4,378,363.05,371.95,372,371.85,938,348084.75,28-Aug-2026,99,INE559D01011
CRISIL,EQ,4707,4795.5,4690.7,4732.7,4740,4703.2,105229,500678707.00,28-Aug-2026,21347,INE007A01025
CRIZAC,EQ,175.95,178.08,171.8,172.9,173.5,175.78,149889,25995867.58,28-Aug-2026,3924,INE0S4R01014
CROMPTON,EQ,240,240,230.7,233,233,237.9,5656422,1317238819.80,28-Aug-2026,50707,INE299U01018
CLSL,ST,90,91.5,86.45,91.5,91.5,91,22000,1951400.00,28-Aug-2026,11,INE00NH01017
CROWN,EQ,104.06,105.49,101.44,102.7,103.8,105.1,4747,491821.96,28-Aug-2026,204,INE491V01019
CSBBANK,EQ,349,350.25,334.9,336.3,338,348.8,585124,200294220.05,28-Aug-2026,16994,INE679A01013
CSLFINANCE,EQ,230,236,228,230.92,229.99,226.87,43515,10029030.18,28-Aug-2026,403,INE718F01018
CSM,EQ,97.2,98,96.61,97.4,97.5,97.14,40209,3915177.64,28-Aug-2026,808,INE0ZK601013
CUBEINVIT,IV,156.57,157.2,155.87,156.6,156,156.57,832226,130637639.58,28-Aug-2026,3191,INE0NR623014
CUBEXTUB,EQ,78.29,78.46,76.5,77.41,77,76.43,40364,3120707.51,28-Aug-2026,1850,INE144D01012
CUMMINSIND,EQ,5215,5215,5126,5193,5193,5190,387326,1995502187.00,28-Aug-2026,28413,INE298A01020
CUPID,EQ,278.2,287.94,274.25,282.33,282.28,276.65,15411651,4354016664.00,28-Aug-2026,139501,INE509F01029
CURAA,EQ,69,70.05,69,70.05,70.05,69.27,5,347.10,28-Aug-2026,3,INE117B01020
CURIS,SM,124.8,128,124.8,128,128,124.95,8000,1018650.00,28-Aug-2026,8,INE1BZN01016
CURRENT,SM,96,96,96,96,96,100,1600,153600.00,28-Aug-2026,1,INE1CRQ01014
CYBERMEDIA,EQ,18.42,18.96,17.85,18.78,18.88,18.41,11469,213148.23,28-Aug-2026,167,INE278G01037
CMRSL,SM,68,68.4,68,68.4,68.4,68.4,3200,218560.00,28-Aug-2026,4,INE075Z01011
CYBERTECH,BE,133.9,135.3,133.01,134.04,134,134.57,9216,1236091.62,28-Aug-2026,134,INE214A01019
CYIENTDLM,EQ,815,836.3,800,819.1,820,810.4,817892,669563714.35,28-Aug-2026,42558,INE055S01018
CYIENT,EQ,1042.05,1114.5,1039.2,1107.45,1111.4,1052.7,2503595,2731176052.05,28-Aug-2026,81258,INE136B01020
DPWIRES,BE,158.3,159,152.05,153.01,156.9,155.2,4954,764240.56,28-Aug-2026,127,INE864X01013
DLINKINDIA,EQ,439.3,448.9,438,443.25,443.2,438,54705,24236350.35,28-Aug-2026,2234,INE250K01012
DPABHUSHAN,EQ,1529.9,1548.9,1475.4,1483,1486,1521.2,28136,42322616.80,28-Aug-2026,2895,INE266Y01019
DBCORP,EQ,206,206,201.92,202.57,202.51,205.17,41206,8361735.17,28-Aug-2026,1341,INE950I01011
DABUR,EQ,387.7,387.7,383.1,386,386,386.2,1925866,740276249.40,28-Aug-2026,33459,INE016A01026
DAICHI,EQ,325.4,348,325.4,344.05,345,331.9,6004,2017552.25,28-Aug-2026,130,INE928C01010
DALBHARAT,EQ,1876.2,1876.2,1832.3,1845.3,1842.4,1876.2,72320,133572349.10,28-Aug-2026,13172,INE00R701025
DALMIASUG,EQ,478.8,489.75,472.6,477.95,482.55,474.55,229150,110107966.95,28-Aug-2026,7601,INE495A01022
DAMCAPITAL,EQ,148.97,149.12,146,146.27,146.95,149.12,126736,18629138.69,28-Aug-2026,2141,INE284H01025
DAMODARIND,BE,27.26,27.9,27,27.25,27.25,27.75,6645,182039.52,28-Aug-2026,28,INE497D01022
DANGEE,EQ,2.92,2.92,2.79,2.86,2.84,2.87,56001,159846.15,28-Aug-2026,131,INE688Y01022
DANISH,SM,821.6,855.2,806.65,850.35,855.2,815.9,29850,24960382.50,28-Aug-2026,162,INE0YU901016
DCCL,SM,44,44.5,44,44.5,44.5,45,4000,177000.00,28-Aug-2026,2,INE04Q901010
DATAPATTNS,EQ,4676,4688.9,4608.5,4624.8,4627,4666.7,302955,1403833192.80,28-Aug-2026,26632,INE0IX101010
DATAMATICS,EQ,790.8,809.15,787.65,791.9,788.65,790.8,54584,43522282.65,28-Aug-2026,3358,INE365B01017
DAVANGERE,EQ,1.95,2.17,1.95,2.09,2.1,2.12,50635098,104542506.41,28-Aug-2026,11200,INE179G01029
DBSTOCKBRO,BE,28,29.97,28,29.48,29.97,28.72,2741,80008.39,28-Aug-2026,43,INE921B01025
DCI,EQ,418,464,402,410.05,411,413.85,1492745,645232896.05,28-Aug-2026,39920,INE0A1101019
DCBBANK,EQ,217.85,217.85,212.5,212.97,213,217.51,1702351,364504662.72,28-Aug-2026,20293,INE503A01015
DCG,SM,53.25,54,53,54,54,53.25,4800,255900.00,28-Aug-2026,4,INE0S8401018
DCMFINSERV,EQ,5.43,5.62,5.05,5.38,5.3,5.43,10587,55933.10,28-Aug-2026,63,INE891B01012
DCM,BE,80.5,81.4,78.6,78.96,78.6,81.5,20246,1612198.35,28-Aug-2026,52,INE498A01018
DCMNVL,EQ,193.99,196.99,188.41,192.85,193.81,190.98,22211,4279157.61,28-Aug-2026,472,INE08KP01019
DSFCL,BE,26.97,27.24,26.97,27.16,27.16,26.97,43539,1179728.97,28-Aug-2026,51,INE0OFM01015
DCMSRIND,EQ,47.11,49.26,46.5,46.98,47.23,46.77,126969,6042068.49,28-Aug-2026,796,INE843D01027
DCMSIL,EQ,73.35,75.67,72.81,73.49,74.68,73.26,50800,3789059.34,28-Aug-2026,304,INE0OU201013
DCMSHRIRAM,EQ,1025.6,1038,1015.1,1022.3,1025,1028.4,70239,71997870.70,28-Aug-2026,7917,INE499A01024
DCW,EQ,45.95,46.9,45.81,46.4,46.39,45.95,981591,45550849.69,28-Aug-2026,4482,INE500A01029
DCXINDIA,EQ,173.88,178.89,173.88,177.81,178.02,173.99,591125,104906587.14,28-Aug-2026,5993,INE0KL801015
DDEVPLSTIK,EQ,278.7,281.85,277,279.05,278.6,278.7,44046,12247276.95,28-Aug-2026,1299,INE0HR601026
DENEERS,SM,173.4,187.85,172,174.9,174.95,176.05,20400,3588240.00,28-Aug-2026,24,INE0JWV01011
DENORA,EQ,831.7,843.25,812,830.2,822.45,832.35,1639,1355622.75,28-Aug-2026,341,INE244A01016
DECCANCE,EQ,575,576.95,567,568.75,568.1,575.15,23021,13177772.05,28-Aug-2026,357,INE583C01021
DECNGOLD,EQ,230.39,234.49,226.4,227.64,227.87,229.37,1156406,265739749.23,28-Aug-2026,15166,INE945F01025
DECCANTRAN,SM,20.25,21.7,20.2,21.6,21.6,21.7,10800,222180.00,28-Aug-2026,9,INE0S7C01019
DEEDEV,EQ,643.95,645,604.05,606.15,610.95,635.8,454298,277115070.85,28-Aug-2026,8997,INE841L01016
DEEPINDS,EQ,666,685.25,666,674.45,672,667.35,184232,124947112.30,28-Aug-2026,7376,INE0FHS01024
DEEP,EQ,37.24,37.25,36.06,36.95,36.95,37.44,3406,124292.34,28-Aug-2026,44,INE00IY01012
DBEIL,BE,6.67,6.67,6.22,6.39,6.4,6.54,134357,863668.79,28-Aug-2026,354,INE0OPA01027
DEEPAKFERT,EQ,1464.9,1464.9,1430,1436.3,1438,1455.3,117367,169244912.20,28-Aug-2026,13152,INE501A01019
DEEPAKNTR,EQ,1752.8,1787.9,1752.8,1762.9,1766.9,1752.8,186904,331373475.80,28-Aug-2026,16787,INE288B01029
DELAPLEX,SM,105.1,113.8,105.1,111,112,101.4,49200,5409120.00,28-Aug-2026,70,INE0SK801018
DELHIVERY,EQ,466.7,471.05,460,470.2,470.2,466,1426037,664668883.15,28-Aug-2026,51166,INE148O01028
DELPHIFX,BE,6.64,6.64,6.2,6.42,6.47,6.48,95789,604561.01,28-Aug-2026,177,INE726L01027
DELTIC,SM,33.5,34.5,33.5,34.5,34.5,34.35,3000,101800.00,28-Aug-2026,3,INE0XRN01019
DELTACORP,EQ,60.14,60.22,59.3,59.43,59.45,59.84,358522,21371163.43,28-Aug-2026,2505,INE124G01033
DELTAMAGNT,EQ,60.35,60.35,56.1,57.55,57.55,57.22,587,33619.63,28-Aug-2026,38,INE393A01011
DEN,EQ,28,28.65,27.98,28.31,28.25,28.12,193788,5499474.98,28-Aug-2026,1205,INE947J01015
DENTA,EQ,285.1,287.1,282.2,283.75,284.1,284.5,54630,15535328.80,28-Aug-2026,1843,INE0R4L01018
DEVX,EQ,34.67,36.14,34.51,35.92,36.14,34.98,262973,9285352.28,28-Aug-2026,1310,INE0VOV01021
DEVIT,EQ,24.99,25.4,24.75,24.91,24.8,24.86,25314,635709.50,28-Aug-2026,179,INE060X01034
DEVYANI,EQ,146.5,146.79,139.16,139.94,140.45,146.11,2546557,360631579.08,28-Aug-2026,22984,INE872J01023
DHABRIYA,BE,536.9,555.55,520,552.2,550.05,536.9,11244,6100380.05,28-Aug-2026,284,INE260R01016
DBOL,EQ,126.5,130.9,123.78,125.42,126.35,123.34,362310,46064851.84,28-Aug-2026,5619,INE0I3401014
DHAMPURSUG,EQ,173,178.46,171.96,175.23,175.84,170.92,890434,155740132.07,28-Aug-2026,11082,INE041A01016
DHANBANK,EQ,32.72,33,32.06,32.27,32.3,32.72,500508,16221922.12,28-Aug-2026,2017,INE680A01011
DHANLAXMI,SM,25.05,25.05,25,25,25,25,4000,100100.00,28-Aug-2026,2,INE0V9V01010
DHANSA,SM,26,26,25.95,26,26,24.8,28000,727800.00,28-Aug-2026,11,INE0M3I01029
DHANUKA,EQ,985.8,999,972.2,976.1,979,985.8,27694,27173878.20,28-Aug-2026,4803,INE435G01025
DHARARAIL,ST,149.95,149.95,149.95,149.95,149.95,149.95,1000,149950.00,28-Aug-2026,1,INE2HJL01019
DHARAN,BZ,0.16,0.17,0.15,0.15,0.16,0.16,9404338,1499463.51,28-Aug-2026,1132,INE278R01034
DHARIWAL,SM,19.4,19.7,18.6,19.7,19.7,18.8,111000,2172300.00,28-Aug-2026,30,INE0YRN01025
DHARMAJ,EQ,270.25,272.35,269.8,270.45,271.85,270.8,20846,5636854.80,28-Aug-2026,539,INE00OQ01016
DHATRE,EQ,4.42,4.42,4.15,4.24,4.24,4.32,19182,81310.29,28-Aug-2026,117,INE715T01031
DHOOTTRANS,EQ,1509,1510.9,1431.25,1454.9,1446,1499.85,2198048,3224887601.95,28-Aug-2026,83558,INE01NH01023
DHRUV,EQ,24.2,24.47,23.1,23.22,23.21,24.2,7212,169371.19,28-Aug-2026,121,INE506Z01015
DHUNINV,EQ,1050.2,1073,1011.85,1026.45,1028,1046.5,2491,2598317.70,28-Aug-2026,187,INE320L01011
DTIL,EQ,170.99,171.3,165.32,167.09,167.8,173.94,32402,5443264.81,28-Aug-2026,821,INE341R01014
DVL,EQ,291.55,293.14,278,279.37,280.25,293.97,18238,5168791.16,28-Aug-2026,728,INE477B01010
DIAMINESQ,EQ,240.8,245.99,240.1,243.27,245.9,244.38,14898,3622666.41,28-Aug-2026,231,INE591D01014
DIACABS,BE,342,353,335,349.4,349.95,338.6,905525,311275329.05,28-Aug-2026,10645,INE989C01038
DICIND,EQ,601.1,611.95,598.6,605.6,605,601.3,2697,1632824.70,28-Aug-2026,155,INE303A01010
DTL,SM,120,120,120,120,120,125,1200,144000.00,28-Aug-2026,1,INE0JRD01019
DIFFNKG,EQ,406.5,419.7,400.25,411,412.2,402.55,75646,30873895.55,28-Aug-2026,1989,INE184O01015
DGCONTENT,EQ,24.44,24.97,23.84,23.85,23.84,24,9947,241393.53,28-Aug-2026,52,INE03JI01017
DIGIDRIVE,EQ,17.32,18,17.32,17.71,17.6,17.77,5144,91368.48,28-Aug-2026,99,INE0PSC01024
DIGIKORE,SM,35.7,39.8,30.25,37.55,39.4,35.7,443600,15194320.00,28-Aug-2026,663,INE0QJ901011
DIGISPICE,EQ,16.99,17.72,16.91,17.07,17,16.99,51653,889530.04,28-Aug-2026,248,INE927C01020
DIGITIDE,EQ,101.85,103.95,98.5,99.46,98.6,102.44,357370,35928658.75,28-Aug-2026,3466,INE0U4701011
DIGJAMLMTD,EQ,53,53.48,50.22,51.31,50.7,52,3184,165515.05,28-Aug-2026,64,INE731U01028
DNAMEDIA,EQ,2.55,2.75,2.5,2.57,2.55,2.6,35825,92741.65,28-Aug-2026,153,INE016M01021
DBL,EQ,408,411,404.45,406.95,410,407.55,71934,29334384.95,28-Aug-2026,2372,INE917M01012
DISAQ,EQ,11754,12400,11734,12208,12252,11590,819,9836087.00,28-Aug-2026,563,INE131C01011
DISHTV,EQ,2.72,2.86,2.69,2.82,2.79,2.73,1605915,4447788.02,28-Aug-2026,1304,INE836F01026
DCAL,EQ,177.22,178.18,173.1,174.77,175,177.22,253662,44479520.84,28-Aug-2026,2440,INE385W01011
DIVGIITTS,EQ,1200,1204.05,1156.55,1175.15,1172.4,1195.5,114049,133227388.95,28-Aug-2026,8804,INE753U01022
DIVISLAB,EQ,9099.5,9270,9080.5,9239,9239,9060,773225,7106742836.00,28-Aug-2026,56456,INE361B01024
DIVINEHIRA,ST,114.1,118.5,114.1,116.95,117.9,117.75,13200,1549020.00,28-Aug-2026,11,INE0NA501011
DPEL,SM,572,580,570,572.5,572,566.05,18500,10633850.00,28-Aug-2026,31,INE0SCO01019
DIVYADHAN,ST,41.9,41.9,41.9,41.9,41.9,44.1,2000,83800.00,28-Aug-2026,1,INE0QYI01019
DIXON,EQ,14811,14920,14650,14650,14650,14711,223996,3317864524.00,28-Aug-2026,32959,INE935N01020
DJML,EQ,72.9,76.08,67.57,72.19,71.11,73.08,212993,15331028.65,28-Aug-2026,2029,INE0B1K01014
DLF,EQ,680,682.95,672.5,679.8,679.8,676.15,1060004,717998915.60,28-Aug-2026,30945,INE271C01023
DMCC,EQ,277.75,311.95,277.75,301,302,279.1,527305,159549987.95,28-Aug-2026,16514,INE505A01010
DHTL,SM,32.4,32.45,32.4,32.45,32.45,31.35,1600,51880.00,28-Aug-2026,2,INE0OGG01015
DODLA,EQ,1090.4,1110.9,1075.2,1093.4,1105.1,1090.5,53044,57363461.50,28-Aug-2026,3763,INE021O01019
DOLATALGO,EQ,74.31,74.31,72.51,72.82,73.45,73.76,82639,6031117.79,28-Aug-2026,1040,INE966A01022
DOLLAR,EQ,265.1,271,265,268.7,270,265.25,73785,19813225.45,28-Aug-2026,1558,INE325C01035
DOLLEX,SM,34.3,35.8,33.4,35.35,35.8,33.45,32000,1089600.00,28-Aug-2026,8,INE0JHH01011
DOLPHIN,EQ,628.2,640,605.35,612.55,611.1,628.2,47390,29538371.00,28-Aug-2026,1875,INE920A01037
DOMS,EQ,2193,2214.4,2186.1,2198.9,2205,2214.9,25988,57263150.80,28-Aug-2026,4637,INE321T01012
DONEAR,EQ,84.98,85.4,83.95,84.75,84.26,84.46,10670,900846.87,28-Aug-2026,109,INE668D01028
DPSCLTD,BE,7.26,7.45,7.15,7.19,7.2,7.36,69930,508041.06,28-Aug-2026,319,INE360C01024
AGARWALEYE,EQ,493.15,512.7,489.5,507.8,504.85,496.65,663188,333293960.05,28-Aug-2026,20205,INE943P01029
DRAGARWQ,EQ,5229.5,5275,5175.5,5245.5,5250,5176.5,780,4080052.50,28-Aug-2026,294,INE934C01018
LALPATHLAB,EQ,1938.5,1946.8,1916.1,1931.1,1926.4,1936.4,90724,174984951.00,28-Aug-2026,26056,INE600L01024
DRREDDY,EQ,1175,1186.6,1172.5,1178,1178,1177,682712,804686092.30,28-Aug-2026,25106,INE089A01031
DRCSYSTEMS,EQ,12.63,12.95,12.63,12.71,12.75,12.79,37580,479212.34,28-Aug-2026,193,INE03RS01027
DREAMFOLKS,EQ,67.99,68.49,66.86,67.06,66.95,67.31,21252,1431136.44,28-Aug-2026,650,INE0JS101016
DREDGECORP,EQ,1111.1,1131.8,1108.1,1120.4,1121.5,1115.8,131251,147388575.30,28-Aug-2026,6149,INE506A01018
DRONE,SM,35.5,39,34.85,37.95,37.85,35.3,48000,1782250.00,28-Aug-2026,66,INE0P7201019
DSKULKARNI,BE,18.31,18.31,18.31,18.31,18.31,17.96,39,714.09,28-Aug-2026,2,INE891A01022
KEEPLEARN,EQ,1.98,1.98,1.91,1.94,1.98,1.98,16395,32021.28,28-Aug-2026,76,INE055C01020
LIQUIDETF,EQ,1000,1000.01,999.99,999.99,1000,1000,127637,127636967.10,28-Aug-2026,218,INF740KA1EU7
BANK10ADD,EQ,16.95,17,16.87,16.95,17,17.01,23809,402447.95,28-Aug-2026,86,INF740KA1YH2
BANKADD,EQ,59.19,59.19,58.8,58.84,58.91,59.04,5670,333914.69,28-Aug-2026,61,INF740KA1RX3
GOLDADD,EQ,15.48,15.49,15.09,15.36,15.4,152.98,2211829,33824738.08,28-Aug-2026,9667,INF740KA1ZP2
ITADD,EQ,32.68,33.21,32.65,33.01,33.01,32.19,69661,2298686.89,28-Aug-2026,1881,INF740KA1SX1
EQUAL50ADD,EQ,345.3,347.12,344.75,345.92,347.12,345.36,5565,1922520.28,28-Aug-2026,184,INF740KA1QK2
NIFTYADD,EQ,257.25,257.25,253.91,254.81,255.2,254.7,6550,1668545.87,28-Aug-2026,126,INF740KA1CL0
PSUBANKADD,EQ,86.9,87.15,86.5,86.88,86.5,87.02,13408,1164668.93,28-Aug-2026,446,INF740KA1SY9
PVTBANKADD,EQ,28.19,28.29,28.06,28.15,28.06,28.28,42848,1205986.65,28-Aug-2026,109,INF740KA1TA7
MIDQ50ADD,EQ,25.6,25.66,25.54,25.6,25.62,25.49,14180,363050.19,28-Aug-2026,86,INF740KA1ZF3
SENSEXADD,EQ,79.46,80,79.42,79.45,79.84,80.06,795,63248.70,28-Aug-2026,24,INF740KA1SZ6
SILVERADD,EQ,23.97,23.97,22.4,23.21,23.33,228.41,2029774,46863699.44,28-Aug-2026,7166,INF740KA1ZQ0
FLEXIADD,EQ,10.18,10.27,10.18,10.24,10.25,10.2,88380,905375.83,28-Aug-2026,182,INF740KA1WU9
FMCGADD,EQ,47.47,47.9,46.84,47.33,47.16,47.47,37492,1762493.44,28-Aug-2026,214,INF740KA1ZA4
GSEC10ADD,EQ,26.66,26.89,26.66,26.89,26.89,26.82,11,294.64,28-Aug-2026,3,INF740KA1ZI7
HEALTHADD,EQ,16.95,16.98,16.85,16.91,16.9,16.87,38715,654203.04,28-Aug-2026,80,INF740KA1ZG1
LIQUIDADD,EQ,1142.55,1142.78,1142.55,1142.56,1142.57,1142.11,433741,495576331.16,28-Aug-2026,389,INF740KA1UM0
MIDBANKADD,EQ,17.29,17.36,17.21,17.22,17.29,17.37,9277,160104.05,28-Aug-2026,71,INF740KA1ZH9
MIDCAPADD,EQ,23.67,23.67,23.52,23.6,23.6,23.56,1269,29976.07,28-Aug-2026,25,INF740KA1WW5
MSCIADD,EQ,29.8,29.89,29.73,29.78,29.8,29.9,1937,57666.23,28-Aug-2026,20,INF740KA1WV7
NEXT30ADD,EQ,43.42,43.42,43.14,43.25,43.39,43.42,6032,261037.17,28-Aug-2026,57,INF740KA1VE5
NEXT50ADD,EQ,74.84,74.84,74.2,74.47,74.79,75.06,4376,326165.66,28-Aug-2026,34,INF740KA1XU7
SMALLADD,EQ,18.54,18.65,18.54,18.63,18.63,18.56,7883,146721.27,28-Aug-2026,72,INF740KA1WX3
TOP10ADD,EQ,88.32,88.35,87.91,88.08,87.91,87.89,29570,2606225.58,28-Aug-2026,255,INF740KA1UR9
DUCOL,SM,110,112,110,111.95,111.95,107.45,4800,531960.00,28-Aug-2026,6,INE0LZO01015
DUCON,EQ,2.17,2.17,2.06,2.07,2.07,2.17,1573568,3301985.40,28-Aug-2026,937,INE741L01018
DUGLOBAL,SM,26.5,28.5,25.95,27.2,28.5,26.8,7500,202375.00,28-Aug-2026,3,INE0HPK01020
DURLAX,SM,68.8,69,65.3,66,66,67.6,322000,21354000.00,28-Aug-2026,59,INE0OUW01013
DWARKESH,EQ,51.87,53.89,50.97,51.89,52.41,51.18,4452694,232915072.69,28-Aug-2026,18049,INE366A01041
DSSL,EQ,1081.5,1084.1,1067,1069.9,1072,1078,11157,11979588.70,28-Aug-2026,1366,INE417B01040
DYNAMATECH,EQ,11497,11615,11390,11436,11485,11497,4340,49796203.00,28-Aug-2026,1838,INE221B01012
DYCL,EQ,449,491,447.2,487.6,489,448.25,2566700,1234275079.55,28-Aug-2026,54805,INE600Y01019
DYNAMIC,ST,137.55,138,137.55,138,138,141,1500,206625.00,28-Aug-2026,3,INE0DZ701010
DYNPRO,EQ,236.5,236.5,223.1,228.55,228.3,232.4,18143,4175200.20,28-Aug-2026,803,INE256H01015
EFACTOR,SM,199,200,185.05,196,196,192,5200,1006040.00,28-Aug-2026,13,INE0KFF01017
E2ERAIL,SM,270,285.8,270,275.8,278.9,276.4,33600,9282440.00,28-Aug-2026,41,INE1CEJ01017
E2E,BE,632,634.9,599,616.4,618,618.1,304250,187438891.75,28-Aug-2026,10158,INE255Z01027
EASTWEST,EQ,2.46,2.57,2.44,2.49,2.54,2.49,17311,42911.08,28-Aug-2026,93,INE595R01023
EASTSILK,BE,59.58,65.4,59.58,64.99,64.99,62.71,270,17578.75,28-Aug-2026,11,INE962C01035
EASEMYTRIP,EQ,6.11,6.18,6.06,6.12,6.13,6.1,8588475,52656331.31,28-Aug-2026,4785,INE07O001026
EBIX,EQ,22.39,22.39,20.98,21.69,21.51,21.5,108719,2359643.74,28-Aug-2026,302,INE432F01032
925ECL28,N2,1013.1,1013.1,1013.1,1013.1,1013.1,1003,5,5065.50,28-Aug-2026,1,INE528S07128
ECLERX,EQ,1938.9,1998,1930,1955.5,1945,1940.9,188636,370310579.20,28-Aug-2026,20551,INE738I01010
ECORECO,EQ,457.7,470,451.5,467.65,470,459.95,9337,4290009.85,28-Aug-2026,607,INE316A01038
ECOLINE,ST,176.45,181,176.45,180.65,181,182,7000,1260350.00,28-Aug-2026,5,INE0VBS01016
ECOSMOBLTY,BE,112.8,114.9,112.8,113.39,113.2,114.09,28130,3205918.11,28-Aug-2026,317,INE06HJ01020
BBETF0432,EQ,1356.02,1356.02,1341.66,1342.48,1342.01,1343.23,2622,3521490.55,28-Aug-2026,54,INF754K01OB1
EBANK10,EQ,16.7,17,16.7,16.75,16.98,16.94,126,2111.50,28-Aug-2026,4,INF754K01XH9
EBANKNIFTY,EQ,58.56,58.56,57.76,58.13,58.14,58.27,2684,155621.87,28-Aug-2026,21,INF754K01TE4
EBBETF0430,EQ,1610.9,1610.9,1600.17,1605.93,1604.5,1606.16,30958,49710674.06,28-Aug-2026,289,INF754K01KO2
EBBETF0431,EQ,1430.02,1437.28,1430.01,1432.21,1432.02,1432.87,8631,12352857.29,28-Aug-2026,62,INF754K01LE1
EBBETF0433,EQ,1310.98,1313,1310.98,1311.6,1311.6,1310.98,1034,1356349.94,28-Aug-2026,66,INF754K01QX0
ECAPINSURE,EQ,24.38,24.64,24.06,24.24,24.31,24.45,30336,734908.66,28-Aug-2026,288,INF754K01TX4
EGOLD,EQ,157.15,158.15,156.2,158.1,158,157.15,46623,7348387.75,28-Aug-2026,503,INF754K01SE6
ELIQUID,EQ,1045.73,1045.75,1045.73,1045.75,1045.75,1045.32,2494,2608072.78,28-Aug-2026,9,INF754K01VW2
ELM250,EQ,16.82,16.9,16.75,16.88,16.76,16.83,97601,1646694.44,28-Aug-2026,171,INF754K01VV4
ELMDIV,EQ,37.34,37.34,36.65,36.65,36.65,36.95,563,20729.00,28-Aug-2026,15,INF754K01XI7
EMETAL,EQ,13.63,13.63,13.42,13.53,13.54,13.3,15808,213132.68,28-Aug-2026,42,INF754K01XG1
EMULTIMQ,EQ,42.6,42.6,42.05,42.2,42.58,42.39,27075,1149934.42,28-Aug-2026,126,INF754K01TF1
ENEXT50,EQ,75.15,75.8,73.99,74,74,74.78,1292,95622.95,28-Aug-2026,25,INF754K01XF3
ENIFTY,EQ,24.37,24.43,24.29,24.35,24.36,24.37,1045,25448.85,28-Aug-2026,49,INF754K01VX0
ESENSEX,EQ,77.97,78.09,77.67,77.96,77.96,78.13,163,12696.11,28-Aug-2026,12,INF754K01VY8
ESILVER,EQ,237,241.88,236.02,240.2,240.1,236.99,192609,46238282.24,28-Aug-2026,3207,INF754K01SF3
EDELWEISS,EQ,125.01,127.7,124.07,125.42,125.36,124.61,3373693,424497747.09,28-Aug-2026,25777,INE532F01054
EFCIL,EQ,200.31,202.9,196.81,202.26,202,198.72,162859,32634463.52,28-Aug-2026,4647,INE886D01026
EFFWA,ST,310.1,323.3,304,305.35,307,315.8,28400,8835980.00,28-Aug-2026,45,INE0U9101019
EICHERMOT,EQ,8140,8140,8003,8059,8059,8100,337007,2715967306.50,28-Aug-2026,35904,INE066A01021
EIDPARRY,EQ,801.95,818.2,800,805.3,806,795.3,567851,459197191.40,28-Aug-2026,24645,INE126A01031
EIHAHOTELS,EQ,302.55,302.55,299,301.8,302,302.55,6180,1860514.55,28-Aug-2026,247,INE276C01014
EIHOTEL,EQ,302.15,302.15,296.35,297.8,297.95,300.05,52017,15549895.05,28-Aug-2026,3114,INE230A01023
EIMCOELECO,EQ,2225.5,2232.5,2182.1,2196.1,2197,2211.2,14369,31693117.20,28-Aug-2026,2454,INE158B01016
EKI,EQ,74.75,77.98,73,74.21,75.1,77.24,23089,1730904.85,28-Aug-2026,460,INE0CPR01018
ELANTAS,EQ,11690,11700,11404,11475,11500,11583.5,927,10671699.50,28-Aug-2026,287,INE280B01018
ELCIDIN,EQ,109900,109900,106000,109000,109000,109130,5,541685.00,28-Aug-2026,5,INE927X01018
ELDEHSG,EQ,809.75,823.65,787.5,799.2,792.35,781.8,1453,1175257.85,28-Aug-2026,115,INE668G01021
ELECON,EQ,423.25,428.65,420.05,425.25,426.3,423.25,259116,110183113.75,28-Aug-2026,11941,INE205B01031
EFORCE,SM,21.3,21.3,20.85,20.85,20.85,21.45,2400,50580.00,28-Aug-2026,2,INE0Q1W01012
EMIL,EQ,178,181,176.2,177.35,176.5,178.99,724327,129169013.12,28-Aug-2026,9310,INE02YR01019
ELECTCAST,EQ,79,82.4,78.84,81.5,81.3,78.99,3779745,305857760.69,28-Aug-2026,18271,INE086A01029
ELECTHERM,EQ,1031.8,1034.8,1012.9,1016.1,1019.9,1032.9,9988,10241435.10,28-Aug-2026,383,INE822G01016
ELGNZ,SM,93.05,97.6,93.05,94.7,94.25,95.15,11000,1046800.00,28-Aug-2026,9,INE0R9101015
ELGIEQUIP,EQ,599.9,631,596,628.85,627.5,599.25,1169585,722521682.35,28-Aug-2026,29262,INE285A01027
ELGIRUBCO,EQ,59.5,63.6,57.5,60.94,60.55,58.16,134200,8171937.46,28-Aug-2026,2225,INE819L01012
ELIN,EQ,101.39,106.75,100.55,104.88,103.72,100.64,965462,100382611.91,28-Aug-2026,8830,INE050401020
ELITECON,EQ,11.2,11.2,11.2,11.2,11.2,11.78,1116613,12506065.60,28-Aug-2026,3079,INE669R01026
ELLEN,EQ,330.8,332.6,319,319.8,319.6,325.8,277761,89716302.85,28-Aug-2026,5538,INE236E01022
ELPROINTL,EQ,175.01,175.87,174.29,174.71,175,173.21,7211,1260371.80,28-Aug-2026,132,INE579B01039
EMAPARTNER,SM,92.9,92.9,87.05,88,87.05,85.4,6000,532050.00,28-Aug-2026,6,INE0ZOL01023
EMAMILTD,EQ,388,388.55,378.3,379.4,381,387.7,1065144,407642364.30,28-Aug-2026,29906,INE548C01032
EMAMIPAP,BE,118,118,112.45,114.24,115.05,120.38,35350,4059964.83,28-Aug-2026,299,INE830C01026
EMAMIREAL,EQ,68.99,70.9,67.1,70.16,70.48,67.57,10252,719495.62,28-Aug-2026,337,INE778K01012
EMBDL,EQ,62.39,64.34,62.39,62.78,62.77,62.16,2970745,188469699.50,28-Aug-2026,13459,INE069I01010
EMBASSY,RR,437.99,439.5,435.86,437.22,436.95,437.19,438338,192016984.26,28-Aug-2026,17959,INE041025011
EMCURE,EQ,1878.9,1893,1850,1869.4,1866,1878.4,133174,248693449.40,28-Aug-2026,21731,INE168P01015
ETML,SM,80.05,82,79.4,81.7,81.7,82.85,9600,778740.00,28-Aug-2026,7,INE0RHD01013
EMKAY,EQ,239,259.9,239,251.59,251,239.73,77078,19352727.69,28-Aug-2026,2777,INE296H01011
EMKAYTOOLS,SM,95.75,99,94.2,94.2,94.2,96.8,1500,145732.50,28-Aug-2026,6,INE332S01011
ETL,SM,1060,1120,1012.1,1104,1120,1063.8,2700,2911440.00,28-Aug-2026,15,INE0PXC01024
EMMBI,BE,82.47,86.5,81.24,86,86,82.4,11633,980852.14,28-Aug-2026,97,INE753K01015
EMMVEE,EQ,327.3,331,322.75,324.1,324.65,327.3,737469,239107476.50,28-Aug-2026,17520,INE1C6T01020
EMPIND,EQ,1248,1248,1209,1214.2,1215,1212.7,3295,4006454.10,28-Aug-2026,266,INE515H01014
EMPOWER,EQ,2.12,2.12,2.12,2.12,2.12,2.23,1655980,3510677.60,28-Aug-2026,1077,INE507F01023
EMSLIMITED,EQ,383,383.7,376.55,377.85,378.4,381.1,86423,32715825.15,28-Aug-2026,2783,INE0OV601013
EMUDHRA,EQ,559.25,564,550.4,559.65,555.15,559.25,121659,67885390.35,28-Aug-2026,4329,INE01QM01018
ENCOMPAS,SM,251.15,251.15,250,251,251,248.05,14800,3714520.00,28-Aug-2026,5,INE433T01015
ENDURANCE,EQ,2945.8,2985,2913.6,2929.2,2943.9,2944.8,119626,351145776.40,28-Aug-2026,14858,INE913H01037
ENERGYDEV,EQ,16.13,16.39,16,16.06,16,16.13,19571,316501.78,28-Aug-2026,250,INE306C01019
EMMIL,SM,124,130,123,130,130,124,4500,569125.00,28-Aug-2026,13,INE0S1L01013
ENFUSE,SM,160,160,160,160,160,161,600,96000.00,28-Aug-2026,1,INE0S3X01014
ENGINERSIN,EQ,247.5,254.59,246.76,253.72,254,246.96,4342151,1096502818.65,28-Aug-2026,63553,INE510A01028
ENKEIWHEL,EQ,396,400,385,400,400,396.95,8474,3356169.85,28-Aug-2026,45,INE130L01014
ENSER,SM,15.3,15.3,14.5,14.9,15.3,15.2,80000,1203750.00,28-Aug-2026,16,INE0R9I01021
ENTERO,EQ,1749.6,1838,1745.2,1808.6,1807,1753.5,815739,1475730749.50,28-Aug-2026,51329,INE010601016
ENIL,EQ,104.98,108.23,103,104.89,104.02,104.41,20428,2166399.81,28-Aug-2026,704,INE265F01028
EIEL,EQ,201.8,201.8,197.8,199.23,199.2,201.04,296099,58898260.45,28-Aug-2026,5702,INE0LLY01014
ENVIRO,SM,69,71.8,68.1,70.95,71,69.95,10000,705600.00,28-Aug-2026,9,INE0SUH01015
EPACK,EQ,196.75,197.5,190.98,191.95,192.95,196.86,829652,160011447.22,28-Aug-2026,11692,INE0G5901015
EPACKPEB,EQ,233.95,233.95,218.8,225.65,226.55,233.95,394792,90167590.10,28-Aug-2026,5160,INE0MLS01022
EPIGRAL,EQ,1206.4,1241,1204,1232.8,1235,1206.4,51366,62905190.70,28-Aug-2026,5833,INE071N01016
EPL,EQ,252.8,259.2,247.45,251.94,252,252.8,1428390,361337902.27,28-Aug-2026,21441,INE255A01020
EEPL,SM,152.5,156.5,150,154.1,152.5,152.8,43000,6598600.00,28-Aug-2026,43,INE11HF01010
EPWINDIA,ST,256,256,255,255,255,265,3600,919200.00,28-Aug-2026,3,INE1KEC01023
EQUIPPP,BE,23.07,23.68,22.21,23.4,23.4,23.18,5303,123782.30,28-Aug-2026,16,INE217G01035
EQUITASBNK,EQ,74.17,74.5,73.49,73.9,74.1,74.17,898730,66449823.07,28-Aug-2026,10111,INE063P01018
ERIS,EQ,1310,1325.1,1295,1314.8,1325,1312.2,86138,112734035.70,28-Aug-2026,11490,INE406M01024
ESABINDIA,EQ,6112,6216,6039,6162,6151,6095.5,5270,32279522.00,28-Aug-2026,2214,INE284A01012
ESAFSFB,BE,44.38,44.99,43.8,44.71,44.76,43.97,493495,22057800.89,28-Aug-2026,2017,INE818W01011
ESCONET,SM,182.1,199,180,198.2,198.8,186.05,29600,5643380.00,28-Aug-2026,60,INE0RQZ01017
ESCORTS,EQ,2974.1,3056.2,2974,3015.5,3008.8,2974.1,65907,199225510.50,28-Aug-2026,13016,INE042A01014
ESPRIT,SM,67.95,67.95,64.75,64.75,64.75,66.25,6400,423920.00,28-Aug-2026,4,INE0SBP01018
ESSARSHPNG,EQ,16.79,17.29,16.62,16.77,16.8,16.79,153219,2594236.19,28-Aug-2026,511,INE122M01019
ESFL,SM,119.25,124.45,119.25,123.4,122.25,120.95,18720,2267244.00,28-Aug-2026,38,INE0ITO01014
ESTER,EQ,93.14,94.47,93.01,93.73,93.9,93,41734,3909713.20,28-Aug-2026,795,INE778B01029
ETERNAL,EQ,329.1,330,324.3,328,328,328.5,31385139,10277203991.10,28-Aug-2026,156665,INE758T01015
ETHOSLTD,EQ,2883.2,2910,2850.2,2875.1,2895,2891,18140,52348744.60,28-Aug-2026,3573,INE04TZ01018
EUREKAFORB,EQ,433.5,440.3,426,427.75,428,433.15,101179,44005755.00,28-Aug-2026,5591,INE0KCE01017
EIFFL,BE,300,305.1,293.55,301.95,301.95,295.2,2548,761779.90,28-Aug-2026,76,INE546V01010
EUROBOND,EQ,155,155,148,150.32,150.55,151.24,21463,3229880.39,28-Aug-2026,193,INE505V01016
EUROPRATIK,EQ,255,258.6,253.15,257.45,257.2,254.05,191858,49375973.45,28-Aug-2026,1670,INE198501012
EVEREADY,EQ,342.7,345.1,335.6,337.1,337,342.7,61683,20864796.40,28-Aug-2026,1765,INE128A01029
EVERESTIND,BE,428.55,439,425,434.75,438,435.1,3547,1531729.75,28-Aug-2026,99,INE295A01018
EKC,EQ,109,109.92,108.5,108.87,109.5,109.16,66898,7292485.11,28-Aug-2026,1164,INE184H01027
EXCELINDUS,EQ,1046,1048.5,1025.2,1030.85,1025.2,1041.6,7207,7463655.75,28-Aug-2026,674,INE369A01029
EXCELLENT,ST,210,216,204,210,210,214,8000,1680000.00,28-Aug-2026,5,INE0Y4801011
EXCELSOFT,EQ,72,72,70.9,71.03,71.22,71.53,139173,9924790.23,28-Aug-2026,1246,INE606N01019
EXICOM,EQ,156.15,171.39,156.15,167.93,169,156.14,5278089,885110913.42,28-Aug-2026,47574,INE777F01014
EXIDEIND,EQ,438.05,457.9,437.75,444.6,443.5,437.75,6027670,2711319063.00,28-Aug-2026,80903,INE302A01020
EXPLEOSOL,EQ,873.7,897,872,875.75,877.05,873.7,21427,18901151.50,28-Aug-2026,1508,INE201K01015
EXXARO,EQ,6.2,7.42,6.2,7.41,7.42,6.19,12072793,89078952.96,28-Aug-2026,6423,INE0GFE01026
FABTECH,EQ,146.24,148.99,146,147.56,148.04,146.97,51330,7566290.19,28-Aug-2026,673,INE0HF201011
FACT,EQ,839,850,829.6,832.5,833.6,842.55,165741,138777799.65,28-Aug-2026,8005,INE188A01015
FAIRCHEMOR,BE,672,680,663.25,680,680,676,1871,1254998.95,28-Aug-2026,66,INE0DNW01011
FALCONTECH,SM,12.9,12.9,12.9,12.9,12.9,12.9,1200,15480.00,28-Aug-2026,1,INE0PQK01013
FASCINATE,ST,94,94,93.6,93.6,93.6,98.5,209600,19619200.00,28-Aug-2026,39,INE1Q2D01019
FAZE3Q,EQ,488.6,501.5,484,491.05,490,485.75,22544,11075755.70,28-Aug-2026,746,INE963C01033
FCSSOFT,EQ,1.47,1.52,1.44,1.5,1.51,1.45,3112760,4569120.05,28-Aug-2026,1160,INE512B01022
FDC,EQ,345.05,349.85,341.2,342.5,344.9,343.85,130650,45062476.45,28-Aug-2026,6050,INE258B01022
FEDFINA,EQ,157,160.77,154.85,158.94,158.1,157.94,602415,95631587.08,28-Aug-2026,6767,INE007N01010
FEDDERSHOL,EQ,44.85,45.1,43.9,43.99,44,43.11,672325,29741845.49,28-Aug-2026,874,INE417D01020
FEDERALBNK,EQ,343.05,345.85,342.25,344.25,344.25,344.8,3391019,1166246203.50,28-Aug-2026,96165,INE171A01029
FMGOETZE,EQ,576.15,614.8,561.95,602.05,609,545.55,18185623,10823493241.65,28-Aug-2026,259520,INE529A01010
FELIX,SM,178.25,179.3,174.6,177.15,176.25,178.7,46500,8218650.00,28-Aug-2026,69,INE901X01013
FERMENTA,EQ,492.25,519.9,486.1,509.9,509.5,486.25,198787,101418473.25,28-Aug-2026,10042,INE225B01021
FIBERWEB,EQ,26.55,26.9,26.31,26.7,26.75,26.42,10118,270100.44,28-Aug-2026,72,INE296C01020
FIEMIND,EQ,2070.8,2102.8,2067.2,2087.7,2086.5,2067.2,45157,94119144.60,28-Aug-2026,7001,INE737H01014
FILATFASH,EQ,0.19,0.19,0.18,0.18,0.19,0.18,14509523,2657847.14,28-Aug-2026,1486,INE185E01021
FILATEX,EQ,78.35,79.75,77.45,78.89,78.44,78.31,1752425,137736141.00,28-Aug-2026,7463,INE816B01035
FINBUD,SM,130,131.95,126,131.95,131.95,130.5,16000,2066400.00,28-Aug-2026,12,INE0EDU01014
FINEORG,EQ,5258.1,5312,5187,5282.5,5295,5258.2,23657,124448922.00,28-Aug-2026,9659,INE686Y01026
FCL,EQ,48.65,50.49,47.81,50.03,49.95,48.49,11903879,587617946.69,28-Aug-2026,28478,INE045J01034
FINKURVE,EQ,78,79.6,74,75.56,75.5,78.18,109029,8403159.11,28-Aug-2026,1315,INE734I01027
FINOPB,EQ,141.05,144.19,141,141.57,142.15,143.06,109487,15579715.16,28-Aug-2026,1986,INE02NC01014
FINCABLES,EQ,1298,1308.15,1283.1,1297.9,1300,1291.15,443359,574220672.65,28-Aug-2026,21204,INE235A01022
FINPIPE,EQ,160.54,162,160.1,160.56,161.2,160.54,300382,48299815.33,28-Aug-2026,12861,INE183A01024
FSL,EQ,268.5,272.85,268,269.3,269.4,268.5,683316,184662802.60,28-Aug-2026,13694,INE684F01012
FISCHER,EQ,35.53,36.5,34.89,35.44,36.3,35.27,1086361,38512964.30,28-Aug-2026,3644,INE771F01041
FIVESTAR,EQ,533.15,539.7,530.85,537.85,539,533.75,347854,186229882.10,28-Aug-2026,21238,INE128S01021
FLAIR,EQ,247.5,251.6,246.65,249.3,249.2,247.95,31596,7843254.80,28-Aug-2026,1064,INE00Y201027
FLEXITUFF,BE,2.6,2.65,2.57,2.58,2.6,2.61,48352,125645.48,28-Aug-2026,84,INE060J01017
FLYSBS,SM,605,634,598,617.55,624,596.45,205800,128130540.00,28-Aug-2026,553,INE0VCK01011
FOCUS,BE,68.49,68.49,67.1,67.49,67.5,66.72,17113,1156319.89,28-Aug-2026,80,INE593W01028
FONEBOX,SM,95.55,95.55,90.65,95.5,95.55,91,37000,3380050.00,28-Aug-2026,37,INE0Q4701019
FOODSIN,EQ,54.32,54.45,52.3,52.87,52.5,53.15,37977,2023915.33,28-Aug-2026,858,INE976E01023
FORCAS,ST,216.95,216.95,201.05,214,214,210,17600,3691360.00,28-Aug-2026,9,INE0U2501017
FORCEMOT,EQ,17355,17469,17280,17370,17370,17375,39573,686597950.00,28-Aug-2026,11434,INE451A01017
FORGEAUTO,SM,97.2,97.2,91.25,94.2,91.25,96,7200,678180.00,28-Aug-2026,6,INE0YKW01013
FORTIS,EQ,918.75,941.9,916.05,926.75,926.75,915.65,1462799,1362375628.85,28-Aug-2026,41575,INE061F01013
FOSECOIND,EQ,6162.5,6580,6066,6362,6300,6110.5,86007,548839428.00,28-Aug-2026,16161,INE519A01011
FRACTAL,EQ,842.8,857,835,844.3,845,840.25,479939,406627199.65,28-Aug-2026,20207,INE212S01015
FREDUN,EQ,1500.1,1509.8,1465.7,1476.6,1470.2,1492.7,10875,16186453.20,28-Aug-2026,1108,INE194R01017
FRESHARA,ST,437,447.7,416.05,438.9,437,426.4,71400,30736230.00,28-Aug-2026,93,INE0SFW01015
FROG,ST,238.1,238.1,238,238,238,233.45,46800,11139480.00,28-Aug-2026,40,INE385O01018
FRONTSP,EQ,1294.7,1298.6,1265,1273.4,1279.7,1285.4,8714,11110339.50,28-Aug-2026,1583,INE572D01014
NYKAA,EQ,338.15,339.95,334.5,335.65,335.65,338,1538325,517261152.45,28-Aug-2026,29670,INE388Y01029
UTLSOLAR,EQ,451.8,464.45,445,449.55,445.05,443.35,498009,225399550.20,28-Aug-2026,12930,INE12UR01024
FUSION,EQ,196.79,200.5,194.3,199.24,198.58,196.05,333505,65950688.95,28-Aug-2026,6533,INE139R01012
FLFL,BZ,1.17,1.2,1.11,1.15,1.15,1.15,26848,31859.31,28-Aug-2026,56,INE452O01016
FEL,BZ,0.4,0.4,0.39,0.39,0.4,0.39,99311,39262.62,28-Aug-2026,98,INE623B01027
FELDVR,BZ,2.35,2.35,2.21,2.34,2.34,2.3,2431,5591.80,28-Aug-2026,12,IN9623B01058
FMNL,EQ,10.75,11.15,10.31,11,11,10.62,65746,715507.28,28-Aug-2026,148,INE360L01017
GMBREW,EQ,890.1,895.95,886.55,890.4,889,891.7,8173,7282101.30,28-Aug-2026,902,INE075D01018
GRINFRA,EQ,893.3,896.75,884.55,890.75,886,890.4,10647,9477249.95,28-Aug-2026,1235,INE201P01022
GTECJAINX,BE,28.01,29.52,27.71,28.8,29.1,28.99,9806,280066.48,28-Aug-2026,36,INE586X01012
GABRIEL,EQ,1361.8,1375,1316.1,1367.6,1373,1357.2,501459,673899401.10,28-Aug-2026,33567,INE524A01029
GATECH,BE,1.07,1.07,1.06,1.06,1.07,1.02,89538442,95787092.83,28-Aug-2026,14829,INE224E01028
GATECHDVR,BE,0.54,0.54,0.54,0.54,0.54,0.52,582290,314436.60,28-Aug-2026,124,INE224E01036
GAIL,EQ,171.7,172.44,170.11,171.1,171.1,172.44,8706458,1487707265.51,28-Aug-2026,64883,INE129A01019
GAJA,EQ,165.13,170.4,156.91,158.66,158.8,165.13,5358385,878682405.05,28-Aug-2026,46651,INE18UN01038
GAJANAND,SM,8,9.45,8,9.45,9.45,8.9,6000,52350.00,28-Aug-2026,2,INE0QTE01018
GALAPREC,EQ,1048,1049.9,1019.1,1034.2,1032,1039.8,36705,37804320.20,28-Aug-2026,2711,INE0RE001014
GML,SM,16.4,17,16.4,17,17,17.1,8000,133600.00,28-Aug-2026,4,INE09A801015
GALAXYSURF,EQ,2305,2327.9,2268.3,2285,2294.9,2305,20322,46793734.50,28-Aug-2026,3748,INE600K01018
GALLANTT,EQ,579.45,585.85,574.75,577.85,578.55,576.85,17144,9937252.85,28-Aug-2026,2197,INE297H01019
GANDHAR,EQ,255,259,253.55,256.47,256.46,254.85,553101,142055762.16,28-Aug-2026,10095,INE717W01049
GANDHITUBE,EQ,895,900,893.4,898.25,900,903.1,2356,2113148.05,28-Aug-2026,285,INE524B01027
GANESHBE,BE,125.7,127,119,119.93,120,125.09,197420,24276401.43,28-Aug-2026,815,INE388A01029
GANESHCP,EQ,165.49,180,165.09,174.15,176.57,163.49,542827,95309124.84,28-Aug-2026,8850,INE652V01016
GGBL,SM,218.15,225.55,217.05,224.9,225,218.15,20100,4474500.00,28-Aug-2026,63,INE0R8C01018
GANESHHOU,EQ,798,812.15,791.05,803.6,804,798.3,19735,15804767.35,28-Aug-2026,1710,INE460C01014
GANESHIN,ST,111.9,112,109.05,110.5,109.05,111.15,13600,1506120.00,28-Aug-2026,15,INE0TVT01024
GANECOS,EQ,1030,1035.4,1015.1,1019.3,1018.7,1029.2,54854,56346830.00,28-Aug-2026,4731,INE845D01014
GANGABATH,SM,22.3,22.3,21,21.45,21.65,22.25,60000,1298700.00,28-Aug-2026,19,INE0ZI101018
GANGAFORGE,EQ,1.61,1.66,1.61,1.61,1.61,1.69,11863316,19111646.96,28-Aug-2026,2644,INE691Z01023
GANGESSECU,EQ,117.71,120.79,116.67,116.81,116.67,117.71,194,22741.80,28-Aug-2026,5,INE335W01016
GRSE,EQ,2642,2650,2607.1,2612.9,2615,2643,199226,521867272.50,28-Aug-2026,13800,INE382Z01011
GARUDA,EQ,175.71,178,174,175.2,175.1,175.52,207234,36444432.46,28-Aug-2026,3476,INE0JVO01026
GRWRHITECH,EQ,7084.5,7309.5,7065.5,7224.5,7240,7060.5,88184,634144281.00,28-Aug-2026,8210,INE291A01017
GARFIBRES,EQ,785,805.9,785,799,799.9,792.55,29877,23812737.75,28-Aug-2026,3364,INE276A01018
GATEWAY,EQ,53.98,53.98,53.01,53.61,53.39,53.74,1075095,57350627.48,28-Aug-2026,5843,INE079J01017
GAUDIUMIVF,BE,121.72,121.72,121.72,121.72,121.72,119.34,43502,5295063.44,28-Aug-2026,203,INE0P8B01020
GAYAHWS,EQ,1.87,1.91,1.85,1.88,1.89,1.87,176841,331386.01,28-Aug-2026,295,INE287Z01012
GAYAPROJ,BE,22.28,22.56,21.59,22.15,22.25,22.02,403022,8945795.68,28-Aug-2026,1000,INE336H01023
GRCL,SM,550,568,550,568,568,559.9,500,279500.00,28-Aug-2026,2,INE0LVM01018
GVPIL,EQ,660.5,663.45,650.6,652.7,654,661.75,116813,76559570.90,28-Aug-2026,5006,INE878A01011
GVT&D,EQ,4404,4416.4,4331,4339.2,4339.2,4407.8,520191,2266617849.60,28-Aug-2026,49358,INE200A01026
GEECEE,BE,362,371,362,370,370,365.35,3965,1465513.85,28-Aug-2026,29,INE916G01016
GEEKAYWIRE,EQ,23.02,25.24,22.91,24.69,24.52,23.02,595471,14494420.89,28-Aug-2026,3009,INE669X01032
GEMAROMA,EQ,170.83,174.49,168,168.75,169.27,170.83,50771,8592287.63,28-Aug-2026,922,INE06XZ01023
GICRE,EQ,354,355.9,351.9,353.3,354,351.85,672586,238120715.05,28-Aug-2026,12568,INE481Y01014
GENCON,EQ,45.91,46.13,43.16,44.12,43.57,45.83,547085,24464186.32,28-Aug-2026,1312,INE854S01022
GENESYS,EQ,234.5,234.5,222,227.8,226.3,234.5,984498,223442148.45,28-Aug-2026,13849,INE727B01026
GENSOL,BZ,17.94,17.94,16.95,17.32,17.23,17.27,28105,486764.70,28-Aug-2026,338,INE06H201014
GENUSPAPER,EQ,12.14,12.5,12,12.16,12.15,12.37,34987,425601.77,28-Aug-2026,305,INE949P01018
GENUSPOWER,BL,324.5,324.5,324.5,324.5,324.5,290,3578450,1161207025.00,28-Aug-2026,2,INE955D01029
GENUSPOWER,EQ,332.7,353.5,328.3,349.7,352,332.2,8939930,3090093198.60,28-Aug-2026,88291,INE955D01029
GENXAI,SM,85.8,88,83.5,85.6,85.1,84.1,68400,5906520.00,28-Aug-2026,53,INE1W0N01014
GEOJITFSL,EQ,82.64,85.25,81.4,83.7,83.75,82.64,785239,65625322.78,28-Aug-2026,6136,INE007B01023
GFLLIMITED,EQ,55.8,55.8,53.83,54.28,54.4,54.92,39595,2160221.56,28-Aug-2026,812,INE538A01037
GHCL,EQ,440.15,446,440.15,441.45,444,440.15,62705,27792663.80,28-Aug-2026,2459,INE539A01019
GHCLTEXTIL,EQ,126.37,132.04,125,130.79,131.9,125.36,1355885,175156937.90,28-Aug-2026,10105,INE0PA801013
GICHSGFIN,EQ,142,142.09,140.52,141.03,140.8,142.1,24679,3481707.84,28-Aug-2026,509,INE289B01019
GILLANDERS,EQ,105,108.45,105,106.38,107.8,104.99,12239,1297436.29,28-Aug-2026,93,INE047B01011
GILLETTE,EQ,7431.5,7442.5,7300,7316,7308,7409,14848,109194395.00,28-Aug-2026,5430,INE322A01010
GINNIFILA,BE,44.98,45.24,44.26,44.48,44.5,45.24,46850,2084953.18,28-Aug-2026,117,INE424C01010
GIRIRAJ,SM,88,89,87.25,87.25,87.25,91.8,31250,2733837.50,28-Aug-2026,70,INE614Z01017
GKENERGY,EQ,140.95,140.95,136.32,138.46,138.31,139.65,670822,93031964.61,28-Aug-2026,8306,INE1AG301022
GKB,EQ,65,65,62,62.5,62.5,65,476,29752.00,28-Aug-2026,11,INE265D01015
GKWLIMITED,EQ,1606.9,1606.9,1580.1,1597.9,1597.8,1599.8,160,255840.70,28-Aug-2026,17,INE528A01020
GLAND,EQ,2873.5,2900,2852.1,2888,2885,2873.5,165191,476285982.50,28-Aug-2026,23505,INE068V01023
GLAXO,EQ,3069,3120.7,3052.7,3106.4,3105,3069.1,135782,421062211.10,28-Aug-2026,12393,INE159A01016
GLENMARK,EQ,2460,2537.6,2431.7,2515,2515,2460,807816,2010340569.10,28-Aug-2026,53159,INE935A01035
GLOBAL,EQ,110.99,110.99,108.3,108.99,108.3,110.98,50333,5499727.05,28-Aug-2026,632,INE291W01037
MEDANTA,EQ,1520.5,1531.4,1462.1,1472.2,1469.5,1508.9,404295,606777110.70,28-Aug-2026,30380,INE474Q01031
GSLSU,EQ,27.89,28.24,26.62,27.08,27,27.26,188689,5101108.87,28-Aug-2026,813,INE0JSX01015
GLOBALVECT,EQ,145,148.7,144.25,145.92,147.33,146.47,5273,775140.17,28-Aug-2026,232,INE792H01019
GLOBALE,EQ,11.25,11.7,11.24,11.58,11.24,11.24,296,3339.75,28-Aug-2026,12,INE0URU01010
GLOBECIVIL,EQ,46.08,46.48,45.5,45.58,45.98,45.73,54328,2488817.37,28-Aug-2026,819,INE0V3U01015
GLOBE,EQ,2.07,2.07,1.99,2,2,2.05,368659,742285.82,28-Aug-2026,266,INE581X01021
GICL,EQ,23.34,23.89,23.11,23.73,23.85,23.34,97474,2290850.85,28-Aug-2026,291,INE947T01022
GSTL,SM,13,13,12.75,12.75,12.75,13.4,7000,89550.00,28-Aug-2026,6,INE00WS01056
GLOBUSSPR,EQ,916.2,924,910.5,916.1,915,912.3,61880,56731343.30,28-Aug-2026,3415,INE615I01010
GLOSTERLTD,EQ,595,610,595,607.15,600.1,604.4,794,480364.55,28-Aug-2026,62,INE350Z01018
GLOTTIS,EQ,64.34,65.03,64.25,64.27,64.26,64.66,49445,3181516.35,28-Aug-2026,506,INE0TQE01026
GMMPFAUDLR,EQ,1030,1043,1015,1026.7,1022.95,1025.15,60107,61894892.30,28-Aug-2026,5454,INE541A01023
GMRAIRPORT,EQ,99.3,99.35,98.11,98.31,98.31,98.68,23296240,2299219463.78,28-Aug-2026,30637,INE776C01039
GMRP&UI,EQ,95.3,98.28,92.21,93.35,93.56,94.54,3307470,313462983.35,28-Aug-2026,34509,INE0CU601026
GNA,EQ,547,553,531.25,542.65,542.65,546.8,300414,162510654.70,28-Aug-2026,9340,INE934S01014
EBGNG,EQ,584.9,638.25,578,635.1,630.1,580.25,1346148,837420688.50,28-Aug-2026,31132,INE18JU01028
GODIGIT,EQ,258.05,265.1,256.2,262.35,261,257.75,368020,95801317.95,28-Aug-2026,13921,INE03JT01014
GOCOLORS,EQ,334.5,341.55,334,335.65,335,334.5,47026,15865899.10,28-Aug-2026,1570,INE0BJS01011
GOACARBON,EQ,356,363,351.15,361.85,363,352.15,13443,4816053.55,28-Aug-2026,864,INE426D01013
GOCLCORP,EQ,398.65,399,385.05,388.25,389,397.35,108569,42303691.70,28-Aug-2026,3082,INE077F01035
GODAVARIB,EQ,239.2,242.35,237.55,239.05,238.6,239.15,58540,14036711.75,28-Aug-2026,2290,INE497S01012
GPIL,EQ,240.6,247,239,239.85,240,240.33,837487,202434177.25,28-Aug-2026,13764,INE177H01039
GODFRYPHLP,EQ,2117.5,2140,2105.9,2123.7,2123.7,2115,125235,266203195.10,28-Aug-2026,12967,INE260B01028
GODREJAGRO,EQ,613.65,616.65,604,609.3,607,614.75,102348,62308069.25,28-Aug-2026,5218,INE850D01014
GODREJCP,EQ,927.8,927.8,911.6,915,915,923,930774,851553725.60,28-Aug-2026,23601,INE102D01028
GODREJIND,EQ,1163.6,1175.7,1146.1,1167.5,1162,1150.5,71294,82941927.70,28-Aug-2026,8671,INE233A01035
GODREJPROP,EQ,2075.4,2083.3,2024.5,2029.1,2029.1,2069.4,329143,675348271.50,28-Aug-2026,20174,INE484J01027
620GS2029,GS,97.11,99.89,97.11,99.86,99.89,99.09,24240,2418531.15,28-Aug-2026,13,IN0020260058
657GS2033A,GS,99,99,98.41,98.41,98.41,98.41,2000,197115.00,28-Aug-2026,2,IN0020260066
675GS2029,GS,102.65,102.65,102.65,102.65,102.65,100.96,3100,318215.00,28-Aug-2026,1,IN0020240183
679GS2031,GS,102.5,102.5,102.5,102.5,102.5,100.62,100,10250.00,28-Aug-2026,1,IN0020240191
698GR2054,GS,93.8,95,93.8,95,95,95.8,2,188.80,28-Aug-2026,2,IN0020240175
709GS2074,GS,96.3,96.3,95.5,95.53,95.5,96.23,12819,1227014.84,28-Aug-2026,31,IN0020240142
574GS2026,GS,101.51,101.9,101.51,101.9,101.9,101.89,91,9237.80,28-Aug-2026,2,IN0020210186
603GS2029,GS,99.22,99.22,99.22,99.22,99.22,99.35,400,39688.00,28-Aug-2026,1,IN0020250125
610GS2031,GS,99.99,99.99,99.99,99.99,99.99,99.5,1,99.99,28-Aug-2026,1,IN0020210095
636GS2031,GS,100,100,99.75,99.75,99.75,99.8,44000,4389250.00,28-Aug-2026,5,IN0020250141
654GS2032,GS,99.45,99.45,99.45,99.45,99.45,100.55,868,86322.60,28-Aug-2026,1,IN0020210244
667GS2050,GS,92.7,92.7,92.52,92.52,92.52,92.5,5,462.96,28-Aug-2026,5,IN0020200252
668GS2033,GS,100,100,100,100,100,100,200,20000.00,28-Aug-2026,1,IN0020250133
668GS2040,GS,99,99,98,98,98,98.45,1913,188683.10,28-Aug-2026,3,IN0020250042
676GS2061,GS,91.7,91.7,90.79,90.79,91,91.5,229769,20887728.25,28-Aug-2026,273,IN0020200401
679GS2034,GS,101.5,101.5,101.5,101.5,101.5,101,50,5075.00,28-Aug-2026,1,IN0020240126
690GS2065,GS,94.7,94.7,94.07,94.37,94.37,94.45,17822,1684078.81,28-Aug-2026,14,IN0020250018
694GS2036,GS,102.75,103,102.51,102.51,102.51,102.71,1102,113015.50,28-Aug-2026,4,IN0020260025
695GS2061,GS,93.5,93.5,93.5,93.5,93.5,94,35,3272.50,28-Aug-2026,1,IN0020210202
702GS2027,GS,102.55,102.55,102.15,102.15,102.15,101.85,152,15527.20,28-Aug-2026,2,IN0020240043
706GS2028,GS,103.8,103.8,103.8,103.8,103.8,103.51,17000,1764600.00,28-Aug-2026,7,IN0020230010
706GS2041,GS,100.5,100.8,100.5,100.5,100.5,100.5,5110,513645.00,28-Aug-2026,4,IN0020260041
709GS2054,GS,96.49,96.49,95.1,95.38,95.3,96.34,34619,3308748.55,28-Aug-2026,49,IN0020240118
71GS2034,GS,105.08,105.08,103.5,105.07,105.07,104.48,102,10560.15,28-Aug-2026,3,IN0020240019
718GS2037,GS,103.1,104.48,102.47,103.96,102.93,104.8,44624,4593134.77,28-Aug-2026,17,IN0020230077
723GS2039,GS,105,105,105,105,105,104.4,50,5250.00,28-Aug-2026,1,IN0020240027
724GS2055,GS,98,98.38,97.71,97.8,97.8,98.22,43552,4267772.57,28-Aug-2026,58,IN0020250075
725GS2063,GS,98.5,98.5,95,97.58,97.58,97.86,892960,87190259.68,28-Aug-2026,1139,IN0020230044
726GS2032,GS,103.75,103.75,103.5,103.5,103.5,103.75,15470,1604895.00,28-Aug-2026,5,IN0020220060
73GS2053,GS,99.68,99.72,99.4,99.6,99.72,99.68,25813,2572645.36,28-Aug-2026,14,IN0020230051
732GS2030,GS,103.95,103.95,103.95,103.95,103.95,103.8,100,10395.00,28-Aug-2026,1,IN0020230135
733GS2026,GS,102.48,102.49,102.48,102.49,102.49,102.51,2747,281515.36,28-Aug-2026,2,IN0020230119
734GS2064,GS,99.9,99.9,99.7,99.79,99.84,99.93,59157,5908593.67,28-Aug-2026,49,IN0020240035
736GS2052,GS,101.01,102.25,101.01,102.25,102.25,102.5,1083,109445.91,28-Aug-2026,4,IN0020220086
74GS2062,GS,102.2,103.84,101.9,101.9,101.9,104,1019,104157.44,28-Aug-2026,3,IN0020220094
741GS2036,GS,105.7,105.8,105.7,105.8,105.8,105.5,2030,214664.00,28-Aug-2026,6,IN0020220102
743GS2076,GS,100.94,100.94,99.5,99.74,99.71,100.2,372532,37231444.18,28-Aug-2026,478,IN0020250117
746GS2073,GS,107,107,101.5,101.5,101.5,101.94,1701,176226.50,28-Aug-2026,5,IN0020230127
750GS2056,GS,101.5,101.5,101.2,101.2,101.2,101.2,198,20052.60,28-Aug-2026,3,IN0020260017
754GS2036,GS,106.94,107.09,106.8,106.85,106.85,107.06,357450,38218211.78,28-Aug-2026,182,IN0020220029
771GS2066,GS,104.76,105.75,104.51,104.6,104.6,104.76,3484,364637.12,28-Aug-2026,16,IN0020260033
1018GS2026,GS,104.2,105,103.91,105,105,104.45,4913,511923.50,28-Aug-2026,7,IN0020010081
706GS2046,GS,100,103,100,103,103,103,2,203.00,28-Aug-2026,2,IN0020160068
710GS2029,GS,104,104.5,104,104.23,104.3,103.76,8348,869726.64,28-Aug-2026,8,IN0020220011
738GS2027,GS,102.6,102.62,102.15,102.51,102.5,102.54,30029,3075775.97,28-Aug-2026,26,IN0020220037
795GS2032,GS,104.86,104.86,104.86,104.86,104.86,109,10,1048.60,28-Aug-2026,1,IN0020020106
897GS2030,GS,114,114,114,114,114,112,50,5700.00,28-Aug-2026,1,IN0020110055
92GS2030,GS,113.51,114.93,113.5,114.83,114.83,113.2,13881,1583308.41,28-Aug-2026,10,IN0020130053
364D291026,TB,98.39,98.39,98.39,98.39,98.39,98.11,500,49195.00,28-Aug-2026,1,IN002025Z310
91D081026,TB,99.2,99.2,99.2,99.2,99.2,99.18,200,19840.00,28-Aug-2026,2,IN002026X149
91D121126,TB,98.41,99,98.41,98.96,99,98.91,2900,286404.00,28-Aug-2026,9,IN002026X198
GOKEX,EQ,777.4,777.4,765,767.8,770.95,774.9,216062,166368537.70,28-Aug-2026,16176,INE887G01027
GOKULAGRO,EQ,244.25,248.07,243.39,244.34,245.89,244.48,480942,117848256.01,28-Aug-2026,8826,INE314T01033
GOKUL,EQ,43.09,44.26,42.05,42.46,42.95,43.09,162046,6983626.35,28-Aug-2026,1284,INE020J01029
GOLDENTOBC,BZ,24,25.2,24,24.9,24.9,24,2772,67371.02,28-Aug-2026,22,INE973A01010
GOLDIAM,EQ,355,355.85,346.1,348.55,348.65,352.75,332253,116250494.85,28-Aug-2026,6460,INE025B01025
GOLDSTAR,SM,7.5,7.5,7.25,7.5,7.5,7.15,56250,419062.50,28-Aug-2026,5,INE405Y01021
GOODLUCK,EQ,434.4,453,430.1,449.9,450.8,432.8,539784,239981233.10,28-Aug-2026,14949,INE127I01024
GOODYEAR,EQ,774.35,774.35,736.3,749.9,750,765.05,7639,5754610.25,28-Aug-2026,526,INE533A01012
GOPAL,EQ,279.15,284,275.1,276.25,276.95,279.15,167988,46809383.85,28-Aug-2026,8878,INE0L9R01028
GOYALALUM,EQ,6.32,6.55,6.25,6.27,6.33,6.33,53164,334669.91,28-Aug-2026,269,INE705X01026
GPECO,ST,400.05,415.6,398,411.35,411.9,401,12400,5060210.00,28-Aug-2026,51,INE0S7E01015
GULFPETRO,BE,66.18,68.5,63.21,67.76,67.8,66.18,148231,9763500.61,28-Aug-2026,482,INE586G01017
GPTHEALTH,EQ,151.4,153.7,150.49,151.72,150.5,151.39,55986,8492810.64,28-Aug-2026,1395,INE486R01017
GPTINFRA,EQ,113.58,114.05,111.6,111.91,111.6,113.58,82362,9258724.40,28-Aug-2026,1024,INE390G01014
GRADIENTE,EQ,2.79,2.79,2.65,2.72,2.75,2.71,2679318,7373930.56,28-Aug-2026,362,INE361K01017
GCHOTELS,ST,95.5,97.5,93.1,96.6,96.95,96.9,42600,4043970.00,28-Aug-2026,65,INE12E301017
GRANDOAK,EQ,37.82,38.95,35.58,36.69,36.7,37.45,16138,587282.75,28-Aug-2026,228,INE926B01016
GRANULES,EQ,833.5,844.75,833.5,836.65,837.85,832.3,328237,275246239.20,28-Aug-2026,14831,INE101D01020
GRAPHISAD,SM,26.05,26.7,25.15,26.7,26.7,26.35,16800,435240.00,28-Aug-2026,11,INE0POU01017
GRAPHITE,EQ,683.9,705.6,683,696,695.5,683,930045,649096674.45,28-Aug-2026,36210,INE371A01025
GRASIM,EQ,3261,3292.5,3229,3290,3290,3258,676185,2199548744.50,28-Aug-2026,26435,INE047A01021
GRAUWEIL,EQ,67.95,72,67.75,71.32,71.19,67.75,715607,50369499.14,28-Aug-2026,9449,INE266D01021
GRAVISSHO,EQ,28.67,30,28.67,30,30,30.85,82,2404.70,28-Aug-2026,8,INE214F01026
GRAVITA,EQ,1821.9,1835,1809,1825.8,1825,1824.5,85446,155789262.10,28-Aug-2026,9732,INE024L01027
GREAVESCOT,EQ,192.02,196.53,192.02,194.41,194.11,191.17,884651,172066783.07,28-Aug-2026,9284,INE224A01026
GREENCHEF,SM,62.65,64.75,59,59.45,59,62.65,11200,677800.00,28-Aug-2026,13,INE0O7P01015
GREENLAM,EQ,244.6,248.8,242.5,246.35,246.75,243.25,84116,20666361.65,28-Aug-2026,2705,INE544R01021
GREENLEAF,ST,116,116,112.1,114.2,114.2,118,10000,1132250.00,28-Aug-2026,10,INE0PLX01017
GREENPANEL,EQ,159.85,164.13,158.41,161.06,160.89,159.9,218249,35209012.83,28-Aug-2026,4146,INE08ZM01014
GREENPLY,EQ,293,293.4,283.1,286.25,285,291.25,68923,19749417.30,28-Aug-2026,2323,INE461C01038
GCSL,EQ,545.75,545.75,537.1,541.3,543.8,540.55,433052,235058708.20,28-Aug-2026,4031,INE199P01028
GRINDWELL,EQ,2034.2,2063.7,2024.4,2057.7,2059,2024.1,15697,32155052.80,28-Aug-2026,5057,INE536A01023
GRMOVER,EQ,87.07,88.65,86,86.38,86,87.76,956059,83270209.46,28-Aug-2026,3993,INE192H01020
GJL,ST,247,247,247,247,247,249.5,800,197600.00,28-Aug-2026,1,INE1TY801010
CEMNTGROWW,EQ,15.04,15.13,14.72,14.87,14.88,14.97,56947,845167.15,28-Aug-2026,562,INF666M01PH7
GROWWCAPM,EQ,11.58,11.63,11.42,11.58,11.63,11.48,332571,3849865.18,28-Aug-2026,604,INF666M01MM4
GROWWCHEM,EQ,30.56,30.78,30.14,30.35,30.42,30.4,38114,1155480.35,28-Aug-2026,282,INF666M01NP5
GROWWDEFNC,EQ,97.98,98.73,97.05,97.44,97.69,97.95,170175,16586588.74,28-Aug-2026,2363,INF666M01IO8
GROWWEV,EQ,33.26,33.55,33.11,33.38,33.11,33.25,217473,7260781.75,28-Aug-2026,1611,INF666M01IH2
GROWWGOLD,EQ,15.65,15.65,15.25,15.43,15.48,15.33,1858335,28532841.20,28-Aug-2026,3875,INF666M01OE7
GROWWHOSPI,EQ,52.2,52.8,52.2,52.64,52.52,52.43,709887,37381335.74,28-Aug-2026,1041,INF666M01OD9
GROWWLIQID,EQ,110.55,110.56,110.55,110.55,110.56,110.51,493871,54597932.61,28-Aug-2026,176,INF666M01IP5
GROWWLOVOL,EQ,10.38,10.58,10.38,10.47,10.48,10.38,9671,101129.05,28-Aug-2026,85,INF666M01LB9
GROWWMC150,EQ,240.98,240.98,234.39,237.13,236.98,237,625,148041.07,28-Aug-2026,38,INF666M01MV5
GROWWMETAL,EQ,12.97,12.98,12.77,12.87,12.83,12.84,416956,5360067.61,28-Aug-2026,1547,INF666M01NI0
GROWWMOM50,EQ,10.91,11.55,10.91,11.35,11.23,11.19,438378,4944467.72,28-Aug-2026,556,INF666M01KJ4
GROWWN200,EQ,11.75,11.75,11.39,11.39,11.39,11.47,34342,392105.79,28-Aug-2026,247,INF666M01JV1
GROWWNET,EQ,11.09,11.09,10.81,10.88,10.91,11,480119,5246106.72,28-Aug-2026,803,INF666M01LI4
GROWWNIFTY,EQ,9.9,9.9,9.71,9.74,9.81,9.77,679296,6632108.38,28-Aug-2026,3269,INF666M01LL8
GROWWNXT50,EQ,75.48,75.48,74.17,74.51,74.7,74.99,16692,1243594.15,28-Aug-2026,116,INF666M01LZ8
GROWWPOWER,EQ,11.39,11.42,11.3,11.33,11.36,11.32,2374411,26911959.90,28-Aug-2026,1926,INF666M01LM6
GROWWPSE,EQ,96.1,99.6,95.96,97.13,97.8,97.92,3578,348125.28,28-Aug-2026,64,INF666M01NQ3
GROWWPSUBK,EQ,86.51,86.51,85.73,85.83,86,85.78,1740,149397.31,28-Aug-2026,35,INF666M01OG2
GROWWRAIL,EQ,28.64,28.7,28.37,28.52,28.56,28.51,464130,13217091.52,28-Aug-2026,2466,INF666M01JJ6
GROWWRLTY,EQ,10.25,10.32,10.11,10.14,10.11,10.2,238175,2418721.67,28-Aug-2026,433,INF666M01MN2
GROWWSC250,EQ,10.6,10.69,10.58,10.67,10.68,10.61,162225,1728970.12,28-Aug-2026,502,INF666M01MO0
GROWWSLVR,EQ,23.78,23.78,23.1,23.59,23.6,23.2,1375964,32261386.90,28-Aug-2026,2233,INF666M01OF4
PVTBKGROWW,EQ,28.19,28.39,27.64,27.86,27.68,27.89,22199,618547.33,28-Aug-2026,815,INF666M01OT5
SMALLGROWW,EQ,50.17,50.17,49.04,49.43,49.45,50.52,30398,1502622.97,28-Aug-2026,201,INF666M01PG9
GRPLTD,EQ,1969.4,2025.3,1961.2,2010.9,2025.3,1982.9,495,984653.90,28-Aug-2026,107,INE137I01015
GSMFOILS,SM,117.6,117.6,117.6,117.6,117.6,112,107500,12642000.00,28-Aug-2026,67,INE0SQY01018
GSPCROP,EQ,627,637.1,622.5,626.6,627.8,627.75,140331,88210971.00,28-Aug-2026,4752,INE713R01022
GSS,EQ,12.47,12.47,12.08,12.38,12.41,12.13,7380,90883.57,28-Aug-2026,103,INE871H01011
GTLINFRA,EQ,1.21,1.23,1.2,1.2,1.21,1.2,24825816,30043226.20,28-Aug-2026,5260,INE221H01019
GTL,EQ,7.42,7.5,7.26,7.37,7.4,7.32,231354,1704875.62,28-Aug-2026,504,INE043A01012
GTPL,EQ,53.55,55.1,53.25,53.54,53.52,53.95,383813,20718855.21,28-Aug-2026,514,INE869I01013
GUFICBIO,EQ,412.2,414.05,400.5,406.3,409.4,412.2,69317,28378859.00,28-Aug-2026,2792,INE742B01025
GIPCL,EQ,200.99,206.8,200.56,205.91,205.61,200.48,1384606,282836780.77,28-Aug-2026,14397,INE162A01010
GNFC,EQ,577,591.95,572.95,580.05,581.9,577,363373,210756751.60,28-Aug-2026,12961,INE113A01013
GSFC,EQ,159.4,161,157.6,157.97,157.96,159.16,729308,115512262.93,28-Aug-2026,7150,INE026A01025
GUJAPOLLO,EQ,360,360,342.8,345.25,344.4,351.5,7280,2529727.85,28-Aug-2026,445,INE826C01016
GUJALKALI,EQ,715,716.6,705,706.85,705.3,710.75,34553,24522394.05,28-Aug-2026,3298,INE186A01019
GAEL,EQ,169,170.57,165.56,166.98,167.4,168.5,913733,153123299.43,28-Aug-2026,16281,INE036B01030
GUJENERGY,EQ,251.9,255.65,250,254.8,254.7,250.35,848622,214785337.80,28-Aug-2026,18522,INE844O01030
FLUOROCHEM,EQ,4672.1,4789,4642.3,4771.2,4770,4672.1,111013,524121279.40,28-Aug-2026,11729,INE09N301011
GKSL,EQ,155.2,163.44,153.02,160.64,160.51,154.29,1261120,200325704.69,28-Aug-2026,12477,INE0V0W01025
GLFL,EQ,5.45,5.72,5.2,5.72,5.72,5.45,9421,53089.70,28-Aug-2026,37,INE540A01017
GMDCLTD,EQ,567,574.35,565.6,567.65,567.5,567.25,736396,419079084.95,28-Aug-2026,16469,INE131A01031
GNRL,EQ,97.9,97.9,96.31,96.82,96.9,97.65,34747,3369607.98,28-Aug-2026,550,INE207H01018
GPPL,EQ,169.55,169.55,167.4,168.75,168.7,169.1,1092016,184032607.69,28-Aug-2026,12181,INE517F01014
GUJRAFFIA,EQ,41.5,41.5,39.4,41.4,41.4,41,627,25480.04,28-Aug-2026,16,INE610B01024
GUJTHEM,EQ,410.1,417.5,406.75,411.05,410.15,412.2,209713,86133738.15,28-Aug-2026,6180,INE942C01045
GULFOILLUB,EQ,1154.3,1154.6,1136.6,1143.9,1143.4,1154.3,55037,63062659.70,28-Aug-2026,8985,INE635Q01029
GULPOLY,EQ,193.09,195.48,191,192.73,192.53,193.09,105481,20348502.58,28-Aug-2026,2161,INE255D01024
GURUNANAK,SM,36.6,36.6,36.6,36.6,36.6,38.5,3200,117120.00,28-Aug-2026,2,INE1CCX01012
GVKPIL,BE,2.08,2.12,2.05,2.12,2.12,2.08,2089956,4374758.26,28-Aug-2026,966,INE251H01024
GVPTECH,EQ,7.88,9.03,7.87,9.03,9.03,7.53,1285332,11316687.03,28-Aug-2026,2146,INE382T01030
GYFTR,EQ,168.58,168.58,164.88,166.82,168.5,166.81,12842,2133948.31,28-Aug-2026,121,INE724A01017
HBESD,EQ,75.95,77.49,74.05,74.5,74.5,75.95,540,40247.49,28-Aug-2026,15,INE640B01021
HGINFRA,EQ,502,504.15,495.1,496.5,497.7,502.15,52973,26387749.00,28-Aug-2026,2547,INE926X01010
HALDER,EQ,297.97,298,287,294.99,295,297.88,15606,4624426.06,28-Aug-2026,143,INE115S01010
HALDYNGL,BE,135,140.23,131.1,139.29,139.95,134.26,86342,11994012.24,28-Aug-2026,407,INE506D01020
HALEOSLABS,EQ,1495,1526.8,1486,1495.1,1495,1501.8,1337,2005404.60,28-Aug-2026,154,INE320X01016
HAMPTON,EQ,8.83,8.83,8,8.03,8.14,8.3,36275,294694.06,28-Aug-2026,120,INE299D01022
HGM,EQ,44.89,48.9,42,46.74,46.79,43.99,20040,924622.10,28-Aug-2026,329,INE596H01014
HAPPSTMNDS,EQ,421.1,427.1,404.05,408,410,420.25,3267707,1351924020.30,28-Aug-2026,64728,INE419U01012
HAPPYFORGE,EQ,2272,2311,2260.1,2307,2310,2250.8,51595,118250310.80,28-Aug-2026,6987,INE330T01021
WHITEFORCE,SM,48.6,48.6,45,45.5,45,40.5,6400,300080.00,28-Aug-2026,4,INE0TLP01015
HAPPY,SM,84.15,92.6,84.15,92,92.6,84.25,104000,9278800.00,28-Aug-2026,46,INE1GFG01011
HARDWYN,EQ,9.07,9.24,9,9.07,9.06,9.05,1621337,14746175.63,28-Aug-2026,1373,INE626Z01029
HARIOMPIPE,EQ,343.65,354.4,342.15,352.2,353.5,341.15,96840,33731742.55,28-Aug-2026,2774,INE00EV01017
HRYNSHP,EQ,102.85,102.85,99.9,99.9,99.9,99.86,22,2214.40,28-Aug-2026,5,INE400G01011
HARRMALAYA,EQ,198.75,198.75,193.22,197.2,197.51,194.7,9508,1864318.57,28-Aug-2026,345,INE544A01019
HARSHA,EQ,441.9,447.8,436.65,438.85,438,438.55,149012,66008402.45,28-Aug-2026,5288,INE0JUS01029
HATHWAY,EQ,10.55,10.65,10.51,10.57,10.58,10.55,1196466,12657870.72,28-Aug-2026,1785,INE982F01036
HATSUN,EQ,1151,1196.55,1135.55,1176.05,1177,1152.5,119907,140653193.70,28-Aug-2026,11389,INE473B01035
HAVELLS,EQ,1247,1247,1190.1,1222.9,1222.9,1241,1778490,2162091401.40,28-Aug-2026,60138,INE176B01034
HAWKINCOOK,EQ,8250,8301,8131,8230,8270,8239,373,3074360.00,28-Aug-2026,223,INE979B01015
HAZOOR,EQ,20.82,22.49,19.41,19.94,19.8,20.82,480486,9785312.68,28-Aug-2026,1193,INE550F01049
HBPOR,EQ,61.99,61.99,56.45,61.79,61.9,59.5,479,29104.57,28-Aug-2026,27,INE638B01025
HBSL,EQ,52,53.4,50.7,52.55,52.95,51.99,4040,210201.23,28-Aug-2026,139,INE550B01022
HBLENGINE,EQ,665.75,677.9,665.75,674.1,674.45,665.75,573296,385823712.80,28-Aug-2026,19610,INE292B01021
HCL-INSYS,EQ,10.81,11.07,10.62,10.78,10.76,10.81,206429,2234822.81,28-Aug-2026,788,INE236A01020
HCLTECH,EQ,1290,1334.2,1290,1316.1,1316.1,1282,3459476,4560031668.30,28-Aug-2026,91276,INE860A01027
HDBFS,EQ,685.15,687,678,679.35,680,685.15,172622,117639755.70,28-Aug-2026,10930,INE756I01012
HDFCAMC,EQ,2573,2589.2,2539,2569,2569,2575,587652,1503585103.00,28-Aug-2026,34671,INE127D01025
HDFCBANK,EQ,710.85,720.3,707,720.3,720.3,711,16494301,11796010616.70,28-Aug-2026,221663,INE040A01034
HDFCGOLD,EQ,132.63,137.99,132.62,135.29,135.3,134.63,2979111,401378593.31,28-Aug-2026,8346,INF179KC1981
HDFCLIFE,EQ,550.8,550.95,543.8,548,548,548,2076182,1137041038.35,28-Aug-2026,48440,INE795G01014
HDFCBSE500,EQ,37.46,38.17,37.46,37.87,37.99,37.86,363854,13776399.90,28-Aug-2026,173,INF179KC1EZ4
HDFCGROWTH,EQ,121.5,121.85,120.92,121.37,121.81,120.43,13860,1682458.99,28-Aug-2026,98,INF179KC1DJ0
HDFCLIQUID,EQ,1075.85,1075.87,1075.85,1075.85,1075.87,1075.43,31517,33907742.96,28-Aug-2026,44,INF179KC1JG3
HDFCLOWVOL,EQ,20.72,20.83,20.72,20.74,20.74,20.72,9837,204132.87,28-Aug-2026,59,INF179KC1HU8
HDFCMID150,EQ,23.82,23.91,23.77,23.79,23.89,23.81,339699,8087434.30,28-Aug-2026,1208,INF179KC1HT0
HDFCMOMENT,EQ,31.73,31.87,31.62,31.71,31.75,31.71,132955,4217393.29,28-Aug-2026,519,INF179KC1HV6
HDFCNEXT50,EQ,76.28,76.28,75.52,75.73,75.97,75.91,60024,4552595.40,28-Aug-2026,539,INF179KC1HS2
HDFCNIF100,EQ,26.14,26.33,26.1,26.31,26.33,26.29,119859,3149088.80,28-Aug-2026,237,INF179KC1HR4
HDFCNIFBAN,EQ,59.29,59.44,59.1,59.28,59.37,59.29,21219,1257592.68,28-Aug-2026,319,INF179KC1HY0
HDFCNIFIT,EQ,32.33,33.44,32.33,33.25,33.26,32.33,273938,9102332.69,28-Aug-2026,317,INF179KC1IA8
HDFCNIFTY,EQ,272.59,273.18,271.76,272.45,273,272.77,90081,24535733.78,28-Aug-2026,819,INF179KC1965
HDFCNIMEG,EQ,134.74,134.96,133.96,134.3,134.24,133.2,23694,3182500.58,28-Aug-2026,52,INF179KC1KT4
HDFCPVTBAN,EQ,29.04,29.04,28.23,28.32,28.38,28.34,135247,3830135.20,28-Aug-2026,362,INF179KC1HZ7
HDFCQUAL,EQ,57.98,59.74,57.98,59.26,59.6,59.09,41122,2438656.12,28-Aug-2026,81,INF179KC1DL6
HDFCSENSEX,EQ,88,88,87.31,87.54,87.4,87.65,13651,1196568.37,28-Aug-2026,464,INF179KC1HX2
HDFCSILVER,EQ,231.88,231.88,225.23,230.34,230.44,226.23,3146569,721728476.67,28-Aug-2026,10664,INF179KC1DI2
HDFCSML250,EQ,186.82,186.82,185.56,186.5,186.55,185.58,879722,163957575.10,28-Aug-2026,8440,INF179KC1FB2
HDFCVALUE,EQ,125.43,125.85,125.2,125.51,125.5,125.42,5306,665782.29,28-Aug-2026,53,INF179KC1DK8
HDFCPSUBK,EQ,86.51,87.28,86.5,86.7,86.5,86.77,28295,2455500.05,28-Aug-2026,134,INF179KC1HW4
HEADSUP,EQ,6.8,7.29,6.8,6.99,7,6.87,15550,108895.16,28-Aug-2026,111,INE759V01019
HEALTHX,EQ,292.1,302.25,292.1,300.05,302.25,293.55,2233,665195.50,28-Aug-2026,58,INE019J01013
HCG,EQ,703.95,704.9,693.55,696.3,694.6,699.95,54966,38478791.75,28-Aug-2026,8646,INE075I01017
HECPROJECT,EQ,116.26,119.35,116.26,118.06,118.9,117.97,3081,364270.28,28-Aug-2026,86,INE558R01013
HEG,EQ,713.1,743.55,712.2,737.35,737.8,710.2,2665306,1957504190.90,28-Aug-2026,49201,INE545A01024
HEIDELBERG,EQ,161.7,162.75,160.65,160.99,161,161.7,135775,21903347.83,28-Aug-2026,1608,INE578A01017
HEMIPROP,EQ,130.61,131.47,129.26,129.98,130,130.56,208579,27129542.96,28-Aug-2026,1715,INE0AJG01018
HERANBA,EQ,174,174,170,171.64,172.33,169.69,18761,3214997.32,28-Aug-2026,866,INE694N01015
HERITGFOOD,EQ,378,380.65,369,370.55,370.8,378.15,114313,42598708.40,28-Aug-2026,4910,INE978A01027
HEROMOTOCO,EQ,5549,5654,5529,5600,5600,5550,408239,2292292220.50,28-Aug-2026,33549,INE158A01026
HESTERBIO,EQ,2294.4,2347.9,2291.2,2302.3,2292.9,2289.8,2398,5549442.10,28-Aug-2026,565,INE782E01017
HEXATRADEX,EQ,159.1,161.79,158.01,160.09,158.15,159.1,852,136278.98,28-Aug-2026,31,INE750M01017
HEXAGON,BE,70,70,68.2,68.37,68.99,69.16,107913,7439148.44,28-Aug-2026,632,INE0JUI01012
HEXT,EQ,565.5,565.85,552.2,555.7,553.2,556.6,188517,105615174.90,28-Aug-2026,14813,INE093A01041
HFCL,EQ,246.4,255.1,245.55,251.47,252.2,245.84,17035686,4270869036.68,28-Aug-2026,101581,INE548A01028
HIGREEN,SM,125.85,127,125.85,127,127,123,6400,807760.00,28-Aug-2026,7,INE0PIC01017
HITECH,EQ,78.12,82.73,78.12,82.05,82.02,77.93,1162242,94011602.61,28-Aug-2026,8392,INE106T01025
HILINFRA,EQ,45.12,46.1,44.5,45.52,46.1,45.29,81065,3677466.85,28-Aug-2026,1388,INE00RL01028
HIKAL,EQ,204.85,206.89,202.23,204.23,204.15,204.63,139273,28427123.08,28-Aug-2026,3213,INE475B01022
HILTON,EQ,19.98,19.98,19.02,19.37,19.35,19.51,68962,1334583.51,28-Aug-2026,336,INE788H01017
HSCL,EQ,677.15,683.8,667.65,672.95,675.9,674.35,8440567,5692797935.60,28-Aug-2026,65459,INE019C01026
HIMATSEIDE,EQ,72.25,72.25,70.66,71.31,71.45,71.83,284820,20287643.52,28-Aug-2026,2380,INE049A01027
HINDALUMI,EQ,97.51,100,97.51,99.76,100,97.99,895,88767.57,28-Aug-2026,36,INE227B01019
HINDALCO,EQ,1030,1037.4,1025.95,1037.4,1037.4,1024,1687987,1741133045.15,28-Aug-2026,44004,INE038A01020
HINDCON,EQ,23.9,23.9,22.25,22.89,22.99,22.6,23694,541665.24,28-Aug-2026,172,INE642Y01029
HPIL,EQ,124.9,127.39,123.25,125.08,125.2,123.81,2501,312920.86,28-Aug-2026,69,INE05X901010
HGS,EQ,406.9,406.9,398.6,402.55,404,402.55,11089,4459938.45,28-Aug-2026,652,INE170I01016
HINDADH,EQ,352.7,355.4,344,349.05,348,350.4,1895,663563.65,28-Aug-2026,127,INE074C01013
HAL,EQ,4884.1,4890,4816,4861.1,4861.1,4899,484334,2348630947.90,28-Aug-2026,35812,INE066F01020
HINDCOMPOS,EQ,410.35,413,406,408.35,406.5,409.45,4130,1687342.80,28-Aug-2026,270,INE310C01029
HCC,EQ,25.25,25.59,24.5,24.64,24.69,25.1,41624710,1038297306.03,28-Aug-2026,44159,INE549A01026
HINDCOPPER,EQ,539,543,530,533.55,532.95,536.3,10119066,5397779859.40,28-Aug-2026,112591,INE531E01026
HNDFDS,EQ,635,639.75,631,634.45,636,635.55,26448,16815102.40,28-Aug-2026,2470,INE254N01026
HMVL,BE,87,89.79,85.16,88.69,88.58,87.9,3282,286803.60,28-Aug-2026,54,INE871K01015
HINDOILEXP,EQ,164.05,164.05,160.53,162.66,162,163.43,262249,42586200.78,28-Aug-2026,3994,INE345A01011
HINDPETRO,EQ,370,370.9,363.85,364,364,371,3150636,1153457356.80,28-Aug-2026,35545,INE094A01015
HINDUNILVR,EQ,2018,2018,1997.5,2010.4,2010.4,2009,933212,1869568230.80,28-Aug-2026,43909,INE030A01027
HINDZINC,EQ,615.7,624.35,607.8,622,622,610.1,6227595,3839933737.70,28-Aug-2026,66474,INE267A01025
HINDWAREAP,EQ,191.94,195.59,191.25,191.61,192.2,190.84,46887,9032253.06,28-Aug-2026,1690,INE05AN01011
HIRECT,EQ,1230,1247,1218.8,1237.8,1236.3,1223,27665,34033935.90,28-Aug-2026,2772,INE835D01023
HISARMETAL,EQ,148,159.9,148,155.96,156,149.23,4146,642176.88,28-Aug-2026,120,INE598C01011
POWERINDIA,EQ,33840,33840,33235,33330,33330,33880,32688,1093456605.00,28-Aug-2026,12225,INE07Y701011
HITECHCORP,BE,336,338.95,333,333,336.45,336.3,9642,3220194.15,28-Aug-2026,73,INE120D01012
HLEGLAS,EQ,316,316,312.2,313.3,314,314.85,39351,12335399.00,28-Aug-2026,1368,INE461D01028
HLVLTD,EQ,6.66,6.66,6.48,6.53,6.48,6.63,180001,1182789.37,28-Aug-2026,592,INE102A01024
HMAAGRO,EQ,21.07,21.22,20.72,20.97,21,20.9,1054199,22089697.52,28-Aug-2026,2237,INE0ECP01024
HMT,BZ,64.38,65.39,61.4,61.82,62.95,64.53,22881,1435992.05,28-Aug-2026,203,INE262A01018
HOLMARC,SM,97,100,97,97.2,97.2,102,3000,294150.00,28-Aug-2026,4,INE0LXA01019
HOMEFIRST,EQ,1200,1205,1188.3,1198.3,1200,1200.2,89891,107771318.00,28-Aug-2026,8301,INE481N01025
HONASA,EQ,483.8,483.8,467.2,470.65,470,484.85,684018,323585240.45,28-Aug-2026,20362,INE0J5401028
HONDAPOWER,EQ,2060.5,2081.7,2050,2058.6,2052,2068.3,2497,5146080.70,28-Aug-2026,360,INE634A01018
HONAUT,EQ,36750,36970,36515,36635,36670,36800,1514,55646645.00,28-Aug-2026,1133,INE671A01010
HORIZONIND,EQ,56.78,58.7,56.6,58.05,57.5,56.78,6908806,399914789.50,28-Aug-2026,26446,INE685T01010
HDIL,BZ,1.51,1.53,1.48,1.5,1.52,1.51,74332,111707.97,28-Aug-2026,166,INE191I01012
HPAL,EQ,34,35.62,34,34.86,35.25,34.63,66287,2320679.67,28-Aug-2026,613,INE0GSL01024
HPTL,SM,331.8,331.8,315,315,315,316,3000,985320.00,28-Aug-2026,5,INE0VA601019
HPL,EQ,309.05,311.95,304.8,308.8,309.5,307.65,69054,21283864.20,28-Aug-2026,2426,INE495S01016
HRHNEXT,SM,26,26,25.95,25.95,25.95,27.3,15000,389400.00,28-Aug-2026,9,INE0R3501012
HSBCGOLD,EQ,138.29,139.65,134.05,137.1,138,136.93,11675,1597781.39,28-Aug-2026,49,INF336L01RX2
HUDCO,EQ,182.5,184.27,181.6,183.23,183,182.63,1015334,186031306.97,28-Aug-2026,23199,INE031A01017
HTMEDIA,EQ,27.6,27.7,26.29,26.78,26.8,27.05,108269,2918482.65,28-Aug-2026,546,INE501G01024
HUBTOWN,EQ,184.8,188.72,183.23,186.09,186.9,184.71,192831,35769482.50,28-Aug-2026,3160,INE703H01016
HUHTAMAKI,EQ,260.5,264.9,259.4,262.9,262.95,260.5,97579,25616281.40,28-Aug-2026,3313,INE275B01026
HVAX,SM,642,660,642,660,660,675,900,585600.00,28-Aug-2026,6,INE0TO501019
HYBRIDFIN,BE,16.88,17.4,16.82,17.35,17.35,16.82,489,8405.16,28-Aug-2026,20,INE965B01022
HYUNDAI,EQ,2248.7,2279,2240.3,2267,2267,2253,855357,1937849999.80,28-Aug-2026,68318,INE0V6F01027
IGPL,EQ,524.9,536,522.4,532.4,533.4,521.95,98498,52322561.95,28-Aug-2026,4573,INE204A01010
ISTLTD,EQ,670,678,650.1,676.4,677,668.9,360,241730.40,28-Aug-2026,54,INE684B01029
IBLFL,SM,61,61,61,61,61,61,2000,122000.00,28-Aug-2026,1,INE0O7401018
ICELCO,SM,132.5,132.5,125.8,128,128,127.05,58800,7508100.00,28-Aug-2026,37,INE0XE501015
ICDSLTD,EQ,41.63,45.5,40.05,41.44,40.05,41.63,1467,63732.72,28-Aug-2026,54,INE613B01010
ICEMAKE,EQ,747.65,749,730.2,742.55,742,747.65,8314,6133045.65,28-Aug-2026,775,INE520Y01019
ICICIBANK,EQ,1435,1439.8,1418.9,1422.8,1422.8,1443,8625738,12314180817.70,28-Aug-2026,87869,INE090A01021
ICICIGI,EQ,1588.1,1589,1550.1,1562,1562,1588.1,859511,1343251482.60,28-Aug-2026,53811,INE765G01017
LOWVOLIETF,EQ,22.57,22.57,22.09,22.26,22.21,22.32,949638,21140054.45,28-Aug-2026,1079,INF109KC19U5
ICICIPRULI,EQ,510.25,510.4,502.45,506,506,510,1603027,812007642.30,28-Aug-2026,26860,INE726G01019
MIDSELIETF,EQ,19.65,20.28,19.65,20.13,20.21,20.16,110058,2218164.01,28-Aug-2026,512,INF109KC10W0
NIF100IETF,EQ,29.07,29.07,28.2,28.22,28.2,28.37,45727,1291308.27,28-Aug-2026,788,INF109KC16V9
NIFTYIETF,EQ,273.65,274.84,273.41,274.23,274.35,274.23,825870,226367591.57,28-Aug-2026,7036,INF109K012R6
SENSEXIETF,EQ,889.27,894.95,884.37,886.26,886.15,890.05,5306,4710926.57,28-Aug-2026,310,INF346A01034
ICICIAMC,EQ,3114.8,3179.3,3088.6,3139.6,3140,3093.6,755036,2377557399.70,28-Aug-2026,54766,INE346A01027
GOLDIETF,EQ,138,138,133.78,135.62,135.69,134.64,5602015,757001822.84,28-Aug-2026,20379,INF109KC1NT3
NV20IETF,EQ,13.59,13.64,13.5,13.62,13.64,13.58,278965,3793137.24,28-Aug-2026,1560,INF109KC11V0
ICICIB22,EQ,115,115,114.28,114.41,114.5,114.52,211427,24194033.70,28-Aug-2026,2433,INF109KB15Y7
CASHIETF,EQ,1079.75,1079.75,1077.44,1077.45,1077.46,1077.01,115599,124552802.67,28-Aug-2026,95,INF109K1A021
EVIETF,EQ,33.57,34.24,33.38,33.67,33.69,33.51,137730,4623155.84,28-Aug-2026,541,INF109K1A153
BSE500IETF,EQ,39.69,40.01,39.55,39.85,39.89,39.69,53181,2119367.87,28-Aug-2026,536,INF109KC1V59
GSEC5IETF,EQ,66.7,66.7,66.15,66.2,66.15,66.8,1275,84643.15,28-Aug-2026,25,INF109KC14A8
ALPL30IETF,EQ,28.05,28.21,27.92,27.96,27.94,28.04,337375,9438855.94,28-Aug-2026,928,INF109KC17V7
AUTOIETF,EQ,30.29,30.29,29.77,29.92,29.97,29.99,449966,13461931.01,28-Aug-2026,1919,INF109KC10V2
PVTBANIETF,EQ,28.12,28.15,27.95,28.02,28.01,28.12,1078205,30216649.82,28-Aug-2026,1146,INF109KC18U7
COMMOIETF,EQ,100.36,100.36,99.36,99.82,99.67,100.2,40558,4041686.27,28-Aug-2026,1018,INF109KC19O8
CONSUMIETF,EQ,123.61,124,122.97,123.2,123,124.16,6108,752783.25,28-Aug-2026,219,INF109KC1V42
FMCGIETF,EQ,50.8,50.8,50.21,50.34,50.48,50.61,1623851,81841039.06,28-Aug-2026,5951,INF109KC19V3
INFRAIETF,EQ,95.31,95.49,94.61,94.79,95.3,95.3,1646089,156176992.46,28-Aug-2026,4307,INF109KC16E5
LIQUIDIETF,EQ,1000.01,1000.01,999.99,999.99,1000,999.99,483882,483881923.01,28-Aug-2026,201,INF109KC1KT9
MIDCAPIETF,EQ,24.48,24.48,24.27,24.34,24.33,24.31,568797,13849543.96,28-Aug-2026,1676,INF109KC11W8
MOM30IETF,EQ,32.09,32.09,31.89,31.96,32,31.94,420731,13454216.52,28-Aug-2026,1346,INF109KC17C7
NEXT50IETF,EQ,78.57,78.87,78.11,78.25,78.5,78.56,338904,26542337.09,28-Aug-2026,4245,INF109KC1NS5
HEALTHIETF,EQ,173.2,173.2,171.28,172.18,171.78,171.49,97956,16843549.13,28-Aug-2026,1455,INF109KC1Q72
QUAL30IETF,EQ,21.79,21.79,21.27,21.34,21.27,21.26,141510,3022114.12,28-Aug-2026,172,INF109KC18V5
SILVERIETF,EQ,235.01,241.78,235.01,240.53,240.66,236.3,3174454,758661931.73,28-Aug-2026,15272,INF109KC1Y56
ITIETF,EQ,33.81,34.8,33.81,34.65,34.61,33.72,917093,31691704.91,28-Aug-2026,1475,INF109KC16I6
INSUREIETF,EQ,15.4,16.06,15.27,15.35,15.28,15.49,3357020,51591273.55,28-Aug-2026,316,INF109K1A567
BANKIETF,EQ,59.36,59.36,58.91,59.13,59.19,59.24,862614,51057123.15,28-Aug-2026,1134,INF109KC15I8
METALIETF,EQ,13.82,13.82,13.48,13.56,13.6,13.49,4020960,54485978.28,28-Aug-2026,7765,INF109KC19W1
OILIETF,EQ,11.29,11.29,11.21,11.23,11.24,11.26,974836,10957557.66,28-Aug-2026,2282,INF109KC18W3
PSUBNKIETF,EQ,87.14,87.35,86.71,87.17,86.71,87.09,70989,6183943.24,28-Aug-2026,589,INF109KC10S8
SMALLIETF,EQ,18.56,18.62,18.43,18.58,18.62,18.51,79846,1481470.85,28-Aug-2026,149,INF109K1A476
TOP15IETF,EQ,9.89,9.98,9.88,9.94,9.95,9.91,281362,2785674.57,28-Aug-2026,215,INF109K1A344
VAL30IETF,EQ,15.23,15.23,15.13,15.16,15.19,15.21,106794,1619021.92,28-Aug-2026,617,INF109KC16X5
FINIETF,EQ,33.45,33.45,33.19,33.26,33.39,33.44,160164,5329988.44,28-Aug-2026,1194,INF109KC17L8
ICRA,EQ,4813,4949.9,4793.1,4912.8,4903.4,4832.5,33309,162853975.50,28-Aug-2026,6286,INE725G01011
IDBI,EQ,92.29,93.8,91.55,92.66,92.7,92.24,10401965,964178938.46,28-Aug-2026,37615,INE008A01015
IDEAFORGE,EQ,811.9,827.9,796.2,807.65,813,805,369510,299842437.65,28-Aug-2026,15431,INE349Y01013
IDENTICAL,SM,17.05,19.25,17.05,18.95,18.95,17,10000,182200.00,28-Aug-2026,5,INE0TD101011
IDFCFIRSTB,EQ,83.79,84.23,82.95,83.12,83.12,83.8,14247602,1188291105.47,28-Aug-2026,52105,INE092T01019
IFBAGRO,EQ,950.5,950.5,915,919.8,925,946.15,16694,15439935.55,28-Aug-2026,804,INE076C01018
IFBIND,EQ,1354.3,1358.3,1328.3,1336.8,1337,1351.6,21273,28482199.90,28-Aug-2026,3241,INE559A01017
IFCI,EQ,84.27,92.45,83.57,89.96,90.2,84.27,139340453,12446613321.01,28-Aug-2026,325702,INE039A01010
IFGLEXPOR,EQ,210.98,219,210.91,215.47,215.9,212.96,20333,4364552.18,28-Aug-2026,882,INE133Y01011
1225IFL27,N0,6259.2,6259.95,6259.2,6259.95,6259.95,6100,17,106417.65,28-Aug-2026,9,INE01XO07017
IGARASHI,EQ,422.15,428.4,420.8,427.1,428.4,420.8,24661,10498098.05,28-Aug-2026,1028,INE188B01013
1025IIFL30,Y3,1016.1,1016.1,1016.1,1016.1,1016.1,1030,1,1016.10,28-Aug-2026,1,INE530B07492
852IIFL29,Y5,992,992,991,991,991,992,397,393527.00,28-Aug-2026,4,INE530B07591
IIFLCAPS,EQ,334.4,335.35,333.1,333.2,333.1,334.4,132914,44344019.05,28-Aug-2026,6666,INE489L01022
IIFL,EQ,633.65,667.35,615,659.25,658,635.65,1785071,1163327305.20,28-Aug-2026,39408,INE530B01024
IIFL06326,YC,1000,1000,1000,1000,1000,1000,2378,2378000.00,28-Aug-2026,1,INE530B07641
IIFL060326,YA,1020,1020,1020,1020,1020,1010,35,35700.00,28-Aug-2026,2,INE530B07583
IKIO,EQ,186.14,217.7,186.14,213.72,215.2,186.14,6393359,1357430087.41,28-Aug-2026,68918,INE0LOJ01019
IL&FSENGG,BZ,36,36,35.01,35.41,35.99,35.55,34647,1235725.13,28-Aug-2026,37,INE369I01014
IVC,EQ,8.56,8.58,8.36,8.49,8.49,8.39,253604,2158391.97,28-Aug-2026,848,INE050B01023
IL&FSTRANS,BZ,2.28,2.33,2.11,2.2,2.2,2.22,43864,99045.64,28-Aug-2026,74,INE975G01012
IMAGICAA,EQ,60.03,62,57.01,58.07,58.2,60.21,14845101,884995130.54,28-Aug-2026,52973,INE172N01012
IMPEXFERRO,BZ,4.3,4.3,4.3,4.3,4.3,4.22,12628,54300.40,28-Aug-2026,14,INE691G01015
INCREDIBLE,EQ,33.9,33.9,32,32.19,32.99,32.85,8155,265168.43,28-Aug-2026,71,INE452L01012
IMPAL,EQ,1107.8,1119.9,1086.5,1097.5,1097,1108.1,1862,2046040.20,28-Aug-2026,246,INE547E01014
INDSWFTLAB,EQ,360,366,355.65,362.92,361,358.04,527926,191061149.77,28-Aug-2026,12528,INE915B01019
INDTERRAIN,EQ,30.12,30.5,29.75,30.02,30,30.11,17734,531915.04,28-Aug-2026,78,INE611L01021
INDBANK,EQ,31.99,31.99,31,31.45,31.31,31.55,23473,737283.59,28-Aug-2026,224,INE841B01017
BAJAJINDEF,EQ,229.5,229.5,225.33,228.49,227.3,228.85,11019,2502216.04,28-Aug-2026,324,INE0O9T01021
INDGN,EQ,567.35,587.15,565.5,578.95,582,567.35,1891693,1097246076.15,28-Aug-2026,85500,INE065X01017
INDIAGLYCO,EQ,1195,1204.5,1168,1178.3,1174,1203.3,229423,271148671.60,28-Aug-2026,16475,INE560A01023
INDNIPPON,EQ,1056.5,1072.9,1056.1,1061.6,1058.2,1062.2,8033,8544836.90,28-Aug-2026,1225,INE092B01025
IPL,EQ,138.1,140.05,138.1,139,139.3,137.79,48826,6789524.68,28-Aug-2026,1388,INE0D6701023
INDIASHLTR,EQ,653.7,653.7,646.1,649.85,650.5,650.3,55916,36310675.50,28-Aug-2026,7659,INE922K01024
ITDC,EQ,664.9,675.6,659.05,662.15,663.75,659.35,63395,42067207.10,28-Aug-2026,5349,INE353K01014
IBULLSLTD,EQ,26.45,26.5,25.82,26.31,26.3,26.11,5773711,150570417.60,28-Aug-2026,10603,INE126M01010
INDIAMART,EQ,1763.9,1774,1752.5,1756.9,1758,1755.4,74123,130442340.10,28-Aug-2026,15035,INE933S01016
INDIANB,EQ,882.2,883.95,872.45,882.4,882.4,884.4,456709,400744278.45,28-Aug-2026,15081,INE562A01011
INDIANCARD,EQ,208.01,214.38,205.22,210.29,210.94,208.03,1179,246539.40,28-Aug-2026,38,INE061A01014
IEML,SM,43,44.35,43,43.6,44,44.1,25500,1113650.00,28-Aug-2026,40,INE0RRU01016
IEX,EQ,122,122.24,121.07,121.8,121.8,122,1550661,188327193.41,28-Aug-2026,25591,INE022Q01020
INDIANHUME,EQ,392,392.1,381.55,386.55,384,390.85,20050,7736590.15,28-Aug-2026,1286,INE323C01030
IMFA,EQ,1377,1399.3,1361.5,1370.7,1375,1367.9,71985,99234044.70,28-Aug-2026,7710,INE919H01018
IOC,EQ,137.57,137.57,136.23,137.1,137.1,137.57,4050844,553713749.55,28-Aug-2026,34602,INE242A01010
IOB,EQ,33,33,32.62,32.81,32.85,32.9,1294744,42460277.05,28-Aug-2026,9391,INE565A01014
IPHL,SM,74.4,76.9,71.6,76.9,76.9,74.35,21600,1610880.00,28-Aug-2026,18,INE0DHF01018
IRCTC,EQ,487.55,489,484.7,485.65,486.4,487.55,581576,282718358.15,28-Aug-2026,32911,INE335Y01020
IRFC,EQ,84.65,84.99,83.65,83.9,83.9,84.65,6872970,579111218.01,28-Aug-2026,47245,INE053F01010
IREDA,EQ,117,117.9,115.77,117.02,117.02,117.4,4510429,526895421.27,28-Aug-2026,38298,INE202E01016
IWP,EQ,35.2,35.65,34,34.03,34,34.95,4697,162515.43,28-Aug-2026,72,INE586E01020
INDIGOPNTS,EQ,1175.5,1176.9,1145,1151.8,1151,1170.2,42514,49100875.30,28-Aug-2026,6696,INE09VQ01012
INDIGRID,IV,174.83,175,174.05,174.19,174.17,174.83,487115,84963723.50,28-Aug-2026,7319,INE219X23014
INDIQUBE,EQ,192.45,193.3,189.31,192.36,192.1,191.06,33833,6493818.05,28-Aug-2026,1502,INE06ST01018
INDOAMIN,BE,120.8,123,118.26,120.59,121.1,120.2,34582,4165485.36,28-Aug-2026,283,INE760F01028
INDOBORAX,EQ,512,512,490,495.1,495.55,503,107301,53311766.55,28-Aug-2026,4776,INE803D01021
ICIL,EQ,425,439.35,420.2,434.95,437,423.4,668975,289384298.15,28-Aug-2026,18759,INE483B01026
INDOFARM,EQ,140.1,140.79,138,138.85,138.41,138.24,61967,8601661.17,28-Aug-2026,1517,INE622H01018
INDORAMA,EQ,64.89,64.89,61.81,63.65,63.85,63.87,451194,28560015.05,28-Aug-2026,4218,INE156A01020
INDOTECH,EQ,3728,3795.1,3725,3757.1,3751.1,3712.2,10275,38689913.10,28-Aug-2026,1443,INE332H01014
INDOTHAI,EQ,46.18,46.18,46.18,46.18,46.18,48.61,276690,12777544.20,28-Aug-2026,1006,INE337M01021
INDOUS,EQ,83.22,83.75,79,80.91,80.99,80.79,68690,5559098.01,28-Aug-2026,211,INE250Z01010
INDOMIM,EQ,881.7,892,864.45,868.05,869,877.5,1086896,951162977.10,28-Aug-2026,35935,INE084101034
NIPPOBATRY,EQ,327.35,332.95,325,326.35,325,327.35,1312,427349.30,28-Aug-2026,57,INE567A01028
INDOCO,EQ,242.53,253.7,239.34,248.8,248,242.53,256307,63579059.44,28-Aug-2026,6061,INE873D01024
IGCL,EQ,72,72.11,71.5,71.84,71.51,72.24,32425,2327181.73,28-Aug-2026,416,INE05J901018
INDOKEM,EQ,611,634.95,608,617.85,626.1,610.85,1353,838162.70,28-Aug-2026,217,INE716F01012
WAAREEINDO,EQ,273.45,282.95,269.2,276.25,275.7,272.9,107996,29783613.30,28-Aug-2026,2283,INE866K01023
INDOSTAR,EQ,253.35,260,252.6,258.85,258,255.05,82794,21173849.70,28-Aug-2026,1437,INE896L01010
INDOWIND,EQ,9.15,9.35,9.1,9.16,9.19,9.21,71572,660657.82,28-Aug-2026,379,INE227G01018
IGL,EQ,147.45,148.66,147.21,147.61,147.36,147.17,2537531,374920303.86,28-Aug-2026,15918,INE203G01027
INDRAMEDCO,EQ,369.5,372.55,366.1,368.05,369.65,369.3,118497,43673799.05,28-Aug-2026,7837,INE681B01017
INDUSINVIT,IV,135.08,135.08,133.65,133.9,134,134.28,70576,9461574.37,28-Aug-2026,6487,INE0NHL23019
INDUSTOWER,EQ,379.95,385.7,378.75,380,380,379.95,1536497,587624472.10,28-Aug-2026,33128,INE121J01017
INDUSINDBK,EQ,997,1000.6,987.3,994,994,1002.9,1026834,1018955659.30,28-Aug-2026,55158,INE095A01012
INDPRUD,EQ,6270,6389.5,6225,6302.5,6389.5,6200,26,163699.50,28-Aug-2026,14,INE620D01011
IITL,EQ,160,164.46,152.73,156.53,154.1,159.91,114182,18313009.77,28-Aug-2026,1884,INE886A01014
INFINIUM,SM,260,272,260,271.2,271,264,25500,6743550.00,28-Aug-2026,29,INE0MRE01011
INFLUX,SM,302.9,304,299.85,302.75,304,300.15,22800,6864840.00,28-Aug-2026,35,INE0MYZ01012
NAUKRI,EQ,1339,1369.4,1339,1354,1354,1330,1808851,2452715886.60,28-Aug-2026,75476,INE663F01032
INFOBEAN,EQ,155.01,183,155.01,165.67,167,154.65,8786919,1520255560.19,28-Aug-2026,72280,INE344S01016
INFOLLION,SM,159,159.8,156,156,156,159.9,4000,629360.00,28-Aug-2026,10,INE0NNZ01013
INFOMEDIA,EQ,5.21,5.35,5.09,5.33,5.33,5.11,110,563.46,28-Aug-2026,11,INE669A01022
INFY,EQ,1123.6,1145,1123.3,1144,1144,1110.8,9621969,10963088036.20,28-Aug-2026,147819,INE009A01021
INGERRAND,EQ,4609,4899,4609,4860.2,4871.1,4609.4,123159,591528358.40,28-Aug-2026,22921,INE177A01018
INNOMET,ST,255.95,255.95,255.95,255.95,255.95,250.95,6000,1535700.00,28-Aug-2026,7,INE0S1D01010
INNOVACAP,EQ,1021.55,1060,1016.2,1055.1,1057,1021.55,41828,43844394.95,28-Aug-2026,6125,INE0DUT01020
INNOVANA,EQ,316.5,316.5,300,306.75,306.2,313.6,2852,870056.45,28-Aug-2026,93,INE403Y01018
ITTL,ST,64.2,64.2,64.2,64.2,64.2,64.2,105,6741.00,28-Aug-2026,1,INE070Y01023
INNOVISION,EQ,249.3,254.75,246.2,247.25,246.85,251.4,16674,4154230.40,28-Aug-2026,1178,INE0ADB01012
INOXGREEN,EQ,172.18,177.4,168,174.26,175.7,172.18,1571341,271113812.03,28-Aug-2026,9526,INE510W01014
INOXINDIA,EQ,2175,2267.9,2115.2,2126.2,2118,2177.9,733868,1590385437.50,28-Aug-2026,56284,INE616N01034
INOXWIND,EQ,72,72.48,71.27,71.79,71.79,72,7058151,505649683.00,28-Aug-2026,28457,INE066P01011
INSECTICID,EQ,568.1,608.1,566.3,598.5,601.35,567.1,125263,74283074.25,28-Aug-2026,6790,INE070I01018
INA,EQ,90.7,92.97,90.7,92.58,92.77,90.55,217012,19980507.45,28-Aug-2026,2812,INE0LGX01024
INSPIRE,SM,8.15,8.15,8.15,8.15,8.15,8.15,2000,16300.00,28-Aug-2026,1,INE0NDX01019
INSPIRISYS,BE,90,92.77,88,92.77,92.77,88.36,3128,286018.09,28-Aug-2026,31,INE020G01017
ESSENTIA,EQ,1.05,1.08,1.03,1.08,1.08,1.03,1512552,1621955.58,28-Aug-2026,372,INE418N01035
IPSL,SM,183.55,215.6,183.5,215.6,215.6,216,3000,604100.00,28-Aug-2026,5,INE02EE01019
INTEGRITY,ST,161,167.7,161,167.7,167.7,159.75,4800,792480.00,28-Aug-2026,4,INE0YSH01017
INTELLECT,EQ,677,689.6,677,679.7,679.9,678.3,395222,269169805.90,28-Aug-2026,21044,INE306R01017
INTENTECH,EQ,82.98,84.5,82.02,83.62,83.25,82.05,10882,903446.40,28-Aug-2026,225,INE781A01025
INTERARCH,EQ,1719.4,1746,1690,1701.4,1695,1685.6,88375,151155439.60,28-Aug-2026,9040,INE00M901018
INDIGO,EQ,5199,5200.5,5137.5,5166,5166,5189,257496,1330254274.50,28-Aug-2026,24501,INE646L01027
INM,SM,156,156,156,156,156,158.1,600,93600.00,28-Aug-2026,1,INE0OPC01015
INTLCONV,EQ,76.98,82,76.51,80.31,80.79,76.92,300014,24223527.23,28-Aug-2026,6510,INE575C01027
IGIL,EQ,341.15,346.8,337.45,338.95,339.4,343.55,277869,94827963.65,28-Aug-2026,11452,INE0Q9301021
ISFT,EQ,93.36,99.15,93.21,94.11,93.51,95.17,123205,11690909.91,28-Aug-2026,946,INE566K01011
INVENTURE,EQ,0.97,0.98,0.94,0.96,0.96,0.97,936470,899727.43,28-Aug-2026,432,INE878H01024
IKS,EQ,1743,1778,1740.5,1762,1756.3,1750.6,110044,194280168.20,28-Aug-2026,14012,INE115Q01022
IVZINGOLD,EQ,138.1,138.45,135.8,138.1,138,136.75,22801,3121275.15,28-Aug-2026,445,INF205KA1BP1
IVZINNIFTY,EQ,270.08,277.97,270.08,276.86,276.53,277.01,243,67410.80,28-Aug-2026,32,INF205KA1CC7
INVPRECQ,BE,1305,1305,1288,1290,1290,1285,977,1263546.00,28-Aug-2026,28,INE155E01016
IOLCP,EQ,193.89,197,190.1,194.95,193.9,193.07,4410316,855325457.33,28-Aug-2026,35484,INE485C01029
IONEXCHANG,EQ,377,379.15,371,371.45,371.15,376,116406,43599594.90,28-Aug-2026,6924,INE570A01022
IPRINGLTD,EQ,146.9,146.9,140,145,145,138.64,1192,170244.26,28-Aug-2026,44,INE558A01019
IPCALAB,EQ,1951,1977.3,1929.8,1950.3,1953.7,1959.8,276397,537936243.00,28-Aug-2026,25707,INE571A01038
IRB,EQ,19.25,19.41,19.04,19.07,19.08,19.32,5016562,96373624.12,28-Aug-2026,14168,INE821I01022
IRBINVIT,IV,63.67,64.35,63.25,64.19,64.3,63.67,192321,12279305.70,28-Aug-2026,3306,INE183W23014
IRCON,EQ,123.3,123.89,122.2,122.4,123,123.04,834876,102711945.35,28-Aug-2026,11487,INE962Y01021
880IREDA29,N5,1115,1120,1112,1118,1118,1118.25,349,389373.25,28-Aug-2026,8,INE202E07138
IRISDOREME,EQ,58.37,59.09,58.11,58.7,58.9,57.93,415448,24358030.35,28-Aug-2026,3442,INE01GN01025
IRIS,EQ,240,253,235.68,250.72,250,235.68,25805,6340340.46,28-Aug-2026,882,INE864K01010
IRMENERGY,EQ,282.5,289,281.1,283.35,283.3,283.1,72208,20509792.95,28-Aug-2026,2518,INE07U701015
925ISF28,N0,9780,9824.05,9780,9824.05,9824.05,9800,98,960738.25,28-Aug-2026,7,INE413U07442
925ISF29,N0,9851,9851,9850.95,9850.95,9850.95,9901,11,108360.65,28-Aug-2026,2,INE413U07467
950ISF27C,N0,9918,9918,9918,9918,9918,9915,5,49590.00,28-Aug-2026,1,INE413U07426
965ISF28,N0,100000,100000,100000,100000,100000,100000.2,1,100000.00,28-Aug-2026,1,INE413U07434
ISGEC,EQ,775,791,774.6,789.05,788,780.4,41044,32188265.85,28-Aug-2026,3685,INE858B01029
ISHANCH,EQ,44.46,45,43.4,44.82,44.5,44,23463,1036028.24,28-Aug-2026,400,INE561M01018
ISHAN,SM,0.55,0.55,0.55,0.55,0.55,0.55,48000,26400.00,28-Aug-2026,1,INE0LCW01025
ITALIANE,SM,36.1,36.1,34.7,34.85,35,34.4,34000,1221800.00,28-Aug-2026,15,INE0R7R01018
ITCHOTELS,EQ,164.16,164.95,161.95,162.73,163.35,164.16,1319791,215240139.02,28-Aug-2026,20369,INE379A01028
ITC,EQ,269,269,264.8,266,266,269,15200847,4042397933.70,28-Aug-2026,204924,INE154A01025
ITI,EQ,275.95,279.55,274.6,275.5,276,275.2,176937,49019727.95,28-Aug-2026,4473,INE248A01017
ITL,EQ,360,377,360,368.4,368.4,367.2,2845,1056317.85,28-Aug-2026,70,INE478D01014
IVALUE,EQ,273.1,274.65,258.35,264.65,265,274.75,279869,74222643.90,28-Aug-2026,7126,INE056801025
IVP,BE,192.1,193,189.8,191.37,191.07,191.77,7289,1396451.82,28-Aug-2026,73,INE043C01018
IWARE,ST,445,445,430,430.55,430,445,8400,3641490.00,28-Aug-2026,14,INE1AII01014
IZMO,EQ,834,880.8,827.65,848.45,850,829.6,71967,61202059.45,28-Aug-2026,5524,INE848A01014
J&KBANK,EQ,151.93,152.39,149,150.01,150,152.17,884757,132814902.05,28-Aug-2026,14043,INE168A01041
JGCHEM,EQ,589.9,675,586.45,651.3,658,585.5,5912922,3878595436.95,28-Aug-2026,149333,INE0MB501011
JAGRAN,EQ,61.8,62.02,61.2,61.3,61.25,61.68,132770,8167905.28,28-Aug-2026,2040,INE199G01027
JAGSNPHARM,EQ,237.76,242.86,236.17,239.06,240.86,236.99,92231,22111264.05,28-Aug-2026,3024,INE048B01035
JAIBALAJI,EQ,70.3,70.81,68.45,69.23,69.9,70.16,986503,68582555.16,28-Aug-2026,3886,INE091G01026
JAICORPLTD,EQ,100.91,101,99.66,100.32,100.33,100.1,200251,20084155.46,28-Aug-2026,2572,INE070D01027
JISLDVREQS,EQ,20.95,21.7,20.89,21.22,21,21.13,7484,159253.51,28-Aug-2026,70,IN9175A01010
JISLJALEQS,EQ,29.5,29.98,28.5,28.7,28.89,29.69,2217553,64536172.61,28-Aug-2026,6733,INE175A01038
JAINREC,EQ,285.1,293.35,285.1,287.95,287.9,285.05,811696,234544443.65,28-Aug-2026,16108,INE0YD401026
JAINIK,SM,198.25,209.75,188.35,209.75,209.75,205,12000,2377620.00,28-Aug-2026,10,INE0XIL01012
JPPOWER,EQ,16.94,16.98,16.76,16.82,16.81,16.92,19545803,329083902.19,28-Aug-2026,90341,INE351F01018
JAMNAAUTO,EQ,119.88,122.72,119.88,120.8,121.16,119.88,886484,107497213.07,28-Aug-2026,9941,INE039C01032
JSFB,EQ,547,551.25,539.2,541,543,544.55,301768,164022859.40,28-Aug-2026,9207,INE953L01027
JARO,EQ,465.9,477.75,464.2,470.05,472.95,463.15,93456,44063581.50,28-Aug-2026,3720,INE00YJ01010
JASH,EQ,488,488,477.1,478.3,478.9,484.65,44964,21568575.70,28-Aug-2026,3210,INE039O01029
JAYBEE,SM,85.45,89,83.9,85.45,85.95,83.75,27500,2372425.00,28-Aug-2026,45,INE0SMY01017
JAYBARMARU,EQ,124.99,128.7,123.21,128.35,127,122.58,283574,35896233.96,28-Aug-2026,2518,INE571B01036
KORE,SM,105.25,116.3,104,108,105,105.75,47750,5357762.50,28-Aug-2026,115,INE0J6801010
JAYAGROGN,EQ,223.11,227.58,222.32,223.14,224.78,222.07,3465,776636.06,28-Aug-2026,233,INE785A01026
JAYNECOIND,EQ,101.09,102.1,97.31,99.1,99,101.09,4064048,403549023.52,28-Aug-2026,27350,INE854B01010
JAYESH,SM,135,144,133.1,142.35,140,135.5,258000,36267400.00,28-Aug-2026,76,INE1AE401014
JAYKAY,EQ,151.22,156.8,149,154.11,154.95,169.62,781470,119748428.11,28-Aug-2026,11518,INE903A01025
JAYSREETEA,EQ,100.05,101.8,98.15,98.84,98.98,100.1,56082,5609193.03,28-Aug-2026,816,INE364A01020
JBMA,EQ,645.9,650.7,640.1,641.55,641.5,645.25,132197,85099196.20,28-Aug-2026,7652,INE927D01051
JSLL,EQ,505,515,502.6,512.5,511.2,501.9,361458,183913258.40,28-Aug-2026,10068,INE0J5801029
JENBURPH,EQ,1031,1055,1030.1,1048,1053,1032.8,501,524437.70,28-Aug-2026,58,INE354A01013
JETFREIGHT,EQ,22.55,22.82,22.2,22.39,22.57,22.85,102690,2313000.15,28-Aug-2026,346,INE982V01025
JEYYAM,ST,22.75,23.5,22.75,22.8,22.8,22.8,104000,2389400.00,28-Aug-2026,18,INE0RXB01022
JHS,EQ,8.95,9.3,8.24,8.29,8.3,8.95,129946,1105782.36,28-Aug-2026,500,INE544H01014
RETAIL,EQ,17.01,18.5,17,17.64,17.2,17.11,1474,26571.97,28-Aug-2026,42,INE03DD01011
JPOLYINVST,EQ,968,1030,968,1025,1027.1,966.1,21055,21235005.30,28-Aug-2026,1610,INE147P01019
JINDRILL,EQ,630.9,635.5,625.55,628.2,630,630.55,106924,67425315.45,28-Aug-2026,4968,INE742C01031
JINDALPHOT,EQ,1020.4,1055.8,1012.1,1026.6,1048,1041,4737,4849754.20,28-Aug-2026,346,INE796G01012
JINDALPOLY,EQ,637.55,642,632.85,635.85,635,637.55,5335,3399166.40,28-Aug-2026,410,INE197D01010
JINDALSAW,EQ,310.25,311.2,305.05,308.6,309,310.25,1154109,355555443.70,28-Aug-2026,19347,INE324A01032
JSL,EQ,704,707.55,697,705.15,705,705,307596,216497977.00,28-Aug-2026,17519,INE220G01021
JINDALSTEL,EQ,1172.7,1191.9,1170,1179.2,1179.2,1170,652427,768886784.40,28-Aug-2026,24138,INE749A01030
JINDWORLD,EQ,37.01,38.67,37.01,37.86,38,36.83,5772657,218407185.09,28-Aug-2026,13347,INE247D01039
JKIPL,EQ,107.55,109.8,104.26,104.92,104.26,109.12,329849,34768106.08,28-Aug-2026,734,INE1FF001016
JIOFIN,EQ,238.6,240,237.6,238.4,238.4,238.1,7150998,1704698420.75,28-Aug-2026,61321,INE758E01017
NIFTYJBLK,EQ,12.68,12.68,12.36,12.39,12.45,12.38,164738,2040056.00,28-Aug-2026,503,INF22M001184
JITFINFRA,EQ,321.55,325.5,317,318.1,317,321.5,6571,2110789.80,28-Aug-2026,295,INE863T01013
JKCEMENT,EQ,5233.5,5244.5,5132,5168.5,5139,5233.5,26769,138631311.50,28-Aug-2026,6816,INE823G01014
JKLAKSHMI,EQ,544.2,544.4,539,540.85,541.6,544.2,66478,35996256.95,28-Aug-2026,7291,INE786A01032
JKPAPER,EQ,391.45,395.3,389,391.55,390.75,390.4,141274,55431967.40,28-Aug-2026,4961,INE789E01012
JKTYRE,EQ,381.95,382.55,377.6,380.25,379.5,378.75,301864,114629524.45,28-Aug-2026,8279,INE573A01042
JKIL,EQ,506,506.9,497,500.25,502.25,504.25,37156,18599748.95,28-Aug-2026,2307,INE576I01022
JMFINANCIL,EQ,130.87,132.5,128.6,129.29,129.1,130.45,2233306,291176026.30,28-Aug-2026,16847,INE780C01023
JNKINDIA,EQ,440.75,450.1,437.1,447.65,446,444.75,106881,47396260.15,28-Aug-2026,3325,INE0OAF01028
JOCIL,BE,154,154,146.6,152.5,152.5,151.15,2296,345713.60,28-Aug-2026,44,INE839G01010
COCKERILL,EQ,8101.5,8150,8030,8123,8145,8089.5,2613,21147231.00,28-Aug-2026,1216,INE515A01019
JSWCEMENT,EQ,127,127.2,124.7,125.24,125.15,126.55,476253,59650696.30,28-Aug-2026,10156,INE718I01012
JSWDULUX,EQ,3130,3139,3100.3,3110.8,3110,3110.4,6926,21593283.40,28-Aug-2026,2078,INE133A01011
JSWENERGY,EQ,539.8,542,535.3,535.3,535.3,542.1,995262,536266666.50,28-Aug-2026,32579,INE121E01018
JSWHL,EQ,11800,11800,11524,11578,11622,11735,1170,13619131.00,28-Aug-2026,533,INE824G01012
JSWINFRA,EQ,339.5,344.85,337.5,342.95,342,337.95,1428019,488970345.15,28-Aug-2026,29463,INE880J01026
JSWSTEEL,EQ,1335.2,1344,1320.4,1334.9,1334.9,1337.5,1403899,1864667683.30,28-Aug-2026,33207,INE019A01038
JTEKTINDIA,EQ,126.18,126.99,125,126.38,126.35,126.18,66429,8385523.74,28-Aug-2026,1422,INE643A01035
JTLIND,EQ,83.37,91.01,82.83,89.87,89.6,82.57,18590394,1640218531.42,28-Aug-2026,79438,INE391J01032
JUBLCPL,EQ,2118.7,2166.4,2102,2140.4,2150,2122.9,2075,4426466.90,28-Aug-2026,396,INE03CC01015
JUBLFOOD,EQ,502.25,502.7,490.05,490.45,490.45,504,1153110,570814904.80,28-Aug-2026,24513,INE797F01020
JUBLINGREA,EQ,691,698,681,683.5,684.05,691.1,142239,97922453.60,28-Aug-2026,8209,INE0BY001018
JUBLPHARMA,EQ,880,895,871.1,882.65,881.95,878.7,124044,109775464.95,28-Aug-2026,12474,INE700A01033
JMA,EQ,93.04,103.7,92,95.09,95,93.04,198237,19500253.75,28-Aug-2026,1600,INE412C01023
JNPR,EQ,254.51,259,246.57,258.23,258.5,254.32,1228144,310629189.44,28-Aug-2026,20405,INE05C901015
JUNIPER,EQ,216.05,217.9,213.45,214.59,215.42,216.05,163439,35168560.36,28-Aug-2026,3812,INE696F01016
JLHL,EQ,309,312.95,295,301.4,300,307.45,111623,33660409.00,28-Aug-2026,4197,INE682M01020
JWL,EQ,246.9,247.7,244.5,245.1,245.5,247,606055,149049369.00,28-Aug-2026,11953,INE209L01016
JUSTDIAL,EQ,655,704.55,653.35,704.55,704.55,640.5,739937,517527462.00,28-Aug-2026,9281,INE599M01018
JYOTHYLAB,EQ,209.52,210.05,206.1,207.4,206.1,209.52,323793,67542462.62,28-Aug-2026,8243,INE668F01031
JYOTICNC,EQ,1029.8,1048,1014.55,1039.4,1033.4,1029.8,873856,905595950.70,28-Aug-2026,45284,INE980O01024
JYOTIGLOBL,SM,37.05,37.4,37,37.3,37.25,38.2,12000,445900.00,28-Aug-2026,6,INE1M3T01017
JYOTIRES,EQ,897.15,904.55,873,879.65,883,890.55,5279,4686491.70,28-Aug-2026,547,INE577D01013
JYOTISTRUC,EQ,10.23,10.36,10.06,10.14,10.21,10.19,2945954,30038796.46,28-Aug-2026,2952,INE197A01024
KJMCFIN,EQ,64.6,72.46,64.6,66.97,66.37,69.11,1211,82320.30,28-Aug-2026,42,INE533C01018
KMCSHIL,EQ,138.6,139.58,136.62,138.05,139,138.18,82093,11327964.79,28-Aug-2026,1400,INE879K01018
KMSUGAR,EQ,30.84,32.99,30.66,32.64,32.55,30.61,505957,16216885.32,28-Aug-2026,2158,INE157H01023
KPEL,EQ,244,250.55,242.6,249.45,248.85,244.9,194393,48170179.75,28-Aug-2026,4634,INE127T01021
K2INFRA,ST,50.05,51.7,48.9,50.25,51.7,51.1,31200,1549260.00,28-Aug-2026,48,INE0DEZ01013
KABRAEXTRU,EQ,590,612.15,578.3,603.5,601.7,589.6,278180,166473252.00,28-Aug-2026,10623,INE900B01029
KKJEWELS,SM,97,97.4,96.65,97.4,97.4,98,10000,970750.00,28-Aug-2026,10,INE0XOW01017
KAJARIACER,EQ,1204,1229.9,1202,1215.5,1217,1200.4,91389,111134447.10,28-Aug-2026,6990,INE217B01036
KAKATCEM,EQ,112.8,117,112.8,113.78,113.12,115.39,4787,546401.40,28-Aug-2026,76,INE437B01014
KALANA,SM,23.5,23.5,23.5,23.5,23.5,24.7,2000,47000.00,28-Aug-2026,1,INE0T0L01014
KALPATARU,EQ,275,279.8,274,276.45,276,274.15,54833,15161764.65,28-Aug-2026,861,INE227J01012
KPIL,EQ,1395.9,1404.9,1382,1386.3,1382.5,1391,96391,133947930.10,28-Aug-2026,14253,INE220B01022
KALYANKJIL,EQ,633,635.5,613,615.8,615.8,629.3,7914847,4921500421.70,28-Aug-2026,72981,INE303R01014
KALYANI,BE,144.99,144.99,144.99,144.99,144.99,138.09,250,36247.50,28-Aug-2026,12,INE610E01010
KALYANIFRG,EQ,679.3,784.5,672.05,761.95,745,682.45,14670,10873848.10,28-Aug-2026,836,INE314G01014
KICL,EQ,5223.5,5259.5,5134,5180,5157,5238,1041,5405345.50,28-Aug-2026,199,INE029L01018
KSL,EQ,881.3,932,880.55,888.35,889,881.3,198799,179501842.65,28-Aug-2026,10757,INE907A01026
KAMAHOLD,EQ,2398.4,2400,2370,2374.6,2383,2389.4,4904,11666521.30,28-Aug-2026,711,INE411F01010
KAMANWALA,EQ,16.9,17,16.1,16.93,17,16.52,3706,62289.23,28-Aug-2026,25,INE344D01018
KAMATHOTEL,EQ,237,241.11,227.21,228.3,229.84,236.51,78492,18382046.84,28-Aug-2026,2212,INE967C01018
KAMDHENU,BE,35.8,36.5,35.03,36.17,36,35.63,425421,15258662.00,28-Aug-2026,726,INE390H01020
KAMOPAINTS,EQ,4.63,4.65,4.45,4.5,4.5,4.54,99545,447234.35,28-Aug-2026,441,INE0BTI01037
KANANIIND,EQ,1.45,1.54,1.45,1.52,1.51,1.47,300568,453835.68,28-Aug-2026,203,INE879E01037
KANCHI,EQ,415.5,435,404.2,422.3,424.4,420,4421,1874106.10,28-Aug-2026,140,INE081G01019
KANCOTEA,EQ,57.99,57.99,55.94,55.95,55.95,56.35,283,15835.72,28-Aug-2026,10,INE398L01017
KANDARP,SM,96.15,96.15,95.05,95.05,95.05,96.05,4000,383350.00,28-Aug-2026,4,INE0MOT01016
KANORICHEM,BE,158.5,160.29,155,159.25,160,158.79,9149,1439233.04,28-Aug-2026,93,INE138C01024
KANPRPLA,EQ,271.39,275,261.36,272.32,274.85,268.49,48314,13017537.30,28-Aug-2026,1371,INE694E01014
KANSAINER,EQ,198.44,200.01,194.93,195.77,195.9,198.44,219737,43249891.92,28-Aug-2026,7565,INE531A01024
KAPSTON,EQ,504.7,566.4,504.7,559.2,561,501,242617,129887058.55,28-Aug-2026,6571,INE542Z01028
KARMAENG,EQ,37.51,43.2,37.51,38.84,39.01,38.05,8956,353206.26,28-Aug-2026,251,INE725L01011
KTKBANK,EQ,325,331.35,324.2,330.35,330.75,327.15,1698579,557338852.00,28-Aug-2026,23891,INE614B01018
KARNIKA,SM,113.1,115.6,113.1,115.05,115.05,114.85,32000,3671500.00,28-Aug-2026,29,INE0MGA01012
KARURVYSYA,EQ,346.3,350.85,344.45,346,346,346.3,1302287,452053200.80,28-Aug-2026,34548,INE036D01028
KATARIA,SM,104.5,104.5,104.5,104.5,104.5,103.5,600,62700.00,28-Aug-2026,1,INE0SVY01018
KAUSHALYA,BE,852.6,899,852.6,867.5,867.5,893,99,86750.00,28-Aug-2026,15,INE234I01028
KLL,SM,22,22.3,21.5,21.75,21.95,21.35,5600,122680.00,28-Aug-2026,7,INE0Q2V01012
KSCL,EQ,789.9,789.9,780,786.8,788,785,70765,55588389.30,28-Aug-2026,3395,INE455I01029
KAVDEFENCE,EQ,57.7,58.11,56.73,57.22,57.02,57.83,75324,4311706.03,28-Aug-2026,894,INE641C01019
KAYA,BE,334.25,334.25,318.6,327.35,328,334.25,10118,3294747.45,28-Aug-2026,154,INE587G01015
KAYNES,EQ,4035.1,4053.5,3930.3,3943.1,3943.1,4018.8,673805,2689420615.50,28-Aug-2026,44979,INE918Z01012
KAYTEX,SM,58.9,58.9,56.7,57.4,57.4,56.7,4800,278400.00,28-Aug-2026,6,INE13ZD01013
KCK,ST,14.9,15,14.9,14.9,14.9,14.65,95000,1423125.00,28-Aug-2026,14,INE0J1E01027
KCP,EQ,169.69,173.94,166.35,168.69,166.35,169.51,145640,24785010.03,28-Aug-2026,2520,INE805C01028
KCPSUGIND,BE,31.98,32.95,31.01,32.12,32.05,31.98,90147,2892736.70,28-Aug-2026,363,INE790B01024
KDDL,EQ,3949,3972.4,3921.9,3936.9,3940.2,3947.2,12866,50723691.70,28-Aug-2026,3199,INE291D01011
KEC,EQ,421,427,421,425.8,425.8,421.4,486493,206343871.10,28-Aug-2026,15062,INE389H01022
KEI,EQ,5536,5570,5487.4,5570,5570,5536,316313,1751677833.70,28-Aug-2026,32631,INE878B01027
KELLTONTEC,EQ,14.86,15.7,14.81,15.07,14.9,14.86,18231630,279820823.00,28-Aug-2026,46165,INE164B01030
KEN,SM,40,40.9,39.3,39.3,39.3,39.9,9600,385560.00,28-Aug-2026,8,INE15DO01012
KENNAMET,EQ,4505,4860,4472.5,4580.3,4620,4515.1,97124,451042840.50,28-Aug-2026,20429,INE717A01029
KERNEX,EQ,1805,1828.9,1751,1800,1810,1801.2,227048,404961684.90,28-Aug-2026,16270,INE202H01019
KESORAMIND,BE,11.11,11.3,11.11,11.3,11.3,11.11,223544,2518039.73,28-Aug-2026,224,INE087A01019
KKCL,EQ,501.05,508.3,492.5,507.05,507,498.2,46684,23485376.80,28-Aug-2026,1594,INE401H01017
KEYFINSERV,EQ,255,257.5,252.45,254.2,253.35,255,185,47130.50,28-Aug-2026,13,INE681C01015
RUSTOMJEE,EQ,383.8,383.8,378.1,380.3,381.2,381.8,15764,5989519.65,28-Aug-2026,746,INE263M01029
KFINTECH,EQ,959.65,964.15,942.6,949.95,949.95,957,587920,559358074.25,28-Aug-2026,26064,INE138Y01010
KHADIM,BE,115.85,119.04,112,117.63,116.15,113.38,157548,18478035.95,28-Aug-2026,894,INE834I01025
KHAITANLTD,EQ,145,147,140,142.1,142.2,144.78,2714,385974.52,28-Aug-2026,78,INE731C01018
KHAICHEM,EQ,55.5,56.78,55.37,55.58,55.6,55.52,82431,4601838.42,28-Aug-2026,723,INE745B01028
KHANDSE,EQ,17.81,18.38,16.19,17.05,17.87,17.38,1305,22279.46,28-Aug-2026,66,INE060B01014
KLBRENG-B,EQ,395.2,427,394.8,421,420.9,390.9,605979,251483591.90,28-Aug-2026,11527,INE338F01015
KILITCH,BE,171,173.9,169.1,171.77,172.45,171.33,10073,1724892.32,28-Aug-2026,179,INE729D01010
KINGFA,EQ,5950,5975,5910,5947,5975,5960.5,4643,27595684.50,28-Aug-2026,1338,INE473D01015
KIOCL,EQ,384,389.15,382.35,386.55,388.3,382.8,44120,17024209.45,28-Aug-2026,1836,INE880L01014
KIRANVYPAR,EQ,197,202.58,196,198.24,197.9,200.62,1934,383957.35,28-Aug-2026,47,INE555P01013
KIRIINDUS,EQ,482.5,497,482.5,492.9,491.45,481.1,698220,342738055.95,28-Aug-2026,15336,INE415I01015
KIRLOSBROS,EQ,1909.6,1920.2,1890.5,1914.7,1915,1899.3,33445,63809533.80,28-Aug-2026,3423,INE732A01036
KECL,EQ,129.85,138.95,129.85,134.83,134.7,129.87,263151,35543049.92,28-Aug-2026,3512,INE134B01017
KIRLFER,EQ,447.5,452.05,441.1,449.85,451.4,447.6,24121,10795839.35,28-Aug-2026,1793,INE884B01025
KIRLOSIND,EQ,3710.1,3757.6,3700,3715.1,3711.1,3704.2,1628,6048276.20,28-Aug-2026,314,INE250A01039
KIRLOSENG,EQ,2119.4,2144.4,2090.4,2123.1,2115.2,2100.2,332403,706272771.80,28-Aug-2026,22451,INE146L01010
KIRLPNU,EQ,733,737.9,717.3,723.3,724,731.5,91054,65967014.80,28-Aug-2026,7991,INE811A01038
KITEX,EQ,128.76,130.6,127.05,128.4,128.23,129.86,295487,37872082.51,28-Aug-2026,3874,INE602G01020
KNAGRI,EQ,214.1,220,214.1,219.99,220,214.23,9223,2007426.04,28-Aug-2026,192,INE0KNW01016
KNACK,EQ,192.89,195.97,192.05,192.61,193.38,192.05,341774,66215471.12,28-Aug-2026,3985,INE17QZ01016
KMEW,EQ,2980,3080,2969,3051.9,3052,2969,155002,470534309.60,28-Aug-2026,27147,INE0CJD01029
KRT,RR,113.64,113.64,112.05,113.41,113.39,113.19,1599222,180351130.12,28-Aug-2026,5085,INE1JAR25012
KNRCON,EQ,123,125.67,121.32,124.55,124.01,122.45,2939674,360561730.91,28-Aug-2026,22783,INE634I01029
KODYTECH,ST,1416.15,1422,1385,1419.1,1422,1384.2,9100,12829215.00,28-Aug-2026,41,INE0Q7P01013
KOHINOOR,EQ,34.1,34.95,33.91,34.45,34.1,34.35,172391,5931722.83,28-Aug-2026,1666,INE080B01012
KOKUYOCMLN,EQ,81,81.9,80.02,80.18,80.15,81.21,13438,1080896.44,28-Aug-2026,265,INE760A01029
KOLTEPATIL,EQ,450,452.85,443.5,448.2,446,447.95,46188,20703866.80,28-Aug-2026,2119,INE094I01018
KONSTELEC,ST,57.3,62.25,57.1,62.05,62.05,59.3,58000,3546900.00,28-Aug-2026,46,INE0QEI01011
KONTOR,SM,60,60,56,56,56,57.15,2400,137040.00,28-Aug-2026,4,INE0KZ301010
KOPRAN,BE,193.5,202.35,191,201.76,201,192.72,252164,50702910.30,28-Aug-2026,1361,INE082A01010
KDL,SM,99,104,98,100.3,100.95,97.75,18000,1813380.00,28-Aug-2026,71,INE0O4R01018
GOLD1,EQ,131.33,132.48,130.52,132.21,132.2,131.33,1407154,184986225.45,28-Aug-2026,6827,INF174KA1HJ8
KOTAKBANK,EQ,424.6,426.2,421,423.7,423.7,424.2,18952918,8036634828.20,28-Aug-2026,166948,INE237A01036
NIFTY1,EQ,268.32,268.9,267.16,268.17,268.05,268.32,28107,7534670.44,28-Aug-2026,1436,INF174K014P6
PSUBANK,EQ,87,87,85.66,86.15,86.37,86.08,104999,9036356.37,28-Aug-2026,440,INF174KA1A86
CHEMICAL,EQ,30.66,30.66,30.3,30.39,30.47,30.51,162213,4931272.33,28-Aug-2026,821,INF174KA1XV0
ALPHA,EQ,55.35,55.52,55,55.39,55.5,55.08,785101,43366822.41,28-Aug-2026,2132,INF174KA1IA5
CONS,EQ,12.34,12.34,12.21,12.28,12.32,12.32,23314,286149.88,28-Aug-2026,130,INF174KA1ZF8
IT,EQ,34,34.92,33.68,34.63,34.7,33.68,503340,17386656.37,28-Aug-2026,904,INF174KA1GC5
LIQUID1,EQ,1120.45,1120.47,1120.45,1120.45,1120.46,1120,2787105,3122830597.14,28-Aug-2026,746,INF174KA1LV5
LOWVOL1,EQ,21.34,21.37,21.17,21.29,21.17,21.33,15820,336639.87,28-Aug-2026,173,INF174KA1IY5
MIDCAP,EQ,18.9,18.9,18.75,18.83,18.84,18.81,200209,3773551.60,28-Aug-2026,693,INF174KA1ZC5
MNC,EQ,34.39,34.39,33.9,33.97,34,34.05,31885,1086576.39,28-Aug-2026,336,INF174KA1JF2
SILVER1,EQ,23.4,23.51,22.85,23.42,23.45,22.97,8045756,187046010.00,28-Aug-2026,5957,INF174KA1ZD3
NV20,EQ,13.92,14,13.89,13.96,13.92,13.92,62956,877324.86,28-Aug-2026,156,INF174KA1ZE1
MID150,EQ,23.98,24.24,23.83,23.97,24,23.98,25876,619380.70,28-Aug-2026,175,INF174KA1VW2
MOMENTUM30,EQ,31.48,31.52,31.37,31.48,31.51,31.42,7839,246320.26,28-Aug-2026,53,INF174KA1XS6
MSCIINDIA,EQ,30.03,30.18,30,30.14,30.17,30.03,7823,235401.64,28-Aug-2026,71,INF174KA1VD2
NEXT50ETF,EQ,75.15,75.15,74.31,74.74,75,75.08,9336,696693.27,28-Aug-2026,104,INF174KA1YO3
NIFTY100EW,EQ,35.66,35.66,35.36,35.54,35.6,35.69,18378,653139.38,28-Aug-2026,202,INF174KA1UW4
PVTBANK,EQ,27.94,27.96,27.7,27.77,27.96,27.94,21964,609973.81,28-Aug-2026,16,INF174KA1A94
QUALITY30,EQ,21.02,21.04,20.85,20.96,20.85,20.9,5936,124165.83,28-Aug-2026,30,INF174KA1WT6
BANKNIFTY1,EQ,59.82,60.6,59.53,60,60.04,59.76,1030739,61726923.85,28-Aug-2026,840,INF174KA1ZB7
KOTIC,EQ,149,153.65,149,150.19,150.99,149,9899,1496689.25,28-Aug-2026,276,INE972A01020
KOTHARIPET,EQ,132,133.78,130.86,131.15,130.86,131.52,23331,3077665.92,28-Aug-2026,845,INE720A01015
KOTHARIPRO,EQ,71.8,71.8,67.3,68.24,68.83,68.84,4461,305153.96,28-Aug-2026,69,INE823A01017
KOTARISUG,BE,31.47,32.5,30.51,31.43,31.65,32.11,152443,4753301.28,28-Aug-2026,580,INE419A01022
KOTYARK,BE,35.34,35.6,33.85,34.8,34.8,35.34,159433,5461385.64,28-Aug-2026,415,INE0J0B01017
KOVAI,EQ,6021.5,6094,6014,6032.5,6050,6014,4637,28065776.00,28-Aug-2026,700,INE177F01017
KPIGREEN,EQ,319,319.4,311.55,314.25,315.75,316.65,444520,139502618.20,28-Aug-2026,12910,INE542W01025
KPITTECH,EQ,590,613.45,589.4,609.4,609.4,588,5637989,3420884428.35,28-Aug-2026,75088,INE04I401011
KPRMILL,EQ,1129.4,1138,1100.6,1130.2,1130,1126.5,270993,303338526.20,28-Aug-2026,18721,INE930H01031
KRBL,EQ,431.5,443.85,424,437.65,435.6,433.55,829333,361606884.85,28-Aug-2026,14224,INE001B01026
KREBSBIO,EQ,56.25,62,56.23,59.17,59,56.21,10318,599564.48,28-Aug-2026,139,INE268B01013
KRIDHANINF,BE,2.08,2.08,2,2.04,2.04,2.04,13042,26591.20,28-Aug-2026,25,INE524L01026
KRISHANA,EQ,191.05,194.22,189.57,192.91,191.15,191.92,561202,107798255.34,28-Aug-2026,9603,INE506W01020
KRISHCA,SM,156,159.2,155.5,158.15,157.6,156,25000,3916650.00,28-Aug-2026,24,INE0NR701018
KRISHIVAL,EQ,408.95,411.95,404.35,410.25,411.8,406.5,22511,9210097.75,28-Aug-2026,613,INE0GGO01015
KRISHNADEF,EQ,1033.9,1036,1015.1,1019.8,1021.6,1031,65359,66852825.50,28-Aug-2026,4409,INE0J5601015
KIMS,EQ,772.25,785.6,763.3,771,766.8,768.45,627500,485192725.35,28-Aug-2026,41367,INE967H01025
KRITI,EQ,64.99,64.99,61.99,62.71,63.8,64.08,21987,1385198.82,28-Aug-2026,203,INE479D01038
KRITINUT,EQ,87.95,90.3,84.5,88.88,90.29,86.23,6203,543499.93,28-Aug-2026,167,INE798K01010
KRITIKA,EQ,5.55,5.55,5.36,5.46,5.5,5.44,103920,566796.28,28-Aug-2026,317,INE00Z501029
KRMAYURVED,SM,284.95,284.95,279.05,280.05,279.15,281.6,33000,9246650.00,28-Aug-2026,23,INE1MTV01019
KRN,EQ,1542,1612.1,1539.9,1609.7,1612.1,1535.4,314773,499751421.40,28-Aug-2026,18642,INE0Q3J01015
KRONOX,BE,186.1,191,178.85,179.59,180,188.26,183951,33370208.96,28-Aug-2026,1980,INE0ATZ01017
KROSS,EQ,215,218.2,213.22,213.99,215,215.11,287407,62016327.66,28-Aug-2026,5656,INE0O6601022
KRSNAA,EQ,558.5,569.4,555.4,564.05,566.3,557.7,43292,24432605.35,28-Aug-2026,9486,INE08LI01020
KRYSTAL,EQ,652,652,639,646.05,640.15,648.35,6515,4197655.10,28-Aug-2026,466,INE0QN801017
KSB,EQ,795,798.45,787,793.85,793,793.85,138338,109698287.15,28-Aug-2026,9644,INE999A01023
KSE,EQ,177.96,180.95,175.02,177.99,177.11,177.96,22498,4005815.88,28-Aug-2026,374,INE953E01022
KSHINTL,EQ,967.9,970,946.05,963.85,959.5,962.35,154785,148290057.25,28-Aug-2026,9291,INE987S01020
KSHITIJPOL,EQ,3.01,3.08,2.96,3.05,3.07,3.01,983386,2998987.45,28-Aug-2026,874,INE013801027
KSHITIJ-RE,BE,0.03,0.03,0.03,0.03,0.03,0.02,997431,29922.93,28-Aug-2026,406,INE013820027
KSOLVES,EQ,274.5,274.5,265.05,269.35,269.1,267.85,34553,9319656.55,28-Aug-2026,1136,INE0D6I01023
KSR,EQ,29.5,31.43,29.5,31.42,31.43,28.58,329368,10306473.88,28-Aug-2026,413,INE1SPP01016
KUANTUM,EQ,72.31,73.98,72,72.54,73,72.31,73864,5359516.47,28-Aug-2026,854,INE529I01021
KUSUMGAR,EQ,571.45,573.7,557.85,563.1,563.8,572.35,404494,228218114.30,28-Aug-2026,10498,INE0ISX01025
KPL,EQ,3276.6,3338.4,3257.7,3314.3,3313,3267.1,18523,61112454.40,28-Aug-2026,3004,INE552U01010
KWIL,EQ,46.52,47.47,45.2,45.55,45.55,46.35,18050967,837085035.80,28-Aug-2026,34208,INE2KCE01013
LKPSEC,EQ,15.45,15.87,15.21,15.44,15.43,15.63,7798,120878.44,28-Aug-2026,83,INE341H01023
LTF,EQ,322,322.4,314.3,314.3,314.3,321.9,2889242,914418828.00,28-Aug-2026,38973,INE498L01015
LTTS,EQ,3545,3603,3544.6,3568.7,3557.3,3537.9,48168,171914395.50,28-Aug-2026,8774,INE010V01017
LAOPALA,EQ,169.91,179.9,168.3,175.95,175.24,169.92,551312,96856102.14,28-Aug-2026,12067,INE059D01020
LADDERUP,EQ,50.9,50.9,50.9,50.9,50.9,52.1,10,509.00,28-Aug-2026,1,INE519D01015
LAGNAM,EQ,77.48,78.31,76.21,76.56,76.5,75.47,3982,310588.80,28-Aug-2026,24,INE548Z01017
LAHOTIOV,EQ,41.1,42,40.5,40.71,40.71,41.72,6370,262295.51,28-Aug-2026,47,INE515C01023
LFIC,EQ,139,139.4,136.7,137.6,137.61,136.56,362,50070.28,28-Aug-2026,21,INE850E01012
LAKSHMIMIL,EQ,8300,8375,8288,8370,8370,8298,9,74833.00,28-Aug-2026,7,INE938C01019
LAKPRE,BZ,4.71,4.94,4.71,4.91,4.93,4.71,714,3457.94,28-Aug-2026,9,INE651C01018
LAKSHYA,SM,83.5,83.8,83.5,83.6,83.6,81.1,9600,802800.00,28-Aug-2026,9,INE0VZS01015
LALITHAA,EQ,247.35,267.9,245.52,265.24,267.15,246.23,24374432,6328794557.94,28-Aug-2026,194690,INE0K9O01026
LAMBODHARA,EQ,144,145.7,137.24,138.48,139.95,140.71,31026,4349679.68,28-Aug-2026,539,INE112F01022
LAMOSAIC,ST,59.9,61.55,58.15,60.85,61.55,60.2,133800,7903830.00,28-Aug-2026,38,INE0R0201012
LANCER,EQ,11.96,11.96,11.45,11.5,11.5,11.64,207955,2425623.78,28-Aug-2026,479,INE359U01028
LANCORHOL,EQ,33,34.49,32.36,33.93,33.95,30.86,1647306,55120980.45,28-Aug-2026,7054,INE572G01025
LANDMARK,EQ,510.2,513.95,501,503.35,501.8,506.15,83915,42349942.40,28-Aug-2026,5259,INE559R01029
LPDC,EQ,6.76,6.99,6.58,6.93,6.86,6.7,108365,740011.78,28-Aug-2026,272,INE197J01017
LANDSMILL,EQ,0.7,0.7,0.69,0.69,0.7,0.69,1303618,907125.69,28-Aug-2026,832,INE688J01023
LT,EQ,4045,4060,4021.3,4045.8,4045.8,4027,893956,3609013321.20,28-Aug-2026,52314,INE018A01030
LASA,EQ,7,7.42,6.85,6.99,6.9,6.97,69589,493353.64,28-Aug-2026,247,INE670X01014
LASERPOWER,EQ,320.05,327.9,318.45,325.65,326.45,319.6,466158,150588320.00,28-Aug-2026,8734,INE17IR01028
LATENTVIEW,EQ,276,284.6,275.2,279.6,279.7,275.25,539539,151549070.05,28-Aug-2026,17016,INE0I7C01011
LATTEYS,EQ,22.99,23.39,22.03,22.19,22.24,22.2,54079,1204741.03,28-Aug-2026,229,INE262Z01023
LAURUSLABS,EQ,1929.7,1938.5,1910.1,1938.5,1938.5,1929.4,2231476,4292637913.90,28-Aug-2026,56959,INE947Q01028
LAXMICOT,EQ,14.19,14.19,13.35,13.42,13.4,13.83,18723,252677.64,28-Aug-2026,86,INE801V01019
LAXMIDENTL,EQ,196.27,202,194.89,199.78,200.48,194.82,76144,15144391.78,28-Aug-2026,2434,INE0WO601020
LGHL,EQ,170,183.6,170,173.45,175.98,179.9,14592,2597683.56,28-Aug-2026,764,INE258Y01016
LAXMIINDIA,EQ,123.39,127.65,122.11,126.29,127.4,122.5,126472,15795502.72,28-Aug-2026,1921,INE06WU01026
LXCHEM,EQ,168.95,172.8,167.95,171.34,171.85,167.47,563267,96210100.77,28-Aug-2026,7786,INE576O01020
LCCINFOTEC,EQ,3.58,3.85,3.5,3.68,3.68,3.53,143489,528011.58,28-Aug-2026,328,INE938A01021
LEMERITE,EQ,22.49,22.49,20.8,20.97,20.98,21.81,195943,4229850.57,28-Aug-2026,436,INE0G1L01025
IXIGO,EQ,164.73,167.91,163,163.36,163.78,162.83,879086,144394835.36,28-Aug-2026,15025,INE0HV901016
LRRPL,SM,86,86,86,86,86,86.5,1500,129000.00,28-Aug-2026,1,INE0H4B01011
LEAPIND,EQ,162.48,169.8,161.85,168.4,169.29,161.77,8859488,1478846134.70,28-Aug-2026,70327,INE00GO01025
LEENEE,EQ,10.06,10.47,9.51,10.25,9.99,9.82,33254,334441.48,28-Aug-2026,181,INE791B01014
THELEELA,EQ,551.5,560.95,547.55,555.25,552.15,553.8,455524,253183868.95,28-Aug-2026,24543,INE0AQ201015
LEMONTREE,EQ,105.5,108.8,105.12,108.53,108.64,107.69,9179975,989879758.42,28-Aug-2026,30121,INE970X01018
LENSKART,BL,630,630,630,630,630,490,29472670,18567782100.00,28-Aug-2026,25,INE956O01016
LENSKART,EQ,645,648,635.75,636.15,636.1,640.6,6054352,3875719542.05,28-Aug-2026,154870,INE956O01016
LEXUS,EQ,13.44,13.6,12.82,13.03,13.08,13.07,25357,330707.02,28-Aug-2026,111,INE500X01013
LGBBROSLTD,EQ,1692,1724.6,1675.1,1717.7,1715.1,1684.4,32810,55994488.70,28-Aug-2026,4747,INE337A01034
LGEINDIA,EQ,1700,1719.2,1682.7,1691.4,1686,1700.4,753223,1285626973.90,28-Aug-2026,32661,INE324D01010
LIBAS,EQ,10.48,11,10.15,10.46,10.53,10.47,26728,283364.67,28-Aug-2026,174,INE908V01012
LIBERTSHOE,EQ,245.1,247.95,243.05,244.35,245.8,245.1,10075,2472080.55,28-Aug-2026,324,INE557B01019
LICHSGFIN,EQ,536,543,531.75,535,535,535.5,4033348,2168386824.65,28-Aug-2026,40355,INE115A01026
LICMFGOLD,EQ,141.35,142.6,140.2,142,142.1,141.35,81378,11524084.10,28-Aug-2026,955,INF767K01SM1
LICNETFN50,EQ,278.51,278.51,269.95,271.55,271.55,271.72,309,83806.65,28-Aug-2026,32,INF767K01OS7
LICNETFSEN,EQ,875.63,875.92,873.4,873.4,873.4,874.9,5,4375.58,28-Aug-2026,4,INF767K01OT5
LICNFNHGP,EQ,278.73,282.2,276.74,277.75,278.46,278.67,759,210933.53,28-Aug-2026,35,INF767K01PC8
LICNETFGSC,EQ,29.69,29.69,29.46,29.59,29.59,29.69,7872,232637.67,28-Aug-2026,57,INF767K01MV5
LICNMID100,EQ,64.8,65.11,63.89,64.21,64.21,64.27,14789,953763.37,28-Aug-2026,103,INF767K01RN1
LICI,EQ,416.8,422,409.5,422,422,413.95,16058167,6670327783.20,28-Aug-2026,67262,INE0J1Y01017
LIKHITHA,EQ,208.87,212,208.2,208.88,208.3,212.02,29394,6159491.48,28-Aug-2026,582,INE060901027
LINC,EQ,95.21,97.09,94.6,95.54,96,95.04,24522,2344250.24,28-Aug-2026,373,INE802B01027
LINCOLN,EQ,616,617.85,603.05,614.95,616.5,614,21598,13201052.50,28-Aug-2026,1170,INE405C01035
LINDEINDIA,EQ,6549,6549.5,6491,6504,6518,6549,9814,63979293.50,28-Aug-2026,2842,INE473A01011
LLOYDSENGG,EQ,87.5,87.85,86.02,86.74,86.71,87.56,3159675,274465316.84,28-Aug-2026,15659,INE093R01011
LLOYDSENT,EQ,72.6,74.52,71.69,73.53,73.5,72.94,2941824,216150151.44,28-Aug-2026,10928,INE080I01025
LLOYDS,SM,60,60,60,60,60,60,3000,180000.00,28-Aug-2026,3,INE0DTQ01028
LLOYDSME,EQ,1800.9,1850,1798.4,1810.2,1800,1798.5,428526,781360421.00,28-Aug-2026,22462,INE281B01032
LMW,EQ,19286,19286,18795,18901,18900,19132,2505,47601112.00,28-Aug-2026,1109,INE269B01029
LODHA,EQ,1260,1274,1248.5,1274,1274,1246.3,995058,1256199184.50,28-Aug-2026,27575,INE670K01029
LCL,EQ,569.95,576,556.3,565.1,565.95,566,339182,191519023.70,28-Aug-2026,15016,INE0QJW01029
LOKESHMACH,BE,297.7,312.45,297.7,312.45,312.45,297.6,33244,10177919.85,28-Aug-2026,322,INE397H01017
LORDSCHLO,EQ,139.66,145.42,136.51,140.25,138,139.42,23683,3361445.52,28-Aug-2026,704,INE846D01012
LAL,EQ,8.95,10.29,8.8,9.06,9.14,8.98,58396,534153.54,28-Aug-2026,191,INE740X01023
LOTUSCHO,EQ,615,622.9,612,614.35,617,618.7,1278,787633.55,28-Aug-2026,129,INE026D01011
LOTUSEYE,EQ,113.02,114.2,108.8,110.52,110,112.63,32816,3634905.97,28-Aug-2026,472,INE947I01017
LOVABLE,EQ,71.22,75.5,71.07,74.66,74.49,72.51,32684,2411749.54,28-Aug-2026,631,INE597L01014
LOYALTEX,EQ,257.79,257.79,221.01,226.02,223,218.9,4243,984890.67,28-Aug-2026,267,INE970D01010
LTFOODS,EQ,437.8,444.95,436,439.35,439,437.85,403175,177892347.70,28-Aug-2026,18302,INE818H01020
LTM,EQ,4500.9,4700,4500.9,4675,4675,4464,1148000,5341658333.10,28-Aug-2026,90379,INE214T01019
LUMAXTECH,EQ,1939.2,2000,1928.1,1985.5,1987.7,1930.6,235382,465146039.40,28-Aug-2026,24007,INE872H01027
LUMAXIND,EQ,6122,6140,6025,6071,6070,6094.5,6056,36716816.50,28-Aug-2026,2427,INE162B01018
LUPIN,EQ,2164.9,2179.8,2153,2171.5,2171.5,2158.1,348121,754778827.00,28-Aug-2026,20422,INE326A01037
LUXIND,EQ,1196,1227.7,1186.2,1199.5,1200,1201,22393,26964126.00,28-Aug-2026,2724,INE150G01020
LYKALABS,BE,74.82,74.82,73.3,74.8,74.8,73.36,6824,508138.32,28-Aug-2026,66,INE933A01014
MBEL,EQ,275.25,276.55,270,271.35,271.8,273.3,60889,16603407.85,28-Aug-2026,1777,INE08N601015
MKEXIM,EQ,64.01,64.9,60.1,62.6,62,64.3,31078,1946237.34,28-Aug-2026,218,INE227F01010
MKPL,EQ,4.19,4.19,4.11,4.13,4.11,4.11,79759,330808.13,28-Aug-2026,260,INE964W01021
MCL,EQ,57.15,59.58,57.15,59.17,59.01,57.77,61746,3627657.09,28-Aug-2026,1273,INE813V01022
M&MFIN,EQ,383.35,384.35,375.2,376.6,376.15,383.35,886148,334620457.55,28-Aug-2026,26520,INE774D01024
MVKAGRO,SM,185.25,185.25,185.25,185.25,185.25,176.45,16200,3001050.00,28-Aug-2026,28,INE0SGC01015
MAANALU,EQ,121.8,121.95,116.61,120.43,120,116.68,34831,4183398.21,28-Aug-2026,739,INE215I01027
MCCHRLS-B,EQ,697.95,697.95,680,687.8,694.95,680,46,31943.25,28-Aug-2026,10,INE435D01014
MACPOWER,EQ,1897.5,2050,1876,2007.1,1973.9,1868.8,103809,205844152.90,28-Aug-2026,10209,INE155Z01011
MADHAVIPL,EQ,8.12,8.45,8.12,8.21,8.3,8.12,229567,1912167.98,28-Aug-2026,481,INE631R01026
MADHAV,EQ,35.39,35.4,34.21,34.31,34.31,35.19,1131,39485.63,28-Aug-2026,24,INE925C01016
MADHUCON,BE,5.15,5.15,4.82,5.13,4.9,4.98,11710,59857.72,28-Aug-2026,29,INE378D01032
MADHUSUDAN,ST,225,229,221,221,221,220,13000,2906450.00,28-Aug-2026,9,INE0P6701019
MBAPL,EQ,164.25,164.66,160.66,162.94,163.9,162.78,637478,103814300.39,28-Aug-2026,8118,INE900L01028
MADRASFERT,EQ,68.01,69.02,67.01,67.43,67.35,67.97,60820,4119842.77,28-Aug-2026,901,INE414A01015
MAFATIND,EQ,121.51,124,120.61,123.4,123.7,120.73,29417,3609540.86,28-Aug-2026,791,INE270B01035
MAGADSUGAR,EQ,552.95,590.35,552.95,584.15,584,551,71010,40731147.45,28-Aug-2026,3936,INE347W01011
MCLOUD,EQ,27.89,28.09,27.1,27.47,27.5,27.79,1705240,47230286.47,28-Aug-2026,5367,INE613C01026
MAGNUM,EQ,19.57,19.57,18.91,19.04,19.25,19.25,6773,130642.52,28-Aug-2026,58,INE387I01016
MAHAPEXLTD,EQ,55,56.96,53.5,54.2,54,55.95,9015,492082.61,28-Aug-2026,248,INE843B01013
MFML,EQ,18.62,19.3,18.5,18.55,19.29,18.53,620,11497.08,28-Aug-2026,25,INE0US801024
MHLXMIRU,BE,179.05,182.9,178.1,178.3,178.3,182.46,498,89416.55,28-Aug-2026,30,INE112D01035
MAHASTEEL,BE,1269.9,1330,1230,1329.7,1330,1270.7,30787,39390894.20,28-Aug-2026,471,INE451L01014
MGL,EQ,1094,1107.8,1089,1092.6,1096.6,1092.8,270473,296502256.80,28-Aug-2026,31199,INE002S01010
MTNL,EQ,26.55,28.26,26.46,27.25,27.3,26.56,3912822,108419931.10,28-Aug-2026,11787,INE153A01019
MAHSCOOTER,EQ,13699,13934,13561,13696,13685,13564,5667,77876944.00,28-Aug-2026,1873,INE288A01013
MAHSEAMLES,EQ,643,667.85,642.95,661.7,663.5,642.05,550119,362294399.45,28-Aug-2026,25400,INE271B01025
MRIL,ST,60.15,60.15,60.15,60.15,60.15,62.8,1600,96240.00,28-Aug-2026,1,INE632Q01018
MAHESHWARI,BE,70.65,72.8,70.65,72.17,72.01,72,5030,360304.10,28-Aug-2026,31,INE263W01010
MAHICKRA,SM,292,301,270,297,301,294,11250,3275250.00,28-Aug-2026,13,INE961Y01015
M&M,EQ,3331,3351.7,3302,3334,3334,3330,1744074,5799268719.10,28-Aug-2026,110918,INE101A01026
MAHEPC,EQ,106.94,107.87,104.5,105.47,105.05,106.86,23453,2479540.06,28-Aug-2026,455,INE215D01010
MHRIL,EQ,211.65,215.8,209.9,211.39,210.4,211.23,149497,31597319.21,28-Aug-2026,2988,INE998I01010
MAHLIFE,EQ,369.85,371.8,367,367.55,368.2,368.65,27344,10087245.25,28-Aug-2026,2822,INE813A01018
MAHLOG,EQ,392.35,395.5,388.5,392.75,393.6,391.6,85642,33609641.70,28-Aug-2026,4429,INE766P01016
MAITHANALL,EQ,1000.5,1002,974.65,982.15,978,994.8,33450,33042314.70,28-Aug-2026,2221,INE683C01011
MAITREYA,SM,120.3,128,110.05,113.7,114.05,118.95,6800,787440.00,28-Aug-2026,16,INE0PLQ01011
MAJESAUT,BE,369,369,350.05,363.05,364,368.1,3756,1341270.50,28-Aug-2026,160,INE201B01022
MAKERSL,EQ,206,206.11,195.02,198.73,195.25,206.11,6128,1220868.33,28-Aug-2026,185,INE987A01010
MAKS,SM,13.3,13.3,13.3,13.3,13.3,13.35,3000,39900.00,28-Aug-2026,2,INE0CDK01019
MALLCOM,EQ,974.75,1014.95,968.05,1000.05,988,973.4,3165,3130943.50,28-Aug-2026,318,INE389C01015
MALUPAPER,EQ,32,32.59,31.61,32.04,32.39,32.25,4291,137277.24,28-Aug-2026,38,INE383H01017
MAMATA,EQ,402,405,398.4,400.05,400.85,403.5,82152,33002946.45,28-Aug-2026,1313,INE0TO701015
MANAKCOAT,EQ,121.33,125.49,121.15,122.85,121.15,121.09,333746,41088342.28,28-Aug-2026,4333,INE830Q01018
MANINDS,EQ,777.55,778.95,748,768.2,767.55,767.45,985437,752158287.10,28-Aug-2026,34212,INE993A01026
MANINFRA,EQ,116.02,123.45,116.02,122.81,122.8,115.46,7397297,895532721.19,28-Aug-2026,34460,INE949H01023
MANAKALUCO,EQ,38.71,39.74,37.92,39.39,39.4,39.1,58604,2269543.12,28-Aug-2026,731,INE859Q01017
MANAKSIA,EQ,57.05,59.06,56.89,58.13,58.02,56.89,61674,3603325.58,28-Aug-2026,442,INE015D01022
MANAKSTEEL,EQ,93.39,94.79,90.88,94.79,94.79,90.28,244759,23034809.54,28-Aug-2026,1216,INE824Q01011
MANALIPETC,EQ,70.99,74.14,70.64,73.36,73.2,70.8,688296,49988840.32,28-Aug-2026,6679,INE201A01024
MANAPPURAM,EQ,348.15,351.15,346.15,348.9,348.9,348,1893238,660134655.80,28-Aug-2026,27546,INE522D01027
MPEL,ST,38.7,38.7,38.7,38.7,38.7,36.9,6400,247680.00,28-Aug-2026,4,INE0U4H01011
MANAV,SM,34.4,34.4,34.4,34.4,34.4,32.8,4000,137600.00,28-Aug-2026,1,INE104Y01012
MANBA,EQ,129.87,132,129,130.81,129.52,129.93,60090,7811060.90,28-Aug-2026,669,INE939X01013
MANBRO,EQ,60.95,60.95,58.97,59.64,60,60.51,77984,4639449.37,28-Aug-2026,286,INE348N01042
MANDEEP,SM,16.95,18.05,16.9,18.05,18.05,17.65,44000,788700.00,28-Aug-2026,8,INE0R3T01013
MANCREDIT,EQ,232.5,256,232.5,247.65,255.9,229.52,437371,105254540.57,28-Aug-2026,3421,INE545L01039
MEIL,EQ,307,308,296.95,299.4,298.2,304.3,75243,22640931.20,28-Aug-2026,1736,INE0PKD01011
MANGLMCEM,EQ,1084,1084,1050.4,1062.9,1069.8,1058.2,103225,109566684.35,28-Aug-2026,3500,INE347A01017
MANGALAM,EQ,32,32.83,29.1,31.94,32,32.15,61865,1906821.09,28-Aug-2026,558,INE584F01014
MGEL,BE,14.54,15,14.41,14.45,14.44,14.5,112288,1640432.75,28-Aug-2026,200,INE0APB01032
MANORG,EQ,505.1,517.5,499.8,510.6,514.9,500,8802,4447474.95,28-Aug-2026,293,INE370D01013
MSL,EQ,147,147,147,147,147,147,10,1470.00,28-Aug-2026,1,INE829S01016
MWL,EQ,40.01,40.01,39.21,39.53,39.21,40.01,129680,5121227.96,28-Aug-2026,549,INE0JYY01029
MANIPALHOS,EQ,814,815,768,771.65,775.95,797.95,2108677,1658811322.85,28-Aug-2026,54864,INE459N01021
MANKIND,EQ,2419,2422.1,2370,2382.9,2382.9,2417.5,190737,455420161.10,28-Aug-2026,20759,INE634S01028
MVGJL,EQ,153,157.2,153,154.84,154.99,153.77,40954,6339107.21,28-Aug-2026,988,INE0KNT01012
MANOMAY,EQ,227.78,227.8,223.8,225.93,225.9,227.91,241205,54370843.12,28-Aug-2026,2954,INE784W01015
MANORAMA,EQ,1898.5,1907.5,1872,1889.4,1880.2,1887.2,115933,219076578.80,28-Aug-2026,11458,INE00VM01036
MANUGRAPH,BE,15.82,15.82,14.7,15.39,15.45,15.07,8783,133949.91,28-Aug-2026,38,INE867A01022
MARALOVER,EQ,56.99,57.4,55.6,56.65,56.65,56.27,4078,230759.86,28-Aug-2026,41,INE882A01013
MARATHON,EQ,430.15,430.15,418.25,421.55,425,428.75,58874,24883477.75,28-Aug-2026,2319,INE182D01020
MARICO,EQ,832.1,840.7,826.45,829.65,829.65,833.5,2455289,2040728961.50,28-Aug-2026,75553,INE196A01026
MARINE,EQ,376.25,412.15,376.25,406.8,407,374.1,2596284,1033110101.85,28-Aug-2026,54541,INE01JE01028
MARKOLINES,EQ,172.81,173.85,171.2,171.92,171.5,172.74,163793,28189899.83,28-Aug-2026,990,INE0FW001016
MARKSANS,EQ,326.15,335.45,324.05,329.7,329.95,326.15,1463661,481451231.70,28-Aug-2026,27128,INE750C01026
MARSONS,EQ,126.4,136.5,125.3,133.17,136,125.54,4963629,634029493.88,28-Aug-2026,20190,INE415B01044
MARUSHIKA,SM,108.6,114,108.6,112.65,111.3,113.05,4800,532380.00,28-Aug-2026,4,INE0X7G01013
MARUTI,EQ,13500,13525,13318,13376,13376,13440,277509,3721974285.00,28-Aug-2026,45941,INE585B01010
MDL,ST,61.9,61.95,61.9,61.95,61.95,59,10000,619350.00,28-Aug-2026,5,INE575Z01010
MASFIN,EQ,295.5,297.6,290.6,294.4,294.55,295.5,550606,162051101.40,28-Aug-2026,30878,INE348L01012
MASKINVEST,EQ,147.76,147.76,145,145,145,146.3,7,1018.76,28-Aug-2026,3,INE885F01015
MASON,SM,118,121,118,118.35,118.35,122,27000,3242850.00,28-Aug-2026,31,INE0SH001010
MASTEK,EQ,1615,1933.9,1615,1901.4,1933.9,1611.6,5449060,10028772572.90,28-Aug-2026,228186,INE759A01021
MASTER,SM,436,449,428.05,449,449,449,2000,871575.00,28-Aug-2026,4,INE0OJM01017
MASTERTR,EQ,82.85,83.61,82.48,82.68,82.95,83.34,132504,10968800.56,28-Aug-2026,533,INE677D01037
MATRIMONY,EQ,512.1,519.05,511.5,515,515,515.45,7035,3625745.55,28-Aug-2026,341,INE866R01028
MGSL,SM,80.75,82,80.25,81.95,82,80.75,6000,488280.00,28-Aug-2026,5,INE132901013
MAWANASUG,EQ,144,151.28,141.1,147.94,150,141.67,494282,72915766.75,28-Aug-2026,7697,INE636A01039
MAXESTATES,EQ,560,560,529,539.05,541.95,558.45,154812,83948973.00,28-Aug-2026,5018,INE03EI01018
MFSL,EQ,1571.9,1588.3,1553.6,1564.4,1564.4,1568,305746,482236733.30,28-Aug-2026,28211,INE180A01020
MAXHEALTH,EQ,1009.1,1017.5,1001.8,1014.1,1014.1,1009,1811091,1830327154.20,28-Aug-2026,29462,INE027H01010
MAXIND,EQ,151.6,154.79,149.2,150.4,150,150.48,33498,5030142.83,28-Aug-2026,936,INE0CG601016
MAXPOSURE,SM,30.4,31.4,30,31.4,31.4,30.4,9000,273700.00,28-Aug-2026,8,INE0ECC01022
MAXVOLT,SM,341.1,346.8,341.05,344,345.5,337.2,20000,6883360.00,28-Aug-2026,39,INE10A501018
MAYURUNIQ,EQ,753.9,774.5,745.1,766.9,773,749.4,86499,65916338.75,28-Aug-2026,4394,INE040D01038
MAZDOCK,EQ,2583,2596,2543,2555,2555,2588,388879,996143885.60,28-Aug-2026,20107,INE249Z01020
MAZDA,BE,245.81,249,240.02,247.82,247,244.59,11659,2868454.10,28-Aug-2026,182,INE885E01042
MBLINFRA,EQ,22.5,23.75,22,23.27,23.4,22.62,45515,1041947.56,28-Aug-2026,182,INE912H01013
MCLEODRUSS,EQ,49.15,50.5,48.5,49.81,50.35,49.17,199015,9864232.90,28-Aug-2026,1214,INE942G01012
MEDIASSIST,EQ,337.55,340,331.25,333.8,333,337.25,164861,55015943.50,28-Aug-2026,10055,INE456Z01021
MEDICAPQ,EQ,25.58,26.5,25,25.91,25.99,25.5,1313,33968.30,28-Aug-2026,38,INE442D01010
MMWL,EQ,14.65,15.6,14.65,14.81,14.91,14.97,9034,135322.23,28-Aug-2026,109,INE200D01020
MEDICAMEQ,EQ,231.13,251,220,248.88,249,230.74,71552,17346751.76,28-Aug-2026,1975,INE646B01010
MEDIORG,SM,24.45,24.5,24.45,24.5,24.5,23.5,8000,195800.00,28-Aug-2026,4,INE0PE401018
MEDICO,EQ,43.62,43.62,42,42.41,42.5,43.31,166991,7142736.25,28-Aug-2026,1001,INE630Y01024
MEDISTEP,SM,19.75,19.75,19.75,19.75,19.75,19.75,27000,533250.00,28-Aug-2026,3,INE0UOY01019
MEDPLUS,EQ,688.35,695,674.3,676.35,676.5,688.35,85619,58610042.80,28-Aug-2026,6913,INE804L01022
MEESHO,EQ,203.85,210,201.82,208.63,208,207.64,9520098,1983001163.59,28-Aug-2026,92647,INE0VDM01015
MEGASTAR,EQ,318,318,308.2,311.6,311.7,309.2,2700,839537.70,28-Aug-2026,179,INE00EM01016
MEGATHERM,SM,229.9,229.9,215,218.9,218.9,229.15,19600,4348120.00,28-Aug-2026,40,INE531R01010
MOL,EQ,60.56,61.9,60.29,60.94,60.96,60.29,885447,54065201.28,28-Aug-2026,4082,INE0CT101020
MIIL,EQ,724.5,727,689.05,709.95,712.95,718.75,94256,67567359.55,28-Aug-2026,2277,INE898Q01015
MENONBE,BE,282.8,286.9,280,284.62,286.9,283.35,77246,21748010.96,28-Aug-2026,535,INE071D01033
MENNPIS,EQ,77,77.19,73,73.97,73.75,74.59,78947,5946257.50,28-Aug-2026,1168,INE650G01029
MEP,BZ,0.72,0.72,0.72,0.72,0.72,0.71,32328,23276.16,28-Aug-2026,14,INE776I01010
MERCANTILE,EQ,24.83,25.26,23.57,24.99,25.26,24.71,107,2654.07,28-Aug-2026,10,INE689O01013
MERCURYEV,EQ,39.12,39.69,38.4,38.67,38.5,38.93,59148,2307508.09,28-Aug-2026,770,INE763M01028
METALIC,ST,128,134.8,126,131.1,132,130.3,100800,13175680.00,28-Aug-2026,51,INE1II801013
METROBRAND,EQ,915.2,940,915.2,936.7,935,921.7,32396,30134874.90,28-Aug-2026,5558,INE317I01021
METROGLOBL,EQ,135.51,140,134.14,139.93,139.95,135.07,1100,149850.04,28-Aug-2026,44,INE085D01033
METROPOLIS,EQ,583.15,602,581.25,588.45,588.65,576.9,687298,407052242.30,28-Aug-2026,35406,INE112L01020
MICEL,BE,40.9,41.54,40.37,41.54,41.54,39.57,549515,22763012.73,28-Aug-2026,1661,INE287C01037
MICROPRO,SM,18.8,18.8,18,18.5,18.5,18.65,14400,263920.00,28-Aug-2026,7,INE0PZK01014
MIDWESTLTD,EQ,1114.4,1127,1101,1106.6,1106.2,1114.4,17134,18964233.90,28-Aug-2026,957,INE0XAD01024
MLKFOOD,EQ,86.01,89.98,85.65,86.71,85.7,86.87,4729,411538.34,28-Aug-2026,141,INE588G01021
MILKYMIST,EQ,215,217.26,210.1,214.31,215.9,217.31,14621198,3123066464.19,28-Aug-2026,97559,INE00IT01020
MINALIND,BE,4.2,4.2,4.2,4.2,4.2,4,116714,490198.80,28-Aug-2026,135,INE097E01028
MINDACORP,EQ,692.65,707.75,691.1,702.8,702,690.65,348343,244503972.15,28-Aug-2026,19417,INE842C01021
MINDPOOL,SM,71.1,71.1,71.1,71.1,71.1,71.1,1000,71100.00,28-Aug-2026,1,INE00RQ01019
MINDSPACE,RR,487.2,496,481.3,492.58,491,487.55,367653,180829448.13,28-Aug-2026,5224,INE0CCU25019
MINDTECK,EQ,172.4,179.4,172,176.4,179.4,172.4,41663,7287871.86,28-Aug-2026,971,INE110B01017
ALPHAETF,EQ,27.36,27.41,27.22,27.31,27.35,27.4,260843,7126979.24,28-Aug-2026,857,INF769K01KU7
BANKETF,EQ,587.54,588.11,584.84,585.97,585.87,587.54,13548,7943913.88,28-Aug-2026,949,INF769K01KR3
BANKPSU,EQ,86.6,86.87,86.41,86.63,86.74,86.7,9490,822084.44,28-Aug-2026,75,INF769K01LZ4
CONSUMER,EQ,12.07,12.34,12.07,12.23,12.25,12.31,116527,1427809.49,28-Aug-2026,381,INF769K01NS5
DEFENCE,EQ,82.77,82.77,81.89,82.34,82.49,82.74,302122,24863426.40,28-Aug-2026,887,INF769K01QC2
DIVIDEND,EQ,35.61,35.93,35.6,35.82,35.83,35.57,33710,1207701.63,28-Aug-2026,64,INF769K01PY8
ENERGY,EQ,39.06,39.06,38.15,38.23,38.26,38.29,232113,8883976.86,28-Aug-2026,1055,INF769K01PR2
EQUAL200,EQ,14.04,14.05,13.96,13.99,14.01,14.02,16273,227293.91,28-Aug-2026,66,INF769K01OA1
EQUAL50,EQ,334.5,334.58,333.41,334.29,334.29,334.28,4997,1669508.88,28-Aug-2026,26,INF769K01OO2
EVINDIA,EQ,34.33,34.33,33.41,33.58,33.56,33.5,263880,8857107.20,28-Aug-2026,1477,INF769K01LQ3
HEALTHCARE,EQ,22.24,22.24,21.8,21.89,21.91,21.8,30792,673428.38,28-Aug-2026,166,INF769K01QA6
HYBRIDETF,EQ,10.24,10.24,10.15,10.19,10.19,10.19,18329,186723.48,28-Aug-2026,58,INF769K01RJ5
INFRA,EQ,12.18,12.19,12.1,12.13,12.14,12.18,26340,319904.88,28-Aug-2026,182,INF769K01QB4
INTERNET,EQ,14.83,15.33,14.65,14.66,14.65,14.76,700673,10410654.48,28-Aug-2026,346,INF769K01PB6
ITETF,EQ,32.5,33.21,32.07,33.08,33.17,32.07,467295,15406966.79,28-Aug-2026,959,INF769K01KV5
LARGEMID50,EQ,36.8,36.88,36.7,36.87,36.87,36.86,3301,121500.53,28-Aug-2026,17,INF769K01RK3
LIQUID,EQ,999.99,1000,999.99,999.99,1000,999.99,222659,222657148.59,28-Aug-2026,156,INF769K01KS1
LIQUIDPLUS,EQ,1101.09,1101.11,1101.09,1101.1,1101.11,1100.65,160545,176776911.32,28-Aug-2026,284,INF769K01MY5
ESG,EQ,41.48,41.61,41.35,41.5,41.5,41.53,7927,329090.42,28-Aug-2026,51,INF769K01GS9
MAFANG,EQ,207.13,207.13,207.13,207.13,207.13,206.55,59201,12262303.13,28-Aug-2026,307,INF769K01HF4
BFSI,EQ,28.09,28.09,27.22,27.31,27.37,27.41,78704,2150399.01,28-Aug-2026,680,INF769K01HI8
GOLDETF,EQ,152.49,154.24,150.01,153.76,154,153.09,1124814,172313381.77,28-Aug-2026,11139,INF769K01JP9
GSEC10YEAR,EQ,30.73,30.73,30.33,30.63,30.64,30.73,571,17472.78,28-Aug-2026,19,INF769K01KF8
MAHKTECH,EQ,22.57,22.75,22.5,22.75,22.75,22.57,274749,6250538.42,28-Aug-2026,1479,INF769K01HS7
MIDCAPETF,EQ,24.02,24.33,24.01,24.07,24.07,24.02,1474597,35495962.85,28-Aug-2026,4254,INF769K01IC9
MAKEINDIA,EQ,169.04,169.05,167.79,168.4,168.55,168.87,67914,11432202.15,28-Aug-2026,363,INF769K01IB1
NIFTYETF,EQ,260.26,263.69,260.26,262.96,263.2,262.89,157363,41374341.99,28-Aug-2026,744,INF769K01EG9
LOWVOL,EQ,208.04,208.17,207.6,208.13,208.13,207.87,519,107964.24,28-Aug-2026,11,INF769K01JU9
NEXT50,EQ,767,768.74,763,763.78,767.57,768.67,21668,16582325.55,28-Aug-2026,3731,INF769K01FN2
SILVERAG,EQ,230.6,235.66,229.99,234.83,235,230.77,442736,103627866.68,28-Aug-2026,2950,INF769K01KG6
MASPTOP50,EQ,79.78,79.78,79.78,79.78,79.78,79.96,15883,1267145.74,28-Aug-2026,96,INF769K01HP3
METAL,EQ,13.65,13.67,13.53,13.6,13.65,13.56,1425857,19385847.97,28-Aug-2026,4813,INF769K01LY7
MIDSMALL,EQ,52.62,52.79,52.46,52.75,52.77,52.48,364235,19174270.69,28-Aug-2026,1912,INF769K01LJ8
MOMMIDCAP,EQ,13.3,13.32,13.22,13.27,13.28,13.29,1723081,22854679.32,28-Aug-2026,699,INF769K01RC0
MULTICAP,EQ,16.89,16.95,16.86,16.89,16.93,16.89,73472,1242887.22,28-Aug-2026,363,INF769K01LX9
SELECTIPO,EQ,49.31,49.32,49.01,49.14,49.01,49.31,58426,2873627.33,28-Aug-2026,103,INF769K01ON4
SENSEXETF,EQ,79.74,80,79.52,79.82,79.84,79.8,50588,4034850.36,28-Aug-2026,197,INF769K01KT9
SMALL250,EQ,18.84,18.84,18.53,18.56,18.56,18.47,334042,6200218.72,28-Aug-2026,526,INF769K01PQ4
SMALLCAP,EQ,49.12,49.34,49.09,49.15,49.16,49.11,1760899,86680162.47,28-Aug-2026,2862,INF769K01LC3
TOP20,EQ,8.95,9.01,8.95,8.98,9,8.95,44084,396146.08,28-Aug-2026,115,INF769K01PZ5
VALUE,EQ,16.19,16.19,16.11,16.17,16.17,16.13,8030,129795.81,28-Aug-2026,52,INF769K01QV2
MIRZAINT,EQ,31.71,32.3,31.42,31.83,31.9,31.56,71922,2279289.87,28-Aug-2026,1265,INE771A01026
MIDHANI,EQ,419.9,420.5,416,417.75,418.95,418.3,231448,96778499.25,28-Aug-2026,7802,INE099Z01011
MITCON,BE,79.49,79.49,76.1,76.1,76.1,76.08,7371,577470.08,28-Aug-2026,49,INE828O01033
MITTAL,EQ,0.86,0.86,0.75,0.83,0.84,0.85,1129631,940958.68,28-Aug-2026,424,INE997Y01027
MMFL,EQ,627.85,654.8,624.1,641.7,642,625.8,173695,111420909.65,28-Aug-2026,8603,INE227C01017
MMP,EQ,403.45,419.8,402.75,404.4,407,403.45,60928,24946173.75,28-Aug-2026,2000,INE511Y01018
MMTC,EQ,63.55,63.79,63,63.07,63.2,63.51,1025217,64888629.51,28-Aug-2026,6273,INE123F01029
MOBILISE,SM,114,115.75,113.95,115.75,115.75,110.25,20800,2392480.00,28-Aug-2026,13,INE1YNB01019
MODTHREAD,EQ,53.05,55,51.01,53.51,53.5,55.68,8784,465294.57,28-Aug-2026,159,INE794W01014
MODINATUR,BE,344.2,353.95,344.2,347.95,348.05,362.3,13127,4564063.05,28-Aug-2026,156,INE537F01012
MODIRUBBER,EQ,132.47,137.13,132.4,132.63,132.4,132.47,1637,219222.04,28-Aug-2026,101,INE832A01018
MODIS,EQ,379.8,383.5,375.6,377.45,383.5,379.7,50349,19037445.80,28-Aug-2026,1493,INE0L0L01012
MODISONLTD,BE,411,415.7,392.9,412.8,414.95,404.95,73091,29665821.30,28-Aug-2026,1547,INE737D01021
MOHITIND,EQ,25.05,25.05,24.53,24.69,24.61,25.07,2376,58827.94,28-Aug-2026,47,INE954E01012
MOHITE,EQ,2.64,3.16,2.6,2.95,2.99,2.64,843639,2555872.73,28-Aug-2026,519,INE154B01023
MOIL,EQ,260.95,262.55,257.1,258.25,258,260.95,617417,160010404.90,28-Aug-2026,15133,INE490G01020
MOKSH,EQ,10.06,11.5,10.01,10.69,10.66,10.08,1086495,11629792.71,28-Aug-2026,1589,INE514Y01020
MOLBIO,EQ,1153.95,1156.1,1077.5,1094.75,1117,1144.15,980898,1094544462.55,28-Aug-2026,35736,INE869T01028
MOLDTKPAC,EQ,700,703.6,688,691.2,692,702.2,75305,52285251.95,28-Aug-2026,3414,INE893J01029
MOLDTECH,BE,196.87,198.2,191,194.07,194.99,193.01,47964,9392993.91,28-Aug-2026,369,INE835B01035
MONARCH,EQ,375,380,373.5,376.6,376,374.7,62695,23618250.65,28-Aug-2026,1583,INE903D01011
MONEYBOXX,EQ,56.98,57.5,56,56.97,56.99,56,5774,325284.69,28-Aug-2026,63,INE296Q01012
MONOPHARMA,SM,9,9,9,9,9,8.95,2000,18000.00,28-Aug-2026,1,INE0OIP01012
MONOLITH,SM,1169.9,1238.5,1169.9,1226,1229,1157,75750,91219512.50,28-Aug-2026,221,INE1DV401010
MONTECARLO,EQ,532.05,543.8,528.95,539.55,543.8,528.4,43022,23071207.20,28-Aug-2026,1637,INE950M01013
MOREPENLAB,EQ,96.74,106.37,96.06,106.19,106.37,96.7,39001643,4003933223.55,28-Aug-2026,107502,INE083A01026
MOS,ST,9.9,10.2,9.45,9.6,9.65,9.9,336000,3204600.00,28-Aug-2026,78,INE0N7S01028
MOSCHIP,EQ,220,223.54,218.5,219.77,218.55,219.36,2669474,588884381.80,28-Aug-2026,24867,INE935B01025
MSUMI,EQ,37.92,37.98,37.53,37.74,37.68,37.92,6037911,227995728.28,28-Aug-2026,36140,INE0FS801015
MOM100,EQ,69.26,69.78,68.4,69.12,69,69.22,270059,18694876.76,28-Aug-2026,2202,INF247L01023
MON100,EQ,327.1,327.1,327.1,327.1,327.1,326.94,337871,110517604.10,28-Aug-2026,679,INF247L01AP3
MOTILALOFS,EQ,1034,1053,1027.15,1038.3,1038.3,1038.1,554756,578013858.40,28-Aug-2026,25070,INE338I01027
MOM50,EQ,256.07,256.07,252.49,253.6,252.5,256.07,10009,2534170.43,28-Aug-2026,187,INF247L01536
MOGSEC,EQ,65.4,65.4,65.07,65.11,65.09,65.39,1587,103502.18,28-Aug-2026,35,INF247L01AK4
MOALPHA50,EQ,57.35,57.89,56.97,57.48,57.05,57.1,20603,1180851.57,28-Aug-2026,71,INF247L01FR8
MOBANK10,EQ,16.95,16.99,16.83,16.85,16.93,16.95,4668,79124.42,28-Aug-2026,58,INF247L01GV8
MOCAPITAL,EQ,56.4,56.4,54.67,55.39,55.57,55.03,1768640,97754342.18,28-Aug-2026,2355,INF247L01EV3
MODEFENCE,EQ,108.36,108.38,106.52,106.85,106.9,107.31,731681,78248153.37,28-Aug-2026,6476,INF247L01DJ0
MOENERGY,EQ,38.67,38.67,38.15,38.16,38.19,38.3,143411,5485919.54,28-Aug-2026,679,INF247L01GH7
MOGOLD,EQ,155.95,157.05,154.5,156.85,157,155.35,13846,2158574.40,28-Aug-2026,339,INF247L01FY4
MOHEALTH,EQ,51.99,52.51,51.34,52.45,52.5,51.83,47802,2495157.26,28-Aug-2026,488,INF247L01BB1
MOINFRA,EQ,58.8,60.5,58.55,59.36,58.99,58.99,6358,374132.31,28-Aug-2026,92,INF247L01FL1
MOIPO,EQ,49.2,49.4,49.02,49.26,49.37,49.2,2973,146273.14,28-Aug-2026,35,INF247L01GI5
MOLOWVOL,EQ,36.58,37.5,36.3,36.61,36.63,36.62,51935,1889791.66,28-Aug-2026,75,INF247L01BL0
MOMENTUM50,EQ,55.19,55.64,55.12,55.46,55.5,55.2,384299,21259197.02,28-Aug-2026,1468,INF247L01DK8
MOMETAL,EQ,13.5,13.68,13.44,13.62,13.57,13.48,12835,173075.68,28-Aug-2026,24,INF247L01HG7
MOMGF,EQ,165.65,166,165.12,165.12,165.12,165.65,84,13911.55,28-Aug-2026,13,INF247L01FK3
MOMIDMTM,EQ,66.97,66.97,65.41,65.49,65.7,65.68,33165,2176292.03,28-Aug-2026,245,INF247L01FQ0
MOMNC,EQ,33.15,33.15,33.03,33.05,33.05,33.15,517,17101.10,28-Aug-2026,9,INF247L01GK1
MOMOMENTUM,EQ,63.78,63.8,63.32,63.5,63.42,63.58,56728,3604935.37,28-Aug-2026,400,INF247L01BK2
MON50EQUAL,EQ,33.56,33.75,33.45,33.71,33.7,33.52,2128,71445.07,28-Aug-2026,45,INF247L01FC0
MONEXT50,EQ,74.59,74.94,73.77,74.02,74.3,74.59,6962,515614.65,28-Aug-2026,86,INF247L01FD8
MONIFTY100,EQ,25.57,25.58,25.49,25.5,25.5,25.62,5216,133033.19,28-Aug-2026,38,INF247L01GG9
MONIFTY500,EQ,24.69,24.69,23.48,24.11,24.1,24.09,293035,7055414.05,28-Aug-2026,1163,INF247L01BU1
MONQ50,EQ,146.37,146.37,146.37,146.37,146.37,146.52,21810,3192329.70,28-Aug-2026,80,INF247L01AU3
MOOILGAS,EQ,11.32,11.32,11.05,11.11,11.12,11.1,3738,41450.37,28-Aug-2026,34,INF247L01HH5
MOPSE,EQ,98.5,98.88,98.5,98.57,98.5,99.02,1057,104258.04,28-Aug-2026,32,INF247L01FO5
MOQUALITY,EQ,203.36,203.6,201.56,201.57,201.56,202.4,7347,1485666.38,28-Aug-2026,35,INF247L01BH8
MOREALTY,EQ,92.18,92.18,90.69,90.82,90.86,91.27,332230,30256230.33,28-Aug-2026,1476,INF247L01CI4
MOSERVICE,EQ,31.1,31.23,30.95,31.22,31.23,31.01,926,28773.38,28-Aug-2026,100,INF247L01GJ3
MOSILVER,EQ,234.19,238.95,233.67,237.69,237.65,234.19,29997,7079978.56,28-Aug-2026,1402,INF247L01FZ1
MOSMALL250,EQ,18.07,18.64,18.07,18.55,18.57,18.54,777493,14435309.12,28-Aug-2026,1678,INF247L01CH6
MOTOUR,EQ,79.39,79.39,78.6,78.7,78.85,79.39,23997,1892330.20,28-Aug-2026,258,INF247L01FP2
MOVALUE,EQ,113.47,113.56,112.92,113.08,112.98,113.47,108609,12276211.24,28-Aug-2026,686,INF247L01BE5
MOTISONS,EQ,16.44,16.73,16.11,16.64,16.66,16.27,23963671,395888290.03,28-Aug-2026,29153,INE0FRK01020
MOTOGENFIN,BE,27.25,27.84,26.96,27,26.96,26.81,5280,144980.82,28-Aug-2026,51,INE861B01023
MMEL,SM,25,25,25,25,25,25,2000,50000.00,28-Aug-2026,1,INE0XM301010
MPDL,BE,34.98,34.99,32.45,32.45,32.45,34.15,2655,86709.84,28-Aug-2026,23,INE493H01014
MPHASIS,EQ,2426.3,2482,2425.1,2455,2455,2413.6,956656,2349649771.00,28-Aug-2026,25858,INE356A01018
MPSLTD,EQ,2660.2,2699,2647,2677.9,2676.9,2660.2,13645,36530667.70,28-Aug-2026,2239,INE943D01017
MRF,EQ,133600,134000,131910,132080,132010,133600,2262,299934400.00,28-Aug-2026,1814,INE883A01011
MRPL,EQ,171,172.4,168,168.53,168.5,170.8,2978571,505064095.70,28-Aug-2026,21213,INE103A01014
BECTORFOOD,EQ,240,241.28,230.29,232.87,233.38,238.12,1011561,238375771.46,28-Aug-2026,17253,INE495P01020
MSPL,EQ,34.99,36.7,34.63,36.39,36.49,34.59,1767980,63500397.46,28-Aug-2026,5368,INE752G01015
MSTCLTD,EQ,718.6,734.4,705.1,729.65,726.2,722.25,337402,242884207.70,28-Aug-2026,18205,INE255X01014
MTEDUCARE,BE,1.67,1.74,1.61,1.72,1.72,1.67,13642,22780.59,28-Aug-2026,55,INE472M01018
MTARTECH,BE,7081,7100,6950,6997,7000,7081.5,69305,486981651.00,28-Aug-2026,12988,INE864I01014
MUFIN,EQ,136.5,140.9,135.4,138.27,137.96,135.95,1428754,198255771.42,28-Aug-2026,5959,INE08KJ01020
MUKANDLTD,EQ,136.01,138,135.5,137.27,137.64,136.26,41044,5613791.09,28-Aug-2026,706,INE304A01026
MUKESHB,EQ,145,145.95,145,145.83,145.95,145.95,828,120750.50,28-Aug-2026,13,INE596B01017
MUKKA,EQ,25.25,25.7,24.95,25.06,25.06,25.29,268612,6765300.87,28-Aug-2026,1176,INE0CG401037
MUKTAARTS,BE,57.31,59.57,56,56.25,56.25,58.48,755,43122.23,28-Aug-2026,10,INE374B01019
MCX,EQ,3273.1,3339,3245,3332,3332,3273,1360874,4495686806.90,28-Aug-2026,71961,INE745G01043
MUNISH,SM,78.55,88,78.5,87.45,88,81.5,66000,5642280.00,28-Aug-2026,39,INE1K8Y01018
MUNJALAU,EQ,112.31,113.5,111.16,112.4,112.7,111.42,480682,53912889.54,28-Aug-2026,4326,INE672B01032
MUNJALSHOW,EQ,132.52,132.8,130.5,130.97,131,131.27,21024,2762826.80,28-Aug-2026,421,INE577A01027
MURUDCERA,EQ,30.6,30.9,30.15,30.69,30.8,30.65,20408,623034.11,28-Aug-2026,96,INE692B01014
RADIOCITY,EQ,6.6,6.87,6.45,6.56,6.6,6.57,40611,266765.69,28-Aug-2026,128,INE919I01024
MUTHOOTCAP,EQ,244.7,245.68,236.9,240.43,244.49,241.13,12868,3115377.17,28-Aug-2026,329,INE296G01013
MUTHOOTFIN,EQ,3090.7,3107,3062.2,3091,3091,3085,403576,1248253783.40,28-Aug-2026,33064,INE414G01012
MUTHOOTMF,EQ,206,210.4,204.1,208.46,210,204.94,248099,51451405.38,28-Aug-2026,5913,INE046W01019
MVELECTRO,EQ,649.9,768,638.5,719.55,728,646.8,28262303,20373038929.55,28-Aug-2026,493343,INE0OWZ01020
10MWL29,N0,99995.85,99995.85,99995.85,99995.85,99995.85,97122.5,1,99995.85,28-Aug-2026,1,INE0JYY07026
MYMUDRA,SM,72,72.85,71.5,71.55,71.55,72.25,6000,431880.00,28-Aug-2026,5,INE0RVQ01016
MYSORPETRO,BE,125.07,125.07,125.07,125.07,125.07,131.65,4981,622973.67,28-Aug-2026,72,INE741A01011
NRAIL,EQ,510,510,492.35,497.5,498.95,511.3,4957,2484299.10,28-Aug-2026,312,INE740D01017
NRVANDANA,ST,61.3,63.5,61.3,63.45,63.5,60.95,9000,564750.00,28-Aug-2026,3,INE104101014
NTCIND,EQ,136.42,138.9,132.5,133.47,134.9,136.42,1527,204890.85,28-Aug-2026,73,INE920C01017
NBIFIN,EQ,2024,2024,1945,1988.7,1990,1980.1,242,479763.70,28-Aug-2026,29,INE365I01020
NACLIND,EQ,174.8,175.29,170.12,171.63,172.2,174.8,241630,41676471.53,28-Aug-2026,4343,INE295D01020
NDGL,EQ,2995,2995,2700,2783,2790,2826.5,322,906503.70,28-Aug-2026,87,INE756C01015
NAGREEKCAP,EQ,23.25,23.49,22,22.77,22.72,22.5,3419,76942.82,28-Aug-2026,117,INE245I01016
NAGREEKEXP,EQ,22.97,22.97,22,22.24,22.5,22.52,10306,229893.74,28-Aug-2026,74,INE123B01028
NAHARCAP,EQ,258.8,259.2,255,258.44,257.5,255.75,3453,893279.69,28-Aug-2026,38,INE049I01012
NAHARINDUS,EQ,139.56,139.56,135.25,135.99,135.25,138.1,30643,4201134.82,28-Aug-2026,556,INE289A01011
NAHARPOLY,EQ,246.05,248.9,245.8,247.35,246.05,246.55,5711,1410682.80,28-Aug-2026,122,INE308A01027
NAHARSPING,EQ,291.25,294.55,287.7,288.4,290.1,291.25,13709,3956825.30,28-Aug-2026,386,INE290A01027
NGIL,EQ,41.95,41.95,40.05,41.53,41,41.96,31122,1280428.91,28-Aug-2026,310,INE236Y01012
NSIL,EQ,5725,5799.5,5700.5,5715.5,5702,5741,1078,6176247.00,28-Aug-2026,317,INE023A01030
NAMAN,SM,40,40,38,38,38,40,7200,275520.00,28-Aug-2026,9,INE0RJM01010
NAMOEWASTE,ST,280.5,280.5,275,275.5,275,279.75,12800,3547040.00,28-Aug-2026,15,INE08NZ01012
NDL,EQ,2.97,3.06,2.97,3.02,3.02,2.96,1373143,4166169.48,28-Aug-2026,1357,INE875G01048
JAIPURKURT,EQ,26.34,26.88,26.33,26.78,26.43,26.33,4902,131520.91,28-Aug-2026,26,INE696V01013
NH,EQ,1908,1940,1905.9,1932.1,1934.5,1903.8,209531,404193052.60,28-Aug-2026,19028,INE410P01011
NARMADA,EQ,13.98,14.1,13.78,13.96,13.95,13.87,400153,5576125.45,28-Aug-2026,1102,INE117Z01029
NATCOPHARM,EQ,857.8,861,844.85,853.8,856.5,857.6,402204,342432315.10,28-Aug-2026,31653,INE987B01026
NATHBIOGEN,EQ,153.97,157.9,151.8,157.3,157.4,153.86,26350,4098477.32,28-Aug-2026,547,INE448G01010
NATIONALUM,EQ,392.65,394.95,389.3,394.95,394.95,389.3,1868958,733389367.55,28-Aug-2026,26440,INE139A01034
NFL,EQ,71.49,71.8,71,71.09,71.06,71.36,337128,23995442.26,28-Aug-2026,2107,INE870D01012
NHIT,IV,171,171,171,171,171,171,200000,34200000.00,28-Aug-2026,2,INE0H7R23014
NATIONSTD,EQ,98.27,105,98.27,103.07,104,103.44,88867,8829157.87,28-Aug-2026,1059,INE166R01015
NATCAPSUQ,EQ,215.24,219.7,203.5,204.96,209.3,214.16,63397,13275106.73,28-Aug-2026,2131,INE936B01015
NAVA,EQ,559,586.4,559,564.85,566.5,556.5,556705,317319602.20,28-Aug-2026,20177,INE725A01030
NAVINFLUOR,EQ,8589,8591,8470.5,8517.5,8539,8567.5,77045,656392767.00,28-Aug-2026,15811,INE048G01026
NAVKARCORP,EQ,97.5,97.8,96.5,96.88,97.35,97.37,140276,13615940.98,28-Aug-2026,1643,INE278M01019
NAVKARURB,BE,0.94,0.96,0.92,0.94,0.95,0.95,223714,209786.19,28-Aug-2026,235,INE268H01044
NAVNETEDUL,EQ,133.84,135.52,133.2,134.51,135.5,133.59,69249,9326441.31,28-Aug-2026,1312,INE060A01024
NAZARA,EQ,354,379.4,354,374.6,373.9,354.5,8037749,2983049517.45,28-Aug-2026,76176,INE418L01047
NBCC,EQ,89.1,89.28,87.15,87.5,87.5,88.6,6704520,590293663.86,28-Aug-2026,26336,INE095N01031
NCC,EQ,150.79,150.79,146.53,148.4,148.6,150.29,1458322,216203998.21,28-Aug-2026,19010,INE868B01028
NCLIND,EQ,180,180,174,176.26,176.99,178.61,28059,4940038.33,28-Aug-2026,2982,INE732C01016
NDLVENTURE,EQ,124.82,124.82,117.16,119.7,122.79,122.62,12469,1499408.58,28-Aug-2026,212,INE353A01023
NDRAUTO,EQ,736.6,738.45,704,714.85,718,733.3,35308,25310091.65,28-Aug-2026,3244,INE07OG01012
NDTV,EQ,74.33,74.76,73.06,73.77,73.07,74.2,53358,3947860.61,28-Aug-2026,879,INE155G01029
NECLIFE,EQ,13.08,13.08,12.43,12.47,12.49,13.08,468735,5891475.42,28-Aug-2026,1091,INE023H01027
NEAGI,EQ,3471.3,3471.3,3328.2,3450,3450,3306,127,439296.20,28-Aug-2026,37,INE605D01012
NELCAST,EQ,117.31,121.01,117.31,119.85,119.52,117.08,204137,24288364.75,28-Aug-2026,2560,INE189I01024
NELCO,EQ,969.9,974.8,948.6,961.2,970,960.4,156043,150122211.10,28-Aug-2026,6876,INE045B01015
NEOCHEM,ST,98.5,98.5,96.15,98,98,98.65,13200,1289820.00,28-Aug-2026,8,INE21UM01018
NEOGEN,EQ,2226.9,2259,2173,2209.8,2192.5,2230.2,89932,198254356.50,28-Aug-2026,18148,INE136S01016
NEPHROCARE,SM,101.85,103,98.5,102.25,102,101.85,26400,2659020.00,28-Aug-2026,54,INE0SUN01013
NEPHROPLUS,EQ,692.75,703,690,692.35,691,685.45,81324,56698166.10,28-Aug-2026,6323,INE428V01029
NEPTUNE,SM,180,182,180,182,182,175.2,1000,181000.00,28-Aug-2026,2,INE156901014
NESCO,EQ,1031,1075.3,1025,1048.4,1050,1017.1,219548,230078643.90,28-Aug-2026,15775,INE317F01035
NESTLEIND,EQ,1454.4,1456.5,1438,1454.6,1454.6,1450,445734,644533923.60,28-Aug-2026,22812,INE239A01024
NETWEB,EQ,5344.9,5450,5290,5322.9,5327,5272.2,1962173,10508609797.30,28-Aug-2026,159124,INE0NT901020
NPST,EQ,1645,1746.9,1629.2,1701.1,1708,1638.8,61681,105149207.50,28-Aug-2026,8206,INE0FFK01017
NETWORK18,EQ,29.35,29.42,28.46,28.8,28.7,29.14,4626567,133835448.10,28-Aug-2026,12125,INE870H01013
NEUEON,BE,12.85,13.36,12.1,13.34,13.36,12.73,95216,1227030.85,28-Aug-2026,183,INE333I01044
NEULANDLAB,EQ,23500,23876,23100,23205,23206,23496,38996,912874122.00,28-Aug-2026,15250,INE794A01010
NEWGEN,EQ,524.7,575.9,524.7,567.1,566,523,10501206,5887260273.10,28-Aug-2026,178725,INE619B01017
NEWJAISA,ST,17.6,17.6,17.6,17.6,17.6,17.3,3000,52800.00,28-Aug-2026,2,INE0PW501021
NMSTEEL,SM,23.3,24,23.3,24,24,24,8000,189760.00,28-Aug-2026,5,INE0TP801012
NEXTMEDIA,EQ,4.59,4.62,3.85,4.62,4.62,3.85,308631,1372144.94,28-Aug-2026,324,INE747B01016
NXST,RR,167.3,168.1,166.71,167.01,167.2,166.99,186748,31297243.69,28-Aug-2026,5764,INE0NDH25011
NFPSAMPOOR,SM,22,22.5,21,22.05,22.5,22,22000,474600.00,28-Aug-2026,11,INE0T1501010
NGLFINE,EQ,2897.4,2897.4,2800,2813.4,2810,2901.1,7479,21151655.90,28-Aug-2026,1725,INE887E01022
893NHB29,N6,5600,5600,5600,5600,5600,5558.21,10,56000.00,28-Aug-2026,1,INE557F07181
NHPC,EQ,76.2,76.39,74.82,74.82,74.82,76.55,9597848,721524315.57,28-Aug-2026,35590,INE848E01016
NIBE,EQ,1420.6,1426.3,1402,1408.1,1409.7,1388.6,32127,45283190.90,28-Aug-2026,2677,INE149O01018
NICCOPAR,EQ,98.99,98.99,85,87.04,85.01,90.23,6005,534929.92,28-Aug-2026,109,INE653C01022
NIDAN,SM,13.05,13.5,13.05,13.5,13.5,13.05,8000,106450.00,28-Aug-2026,7,INE0J6L01013
NIITMTS,EQ,227.09,234.76,227.09,233.07,233.48,229.81,182210,42349549.61,28-Aug-2026,8625,INE342G01023
NIITLTD,EQ,102.95,106.7,102.21,105.52,106.03,102.94,1104323,116235796.86,28-Aug-2026,10607,INE161A01038
NIKITA,SM,69.25,77,69.25,76.9,76.9,74.6,8400,629460.00,28-Aug-2026,7,INE0FLF01015
NILAINFRA,EQ,6.99,6.99,6.75,6.79,6.8,6.89,295906,2019797.29,28-Aug-2026,585,INE937C01029
NILASPACES,EQ,12.44,12.81,12.25,12.55,12.51,12.43,468887,5922361.96,28-Aug-2026,1727,INE00S901012
NILE,EQ,1490,1493.9,1456.4,1487.4,1490,1478.8,1996,2961899.10,28-Aug-2026,354,INE445D01013
NILKAMAL,EQ,2094,2105,2055.7,2071.9,2085,2081.6,21838,45371752.40,28-Aug-2026,3119,INE310A01015
NIMBSPROJ,EQ,174,174.84,169,169.98,169,169.7,86546,14688134.00,28-Aug-2026,70,INE875B01015
NINSYS,EQ,712.85,737,702.65,722.8,727,713.95,2516,1812005.00,28-Aug-2026,233,INE395U01014
BANKBEES,EQ,597.75,598,594.05,596.06,596.25,596.79,526937,314073672.91,28-Aug-2026,5018,INF204KB15I9
CONSUMBEES,EQ,133.23,133.85,132,132.58,132.1,133.22,95453,12655391.99,28-Aug-2026,967,INF204KA1LD7
DIVOPPBEES,EQ,77.84,77.87,77.32,77.44,77.32,77.32,45047,3493022.59,28-Aug-2026,633,INF204KA1MS3
NV20BEES,EQ,139.41,139.9,138.97,139.53,139.6,139.41,7735,1078574.87,28-Aug-2026,182,INF204KB18I3
GOLDBEES,EQ,129.65,131.08,129.13,130.85,130.96,130.05,26501307,3450209342.62,28-Aug-2026,71008,INF204KB17I5
HNGSNGBEES,EQ,477.23,478.7,471.95,473.21,473.99,472.5,66465,31462409.61,28-Aug-2026,2936,INF204KB19I1
INFRABEES,EQ,959.2,962.84,951.27,955.87,959.5,959.2,14984,14302871.42,28-Aug-2026,646,INF732E01268
ITBEES,EQ,33.71,34.82,33.62,34.7,34.7,33.71,20158995,697376190.08,28-Aug-2026,17645,INF204KB15V2
JUNIORBEES,EQ,821.9,821.9,800.5,801.29,803,805.78,194210,155873791.30,28-Aug-2026,6812,INF732E01045
LIQUIDBEES,EQ,1000,1000.01,999.99,1000,1000.01,1000,4166382,4166376964.93,28-Aug-2026,4412,INF732E01037
LTGILTBEES,EQ,29.97,29.98,29.88,29.95,29.96,29.94,2271031,67926686.20,28-Aug-2026,708,INF204KB1882
MID150BEES,EQ,243.5,246.3,243.04,243.63,243.99,243.5,523155,127425211.54,28-Aug-2026,5064,INF204KB1V68
NIF100BEES,EQ,268,269.45,267.41,267.89,267.5,268.93,17726,4754387.85,28-Aug-2026,602,INF204K014N5
NIFTYBEES,EQ,277.49,277.49,274.82,275.62,275.9,275.74,3137920,864173018.74,28-Aug-2026,36361,INF204KB14I2
PSUBNKBEES,EQ,96.08,97.1,95.72,96.04,96.15,96.08,763406,73253718.59,28-Aug-2026,3391,INF204KB16I7
SHARIABEES,EQ,458.2,461.44,458.14,459.2,459.2,458.14,12554,5779522.61,28-Aug-2026,388,INF732E01128
NAM-INDIA,EQ,1196.6,1209.4,1185,1194.4,1194.4,1204,505054,603665578.60,28-Aug-2026,27979,INE298J01013
LIQGRWBEES,EQ,1053.64,1053.66,1053.64,1053.65,1053.66,1053.24,26347,27760578.57,28-Aug-2026,137,INF204KC1FU1
MANUFGBEES,EQ,165.81,167.27,165.4,166.38,167.1,166.66,3760,625228.20,28-Aug-2026,88,INF204KC1GH6
AUTOBEES,EQ,301.04,301.04,296.55,298.11,298.99,298.96,168372,50208018.40,28-Aug-2026,2762,INF204KC1337
PHARMABEES,EQ,27.94,27.94,27.51,27.76,27.79,27.54,4556422,126085759.33,28-Aug-2026,8862,INF204KC1089
SILVERBEES,EQ,226.28,231.83,225.42,230.42,230.26,226.37,26759523,6126878255.88,28-Aug-2026,63028,INF204KC1402
SNXT30BEES,EQ,43.21,43.34,43,43.13,43.34,43.23,3111,134118.78,28-Aug-2026,61,INF204KC1EZ3
NIRAJ,EQ,29.14,29.75,28.5,29.35,29.3,28.57,51519,1516106.33,28-Aug-2026,219,INE368I01016
NIRAJISPAT,EQ,286,295.9,278.99,295.9,295.9,246.59,3053,894476.22,28-Aug-2026,77,INE326T01011
NIRLON,EQ,635.9,644.85,632.35,642.65,642.9,631.2,6956,4452760.60,28-Aug-2026,450,INE910A01012
NIRMAN,SM,29,30.3,28.7,28.8,28.8,28.95,12600,367950.00,28-Aug-2026,32,INE0OK701014
NITCO,EQ,97.29,97.48,95.21,95.59,96,97.56,1888937,182152706.10,28-Aug-2026,5099,INE858F01012
NITINSPIN,EQ,621.7,629.9,612.6,626.4,621.1,620.45,51698,32144704.40,28-Aug-2026,3178,INE229H01012
NITIRAJ,EQ,199.05,203.2,197.01,200.05,200,203.42,875,174666.41,28-Aug-2026,56,INE439T01012
NITTAGELA,EQ,1589.5,1672.9,1580.2,1656.1,1662,1589.5,5804,9482784.50,28-Aug-2026,1045,INE265B01019
NIVABUPA,EQ,82.5,83,81.5,81.8,82.13,82.5,329259,26987623.79,28-Aug-2026,4919,INE995S01015
NKIND,EQ,63.8,63.8,56.8,59.89,56.8,59.65,1182,72965.07,28-Aug-2026,45,INE542C01019
NLCINDIA,EQ,268.9,272.05,268.4,270.6,269.5,268.8,916598,247267611.80,28-Aug-2026,15664,INE589A01014
NMDC,EQ,86.03,87.59,86,86.76,86.76,85.72,14224538,1233606090.93,28-Aug-2026,39926,INE584A01023
NSLNISP,EQ,44.99,49.4,44.78,49.02,48.75,44.99,57456853,2743402307.69,28-Aug-2026,109550,INE0NNS01018
NOCIL,EQ,166.25,167.3,163.56,164.96,164.16,165.13,527888,87046885.10,28-Aug-2026,4889,INE163A01018
NOIDATOLL,EQ,4.16,4.28,4.07,4.2,4.22,4.13,153839,649537.86,28-Aug-2026,360,INE781B01015
NORBTEAEXP,EQ,69.96,69.96,66,69,69,67.3,456,30708.05,28-Aug-2026,14,INE369C01017
NECCLTD,BE,16.72,17.34,16.71,16.91,17.22,17.51,74290,1267010.32,28-Aug-2026,179,INE553C01016
NORTHARC,EQ,287.95,292,283.5,285.75,287.7,286.3,4983190,1428423603.05,28-Aug-2026,663207,INE850M01015
NOVAAGRI,BE,24.6,25.45,23.55,24.46,24.5,24.24,71162,1726101.42,28-Aug-2026,267,INE02H701025
NOVARTIND,EQ,1488.5,1494,1471.2,1486.3,1485.1,1490.2,4238,6285102.50,28-Aug-2026,518,INE234A01025
NRBBEARING,EQ,468.1,475,465.85,469.65,469.4,466.6,187908,88407200.00,28-Aug-2026,5255,INE349A01021
NIBL,EQ,31,32,30.4,30.66,30.5,30.58,11192,345717.40,28-Aug-2026,102,INE047O01014
NTPCGREEN,EQ,91.04,91.45,90.75,90.82,90.77,90.99,1033809,94125416.95,28-Aug-2026,11275,INE0ONG01011
NTPC,EQ,329.5,333.1,328.8,330.05,330.05,330.9,7332490,2427187702.30,28-Aug-2026,81709,INE733E01010
NUCLEUS,EQ,733.4,749.7,733.4,745.2,746.5,738.1,20206,15050777.05,28-Aug-2026,1179,INE096B01018
NRL,BE,125,125,124.8,125,125,125,48524,6065445.00,28-Aug-2026,135,INE0JM501013
NURECA,BE,334.75,335.85,321.1,331.05,333,319.9,14997,4990127.75,28-Aug-2026,425,INE0DSF01015
NUVAMA,EQ,1784,1825,1782,1805,1800.1,1784,246065,443898773.80,28-Aug-2026,19489,INE531F01023
NUVOCO,EQ,324.3,327.55,321,324.85,324.65,324.15,236387,76821025.00,28-Aug-2026,14439,INE118D01016
OBCL,EQ,56.1,56.1,55.21,55.4,55.5,56.16,774,42994.78,28-Aug-2026,29,INE426Z01016
OBEROIRLTY,EQ,1873.1,1880.8,1855.7,1870,1870,1872.9,263019,491884517.80,28-Aug-2026,38133,INE093I01010
OBSCP,SM,852,868.7,836,866.05,868,850.6,28400,24149960.00,28-Aug-2026,62,INE0YHV01011
OCCLLTD,BE,161.9,162,157.15,158.25,160,160.19,20606,3274796.05,28-Aug-2026,171,INE0PK601023
ODIGMA,EQ,22.3,23.11,22.3,23,23,22.73,15757,360451.39,28-Aug-2026,220,INE054301028
ODYCORP,EQ,7.59,8.48,6.98,7.98,7.4,7.1,105386,792097.68,28-Aug-2026,230,INE839E01023
ONGC,EQ,233.35,233.39,231.25,232.25,232.25,232,7638954,1773287983.14,28-Aug-2026,90402,INE213A01029
OILCOUNTUB,BE,57.61,61.3,57.61,60.99,61.3,59.79,32063,1944031.16,28-Aug-2026,156,INE591A01010
OIL,EQ,473.5,484.7,471.75,482.85,482.85,469.85,1907538,915992363.05,28-Aug-2026,27334,INE274J01014
OLAELEC,EQ,38,39.77,37.45,38.98,38.83,37.63,78463929,3052324435.07,28-Aug-2026,125161,INE0LXG01040
OLECTRA,EQ,1332.3,1335.7,1303.7,1312.3,1317,1326.3,237865,313025382.00,28-Aug-2026,13996,INE260D01016
OMFREIGHT,BE,87,92,87,90,90,90.27,4940,438293.52,28-Aug-2026,60,INE1BZC01019
OMINFRAL,EQ,83,84.8,81.6,83.01,83.48,83.3,86860,7229228.82,28-Aug-2026,2014,INE239D01028
OMPOWER,EQ,172,177,168.86,175.31,175.05,172.27,232635,40426302.91,28-Aug-2026,2818,INE25E901019
OMAXAUTO,EQ,188.93,192.4,186,188.72,189,191.23,46687,8851083.28,28-Aug-2026,1163,INE090B01011
OMAXE,EQ,112.16,134.3,111.81,131.74,132,113.38,24953289,3174468629.57,28-Aug-2026,145066,INE800H01010
OMNI,EQ,576,578.95,561.15,565.55,566,575.7,317666,180017059.15,28-Aug-2026,11824,INE0UH301010
ONDOOR,SM,309.4,309.4,300.6,305.8,305.9,302.55,3300,1010670.00,28-Aug-2026,11,INE00ER01015
PAYTM,EQ,1685,1698.3,1641.7,1650.9,1650.9,1679,1837484,3062638146.20,28-Aug-2026,42611,INE982J01020
ONEGLOBAL,EQ,564.95,564.95,546,546.7,546,541.4,4526,2486074.45,28-Aug-2026,334,INE670O01013
MOBIKWIK,EQ,192.94,195.46,191,192.33,192.75,191.55,454425,87631858.11,28-Aug-2026,5693,INE0HLU01028
ONEPOINT,EQ,55.77,55.79,54.55,55.03,54.84,55.54,552470,30383335.25,28-Aug-2026,2529,INE840Y01029
OLIL,SM,401.7,417,391.4,415,415,391.85,41200,16899420.00,28-Aug-2026,53,INE0OPS01011
ONELIFECAP,BE,31.79,33,31.1,31.3,31.3,31.79,4684,150453.54,28-Aug-2026,32,INE912L01015
KISSHT,EQ,302.9,312,302.4,306.3,306.45,303.1,907622,279312333.25,28-Aug-2026,31771,INE12F801023
ONESOURCE,EQ,1525,1539.5,1520,1532.2,1530,1517.5,32479,49681857.10,28-Aug-2026,5981,INE013P01021
ONIDA,EQ,36.24,36.5,35.15,36.19,36.2,36.24,623381,22308265.21,28-Aug-2026,1945,INE831A01028
ONIXSOLAR,EQ,308.8,316.05,305.35,316.05,316.05,301,354364,111584030.00,28-Aug-2026,2453,INE173M01012
ONMOBILE,BE,51.54,51.54,51.54,51.54,51.54,52.59,22465,1157846.10,28-Aug-2026,152,INE809I01019
ONWARDTEC,EQ,286.15,291.2,285,287.2,286.65,285.6,24765,7139814.05,28-Aug-2026,771,INE229A01017
ONYX,ST,42.05,42.05,42.05,42.05,42.05,42.05,6000,252300.00,28-Aug-2026,3,INE0WVU01018
OPTIEMUS,EQ,576.45,602.9,574,579.6,578.2,576.45,233808,137677933.45,28-Aug-2026,13324,INE350C01017
OPTIFIN,EQ,13,13.65,12.9,13.03,13.38,13.09,13755,181925.88,28-Aug-2026,101,INE031G01022
OPTIMYSTIX,SM,174,175,171,174.55,175,171.85,92000,15971240.00,28-Aug-2026,69,INE1JZB01022
OPTIVALUE,ST,190,190,182,187.65,190,190.75,30400,5692800.00,28-Aug-2026,19,INE15B101011
OFSS,EQ,11876,12275,11876,12190,12190,11855,428317,5204053344.00,28-Aug-2026,50809,INE881D01027
ORBTEXP,BE,237.9,245,237,243.62,240,239.09,5663,1359843.55,28-Aug-2026,56,INE231G01010
ORCHASP,EQ,1.43,1.5,1.4,1.43,1.44,1.43,256666,370114.30,28-Aug-2026,200,INE215B01022
ORCHPHARMA,EQ,931.9,980,924.95,975.6,972.6,928.8,63715,61003003.25,28-Aug-2026,4929,INE191A01027
ORIANA,SM,1323.95,1323.95,1297.9,1299.1,1297.9,1301.9,25725,33496983.75,28-Aug-2026,248,INE0OUT01019
ORICONENT,EQ,55,56.39,51.85,55.82,56.39,55.4,329836,18461548.00,28-Aug-2026,771,INE730A01022
ORIENTBELL,EQ,367,404.8,367,379.25,377.1,377.2,77661,29959677.40,28-Aug-2026,3431,INE607D01018
ORIENTCEM,EQ,132.04,132.1,130.81,131.37,131.25,131.41,89980,11806280.50,28-Aug-2026,1377,INE876N01018
ORIENTCER,EQ,45.05,47,45.05,46.6,46.98,45.29,128190,5944918.08,28-Aug-2026,2732,INE569C01020
ORIENTELEC,EQ,180.36,181.25,178.51,180.17,180.5,179.46,109521,19723558.16,28-Aug-2026,3142,INE142Z01019
GREENPOWER,EQ,9.41,9.54,9.36,9.39,9.42,9.41,1758824,16545594.23,28-Aug-2026,2574,INE999K01014
ORIENTHOT,EQ,139.15,139.89,136.8,137.48,137.94,139.15,831534,114483944.04,28-Aug-2026,7452,INE750A01020
ORIENTPPR,EQ,17.04,17.33,16.82,17.21,17.15,17.04,294544,5016710.74,28-Aug-2026,663,INE592A01026
ORIENTLTD,BE,83.7,85.43,80.07,80.1,80.07,83.03,2378,194323.43,28-Aug-2026,34,INE609C01024
ORIENTTECH,EQ,244,255.65,244,244.8,244.8,243.65,306165,76423202.25,28-Aug-2026,6204,INE0PPK01015
OAL,EQ,425,492.7,424,487.8,486,428.95,765470,358024095.80,28-Aug-2026,32190,INE959C01023
ORIRAIL,EQ,124.5,133.38,124.5,131.7,132,126.56,113427,14783823.37,28-Aug-2026,1883,INE457G01029
ORIENTALTL,EQ,5.03,5.15,4.94,5.01,5,5.14,96232,482565.99,28-Aug-2026,351,INE998H01012
ORISSAMINE,EQ,4552.6,4617,4428,4462.2,4448.8,4543.5,7201,32505525.40,28-Aug-2026,1358,INE725E01024
ORKLAINDIA,EQ,611,616.45,590.25,595.4,601,606,235478,142603680.05,28-Aug-2026,15147,INE16NZ01023
ORTINGLOBE,EQ,15.1,15.38,14.86,14.93,15.2,15.1,6400,97455.66,28-Aug-2026,33,INE749B01020
OSELDEVICE,SM,390,398.95,383.1,393.7,393.7,391.95,17000,6620750.00,28-Aug-2026,72,INE0RMF01018
OSIAHYPER,BE,2.66,2.66,2.48,2.5,2.56,2.61,442138,1117595.33,28-Aug-2026,521,INE06IR01021
OSWALAGRO,EQ,37.48,37.8,36.66,37.65,37.78,36.86,72768,2722767.25,28-Aug-2026,425,INE142A01012
OSWALGREEN,EQ,21.25,21.25,20.65,20.74,20.65,20.9,153640,3187396.38,28-Aug-2026,459,INE143A01010
OSWALPUMPS,EQ,296,298.35,293.8,295.55,296,298.4,218585,64647149.55,28-Aug-2026,4790,INE0BYP01024
OWAIS,ST,77.95,77.95,77.95,77.95,77.95,74.25,6800,530060.00,28-Aug-2026,23,INE0R8M01017
PBMPOLY,EQ,60.2,72.2,60.2,64.61,65.5,60.2,2394,164320.95,28-Aug-2026,48,INE501F01018
PNGJL,EQ,595,601.7,583.3,598,596.35,594.55,671442,398930343.25,28-Aug-2026,21720,INE953R01016
POEL,EQ,152.94,156.18,149,149.51,151.8,150.6,31498,4778125.22,28-Aug-2026,506,INE035S01028
PSRAJ,ST,78.55,80.65,78.55,80.65,80.65,80,5000,398000.00,28-Aug-2026,2,INE0XUS01020
PGHH,EQ,8156,8165,8076.5,8092,8093,8102.5,7078,57463485.00,28-Aug-2026,1812,INE179A01014
PROPEQUITY,SM,210,210,199,210,210,210,4800,970800.00,28-Aug-2026,8,INE0KN801013
PACEDIGITK,EQ,178.5,180.71,175.5,176.15,176.6,179.15,397830,70469658.32,28-Aug-2026,4904,INE0S3G01027
PACIFICI,EQ,134.89,145,133,136,136,137.63,747,102499.26,28-Aug-2026,29,INE883C01025
PAGEIND,EQ,35800,35985,35510,35985,35985,35800,13087,467718770.00,28-Aug-2026,6258,INE761H01022
PAISALO,EQ,67.85,68.54,66.82,67.56,67.74,67.83,9932266,671853409.59,28-Aug-2026,10752,INE420C01059
PAKKA,EQ,78.55,79.69,77.07,78.38,78.2,77.64,85729,6736603.05,28-Aug-2026,2558,INE551D01018
PALASHSECU,EQ,89.9,91.9,86.4,91.39,91.39,89.78,3854,352217.83,28-Aug-2026,34,INE471W01019
PALREDTEC,BE,55.8,55.95,55.01,55.9,55.9,56.08,2255,126040.20,28-Aug-2026,22,INE218G01033
PANACEABIO,EQ,396.9,409,393.2,395.5,395.1,393.25,89332,35600410.15,28-Aug-2026,2909,INE922B01023
PANACHE,BE,519,530.2,510,530.2,530.2,519.85,15284,7954218.75,28-Aug-2026,85,INE895W01019
PANAMAPET,EQ,473.8,474.05,464,465.2,465.95,470.75,140701,65804547.20,28-Aug-2026,3949,INE305C01029
PANCHMAHQ,EQ,320,320,290,304.15,300.2,289.95,297,90657.90,28-Aug-2026,38,INE798F01010
PANORAMA,EQ,48.5,48.62,45.51,46.47,46.11,48.26,262808,12186350.04,28-Aug-2026,1123,INE258R01028
PANSARI,EQ,315,315.05,302,306.55,306.5,315,234,72982.70,28-Aug-2026,21,INE697V01011
PAR,EQ,99,100.9,99,100.21,100.28,99.56,3407,338534.85,28-Aug-2026,73,INE04LG01015
PARADEEP,EQ,161.35,168,161.35,165.88,165.25,160.55,8464938,1403851232.00,28-Aug-2026,71995,INE088F01024
PARAGMILK,EQ,242.7,242.7,237,237.65,238,241.17,254261,60787666.02,28-Aug-2026,4699,INE883N01014
PARAGON,SM,47.05,48.25,47.05,47.55,47.55,47.05,6000,285840.00,28-Aug-2026,5,INE0N4G01012
PARACABLES,EQ,59.55,63.53,59.3,62.37,62.7,59.37,2465156,152638317.75,28-Aug-2026,12581,INE074B01023
PARAMOUNT,SM,29.85,30.85,29.85,30.35,30.85,31,3600,108660.00,28-Aug-2026,3,INE0TG801013
PSFL,SM,31.05,31.05,31.05,31.05,31.05,31,12000,372600.00,28-Aug-2026,4,INE0Q6001012
PARAS,EQ,1459,1467.1,1425,1439.7,1441.8,1454.8,618190,891770272.50,28-Aug-2026,30557,INE045601023
PARASPETRO,EQ,2.2,2.34,2.2,2.22,2.25,2.24,120184,272171.02,28-Aug-2026,195,INE162C01024
PARIN,SM,738,738,700,720,720,710,1000,719750.00,28-Aug-2026,4,INE00U801010
PARKHOSPS,EQ,291,293.25,289.2,290.55,290,290.15,253289,73746379.20,28-Aug-2026,4719,INE119201023
PARKHOTELS,EQ,112.89,115,111.51,112.33,113.5,112.11,215724,24386118.10,28-Aug-2026,2766,INE988S01028
PARNAXLAB,EQ,124.02,130,124,128.4,128,123.41,1555,197825.54,28-Aug-2026,20,INE383L01019
PARSVNATH,BE,1.45,1.45,1.44,1.45,1.45,1.43,2961572,4294174.46,28-Aug-2026,355,INE561H01026
PARTH,SM,478,504,460,498.95,494,478,59200,29262520.00,28-Aug-2026,29,INE1H7V01011
PARTYCRUS,SM,76.1,85,76.1,83.5,83.5,78.55,15000,1257500.00,28-Aug-2026,15,INE06ZX01015
PASHUPATI,EQ,85.2,85.2,83.96,84.18,84,84.17,9228,779982.84,28-Aug-2026,469,INE124Y01028
PASUPTAC,BE,60.66,62.44,60.66,61.79,61.3,62.15,19781,1218024.88,28-Aug-2026,136,INE818B01023
PATANJALI,EQ,349,349.8,345.35,348.45,348.45,348.25,1099007,381855083.05,28-Aug-2026,69149,INE619A01035
1025PATE28,N0,99700,100000,99700,100000,100000,99500,6,599700.00,28-Aug-2026,2,INE244B07243
PATELENG,EQ,29.16,29.24,28.3,28.34,28.4,29.08,1807723,51713141.62,28-Aug-2026,5413,INE244B01030
PATINTLOG,BE,13.25,13.25,12.94,13.06,13.14,13.08,24202,316706.24,28-Aug-2026,122,INE529D01014
PATELRMART,EQ,234.38,236.9,230,232.68,233.13,234.25,37968,8872685.79,28-Aug-2026,1334,INE0R8B01010
PATILAUTOM,SM,229.5,229.5,221.35,225.65,224.25,230.7,51600,11672550.00,28-Aug-2026,85,INE17GV01016
PML,EQ,491.3,491.3,482.05,485.15,482.05,498,25,12201.85,28-Aug-2026,15,INE291E01019
PAUSHAKLTD,EQ,732.2,789.9,732.2,776.7,781,738.2,71076,55216985.05,28-Aug-2026,5162,INE111F01024
PAVNAIND,EQ,18.21,18.9,18.21,18.47,18.26,18.51,9166,170359.76,28-Aug-2026,109,INE07S101038
POLICYBZR,EQ,1842.7,1844.8,1804.8,1811.5,1811.5,1837.9,344633,629247726.70,28-Aug-2026,54124,INE417T01026
PCJEWELLER,EQ,10.95,11.25,10.83,10.94,10.92,11.01,360417197,3963334519.61,28-Aug-2026,81595,INE785M01021
PCBL,EQ,323,326.8,321.15,322.1,322.6,323,353232,114258725.35,28-Aug-2026,9385,INE602A01031
PDSL,EQ,367.3,371.95,364.05,369.75,366.7,366.55,259144,95544766.50,28-Aug-2026,9608,INE111Q01021
PGIL,EQ,2294.8,2333.1,2290,2314.3,2320,2294.8,24478,56626102.20,28-Aug-2026,4977,INE940H01022
PEARLPOLY,EQ,15.55,15.55,15.04,15.16,15.4,15.18,9153,138883.01,28-Aug-2026,45,INE844A01013
PELATRO,SM,366,366,358.5,359,359,370,4800,1736850.00,28-Aug-2026,14,INE0VG601013
PENINLAND,BE,17.28,17.52,16.99,16.99,16.99,17.88,196026,3352890.25,28-Aug-2026,301,INE138A01028
PENIND,EQ,160.91,163.9,159,162.28,162.2,160.9,354594,57478217.78,28-Aug-2026,4760,INE932A01024
PENTAGON,SM,51,51,51,51,51,50.55,1000,51000.00,28-Aug-2026,1,INE0ORS01017
PERFECT,SZ,2,2,2,2,2,2.1,6000,12000.00,28-Aug-2026,2,INE925S01012
PERMAGN,EQ,875,907.4,870.05,893.95,889,869.45,2754,2441417.75,28-Aug-2026,387,INE418E01018
PERSISTENT,EQ,5677,5910,5677,5875,5875,5654,957631,5584987716.50,28-Aug-2026,69212,INE262H01021
PCCL,SM,370,393,361.1,391.9,392.9,381,34000,13053700.00,28-Aug-2026,73,INE998U01015
PETRONET,EQ,291,292.85,290.05,292,292,290.95,1164928,340064513.05,28-Aug-2026,27110,INE347G01014
PFCL41A,NE,1000,1000,1000,1000,1000,952.35,100,100000.00,28-Aug-2026,1,INE134E07DJ3
705PFCL41,NA,1000,1000,1000,1000,1000,999.98,1,1000.00,28-Aug-2026,1,INE134E07DS4
730PFCL41,NC,1010.01,1010.01,1010.01,1010.01,1010.01,1010,26,26260.26,28-Aug-2026,2,INE134E07DU0
PFIZER,EQ,4763.9,4778.4,4690.1,4703.8,4715,4740.4,26865,126891360.10,28-Aug-2026,6799,INE182A01018
935PFL33,N3,1095.03,1095.03,1095.03,1095.03,1095.03,1095.05,74,81032.22,28-Aug-2026,1,INE140A07773
PGEL,EQ,596,598.7,584.15,585.85,585.85,596,533664,314545227.10,28-Aug-2026,11736,INE457L01029
PHANTOMFX,SM,115.5,122.5,115.15,120.7,122,117.05,12600,1500150.00,28-Aug-2026,39,INE0MLZ01019
PHOENXINTL,EQ,31.5,31.5,29.85,30.13,31.4,30.31,2249,68406.59,28-Aug-2026,39,INE245B01011
PHOGLOBAL,SM,15.2,15.2,15.2,15.2,15.2,16,2000,30400.00,28-Aug-2026,1,INE0FPO01018
PWL,EQ,124.68,124.74,118.25,119.46,119.3,124.09,16232251,1947488502.57,28-Aug-2026,90556,INE0LP301011
PIIND,EQ,2479.8,2493.7,2420.1,2420.1,2420.1,2467,249992,615039377.50,28-Aug-2026,22311,INE603J01030
PICCADIL,EQ,654.8,658.4,649.2,651.25,651,653.85,126218,82444915.65,28-Aug-2026,6251,INE546C01010
PPSL,SM,2.85,2.85,2.75,2.85,2.85,2.75,54000,153450.00,28-Aug-2026,17,INE0YAL01017
PIDILITIND,EQ,1656,1658.5,1617,1629.5,1629.5,1656,449546,732343391.50,28-Aug-2026,23685,INE318A01026
PILITA,EQ,8.27,8.3,7.75,7.93,7.99,8.11,88732,711509.58,28-Aug-2026,269,INE600A01035
PILANIINVS,EQ,4403.7,4419.5,4374.4,4387.9,4376.1,4363.8,520,2285204.40,28-Aug-2026,156,INE417C01014
PINELABS,EQ,170.5,170.5,164.15,165.07,165.88,169.67,8248186,1378390893.67,28-Aug-2026,41729,INE15B701018
PIONEEREMB,EQ,22,22,21.75,21.95,21.95,21.98,5645,123573.08,28-Aug-2026,36,INE156C01018
PIONRINV,BE,76.69,83,76.69,82.45,82.45,80.72,379,31218.81,28-Aug-2026,11,INE746D01014
PIRAMALFIN,EQ,2211.3,2299.9,2211.3,2278.4,2281,2228.7,394664,897425963.50,28-Aug-2026,25565,INE202B01038
PPLPHARMA,EQ,215.4,220,214.61,218.68,217.9,214.95,5418446,1181851387.50,28-Aug-2026,47935,INE0DK501011
PITTIENG,EQ,1140,1140.9,1113.35,1121.2,1118,1129.65,83398,93937822.55,28-Aug-2026,5176,INE450D01021
PIXTRANS,EQ,1870,1870,1831,1843.3,1849,1863.6,12449,22976178.50,28-Aug-2026,2113,INE751B01018
PLASTIBLEN,EQ,189.95,191.69,188.08,189.56,188.4,189.24,17406,3298648.51,28-Aug-2026,439,INE083C01022
PLATIND,EQ,227.29,234,226.41,230.58,230.4,227.31,79302,18289655.75,28-Aug-2026,2135,INE0PT501018
PLAZACABLE,EQ,52.6,53.86,51.31,53.86,53.86,51.3,70633,3757527.65,28-Aug-2026,500,INE0INJ01017
PNBGILTS,EQ,77.99,79.9,77.85,78.71,78.99,77.96,258583,20404275.44,28-Aug-2026,2003,INE859A01011
PNBHOUSING,EQ,1174.6,1189.3,1158,1169.9,1169.9,1178,438325,511497920.60,28-Aug-2026,18622,INE572E01012
PNCINFRA,EQ,200,200,194.01,195.22,195.65,198.34,361612,70781540.70,28-Aug-2026,9331,INE195J01029
PNGSREVA,EQ,547.65,554.45,536.1,542.25,544.35,542.9,64170,34918717.45,28-Aug-2026,2334,INE1RDG01013
PODDARMENT,EQ,245.8,253.6,242.35,251,251,245.8,1040,259493.90,28-Aug-2026,55,INE371C01013
POKARNA,EQ,862.15,888,857.05,875.05,873.1,855.3,62427,54436823.05,28-Aug-2026,4133,INE637C01025
POLYMED,EQ,1707.2,1741,1681.7,1733,1739.5,1712.6,197416,338692355.80,28-Aug-2026,16131,INE205C01021
POLYCAB,EQ,9079,9103,9013.5,9088,9088,9079,252548,2288991120.00,28-Aug-2026,30899,INE455K01017
POLYPLEX,EQ,1150,1190.9,1150,1184.4,1190.9,1149.2,71791,84594061.70,28-Aug-2026,4947,INE633B01018
POLYSIL,SM,54,55.25,54,55.25,55.25,52.65,49000,2701325.00,28-Aug-2026,54,INE517M01028
POLYSPIN,EQ,31.93,31.93,28.06,29.52,30.79,31.93,742,22443.62,28-Aug-2026,23,INE914G01029
POCL,EQ,514.55,514.55,499.75,509.2,510,511.3,380141,192215085.85,28-Aug-2026,9924,INE063E01061
PONNIERODE,EQ,385.7,400,385.7,396.95,397.95,382,38255,15066162.65,28-Aug-2026,2618,INE838E01017
POONAWALLA,EQ,482.6,486.25,475,479.05,477.85,482.35,560278,268596376.55,28-Aug-2026,17743,INE511C01022
PVSL,EQ,106,109,100.5,102.11,101.71,106.08,91563,9457811.18,28-Aug-2026,1887,INE772T01024
POSITRON,SM,169.95,170.5,165.25,168.3,168.5,167.45,3600,605295.00,28-Aug-2026,12,INE0S3H01017
PFC,EQ,356,356,350.2,352,352,355.85,6299577,2216248443.85,28-Aug-2026,69166,INE134E01011
POWERGRID,EQ,266.05,267.35,265.05,266.05,266.05,264.9,5112511,1362102627.40,28-Aug-2026,37454,INE752E01010
PIGL,EQ,103.76,103.79,101.58,102.14,102.55,101.85,14912,1524869.03,28-Aug-2026,743,INE557Z01018
POWERMECH,EQ,2547.4,2586,2546.2,2580.6,2579,2547.4,45314,116251084.90,28-Aug-2026,6007,INE211R01019
PGINVIT,IV,100.29,100.29,99.9,100.01,99.99,99.64,711939,71207403.41,28-Aug-2026,7215,INE0GGX23010
POWERICA,EQ,519,528.95,515.45,517.7,518,519,65666,34039016.10,28-Aug-2026,2537,INE921L01032
PPAP,BE,263,266,256,259.25,262.95,260.45,11623,3030399.80,28-Aug-2026,240,INE095I01015
PRABHA,EQ,208.52,211.3,203.49,207.77,210.95,206.86,55823,11545844.15,28-Aug-2026,591,INE0I0M01023
PRADPME,BE,496.2,504.7,480.1,492.5,492.15,496.2,8126,4041784.30,28-Aug-2026,83,INE770A01010
PRAJIND,EQ,353.25,354.85,346.5,347.9,347.75,354.4,438949,153559453.40,28-Aug-2026,12836,INE074A01025
PRAENG,EQ,20.7,20.7,19.82,20.63,20.64,19.76,33024,673156.84,28-Aug-2026,127,INE505C01016
PRAKASH,EQ,127.5,131.31,127.5,129.97,129.6,127.31,419655,54320543.13,28-Aug-2026,4550,INE603A01013
PPL,BE,263.95,265.5,259.95,263.75,263.75,259.95,11224,2950350.95,28-Aug-2026,227,INE050001010
PRAKASHSTL,EQ,3.88,4.06,3.7,3.92,3.92,3.88,355098,1415989.53,28-Aug-2026,359,INE696K01024
PRAMARA,SM,114,115.45,109,112.1,113,110,9000,1008925.00,28-Aug-2026,15,INE0O7A01017
PRAMODINI,ST,118.7,118.75,114.5,114.8,114.5,117.15,73200,8476500.00,28-Aug-2026,59,INE2JG601017
PRANIK,SM,43,43,43,43,43,42,4800,206400.00,28-Aug-2026,2,INE0VJG01014
DIAMONDYD,EQ,1170.1,1175.9,1150,1162.8,1169,1175,11325,13168302.40,28-Aug-2026,1485,INE393P01035
PRATHAM,SM,118.15,118.15,118.15,118.15,118.15,120.05,400,47260.00,28-Aug-2026,1,INE0QA601016
PRAVEG,EQ,275.5,279.8,270,276.65,277.6,275,24796,6801090.90,28-Aug-2026,1398,INE722B01019
PRAXIS,EQ,5.18,5.18,4.95,4.96,4.95,4.98,132169,662780.51,28-Aug-2026,210,INE546Y01022
PRECAM,EQ,125.7,128,124.76,126.33,125.81,125.8,182688,23095160.08,28-Aug-2026,3912,INE484I01029
PRECWIRE,EQ,422.8,507.35,421.7,507.35,507.35,422.8,8561415,4160789657.35,28-Aug-2026,133706,INE372C01037
PRECOT,EQ,712,720.1,681.5,701.5,707.05,703.75,4311,3064704.80,28-Aug-2026,340,INE283A01014
PREMCO,EQ,384.35,389.3,378,381.2,386.95,384.35,117,44828.45,28-Aug-2026,19,INE001E01012
PREMIERENE,EQ,994.9,1019,973,1013.9,1013.9,1000,2307505,2305299150.90,28-Aug-2026,64112,INE0BS701011
PREMEXPLN,EQ,666.45,668,661.1,662.75,663.8,666.25,72917,48345449.80,28-Aug-2026,1353,INE863B01029
PREMIER,BE,2.97,2.97,2.9,2.9,2.92,2.83,4568,13394.13,28-Aug-2026,25,INE342A01018
PREMIERPOL,EQ,96,97.99,92.5,93.86,94.4,95.21,522731,49933040.69,28-Aug-2026,5557,INE309M01020
PRLIND,SM,42.6,43.2,42.2,42.6,42.45,42.6,17000,723700.00,28-Aug-2026,15,INE0CFG01012
PREMIUM,SM,39.85,40,39.85,40,40,37.75,15000,599250.00,28-Aug-2026,5,INE0M1F01011
PRESSTONIC,SM,37.2,37.2,35.15,35.15,35.15,37.7,28000,1013800.00,28-Aug-2026,29,INE0R1601012
PRESTIGE,EQ,1624,1628.5,1584.5,1588,1588,1623,274021,437438750.40,28-Aug-2026,13229,INE811K01011
PRICOLLTD,EQ,769,780.75,767.05,770.65,770,776.7,244858,189240447.40,28-Aug-2026,23252,INE726V01018
PRIMECAB,ST,201.95,205,201.95,204,204,205.1,4800,977520.00,28-Aug-2026,3,INE0CQA01020
PFOCUS,EQ,296.9,299.45,292.35,294.4,294.6,295.65,166516,49101931.25,28-Aug-2026,4526,INE367G01038
PRIMESECU,EQ,281.35,292,276.05,287.85,287,279.9,13466,3836395.45,28-Aug-2026,349,INE032B01021
PRIMO,EQ,21.65,21.65,21,21.33,21.3,21.49,100284,2139243.57,28-Aug-2026,1413,INE607A01022
PRINCEPIPE,EQ,295.65,297.4,291.4,293.45,294.4,295.65,114876,33763962.45,28-Aug-2026,2840,INE689W01016
PRSMJOHNSN,EQ,111.6,111.8,111,111.18,111,111.16,298381,33209495.17,28-Aug-2026,4232,INE010A01011
PRISMX,EQ,0.53,0.55,0.53,0.55,0.55,0.53,134404,72715.19,28-Aug-2026,84,INE286N01028
PRITI,BE,34.1,34.9,33.55,34.35,34,34.2,6387,219348.92,28-Aug-2026,68,INE974Z01015
PRITIKAUTO,BE,16.81,17.4,16.81,17.09,17.2,17.25,46447,795216.05,28-Aug-2026,293,INE583R01029
PRITIKA,SM,58.55,62,58.55,61.8,61.6,61.8,20000,1229500.00,28-Aug-2026,5,INE0MJQ01020
PNC,EQ,17.52,17.8,16.25,16.99,17.25,17.44,9376,161001.46,28-Aug-2026,210,INE392B01011
PRIVISCL,EQ,3450.1,3490,3402.5,3458,3404,3456.6,21368,74067016.70,28-Aug-2026,6003,INE959A01019
PRIZOR,ST,1087.4,1087.4,1087.4,1087.4,1087.4,1066.1,8400,9134160.00,28-Aug-2026,11,INE0V9N01017
PROFX,SM,78.1,78.1,78.1,78.1,78.1,76.8,1600,124960.00,28-Aug-2026,1,INE0VJT01017
PGHL,EQ,5750,5750,5640,5670.5,5690,5722.5,12108,68766537.50,28-Aug-2026,3706,INE199A01012
PROLIFE,SM,82,82,80.5,80.5,80.5,79,1000,81250.00,28-Aug-2026,2,INE994V01012
PROPSHOP,SM,75,80,72.5,74.65,74,74.7,338000,25885400.00,28-Aug-2026,153,INE1FFX01018
PROSTARM,EQ,131.64,136.4,131.64,135.31,135.1,132.52,167124,22481068.34,28-Aug-2026,2742,INE0BX301013
PROTEAN,EQ,548,554,537.65,539.75,540,556.9,283361,153255199.95,28-Aug-2026,9894,INE004A01022
PROV,SM,1880,1881,1880,1881,1881,1880,160,300880.00,28-Aug-2026,2,INE0ONE01016
PROZONER,EQ,45.25,45.25,43.1,44.91,45.02,44.21,198541,8787082.16,28-Aug-2026,1247,INE195N01013
PRUDENT,EQ,3485,3485,3361.6,3421.3,3425,3473.5,26505,90221251.60,28-Aug-2026,4907,INE00F201020
PRUDMOULI,BE,16.28,16.85,15.5,16.21,16.21,16.11,16659,272427.47,28-Aug-2026,69,INE024D01016
PSPPROJECT,EQ,903,903.25,885,889,889,901.2,29015,25959939.25,28-Aug-2026,1547,INE488V01015
PFS,EQ,27.16,27.4,26.88,26.95,27,27.24,438006,11835130.72,28-Aug-2026,2067,INE560K01014
PTC,EQ,158,158.11,156.01,157.69,157.65,157.96,1285321,201654105.75,28-Aug-2026,13589,INE877F01012
PTCIL,EQ,20625,22215,20622,22110,22050,20622,100300,2184445054.00,28-Aug-2026,29062,INE596F01018
PTL,EQ,38.64,38.64,38.2,38.53,38.5,38.41,26069,1002480.10,28-Aug-2026,614,INE034D01049
PDMJEPAPER,EQ,88.1,95.9,87.7,94.98,95.9,87.52,465662,43432055.93,28-Aug-2026,4175,INE865T01018
PULZ,SM,22.5,22.5,22.35,22.35,22.35,23,12000,268800.00,28-Aug-2026,5,INE335X01014
PSB,EQ,23.3,23.34,23.1,23.14,23.18,23.32,680020,15770371.71,28-Aug-2026,2585,INE608A01012
PUNJABCHEM,EQ,1124.6,1164.2,1111.1,1126.9,1124.1,1112.8,9103,10382374.00,28-Aug-2026,846,INE277B01014
PNB,EQ,114.81,115.75,114.42,115.4,115.4,115.4,8502644,979841598.81,28-Aug-2026,29536,INE160A01022
PURVA,EQ,214.2,216.85,212.93,215.78,214.8,214.22,85702,18440397.01,28-Aug-2026,3376,INE323I01011
PURPLEUTED,ST,424,428,415,415.75,415,422.6,12250,5134462.50,28-Aug-2026,39,INE0P5R01014
PURVFLEXI,SM,49.1,49.1,49.1,49.1,49.1,46.8,800,39280.00,28-Aug-2026,1,INE0R6C01012
PUSHPA,SM,113.75,113.75,110.95,113.6,113.75,113.75,9000,1015200.00,28-Aug-2026,6,INE154801018
PVP,EQ,65,65.22,63.9,65.22,65.22,62.12,1739968,113254991.88,28-Aug-2026,1971,INE362A01016
PVRINOX,EQ,1234.9,1242.8,1215.1,1220.9,1219.7,1236.3,210854,258178410.50,28-Aug-2026,15691,INE191H01014
PYRAMID,EQ,160,160.01,158.5,159.89,160,159.99,27568,4394690.84,28-Aug-2026,505,INE0MIS01010
QLINE,SM,532,552,525.05,548.95,551,528.3,129600,69634480.00,28-Aug-2026,278,INE1G2W01011
QMSMEDI,BE,152,154.7,151,151.89,153.95,151.88,10622,1620724.21,28-Aug-2026,94,INE0FMW01018
QUADFUTURE,EQ,434.8,445,424.25,429.2,425.5,432.55,767293,334891062.35,28-Aug-2026,15958,INE0LRY01011
QPOWER,EQ,1390,1431.2,1359.7,1431.2,1431.2,1363.1,582162,825318479.70,28-Aug-2026,19149,INE0SII01026
QGOLDHALF,EQ,130,132,129.6,131.17,131.35,130.48,143359,18727903.22,28-Aug-2026,1804,INF082J01408
QNIFTY,EQ,271.51,271.51,263.01,266.31,266.2,266.19,1049,278960.45,28-Aug-2026,98,INF082J01499
SILVER001,EQ,24,24.89,23.2,24.4,24.4,23.91,25737,625691.78,28-Aug-2026,124,INF966L01EI5
QUESS,EQ,357,374.7,356.85,372.25,374.15,356.95,722192,266686047.15,28-Aug-2026,28257,INE615P01015
QUESTLAB,SM,88.5,89.05,87.45,88,88,87.25,69600,6127440.00,28-Aug-2026,11,INE0TNW01017
QUICKHEAL,BE,136.77,139.41,135.5,138.73,138.79,137.1,35106,4832198.19,28-Aug-2026,699,INE306L01010
QUICKTOUCH,SM,16.15,16.15,16.05,16.05,16.05,16.15,1500,24125.00,28-Aug-2026,2,INE0K4D01020
QUINT,EQ,41,42,40,40.74,41,40.26,5809,235928.99,28-Aug-2026,71,INE641R01017
QVCEL,SM,26.2,27.4,26.2,27.1,27.1,26.2,4800,129120.00,28-Aug-2026,3,INE0KZF01015
RKSWAMY,EQ,94.06,95.21,92.9,93.82,94.5,94.01,42695,3988185.81,28-Aug-2026,874,INE0NQ801033
RMDRIP,BE,19.7,20.5,19.7,20.43,20.4,19.8,411572,8328547.20,28-Aug-2026,866,INE219Y01026
RRIL,EQ,16.68,17.88,16.68,16.71,16.69,17.27,13971,236269.20,28-Aug-2026,84,INE951M01037
RRKABEL,EQ,2843.3,2925,2840,2905.2,2908,2830.1,629274,1820567662.50,28-Aug-2026,47503,INE777K01022
RSDFIN,BE,100.39,105.67,100.39,100.39,100.39,105.67,2229,225034.13,28-Aug-2026,41,INE616F01022
RSYSTEMS,EQ,238.25,248.7,238.2,246.75,246.5,239.1,253785,62134350.35,28-Aug-2026,5231,INE411H01032
RTSPOWR,EQ,91.67,94.99,86.38,88.3,90.84,89.44,2791,250693.90,28-Aug-2026,123,INE005C01017
RNBDENIMS,EQ,9.68,9.83,9.68,9.83,9.83,9.37,166097,1621008.65,28-Aug-2026,189,INE012Q01039
RSSOFTWARE,EQ,33.94,33.94,31.29,31.29,31.29,32.93,71139,2253032.06,28-Aug-2026,259,INE165B01029
RPPINFRA,EQ,57.5,57.9,53.6,53.83,54.4,57.53,228233,12575365.61,28-Aug-2026,3462,INE324L01013
RIIT,IV,123,123,121.26,121.48,121.5,121.54,175206,21329555.04,28-Aug-2026,1593,INE2PB023011
RACE,EQ,101.59,103.39,99.5,100.55,99.85,101.59,5538,557658.05,28-Aug-2026,68,INE084Q01012
RILINFRA,SM,36.5,36.5,35.55,35.9,35.95,35.6,5600,200430.00,28-Aug-2026,29,INE02OY01016
RACLGEAR,EQ,1528.8,1562,1503.1,1538.6,1549.1,1528.8,49159,75640382.20,28-Aug-2026,5188,INE704B01017
RADAAN,EQ,3.01,3.14,2.9,3.12,3.14,3.01,52812,162198.65,28-Aug-2026,105,INE874F01027
RADHIKAJWE,EQ,70.33,70.67,68.5,68.76,68.5,70.33,243664,16957685.40,28-Aug-2026,2653,INE583V01021
RADIANTCMS,EQ,40.99,40.99,39.16,39.27,39.2,40.41,253157,10016369.15,28-Aug-2026,2309,INE855R01021
RADICO,EQ,4600.8,4615,4574.3,4605,4605,4606,140966,648757080.20,28-Aug-2026,15768,INE944F01028
RADIOWALLA,ST,27.5,27.5,27.5,27.5,27.5,27,20800,572000.00,28-Aug-2026,8,INE430U01019
RPEL,EQ,1742,1798,1719.4,1748.4,1745,1745.4,91921,161496194.10,28-Aug-2026,10758,INE912T01018
RVNL,EQ,217,217.1,214,214.22,214.22,216,2941255,633446901.03,28-Aug-2026,31709,INE415G01027
RAILTEL,EQ,279,282.6,278.1,278.9,279,279.05,365408,102333912.20,28-Aug-2026,8994,INE0DD101019
RAIN,EQ,194.5,200.4,194.5,199.31,199.3,194.38,2589958,514081310.46,28-Aug-2026,16239,INE855B01025
RAINBOW,EQ,1441,1457.8,1430.6,1442.8,1439.8,1441,68321,98513590.00,28-Aug-2026,9066,INE961O01016
ROML,EQ,41.11,43,41.01,42.58,43,40.61,10850,458296.92,28-Aug-2026,44,INE294G01026
RAJRILTD,BE,23.18,23.18,22.61,23.03,23,23.07,43048,989768.97,28-Aug-2026,90,INE533D01032
RAJTV,EQ,10.78,10.79,10.16,10.4,10.59,10.43,9950,104465.94,28-Aug-2026,109,INE952H01027
RAJPALAYAM,EQ,827,827,805.1,813.85,814,810,311,252242.85,28-Aug-2026,37,INE296E01026
ARENTERP,EQ,37,37.29,36.01,37.29,37.29,37.29,634,23551.12,28-Aug-2026,41,INE610C01014
RAJESHEXPO,BZ,77,77.9,75,76.81,76.9,76.46,62512,4767248.96,28-Aug-2026,1015,INE343B01030
RCDL,SM,19,19,18,18,18,19,6000,111000.00,28-Aug-2026,2,INE0BZQ01011
RAJMET,EQ,3.2,3.26,3.1,3.13,3.14,3.13,310902,977470.02,28-Aug-2026,728,INE00KV01022
RAJOOENG,BE,49.49,50,49.1,49.27,49.25,49.49,90221,4458118.66,28-Aug-2026,498,INE535F01024
RAJPUTANA,SM,241.95,241.95,231,231.35,231,236.1,5500,1301000.00,28-Aug-2026,10,INE0VHU01019
RSL,EQ,178,178,172.02,177.49,177.1,172.47,1753430,307194399.23,28-Aug-2026,8540,INE313L01016
RAJRATAN,EQ,492.95,500,487,496.65,495,489.55,77735,38402039.45,28-Aug-2026,4274,INE451D01029
RPPL,BE,22.55,23.69,22.15,23.07,23,22.79,18516,425767.68,28-Aug-2026,76,INE760W01023
RAJSREESUG,EQ,36.2,36.92,35.76,36.49,36.4,35.25,62645,2288199.68,28-Aug-2026,544,INE562B01019
RALLIS,EQ,210.99,212.58,209,209.63,209.11,210.24,387772,81702074.23,28-Aug-2026,14835,INE613A01020
RAMRAT,EQ,570.5,602.45,562.1,591.9,586.2,569.6,1319098,778266482.65,28-Aug-2026,42547,INE207E01023
RAMAPHO,EQ,124.13,128.59,124.13,125.8,125.86,126.56,27862,3521318.40,28-Aug-2026,535,INE809A01032
RAMASTEEL,BE,4.41,4.41,4.41,4.41,4.41,4.33,706510,3115709.10,28-Aug-2026,614,INE230R01035
RAMCOIND,EQ,342.7,342.8,332.5,335.7,336.75,341.6,124642,41836588.65,28-Aug-2026,3027,INE614A01028
RAMCOSYS,EQ,556.25,584,556.25,578.4,578.95,556.2,177179,101882020.90,28-Aug-2026,6597,INE246B01019
RBS,SM,89,92.8,89,92.8,92.8,90,10400,951040.00,28-Aug-2026,8,INE0RJH01010
RKFORGE,EQ,720.95,753,720.15,751.25,752.8,716.65,1361521,1009772993.60,28-Aug-2026,47363,INE399G01023
RAMKY,EQ,362.85,364.7,357.2,358.5,360,362.75,29709,10707341.50,28-Aug-2026,1240,INE874I01013
RANASUG,EQ,14.45,15.45,14.45,15.31,15.39,14.75,804346,12172543.01,28-Aug-2026,1920,INE625B01014
RML,EQ,1131.2,1132.4,1118.2,1126.7,1127.6,1123.3,8548,9633826.40,28-Aug-2026,1158,INE050H01012
RANEHOLDIN,EQ,1584.7,1628,1578,1598.9,1596,1593.9,2972,4736797.00,28-Aug-2026,595,INE384A01010
RAPIDFLEET,SM,231.55,232,225,225,225,231,17400,3978900.00,28-Aug-2026,24,INE0QX901013
RAPPID,SM,298.15,299,298,299,299,298.15,6000,1789350.00,28-Aug-2026,9,INE0MVO01012
RPTECH,EQ,786,837.75,786,828.55,833,782.5,544572,443352708.20,28-Aug-2026,26271,INE0J1F01024
RCF,EQ,121.85,121.89,119.31,119.81,119.72,121.77,1211992,145543279.04,28-Aug-2026,16635,INE027A01015
RATEGAIN,EQ,915,939,915,933.95,938.95,918.25,227209,211675649.30,28-Aug-2026,12478,INE0CLI01024
RATNAMANI,EQ,2650,2685.3,2588,2611.1,2608.9,2654.8,48237,127318455.00,28-Aug-2026,12093,INE703B01027
RATNAVEER,EQ,297.4,305.25,291,294.95,294,294.89,7080185,2106539943.22,28-Aug-2026,45452,INE05CZ01011
RTNINDIA,EQ,30.16,30.45,30,30.24,30.32,30.1,726146,21934909.16,28-Aug-2026,3885,INE834M01019
RTNPOWER,EQ,7.89,8,7.79,7.95,7.97,7.83,17525647,138686397.02,28-Aug-2026,11865,INE399K01017
RKDL,EQ,18.95,18.95,18.55,18.55,18.55,18.88,8170,152515.50,28-Aug-2026,56,INE722J01012
RVHL,EQ,39.78,39.78,39,39.39,39.4,39.78,21366,844095.92,28-Aug-2026,80,INE09E501017
RELTD,EQ,164,164,155,156.76,157,156.4,143330,22516391.22,28-Aug-2026,2549,INE206N01018
RAYMONDLSL,EQ,694,704,688.4,691.35,691.55,692.2,69558,48217840.95,28-Aug-2026,3429,INE02ID01020
RAYMOND,EQ,614,630,612.1,626.85,626.2,614,285076,178313893.25,28-Aug-2026,11401,INE301A01014
RAYMONDREL,EQ,565.4,571.35,552.3,557.05,558,565.4,163200,91710931.65,28-Aug-2026,4937,INE1SY401010
RBLBANK,EQ,384.7,384.7,380.1,382,382,385.4,963822,367963030.65,28-Aug-2026,26109,INE976G01028
RBMINFRA,SM,238.05,240,234,235.1,234,241.9,18200,4332440.00,28-Aug-2026,36,INE0NA301016
RBZJEWEL,EQ,145.01,147.26,145.01,146.2,147.12,146.46,41946,6128431.00,28-Aug-2026,1125,INE0PEQ01016
RRECL,EQ,145,145,130.5,134.5,134.5,145,631,86786.00,28-Aug-2026,16,INE0AK901016
READYMIX,SM,90.75,91.35,83.1,84.5,84.5,88.35,35000,3025850.00,28-Aug-2026,34,INE10QL01011
RECLTD,EQ,320.9,321.95,316,316.8,316.8,320.9,4333649,1380213060.10,28-Aug-2026,37817,INE020B01018
REDINGTON,EQ,360,378.5,360,366,366.5,358.4,16023073,5957194959.15,28-Aug-2026,176308,INE891D01026
REDTAPE,EQ,124,127.25,123.13,126.01,125.95,124.26,363662,45582255.75,28-Aug-2026,5025,INE0LXT01019
REFEX,EQ,290.3,292.95,286.2,287.55,287.7,289.4,195240,56538108.65,28-Aug-2026,4661,INE056I01025
REFRACTORY,SM,27.35,28.6,26.3,27,27,27.45,7000,191200.00,28-Aug-2026,7,INE0TNX01015
REGAAL,EQ,93.2,94.2,92.3,92.51,92.5,93.04,101607,9447689.22,28-Aug-2026,873,INE0MHO01029
REGENCERAM,EQ,33,33.1,33,33,33,33,501,16553.00,28-Aug-2026,10,INE277C01012
RELAXO,EQ,355.85,360.75,352.6,356.75,357.5,356.1,169422,60425848.40,28-Aug-2026,9377,INE131B01039
GILT5YBEES,EQ,66.49,66.49,66.01,66.22,66.23,66.21,234740,15529305.46,28-Aug-2026,326,INF204KC1030
RELIABLE,EQ,142.5,143,137.86,139.75,143,138.94,51546,7210056.12,28-Aug-2026,605,INE375Y01018
RELCHEMQ,EQ,123.98,123.98,113.05,115.33,118,113.36,1955,225887.17,28-Aug-2026,121,INE750D01016
RCOM,BE,0.82,0.82,0.81,0.81,0.82,0.81,1931173,1573849.94,28-Aug-2026,1458,INE330H01018
RHFL,BZ,1.9,1.9,1.83,1.87,1.87,1.88,505447,950248.87,28-Aug-2026,782,INE217K01011
RIIL,EQ,758.9,764.9,754.6,761.45,763,758.9,23303,17684593.60,28-Aug-2026,1312,INE046A01015
RELIANCE,EQ,1284.9,1291.8,1280,1287,1287,1282.2,6830228,8773545135.70,28-Aug-2026,166675,INE002A01018
RELINFRA,BE,61.6,61.98,60.42,60.6,60.42,61.65,179434,10880214.40,28-Aug-2026,1400,INE036A01016
RPOWER,EQ,22.82,22.88,22.39,22.45,22.47,22.71,10849559,244740848.29,28-Aug-2026,22113,INE614G01033
IVZBANKNF,EQ,57.39,57.54,57.26,57.35,57.35,57.66,936,53778.35,28-Aug-2026,11,INF205KA1CB9
IVZSENSEX,EQ,76.24,79.2,76.22,79.2,79.2,77.37,10260,782322.47,28-Aug-2026,13,INF205KA1CA1
RELIGARE,EQ,234,236.95,228,233.05,233.5,234.2,3498183,811473911.60,28-Aug-2026,14466,INE621H01010
REMSONSIND,EQ,84.7,90.95,81.31,86.49,85.63,80.46,160067,13678852.45,28-Aug-2026,3819,INE474C01023
REMUS,SM,902.1,931,902.1,925,925,910.15,3400,3126770.00,28-Aug-2026,27,INE0O5T01011
RGL,EQ,134.49,140.9,132.5,139.39,139,133.81,3985843,546256795.19,28-Aug-2026,28758,INE722H01024
RNPL,SM,75.25,75.5,75,75.25,75.25,75.95,4800,361200.00,28-Aug-2026,4,INE0VZX01015
REPCOHOME,EQ,368.25,368.8,362.75,365.5,368.75,365.7,81201,29695634.45,28-Aug-2026,1920,INE612J01015
REPRO,EQ,311.8,313,305.1,307.95,306.15,309.1,9587,2967555.95,28-Aug-2026,472,INE461B01014
RESPONIND,EQ,158.06,158.06,152.4,153.55,154,156.82,140995,21741119.13,28-Aug-2026,4144,INE688D01026
RBA,EQ,101.28,102.35,100,100.97,100.99,100.62,2859553,288654958.81,28-Aug-2026,12879,INE07T201019
RVTH,EQ,744,744,719.7,736.45,730.05,736.3,500,364324.00,28-Aug-2026,43,INE0DAB01012
REXPRO,SM,40.15,40.15,38.7,39.9,39.9,38.7,3000,118750.00,28-Aug-2026,3,INE113601012
RHETAN,EQ,21.34,22.39,20.17,20.31,20.3,21.23,22750054,476349542.51,28-Aug-2026,32859,INE0KKN01029
RHIM,EQ,372,373,367.85,369.35,370,370.3,127018,47012481.15,28-Aug-2026,3823,INE743M01012
RICHA,ST,80.85,80.85,73.15,73.15,73.15,77,3000,227150.00,28-Aug-2026,3,INE0J1P01015
RICOAUTO,EQ,129.5,132.05,128.44,129.41,129.8,130.02,656237,85307095.68,28-Aug-2026,5771,INE209B01025
RIR,EQ,162.58,163.99,158,159.83,161,162.21,180957,28952733.51,28-Aug-2026,3571,INE302D01024
RISHABH,EQ,694.95,714,685.25,691.6,694,690.5,181013,126309772.45,28-Aug-2026,9805,INE0N2P01017
RITCO,EQ,312.35,314,307.7,311.6,310,310.1,29324,9116263.15,28-Aug-2026,878,INE01EG01016
RITES,EQ,217.19,218.5,216.6,217,217.04,217.19,226819,49303685.47,28-Aug-2026,6894,INE320J01015
RKEC,EQ,22.4,23.15,22.01,22.38,22.83,22.32,23701,534227.93,28-Aug-2026,193,INE786W01010
RMC,EQ,250.4,256.95,243.65,246.45,246,249.45,50140,12432187.10,28-Aug-2026,2161,INE655V01019
RNFI,SM,305,305,289.1,289.1,289.1,304.75,142200,41426340.00,28-Aug-2026,50,INE0SA001017
RHL,EQ,168,169.8,165.6,168,168,166.54,2341,391557.13,28-Aug-2026,26,INE508K01013
ROCKPP,E1,77.45,78,74,74,74,71,8000,618350.00,28-Aug-2026,7,IN90PTR01010
ROCKINGDCE,SM,230.1,240.95,229.2,238.95,239.95,240.95,4750,1115737.50,28-Aug-2026,19,INE0PTR01012
ROLEXRINGS,EQ,180,182.4,175.22,180.55,181.65,180.43,2628695,470604073.77,28-Aug-2026,26496,INE645S01024
ROLLT,BE,4.24,4.32,4.01,4.16,4.22,4.16,687278,2867589.31,28-Aug-2026,576,INE927A01040
ROSSARI,EQ,499.5,499.55,496.55,498.1,498.6,497.05,21018,10462522.70,28-Aug-2026,955,INE02A801020
ROSSELLIND,EQ,57.19,61.38,57,59.62,59.1,56.99,349907,20909565.85,28-Aug-2026,3151,INE847C01020
ROSSTECH,EQ,1111.85,1120.7,1092.65,1104.6,1113,1103.4,85448,94794277.10,28-Aug-2026,5650,INE0OJW01016
ROTO,EQ,65.38,65.38,64.3,64.52,64.55,65.02,136747,8847362.07,28-Aug-2026,1408,INE535D01037
ROUTE,EQ,511.75,516,508.1,509.35,509.75,509,128361,65654670.70,28-Aug-2026,3792,INE450U01017
ROXHITECH,SM,50.95,52,50.9,51.25,52,50.9,12800,653840.00,28-Aug-2026,8,INE0PDJ01013
ROYALARC,SM,170,170,170,170,170,170,1200,204000.00,28-Aug-2026,1,INE0EO401019
ROHLTD,EQ,302.5,303.7,300,302.35,303,303.15,13630,4106897.85,28-Aug-2026,516,INE283H01019
RPGLIFE,EQ,2582.3,2582.3,2490.1,2537.6,2525,2567.6,15329,38678860.10,28-Aug-2026,2016,INE105J01010
RPSGVENT,EQ,864.15,864.9,853,857.15,854,861.35,19607,16820087.95,28-Aug-2026,878,INE425Y01011
RSWM,BE,198.67,198.67,195,196,196,197.69,10911,2140746.47,28-Aug-2026,94,INE611A01016
RUBFILA,EQ,66.9,69.55,65.06,68.59,69.55,66.54,20442,1378437.85,28-Aug-2026,358,INE642C01025
RUBICON,EQ,1849,1899,1796.2,1804.4,1801.6,1841,249261,456770702.90,28-Aug-2026,24539,INE506V01022
RUCHINFRA,EQ,5.85,5.88,5.8,5.82,5.82,5.83,24306,142212.06,28-Aug-2026,124,INE413B01023
RUCHIRA,EQ,103.98,103.98,102.09,102.64,103.5,102.7,22447,2300720.79,28-Aug-2026,327,INE803H01014
RUDRA,EQ,21.1,21.1,20.5,20.76,20.99,20.29,24814,513409.37,28-Aug-2026,213,INE027T01023
REPL,BE,61.09,63.45,61.05,62.87,62.94,62.44,1634,100700.77,28-Aug-2026,23,INE364Z01019
RULKA,SM,111,112.6,106.3,108.15,108.15,111.35,36300,4030230.00,28-Aug-2026,31,INE0R7301013
RUPA,EQ,147.43,151.08,145.36,149.49,149.1,147.55,164338,24349292.55,28-Aug-2026,3874,INE895B01021
RUSHIL,EQ,16.5,17.03,16.38,16.79,16.88,16.49,355509,5924216.84,28-Aug-2026,762,INE573K01025
SATECH,SM,36.5,39,36.5,38.35,38.35,36.2,19000,716750.00,28-Aug-2026,18,INE0BSN01013
SCHAND,EQ,135.02,138.99,135.01,137.97,136.75,134.72,31629,4322587.36,28-Aug-2026,560,INE807K01035
SDREAMS,SM,90.1,90.1,85.85,87.3,85.85,90.1,4000,351950.00,28-Aug-2026,4,INE0X6F01017
SHK,EQ,151.41,153,150.61,152.43,153,151.41,224385,34122453.45,28-Aug-2026,4678,INE500L01026
SJLOGISTIC,SM,331,347.95,327,334.35,331.95,331.75,51750,17321125.00,28-Aug-2026,120,INE0F3301020
SVGLOBAL,EQ,129.5,137,121.12,129.71,135,129.5,336,44818.11,28-Aug-2026,121,INE159L01013
S&SPOWER,EQ,341.3,350.75,335,338.75,338.5,334.05,2696,925715.20,28-Aug-2026,113,INE902B01017
SPAL,BL,925,925,925,925,925,268,500000,462500000.00,28-Aug-2026,1,INE212I01016
SPAL,EQ,980,1049.9,980,1022,1021,952.95,789999,801613994.80,28-Aug-2026,39007,INE212I01016
SALSTEEL,EQ,71.5,75.16,71.5,75.16,75.16,71.59,289253,21470157.09,28-Aug-2026,2563,INE658G01014
SAAKSHI,ST,281.9,296.1,281.9,296.1,296.1,282,21000,6171180.00,28-Aug-2026,29,INE0PSK01027
SAATVIKGL,EQ,428.4,428.4,418.6,422.3,422,428.4,33723,14261364.25,28-Aug-2026,1560,INE13B501022
SABAR,ST,7.35,7.55,7.1,7.55,7.55,7.2,45000,328000.00,28-Aug-2026,6,INE0DZ101013
SACHEEROME,SM,483,486.95,445,455.65,454.9,483.35,29400,13509060.00,28-Aug-2026,92,INE1ARD01016
SADBHAV,EQ,8.73,8.89,8.5,8.89,8.89,8.47,558589,4942753.18,28-Aug-2026,377,INE226H01026
SADBHIN,BE,2.69,2.78,2.68,2.72,2.75,2.66,182842,501289.63,28-Aug-2026,127,INE764L01010
SADHNANIQ,BE,2.88,2.88,2.85,2.85,2.85,2.9,764706,2182076.43,28-Aug-2026,365,INE888C01040
SADHAV,SM,115.15,115.85,113.45,113.45,113.45,113.15,2400,274770.00,28-Aug-2026,4,INE0K5H01010
SAFARI,EQ,1521.8,1533.8,1497.6,1509.7,1510,1522.2,12818,19329943.90,28-Aug-2026,2368,INE429E01023
SAFEENTP,SM,253.9,259,248.3,251.65,251,250,36500,9274800.00,28-Aug-2026,35,INE17D601016
SAGCEM,EQ,165.1,165.1,162.22,162.96,163,164.09,12009,1962994.43,28-Aug-2026,422,INE229C01021
SAGARDEEP,EQ,23.79,24.59,23.51,23.62,23.62,23.79,3087,73461.46,28-Aug-2026,65,INE976T01013
SAGILITY,EQ,44.39,46.4,44.3,46.34,46.34,44.27,60764265,2784332343.18,28-Aug-2026,95538,INE0W2G01015
SAHAJSOLAR,SM,100.8,102.5,100.6,102,102.1,100.8,6000,609740.00,28-Aug-2026,15,INE0P4701011
SAHANA,SM,922,928,912,919.95,916,924.5,19200,17703457.50,28-Aug-2026,63,INE0LEX01011
SAHASRA,ST,311.25,319.5,311.15,315.35,315.5,316.15,20400,6442960.00,28-Aug-2026,45,INE0RBQ01018
SAHYADRI,EQ,352.2,356.85,340,343.6,342,348.15,7282,2522928.25,28-Aug-2026,736,INE280H01015
SAICAPI,EQ,149.8,149.8,140.54,148.5,148.5,140.51,247,36085.71,28-Aug-2026,22,INE531X01018
SAILIFE,EQ,1489.9,1506.3,1473.8,1485,1485,1488.2,228815,340509149.80,28-Aug-2026,17890,INE570L01029
SAIPARENT,EQ,536.9,536.9,517.1,521.35,524.75,520.7,86402,45011204.10,28-Aug-2026,4113,INE0H9F01037
KALAMANDIR,EQ,86.48,87.5,86.45,87.09,87.33,86.48,157352,13663812.67,28-Aug-2026,1530,INE438K01021
SEKURITIND,EQ,116.77,117,115,115.43,115.5,116.78,19600,2272316.70,28-Aug-2026,240,INE068B01017
SAJHOTELS,ST,36.2,36.2,36.1,36.1,36.1,38,6000,217000.00,28-Aug-2026,3,INE00MT01022
SAKAR,EQ,890.3,910,870,875.7,879,892.6,84908,74818849.15,28-Aug-2026,5237,INE732S01012
SAKSOFT,EQ,158.45,162.84,157.86,160.64,160.05,157.78,539331,86785988.93,28-Aug-2026,5706,INE667G01023
SAKHTISUG,EQ,19.99,21,19.74,20.71,20.77,19.74,424178,8746251.33,28-Aug-2026,1390,INE623A01011
SAKUMA,EQ,1.71,1.73,1.69,1.71,1.72,1.71,797283,1365585.40,28-Aug-2026,767,INE190H01024
SALASAR,EQ,5.86,6,5.86,5.92,5.98,5.88,2269266,13448146.07,28-Aug-2026,2126,INE170V01027
SALONA,EQ,287.3,287.3,264.1,272.99,276.99,268.09,442,121045.98,28-Aug-2026,32,INE498E01010
SALZERELEC,EQ,546.35,555,541.55,552.6,553.4,547.25,34995,19231247.90,28-Aug-2026,2195,INE457F01013
SAMBANDAM,EQ,121.89,122.99,115.75,120.98,116.2,118.51,796,96454.43,28-Aug-2026,29,INE304D01012
SAMBHAAV,EQ,6.09,6.34,5.8,6.1,6.17,6.09,32142,195760.75,28-Aug-2026,110,INE699B01027
SAMBHV,EQ,124.68,128.18,123.5,127.41,127.99,124.14,1060636,134109031.69,28-Aug-2026,9819,INE12NJ01018
SAIFL,SM,5.1,5.1,4.95,5,5,5,112000,560400.00,28-Aug-2026,23,INE0PZA01015
SAMHI,EQ,157.72,160,155,156.01,156.01,157.55,679031,106279503.48,28-Aug-2026,13255,INE08U801020
SAMMAANCAP,EQ,148.28,148.74,145.1,145.8,145.7,147.34,4311399,633810761.79,28-Aug-2026,20048,INE148I01020
SAMPANN,EQ,26.7,26.7,25.67,26.13,26.21,25.61,5068,132641.67,28-Aug-2026,88,INE735M01018
MOTHERSON,EQ,166.78,167.15,164.68,165.6,165.6,166,8444402,1398633129.80,28-Aug-2026,61762,INE775A01035
SANATHAN,EQ,466.85,466.85,445.1,448.05,446,461.45,16896,7648544.45,28-Aug-2026,1047,INE0JPD01013
SANDESH,EQ,1028.55,1032,990.8,1009.55,1005.2,1017.6,1698,1718079.75,28-Aug-2026,278,INE583B01015
SANDHAR,EQ,654.8,658.2,645,649.25,652.85,651.75,160374,104605931.65,28-Aug-2026,14123,INE278H01035
SANDUMA,EQ,208.05,209.19,205,205.45,205.02,206.95,340342,70270067.10,28-Aug-2026,7107,INE149K01016
SANGAMIND,EQ,580,609.5,575.95,603.15,596.1,579.8,79127,47551635.65,28-Aug-2026,4419,INE495C01010
SANGANI,SM,51.35,53.15,51.35,53.15,53.15,51.35,3000,156750.00,28-Aug-2026,2,INE0OVI01010
SANGHVIMOV,EQ,445.95,455.6,437.5,444.1,443,444.65,363002,161606441.75,28-Aug-2026,15725,INE989A01032
SANGINITA,BE,50.97,53.31,50.78,53.31,53.31,50.78,465818,24685549.09,28-Aug-2026,560,INE753W01010
SANOFICONR,EQ,4180.8,4301.6,4122.1,4213.7,4217.2,4150,3831,16086570.70,28-Aug-2026,1307,INE0UOS01011
SANOFI,EQ,3171,3199,3160.1,3181.6,3183,3181,19128,60878376.30,28-Aug-2026,3192,INE058A01010
SANSERA,EQ,3858,3913.1,3830.1,3859,3858.2,3842.8,65476,253178953.10,28-Aug-2026,9365,INE953O01021
SANSTAR,EQ,109,110.69,107.91,108.21,108.85,109.25,109652,11970657.77,28-Aug-2026,1855,INE08NE01025
SANWARIA,BZ,0.21,0.21,0.19,0.2,0.2,0.2,1153450,228119.93,28-Aug-2026,140,INE890C01046
SAPPHIRE,EQ,238.5,242.4,230.01,231.5,232,239.74,862659,202084275.56,28-Aug-2026,33518,INE806T01020
SARTELE,SM,96.6,98,96.15,97.05,96.6,96.7,52500,5096400.00,28-Aug-2026,76,INE0PUC01020
ZSARACOM,EQ,10991,11000,10991,10991,10991,11046,11,120950.00,28-Aug-2026,10,INE967G01019
SSDL,EQ,55.65,58.67,55.65,57.18,57.84,56.33,29370,1681140.55,28-Aug-2026,520,INE0PQ101010
SARDAEN,EQ,505.7,514.05,505.7,508.25,509.95,509.6,139241,71117523.60,28-Aug-2026,7964,INE385C01021
SAREGAMA,EQ,490.65,498.95,486,492.8,494.15,487.5,216953,106867289.70,28-Aug-2026,17492,INE979A01025
SARLAPOLY,EQ,100.41,102.88,98.4,98.76,99.39,100.41,24871,2473906.09,28-Aug-2026,622,INE453D01025
SAROJA,SM,39.75,39.75,39.7,39.7,39.7,41.55,3200,127120.00,28-Aug-2026,2,INE0PCL01011
SMLT,EQ,67.27,67.5,66,67.1,66.95,67.6,2189,146841.23,28-Aug-2026,141,INE017W01010
SARVESHWAR,EQ,3.43,3.48,3.39,3.4,3.41,3.42,996451,3409566.45,28-Aug-2026,1340,INE324X01026
SASKEN,EQ,1861.4,1932,1861.4,1901,1900,1861.4,16489,31420499.90,28-Aug-2026,1880,INE231F01020
SATKARTAR,SM,136.7,142,136.65,139,139,136.65,7200,1001000.00,28-Aug-2026,9,INE0NB801022
SSEGL,SM,405,425.9,405,415.95,419,407.75,40600,16858400.00,28-Aug-2026,114,INE0RFP01011
SATIPOLY,ST,38.45,38.45,38.4,38.4,38.4,40.4,8000,307225.00,28-Aug-2026,11,INE0RPM01017
SATIA,EQ,58.8,58.8,57,57.76,58.25,58.01,151230,8711967.39,28-Aug-2026,1769,INE170E01023
SATIN,EQ,225,228.56,221.4,222.37,223.01,226.01,117758,26312501.76,28-Aug-2026,2702,INE836B01017
SATTVAENGG,SM,72,72,64.9,65.5,65,72,107200,7099760.00,28-Aug-2026,67,INE14DW01018
SAURASHCEM,EQ,57.11,57.94,56.1,56.33,56.6,57.13,79022,4497028.14,28-Aug-2026,1179,INE626A01014
SOTL,EQ,688,701.9,681.25,693.2,692.05,679.45,179883,124770941.75,28-Aug-2026,6687,INE035D01020
SAVY,SM,137,138,133.4,137.05,138,135,19200,2636220.00,28-Aug-2026,11,INE0UCN01017
SAWALIYA,SM,169.95,169.95,169.95,169.95,169.95,212.4,19200,3263040.00,28-Aug-2026,14,INE10VS01016
SAYAJIHOTL,EQ,365.2,365.2,310,315.7,318.15,332,956,331639.30,28-Aug-2026,75,INE318C01014
SAYAJIIND,EQ,117,117.45,115,116.97,117,117.49,904,105764.73,28-Aug-2026,10,INE327G01032
SBC,EQ,41.65,42.24,41.42,41.93,42.14,41.45,5763946,240083512.20,28-Aug-2026,8529,INE04AK01028
SBFC,EQ,98.3,101.05,98.12,98.75,98.5,98.61,2163907,215121215.23,28-Aug-2026,13756,INE423Y01016
SBICARD,EQ,645,649.4,638,641.05,641.05,645,1398856,897550238.75,28-Aug-2026,30861,INE018E01016
SBIFUNDS,EQ,565.5,566,553.25,563.8,562.6,562.55,1785037,999536752.50,28-Aug-2026,30275,INE640G01020
SBILIFE,EQ,1780.4,1782,1747.8,1761.1,1761.1,1773.2,1039823,1827055698.00,28-Aug-2026,36994,INE123W01016
SETFGOLD,EQ,137.7,137.7,133.31,135.02,135.14,134.35,3984560,536407439.67,28-Aug-2026,8845,INF200KA16D8
SETFNIF50,EQ,260.5,260.9,259.4,260.49,260.46,260.51,897263,233527751.10,28-Aug-2026,5100,INF200KA1FS1
SETFNIFBK,EQ,590.55,594,589.33,591.6,594,592.65,57198,33825284.26,28-Aug-2026,975,INF200KA1580
SETFNN50,EQ,793.41,801.51,790.11,794.87,797.75,795.26,45354,36045610.90,28-Aug-2026,2724,INF200KA1598
LIQUIDSBI,EQ,1000.01,1000.01,999.99,1000,1000.01,1000.01,1783,1782988.26,28-Aug-2026,15,INF200KA13Z8
SBIBPB,EQ,50.47,50.47,49.67,49.8,49.7,49.89,1368503,68270892.28,28-Aug-2026,438,INF200KB1712
SBIETFCON,EQ,124.98,124.98,122.53,123.36,123.54,123.24,1917,236058.15,28-Aug-2026,84,INF200KA1X17
SBIETFIT,EQ,341.49,347,341.03,345.45,346,336.44,15065,5197986.49,28-Aug-2026,239,INF200KA1S14
SBIETFPB,EQ,287.25,287.25,282.36,283.64,283.64,284.57,496,140728.55,28-Aug-2026,73,INF200KA1S22
SBIETFQLTY,EQ,224.04,225.43,224.04,224.2,224.13,224.04,834,187279.87,28-Aug-2026,45,INF200KA1WX6
SBILIQETF,EQ,1053.9,1053.92,1053.9,1053.9,1053.92,1053.49,205660,216746056.40,28-Aug-2026,127,INF200KB1969
SBIMIDMOM,EQ,64.89,65.15,64.78,65,64.98,64.73,72161,4690235.72,28-Aug-2026,239,INF200KB1AJ0
SBINEQWETF,EQ,33.68,33.69,33.48,33.62,33.63,33.69,21223,714157.52,28-Aug-2026,174,INF200KB1282
SBINMID150,EQ,23.64,23.69,23.51,23.56,23.69,23.56,23667,557766.02,28-Aug-2026,92,INF200KB1AK8
SBISILVER,EQ,231.98,237.4,231.16,236.12,236,231.97,1508122,354376943.64,28-Aug-2026,7836,INF200KB1217
SBISMLETF,EQ,18.57,18.6,18.48,18.52,18.5,18.46,20334,376900.74,28-Aug-2026,164,INF200KB1AY9
SBIVALETF,EQ,14.77,14.8,14.71,14.8,14.8,14.73,1969,29039.75,28-Aug-2026,35,INF200KB1AX1
SETF10GILT,EQ,265.06,265.06,264.02,264.28,264.28,265.06,2372,627738.65,28-Aug-2026,34,INF200KA1JT1
SCANSTL,BE,61.23,62.47,59.95,59.99,59.95,61.23,20667,1247778.55,28-Aug-2026,98,INE099G01011
SCHAEFFLER,EQ,4051.1,4081,4015,4033.4,4030,4051.1,48578,195990943.70,28-Aug-2026,14727,INE513A01022
SCHNEIDER,EQ,1215,1217.9,1184.4,1201.9,1198.5,1207,197078,235863035.60,28-Aug-2026,13435,INE839M01018
SCL01825,N6,1057.2,1078,1057.2,1078,1078,1083.72,15,15962.00,28-Aug-2026,3,INE148I07XX3
865SCL27,N4,993.25,993.75,993.25,993.75,993.75,993.25,246,244340.00,28-Aug-2026,2,INE148I07XG8
902SCL28,N1,988.49,988.49,988.49,988.49,988.49,1002.76,22,21746.78,28-Aug-2026,1,INE148I07WU1
925SCL2028,N8,999,999,999,999,999,999.99,100,99900.00,28-Aug-2026,1,INE148I07XP9
995SCL2035,NM,1022,1022,1022,1022,1022,1022,1,1022.00,28-Aug-2026,1,INE148I07XY1
SCODATUBES,EQ,130.85,135.22,130.32,132.59,132.26,130.93,136534,18134653.40,28-Aug-2026,1846,INE090501011
774AP36A,SG,95,95,95,95,95,100,300,28500.00,28-Aug-2026,3,IN1020230687
785AP40,SG,100,100,100,100,100,100,100,10000.00,28-Aug-2026,1,IN1020220555
807AP51,SG,100,100,100,100,100,100,100,10000.00,28-Aug-2026,1,IN1020260023
773BR39,SG,95,95,95,95,95,100,200,19000.00,28-Aug-2026,2,IN1320230155
653CG28,SG,96.8,96.8,96.8,96.8,96.8,100,100,9680.00,28-Aug-2026,1,IN3520210037
743GJ27,SG,100.86,100.86,100.86,100.86,100.86,100.86,100,10086.00,28-Aug-2026,1,IN1520230161
747HP33,SG,95.28,95.28,95.28,95.28,95.28,93.1,100,9528.00,28-Aug-2026,1,IN1720240028
672KL27,SG,100.7,100.7,100.7,100.7,100.7,100,100,10070.00,28-Aug-2026,1,IN2020200290
755MH34,SG,95.36,95.36,95.36,95.36,95.36,95,200,19072.00,28-Aug-2026,1,IN2220260045
747PN32,SG,99.5,99.5,99.5,99.5,99.5,95.35,2200,218900.00,28-Aug-2026,1,IN2820240082
779PN38,SG,95,100,95,100,100,100,400,38900.00,28-Aug-2026,4,IN2820230232
774RJ34,SG,95.12,95.12,95.12,95.12,95.12,95.12,100,9512.00,28-Aug-2026,1,IN2920230371
781RJ49,SG,97,97,97,97,97,97.02,1000,97000.00,28-Aug-2026,1,IN2920260048
742TN34A,SG,99,99,99,99,99,95.04,700,69300.00,28-Aug-2026,1,IN3120240012
765TN30,SG,98.14,98.14,98.14,98.14,98.14,100.5,100,9814.00,28-Aug-2026,1,IN3120230310
745TS48,SG,89.34,89.34,89.34,89.34,89.34,92,100,8934.00,28-Aug-2026,1,IN4520250544
765TS49,SG,95,95,95,95,95,95,100,9500.00,28-Aug-2026,1,IN4520260089
SEAMECLTD,EQ,1624.4,1693.5,1618,1676.6,1667.4,1624.4,140532,233246264.90,28-Aug-2026,11908,INE497B01018
IIFLZC26,NN,1499.47,1499.47,1494,1495,1495,1499.36,250,373823.50,28-Aug-2026,5,INE530B07187
IIFLHF29,NE,1391.6,1391.6,1391.6,1391.6,1391.6,1512,1,1391.60,28-Aug-2026,1,INE477L07AS8
10ISFL26,N3,1060,1061,1060,1060,1060,1059,248,263013.00,28-Aug-2026,12,INE413U07277
10CAGL27,N5,1018,1020,1018,1020,1020,1018,20,20380.00,28-Aug-2026,2,INE741K07496
1003ISFL28,N4,1014.89,1014.89,1014.89,1014.89,1014.89,1010,55,55818.95,28-Aug-2026,1,INE413U07269
1003IIFL29,NC,1001.5,1024,1000,1024,1024,1005,649,649439.57,28-Aug-2026,12,INE413U07301
1003SCL30A,NV,785,788,721,788,788,720.5,28,21123.00,28-Aug-2026,6,INE148I07QX7
1015SCL28,NR,921,921,900,900,900,900,6,5505.00,28-Aug-2026,2,INE148I07QR9
1015SCL29,ZL,1024,1024,1017,1017,1017,1012,43,43760.20,28-Aug-2026,4,INE148I07TR3
888SCL25E,N4,804,930,804,930,930,948,1286,1054860.00,28-Aug-2026,9,INE148I07PV3
965SCL25F,NZ,875,875,875,875,875,861,50,43750.00,28-Aug-2026,1,INE148I07RB1
1030SFIL28,NM,624,624,590,590,590,520,5,3086.00,28-Aug-2026,3,INE244L07283
1050ISFL28,N5,1067.29,1067.29,1067.29,1067.29,1067.29,1055.3,13,13874.77,28-Aug-2026,1,INE413U07251
1065NFL27,NC,1027,1034,1027,1034,1034,1034,1100,1136695.00,28-Aug-2026,13,INE342T07460
1075SCL33A,N2,880,880,880,880,880,866,40,35200.00,28-Aug-2026,1,INE148I07PT7
1119NFL27,ND,1054.8,1054.8,1054.8,1054.8,1054.8,1053.1,49,51685.20,28-Aug-2026,1,INE342T07445
79NHIT35,N1,310,310.18,310,310.18,310.18,312.5,2515,779715.70,28-Aug-2026,11,INE0H7R07017
79NHIT40,N2,310.25,313,310.25,312.07,312,312.5,1554,484775.75,28-Aug-2026,6,INE0H7R07025
79NHIT47,N3,418.9,418.9,415.1,418.8,418.8,418.5,191,79602.90,28-Aug-2026,3,INE0H7R07033
842IIFL26,NL,999,999.9,995,995.04,995,995.01,1241,1235877.00,28-Aug-2026,13,INE530B07161
843IHFL29,NC,984.98,991,984.98,990.98,990.98,980,614,607179.92,28-Aug-2026,12,INE477L07AQ2
850CIFCL26,NE,950,950,950,950,950,1148.1,27,25650.00,28-Aug-2026,1,INE121A07RO8
865IIFL28,NS,992.89,994,992.89,994,994,992.89,197,195707.00,28-Aug-2026,3,INE530B07310
975SCL28,NT,997,997,997,997,997,998.68,10,9970.00,28-Aug-2026,1,INE148I07KP6
89IHFL29,N1,985,985,985,985,985,985,95,93575.00,28-Aug-2026,2,INE477L07BG1
897MOFSL29,N4,1020,1020,1020,1020,1020,1032.97,120,122400.00,28-Aug-2026,1,INE338I07164
889SCL26,NS,1088,1088,1088,1088,1088,1074.45,25,27200.00,28-Aug-2026,1,INE148I07KN1
965SCL25C,N0,498,498,404.2,450,450,415,10,4823.20,28-Aug-2026,4,INE148I07ND6
948SCL26A,NN,333.9,333.9,333.9,333.9,333.9,393,23,7679.70,28-Aug-2026,4,INE148I07QK4
948SCL27A,ZJ,1000,1000,1000,1000,1000,990,86,86000.00,28-Aug-2026,1,INE148I07TL6
956AEL29,N6,1049,1049,1049,1049,1049,1054.99,50,52450.00,28-Aug-2026,1,INE423A07336
965AEL27,N4,1044,1084,1009.5,1011.18,1011.1,1104.99,1263,1280953.67,28-Aug-2026,37,INE423A07328
970CAGL28,ND,1018.88,1024,1018.88,1023.99,1023.99,1017,55,56264.66,28-Aug-2026,4,INE741K07579
971SCL28A,NT,619,619,619,619,619,619,1,619.00,28-Aug-2026,1,INE148I07QT5
985SFIL28,NO,375.1,375.1,375.1,375.1,375.1,410,1,375.10,28-Aug-2026,1,INE244L07416
990SCL26B,Y7,1052.2,1052.2,1052.2,1052.2,1052.2,1063.8,20,21044.00,28-Aug-2026,1,INE148I07RN6
990SCL27,YT,1030.2,1030.2,1030.2,1030.2,1030.2,1030.2,2,2060.40,28-Aug-2026,1,INE148I07SG8
99AEL29,N7,1051,1054.1,1051,1053.28,1052.1,1148.9,290,305151.30,28-Aug-2026,21,INE423A07344
CIFCZC28,NH,1268,1268,1268,1268,1268,1255,560,710080.00,28-Aug-2026,1,INE121A07RN0
AEL120924A,N5,1200,1200,1200,1200,1200,1199.99,38,45600.00,28-Aug-2026,1,INE423A07377
AEL120924B,N8,1212,1212,1212,1212,1212,1210,80,96960.00,28-Aug-2026,10,INE423A07385
IMC1,N2,254,254,252,252,252,250.4,410,103340.00,28-Aug-2026,5,INE00QS24027
1015ECL29,NR,1020,1020,1019,1019,1019,1020,3,3059.00,28-Aug-2026,2,INE804IA7014
829PFL29,N6,1065,1065,1065,1065,1065,1000,25,26625.00,28-Aug-2026,2,INE511C07706
81TCHF28,N8,1020,1020,1020,1020,1020,1020,20,20400.00,28-Aug-2026,1,INE033L07GS6
84TCHF28,NA,1063.8,1063.8,1063.8,1063.8,1063.8,1058,5,5319.00,28-Aug-2026,1,INE033L07GU2
865SCL26,N8,999.62,999.62,999.62,999.62,999.62,995,41,40984.42,28-Aug-2026,2,INE148I07GJ7
9SCL26BA,NA,1081.75,1081.75,1080.8,1080.8,1080.8,1080,885,956595.40,28-Aug-2026,4,INE148I07GL3
985ECL28,NK,959,1004.01,959,1004,1004,1004.99,70,69380.19,28-Aug-2026,6,INE804I079Y6
SECMARK,EQ,131.05,152.34,128.8,151.31,152.34,126.95,73883,10856669.18,28-Aug-2026,1262,INE0BTM01013
SECURKLOUD,EQ,18.18,18.18,17.21,17.4,17.26,17.8,11774,206007.93,28-Aug-2026,90,INE650K01021
SEDEMAC,EQ,3052,3095,2962.1,3011.6,3006,3026.5,63095,190166700.30,28-Aug-2026,10755,INE00XB01019
SEJALLTD,EQ,676.35,680.95,670.6,673.35,676,676.5,2882,1949611.80,28-Aug-2026,223,INE955I01044
SELMC,EQ,27,28.38,27,27.71,27.77,27.45,3292,91774.46,28-Aug-2026,69,INE105I01020
SEMAC,EQ,285.3,290,282.5,288,288,285.3,163,46755.50,28-Aug-2026,10,INE617A01013
SENCO,EQ,362.8,363.7,352.5,354.85,356.9,362.75,639082,228105018.20,28-Aug-2026,15080,INE602W01027
SENORES,EQ,1474.6,1494,1466.2,1482.1,1494,1474.6,84500,125000430.40,28-Aug-2026,7007,INE0RB801010
SEPC,EQ,5.71,5.83,5.5,5.56,5.54,5.71,59773560,334627130.37,28-Aug-2026,24068,INE964H01014
865LTF26,NN,1053.1,1053.1,1052.55,1052.55,1052.55,1052.55,122,128469.95,28-Aug-2026,3,INE027E07BC8
87LTF27,NH,1025,1025,1025,1025,1025,1005,200,205000.00,28-Aug-2026,17,INE027E07AN7
865TCAPS27,N8,1010.9,1010.9,1009.5,1009.5,1009.5,1010.93,286,288810.20,28-Aug-2026,13,INE306N07LM5
SERVICE,SM,67.05,72.4,66.5,72,72,70,82000,5701300.00,28-Aug-2026,33,INE0P1Q01015
SERVOTECH,EQ,81.15,81.69,80.48,80.97,80.8,81.12,210914,17090664.80,28-Aug-2026,2544,INE782X01033
STYL,EQ,399,414,398.75,402.1,400,399.95,130545,53113399.55,28-Aug-2026,4881,INE04VU01023
SESHAPAPER,EQ,231.73,234.7,228.01,229.61,228.1,230.11,18457,4244661.31,28-Aug-2026,619,INE630A01024
SETCO,BE,18.29,18.29,17.11,17.93,18.19,17.86,36537,656215.93,28-Aug-2026,172,INE878E01021
SETUINFRA,BZ,0.47,0.48,0.45,0.48,0.48,0.46,95189,43268.52,28-Aug-2026,42,INE023M01027
SEYAIND,BE,12.22,12.48,12,12.44,12.18,12.24,19350,239730.97,28-Aug-2026,61,INE573R01012
SGFIN,EQ,690.8,690.8,682.05,684.55,685.8,687.45,107777,73847709.90,28-Aug-2026,3165,INE618R01015
SGMART,EQ,809,819.45,785.3,789.3,789,810.25,739639,591196409.70,28-Aug-2026,16641,INE385F01024
SGLRES,EQ,2.3,2.43,2.3,2.42,2.43,2.32,88832,213063.85,28-Aug-2026,126,INE967B01028
SHADOWFAX,EQ,238.6,247.89,238.1,245.36,245.75,238.6,5614024,1374308729.41,28-Aug-2026,50979,INE12UN01015
SHAHALLOYS,EQ,89.01,103.15,87,103.15,103.15,85.96,1390957,139206267.36,28-Aug-2026,7839,INE640C01011
SHAH,EQ,3.94,3.95,3.63,3.74,3.75,3.78,10826338,41135716.56,28-Aug-2026,3297,INE482J01021
SHAILY,EQ,3302.3,3310,3244,3270.4,3260,3289,88738,290351001.30,28-Aug-2026,17839,INE151G01028
SHAKTIPUMP,EQ,498.9,499,490.3,493.55,493,497.4,279592,137915506.40,28-Aug-2026,11895,INE908D01010
SHALBY,EQ,155.43,157.2,152.5,154.65,154.6,154.33,45656,7069706.32,28-Aug-2026,1527,INE597J01018
SAHLIBHFI,EQ,72.16,79.88,72.16,76.84,75.05,75,1739,133285.66,28-Aug-2026,125,INE861D01011
SHALPAINTS,BE,81.98,82,78,78.63,78.72,80.4,70400,5566770.52,28-Aug-2026,393,INE849C01026
SRD,EQ,40.09,40.28,39.82,40.24,40.26,39.62,6863,274698.72,28-Aug-2026,66,INE01NE01012
SHANKARA,EQ,147.24,148.24,145.51,146.09,145.51,146.95,151430,22208946.38,28-Aug-2026,714,INE274V01019
BUILDPRO,EQ,1242,1268.2,1240.1,1243.7,1245.3,1242.1,18107,22718562.70,28-Aug-2026,1757,INE24OJ01011
SHANKESH,EQ,89.69,92.56,87.25,91.73,92.5,89.69,4645174,419288803.92,28-Aug-2026,26252,INE1WFC01025
SHANTIGEAR,EQ,542.05,542.1,510.2,517.75,514.9,544.8,183487,96763024.35,28-Aug-2026,5487,INE631A01022
SEIL,EQ,209.78,210.33,205.3,206.67,206.71,208.11,76804,15938157.73,28-Aug-2026,1402,INE440T01028
SHANTIGOLD,EQ,240.2,248.54,240.2,242.29,244.9,246.05,1362078,333026247.68,28-Aug-2026,14604,INE06ZD01017
SHANTI,EQ,6.02,6.4,6.02,6.31,6.16,6.11,24808,153980.69,28-Aug-2026,54,INE933X01016
SHINDL,EQ,164.23,166.15,161.22,164.13,166.15,164.23,217652,35349616.92,28-Aug-2026,968,INE220Z01013
SHARDACROP,EQ,794,800,780.15,783.75,784.5,793.05,118584,93289128.45,28-Aug-2026,8395,INE221J01015
SHARDAMOTR,EQ,871.95,896.6,866.45,877.2,879.2,874.5,22462,19705462.90,28-Aug-2026,4690,INE597I01028
SHARDUL,BE,52.9,52.9,52.01,52.14,52.05,52.67,8852,461436.99,28-Aug-2026,72,INE037B01020
SHAREINDIA,EQ,170,170,167.65,167.93,167.65,169.02,200247,33675861.37,28-Aug-2026,1647,INE932X01026
SCML,SM,84.9,84.9,84.9,84.9,84.9,84.9,1000,84900.00,28-Aug-2026,1,INE460Q01014
SFL,EQ,635,641.75,627.9,637,640,636.3,161161,102448373.35,28-Aug-2026,11648,INE916U01025
SCPL,BE,658.15,666,635.5,645.8,664.8,658.15,9276,5985360.00,28-Aug-2026,185,INE501Y01019
SHEETAL,SM,345.5,345.5,337,339.8,344,332.5,4500,1532425.00,28-Aug-2026,7,INE04VX01019
SHEKHAWATI,BE,16.01,16.29,15.53,15.93,15.75,16.34,21502,342361.21,28-Aug-2026,96,INE268L01046
SHEMAROO,BE,129.97,129.98,125,126.06,126.05,128.63,6926,873809.09,28-Aug-2026,65,INE363M01019
SHERA,SM,175,186.5,173.55,181.85,186.5,174.7,97000,17472950.00,28-Aug-2026,78,INE0MM001019
SHERVANI,EQ,319,319,306,306.5,306.5,321.45,219,67494.55,28-Aug-2026,44,INE011D01013
SHIGAN,SM,71,71,71,71,71,71.25,4500,319500.00,28-Aug-2026,3,INE03KJ01013
SHILCTECH,EQ,4101,4106,4014.2,4084.2,4071,4045.8,15471,63014535.00,28-Aug-2026,3736,INE024F01011
SHILGRAVQ,EQ,165,172.2,163,170.07,172.2,169,1773,299896.72,28-Aug-2026,17,INE960A01017
SHILPAMED,EQ,901,910,890.7,903.8,901,901.85,879302,792373817.60,28-Aug-2026,33099,INE790G01031
SCILAL,EQ,40.02,40.69,40,40.38,40.47,40.02,157415,6356591.60,28-Aug-2026,1041,INE0PB301013
SCI,EQ,294.25,303.7,294.2,299.05,299.5,292.55,5131992,1542683398.10,28-Aug-2026,50483,INE109A01011
SHIPROCKET,EQ,132.1,132.3,124,125.4,125.45,132.09,12606030,1608693904.28,28-Aug-2026,61741,INE0FOO01011
SHIVAUM,EQ,462.15,462.15,445,445,445,445,5872,2619714.55,28-Aug-2026,41,INE719F01016
SHIVACEM,EQ,16.55,16.93,16.25,16.61,16.63,16.55,47261,779183.72,28-Aug-2026,162,INE555C01029
SHIVAAGRO,EQ,40.7,41.9,39.21,41.72,41.79,40.74,2027,83346.86,28-Aug-2026,40,INE960E01019
SHIVAMILLS,EQ,62.9,62.9,61,61.89,61.89,62.6,501,30867.10,28-Aug-2026,16,INE644Y01017
SHIVATEX,EQ,166.08,179,166.06,176.4,176.01,170.97,13850,2433188.64,28-Aug-2026,197,INE705C01020
SPCL,SM,61.55,63.95,61.55,62.15,62,61.85,6000,374670.00,28-Aug-2026,10,INE0T7B01010
SBCL,EQ,1055.9,1087.95,1036.1,1049.2,1045,1044.2,524106,556369731.40,28-Aug-2026,23516,INE386D01027
SHIVALIK,BE,292.24,306.85,285.8,306.85,306.85,292.24,44606,13408327.17,28-Aug-2026,625,INE788J01021
SHIVAMAUTO,BE,16.67,17.5,16.1,16.94,16.99,16.68,43349,726455.27,28-Aug-2026,139,INE637H01024
SHIVASHRIT,SM,124.95,126,122.2,123.95,123.95,124.95,10000,1242700.00,28-Aug-2026,8,INE1DLF01018
SHOPERSTOP,EQ,374.7,385.85,372.85,382.85,381.25,374.85,37738,14367433.30,28-Aug-2026,2204,INE498B01024
SHRADDHA,EQ,150.27,165.99,149.27,162.9,160.15,151.27,37275,5901541.22,28-Aug-2026,580,INE311M01018
SHRADHA,EQ,32.45,32.45,30.65,31.99,32,32.39,26056,827937.16,28-Aug-2026,234,INE715Y01031
SHREEPUSHK,EQ,455.4,455.85,449.5,451.4,453,452.25,42110,19009184.55,28-Aug-2026,2199,INE712K01011
SAPPL,EQ,288,288,281.05,286.45,288,288,406,115855.75,28-Aug-2026,21,INE185C01017
SHREECEM,EQ,24480,24485,23900,24000,24000,24480,20074,482773675.00,28-Aug-2026,9792,INE070A01015
SHREDIGCEM,EQ,78.21,79.9,75.55,78.19,77.5,77.91,119571,9261834.52,28-Aug-2026,1240,INE232A01011
SGRL,EQ,519.35,589.75,519.05,542.6,589.75,516.7,6293,3357601.80,28-Aug-2026,359,INE414Y01015
SHREEKARNI,SM,373.5,380,366,375,375,377.9,5100,1902855.00,28-Aug-2026,21,INE0S4Y01010
SHREEOSFM,SM,58,62.65,58,62.5,62.5,58,13000,786650.00,28-Aug-2026,13,INE02S501018
SRTL,EQ,38.61,39.2,37.6,37.94,38.29,38.98,68538,2617887.13,28-Aug-2026,451,INE19GK01015
SHREERAMA,EQ,44.17,44.29,42.76,42.89,42.92,43.1,54007,2337151.67,28-Aug-2026,554,INE879A01019
RAMANEWS,EQ,32.95,33,31.5,31.8,31.6,32.77,11248,363051.35,28-Aug-2026,141,INE278B01020
RENUKA,EQ,23.63,24.79,23.55,24.14,24.19,23.43,30588379,740648721.24,28-Aug-2026,43478,INE087H01022
BALAJEE,EQ,26.98,26.98,26.16,26.51,26.5,26.46,25967,686258.66,28-Aug-2026,175,INE0S2G01011
SVLL,BE,785,786,785,785,785,785,594,466297.00,28-Aug-2026,8,INE00CE01017
SHREEDHAR,ST,111.1,111.1,111,111,111,111.45,10000,1110600.00,28-Aug-2026,4,INE0K3301012
SHETHJI,ST,174.6,179.2,171.05,177.6,177.2,170.7,83000,14597150.00,28-Aug-2026,32,INE1FL101016
SHREEJISPG,EQ,640.7,659.85,635.25,652.5,650,640.35,863122,555754847.70,28-Aug-2026,6468,INE1B6101010
OSWALSEEDS,EQ,12.01,12.25,11.96,12.07,12.04,12.17,34022,409983.46,28-Aug-2026,254,INE00IK01029
SHRENIK,BZ,0.31,0.31,0.3,0.3,0.31,0.3,276405,85584.75,28-Aug-2026,153,INE632X01030
SHREYANIND,EQ,125.23,125.5,122,124.97,125,124.61,6135,762655.42,28-Aug-2026,78,INE231C01019
SHRIAHIMSA,ST,486.95,502.9,481,493.75,490.25,480.9,31200,15373890.00,28-Aug-2026,51,INE0DM401012
SHBAJRG,EQ,171.95,171.99,168.2,171.98,171.99,171.19,1673,287652.25,28-Aug-2026,32,INE402H01015
SHRJAGP,EQ,668,689,668,673.1,686,682.85,155,104656.20,28-Aug-2026,28,INE564J01026
SHRIKRISH,EQ,37.5,42.87,35.6,39.9,41.2,36.55,3128,117715.24,28-Aug-2026,27,INE997I01012
SHRITECH,SM,60.95,60.95,60.95,60.95,60.95,60.05,2000,121900.00,28-Aug-2026,1,INE0OMF01015
VASUPRADA,EQ,94,95,94,94.5,94.5,94,50,4725.00,28-Aug-2026,6,INE574G01013
SHRINGARMS,EQ,219.75,224.3,218,220.17,220,219.37,827671,183732604.35,28-Aug-2026,4131,INE1B3L01017
LIQUIDSHRI,EQ,1119.42,1119.44,1119.42,1119.42,1119.42,1119,19854,22225010.45,28-Aug-2026,28,INF680P01422
SHRIRAMFIN,EQ,1105,1106.7,1083.2,1086.9,1086.9,1101,2207426,2405610558.50,28-Aug-2026,47955,INE721A01047
SHRIRAMPPS,EQ,76.74,77.73,74.99,75.97,75.9,76.74,451643,34242414.38,28-Aug-2026,3843,INE217L01019
SHUKRAPHAR,EQ,44.25,45.33,44.25,44.28,44.61,44.22,901483,40042573.50,28-Aug-2026,1723,INE551C01044
SHYAMCENT,BE,5.06,5.06,4.86,4.94,4.95,4.94,10543,52192.56,28-Aug-2026,76,INE979R01011
SHYAMDHANI,ST,56.95,57.35,56.95,57,57,54.65,20000,1141800.00,28-Aug-2026,9,INE1CRP01016
SHYAMMETL,EQ,1050,1111,1039.6,1099.8,1104.4,1042.4,2682841,2879005787.80,28-Aug-2026,67021,INE810G01011
SHYAMTEL,EQ,13.78,13.94,13.3,13.87,13.89,13.1,1595,21852.12,28-Aug-2026,24,INE635A01023
SICAGEN,EQ,53.75,55,53.51,54.14,54.5,54.97,22444,1214814.30,28-Aug-2026,340,INE176J01011
SICALLOG,BE,101.48,104.71,95.2,104.68,104.71,99.73,65910,6768641.87,28-Aug-2026,262,INE075B01020
SIDDHICOTS,SM,27.9,27.9,27.9,27.9,27.9,27.9,2400,66960.00,28-Aug-2026,2,INE0SVO01019
SIDDHIKA,SM,224,224,217.05,217.05,217.05,220.35,1500,332525.00,28-Aug-2026,3,INE0A1E01018
ENRIN,EQ,3267,3290,3227.2,3242.6,3245,3256.4,253686,824159518.80,28-Aug-2026,26280,INE1NPP01017
SIEMENS,EQ,4089.3,4113,4060,4089,4089,4095,278973,1139635245.30,28-Aug-2026,15697,INE003A01024
SIGACHI,EQ,32.51,34.14,32.11,33.16,33.13,32.51,2630895,86637763.24,28-Aug-2026,8127,INE0D0K01022
SIGMAADV,BE,797.3,801,745,777.1,779,763.65,374337,294277357.60,28-Aug-2026,7437,INE933B01012
SIGMA,EQ,47.9,49.09,46.5,47.25,46.62,47.54,223885,10780607.98,28-Aug-2026,1810,INE0A0S01028
SIGNATURE,EQ,781,786.2,776.25,779.25,776.25,783.5,166979,130705692.15,28-Aug-2026,3582,INE903U01023
SIGIND,BE,72.5,72.5,68.51,71.74,71.75,71.66,17670,1264092.79,28-Aug-2026,101,INE529F01035
SIGNPOST,EQ,260.4,264.5,257.3,260.15,262,261.3,39824,10393680.40,28-Aug-2026,1252,INE0KGZ01021
SIKA,EQ,1002.1,1027,1002.1,1018.6,1019.9,1006.9,15560,15824188.50,28-Aug-2026,1360,INE438E01032
SIKKO,BE,5.18,5.18,4.88,5.12,5.13,5.13,436132,2206282.39,28-Aug-2026,447,INE112X01025
SILINV,EQ,484,497,473.3,490.05,490,478.1,4839,2362752.75,28-Aug-2026,223,INE923A01015
SILGO,EQ,74.16,76,73.7,75.63,74.8,74.03,58311,4387790.95,28-Aug-2026,632,INE01II01013
SILKFLEX,SM,246,251.85,240,242.55,243.95,241.8,49000,12114950.00,28-Aug-2026,46,INE0STN01015
SILKY,SM,65.2,69.1,65,66.55,67.95,69,18400,1226840.00,28-Aug-2026,18,INE0SN801015
SILLYMONKS,EQ,15.6,16.39,15.42,16.01,16.03,15.5,33584,531050.50,28-Aug-2026,118,INE203Y01012
SILVERTUC,EQ,177.52,184,176.5,178.22,178.7,178.58,402133,72492607.32,28-Aug-2026,7291,INE625X01026
SIMBHALS,BZ,8.94,8.94,8.6,8.6,8.6,8.77,18372,158122.32,28-Aug-2026,25,INE748T01016
SIMCA,ST,258.1,260,255,259.8,259.8,260.25,7800,2007780.00,28-Aug-2026,13,INE1K4J01018
SIMPLEXINF,EQ,259.5,279.55,258.14,277.59,278.8,258.67,543731,148236719.47,28-Aug-2026,7826,INE059B01024
SIMPLXREA,EQ,136,136,136,136,136,130.4,3,408.00,28-Aug-2026,3,INE167H01014
SINCLAIR,EQ,80.99,83.02,78.12,81.51,81.9,79.92,80303,6520595.25,28-Aug-2026,1246,INE985A01022
SINDHUTRAD,EQ,24.9,25.45,24.5,24.99,25,24.99,2192076,54382245.90,28-Aug-2026,1231,INE325D01025
SINGERIND,EQ,77.5,80.5,76.61,77.25,77.89,76.96,91302,7165354.01,28-Aug-2026,1594,INE638A01035
SINTERCOM,EQ,79.8,79.8,75.6,79.35,79.35,79.82,1052,82161.41,28-Aug-2026,37,INE129Z01016
SIRCA,EQ,436.9,439.9,433.35,436.3,434.8,435.1,584490,255438495.70,28-Aug-2026,4133,INE792Z01011
SIS,EQ,421.7,436,421.5,431,432,421.7,338084,145426939.80,28-Aug-2026,7814,INE285J01028
SITINET,BZ,0.27,0.28,0.27,0.28,0.28,0.27,753421,209805.33,28-Aug-2026,156,INE965H01011
SIYSIL,EQ,561.1,569.95,561.1,567.55,567.1,564.8,23148,13080050.00,28-Aug-2026,2056,INE076B01028
SJS,EQ,2509,2535,2494.5,2509.5,2500.9,2502.5,119639,300760655.40,28-Aug-2026,19499,INE284S01014
SJVN,EQ,65.45,65.46,64.75,64.88,64.96,65.26,1275895,82890222.02,28-Aug-2026,12476,INE002L01015
SKFINDUS,EQ,2912.6,2960,2888.4,2952.2,2959.6,2891.6,39141,114817747.30,28-Aug-2026,8312,INE2J8701016
SKFINDIA,EQ,1566,1589.4,1565,1571.3,1568,1566,129396,203819303.90,28-Aug-2026,5883,INE640A01023
SKIPPER,EQ,557.95,559.95,540.3,546.25,545.8,558.1,502418,277344311.30,28-Aug-2026,12735,INE439E01022
SKMEGGPROD,EQ,265.99,266.39,256.71,257.55,258.8,266.86,218221,56902021.42,28-Aug-2026,5097,INE411D01023
SKP,SM,150,152.1,147.15,147.15,147.15,153,4000,601100.00,28-Aug-2026,8,INE0KZA01016
SKYGOLD,EQ,850,850.05,807.2,811.4,812.75,843.05,908866,743956865.95,28-Aug-2026,28531,INE01IU01018
SKYTECH,ST,54.5,54.5,54.5,54.5,54.5,57.35,1600,87200.00,28-Aug-2026,1,INE0VFE01017
SLONE,ST,166.9,172,166.9,172,172,166.9,1600,272240.00,28-Aug-2026,4,INE0SMA01017
SMARTEN,ST,60,61,56.9,59.8,59.8,59.35,25200,1477500.00,28-Aug-2026,18,INE14GK01016
SMARTLINK,BE,220.27,227,220.27,227,227,220.27,1810,404872.09,28-Aug-2026,32,INE178C01020
SMARTWORKS,EQ,537.55,542,533.75,538.75,542,540.6,18490,9940333.70,28-Aug-2026,1792,INE0NAZ01010
SMCGLOBAL,EQ,78.77,80.28,77.66,79.2,79.49,78.61,350990,27666765.39,28-Aug-2026,1788,INE103C01036
SMLMAH,EQ,5242,5295,5171,5186.5,5185,5194,36373,189764059.50,28-Aug-2026,6191,INE294B01019
SMSPHARMA,EQ,363.15,363.15,349.25,355.55,356.95,362.45,133244,47439839.00,28-Aug-2026,3513,INE812G01025
SNEHAA,SM,42.1,43.9,42.1,42.5,42.5,43.9,5000,216050.00,28-Aug-2026,5,INE1OIC01018
SNOWMAN,EQ,36.55,38.2,36.55,37.66,37.81,36.85,190525,7172497.31,28-Aug-2026,1761,INE734N01019
SOBHA,EQ,1283.2,1283.2,1265.3,1270.2,1268.1,1273.9,42616,54309698.90,28-Aug-2026,5824,INE671H01015
SOFTTECH,EQ,419.5,422,416,417.4,420,419.4,11674,4877111.50,28-Aug-2026,113,INE728Z01015
SOLARINDS,EQ,20645,20672,20247,20400,20400,20580,128635,2635481572.00,28-Aug-2026,22566,INE343H01029
SOLARA,EQ,613,634.4,610.3,623.7,623,611.85,192812,120472023.05,28-Aug-2026,9346,INE624Z01016
SOLARWORLD,EQ,150,150,146.51,148.75,148.06,147.96,132148,19563203.97,28-Aug-2026,2551,INE0TY101024
SOLEX,EQ,767.3,772.2,757,759.6,761,762,17022,12969640.05,28-Aug-2026,2012,INE880Y01017
SDBL,EQ,71.9,73.95,71.25,73.38,73.25,71.82,456962,33292529.48,28-Aug-2026,2931,INE480C01038
SOMATEX,EQ,80,82.8,76.76,77.16,78.11,80.8,18586,1447625.91,28-Aug-2026,371,INE314C01013
SOMANYCERA,EQ,560,568.6,553.8,564.5,565.1,556.6,184392,104019028.45,28-Aug-2026,6525,INE355A01028
SOMICONVEY,EQ,90.63,94.49,90.1,91.58,91.02,91.28,11707,1080712.65,28-Aug-2026,574,INE323J01019
SONACOMS,EQ,822.75,824.6,803.05,815,815,819,1696565,1377317055.25,28-Aug-2026,43343,INE073K01018
SONAMAC,SM,31.7,33.2,31.35,32.6,31.35,32,9000,287500.00,28-Aug-2026,8,INE0Q6H01012
SONAMLTD,EQ,64.8,74.6,63.6,73.17,73,63.24,1074944,76606970.85,28-Aug-2026,6051,INE00LM01029
SONATSOFTW,EQ,290.5,305.45,289.7,304.6,303.95,289.5,2110765,634837074.95,28-Aug-2026,38008,INE269A01021
SONUINFRA,ST,33.3,34.95,33.3,34.95,34.95,34.95,4500,152325.00,28-Aug-2026,3,INE0JZA01018
SOUTHWEST,EQ,208.54,210,206.47,209.06,208.98,206.89,71117,14837382.29,28-Aug-2026,2045,INE980Y01015
SPRL,SM,102.5,102.5,102.5,102.5,102.5,102.5,32000,3280000.00,28-Aug-2026,1,INE0JW501011
SPCENET,EQ,3.38,3.39,3.31,3.32,3.33,3.34,329202,1099041.42,28-Aug-2026,391,INE970N01027
SPANDANA,EQ,242.85,246.2,241,244.3,243,242.85,72380,17592117.90,28-Aug-2026,2045,INE572J01011
SPECIALITY,BE,144.96,146,141,143.87,141.36,144.96,18410,2637447.88,28-Aug-2026,156,INE247M01014
SPECTRUM,BE,2129.8,2150,2050,2116.9,2134.8,2106.6,5329,11231959.80,28-Aug-2026,211,INE01EO01010
SPECTSTM,SM,59.6,60.1,59.6,60,60,62.4,5600,335760.00,28-Aug-2026,7,INE0OL001018
SPELS,EQ,155.39,156.6,150,150.77,151.9,152.01,44406,6776222.29,28-Aug-2026,1295,INE252A01019
SPENCERS,EQ,29.41,30.11,29.3,29.89,29.98,29.71,36202,1072993.84,28-Aug-2026,414,INE020801028
SPIC,EQ,69.34,69.5,68.65,69.09,69,69.46,214528,14817992.72,28-Aug-2026,2005,INE147A01011
SPLIL,EQ,34.15,34.99,33,33.13,33.17,34.08,12759,428826.33,28-Aug-2026,113,INE978G01016
SPMLINFRA,EQ,179.5,185,178.32,179.88,179.95,180,182511,33099595.78,28-Aug-2026,2643,INE937A01023
SPORTKING,EQ,229.13,229.13,222,222.94,222.02,227.26,172545,38728137.05,28-Aug-2026,4294,INE885H01029
SPPPOLY,SM,12.5,12.5,12.5,12.5,12.5,12.05,2000,25000.00,28-Aug-2026,1,INE0QR801013
SHRIPISTON,EQ,4500,4613.8,4444.2,4572.2,4569,4498.4,49040,222497297.30,28-Aug-2026,10948,INE526E01018
SPUNWEB,SM,101,101,100,101,101,101.25,12000,1208460.00,28-Aug-2026,6,INE19QH01010
SRHHYPOLTD,EQ,472.8,480.45,468.05,473.95,474.8,468.75,7101,3356319.60,28-Aug-2026,351,INE917H01012
SREEL,EQ,269.39,269.39,242.95,249.48,249,263.24,35722,9039674.29,28-Aug-2026,864,INE099F01013
SRF,EQ,2605,2615,2582,2589.9,2589.9,2605,150532,390650769.50,28-Aug-2026,21168,INE647A01010
SRGHFL,EQ,260.05,260.05,253.5,254.9,255,260,1365,349137.60,28-Aug-2026,29,INE559N01010
HAVISHA,EQ,1.41,1.41,1.35,1.37,1.39,1.35,19177,26403.29,28-Aug-2026,91,INE293B01029
SRIKPRIND,EQ,20.24,21.4,20.24,20.99,21,20.65,5608,117533.11,28-Aug-2026,24,INE009C01019
LOTUSDEV,BE,183.05,190,180.1,186.61,184.9,186.21,1014331,186993177.02,28-Aug-2026,2609,INE0V9Q01010
SPCON,SM,150,150,150,150,150,153,1200,180000.00,28-Aug-2026,1,INE0TPJ01019
SSFL,ST,253,257,250,250,250,252.85,3000,763500.00,28-Aug-2026,6,INE0ON201012
SRIVASAVI,ST,74.65,75.3,74.65,75.2,75.2,75.1,7000,525900.00,28-Aug-2026,7,INE0NPI01014
SRM,EQ,443.2,463,438.4,459.35,458,446.25,153387,69192381.50,28-Aug-2026,6242,INE0R6Z01013
STALLION,BE,216,219.5,210.3,213.55,211.3,215.65,521491,111702604.30,28-Aug-2026,5337,INE0RYC01010
SETL,EQ,354,364.2,351.1,364.2,364.2,346.9,797470,288470343.85,28-Aug-2026,4681,INE0M4D01010
SIL,EQ,19.41,19.69,19.01,19.22,19.3,19.32,24107,465275.21,28-Aug-2026,271,INE173A01025
STANLEY,EQ,138.98,139.19,137.22,137.39,137.24,137.98,54306,7482650.12,28-Aug-2026,1340,INE01A001028
STARCEMENT,EQ,190.99,191.98,185.3,187.79,187,188.68,336872,63141895.35,28-Aug-2026,8744,INE460H01021
STARHEALTH,EQ,586.1,586.1,571.5,573.5,573,586.1,123282,70979957.55,28-Aug-2026,12743,INE575P01011
STARPAPER,EQ,145,155.8,145,153,153,148.97,26616,4035164.60,28-Aug-2026,247,INE733A01018
STARTECK,EQ,256.55,258.65,251.25,253.45,251.25,256.65,284,72283.25,28-Aug-2026,43,INE992I01013
SBIN,EQ,1046,1051.2,1040.5,1047.5,1047.5,1042.9,4969272,5201768412.60,28-Aug-2026,90209,INE062A01020
SAIL,EQ,193.05,200.96,192.55,200,200,193,48585004,9638242953.83,28-Aug-2026,118490,INE114A01011
STEELCITY,EQ,85.3,86.78,83.59,84.16,84.25,86.2,15673,1332020.43,28-Aug-2026,186,INE395H01011
STEELXIND,EQ,10.65,10.75,10.5,10.65,10.64,10.66,987877,10458552.34,28-Aug-2026,1527,INE503B01021
STLSTRINF,EQ,19.5,20.8,17.54,18.99,18.99,19.46,269,4949.78,28-Aug-2026,12,INE205F01016
SSWL,EQ,292.25,297.2,289.5,295.5,295.7,292.45,438993,128599151.50,28-Aug-2026,7627,INE802C01033
STEELCAS,EQ,338,349,338,342.3,343,339.85,51899,17762932.30,28-Aug-2026,1705,INE124E01038
STEL,EQ,622.85,645,617.75,636.9,628.1,622.6,5706,3600463.30,28-Aug-2026,330,INE577L01016
STERTOOLS,BE,219.55,222,218,219.95,221,222.15,11552,2538467.85,28-Aug-2026,278,INE334A01023
STLTECH,BE,700,728.6,699,723.75,728.5,695.85,2106053,1514303662.00,28-Aug-2026,90349,INE089C01029
SGL,EQ,9.75,10.46,9.75,10.12,10.28,10.04,3436,35018.62,28-Aug-2026,55,INE353H01010
STLNETWORK,EQ,26.09,27.28,25.7,27.28,27.28,25.99,1971600,53189467.06,28-Aug-2026,2778,INE1VXE01018
STOVEKRAFT,EQ,815,815,790.8,797.5,799.5,809.05,54115,43245061.75,28-Aug-2026,3916,INE00IN01015
STRIDERS,SM,64.45,64.45,64.45,64.45,64.45,64.45,1600,103120.00,28-Aug-2026,1,INE1XWN01017
STAR,BL,990,990,990,990,990,1485.05,1000000,990000000.00,28-Aug-2026,1,INE939A01011
STAR,EQ,984,1026.5,982.1,1019.9,1018.4,983,435651,437675455.20,28-Aug-2026,16784,INE939A01011
SWSOLAR,EQ,198,201.56,195.01,195.37,195.3,199.15,803620,158558971.27,28-Aug-2026,10202,INE00M201021
STUDDS,EQ,448.85,452.95,440.05,450,450,450.25,18936,8527632.10,28-Aug-2026,1142,INE00Q601028
STUDIOLSD,SM,9,9,8.9,8.9,8.9,9.05,4000,35800.00,28-Aug-2026,2,INE17VO01028
STYLAMIND,EQ,3480,3520,3440,3507.5,3509.3,3471,22172,77393936.10,28-Aug-2026,5241,INE239C01020
STYRENIX,EQ,2027.3,2065.3,2009.3,2020.8,2017,2018.2,44371,90166067.10,28-Aug-2026,4074,INE189B01011
SUBAHOTELS,SM,101.55,106.8,101.55,105.8,104.8,104.55,9600,1000380.00,28-Aug-2026,8,INE0RYR01018
SUBEXLTD,EQ,17.9,18.49,17.8,18.13,18.05,17.95,2555948,46442416.86,28-Aug-2026,4306,INE754A01055
SUBROS,EQ,728.6,733.05,718,726.2,725,728.9,39584,28730874.50,28-Aug-2026,2355,INE287B01021
SUDARSCHEM,EQ,1250,1264.7,1232.1,1256.9,1260,1252.8,234717,292889078.90,28-Aug-2026,20072,INE659A01023
SUDARCOLOR,EQ,379.6,394.95,379.6,390.35,387.15,379.65,4927,1920842.15,28-Aug-2026,285,INE492A01029
SUDEEPPHRM,EQ,1135,1171.65,1106,1152.1,1157.2,1134.1,176989,201650405.75,28-Aug-2026,8338,INE0QPI01025
SUKHJITS,EQ,162.3,162.3,158.71,159,159,162.32,8220,1314822.54,28-Aug-2026,277,INE450E01029
SULA,EQ,147.21,149.02,146.54,147.58,148.5,146.92,172404,25486919.96,28-Aug-2026,2755,INE142Q01026
SUMEDHA,EQ,39.27,40,39.27,39.27,39.27,39.27,145,5786.69,28-Aug-2026,7,INE886B01012
SUMEETINDS,EQ,13,13.15,12.6,12.68,12.75,12.99,1624681,20809821.53,28-Aug-2026,1310,INE235C01036
SUMIT,EQ,51.49,52.5,50.71,51.72,52.1,51.53,31181,1606154.32,28-Aug-2026,664,INE748Z01013
SUMICHEM,EQ,528.95,528.95,517.5,517.85,518.45,525,76606,39881737.00,28-Aug-2026,4496,INE258G01013
SUMMITSEC,EQ,1424.5,1445.7,1410.1,1421,1427,1420.7,1462,2084161.60,28-Aug-2026,340,INE519C01017
SPARC,EQ,194.98,209.9,194.61,207.71,208,194.98,2167701,444648941.33,28-Aug-2026,29986,INE232I01014
SUNPHARMA,EQ,1925,1931,1903.8,1920,1920,1913.3,1140742,2189037517.00,28-Aug-2026,65184,INE044A01036
SUNTV,EQ,465,481.2,463.3,474.5,473.8,463.95,1054319,499973569.70,28-Aug-2026,49123,INE424H01027
SUNCLAY,EQ,1261.4,1321.8,1259.4,1280.5,1290,1272.2,9128,11777901.20,28-Aug-2026,830,INE0Q3R01026
SUNDARMFIN,EQ,4636.9,4646.9,4545.5,4574.4,4582.6,4636.9,46286,211950275.70,28-Aug-2026,9390,INE660A01013
SUNDARAM,EQ,1.23,1.28,1.2,1.27,1.27,1.23,783863,976704.55,28-Aug-2026,349,INE108E01023
SUNDRMBRAK,BE,787,795,778.45,780.45,780.2,787.05,256,200752.10,28-Aug-2026,22,INE073D01013
SUNDRMFAST,EQ,1225,1225,1196.65,1200,1202.5,1216.2,55523,67034065.95,28-Aug-2026,5545,INE387A01021
SOCL,SM,28.6,29.9,28.6,29.8,29.9,29.5,11200,327360.00,28-Aug-2026,7,INE0CTB01014
SUNDROP,EQ,658.45,660,645.1,652.7,648,655.45,10214,6690820.70,28-Aug-2026,432,INE209A01019
SUNFLAG,EQ,344.8,351.2,344.8,348.25,348.45,344.4,80367,27938446.00,28-Aug-2026,1721,INE947A01014
SEL,SM,309.75,311,305,310.35,311,305.5,1400,431300.00,28-Aug-2026,7,INE0O3O01017
SUNLOC,EQ,70.05,77,70.05,75.93,73,70,1341,100907.04,28-Aug-2026,33,INE671C01016
SUNLITE,SM,525,545.95,500,534.35,536,517,54900,28932675.00,28-Aug-2026,170,INE0U2N01013
SUNRAKSHAK,EQ,370,374.15,368.05,373,373,371.1,2388,887682.35,28-Aug-2026,73,INE671K01027
SUN-RE,ST,1,1,1,1,1,1.1,33600,33600.00,28-Aug-2026,20,INE0PLZ20020
SUNREST,SM,40.6,40.6,39.6,39.6,39.6,38,6400,255360.00,28-Aug-2026,4,INE0PLZ01012
SUNSHIEL,EQ,1175.8,1224,1150.1,1179.4,1183,1156.3,1631,1930788.60,28-Aug-2026,343,INE199E01014
SUNSHINE,EQ,369.4,441.7,369,429.75,429.1,368.1,11491099,4819035481.00,28-Aug-2026,180065,INE1B3O01011
SUNTECH,SM,49.9,53.95,48.1,52.75,53,47.1,144000,7345360.00,28-Aug-2026,78,INE0SGZ01016
SUNTECK,EQ,307.85,309.45,304.65,306,306.35,307.5,77659,23774212.45,28-Aug-2026,2106,INE805D01034
SUPERSPIN,BE,6,6.12,6,6.12,6.12,6,11619,70988.04,28-Aug-2026,14,INE662A01027
SUPTANERY,BE,14.01,14.01,13.75,14.01,14.01,13.35,346689,4856195.21,28-Aug-2026,586,INE460D01038
SUPERHOUSE,EQ,169.15,177.9,169.15,175.57,174,169.9,3321,579147.00,28-Aug-2026,116,INE712B01010
SIEL,EQ,36.21,36.21,32.77,32.78,33.38,34.49,5545,187086.72,28-Aug-2026,33,INE843L01012
SUPRAJIT,EQ,501.2,509.4,501,505.25,507.95,504.05,84894,42844137.85,28-Aug-2026,6298,INE399C01030
SUPREMEENG,BZ,2.78,2.78,2.78,2.78,2.78,2.73,127764,355183.92,28-Aug-2026,67,INE319Z01021
SUPREME,EQ,39.9,40,38.67,38.78,38.95,39,17568,687914.06,28-Aug-2026,117,INE822E01011
SUPREMEIND,EQ,3615.4,3710,3581.1,3636.9,3636.9,3585,269330,987727681.10,28-Aug-2026,39028,INE195A01028
SUPREMEINF,EQ,85.6,85.6,83,83.25,84.04,84.99,64331,5391824.57,28-Aug-2026,688,INE550H01011
SPLPETRO,EQ,692.85,717,691.95,700.85,698,692,199388,140845266.45,28-Aug-2026,16553,INE663A01033
SUPREMEPWR,SM,231,233,225.25,226.2,225.7,227.4,45500,10407775.00,28-Aug-2026,72,INE0QHG01026
SUPRIYA,EQ,777.95,808.8,777.95,804.15,804.75,776.35,230999,184370999.75,28-Aug-2026,13703,INE07RO01027
SURAJEST,EQ,195,204.01,194.81,198.68,197.9,195.77,175596,34737988.89,28-Aug-2026,1877,INE843S01025
SURAJLTD,EQ,214,216.44,205.1,209.89,209.89,214,1428,300982.72,28-Aug-2026,39,INE713C01016
SURAKSHA,EQ,335.25,343,331.45,340.2,340,335.4,140946,47671480.35,28-Aug-2026,5614,INE877V01027
SURANASOL,EQ,25.44,25.85,25.32,25.75,25.75,25.45,25054,641050.61,28-Aug-2026,329,INE272L01022
SURANAT&P,EQ,15.75,16.9,15.65,16.47,16.69,15.91,104413,1680327.01,28-Aug-2026,777,INE130B01031
SURANI,SM,97.45,102.8,95.55,96.95,102.8,97,2800,271840.00,28-Aug-2026,14,INE01ZJ01015
SBGLP,EQ,23.32,26,23.32,24.63,24.79,24,17281,428247.79,28-Aug-2026,230,INE05ST01028
SURYAROSNI,EQ,218.15,223.65,218.15,220.46,220.5,218.41,313345,69355208.93,28-Aug-2026,8351,INE335A01020
SURYALAXMI,EQ,58.59,59.97,56,58.05,58.69,57.14,14628,853181.11,28-Aug-2026,83,INE713B01026
SURYALA,EQ,382,390,375,378.6,378.5,382.15,266,101471.45,28-Aug-2026,16,INE132C01027
SURYODAY,EQ,155.68,156.41,153.68,154.26,154.26,155.68,280837,43507529.05,28-Aug-2026,4531,INE428Q01011
SEITINVIT,IV,124.01,124.01,124,124,124,122,125000,15501000.00,28-Aug-2026,2,INE0R8O23017
SUTLEJTEX,BE,38.51,40.39,38.51,39.3,39.25,38.7,30394,1204465.74,28-Aug-2026,112,INE645H01027
SUVEN,EQ,368,368.3,361.5,364.95,365,368.1,211420,76973041.65,28-Aug-2026,6450,INE495B01038
SUVIDHAA,EQ,2.28,2.31,2.26,2.29,2.3,2.28,50677,116066.96,28-Aug-2026,130,INE018401013
SUYOG,EQ,766.5,771,735.1,745.3,745,764.85,17328,12989090.40,28-Aug-2026,1347,INE442P01014
SUZLON,EQ,46.69,47.05,46.5,46.79,46.79,46.81,23944393,1120085921.24,28-Aug-2026,54137,INE040H01021
SVPGLOB,EQ,3.9,3.9,3.65,3.73,3.88,3.75,11390,42326.91,28-Aug-2026,73,INE308E01029
SWANCORP,EQ,304.15,305.3,296.5,298.15,298.25,303.8,698162,210204478.75,28-Aug-2026,9799,INE665A01038
SWANDEF,BE,2370,2484,2366,2455.1,2450,2372.1,6471,15681062.00,28-Aug-2026,514,INE542F01020
SWARAJENG,EQ,3551.9,3560,3535,3544.8,3541.3,3548.3,3338,11845776.60,28-Aug-2026,971,INE277A01016
SWARAJ,BE,368.75,370,362.5,366.4,366.95,368.6,75116,27520280.00,28-Aug-2026,420,INE0GMR01016
SWARNSAR,EQ,35,35,34,34.41,34.5,34.57,530,18071.52,28-Aug-2026,9,INE967A01012
SWELECTES,EQ,594,606.9,581.8,589.9,598.5,594.2,60628,35726629.95,28-Aug-2026,1518,INE409B01013
SWIGGY,EQ,284.7,284.7,280.1,280.5,280.5,284.7,4825338,1363668976.75,28-Aug-2026,50573,INE00H001014
SWISSMLTRY,EQ,17.2,17.75,16.81,16.96,16.93,17.16,145870,2495043.64,28-Aug-2026,388,INE010C01025
SYLVANPLY,SM,56,58.7,56,58.7,58.7,56,10000,575600.00,28-Aug-2026,5,INE01IH01015
SYMPHONY,EQ,599.05,602.15,590,591.15,590.25,599.05,62907,37343808.35,28-Aug-2026,4187,INE225D01027
SYNCOMF,EQ,17.67,20.38,17.26,19.46,19.65,17.34,57135698,1108743520.89,28-Aug-2026,270783,INE312C01025
SGIL,EQ,598.7,611.9,590,607.7,603.5,597.85,11281,6758792.00,28-Aug-2026,422,INE00QT01015
SYNGENE,EQ,415,417.9,402.7,403.4,403.75,413.8,293096,119293776.20,28-Aug-2026,12062,INE398R01022
SYRMA,EQ,1499,1505,1470,1474.3,1474.5,1493.5,404693,599246822.60,28-Aug-2026,21505,INE0DYJ01015
SYSTANGO,SM,218.6,235,218.6,233.9,232,218.65,53200,12093140.00,28-Aug-2026,114,INE0O7R01011
SYSTMTXC,BE,58.79,58.79,56.75,57.12,57.9,57.82,3832,220574.94,28-Aug-2026,57,INE356B01024
TGVSL,EQ,105.69,106.04,103.75,105.24,105.5,104.96,122911,12861205.22,28-Aug-2026,2940,INE284B01028
TTL,EQ,6.53,6.8,6.41,6.66,6.8,6.53,152997,1006308.50,28-Aug-2026,343,INE592B01024
TAALTECH,EQ,4438.2,4590,4375.1,4562,4550,4406.4,7719,34945429.80,28-Aug-2026,1186,INE524T01011
TAC,ST,413.1,430,413.1,423.2,422,416.4,26400,11091950.00,28-Aug-2026,104,INE0SOY01013
TAINWALCHM,EQ,212.68,215.9,210,213,213,212.68,2176,463295.98,28-Aug-2026,72,INE123C01018
TAJGVK,EQ,343.95,343.95,337.2,340,341.1,341.75,38431,13061325.00,28-Aug-2026,1827,INE586B01026
TAKE,EQ,16.14,16.14,16.14,16.14,16.14,16.98,60299,973225.86,28-Aug-2026,283,INE142I01023
TALBROAUTO,EQ,407,418.2,398.1,401.35,401,408.65,186335,75614219.25,28-Aug-2026,6000,INE187D01029
TAMBOLIIN,BE,245.1,262,245.1,259.43,260.99,250.95,31480,8097692.28,28-Aug-2026,184,INE864J01012
TMB,EQ,887.2,897,882.35,886.05,882.5,893.85,80734,71850292.15,28-Aug-2026,7093,INE668A01016
TNPL,EQ,140.12,141.79,139.65,141.22,141.3,139.91,50860,7157033.88,28-Aug-2026,1106,INE107A01015
TNPETRO,EQ,109.47,112.39,109,111.37,111.7,109.12,251558,27944379.07,28-Aug-2026,4940,INE148A01019
TNTELE,EQ,9.13,9.13,8.91,8.95,8.96,8.91,15400,137576.89,28-Aug-2026,45,INE141D01018
TANAA,EQ,295.6,299.4,290,293.05,291.1,292.7,8794,2588214.75,28-Aug-2026,341,INE692C01020
TANKUP,ST,1350,1365,1339,1365,1365,1300,5000,6787012.50,28-Aug-2026,19,INE0Z7N01017
TANLA,EQ,532.05,546.45,532.05,544.25,546,531.5,483977,262412708.55,28-Aug-2026,16265,INE483C01032
TARACHAND,EQ,49.49,49.49,47.55,48.22,49.4,48.59,30912,1485073.46,28-Aug-2026,427,INE555Z01020
TARAPUR,EQ,14.96,15.1,14.11,14.43,14.3,14.96,21412,309881.65,28-Aug-2026,131,INE747K01017
TARC,EQ,117.91,120,117.31,117.9,118,117.53,325384,38564281.36,28-Aug-2026,3082,INE0EK901012
TARMAT,EQ,60.99,60.99,57.05,58.37,59,59.93,36222,2128168.98,28-Aug-2026,641,INE924H01018
TARSONS,EQ,331.65,337.8,328.3,332.25,333.4,329.4,81322,27067048.40,28-Aug-2026,3613,INE144Z01023
TASTYBITE,EQ,9800,10160,9800,10073,10015,9816.5,4271,42800840.50,28-Aug-2026,1220,INE488B01017
TATACAP,EQ,376.1,377.75,372.9,375.7,376,376,1158290,435346437.90,28-Aug-2026,25418,INE976I01016
TATACHEM,EQ,644.9,674.8,644.5,655.75,655,644.15,1439859,953849467.45,28-Aug-2026,40570,INE092A01019
TATACOMM,EQ,1685.4,1704,1678.1,1694.7,1697.8,1689.6,205459,347633541.30,28-Aug-2026,14952,INE151A01013
TCS,EQ,2272,2348.5,2263.3,2342,2342,2248.4,4054069,9437754087.90,28-Aug-2026,155502,INE467B01029
TATACONSUM,EQ,1047,1047,1030.4,1040.7,1040.7,1042,971764,1006632710.10,28-Aug-2026,37300,INE192A01025
TATAELXSI,EQ,3645,3708,3645,3685,3685,3633.2,303505,1117823510.60,28-Aug-2026,25286,INE670A01012
TATAINVEST,EQ,644,656.4,637.6,638.75,639,642.1,272032,175155953.35,28-Aug-2026,17539,INE672A01026
TMCV,EQ,474.75,474.85,462.65,466.3,467.1,473.1,6189661,2888592499.85,28-Aug-2026,76180,INE1TAE01010
TMPV,EQ,317.5,319.4,313.3,319.4,319.4,316,5852894,1850137730.60,28-Aug-2026,53789,INE155A01022
TATAPOWER,EQ,352,352.95,349.25,351.85,351.85,352,4301719,1511254943.90,28-Aug-2026,48953,INE245A01021
TATASTEEL,EQ,187.6,188.79,184.08,186.5,186.5,186.8,39370394,7309368090.87,28-Aug-2026,123995,INE081A01020
TATATECH,EQ,800,839.7,796.7,834.35,834.1,799.35,2546795,2095524793.65,28-Aug-2026,65247,INE142M01025
TTML,EQ,36.46,40.5,36.44,38.84,39,36.46,50962825,2007271101.45,28-Aug-2026,103945,INE517B01013
NETF,EQ,268.53,268.53,261.02,262.19,261.04,261.99,2111,555331.96,28-Aug-2026,142,INF277K015R5
NPBET,EQ,288.56,288.75,286.19,287.9,287.9,288,242,69558.41,28-Aug-2026,22,INF277K010X4
TNIDETF,EQ,92.39,92.39,91.02,91.78,91.86,90.97,59301,5444381.53,28-Aug-2026,477,INF277KA1364
TATAGOLD,EQ,15.29,15.67,15.07,15.36,15.38,15.29,40398623,617781652.02,28-Aug-2026,59459,INF277KA1976
TATSILV,EQ,23.5,23.52,22.39,23.37,23.36,22.97,73180946,1699481123.02,28-Aug-2026,43678,INF277KA1984
TATVA,EQ,1589,1660,1588.9,1630,1648,1599.2,29170,47207239.90,28-Aug-2026,3936,INE0GK401011
TAURIAN,ST,500.95,520,500.95,518,518,500.95,6400,3295560.00,28-Aug-2026,8,INE0XWS01018
753IRFC30,NJ,1134,1134,1133.1,1133.15,1133.15,1133,1449,1641970.15,28-Aug-2026,8,INE053F07835
764IRFC31,NO,1145,1149,1145,1148.9,1149,1143.05,2786,3192104.00,28-Aug-2026,5,INE053F07900
769NHAI31,NE,1149.95,1149.95,1148,1148.11,1148.11,1149.95,643,738677.14,28-Aug-2026,13,INE906B07EP5
76NHAI31,NA,1116.1,1117.9,1116.1,1117.9,1117.9,1113.37,3,3351.50,28-Aug-2026,3,INE906B07EJ8
TBI,SM,71.5,74.45,69.45,70.7,71.1,71.5,66000,4700640.00,28-Aug-2026,73,INE0N2D01013
TBOTEK,EQ,1680,1717.5,1659.2,1682.7,1684,1696.6,54341,91532006.20,28-Aug-2026,7773,INE673O01025
TCC,EQ,232.95,233.25,218.05,223.25,222.05,231.75,362460,81008328.35,28-Aug-2026,9202,INE887D01016
717TCHFL30,N0,82000,82000,82000,82000,82000,82000,1,82000.00,28-Aug-2026,1,INE033L07IP8
TCIEXP,EQ,559,567.1,546.35,555.8,558,558.35,31370,17468661.80,28-Aug-2026,2875,INE586V01016
TCIFINANCE,BE,15.4,15.94,15.12,15.23,15.23,15.4,8490,130802.88,28-Aug-2026,67,INE911B01018
TCPLPACK,EQ,3815.4,3871.1,3790,3821.7,3870,3846.4,4466,17053785.00,28-Aug-2026,954,INE822C01015
TDPOWERSYS,EQ,748.9,761.9,746.1,752.7,751.6,740.6,955212,719315738.80,28-Aug-2026,32704,INE419M01035
TEAMGTY,EQ,244.9,244.99,230.2,240.33,240,240.02,2315,547481.47,28-Aug-2026,41,INE289C01025
TEAMLEASE,EQ,1260,1290,1243,1272.7,1262,1252.7,16630,21103112.20,28-Aug-2026,3349,INE985S01024
TPHQ,BE,0.54,0.55,0.52,0.53,0.53,0.54,1139630,602381.77,28-Aug-2026,448,INE065J01024
TEAMTECH,ST,133.35,140,133.35,140,140,133.35,68000,9444800.00,28-Aug-2026,24,INE2OL601013
TECHM,EQ,1600,1642,1598,1640.9,1640.9,1585,3415226,5570551817.60,28-Aug-2026,94086,INE669C01036
TECHD,ST,561.95,564.95,550,560,560,550.05,12300,6863475.00,28-Aug-2026,38,INE0Y5H01014
TECHERA,SM,172.85,174.5,165,169.1,169,169.2,53600,9131000.00,28-Aug-2026,64,INE0JQS01019
TECHNOE,EQ,998.5,1041.5,992.5,1025.5,1024.1,997.45,272844,278667298.85,28-Aug-2026,20524,INE285K01026
TIIL,EQ,3336,3420,3259.8,3292.6,3295,3328.1,36436,121619880.50,28-Aug-2026,5689,INE545H01011
TECHNOCRAF,EQ,360.95,382.96,360.14,373.83,373.5,358.24,2097019,780189275.91,28-Aug-2026,33968,INE1D0W01018
TECHNVISN,EQ,5023.6,5373.7,5018.9,5373.7,5373.7,5117.9,619,3293251.90,28-Aug-2026,147,INE314H01012
TECILCHEM,EQ,9.98,10.2,8.53,9.58,9.32,9.09,63383,606067.05,28-Aug-2026,219,INE014B01011
TGL,ST,16.25,16.25,16.25,16.25,16.25,15.5,12600,204750.00,28-Aug-2026,17,INE0K6601012
TEGA,EQ,1641.9,1687.1,1616.2,1658.7,1660,1621.4,216658,358011809.30,28-Aug-2026,15116,INE011K01018
TEJA,SM,259,259,259,259,259,272.6,600,155400.00,28-Aug-2026,1,INE0R1301019
TEJASCARGO,SM,418.95,418.95,410,410,410,399,1200,499160.00,28-Aug-2026,3,INE17WC01013
TEJASNET,EQ,538,576.85,538,550.15,549,511.15,43164679,24188150337.70,28-Aug-2026,534714,INE010J01012
TEMBO,EQ,57.7,59,57.25,58.2,58,57.7,851623,49586439.00,28-Aug-2026,2624,INE869Y01028
TEMPSENS,EQ,634,634.85,551.15,586.65,590.6,300,51084119,30363197674.25,28-Aug-2026,821540,INE1KZI01025
TENNIND,EQ,546.3,547.4,535.8,537.5,538.25,541.4,682567,368896306.80,28-Aug-2026,18923,INE19RI01016
TERASOFT,EQ,301.35,307.75,295.3,297.8,300.65,301.35,21083,6336281.45,28-Aug-2026,1058,INE482B01010
TERAI,EQ,113.95,124.8,113.5,115,115,125.9,77,8903.65,28-Aug-2026,14,INE390D01011
TEXINFRA,EQ,111.34,113,111,111.41,111.1,110.55,67121,7491494.43,28-Aug-2026,593,INE435C01024
TEXRAIL,EQ,109.99,112.64,108.8,109.44,109.6,108.43,2601407,286665338.75,28-Aug-2026,20041,INE621L01012
TEXMOPIPES,EQ,47.01,47.5,46.05,46.24,46.05,46.95,20451,952006.28,28-Aug-2026,287,INE141K01013
728NTPC30B,N9,1339,1339,1339,1339,1339,1339,1,1339.00,28-Aug-2026,1,INE733E07JS0
737NTPC35C,NA,1368,1368,1368,1368,1368,1228,38,51984.00,28-Aug-2026,1,INE733E07JT8
TGBHOTELS,EQ,9.11,9.69,9.08,9.4,9.6,9.15,25001,232147.23,28-Aug-2026,74,INE797H01018
TCL,SM,137,137,130,132.8,131.85,137.65,52800,6976640.00,28-Aug-2026,63,INE0QJL01014
THACKER,BE,1000,1011,998,999.6,998,1050,33,32995.00,28-Aug-2026,15,INE077P01034
THANGAMAYL,EQ,5502,5563.5,5373.5,5440.5,5430,5502,280954,1527800285.00,28-Aug-2026,18193,INE085J01014
ANUP,EQ,1801,1817,1770.3,1800.5,1800,1801.3,21172,38002255.50,28-Aug-2026,3164,INE294Z01018
BYKE,BE,31,31.35,30.7,30.74,31.35,30.98,36236,1121197.92,28-Aug-2026,130,INE319B01014
GESHIP,EQ,1324.9,1363,1321.2,1339.6,1338,1317.2,1428262,1917655720.60,28-Aug-2026,73647,INE017A01032
GROBTEA,EQ,1012,1012,980.5,991.6,980.5,995.9,246,245006.20,28-Aug-2026,30,INE646C01018
HITECHGEAR,BE,551.1,578.65,549.45,578.35,578.65,551.1,9840,5638084.20,28-Aug-2026,154,INE127B01011
INDIACEM,EQ,369.35,371.9,363.1,369.75,370.05,369.05,235653,86641036.85,28-Aug-2026,7230,INE383A01012
INDHOTEL,EQ,716,716.9,703.55,706.4,706.4,718.5,3199451,2260976534.35,28-Aug-2026,67736,INE053A01029
THEINVEST,EQ,94.96,97,94.52,95,95.01,94.96,2303,220922.65,28-Aug-2026,105,INE924D01017
NIACL,EQ,187,191.91,185.5,186.34,186.45,185.2,2336110,440481271.17,28-Aug-2026,24524,INE470Y01017
PKTEA,EQ,752,796.95,731.05,744.75,731.25,751.85,89,67894.15,28-Aug-2026,22,INE431F01018
PHOENIXLTD,EQ,1902.9,1923.9,1896,1917,1917,1901.7,253002,483201930.30,28-Aug-2026,22001,INE211B01039
RAMCOCEM,EQ,892.8,899.45,883.4,895.65,895,892.55,243570,216991489.45,28-Aug-2026,16700,INE331A01037
RUBYMILLS,BE,400,400,383.2,390.4,390,390.4,3579,1401281.55,28-Aug-2026,93,INE301D01026
SOUTHBANK,EQ,45.75,46.22,45.3,45.37,45.41,45.73,3557940,162343006.94,28-Aug-2026,12497,INE683A01023
STCINDIA,EQ,117.6,118.5,116.21,116.88,117.05,117.48,14173,1662777.40,28-Aug-2026,334,INE655A01013
UGARSUGAR,EQ,50.9,55.87,50.41,54.13,55,50.7,801341,42457834.16,28-Aug-2026,6156,INE071E01023
WIPL,EQ,165,167.89,164,167.89,167.89,163.54,652,107653.13,28-Aug-2026,14,INE215F01023
THEJO,EQ,2103.9,2114.9,2052.3,2060.6,2056,2093.6,30486,63234275.20,28-Aug-2026,642,INE121N01019
THEMISMED,EQ,127.03,128.01,124.36,125.48,126.4,126.15,76736,9625463.01,28-Aug-2026,863,INE083B01024
THERMAX,EQ,3998.9,3998.9,3934.4,3944.2,3952,3962.7,35970,141969810.60,28-Aug-2026,12334,INE152A01029
TIRUMALCHM,EQ,159.58,164.86,158.65,160.32,160.5,159.58,2119773,344157873.62,28-Aug-2026,21689,INE338A01024
THOMASCOOK,EQ,110,111.35,108,108.43,108.35,110.06,841847,91838310.08,28-Aug-2026,11241,INE332A01027
THOMASCOTT,EQ,279.9,285,270,277.25,276.35,279.6,50583,13851765.80,28-Aug-2026,1753,INE480M01011
THYROCARE,EQ,581.45,589.1,579,584.35,588,581.45,170008,99218571.10,28-Aug-2026,11887,INE594H01019
TIGERLOGS,EQ,30.09,30.39,29,29.45,29.01,30.09,92798,2763354.84,28-Aug-2026,439,INE906O01029
TIJARIA,EQ,5.93,6.3,5.7,6.02,6.05,5.92,124221,739991.41,28-Aug-2026,242,INE440L01017
TIL,BE,240.55,241,236.9,239.25,237.2,240.55,67753,16144355.40,28-Aug-2026,336,INE806C01018
TI,EQ,556.1,574,553,567.2,565.8,557.8,411373,233257329.85,28-Aug-2026,14461,INE133E01013
TIMETECHNO,EQ,185.67,189.79,185.31,186.29,186.01,185.67,2984174,559039336.86,28-Aug-2026,18947,INE508G01029
TIMEX,EQ,630.8,657,629,653.75,656,624.05,384200,248159467.85,28-Aug-2026,18412,INE064A01026
TIMKEN,EQ,3192,3207.2,3142.4,3149.8,3146,3183.4,32308,102946625.30,28-Aug-2026,7402,INE325A01013
TINNARUBR,EQ,1008.4,1015.8,995.1,996.1,995.1,998.4,22357,22416166.60,28-Aug-2026,1836,INE015C01016
TIPSFILMS,EQ,339.9,343.5,333,334.3,333.1,342.15,10675,3608901.80,28-Aug-2026,524,INE0LQS01015
TIPSMUSIC,EQ,660,660.25,644.05,648.05,648,660,191676,124831549.05,28-Aug-2026,11091,INE716B01029
TIRUPATIFL,BE,68.5,70.5,68.5,69.78,70,68.12,163847,11434286.60,28-Aug-2026,690,INE319Y01024
TITAGARH,EQ,831,843.4,826.8,835.35,838,831.15,225348,188523968.80,28-Aug-2026,10513,INE615H01020
TITAN,EQ,5155,5169.9,5136,5169.2,5169.2,5139.3,547804,2822109613.50,28-Aug-2026,39225,INE280A01028
TOKYOPLAST,EQ,76,77.25,76,77.24,77.24,77.25,210,16217.49,28-Aug-2026,4,INE932C01012
TOLINS,EQ,97,97,94.52,95,95,95.29,27319,2607855.85,28-Aug-2026,656,INE0RWQ01014
TORNTPHARM,EQ,5000,5050,4967,5050,5050,4999,184156,921988550.50,28-Aug-2026,19513,INE685A01028
TORNTPOWER,EQ,1237.4,1237.4,1212.6,1217.7,1223,1230.1,213261,260199709.10,28-Aug-2026,23733,INE813H01021
TOTAL,EQ,70,72,68.54,70.77,71.9,69.57,20945,1470897.50,28-Aug-2026,244,INE336X01012
TOUCHWOOD,EQ,61,61.9,59,60.69,60.69,61,2680,162562.92,28-Aug-2026,79,INE486Y01013
TFCILTD,EQ,142,144.62,139.55,140.54,140.95,141.84,8389884,1190258834.39,28-Aug-2026,24945,INE305A01023
TOYAMSL,EQ,0.63,0.64,0.61,0.63,0.64,0.62,621993,391477.24,28-Aug-2026,183,INE457P01020
TPLPLASTEH,EQ,78.02,78.39,72.9,73.4,73.9,77.44,258779,19230297.68,28-Aug-2026,2679,INE413G01022
TRACXN,EQ,29.8,30.24,29.52,29.76,29.71,30.06,85210,2557485.97,28-Aug-2026,752,INE0HMF01019
TARIL,EQ,304.8,308.45,301.6,303.45,303.5,304.15,729621,222055610.70,28-Aug-2026,14065,INE763I01026
TRANSCOR,EQ,25.5,25.8,24,24.7,25.3,25.95,4184,103472.05,28-Aug-2026,59,INE330E01023
TREL,EQ,26.51,27.5,26.51,27.18,27.37,26.49,166860,4520812.83,28-Aug-2026,2363,INE0O3901029
TRANSPEK,BE,1360,1378.7,1323,1370.3,1369,1336.2,1173,1594438.50,28-Aug-2026,80,INE687A01016
TCI,EQ,901.35,901.35,883.15,888.1,892,897.3,27292,24296005.00,28-Aug-2026,3091,INE688A01022
TRANSRAILL,EQ,458,458.95,452.05,452.75,453.4,458.5,359968,163109656.90,28-Aug-2026,15691,INE454P01035
TRANSTEEL,SM,91.95,91.95,80.75,81.55,80.75,89.15,197000,16553700.00,28-Aug-2026,116,INE0NVI01020
TFL,EQ,12.45,12.85,11.62,12.46,12.85,12.07,12439,153792.86,28-Aug-2026,84,INE804H01012
TRANSWORLD,BE,180.33,180.33,176.73,176.73,176.73,180.33,2836,502415.73,28-Aug-2026,34,INE757B01015
TRAVELFOOD,EQ,1333,1336.6,1290,1297.7,1300,1333.9,54197,70828928.00,28-Aug-2026,6163,INE103V01028
TREEHOUSE,EQ,6.28,6.33,6.1,6.27,6.28,6.28,5340,33193.51,28-Aug-2026,55,INE040M01013
TREJHARA,EQ,151.8,151.88,143.15,144.2,144.96,149.89,21578,3162887.01,28-Aug-2026,457,INE00CA01015
TRENT,EQ,2890.4,2911.2,2875.8,2898,2898,2878.5,469911,1361961123.60,28-Aug-2026,33099,INE849A01020
TRF,EQ,230.83,231.67,228,229.48,230,229.22,4996,1150638.17,28-Aug-2026,186,INE391D01019
TBZ,EQ,306,311.25,294.8,301.7,300.7,306.1,998166,302316148.50,28-Aug-2026,16895,INE760L01018
TRIDENT,EQ,24.4,24.48,24.27,24.32,24.35,24.38,1788468,43539859.11,28-Aug-2026,8699,INE064C01022
TECHLABS,SM,125,125,117,119.5,119.05,122.75,7250,870387.50,28-Aug-2026,51,INE0QD201012
TRIDHYA,ST,8.1,8.1,8.1,8.1,8.1,8.5,6000,48600.00,28-Aug-2026,2,INE0LWY01029
TRIGYN,EQ,59.45,64.82,59,62.85,62.7,60.09,221932,14107509.31,28-Aug-2026,2303,INE948A01012
TRITONV,EQ,1140.2,1160.1,1126.2,1148.5,1150,1144.9,1875,2141839.80,28-Aug-2026,276,INE440G01017
TRIVENI,EQ,285.3,287.93,279.42,283.82,284,282.21,792373,224508730.45,28-Aug-2026,17171,INE256C01024
TRITURBINE,EQ,588.1,592.95,578,580.3,581.2,583.45,270490,157325969.55,28-Aug-2026,16784,INE152M01016
TROM,SM,55,55,53.2,53.4,53.4,54,7200,388020.00,28-Aug-2026,12,INE0SYV01018
TRUALT,EQ,434,438.6,430.85,434.15,437,433.85,69662,30219272.45,28-Aug-2026,2558,INE0MWH01014
TRU,EQ,4.15,4.15,3.96,4.12,4.13,4.04,209566,846105.03,28-Aug-2026,618,INE615R01029
TRUST,SM,32.6,33,28,28.55,28,30.95,18600,558420.00,28-Aug-2026,23,INE0SWN01019
TSC,ST,45.1,45.1,45,45,45,46.5,4000,180200.00,28-Aug-2026,2,INE16VK01010
TSFINV,EQ,404.95,409.95,403,407.2,406.3,404.2,40490,16450750.30,28-Aug-2026,2189,INE202Z01029
935TSI29,N0,102750.01,102750.01,102750.01,102750.01,102750.01,104511.1,1,102750.01,28-Aug-2026,1,INE1C3207073
935TSIIC28,N0,102901.3,103790,102901.3,103790,103790,102901.3,4,414271.30,28-Aug-2026,2,INE1C3207081
TTKHLTCARE,EQ,1087.9,1150.9,1081,1134.2,1128.5,1080.2,75111,84737551.80,28-Aug-2026,7565,INE910C01018
TTKPRESTIG,EQ,606.9,610.95,592,593.7,598,606.9,31260,18656397.65,28-Aug-2026,3094,INE690A01028
TIINDIA,EQ,2870,2885.7,2831.5,2840,2840,2870,123842,352386781.20,28-Aug-2026,21980,INE974X01010
TUNWAL,SM,26,26,25.55,25.8,25.8,25.55,36000,927200.00,28-Aug-2026,17,INE0OXV01027
TURTLEMINT,EQ,153.62,160,148,152.65,152.5,153.64,3794826,587733011.70,28-Aug-2026,40796,INE0OC301013
TUTIALKA,EQ,60,61.73,59.06,59.47,59.98,59.04,12125,723141.75,28-Aug-2026,173,INE400A01014
TVTODAY,EQ,112.1,114.7,111.13,112.04,111.5,113.13,50189,5646531.05,28-Aug-2026,1987,INE038F01029
TVVISION,BE,3.8,3.8,3.46,3.58,3.6,3.63,27802,97425.86,28-Aug-2026,55,INE871L01013
TVSELECT,EQ,444,444,435.25,437.4,439.95,443.05,27147,11895308.20,28-Aug-2026,1230,INE236G01019
TVSHLTD,EQ,13435,13587,13361,13450,13410,13434,3931,52896723.00,28-Aug-2026,1440,INE105A01035
TVSMOTOR,EQ,4409.8,4425,4161.5,4304.2,4304.2,4409.8,2654527,11297589656.70,28-Aug-2026,198109,INE494B01023
TVSSRICHAK,EQ,5251.4,5314.8,5155.3,5292.3,5301,5244.5,20685,108472467.60,28-Aug-2026,3642,INE421C01016
TVSSCS,EQ,131.09,133.66,130.3,131.56,131,130.79,884652,116656122.70,28-Aug-2026,10606,INE395N01027
TICL,BE,9.59,9.6,9.03,9.09,9.3,9.5,121014,1113090.75,28-Aug-2026,237,INE388G01026
UPHOT,EQ,1397,1464.9,1397,1464.9,1464.9,1397,16,23234.70,28-Aug-2026,4,INE726E01014
UYFINCORP,BE,20.2,20.24,19.7,19.86,19.99,20.1,41108,818204.47,28-Aug-2026,174,INE152C01025
UCAL,BE,155.15,163.8,150,156.73,156.2,156.15,41468,6571159.79,28-Aug-2026,418,INE139B01016
1025UCL27A,NG,1000,1000,1000,1000,1000,975.2,2,2000.00,28-Aug-2026,1,INE583D07588
1050UCL28,NH,1013,1013,1013,1013,1013,1034.6,110,111430.00,28-Aug-2026,3,INE583D07596
UCOBANK,EQ,25.55,25.71,25.35,25.48,25.5,25.49,3624254,92579486.76,28-Aug-2026,11694,INE691A01018
UDAYJEW,EQ,142.85,144.75,130.2,137.96,137.96,143.28,1601,226450.14,28-Aug-2026,32,INE551B01012
USK,EQ,21.31,21.89,21,21.54,21.65,21.31,10584,225918.31,28-Aug-2026,102,INE0N0Y01013
UFLEX,EQ,635,658.85,631,634.35,634,631,292297,187296325.35,28-Aug-2026,8084,INE516A01017
UFO,EQ,66.27,69.6,64.55,66.49,66.99,65.54,54139,3601685.93,28-Aug-2026,979,INE527H01019
UGROCAP,EQ,87.22,88.5,86.51,86.96,87,87.22,190255,16623523.17,28-Aug-2026,1634,INE583D01011
UEL,EQ,189.33,189.33,189.33,189.33,189.33,180.32,2841,537886.53,28-Aug-2026,43,INE899L01030
UJJIVANSFB,EQ,68.7,69.23,67.6,67.85,67.79,68.57,6875259,469422585.77,28-Aug-2026,33424,INE551W01018
ULTRAMAR,EQ,426.65,429,406.8,411.3,412,423.3,103267,42858890.40,28-Aug-2026,3391,INE405A01021
ULTRACEMCO,EQ,11705,11746,11523,11589,11589,11717,235738,2728803871.00,28-Aug-2026,27946,INE481G01011
UMA,SM,19.5,19.75,17.3,19.05,19.05,17,64000,1221200.00,28-Aug-2026,16,INE067901012
UMAEXPORTS,BE,26.33,26.5,26.33,26.47,26.47,26.06,12367,326726.98,28-Aug-2026,40,INE0GIU01018
UMIYA-MRO,EQ,88.63,96,88.16,94.64,94.95,88.68,58425,5527506.63,28-Aug-2026,517,INE398B01018
UNICHEMLAB,EQ,542.85,570,535,564.25,565.95,539.75,330176,184822027.15,28-Aug-2026,12615,INE351A01035
UNIECOM,EQ,84.1,89,83.91,87.18,87.5,84,307248,26455259.66,28-Aug-2026,2633,INE00U401027
UNIHEALTH,SM,708,721.95,700,717.95,717.95,707.15,6500,4632450.00,28-Aug-2026,13,INE0PRF01011
UNIINFO,EQ,10.92,10.97,10.43,10.97,10.97,10.97,959,10257.18,28-Aug-2026,17,INE481Z01011
UNIMECH,EQ,1498,1511.7,1482.5,1503.1,1507,1485.4,99475,149211911.00,28-Aug-2026,7579,INE0U3I01011
UNIONBANK,EQ,184.7,186.31,184.09,186,186,184.5,3617223,669710275.33,28-Aug-2026,29351,INE692A01016
UNIONGOLD,EQ,153.1,155.45,151.15,155.3,155.4,153.1,5872,908164.65,28-Aug-2026,103,INF582M01KS4
UNIPARTS,EQ,817.4,879.8,813.05,873.15,877.25,808.3,467444,399945096.75,28-Aug-2026,22529,INE244O01017
UNIENTER,EQ,96.04,96.95,92.74,94.1,94.66,96.04,4514,426577.90,28-Aug-2026,108,INE037A01022
UNITECH,EQ,3.95,3.97,3.88,3.9,3.94,3.92,3787223,14888796.13,28-Aug-2026,1736,INE694A01020
UBL,EQ,1343,1345.2,1330,1334.1,1335,1346.6,36542,48821772.60,28-Aug-2026,5923,INE686F01025
UNIDT,BE,212.63,219.8,204.2,215.51,219.7,212.63,4084,861993.60,28-Aug-2026,76,INE961D01019
UFBL,BE,735.1,767,722.35,763.8,765.2,740.25,61968,46232028.00,28-Aug-2026,2068,INE382M01027
UHTL,ST,143.6,143.6,143.6,143.6,143.6,140.8,24000,3446400.00,28-Aug-2026,4,INE0SMR01011
UNITEDTEA,EQ,458.85,458.85,451,454,456.9,454.9,357,162263.55,28-Aug-2026,30,INE458F01011
UNITEDPOLY,EQ,37.44,39.5,37.11,38.8,39,37.44,165582,6421093.90,28-Aug-2026,474,INE368U01029
UNITDSPR,EQ,1526,1540,1497.7,1510,1510,1522,612774,922754629.90,28-Aug-2026,21886,INE854D01024
UNIVASTU,BE,154.5,162,154.1,160.48,161.9,156.88,35408,5643089.15,28-Aug-2026,363,INE562X01013
UNIVCABLES,EQ,1610,1700,1605.8,1693.2,1690,1607.3,333702,557253294.30,28-Aug-2026,26236,INE279A01012
UNIVPHOTO,BE,455,456.05,455,456.05,456.05,460.65,754,343141.00,28-Aug-2026,8,INE03V001013
UNOMINDA,EQ,1282,1283.1,1263.4,1276,1276,1280,552647,705525717.20,28-Aug-2026,28772,INE405E01023
IIFLZC28,NG,1666.44,1679,1666.44,1678.37,1679,1645.13,201,337353.40,28-Aug-2026,3,INE530B08110
10IIFL28A,NE,1034.3,1040,1034.3,1040,1040,1040,420,436035.95,28-Aug-2026,6,INE530B08094
96IIFL28A,NF,1001.01,1004,1001.01,1003.88,1003.89,1002.49,1094,1097123.37,28-Aug-2026,17,INE530B08102
10IIFL28,N4,1003,1005.01,995.5,1000.12,1000.12,1009.45,52,52165.67,28-Aug-2026,6,INE477L08147
96IIFL28,N5,1001,1002.9,1001,1001.05,1001.05,1001,503,503582.63,28-Aug-2026,5,INE477L08154
10IIFL29,N6,1025,1025,1005,1025,1025,1025,11,11255.00,28-Aug-2026,3,INE866I08279
105IIFL29,N7,1049,1069.8,1049,1069.8,1069.8,1065,55,58007.00,28-Aug-2026,2,INE866I08295
885TCAPS29,NC,1059,1059,1056.9,1056.9,1056.9,1059,50,52897.50,28-Aug-2026,3,INE306N08342
910TCAP28,NA,1124,1125,1119,1121.69,1119,1120,1448,1624445.13,28-Aug-2026,18,INE306N08292
UDS,EQ,222,224.62,221,222.48,222.5,221.82,137777,30673618.12,28-Aug-2026,4813,INE851I01011
UPL,EQ,580,580.05,569.55,571,571,578.1,1181623,679025222.60,28-Aug-2026,21660,INE628A01036
URAVIDEF,BE,106.6,108.88,103.15,107.92,108.88,106.6,3555,379701.17,28-Aug-2026,56,INE568Z01015
URBANCO,EQ,167.9,171.44,165.91,168.41,168.65,167.36,8658242,1467378886.04,28-Aug-2026,61759,INE0CAZ01013
URBAN,SM,140.55,141.95,139,139.7,139.1,140.55,43200,6052760.00,28-Aug-2026,36,INE0O0201019
URJA,EQ,9.25,9.3,9.15,9.19,9.24,9.25,427256,3935208.38,28-Aug-2026,1734,INE550C01020
USHAFIN,SM,47,47.45,46,47.15,47.2,45.45,44800,2105520.00,28-Aug-2026,19,INE0LS001014
UMESLTD,EQ,5.5,5.5,4.8,5.3,5.45,5.14,29979,155810.76,28-Aug-2026,157,INE240C01028
USHAMART,EQ,491,498.7,487.5,492.45,491.9,489.15,386312,190071651.70,28-Aug-2026,21682,INE228A01035
UTIAMC,EQ,890.7,896.45,886.15,887.7,887.9,890.7,50141,44668411.70,28-Aug-2026,7116,INE094J01016
NIF500BETA,EQ,37.86,38,37.75,37.85,37.85,37.85,2226,84456.76,28-Aug-2026,24,INF789F1AG76
BANKBETA,EQ,59.58,59.72,59.31,59.48,59.43,59.58,1102472,65428489.98,28-Aug-2026,377,INF789F1AUV1
GILT10BETA,EQ,26.87,26.87,26.87,26.87,26.87,26.92,1205,32378.35,28-Aug-2026,8,INF789F1AZF3
GILT5BETA,EQ,66.15,67.1,66.15,66.5,66.5,65.85,346,23178.25,28-Aug-2026,4,INF789F1AZE6
ITBETA,EQ,327.9,330.21,326.47,328,328,319,3772,1235620.26,28-Aug-2026,43,INF789F1AZD8
MIDCAPBETA,EQ,238.84,238.84,237.09,238.13,238.13,238.01,426,101560.53,28-Aug-2026,23,INF789F1AYX9
NEXT50BETA,EQ,80.54,80.69,79.52,79.81,80.39,80.29,103520,8285056.21,28-Aug-2026,607,INF789F1AUW9
NIFTYBETA,EQ,274.97,274.97,267.42,268.24,268.25,268.27,47612,12776012.04,28-Aug-2026,549,INF789F1AZC0
SENSEXBETA,EQ,857.94,870.99,855,863.35,865,857.94,599,514104.94,28-Aug-2026,71,INF789FB1X58
SILVERBETA,EQ,229,233.97,226.67,232.73,232.72,228.62,439627,101718008.82,28-Aug-2026,4313,INF789F1AYK6
SNXT50BETA,EQ,96.85,97,95.85,96.24,96.24,96.85,994,95754.84,28-Aug-2026,73,INF789F1AUU3
GOLDBETA,EQ,133.95,134,131.5,133.3,134,132.6,577545,76616707.05,28-Aug-2026,2658,INF789F1AUX7
UTKAL,SM,51,51,51,51,51,49.4,20000,1020000.00,28-Aug-2026,7,INE1V1R01014
UTKARSHBNK,EQ,14.85,14.96,14.53,14.68,14.77,14.92,3732185,55077342.60,28-Aug-2026,4630,INE735W01017
UTSSAV,ST,448.6,455,445,455,455,448.6,8400,3774720.00,28-Aug-2026,13,INE06IJ01010
UTTAMSUGAR,EQ,301.81,306.68,294.1,299.55,299.8,298.34,362389,108959574.66,28-Aug-2026,8513,INE786F01031
VMARCIND,SM,378.55,389,374,376,375.05,382.3,169500,64488525.00,28-Aug-2026,105,INE0GXK01018
VTMLTD,EQ,58.39,58.9,56.55,58.2,58.3,56.47,86409,4982708.74,28-Aug-2026,313,INE222F01029
VGUARD,EQ,330.05,337.95,330.05,333.25,333.85,331.5,349373,116867271.00,28-Aug-2026,6430,INE951I01027
VLINFRA,SM,27.7,27.7,27.7,27.7,27.7,27.7,3000,83100.00,28-Aug-2026,2,INE0QXL01015
V2RETAIL,EQ,223.39,224,220.5,221.32,221,222.4,620306,137875820.05,28-Aug-2026,10457,INE945H01021
WABAG,EQ,2133.9,2139,2063,2086.1,2085,2133.9,644576,1344376497.50,28-Aug-2026,29893,INE956G01038
VADILENT,EQ,9700,11754,9700,10833,10750,9795,298,3011935.00,28-Aug-2026,43,INE693D01018
VADILALIND,EQ,7410,8020,7385,7900,7880,7444.5,43027,335742503.00,28-Aug-2026,11527,INE694D01016
VAIBHAVGBL,EQ,222.2,225.7,220.7,221.55,221.4,222.2,160964,35811889.45,28-Aug-2026,15362,INE884A01027
MADHAVBAUG,ST,170,170,169.1,169.45,169.1,178,8800,1491900.00,28-Aug-2026,12,INE0JR301013
VAISHALI,EQ,8.33,8.46,8.2,8.31,8.24,8.33,58628,486885.51,28-Aug-2026,165,INE972X01022
VAKRANGEE,EQ,5.91,5.99,5.81,5.89,5.9,5.92,794251,4673805.90,28-Aug-2026,1386,INE051B01021
VALIANTLAB,BE,108.75,108.75,99.65,99.65,99.65,104.89,94454,9572637.66,28-Aug-2026,522,INE0JWS01017
VALIANTORG,BE,302,304.9,295,297.4,300,300.6,29593,8874848.85,28-Aug-2026,195,INE565V01010
DBREALTY,EQ,107.01,109.5,105.5,107.37,107.5,106.85,1049285,112965553.36,28-Aug-2026,9676,INE879I01012
VALUE360,SM,72.2,72.95,72.2,72.95,72.95,72.6,2400,174180.00,28-Aug-2026,2,INE1E7Y01018
VARDHACRLC,BE,45.32,45.32,43.9,44.5,44.55,45.32,19056,844184.91,28-Aug-2026,250,INE116G01013
VHL,EQ,3342.1,3525,3342.1,3506.9,3500,3392.3,596,2074947.40,28-Aug-2026,172,INE701A01023
VARDMNPOLY,EQ,5.92,6.15,5.9,5.98,6,6.01,147794,888758.80,28-Aug-2026,352,INE835A01029
VSSL,EQ,357,357,346.95,348.55,348.3,358.05,68075,23861668.80,28-Aug-2026,2406,INE050M01012
VTL,EQ,592,598.45,587.5,592.75,595,594.6,103519,61393670.45,28-Aug-2026,9165,INE825A01020
VARROC,EQ,811,829.5,803.35,821.85,829,813.15,194076,157985319.30,28-Aug-2026,13923,INE665L01035
VBL,EQ,418.65,420.9,412.2,414,414,418.75,7918746,3290015171.25,28-Aug-2026,55490,INE200M01039
VGL,EQ,57,58.99,56.15,58.22,58.4,56.85,9637,560129.78,28-Aug-2026,173,INE273D01027
DENTALKART,SM,403,410.15,403,408.75,405.3,409.7,7500,3045875.00,28-Aug-2026,21,INE0N5801013
VASCONEQ,EQ,30.88,31.25,30.81,30.98,31,30.78,213371,6618004.15,28-Aug-2026,820,INE893I01013
VASWANI,EQ,48.42,49.5,48.42,48.98,49.38,48.42,5704,279188.38,28-Aug-2026,61,INE590L01019
VCL,BE,2.02,2.02,2.02,2.02,2.02,2.12,351429,709886.58,28-Aug-2026,193,INE098201036
12VCCL28,N0,98500,98500,98500,98500,98500,100100,1,98500.00,28-Aug-2026,1,INE04HY07344
125VCCL31,N0,97800,97800,97590,97599,97599,96500,3,292989.00,28-Aug-2026,3,INE04HY08011
VDEAL,SM,160.85,161,160,160.5,161,161,6600,1059420.00,28-Aug-2026,10,INE0U2M01015
MANYAVAR,EQ,544,550.5,537,547.8,546.7,544.55,255004,139158704.20,28-Aug-2026,19655,INE825V01034
VAML,EQ,455.9,460.7,452.4,456.15,456.5,454.45,6349673,2895985162.05,28-Aug-2026,98651,INE1CDF01017
VISL,EQ,38.7,39.59,38.4,38.59,38.6,38.85,20299879,788647162.74,28-Aug-2026,41697,INE1CLE01013
VEDL,EQ,283.7,289.5,282.4,287.95,287.95,281,19438996,5580101265.65,28-Aug-2026,107450,INE205A01025
VOGL,EQ,41.9,42.7,40.12,40.32,40.39,41.98,50083778,2058628253.70,28-Aug-2026,84956,INE704J01044
VEDPOWER,EQ,37.65,37.75,36.51,36.64,36.75,37.5,13250516,488389723.13,28-Aug-2026,41648,INE694L01019
VEDAVAAG,EQ,18.9,18.9,18,18.33,18.4,18.36,18350,337622.70,28-Aug-2026,119,INE359B01010
VEEDOL,EQ,1499.8,1506,1487.7,1496.1,1491.7,1491.5,4534,6791299.10,28-Aug-2026,1022,INE484C01030
VEEKAYEM,SM,103,103,103,103,103,98.4,500,51500.00,28-Aug-2026,1,INE0KTW01013
VELJAN,BE,1801,1839.9,1800,1808.8,1801,1811,189,341733.10,28-Aug-2026,21,INE232E01013
VENKEYS,EQ,1583,1587.3,1565,1571.9,1571,1575.6,14290,22511155.70,28-Aug-2026,1655,INE398A01010
VENTIVE,EQ,582.6,590,581.55,587.1,587.7,583.5,8952,5252328.80,28-Aug-2026,801,INE781S01027
VENUSPIPES,EQ,1655,1668.8,1620,1634.3,1637,1653.8,65204,106999211.30,28-Aug-2026,6852,INE0JA001018
VENUSREM,BE,1610,1644,1551.1,1626.7,1631.9,1598.1,25080,40259096.10,28-Aug-2026,1369,INE411B01019
VERANDA,EQ,242.5,244,238.6,240.65,239.95,243.55,182964,44100527.00,28-Aug-2026,2655,INE0IQ001011
VERITAAS,SM,28.6,31.45,28.6,31.45,31.45,30.1,3600,106380.00,28-Aug-2026,3,INE0SRI01019
VERTEXPLUS,SM,49,51.45,49,51.45,51.45,49,15000,769920.00,28-Aug-2026,4,INE0NLB01018
VERTIS,IV,115.75,115.75,115.75,115.75,115.75,116,2125000,245968750.00,28-Aug-2026,6,INE0KXY23015
VERTOZ,BE,40,40.9,39.01,39.3,39.6,39.99,30613,1218470.57,28-Aug-2026,211,INE188Y01031
VESUVIUS,EQ,424.1,428.2,418.3,421.55,422,422.4,106746,45013050.15,28-Aug-2026,4463,INE386A01023
VETO,BE,128.88,128.88,125.1,126.08,126.01,128,23879,3021014.67,28-Aug-2026,187,INE918N01018
VIAZ,SM,70,70,70,70,70,68,2000,140000.00,28-Aug-2026,1,INE0MO401019
VSTL,EQ,113.8,113.8,109.05,110.82,111.17,112.63,9476,1052443.36,28-Aug-2026,265,INE0QTF01015
VGCL,EQ,61,62.01,56.57,57.75,56.71,59.38,27178,1609167.92,28-Aug-2026,123,INE761Q01015
VHLTD,BE,117.9,118.5,115.5,117.95,118.5,117.99,38962,4551055.89,28-Aug-2026,156,INE048C01025
VICTORYEV,ST,16,16,16,16,16,16,15000,240000.00,28-Aug-2026,4,INE0F8901022
VIDHIING,EQ,352.65,360,347.9,355.7,355,350.1,75581,26879329.60,28-Aug-2026,2744,INE632C01026
VIDYAWIRES,EQ,86.45,90.09,86.37,90.07,90.06,85.8,2554647,228829817.77,28-Aug-2026,10902,INE14UN01029
VIGOR,ST,100.15,100.7,100.15,100.7,100.7,103,6400,642000.00,28-Aug-2026,4,INE1DM601016
VIJSOLX,EQ,699,699,686.25,690,690,696,255,175751.40,28-Aug-2026,18,INE362D01010
VIJAYA,EQ,1472.4,1479.9,1440,1452.5,1451,1472.4,123663,179914601.30,28-Aug-2026,16581,INE043W01024
VIJAYPD,SM,69,76.05,69,72.75,72.5,69.95,86000,6250700.00,28-Aug-2026,39,INE0WL901019
VIJIFIN,BE,15.04,15.04,15.04,15.04,15.04,14.75,96240,1447449.60,28-Aug-2026,47,INE159N01027
VIKASECO,EQ,1.15,1.16,1.13,1.14,1.15,1.14,1874986,2158045.05,28-Aug-2026,1291,INE806A01020
VIKASLIFE,EQ,1.36,1.38,1.33,1.35,1.36,1.36,2479223,3355813.96,28-Aug-2026,9597,INE161L01027
VIKRAMSOLR,EQ,172.89,174.49,171.1,172.71,173,172.01,1282945,221644849.62,28-Aug-2026,12861,INE078V01014
VIKRAN,EQ,59.52,60.21,59,59.39,59.5,59.47,921337,54730984.64,28-Aug-2026,5394,INE01R501028
VILAS,SM,361.9,365.5,358.1,360.95,359,354.65,6500,2355912.50,28-Aug-2026,23,INE0AZY01017
VILINBIO,SM,44.45,44.7,44.45,44.7,44.7,42.6,40000,1784200.00,28-Aug-2026,10,INE0L4V01013
VIMTALABS,EQ,617.8,620.7,612,617.7,615.15,615,67057,41393026.30,28-Aug-2026,3643,INE579C01029
VINATIORGA,EQ,1325,1332.8,1322,1325.2,1325.2,1318.4,19076,25293419.80,28-Aug-2026,1645,INE410B01037
VINDHYATEL,EQ,2530,2595,2525,2585.5,2591,2530.5,51176,131359717.60,28-Aug-2026,6188,INE707A01012
VINEETLAB,EQ,40,40,38.13,38.68,39.25,39.01,41952,1621187.95,28-Aug-2026,590,INE505Y01010
VMOBILE,SM,62.25,64.9,62.25,64.9,64.9,62.25,1600,101720.00,28-Aug-2026,2,INE27V201011
VINNY,EQ,1.05,1.06,1.04,1.05,1.05,1.04,210648,221911.45,28-Aug-2026,109,INE01KI01027
VINSYS,ST,610,610,604,604,604,607,3250,1975775.00,28-Aug-2026,11,INE0OSJ01014
VINCOFE,EQ,175,181.66,174.11,177.97,176.53,174.65,4029164,719020322.36,28-Aug-2026,37036,INE498Q01014
VINYAS,SM,1549,1630,1521.1,1573.8,1572,1556.8,8800,13965295.00,28-Aug-2026,81,INE0OLS01010
VINYLINDIA,EQ,238,238,232.82,234.25,234.7,234.75,4451,1043700.68,28-Aug-2026,265,INE250B01029
VIPCLOTHNG,EQ,20.02,20.77,20.02,20.37,20.42,20.38,29428,599736.70,28-Aug-2026,167,INE450G01024
VIPIND,EQ,302.4,309.3,299.85,305.8,306,304.3,365257,111283866.45,28-Aug-2026,6893,INE054A01027
VIPULLTD,BE,15.44,15.44,15.44,15.44,15.44,15.75,2453,37874.32,28-Aug-2026,20,INE946H01037
VIRAT,EQ,440.25,474.7,435.95,466.05,467,442.05,11161,5082223.60,28-Aug-2026,269,INE467D01017
VIRINCHI,EQ,15.5,15.5,14.85,14.98,15.05,15.1,66728,1005335.32,28-Aug-2026,254,INE539B01017
VGINFOTECH,SM,148,149,146.25,148.5,149,147.7,12000,1770250.00,28-Aug-2026,12,INE0VRH01015
VIRTUALG,EQ,0.53,0.54,0.51,0.53,0.54,0.51,558395,294812.05,28-Aug-2026,283,INE247C01023
VOEPL,EQ,570,591.6,556.6,570.65,580,572.7,181264,103442842.60,28-Aug-2026,6155,INE0I0T01010
VISACHROME,EQ,38,39.07,37.84,39.07,39.07,37.21,159657,6189462.17,28-Aug-2026,208,INE286H01012
VIVIDHA,EQ,0.52,0.53,0.51,0.52,0.52,0.52,118614,62051.17,28-Aug-2026,136,INE370E01029
VISAKAIND,EQ,91.02,93.5,89,89.65,89.11,91.02,221890,20023792.48,28-Aug-2026,3263,INE392A01021
VISAMAN,SM,79.2,79.2,79.2,79.2,79.2,83.35,1000,79200.00,28-Aug-2026,1,INE0BHK01012
VISDEM,SM,82,90.6,82,88.55,90.6,82,13200,1148880.00,28-Aug-2026,10,INE0OWX01025
VISHAL,EQ,19.3,19.3,18.5,18.7,18.8,18.7,11364,212588.79,28-Aug-2026,121,INE755Q01025
VMM,EQ,108.5,108.5,107,107,107,108,5132761,551768853.02,28-Aug-2026,32508,INE01EA01019
VISHNU,EQ,647,656.35,643.6,652.2,648,647.85,77007,50154278.40,28-Aug-2026,3048,INE270I01022
VPRPL,EQ,33.16,33.42,31.8,32.16,32.27,32.99,350253,11388987.71,28-Aug-2026,2035,INE0AE001013
VISHNUINFR,SM,156.7,158.8,154,154.9,154.95,161.35,16500,2560625.00,28-Aug-2026,29,INE0PQ001012
VISHWARAJ,EQ,5.86,6.24,5.86,6.04,6.09,5.92,565540,3452940.81,28-Aug-2026,1032,INE430N01022
VISHWAS,ST,42.95,42.95,40.2,42.95,42.95,40.95,6400,266080.00,28-Aug-2026,4,INE0S2E01016
VIESL,SM,338,355.1,333.5,351.45,351.9,330.75,57600,20076800.00,28-Aug-2026,51,INE0TR001017
VITAL,BE,54.9,55.99,53,55.48,55.5,54.95,3152,173503.12,28-Aug-2026,17,INE0L4K01016
VIVIANA,BE,744.8,744.8,716.05,728.4,720.2,729.3,9344,6809220.55,28-Aug-2026,292,INE0MEG01014
VIVIDEL,SM,1529.95,1583,1484,1503.7,1490,1533.2,17760,26980404.00,28-Aug-2026,70,INE24H301028
VIVIMEDLAB,BE,7.07,7.07,7.07,7.07,7.07,6.94,65297,461649.79,28-Aug-2026,69,INE526G01021
VIVOBIOT,EQ,18.98,18.98,17.65,18.11,18.65,18.8,13463,246904.99,28-Aug-2026,107,INE380K01017
VIYASH,EQ,260,268,256.95,267.4,267.25,259.5,7083862,1866778450.90,28-Aug-2026,46725,INE807F01027
VLEGOV,BE,11.2,11.23,10.75,10.8,10.75,11.31,144442,1566119.71,28-Aug-2026,403,INE03HW01020
VLSFINANCE,EQ,251.9,251.9,242.4,243.75,243.8,246.25,6675,1631241.50,28-Aug-2026,229,INE709A01018
VMART,EQ,835.95,841,805.2,819.65,819,836.05,188815,154569533.65,28-Aug-2026,17054,INE665J01013
VMSTMT,EQ,46.5,46.8,45.92,46.05,46.1,46.26,20154,933197.66,28-Aug-2026,258,INE0SJA01013
IDEA,EQ,15.03,15.1,14.6,14.68,14.68,14.97,375500261,5543174651.32,28-Aug-2026,383204,INE669E01016
VOITHPAPR,EQ,1459.8,1459.8,1450,1451.7,1450,1459.8,150,217829.20,28-Aug-2026,10,INE285C01015
VOLERCAR,SM,234,234,234,234,234,226.45,800,187200.00,28-Aug-2026,1,INE241X01014
VOLTAMP,EQ,11218,11338,11000,11038.5,11073,11228.5,19236,214568828.00,28-Aug-2026,8259,INE540H01012
VOLTAS,EQ,1225,1225,1195,1200,1200,1217.5,761300,915897421.00,28-Aug-2026,25670,INE226A01021
VRAJ,EQ,127.19,129.49,125.13,125.47,126,127.19,17793,2264128.53,28-Aug-2026,600,INE0S2V01010
VRLLOG,EQ,295,299.9,292.55,295.95,297,293.9,268516,79598515.10,28-Aug-2026,12459,INE366I01010
VSTIND,EQ,212.4,212.4,209.5,210.45,210.6,211.23,82104,17274294.49,28-Aug-2026,2523,INE710A01016
VSTTILLERS,EQ,4455,4460.4,4365.1,4381.6,4390,4375,6151,26994534.90,28-Aug-2026,751,INE764D01017
WPIL,EQ,448.6,454.95,441.25,447.75,447.1,448.65,19718,8847857.80,28-Aug-2026,1145,INE765D01022
WSI,EQ,61.16,62.99,59.27,61.86,62.4,60.2,117829,7224039.95,28-Aug-2026,3436,INE100D01014
WAAREEENER,EQ,2623.9,2650,2593.2,2640,2640,2624,488508,1282006472.90,28-Aug-2026,31371,INE377N01017
WAAREERTL,EQ,874.8,884.7,870.05,878.7,880,874.95,171468,150493989.40,28-Aug-2026,10783,INE299N01021
WAKEFIT,EQ,146.5,151.88,144.05,144.71,144.6,147.72,1135910,169269251.82,28-Aug-2026,10597,INE0E7301029
WALCHANNAG,EQ,222.99,224.39,220.62,221.09,220.72,222.26,388344,86133882.08,28-Aug-2026,4368,INE711A01022
WALPAR,SM,27.05,27.05,27.05,27.05,27.05,28.45,6000,162300.00,28-Aug-2026,3,INE0G2G01015
WANBURY,EQ,255.5,262,255,257.5,260,254.65,88873,22967590.95,28-Aug-2026,2138,INE107F01022
WARDINMOBI,EQ,5.99,6.99,5.75,5.87,5.87,5.89,399468,2347053.37,28-Aug-2026,1045,INE945P01024
WATERBASE,EQ,48.76,50.99,47.62,49.89,50.98,48.76,33531,1654579.05,28-Aug-2026,327,INE054C01015
CORDELIA,EQ,105,106.95,100.15,105.05,103.75,105,4082279,419219062.15,28-Aug-2026,13138,INE0LZF01039
1075WCA28,N0,9816.01,9816.19,9816.01,9816.19,9816.19,9481.52,33,323933.81,28-Aug-2026,3,INE0A3007065
WEWIN,EQ,46,47.48,45.7,46.81,46.81,46.21,2307,106604.93,28-Aug-2026,15,INE082W01014
TWCGOLDETF,EQ,156.6,158.25,155.15,157.6,157.17,156.6,6880,1078832.48,28-Aug-2026,137,INF2F0001370
WEALTH,EQ,860,864.85,844.15,848.3,844.15,864.15,1274,1083086.85,28-Aug-2026,147,INE658T01017
WEBELSOLAR,EQ,77.3,78.49,76.95,77.84,77.9,77.29,1471654,114430846.74,28-Aug-2026,12361,INE855C01023
WEIZMANIND,EQ,76,76.99,74,74.09,74,75.6,1916,143129.57,28-Aug-2026,73,INE080A01014
WELCORP,EQ,2430,2443.9,2351,2373.8,2365,2405.8,1342665,3199245140.40,28-Aug-2026,58727,INE191B01025
WELENT,EQ,677,685.75,661.6,670.3,673.7,676.6,398894,267467145.65,28-Aug-2026,11743,INE625G01013
WELINV,BE,2248,2259.2,2248,2259.2,2259.2,2293.8,182,409158.40,28-Aug-2026,11,INE389K01018
WELSPUNLIV,EQ,192.29,195.35,188.99,190.46,189.55,192.29,3068541,587475383.76,28-Aug-2026,29483,INE192B01031
WELSPLSOL,EQ,54.05,55,53,53.29,53.21,54.03,370412,19985216.48,28-Aug-2026,2637,INE731F01037
WENDT,EQ,8446.5,8446.5,8191,8243.5,8230,8376,7022,58335538.00,28-Aug-2026,1785,INE274C01019
WSTCSTPAPR,EQ,611.7,617.9,605,612.5,611.7,606.85,163884,100280807.10,28-Aug-2026,8940,INE976A01021
WCIL,EQ,87.3,87.49,84.92,85.74,86.25,87.12,73305,6298370.80,28-Aug-2026,1048,INE0CJF01024
WESTLIFE,EQ,567.8,569.7,552.95,555.75,555.85,563.25,47269,26391314.60,28-Aug-2026,3532,INE274F01020
WEWORK,EQ,676.95,694.25,667.8,691.6,690,675.35,203332,137912280.10,28-Aug-2026,17506,INE085001019
WHEELS,EQ,1527,1613.7,1506.6,1547.7,1546,1516.3,316555,497484178.80,28-Aug-2026,22335,INE715A01015
WHIRLPOOL,EQ,835,835,806.1,813.25,814.8,841.15,893000,728829534.90,28-Aug-2026,27663,INE716A01013
WILLAMAGOR,EQ,24.58,26,23.62,24,23.75,24.1,2961,71383.45,28-Aug-2026,25,INE210A01017
WINDLAS,EQ,990.35,1004.9,978.05,998.55,997,987.15,33748,33471729.60,28-Aug-2026,2827,INE0H5O01029
WINDMACHIN,EQ,304.55,308.9,300,301.9,301.15,303.95,42122,12743069.60,28-Aug-2026,1520,INE052A01021
WINSOL,SM,125,125,114,117.9,120,114.5,10000,1165240.00,28-Aug-2026,20,INE0S3D01016
WIPRO,EQ,178.25,181.85,178.25,180.95,180.95,176.4,14686269,2647612449.73,28-Aug-2026,78138,INE075A01022
WTICAB,SM,103,107.9,102.8,107.4,107.9,102.8,7500,781800.00,28-Aug-2026,13,INE623Y01011
WOCKPHARMA,EQ,1976.1,2045,1963.1,1977.1,1975,1962,1581060,3180244939.10,28-Aug-2026,78343,INE049B01025
WOMANCART,ST,124.8,124.8,114,119.2,119.2,119.25,13200,1581020.00,28-Aug-2026,32,INE0Q9601016
WEL,EQ,99.8,99.8,99.8,99.8,99.8,124.74,1368633,136589573.40,28-Aug-2026,5645,INE02WG01024
WONDERLA,EQ,546.45,555,532.8,537.1,534.5,542.25,199353,108738034.65,28-Aug-2026,9344,INE066O01014
WORTHPERI,EQ,152.66,160,152.66,159.55,159.77,153.38,9269,1448573.31,28-Aug-2026,583,INE196Y01018
XCHANGING,EQ,61.01,61.83,60.91,61.38,61.29,61.29,30996,1900656.17,28-Aug-2026,536,INE692G01013
XELPMOC,EQ,83.45,83.45,81.05,81.64,81.09,81.09,5212,426816.55,28-Aug-2026,100,INE01P501012
XPROINDIA,EQ,1141.9,1149.4,1131.9,1139.4,1136,1137.1,60756,69180351.60,28-Aug-2026,2665,INE445C01015
XTGLOBAL,EQ,29.99,33.54,29.83,32.16,32.14,29.88,574198,18562848.82,28-Aug-2026,5423,INE547B01028
XTRANET,EQ,165,197.11,163,197.11,197.11,164.26,5428284,1019389036.40,28-Aug-2026,40068,INE0NG701011
YAAP,SM,139,139,130,130,130,129.95,12000,1586500.00,28-Aug-2026,11,INE0U0J01015
YASHOPTICS,SM,117.3,117.3,117.3,117.3,117.3,118,800,93840.00,28-Aug-2026,1,INE0TO601017
YASHO,EQ,4341.7,4450,4304.1,4338.8,4340,4341.7,16813,73151494.50,28-Aug-2026,4335,INE616Z01012
YATHARTH,EQ,979,1024.85,956.3,967.4,969.5,973.05,1376658,1373596490.60,28-Aug-2026,49615,INE0JO301016
YATRA,EQ,108.34,111.75,105.49,109.82,108.3,107.81,1574744,170026246.63,28-Aug-2026,10536,INE0JR601024
YESBANK,EQ,22.31,22.36,22.01,22.1,22.1,22.26,63531708,1406070905.00,28-Aug-2026,64302,INE528G01035
YOGI,EQ,165.4,165.4,165.4,165.4,165.4,165.38,513,84850.20,28-Aug-2026,6,INE290E01011
YUDIZ,SM,23.85,23.85,23.85,23.85,23.85,24.8,800,19080.00,28-Aug-2026,1,INE09FA01019
YUKEN,EQ,937.25,1004.4,930.25,993.4,1000,928.7,43929,43243863.00,28-Aug-2026,2616,INE384C01016
ZFSTEERING,EQ,682,682,666.05,670.95,669,671.25,4947,3331018.15,28-Aug-2026,174,INE116C01012
ZTECH,SM,484.05,484.05,471,473.65,471,477.6,16800,7997190.00,28-Aug-2026,32,INE0ISZ01012
ZAGGLE,EQ,189.43,193.4,188.4,190.26,190.96,189.43,1160425,221400260.50,28-Aug-2026,13342,INE07K301024
ZEEL,EQ,105.2,106.24,100.85,101.51,101.85,103.98,20423986,2101592330.04,28-Aug-2026,63664,INE256A01028
ZEELEARN,BE,7.9,8.1,7.87,7.91,7.9,7.82,182523,1451862.49,28-Aug-2026,274,INE565L01011
ZEEMEDIA,EQ,8.65,9.2,8.65,8.93,8.96,8.61,4361082,39048786.39,28-Aug-2026,6650,INE966H01019
ZENTEC,EQ,1825,1837,1805.3,1820.1,1826.8,1825.6,221628,403559422.20,28-Aug-2026,17633,INE251B01027
ZENITHDRUG,SM,41.25,45.6,41.25,44.35,44.35,41.2,12000,515320.00,28-Aug-2026,15,INE0QWN01013
ZENITHEXPO,EQ,214.78,214.78,214.78,214.78,214.78,214.78,1,214.78,28-Aug-2026,1,INE058B01018
ZENITHSTL,EQ,5.41,5.54,5.35,5.37,5.35,5.4,98522,537660.62,28-Aug-2026,193,INE318D01020
ZENSARTECH,EQ,465.8,475,464.35,470.6,471.5,463.75,1834114,863998027.90,28-Aug-2026,40028,INE520A01027
GOLDCASE,EQ,25.35,25.35,24.55,24.9,24.93,24.74,12105364,299970213.41,28-Aug-2026,9083,INF0R8F01042
LIQUIDCASE,EQ,115.71,115.71,115.69,115.7,115.71,115.65,20472543,2368666603.99,28-Aug-2026,8385,INF0R8F01034
LTGILTCASE,EQ,30.54,30.58,30.47,30.54,30.58,30.55,62977,1922713.14,28-Aug-2026,179,INF0R8F01133
MID150CASE,EQ,12.14,12.14,11.8,11.87,11.84,11.85,1372459,16262703.69,28-Aug-2026,3132,INF0R8F01059
NIFTYCASE,EQ,9.9,9.9,9.68,9.69,9.69,9.71,903063,8747923.37,28-Aug-2026,1546,INF0R8F01166
SILVERCASE,EQ,24.52,25.5,23.89,24.49,24.46,23.96,13263373,322807644.02,28-Aug-2026,7576,INF0R8F01091
SML100CASE,EQ,11.5,11.5,11.39,11.42,11.43,11.41,1031488,11789164.96,28-Aug-2026,1109,INF0R8F01141
TOP100CASE,EQ,10.7,10.7,10.62,10.67,10.68,10.65,911422,9714078.05,28-Aug-2026,967,INF0R8F01067
ZFCVINDIA,EQ,2592,2592,2541.2,2568,2550,2570.5,70679,181255706.90,28-Aug-2026,18533,INE342J01019
ZIMLAB,EQ,122.21,126.99,122.2,125.46,125.5,125.21,43488,5430558.62,28-Aug-2026,1101,INE518E01015
ZODIACLOTH,EQ,73,77.14,73,73.19,73.17,72.63,5896,440670.90,28-Aug-2026,122,INE206B01013
ZODIAC,EQ,245,251.9,243.35,247.25,249.5,245.8,11449,2839172.45,28-Aug-2026,551,INE761Y01019
ZOTA,EQ,1081.3,1103.4,1072,1082.7,1072,1081.3,158966,172266527.50,28-Aug-2026,6395,INE358U01012
ZUARI,EQ,231.1,243.5,230.32,240.76,240.7,230.83,408824,98087510.88,28-Aug-2026,6960,INE840M01016
ZUARIIND,EQ,270.3,280,270.3,272.95,273.95,270.85,67186,18508529.30,28-Aug-2026,1780,INE217A01012
ZYDUSLIFE,EQ,1190,1198.9,1170.6,1191,1191,1189.2,1291738,1524516444.30,28-Aug-2026,26489,INE010B01027
ZYDUSWELL,EQ,535.2,541.55,525.1,526.55,526.4,535.2,171032,91127088.30,28-Aug-2026,10624,INE768C01028
