SYMBOL,SERIES,OPEN,HIGH,LOW,CLOSE,LAST,PREVCLOSE,TOTTRDQTY,TOTTRDVAL,TIMESTAMP,TOTALTRADES,ISIN
SGBJUN28,GB,15910,15980,15900,15908.61,15905,15963.22,198,3153748.40,25-Aug-2026,24,IN0020200104
SGBN28VIII,GB,16028,16028,15880,15950,15950.01,16028,88,1403664.27,25-Aug-2026,25,IN0020200286
SGBMAY29I,GB,15991,16023.99,15860,15976.21,15975,15994.91,485,7726563.54,25-Aug-2026,101,IN0020210053
SGBJUN29II,GB,15945.25,15993.2,15897.42,15939.64,15925,15993.22,239,3809455.54,25-Aug-2026,41,IN0020210061
SGBJU29III,GB,15905.65,15999,15855.01,15920.35,15925,15985.57,173,2758385.97,25-Aug-2026,45,IN0020210087
SGBSEP29VI,GB,16101,16200,16100,16200,16200,16160.5,621,10037137.23,25-Aug-2026,64,IN0020210145
SGBNV29VII,GB,16000,16000,15919.01,15993.19,15999,16000,153,2444383.62,25-Aug-2026,37,IN0020210178
SGBOCT26,GB,16005,16600,16005,16010,16010,16060.03,81,1299440.00,25-Aug-2026,10,IN0020180249
SGBNOV26,GB,15850.01,15950,15850,15950,15950,15900,204,3234361.15,25-Aug-2026,13,IN0020180314
SGBJUN27,GB,15905.01,15948.99,15850.09,15860.12,15860.12,15900,22,349400.64,25-Aug-2026,12,IN0020190073
SGBJUL27,GB,16017,16017,16017,16017,16017,15892.22,70,1121190.00,25-Aug-2026,1,IN0020190081
SGBAUG27,GB,15945,16021.65,15910,15940.28,15911,15945,26,414508.74,25-Aug-2026,10,IN0020190107
SGBSEP27,GB,16051,16479.98,16051,16479.98,16479.98,16175,31,499510.98,25-Aug-2026,7,IN0020190115
SGBJAN27,GB,15815.25,15973.98,15815.25,15973.98,15973.98,15948,6,95208.96,25-Aug-2026,4,IN0020180462
SGBOCT27,GB,16005,16880,16005,16880,16880,16060,29,465830.00,25-Aug-2026,3,IN0020190370
SGBFEB27,GB,15899,15990,15899,15990,15990,15899,7,111463.49,25-Aug-2026,3,IN0020180561
SGBOCT27VI,GB,16050,16139.99,16050,16139.99,16139.99,16130.25,5,80339.99,25-Aug-2026,3,IN0020190388
SGBDC27VII,GB,16045,16045,15816,16025,16025,16010,13,207366.51,25-Aug-2026,11,IN0020190461
SGBAPR28I,GB,16059.86,16273.99,16005,16053.2,16052,16059.86,347,5567130.15,25-Aug-2026,52,IN0020200062
SGBMAY28,GB,15950,15989.96,15900.01,15974.94,15974.93,15971.54,75,1197526.30,25-Aug-2026,21,IN0020200088
SGBJUL28IV,GB,15940.01,15945,15857,15944,15944,15937.31,77,1226943.27,25-Aug-2026,33,IN0020200146
SGBFEB28IX,GB,15921,16284.85,15920,15920,15920,15918.57,24,383797.82,25-Aug-2026,8,IN0020190545
SGBAUG28V,GB,15955.01,15960,15871.01,15919.14,15925,15947.59,1020,16238796.16,25-Aug-2026,196,IN0020200161
SGBSEP28VI,GB,16062,16169.9,16062,16140.63,16153.1,16176.07,242,3905768.98,25-Aug-2026,45,IN0020200195
SGBOC28VII,GB,16110,16110,16005,16018.4,16010,16053.45,489,7838929.50,25-Aug-2026,23,IN0020200203
SGBJ28VIII,GB,15830,16048.93,15830,16048.93,16048.93,15830,3,47927.86,25-Aug-2026,2,IN0020190537
SGBMAR28X,GB,16051,16100,16051,16100,16100,16200,17,272916.00,25-Aug-2026,2,IN0020190552
SGBJUL29IV,GB,15904.28,15980.01,15810.01,15918.17,15903,15952.13,707,11250855.69,25-Aug-2026,95,IN0020210111
SGBJAN29IX,GB,15950.6,15980,15880,15930,15930,15950.6,162,2582796.68,25-Aug-2026,22,IN0020200377
SGBAUG29V,GB,15946.15,16036.99,15832,16020.19,16036.99,15994.13,173,2759178.75,25-Aug-2026,62,IN0020210129
SGBD29VIII,GB,15950.01,16039.7,15880,15955.39,16039.7,15950,238,3792248.89,25-Aug-2026,70,IN0020210228
SGBJAN29X,GB,15940,15999,15860.01,15933.16,15933.15,15943.33,57,908015.38,25-Aug-2026,33,IN0020200385
SGBFEB29XI,GB,15900,15967,15860,15956.16,15938,15937.57,195,3103603.99,25-Aug-2026,32,IN0020200393
SGBMR29XII,GB,16101.35,16237.99,16050,16105,16105,16149.79,867,13968107.87,25-Aug-2026,67,IN0020200427
SGBJUN30,GB,16104.91,16104.91,15916.05,16013.43,16014,16088.92,189,3016785.89,25-Aug-2026,74,IN0020220045
SGBAUG30,GB,16151.25,16160.01,16041,16046.02,16044,16151.25,203,3269598.87,25-Aug-2026,70,IN0020220078
SGBDE30III,GB,16179.99,16179.99,16001.02,16066.45,16074.99,16044.21,225,3612870.15,25-Aug-2026,51,IN0020220110
SGBJAN30IX,GB,15955.02,16099.96,15875.23,15973.13,15992.11,16041.62,88,1403742.74,25-Aug-2026,40,IN0020210236
SGBMAR30X,GB,15954,16099.99,15930.09,16005.7,16000,16047,364,5831437.31,25-Aug-2026,48,IN0020210319
SGBJUN31I,GB,16175,16199.01,16051.02,16123.58,16095.5,16181.33,524,8469114.79,25-Aug-2026,117,IN0020230069
SGBSEP31II,GB,16265.01,16292.99,16180.11,16203.54,16209.99,16261.94,563,9126220.54,25-Aug-2026,143,IN0020230093
SGBDE31III,GB,16300,16339,16152.91,16185.3,16176,16280.14,1226,19913674.18,25-Aug-2026,281,IN0020230168
SGBMAR31IV,GB,16369.97,16369.97,16170,16173.75,16170,16170,53,858065.20,25-Aug-2026,21,IN0020220169
SGBFEB32IV,GB,16499,16836.57,16251.01,16327.42,16305,16425.93,3030,49528555.98,25-Aug-2026,545,IN0020230184
20MICRONS,EQ,215.2,215.9,208,210.65,213,213.26,149537,31599755.20,25-Aug-2026,3811,INE144J01027
21STCENMGM,EQ,43.97,44.62,43.15,43.17,43.15,43.97,4222,183627.05,25-Aug-2026,44,INE253B01015
360ONE,EQ,1191.2,1210,1186.4,1210,1210,1189.8,539607,647517215.80,25-Aug-2026,29688,INE466L01038
GOLD360,EQ,158.2,158.2,156.15,156.45,156.3,157.05,129924,20447999.05,25-Aug-2026,677,INF579M01BB5
MSCI360,EQ,10.77,10.77,10.18,10.31,10.3,11.59,126047,1292075.08,25-Aug-2026,357,INF579M01BP5
SILVER360,EQ,236,239.5,234.56,235.94,236.15,238.22,88364,20954473.02,25-Aug-2026,843,INF579M01BC3
3BBLACKBIO,EQ,1261.5,1279,1230.1,1262.4,1249,1261.6,11001,13800688.20,25-Aug-2026,1367,INE994E01018
3IINFOLTD,BE,25,25,23.51,23.98,24,24.52,421670,10232718.91,25-Aug-2026,1038,INE748C01038
3MINDIA,EQ,33800,33990,33400,33695,33610,33885,1288,43309365.00,25-Aug-2026,776,INE470A01017
3PLAND,EQ,32.2,32.2,31.53,31.99,31.99,31.73,2281,72325.56,25-Aug-2026,24,INE105C01023
5PAISA,EQ,374.8,383,369.2,380.65,381.9,374.8,30476,11534458.80,25-Aug-2026,1762,INE618L01018
63MOONS,EQ,799.55,822,780,782.75,780.15,800.25,227133,181434131.40,25-Aug-2026,8634,INE111B01023
740IIFCL33,N1,1151,1151,1151,1151,1151,1148.09,199,229049.00,25-Aug-2026,1,INE787H07156
751HUDCO28,N5,1066.05,1066.05,1066,1066,1066,1066,51,54366.05,25-Aug-2026,3,INE031A07865
764HUDCO31,N8,1120,1120,1120,1120,1120,1126,32,35840.00,25-Aug-2026,1,INE031A07AO5
769HUDCO31,N9,1135,1139.9,1132.25,1139.9,1139.9,1132.01,1224,1391111.54,25-Aug-2026,19,INE031A07AT4
82HUDCO27,N2,1050.1,1050.1,1048,1048.28,1049,1050.1,2114,2217236.48,25-Aug-2026,36,INE031A07840
830PFCL27,N5,1080.5,1080.5,1079.01,1080.05,1080.05,1080,2504,2704205.93,25-Aug-2026,10,INE134E07208
850NHAI29,N5,1105,1105,1105,1105,1105,1103.05,118,130390.00,25-Aug-2026,1,INE906B07DE1
875NHAI29,N6,1083.51,1119,1083.51,1109.58,1109.51,1111.3,478,530275.66,25-Aug-2026,30,INE906B07DF8
876HUDCO28,ND,1136,1136,1133.9,1134.06,1133.9,1135.51,1635,1855583.00,25-Aug-2026,11,INE031A07949
879NHPC28,N5,1098,1098,1098,1098,1098,1131.99,100,109800.00,25-Aug-2026,1,INE848E07559
891IIFCL34,N4,1260,1269.8,1260,1269.8,1269.8,1260,1010,1272698.00,25-Aug-2026,11,INE787H07370
891NTPC33,N6,1278,1278,1270,1270,1270,1278,458,583319.00,25-Aug-2026,5,INE733E07JJ9
892NHPC33,N6,1240.72,1240.72,1240.72,1240.72,1240.72,1240.3,300,372216.00,25-Aug-2026,1,INE848E07567
892PFCL33,N8,1279.5,1281.95,1279,1281.95,1281.95,1279.4,1262,1614965.46,25-Aug-2026,18,INE134E07463
ABCOTS,EQ,212,212,200.1,204.6,205.9,208.43,6782,1392727.93,25-Aug-2026,326,INE08PH01015
ABINFRA,BE,12.99,12.99,12.3,12.57,12.3,12.94,2369281,29801171.13,25-Aug-2026,921,INE00YB01025
ABMKNO,EQ,188,197,183,192.24,196.49,188.15,1014,194503.01,25-Aug-2026,24,INE850B01026
ACSTECH,EQ,52.49,52.49,50.5,50.96,51,51.39,283434,14514537.89,25-Aug-2026,1435,INE366C01021
AGUL,SM,51,51,51,51,51,53.65,4000,204000.00,25-Aug-2026,2,INE0O6N01012
AKCAPIT,EQ,1780,1780,1743.8,1752.8,1752.1,1758.5,284,498955.00,25-Aug-2026,62,INE701G01012
A2ZINFRA,EQ,16.07,16.38,15.85,15.97,16.06,16.07,368912,5935926.63,25-Aug-2026,392,INE619I01012
AAATECH,EQ,95,95.98,91.1,92.04,93.35,95,11730,1090287.99,25-Aug-2026,307,INE0D0U01013
AADHARHFC,EQ,466.45,477.85,465,475,474.15,466.45,541218,256772071.85,25-Aug-2026,22781,INE883F01010
AAKAAR,SM,64.9,65.1,63,63,63,62,30400,1947440.00,25-Aug-2026,12,INE1GYP01013
AAKASH,EQ,8.85,8.96,8.66,8.8,8.8,8.77,93840,827094.58,25-Aug-2026,239,INE087Z01024
AARADHYA,SM,64.6,68.15,64.2,66.25,64.2,69.95,4800,318120.00,25-Aug-2026,3,INE124401014
AAREYDRUGS,EQ,78.11,78.83,74.6,76.91,76,78.1,111186,8557917.79,25-Aug-2026,678,INE198H01019
AARNAV,BE,32.01,34,31.56,33.26,34,32.63,12167,395000.66,25-Aug-2026,70,INE750R01016
AARON,EQ,139,139.38,137.61,138.98,139,137.18,6874,951784.28,25-Aug-2026,195,INE721Z01010
AARTECH,BE,47.4,47.95,46.7,47.1,47.28,47.45,22746,1075631.51,25-Aug-2026,137,INE01C001026
AARTIDRUGS,EQ,423,426.45,415.8,422.2,420.4,421.05,119365,50263967.70,25-Aug-2026,3954,INE767A01016
AARTIIND,EQ,543.15,551.75,534.2,538.9,538.25,543.15,1301000,705387301.45,25-Aug-2026,31823,INE769A01020
AARTIPHARM,EQ,844,851.2,826.6,834.95,830,843.15,387475,325444135.35,25-Aug-2026,15325,INE0LRU01027
AARTISURF,BE,539.95,560,521.55,548.9,552.5,544.35,17886,9721819.65,25-Aug-2026,479,INE09EO01013
AARVI,EQ,152.71,153.54,147.55,150.76,151.98,152.71,31722,4796448.20,25-Aug-2026,620,INE754X01016
AASTHA,EQ,73.02,75,73,73.05,73.15,73.01,312284,23011157.80,25-Aug-2026,1834,INE2FMX01012
AAVAS,EQ,1329.8,1334.9,1310.1,1313.2,1312.4,1336.3,92050,121403370.20,25-Aug-2026,10420,INE216P01012
ABAN,BE,16.1,16.1,16.06,16.06,16.06,16.38,6338,101789.48,25-Aug-2026,43,INE421A01028
ABANSENT,EQ,27.55,27.9,26.8,27.62,27.4,27.55,1769,48974.56,25-Aug-2026,178,INE365O01028
AFSL,EQ,201.96,202.66,201,201,201,201.01,6605,1328671.47,25-Aug-2026,91,INE00ZE01026
ABB,EQ,7510,7627,7435,7627,7627,7504,178245,1343548948.00,25-Aug-2026,22185,INE117A01022
ABBOTINDIA,EQ,26550,26560,26180,26415,26510,26420,10984,289978880.00,25-Aug-2026,3207,INE358A01014
78ABCL33,N1,1055,1055,1055,1055,1055,1010,80,84400.00,25-Aug-2026,2,INE860H07IP2
ABHAPOWER,SM,24,24,24,24,24,24.6,1600,38400.00,25-Aug-2026,1,INE0UYG01015
ABMINTLLTD,BE,56,60.99,55.46,60.49,60.49,58.37,1969,110472.84,25-Aug-2026,55,INE251C01025
ABSMARINE,ST,271.9,272.8,270.95,272.8,272.8,259.85,101000,27543625.00,25-Aug-2026,135,INE0QRV01016
ACC,EQ,1301.1,1310,1291,1305.9,1307.6,1300.9,73952,95963067.50,25-Aug-2026,6346,INE012A01025
ACCELYA,EQ,1137.1,1142.7,1130,1134.8,1136,1137.1,2637,2990370.60,25-Aug-2026,444,INE793A01012
ACCENTMIC,SM,590.05,595.95,587.25,592,592.95,590.05,28500,16861600.00,25-Aug-2026,49,INE0Q5D01013
ACCPL,ST,193.05,196,191,192,192,200,32400,6255900.00,25-Aug-2026,13,INE0T8T01010
ACCURACY,BE,4.51,4.51,4.45,4.5,4.5,4.54,61696,277363.13,25-Aug-2026,171,INE648Z01023
ACEINTEG,EQ,17.81,18.63,16.98,17.21,17.02,17.81,11753,202429.39,25-Aug-2026,150,INE543V01017
ACETEC,SM,129,129,129,129,129,127.05,38400,4953600.00,25-Aug-2026,1,INE1J6M01010
ACMESOLAR,EQ,404,405.85,389.8,399.3,398,409.15,1881116,748956470.25,25-Aug-2026,41485,INE622W01025
ACE,EQ,1172.6,1179,1150.1,1154.8,1155,1167.2,166212,192572107.70,25-Aug-2026,11746,INE731H01025
ACUTAAS,EQ,3189.9,3325,3138,3313.4,3301,3173,409528,1328436072.40,25-Aug-2026,33836,INE00FF01025
ADANIENSOL,EQ,1554.9,1594.5,1532,1594.5,1594.5,1555.1,2043772,3192505055.90,25-Aug-2026,43009,INE931S01010
ADANIENT,EQ,2998,3110,2962.5,3110,3110,2998.6,2025912,6156702115.60,25-Aug-2026,80743,INE423A01024
ADANIGREEN,EQ,1294.8,1330,1294.8,1330,1330,1308,2436191,3214902757.00,25-Aug-2026,45190,INE364U01010
ADANIPORTS,EQ,1674,1702.7,1671,1702.7,1702.7,1672.1,1300541,2191154171.20,25-Aug-2026,40873,INE742F01042
ADANIPOWER,EQ,203.06,206.8,201.43,206.33,206.33,203.7,14258939,2915934527.05,25-Aug-2026,73076,INE814H01029
ATGL,EQ,639.6,644.95,635.45,640.25,644.1,639.6,483227,308635982.10,25-Aug-2026,14553,INE399L01023
ADDIND,EQ,93.99,93.99,82.5,86.89,82.5,86.36,1138,99340.83,25-Aug-2026,30,INE757C01021
ADDICTIVE,SM,51.3,51.3,46.5,46.6,46.5,48.9,13000,636000.00,25-Aug-2026,25,INE0RDH01021
ADFFOODS,EQ,272.6,283.25,268.2,276.7,276,272.6,161203,44607268.45,25-Aug-2026,5774,INE982B01027
ADISOFT,SM,195.8,202.4,195.8,199.4,197.75,195.85,32800,6545000.00,25-Aug-2026,39,INE20PL01012
ABSLAMC,EQ,992.6,1007,992.6,1001.8,1006.8,998.7,121089,121087773.70,25-Aug-2026,16297,INE404A01024
ABCAPITAL,EQ,412.2,414.5,405.3,410.85,410.85,412.9,3953527,1615054317.85,25-Aug-2026,24004,INE674K01013
ABFRL,EQ,54.34,54.64,53.55,54.48,54.55,53.95,2967447,160359430.86,25-Aug-2026,12338,INE647O01011
ABLBL,EQ,85.15,86,84.95,85.44,85.58,85.13,358997,30609339.70,25-Aug-2026,5289,INE14LE01019
BIRLAMONEY,EQ,127.95,128.19,125.18,127.3,127,126.31,23814,3017797.78,25-Aug-2026,752,INE865C01022
ABREL,EQ,1425,1434.4,1401.1,1408,1406.1,1429.8,118346,167374942.20,25-Aug-2026,10092,INE055A01016
CPPLUS,EQ,3434.8,3455,3330.1,3393.5,3385.1,3419.5,219200,739998770.10,25-Aug-2026,32010,INE819V01029
AVL,EQ,585,587,573,574.9,573.1,588.5,178965,103456044.40,25-Aug-2026,11122,INE679V01027
BSLGOLDETF,EQ,141.35,141.95,140.82,141.41,141.5,141.38,2482465,351135200.36,25-Aug-2026,3162,INF209KB18D3
BSLNIFTY,EQ,29.12,29.12,28.28,28.54,28.45,28.41,786598,22429562.98,25-Aug-2026,4375,INF209KB19D1
ADOR,EQ,1625,1625,1556.1,1580.4,1565.2,1625.4,29717,47017981.40,25-Aug-2026,3450,INE045A01017
ADROITINFO,EQ,10.79,10.79,10.01,10.1,10.06,10.33,10061,103521.03,25-Aug-2026,147,INE737B01033
ADVAIT,EQ,2085.7,2085.7,2053,2061.6,2069.9,2069.1,18526,38240931.00,25-Aug-2026,2960,INE0ALI01010
ADVANCE,EQ,117.21,120.5,117.21,119.19,120,118,127445,15197613.53,25-Aug-2026,1715,INE1B0W01010
ADVENZYMES,EQ,302.35,304.9,296.1,299.75,299.05,302.35,215361,64993158.60,25-Aug-2026,3915,INE837H01020
ADVANIHOTR,EQ,50.43,50.8,50,50.34,50.4,50.18,15503,779993.79,25-Aug-2026,272,INE199C01026
ADVENTHTL,EQ,131.97,145,131.1,141.83,142.9,131,1730034,244821979.50,25-Aug-2026,13816,INE28GN01010
ADVIKCA,EQ,1.21,1.23,1.16,1.2,1.22,1.19,261735,314303.13,25-Aug-2026,310,INE178T01024
RAMBHAJO,EQ,225.19,242,207,213.2,211.5,212.89,9924084,2241195097.81,25-Aug-2026,118182,INE1SJO01012
AEGISLOG,EQ,1356.1,1361.2,1311.1,1321.6,1318.8,1341.5,571623,763835644.00,25-Aug-2026,34432,INE208C01025
AEGISVOPAK,EQ,273,273.05,266.1,267.7,267.3,270.3,352115,94590024.35,25-Aug-2026,6526,INE0INX01018
AEL17725,NA,1097,1097.33,1096.99,1096.99,1096.99,1097.33,51,55954.27,25-Aug-2026,6,INE423A07401
AEL120126,NL,1021,1021,1021,1021,1021,1020,1,1021.00,25-Aug-2026,1,INE423A07559
AEL170725A,NG,1040,1100,1040,1053.07,1040,1100,859,898692.92,25-Aug-2026,7,INE423A07468
848AEL29,NJ,1015,1015,1015,1015,1015,1015,12,12180.00,25-Aug-2026,1,INE423A07492
860AEL28,NH,1045.8,1045.8,1045.8,1045.8,1045.8,1040,61,63793.80,25-Aug-2026,3,INE423A07484
862AEL31,NM,1015,1015,1015,1015,1015,1012.1,1,1015.00,25-Aug-2026,1,INE423A07518
890AEL31,NN,1059.27,1060,1054,1059.9,1059.9,1054,125,132116.69,25-Aug-2026,5,INE423A07526
895AEL27,N9,1009.25,1009.8,1007,1007.52,1007,1012,252,254249.50,25-Aug-2026,10,INE423A07450
915AEL28,NC,1019,1019,1018.5,1018.5,1018.5,1020,182,185378.30,25-Aug-2026,19,INE423A07435
930AEL30,NF,1035,1047,1035,1046.99,1047,1047,198,205530.61,25-Aug-2026,4,INE423A07393
AEQUS,EQ,257,258.38,248.3,255.2,255.5,256.07,1873451,472983362.65,25-Aug-2026,31870,INE947N01017
AEROENTER,EQ,140,142,136.08,140.74,141.2,139.23,675104,94122630.48,25-Aug-2026,5100,INE065D01027
AEROFLEX,EQ,503,511,489.05,495.75,495.15,504.25,949113,472035485.35,25-Aug-2026,23522,INE024001021
AERONEU,EQ,82.92,87,81.2,84.64,87,81.16,4728,393701.89,25-Aug-2026,209,INE035801013
AERON,SM,72.85,72.85,72.65,72.65,72.65,71,2000,145500.00,25-Aug-2026,2,INE0WL801011
AETHER,EQ,1666.8,1673,1622.2,1633.9,1634.5,1667.8,220552,361612749.70,25-Aug-2026,19560,INE0BWX01014
AFCONS,EQ,287,290.9,281.45,285.7,285.4,278.65,3986090,1139294376.60,25-Aug-2026,52923,INE101I01011
AFFLE,EQ,1735.1,1735.1,1683.4,1710.8,1710.5,1740,133100,226746547.70,25-Aug-2026,13274,INE00WC01027
AFFORDABLE,BE,169.29,169.29,161.11,162.99,163,165.84,10966,1794886.21,25-Aug-2026,248,INE692Z01013
1125AFIL29,N0,9869,9869,9869,9869,9869,9862,11,108559.00,25-Aug-2026,2,INE916Y07081
1150AFIL29,N0,9801,9887.68,9801,9887.68,9887.68,9801,10,98701.28,25-Aug-2026,3,INE916Y07073
12AFIL27A,N0,9849,9849,9849,9849,9849,10050,2,19698.00,25-Aug-2026,1,INE916Y07040
12AFIL28,N0,9948,10000,9948,9948,9948,10000,41,409168.00,25-Aug-2026,4,INE916Y07057
AGARWALFT,SM,35,35,35,35,35,36.8,1500,52500.00,25-Aug-2026,1,INE0MLA01012
AGARIND,EQ,485.8,487.75,465.5,471.8,474,485.8,65961,31239792.35,25-Aug-2026,2734,INE204E01012
AGARWALTUF,SM,140.35,141.5,140.35,140.5,140.5,141.5,12000,1690440.00,25-Aug-2026,10,INE0P8X01016
AGI,EQ,742,757,725.3,730.85,735,741.65,203476,150030953.45,25-Aug-2026,9115,INE415A01038
AGIIL,EQ,291,291.2,280.8,283,283,288.3,396981,113278935.70,25-Aug-2026,6769,INE976R01033
AGNI,SM,15,15,15,15,15,14.7,2500,37500.00,25-Aug-2026,1,INE0LF301013
AGRITECH,EQ,102.51,102.51,101,101.16,102.5,102.05,759,76984.90,25-Aug-2026,38,INE449G01018
AGROPHOS,EQ,27.34,27.7,25.7,26.49,26.76,26.18,34120,921352.33,25-Aug-2026,403,INE740V01019
AGSTRA,BZ,1.97,2.06,1.92,1.93,1.96,1.97,190766,374304.24,25-Aug-2026,329,INE583L01014
AHLADA,EQ,37.64,38.16,36.8,37,36.8,37.64,13327,495449.95,25-Aug-2026,137,INE00PV01013
AHLUCONT,EQ,649.6,665,643.5,651.75,650,649.6,121256,79207602.85,25-Aug-2026,7153,INE758C01029
AIAENG,EQ,4276.9,4318.9,4245,4267.4,4265,4276.3,24623,105038432.80,25-Aug-2026,8042,INE212H01026
AIMTRON,SM,1702,1702,1655,1669.55,1669.9,1681.45,26600,44355530.00,25-Aug-2026,109,INE0RUV01018
GOLDTECH,BE,50.03,52.4,48.56,51.83,52.35,50.18,30066,1534378.10,25-Aug-2026,154,INE805A01014
AIRAN,EQ,14.9,15.15,14.9,15,15.02,15.17,31105,466576.68,25-Aug-2026,178,INE645W01026
AIROLAM,EQ,88.99,89,88.95,88.95,88.95,88.99,1515,134807.75,25-Aug-2026,13,INE801L01010
AJANTPHARM,EQ,3580,3580,3500.7,3554.9,3563.4,3579.9,116770,412465569.50,25-Aug-2026,20276,INE031B01049
AJAXENGG,EQ,576.8,576.8,565,570.6,566.35,576.85,64413,36547662.75,25-Aug-2026,5949,INE274Y01021
AJMERA,EQ,117,119.88,116.7,117.44,117.8,118.6,184520,21737668.63,25-Aug-2026,2001,INE298G01035
AJOONI,EQ,3.75,3.81,3.6,3.62,3.63,3.75,554802,2042126.21,25-Aug-2026,698,INE820Y01021
AKANKSHA,SM,127.4,133.75,127.4,133.75,133.75,127.4,57000,7590750.00,25-Aug-2026,39,INE0PCY01014
AKASH,EQ,25.89,25.89,24.38,24.77,24.53,24.8,4314,106424.04,25-Aug-2026,65,INE737W01013
AKG,EQ,8.92,9.25,8.86,8.99,9,8.92,44934,402967.83,25-Aug-2026,80,INE00Y801016
AKI,EQ,4.24,4.28,4.06,4.17,4.2,4.15,569416,2396405.65,25-Aug-2026,655,INE642Z01026
AKIKO,SM,408,411,406,410.75,410.8,407.35,10400,4252160.00,25-Aug-2026,13,INE0PMR01017
AFIL,EQ,10.23,10.23,9.7,9.8,9.82,10.05,879536,8669501.49,25-Aug-2026,1332,INE916Y01027
AKSHOPTFBR,BE,8,8.23,7.48,7.48,7.5,7.87,593284,4650412.72,25-Aug-2026,763,INE523B01011
AKSHAR,EQ,0.41,0.42,0.41,0.41,0.42,0.41,605009,249339.36,25-Aug-2026,194,INE256Z01025
AKSHARCHEM,BE,333.3,334.29,322.2,333.72,334.29,318.38,19354,6433501.57,25-Aug-2026,366,INE542B01011
AKUMS,EQ,776.5,783,744,745.05,744.85,770.35,245722,185945458.60,25-Aug-2026,14621,INE09XN01023
ALANKIT,EQ,8.11,8.2,8.01,8.1,8.14,8.11,83755,678107.44,25-Aug-2026,394,INE914E01040
ALBERTDAVD,EQ,895,895,860,867.95,873.05,888.7,10291,9025609.35,25-Aug-2026,947,INE155C01010
ALCODIS,SM,68,68,68,68,68,65.25,625,42500.00,25-Aug-2026,1,INE448V01019
ALEMBICLTD,EQ,92.37,97,91.16,94.66,94.63,91.64,1990793,189639121.83,25-Aug-2026,15069,INE426A01027
APLLTD,EQ,816.9,820,801.05,803.1,802.5,816.9,37809,30492740.25,25-Aug-2026,3268,INE901L01018
ALFREDHE,EQ,2985,3000,2985,2985,2985,2985,24,71925.00,25-Aug-2026,7,INE782D01027
ALGOQUANT,EQ,66.37,67.57,65.9,67.13,67.34,66.04,1229668,81602599.22,25-Aug-2026,2788,INE598D01035
ALICON,EQ,727,727.25,690,697.8,701,726.5,57256,40399008.65,25-Aug-2026,2945,INE062D01024
ALIVUS,EQ,1369,1370,1335.2,1348.4,1354.3,1366.1,33422,45100221.60,25-Aug-2026,5744,INE03Q201024
ALKALI,BE,67.5,67.53,65.54,67.2,67.53,67.5,792,53074.26,25-Aug-2026,24,INE773I01017
ALKEM,EQ,5378,5378,5297,5368,5368,5350,48065,255687233.00,25-Aug-2026,9247,INE540L01014
ALKYLAMINE,EQ,2055,2100.5,2022.1,2061.5,2074,2083.8,101592,209267711.00,25-Aug-2026,13613,INE150B01039
ALLETEC,ST,120,120.9,117.5,118.6,118.45,121.5,34000,4039880.00,25-Aug-2026,74,INE0M2X01012
ALLTIME,EQ,201.29,209.84,197.13,204.62,204,201.29,152131,30645670.06,25-Aug-2026,3548,INE0GV601021
AGL,EQ,13.92,14.5,13.8,14.07,14.1,13.86,5444136,77112407.25,25-Aug-2026,10015,INE1YPB01014
ALLCARGO,EQ,13.32,13.32,12,12.26,12,13.33,47066996,594256393.74,25-Aug-2026,49698,INE418H01029
ATL,EQ,27.49,27.99,26.72,27.16,27.24,27.59,319637,8734691.51,25-Aug-2026,2347,INE0NN701020
ALLDIGI,EQ,818.9,818.9,806.1,814.85,812.5,814.85,3045,2476516.35,25-Aug-2026,319,INE835G01018
ABDL,EQ,615,643.9,613.4,633.45,633,610.35,1119810,707871846.95,25-Aug-2026,36606,INE552Z01027
ADSL,EQ,107.35,108.9,106,108.51,108.88,107.56,63019,6804987.65,25-Aug-2026,1519,INE102I01027
ALMONDZ,EQ,14.2,15.5,14.2,15.25,15.28,14.2,701633,10667608.02,25-Aug-2026,1192,INE326B01035
ALOKINDS,EQ,11.43,11.64,11.23,11.29,11.33,11.48,4447573,50574871.76,25-Aug-2026,7996,INE270A01029
ALPA,EQ,63.6,63.6,61.5,62.09,62.04,61.66,4708,292042.65,25-Aug-2026,113,INE385I01010
ALPEXSOLAR,SM,864.85,865,845.15,853.2,865,858.45,35900,30633450.00,25-Aug-2026,247,INE0R4701017
ALPHAGEO,BE,319,324.99,310.05,317.14,318.94,319.62,9487,2995053.10,25-Aug-2026,208,INE137C01018
ALPINETEX,EQ,56.94,57.29,55.55,55.84,55.7,57.33,135275,7574635.39,25-Aug-2026,2022,INE1JCQ01037
ALUFLUOR,EQ,457.9,458.6,451,452,452,458.6,4291,1948808.75,25-Aug-2026,169,INE058F01019
ALUWIND,SM,50.1,50.2,48.15,50.2,50.2,50.15,27000,1346025.00,25-Aug-2026,10,INE0STM01017
AMAGI,EQ,585.8,590.9,549.9,581.35,580.85,585.8,255641,148978363.95,25-Aug-2026,9388,INE121R01077
AMAL,EQ,761.1,789.7,750.05,754.5,750.05,761,6381,4893406.00,25-Aug-2026,413,INE841D01013
AMANTA,BE,200,202,194.92,194.92,194.92,205.17,77385,15129423.83,25-Aug-2026,437,INE084K01015
ARE&M,EQ,922.8,927.95,918,920.85,920.85,922.8,244774,225431663.40,25-Aug-2026,21482,INE885A01032
AMARJOTHI,EQ,158.61,165,157,160.05,160.05,161.37,1788,287632.23,25-Aug-2026,54,INE484D01012
AMBAAUTO,SM,113.3,115.5,110,110,110,113.15,13000,1461300.00,25-Aug-2026,12,INE293601014
AMBALALSA,BE,43.89,45.9,43.25,43.79,43.31,43.91,51920,2302415.54,25-Aug-2026,278,INE432A01017
AMBER,EQ,7307.5,7445,7307.5,7432,7432,7378,170338,1260065662.50,25-Aug-2026,18962,INE371P01015
AMBICAAGAR,EQ,24.75,25.6,24.43,25.42,25.42,24.86,8821,221184.98,25-Aug-2026,63,INE792B01012
AMBIKCO,EQ,1666.8,1677.6,1604.5,1629.7,1624,1662.2,15414,25186708.80,25-Aug-2026,1638,INE540G01014
AMBUJACEM,EQ,408,413.1,405,413.1,413.1,408.75,1476314,601837033.15,25-Aug-2026,24624,INE079A01024
AMDIND,EQ,52.49,54.7,52.49,53.47,53.26,53.56,5689,304416.85,25-Aug-2026,143,INE005I01014
AMEYA,SM,109.15,109.2,107.15,107.15,107.15,104.05,4000,434650.00,25-Aug-2026,3,INE0KT901015
AMNPLST,EQ,187.01,192,185.35,187.73,186.35,188.91,3079,578354.74,25-Aug-2026,142,INE275D01022
AEROPLANE,EQ,173.06,182.4,173.06,180.39,180.66,175.66,691459,123463599.30,25-Aug-2026,4680,INE05TO01019
AMJLAND,EQ,38.99,39.25,38.01,38.32,38.6,38.56,15242,588602.79,25-Aug-2026,184,INE606A01024
AMRUTANJAN,EQ,524.9,536.05,520.1,523.2,529.95,522.1,128011,67619301.15,25-Aug-2026,4083,INE098F01031
ARSSBL,EQ,526,546.05,521.15,537.35,539,526.2,352745,189550101.70,25-Aug-2026,11378,INE549H01021
ANANDRATHI,EQ,2170,2173,2151.3,2164.4,2165,2167.9,138326,298931891.50,25-Aug-2026,14239,INE463V01026
ANANTRAJ,EQ,614,616.4,609,613.15,613.35,614.6,821262,503580874.30,25-Aug-2026,18097,INE242C01024
ANANTAM,IV,106.49,106.49,104.8,104.99,104.98,105.69,70745,7429274.25,25-Aug-2026,219,INE1UA823019
ANAWIL,SM,450,462.9,436.1,445.1,446.5,447.1,190800,85169980.00,25-Aug-2026,414,INE1J5V01013
AMCL,SM,387,387,354,354.6,359,362,39600,14093040.00,25-Aug-2026,38,INE0VG001016
ACL,EQ,44.6,46,44,44.3,44.65,44.81,20682,923817.52,25-Aug-2026,213,INE666E01020
ANDHRAPAP,EQ,60.99,61.49,59.33,59.66,59.55,60.8,157602,9502453.26,25-Aug-2026,1462,INE435A01051
ANDHRSUGAR,EQ,99.86,100.39,97.5,97.74,97.89,99.28,489160,48199550.29,25-Aug-2026,5052,INE715B01021
ANDREWYU,EQ,26.11,26.9,26.11,26.76,26.9,26.44,63676,1697519.86,25-Aug-2026,278,INE449C01025
ANGELONE,EQ,286.8,301.55,284,300.9,300.9,286,10825633,3196890850.75,25-Aug-2026,71760,INE732I01021
AISL,SM,53.3,57.95,53.3,57.95,57.95,56,1800,98760.00,25-Aug-2026,3,INE635Y01015
ANIKINDS,EQ,46.2,48.49,46,46.53,47.5,45.96,42656,2002462.41,25-Aug-2026,324,INE087B01017
APCL,EQ,104.6,104.6,101.5,101.64,101.83,101.47,2080,212381.00,25-Aug-2026,89,INE071F01012
ANKITMETAL,BZ,1.8,1.8,1.8,1.8,1.8,1.72,26500,47700.00,25-Aug-2026,72,INE106I01010
AHCL,EQ,15.45,15.45,14.97,15.05,15.1,15.43,1384779,20971086.30,25-Aug-2026,2526,INE0Y8W01025
ANLON,SM,665,665,664,664,664,665,2000,1328800.00,25-Aug-2026,5,INE0LR101013
ANMOL,EQ,10.04,10.15,9.86,10.09,10.12,9.93,61511,613998.28,25-Aug-2026,172,INE02AR01019
ANNAPURNA,EQ,152,158,146.55,148.65,147.6,148,95753,14404360.15,25-Aug-2026,878,INE0MGM01017
ANONDITA,SM,1069,1100,1057.05,1064.7,1067,1062.35,52000,56052220.00,25-Aug-2026,211,INE0VTV01012
ANSALBU,EQ,74.97,75,74,74,74,74.98,5001,375046.60,25-Aug-2026,15,INE030C01015
ANSALAPI,BZ,3.35,3.41,3.34,3.36,3.35,3.35,17477,58751.74,25-Aug-2026,50,INE436A01026
ANTGRAPHIC,EQ,0.75,0.75,0.73,0.73,0.73,0.73,121406,89601.45,25-Aug-2026,156,INE414B01021
ANTELOPUS,EQ,793.55,798.4,780.35,786.6,787,798.65,63120,49717977.45,25-Aug-2026,3484,INE818A01017
ANTHEM,EQ,888.95,895,871,874.7,874.8,883.35,317840,279104085.75,25-Aug-2026,25368,INE0CZ201020
AWHCL,EQ,378,386.8,377.35,379.55,379.85,381.1,47069,17877356.30,25-Aug-2026,2608,INE01BK01022
ANUHPHR,EQ,79.29,79.29,77.01,77.27,77.98,78.83,20147,1566980.22,25-Aug-2026,505,INE489G01022
ANURAS,EQ,1265.7,1266.3,1251.3,1264.6,1262,1255.5,223832,282019107.10,25-Aug-2026,4411,INE930P01018
ANYA,SM,14.5,15.5,14.15,14.7,15.5,14.7,50000,732250.00,25-Aug-2026,8,INE0SI601032
AONEGOLD,EQ,15.25,15.25,14.89,14.99,15.01,15.02,745441,11172054.86,25-Aug-2026,1716,INF1J2R01114
AONELIQUID,EQ,1074.2,1074.2,1074.18,1074.18,1074.18,1073.9,20114,21606091.64,25-Aug-2026,126,INF1J2R01056
AONENIFTY,EQ,10.23,10.23,9.91,10.02,10.05,9.99,173078,1731147.07,25-Aug-2026,1016,INF1J2R01064
AONESILVER,EQ,9.23,9.23,9.02,9.14,9.16,9.25,391206,3584295.39,25-Aug-2026,1066,INF1J2R01171
AONETMMQ50,EQ,10.18,10.56,10.18,10.44,10.44,10.39,39259,406661.12,25-Aug-2026,248,INF1J2R01148
AONETOTAL,EQ,11.99,12.08,11.75,12.02,12.05,11.99,109890,1318460.82,25-Aug-2026,1298,INF1J2R01015
APARINDS,EQ,16705,17170,16705,17001,16992,16705,145435,2470987923.00,25-Aug-2026,35239,INE372A01015
APCOTEXIND,EQ,626,626,613.4,617.25,614.5,618.8,58055,35848154.90,25-Aug-2026,3412,INE116A01032
APEXECO,ST,260,260,250.1,255,255,251.75,10400,2647320.00,25-Aug-2026,11,INE0T4V01015
APEX,EQ,397,397.75,387,389.1,390,395.85,155392,60429602.45,25-Aug-2026,4426,INE346W01013
APLAPOLLO,EQ,2145,2151.8,2124,2139.3,2139.3,2145,612263,1307944379.40,25-Aug-2026,50265,INE702C01027
930APMD31,N0,105058.63,105058.63,104904.11,104904.11,104904.11,104500,50,5246750.70,25-Aug-2026,2,INE0TLC07051
930APMD32,N0,105734.11,105734.11,105734.11,105734.11,105734.11,104237.05,10,1057341.10,25-Aug-2026,1,INE0TLC07101
APOLLOHOSP,EQ,8663,8889,8640,8889,8889,8702,256819,2245094398.50,25-Aug-2026,25838,INE437A01024
APOLLO,EQ,386.2,390.35,381.5,389.65,388,385.15,5272746,2039916530.75,25-Aug-2026,36332,INE713T01028
APOLLOPIPE,EQ,609.25,668.8,605.1,663.75,661,609.25,2312376,1514030753.80,25-Aug-2026,56794,INE126J01016
APOLSINHOT,EQ,1201.4,1216.3,1189.2,1210.2,1216.3,1201.4,868,1044351.60,25-Aug-2026,124,INE451F01024
APOLLOTYRE,EQ,447,447.15,440,441.4,441,445.85,473677,209206887.60,25-Aug-2026,13092,INE438A01022
APRAMEYA,SM,134.85,135,128,130,130,131.75,8500,1111675.00,25-Aug-2026,15,INE0LQG01010
915APSBC27,N0,100500,100500,100500,100500,100500,100101,10,1005000.00,25-Aug-2026,1,INE0M2307321
915APSBC33,N0,105479.73,105479.73,105479.73,105479.73,105479.73,100661.01,1,105479.73,25-Aug-2026,1,INE0M2307404
APSISAERO,ST,524.3,524.5,524.3,524.3,524.3,535,10800,5662680.00,25-Aug-2026,9,INE1OOJ01011
APTECHT,BE,91.1,92,90.1,90.95,91.89,91.84,58516,5328792.70,25-Aug-2026,547,INE266F01018
APTUS,EQ,254,258.7,250.75,254.4,253.4,254.35,5103135,1299807229.00,25-Aug-2026,30375,INE852O01025
AQYLON,EQ,26,26.5,25.2,25.2,25.2,26.52,2759505,69751960.76,25-Aug-2026,1884,INE416A01051
ARABIAN,SM,81,82,75.05,82,82,83,10000,804000.00,25-Aug-2026,5,INE08NJ01024
ACI,EQ,517,518,484.05,499.25,500.75,515.95,948451,471598539.90,25-Aug-2026,44274,INE128X01021
ADL,EQ,76.99,76.99,73.65,75.9,75.9,75.06,757,57407.40,25-Aug-2026,33,INE0CHO01012
ARCHIDPLY,EQ,116.5,124.78,112.5,114.33,114.5,111.51,517060,61709289.29,25-Aug-2026,5604,INE877I01016
ARCHIES,EQ,13.74,13.74,13.05,13.4,13.29,13.45,17275,234140.95,25-Aug-2026,80,INE731A01020
ARCL,EQ,229,229,222.3,225.95,225.95,233.99,358,80733.62,25-Aug-2026,31,INE372M01010
ARDEE,EQ,59.8,61.85,56,56.99,57,59.43,12659023,744819444.33,25-Aug-2026,44453,INE0XNF01022
ARFIN,EQ,83.98,84.95,83.61,84.52,84.5,83.95,871564,73423238.77,25-Aug-2026,2247,INE784R01023
ARHAM,SM,204.9,215.95,204.9,213.7,214,202.5,86000,18318950.00,25-Aug-2026,85,INE0L2Y01011
ARIES,EQ,462.25,462.25,433,446.75,445.1,459.05,19980,8991337.35,25-Aug-2026,1014,INE298I01015
ARIHANTCAP,EQ,75.58,81,75.58,78.19,78,76.21,611755,48287226.52,25-Aug-2026,4986,INE420B01036
ARIHANT,EQ,1018.5,1019.4,962.6,971.9,969.9,999.6,5562,5454936.10,25-Aug-2026,203,INE413D01011
ARIHANTSUP,EQ,252.95,253.55,250,250,250,253.5,654,164481.20,25-Aug-2026,44,INE643K01018
ARIS,EQ,146.1,146.1,142.1,144.26,143.9,144.09,1165184,167433837.56,25-Aug-2026,7368,INE0H9P01028
ARKADE,EQ,130.6,131.79,125,126.35,126.9,131.82,365011,46688980.20,25-Aug-2026,4126,INE0QRL01017
ARMANFIN,EQ,1950,1960.4,1872,1907.8,1922,1954.4,68058,130108972.00,25-Aug-2026,6401,INE109C01017
ARMOUR,ST,18.8,18.85,18.8,18.85,18.85,18.55,4000,75300.00,25-Aug-2026,2,INE0TZX01019
AROGRANITE,EQ,24.75,25.32,24.36,24.76,24.8,24.81,2105,51871.23,25-Aug-2026,33,INE210C01013
ARROWGREEN,BE,690,719.3,680.25,710.5,703,690.75,19986,14071163.75,25-Aug-2026,517,INE570D01018
ARSHIYA,BZ,0.93,0.94,0.88,0.89,0.91,0.91,291337,265615.32,25-Aug-2026,88,INE968D01022
ARTNIRMAN,EQ,40.57,42,40.06,40.15,40.15,40.65,2305,93010.30,25-Aug-2026,20,INE738V01013
AEPL,EQ,14.41,14.83,14.22,14.41,14.4,14.48,10551,152415.06,25-Aug-2026,111,INE757T01025
ARTEMISMED,EQ,327.8,329.95,320.2,323.7,324.7,328.9,193504,62707099.10,25-Aug-2026,7436,INE025R01021
ARUNAYA,SM,14.25,15.45,14,14.2,14.4,15.5,84000,1203800.00,25-Aug-2026,35,INE0TTG01017
ARVEE,EQ,162,184.99,162,182.05,181.8,164.43,34993,6323876.57,25-Aug-2026,458,INE006Z01016
ARVINDFASN,EQ,442.95,443.95,434.95,438,436,442.95,75563,33139860.85,25-Aug-2026,6500,INE955V01021
ARVIND,EQ,525,540.9,524.9,539.3,540,531.75,1077722,577606798.25,25-Aug-2026,37036,INE034A01011
ARVINDPORT,SM,30.05,33,30.05,31.5,31.5,31.9,27000,866700.00,25-Aug-2026,13,INE0P4T01013
ARVSMART,EQ,698.55,699.95,681,683.75,682.05,694.85,52859,36297088.70,25-Aug-2026,3209,INE034S01021
ARYAMAN,EQ,605.15,630,605.15,625.05,625.05,605.15,789,488996.20,25-Aug-2026,33,INE032E01017
ASAHIINDIA,EQ,963,966.7,945,955.9,950.55,962.15,114291,108866383.90,25-Aug-2026,10070,INE439A01020
ASAHISONG,BE,373,373,365.6,369.7,371,376.15,3462,1275422.35,25-Aug-2026,79,INE228I01012
ASHALOG,SM,54.3,63,54.3,63,63,63.45,4000,234750.00,25-Aug-2026,4,INE0LAA01017
ASHAPURMIN,EQ,585,588.45,568.5,570.5,573,585.8,570382,327080707.40,25-Aug-2026,29950,INE348A01023
ASHIANA,EQ,365,368.2,362,365.25,364.2,366.6,21656,7908321.85,25-Aug-2026,889,INE365D01021
ASHIKAG,BE,436.4,436.4,423,428.75,431.95,436.3,25976,11162629.75,25-Aug-2026,109,INE094B01013
ASHIMASYN,EQ,18.55,19.2,18.14,18.25,18.25,18.35,128155,2395015.92,25-Aug-2026,450,INE440A01010
ASHOKLEY,EQ,172.36,174.69,171.58,174.69,174.69,173.29,8635802,1494470462.59,25-Aug-2026,39641,INE208A01029
ASHOKA,EQ,113.2,114.5,112.53,114.01,114.3,113.22,507744,57624935.18,25-Aug-2026,4549,INE442H01029
ASHOKAMET,EQ,14,14.3,13.11,13.92,13.95,13.86,18986,261135.77,25-Aug-2026,79,INE760Y01011
ASIANENE,EQ,466.9,470,448.6,451.4,451.5,466.9,242050,110257017.35,25-Aug-2026,7144,INE276G01015
ASIANTILES,EQ,46.26,46.69,45.51,46.37,46.5,45.4,2829146,129966950.38,25-Aug-2026,7825,INE022I01019
AHLEAST,EQ,142,142,140.22,140.22,140.22,143.22,32,4490.73,25-Aug-2026,9,INE926K01017
ASIANHOTNR,EQ,301.95,301.95,294.25,299.35,294.25,301.1,4731,1411110.40,25-Aug-2026,287,INE363A01022
AHLWEST,BE,535.55,535.6,535.55,535.6,535.6,532.3,163,87298.80,25-Aug-2026,9,INE915K01010
ASIANPAINT,EQ,2631,2640,2605.2,2639.8,2639.8,2640.8,479480,1256534871.40,25-Aug-2026,32656,INE021A01026
ASTAR,EQ,590,600,570,600,600,599.85,123,73061.40,25-Aug-2026,17,INE194D01017
ASIANTNE,EQ,9.9,9.9,9.3,9.59,9.59,9.6,3298,31904.92,25-Aug-2026,65,INE822B01017
ASKAUTOLTD,EQ,613,615.95,598.85,605.2,608.25,615.4,452810,272546770.25,25-Aug-2026,11612,INE491J01022
ASPINWALL,EQ,260,265.9,259.9,260.61,262,259.74,4020,1052966.13,25-Aug-2026,125,INE991I01015
ASPIRE,SM,13.25,13.55,13.25,13.55,13.55,13.9,118000,1596400.00,25-Aug-2026,24,INE0S7801010
ASALCBR,EQ,725.35,731.5,720,722.55,720.5,725.35,14075,10200209.00,25-Aug-2026,1744,INE073G01016
ASTEC,EQ,590,608.9,584.25,597.25,595.1,592.7,21963,13122275.85,25-Aug-2026,1854,INE563J01010
ASTERDM,EQ,752,767,752,765.25,766.05,750.9,1997998,1521935847.00,25-Aug-2026,52761,INE914M01019
ASTRAMICRO,EQ,1676.5,1726.9,1676.5,1708,1705,1664.9,429429,733356863.10,25-Aug-2026,23603,INE386C01029
ASTRAL,EQ,1524.6,1544.7,1519,1540,1540,1532.8,565330,865354098.20,25-Aug-2026,34042,INE006I01046
ASTRAZEN,EQ,7264,7275,7110,7146,7140.5,7232,15334,109922627.50,25-Aug-2026,3205,INE203A01020
ASTRON,BZ,3.02,3.05,2.89,2.95,2.94,3.02,37400,110629.79,25-Aug-2026,152,INE646X01014
ATALREAL,EQ,33.55,34.85,33.45,34.06,34.8,33.66,8739787,295988559.83,25-Aug-2026,5764,INE0ALR01029
ATAM,EQ,55.55,56.38,54.9,55.49,55,55.5,9364,517249.82,25-Aug-2026,177,INE09KD01013
ATCENERGY,ST,22.4,22.4,22.4,22.4,22.4,22.8,3600,80640.00,25-Aug-2026,3,INE0V0Q01019
ATHERENERG,EQ,1454.8,1467.7,1430,1439.4,1442.9,1453.1,1064648,1540258473.70,25-Aug-2026,33930,INE0LEZ01016
ATLPP,E1,10.18,10.45,9.2,9.74,9.7,9.94,14532,145284.14,25-Aug-2026,43,IN90NN701011
ATLANTAELE,EQ,1801,1812,1712.6,1719.6,1717.1,1819.5,120669,210633517.50,25-Aug-2026,12787,INE0Z4F01028
ATLANTAA,EQ,38.7,38.7,37.51,37.79,38.15,38,23305,885899.27,25-Aug-2026,480,INE285H01022
ATLASCYCLE,EQ,96.67,99.45,95.81,97.1,96.23,96.68,817,78995.19,25-Aug-2026,37,INE446A01025
ATMASTCO,SM,143.35,147.4,143.35,147.15,147.2,141.85,7600,1109020.00,25-Aug-2026,17,INE05DH01017
ATULAUTO,EQ,488.95,488.95,480.55,485.95,487,485.4,84857,41026426.10,25-Aug-2026,2558,INE951D01028
ATUL,EQ,6425,6510,6386.5,6492.5,6505.5,6425,30738,198583794.00,25-Aug-2026,8172,INE100A01010
AUBANK,EQ,1114,1144.1,1105.1,1128.6,1128.6,1114,5688015,6454764657.30,25-Aug-2026,76313,INE949L01017
AURIONPRO,EQ,709,715.05,690.05,711.35,711.3,708.6,201399,140885568.85,25-Aug-2026,6756,INE132H01018
AUROIMPEX,SM,25,25,25,25,25,25,1600,40000.00,25-Aug-2026,1,INE0NUL01018
AUROPHARMA,EQ,1604.1,1623.8,1598.8,1617.8,1617.8,1608,589518,951447175.40,25-Aug-2026,23602,INE406A01037
AURUM,EQ,232,237,230.38,236.46,237,232.17,140550,32920997.28,25-Aug-2026,2051,INE898S01029
AURUS,EQ,4.74,4.74,4.48,4.59,4.6,4.65,16685,75899.60,25-Aug-2026,185,INE142K01011
AUSOMENT,EQ,149.98,151,146,147.59,147,147.69,5315,784705.18,25-Aug-2026,102,INE218C01016
AUSTENG,EQ,127,128.99,122.75,123.17,123.18,126.4,336,42061.96,25-Aug-2026,20,INE759F01012
APS,SM,266.35,273.85,261,263.25,261,273.55,17500,4645025.00,25-Aug-2026,62,INE0P0001010
AIIL,EQ,554.95,573.3,554.95,566.65,571.75,554.9,279835,158132883.60,25-Aug-2026,13645,INE206F01022
AUTOIND,EQ,89.1,91.14,87.41,89.47,90.28,89.87,152853,13582728.41,25-Aug-2026,1405,INE718H01014
ACGL,EQ,1799.9,1828.8,1789.9,1794.4,1792,1793.8,102,183116.10,25-Aug-2026,45,INE451C01013
AUTOAXLES,EQ,1743.8,1752.3,1715.2,1731.2,1736.5,1743.8,5745,9924433.30,25-Aug-2026,804,INE449A01011
ASAL,EQ,493.8,500.4,486.25,489.75,486.25,493.8,17271,8496015.60,25-Aug-2026,909,INE900C01027
AVADHSUGAR,EQ,809,829.5,788.45,806.15,806.4,832.2,352766,284668109.55,25-Aug-2026,14349,INE349W01017
AVALON,EQ,2119.4,2151.7,2077,2111.5,2101.1,2119.4,200866,424199850.90,25-Aug-2026,22108,INE0LCL01028
AVANCE,EQ,0.9,0.9,0.88,0.88,0.89,0.88,3142695,2790122.08,25-Aug-2026,1053,INE758A01072
AVANTEL,EQ,158,159.33,157.5,157.78,158,158.66,450556,71248946.07,25-Aug-2026,4861,INE005B01027
AVANTIFEED,EQ,853.45,861.3,841,843.9,842.75,853.45,147810,125217494.85,25-Aug-2026,8200,INE871C01038
AVATAR,ST,241.9,247.95,241.5,242.4,247.95,254,18000,4363700.00,25-Aug-2026,8,INE617I01024
DMART,EQ,3940,3960,3897.4,3909.6,3909.6,3940,215829,845920108.30,25-Aug-2026,21692,INE192R01011
CCAVENUE,EQ,15.03,15.18,14.91,15.06,15.14,15.03,6372614,95870860.72,25-Aug-2026,9589,INE483S01020
AVG,BE,187.99,187.99,183,186.35,186.35,187.97,4754,886917.23,25-Aug-2026,47,INE680Z01018
AVIANSH,SM,104,104,101,101,101,104.5,8000,814550.00,25-Aug-2026,7,INE0TFB01017
AVIENCE,SM,278.95,300,275,280.2,281.75,268.55,65400,18659670.00,25-Aug-2026,97,INE0V9I01017
ASMS,BE,7.02,7.02,6.95,6.95,6.96,6.99,119138,831329.38,25-Aug-2026,256,INE855F01042
AVONMORE,EQ,13.79,13.8,13.3,13.44,13.45,13.58,233097,3145100.55,25-Aug-2026,399,INE323B01024
AVPINFRA,SM,62.5,64.9,62,63.9,62.75,62.5,29600,1874640.00,25-Aug-2026,27,INE0R9401019
AVROIND,EQ,9.15,9.6,8.95,9.14,9.25,9.09,511483,4759264.57,25-Aug-2026,1296,INE652Z01025
AVTNPL,EQ,87.6,89.5,86.1,87.17,87.6,87.15,184728,16180765.53,25-Aug-2026,2871,INE488D01021
AWFIS,EQ,279.05,284,271.35,272.55,272.45,277.7,310975,85588503.45,25-Aug-2026,4572,INE108V01019
AWL,EQ,194,204.82,192.98,200.64,200.6,193.88,16360851,3298100238.84,25-Aug-2026,124218,INE699H01024
AXISBANK,EQ,1236.1,1240.5,1229.8,1235,1235,1236,3606504,4451063002.10,25-Aug-2026,91231,INE238A01034
BNKETFAXIS,EQ,593.7,594.44,590.62,592,592,593.48,313,185540.00,25-Aug-2026,15,INF846K01X63
CONSUMAXIS,EQ,123.69,125,123.45,125,125,123.32,1774,219804.80,25-Aug-2026,21,INF846K016C7
GOLDAXIS,EQ,134.31,134.51,133.24,133.78,133.88,134.31,1620658,216749016.27,25-Aug-2026,5316,INF846K01W80
HEALTHAXIS,EQ,166.88,190,166.78,169.82,172.13,166.57,2708,454470.33,25-Aug-2026,47,INF846K01Z12
ITAXIS,EQ,337.89,339.2,334,337.8,339.2,335.2,935,314293.89,25-Aug-2026,56,INF846K01Y96
NIFTYAXIS,EQ,273.06,273.06,267.22,269.11,269.5,267.71,5016,1344493.44,25-Aug-2026,135,INF846K01W98
SENSEXAXIS,EQ,78.52,82,78.52,80.86,81,80.12,1911,153677.20,25-Aug-2026,54,INF846K010Q0
SILVERAXIS,EQ,238.5,240.03,237.17,237.74,237.88,240.82,193613,46111935.32,25-Aug-2026,4865,INF846K011K1
VALUEAXIS,EQ,32.94,32.94,32.7,32.83,32.7,32.8,68537,2247218.57,25-Aug-2026,293,INF846KA1119
AXISCADES,EQ,1564.8,1615,1557.8,1604.1,1605,1556.9,130984,209108279.40,25-Aug-2026,11040,INE555B01013
AXITA,EQ,8.05,8.3,7.8,7.98,7.8,7.98,2172120,17712022.81,25-Aug-2026,2724,INE02EZ01022
AXTEL,EQ,406.3,418.9,406,416.4,416.85,406.1,1452,599773.80,25-Aug-2026,95,INE767C01012
AYE,EQ,168.86,177.9,164.28,172.84,173.46,167.18,2001332,347433119.08,25-Aug-2026,23745,INE501X01029
AYMSYNTEX,EQ,248,260,248,254.6,256.95,248.55,21209,5370859.55,25-Aug-2026,748,INE193B01039
AZAD,EQ,2791,2916.9,2791,2804.5,2810,2796.2,738435,2101912484.00,25-Aug-2026,48552,INE02IJ01035
AZADIND,EQ,91,92.06,90.56,90.71,90.8,90.67,25897,2362970.85,25-Aug-2026,316,INE566M01017
BBTCL,EQ,239.95,240,233.2,235.77,235.3,240.93,5177,1227855.54,25-Aug-2026,307,INE01EE01011
BAGFILMS,EQ,4.46,4.53,4.18,4.38,4.44,4.41,222152,970457.24,25-Aug-2026,397,INE116D01028
BLKASHYAP,EQ,52.45,53.25,51.89,52.45,52.68,52.44,188829,9913265.59,25-Aug-2026,973,INE350H01032
STYLEBAAZA,EQ,385.6,400.8,377,394.5,395.95,396.8,3325644,1305532477.70,25-Aug-2026,24490,INE01FR01028
BABAFP,SM,22.25,22.4,22.25,22.4,22.4,22.25,3200,71440.00,25-Aug-2026,2,INE0QW501012
BAFNAPH,BE,255,267.25,255,267.25,267.25,254.55,10741,2816052.30,25-Aug-2026,117,INE878I01022
BAGMANE,RR,106.8,107.5,106.01,106.69,106.67,106.6,539828,57749145.24,25-Aug-2026,10115,INE2OVN25015
BAHETI,SM,843,843.9,827.5,841.85,842,829.8,26250,21942506.25,25-Aug-2026,60,INE029Q01017
BAIDFIN,EQ,9.74,9.88,9.6,9.7,9.74,9.64,29473,286022.92,25-Aug-2026,150,INE020D01022
BAJAJ-AUTO,EQ,11800,11927,11722,11927,11927,11800,159272,1880661414.00,25-Aug-2026,23704,INE917I01010
BAJAJCON,EQ,468.8,481.8,453.7,455.05,456.2,463.2,939360,434984501.45,25-Aug-2026,31230,INE933K01021
BAJAJELEC,EQ,342.3,345.8,332.65,334.35,335.5,344.65,384533,129150748.10,25-Aug-2026,10173,INE193E01025
BAJFINANCE,EQ,1077,1087.4,1066.3,1087.4,1087.4,1077,2770499,2987676408.80,25-Aug-2026,73198,INE296A01032
BAJAJFINSV,EQ,2004.9,2011.7,1985,2004,2004,2001.7,410121,819227406.80,25-Aug-2026,45220,INE918I01026
BAJAJHCARE,EQ,324.9,324.9,319.05,320.1,320.1,321.55,40621,13008849.00,25-Aug-2026,1271,INE411U01027
BAJAJHIND,EQ,24.1,24.35,22.2,22.81,22.7,24.23,113245372,2618029859.09,25-Aug-2026,131829,INE306A01021
BAJAJHLDNG,EQ,11120,11290,10811,11290,11290,11120,64609,722389202.00,25-Aug-2026,13631,INE118A01012
BAJAJHFL,EQ,84,84.33,83.78,84.02,84.07,84.05,1822737,153028113.51,25-Aug-2026,16220,INE377Y01014
BAJAJST,EQ,350.55,359.1,350.55,356.85,358.3,353.2,6924,2467672.35,25-Aug-2026,361,INE704G01024
BAJEL,EQ,190.8,190.8,187.2,188,188,192.09,66495,12541356.42,25-Aug-2026,1621,INE0KQN01018
BALPHARMA,EQ,86.99,86.99,85.07,85.22,85.89,85.19,4675,399135.51,25-Aug-2026,151,INE083D01012
BALAMINES,EQ,2241.6,2390,2205.3,2343.6,2370.1,2224.5,600325,1378379029.70,25-Aug-2026,46151,INE050E01027
BALAJIPHOS,SM,89.5,89.5,89.5,89.5,89.5,90.1,1000,89500.00,25-Aug-2026,1,INE0PQ601019
BALAJITELE,EQ,96.37,97.15,94.18,95.09,94.6,95.7,153988,14684803.76,25-Aug-2026,1391,INE794B01026
BALAXI,EQ,23.35,23.35,22.31,22.83,22.96,22.81,10635,241698.74,25-Aug-2026,122,INE618N01022
BALKRISIND,EQ,2379.4,2379.4,2311,2366.3,2373,2358.4,237695,558095973.70,25-Aug-2026,32118,INE787D01026
BALKRISHNA,EQ,17.45,17.8,17.1,17.21,17.55,17.26,27160,474183.19,25-Aug-2026,66,INE875R01011
BALMLAWRIE,EQ,176.1,176.89,174.81,175.16,175.4,176.08,68298,11974064.94,25-Aug-2026,1424,INE164A01016
BLIL,EQ,72.47,72.47,71.5,71.9,71.94,72.01,52679,3789663.21,25-Aug-2026,1006,INE525F01025
BALRAMCHIN,EQ,686.55,703.1,663.3,668.1,667.5,695.5,5009522,3398395946.15,25-Aug-2026,92440,INE119A01028
BALUFORGE,EQ,622.75,626.8,607,609.6,608.1,632.2,2738438,1686093778.20,25-Aug-2026,45207,INE011E01029
BANARBEADS,EQ,112.67,114.71,110.15,110.52,110.5,112.67,2387,266138.70,25-Aug-2026,56,INE655B01011
BANCOINDIA,EQ,623.8,625.65,609.9,616.75,614.8,623.8,164040,101195274.55,25-Aug-2026,10243,INE213C01025
BANDHANBNK,EQ,174.4,175.47,172.45,173.5,173.5,173.9,4336723,753739183.45,25-Aug-2026,35314,INE545U01014
GOLDBND,EQ,160.67,161.98,159.54,159.81,160.5,160.69,17409,2790393.48,25-Aug-2026,214,INF194KB1KJ7
IDFNIFTYET,EQ,266.82,268.6,265,268.6,268.6,268.16,1788,476631.12,25-Aug-2026,43,INF194KA1U07
SILVERBND,EQ,241.8,242.19,237.78,240.02,239.5,242.79,20941,5033217.62,25-Aug-2026,145,INF194KB1KI9
BANG,EQ,35,36.3,32.77,34.71,33.3,34.04,690961,24297782.26,25-Aug-2026,1734,INE863I01016
BANKBARODA,EQ,241.5,242.9,239.9,241,241,241.5,11320890,2730364478.19,25-Aug-2026,74735,INE028A01039
BANKINDIA,EQ,141.43,143.99,140.9,143.99,143.99,142,6580120,940525768.43,25-Aug-2026,33511,INE084A01016
MAHABANK,EQ,80.71,82.93,80.51,81.7,81.85,80.7,19104372,1565961101.14,25-Aug-2026,90957,INE457A01014
BANKA,EQ,81.9,81.9,79.1,79.9,81.8,81.9,1432,114481.04,25-Aug-2026,54,INE862Y01015
BASML,BE,25.01,25.71,25.01,25.2,25.3,24.99,12525,315851.16,25-Aug-2026,53,INE186H01022
BANARISUG,EQ,3965.1,3965.1,3882.2,3899.9,3915,3997.9,3615,14182341.00,25-Aug-2026,943,INE459A01010
BANSALWIRE,EQ,319.2,322.25,315.6,318.15,317,321.9,65662,20947804.30,25-Aug-2026,5908,INE0B9K01025
BANSWRAS,EQ,121.64,123.49,118.5,119.58,120,121.59,19160,2308203.16,25-Aug-2026,268,INE629D01020
BVCL,EQ,41.21,44.4,41.21,42.81,42.6,41.63,244547,10532885.14,25-Aug-2026,652,INE139I01011
BARFLEX,SM,63.95,63.95,60.1,60.1,60.1,63,4000,248100.00,25-Aug-2026,2,INE0QX401014
BBNPNBETF,EQ,58.12,59.72,57.68,59.72,59.72,58.61,6080,353128.57,25-Aug-2026,19,INF251K01TL6
BBNPPGOLD,EQ,156.05,156.95,154.1,155.35,154.85,156.05,5765,896509.60,25-Aug-2026,105,INF251K01SU9
BASF,EQ,3904.5,3909,3841,3872.2,3886,3878.6,16102,62330601.50,25-Aug-2026,3089,INE373A01013
BASILIC,SM,192,194,185,187.25,186,193.2,14700,2771130.00,25-Aug-2026,44,INE0OCC01013
BATAINDIA,EQ,686.25,689.35,680.8,684.7,686.5,686.25,111675,76398026.80,25-Aug-2026,6128,INE176A01028
BATLIBOI,EQ,87.5,88.5,85.3,86.13,86.4,87.6,20769,1802862.95,25-Aug-2026,840,INE177C01022
BAWEJA,ST,22.65,23.35,22.65,23.35,23.35,23.55,2400,55440.00,25-Aug-2026,3,INE0JFJ01011
BAYERCROP,EQ,4049,4095.8,4030.5,4089.5,4094,4043.6,20364,82755364.40,25-Aug-2026,4314,INE462A01022
BCLIND,EQ,37.98,38.3,37.42,37.71,37.8,37.99,716112,27014270.99,25-Aug-2026,3733,INE412G01024
BCPL,EQ,70.6,70.6,69,69.84,70.1,70.06,5847,406579.78,25-Aug-2026,163,INE00SW01015
BEACON,SM,82.5,82.5,81.5,81.6,81.6,82.5,6000,491300.00,25-Aug-2026,5,INE639X01027
BEARDSELL,EQ,25.96,27,25.73,26.79,26.62,26.23,24345,642669.30,25-Aug-2026,152,INE520H01022
BEDMUTHA,EQ,109.05,109.05,104,108.12,107.75,108.5,6336,673336.79,25-Aug-2026,75,INE844K01012
BEEKAY,EQ,435,438,426.2,434.35,435,444.05,1905,823276.00,25-Aug-2026,76,INE213D01015
BLEL,EQ,463.75,474.55,441.3,450.3,451,460.15,2752275,1259934578.35,25-Aug-2026,44695,INE1EEM01017
BELLACASA,EQ,229,230.47,216,223.36,222.16,229.19,18153,4032020.24,25-Aug-2026,754,INE344T01014
BELRISE,EQ,229.2,231.1,227.2,227.95,228.05,229.2,1815539,414565357.23,25-Aug-2026,25095,INE894V01022
BLAL,EQ,169.83,169.83,166.91,167,166.92,168.24,27147,4546433.20,25-Aug-2026,351,INE0N7W01012
BEML,EQ,1926,1977,1902.6,1923,1922,1915,362954,702459338.30,25-Aug-2026,31562,INE258A01024
BENARAS,EQ,10300,10300,10201,10201,10201,10336,33,337410.00,25-Aug-2026,10,INE664D01019
BENGALASM,EQ,6170,6170,6150.5,6165,6165,6184.5,32,197135.00,25-Aug-2026,9,INE083K01017
BERGEPAINT,EQ,515.5,517.4,508,509.85,509.05,515.5,210006,107413443.60,25-Aug-2026,14695,INE463A01038
BESTAGRO,EQ,17.86,18.16,17.47,17.69,17.76,17.71,471922,8383794.72,25-Aug-2026,1502,INE052T01021
BETA,EQ,2307,2319.5,2251,2287.2,2297.5,2307,9982,22678302.40,25-Aug-2026,1726,INE351Y01019
BEWLTD,SM,51,52.7,51,51.35,51.4,51.3,13000,673150.00,25-Aug-2026,24,INE0HQI01014
BFINVEST,EQ,451,451,446.35,448.95,447.05,448.85,8250,3697438.20,25-Aug-2026,654,INE878K01010
BFUTILITIE,EQ,515,521.9,515,519.9,521.5,515.75,24380,12645582.15,25-Aug-2026,1005,INE243D01012
BANK10BETF,EQ,20.85,21.54,20.69,20.88,20.92,20.98,941,19634.29,25-Aug-2026,7,INF0QA701CI0
BANKBETF,EQ,58.38,58.72,58.17,58.36,58.54,58.32,3236,189121.82,25-Aug-2026,212,INF0QA701714
LIQUIDBETF,EQ,1096.17,1096.19,1096.17,1096.18,1096.17,1095.91,178990,196205846.74,25-Aug-2026,188,INF0QA701854
NIFTYBETF,EQ,249.18,250.62,248.17,249.75,250.62,249.18,858,213543.13,25-Aug-2026,52,INF0QA701722
BGRENERGY,BE,232.5,244.75,230.05,244.75,244.75,233.1,76431,18189748.90,25-Aug-2026,436,INE661I01014
BHADORA,ST,115.25,120,113.8,113.8,113.8,119.75,22800,2647440.00,25-Aug-2026,18,INE0ZRC01017
BHAGERIA,BE,227,233,218,222.19,225,223.33,106368,24106798.22,25-Aug-2026,792,INE354C01027
BHAGCHEM,EQ,283,289.9,280,287.2,289.2,282.9,41915,11910018.20,25-Aug-2026,1315,INE414D01027
BHAGYANGR,EQ,392,394.3,380.4,383.3,384,388.95,54521,20936170.85,25-Aug-2026,1903,INE458B01036
BHANDARI,EQ,3.1,3.1,3.03,3.04,3.06,3.06,61811,188777.90,25-Aug-2026,213,INE474E01029
BEPL,EQ,126.5,131.5,125.21,129.62,129.4,125.26,4645166,602523134.58,25-Aug-2026,31346,INE922A01025
BBL,EQ,2384.9,2393.6,2329.2,2348.7,2341.1,2384.9,21847,51317144.90,25-Aug-2026,3351,INE464A01036
BHARATCOAL,EQ,34.8,34.89,34.14,34.35,34.36,34.97,4854950,166642465.09,25-Aug-2026,15678,INE05XR01022
BDL,EQ,1363,1393.7,1352,1359.9,1359.9,1368,2155826,2959947218.30,25-Aug-2026,41950,INE171Z01026
BEL,EQ,407,413.25,405.95,413.25,413.25,409,9410099,3850949921.45,25-Aug-2026,119641,INE263A01024
BHARATFORG,EQ,2040.5,2052.5,2026,2052.5,2052.5,2041,559434,1137774350.10,25-Aug-2026,24420,INE465A01025
BHARATGEAR,BE,102,104.52,101.05,104.02,104.5,101.78,8135,839380.00,25-Aug-2026,147,INE561C01019
BPLPHARMA,EQ,1499.9,1499.9,1410.8,1472.4,1488,1441.2,1334,1954325.50,25-Aug-2026,147,INE365Y01019
BPCL,EQ,312.05,319.75,311.1,318.1,318.1,311.9,6592471,2075671864.15,25-Aug-2026,35516,INE029A01011
BHARATRAS,EQ,1275.2,1298.8,1269,1273.2,1275,1283.1,9935,12672497.10,25-Aug-2026,1424,INE838B01021
BRNL,EQ,17.55,17.55,17,17.3,17.34,17.18,9183,157997.32,25-Aug-2026,157,INE727S01012
BHARATSE,EQ,224.45,225,220.15,222.27,221.8,226.21,137370,30537830.32,25-Aug-2026,2961,INE415D01024
BHARATWIRE,EQ,185.79,191,185.19,189.25,189.2,186.73,75622,14182556.94,25-Aug-2026,1684,INE316L01019
BHARTIARTL,EQ,1926,1947,1923.4,1947,1947,1935,3820206,7402776825.70,25-Aug-2026,85541,INE397D01024
BHARTIHEXA,EQ,1594.8,1611.3,1587.3,1592.9,1595,1605.8,56186,89866848.10,25-Aug-2026,10352,INE343G01021
BIL,EQ,846.6,850,840,845.75,850,835.45,8250,6943075.05,25-Aug-2026,178,INE828A01016
BHEL,EQ,410.8,417,408.15,417,417,411.4,4652600,1916131004.95,25-Aug-2026,45236,INE257A01026
BTTL,BE,44.5,45.5,44,45.43,45.5,44.28,1112,49141.85,25-Aug-2026,14,INE274K01012
BIGBLOC,EQ,43,43.98,43,43.73,43.94,42.88,21650,942878.30,25-Aug-2026,386,INE412U01025
BIKAJI,EQ,602.95,605,598.1,599.8,601.9,602.95,106743,64126210.15,25-Aug-2026,4999,INE00E101023
BIKEWO,ST,85.5,85.5,85.5,85.5,85.5,89.95,10000,855000.00,25-Aug-2026,5,INE0SQH01013
BILVYAPAR,BE,4.22,4.4,4.22,4.25,4.25,4.22,8800,37639.01,25-Aug-2026,34,INE071A01013
BI,BE,97.64,97.64,90.63,94.39,94.95,95.39,59397,5438028.55,25-Aug-2026,237,INE986A01012
GROWW,EQ,196.4,205.21,196.11,203.01,203.2,196.47,53203469,10785776119.52,25-Aug-2026,219946,INE0HOQ01053
BIMETAL,EQ,619.75,625,604,623.05,625,619.75,464,285836.05,25-Aug-2026,36,INE469A01019
BMLL,SM,155,155,153,153.5,153.5,156,6000,923100.00,25-Aug-2026,6,INE1BKA01015
BIOCON,EQ,410.9,417.2,407,417.2,417.2,409.4,3087232,1273821674.85,25-Aug-2026,29222,INE376G01013
BIOFILCHEM,EQ,32.34,33.98,31.46,32.06,32.48,32.34,424640,13976737.96,25-Aug-2026,986,INE829A01014
BIOPOL,SM,95.9,97.85,92,96.55,96.7,99.35,400800,38345520.00,25-Aug-2026,225,INE0XW001014
BIRLACABLE,BE,271,271,262,266.11,268.9,271,64742,17305515.70,25-Aug-2026,1073,INE800A01015
BIRLACORPN,EQ,889.05,890.95,878,880.1,878.6,889.4,27511,24251924.00,25-Aug-2026,3035,INE340A01012
BIRLAPREC,EQ,45.07,45.99,43.32,44.07,44.28,45.53,587954,26353250.14,25-Aug-2026,1825,INE372E01025
BIRLANU,EQ,1503.2,1542.5,1502.5,1529.2,1521.9,1502.9,9311,14201736.20,25-Aug-2026,1116,INE557A01011
ABGSEC,EQ,114.87,114.87,114.1,114.48,114.1,115.1,141,16180.50,25-Aug-2026,4,INF209KC1134
ABSL10BANK,EQ,169.52,170.8,169,169.79,170.8,169.01,409,69305.49,25-Aug-2026,21,INF209KC1670
ABSLBANETF,EQ,58.92,59.18,58.63,58.92,59.12,58.63,203155,11951044.46,25-Aug-2026,238,INF209KB17D5
ABSLLIQUID,EQ,1000,1000.01,999.99,1000,1000,1000,1977,1977001.47,25-Aug-2026,35,INF209KB18T9
ABSLMSCIN,EQ,29.84,29.84,29.65,29.8,29.8,29.7,4,119.09,25-Aug-2026,3,INF209KC1662
ABSLNN50ET,EQ,77.99,78.69,77.72,78.69,78.69,77.88,12099,941558.25,25-Aug-2026,140,INF209KB16D7
BSLSENETFG,EQ,77.79,78.95,77.61,78.14,78.25,77.79,1445,112753.12,25-Aug-2026,64,INF209KB10E8
HEALTHY,EQ,16.94,17.18,16.78,16.99,16.99,16.86,323335,5459749.72,25-Aug-2026,1165,INF209KB10C2
MOMENTUM,EQ,32.07,32.34,31.29,31.94,31.88,31.29,58111,1830526.18,25-Aug-2026,201,INF209KB14K7
NIFTYQLITY,EQ,21.61,21.86,21.46,21.69,21.8,21.61,44349,953744.80,25-Aug-2026,179,INF209KB15K4
SILVER,EQ,239.54,241.3,238.3,239.02,239.33,242.05,1067741,255744499.86,25-Aug-2026,8299,INF209KB19F6
TECH,EQ,33.54,33.66,33.25,33.54,33.5,33.2,9456,315626.49,25-Aug-2026,154,INF209KB11D8
ABSLPSE,EQ,10.16,10.29,10.12,10.15,10.18,10.16,106143,1077035.21,25-Aug-2026,334,INF209KB19Z4
BSOFT,EQ,299.15,302.45,289.1,291,290.6,299,1232832,360724848.30,25-Aug-2026,37011,INE836A01035
BBOX,EQ,756,762.85,744,746.9,748.5,759.85,227896,171285580.15,25-Aug-2026,11818,INE676A01027
BLACKROSE,BE,116.5,117.97,113.1,114.68,115.4,113.91,19102,2205000.73,25-Aug-2026,211,INE761G01016
BLACKBUCK,EQ,601,605.95,596.2,601.25,603,604.4,355284,213327495.45,25-Aug-2026,23927,INE0UIZ01018
BLBLIMITED,EQ,15.71,16.3,15.71,16.03,16.01,16.07,383957,6156465.04,25-Aug-2026,242,INE791A01024
BLISSGVS,BE,563,569.5,546.8,561.5,563,564.9,220471,123002713.90,25-Aug-2026,1739,INE416D01022
BLSE,EQ,315,318,310.75,312.1,311.95,315,241258,75757669.65,25-Aug-2026,4439,INE0NLT01010
BLS,EQ,243.99,246.96,234.51,243.32,242.7,241.51,8461840,2042702746.09,25-Aug-2026,83425,INE153T01027
BLUECHIP,EQ,2.02,2.02,2.02,2.02,2.02,1.99,9084,18349.68,25-Aug-2026,14,INE657B01025
BLUECLOUDS,EQ,23.99,23.99,22.1,22.28,22.26,22.98,2393447,54572391.80,25-Aug-2026,4662,INE373T01047
BLUECOAST,BE,22.98,22.98,22.4,22.4,22.4,23.05,1149,26080.81,25-Aug-2026,20,INE472B01011
BLUEDART,EQ,5053.5,5079,4980,4994.5,4999,5053.5,7372,36893681.00,25-Aug-2026,1818,INE233B01017
BLUEJET,EQ,590,595.15,583.5,589.15,592,588.8,314126,185058025.60,25-Aug-2026,11726,INE0KBH01020
BLUEPEBBLE,SM,66,66,65.5,65.5,65.5,65.9,3200,210800.00,25-Aug-2026,8,INE0SAK01011
BLUESTARCO,EQ,1504,1516,1493.7,1515,1515,1504,337829,509506108.40,25-Aug-2026,16755,INE472A01039
BLUEWATER,ST,457.35,457.35,420.05,434.9,444.5,437,13000,5637600.00,25-Aug-2026,13,INE0X3M01010
BLUESTONE,EQ,817,825.9,805.15,810.65,816.45,821.6,407155,331041563.75,25-Aug-2026,13908,INE304W01038
BLUSPRING,EQ,133.67,134.79,122.51,126.83,127.4,133.01,817693,103625602.96,25-Aug-2026,11118,INE0U4101014
BMWVENTLTD,EQ,57.05,58.4,56.75,56.97,56.9,57.04,78445,4497181.76,25-Aug-2026,1469,INE965W01036
BNAGROCHEM,EQ,235.05,239.9,227.1,229.8,234,238.9,15584,3704380.60,25-Aug-2026,73,INE00HZ01011
BODALCHEM,BE,87.05,87.05,83.01,87.05,87.05,82.91,1395471,121299171.51,25-Aug-2026,2885,INE338D01028
BTML,EQ,7.83,9.06,7.75,8.96,8.93,7.84,2508920,22024516.90,25-Aug-2026,2074,INE0EEJ01023
BOHRAIND,EQ,14.92,14.92,13.6,13.73,13.6,14.56,35661,501787.74,25-Aug-2026,146,INE802W01023
BBTC,EQ,1424,1430,1419.2,1422.4,1423.8,1422.2,15971,22722315.70,25-Aug-2026,1704,INE050A01025
BOMDYEING,EQ,110.7,111.66,109.21,110.26,109.88,110.55,416247,45916138.14,25-Aug-2026,3896,INE032A01023
BMETRICS,SM,34,34,34,34,34,34,800,27200.00,25-Aug-2026,1,INE0I3Y01014
BSHSL,EQ,88.7,89.19,86,88.6,88.6,87.84,3089,271821.78,25-Aug-2026,74,INE032Z01020
719HUDCO28,N7,1053,1053,1053,1053,1053,1051.27,100,105300.00,25-Aug-2026,1,INE031A07881
810IRFC27,N2,1079.1,1079.1,1078.11,1078.99,1078.11,1079,909,980803.94,25-Aug-2026,6,INE053F07538
830NHAI27,N2,1083.55,1085,1083.01,1083.2,1083.2,1083.52,3854,4175859.58,25-Aug-2026,42,INE906B07CB9
846REC28,N6,1117.5,1117.5,1117.5,1117.5,1117.5,1122,100,111750.00,25-Aug-2026,1,INE020B07HP8
863IRFC29,NC,1110,1110,1110,1110,1110,1108,12,13320.00,25-Aug-2026,1,INE053F07728
865IRFC29,NA,1102,1112.95,1102,1109,1109,1112.95,371,410432.00,25-Aug-2026,4,INE053F07686
871REC28,N9,1118.1,1121,1118.1,1118.11,1118.11,1118.05,540,604069.50,25-Aug-2026,13,INE020B07HS2
888IRFC29,NE,1121.55,1124,1121.55,1121.55,1121.55,1121.55,246,276098.30,25-Aug-2026,6,INE053F07744
901NHB34,N6,6363,6363,6320.01,6338.58,6320.01,6349,223,1415929.04,25-Aug-2026,25,INE557F07132
888REC29,NF,1140,1141,1137.01,1140,1140,1140,1697,1934570.10,25-Aug-2026,9,INE020B07IG5
BONLON,EQ,40.05,40.96,38.99,40.06,40.35,39.73,91480,3661728.59,25-Aug-2026,378,INE0B9A01018
BORANA,EQ,305.6,312.5,303.35,306.95,306.35,305.75,19751,6075226.30,25-Aug-2026,483,INE16SF01016
BOROLTD,EQ,253,289,253,261.45,256.4,254.04,18593567,5076211446.06,25-Aug-2026,185035,INE02PY01013
BORORENEW,EQ,538,546.05,526.3,529.05,530.8,536.55,416936,221997234.65,25-Aug-2026,15237,INE666D01022
BOROSCI,EQ,126.29,129.75,124.25,125.47,125.6,126.29,109338,13890895.54,25-Aug-2026,2795,INE02L001032
BOSCH-HCIL,EQ,1686,1689.4,1644,1664.8,1665,1681.8,33644,55974568.20,25-Aug-2026,4139,INE782A01015
BOSCHLTD,EQ,48110,48680,47790,48680,48680,48100,27786,1334341085.00,25-Aug-2026,8441,INE323A01026
BOSS,SM,56,56.45,56,56.3,56.3,55,16000,900600.00,25-Aug-2026,6,INE0QNI01012
BPL,EQ,49.99,51.69,49.01,50.22,50.35,49.1,84711,4243114.17,25-Aug-2026,990,INE110A01019
BRACEPORT,SM,60.15,61.2,59,60.75,61.2,61.15,17600,1059920.00,25-Aug-2026,11,INE0R4Z01018
BRAHMINFRA,EQ,159,159,152.97,156.14,157.9,154.24,19977,3106412.66,25-Aug-2026,455,INE320I01017
FIRSTCRY,EQ,194.77,196.98,191.62,192.04,192,193.77,834106,161276309.37,25-Aug-2026,19929,INE02RE01045
BCONCEPTS,EQ,162.94,162.94,155,159.63,159.95,160.3,20773,3295747.10,25-Aug-2026,983,INE977Y01011
BRANDMAN,SM,160,164,158.65,160.55,158.65,164.4,10400,1675240.00,25-Aug-2026,13,INE0XUD01014
BRIGADE,EQ,659.4,671,643.3,660.9,658.1,654.1,804919,533262342.30,25-Aug-2026,39095,INE791I01019
BRIGHOTEL,EQ,61.1,62.92,58.75,59.35,59.04,59.23,989297,60277658.44,25-Aug-2026,10578,INE03NU01014
BRIGHTBR,EQ,260,260,253,253,253,259.52,3019,764819.81,25-Aug-2026,30,INE630D01010
BCG,EQ,9.07,9.15,9.05,9.09,9.11,9.05,3569325,32437426.70,25-Aug-2026,3828,INE425B01027
BRITANNIA,EQ,5310.5,5382.5,5286,5382.5,5382.5,5311,361146,1926500509.00,25-Aug-2026,26406,INE216A01030
BIRET,RR,344.55,344.97,342.26,342.69,342.6,344.62,139998,48041253.83,25-Aug-2026,8146,INE0FDU25010
BROOKS,BE,61.65,62,60.56,61.83,62,61.68,11626,715106.55,25-Aug-2026,55,INE650L01011
BSE,EQ,3315,3324,3285.3,3303,3303,3312.7,2216219,7314269514.00,25-Aug-2026,92636,INE118H01025
BSL,EQ,126,128.45,121,122.04,122,124.13,8189,1018273.69,25-Aug-2026,149,INE594B01012
BUTTERFLY,EQ,648.2,648.45,631.55,632.7,632.5,642.8,12024,7664137.75,25-Aug-2026,941,INE295F01017
BULKCORP,ST,67,67,67,67,67,64.1,8400,562800.00,25-Aug-2026,1,INE0SZ301012
BURNPUR,EQ,12.5,13.6,12.15,12.15,12.15,13.49,381146,4830673.55,25-Aug-2026,1457,INE817H01022
CGVAK,EQ,152.69,152.69,147.52,148.8,149.8,151.16,2656,395891.20,25-Aug-2026,59,INE084D01010
CKKRETAIL,SM,167,167,167,167,167,167,2400,400800.00,25-Aug-2026,3,INE0SMX01019
CPS,SM,1085,1120,1085,1102,1102,1091.65,7950,8829855.00,25-Aug-2026,12,INE0QBU01012
MAPMYINDIA,EQ,966.9,971.9,955,964.3,966,961.7,138012,132733039.90,25-Aug-2026,13732,INE0BV301023
C2C,SM,233,239,231.1,234.2,234,231.05,60000,14092417.50,25-Aug-2026,266,INE0U7V01015
CMLL,EQ,532,535.45,514,517.25,517,534.15,245604,128397469.90,25-Aug-2026,5508,INE11XY01018
CALSOFT,EQ,30.67,30.67,30.67,30.67,30.67,29.21,105597,3238659.99,25-Aug-2026,224,INE526B01014
CTE,EQ,53.5,53.99,49.4,49.4,49.4,52,84448,4416383.31,25-Aug-2026,547,INE627H01017
CAMLINFINE,EQ,107.85,107.85,105.11,106.45,106.9,107.15,412578,43844747.84,25-Aug-2026,4601,INE052I01032
CAMPUS,EQ,228.55,228.65,224.9,226.08,226,228.55,351888,79708603.66,25-Aug-2026,6762,INE278Y01022
CANFINHOME,EQ,812,816.8,802.8,805.4,806,810.1,173234,139620334.60,25-Aug-2026,8639,INE477A01020
CANBK,EQ,127.23,128.81,126.25,128.81,128.81,127.3,14786516,1887334954.09,25-Aug-2026,59579,INE476A01022
CANHLIFE,EQ,154.8,155.38,152,152.2,152,154.7,265914,40731565.54,25-Aug-2026,8873,INE01TY01017
CRAMC,EQ,259,261.7,255,256.55,256,259.6,356727,92034594.00,25-Aug-2026,8872,INE218I01013
CANARYS,SM,23.65,23.65,22.95,23.25,23.25,22.8,68000,1584000.00,25-Aug-2026,14,INE0QG301017
CANTABIL,EQ,243.6,246.6,242.81,245.14,246.1,243.44,52496,12849818.22,25-Aug-2026,1396,INE068L01024
CAPACITE,EQ,219,231.7,218.33,223.38,221.9,220.9,935636,210785780.58,25-Aug-2026,16761,INE264T01014
CAPILLARY,EQ,504.3,512,497.15,510.4,510.8,501.95,123921,62573172.30,25-Aug-2026,3866,INE0ILV01024
CIFL,EQ,20.41,20.9,20.41,20.87,20.9,20.41,12964,268153.08,25-Aug-2026,116,INE345H01024
CAPINVIT,IV,76.94,77.17,76.47,76.91,76.81,76.56,415398,31889264.51,25-Aug-2026,1659,INE0Z8Z23013
CAPITALSFB,EQ,287.5,289.6,285.25,288.05,289.5,285.5,11608,3334726.95,25-Aug-2026,458,INE646H01017
CAPTRUST,BE,20,20.59,19.32,20.11,19.7,20.08,22267,448461.29,25-Aug-2026,157,INE707C01018
CAPLIPOINT,EQ,2506.9,2516.8,2459.8,2471.8,2472.5,2496.1,50538,125591298.00,25-Aug-2026,7817,INE475E01026
CGCL,EQ,235.49,247.89,233.65,239.67,240,234.32,11815103,2858973952.51,25-Aug-2026,96263,INE180C01042
CPL,EQ,65.3,67.67,64.5,67.21,67.3,64.99,145250,9631731.91,25-Aug-2026,1155,INE536P01021
CARBORUNIV,EQ,1118.1,1129.3,1100.7,1106.7,1107.9,1122.2,210305,234898196.90,25-Aug-2026,9395,INE120A01034
CARERATING,EQ,1614,1623,1590.2,1618.6,1621,1626,74984,120699995.30,25-Aug-2026,9034,INE752H01013
CPEDU,EQ,191.17,191.99,175.1,178.04,180.95,191.17,17102,3097180.38,25-Aug-2026,441,INE0P6P01016
CARRARO,EQ,534.45,537.3,526.45,532.15,532,534.45,40266,21371058.80,25-Aug-2026,3095,INE0V7W01012
CARTRADE,EQ,3138.6,3175,3020,3144.8,3140,3138.6,418313,1306253217.60,25-Aug-2026,41886,INE290S01011
CARYSIL,EQ,1155,1160.1,1135.2,1145.2,1142.8,1149.4,47079,54035098.90,25-Aug-2026,4350,INE482D01024
CUDML,ST,102.55,106.5,102.55,104.1,104.1,103,30000,3162500.00,25-Aug-2026,20,INE0WL201014
CASTROLIND,EQ,187.04,188,186.25,186.88,186.6,186.87,1139927,213222859.08,25-Aug-2026,16390,INE172A01027
CCL,EQ,1085,1104.7,1078.5,1099,1100,1081.8,167716,184065784.30,25-Aug-2026,17582,INE421D01022
CEATLTD,EQ,3565.1,3565.8,3506,3532.9,3531,3565.9,35657,125899216.80,25-Aug-2026,6416,INE482A01020
CEDAAR,ST,14.5,14.95,14.5,14.95,14.95,14.45,4000,59200.00,25-Aug-2026,4,INE11J101017
CEIGALL,EQ,333,338.7,321.55,324.35,325,322.15,1219258,401106112.35,25-Aug-2026,18833,INE0AG901020
CEINSYS,EQ,723.95,736.95,714.1,722.4,726,720.9,48920,35352412.65,25-Aug-2026,2719,INE016Q01014
CELEBRITY,EQ,6.9,6.94,6.67,6.89,6.94,6.76,7121,48390.79,25-Aug-2026,90,INE185H01016
CELLECOR,SM,33.1,34,32.45,33.05,34,32.75,1875000,62002350.00,25-Aug-2026,69,INE0OMO01025
CELLO,EQ,356.6,358.5,353,354.5,354,358.7,145044,51625433.25,25-Aug-2026,8741,INE0LMW01024
CEMPRO,EQ,1265.9,1296,1257.1,1279.9,1281.9,1261.4,96056,122912994.40,25-Aug-2026,7616,INE686A01026
CENTRALBK,EQ,31.09,31.57,30.65,30.73,30.72,31.21,13909555,430118298.39,25-Aug-2026,25017,INE483A01010
CDSL,EQ,1382.2,1400.2,1375.2,1394.8,1394.8,1385.1,997537,1386737555.90,25-Aug-2026,31217,INE736A01011
CMPDI,EQ,236,238.25,232.1,233.32,233.8,237.86,861505,201970732.96,25-Aug-2026,18436,INE05HV01027
CENTRUM,EQ,23.16,23.54,23.16,23.26,23.21,23.29,157335,3672340.92,25-Aug-2026,532,INE660C01027
CENTUM,EQ,3359.5,3384.9,3255.1,3274.8,3279.8,3359.5,36018,118767106.40,25-Aug-2026,5745,INE320B01020
CENTENKA,EQ,552.85,557.75,549.5,552,551.6,552.85,30350,16785044.95,25-Aug-2026,1288,INE485A01015
CENTEXT,EQ,22.8,22.89,21.96,22.18,22.4,22.34,200011,4459786.78,25-Aug-2026,756,INE281A01026
CENTURYPLY,EQ,744.95,760.9,737,757.55,757,744.95,59173,44183371.35,25-Aug-2026,7128,INE348B01021
CERA,EQ,5799.5,5925,5752,5819,5806,5793,10261,59885234.00,25-Aug-2026,3808,INE739E01017
CEREBRAINT,BZ,2.71,2.92,2.68,2.71,2.71,2.82,109508,297138.99,25-Aug-2026,128,INE345B01019
CESC,EQ,155.5,155.5,152.86,154,153.5,155.27,1286177,197797026.36,25-Aug-2026,14465,INE486A01021
CGPOWER,EQ,873.1,882.5,867,878.5,878.5,877.5,1629938,1423792389.00,25-Aug-2026,33746,INE067A01029
CHALET,EQ,871.35,905,860.55,894.05,895.5,869.55,1031889,921459250.60,25-Aug-2026,44765,INE427F01016
CLSEL,EQ,318,324.8,308,319.05,322,312.75,600906,191193557.15,25-Aug-2026,15304,INE419D01026
CMNL,SM,106,110.5,106,110.5,110.5,110.5,3750,409012.50,25-Aug-2026,5,INE06PV01010
CHAMBLFERT,EQ,434.8,446.9,425.1,427.6,427.95,430.95,2511636,1093879095.50,25-Aug-2026,58332,INE085A01013
CHANDAN,SM,227.5,231.75,219.55,220.15,219.55,226.35,64000,14218160.00,25-Aug-2026,76,INE0B2N01016
CHAVDA,SM,139.1,139.1,138,138,138,137.05,13000,1797250.00,25-Aug-2026,13,INE0PT101017
CHEMBONDCH,BE,277.99,278.25,263.55,267.41,266.5,273.91,24279,6555601.45,25-Aug-2026,154,INE0TGX01019
CHEMBOND,EQ,178.45,178.45,170,170.5,173.45,173.42,3324,567037.00,25-Aug-2026,105,INE995D01025
CHEMCON,BE,194,200,194,198.82,197,192.93,38109,7476296.27,25-Aug-2026,526,INE03YM01018
CHEMCRUX,EQ,85.72,86.28,84,84.84,85,85.72,2592,221603.49,25-Aug-2026,73,INE298W01016
CHEMFAB,EQ,380,380,362.05,364.85,362.3,368.45,2155,789030.30,25-Aug-2026,134,INE783X01023
CHEMPLASTS,EQ,178.33,179.48,177.1,177.82,178.33,179.22,79493,14149559.71,25-Aug-2026,1737,INE488A01050
CHENNPETRO,EQ,1420,1420,1389.6,1401.2,1401.9,1412.1,581107,815023369.30,25-Aug-2026,20716,INE178A01016
CHETANA,SM,43.55,43.55,43.35,43.35,43.35,43.35,4800,208400.00,25-Aug-2026,2,INE0U1T01012
CHEVIOT,EQ,1162.3,1163.7,1150.1,1155.4,1154,1166.3,479,554155.20,25-Aug-2026,132,INE974B01016
CHOICEIN,EQ,797.95,801.75,786.6,788.75,787,797.65,358035,284036543.30,25-Aug-2026,6337,INE102B01014
CHOICEGOLD,EQ,159.96,160.12,158.2,159.38,159.63,159.96,15946,2542401.98,25-Aug-2026,232,INF2KCX01012
CHOLAHLDNG,EQ,1542.1,1555.2,1530.2,1548.6,1541.1,1548.4,68030,105124633.00,25-Aug-2026,8278,INE149A01033
CHOLAFIN,EQ,1837.3,1873,1821.1,1873,1873,1846.7,428763,790433721.40,25-Aug-2026,25356,INE121A01024
CIEINDIA,EQ,403,403,392.55,395.95,396,399.35,382862,151271400.70,25-Aug-2026,21468,INE536H01010
CINELINE,EQ,88,91.46,88,90.35,90.3,89.41,43766,3957500.76,25-Aug-2026,485,INE704H01022
CINEVISTA,EQ,14.95,14.95,13.98,14.37,14.4,14.27,9766,140311.99,25-Aug-2026,67,INE039B01026
CIPLA,EQ,1435.9,1435.9,1411.1,1422,1422,1437.9,799235,1133406114.50,25-Aug-2026,40414,INE059A01026
CITIUSINVT,IV,115,115,114,114.13,114.1,114.33,181755,20804926.67,25-Aug-2026,822,INE2Q7823014
CUB,EQ,213.89,224,212.48,221.6,222,212.2,4102236,898287865.52,25-Aug-2026,52198,INE491A01021
CLEDUCATE,BE,62.96,64.99,62.6,63.63,64.99,62.94,12290,786304.19,25-Aug-2026,158,INE201M01029
CLASSICEIL,SM,50.45,51.3,49.05,50.45,50.9,47.85,20800,1051600.00,25-Aug-2026,13,INE0UQ601012
CLAYCRAFT,SM,160.1,161.3,159.05,159.15,159.15,158.7,5400,865320.00,25-Aug-2026,9,INE1QGM01024
CLCIND,BE,48,49,48,48.02,48.02,48.09,3025,147944.18,25-Aug-2026,29,INE376C01038
CLEANMAX,EQ,1262.8,1262.8,1225,1233.7,1225.5,1256.4,110558,137707141.10,25-Aug-2026,15191,INE647U01026
CLEAN,EQ,830.95,832,816.05,821.9,822,828.25,184542,151767443.20,25-Aug-2026,10189,INE227W01023
CSSL,SM,93,96,93,94.45,94.05,91.6,25000,2341100.00,25-Aug-2026,20,INE1EF801010
CMRGREEN,EQ,223.28,223.28,215.1,217.92,218,221.39,597043,130505002.25,25-Aug-2026,9805,INE00WV01027
CMSINFO,EQ,248,248.6,243.25,244.85,244.25,248.8,470186,115141503.05,25-Aug-2026,13634,INE925R01014
COALINDIA,EQ,408,408,401.1,404,404,406.9,8450049,3399649634.90,25-Aug-2026,65681,INE522F01014
COASTCORP,EQ,41.33,41.46,40.21,40.45,40.25,41.33,81139,3299567.33,25-Aug-2026,736,INE377E01024
COCHINSHIP,EQ,1515,1524.4,1503,1518.5,1518.5,1514,973455,1475160240.50,25-Aug-2026,33282,INE704P01025
COFFEEDAY,BE,29,30.5,28.6,30.18,30.31,29.06,477334,14318581.38,25-Aug-2026,1270,INE335K01011
COFORGE,EQ,1885.3,1899.9,1870,1892.8,1892.8,1873,1288356,2427818646.20,25-Aug-2026,39414,INE591G01025
COHANCE,EQ,449.75,450,441,445.4,445,448.75,635089,282150596.70,25-Aug-2026,15720,INE03QK01018
COLPAL,EQ,1878,1878.5,1861.4,1876.8,1876.8,1879,193846,362517087.90,25-Aug-2026,19889,INE259A01022
COMFINTE,EQ,6.09,6.21,6.05,6.08,6.09,6.24,129643,790680.69,25-Aug-2026,353,INE819A01049
COMSYN,EQ,290.9,291.9,285.01,287.68,288.2,289.17,25700,7392250.53,25-Aug-2026,706,INE073V01015
COMPEAU,EQ,360,360,349.1,351.5,351.5,360,763,270991.30,25-Aug-2026,42,INE823B01015
COMPINFO,BZ,1.06,1.14,1.06,1.11,1.14,1.11,7053,7737.76,25-Aug-2026,34,INE070C01037
COMPUSOFT,EQ,13.29,13.29,13.08,13.19,13.2,13.04,12178,160416.08,25-Aug-2026,139,INE453B01029
CAMS,EQ,752,752.75,742.3,749.95,749.95,752,811311,605627730.05,25-Aug-2026,40579,INE596I01020
CONCORDBIO,EQ,1557,1560,1523.2,1548,1553.1,1539.4,53615,82403360.00,25-Aug-2026,6719,INE338H01029
CEWATER,EQ,253.5,271.4,251.95,265.45,265.95,253.15,219284,57425543.70,25-Aug-2026,4915,INE037Z01029
CFEL,EQ,31,31.6,30.01,30.06,30.1,30.12,6212,191369.26,25-Aug-2026,60,INE700F01024
CONFIPET,EQ,73.45,78.42,71.6,77.85,77.99,72.14,8227545,625246126.28,25-Aug-2026,39176,INE552D01024
CONNPLEX,SM,231.95,234.45,225,228,228,224.5,26400,6073600.00,25-Aug-2026,33,INE0EAS01014
CCCL,EQ,15.25,15.25,14.96,15.04,15.08,15.11,199696,3005206.03,25-Aug-2026,443,INE429I01024
CONSOFINVT,BE,272,275.45,272,274.75,275.3,270.25,979,266759.95,25-Aug-2026,23,INE025A01027
CONCOR,EQ,518.4,518.4,511.3,516,516,516.4,559738,287811324.45,25-Aug-2026,11666,INE111A01025
CONTI,SM,11.45,11.45,11.2,11.2,11.2,11.4,199980,2256441.00,25-Aug-2026,3,INE340Z01019
CONTROLPR,EQ,600,608.55,593.05,605.2,605,599.8,20484,12357560.50,25-Aug-2026,3631,INE663B01015
COOLCAPS,ST,20.95,21.35,19.7,20.85,20.85,20.7,60000,1212125.00,25-Aug-2026,35,INE0HS001028
CORALFINAC,EQ,34.4,34.71,33.14,34.12,33.57,33.47,118953,4057875.28,25-Aug-2026,573,INE558D01021
CORDSCABLE,BE,259.8,259.8,244,247.52,247.5,253.39,58557,14843649.06,25-Aug-2026,632,INE792I01017
COROMANDEL,EQ,1926.6,1931.9,1896.3,1913.6,1914.8,1926.6,470177,898437887.30,25-Aug-2026,31351,INE169A01031
CORONA,EQ,2149.2,2150.1,2093,2097.3,2097.4,2149,14193,29916094.30,25-Aug-2026,3144,INE02ZQ01018
COSMOFIRST,EQ,905,935,905,930.65,932,907.95,78279,72259496.40,25-Aug-2026,5364,INE757A01017
CCHHL,EQ,12.95,13,12.5,12.55,12.83,12.95,19241,243834.29,25-Aug-2026,103,INE652F01027
COUNCODOS,BE,6.75,6.95,6.46,6.86,6.81,6.77,161765,1090667.92,25-Aug-2026,638,INE695B01025
CPCAP,EQ,120.58,122.9,116.5,120.72,120.67,119.35,20388,2450834.66,25-Aug-2026,273,INE521J01018
CPSEETF,EQ,94.07,94.69,93.42,93.78,93.97,94.07,513537,48119156.65,25-Aug-2026,6298,INF457M01133
CRAFTSMAN,EQ,10594,10594,10350,10375,10350,10598.5,20205,210885816.00,25-Aug-2026,8533,INE00LO01017
CRAVATEX,EQ,340,345,339,345,345,337.1,46,15760.00,25-Aug-2026,9,INE145E01017
CREATIVEYE,EQ,6.11,6.5,6.11,6.15,6.39,6.2,6831,42398.97,25-Aug-2026,49,INE230B01021
CGRAPHICS,SM,164.4,164.4,155,155.75,156.55,157.5,34400,5529400.00,25-Aug-2026,42,INE0R7401011
CNL,EQ,1210.5,1250,1168.5,1186.9,1200,1202.2,24639,29518054.65,25-Aug-2026,2318,INE985W01018
CREDENT,ST,346.1,359.8,338.45,338.45,338.45,356.25,412800,141404850.00,25-Aug-2026,345,INE1KPX01025
CREDITACC,EQ,1440,1444.8,1404,1415.5,1413.3,1442.3,344584,488015991.10,25-Aug-2026,31818,INE741K01010
MUFTI,EQ,77.69,77.9,75,76.34,76.99,76.4,110384,8444412.27,25-Aug-2026,1376,INE220Q01020
CRSL,EQ,2.76,2.76,2.76,2.76,2.76,3.06,328890,907736.40,25-Aug-2026,662,INE716D01033
CREST,EQ,371,371,356.2,358.7,362.65,364.25,2714,978472.60,25-Aug-2026,115,INE559D01011
CRISIL,EQ,4462.1,4520,4437,4480,4519.7,4478.2,18922,84457404.30,25-Aug-2026,4936,INE007A01025
CRIZAC,EQ,174.9,180,172.5,177.08,178.5,173.41,200787,35235583.48,25-Aug-2026,3394,INE0S4R01014
CROMPTON,EQ,244.35,246.15,241.25,243,243,246,3723358,904133090.60,25-Aug-2026,26998,INE299U01018
CLSL,ST,83,87.9,83,87.9,87.9,84,18000,1548500.00,25-Aug-2026,9,INE00NH01017
CROWN,EQ,105.4,106,102.3,104.31,105.59,105.2,12021,1259948.91,25-Aug-2026,160,INE491V01019
CSBBANK,EQ,332,342.85,329.15,339.35,339.9,331.9,855147,287673306.30,25-Aug-2026,19755,INE679A01013
CSLFINANCE,EQ,225.27,236.77,225.1,229.48,230,225.02,79562,18410849.49,25-Aug-2026,1164,INE718F01018
CSM,EQ,98,98.5,97.25,97.56,97.3,98.59,58968,5763610.01,25-Aug-2026,1119,INE0ZK601013
CUBEINVIT,IV,156.48,157.5,156.1,156.42,156.26,156.48,435013,68091562.71,25-Aug-2026,2247,INE0NR623014
CUBEXTUB,EQ,79.24,82,77.01,79.07,78,79.24,40691,3194271.57,25-Aug-2026,1158,INE144D01012
CUMMINSIND,EQ,5220,5239.5,5150,5239.5,5239.5,5190,562078,2920554309.00,25-Aug-2026,32457,INE298A01020
CUPID,EQ,287.45,287.75,281,281.76,282.45,286.41,11345561,3210805958.93,25-Aug-2026,93187,INE509F01029
CURAA,EQ,73.6,74.9,72.3,72.3,72.3,73.55,449,33012.95,25-Aug-2026,17,INE117B01020
CURIS,SM,130,130,124.1,126,126,126.4,21000,2688100.00,25-Aug-2026,19,INE1BZN01016
CYBERMEDIA,EQ,18.4,19.3,17.53,18.67,18.01,17.54,116868,2196308.39,25-Aug-2026,621,INE278G01037
CMRSL,SM,68.8,68.8,68.75,68.8,68.8,65.55,8000,550360.00,25-Aug-2026,9,INE075Z01011
CYBERTECH,BE,133.32,135.75,131.5,134.88,135,134.67,4415,591630.77,25-Aug-2026,115,INE214A01019
CYIENTDLM,EQ,733,778,732.95,769.35,771.3,735.85,973603,743474714.65,25-Aug-2026,38987,INE055S01018
CYIENT,EQ,909,989,898.65,979.05,975.05,909.05,4712618,4545935278.60,25-Aug-2026,142229,INE136B01020
DPWIRES,BE,158.35,158.35,152.25,154.04,154.85,158.35,3949,612320.68,25-Aug-2026,164,INE864X01013
DLINKINDIA,EQ,452,452,442.45,448.75,450,448.5,61634,27503461.90,25-Aug-2026,2327,INE250K01012
DPABHUSHAN,EQ,1544.9,1550,1450,1459.5,1455.2,1533.3,40300,59240749.60,25-Aug-2026,3566,INE266Y01019
DBCORP,EQ,208.33,208.33,204,205.43,205.01,206.8,71454,14694509.16,25-Aug-2026,2020,INE950I01011
DABUR,EQ,397.9,398.1,392.15,395.05,395.05,398.45,3323557,1309866384.30,25-Aug-2026,27574,INE016A01026
DAICHI,EQ,326.1,340,326.1,339.15,339,337.35,8135,2746153.30,25-Aug-2026,79,INE928C01010
DALBHARAT,EQ,1854.8,1854.8,1780.1,1824,1824,1853,513247,932022687.40,25-Aug-2026,28276,INE00R701025
DALMIASUG,EQ,478.75,492.95,454.3,470.25,468.7,480.75,514173,242994600.35,25-Aug-2026,14824,INE495A01022
DAMCAPITAL,EQ,145.3,155.24,145.2,149.38,149.6,145.96,1042896,158255600.35,25-Aug-2026,11832,INE284H01025
DAMODARIND,BE,28,28,27.15,27.87,27.85,27.8,3603,100486.05,25-Aug-2026,18,INE497D01022
DANGEE,EQ,2.94,2.99,2.82,2.83,2.84,2.85,53556,152891.32,25-Aug-2026,126,INE688Y01022
DANISH,SM,789.8,823.8,789.8,805.6,807,780.25,24450,19870297.50,25-Aug-2026,141,INE0YU901016
DCCL,SM,46.1,46.1,46.1,46.1,46.1,47.9,2000,92200.00,25-Aug-2026,1,INE04Q901010
DATAPATTNS,EQ,4730,4768.7,4500.1,4542.3,4548,4736.2,1198526,5495731942.40,25-Aug-2026,102708,INE0IX101010
DATAMATICS,EQ,815.9,817.75,796.8,799.2,798.1,812.15,46031,36897928.45,25-Aug-2026,2947,INE365B01017
DAVANGERE,EQ,2.91,2.94,2.86,2.88,2.9,2.87,9209404,26679548.72,25-Aug-2026,5115,INE179G01029
DBSTOCKBRO,BE,29.03,29.28,27.8,28.67,28.67,29.2,16520,466740.50,25-Aug-2026,79,INE921B01025
DCI,EQ,386.85,386.85,365.1,370.15,374,384,38862,14600851.80,25-Aug-2026,971,INE0A1101019
DCBBANK,EQ,201.5,210.1,200.16,207.37,208,199.74,7870975,1629522429.74,25-Aug-2026,74918,INE503A01015
DCG,SM,55.45,55.45,54.1,54.1,54.1,55.45,7200,392280.00,25-Aug-2026,6,INE0S8401018
DCMFINSERV,EQ,5.13,5.49,5.01,5.33,5.36,5.13,9336,48890.77,25-Aug-2026,189,INE891B01012
DCM,BE,80.35,81.4,78.6,80.7,80.7,79.47,20780,1662181.95,25-Aug-2026,31,INE498A01018
DCMNVL,EQ,173,180.44,171.01,180.29,180.44,171.85,21635,3855989.96,25-Aug-2026,237,INE08KP01019
DSFCL,BE,27.11,27.15,26.99,26.99,26.99,27.1,15143,409475.49,25-Aug-2026,48,INE0OFM01015
DCMSRIND,EQ,52.16,53.06,49.25,50.5,50.75,53.06,255135,12946756.44,25-Aug-2026,1455,INE843D01027
DCMSIL,EQ,76.7,79.79,75.01,77.8,77.55,77.38,67148,5210666.67,25-Aug-2026,438,INE0OU201013
DCMSHRIRAM,EQ,1070,1075.1,1050,1052.9,1058.8,1075.4,77649,82266781.50,25-Aug-2026,10074,INE499A01024
DCW,EQ,44.99,46.35,44.75,45.38,45.31,44.9,953415,43404879.70,25-Aug-2026,4237,INE500A01029
DCXINDIA,EQ,176.62,177,172.6,173.76,173.4,175.72,253359,44055231.52,25-Aug-2026,4347,INE0KL801015
DDEVPLSTIK,EQ,276,284,274.5,276.05,275.75,276.6,68193,18843297.20,25-Aug-2026,2008,INE0HR601026
DENEERS,SM,171,175,167,168.5,168.5,173.9,6600,1121430.00,25-Aug-2026,11,INE0JWV01011
DENORA,EQ,822.5,845,816.9,824.4,821,822.3,4929,4087205.80,25-Aug-2026,473,INE244A01016
DECCANCE,EQ,555.1,567.55,545,564.05,562.5,546.85,58941,32973492.55,25-Aug-2026,897,INE583C01021
DECNGOLD,EQ,249,249.49,231.1,232.84,232.6,247.61,2097704,497493169.01,25-Aug-2026,23093,INE945F01025
DECCANTRAN,SM,22,22,21,21,21,22.75,12000,257880.00,25-Aug-2026,9,INE0S7C01019
DEEDEV,EQ,635,654,631,647.8,650,634.5,99366,63857080.65,25-Aug-2026,3085,INE841L01016
DEEM,ST,40.4,40.4,40.4,40.4,40.4,40.8,1000,40400.00,25-Aug-2026,1,INE586O01011
DEEPINDS,EQ,675.45,678.35,645.15,649.65,647,678.05,206309,135484053.25,25-Aug-2026,8138,INE0FHS01024
DEEP,EQ,37,37,35.9,36.08,36.08,37.18,8927,326059.80,25-Aug-2026,96,INE00IY01012
DBEIL,BE,6.5,6.67,6.46,6.57,6.5,6.5,148020,966680.58,25-Aug-2026,234,INE0OPA01027
DEEPAKFERT,EQ,1470.2,1508,1445.4,1460,1459.9,1476.1,475338,704295514.20,25-Aug-2026,29887,INE501A01019
DEEPAKNTR,EQ,1737,1782,1737,1751,1756,1730.3,513767,903462924.40,25-Aug-2026,34650,INE288B01029
DELAPLEX,SM,84.5,84.5,80,81.1,82,84.5,58800,4749120.00,25-Aug-2026,73,INE0SK801018
DELHIVERY,EQ,441.65,447.95,439.1,447.95,447.95,444.75,1174352,519155740.05,25-Aug-2026,25343,INE148O01028
DELPHIFX,BE,6.5,6.68,6.35,6.62,6.67,6.49,107513,699959.28,25-Aug-2026,194,INE726L01027
DELTIC,SM,34.5,35.85,34.5,35.1,35.1,35,8000,280350.00,25-Aug-2026,8,INE0XRN01019
DELTACORP,EQ,59.17,62.24,58.9,61.52,61.62,58.88,3357809,205770549.56,25-Aug-2026,17648,INE124G01033
DELTAMAGNT,EQ,56.74,59.5,56.32,56.63,56.7,57.32,2448,138958.50,25-Aug-2026,115,INE393A01011
DEN,EQ,28.14,28.34,27.7,28.12,28.2,28.14,240029,6728301.60,25-Aug-2026,1523,INE947J01015
DENTA,EQ,284.2,286,281.55,284.75,285,282.55,57440,16300526.65,25-Aug-2026,2005,INE0R4L01018
DEVX,EQ,35,35,33.75,33.97,34.35,34.93,35507,1219019.95,25-Aug-2026,388,INE0VOV01021
DEVIT,EQ,25.6,26.5,25.27,25.41,25.49,25.43,33671,859716.73,25-Aug-2026,257,INE060X01034
DEVYANI,EQ,149,150.25,146.41,149.9,150,149.12,2461729,366538832.77,25-Aug-2026,16293,INE872J01023
DHABRIYA,BE,569.95,584,555,563.85,567,580.3,15783,8912440.65,25-Aug-2026,212,INE260R01016
DBOL,EQ,127.3,131.78,126.51,128.94,128.16,128.45,459359,59416466.26,25-Aug-2026,8557,INE0I3401014
DHAMPURSUG,EQ,180,186,177.2,179.72,179.7,180.79,1670593,303037720.08,25-Aug-2026,18098,INE041A01016
DHANBANK,EQ,33.76,33.97,32.8,33.12,33.2,34.01,758275,25301047.81,25-Aug-2026,2696,INE680A01011
DHANLAXMI,SM,27.5,27.5,24.6,24.6,24.6,27.8,4000,104200.00,25-Aug-2026,2,INE0V9V01010
DHANSA,SM,22.55,22.55,22.55,22.55,22.55,22.05,4000,90200.00,25-Aug-2026,1,INE0M3I01029
DHANUKA,EQ,990,996,980,983.7,981.8,994.9,13953,13758816.70,25-Aug-2026,1830,INE435G01025
DHARARAIL,ST,151,151,149.95,149.95,150,149.8,3000,450950.00,25-Aug-2026,3,INE2HJL01019
DHARAN,BZ,0.16,0.17,0.16,0.16,0.17,0.16,7942895,1294025.02,25-Aug-2026,1232,INE278R01034
DHARIWAL,SM,17.9,17.9,17.05,17.1,17.1,17.9,246000,4234950.00,25-Aug-2026,73,INE0YRN01025
DHARMAJ,EQ,260.65,278,256.9,271.25,270,260.65,59403,15983803.35,25-Aug-2026,2715,INE00OQ01016
DHATRE,EQ,4.27,4.39,4.16,4.27,4.29,4.41,25881,110198.50,25-Aug-2026,168,INE715T01031
DHOOTTRANS,EQ,1443.4,1541.1,1410.1,1521.75,1527,1443.4,5545253,8219201554.35,25-Aug-2026,195682,INE01NH01023
DHRUV,EQ,24.38,24.4,22.6,23.47,23.5,23.24,7173,167398.60,25-Aug-2026,79,INE506Z01015
DHUNINV,EQ,980,980,957,959.8,957,967.9,528,507938.10,25-Aug-2026,77,INE320L01011
DTIL,EQ,140.09,156.72,140.09,152.69,152,139.92,45562,6790566.45,25-Aug-2026,1511,INE341R01014
DVL,EQ,286.75,287,278.4,280.89,280.07,283.61,15907,4468988.22,25-Aug-2026,703,INE477B01010
DIAMINESQ,EQ,240,249.9,240,248.17,247.9,238.65,7032,1726638.47,25-Aug-2026,361,INE591D01014
DIACABS,BE,353,353,335.55,339.3,340.15,353.2,2026896,683605535.40,25-Aug-2026,14556,INE989C01038
DICIND,EQ,587.95,603,587.95,594.6,595,592.05,2626,1563683.50,25-Aug-2026,152,INE303A01010
DTL,SM,125,125,125,125,125,135,1200,150000.00,25-Aug-2026,1,INE0JRD01019
DIFFNKG,EQ,404.55,404.55,389.25,392.05,392.9,401.65,47145,18662026.60,25-Aug-2026,1532,INE184O01015
DGCONTENT,EQ,24.41,25.1,24.31,24.58,24.6,24.81,1674,41233.13,25-Aug-2026,31,INE03JI01017
DIGIDRIVE,EQ,18.24,18.24,17.51,17.71,17.8,17.88,4537,81065.81,25-Aug-2026,96,INE0PSC01024
DIGIKORE,SM,37.3,37.85,36.5,37.7,37.7,37.7,56000,2084240.00,25-Aug-2026,38,INE0QJ901011
DIGISPICE,EQ,16.97,17.08,16.51,16.86,16.99,16.67,37495,632827.41,25-Aug-2026,150,INE927C01020
DIGITIDE,EQ,99.53,101,97.6,99.91,99,98.94,204772,20279149.09,25-Aug-2026,1878,INE0U4701011
DIGJAMLMTD,EQ,51.5,53.25,50.34,50.66,51.9,51.31,11118,575109.72,25-Aug-2026,89,INE731U01028
DNAMEDIA,EQ,2.78,2.78,2.51,2.56,2.55,2.54,75778,194532.05,25-Aug-2026,98,INE016M01021
DBL,EQ,416,417.05,413.1,414.85,415.95,414.6,51221,21246857.40,25-Aug-2026,2751,INE917M01012
DISAQ,EQ,11850,12020,11622,11906,11906,11880,514,6109191.00,25-Aug-2026,354,INE131C01011
DISHTV,EQ,2.73,2.77,2.73,2.73,2.75,2.76,789201,2166595.89,25-Aug-2026,976,INE836F01026
DCAL,EQ,174.75,174.75,170.9,172.05,172.03,173.25,180599,31066940.73,25-Aug-2026,3002,INE385W01011
DIVGIITTS,EQ,1228.4,1240,1183.9,1190.35,1198.6,1221.05,56959,68660515.90,25-Aug-2026,5385,INE753U01022
DIVISLAB,EQ,8500,8744.5,8497,8744.5,8744.5,8496,563721,4854927137.00,25-Aug-2026,50752,INE361B01024
DIVINEHIRA,ST,116,116,111,114.4,114.4,114,21600,2454900.00,25-Aug-2026,17,INE0NA501011
DPEL,SM,575,575,555,565.4,564,577.95,28500,16200900.00,25-Aug-2026,45,INE0SCO01019
DIXON,EQ,14529,14990,14400,14990,14990,14570,522440,7653687648.00,25-Aug-2026,62198,INE935N01020
DJML,EQ,81,81,71.15,73.26,74.85,86.92,2170369,161913595.45,25-Aug-2026,24575,INE0B1K01014
DLF,EQ,688,688.2,678.3,682.95,682.95,689,2158853,1472298584.45,25-Aug-2026,55293,INE271C01023
DMCC,EQ,289.25,292.2,280.1,282.1,281.05,287.1,28099,8028944.10,25-Aug-2026,1493,INE505A01010
DHTL,SM,29.95,33,29.9,33,33,31.45,6400,201920.00,25-Aug-2026,8,INE0OGG01015
DODLA,EQ,1154,1154.4,1101,1110.4,1117,1149.4,41308,46667585.20,25-Aug-2026,5449,INE021O01019
DOLATALGO,EQ,75.83,75.83,73.2,74.49,74.02,75.29,123419,9169917.97,25-Aug-2026,1275,INE966A01022
DOLLAR,EQ,275,276.3,273,274.6,273.8,273.7,38650,10605958.85,25-Aug-2026,1198,INE325C01035
DOLLEX,SM,32.7,33.9,32.6,33.8,33.9,33.15,152000,4976600.00,25-Aug-2026,28,INE0JHH01011
DOLPHIN,EQ,616.45,627.4,605,610.25,610.8,616.45,27817,17070137.95,25-Aug-2026,1352,INE920A01037
DOMS,EQ,2201.7,2219.4,2182,2212.3,2210,2201.7,17687,39035511.70,25-Aug-2026,4423,INE321T01012
DONEAR,EQ,84.28,85.89,84.28,84.73,84.6,84.58,7101,603830.36,25-Aug-2026,179,INE668D01028
DPSCLTD,BE,7.25,7.25,7.05,7.15,7.19,7.11,64648,460608.32,25-Aug-2026,317,INE360C01024
AGARWALEYE,EQ,497.8,502.95,493,500.4,497.6,497.8,113399,56591537.95,25-Aug-2026,5095,INE943P01029
DRAGARWQ,EQ,5363.5,5386.5,5205,5328.5,5344,5373.5,649,3447848.00,25-Aug-2026,179,INE934C01018
LALPATHLAB,EQ,1893.8,1929.8,1875.1,1913.7,1912.8,1883.8,194732,371081026.90,25-Aug-2026,35291,INE600L01024
DRREDDY,EQ,1189,1193.5,1175,1193.5,1193.5,1190,1569853,1863340547.80,25-Aug-2026,54205,INE089A01031
DRCSYSTEMS,EQ,13.16,13.16,12.72,12.9,12.9,12.99,25492,329060.51,25-Aug-2026,197,INE03RS01027
DREAMFOLKS,EQ,68.95,68.99,67.05,67.42,67.2,68.74,41721,2821441.88,25-Aug-2026,1487,INE0JS101016
DREDGECORP,EQ,1109.4,1109.4,1087.1,1100.2,1102,1101.7,64931,71186527.30,25-Aug-2026,4992,INE506A01018
DRONE,SM,35.8,36.3,34.35,35.8,35.8,35.05,22000,781300.00,25-Aug-2026,38,INE0P7201019
DSKULKARNI,BE,17.27,17.27,17.27,17.27,17.27,16.94,1,17.27,25-Aug-2026,1,INE891A01022
KEEPLEARN,EQ,1.85,1.95,1.85,1.92,1.94,1.82,14846,28790.20,25-Aug-2026,56,INE055C01020
LIQUIDETF,EQ,1000,1000.01,999.99,999.99,1000,999.99,91075,91074890.88,25-Aug-2026,234,INF740KA1EU7
BANK10ADD,EQ,16.84,17.55,16.84,16.89,16.89,16.95,38105,643908.17,25-Aug-2026,182,INF740KA1YH2
BANKADD,EQ,58.77,59.1,58.67,58.85,58.76,58.87,2400,141448.08,25-Aug-2026,246,INF740KA1RX3
GOLDADD,EQ,160.27,160.27,155.5,156.04,156.57,156.37,1662509,259809096.64,25-Aug-2026,9574,INF740KA1SW3
ITADD,EQ,32.31,32.6,32.21,32.41,32.49,32.31,1399698,45254836.91,25-Aug-2026,189,INF740KA1SX1
EQUAL50ADD,EQ,346.9,347.47,343.82,346.64,347.47,344.84,5156,1778435.03,25-Aug-2026,232,INF740KA1QK2
NIFTYADD,EQ,252.36,256.23,252.36,255.97,255.79,254.91,6634,1690921.48,25-Aug-2026,103,INF740KA1CL0
PSUBANKADD,EQ,86,86.91,86,86.72,86.85,86.22,4404,381445.13,25-Aug-2026,131,INF740KA1SY9
PVTBANKADD,EQ,27.96,28.01,27.74,27.79,27.74,27.9,33285,927847.05,25-Aug-2026,125,INF740KA1TA7
MIDQ50ADD,EQ,25.4,25.44,25.15,25.33,25.29,25.42,13651,346117.00,25-Aug-2026,215,INF740KA1ZF3
SENSEXADD,EQ,80.83,80.83,79.63,80.06,79.93,79.93,1025,81818.36,25-Aug-2026,29,INF740KA1SZ6
SILVERADD,EQ,233.88,233.88,230.14,230.87,230.76,233.88,198735,45972134.27,25-Aug-2026,5415,INF740KA1RE3
FLEXIADD,EQ,10.2,10.22,10.14,10.19,10.22,10.2,48258,491379.84,25-Aug-2026,331,INF740KA1WU9
FMCGADD,EQ,47.48,47.82,47.48,47.81,47.81,47.65,14191,676313.67,25-Aug-2026,73,INF740KA1ZA4
GSEC10ADD,EQ,26.93,26.93,26.91,26.91,26.91,26.86,31,834.31,25-Aug-2026,7,INF740KA1ZI7
HEALTHADD,EQ,16.04,16.79,16.03,16.77,16.79,16.36,259404,4289013.88,25-Aug-2026,527,INF740KA1ZG1
LIQUIDADD,EQ,1141.96,1141.98,1141.95,1141.96,1141.97,1141.67,228842,261328962.66,25-Aug-2026,603,INF740KA1UM0
MIDBANKADD,EQ,17.67,17.67,17.46,17.54,17.54,17.47,2430,42668.29,25-Aug-2026,21,INF740KA1ZH9
MIDCAPADD,EQ,23.48,23.66,23.45,23.62,23.66,23.49,5021,118105.35,25-Aug-2026,17,INF740KA1WW5
MSCIADD,EQ,29.67,29.94,29.66,29.94,29.94,29.96,879,26197.65,25-Aug-2026,113,INF740KA1WV7
NEXT30ADD,EQ,43.4,43.74,43.17,43.66,43.31,43.4,4543,197431.05,25-Aug-2026,363,INF740KA1VE5
NEXT50ADD,EQ,74.41,75,74.23,74.87,75,74.35,4818,360326.30,25-Aug-2026,29,INF740KA1XU7
SMALLADD,EQ,18.74,18.74,18.39,18.47,18.5,18.47,94987,1754058.40,25-Aug-2026,611,INF740KA1WX3
TOP10ADD,EQ,87.76,88.32,87.55,88.14,87.85,87.79,133618,11752094.24,25-Aug-2026,371,INF740KA1UR9
DUCON,EQ,2.26,2.54,2.21,2.4,2.4,3.08,3685709,8884523.96,25-Aug-2026,2896,INE741L01018
DUGLOBAL,SM,24.2,25.5,24.2,25.4,25.4,23.25,25000,624250.00,25-Aug-2026,10,INE0HPK01020
DURLAX,SM,61.25,68.5,61.25,67.85,67.7,64,298000,19785900.00,25-Aug-2026,85,INE0OUW01013
DWARKESH,EQ,53.83,55.69,53.01,53.94,54,54.94,5340136,288862690.98,25-Aug-2026,21362,INE366A01041
DSSL,EQ,1095,1099.3,1073.2,1089.2,1092,1080.1,19640,21297520.80,25-Aug-2026,1798,INE417B01040
DYNAMATECH,EQ,11650,11658,11410,11514,11500,11646,8848,102025889.00,25-Aug-2026,3372,INE221B01012
DYCL,EQ,433.7,434.9,422.6,428.25,428.9,433.7,284853,121851915.85,25-Aug-2026,7474,INE600Y01019
DYNAMIC,ST,141.2,142,138,141.6,142,141.2,5500,769650.00,25-Aug-2026,11,INE0DZ701010
DYNPRO,EQ,236,236,227.1,228.95,228.85,228.55,12314,2830873.40,25-Aug-2026,670,INE256H01015
EFACTOR,SM,204,204,192.7,199.5,199.5,201.9,8000,1578020.00,25-Aug-2026,18,INE0KFF01017
E2ERAIL,SM,282.5,285,276.1,278.75,280,284.65,27200,7659080.00,25-Aug-2026,33,INE1CEJ01017
E2E,BE,605,606.9,587.25,596.35,596,612.9,522118,310513005.75,25-Aug-2026,13497,INE255Z01027
EASTWEST,EQ,2.59,2.59,2.2,2.48,2.47,2.44,73039,176351.54,25-Aug-2026,147,INE595R01023
EASTSILK,BE,61,64,60.66,62.1,62.1,63.85,796,48709.64,25-Aug-2026,21,INE962C01035
EASEMYTRIP,EQ,6.14,6.17,6.08,6.11,6.14,6.11,10194528,62397926.56,25-Aug-2026,5996,INE07O001026
EBIX,EQ,21.75,21.75,21.75,21.75,21.75,20.72,16226,352915.50,25-Aug-2026,29,INE432F01032
ECLERX,EQ,1836.8,1890,1815,1879.5,1887,1822.8,192701,358776920.30,25-Aug-2026,21721,INE738I01010
ECORECO,EQ,464.95,469.9,447.3,450.25,450,459,14000,6332055.25,25-Aug-2026,835,INE316A01038
ECOLINE,ST,176.5,183,176.5,183,183,175.6,7000,1250700.00,25-Aug-2026,7,INE0VBS01016
ECOSMOBLTY,BE,111.89,112.98,110.1,110.56,110.99,111.16,29934,3322941.94,25-Aug-2026,362,INE06HJ01020
BBETF0432,EQ,1349.36,1351.99,1343.15,1347.05,1348,1349.36,1556,2092834.16,25-Aug-2026,55,INF754K01OB1
EBANK10,EQ,17,17,16.82,16.85,16.85,16.84,887,14958.79,25-Aug-2026,12,INF754K01XH9
EBANKNIFTY,EQ,58.13,58.13,57.91,58.1,58.11,57.82,128,7430.43,25-Aug-2026,11,INF754K01TE4
EBBETF0430,EQ,1613.8,1613.8,1603,1609.41,1609.9,1608.31,11948,19208986.69,25-Aug-2026,255,INF754K01KO2
EBBETF0431,EQ,1440.18,1441.92,1432.5,1433.54,1432.5,1443.19,1523,2186615.04,25-Aug-2026,107,INF754K01LE1
EBBETF0433,EQ,1318,1318.9,1307.14,1310.96,1313.48,1315.26,4452,5832506.26,25-Aug-2026,142,INF754K01QX0
ECAPINSURE,EQ,24.29,24.47,24.21,24.32,24.38,24.29,53571,1301847.22,25-Aug-2026,196,INF754K01TX4
EGOLD,EQ,162,162,159.8,160.3,160.6,160.8,139448,22356257.20,25-Aug-2026,486,INF754K01SE6
ELIQUID,EQ,1045.19,1045.19,1045.18,1045.18,1045.18,1044.91,52096,54450131.03,25-Aug-2026,25,INF754K01VW2
ELM250,EQ,16.97,16.97,16.72,16.83,16.84,16.83,284156,4781602.90,25-Aug-2026,166,INF754K01VV4
ELMDIV,EQ,37,37.1,36.68,37.07,37.1,36.9,6448,237905.26,25-Aug-2026,36,INF754K01XI7
EMETAL,EQ,13.36,13.36,13.21,13.34,13.34,13.36,12298,163082.59,25-Aug-2026,36,INF754K01XG1
EMULTIMQ,EQ,42.25,42.4,41.87,42.02,41.87,42.25,27416,1154664.00,25-Aug-2026,133,INF754K01TF1
ENEXT50,EQ,74.5,74.5,73.44,74,74,73.87,2983,221627.62,25-Aug-2026,15,INF754K01XF3
ENIFTY,EQ,24.94,24.94,24.23,24.4,24.4,24.34,699,17042.96,25-Aug-2026,55,INF754K01VX0
ESENSEX,EQ,77.7,78.32,77.56,78.32,78.32,77.9,175,13595.20,25-Aug-2026,11,INF754K01VY8
ESILVER,EQ,240.99,241.2,238.11,239.15,239.67,242.11,22056,5277604.78,25-Aug-2026,3810,INF754K01SF3
EDELWEISS,EQ,125.48,132.4,125.04,128.15,127.9,125.41,9835758,1277661071.92,25-Aug-2026,67836,INE532F01054
EFCIL,EQ,203,203,196.35,199.87,200,202.46,330545,65875904.67,25-Aug-2026,4781,INE886D01026
EFFWA,ST,330,331.9,320.5,322,322,332.75,107600,34956460.00,25-Aug-2026,76,INE0U9101019
EICHERMOT,EQ,8008.5,8070,7984,8055,8055,8047,244623,1964607766.00,25-Aug-2026,26129,INE066A01021
EIDPARRY,EQ,820,823.4,805.1,810.4,814,823.95,1046053,848422692.70,25-Aug-2026,29493,INE126A01031
EIHAHOTELS,EQ,302.6,302.6,295.1,300.8,299.7,297.85,8852,2644179.35,25-Aug-2026,499,INE276C01014
EIHOTEL,EQ,299.75,303.95,298.2,302.75,302,299.8,201193,60714154.70,25-Aug-2026,5814,INE230A01023
EIMCOELECO,EQ,2245,2290.1,2216.1,2237.6,2225,2245.8,56938,127907465.70,25-Aug-2026,4412,INE158B01016
EKI,EQ,76.41,78.44,75.05,75.92,76.45,76.41,7055,536308.08,25-Aug-2026,295,INE0CPR01018
ELANTAS,EQ,11745.5,11760,11589.5,11660,11700,11687.5,1261,14756168.00,25-Aug-2026,553,INE280B01018
ELCIDIN,EQ,107400,109000,107000,109000,109000,108320,23,2481880.00,25-Aug-2026,22,INE927X01018
ELDEHSG,EQ,810.1,820.1,803.15,809.75,803.15,825.55,1429,1162158.75,25-Aug-2026,41,INE668G01021
ELECON,EQ,434.15,437.6,424.8,426.25,427.4,438.55,396621,170564811.90,25-Aug-2026,15413,INE205B01031
EFORCE,SM,21,21,20.35,20.35,20.35,21,10800,221040.00,25-Aug-2026,9,INE0Q1W01012
EMIL,EQ,183,184.51,176.72,180.34,180.5,183.48,1333108,239606994.01,25-Aug-2026,16134,INE02YR01019
ELECTCAST,EQ,75,78,74.51,76.59,76.6,74.53,3914352,298331610.07,25-Aug-2026,29649,INE086A01029
ELECTHERM,EQ,1054.7,1057.8,1022.9,1049,1050,1054.4,10573,11011156.90,25-Aug-2026,749,INE822G01016
ELGNZ,SM,89.5,92.2,89.5,91.6,92,89.15,22000,2015150.00,25-Aug-2026,17,INE0R9101015
ELGIEQUIP,EQ,621,625.45,606.25,610.25,611,621.95,591241,362530772.10,25-Aug-2026,29702,INE285A01027
ELGIRUBCO,EQ,61.19,61.19,58.1,59.82,59.02,59.37,37058,2205980.51,25-Aug-2026,268,INE819L01012
ELIN,EQ,99.69,100.55,97.5,98.22,97.6,99.69,64253,6317781.09,25-Aug-2026,1151,INE050401020
ELITECON,EQ,15.2,15.48,13.7,13.76,13.75,15.19,4559258,64803369.98,25-Aug-2026,12740,INE669R01026
ELLEN,EQ,322.5,324.6,312,315.1,315.5,321.4,302307,95829545.40,25-Aug-2026,6433,INE236E01022
ELPROINTL,EQ,175.1,176.19,173.98,174.51,175,175.13,16979,2969755.92,25-Aug-2026,152,INE579B01039
EMAPARTNER,SM,85.4,85.4,82.05,82.05,82.1,85.85,3000,249550.00,25-Aug-2026,3,INE0ZOL01023
EMAMILTD,EQ,403.6,407,400.6,402.7,403.4,405.6,1559698,629635107.40,25-Aug-2026,21230,INE548C01032
EMAMIPAP,BE,116,117.9,115.4,117.13,116.81,116.41,27001,3150430.12,25-Aug-2026,369,INE830C01026
EMAMIREAL,EQ,70.5,71,68.07,68.21,68.14,70.08,13286,921224.08,25-Aug-2026,205,INE778K01012
EMBDL,EQ,64.25,64.25,61.86,62.73,62.49,63.59,2435619,152317690.37,25-Aug-2026,14287,INE069I01010
EMBASSY,RR,436,438.5,434.75,435.22,435.2,435.46,758060,330055277.18,25-Aug-2026,40775,INE041025011
EMCURE,EQ,1871.9,1874.9,1830.1,1846.9,1845.1,1853.6,77343,143197839.80,25-Aug-2026,11268,INE168P01015
ETML,SM,78,83.95,78,81.55,81.55,82.15,25200,2058360.00,25-Aug-2026,10,INE0RHD01013
EMKAY,EQ,239.2,246.49,239.2,241.66,243.98,246.01,17930,4361836.45,25-Aug-2026,578,INE296H01011
EMKAYTOOLS,SM,92,96.5,92,95,95,95.9,600,56407.50,25-Aug-2026,4,INE332S01011
ETL,SM,1055,1080,1055,1078,1080,1021,1500,1603200.00,25-Aug-2026,10,INE0PXC01024
EMMBI,BE,80.12,81.55,80.12,81.04,81.05,81.76,3261,263429.71,25-Aug-2026,40,INE753K01015
EMMVEE,EQ,323.85,334.75,322.05,333.7,333.7,325.25,1801097,593417421.60,25-Aug-2026,31069,INE1C6T01020
EMPIND,EQ,1218.9,1219,1193,1207.6,1208.1,1204.7,2664,3214441.70,25-Aug-2026,298,INE515H01014
EMPOWER,EQ,2.38,2.48,2.37,2.46,2.47,2.37,10792984,26315849.25,25-Aug-2026,3509,INE507F01023
EMSLIMITED,EQ,384,386.2,377.3,381.05,381.95,384.3,132655,50482402.10,25-Aug-2026,4160,INE0OV601013
EMUDHRA,EQ,553,553,539.85,543.5,543.5,546.85,68768,37306999.60,25-Aug-2026,3019,INE01QM01018
ENCOMPAS,SM,244.6,244.75,240,244.7,244.7,241.15,1600,389620.00,25-Aug-2026,4,INE433T01015
ENDURANCE,EQ,3010,3015,2978,2987.5,2988.6,2988.2,115513,345465492.30,25-Aug-2026,15440,INE913H01037
ENERGYDEV,EQ,16.3,16.58,15.56,16.01,16.17,16.22,67101,1075693.39,25-Aug-2026,393,INE306C01019
EMMIL,SM,121,122,120,120.15,120,121,4500,542312.50,25-Aug-2026,14,INE0S1L01013
ENFUSE,SM,160,160,155,155,155,160,1200,189000.00,25-Aug-2026,2,INE0S3X01014
ENGINERSIN,EQ,256,258.55,248.7,250.38,250.25,254.83,2645946,669102654.78,25-Aug-2026,30565,INE510A01028
ENKEIWHEL,EQ,414,419,403.8,416.4,416.4,403.65,1752,722325.75,25-Aug-2026,35,INE130L01014
ENSER,SM,15.4,15.5,14.75,15.4,15.4,15.4,115000,1761750.00,25-Aug-2026,18,INE0R9I01021
ENTERO,EQ,1595,1667,1535.1,1633,1627.6,1529.8,2229594,3616366969.20,25-Aug-2026,116549,INE010601016
ENIL,EQ,101.77,108.64,101.25,102.18,102.64,101.01,218929,22979387.33,25-Aug-2026,2408,INE265F01028
EIEL,EQ,194.4,196.22,193.5,194.71,194.65,195.31,375300,72966082.59,25-Aug-2026,6559,INE0LLY01014
ENVIRO,SM,71,72,69.5,70.1,70.1,71.25,45000,3189200.00,25-Aug-2026,28,INE0SUH01015
EPACK,EQ,201.29,203,199.06,199.91,200.84,201.29,399174,79952863.80,25-Aug-2026,5872,INE0G5901015
EPACKPEB,EQ,228.7,236.8,227.45,236.1,236.25,229.45,453135,105936022.60,25-Aug-2026,7058,INE0MLS01022
EPIGRAL,EQ,1212,1248,1203.1,1240.9,1243.9,1202.7,144103,178133648.10,25-Aug-2026,14774,INE071N01016
EPL,EQ,265.7,267.26,257.4,258.32,260.3,263.48,1597604,417014931.58,25-Aug-2026,27105,INE255A01020
EEPL,SM,142,154.6,142,154.6,154.6,140.55,242000,36614700.00,25-Aug-2026,194,INE11HF01010
EPWINDIA,ST,263,265,263,265,265,253,4800,1268400.00,25-Aug-2026,4,INE1KEC01023
EQUIPPP,BE,23.7,23.93,23,23.1,23.8,23.97,13253,306650.01,25-Aug-2026,34,INE217G01035
EQUITASBNK,EQ,75,75.5,74.71,75.06,75,75,1023679,76744782.41,25-Aug-2026,14732,INE063P01018
ERIS,EQ,1325.1,1326.7,1306.7,1309.6,1311.2,1325.6,59489,78085956.90,25-Aug-2026,17564,INE406M01024
ESABINDIA,EQ,6279,6279,6146,6168.5,6200,6224.5,3001,18550580.00,25-Aug-2026,897,INE284A01012
ESAFSFB,BE,43.52,44.5,42.5,43.3,43.49,43.52,640088,27860054.85,25-Aug-2026,2540,INE818W01011
ESCONET,SM,191.95,195.95,187.05,192.3,189.5,188.15,20000,3857760.00,25-Aug-2026,50,INE0RQZ01017
ESCORTS,EQ,3097.3,3103.9,3050,3064.8,3078.4,3097.3,31808,97433195.60,25-Aug-2026,5429,INE042A01014
ESPRIT,SM,67,67,65.75,65.75,65.75,67.5,3200,212400.00,25-Aug-2026,2,INE0SBP01018
ESSARSHPNG,EQ,16.76,16.94,16.25,16.62,16.61,16.98,182365,3026485.76,25-Aug-2026,942,INE122M01019
ESFL,SM,120.15,121.65,120,121.45,121.45,123,5040,607860.00,25-Aug-2026,10,INE0ITO01014
ESTER,EQ,94.8,96.87,94.13,95.86,95.7,94.13,64817,6182324.57,25-Aug-2026,1402,INE778B01029
ETERNAL,EQ,330,331,325.5,331,331,327.15,29062006,9567925628.00,25-Aug-2026,100423,INE758T01015
ETHOSLTD,EQ,2908,2936.6,2861.1,2894.7,2894,2892,43319,125919050.00,25-Aug-2026,7064,INE04TZ01018
EUREKAFORB,EQ,422,422,409,410.35,409.75,418.35,177903,73429052.35,25-Aug-2026,9269,INE0KCE01017
EIFFL,BE,260,272.9,253.35,267.8,272.7,259.95,6675,1761349.95,25-Aug-2026,63,INE546V01010
EUROBOND,EQ,155.5,162.18,152.6,153.56,153.99,158.12,7996,1234083.53,25-Aug-2026,156,INE505V01016
EUROPRATIK,EQ,265,266.65,258.9,261.25,260.1,267.4,214652,56238299.50,25-Aug-2026,5815,INE198501012
EVEREADY,EQ,352.9,353.45,333.7,341.75,343,350.5,239931,81960402.25,25-Aug-2026,4483,INE128A01029
EVERESTIND,BE,423.9,429.9,414,416,417,420.4,2848,1196477.10,25-Aug-2026,111,INE295A01018
EKC,EQ,113.18,114.17,110.8,111.21,111.12,113.62,102836,11521500.55,25-Aug-2026,1774,INE184H01027
EXCELINDUS,EQ,1081.7,1093.95,1050.5,1057.25,1055,1072.65,16113,17255626.95,25-Aug-2026,1265,INE369A01029
EXCELLENT,ST,211,211,206,206,206,202,3200,667200.00,25-Aug-2026,2,INE0Y4801011
EXCELSOFT,EQ,70.3,70.5,69.66,70.27,70.5,70.13,146518,10267927.57,25-Aug-2026,1622,INE606N01019
EXICOM,EQ,159.95,160.73,154.62,157.36,156.5,159.87,525530,82656650.43,25-Aug-2026,6693,INE777F01014
EXIDEIND,EQ,452.1,456,446.7,448.75,448.95,453.3,1017559,457830083.50,25-Aug-2026,26360,INE302A01020
EXIMROUTES,SM,109,110,109,110,110,106.05,1600,175200.00,25-Aug-2026,2,INE19I001020
EXPLEOSOL,EQ,891,896.95,866,870.65,875,882.05,22360,19569567.45,25-Aug-2026,1729,INE201K01015
EXXARO,EQ,6.1,6.14,6.02,6.13,6.13,6.14,92061,561229.21,25-Aug-2026,248,INE0GFE01026
FABTECH,EQ,146.59,151.8,145,147.62,148.8,147.05,163750,24190757.96,25-Aug-2026,2080,INE0HF201011
FACT,EQ,805,920,800,876.1,873.9,784.25,34307227,30534147964.55,25-Aug-2026,648806,INE188A01015
FAIRCHEMOR,BE,671,671,666.5,667,667,670,4401,2939430.50,25-Aug-2026,55,INE0DNW01011
FALCONTECH,SM,13.2,13.2,12.9,12.9,12.9,12.8,2400,31320.00,25-Aug-2026,2,INE0PQK01013
FASCINATE,ST,109.1,109.1,109.1,109.1,109.1,114.8,184800,20161680.00,25-Aug-2026,115,INE1Q2D01019
FAZE3Q,EQ,498,507,485.2,489.05,489,492.85,28749,14260071.75,25-Aug-2026,1065,INE963C01033
FCSSOFT,EQ,1.47,1.49,1.44,1.44,1.44,1.47,4127018,6043701.39,25-Aug-2026,1710,INE512B01022
FDC,EQ,344.3,350.6,340.85,343.65,343.8,344.3,97739,33685815.60,25-Aug-2026,4429,INE258B01022
FEDFINA,EQ,159.05,160.3,157.48,159.02,158.7,159.05,578600,91936317.83,25-Aug-2026,9120,INE007N01010
FEDDERSHOL,EQ,39.49,41.07,39.04,40.53,40.5,39.82,191082,7698569.05,25-Aug-2026,1998,INE417D01020
FEDERALBNK,EQ,357.7,358.7,342.05,346.95,346.95,357.75,16134284,5613120360.00,25-Aug-2026,137998,INE171A01029
FMGOETZE,EQ,500,560,494.8,534.1,531.1,483.35,20771319,11235574568.40,25-Aug-2026,295143,INE529A01010
FELIX,SM,179.05,184.2,178.1,180.35,179,180.95,48500,8809150.00,25-Aug-2026,62,INE901X01013
FERMENTA,EQ,480,480,456.05,468.4,467.2,475.1,91861,42624185.55,25-Aug-2026,3625,INE225B01021
FIBERWEB,EQ,26.7,26.9,26.01,26.07,26.05,26.7,9315,244917.70,25-Aug-2026,150,INE296C01020
FIDEL,SM,138.95,140,138.95,140,140,137.95,3000,417950.00,25-Aug-2026,3,INE0LQQ01019
FIEMIND,EQ,2164.1,2182.4,2150,2165.6,2168,2164.1,50034,108265554.00,25-Aug-2026,7241,INE737H01014
FILATFASH,EQ,0.18,0.19,0.18,0.18,0.19,0.18,12344597,2277201.47,25-Aug-2026,1800,INE185E01021
FILATEX,EQ,83.85,83.87,80.37,82.11,82.7,84.05,1602492,131581415.84,25-Aug-2026,8216,INE816B01035
FINBUD,SM,139.95,139.95,129,129.65,129.1,134.6,27000,3545200.00,25-Aug-2026,25,INE0EDU01014
FINEORG,EQ,5280.3,5317,5176.5,5186.9,5184,5277.4,18816,98731863.90,25-Aug-2026,5811,INE686Y01026
FCL,EQ,49.78,49.79,47.2,48.78,49,49.62,13246093,639760646.18,25-Aug-2026,37291,INE045J01034
FINKURVE,EQ,80.21,83,78.55,79.84,79.98,79.63,72496,5799856.55,25-Aug-2026,518,INE734I01027
FINOPB,EQ,147.3,147.8,145,145.53,145,147.91,164819,24073667.42,25-Aug-2026,1690,INE02NC01014
FINCABLES,EQ,1291.9,1291.9,1244.7,1259.85,1263.6,1291.6,343314,433568938.40,25-Aug-2026,23617,INE235A01022
FINPIPE,EQ,165.5,165.5,161,162.81,162.2,165.51,333322,54199429.50,25-Aug-2026,19589,INE183A01024
FSL,EQ,272.8,276.65,269.3,275.4,275.8,272.5,775808,212273087.60,25-Aug-2026,13067,INE684F01012
FISCHER,EQ,36.1,37.4,36.1,36.93,37.3,36.47,567350,20928692.25,25-Aug-2026,2018,INE771F01041
FIVESTAR,EQ,500,507,489.5,501,501.05,500,758823,379308748.00,25-Aug-2026,31819,INE128S01021
FLAIR,EQ,251.05,252.55,249.5,250.95,250.15,251.05,35830,9003983.65,25-Aug-2026,838,INE00Y201027
FLEXITUFF,BE,2.67,2.67,2.55,2.61,2.65,2.67,62015,162264.27,25-Aug-2026,131,INE060J01017
FLYSBS,SM,594,617,588,607.8,609,592.25,173000,104535320.00,25-Aug-2026,476,INE0VCK01011
FWSTC,SM,200,200,200,200,200,197,2400,480000.00,25-Aug-2026,2,INE0SQZ01015
FOCUS,BE,68.64,68.64,66.33,67.65,67.7,68.64,103098,6869899.83,25-Aug-2026,193,INE593W01028
FONEBOX,SM,90.5,90.5,90.5,90.5,90.5,90.5,1000,90500.00,25-Aug-2026,1,INE0Q4701019
FOODSIN,EQ,55,55.01,53,54.53,54,54.2,23535,1277004.88,25-Aug-2026,289,INE976E01023
FORCAS,ST,205,205,205,205,205,201,1600,328000.00,25-Aug-2026,1,INE0U2501017
FORCEMOT,EQ,17600,17625,17276,17431,17431,17600,75854,1320335293.00,25-Aug-2026,21587,INE451A01017
FORTIS,EQ,916.4,923.95,901.4,923.95,923.95,918,1498492,1365411739.85,25-Aug-2026,34552,INE061F01013
FOSECOIND,EQ,5384.5,5698.5,5365,5615.5,5670,5358,25761,142742153.00,25-Aug-2026,4985,INE519A01011
FRACTAL,EQ,829.7,839,814,834.2,836,828.5,331804,273191467.90,25-Aug-2026,41055,INE212S01015
FICRF3GP,MF,468.18,468.18,468.18,468.18,468.18,520.2,1,468.18,25-Aug-2026,1,INF090I01VX3
FREDUN,EQ,1431.1,1465,1420.6,1448.6,1452,1431.1,15597,22534435.30,25-Aug-2026,1621,INE194R01017
FRESHARA,ST,417.3,422.9,385,414.65,415,402.8,126000,52218150.00,25-Aug-2026,141,INE0SFW01015
FROG,ST,224.45,224.45,224.45,224.45,224.45,220.05,6400,1436480.00,25-Aug-2026,13,INE385O01018
FRONTSP,EQ,1265,1285,1260.1,1278.5,1279,1259.1,8192,10433615.50,25-Aug-2026,1110,INE572D01014
NYKAA,EQ,330,334.7,328,334,334,330.3,3453986,1147530695.35,25-Aug-2026,38109,INE388Y01029
UTLSOLAR,EQ,464.4,473.1,444.3,446.65,449,459.85,388645,176035891.95,25-Aug-2026,15589,INE12UR01024
FUSION,EQ,203,205,198.17,200.05,200.7,202.38,277753,55782907.99,25-Aug-2026,7686,INE139R01012
FLFL,BZ,1.14,1.15,1.1,1.12,1.12,1.14,43916,49206.36,25-Aug-2026,84,INE452O01016
FEL,BZ,0.4,0.4,0.39,0.39,0.39,0.4,228549,89173.97,25-Aug-2026,117,INE623B01027
FELDVR,BZ,2.39,2.39,2.23,2.33,2.33,2.34,2234,5114.35,25-Aug-2026,25,IN9623B01058
FMNL,EQ,9.66,9.66,9.55,9.66,9.66,9.2,38548,372175.58,25-Aug-2026,59,INE360L01017
GMBREW,EQ,877.85,894.4,877.85,887.55,889,877.85,12829,11332689.55,25-Aug-2026,1460,INE075D01018
GRINFRA,EQ,875.05,905,871.05,902.05,903,879.1,32712,29277131.70,25-Aug-2026,3379,INE201P01022
GTECJAINX,BE,28.6,29.98,28.3,28.3,29.25,29.64,16477,485190.28,25-Aug-2026,64,INE586X01012
GABRIEL,EQ,1359,1372.5,1335.6,1346,1349,1358.9,395008,532912261.80,25-Aug-2026,30886,INE524A01029
GATECH,BE,0.97,0.97,0.96,0.96,0.97,0.93,76402951,74092412.49,25-Aug-2026,11990,INE224E01028
GATECHDVR,BE,0.52,0.52,0.5,0.51,0.52,0.5,698196,360815.15,25-Aug-2026,263,INE224E01036
GAIL,EQ,173,176.29,172.39,175.5,175.5,173.75,7837508,1364421744.67,25-Aug-2026,48396,INE129A01019
GAJANAND,SM,8,8,8,8,8,8,3000,24000.00,25-Aug-2026,1,INE0QTE01018
GALAPREC,EQ,1093,1093,1060.2,1076.6,1075,1093.9,22097,23687486.20,25-Aug-2026,2293,INE0RE001014
GML,SM,17.65,17.65,17.65,17.65,17.65,17.7,4000,70600.00,25-Aug-2026,2,INE09A801015
GALAXYSURF,EQ,2332,2349.7,2275.6,2284.2,2276,2316.4,17850,41182501.00,25-Aug-2026,3689,INE600K01018
GALLANTT,EQ,579.65,590,576.1,581.5,582,580.25,34223,19938473.20,25-Aug-2026,3063,INE297H01019
GANDHAR,EQ,257.35,257.4,251,255.42,255.48,256.62,667901,169473555.20,25-Aug-2026,9551,INE717W01049
GANDHITUBE,EQ,894.15,904.8,875.6,898.8,891.5,895.1,11730,10456325.15,25-Aug-2026,759,INE524B01027
GANESHBE,BE,119.25,122,119,120.19,121,121.98,77614,9337746.17,25-Aug-2026,287,INE388A01029
GANESHCP,EQ,162.83,168.2,161.05,166.23,166.9,161.73,187614,31033582.42,25-Aug-2026,3122,INE652V01016
GGBL,SM,242,243.3,228.5,229.35,228.5,240.95,65100,15210180.00,25-Aug-2026,180,INE0R8C01018
GANESHHOU,EQ,809.8,845,806.25,838.7,839,808.15,57126,47602556.85,25-Aug-2026,3768,INE460C01014
GANESHIN,ST,114,114.45,111,112.45,112,114.55,24800,2792520.00,25-Aug-2026,23,INE0TVT01024
GANECOS,EQ,1072,1074.5,1045.7,1051.6,1058.3,1068.2,48288,51075547.00,25-Aug-2026,5046,INE845D01014
GANGABATH,SM,22.7,22.7,21.6,22.45,22.45,22.45,24000,532350.00,25-Aug-2026,8,INE0ZI101018
GANGAFORGE,EQ,1.86,2,1.86,1.86,1.86,1.95,18772857,35101598.90,25-Aug-2026,3435,INE691Z01023
GANGESSECU,EQ,123.7,126.25,122,123.4,124.29,122.99,1361,168338.97,25-Aug-2026,42,INE335W01016
GRSE,EQ,2592.3,2622,2577,2607.5,2604.5,2596.1,344854,895671511.40,25-Aug-2026,21838,INE382Z01011
GARUDA,EQ,183.25,185.27,181.6,183.15,183,182.87,278876,51094084.58,25-Aug-2026,4023,INE0JVO01026
GRWRHITECH,EQ,7250,7310,7102,7264,7260,7234.5,30276,218478287.00,25-Aug-2026,8738,INE291A01017
GARFIBRES,EQ,812.8,812.8,782.15,800.5,795.85,809.4,56227,44654840.25,25-Aug-2026,10445,INE276A01018
GATEWAY,EQ,54,54.09,52.75,52.93,52.99,53.84,885634,47079640.16,25-Aug-2026,6530,INE079J01017
GAUDIUMIVF,BE,115.19,115.9,113.9,115.9,115.9,113.63,74094,8500758.98,25-Aug-2026,451,INE0P8B01020
GAYAHWS,EQ,1.96,1.97,1.91,1.93,1.94,1.92,131643,254562.91,25-Aug-2026,281,INE287Z01012
GAYAPROJ,BE,22.34,22.89,21.75,22.28,22.3,22.34,394559,8799400.84,25-Aug-2026,1159,INE336H01023
GRCL,SM,585.6,585.6,585.6,585.6,585.6,557.75,2500,1464000.00,25-Aug-2026,8,INE0LVM01018
GVPIL,EQ,648.1,658.5,641,644.5,647,650.5,183645,118971608.45,25-Aug-2026,6786,INE878A01011
GVT&D,EQ,4160,4185,4060.1,4185,4185,4177.9,868892,3577165122.70,25-Aug-2026,68624,INE200A01026
GEECEE,BE,373.7,373.7,368.15,368.65,368.15,368.7,4927,1826920.00,25-Aug-2026,39,INE916G01016
GEEKAYWIRE,EQ,22.99,23.69,22.45,22.6,22.78,22.48,83689,1895545.67,25-Aug-2026,876,INE669X01032
GEMAROMA,EQ,173.67,174.84,167.41,172.8,173.38,173.67,82131,14109022.88,25-Aug-2026,1491,INE06XZ01023
GICRE,EQ,356.95,358.65,350.8,351.4,351.45,356.95,904213,319413189.15,25-Aug-2026,18051,INE481Y01014
GENCON,EQ,42.26,42.35,41.15,41.5,41.15,41.57,282055,11826431.46,25-Aug-2026,549,INE854S01022
GENESYS,EQ,181.3,214.25,181.3,214.25,214.25,178.55,4190457,874793611.90,25-Aug-2026,25523,INE727B01026
GENSOL,BZ,18.23,18.23,17.41,17.96,17.99,18.23,61112,1084228.46,25-Aug-2026,524,INE06H201014
GENUSPAPER,EQ,11.29,12.5,11.12,12.09,12.15,11.12,269410,3180753.10,25-Aug-2026,794,INE949P01018
GENUSPOWER,EQ,340,343.7,333.1,335.05,335.1,339.6,1964249,664374143.00,25-Aug-2026,28351,INE955D01029
GENXAI,SM,77,77.5,76,76.8,77.5,76.15,25200,1929180.00,25-Aug-2026,15,INE1W0N01014
GEOJITFSL,EQ,82.9,83.84,80.3,80.63,80.89,82.98,397241,32476061.26,25-Aug-2026,3157,INE007B01023
GFLLIMITED,EQ,56,56,54.09,54.37,54.11,55.41,54747,3011836.44,25-Aug-2026,1061,INE538A01037
GHCL,EQ,447.9,447.9,440,440.8,440,443.85,78861,34921653.85,25-Aug-2026,3286,INE539A01019
GHCLTEXTIL,EQ,124.9,127,123.46,125.6,126,124.21,497625,62374471.49,25-Aug-2026,6912,INE0PA801013
GICHSGFIN,EQ,137.3,141.47,137,140.44,140.9,137.16,117914,16422124.41,25-Aug-2026,1811,INE289B01019
GILLANDERS,EQ,102.77,108.99,100,105.88,106.8,102.26,45011,4749997.63,25-Aug-2026,448,INE047B01011
GILLETTE,EQ,7406.5,7458.5,7378,7439,7451.5,7406.5,23437,173720219.00,25-Aug-2026,5083,INE322A01010
GINNIFILA,BE,44.94,45.05,44.15,44.47,44.49,44.79,27468,1227197.27,25-Aug-2026,85,INE424C01010
GIRIRAJ,SM,92,92,92,92,92,87.65,4250,391000.00,25-Aug-2026,7,INE614Z01017
GKENERGY,EQ,125.5,126.9,125,126.19,126.3,124.37,232229,29261440.71,25-Aug-2026,2776,INE1AG301022
GKWLIMITED,EQ,1622,1622,1590,1596.1,1592.5,1601,592,953553.80,25-Aug-2026,40,INE528A01020
GLAND,EQ,2810.9,2835.9,2776.1,2824.6,2830.4,2801.6,139251,390438133.50,25-Aug-2026,17165,INE068V01023
GLAXO,EQ,2953.8,3010,2917.6,2963.4,3007.9,2931.7,174436,514901018.60,25-Aug-2026,27876,INE159A01016
GLENMARK,EQ,2391.7,2421,2376,2400,2400,2390.7,653245,1567572135.90,25-Aug-2026,65381,INE935A01035
GLOBAL,EQ,107.29,109.74,104.4,106.71,106,107.5,308947,32498981.53,25-Aug-2026,1158,INE291W01037
MEDANTA,EQ,1402,1414,1393,1404.4,1413.9,1405.5,69432,97324355.90,25-Aug-2026,8806,INE474Q01031
GLOBALPET,ST,155,155,155,155,155,151,4500,697500.00,25-Aug-2026,2,INE0PS501019
GSLSU,EQ,30,31.48,29.83,29.83,29.83,31.4,67349,2038643.48,25-Aug-2026,807,INE0JSX01015
GLOBALVECT,EQ,147,150,147,148.9,148.81,149.1,3179,473979.64,25-Aug-2026,227,INE792H01019
GLOBALE,EQ,11.5,11.99,11.41,11.7,11.41,11.76,4478,51222.77,25-Aug-2026,22,INE0URU01010
GLOBECIVIL,EQ,42.14,45.9,42.14,45.69,45.8,42.12,229737,10209695.43,25-Aug-2026,1531,INE0V3U01015
GLOBE,EQ,2,2.04,1.98,2.02,2.04,2,250887,503361.67,25-Aug-2026,189,INE581X01021
GICL,EQ,23.97,23.97,23.4,23.75,23.78,23.89,192683,4568441.28,25-Aug-2026,314,INE947T01022
GSTL,SM,14.4,14.4,13.45,13.5,13.5,13.9,3000,41350.00,25-Aug-2026,3,INE00WS01056
GLOBUSSPR,EQ,910.95,924.15,907.5,917.7,918,910.95,116295,106545313.15,25-Aug-2026,5392,INE615I01010
GLOSTERLTD,EQ,623,623,592,595.05,594.7,597,802,482626.60,25-Aug-2026,81,INE350Z01018
GLOTTIS,EQ,67.99,67.99,65.1,65.88,66.39,67.66,36824,2429320.11,25-Aug-2026,645,INE0TQE01026
GMMPFAUDLR,EQ,981,1013.8,981,1004.9,1005,989.3,99442,99433646.30,25-Aug-2026,8077,INE541A01023
GMRAIRPORT,EQ,98.82,99.85,98.15,99.85,99.85,98.82,5880177,579714092.52,25-Aug-2026,29279,INE776C01039
GMRP&UI,EQ,96.1,97,95.61,96.11,96.17,96.1,484469,46629734.38,25-Aug-2026,5335,INE0CU601026
GNA,EQ,559,561.3,546.1,548.8,550.25,555.4,183814,101240826.85,25-Aug-2026,5943,INE934S01014
EBGNG,EQ,594.5,601.2,575.15,584.75,585.95,603.3,387034,226479043.80,25-Aug-2026,17276,INE18JU01028
GODIGIT,EQ,259.7,263.5,257.9,258.8,260.85,260.4,147132,38241522.25,25-Aug-2026,8780,INE03JT01014
GOCOLORS,EQ,354.8,354.8,337.1,340.25,340,353.3,197710,67905475.95,25-Aug-2026,4238,INE0BJS01011
GOACARBON,EQ,352.05,359,350.1,357.45,359,351.7,11342,4036930.45,25-Aug-2026,886,INE426D01013
GOCLCORP,EQ,399.25,407,394.2,395.7,396.4,398.4,29011,11515744.05,25-Aug-2026,991,INE077F01035
GODAVARIB,EQ,242.05,243,239,241.2,242,240.85,77978,18766514.30,25-Aug-2026,1860,INE497S01012
GPIL,EQ,245.27,247.04,243.24,244.26,244.1,245.27,633517,155093398.05,25-Aug-2026,10257,INE177H01039
GODFRYPHLP,EQ,2105,2107,2067.1,2107,2107,2100.5,235034,490291016.60,25-Aug-2026,17308,INE260B01028
GODREJAGRO,EQ,570,625,569.95,610.1,610.5,572.75,3498758,2138222618.75,25-Aug-2026,86292,INE850D01014
GODREJCP,EQ,928.9,930.9,918.2,929.2,929.2,928.9,676534,624863260.60,25-Aug-2026,17632,INE102D01028
GODREJIND,EQ,1180,1181,1131.3,1165.9,1164,1184.5,306506,352687991.10,25-Aug-2026,26126,INE233A01035
GODREJPROP,EQ,2035.1,2049,2011.5,2049,2049,2039.9,384390,779834200.80,25-Aug-2026,24522,INE484J01027
620GS2029,GS,98.66,99.6,98.66,99.6,99.6,99.81,851,84665.60,25-Aug-2026,5,IN0020260058
709GS2074,GS,96.5,96.5,96.2,96.3,96.3,96.39,3010,289765.00,25-Aug-2026,3,IN0020240142
574GS2026,GS,100.91,100.91,100.91,100.91,100.91,101.45,4,403.64,25-Aug-2026,1,IN0020210186
591GS2028,GS,99.51,99.51,99.51,99.51,99.51,99.5,300,29853.00,25-Aug-2026,2,IN0020250034
601GS2030,GS,99.6,99.6,97.71,97.71,97.71,97.71,1050,102727.56,25-Aug-2026,5,IN0020250067
603GS2029,GS,99.5,99.5,99,99.35,99,98.81,210,20865.00,25-Aug-2026,2,IN0020250125
610GS2031,GS,97.06,97.3,97.06,97.3,97.3,99,600,58308.00,25-Aug-2026,2,IN0020210095
636GS2031,GS,100,100,100,100,100,101.99,250,25000.00,25-Aug-2026,1,IN0020250141
648GS2035,GS,99.5,99.5,99.05,99.05,99.05,99.9,1291,127966.25,25-Aug-2026,3,IN0020250091
667GS2050,GS,92.4,92.4,92,92,92,92.95,401,36932.40,25-Aug-2026,3,IN0020200252
668GS2033,GS,99.05,100,99.05,100,100,100,200,19905.00,25-Aug-2026,2,IN0020250133
668GS2040,GS,98.1,98.1,98.1,98.1,98.1,99.45,45200,4434120.00,25-Aug-2026,5,IN0020250042
676GS2061,GS,91.8,91.8,91,91.19,91.19,91.39,57198,5207909.41,25-Aug-2026,118,IN0020200401
68GS2060,GS,93.2,93.2,92.81,92.81,92.81,92.25,933,86592.90,25-Aug-2026,4,IN0020200187
690GS2065,GS,94.6,94.6,94.1,94.52,94.52,93.85,6037,570618.13,25-Aug-2026,5,IN0020250018
694GS2036,GS,102,102,102,102,102,101.5,100,10200.00,25-Aug-2026,1,IN0020260025
695GS2061,GS,93.5,94.47,93.5,93.5,93.5,94.3,106,9915.85,25-Aug-2026,3,IN0020210202
699GS2051,GS,95.55,95.55,95.55,95.55,95.55,96.5,100,9555.00,25-Aug-2026,1,IN0020210194
702GS2027,GS,102.55,102.55,101.75,101.75,101.75,101.75,13,1323.55,25-Aug-2026,4,IN0020240043
702GS2031,GS,102.15,102.15,102.15,102.15,102.15,102,10300,1052145.00,25-Aug-2026,3,IN0020240076
706GS2041,GS,102,102,100.25,100.25,100.25,102.25,5100,520025.00,25-Aug-2026,3,IN0020260041
709GS2054,GS,96.99,96.99,96.5,96.5,96.5,96.99,14207,1371558.75,25-Aug-2026,14,IN0020240118
71GS2034,GS,102.81,103.02,102.81,103.02,103.02,104.98,2,205.83,25-Aug-2026,2,IN0020240019
717GS2030,GS,103.46,105,103.46,104.96,104.96,104.5,8202,848741.96,25-Aug-2026,5,IN0020230036
718GS2037,GS,102.5,103,102.41,102.41,102.41,103,21598,2218182.48,25-Aug-2026,12,IN0020230077
723GS2039,GS,104.4,104.4,104.4,104.4,104.4,104.4,400,41760.00,25-Aug-2026,3,IN0020240027
724GS2055,GS,98,98.35,97.73,98,97.9,98.05,288948,28289878.38,25-Aug-2026,496,IN0020250075
725GS2063,GS,98.6,98.6,97.9,97.98,98,98.21,123671,12125029.53,25-Aug-2026,110,IN0020230044
726GS2032,GS,104.5,104.5,104.5,104.5,104.5,106,300,31350.00,25-Aug-2026,3,IN0020220060
73GS2053,GS,99.1,99.79,99.1,99.51,99.5,100,19668,1956909.50,25-Aug-2026,13,IN0020230051
732GS2030,GS,104,104,104,104,104,103.99,137,14248.00,25-Aug-2026,1,IN0020230135
733GS2026,GS,102,102,101.9,101.9,101.9,102,507,51694.00,25-Aug-2026,5,IN0020230119
734GS2064,GS,99.8,100.3,99.8,99.94,99.94,99.96,68328,6829432.53,25-Aug-2026,61,IN0020240035
736GS2052,GS,103,103,102.75,102.75,102.75,103,2090,214771.25,25-Aug-2026,4,IN0020220086
737GS2028,GS,104.25,104.25,104.25,104.25,104.25,104.25,400,41700.00,25-Aug-2026,1,IN0020230101
74GS2062,GS,99.45,103.99,99.45,103.99,103.99,102,129,13177.33,25-Aug-2026,6,IN0020220094
741GS2036,GS,106,106,105.5,106,106,106,350,37050.00,25-Aug-2026,4,IN0020220102
743GS2076,GS,100.4,100.49,99.98,100,100,100.5,877322,87750732.61,25-Aug-2026,613,IN0020250117
746GS2073,GS,101,101.9,100.81,101.49,101.49,101.5,3102,312733.39,25-Aug-2026,19,IN0020230127
750GS2056,GS,101.28,101.28,101.27,101.27,101.27,102.3,300,30382.00,25-Aug-2026,4,IN0020260017
754GS2036,GS,106.81,107,106.7,106.87,106.99,106.77,561708,59984027.06,25-Aug-2026,102,IN0020220029
771GS2066,GS,104.55,105.4,104.55,105.11,105.2,105.39,4696,492789.73,25-Aug-2026,20,IN0020260033
1018GS2026,GS,104.4,110,104.4,104.49,104.45,105,137,14382.80,25-Aug-2026,6,IN0020010081
645GS2029,GS,101.46,101.46,101.46,101.46,101.46,101.64,1,101.46,25-Aug-2026,1,IN0020190362
710GS2029,GS,103.45,103.95,103.45,103.5,103.5,104,36289,3756327.10,25-Aug-2026,6,IN0020220011
738GS2027,GS,102.58,102.6,102.38,102.5,102.5,102.56,10461,1071820.26,25-Aug-2026,12,IN0020220037
772GS2055,GS,103.4,103.4,103.4,103.4,103.4,106,40,4136.00,25-Aug-2026,1,IN0020150077
813GS2045,GS,113.99,113.99,113.99,113.99,113.99,113.99,24,2735.76,25-Aug-2026,1,IN0020150044
824GS2027,GS,103.2,103.2,103.2,103.2,103.2,103,49,5056.80,25-Aug-2026,2,IN0020060078
828GS2027,GS,166.9,166.9,166.9,166.9,166.9,158.99,1,166.90,25-Aug-2026,1,IN0020070069
897GS2030,GS,112.5,112.55,111.75,111.75,111.75,112.53,2750,308708.50,25-Aug-2026,9,IN0020110055
92GS2030,GS,115,115.05,114,114.52,114,115,8666,996340.15,25-Aug-2026,12,IN0020130053
182D100926,TB,99.51,99.51,99.51,99.51,99.51,99.18,100,9951.00,25-Aug-2026,1,IN002025Y495
364D040227,TB,97.53,97.53,97.53,97.53,97.53,96.15,7000,682710.00,25-Aug-2026,1,IN002025Z443
364D170627,TB,95,95,95,95,95,95,5600,532000.00,25-Aug-2026,1,IN002026Z110
91D011026,TB,100,100,99.29,99.29,99.29,99.15,200,19929.00,25-Aug-2026,2,IN002026X131
91D081026,TB,99.16,99.16,99.16,99.16,99.16,98.68,100,9916.00,25-Aug-2026,1,IN002026X149
91D100926,TB,99.75,99.85,99.7,99.85,99.85,99.8,1800,179635.00,25-Aug-2026,5,IN002026X107
GOKEX,EQ,797.5,802.55,786.25,791.25,791.9,796.95,112600,89231337.15,25-Aug-2026,6534,INE887G01027
GOKULAGRO,EQ,243.49,259.5,242.71,252.85,253.4,244.05,2542528,647159626.55,25-Aug-2026,41321,INE314T01033
GOKUL,EQ,44.87,46,43.56,44.98,45.44,44.36,289698,12964410.75,25-Aug-2026,2704,INE020J01029
GOLDENTOBC,BZ,25,25.45,24,24.01,24.01,24.97,544,13104.99,25-Aug-2026,31,INE973A01010
GOLDIAM,EQ,356.05,362.95,356.05,360,360,360.55,246651,88875463.50,25-Aug-2026,5442,INE025B01025
GOLDSTAR,SM,7.45,7.45,7.45,7.45,7.45,7.45,22500,167625.00,25-Aug-2026,2,INE405Y01021
GOODLUCK,EQ,475,477,454.1,456.2,457,477.7,383822,176930273.10,25-Aug-2026,10000,INE127I01024
GOODYEAR,EQ,760,760,749.5,754.1,752.75,756.15,4422,3328310.65,25-Aug-2026,421,INE533A01012
GOPAL,EQ,286.9,287.9,280.5,280.75,280.55,284.35,153952,43477909.80,25-Aug-2026,8198,INE0L9R01028
GOYALALUM,EQ,6.47,6.47,6.37,6.42,6.43,6.43,31262,200262.49,25-Aug-2026,193,INE705X01026
GOYALSALT,SM,105,105.05,105,105,105,106,1800,189030.00,25-Aug-2026,3,INE0QFE01017
GPECO,ST,391.95,400,391,397,397,392.95,11000,4373070.00,25-Aug-2026,43,INE0S7E01015
GULFPETRO,BE,71,71.4,68,69.14,69,70.52,217734,15147308.51,25-Aug-2026,892,INE586G01017
GPTHEALTH,EQ,151.06,152,148.66,149.92,149.5,150,85347,12837351.93,25-Aug-2026,3396,INE486R01017
GPTINFRA,EQ,114.1,115.49,113.11,114.33,115.35,113.34,74308,8477227.59,25-Aug-2026,1241,INE390G01014
GRADIENTE,EQ,3.03,3.03,2.84,2.84,2.84,2.98,1971270,5692010.25,25-Aug-2026,421,INE361K01017
GCHOTELS,ST,97.5,99.8,94.95,95.75,96,98.55,30600,2964000.00,25-Aug-2026,41,INE12E301017
GRANDOAK,EQ,38.89,38.89,36.01,36.25,37,37.88,7226,265075.33,25-Aug-2026,84,INE926B01016
GRANULES,EQ,847,857.8,842,845.95,844.4,855.3,606461,514269596.25,25-Aug-2026,36937,INE101D01020
GRAPHISAD,SM,26,26,26,26,26,26.25,1200,31200.00,25-Aug-2026,1,INE0POU01017
GRAPHITE,EQ,721.6,722,700.5,704.55,700.5,718.75,551281,391392264.60,25-Aug-2026,22082,INE371A01025
GRASIM,EQ,3287.9,3300.2,3222.1,3289.6,3289.6,3288,1752045,5711284517.10,25-Aug-2026,59362,INE047A01021
GRAUWEIL,EQ,71.8,71.8,67.25,67.83,67.65,71.28,332841,22831781.82,25-Aug-2026,3766,INE266D01021
GRAVISSHO,EQ,28.99,29.5,28.22,29.24,29.5,28.99,5259,149630.39,25-Aug-2026,40,INE214F01026
GRAVITA,EQ,1801.4,1814.7,1790,1800.4,1800,1807.8,106679,192339187.30,25-Aug-2026,13375,INE024L01027
GREAVESCOT,EQ,192.6,193.74,189.52,192.18,192.7,192.6,771967,147842148.45,25-Aug-2026,9301,INE224A01026
GREENCHEF,SM,54,59.25,54,59.25,59.25,53.9,88800,5227840.00,25-Aug-2026,64,INE0O7P01015
GREENLAM,EQ,251,252.25,246,248.85,247.75,251.3,52026,12955947.90,25-Aug-2026,1703,INE544R01021
GREENLEAF,ST,122.95,122.95,119.65,119.65,119.65,125.9,5000,601850.00,25-Aug-2026,5,INE0PLX01017
GREENPANEL,EQ,155.01,159.56,155.01,156.34,156.4,158.12,237045,37139205.68,25-Aug-2026,7719,INE08ZM01014
GREENPLY,EQ,291.95,291.95,286.2,287.9,288.4,291.55,42071,12141506.00,25-Aug-2026,1567,INE461C01038
GCSL,EQ,515,527.5,512.9,523.1,521.6,512.15,366323,191563278.25,25-Aug-2026,3910,INE199P01028
GRINDWELL,EQ,2053.1,2075.1,1992,2005.8,2001.5,2053.1,64421,131340460.90,25-Aug-2026,13734,INE536A01023
GRMOVER,EQ,90.2,90.25,88.26,89.13,88.6,90.24,1130114,100378854.14,25-Aug-2026,12788,INE192H01020
GJL,ST,244.9,245,232.7,232.7,232.7,244.9,4000,952240.00,25-Aug-2026,5,INE1TY801010
CEMNTGROWW,EQ,15.08,15.08,14.65,14.84,14.86,14.87,170662,2521266.46,25-Aug-2026,737,INF666M01PH7
GROWWCAPM,EQ,11.58,11.59,11.46,11.54,11.59,11.53,350625,4050109.71,25-Aug-2026,550,INF666M01MM4
GROWWCHEM,EQ,30.04,30.5,29.86,30.19,30.42,29.93,156385,4702066.52,25-Aug-2026,1022,INF666M01NP5
GROWWDEFNC,EQ,97.14,97.79,96.1,97.42,97.49,97.09,156059,15141798.15,25-Aug-2026,2335,INF666M01IO8
GROWWEV,EQ,33.61,33.61,33.03,33.42,33.35,33.35,232734,7744017.31,25-Aug-2026,1892,INF666M01IH2
GROWWGOLD,EQ,15.72,15.76,15.61,15.68,15.69,15.72,2150663,33734830.52,25-Aug-2026,3543,INF666M01OE7
GROWWHOSPI,EQ,51.65,52.32,51.51,52.21,52,51.62,199339,10363309.35,25-Aug-2026,1152,INF666M01OD9
GROWWLIQID,EQ,110.51,110.51,110.5,110.5,110.51,110.47,219548,24260971.17,25-Aug-2026,183,INF666M01IP5
GROWWLOVOL,EQ,10.47,10.62,10.38,10.5,10.51,10.47,7635,79742.59,25-Aug-2026,113,INF666M01LB9
GROWWMC150,EQ,233.99,236.4,233.7,234.92,235.8,233.95,732,171575.00,25-Aug-2026,34,INF666M01MV5
GROWWMETAL,EQ,13.03,13.17,12.5,12.69,12.76,12.72,363148,4603489.20,25-Aug-2026,1651,INF666M01NI0
GROWWMOM50,EQ,11.24,11.24,10.97,11.05,11.1,11.04,785480,8662695.21,25-Aug-2026,527,INF666M01KJ4
GROWWN200,EQ,11.42,11.59,11.36,11.49,11.54,11.47,24080,275558.63,25-Aug-2026,257,INF666M01JV1
GROWWNET,EQ,11,11.02,10.65,10.97,10.99,10.8,1411953,15364041.11,25-Aug-2026,745,INF666M01LI4
GROWWNIFTY,EQ,9.55,9.94,9.55,9.8,9.83,9.8,589009,5763870.55,25-Aug-2026,2935,INF666M01LL8
GROWWNXT50,EQ,74.5,74.8,73.95,74.78,74.8,74.49,13437,997910.95,25-Aug-2026,84,INF666M01LZ8
GROWWPOWER,EQ,11.09,11.48,11.09,11.39,11.39,11.38,1217173,13797382.92,25-Aug-2026,2272,INF666M01LM6
GROWWPSE,EQ,98.21,98.7,97.65,97.86,97.7,98.21,390,38114.56,25-Aug-2026,38,INF666M01NQ3
GROWWPSUBK,EQ,85,86.89,84.59,86.72,86.4,85.7,1408,120825.32,25-Aug-2026,54,INF666M01OG2
GROWWRAIL,EQ,28.72,28.8,28.48,28.6,28.65,28.69,574602,16419753.18,25-Aug-2026,2722,INF666M01JJ6
GROWWRLTY,EQ,10.47,10.47,10.03,10.3,10.3,10.26,282579,2901840.93,25-Aug-2026,405,INF666M01MN2
GROWWSC250,EQ,10.63,10.74,10.56,10.61,10.66,10.63,86198,913338.79,25-Aug-2026,532,INF666M01MO0
GROWWSLVR,EQ,23.15,23.67,23.14,23.45,23.51,23.75,1842538,43287110.50,25-Aug-2026,2183,INF666M01OF4
PVTBKGROWW,EQ,27.5,27.75,27.42,27.45,27.47,27.47,17755,487990.23,25-Aug-2026,95,INF666M01OT5
SMALLGROWW,EQ,49.26,49.48,48.54,49,48.99,49.12,9862,482083.82,25-Aug-2026,110,INF666M01PG9
GRPLTD,EQ,1973.2,2015.2,1960,1967.8,1963,1983.1,832,1651293.80,25-Aug-2026,176,INE137I01015
GSMFOILS,SM,101.65,101.65,98.8,101.65,101.65,96.85,494000,50157050.00,25-Aug-2026,479,INE0SQY01018
GSPCROP,EQ,605.1,667.95,603.15,631.4,627.9,622.2,978249,623780926.35,25-Aug-2026,30864,INE713R01022
GSS,EQ,13.36,13.36,12.3,12.47,12.48,13.1,70767,889393.58,25-Aug-2026,245,INE871H01011
GTLINFRA,EQ,1.22,1.23,1.2,1.21,1.21,1.22,38295102,46403165.98,25-Aug-2026,9470,INE221H01019
GTL,EQ,7.6,7.6,7.32,7.36,7.39,7.42,181890,1357761.68,25-Aug-2026,616,INE043A01012
GTPL,EQ,54.49,55.85,54.45,54.83,54.75,54.49,13450,741839.38,25-Aug-2026,284,INE869I01013
GUFICBIO,EQ,414.75,418.65,410,413.65,417,418,53726,22247336.25,25-Aug-2026,3017,INE742B01025
GIPCL,EQ,177.4,191.25,177.4,190.72,190.99,178.39,3504842,654327647.04,25-Aug-2026,35009,INE162A01010
GNFC,EQ,595,603.65,583.25,588,586.7,593,654241,388159076.50,25-Aug-2026,21245,INE113A01013
GSFC,EQ,160.39,162.88,158.61,159.16,158.82,159.65,3644998,583996112.81,25-Aug-2026,29106,INE026A01025
GUJAPOLLO,EQ,355.15,355.15,345.25,349.55,350,349.4,4269,1490075.85,25-Aug-2026,200,INE826C01016
GUJALKALI,EQ,729.4,734.5,714.65,726.7,724.05,723,159577,115836682.20,25-Aug-2026,10486,INE186A01019
GAEL,EQ,180.5,182,176.45,177.53,177.2,180.6,1065445,190910519.12,25-Aug-2026,15037,INE036B01030
GUJENERGY,EQ,259.9,263.4,255.2,256.5,256.7,259,1302116,335070653.75,25-Aug-2026,29677,INE844O01030
FLUOROCHEM,EQ,4645,4675.9,4585,4606.2,4605,4622.6,84922,392213785.70,25-Aug-2026,9658,INE09N301011
GKSL,EQ,152.54,157.44,150.16,152.46,152,152.54,574445,88759330.82,25-Aug-2026,5413,INE0V0W01025
GLFL,EQ,5.89,6.05,5.55,5.71,5.6,5.77,3318,18733.92,25-Aug-2026,84,INE540A01017
GMDCLTD,EQ,574.35,578.8,563.1,567.35,567.5,570.85,554608,315249643.60,25-Aug-2026,15553,INE131A01031
GNRL,EQ,100.77,100.77,99.5,99.54,99.5,99.96,21837,2180266.86,25-Aug-2026,240,INE207H01018
GPPL,EQ,165,165.39,162.96,164.51,164.79,163.43,1164173,191077348.34,25-Aug-2026,14918,INE517F01014
GUJRAFFIA,EQ,40.49,41.49,40,40.62,40,40.49,1201,49081.61,25-Aug-2026,29,INE610B01024
GUJTHEM,EQ,409.95,416.65,392,404.7,408,411.7,926859,379329492.35,25-Aug-2026,20139,INE942C01045
GULFOILLUB,EQ,1164.9,1173.9,1140,1154.4,1155,1164.1,61072,70271078.80,25-Aug-2026,8013,INE635Q01029
GULPOLY,EQ,193,202.2,192.78,196.25,196.46,193.54,553235,109645522.48,25-Aug-2026,11270,INE255D01024
GURUNANAK,SM,37.7,37.7,35.1,35.6,36.1,35.95,14400,529360.00,25-Aug-2026,9,INE1CCX01012
GVKPIL,BE,2.16,2.19,2.16,2.16,2.16,2.2,1026660,2218372.80,25-Aug-2026,1016,INE251H01024
GVPTECH,EQ,7.45,7.48,7,7.08,7.13,7.31,59398,428321.82,25-Aug-2026,366,INE382T01030
GYFTR,EQ,161.8,162.7,160,160.74,160,160.61,11160,1797365.14,25-Aug-2026,215,INE724A01017
HBESD,EQ,74.52,77,74.52,74.55,74.55,74.85,705,53414.49,25-Aug-2026,23,INE640B01021
HGINFRA,EQ,512.35,512.35,500.2,502.85,503,506.65,49614,24962272.85,25-Aug-2026,2754,INE926X01010
HALDER,EQ,300.05,300.05,292.66,295.58,293.17,296.59,28621,8495692.47,25-Aug-2026,330,INE115S01010
HALDYNGL,BE,134.89,136.4,130.1,134.15,135,134.21,17554,2335406.16,25-Aug-2026,195,INE506D01020
HALEOSLABS,EQ,1480,1524,1462.4,1500.3,1500,1510.7,400,598421.80,25-Aug-2026,61,INE320X01016
HAMPTON,EQ,8.1,8.55,7.99,8.02,8.19,7.94,28459,230410.54,25-Aug-2026,158,INE299D01022
HGM,EQ,44.4,44.99,42.56,43.83,43.84,43.73,3183,138560.72,25-Aug-2026,56,INE596H01014
HAPPSTMNDS,EQ,440.2,450.3,432.75,445.95,444.5,436.25,1616573,712980266.50,25-Aug-2026,36309,INE419U01012
HAPPYFORGE,EQ,2209,2209,2135.3,2151.1,2145,2191,58440,126588424.30,25-Aug-2026,12550,INE330T01021
WHITEFORCE,SM,40,40,37.5,38.95,38.95,39.5,102400,4046000.00,25-Aug-2026,7,INE0TLP01015
HAPPY,SM,104,104.4,91.45,95.75,96,101.6,340000,32767200.00,25-Aug-2026,155,INE1GFG01011
HARDWYN,EQ,9.09,9.21,9.02,9.03,9.04,9.1,887925,8069367.47,25-Aug-2026,1378,INE626Z01029
HARIOMPIPE,EQ,347.95,350,345.1,348.95,349.9,348.05,43937,15235410.15,25-Aug-2026,1516,INE00EV01017
HRYNSHP,EQ,100.16,100.16,99,100,100,100.05,3672,366678.32,25-Aug-2026,58,INE400G01011
HARRMALAYA,EQ,204,204,196.5,198.85,199.8,200.68,10281,2061872.87,25-Aug-2026,512,INE544A01019
HARSHA,EQ,443,445.4,426,428.3,428,442.9,75260,32559387.45,25-Aug-2026,3754,INE0JUS01029
HATHWAY,EQ,10.53,10.69,10.51,10.56,10.55,10.59,1342048,14186539.29,25-Aug-2026,1619,INE982F01036
HATSUN,EQ,1055.05,1055.1,1025.55,1030.5,1033,1044.5,36136,37487005.15,25-Aug-2026,5247,INE473B01035
HAVELLS,EQ,1260.1,1299.1,1252.3,1269.1,1269.1,1268.5,637730,809667065.90,25-Aug-2026,36807,INE176B01034
HAWKINCOOK,EQ,8155,8220,8090,8152.5,8220,8153.5,1927,15705523.00,25-Aug-2026,780,INE979B01015
HAZOOR,EQ,19.8,20.95,19.8,20.52,20.64,20.43,166713,3424296.84,25-Aug-2026,438,INE550F01049
HBPOR,EQ,62.7,62.7,60.66,60.74,60.66,62,250,15326.25,25-Aug-2026,16,INE638B01025
HBSL,EQ,54.8,55,51.99,52.27,52,53.98,3019,160127.92,25-Aug-2026,54,INE550B01022
HBLENGINE,EQ,690.9,699.7,686.6,694.6,694.5,690.9,442819,306876928.05,25-Aug-2026,17441,INE292B01021
HCL-INSYS,EQ,10.99,11.25,10.86,11.02,10.92,10.87,211173,2337657.40,25-Aug-2026,594,INE236A01020
HCLTECH,EQ,1322,1322.9,1294.4,1315.8,1315.8,1322,1314934,1716115057.00,25-Aug-2026,61695,INE860A01027
HDBFS,EQ,690,690.05,682.7,687.6,688.95,688.9,92824,63730837.75,25-Aug-2026,7477,INE756I01012
HDFCAMC,EQ,2609.9,2698,2606.8,2698,2698,2618,1157541,3081229836.50,25-Aug-2026,44717,INE127D01025
HDFCBANK,EQ,726.6,728.7,722,727.5,727.5,729,17511874,12697554251.30,25-Aug-2026,193712,INE040A01034
HDFCGOLD,EQ,137.2,138,134,137.09,137.15,137.53,5660949,776469694.60,25-Aug-2026,13521,INF179KC1981
HDFCLIFE,EQ,549.95,555.65,545.8,546.7,546.7,552.95,2264810,1247303556.95,25-Aug-2026,36083,INE795G01014
HDFCBSE500,EQ,37.97,38.07,37.64,38,38.07,37.97,1213254,45832687.64,25-Aug-2026,321,INF179KC1EZ4
HDFCGROWTH,EQ,120.64,121.64,120.33,121.14,120.82,120.25,49840,6023565.38,25-Aug-2026,249,INF179KC1DJ0
HDFCLIQUID,EQ,1075.35,1075.35,1075.28,1075.29,1075.28,1075.01,79114,85070877.55,25-Aug-2026,75,INF179KC1JG3
HDFCLOWVOL,EQ,20.77,20.93,20.69,20.85,20.93,20.81,5095,105668.37,25-Aug-2026,65,INF179KC1HU8
HDFCMID150,EQ,24.32,24.32,23.66,23.77,23.78,23.73,373521,8866900.69,25-Aug-2026,1109,INF179KC1HT0
HDFCMOMENT,EQ,31.42,31.49,31.23,31.43,31.35,31.27,146069,4578040.29,25-Aug-2026,448,INF179KC1HV6
HDFCNEXT50,EQ,75.58,75.89,75.31,75.82,75.85,75.27,140339,10607991.05,25-Aug-2026,608,INF179KC1HS2
HDFCNIF100,EQ,26.17,26.45,26.12,26.24,26.2,26.16,81607,2141285.21,25-Aug-2026,215,INF179KC1HR4
HDFCNIFBAN,EQ,60.52,60.52,59.01,59.11,59.11,59.05,234012,13812567.87,25-Aug-2026,312,INF179KC1HY0
HDFCNIFIT,EQ,32.1,33.08,32.1,32.56,32.86,32.6,40135,1305638.43,25-Aug-2026,214,INF179KC1IA8
HDFCNIFTY,EQ,279.89,279.89,272.22,273.73,273.79,273.07,141775,38752791.31,25-Aug-2026,746,INF179KC1965
HDFCNIMEG,EQ,133.11,133.12,132.28,133.08,133,133.13,1676,222638.33,25-Aug-2026,43,INF179KC1KT4
HDFCPVTBAN,EQ,28.12,28.12,27.92,27.97,27.99,27.98,55077,1541833.89,25-Aug-2026,285,INF179KC1HZ7
HDFCQUAL,EQ,59.11,59.54,58.92,59.31,59.54,59.1,4385,259569.49,25-Aug-2026,78,INF179KC1DL6
HDFCSENSEX,EQ,87.11,88.21,87.11,88.13,88.2,87.64,23938,2100173.62,25-Aug-2026,485,INF179KC1HX2
HDFCSILVER,EQ,229.69,230.89,227.95,228.72,228.95,231.71,2278256,522052097.52,25-Aug-2026,11160,INF179KC1DI2
HDFCSML250,EQ,185.18,187,183.41,185.21,185.25,185.18,1237409,228797681.48,25-Aug-2026,8135,INF179KC1FB2
HDFCVALUE,EQ,128.2,128.2,125,125.3,125.84,125.68,6822,854099.41,25-Aug-2026,120,INF179KC1DK8
HDFCPSUBK,EQ,86.2,86.93,86,86.71,86.87,86.2,10358,897423.70,25-Aug-2026,165,INF179KC1HW4
HEADSUP,EQ,6.95,6.95,6.52,6.7,6.87,6.86,21026,140972.11,25-Aug-2026,113,INE759V01019
HEALTHX,EQ,299.65,303.5,296.3,296.65,296.6,298.2,1505,450497.55,25-Aug-2026,92,INE019J01013
HCG,EQ,721.45,732,715.3,724.85,728,718.8,54195,39311884.40,25-Aug-2026,5333,INE075I01017
HECPROJECT,EQ,119.9,123,116.51,121.21,122.4,115.01,12034,1442404.12,25-Aug-2026,207,INE558R01013
HEG,EQ,726.35,730,708,721.55,720,722.75,1078477,775847683.15,25-Aug-2026,22024,INE545A01024
HEIDELBERG,EQ,160.1,162.48,159.71,161.72,161.85,159.93,128498,20740626.37,25-Aug-2026,1715,INE578A01017
HEMIPROP,EQ,129.5,131,128.62,130.56,130.78,128.9,246005,31903935.05,25-Aug-2026,2215,INE0AJG01018
HERANBA,EQ,177.85,179,170,174.27,175.5,178.35,95670,16717882.23,25-Aug-2026,2100,INE694N01015
HERITGFOOD,EQ,387.55,392,375.8,389.85,391.9,387.55,282371,108437356.20,25-Aug-2026,7750,INE978A01027
HEROMOTOCO,EQ,5665,5682,5590,5624.5,5624.5,5685,432456,2431195416.50,25-Aug-2026,37182,INE158A01026
HESTERBIO,EQ,2360,2449,2355.1,2421.8,2438.9,2364.5,2361,5639441.40,25-Aug-2026,516,INE782E01017
HEXATRADEX,EQ,157.02,165.7,157.02,162.4,162.95,157.76,1538,247748.31,25-Aug-2026,52,INE750M01017
HEXAGON,BE,70.1,70.99,68.11,69.81,69.5,70.48,170310,11826583.58,25-Aug-2026,807,INE0JUI01012
HEXT,EQ,559.4,561.5,548.85,556.9,555.1,562.5,222581,123461621.30,25-Aug-2026,11229,INE093A01041
HFCL,EQ,239.7,244.3,235.65,238.01,237,238.42,16055915,3835507584.24,25-Aug-2026,92526,INE548A01028
HIGREEN,SM,127.75,128.3,126,127.15,128.3,128.8,11200,1418520.00,25-Aug-2026,14,INE0PIC01017
HITECH,EQ,80.72,81.79,80.72,81.16,81.01,80.72,261637,21209599.14,25-Aug-2026,1893,INE106T01025
HILINFRA,EQ,45.82,46.58,45.25,45.27,45.28,46.5,81037,3688650.25,25-Aug-2026,582,INE00RL01028
HIKAL,EQ,212.1,212.91,205.81,208.37,208.48,211.99,169295,35331828.55,25-Aug-2026,4612,INE475B01022
HILTON,EQ,19.94,20,19.75,19.84,19.95,19.89,43062,857201.45,25-Aug-2026,247,INE788H01017
HSCL,EQ,662.5,666.25,652,659.75,658,662.2,3736145,2460307908.70,25-Aug-2026,51689,INE019C01026
HIMATSEIDE,EQ,73.25,73.9,71.5,72.41,72,73.25,302957,22036458.29,25-Aug-2026,2561,INE049A01027
HINDALUMI,EQ,100,100,98.01,98.72,98.01,100.16,888,87786.49,25-Aug-2026,56,INE227B01019
HINDALCO,EQ,1055,1057,1040.45,1051.05,1051.05,1058.5,3495294,3664914127.80,25-Aug-2026,60234,INE038A01020
HINDCON,EQ,22.95,24.5,21.85,23.92,24,22.28,157165,3787069.16,25-Aug-2026,946,INE642Y01029
HPIL,EQ,129.78,139.2,121.8,127.74,128,125.23,40746,5345002.23,25-Aug-2026,569,INE05X901010
HGS,EQ,397.2,404.45,397.2,401.3,401.7,402.05,7587,3045229.05,25-Aug-2026,449,INE170I01016
HINDADH,EQ,360.3,360.3,349.55,352.6,351,356.05,4266,1505136.60,25-Aug-2026,207,INE074C01013
HAL,EQ,4890.2,4900,4805,4900,4900,4906,565718,2746378603.60,25-Aug-2026,43728,INE066F01020
HINDCOMPOS,EQ,411.1,419.8,406,413.45,416.75,411.1,8213,3381942.35,25-Aug-2026,298,INE310C01029
HCC,EQ,22.56,23.16,22.32,22.61,22.59,22.52,42033627,956312456.61,25-Aug-2026,46819,INE549A01026
HINDCOPPER,EQ,542,551.85,529.35,532.65,531.4,574.15,44652248,23914172844.45,25-Aug-2026,399376,INE531E01026
HNDFDS,EQ,635.9,639.35,623,628.75,625,639.4,44402,28080916.70,25-Aug-2026,4196,INE254N01026
HMVL,BE,90.41,91.7,86.2,89.94,89.95,90.41,13250,1175100.29,25-Aug-2026,79,INE871K01015
HINDOILEXP,EQ,157.9,159.32,157.1,158.57,158.85,157.58,268206,42432460.20,25-Aug-2026,2379,INE345A01011
HINDPETRO,EQ,372.5,374.15,369.5,373.2,373.2,371.95,5703835,2121876492.05,25-Aug-2026,49557,INE094A01015
HINDUNILVR,EQ,2024,2029.2,2012,2024.2,2024.2,2030,1019583,2060018640.70,25-Aug-2026,50412,INE030A01027
HINDZINC,EQ,600,600.6,586.85,592.6,592.6,604,9509559,5647931037.10,25-Aug-2026,86545,INE267A01025
HINDWAREAP,EQ,196.5,198.02,193.05,194.03,194.08,196.73,115718,22648136.26,25-Aug-2026,1998,INE05AN01011
HIRECT,EQ,1226.9,1254.3,1215.4,1235.4,1237,1223.3,52908,65195311.70,25-Aug-2026,4172,INE835D01023
HISARMETAL,EQ,149.3,153.98,149.3,149.99,149.5,149.33,447,67699.47,25-Aug-2026,30,INE598C01011
POWERINDIA,EQ,33680,33695,33005,33300,33300,33840,88353,2935922135.00,25-Aug-2026,27253,INE07Y701011
HITECHCORP,BE,334,345,327.5,335.45,339.4,332.65,40091,13533393.80,25-Aug-2026,154,INE120D01012
HLEGLAS,EQ,310.2,318,310.2,315.8,316.8,313.6,62974,19806302.50,25-Aug-2026,2055,INE461D01028
HLVLTD,EQ,6.53,6.53,6.43,6.47,6.46,6.53,171880,1114312.48,25-Aug-2026,550,INE102A01024
HMAAGRO,EQ,20.91,22.4,20.91,21.14,21.27,21.28,4676628,101379257.96,25-Aug-2026,10420,INE0ECP01024
HMT,BZ,59,64.01,59,64.01,64.01,60.97,60845,3850801.83,25-Aug-2026,286,INE262A01018
HOACFOODS,ST,812,840,811.5,839.95,839.95,811.3,2625,2165587.50,25-Aug-2026,6,INE0S6S01017
HOLMARC,SM,107.9,108,102.15,105.95,105.95,107.9,6750,717000.00,25-Aug-2026,8,INE0LXA01019
HOMEFIRST,EQ,1193,1195,1176,1191.3,1193,1192.9,97446,115666416.30,25-Aug-2026,9087,INE481N01025
HONASA,EQ,487.8,491.2,483.15,485.5,485,490.8,427593,208230410.65,25-Aug-2026,17273,INE0J5401028
HONDAPOWER,EQ,2087.9,2098.7,2065,2073.6,2080,2073.1,2284,4741860.90,25-Aug-2026,369,INE634A01018
HONAUT,EQ,36505,36935,36350,36740,36900,36640,1209,44209690.00,25-Aug-2026,758,INE671A01010
HORIZONIND,EQ,59,59.79,55.15,55.6,55.23,58.16,8930228,513015222.37,25-Aug-2026,53428,INE685T01010
HDIL,BZ,1.51,1.56,1.45,1.47,1.5,1.49,216241,324467.90,25-Aug-2026,200,INE191I01012
HPAL,EQ,33.82,35.89,33.82,35.11,34.9,34.5,50607,1745721.62,25-Aug-2026,707,INE0GSL01024
HPTL,SM,360,360,340.25,350.1,340.25,358.15,6000,2134470.00,25-Aug-2026,10,INE0VA601019
HPL,EQ,315.45,315.45,308.6,310.25,310.7,314.35,64030,19929504.15,25-Aug-2026,2135,INE495S01016
HRHNEXT,SM,29.75,29.75,28,29.55,29.55,28.35,46500,1365300.00,25-Aug-2026,12,INE0R3501012
HSBCGOLD,EQ,140.9,140.9,139.13,139.53,139.13,139.76,2123,297189.07,25-Aug-2026,90,INF336L01RX2
HUDCO,EQ,187,187.83,185.75,186.22,186.8,187.53,901822,168245117.01,25-Aug-2026,12332,INE031A01017
HTMEDIA,EQ,27.01,27.69,26.61,27.29,26.9,27.23,82797,2247849.55,25-Aug-2026,263,INE501G01024
HUBTOWN,EQ,192.12,194.14,187.8,188.64,188,192.12,442573,84076054.68,25-Aug-2026,3445,INE703H01016
HUHTAMAKI,EQ,272.1,274.9,266.1,267.4,266.2,273.35,117118,31473165.90,25-Aug-2026,2501,INE275B01026
HVAX,SM,705,705.2,683.1,683.1,683.1,672,1200,834675.00,25-Aug-2026,8,INE0TO501019
HYBRIDFIN,BE,16.8,17.48,16.8,17.1,17.1,17.09,7507,128277.93,25-Aug-2026,23,INE965B01022
HYUNDAI,EQ,2206,2243.8,2190,2232.5,2232.5,2207,672338,1488467397.70,25-Aug-2026,72880,INE0V6F01027
IGPL,EQ,501.05,502.45,485.1,488.05,485.3,501.05,62402,30785271.05,25-Aug-2026,3947,INE204A01010
ISTLTD,EQ,688,688.25,657.05,671.45,672,664.25,370,246850.45,25-Aug-2026,73,INE684B01029
IBLFL,SM,62.5,62.5,61,61,61,61.45,4000,247000.00,25-Aug-2026,2,INE0O7401018
ICELCO,SM,136.1,137.9,136.1,137.35,137.35,138.65,20400,2794620.00,25-Aug-2026,17,INE0XE501015
ICDSLTD,EQ,39.61,41.1,39.61,40.34,41,41,190,7636.86,25-Aug-2026,10,INE613B01010
ICEMAKE,EQ,720.05,735,720.05,726.15,726.55,726.05,12536,9125861.95,25-Aug-2026,1451,INE520Y01019
ICICIBANK,EQ,1408,1424.9,1408,1422.7,1422.7,1415,7983249,11339758033.50,25-Aug-2026,106893,INE090A01021
ICICIGI,EQ,1612,1622.3,1602,1616,1616,1620,706848,1139767938.20,25-Aug-2026,48029,INE765G01017
LOWVOLIETF,EQ,22.25,22.48,22.2,22.34,22.48,22.25,914049,20347556.72,25-Aug-2026,1192,INF109KC19U5
ICICIPRULI,EQ,510,513.3,506.25,510,510,511.25,937538,476884033.80,25-Aug-2026,9292,INE726G01019
MIDSELIETF,EQ,20,20.13,19.88,20.07,19.99,19.98,220569,4412712.37,25-Aug-2026,563,INF109KC10W0
NIF100IETF,EQ,28.31,28.4,28.21,28.32,28.32,28.31,42390,1198020.11,25-Aug-2026,1193,INF109KC16V9
NIFTYIETF,EQ,278,278,273.85,275.46,275.87,274.71,451653,123943440.89,25-Aug-2026,10111,INF109K012R6
SENSEXIETF,EQ,890.53,895,887.86,893.61,895,890.53,5406,4815356.76,25-Aug-2026,255,INF346A01034
ICICIAMC,EQ,3221.4,3305,3207.1,3291.8,3281,3230,200060,654082888.30,25-Aug-2026,15680,INE346A01027
GOLDIETF,EQ,137.71,138.25,136.97,137.52,137.59,137.71,8023326,1103683524.87,25-Aug-2026,30875,INF109KC1NT3
NV20IETF,EQ,13.4,13.65,13.4,13.62,13.62,13.54,900232,12207921.51,25-Aug-2026,1905,INF109KC11V0
ICICIB22,EQ,117,117.4,114.51,116.17,116.9,115.16,551199,63524963.80,25-Aug-2026,2440,INF109KB15Y7
CASHIETF,EQ,1076.89,1076.89,1076.87,1076.87,1076.87,1076.59,124527,134100902.93,25-Aug-2026,80,INF109K1A021
EVIETF,EQ,33.55,33.89,33.29,33.49,33.63,33.51,191130,6385879.71,25-Aug-2026,602,INF109K1A153
GSEC10IETF,EQ,263.61,265.77,263.61,265.77,265.77,263.61,3,792.99,25-Aug-2026,3,INF109KC18O0
BSE500IETF,EQ,39.51,40.14,39.51,39.78,39.86,39.71,399935,15931502.83,25-Aug-2026,1218,INF109KC1V59
GSEC5IETF,EQ,66.35,66.81,66.03,66.81,66.81,66.28,1522,101006.42,25-Aug-2026,24,INF109KC14A8
ALPL30IETF,EQ,28.07,28.15,27.98,28.1,28.15,28.04,255723,7175365.23,25-Aug-2026,823,INF109KC17V7
AUTOIETF,EQ,30.12,30.36,29.99,30.22,30.3,30.12,462586,13917731.17,25-Aug-2026,2626,INF109KC10V2
PVTBANIETF,EQ,27.76,27.88,27.7,27.79,27.88,27.9,942306,26154711.96,25-Aug-2026,2655,INF109KC18U7
COMMOIETF,EQ,100.55,100.55,99.53,99.99,99.67,100.17,49260,4914000.01,25-Aug-2026,1391,INF109KC19O8
CONSUMIETF,EQ,126,126,124.04,124.89,124.59,124.17,11266,1401672.65,25-Aug-2026,158,INF109KC1V42
FMCGIETF,EQ,49.72,51.4,49.72,51.17,51.22,51,590863,30165450.81,25-Aug-2026,2851,INF109KC19V3
INFRAIETF,EQ,96.94,96.94,95.61,96.73,96.93,95.95,142191,13701254.96,25-Aug-2026,7905,INF109KC16E5
LIQUIDIETF,EQ,1000,1000.01,999.95,999.99,1000,999.99,536237,536236281.50,25-Aug-2026,208,INF109KC1KT9
MIDCAPIETF,EQ,24.18,24.28,24.16,24.26,24.26,24.18,682425,16524323.58,25-Aug-2026,2083,INF109KC11W8
MOM30IETF,EQ,31.91,31.91,31.5,31.78,31.75,31.56,297907,9427229.84,25-Aug-2026,1298,INF109KC17C7
NEXT50IETF,EQ,78.48,78.82,77.8,78.63,78.8,78.05,1738596,135867563.35,25-Aug-2026,4928,INF109KC1NS5
HEALTHIETF,EQ,170.36,170.36,167.82,169.83,169.9,168.67,98183,16604275.51,25-Aug-2026,1080,INF109KC1Q72
QUAL30IETF,EQ,21.32,21.65,21.19,21.38,21.49,21.32,238115,5060554.45,25-Aug-2026,199,INF109KC18V5
SILVERIETF,EQ,239.6,241.22,238.33,239.05,239.2,242.06,2499003,598378060.96,25-Aug-2026,16784,INF109KC1Y56
ITIETF,EQ,34.72,34.72,33.72,33.98,33.84,33.88,315308,10717670.18,25-Aug-2026,943,INF109KC16I6
INSUREIETF,EQ,15.49,15.61,15.36,15.44,15.37,15.51,5273127,82113850.52,25-Aug-2026,227,INF109K1A567
BANKIETF,EQ,58.9,59.25,58.85,59.02,59.03,58.9,1520209,89683399.97,25-Aug-2026,1302,INF109KC15I8
METALIETF,EQ,13.12,13.49,12,13.4,13.44,13.46,6112220,81843013.43,25-Aug-2026,9613,INF109KC19W1
OILIETF,EQ,11.33,11.37,11.29,11.35,11.35,11.33,5451173,61714345.30,25-Aug-2026,1924,INF109KC18W3
PSUBNKIETF,EQ,86.45,87.25,86.09,86.98,86.7,86.44,122904,10683767.99,25-Aug-2026,654,INF109KC10S8
SMALLIETF,EQ,18.4,18.47,18.32,18.43,18.47,18.45,37238,684713.70,25-Aug-2026,115,INF109K1A476
TOP15IETF,EQ,9.88,9.97,9.88,9.96,9.95,9.92,148637,1476360.82,25-Aug-2026,146,INF109K1A344
VAL30IETF,EQ,15.21,15.27,15.15,15.24,15.26,15.19,164671,2500473.02,25-Aug-2026,441,INF109KC16X5
FINIETF,EQ,33.38,33.6,33.25,33.52,33.6,33.37,263142,8781953.58,25-Aug-2026,937,INF109KC17L8
ICRA,EQ,4998,5173.7,4960,5106.5,5090,4967.2,50385,256355910.50,25-Aug-2026,7880,INE725G01011
IDBI,EQ,88.48,89.39,86.9,88.31,87.94,87.93,18803734,1654654586.56,25-Aug-2026,65749,INE008A01015
IDEAFORGE,EQ,800,806.25,776.8,788.8,792,796.45,317754,250077642.15,25-Aug-2026,17383,INE349Y01013
IDEALTECHO,SM,175,175,175,175,175,175,3000,525000.00,25-Aug-2026,1,INE0T9I01011
IDENTICAL,SM,17.95,18,17.95,18,18,17.8,48000,863800.00,25-Aug-2026,9,INE0TD101011
IDFCFIRSTB,EQ,85.92,86.17,85,85,85,85.89,11785661,1007648953.43,25-Aug-2026,44608,INE092T01019
IFBAGRO,EQ,972,989,950,959.3,959.95,980.7,8311,8091706.75,25-Aug-2026,444,INE076C01018
IFBIND,EQ,1415.9,1415.9,1365,1370.1,1368,1407.1,19458,26868135.20,25-Aug-2026,2635,INE559A01017
IFCI,EQ,82.65,85.24,82.41,83.25,83.33,82.48,49384082,4144465103.71,25-Aug-2026,118554,INE039A01010
IFGLEXPOR,EQ,213.55,214.22,210,211.79,212.49,213.45,10581,2241111.87,25-Aug-2026,503,INE133Y01011
1225IFL27,N0,6500,6500,6500,6500,6500,6770,2,13000.00,25-Aug-2026,1,INE01XO07017
1225IFL28,N0,7400,7400,7400,7400,7400,7400,1,7400.00,25-Aug-2026,1,INE01XO07025
IGARASHI,EQ,430.6,432.5,425.25,427.55,430.1,431.35,45964,19696282.65,25-Aug-2026,1651,INE188B01013
870IIFL28,Y7,1015.2,1022,1015.2,1022,1022,1025,35,35736.00,25-Aug-2026,2,INE530B07617
885IIFL29,Y8,1010,1010,1005,1005,1005,1005,65,65550.00,25-Aug-2026,3,INE530B07575
960IIFL30,Y2,1005,1005,1000,1000.01,1000.01,1005,120,120500.10,25-Aug-2026,3,INE530B07484
975IIFL28,Y0,1042.56,1042.56,1042.56,1042.56,1042.56,1040.57,116,120936.96,25-Aug-2026,1,INE530B07476
IIFLCAPS,EQ,334.45,336.95,333.5,334.95,333.5,333.75,162992,54608288.90,25-Aug-2026,6272,INE489L01022
IIFL,EQ,667,681.1,643.55,666.25,663.4,696.4,8288695,5530806061.40,25-Aug-2026,144420,INE530B01024
IIFL21425,NY,1125,1125,1125,1125,1125,1100,8,9000.00,25-Aug-2026,1,INE530B07526
IKIO,EQ,194.05,194.39,189,191.63,192.25,194.05,73619,14083486.67,25-Aug-2026,2086,INE0LOJ01019
IL&FSENGG,BZ,36,36,35.5,35.8,36,36,22816,820721.10,25-Aug-2026,27,INE369I01014
IVC,EQ,8.22,8.23,8,8.08,8.1,8.1,181353,1462910.77,25-Aug-2026,536,INE050B01023
IL&FSTRANS,BZ,2.05,2.13,2.05,2.11,2.06,2.07,18801,39481.52,25-Aug-2026,43,INE975G01012
IMAGICAA,EQ,49.53,50.72,49,49.79,49.7,49.53,401949,19974025.74,25-Aug-2026,2143,INE172N01012
IMPEXFERRO,BZ,4.06,4.06,4.06,4.06,4.06,3.99,10340,41980.40,25-Aug-2026,12,INE691G01015
INCREDIBLE,EQ,35,35,32.6,33.48,34.35,33.48,2054,68898.72,25-Aug-2026,69,INE452L01012
IMPAL,EQ,1080.4,1100,1080.4,1095.9,1088.1,1086.5,334,365085.30,25-Aug-2026,114,INE547E01014
INDSWFTLAB,EQ,326.1,328.99,320.06,324.38,323.5,327.27,269737,87504156.99,25-Aug-2026,6506,INE915B01019
INDTERRAIN,EQ,30.6,30.69,30.05,30.07,30.05,30.29,5503,165498.12,25-Aug-2026,94,INE611L01021
INDBANK,EQ,32,32.2,31.36,31.86,31.8,32.11,20019,636643.15,25-Aug-2026,249,INE841B01017
BAJAJINDEF,EQ,219.9,249,215,225.93,225.57,216.08,193789,45191518.32,25-Aug-2026,5209,INE0O9T01021
INDGN,EQ,566.65,570.4,557.7,563.55,564,566.65,197235,110984048.30,25-Aug-2026,11559,INE065X01017
INDIAGLYCO,EQ,1200,1219,1166,1170.5,1169,1191.3,528480,627922995.20,25-Aug-2026,25744,INE560A01023
INDNIPPON,EQ,1075,1099.5,1055.3,1070.6,1076.6,1072.5,11250,12035918.60,25-Aug-2026,1999,INE092B01025
IPL,EQ,140,142.2,139.3,139.66,140,139.94,94282,13266726.25,25-Aug-2026,1876,INE0D6701023
INDIASHLTR,EQ,672,679.95,650,655.85,656,669.75,112550,73830190.50,25-Aug-2026,8416,INE922K01024
ITDC,EQ,678.7,693,676.75,681.6,682.5,680.5,80984,55374903.95,25-Aug-2026,5985,INE353K01014
IBULLSLTD,EQ,27,28.19,26.32,27.09,26.99,26.85,24556789,673934296.73,25-Aug-2026,44422,INE126M01010
INDIAMART,EQ,1752,1763.2,1730,1750.3,1753,1746,34838,60986566.70,25-Aug-2026,4547,INE933S01016
INDIANB,EQ,870.45,881.75,869,878,878,870.45,1428100,1251026228.75,25-Aug-2026,27178,INE562A01011
INDIANCARD,EQ,212.49,213,206.54,208.01,208.2,206.27,2456,518633.01,25-Aug-2026,50,INE061A01014
IEML,SM,41.3,42.9,41,42.6,42.9,41.2,48000,2009500.00,25-Aug-2026,64,INE0RRU01016
IEX,EQ,123.3,124.28,122.51,124.2,124.2,123.01,2251075,277332212.36,25-Aug-2026,24014,INE022Q01020
INDIANHUME,EQ,397.5,401.95,385.1,389.6,386.25,396.3,55797,21954197.65,25-Aug-2026,2306,INE323C01030
IMFA,EQ,1401.8,1409.8,1373.8,1377.7,1386.5,1390.6,60188,83497066.10,25-Aug-2026,6060,INE919H01018
IOC,EQ,138,139,137,139,139,138.5,7676722,1058378310.65,25-Aug-2026,39707,INE242A01010
IOB,EQ,33.25,33.45,32.92,33.03,33.04,33.18,2479749,82029140.41,25-Aug-2026,9840,INE565A01014
IPHL,SM,68.95,72.5,68.95,72.45,72.5,67.9,33600,2411520.00,25-Aug-2026,18,INE0DHF01018
IRCTC,EQ,483.15,485.8,481,482.55,483.2,483.15,516657,249442683.05,25-Aug-2026,23132,INE335Y01020
IRFC,EQ,85.98,86.44,85.05,85.45,85.45,85.99,9606478,821689676.94,25-Aug-2026,39342,INE053F01010
IREDA,EQ,115,121.14,114.4,120.61,120.61,115.4,11109563,1306199543.40,25-Aug-2026,44781,INE202E01016
IWP,EQ,33.24,35,33,33.65,33.6,33.4,73807,2490445.71,25-Aug-2026,144,INE586E01020
INDIGOPNTS,EQ,1138,1146.5,1125,1135.9,1135.9,1142.5,43033,48854228.70,25-Aug-2026,6306,INE09VQ01012
INDIGRID,IV,175.5,175.79,174.75,174.97,175,175.29,402245,70453332.39,25-Aug-2026,8993,INE219X23014
INDIQUBE,EQ,192.75,195,190,192.5,191,193.72,39280,7536843.03,25-Aug-2026,2103,INE06ST01018
INDOAMIN,BE,123.64,125.25,121.2,122.84,123,123.64,24902,3054881.74,25-Aug-2026,325,INE760F01028
INDOBORAX,EQ,504,504.6,481.65,487.4,487.8,502.35,224662,110144980.05,25-Aug-2026,8534,INE803D01021
ICIL,EQ,429.95,437.4,417.1,422.5,423,430.4,448809,191194086.80,25-Aug-2026,14644,INE483B01026
INDOFARM,EQ,139.7,141.61,137.67,138.61,138,139.75,55303,7687874.26,25-Aug-2026,1208,INE622H01018
INDORAMA,EQ,62.61,62.76,59.89,60.53,60.8,62.61,148993,9142734.56,25-Aug-2026,1698,INE156A01020
INDOTECH,EQ,3899.7,3900,3720,3742.2,3748,3850.6,7190,27156856.80,25-Aug-2026,1493,INE332H01014
INDOTHAI,EQ,53.85,53.85,53.85,53.85,53.85,56.68,36205,1949639.25,25-Aug-2026,511,INE337M01021
INDOUS,EQ,84.9,84.9,81,81.99,82.95,82.79,3658,301425.04,25-Aug-2026,123,INE250Z01010
INDOMIM,EQ,890,909,878,889.9,891.5,888.75,1819819,1624530568.00,25-Aug-2026,51453,INE084101034
NIPPOBATRY,EQ,328.25,334,322.05,324.6,324.95,329.75,1216,396670.70,25-Aug-2026,106,INE567A01028
INDOCO,EQ,219.5,229,216,225.34,226,219.19,128259,28534639.29,25-Aug-2026,2910,INE873D01024
IGCL,EQ,71.69,72.7,71.32,72.38,72,71.59,54565,3933488.31,25-Aug-2026,598,INE05J901018
INDOKEM,EQ,599.9,657,582,627.85,635.95,597.9,17940,11237187.50,25-Aug-2026,950,INE716F01012
WAAREEINDO,EQ,276.6,284.3,273.8,274.65,274.9,278.8,64603,17882241.40,25-Aug-2026,1734,INE866K01023
INDOSTAR,EQ,261.45,262.45,255.1,257.55,257,262.5,97365,25112418.80,25-Aug-2026,1403,INE896L01010
INDOWIND,EQ,9.38,9.38,9.06,9.27,9.32,9.35,118704,1102001.64,25-Aug-2026,402,INE227G01018
IGL,EQ,147.74,149.3,147.11,148.68,148.8,147.72,918317,136365624.85,25-Aug-2026,18073,INE203G01027
INDRAMEDCO,EQ,373,378,370,372.95,372.5,371.9,163587,61109782.55,25-Aug-2026,5624,INE681B01017
INDUSINVIT,IV,133.97,134.95,132.54,134.04,134,133.59,685731,91253102.15,25-Aug-2026,3574,INE0NHL23019
INDUSTOWER,EQ,374.25,388.6,374.25,387.25,387.25,374.25,6995675,2681827275.70,25-Aug-2026,59792,INE121J01017
INDUSINDBK,EQ,1014.9,1022,1003.6,1015,1015,1018.4,1427222,1443897001.30,25-Aug-2026,53543,INE095A01012
INDPRUD,EQ,6275,6275,6161,6200,6200,6275,52,323683.00,25-Aug-2026,23,INE620D01011
IITL,EQ,155,162,152.87,160.41,160.43,154.8,113165,17834949.62,25-Aug-2026,1849,INE886A01014
INFINIUM,SM,229.5,244.3,226.85,244.3,244.3,222.1,38500,9120200.00,25-Aug-2026,55,INE0MRE01011
INFLUX,SM,298.95,307.95,295.65,301.3,300,300.05,57000,17171550.00,25-Aug-2026,69,INE0MYZ01012
NAUKRI,EQ,1345.7,1350,1328.1,1350,1350,1349,970768,1296682755.10,25-Aug-2026,36187,INE663F01032
INFOBEAN,EQ,156.09,156.91,155,155.87,155.86,155.17,164908,25639447.65,25-Aug-2026,1768,INE344S01016
INFOLLION,SM,158,163.95,158,161.15,160,160.1,10000,1602720.00,25-Aug-2026,19,INE0NNZ01013
INFOMEDIA,EQ,5.44,5.44,5.11,5.28,5.29,5.33,2545,13337.63,25-Aug-2026,52,INE669A01022
INFY,EQ,1132,1144,1119.9,1144,1144,1130,8121237,9152354371.60,25-Aug-2026,130691,INE009A01021
INGERRAND,EQ,4660,4694.3,4571,4594,4580,4653.3,20758,95529575.90,25-Aug-2026,2712,INE177A01018
INNOMET,ST,241.25,241.25,241.25,241.25,241.25,236.55,9600,2316000.00,25-Aug-2026,14,INE0S1D01010
INNOVACAP,EQ,1063.05,1069.8,1035,1040.4,1040,1063.05,21916,22929059.30,25-Aug-2026,3845,INE0DUT01020
INNOVANA,EQ,320,325,308.95,310.3,318,319.9,19852,6368183.60,25-Aug-2026,128,INE403Y01018
ITTL,ST,66,66,65.5,65.5,65.5,66.8,840,55072.50,25-Aug-2026,4,INE070Y01023
INNOVISION,EQ,261.4,261.4,256,257.45,256.1,261.4,11964,3092993.65,25-Aug-2026,1043,INE0ADB01012
INOXGREEN,EQ,175.92,176.23,170.98,173.51,173.5,176.26,2007260,348072456.84,25-Aug-2026,8518,INE510W01014
INOXINDIA,EQ,1942.3,1942.3,1880.3,1900,1894.9,1941.5,97315,185998078.10,25-Aug-2026,13618,INE616N01034
INOXWIND,EQ,73.87,74.2,72.79,73.74,73.74,73.75,13891746,1020483003.91,25-Aug-2026,32356,INE066P01011
INSECTICID,EQ,580,580.05,573.05,579.45,580,580.15,24299,14039909.35,25-Aug-2026,1684,INE070I01018
INA,EQ,95.2,95.33,92.95,93.47,93.95,94.51,355418,33308266.75,25-Aug-2026,3670,INE0LGX01024
INSPIRISYS,BE,95,95,91.02,91.05,93,93.03,3078,288437.42,25-Aug-2026,33,INE020G01017
ESSENTIA,EQ,1.16,1.19,1.13,1.13,1.13,1.18,5396157,6123737.61,25-Aug-2026,1148,INE418N01035
INTEGRITY,ST,165,165,165,165,165,164,1200,198000.00,25-Aug-2026,1,INE0YSH01017
INTELLECT,EQ,688.3,688.3,679,682.8,682.7,687.5,128627,87787160.45,25-Aug-2026,8447,INE306R01017
INTENTECH,EQ,81.55,81.99,80,81.38,81.88,80.24,16320,1324226.94,25-Aug-2026,585,INE781A01025
INTERARCH,EQ,1692.1,1704.5,1667,1686.1,1680.1,1691.6,55526,93162381.60,25-Aug-2026,5671,INE00M901018
INDIGO,EQ,5088,5227.5,5080.5,5218,5218,5115,333283,1712367103.50,25-Aug-2026,28673,INE646L01027
INTLCONV,EQ,77.01,77.46,75,75.42,75,76.66,52501,3982239.18,25-Aug-2026,1069,INE575C01027
IGIL,EQ,342.5,345.25,336.5,343.95,345,340.65,460701,157331381.05,25-Aug-2026,22308,INE0Q9301021
ISFT,EQ,86.12,95.95,85.35,91.44,91.5,87.41,215600,19548358.79,25-Aug-2026,2552,INE566K01011
INVENTURE,EQ,0.85,0.93,0.85,0.91,0.92,0.85,2156622,1899835.61,25-Aug-2026,536,INE878H01024
IKS,EQ,1775.6,1800,1766.2,1790.9,1792,1789.4,60597,108128558.40,25-Aug-2026,10613,INE115Q01022
IVZINGOLD,EQ,140.6,140.6,138.85,140.3,140.5,140.15,79894,11182885.10,25-Aug-2026,399,INF205KA1BP1
IVZINNIFTY,EQ,284.64,284.64,276.73,277.72,277.72,277.7,6983,1934812.80,25-Aug-2026,29,INF205KA1CC7
INVPRECQ,BE,1262.8,1288.5,1262.8,1288.5,1288.5,1288.5,6609,8384395.20,25-Aug-2026,78,INE155E01016
INVICTA,SM,68.1,68.1,67.6,67.8,67.8,70,6400,434400.00,25-Aug-2026,4,INE0XJ501010
IOLCP,EQ,168.55,176.5,167.63,172.37,174,169.08,4808790,834918231.82,25-Aug-2026,38954,INE485C01029
IONEXCHANG,EQ,370,373.1,367.2,369.5,369.9,370.1,143749,53187255.80,25-Aug-2026,7156,INE570A01022
IPRINGLTD,EQ,145,148.99,140.03,145,145,143.68,601,86237.89,25-Aug-2026,52,INE558A01019
IPCALAB,EQ,1916,1958.6,1911.6,1928.5,1935.2,1920.4,427720,827556226.20,25-Aug-2026,30429,INE571A01038
IRB,EQ,18.91,18.95,18.76,18.81,18.81,18.91,5495135,103418388.12,25-Aug-2026,16463,INE821I01022
IRBINVIT,IV,64.6,65,64.5,64.76,64.7,64.56,1443007,93433463.34,25-Aug-2026,4389,INE183W23014
IRCON,EQ,123.08,125.57,122.25,123.35,123.53,123.1,1390771,171900408.02,25-Aug-2026,15625,INE962Y01021
880IREDA29,N5,1118.25,1118.25,1118.25,1118.25,1118.25,1118.25,12,13419.00,25-Aug-2026,1,INE202E07138
IRISDOREME,EQ,57.1,58.33,55.96,56.89,56.42,57.6,971325,55438275.04,25-Aug-2026,4875,INE01GN01025
IRIS,EQ,242.91,244.54,235.81,238.33,237,242.06,9079,2170441.56,25-Aug-2026,396,INE864K01010
IRMENERGY,EQ,282.45,283,276,277.5,278.25,281.95,64440,17944652.85,25-Aug-2026,2035,INE07U701015
925ISF28,N0,9800,9800,9800,9800,9800,9720.01,36,352800.00,25-Aug-2026,1,INE413U07442
950ISF27C,N0,9938.83,9938.83,9938.83,9938.83,9938.83,9988.77,40,397553.20,25-Aug-2026,3,INE413U07426
965ISF28,N0,100001,100001,100000,100000.2,100000,101112.81,5,500001.00,25-Aug-2026,2,INE413U07434
ISGEC,EQ,789.6,789.6,753.3,764.05,765.9,783.3,67510,51530823.30,25-Aug-2026,6643,INE858B01029
ISHANCH,EQ,47.21,47.21,42.52,44,43.75,47.27,166360,7421712.53,25-Aug-2026,1266,INE561M01018
ISHAN,SM,0.5,0.5,0.5,0.5,0.5,0.5,144000,72000.00,25-Aug-2026,3,INE0LCW01025
ITALIANE,SM,34.5,34.5,34.5,34.5,34.5,33.3,2000,69000.00,25-Aug-2026,1,INE0R7R01018
ITCHOTELS,EQ,165.1,167.24,164.75,166.24,166.31,164.59,960827,159701413.64,25-Aug-2026,17067,INE379A01028
ITC,EQ,269.7,271.4,267.65,271.4,271.4,269.7,8414719,2266402903.00,25-Aug-2026,144133,INE154A01025
ITI,EQ,279,279.85,276,278.15,277.3,279,107329,29795976.70,25-Aug-2026,3517,INE248A01017
ITL,EQ,372,373,335.2,366,373,365.05,5383,1913607.75,25-Aug-2026,280,INE478D01014
IVALUE,EQ,286.5,288,278.3,280.9,280.5,284.15,199974,56405262.00,25-Aug-2026,6059,INE056801025
IVP,BE,180,183.45,179.09,181.67,182.9,181.48,6370,1154274.33,25-Aug-2026,48,INE043C01018
IWARE,ST,445,445,445,445,445,447.35,600,267000.00,25-Aug-2026,1,INE1AII01014
IZMO,EQ,853,862,836.1,848.1,850.4,841.25,57972,49107993.70,25-Aug-2026,4508,INE848A01014
J&KBANK,EQ,146.56,152.4,146.3,149.52,149.8,146.21,2847499,426275492.01,25-Aug-2026,24008,INE168A01041
JGCHEM,EQ,608,608,575.35,579.05,580.65,608.15,437478,256010350.50,25-Aug-2026,14921,INE0MB501011
JAGRAN,EQ,62,62.2,61.41,61.65,61.61,61.94,154523,9534692.72,25-Aug-2026,1839,INE199G01027
JAGSNPHARM,EQ,242.56,244.9,236.3,241.43,244,240.77,44621,10689129.47,25-Aug-2026,2051,INE048B01035
JAIBALAJI,EQ,68.7,68.7,64.5,65.61,66,65.52,743671,48955122.79,25-Aug-2026,3539,INE091G01026
JAICORPLTD,EQ,101.52,102.29,100.4,101.39,101.64,101.52,286391,29001443.60,25-Aug-2026,3557,INE070D01027
JISLDVREQS,EQ,21.06,21.99,20.9,20.95,20.9,21.07,7446,157895.50,25-Aug-2026,54,IN9175A01010
JISLJALEQS,EQ,27.75,28.39,27.5,27.95,28,27.95,1159115,32227380.43,25-Aug-2026,6178,INE175A01038
JAINREC,EQ,294.9,296.35,287.5,288.4,288,294.3,784049,227075684.90,25-Aug-2026,20937,INE0YD401026
JAINIK,SM,212.1,212.1,212.1,212.1,212.1,212.1,2400,509040.00,25-Aug-2026,2,INE0XIL01012
JPPOWER,EQ,17.1,17.15,16.91,16.97,16.99,17.1,23623584,401406845.06,25-Aug-2026,62257,INE351F01018
JALAN,ST,1.95,1.95,1.95,1.95,1.95,1.95,12000,23400.00,25-Aug-2026,4,INE349X01015
JAMNAAUTO,EQ,118.82,121.27,117.38,120.65,121.27,118.82,1323499,157585450.92,25-Aug-2026,10003,INE039C01032
JSFB,EQ,581.55,583.75,561.2,570.65,568,581.55,1777402,1015222872.95,25-Aug-2026,36208,INE953L01027
JARO,EQ,450,476.4,445.9,468.55,466,445.2,344066,159435117.35,25-Aug-2026,12330,INE00YJ01010
JASH,EQ,470.05,485.9,470.05,484.3,485.45,469.7,78125,37565124.50,25-Aug-2026,4454,INE039O01029
JAYBEE,SM,86.45,88,83.1,85,85,85.9,20500,1745100.00,25-Aug-2026,33,INE0SMY01017
JAYBARMARU,EQ,126.81,127.06,122.26,122.98,123,126.81,258776,32136847.16,25-Aug-2026,2972,INE571B01036
KORE,SM,134,134,116.05,124.85,116.05,128.15,10500,1334387.50,25-Aug-2026,29,INE0J6801010
JAYAGROGN,EQ,228.63,233.98,227,229.64,227.26,228.63,24987,5754260.95,25-Aug-2026,568,INE785A01026
JAYNECOIND,EQ,103.49,105.17,100.36,100.88,100.9,104.22,4832107,494443096.96,25-Aug-2026,24692,INE854B01010
JAYKAY,EQ,155.51,161.8,155,158.67,158,155.51,376351,59768615.24,25-Aug-2026,7163,INE903A01025
JAYSREETEA,EQ,104,108.54,103.7,106.57,106.01,103.7,343007,36737418.32,25-Aug-2026,3497,INE364A01020
JBMA,EQ,658.95,659.5,645.4,647.55,648.25,661.45,313030,203423713.15,25-Aug-2026,13363,INE927D01051
JSLL,EQ,515,519,509,516.3,515.35,511.3,277056,142536432.85,25-Aug-2026,13319,INE0J5801029
JENBURPH,EQ,1069.9,1069.9,1037.8,1046.2,1055,1043.8,2829,2968790.10,25-Aug-2026,57,INE354A01013
JETFREIGHT,EQ,22.73,23,22,22.32,22.59,22.51,276255,6239235.18,25-Aug-2026,1796,INE982V01025
JETKNIT,ST,53.6,53.6,53.6,53.6,53.6,56.4,750,40200.00,25-Aug-2026,1,INE564T01017
JEYYAM,ST,23.4,23.4,22.55,23.35,23.35,23,14000,324500.00,25-Aug-2026,7,INE0RXB01022
JFLLIFE,SM,10.65,10.65,10.45,10.45,10.45,10.95,36000,380400.00,25-Aug-2026,6,INE0LA901015
JHS,EQ,9.05,9.3,8.66,8.89,8.85,9.01,67127,598855.66,25-Aug-2026,289,INE544H01014
RETAIL,EQ,18,18,16.52,17.4,17.44,17,6572,114416.34,25-Aug-2026,54,INE03DD01011
JPOLYINVST,EQ,949.4,961.8,940.2,953.6,951.5,946.1,2399,2283267.10,25-Aug-2026,494,INE147P01019
JINDRILL,EQ,630.9,633.4,613.1,615.9,617,630.95,183424,113830872.85,25-Aug-2026,7105,INE742C01031
JINDALPHOT,EQ,1022,1059.8,1022,1051.2,1057.9,1019.8,1889,1973547.70,25-Aug-2026,220,INE796G01012
JINDALPOLY,EQ,640,655.5,632.1,646.6,643.9,636.85,12983,8390073.55,25-Aug-2026,818,INE197D01010
JINDALSAW,EQ,287.25,289.8,281,281.75,281.55,287.25,909612,258099841.60,25-Aug-2026,17897,INE324A01032
JSL,EQ,702.9,707.25,696.65,701.4,704.3,702.4,161234,112948668.25,25-Aug-2026,13203,INE220G01021
JINDALSTEL,EQ,1147.9,1157,1140.1,1154.1,1154.1,1149,670829,770189965.90,25-Aug-2026,20038,INE749A01030
JINDWORLD,EQ,35.6,35.64,34.8,34.96,35.14,35.7,1455958,51025285.33,25-Aug-2026,7315,INE247D01039
JKIPL,EQ,102,104.4,102,103.33,102.35,104.4,17120,1760438.11,25-Aug-2026,240,INE1FF001016
JIOFIN,EQ,242,243.15,240.4,243.15,243.15,242,9800689,2366584571.15,25-Aug-2026,59734,INE758E01017
NIFTYJBLK,EQ,12.65,12.65,12.35,12.42,12.48,12.4,131697,1634116.06,25-Aug-2026,551,INF22M001184
JITFINFRA,EQ,318.85,325.5,316,318.55,316.2,316.35,12949,4140633.85,25-Aug-2026,472,INE863T01013
JIWANRAM,SM,5.55,5.55,4.75,4.75,4.75,5,30000,151500.00,25-Aug-2026,5,INE0N5H01017
JKCEMENT,EQ,5244,5245,5171,5197.5,5204.5,5215.5,12441,64615416.50,25-Aug-2026,3481,INE823G01014
JKLAKSHMI,EQ,554.9,558,540.45,542.45,542.5,554.9,166979,91025021.15,25-Aug-2026,14446,INE786A01032
JKPAPER,EQ,393.3,393.5,386.45,388.9,390.2,393.3,214145,83537797.10,25-Aug-2026,7152,INE789E01012
JKTYRE,EQ,382,383.55,380,380.65,380.1,382.6,193842,73807920.95,25-Aug-2026,6910,INE573A01042
JKIL,EQ,504.65,505,495.8,497.05,497,504.65,32313,16117669.60,25-Aug-2026,2683,INE576I01022
JMFINANCIL,EQ,130.58,133.45,129.35,130.39,130.34,129.5,5034536,659534929.19,25-Aug-2026,31379,INE780C01023
JNKINDIA,EQ,453.5,461.95,447,453.7,451.9,450,116110,52774642.70,25-Aug-2026,4215,INE0OAF01028
JOCIL,BE,148,154,146.52,153.17,153,148,9979,1513268.77,25-Aug-2026,77,INE839G01010
COCKERILL,EQ,8079,8143,7856,7889.5,7949.5,8047.5,5112,40709333.50,25-Aug-2026,1594,INE515A01019
JSWCEMENT,EQ,126.8,126.94,124.1,124.99,125.1,126.79,560460,70113935.17,25-Aug-2026,12757,INE718I01012
JSWDULUX,EQ,3137.3,3139.9,3088,3114.3,3120,3122.9,9079,28263891.20,25-Aug-2026,2891,INE133A01011
JSWENERGY,EQ,544.55,548.4,539.15,548.4,548.4,544.7,1268060,687583069.40,25-Aug-2026,31428,INE121E01018
JSWHL,EQ,11360,11506,11112,11446,11470,11161,2861,32237304.00,25-Aug-2026,1186,INE824G01012
JSWINFRA,EQ,340.2,345.5,337.85,343.95,344.85,340.2,2348613,804350859.40,25-Aug-2026,40572,INE880J01026
JSWSTEEL,EQ,1326,1326.3,1310.1,1320.3,1320.3,1327,1234494,1624948871.70,25-Aug-2026,75974,INE019A01038
JTEKTINDIA,EQ,127.2,127.48,125,125.61,125.54,126.54,102312,12897395.07,25-Aug-2026,1706,INE643A01035
JTLIND,EQ,79.24,79.9,78.35,78.82,79,79.52,934708,73856448.54,25-Aug-2026,6584,INE391J01032
JUBLCPL,EQ,2127.1,2198,2120.7,2139.5,2142,2127.1,5315,11440969.00,25-Aug-2026,599,INE03CC01015
JUBLFOOD,EQ,506.5,515,504.95,515,515,507.9,2203796,1123951775.40,25-Aug-2026,39474,INE797F01020
JUBLINGREA,EQ,711.25,720.8,705,706.8,705.65,708.2,135879,96750621.90,25-Aug-2026,9789,INE0BY001018
JUBLPHARMA,EQ,905.3,921.7,892.7,896.65,896,902.7,191721,174053541.15,25-Aug-2026,13803,INE700A01033
JMA,EQ,88,90,87.51,89.54,89.5,88.96,8811,781458.17,25-Aug-2026,52,INE412C01023
JNPR,EQ,260.7,268.65,257.01,258.96,259.7,261.99,709261,185206157.10,25-Aug-2026,21993,INE05C901015
JUNIPER,EQ,209.9,213.37,205.6,211.67,212,209.12,179523,37554863.93,25-Aug-2026,3586,INE696F01016
JLHL,EQ,308,308,295.15,298.7,301.25,307.85,330397,98875841.55,25-Aug-2026,10381,INE682M01020
JWL,EQ,248.4,253.45,245.25,246.9,247.15,247.85,625980,155328487.55,25-Aug-2026,12372,INE209L01016
JUSTDIAL,EQ,664.95,666,652.6,655.45,653.6,664.95,73841,48552267.70,25-Aug-2026,4827,INE599M01018
JYOTHYLAB,EQ,213.3,214.14,210,212.64,212.7,212.57,915660,194375211.63,25-Aug-2026,16462,INE668F01031
JYOTICNC,EQ,980.25,1007.1,976.95,989.95,997,980.25,903848,897283497.30,25-Aug-2026,32474,INE980O01024
JYOTIRES,EQ,853.4,879.75,835.3,864.6,879.75,860.5,16021,13560702.05,25-Aug-2026,1119,INE577D01013
JYOTISTRUC,EQ,10.65,10.73,10.41,10.5,10.52,10.67,4241824,44773509.87,25-Aug-2026,3445,INE197A01024
KJMCFIN,EQ,64.56,77,64.56,71.97,70.26,71.73,13899,975630.06,25-Aug-2026,260,INE533C01018
KMCSHIL,EQ,139.6,141.6,137.5,140.22,140.9,139.25,72174,10019087.90,25-Aug-2026,1389,INE879K01018
KMSUGAR,EQ,34.04,35,31.12,32.48,32.65,34.05,552868,18206012.89,25-Aug-2026,2586,INE157H01023
KPEL,EQ,257,257,249.65,253.45,254.65,256.75,229515,57941826.70,25-Aug-2026,4904,INE127T01021
K2INFRA,ST,50.4,51.85,48.95,50.55,51,50.4,18000,897000.00,25-Aug-2026,27,INE0DEZ01013
KABRAEXTRU,EQ,611.95,616.45,591.25,609.15,612,611.1,270498,163319969.60,25-Aug-2026,10294,INE900B01029
KKJEWELS,SM,98.55,100.8,98,98.5,98.5,98.2,9000,889150.00,25-Aug-2026,9,INE0XOW01017
KAJARIACER,EQ,1205.6,1227,1192.4,1213.9,1214.9,1205.6,164716,199616280.70,25-Aug-2026,10397,INE217B01036
KAKATCEM,EQ,118.85,118.85,115,115.62,115,117.38,1346,156597.10,25-Aug-2026,247,INE437B01014
KALANA,SM,26.75,26.75,25.7,26.6,26.6,25.5,48000,1277600.00,25-Aug-2026,21,INE0T0L01014
KALPATARU,EQ,289.7,289.7,277.5,279.15,278,286.9,32954,9272378.45,25-Aug-2026,1168,INE227J01012
KPIL,EQ,1388.9,1402.7,1380.5,1384.4,1385,1388.9,130685,181512421.30,25-Aug-2026,15580,INE220B01022
KALYANKJIL,EQ,607.95,625.3,604.25,612.6,612.6,607.95,11752343,7223799240.05,25-Aug-2026,100012,INE303R01014
KALYANIFRG,EQ,684.9,684.9,666.2,677.95,672,679.8,656,442677.55,25-Aug-2026,100,INE314G01014
KICL,EQ,5268,5340,5219,5238,5231,5272.5,406,2135745.50,25-Aug-2026,131,INE029L01018
KSL,EQ,879,885.3,866.3,874.2,879,876.45,18022,15759861.50,25-Aug-2026,1615,INE907A01026
KAMAHOLD,EQ,2430.2,2443.9,2387.8,2394.4,2409.6,2417.4,6974,16760421.90,25-Aug-2026,887,INE411F01010
KAMANWALA,EQ,17.5,17.5,16.5,16.56,16.5,16.97,596,9921.15,25-Aug-2026,20,INE344D01018
KAMATHOTEL,EQ,223,229.8,215,227.2,229.44,225.94,163009,36070365.70,25-Aug-2026,4206,INE967C01018
KAMDHENU,BE,34,35.99,34,35.44,35.5,34.57,853936,30086969.51,25-Aug-2026,2008,INE390H01020
KAMOPAINTS,EQ,4.63,4.84,4.5,4.58,4.58,4.62,212004,981828.70,25-Aug-2026,722,INE0BTI01037
KANANIIND,EQ,1.52,1.52,1.45,1.45,1.45,1.49,142464,209551.74,25-Aug-2026,238,INE879E01037
KANCHI,EQ,392.3,392.3,382.3,392.3,392.3,373.65,8126,3186495.30,25-Aug-2026,152,INE081G01019
KANCOTEA,EQ,56.35,56.45,51.65,56.45,56.45,56.35,106,5506.95,25-Aug-2026,6,INE398L01017
KANDARP,SM,104,104,97.55,102.9,102.9,99.9,63000,6337800.00,25-Aug-2026,28,INE0MOT01016
KANORICHEM,BE,156.45,162,152.5,158.95,155.73,154.67,113269,17842649.49,25-Aug-2026,360,INE138C01024
KANPRPLA,EQ,278.4,283.14,276.01,277.19,276.66,275.96,53611,14970109.12,25-Aug-2026,1519,INE694E01014
KANSAINER,EQ,201.66,202.99,198.55,200.43,200.49,201.56,114463,22938917.44,25-Aug-2026,3513,INE531A01024
KAPSTON,EQ,512.2,519.25,502.6,511.5,515,512.2,39865,20371782.80,25-Aug-2026,2013,INE542Z01028
KARMAENG,EQ,38.21,38.99,37.65,38.2,38.79,38.21,3120,119027.93,25-Aug-2026,47,INE725L01011
KTKBANK,EQ,333.25,337.7,332,334.6,335.85,333.25,2784058,930657126.45,25-Aug-2026,34203,INE614B01018
KARNIKA,SM,115,116,112.45,114.45,114,115.3,50000,5701350.00,25-Aug-2026,34,INE0MGA01012
KARURVYSYA,EQ,337.95,347.9,337,346,345.55,338.15,2922187,1010032607.20,25-Aug-2026,46484,INE036D01028
KATARIA,SM,105.7,106,104.1,104.1,104.1,106,3000,316680.00,25-Aug-2026,4,INE0SVY01018
KAUSHALYA,BE,885,892.8,861.4,883.8,861.4,885,91,80446.85,25-Aug-2026,19,INE234I01028
KLL,SM,22.9,22.9,22.2,22.5,22.2,22.9,4800,107720.00,25-Aug-2026,6,INE0Q2V01012
KSCL,EQ,768.35,793.6,760.85,786.85,786.1,768.35,291436,228633162.25,25-Aug-2026,9487,INE455I01029
KAVDEFENCE,EQ,57.2,62.09,56.8,59.51,60,57.12,311832,18526865.30,25-Aug-2026,2100,INE641C01019
KCEIL,SM,82.1,84.5,82.05,83.4,83.95,82.55,11000,918575.00,25-Aug-2026,20,INE0RCG01017
KAYA,BE,367.35,375,349,349.85,352,367.35,23219,8151954.50,25-Aug-2026,182,INE587G01015
KAYNES,EQ,3859.3,3996.5,3804,3936,3936,3840.2,1815929,7145310632.00,25-Aug-2026,136426,INE918Z01012
KAYTEX,SM,59.25,59.25,58,58.5,58.5,60,2400,140600.00,25-Aug-2026,3,INE13ZD01013
KCK,ST,13.75,14.4,13.75,13.95,14.4,14.45,70000,971500.00,25-Aug-2026,20,INE0J1E01027
KCP,EQ,174.51,178.46,171.57,177.06,176.35,176.62,301672,52847895.61,25-Aug-2026,5096,INE805C01028
KCPSUGIND,BE,33.85,34.75,32.6,33.68,34,34.31,209322,7001337.06,25-Aug-2026,571,INE790B01024
KDDL,EQ,3900,4011.5,3855.3,3924.6,3927.3,3848.7,71886,284659989.70,25-Aug-2026,9813,INE291D01011
KEC,EQ,430.5,433.9,425.2,426.35,426,431.35,608190,260250143.05,25-Aug-2026,14883,INE389H01022
KEI,EQ,5496,5590.2,5482.9,5588,5588,5494,435936,2411332705.60,25-Aug-2026,38064,INE878B01027
KELLTONTEC,EQ,13.76,14.05,13.55,13.63,13.65,13.76,1302102,17862723.12,25-Aug-2026,3571,INE164B01030
KEN,SM,39.55,40.1,39.55,40.05,40.1,39.9,9600,382860.00,25-Aug-2026,8,INE15DO01012
KENNAMET,EQ,4190,4241.9,4103,4132.1,4110,4232,28142,116728243.30,25-Aug-2026,6046,INE717A01029
KERNEX,EQ,1958,1959,1885.6,1899.4,1905,1966.8,163771,312084764.70,25-Aug-2026,11878,INE202H01019
KESORAMIND,BE,11.35,11.35,11.33,11.33,11.33,11.35,106597,1208857.89,25-Aug-2026,206,INE087A01019
KKCL,EQ,523,523,512.8,515.45,515,522.9,13202,6818186.75,25-Aug-2026,1273,INE401H01017
KEYFINSERV,EQ,260,267.95,255,256.45,255.6,263,1585,409052.55,25-Aug-2026,58,INE681C01015
RUSTOMJEE,EQ,376.2,379.6,372,374.2,372,379.05,24484,9212417.05,25-Aug-2026,978,INE263M01029
KFINTECH,EQ,970,976.6,956.2,966,966,969.9,707013,682017946.75,25-Aug-2026,17691,INE138Y01010
KHADIM,BE,105.29,106.94,103.3,106.94,106.94,101.85,38493,4093030.51,25-Aug-2026,174,INE834I01025
KHAITANLTD,EQ,151.8,151.8,144.01,146.98,148.9,151.94,1954,288278.16,25-Aug-2026,56,INE731C01018
KHAICHEM,EQ,54.21,58.79,54.21,56.75,56.8,53.96,897796,51427162.49,25-Aug-2026,6616,INE745B01028
KHANDSE,EQ,18.15,18.5,17,17.09,17.09,17.11,3694,65990.56,25-Aug-2026,32,INE060B01014
KHFM,SM,43.45,44.95,42,44.95,44.95,45.3,17050,736560.00,25-Aug-2026,11,INE00UG01014
KLBRENG-B,EQ,400,400,389.05,393.9,393.2,398.35,188822,74433488.30,25-Aug-2026,4250,INE338F01015
KILITCH,BE,165.9,175.1,164.4,171.04,172.38,166.89,28059,4772292.07,25-Aug-2026,248,INE729D01010
KINGFA,EQ,5837,5946,5731,5909.5,5905,5744,12406,72771531.50,25-Aug-2026,3466,INE473D01015
KIOCL,EQ,387.7,389.25,379,379.8,380,388.3,91621,35037375.80,25-Aug-2026,3393,INE880L01014
KIRANVYPAR,EQ,202.99,203,200.35,202.5,202.5,200.99,4556,923221.47,25-Aug-2026,29,INE555P01013
KIRIINDUS,EQ,506,511,496.8,498.7,497.5,502.4,842684,424189087.40,25-Aug-2026,18150,INE415I01015
KIRLOSBROS,EQ,1939.1,1939.1,1886,1899,1900,1922.4,28327,53834652.80,25-Aug-2026,4523,INE732A01036
KECL,EQ,132.4,132.4,128.25,129.03,129,131.57,122655,15929282.92,25-Aug-2026,1864,INE134B01017
KIRLFER,EQ,441.4,444.25,436,442.5,442.8,444.1,19763,8703603.45,25-Aug-2026,1557,INE884B01025
KIRLOSIND,EQ,3633.9,3714.6,3633.9,3701.1,3710,3663.8,1755,6458218.90,25-Aug-2026,603,INE250A01039
KIRLOSENG,EQ,2075,2088.2,2025.8,2029.3,2028,2068.3,270982,553186315.10,25-Aug-2026,36137,INE146L01010
KIRLPNU,EQ,729.9,736.9,716.1,721.9,721.3,729.6,98887,71529046.20,25-Aug-2026,9297,INE811A01038
KITEX,EQ,127.16,127.97,125.68,126.56,126.7,127.16,233788,29641190.38,25-Aug-2026,2878,INE602G01020
KNAGRI,EQ,225,227.69,213.25,218.01,218.87,221.2,72200,15737627.82,25-Aug-2026,831,INE0KNW01016
KNACK,EQ,203,203.9,194.6,196.58,197.5,202.03,1003094,198566526.49,25-Aug-2026,11154,INE17QZ01016
KMEW,EQ,2705,2735,2660.4,2685.1,2695.5,2712.7,40991,110180922.40,25-Aug-2026,7124,INE0CJD01029
KRT,RR,116.8,117.1,115.95,116.53,116.78,116.86,430171,50148446.16,25-Aug-2026,4984,INE1JAR25012
KNRCON,EQ,127.95,127.95,123.1,123.79,124,127.15,1858731,231381185.01,25-Aug-2026,20285,INE634I01029
KODYTECH,ST,1453.4,1453.4,1390,1443,1444,1453.4,12000,17036570.00,25-Aug-2026,54,INE0Q7P01013
KOHINOOR,EQ,36,38.47,35.51,35.78,35.72,36.47,267850,9859983.60,25-Aug-2026,2457,INE080B01012
KOKUYOCMLN,EQ,81.55,83,78.9,79.11,79.15,82.34,86886,6939297.44,25-Aug-2026,929,INE760A01029
KOLTEPATIL,EQ,453,461.95,443.65,459.45,460,452.1,181065,82356026.10,25-Aug-2026,6765,INE094I01018
KONSTELEC,ST,58.55,58.6,58.55,58.6,58.6,55.85,16000,937350.00,25-Aug-2026,7,INE0QEI01011
KONTOR,SM,58,59.95,58,59.35,59.8,57.65,11400,673920.00,25-Aug-2026,13,INE0KZ301010
KOPRAN,BE,195,195,188,192.5,192.5,193.88,67197,12909997.63,25-Aug-2026,609,INE082A01010
KDL,SM,101.4,106.95,99.15,106.85,106.95,97.25,59100,6245302.50,25-Aug-2026,245,INE0O4R01018
GOLD1,EQ,133.69,134.94,133.51,134.03,133.9,134.48,1289621,173017305.89,25-Aug-2026,7339,INF174KA1HJ8
KOTAKBANK,EQ,398.3,402.05,398.15,401.6,401.6,401.45,10154716,4067868976.10,25-Aug-2026,128106,INE237A01036
NIFTY1,EQ,275.64,275.64,267,269.63,269.75,268.92,41665,11197254.12,25-Aug-2026,1171,INF174K014P6
PSUBANK,EQ,87.38,87.38,83.96,85.99,86.1,85.36,3220859,276885469.80,25-Aug-2026,895,INF174KA1A86
CHEMICAL,EQ,30.06,30.34,29.94,30.18,30.23,30.07,356043,10705964.12,25-Aug-2026,1032,INF174KA1XV0
ALPHA,EQ,54.39,54.68,54.03,54.61,54.6,54.35,553469,30092958.46,25-Aug-2026,2129,INF174KA1IA5
CONS,EQ,12.47,12.54,12.31,12.38,12.45,12.36,7843,97195.58,25-Aug-2026,81,INF174KA1ZF8
IT,EQ,33.76,34.16,33.65,33.93,33.81,33.83,248585,8418293.85,25-Aug-2026,734,INF174KA1GC5
LIQUID1,EQ,1119.66,1120.69,1119.52,1119.86,1119.85,1119.55,791809,886715295.37,25-Aug-2026,502,INF174KA1LV5
LOWVOL1,EQ,21.2,21.43,21.19,21.39,21.43,21.34,174147,3704855.28,25-Aug-2026,156,INF174KA1IY5
MIDCAP,EQ,18.72,18.92,18.65,18.82,18.85,18.72,409372,7656959.09,25-Aug-2026,708,INF174KA1ZC5
MNC,EQ,34.21,34.89,33.96,34.29,34.36,34.21,56047,1912363.80,25-Aug-2026,425,INF174KA1JF2
SILVER1,EQ,23.54,23.54,23.16,23.25,23.25,23.54,4755519,110687504.72,25-Aug-2026,5696,INF174KA1ZD3
NV20,EQ,13.99,13.99,13.87,13.93,13.98,13.93,53290,740650.61,25-Aug-2026,175,INF174KA1ZE1
MID150,EQ,23.34,23.93,23.34,23.91,23.92,23.82,19922,474032.99,25-Aug-2026,145,INF174KA1VW2
MOMENTUM30,EQ,31.39,31.39,30.94,31.21,31.37,30.97,17345,539015.30,25-Aug-2026,67,INF174KA1XS6
MSCIINDIA,EQ,30.15,30.34,29.98,30.29,30.34,29.96,12970,390182.25,25-Aug-2026,71,INF174KA1VD2
NEXT50ETF,EQ,74.54,75.26,74.34,74.71,75.25,74.58,150661,11256372.18,25-Aug-2026,118,INF174KA1YO3
NIFTY100EW,EQ,34.64,36.08,34.64,35.69,35.92,35.35,273247,9709062.33,25-Aug-2026,164,INF174KA1UW4
PVTBANK,EQ,27.97,27.97,27.46,27.61,27.65,27.7,6079,168265.23,25-Aug-2026,28,INF174KA1A94
QUALITY30,EQ,21.03,21.03,20.82,20.96,20.96,20.82,16014,334445.75,25-Aug-2026,43,INF174KA1WT6
BANKNIFTY1,EQ,61.01,61.01,59.45,59.61,59.57,59.53,16563254,986565729.34,25-Aug-2026,1513,INF174KA1ZB7
KOTIC,EQ,157.02,159.7,145.2,146.69,146.16,155.55,15386,2320563.65,25-Aug-2026,503,INE972A01020
KOTHARIPET,EQ,134.99,135.85,133.21,134.05,133.62,134.25,31292,4205051.84,25-Aug-2026,756,INE720A01015
KOTHARIPRO,EQ,69.98,70.65,68.34,68.92,69.02,68.52,4864,336805.22,25-Aug-2026,124,INE823A01017
KOTARISUG,EQ,38.6,38.6,35.25,35.25,35.25,39.16,805383,29303165.54,25-Aug-2026,3207,INE419A01022
KOTYARK,BE,34.4,35.25,33.81,34.46,34.35,35.52,173677,5978096.21,25-Aug-2026,562,INE0J0B01017
KOVAI,EQ,5951,6000,5905.5,5985.5,5962,5925.5,3612,21547401.50,25-Aug-2026,1290,INE177F01017
KPIGREEN,EQ,322.05,323.65,316.55,319.25,319.65,321.15,490139,156276921.80,25-Aug-2026,12575,INE542W01025
KPITTECH,EQ,583.1,592,577,592,592,583.1,1582973,921566280.45,25-Aug-2026,25632,INE04I401011
KPRMILL,EQ,1110,1125,1100.1,1120,1122,1112.3,136421,151829987.80,25-Aug-2026,11098,INE930H01031
KRBL,EQ,436,436,419,423,423.9,437.8,1535674,656215963.70,25-Aug-2026,27950,INE001B01026
KREBSBIO,EQ,53.5,54.38,52.99,53.78,53.9,53.15,4704,251984.66,25-Aug-2026,273,INE268B01013
KRIDHANINF,BE,2.06,2.08,1.99,2.05,2.05,2.04,23196,47370.66,25-Aug-2026,60,INE524L01026
KRISHANA,EQ,199.02,204.7,196.58,201.72,201,199.68,1569099,316985500.45,25-Aug-2026,14797,INE506W01020
KRISHCA,SM,170.1,171.55,166.8,170.65,171,169.45,11000,1855500.00,25-Aug-2026,20,INE0NR701018
KRISHIVAL,EQ,409.1,410.2,405,406.25,405.35,408.5,10510,4275570.80,25-Aug-2026,512,INE0GGO01015
KRISHNADEF,EQ,1014.4,1048.6,1014.4,1030.6,1034,1018.4,81197,83817762.70,25-Aug-2026,6867,INE0J5601015
KIMS,EQ,770,783.4,765.5,772.5,770.1,766.35,1119308,866619484.50,25-Aug-2026,25275,INE967H01025
KRITI,EQ,65,67.39,63.7,64.35,64,65.11,32019,2091584.37,25-Aug-2026,283,INE479D01038
KRITINUT,EQ,88.68,91.99,88.06,90.39,90.81,88.68,14617,1320992.35,25-Aug-2026,332,INE798K01010
KRITIKA,EQ,5.5,5.63,5.4,5.49,5.53,5.48,100206,554595.43,25-Aug-2026,358,INE00Z501029
KRMAYURVED,SM,274,274,269.25,270,270,269.4,57000,15430850.00,25-Aug-2026,27,INE1MTV01019
KRN,EQ,1470,1540,1465,1524.8,1535,1471.2,251622,383589951.90,25-Aug-2026,18327,INE0Q3J01015
KRONOX,EQ,205.36,205.36,184.83,186.14,186.73,205.36,1026770,195337921.58,25-Aug-2026,14131,INE0ATZ01017
KROSS,EQ,209.54,215.2,208,209.11,208.8,209.6,374846,79280914.23,25-Aug-2026,8212,INE0O6601022
KRSNAA,EQ,564,569.1,560,564.8,560.6,563,22306,12574416.70,25-Aug-2026,1741,INE08LI01020
KRYSTAL,EQ,648,654.45,620,621.05,620.05,640.4,30001,18859788.85,25-Aug-2026,1129,INE0QN801017
KSB,EQ,788,808,785.65,802.85,805,791.75,206809,165499452.70,25-Aug-2026,16409,INE999A01023
KSE,EQ,176.26,178,174,175.94,176.99,176.26,26206,4601810.53,25-Aug-2026,716,INE953E01022
KSHINTL,EQ,982.35,989.8,962.5,970.2,970,978.95,132107,128887313.95,25-Aug-2026,10815,INE987S01020
KSHITIJPOL,EQ,2.88,2.97,2.88,2.97,2.97,2.83,1431205,4245344.26,25-Aug-2026,621,INE013801027
KSOLVES,EQ,275.75,276,271.55,274.15,274,274.45,11188,3055768.20,25-Aug-2026,789,INE0D6I01023
KSR,EQ,29.4,29.99,28.12,28.65,29,28.8,33612,964348.69,25-Aug-2026,98,INE1SPP01016
KUANTUM,EQ,72.41,74,71.1,72.12,72.2,73,87346,6347925.96,25-Aug-2026,1266,INE529I01021
KUSUMGAR,EQ,609,616,595,599.2,596.9,604.65,318445,192008376.85,25-Aug-2026,8602,INE0ISX01025
KPL,EQ,3465.9,3529.8,3350,3373.1,3374,3452.2,45124,154312420.20,25-Aug-2026,5489,INE552U01010
KWIL,EQ,48.4,50.35,46.81,47.19,47.4,48.63,51218456,2479443905.80,25-Aug-2026,93456,INE2KCE01013
LKPSEC,EQ,16.29,16.64,15.05,15.89,15.9,16.37,39573,631802.03,25-Aug-2026,93,INE341H01023
LTF,EQ,315.9,320.8,315.15,319.5,319.5,315.85,3760223,1198579931.85,25-Aug-2026,36888,INE498L01015
LTTS,EQ,3597.8,3609.3,3550.1,3568.2,3570,3584.6,36489,130255894.20,25-Aug-2026,7713,INE010V01017
LAOPALA,EQ,169.46,173.95,166.5,170.88,170.2,169.46,276685,46841262.58,25-Aug-2026,12024,INE059D01020
LADDERUP,EQ,51.5,51.5,49,49,49,51.2,281,14338.00,25-Aug-2026,8,INE519D01015
LAGNAM,EQ,74.6,76.99,74.6,75.93,75.55,75.96,3062,232343.78,25-Aug-2026,95,INE548Z01017
LAHOTIOV,EQ,41.75,42.49,41.51,42.17,42.17,41.95,2411,101163.18,25-Aug-2026,10,INE515C01023
LFIC,EQ,138,140.01,137.91,138.04,138.05,137.31,773,106923.79,25-Aug-2026,16,INE850E01012
LAKSHMIMIL,EQ,8120,8350,7900,8020.5,8150,8164,30,241193.00,25-Aug-2026,26,INE938C01019
LAKPRE,BZ,4.37,4.37,4.1,4.28,4.28,4.28,1060,4526.09,25-Aug-2026,5,INE651C01018
LAKSHYA,SM,85.9,85.9,82.6,83.95,83.95,82.5,5600,471440.00,25-Aug-2026,7,INE0VZS01015
LALITHAA,EQ,250,259.19,248,249.87,250.25,248.44,29783775,7533079017.63,25-Aug-2026,250087,INE0K9O01026
LAMBODHARA,EQ,144,145.85,130.2,142.03,143.29,141.69,423658,58905120.42,25-Aug-2026,6551,INE112F01022
LAMOSAIC,ST,56.15,58,54.65,57.35,58,56.15,55800,3161640.00,25-Aug-2026,46,INE0R0201012
LANCER,EQ,10.98,11.48,10.3,11.34,11.45,10.86,735822,8193800.39,25-Aug-2026,942,INE359U01028
LANCORHOL,EQ,33.2,33.9,30.9,32.14,32.46,32.62,465423,15201936.82,25-Aug-2026,5732,INE572G01025
LANDMARK,EQ,536.05,537.9,525.05,528.45,529.9,541.75,65953,35127393.85,25-Aug-2026,3759,INE559R01029
LPDC,EQ,7.05,7.3,7.05,7.18,7.21,7.25,27312,195553.69,25-Aug-2026,119,INE197J01017
LANDSMILL,EQ,0.75,0.76,0.69,0.7,0.72,0.74,6015449,4307805.29,25-Aug-2026,1524,INE688J01023
LT,EQ,4085,4125.3,4066.6,4119,4119,4090,1316074,5388612321.60,25-Aug-2026,76173,INE018A01030
LASA,EQ,7.05,7.5,6.76,7.07,7,7.26,32176,226753.07,25-Aug-2026,163,INE670X01014
LASERPOWER,EQ,334,343.5,331.1,335.4,336.6,334.5,1330667,449536088.50,25-Aug-2026,21277,INE17IR01028
LATENTVIEW,EQ,278.5,281.35,277.45,279.35,278.1,278.5,233761,65250318.55,25-Aug-2026,6534,INE0I7C01011
LATTEYS,EQ,23.05,23.05,22,22.25,22.1,23.08,44345,994658.81,25-Aug-2026,206,INE262Z01023
LAURUSLABS,EQ,1808,1869.4,1796.5,1866.2,1866.2,1801,3550945,6518258780.50,25-Aug-2026,60860,INE947Q01028
LAXMICOT,EQ,13.8,14.13,13.2,13.67,13.6,13.74,24014,324072.24,25-Aug-2026,100,INE801V01019
LAXMIDENTL,EQ,196.35,196.35,192.44,193.1,193,194.99,62870,12153196.86,25-Aug-2026,1721,INE0WO601020
LGHL,EQ,182.66,182.66,172,174.84,176,178.2,7367,1292189.35,25-Aug-2026,455,INE258Y01016
LAXMIINDIA,EQ,124.5,129.5,121.66,125.96,127.65,125.5,395709,49268407.62,25-Aug-2026,3146,INE06WU01026
LXCHEM,EQ,174,175.44,169.5,170.5,170.8,173.18,658611,112875468.03,25-Aug-2026,8581,INE576O01020
LCCINFOTEC,EQ,3.53,3.53,3.31,3.41,3.41,3.53,100687,341944.08,25-Aug-2026,180,INE938A01021
LEMERITE,EQ,23.3,23.58,22.45,22.9,23,22.46,296619,6822277.05,25-Aug-2026,653,INE0G1L01025
IXIGO,EQ,168.59,170.77,166.7,168.37,169.39,167.68,688164,116038708.39,25-Aug-2026,26428,INE0HV901016
LRRPL,SM,85,85,83,83,83,84,6000,505500.00,25-Aug-2026,4,INE0H4B01011
LEAPIND,EQ,158.66,162.45,157.45,158.31,157.5,159.36,3568532,570151752.84,25-Aug-2026,30836,INE00GO01025
LEENEE,EQ,10.72,11.48,9.81,9.91,9.93,10.5,81045,843788.57,25-Aug-2026,543,INE791B01014
THELEELA,EQ,545.5,559.9,540.5,554.9,555.85,549.7,440804,243567794.45,25-Aug-2026,26595,INE0AQ201015
LEMONTREE,EQ,109,109.5,108.15,109.21,109.38,108.56,1541936,167693507.56,25-Aug-2026,22847,INE970X01018
LENSKART,EQ,655.95,670.5,647.1,655.95,650.6,659.75,6221160,4112762582.50,25-Aug-2026,108791,INE956O01016
LEXUS,EQ,14.49,14.49,13.13,13.27,13.49,13.8,21392,288197.37,25-Aug-2026,117,INE500X01013
LGBBROSLTD,EQ,1608.6,1618,1592.1,1611.5,1618,1602.2,15587,25047028.70,25-Aug-2026,1817,INE337A01034
LGEINDIA,EQ,1662.3,1695,1654,1690.4,1686.7,1664.2,614640,1033595818.10,25-Aug-2026,39387,INE324D01010
LIBAS,EQ,9.71,10.25,9.71,10.15,10.18,9.96,43855,442511.44,25-Aug-2026,135,INE908V01012
LIBERTSHOE,EQ,243.75,250.95,241.35,247.15,247.6,243.8,64963,16017148.65,25-Aug-2026,1970,INE557B01019
LICHSGFIN,EQ,490,506.4,489.15,506,506,491.4,3617182,1801945034.65,25-Aug-2026,37319,INE115A01026
LICMFGOLD,EQ,144.9,145.5,143.85,145,145.15,144.55,113234,16413876.05,25-Aug-2026,1114,INF767K01SM1
LICNETFN50,EQ,272.36,274.58,270.44,274.58,274.58,272.11,302,81772.16,25-Aug-2026,21,INF767K01OS7
LICNETFSEN,EQ,877.27,880,872.06,880,880,876.83,64,56164.62,25-Aug-2026,10,INF767K01OT5
LICNFNHGP,EQ,278.75,278.96,278.75,278.82,278.82,278.75,71,19801.38,25-Aug-2026,8,INF767K01PC8
LICNETFGSC,EQ,29.56,29.72,29.52,29.59,29.52,29.56,26681,790524.48,25-Aug-2026,146,INF767K01MV5
LICNMID100,EQ,64.07,64.74,63.61,64.74,64.74,64.01,105789,6733292.85,25-Aug-2026,104,INF767K01RN1
LICI,EQ,421.9,428.15,420.2,424,424,421.85,11707497,4963837158.70,25-Aug-2026,73045,INE0J1Y01017
LIKHITHA,EQ,210.2,212.99,207.1,210.78,211.75,210.98,19975,4193380.62,25-Aug-2026,499,INE060901027
LINC,EQ,95.01,98.01,95.01,96.11,96,96.21,12031,1160214.73,25-Aug-2026,394,INE802B01027
LINCOLN,EQ,616.8,631.3,609.2,618.2,618,612.25,44784,27814240.05,25-Aug-2026,2214,INE405C01035
LINDEINDIA,EQ,6540,6599.5,6458,6493.5,6466,6531,18701,121682067.50,25-Aug-2026,5211,INE473A01011
LLOYDSENGG,EQ,87.3,88.12,84.6,85.73,85.65,87.17,7442006,639882323.21,25-Aug-2026,28621,INE093R01011
LLOYDSENT,EQ,74.1,74.65,72.98,74.07,73.8,74.06,2861883,211371625.42,25-Aug-2026,13958,INE080I01025
LLOYDS,SM,61,64,61,64,64,61,12000,761900.00,25-Aug-2026,8,INE0DTQ01028
LLOYDSME,EQ,1825.2,1857.4,1808.5,1844.7,1840,1831.7,240207,440281435.30,25-Aug-2026,16674,INE281B01032
LMW,EQ,19568,19682,19261,19358,19340,19558,2080,40409481.00,25-Aug-2026,839,INE269B01029
LODHA,EQ,1257.5,1283,1253.1,1281.1,1281.1,1258.4,2232829,2841217539.00,25-Aug-2026,46108,INE670K01029
LCL,EQ,582.9,599.5,575,587,588.95,584.1,837602,493091473.25,25-Aug-2026,30476,INE0QJW01029
LOKESHMACH,BE,320.2,326.9,308.55,313,314,320.2,11793,3726986.50,25-Aug-2026,182,INE397H01017
LORDSCHLO,EQ,135,136.66,131.13,134.49,135.5,132.25,14794,1959322.02,25-Aug-2026,482,INE846D01012
LAL,EQ,8.8,9.09,8.78,8.83,8.84,9.01,12307,108796.90,25-Aug-2026,90,INE740X01023
LOTUSCHO,EQ,620,632,617.05,625.4,632,622.2,5672,3559791.90,25-Aug-2026,196,INE026D01011
LOTUSEYE,EQ,116.07,116.49,112.3,113.99,115,115.5,18144,2079961.12,25-Aug-2026,247,INE947I01017
LOVABLE,EQ,71.16,73.1,71.1,71.28,71.5,72.43,6665,478372.80,25-Aug-2026,195,INE597L01014
LTFOODS,EQ,456.75,459,439.25,445.8,445.95,459,2571532,1146229336.95,25-Aug-2026,58664,INE818H01020
LTM,EQ,4529.7,4550,4469.1,4528,4528,4525.7,204574,923077622.40,25-Aug-2026,19267,INE214T01019
LUMAXTECH,EQ,1966,1966,1900,1932.1,1920,1964.3,113432,218196963.00,25-Aug-2026,17415,INE872H01027
LUMAXIND,EQ,5820,5940,5716,5909,5882.5,5808.5,9541,55764733.00,25-Aug-2026,3498,INE162B01018
LUPIN,EQ,2182.6,2189.9,2158.1,2175.5,2175.5,2188,545272,1185119924.10,25-Aug-2026,30401,INE326A01037
LUXIND,EQ,1221.2,1230.2,1208.2,1227.1,1230,1212.4,26508,32348255.70,25-Aug-2026,2394,INE150G01020
LYKALABS,BE,76.58,76.58,73.59,73.59,73.59,75.09,53758,4114165.01,25-Aug-2026,77,INE933A01014
MBEL,EQ,274.6,275.7,270.6,272.05,272,272.7,72817,19826248.45,25-Aug-2026,5432,INE08N601015
MKEXIM,EQ,61,63,60.1,61.88,63,60.11,37428,2305980.10,25-Aug-2026,383,INE227F01010
MKPL,EQ,4.17,4.18,4.08,4.12,4.11,4.16,61239,253322.66,25-Aug-2026,364,INE964W01021
MCL,EQ,58.66,59.8,57.55,57.74,58,58.66,20576,1193660.78,25-Aug-2026,726,INE813V01022
M&MFIN,EQ,378.7,385.95,377.8,381.45,381.95,378.7,1967122,749480030.70,25-Aug-2026,49266,INE774D01024
MVKAGRO,SM,160.05,160.05,160.05,160.05,160.05,168.45,166500,26648325.00,25-Aug-2026,79,INE0SGC01015
MAANALU,EQ,121.58,121.58,117.36,118.32,119,119.04,28171,3353359.09,25-Aug-2026,662,INE215I01027
MCCHRLS-B,EQ,698,698,668.05,673.2,692,683.55,31,21160.75,25-Aug-2026,12,INE435D01014
MACPOWER,EQ,1963.4,2050,1853,1903,1927,1963.4,100601,198931840.10,25-Aug-2026,10647,INE155Z01011
MADHAVIPL,EQ,7.54,7.54,7.16,7.23,7.19,7.22,93653,679842.62,25-Aug-2026,259,INE631R01026
MADHAV,EQ,35.14,36.9,34.65,35.46,36,35.14,4492,160573.26,25-Aug-2026,50,INE925C01016
MADHUCON,BE,5.38,5.38,4.95,5.1,5.04,5.15,17964,92874.55,25-Aug-2026,47,INE378D01032
MADHUSUDAN,ST,214,219.2,211.8,213.25,212.2,222.75,26000,5573400.00,25-Aug-2026,25,INE0P6701019
MBAPL,EQ,171,172,167.44,168.55,168.99,168.91,601736,102325224.33,25-Aug-2026,8932,INE900L01028
MADRASFERT,EQ,67,71.99,66.8,69.81,69.57,65.66,1345351,94577176.67,25-Aug-2026,8661,INE414A01015
MAFATIND,EQ,122,123.59,119.02,120.92,121,121.56,32004,3865326.74,25-Aug-2026,1006,INE270B01035
MAGADSUGAR,EQ,594.45,604.7,580,582.35,580.8,601.05,70144,41301630.55,25-Aug-2026,4749,INE347W01011
MCLOUD,EQ,29.58,29.7,28.7,29,29.03,29.58,3759566,109287751.21,25-Aug-2026,4570,INE613C01026
MAGNUM,EQ,19.6,19.6,18.51,19.26,19.36,19.45,18607,356480.91,25-Aug-2026,88,INE387I01016
MAGSON,SM,182.5,182.5,182.5,182.5,182.5,183.2,14000,2555000.00,25-Aug-2026,12,INE0O1S01012
MAHAPEXLTD,EQ,61.5,61.5,57.77,58.85,57.77,59.98,5973,355284.40,25-Aug-2026,159,INE843B01013
MFML,EQ,19.48,19.48,18.62,18.8,19.45,18.93,73,1394.73,25-Aug-2026,12,INE0US801024
MHLXMIRU,BE,189,189.2,182,185,185,189.18,4715,882539.95,25-Aug-2026,33,INE112D01035
MAHASTEEL,BE,1185,1205,1170.1,1202.1,1202,1175.7,35107,41776101.60,25-Aug-2026,767,INE451L01014
MGL,EQ,1131,1131,1100,1101.4,1101.1,1127.7,262893,292311330.40,25-Aug-2026,21415,INE002S01010
MTNL,EQ,26.5,26.73,26.4,26.57,26.59,26.46,494319,13137114.71,25-Aug-2026,2273,INE153A01019
MAHSCOOTER,EQ,13139,13338,13001,13216,13248,13063,2847,37660162.00,25-Aug-2026,958,INE288A01013
MAHSEAMLES,EQ,634.9,655.95,632,636.55,639.9,634.75,305342,196562041.35,25-Aug-2026,17419,INE271B01025
MAHESHWARI,BE,75.24,76.81,74.01,74.96,74.95,74.55,32120,2431871.81,25-Aug-2026,103,INE263W01010
MAHICKRA,SM,299,299,288,288,288,284.95,2250,656962.50,25-Aug-2026,3,INE961Y01015
M&M,EQ,3414.1,3443,3396.8,3443,3443,3414.1,1078022,3683851340.30,25-Aug-2026,64811,INE101A01026
MAHEPC,EQ,106.9,106.99,105.08,106.2,105.61,106.69,13077,1389823.65,25-Aug-2026,352,INE215D01010
MHRIL,EQ,221.2,222.64,218,219.1,219.46,221.05,88912,19519589.65,25-Aug-2026,2385,INE998I01010
MAHLIFE,EQ,379.15,383,375,376.55,376,379.15,81225,30754003.35,25-Aug-2026,4245,INE813A01018
MAHLOG,EQ,403.1,405.8,396.1,399.7,400.5,403.1,95410,38115791.35,25-Aug-2026,5985,INE766P01016
MAITHANALL,EQ,999,999.05,983.25,988.75,984,993.95,22169,21933542.80,25-Aug-2026,968,INE683C01011
MAITREYA,SM,114.95,117.6,112.25,112.25,112.25,112.85,2400,276880.00,25-Aug-2026,6,INE0PLQ01011
MAJESAUT,BE,369.9,369.9,355.05,359.15,362,362.05,2316,839534.75,25-Aug-2026,114,INE201B01022
MAKERSL,EQ,228,236,212.55,215.51,215.7,220.86,76863,17143819.01,25-Aug-2026,1924,INE987A01010
MAKS,SM,15,15,14,14,14,14.7,6000,85650.00,25-Aug-2026,4,INE0CDK01019
MALLCOM,EQ,962,1030,962,1016.8,1021,969.25,4104,4087108.95,25-Aug-2026,241,INE389C01015
MALUPAPER,EQ,31.38,32.61,31.34,32.01,32.1,31.38,14601,469903.64,25-Aug-2026,169,INE383H01017
MAMATA,EQ,417.5,417.5,407.3,410.4,414,417.5,16125,6620571.35,25-Aug-2026,1074,INE0TO701015
MANAKCOAT,EQ,125,125.69,123,124.09,124.9,124.77,100398,12506853.30,25-Aug-2026,1491,INE830Q01018
MANINDS,EQ,719.15,729,704.4,711.5,714.5,718.1,472295,339774721.20,25-Aug-2026,18188,INE993A01026
MANINFRA,EQ,114.38,114.47,112.14,113.86,113.95,113.68,884939,100373725.37,25-Aug-2026,6416,INE949H01023
MANAKALUCO,EQ,36.8,41.68,36.8,40.04,40.19,37.26,188666,7527043.17,25-Aug-2026,2429,INE859Q01017
MANAKSIA,EQ,57.4,58.44,56.51,57.7,57.31,58.1,8381,482249.68,25-Aug-2026,160,INE015D01022
MANAKSTEEL,EQ,88.89,88.89,86.25,86.74,86.33,87.38,30318,2649112.28,25-Aug-2026,306,INE824Q01011
MANALIPETC,EQ,74.5,77.14,74.41,74.87,75,74.91,976418,73794195.55,25-Aug-2026,6811,INE201A01024
MANAPPURAM,EQ,366.25,369.7,363.3,367.45,367.45,365.05,4778127,1752848613.15,25-Aug-2026,41445,INE522D01027
MANBA,EQ,129.3,131.6,126.37,127.61,128.5,129.08,115450,14820626.62,25-Aug-2026,847,INE939X01013
MANBRO,EQ,59.45,60.5,59.01,59.66,59.9,59.04,220837,13098077.31,25-Aug-2026,1317,INE348N01042
MANCREDIT,EQ,222.64,224.86,220,222.17,223,222.63,18317,4075857.30,25-Aug-2026,534,INE545L01039
MEIL,EQ,262,301.2,258.4,276.2,275.75,261.05,618782,172913763.70,25-Aug-2026,20246,INE0PKD01011
MAL,SM,30.65,30.95,30.25,30.4,30.55,31.8,20800,635600.00,25-Aug-2026,11,INE00C401011
MANGLMCEM,EQ,1050,1060,1002.05,1034.5,1032,1045.4,116826,121949836.30,25-Aug-2026,5063,INE347A01017
MANGALAM,EQ,30.44,33.39,30,32.84,32.61,30.44,273648,8782137.66,25-Aug-2026,1791,INE584F01014
MGEL,BE,14.98,14.98,14.41,14.53,14.52,14.5,59843,873152.19,25-Aug-2026,166,INE0APB01032
MANORG,EQ,479.85,502,479.7,500.4,501,480.5,16836,8323889.15,25-Aug-2026,1185,INE370D01013
MSL,EQ,151.99,151.99,149.2,149.2,149.2,153.07,6,909.15,25-Aug-2026,2,INE829S01016
MWL,EQ,41.08,41.08,40,40.18,40,40.79,126649,5110810.28,25-Aug-2026,585,INE0JYY01029
MIEL,SM,11.9,11.9,11.9,11.9,11.9,12.4,2000,23800.00,25-Aug-2026,1,INE0R3101011
MANILAM,SM,47.95,47.95,47.95,47.95,47.95,46,2000,95900.00,25-Aug-2026,1,INE1ERK01013
MANIPALHOS,EQ,743.05,768.5,743,762.8,765.15,741.05,2348541,1782326351.85,25-Aug-2026,62351,INE459N01021
MANKIND,EQ,2374.4,2374.4,2337.6,2365,2365,2374.5,415562,979720757.20,25-Aug-2026,16936,INE634S01028
MVGJL,EQ,151.4,152.59,148.82,151.2,151,151.59,32627,4927922.58,25-Aug-2026,882,INE0KNT01012
MANOMAY,EQ,214.75,218.34,210.6,215.57,215.45,214.76,67567,14544126.91,25-Aug-2026,1232,INE784W01015
MANORAMA,EQ,1905.8,1930,1896.1,1914.6,1906,1909.4,157027,300462991.10,25-Aug-2026,15655,INE00VM01036
MANUGRAPH,BE,15.99,16,15.36,15.99,15.99,15.92,8111,128028.58,25-Aug-2026,19,INE867A01022
MARALOVER,EQ,55,55.99,53.47,55,55.64,55.16,5298,291140.21,25-Aug-2026,58,INE882A01013
MARATHON,EQ,434,440,396.1,402.4,398.4,422.8,2065646,868087533.15,25-Aug-2026,49369,INE182D01020
MARC,SM,145,145.95,136,145.1,145.25,142.65,24000,3434160.00,25-Aug-2026,19,INE0TD401015
MARCO,SM,32.05,33.45,32,33.45,33.45,33.5,6000,194325.00,25-Aug-2026,4,INE0QP001012
MARICO,EQ,845.1,848,838.2,847.5,847.5,846.1,507512,428149058.05,25-Aug-2026,19081,INE196A01026
MARINE,EQ,385,388.95,369.25,373.5,374,382.9,459518,173200586.75,25-Aug-2026,12674,INE01JE01028
MARKOLINES,EQ,171.08,173.24,169.09,171.95,171.5,171.01,219360,37652948.05,25-Aug-2026,1412,INE0FW001016
MARKSANS,EQ,326.3,330.75,315.1,318.5,318.7,323.9,1686249,539906455.95,25-Aug-2026,28408,INE750C01026
MARSONS,EQ,120.7,124.99,120.02,123.4,123.41,120.97,4140791,510264463.40,25-Aug-2026,11556,INE415B01044
MARUSHIKA,SM,108.5,108.5,108.5,108.5,108.5,109,1200,130200.00,25-Aug-2026,1,INE0X7G01013
MARUTI,EQ,13609,13678,13450,13678,13678,13620,296429,4014703843.00,25-Aug-2026,47618,INE585B01010
MDL,ST,52.95,53.55,52.95,53.55,53.55,51,5000,266450.00,25-Aug-2026,5,INE575Z01010
MASFIN,EQ,293,301.9,289.3,299.6,299.25,292.6,213138,63494569.55,25-Aug-2026,7715,INE348L01012
MASKINVEST,EQ,150,150,144.41,144.5,144.5,152,258,37428.10,25-Aug-2026,44,INE885F01015
MASON,SM,117.5,124.9,113,121.45,121.15,117.5,118500,14432650.00,25-Aug-2026,120,INE0SH001010
MASTEK,EQ,1695,1697.5,1655.7,1666.5,1663.1,1685,46331,77297032.00,25-Aug-2026,10226,INE759A01021
MASTER,SM,435,435,435,435,435,443,500,217500.00,25-Aug-2026,1,INE0OJM01017
MASTERTR,EQ,84.01,85.75,82.15,82.83,82.85,84.34,213309,17894921.34,25-Aug-2026,1089,INE677D01037
MATRIMONY,EQ,517.25,538,516.35,519.25,518.8,521.45,6996,3652100.75,25-Aug-2026,747,INE866R01028
MGSL,SM,85.5,85.5,85.5,85.5,85.5,85.35,1200,102600.00,25-Aug-2026,1,INE132901013
MAWANASUG,EQ,149,150,140,143.68,143.6,150.81,838255,121691451.67,25-Aug-2026,12147,INE636A01039
MAXESTATES,EQ,543.1,562.2,540.25,556.05,560,549.15,350806,193818076.45,25-Aug-2026,16592,INE03EI01018
MFSL,EQ,1587.7,1600.4,1570,1592.5,1592.5,1569.8,944748,1501984572.00,25-Aug-2026,53906,INE180A01020
MAXHEALTH,EQ,990.5,1016,980.3,1016,1016,990.5,1889964,1882402603.30,25-Aug-2026,46887,INE027H01010
MAXIND,EQ,154.34,154.34,150,150.66,150,154.37,29532,4487150.87,25-Aug-2026,868,INE0CG601016
MAXVOLT,SM,341.9,348.7,329.5,340.15,336.5,337.25,35600,12057920.00,25-Aug-2026,74,INE10A501018
MAYASHEEL,SM,37.9,37.9,37.9,37.9,37.9,37,6000,227400.00,25-Aug-2026,2,INE0ZTO01018
MAYURUNIQ,EQ,774.4,774.4,740.05,745.4,743.7,770.05,65868,49290969.60,25-Aug-2026,4748,INE040D01038
MAZDOCK,EQ,2539.9,2621.7,2520,2610,2610,2540,1640159,4233112263.30,25-Aug-2026,42363,INE249Z01020
MAZDA,BE,235.1,242,235.1,240.08,240,235.49,10743,2577640.08,25-Aug-2026,110,INE885E01042
MBLINFRA,EQ,23.9,23.9,23.37,23.68,23.7,23.37,10400,246485.21,25-Aug-2026,80,INE912H01013
MCLEODRUSS,EQ,50.9,51.04,49.1,50.53,50.16,49.91,196809,9872570.09,25-Aug-2026,1623,INE942G01012
MCON,SM,43.8,43.8,43.8,43.8,43.8,46.1,2000,87600.00,25-Aug-2026,2,INE0O4M01019
MEDIASSIST,EQ,355.95,367,349.65,351.2,351,357.05,692862,246938911.60,25-Aug-2026,20459,INE456Z01021
MEDICAPQ,EQ,26.43,27.99,25,26,26,25.48,6092,161519.94,25-Aug-2026,82,INE442D01010
MMWL,EQ,15.46,16.19,15.42,15.77,16,15.42,136296,2179306.26,25-Aug-2026,821,INE200D01020
MEDICAMEQ,EQ,232.2,238.48,232.2,237.94,238.45,233.53,9467,2238112.80,25-Aug-2026,326,INE646B01010
MEDIORG,SM,23.15,23.15,22.55,22.55,22.55,23.15,10000,226700.00,25-Aug-2026,3,INE0PE401018
MEDICO,EQ,42.03,43,41.46,42.06,41.46,42.03,517156,21986524.20,25-Aug-2026,1707,INE630Y01024
MEDPLUS,EQ,677,681.55,671.65,678.15,681.1,676.6,208739,141340882.60,25-Aug-2026,8902,INE804L01022
MEESHO,EQ,205.19,209.95,202,206.32,204.99,205.07,17211698,3562709157.78,25-Aug-2026,131939,INE0VDM01015
MEGASTAR,EQ,313.75,314.1,305.3,305.6,305.5,309.25,2638,814581.15,25-Aug-2026,81,INE00EM01016
MEGATHERM,SM,220.55,224,216.05,222.05,222.05,220,14000,3078080.00,25-Aug-2026,28,INE531R01010
MOL,EQ,64.36,64.99,61.9,62.51,62.78,64.43,1543832,97391916.40,25-Aug-2026,8440,INE0CT101020
MIIL,EQ,711.05,738.45,703.05,722.05,719.75,707.8,100151,71424344.20,25-Aug-2026,1927,INE898Q01015
MENONBE,BE,261.98,272,249.39,264.5,272,260.96,96276,24640192.71,25-Aug-2026,1061,INE071D01033
MENNPIS,EQ,71.48,71.97,69.6,70.54,70,71.35,62146,4373401.43,25-Aug-2026,915,INE650G01029
MEP,BZ,0.69,0.69,0.69,0.69,0.69,0.68,26541,18313.29,25-Aug-2026,10,INE776I01010
MERCANTILE,EQ,24.22,25.77,24,24.49,24.9,24.77,1718,42272.98,25-Aug-2026,33,INE689O01013
MERCURYEV,EQ,39.5,39.5,36.1,37.4,37.59,39.2,169903,6537137.90,25-Aug-2026,1348,INE763M01028
METALIC,ST,131.25,138.55,131.25,135.65,135,137.5,52800,7197440.00,25-Aug-2026,31,INE1II801013
METROBRAND,EQ,916.2,925,901,922.1,921,909.9,27546,25205323.90,25-Aug-2026,4704,INE317I01021
METROGLOBL,EQ,143.28,145,137.01,138.94,139,143.28,5938,830255.55,25-Aug-2026,137,INE085D01033
METROPOLIS,EQ,566.95,569,563,566.7,567.5,563.35,150521,85248585.70,25-Aug-2026,8089,INE112L01020
MICEL,BE,36,36.7,35.7,35.9,36.24,36.15,85966,3088633.70,25-Aug-2026,838,INE287C01037
MICROPRO,SM,18.95,18.95,18.95,18.95,18.95,18.9,1600,30320.00,25-Aug-2026,1,INE0PZK01014
MIDWESTLTD,EQ,1155,1170,1140,1149,1147,1152.6,7492,8609137.80,25-Aug-2026,578,INE0XAD01024
MLKFOOD,EQ,90.04,92,89.32,91.21,90.07,91.88,11060,1005935.58,25-Aug-2026,180,INE588G01021
MILKYMIST,EQ,198,205.7,197,201.92,200.6,196.66,15543026,3140270773.40,25-Aug-2026,99960,INE00IT01020
MINALIND,EQ,3.4,3.74,3.15,3.63,3.62,3.49,693303,2377704.94,25-Aug-2026,1438,INE097E01028
MINDACORP,EQ,720.95,734.85,696.75,703.55,708,719.95,667361,471943084.50,25-Aug-2026,40201,INE842C01021
MINDSPACE,RR,498.7,498.8,494.25,494.38,494.45,496.75,284272,140940652.96,25-Aug-2026,7717,INE0CCU25019
MINDTECK,EQ,170,171.79,166.21,169.35,170,169.08,30228,5102999.70,25-Aug-2026,1029,INE110B01017
ALPHAETF,EQ,26.96,27.2,26.87,27.17,27.15,26.85,492963,13338836.77,25-Aug-2026,876,INF769K01KU7
BANKETF,EQ,584.21,587.64,584.21,586.5,587.1,585.1,75025,43995113.49,25-Aug-2026,642,INF769K01KR3
BANKPSU,EQ,86.29,86.94,86.08,86.92,86.94,85.87,9931,861404.72,25-Aug-2026,53,INF769K01LZ4
CONSUMER,EQ,12.3,12.44,12.27,12.39,12.41,12.3,111707,1378986.42,25-Aug-2026,280,INF769K01NS5
DEFENCE,EQ,83.72,83.72,81.3,82.38,82.56,82.08,234783,19290842.08,25-Aug-2026,682,INF769K01QC2
DIVIDEND,EQ,35.85,35.85,35.6,35.77,35.81,35.85,3309,118253.61,25-Aug-2026,72,INF769K01PY8
ENERGY,EQ,39.43,39.43,38.27,38.45,38.5,38.47,119278,4577481.91,25-Aug-2026,989,INF769K01PR2
EQUAL200,EQ,13.99,14.08,13.94,14.05,14.08,13.99,18574,259620.69,25-Aug-2026,47,INF769K01OA1
EQUAL50,EQ,333.5,335.43,333,335.43,335.43,334.52,2786,930345.25,25-Aug-2026,23,INF769K01OO2
EVINDIA,EQ,33.5,33.6,33.3,33.49,33.59,33.49,179391,5993713.63,25-Aug-2026,1668,INF769K01LQ3
HEALTHCARE,EQ,21.39,21.66,21.33,21.59,21.66,21.39,65536,1402862.57,25-Aug-2026,137,INF769K01QA6
HYBRIDETF,EQ,10.33,10.35,9.87,10.15,10.16,10.13,13406,135654.12,25-Aug-2026,63,INF769K01RJ5
INFRA,EQ,12.16,12.22,12.12,12.21,12.22,12.15,18543,226101.69,25-Aug-2026,151,INF769K01QB4
INTERNET,EQ,14.55,14.8,14.39,14.77,14.8,14.68,172139,2523080.07,25-Aug-2026,227,INF769K01PB6
ITETF,EQ,32.76,32.76,32.13,32.5,32.6,32.37,143146,4625248.28,25-Aug-2026,533,INF769K01KV5
LARGEMID50,EQ,36.8,36.92,36.75,36.83,36.83,36.71,9786,360046.36,25-Aug-2026,10,INF769K01RK3
LIQUID,EQ,1000,1000,999.99,999.99,1000,999.99,176298,176297003.83,25-Aug-2026,152,INF769K01KS1
LIQUIDPLUS,EQ,1100.5,1100.52,1100.5,1100.5,1100.52,1100.21,59164,65110444.38,25-Aug-2026,310,INF769K01MY5
ESG,EQ,41.71,41.88,41.53,41.87,41.88,41.59,2460,102562.90,25-Aug-2026,54,INF769K01GS9
MAFANG,EQ,206.26,206.94,206.26,206.94,206.94,205.87,136421,28230860.31,25-Aug-2026,4833,INF769K01HF4
BFSI,EQ,27.16,27.35,27.14,27.27,27.35,27.16,330438,9002637.75,25-Aug-2026,649,INF769K01HI8
GOLDETF,EQ,156.52,156.75,155.51,156.17,156.3,156.11,1299275,202851548.65,25-Aug-2026,14527,INF769K01JP9
GSEC10YEAR,EQ,30.52,30.58,30.38,30.45,30.38,30.37,440,13373.90,25-Aug-2026,18,INF769K01KF8
MAHKTECH,EQ,23.38,23.38,22.75,22.88,22.94,22.83,469214,10745752.78,25-Aug-2026,4411,INF769K01HS7
MIDCAPETF,EQ,23.96,24.09,23.89,24.04,24.04,23.96,1427564,34228318.22,25-Aug-2026,3931,INF769K01IC9
MAKEINDIA,EQ,167.99,169.04,166.92,168.14,169.04,167.93,43860,7354780.12,25-Aug-2026,411,INF769K01IB1
NIFTYETF,EQ,260.86,265.3,260.86,264.78,264.55,263.49,69487,18311770.53,25-Aug-2026,648,INF769K01EG9
LOWVOL,EQ,207.95,208.45,207.32,208.1,208.11,208.35,3547,738013.19,25-Aug-2026,17,INF769K01JU9
NEXT50,EQ,763.5,769,761.39,768.19,769,763.32,18363,14061588.96,25-Aug-2026,1363,INF769K01FN2
SILVERAG,EQ,233.39,235.01,232.18,233.46,233.3,235.99,307652,71816367.25,25-Aug-2026,2831,INF769K01KG6
MASPTOP50,EQ,79.95,79.95,79.95,79.95,79.95,79.6,122161,9766771.95,25-Aug-2026,153,INF769K01HP3
METAL,EQ,13.8,13.8,13.36,13.45,13.49,13.47,1778710,23885400.83,25-Aug-2026,3613,INF769K01LY7
MIDSMALL,EQ,51.23,52.34,51.23,52.24,52.34,52.28,332303,17330554.33,25-Aug-2026,2781,INF769K01LJ8
MOMMIDCAP,EQ,13.5,13.5,13.09,13.22,13.25,13.11,2273299,29960716.36,25-Aug-2026,541,INF769K01RC0
MULTICAP,EQ,16.96,16.96,16.8,16.89,16.93,16.88,1114614,18748127.24,25-Aug-2026,537,INF769K01LX9
SELECTIPO,EQ,49,49.27,48.86,49.18,49.26,48.91,46488,2278932.05,25-Aug-2026,132,INF769K01ON4
SENSEXETF,EQ,79.85,80.25,79.61,80.18,80.25,79.85,15846,1264937.87,25-Aug-2026,184,INF769K01KT9
SMALL250,EQ,18.66,18.66,18.36,18.42,18.43,18.45,505416,9305605.95,25-Aug-2026,624,INF769K01PQ4
SMALLCAP,EQ,49,49.3,48.58,48.75,48.72,48.88,1039458,50621031.29,25-Aug-2026,3421,INF769K01LC3
TOP20,EQ,9,9,8.96,9,9,8.97,29684,266791.02,25-Aug-2026,89,INF769K01PZ5
VALUE,EQ,16.24,16.24,16.1,16.2,16.2,16.14,6002,97126.57,25-Aug-2026,57,INF769K01QV2
MIRZAINT,EQ,31.1,32.79,31.1,32.3,32.49,31.36,222450,7170456.64,25-Aug-2026,1827,INE771A01026
MIDHANI,EQ,417,418.85,411.5,414.4,413.5,418.1,789570,326802763.60,25-Aug-2026,13224,INE099Z01011
MITCON,BE,79.88,79.88,75.87,77.04,75.87,79.86,3645,280160.28,25-Aug-2026,40,INE828O01033
MITTAL,EQ,0.87,0.89,0.83,0.85,0.86,0.88,1123584,956740.53,25-Aug-2026,504,INE997Y01027
MMFL,EQ,636,642.45,628,629.95,635,635.8,59383,37605292.40,25-Aug-2026,3766,INE227C01017
MMP,EQ,396,408,386.35,389.7,389,394.1,60122,23886688.75,25-Aug-2026,2213,INE511Y01018
MMTC,EQ,64.84,65.45,63.58,63.9,64,64.61,1677272,107918016.87,25-Aug-2026,8148,INE123F01029
MOBILISE,SM,104,110.25,104,110.25,110.25,105,20800,2274320.00,25-Aug-2026,8,INE1YNB01019
MODTHREAD,EQ,55.01,58.69,52,56.8,56.99,54.21,10948,606242.47,25-Aug-2026,140,INE794W01014
MODINATUR,BE,359,371.4,359,371.4,371.4,353.75,19502,7153492.70,25-Aug-2026,186,INE537F01012
MODIRUBBER,EQ,135,139.95,127.3,138.44,136.63,129.37,20818,2818856.14,25-Aug-2026,672,INE832A01018
MODIS,EQ,382.5,383,372,378.05,376,379.25,19628,7380052.15,25-Aug-2026,735,INE0L0L01012
MODISONLTD,BE,398,416,392.1,414.85,415.85,396.8,136470,55211817.00,25-Aug-2026,1418,INE737D01021
875MOF27,N0,107541.15,107541.15,107541.15,107541.15,107541.15,106286.73,1,107541.15,25-Aug-2026,1,INE01WN07136
MHHL,SM,31.45,31.45,31.45,31.45,31.45,33.1,3000,94350.00,25-Aug-2026,2,INE450S01011
MOHITIND,EQ,23.8,25,23.26,24.06,24.28,23.16,25643,615613.39,25-Aug-2026,203,INE954E01012
MOHITE,EQ,2.47,2.62,2.46,2.54,2.54,2.51,11300,28635.63,25-Aug-2026,78,INE154B01023
MOIL,EQ,255.8,257.2,252.5,254.3,254.2,255.4,667470,169841770.05,25-Aug-2026,17196,INE490G01020
MOKSH,EQ,10.44,10.48,10.1,10.13,10.17,10.34,289288,2945587.53,25-Aug-2026,311,INE514Y01020
MOLBIO,EQ,1224.15,1247,1180.05,1227.35,1244,1199.3,2430947,2953538290.65,25-Aug-2026,104904,INE869T01028
MOLDTKPAC,EQ,716.25,719.95,704.7,706.8,707.5,716.25,62342,44199792.85,25-Aug-2026,2487,INE893J01029
MOLDTECH,BE,196.62,196.62,187,191.54,195,193.62,48207,9329326.79,25-Aug-2026,501,INE835B01035
MONARCH,EQ,387.5,388.95,378,383.25,381.85,384.8,66174,25359192.30,25-Aug-2026,1587,INE903D01011
MONEYBOXX,EQ,56.85,60,56,56.39,56,56,9176,520464.58,25-Aug-2026,95,INE296Q01012
MONOPHARMA,SM,8.8,8.8,8.65,8.65,8.65,8.75,8000,70100.00,25-Aug-2026,4,INE0OIP01012
MONOLITH,SM,1060,1118.65,1058.9,1100.4,1108,1058.9,66250,72598862.50,25-Aug-2026,207,INE1DV401010
MONTECARLO,EQ,550.7,557.65,537.9,545.1,537.9,550.05,67529,36983875.45,25-Aug-2026,1619,INE950M01013
MOREPENLAB,EQ,94.91,95.57,92.7,93.9,94,95.22,8974075,842718476.09,25-Aug-2026,29532,INE083A01026
MOS,ST,11.45,11.45,10.9,10.9,10.9,11.45,148000,1619000.00,25-Aug-2026,22,INE0N7S01028
MOSCHIP,EQ,206,206.95,204.5,205.35,205.25,205.84,695326,142864176.33,25-Aug-2026,7828,INE935B01025
MSUMI,EQ,37.6,37.7,36.54,36.82,36.84,37.75,18493879,680844107.26,25-Aug-2026,85538,INE0FS801015
MOM100,EQ,68.85,69.4,68.64,69.22,69.13,68.86,140167,9667671.78,25-Aug-2026,2005,INF247L01023
MON100,EQ,329.05,329.05,327.98,329.05,329.05,327.98,504985,166155794.31,25-Aug-2026,14623,INF247L01AP3
MOTILALOFS,EQ,992,1019.9,992,1011.5,1011.5,990,1836119,1852696148.50,25-Aug-2026,57220,INE338I01027
MOM50,EQ,253.9,255.05,252.48,254.22,252.94,252.6,1912,484454.92,25-Aug-2026,88,INF247L01536
MOGSEC,EQ,65.17,65.7,65.13,65.16,65.15,65.36,18151,1185983.90,25-Aug-2026,42,INF247L01AK4
MOALPHA50,EQ,56.11,56.62,56.1,56.59,56.3,56.39,4562,257453.79,25-Aug-2026,49,INF247L01FR8
MOBANK10,EQ,17.02,17.02,16.89,16.9,16.9,16.94,1582,26848.98,25-Aug-2026,40,INF247L01GV8
MOCAPITAL,EQ,54.9,55.42,54.73,55.3,55.39,54.9,2391215,131977379.71,25-Aug-2026,2549,INF247L01EV3
MODEFENCE,EQ,109.7,109.7,106.01,107.23,107.45,107.03,1072538,114326467.90,25-Aug-2026,7250,INF247L01DJ0
MOENERGY,EQ,38.4,38.41,38.15,38.33,38.35,38.38,47383,1814171.51,25-Aug-2026,687,INF247L01GH7
MOGOLD,EQ,159.65,159.65,158.15,158.55,158.55,159.1,47287,7510654.15,25-Aug-2026,594,INF247L01FY4
MOHEALTH,EQ,51.24,51.69,51,51.56,51.67,51.24,55544,2855284.27,25-Aug-2026,482,INF247L01BB1
MOINFRA,EQ,59.47,59.61,59.02,59.36,59.61,59.44,4050,239587.40,25-Aug-2026,71,INF247L01FL1
MOIPO,EQ,48.99,49.35,48.52,49.35,49.35,48.84,20578,1004694.39,25-Aug-2026,46,INF247L01GI5
MOLOWVOL,EQ,36.81,36.92,36.56,36.65,36.92,36.74,1628,59620.45,25-Aug-2026,42,INF247L01BL0
MOMENTUM50,EQ,54.31,54.99,54.26,54.85,54.83,54.36,367559,20061641.52,25-Aug-2026,1395,INF247L01DK8
MOMETAL,EQ,13.65,13.65,13.28,13.32,13.32,13.36,4895,65198.36,25-Aug-2026,26,INF247L01HG7
MOMGF,EQ,164.75,164.76,164.18,164.76,164.76,164.18,178,29307.63,25-Aug-2026,14,INF247L01FK3
MOMIDMTM,EQ,65.19,65.44,64.71,65.22,65.44,64.96,89749,5836803.62,25-Aug-2026,343,INF247L01FQ0
MOMNC,EQ,33.11,33.28,32.92,33.27,33.28,33.16,4506,148720.68,25-Aug-2026,24,INF247L01GK1
MOMOMENTUM,EQ,62.57,63.33,62.57,63.29,63.1,62.57,225557,14155610.74,25-Aug-2026,367,INF247L01BK2
MON50EQUAL,EQ,33.58,33.78,33.48,33.69,33.78,33.92,29003,974841.27,25-Aug-2026,53,INF247L01FC0
MONEXT50,EQ,73.98,74.62,73.59,74.61,74.62,74.16,2538,188088.34,25-Aug-2026,60,INF247L01FD8
MONIFTY100,EQ,25.54,25.69,25.44,25.64,25.69,25.54,8585,219039.47,25-Aug-2026,60,INF247L01GG9
MONIFTY500,EQ,24.03,24.24,23.77,24.09,24.07,24.02,564732,13569996.49,25-Aug-2026,1229,INF247L01BU1
MONQ50,EQ,147.84,147.84,147.84,147.84,147.84,146.46,47941,7087597.44,25-Aug-2026,344,INF247L01AU3
MOOILGAS,EQ,11.47,11.47,11.15,11.22,11.23,11.21,20026,224166.06,25-Aug-2026,45,INF247L01HH5
MOPSE,EQ,99.49,100.5,99.16,99.84,99.89,101.86,8655,859398.88,25-Aug-2026,70,INF247L01FO5
MOQUALITY,EQ,203.28,204.13,201,202.85,204.13,202.28,651,131639.19,25-Aug-2026,34,INF247L01BH8
MOREALTY,EQ,91.5,92,91.16,91.77,91.85,91.54,307002,28150089.00,25-Aug-2026,1282,INF247L01CI4
MOSERVICE,EQ,31.1,31.5,30.92,31.19,31.24,31.1,1217,37768.25,25-Aug-2026,24,INF247L01GJ3
MOSILVER,EQ,238.49,238.72,235.87,236.4,236.89,239.49,50633,11992061.30,25-Aug-2026,2559,INF247L01FZ1
MOSMALL250,EQ,18.54,18.54,18.38,18.48,18.52,18.46,690151,12725346.73,25-Aug-2026,2057,INF247L01CH6
MOTOUR,EQ,79.69,80.07,79.14,79.84,79.75,79.33,20435,1622424.53,25-Aug-2026,121,INF247L01FP2
MOVALUE,EQ,113.16,113.68,113.1,113.5,113.68,113.07,52827,5988064.94,25-Aug-2026,507,INF247L01BE5
MOTISONS,EQ,16.6,16.68,15.85,16.29,16.36,16.46,38460687,623191369.15,25-Aug-2026,35233,INE0FRK01020
MOTOGENFIN,BE,26.74,26.89,26.17,26.74,26.74,25.95,2370,63323.78,25-Aug-2026,11,INE861B01023
MMEL,SM,26.95,26.95,24.8,24.9,24.9,25.4,14000,352300.00,25-Aug-2026,7,INE0XM301010
MPDL,EQ,41.3,41.3,37.44,37.44,37.44,41.59,11252,425082.07,25-Aug-2026,150,INE493H01014
MPHASIS,EQ,2436.7,2443.6,2400.5,2431.9,2431.9,2427,78365,189351411.80,25-Aug-2026,6892,INE356A01018
MPSLTD,EQ,2738,2748.6,2660,2705.1,2702.8,2734.8,45576,122837390.00,25-Aug-2026,5654,INE943D01017
MRF,EQ,134240,134385,131400,132295,132455,134365,6400,850796045.00,25-Aug-2026,2999,INE883A01011
MRPL,EQ,174,174.3,171.26,171.84,171.9,173.84,2791179,481017630.47,25-Aug-2026,18368,INE103A01014
BECTORFOOD,EQ,258.7,258.8,250,250.89,252,257.29,631876,159972403.89,25-Aug-2026,11819,INE495P01020
MSPL,EQ,33.12,33.85,33.12,33.46,33.85,33.78,551397,18460882.60,25-Aug-2026,3535,INE752G01015
MSTCLTD,EQ,732.75,734.5,717.05,727.95,725,730.6,252518,183492252.65,25-Aug-2026,11173,INE255X01014
MTEDUCARE,BE,1.75,1.85,1.74,1.78,1.74,1.83,18369,32430.21,25-Aug-2026,57,INE472M01018
MTARTECH,BE,6834.5,6970,6730.5,6928.5,6930,6812,55629,381600497.00,25-Aug-2026,9861,INE864I01014
MUFIN,EQ,138.51,139.39,137.29,138.02,137.6,138.61,387907,53609924.29,25-Aug-2026,2039,INE08KJ01020
MUKANDLTD,EQ,135.51,136.49,134.31,135.11,134.9,135.68,51620,6966029.97,25-Aug-2026,1072,INE304A01026
MUKESHB,EQ,138,144.9,138,144.9,144.9,138,58,8054.25,25-Aug-2026,5,INE596B01017
MUKKA,EQ,25.58,26.49,25.1,25.78,25.85,25.8,371184,9628615.44,25-Aug-2026,1785,INE0CG401037
MUKTAARTS,BE,56.94,56.94,56.5,56.5,56.5,56.94,1076,60882.00,25-Aug-2026,5,INE374B01019
MCX,EQ,3290,3308.7,3254.3,3280,3280,3268,2029898,6653078392.50,25-Aug-2026,95067,INE745G01043
MUNISH,SM,77.5,77.5,77,77.25,77.25,76.25,12000,926400.00,25-Aug-2026,9,INE1K8Y01018
MUNJALAU,EQ,112,113.4,110.86,112.68,113.23,112.14,431382,48301823.33,25-Aug-2026,5459,INE672B01032
MUNJALSHOW,EQ,132.72,132.72,130.51,131.85,132,131.78,18224,2398168.45,25-Aug-2026,650,INE577A01027
MURUDCERA,EQ,30,31.1,30,30.65,30.56,30.48,16971,521479.46,25-Aug-2026,126,INE692B01014
RADIOCITY,EQ,6.88,6.88,6.54,6.59,6.64,6.53,26785,176735.87,25-Aug-2026,83,INE919I01024
MUTHOOTCAP,EQ,255.41,255.41,244.01,245.08,244.5,248.41,13018,3214074.25,25-Aug-2026,449,INE296G01013
MUTHOOTFIN,EQ,3209,3227.7,3166.4,3201,3201,3209,837716,2682479524.30,25-Aug-2026,38504,INE414G01012
MUTHOOTMF,EQ,212.81,212.81,207.9,212.04,212.4,211.33,247964,52178716.95,25-Aug-2026,4391,INE046W01019
MVELECTRO,EQ,579,582.7,559,564.15,565,578.95,367077,209096914.80,25-Aug-2026,10103,INE0OWZ01020
MYMUDRA,SM,72.65,74,72.05,73.05,73.05,73.95,9600,701280.00,25-Aug-2026,8,INE0RVQ01016
MYSORPETRO,BE,153,153,145.86,145.86,145.86,153.53,7301,1067729.27,25-Aug-2026,97,INE741A01011
NRAIL,EQ,524,524,504,509.65,504,518.8,1780,916936.20,25-Aug-2026,221,INE740D01017
NRVANDANA,ST,63.5,65.2,63.2,64.1,63.5,66.5,45000,2859750.00,25-Aug-2026,15,INE104101014
NTCIND,EQ,144.8,145,132.65,136.89,138,139.85,2502,345828.08,25-Aug-2026,152,INE920C01017
NBIFIN,EQ,2000,2000,1968.3,1990.6,1998.7,1988,110,218003.30,25-Aug-2026,31,INE365I01020
NACLIND,EQ,178.5,185.41,175.93,181.65,181.92,176.02,1002431,182019719.55,25-Aug-2026,18322,INE295D01020
NDGL,EQ,2696.6,2712.1,2685,2706.7,2702,2710.1,429,1162277.00,25-Aug-2026,48,INE756C01015
NAGREEKCAP,EQ,22.9,23.9,22.9,23.05,23.7,23.18,4325,100926.01,25-Aug-2026,95,INE245I01016
NAGREEKEXP,EQ,22.3,22.99,22.3,22.69,22.69,22.57,3154,71644.11,25-Aug-2026,32,INE123B01028
NAHARCAP,EQ,257.24,263.61,255.2,259.99,255.2,257.22,3102,805545.43,25-Aug-2026,79,INE049I01012
NAHARINDUS,EQ,153,154,136,139.23,138.51,147.6,389640,55810400.78,25-Aug-2026,6563,INE289A01011
NAHARPOLY,EQ,241,246.2,240.1,244.7,243.55,244.85,6174,1505008.10,25-Aug-2026,220,INE308A01027
NAHARSPING,EQ,302.75,303.8,290,296.35,297,299,24592,7307814.85,25-Aug-2026,723,INE290A01027
NGIL,EQ,41,41,39.2,39.28,39.2,39.25,10787,431146.10,25-Aug-2026,49,INE236Y01012
NSIL,EQ,5781,5837,5670.5,5685.5,5681,5724,2152,12333723.50,25-Aug-2026,464,INE023A01030
NAMOEWASTE,ST,276.05,278,276.05,276.1,276.1,277.1,6400,1769520.00,25-Aug-2026,7,INE08NZ01012
NDL,EQ,3.1,3.16,2.94,3.08,3.1,3.04,7634029,23366353.03,25-Aug-2026,4517,INE875G01048
JAIPURKURT,EQ,27.29,27.29,26.21,26.32,26.21,26.69,8972,236705.59,25-Aug-2026,57,INE696V01013
NH,EQ,1865.1,1896,1860.1,1890.1,1894.9,1859.8,237647,446753224.60,25-Aug-2026,24248,INE410P01011
NARMADA,EQ,14.5,15.15,13.8,14,14.1,14.5,1889713,27007253.89,25-Aug-2026,3539,INE117Z01029
NATCOPHARM,EQ,884,885.05,865,866.25,866.95,884.05,443465,385602184.40,25-Aug-2026,37500,INE987B01026
NATHBIOGEN,EQ,155.4,155.9,152,152.94,153.95,154.63,6917,1061534.68,25-Aug-2026,265,INE448G01010
NATIONALUM,EQ,402,402,392.05,397.8,397.8,403.3,3855735,1525738216.65,25-Aug-2026,58811,INE139A01034
NFL,EQ,71.5,75.38,71.5,72.4,72.25,70.79,9079148,671092848.49,25-Aug-2026,35331,INE870D01012
NATIONSTD,EQ,116,119.39,114.61,114.61,114.61,120.64,94447,10863596.66,25-Aug-2026,815,INE166R01015
NATCAPSUQ,EQ,165.17,168.3,163.28,166.88,167.4,164.68,60568,10045901.67,25-Aug-2026,1908,INE936B01015
NAVA,EQ,567,570.95,556.3,566.95,567.05,567,227948,128278977.85,25-Aug-2026,7330,INE725A01030
NAVINFLUOR,EQ,8219,8222.5,8090,8209,8210,8187,85121,693775523.50,25-Aug-2026,19179,INE048G01026
NAVKARCORP,EQ,97.81,97.88,96,97.07,97.88,97.41,174011,16871001.60,25-Aug-2026,2415,INE278M01019
NAVKARURB,BE,0.96,0.99,0.95,0.97,0.97,0.96,282382,273018.63,25-Aug-2026,233,INE268H01044
NAVNETEDUL,EQ,133,134.2,132.75,133.45,133.5,133.58,155049,20661702.66,25-Aug-2026,1327,INE060A01024
NAZARA,EQ,348.95,360,343.1,358,357.45,347.95,2531169,896720936.75,25-Aug-2026,22381,INE418L01047
NBCC,EQ,88.2,89.5,87.79,89.5,89.5,88.58,4906608,435550006.32,25-Aug-2026,21392,INE095N01031
NCC,EQ,147.5,149.02,145.83,148.31,148.5,147.35,1612591,238040019.68,25-Aug-2026,20226,INE868B01028
NCLIND,EQ,174.3,175.99,172.3,174.13,174,173.38,260210,45393045.92,25-Aug-2026,2975,INE732C01016
NDLVENTURE,EQ,122,124.78,120.01,121.85,121.85,123.01,3958,489151.03,25-Aug-2026,82,INE353A01023
NDRAUTO,EQ,743.35,749.9,724.2,728.3,732.2,743.35,19997,14675648.70,25-Aug-2026,1857,INE07OG01012
NDTV,EQ,75.2,75.83,73.95,74.77,74.97,75.14,93491,7005183.39,25-Aug-2026,932,INE155G01029
NECLIFE,EQ,10.72,11.44,10.72,11.33,11.36,10.72,317808,3543206.21,25-Aug-2026,679,INE023H01027
NEAGI,EQ,3256,3470,3256,3456.7,3456.7,3305,49,168192.90,25-Aug-2026,12,INE605D01012
NELCAST,EQ,116.17,118,114.1,114.91,114.35,116.17,51004,5908165.12,25-Aug-2026,1117,INE189I01024
NELCO,EQ,914.9,929,909,925.6,923.4,915.3,153324,140934151.00,25-Aug-2026,6269,INE045B01015
NEOCHEM,ST,96.6,97.6,95,95,95,93,9600,922500.00,25-Aug-2026,8,INE21UM01018
NEOGEN,EQ,2133,2144,2086.4,2123.2,2113,2132.6,111358,236040127.80,25-Aug-2026,20618,INE136S01016
NEPHROCARE,SM,95.6,95.6,90,90.95,90,91.5,26800,2484420.00,25-Aug-2026,54,INE0SUN01013
NEPHROPLUS,EQ,695,707,680,697.35,696.5,687.25,145755,101322199.35,25-Aug-2026,10142,INE428V01029
NEPTUNE,SM,180,180,175.2,175.2,175.2,179.95,1000,177600.00,25-Aug-2026,2,INE156901014
NESCO,EQ,1038.8,1041.7,1026,1030.9,1029.6,1035.8,23456,24247565.10,25-Aug-2026,4423,INE317F01035
NESTLEIND,EQ,1471.3,1479,1458.8,1479,1479,1471.3,1634440,2396169276.30,25-Aug-2026,42671,INE239A01024
CBAZAAR,ST,4.65,4.9,4.65,4.9,4.9,4.75,16000,76400.00,25-Aug-2026,2,INE518X01015
NETWEB,EQ,5400,5413.2,5191,5273.5,5295,5454.5,1906041,10062350919.10,25-Aug-2026,152268,INE0NT901020
NPST,EQ,1561.8,1638.7,1561.8,1608,1611.1,1561.8,29517,47590912.30,25-Aug-2026,3686,INE0FFK01017
NETWORK18,EQ,30.34,31.49,29.99,30.36,30.37,30.34,5965758,182870711.90,25-Aug-2026,14995,INE870H01013
NEUEON,BE,14.99,14.99,13.8,13.8,13.8,14.52,34273,478623.70,25-Aug-2026,93,INE333I01044
NEULANDLAB,EQ,22905,23044,22637,22948,22989,22905,37631,862953823.00,25-Aug-2026,12768,INE794A01010
NEWGEN,EQ,527,532.65,519,525.55,525.6,528.4,458147,240334664.10,25-Aug-2026,14538,INE619B01017
NEWJAISA,ST,16.7,16.7,16.7,16.7,16.7,16.95,6000,100200.00,25-Aug-2026,4,INE0PW501021
NMSTEEL,SM,23.5,23.5,22.75,22.75,22.75,23.75,3200,74000.00,25-Aug-2026,2,INE0TP801012
NEXTMEDIA,EQ,3.7,3.94,3.7,3.91,3.94,3.81,7247,28257.57,25-Aug-2026,33,INE747B01016
NXST,RR,167.99,167.99,166.87,167.65,167.78,167.99,428989,71704891.23,25-Aug-2026,4963,INE0NDH25011
NFPSAMPOOR,SM,22.05,22.05,22.05,22.05,22.05,23.1,2000,44100.00,25-Aug-2026,1,INE0T1501010
NGLFINE,EQ,2866,2894.9,2782.2,2803.8,2800,2864.3,8829,24871313.30,25-Aug-2026,1773,INE887E01022
893NHB29,N6,5585,5585,5558.21,5558.21,5558.21,5585,125,696224.14,25-Aug-2026,11,INE557F07181
NHPC,EQ,76.65,77.3,75.87,76.62,76.62,76.65,12860031,981204440.01,25-Aug-2026,33730,INE848E01016
NIBE,EQ,1438,1438.1,1382.1,1394.7,1397,1438,62047,87255151.70,25-Aug-2026,5030,INE149O01018
NICCOPAR,EQ,81.5,88,81,85.35,86.88,81.17,5507,466776.59,25-Aug-2026,99,INE653C01022
NIDAN,SM,15.9,15.9,13.55,14.65,14.65,14.6,21000,305550.00,25-Aug-2026,18,INE0J6L01013
NIITMTS,EQ,227.37,230.98,221.67,230.03,230,225.74,121298,27539523.42,25-Aug-2026,4859,INE342G01023
NIITLTD,EQ,99.7,103.4,99.2,102.68,102.95,99.1,1305887,133013680.57,25-Aug-2026,9553,INE161A01038
NIKITA,SM,74,74,74,74,74,76,1200,88800.00,25-Aug-2026,1,INE0FLF01015
NILAINFRA,EQ,6.94,7.02,6.89,6.91,6.92,6.94,147604,1021453.67,25-Aug-2026,396,INE937C01029
NILASPACES,EQ,13.24,13.35,12.42,12.76,12.79,12.75,1731878,22295876.21,25-Aug-2026,16177,INE00S901012
NILE,EQ,1487,1493,1464,1472.1,1479,1480.4,2874,4246145.40,25-Aug-2026,406,INE445D01013
NILKAMAL,EQ,2023,2037.6,2005,2015.9,2010.5,2026.4,17806,36023804.70,25-Aug-2026,2261,INE310A01015
NIMBSPROJ,EQ,170,181,168,176.28,174.12,174.45,531921,92217191.22,25-Aug-2026,697,INE875B01015
NINSYS,EQ,745,746,710,716.9,724.85,717.2,2097,1510200.10,25-Aug-2026,256,INE395U01014
BANKBEES,EQ,597.98,597.99,593.01,595.07,595.9,594.7,557898,331934535.12,25-Aug-2026,5892,INF204KB15I9
CONSUMBEES,EQ,134.38,134.5,133.29,134.3,133.93,133.54,60666,8105150.45,25-Aug-2026,698,INF204KA1LD7
DIVOPPBEES,EQ,77.46,78,77.17,77.76,77.99,77.45,24698,1914107.90,25-Aug-2026,622,INF204KA1MS3
NV20BEES,EQ,139.74,140.33,138.86,139.82,140.33,139.16,17915,2497655.95,25-Aug-2026,204,INF204KB18I3
GOLDBEES,EQ,133.02,133.45,132.28,132.78,132.8,133.02,39819108,5290757781.89,25-Aug-2026,90945,INF204KB17I5
HNGSNGBEES,EQ,464.95,478.89,464.95,472,472.98,474.44,164170,77600902.83,25-Aug-2026,5722,INF204KB19I1
INFRABEES,EQ,967.81,971,961.27,968.17,965.58,966.1,5971,5756877.24,25-Aug-2026,395,INF732E01268
ITBEES,EQ,34.54,34.54,33.24,33.92,34,33.92,5731023,193975707.12,25-Aug-2026,12893,INF204KB15V2
JUNIORBEES,EQ,807.14,807.14,797.2,804.14,803.2,799.94,192124,153904443.45,25-Aug-2026,7015,INF732E01045
LIQUIDBEES,EQ,999.99,1000.01,999.62,1000,1000,999.99,4374134,4374159339.14,25-Aug-2026,4705,INF732E01037
LTGILTBEES,EQ,29.35,30.06,29.35,30.02,29.99,29.95,594582,17833525.81,25-Aug-2026,547,INF204KB1882
MID150BEES,EQ,243.65,243.65,241.68,242.92,242.97,242.27,415863,100804088.01,25-Aug-2026,6579,INF204KB1V68
NIF100BEES,EQ,267.98,270.6,267.98,270.11,269,269.24,24933,6712929.38,25-Aug-2026,1102,INF204K014N5
NIFTYBEES,EQ,275.87,277.5,275.17,276.94,277.36,275.87,3590196,991122798.92,25-Aug-2026,30958,INF204KB14I2
PSUBNKBEES,EQ,97.5,97.5,94.8,95.97,95.96,95.13,2324037,222159039.14,25-Aug-2026,5873,INF204KB16I7
SHARIABEES,EQ,459.13,462.69,456.82,460.87,461.92,459.58,2913,1335019.01,25-Aug-2026,371,INF732E01128
NAM-INDIA,EQ,1247,1253.1,1220,1224.4,1224.4,1247.8,1193328,1465468490.10,25-Aug-2026,58768,INE298J01013
LIQGRWBEES,EQ,1051.1,1053.13,1051.1,1053.03,1052.85,1052.85,130057,136964426.08,25-Aug-2026,200,INF204KC1FU1
MANUFGBEES,EQ,166.72,166.91,165.15,166.85,166.91,166.23,1996,330727.57,25-Aug-2026,86,INF204KC1GH6
AUTOBEES,EQ,305.02,305.02,299.11,302,302,299.87,174214,52346880.35,25-Aug-2026,2340,INF204KC1337
PHARMABEES,EQ,27.31,27.31,26.95,27.18,27.23,27.07,2930603,79474571.04,25-Aug-2026,8934,INF204KC1089
SILVERBEES,EQ,228.63,231.05,228.13,229,229.1,231.8,19888848,4562202854.19,25-Aug-2026,67550,INF204KC1402
SNXT30BEES,EQ,43.16,43.39,42.43,43.39,43.39,43.2,141232,6061453.75,25-Aug-2026,88,INF204KC1EZ3
NIRAJ,EQ,28.3,28.9,28.25,28.6,28.74,28.21,21582,617378.48,25-Aug-2026,191,INE368I01016
NIRAJISPAT,EQ,216,216,216,216,216,216,45,9720.00,25-Aug-2026,1,INE326T01011
NIRLON,EQ,647.5,648,640.95,643.4,645.9,642.1,9194,5935443.25,25-Aug-2026,436,INE910A01012
NIRMAN,SM,31,31.5,29,29.95,30,30.45,23400,702510.00,25-Aug-2026,61,INE0OK701014
NITCO,EQ,103.49,109.25,94.2,95.78,94.8,96.28,20561837,2104573683.28,25-Aug-2026,106230,INE858F01012
NITINSPIN,EQ,579.6,628,578.5,623.65,624,580.15,714002,439339951.60,25-Aug-2026,21896,INE229H01012
NITIRAJ,EQ,196.06,204.99,196.06,204.08,204,200.84,1360,273922.36,25-Aug-2026,53,INE439T01012
NITTAGELA,EQ,1560,1575.5,1553,1561.6,1555,1563.6,2366,3693253.70,25-Aug-2026,474,INE265B01019
NIVABUPA,EQ,82.51,83.8,81.9,83.21,83.8,82.51,654114,54180891.80,25-Aug-2026,7296,INE995S01015
NKIND,EQ,49.66,60.45,49.66,59.06,59.95,62.01,14708,834505.08,25-Aug-2026,211,INE542C01019
NLCINDIA,EQ,274.75,275,270.35,271.3,271,273.1,610844,166196547.45,25-Aug-2026,13784,INE589A01014
NMDC,EQ,85.9,86.28,85.29,85.94,85.94,85.9,16488458,1412754327.43,25-Aug-2026,46352,INE584A01023
NSLNISP,EQ,40.1,40.85,39.83,39.95,39.98,40.06,3775872,151520820.15,25-Aug-2026,13002,INE0NNS01018
NOCIL,EQ,166.78,167.19,161.8,163.93,164.25,165.78,352668,57708662.98,25-Aug-2026,3616,INE163A01018
NOIDATOLL,EQ,4.07,4.18,4,4.08,4.12,4.12,62546,257021.51,25-Aug-2026,824,INE781B01015
NORBTEAEXP,EQ,73,73,69,70.01,71,70.86,1568,110726.86,25-Aug-2026,26,INE369C01017
NECCLTD,BE,16.59,17.41,16.59,17.41,17.41,16.59,134016,2328416.01,25-Aug-2026,280,INE553C01016
NORTHARC,EQ,282.55,294.4,282.55,291.65,293,284.35,909363,264385935.60,25-Aug-2026,12452,INE850M01015
NOVAAGRI,BE,24.44,24.99,24.25,24.89,24.95,24.32,26706,657037.80,25-Aug-2026,192,INE02H701025
NOVARTIND,EQ,1503.8,1503.8,1474.2,1486.3,1491.3,1502.2,6845,10151999.90,25-Aug-2026,793,INE234A01025
NRBBEARING,EQ,476.95,483.45,467.25,470.1,469.5,480.95,216424,102296214.90,25-Aug-2026,7459,INE349A01021
NIBL,EQ,31.89,31.89,31.09,31.44,31.75,31.31,4497,141056.43,25-Aug-2026,66,INE047O01014
NTPCGREEN,EQ,91.69,92.03,91.04,91.65,91.57,91.44,1170640,107072121.09,25-Aug-2026,24819,INE0ONG01011
NTPC,EQ,339,340.8,335.65,339.85,339.85,339.5,5260835,1777401443.00,25-Aug-2026,66009,INE733E01010
NUCLEUS,EQ,737.9,746.7,726,744.6,745,737.9,27531,20333021.50,25-Aug-2026,1329,INE096B01018
NRL,BE,120.05,122.41,120.05,122.41,122.41,120.01,117862,14412751.58,25-Aug-2026,196,INE0JM501013
NURECA,BE,301,309.9,290.2,296.65,295,300.4,12015,3547793.20,25-Aug-2026,258,INE0DSF01015
NUVAMA,EQ,1750,1761,1722.9,1754.6,1752,1750,204290,356705098.10,25-Aug-2026,16386,INE531F01023
NUVOCO,EQ,322.8,323.4,319.5,321.35,321,320.6,92944,29811363.35,25-Aug-2026,4482,INE118D01016
NXT-INFRA,IV,97.5,98,96.8,97.04,98,96.2,1875000,181587500.00,25-Aug-2026,12,INE0SF023016
OBCL,EQ,54.81,58,46.51,56.72,55,54.81,40626,2187385.92,25-Aug-2026,541,INE426Z01016
OBEROIRLTY,EQ,1871,1882.4,1858.8,1880,1880,1870,152351,284906190.20,25-Aug-2026,15433,INE093I01010
OBSCP,SM,866.45,895.95,860,873.3,873,854.8,54800,47929920.00,25-Aug-2026,115,INE0YHV01011
OCCLLTD,BE,160,163.2,157.01,160.66,160,157.16,19448,3105837.30,25-Aug-2026,252,INE0PK601023
ODIGMA,EQ,21.63,22.7,21.63,21.88,22,22.17,11302,249423.47,25-Aug-2026,408,INE054301028
ODYCORP,EQ,8,8,6.8,7.1,7.44,7.29,14662,104903.70,25-Aug-2026,112,INE839E01023
ONGC,EQ,236,236.55,233.35,234,234,236.55,12124076,2843377689.33,25-Aug-2026,100377,INE213A01029
OILCOUNTUB,BE,59.45,59.75,58,58.39,58.4,59.42,12659,743855.59,25-Aug-2026,73,INE591A01010
OIL,EQ,479,479,466.05,467.5,467.5,477,1223240,576404932.05,25-Aug-2026,16676,INE274J01014
OLAELEC,EQ,37.68,37.85,36.05,36.2,36.45,37.35,31557445,1155425536.98,25-Aug-2026,85188,INE0LXG01040
OLECTRA,EQ,1298.2,1306.6,1279.5,1291.8,1297,1297.6,219099,283091012.50,25-Aug-2026,14433,INE260D01016
OMFREIGHT,BE,93.6,93.6,90.81,92.5,92.5,93.6,2425,221701.28,25-Aug-2026,62,INE1BZC01019
OMINFRAL,EQ,83.89,86.4,83.05,83.75,84.15,83.29,60090,5027984.24,25-Aug-2026,1781,INE239D01028
OMPOWER,EQ,164.12,171.24,162.06,167.7,169,163.53,153882,25757544.64,25-Aug-2026,1615,INE25E901019
OMAXAUTO,EQ,198.99,198.99,190.81,193.02,191.52,192.1,37608,7294233.29,25-Aug-2026,975,INE090B01011
OMAXE,EQ,101.7,102.95,97.86,99.63,99.11,101.77,911991,91360010.01,25-Aug-2026,8318,INE800H01010
OMNI,EQ,596.8,608.5,574.05,577,578,594.05,650309,382329977.35,25-Aug-2026,25741,INE0UH301010
ONDOOR,SM,305.5,315,284.95,299.2,300,290.5,84000,25493895.00,25-Aug-2026,134,INE00ER01015
PAYTM,EQ,1622.7,1718,1612,1718,1718,1623.5,10111331,16955177845.60,25-Aug-2026,154116,INE982J01020
ONEGLOBAL,EQ,562.9,562.95,545,546.2,546,553.95,9369,5151268.65,25-Aug-2026,508,INE670O01013
MOBIKWIK,EQ,194.5,198.85,193.31,197.05,197.77,195.24,731274,143347213.90,25-Aug-2026,10137,INE0HLU01028
ONEPOINT,EQ,55.54,55.54,54.88,55.24,55.5,55.51,559556,30869776.71,25-Aug-2026,13478,INE840Y01029
OLIL,SM,404.9,413,400,413,413,402.7,9600,3854920.00,25-Aug-2026,10,INE0OPS01011
ONELIFECAP,BE,33.8,33.8,32.11,32.63,32.9,33.75,1927,62861.80,25-Aug-2026,23,INE912L01015
KISSHT,EQ,305,311.95,304.75,310.3,310,305.6,627682,194134754.35,25-Aug-2026,12031,INE12F801023
ONESOURCE,EQ,1531,1536.2,1511.1,1516.1,1511.1,1531.8,60036,91429179.00,25-Aug-2026,7605,INE013P01021
ONIDA,EQ,37.45,38.44,36.5,37.58,37.73,37.07,734013,27592683.38,25-Aug-2026,2665,INE831A01028
ONIXSOLAR,EQ,276.15,290.65,276.15,276.25,276.15,290.65,856148,236525685.80,25-Aug-2026,651,INE173M01012
ONMOBILE,BE,54.75,54.75,54.75,54.75,54.75,55.86,31896,1746306.00,25-Aug-2026,131,INE809I01019
ONWARDTEC,EQ,284.9,287.15,281.85,284.5,283,286.3,22716,6449720.85,25-Aug-2026,1052,INE229A01017
ONYX,ST,42.2,45,42.2,44.25,45,44,14000,619300.00,25-Aug-2026,7,INE0WVU01018
OPTIEMUS,EQ,592,609.95,581.6,595.8,591.9,585.7,626467,375261969.95,25-Aug-2026,24624,INE350C01017
OPTIFIN,EQ,11.82,14.44,11.82,13.89,13.83,12.04,506855,6807200.13,25-Aug-2026,1123,INE031G01022
OPTIMYSTIX,ST,173.5,174.9,169,173.65,174.9,174.7,52800,9143000.00,25-Aug-2026,48,INE1JZB01022
OPTIVALUE,ST,197,202,193,194,193,193.05,88000,17571280.00,25-Aug-2026,42,INE15B101011
OFSS,EQ,11518,11729,11355,11729,11729,11518,196029,2255320741.00,25-Aug-2026,36158,INE881D01027
ORBTEXP,BE,227.27,241,227.27,238.02,240.9,234.76,4335,1012050.08,25-Aug-2026,45,INE231G01010
ORCHASP,EQ,1.31,1.37,1.25,1.32,1.34,1.29,461314,600249.47,25-Aug-2026,322,INE215B01022
ORCHPHARMA,EQ,1039.5,1043.95,1002.7,1038.55,1041,1038.1,59978,61437283.65,25-Aug-2026,6766,INE191A01027
ORIANA,SM,1308.95,1379.9,1306,1333.05,1338,1289.15,102675,137697307.50,25-Aug-2026,1005,INE0OUT01019
ORICONENT,EQ,56.1,56.94,55,55.81,55.99,56.94,57085,3188119.47,25-Aug-2026,196,INE730A01022
ORIENTBELL,EQ,379.6,380,370,376.25,372.05,379.7,20029,7497290.40,25-Aug-2026,1470,INE607D01018
ORIENTCEM,EQ,129.95,131.29,128.8,130.83,131.29,129.8,144636,18747962.68,25-Aug-2026,2082,INE876N01018
ORIENTCER,EQ,44.36,45.15,43.5,43.55,43.6,44.34,79435,3506085.40,25-Aug-2026,1578,INE569C01020
ORIENTELEC,EQ,185,185.2,181.35,181.79,182.8,185,96157,17584499.23,25-Aug-2026,2947,INE142Z01019
GREENPOWER,EQ,9.5,9.52,9.39,9.42,9.4,9.5,1626998,15340635.33,25-Aug-2026,3461,INE999K01014
ORIENTHOT,EQ,143.1,143.1,140.6,141.59,141.5,141.78,4450017,631572609.83,25-Aug-2026,17086,INE750A01020
ORIENTPPR,EQ,17.48,17.48,16.82,16.9,16.97,17.25,268169,4563042.34,25-Aug-2026,629,INE592A01026
ORIENTLTD,BE,82.5,84.95,81.5,84,84,82.5,2218,184287.90,25-Aug-2026,29,INE609C01024
ORIENTTECH,EQ,244.3,252,243,245.45,245,244.3,70396,17235451.25,25-Aug-2026,1906,INE0PPK01015
OAL,EQ,343.55,351,335,349.35,345.2,338.5,12254,4217781.40,25-Aug-2026,581,INE959C01023
ORIRAIL,EQ,121.01,136.8,119.66,131.81,134.06,119.91,1932218,251501780.73,25-Aug-2026,16914,INE457G01029
ORIENTALTL,EQ,5.22,5.3,5.07,5.14,5.13,5.16,35958,185817.43,25-Aug-2026,173,INE998H01012
ORISSAMINE,EQ,4511.9,4540.3,4455.2,4484.6,4495,4511.4,7671,34494139.70,25-Aug-2026,1488,INE725E01024
ORKLAINDIA,EQ,572.9,572.9,555.15,565.7,568.5,570.3,95075,53576366.00,25-Aug-2026,5563,INE16NZ01023
ORTINGLOBE,EQ,15.1,15.84,14.9,15.12,15.4,15.29,9693,146312.16,25-Aug-2026,24,INE749B01020
OSELDEVICE,SM,428.45,430.75,410,417.1,418.5,420.6,39200,16564230.00,25-Aug-2026,167,INE0RMF01018
OSIAHYPER,BE,2.73,2.78,2.6,2.65,2.69,2.73,280930,757571.30,25-Aug-2026,355,INE06IR01021
OSWALAGRO,EQ,37.02,37.75,36.41,37.25,37.48,37.19,15059,559818.75,25-Aug-2026,160,INE142A01012
OSWALGREEN,EQ,21,21.27,20.8,20.98,21.1,21,95126,2007404.32,25-Aug-2026,467,INE143A01010
OSWALPUMPS,EQ,296,300.5,295.55,299.45,299,296.75,253934,75747298.45,25-Aug-2026,4602,INE0BYP01024
OWAIS,ST,67.4,67.4,67.4,67.4,67.4,64.2,7000,471800.00,25-Aug-2026,14,INE0R8M01017
PNGJL,EQ,619.5,619.5,603.55,605.6,606,613.35,213396,129831541.70,25-Aug-2026,8103,INE953R01016
POEL,EQ,159.99,159.99,151,152.34,152.5,156.05,21850,3380953.96,25-Aug-2026,407,INE035S01028
PSRAJ,ST,80.25,82.7,77.85,81.9,82,81.9,65000,5198000.00,25-Aug-2026,24,INE0XUS01020
PGHH,EQ,8189,8189,8075.5,8089,8099,8127.5,7809,63311055.00,25-Aug-2026,2504,INE179A01014
PACEDIGITK,EQ,183,184.88,180.8,182.26,182.62,180.73,558553,101845758.94,25-Aug-2026,6558,INE0S3G01027
PACIFICI,EQ,140,140,133.5,134.45,134.25,141,269,36320.00,25-Aug-2026,29,INE883C01025
PAGEIND,EQ,35475,35565,35110,35500,35500,35560,24185,855968200.00,25-Aug-2026,7768,INE761H01022
PAISALO,EQ,69.25,69.9,68.28,69.29,69.13,69.48,6362319,441015273.88,25-Aug-2026,12311,INE420C01059
PAKKA,EQ,81,83,79.52,82.44,82.65,81.25,131265,10684520.30,25-Aug-2026,2734,INE551D01018
PALASHSECU,EQ,94.38,94.38,88.2,89.18,91.8,92.53,2473,221881.01,25-Aug-2026,41,INE471W01019
PALREDTEC,BE,58,58,56,56,56,58.29,13145,740364.98,25-Aug-2026,37,INE218G01033
PANACEABIO,EQ,406.5,409.95,403.3,405.9,408.8,406.2,41161,16708444.85,25-Aug-2026,1493,INE922B01023
PANACHE,BE,548.55,548.55,526.1,541.25,539,548.55,6477,3492240.60,25-Aug-2026,100,INE895W01019
PANAMAPET,EQ,485.95,485.95,471.6,476.85,476.85,483.25,200210,95577994.25,25-Aug-2026,4428,INE305C01029
PANORAMA,EQ,45.5,47.8,44,47.12,47.8,44.99,257516,11714908.33,25-Aug-2026,1055,INE258R01028
PANSARI,EQ,330,330,318.9,328.85,329,327.95,675,221977.45,25-Aug-2026,23,INE697V01011
PAR,EQ,102,103.4,99.62,100.57,100.01,101.45,7114,717777.94,25-Aug-2026,135,INE04LG01015
PARADEEP,EQ,150.8,160.6,150.8,159.63,159.75,149.4,51534295,8161360201.28,25-Aug-2026,281140,INE088F01024
PARAGMILK,EQ,242.15,251.78,238,250,249.1,240.62,2835822,701572635.20,25-Aug-2026,37223,INE883N01014
PARAGON,SM,51.9,54.95,50.15,50.45,50.45,51.8,28800,1516320.00,25-Aug-2026,22,INE0N4G01012
PARACABLES,EQ,62.6,62.76,61.2,61.53,61.47,62.25,593109,36518677.22,25-Aug-2026,4606,INE074B01023
PARAMOUNT,SM,31,31,31,31,31,31,1200,37200.00,25-Aug-2026,1,INE0TG801013
PARAS,EQ,1520,1526.5,1402,1445.2,1444,1520,2748068,3976443518.40,25-Aug-2026,110441,INE045601023
PARASPETRO,EQ,2.22,2.29,2.19,2.21,2.21,2.22,537229,1192376.59,25-Aug-2026,312,INE162C01024
PARIN,SM,721,721,721,721,721,710,250,180250.00,25-Aug-2026,1,INE00U801010
PARKHOSPS,EQ,282.85,284.95,276.7,284.05,284,280.05,693900,196126187.85,25-Aug-2026,8537,INE119201023
PARKHOTELS,EQ,116.17,119.21,115.02,115.79,116.3,116.97,138639,16182858.73,25-Aug-2026,1944,INE988S01028
PARNAXLAB,EQ,130,130,122,129.8,129.8,123.82,289,36268.31,25-Aug-2026,14,INE383L01019
PARSVNATH,BE,1.35,1.39,1.35,1.39,1.39,1.37,6988440,9440987.22,25-Aug-2026,401,INE561H01026
PARTH,SM,499,499,484,486.1,485.2,485.75,6000,2930780.00,25-Aug-2026,13,INE1H7V01011
PARTYCRUS,SM,83.5,83.5,83.5,83.5,83.5,82,2000,167000.00,25-Aug-2026,2,INE06ZX01015
PASHUPATI,EQ,87.15,87.5,86.05,86.34,86.05,86.39,15989,1385608.44,25-Aug-2026,1653,INE124Y01028
PASUPTAC,BE,61.8,62.79,60.8,61.34,61.8,61.27,27141,1668105.07,25-Aug-2026,192,INE818B01023
PATANJALI,EQ,349.85,352.6,346.95,350.9,350.9,350,1493515,521550337.60,25-Aug-2026,14437,INE619A01035
PATELENG,EQ,28.35,28.72,28.22,28.34,28.4,28.28,1814521,51533201.32,25-Aug-2026,4874,INE244B01030
PATINTLOG,BE,13.3,13.7,12.85,13.3,13.28,13.39,112678,1510117.53,25-Aug-2026,154,INE529D01014
PATELRMART,EQ,228.01,234.95,226.2,232.54,233,228.01,183429,42438556.26,25-Aug-2026,2578,INE0R8B01010
PATILAUTOM,SM,230,235.5,222,226.95,222,231.15,115200,26860470.00,25-Aug-2026,83,INE17GV01016
PML,EQ,484,513,484,504.85,504.9,482.7,100,49530.10,25-Aug-2026,21,INE291E01019
PAUSHAKLTD,EQ,778,778,749.1,751.5,758,768.6,15690,11921735.30,25-Aug-2026,1649,INE111F01024
PAVNAIND,EQ,18.34,18.86,17.5,18.22,18.42,18.54,119860,2171352.32,25-Aug-2026,622,INE07S101038
POLICYBZR,EQ,1800,1815,1775,1798.3,1798.3,1785,1334419,2398162915.60,25-Aug-2026,39890,INE417T01026
PCJEWELLER,EQ,11.12,11.5,10.77,11,10.9,11.12,599209523,6661915501.13,25-Aug-2026,199606,INE785M01021
PCBL,EQ,320.4,324.95,317.5,321.1,322,321.2,719469,230703613.80,25-Aug-2026,12180,INE602A01031
PDSL,EQ,366.4,370.95,363.2,365.8,365.5,366.3,50848,18621011.55,25-Aug-2026,2403,INE111Q01021
PGIL,EQ,2399,2399,2306.5,2326.7,2320,2372.2,33049,77408856.00,25-Aug-2026,5089,INE940H01022
PEARLPOLY,EQ,15.85,16.74,15.52,15.94,15.7,16.17,8858,140747.27,25-Aug-2026,44,INE844A01013
PELATRO,SM,356.2,380,356.2,372.45,375,358.3,23700,8754045.00,25-Aug-2026,40,INE0VG601013
PENINLAND,BE,17.08,17.08,16.5,16.83,17.08,16.27,252073,4277837.91,25-Aug-2026,433,INE138A01028
PENIND,EQ,161.43,162.81,156.5,157.34,157,161,261496,41550418.55,25-Aug-2026,2975,INE932A01024
PENTAGON,SM,52,52,52,52,52,52,1000,52000.00,25-Aug-2026,1,INE0ORS01017
PERFECT,SZ,2.3,2.3,2.3,2.3,2.3,2.3,6000,13800.00,25-Aug-2026,2,INE925S01012
PERMAGN,EQ,863.25,880,850.95,854,859,863.9,3002,2588277.85,25-Aug-2026,261,INE418E01018
PERSISTENT,EQ,5687,5687,5570.5,5655,5655,5694,358275,2013512033.50,25-Aug-2026,32437,INE262H01021
PCCL,SM,350,350.7,348.1,350,350,349.05,5600,1958780.00,25-Aug-2026,13,INE998U01015
PETRONET,EQ,294.55,295.7,291.6,292.5,292.5,295.95,1740879,511223547.25,25-Aug-2026,182263,INE347G01014
7PFCL31,N3,1000.01,1000.01,1000.01,1000.01,1000.01,1000.01,6,6000.06,25-Aug-2026,1,INE134E07DP0
730PFCL41,NC,1010,1010,1010,1010,1010,1010,60,60600.00,25-Aug-2026,3,INE134E07DU0
PFIZER,EQ,4868,4880.9,4750,4758,4750.1,4881.5,24870,118961645.90,25-Aug-2026,5309,INE182A01018
PGEL,EQ,597,601.6,592.05,594.35,594.35,597,559806,334246884.75,25-Aug-2026,12966,INE457L01029
PHANTOMFX,SM,123.75,125,118.95,120,120,120.8,25800,3135990.00,25-Aug-2026,67,INE0MLZ01019
PHOENXINTL,EQ,31.99,35.64,27.61,30.38,30.31,29.7,27892,894750.51,25-Aug-2026,356,INE245B01011
PHOGLOBAL,SM,16,16,16,16,16,15.5,2000,32000.00,25-Aug-2026,1,INE0FPO01018
PWL,EQ,121.99,123.58,120.52,121.35,121.4,121.46,4812168,586125849.79,25-Aug-2026,28777,INE0LP301011
PIIND,EQ,2474.9,2508,2453.1,2508,2508,2475,186585,461247985.90,25-Aug-2026,18335,INE603J01030
PICCADIL,EQ,686.7,689.7,672.75,676.85,675.8,684.65,125836,85218864.55,25-Aug-2026,7093,INE546C01010
PPSL,SM,2.75,2.85,2.7,2.7,2.7,2.8,42000,114750.00,25-Aug-2026,14,INE0YAL01017
PIDILITIND,EQ,1660,1660,1636.6,1651.1,1651.1,1660,456825,752952155.10,25-Aug-2026,19479,INE318A01026
PILITA,EQ,8.15,8.33,7.9,7.93,7.9,8.02,29811,238138.05,25-Aug-2026,166,INE600A01035
PILANIINVS,EQ,4331,4414,4331,4395.3,4400,4362.1,1758,7705734.40,25-Aug-2026,345,INE417C01014
PINELABS,EQ,157.85,165.95,156.51,163.69,164.2,157.54,32244404,5232090796.54,25-Aug-2026,110998,INE15B701018
PIONEEREMB,EQ,22,22,21.8,21.98,21.89,22,5684,124270.01,25-Aug-2026,33,INE156C01018
PIONRINV,BE,75.34,79.45,72.5,78.99,79,75.77,3870,292577.88,25-Aug-2026,29,INE746D01014
PIRAMALFIN,EQ,2190,2198.3,2150,2181.2,2172.6,2184.1,395332,860541516.20,25-Aug-2026,24947,INE202B01038
PPLPHARMA,EQ,211.6,211.98,206.4,207.71,207.7,211.15,1716798,357462412.29,25-Aug-2026,22225,INE0DK501011
PITTIENG,EQ,1120,1149.5,1100.5,1123.3,1124.95,1098.25,506448,573379170.25,25-Aug-2026,28772,INE450D01021
PIXTRANS,EQ,1791.3,1825.7,1758.2,1791.8,1783.3,1789.6,15001,26800024.00,25-Aug-2026,2176,INE751B01018
PLASTIBLEN,EQ,191,194.38,187.66,189.13,190.9,192.5,18317,3495882.92,25-Aug-2026,845,INE083C01022
PLATIND,EQ,212.2,215,205,212.74,213.4,210.26,80531,16798276.45,25-Aug-2026,2810,INE0PT501018
PLAZACABLE,EQ,50.8,53,50.01,52.43,52.89,50.8,37707,1951408.61,25-Aug-2026,427,INE0INJ01017
PNBGILTS,EQ,78.62,80.02,76.8,79.59,79.9,78.62,213702,16859371.02,25-Aug-2026,1774,INE859A01011
PNBHOUSING,EQ,1165,1183,1157.4,1182,1182,1165,669328,781395770.40,25-Aug-2026,19377,INE572E01012
PNCINFRA,EQ,204.33,205,199.75,203.15,203.2,204.33,504639,102092993.68,25-Aug-2026,18553,INE195J01029
PNGSREVA,EQ,549.45,551.35,528.05,536.9,535,541.05,128484,69091566.85,25-Aug-2026,4584,INE1RDG01013
PODDARMENT,EQ,253,254,245.1,249.55,253,253,1125,281017.70,25-Aug-2026,71,INE371C01013
POKARNA,EQ,877.3,888.85,875,878.45,880,875.35,45054,39727545.80,25-Aug-2026,3607,INE637C01025
POLYMED,EQ,1737.1,1753,1713,1731.7,1733.5,1737.2,78354,135899703.40,25-Aug-2026,11724,INE205C01021
POLYCAB,EQ,9029.5,9119.5,8990.5,9098,9098,9054,321426,2907567683.50,25-Aug-2026,35327,INE455K01017
POLYPLEX,EQ,1170.9,1193.5,1167,1180.2,1190,1170,66876,79004578.30,25-Aug-2026,4617,INE633B01018
POLYSIL,SM,49.7,49.7,49.7,49.7,49.7,52.3,12500,621250.00,25-Aug-2026,14,INE517M01028
POLYSPIN,EQ,28.4,30.94,28.4,29.45,29,28.3,1520,44113.33,25-Aug-2026,25,INE914G01029
POCL,EQ,505,514.6,500,504.65,505,505,302620,153307987.35,25-Aug-2026,9543,INE063E01061
PONNIERODE,EQ,413.4,422,397.2,402.55,397.6,421.85,76566,31255937.60,25-Aug-2026,4074,INE838E01017
POONAWALLA,EQ,477,479.25,470.55,475.95,478,475.1,349654,165963559.70,25-Aug-2026,11022,INE511C01022
PVSL,EQ,110.15,110.59,106.06,107.98,106.87,110.15,40980,4439789.61,25-Aug-2026,926,INE772T01024
POSITRON,SM,165,169,165,165,165,167.5,3300,550020.00,25-Aug-2026,11,INE0S3H01017
PFC,EQ,364,367,362.1,367,367,364,6349108,2309367297.05,25-Aug-2026,38193,INE134E01011
POWERGRID,EQ,271.4,271.7,268.35,271,271,271.4,5435918,1466175849.60,25-Aug-2026,45608,INE752E01010
PIGL,EQ,102.81,106.74,101,102.63,102.55,102.4,68201,7092761.39,25-Aug-2026,737,INE557Z01018
POWERMECH,EQ,2514,2535,2488,2503.4,2492.1,2514,25475,63870853.30,25-Aug-2026,5777,INE211R01019
PGINVIT,IV,100.24,100.6,99.91,100.5,100.51,100,880277,88197199.13,25-Aug-2026,5100,INE0GGX23010
POWERICA,EQ,517.5,534,511.8,531.8,531,517.5,246548,129984792.40,25-Aug-2026,7717,INE921L01032
PPAP,BE,262.7,268.45,255.3,265.1,264.1,262.95,14089,3704447.75,25-Aug-2026,234,INE095I01015
PRABHA,EQ,217,218.6,205.11,207.02,205.11,214,158321,33550395.95,25-Aug-2026,1717,INE0I0M01023
PRADPME,BE,507,514.7,503.6,510,510,507.2,4302,2190965.45,25-Aug-2026,68,INE770A01010
PRAJIND,EQ,353.6,356.6,346,347.8,348.75,352.65,687110,239988203.70,25-Aug-2026,16065,INE074A01025
PRAENG,EQ,19,19.3,18.6,18.68,18.6,18.87,32622,611688.29,25-Aug-2026,240,INE505C01016
PRAKASH,EQ,128.8,129.75,127.1,127.69,127.35,127.96,240987,30861425.37,25-Aug-2026,3117,INE603A01013
PPL,BE,268.5,270.95,262,264.2,263.75,268.5,34321,9089335.70,25-Aug-2026,422,INE050001010
PRAKASHSTL,EQ,3.93,3.97,3.85,3.86,3.85,3.92,98013,380248.60,25-Aug-2026,449,INE696K01024
PRAMARA,SM,122,122,117.15,119.15,119.15,121.7,1500,179150.00,25-Aug-2026,3,INE0O7A01017
PRAMODINI,ST,120,123,119.1,122.65,122.5,120.15,164400,20042460.00,25-Aug-2026,101,INE2JG601017
PRANIK,SM,41.15,41.15,41.15,41.15,41.15,42,6400,263360.00,25-Aug-2026,4,INE0VJG01014
DIAMONDYD,EQ,1180.1,1190.3,1156,1165.2,1162,1176.5,15819,18537679.60,25-Aug-2026,1108,INE393P01035
PRATHAM,SM,119.5,119.5,116.1,116.1,116.1,120,2000,236060.00,25-Aug-2026,5,INE0QA601016
PRAVEG,EQ,261,263.85,259.5,261.8,261.25,261.6,37514,9795991.40,25-Aug-2026,787,INE722B01019
PRAXIS,EQ,5.49,5.49,5.05,5.25,5.32,5.27,94364,499563.78,25-Aug-2026,246,INE546Y01022
PRECAM,EQ,130.5,133.02,129.55,130.41,133.02,130.74,49714,6481107.31,25-Aug-2026,1384,INE484I01029
PRECISION,ST,7.3,7.3,7.3,7.3,7.3,7.6,2000,14600.00,25-Aug-2026,1,INE0HKW01018
PRECWIRE,EQ,425,426.75,405.45,411.75,411,429.05,744525,305938913.70,25-Aug-2026,23120,INE372C01037
PRECOT,EQ,674.55,719.95,670.2,703.7,701,670.15,2932,2022280.65,25-Aug-2026,361,INE283A01014
PREMCO,EQ,390,390,386.25,387.45,388,393,121,46872.25,25-Aug-2026,21,INE001E01012
PREMIERENE,EQ,1028,1036,1018,1036,1036,1030,490536,504001906.40,25-Aug-2026,26139,INE0BS701011
PREMEXPLN,EQ,667.35,669.5,663.1,665.55,666,667.35,62248,41422944.75,25-Aug-2026,1631,INE863B01029
PREMIER,BE,2.73,2.78,2.59,2.59,2.59,2.72,11066,28967.50,25-Aug-2026,17,INE342A01018
PREMIERPOL,EQ,88,91.75,88,90.3,89.51,89.12,230765,20803156.87,25-Aug-2026,2712,INE309M01020
PRLIND,SM,43,43.95,42.95,43.8,43.95,43,121000,5246100.00,25-Aug-2026,63,INE0CFG01012
PRESSTONIC,SM,36.25,38.2,36.25,37.35,37.5,35.75,60800,2271120.00,25-Aug-2026,65,INE0R1601012
PRESTIGE,EQ,1631.9,1631.9,1606.2,1623,1623,1635.8,286013,462577345.00,25-Aug-2026,16028,INE811K01011
PRICOLLTD,EQ,790.9,798.65,779,790.5,790.6,790.9,152509,120151518.80,25-Aug-2026,12182,INE726V01018
PRIMECAB,ST,214,214.95,210,213.3,214.95,204.75,43200,9274160.00,25-Aug-2026,27,INE0CQA01020
PFOCUS,EQ,307.8,309.5,298.5,302.75,300.4,307.8,684157,207585156.95,25-Aug-2026,15336,INE367G01038
PRIMESECU,EQ,274.9,280.95,274.9,278.2,278.05,276.05,17478,4865224.80,25-Aug-2026,421,INE032B01021
PRIMO,EQ,21.15,21.44,20.6,20.8,21.44,20.92,111242,2325898.12,25-Aug-2026,533,INE607A01022
PRINCEPIPE,EQ,284.7,289.15,284.3,287.1,288,283.95,164804,47296763.60,25-Aug-2026,4194,INE689W01016
PRSMJOHNSN,EQ,107.69,108.75,106.26,107.96,108.5,107.11,299440,32077073.35,25-Aug-2026,4720,INE010A01011
PRISMX,EQ,0.54,0.55,0.53,0.54,0.55,0.54,68583,37202.08,25-Aug-2026,70,INE286N01028
PRITI,BE,33.99,34.75,33.9,34.39,34.4,33.63,8110,277460.38,25-Aug-2026,58,INE974Z01015
PRITIKAUTO,BE,17.73,17.73,17.01,17.37,17.49,17.62,59985,1033231.79,25-Aug-2026,277,INE583R01029
PRITIKA,SM,59.5,59.55,59,59,59,59.55,6000,356100.00,25-Aug-2026,3,INE0MJQ01020
PNC,EQ,18.5,18.59,17.5,17.87,18.05,18.45,20652,367768.75,25-Aug-2026,218,INE392B01011
PRIVISCL,EQ,3446.7,3470.1,3420.2,3444.8,3440,3446.7,30691,105621132.40,25-Aug-2026,4350,INE959A01019
PRIZOR,ST,1063.9,1071.3,1039.95,1066.5,1057.1,1020.3,66800,71345400.00,25-Aug-2026,152,INE0V9N01017
PROFX,SM,76.1,76.1,76.1,76.1,76.1,76.75,1600,121760.00,25-Aug-2026,1,INE0VJT01017
PGHL,EQ,5860,5873.5,5806.5,5833,5824,5873.5,8754,51068237.50,25-Aug-2026,2584,INE199A01012
PROPSHOP,SM,79.95,79.95,72.45,74.25,74.25,74.45,78000,5795900.00,25-Aug-2026,37,INE1FFX01018
PROSTARM,EQ,137.68,138.8,133.2,134.58,135.3,138.18,116805,15821195.16,25-Aug-2026,2120,INE0BX301013
PROTEAN,EQ,554,571.4,551.7,568.35,568.95,554.9,268866,151572185.00,25-Aug-2026,9210,INE004A01022
PROV,SM,1820,1850,1820,1850,1850,1820,2640,4876800.00,25-Aug-2026,4,INE0ONE01016
PROZONER,EQ,43,46.59,42.21,44.73,44.73,41.72,905502,40819645.83,25-Aug-2026,5628,INE195N01013
PRUDENT,EQ,3321.8,3359.6,3283.1,3336,3321.5,3336.8,10762,35775849.70,25-Aug-2026,3971,INE00F201020
PRUDMOULI,BE,15.97,16.8,15.97,16.79,16.79,16,60962,986184.92,25-Aug-2026,114,INE024D01016
PSPPROJECT,EQ,909.6,918.9,900,909.1,907,909.55,28539,25875269.30,25-Aug-2026,1496,INE488V01015
PFS,EQ,28.12,28.14,27.81,27.98,28.09,27.91,288594,8074716.49,25-Aug-2026,1099,INE560K01014
PTC,EQ,157,158.57,156.29,158.05,158.35,156.84,986291,155352129.96,25-Aug-2026,11272,INE877F01012
PTCIL,EQ,21612,21742,21000,21116,21121,21672,26512,565885119.00,25-Aug-2026,9595,INE596F01018
PTL,EQ,38.6,38.85,38.2,38.54,38.52,38.64,45072,1736112.80,25-Aug-2026,671,INE034D01049
PDMJEPAPER,EQ,90.22,90.25,87.49,88.06,88.5,89.84,56324,4983609.42,25-Aug-2026,1174,INE865T01018
PULZ,SM,23.5,24.05,23.5,23.75,24.05,23.25,4000,95100.00,25-Aug-2026,2,INE335X01014
PSB,EQ,23.25,23.53,23.15,23.34,23.3,23.24,998091,23279311.20,25-Aug-2026,3133,INE608A01012
PUNJABCHEM,EQ,1094.7,1103.6,1081.1,1090.6,1095,1095.2,4647,5065399.60,25-Aug-2026,755,INE277B01014
PNB,EQ,115.61,116.9,115.01,115.93,115.93,115.86,13026659,1513838248.35,25-Aug-2026,49415,INE160A01022
PURVA,EQ,214.69,220.11,213.52,217.92,218,214.3,358395,77916680.02,25-Aug-2026,9273,INE323I01011
PURPLEUTED,ST,427,427,406,417.1,416,419.85,14000,5812700.00,25-Aug-2026,50,INE0P5R01014
PURVFLEXI,SM,50.2,50.2,46.1,46.6,46.1,48.5,14400,681960.00,25-Aug-2026,16,INE0R6C01012
PUSHPA,SM,112.8,115,112.8,114,114,110,45000,5150850.00,25-Aug-2026,23,INE154801018
PVP,EQ,48,53.44,47.75,51.35,52.44,48.59,7385739,376940082.07,25-Aug-2026,40623,INE362A01016
PVRINOX,EQ,1249.9,1284.5,1218,1231,1229,1231.8,1984216,2469921290.40,25-Aug-2026,84958,INE191H01014
PYRAMID,EQ,164.46,164.55,161.75,162.64,162.55,163.65,19029,3100914.85,25-Aug-2026,472,INE0MIS01010
QLINE,SM,554.5,558,542.85,545.65,542.85,553.7,63200,34645240.00,25-Aug-2026,139,INE1G2W01011
QMSMEDI,BE,141.92,152.2,141.22,148.91,149,146.2,26396,3920426.66,25-Aug-2026,185,INE0FMW01018
QUADPRO,SM,2.4,2.4,2.4,2.4,2.4,2.4,12000,28800.00,25-Aug-2026,1,INE0GOJ01027
QUADFUTURE,EQ,432.2,441.8,410,418.5,412.9,447.3,5006379,2132849877.05,25-Aug-2026,89784,INE0LRY01011
QPOWER,EQ,1310.3,1334.1,1301,1309.1,1305,1313.2,193899,254895678.10,25-Aug-2026,12323,INE0SII01026
QGOLDHALF,EQ,132.99,134.72,132.69,133.24,133.2,133.43,364976,48635534.38,25-Aug-2026,1600,INF082J01408
QNIFTY,EQ,266.6,267.8,266,267.49,267.8,266.59,2124,567482.51,25-Aug-2026,73,INF082J01499
SILVER001,EQ,24.1,24.55,24.01,24.21,24.25,24.52,28279,686186.51,25-Aug-2026,96,INF966L01EI5
QUESS,EQ,337.1,347.95,335.75,347,347.9,338.6,424971,146402644.60,25-Aug-2026,15931,INE615P01015
QUESTLAB,SM,85,86.5,85,86.5,86.5,86.5,3600,309600.00,25-Aug-2026,3,INE0TNW01017
QUICKHEAL,BE,139.3,141.9,139.3,140.72,140.75,140.4,36163,5082932.40,25-Aug-2026,555,INE306L01010
QUICKTOUCH,SM,17.1,17.25,16.2,16.2,16.2,17.05,4500,74375.00,25-Aug-2026,9,INE0K4D01020
QUINT,EQ,42.79,46,39.97,43.64,44.39,40.51,30067,1308999.98,25-Aug-2026,499,INE641R01017
QVCEL,SM,26.1,27.2,25.3,27.2,27.2,26.1,9600,251680.00,25-Aug-2026,6,INE0KZF01015
RKSWAMY,EQ,94.41,96.98,94.41,94.59,94.66,95.11,10364,983356.36,25-Aug-2026,245,INE0NQ801033
RMDRIP,BE,18.04,19.3,18.04,19.25,19.3,18.41,565280,10761962.14,25-Aug-2026,837,INE219Y01026
RRIL,EQ,17.75,18,15.06,17.23,17.54,17.47,112883,1891762.17,25-Aug-2026,369,INE951M01037
RRKABEL,EQ,2870.4,2895.2,2786.8,2801.2,2807,2869.9,321353,906565290.90,25-Aug-2026,31516,INE777K01022
RSDFIN,BE,103.4,105.94,103.4,105.94,105.94,100.9,4369,461229.56,25-Aug-2026,63,INE616F01022
RSYSTEMS,EQ,239,243.95,236.65,243.15,243.05,239.75,169670,40818836.55,25-Aug-2026,3724,INE411H01032
RTSPOWR,EQ,94.81,97,91.55,92.5,92.5,94.81,29,2726.56,25-Aug-2026,11,INE005C01017
RNBDENIMS,EQ,8.51,8.51,8.51,8.51,8.51,8.11,53013,451140.63,25-Aug-2026,53,INE012Q01039
RSSOFTWARE,EQ,30,30.5,29.11,29.89,29.9,29.98,34312,1028277.08,25-Aug-2026,232,INE165B01029
RPPINFRA,EQ,58.2,59.7,57.5,57.88,57.63,57.78,23678,1373836.18,25-Aug-2026,664,INE324L01013
RIIT,IV,122,122,121.49,121.85,121.85,121.89,123564,15055035.86,25-Aug-2026,1242,INE2PB023011
RACE,EQ,101.44,103.86,100.2,100.27,100.2,101.44,903,91925.90,25-Aug-2026,31,INE084Q01012
RILINFRA,SM,35.75,37,35.5,36.2,35.75,36.45,9200,333435.00,25-Aug-2026,51,INE02OY01016
RACLGEAR,EQ,1515.9,1565.6,1460.9,1511.1,1504.9,1513.5,59620,90003751.90,25-Aug-2026,5595,INE704B01017
RADAAN,EQ,3.1,3.1,2.92,3,3,3.03,4912,14749.01,25-Aug-2026,62,INE874F01027
RADHIKAJWE,EQ,67.27,67.52,66.16,66.92,66.96,67.27,178428,11914285.68,25-Aug-2026,1949,INE583V01021
RADIANTCMS,EQ,36.25,39.01,35.87,38.36,38.48,35.66,626964,23648721.45,25-Aug-2026,4000,INE855R01021
RADICO,EQ,4600,4651.1,4571.6,4630,4630,4600,235847,1090453114.90,25-Aug-2026,18285,INE944F01028
RADIOWALLA,ST,26,26,26,26,26,25.5,17600,457600.00,25-Aug-2026,3,INE430U01019
RPEL,EQ,1669.9,1670,1571,1603.1,1611,1662.4,77105,123981935.00,25-Aug-2026,5796,INE912T01018
RVNL,EQ,221.7,224.1,217.02,218.4,218.4,221.7,7347704,1612624216.84,25-Aug-2026,57449,INE415G01027
RAILTEL,EQ,282,287.5,278.5,280.8,280.9,282.05,676924,189883269.75,25-Aug-2026,11950,INE0DD101019
RAIN,EQ,213.89,213.89,198.37,200.49,198.7,213.69,4541406,930244536.23,25-Aug-2026,32875,INE855B01025
RAINBOW,EQ,1465,1470,1439.1,1445.2,1440.1,1460.1,31536,45629718.80,25-Aug-2026,5325,INE961O01016
ROML,EQ,43.32,44.49,40.55,42.72,42.75,43.53,6300,267266.16,25-Aug-2026,159,INE294G01026
RAJRILTD,BE,22.38,23.24,22.38,23.21,23.24,22.79,32946,757786.52,25-Aug-2026,152,INE533D01032
RAJTV,EQ,10.68,10.68,10.02,10.2,10.31,10.47,14064,143474.42,25-Aug-2026,92,INE952H01027
RAJPALAYAM,EQ,819.75,819.75,801.25,816.65,816.65,803.25,1007,814490.95,25-Aug-2026,99,INE296E01026
ARENTERP,EQ,36.6,38,36.03,36.48,36.13,36.56,1764,65547.74,25-Aug-2026,21,INE610C01014
RAJESHEXPO,BZ,75.01,80,75,77.27,77.5,77.29,160719,12338869.85,25-Aug-2026,1895,INE343B01030
RCDL,SM,21.95,22,19.1,19.1,19.1,21.2,30000,614700.00,25-Aug-2026,10,INE0BZQ01011
RAJMET,EQ,3.51,3.65,3.13,3.2,3.19,3.5,2145804,7061530.94,25-Aug-2026,2094,INE00KV01022
RAJOOENG,BE,50.25,50.25,49.01,49.53,49.8,49.93,109323,5420389.94,25-Aug-2026,624,INE535F01024
RAJPUTANA,SM,227.7,232,225,226.55,226.1,224,20000,4576775.00,25-Aug-2026,30,INE0VHU01019
RAJINDLTD,SM,66.95,67,65.7,67,67,66.9,18000,1191825.00,25-Aug-2026,12,INE0PCU01012
RSL,EQ,168.15,174,163.05,164.32,163.7,166.99,435201,72872343.56,25-Aug-2026,3726,INE313L01016
RAJRATAN,EQ,488,497,483.05,489.75,489.2,490.2,66384,32381923.80,25-Aug-2026,3970,INE451D01029
RPPL,BE,24.28,24.28,23.1,23.67,24,24.28,25545,600494.66,25-Aug-2026,112,INE760W01023
RAJSREESUG,EQ,40,40.4,36.76,38.09,38.25,39.68,210039,8028888.23,25-Aug-2026,1510,INE562B01019
RALLIS,EQ,211.45,214.5,210.1,212.93,212.5,211.32,854764,181155957.50,25-Aug-2026,32782,INE613A01020
RAMRAT,EQ,481.85,491.9,477.1,489.55,491,485.85,147204,71618711.25,25-Aug-2026,5543,INE207E01023
RAMAPHO,EQ,120.68,127.5,120.68,124.98,124.8,120.74,71562,8940143.78,25-Aug-2026,1452,INE809A01032
RAMASTEEL,BE,4.17,4.17,4.17,4.17,4.17,4.09,772239,3220236.63,25-Aug-2026,672,INE230R01035
RAMCOIND,EQ,342.4,350,342.4,348.85,349.95,341.55,128667,44560311.25,25-Aug-2026,3628,INE614A01028
RAMCOSYS,EQ,569,569,552,558.15,558,570.05,115349,64427003.80,25-Aug-2026,5025,INE246B01019
RBS,SM,91,93.9,91,91.25,91,89,10400,960280.00,25-Aug-2026,8,INE0RJH01010
RKFORGE,EQ,726,736.15,716.9,721.1,720.05,728.5,718485,519494322.40,25-Aug-2026,16920,INE399G01023
RAMKY,EQ,379,381.9,370.9,372.9,371.05,380.3,26565,9972649.10,25-Aug-2026,879,INE874I01013
RANASUG,EQ,15.78,16.19,15.01,15.26,15.22,15.92,892485,13889362.97,25-Aug-2026,2327,INE625B01014
RML,EQ,1169.8,1169.8,1117.2,1133,1142,1160.8,28041,31776482.30,25-Aug-2026,2957,INE050H01012
RANEHOLDIN,EQ,1597.1,1618.7,1583.7,1592.1,1583.9,1613.4,2582,4130342.10,25-Aug-2026,531,INE384A01010
RAPIDFLEET,SM,234,241.9,212.25,231.1,231,201.6,53400,12525780.00,25-Aug-2026,79,INE0QX901013
RAPPID,SM,300.05,300.05,299,300,300,298,3600,1079400.00,25-Aug-2026,4,INE0MVO01012
RPTECH,EQ,868.35,878.45,703.7,779.45,787,867,4681855,3515458227.75,25-Aug-2026,161547,INE0J1F01024
RCF,EQ,121,128.55,120.25,124.47,124.22,119.03,18100384,2286108986.76,25-Aug-2026,106094,INE027A01015
RATEGAIN,EQ,965,968.95,936.1,946.05,939.5,962.1,366847,348466011.60,25-Aug-2026,18687,INE0CLI01024
RATNAMANI,EQ,2740.2,2843.9,2665.2,2711.5,2690,2697,1008208,2757938781.90,25-Aug-2026,94908,INE703B01027
RATNAVEER,EQ,274.09,278,260.1,263.43,263,271.32,3650858,981251680.03,25-Aug-2026,28075,INE05CZ01011
RTNINDIA,EQ,30.06,30.3,30,30.01,30.01,30.06,900343,27048385.96,25-Aug-2026,3448,INE834M01019
RTNPOWER,EQ,7.88,7.9,7.75,7.82,7.81,7.86,13453318,105072316.17,25-Aug-2026,14067,INE399K01017
RKDL,EQ,17.95,18.9,17.95,18.66,18.01,18.11,25074,466791.00,25-Aug-2026,144,INE722J01012
RVHL,EQ,40.21,40.94,37.92,40.04,40.59,39.92,10556,411248.76,25-Aug-2026,182,INE09E501017
RELTD,EQ,162,163.03,158.28,159.01,160.09,161.4,119511,19129674.67,25-Aug-2026,2191,INE206N01018
RAYMONDLSL,EQ,718,723,709.05,715.5,715,717.15,196559,140827572.70,25-Aug-2026,8510,INE02ID01020
RAYMOND,EQ,632,638.4,618.05,627.2,627.9,632.2,394760,246613292.15,25-Aug-2026,16606,INE301A01014
RAYMONDREL,EQ,593,593,573.95,577.3,579.7,593.15,125301,72920949.25,25-Aug-2026,3540,INE1SY401010
RBLBANK,EQ,387.65,389.4,380.6,384,384,388,1504350,578283961.75,25-Aug-2026,23292,INE976G01028
RBMINFRA,SM,245.5,247.5,242.1,246.65,247.5,247.8,7800,1904640.00,25-Aug-2026,36,INE0NA301016
RBZJEWEL,EQ,144.65,145.49,140.2,142.02,141.95,144.65,79577,11362090.02,25-Aug-2026,1156,INE0PEQ01016
RRECL,EQ,133,139,133,139,139,139,54,7319.02,25-Aug-2026,7,INE0AK901016
READYMIX,SM,96,96,88.3,92.15,91.35,93.9,58000,5334200.00,25-Aug-2026,39,INE10QL01011
RECLTD,EQ,327.9,329,323.45,326,326,327.9,4219283,1377508579.50,25-Aug-2026,34327,INE020B01018
REDINGTON,EQ,365.9,366.5,350.15,352.65,351.5,365.1,4487821,1601297545.75,25-Aug-2026,78718,INE891D01026
REDTAPE,EQ,121.9,122.68,120.35,120.89,121.3,121.95,267828,32498865.25,25-Aug-2026,5717,INE0LXT01019
REFEX,EQ,292.3,299.5,285.85,290,288.1,286.45,498666,145016777.85,25-Aug-2026,9772,INE056I01025
REFRACTORY,SM,27.4,27.4,27.35,27.4,27.4,26.1,4000,109550.00,25-Aug-2026,4,INE0TNX01015
REGAAL,EQ,95.02,96.4,93.61,95.13,95.94,95.02,301056,28507535.26,25-Aug-2026,2093,INE0MHO01029
REGENCERAM,EQ,34,34.8,32.51,33.61,33.87,33.93,8689,293327.50,25-Aug-2026,82,INE277C01012
RELAXO,EQ,377.55,378.4,365.55,368.55,367.5,377.55,194239,71933387.80,25-Aug-2026,8820,INE131B01039
GILT5YBEES,EQ,66.01,66.33,66.01,66.25,66.33,66.16,150539,9967314.87,25-Aug-2026,504,INF204KC1030
RELIABLE,EQ,140,142.2,136.82,141.76,141.9,142.19,39296,5514041.31,25-Aug-2026,624,INE375Y01018
RELCHEMQ,EQ,114.5,114.5,111.1,112.7,114,113.34,1747,198230.88,25-Aug-2026,94,INE750D01016
RCOM,BE,0.82,0.82,0.81,0.81,0.82,0.81,2408108,1961177.83,25-Aug-2026,1654,INE330H01018
RHFL,BZ,1.86,1.94,1.86,1.89,1.88,1.85,894701,1706406.55,25-Aug-2026,1035,INE217K01011
RIIL,EQ,777,777,757,763.55,763.1,774.95,47300,36197729.35,25-Aug-2026,2843,INE046A01015
RELIANCE,EQ,1304.3,1317.1,1300,1317,1317,1309.8,7115355,9291891624.70,25-Aug-2026,104584,INE002A01018
RELINFRA,BE,62.73,62.73,61.48,61.48,61.48,62.73,231698,14311331.80,25-Aug-2026,1566,INE036A01016
RPOWER,EQ,23,23.09,22.59,22.7,22.71,23.09,12115326,275076064.93,25-Aug-2026,25103,INE614G01033
IVZBANKNF,EQ,57.33,57.45,57.26,57.44,57.44,57.41,453,25969.99,25-Aug-2026,11,INF205KA1CB9
IVZSENSEX,EQ,75.54,77.45,75.54,77.45,77.45,77.45,1950,149736.64,25-Aug-2026,19,INF205KA1CA1
RELIGARE,EQ,227.6,231.25,226.85,228.45,228.5,226.95,1337984,307174895.05,25-Aug-2026,11360,INE621H01010
REMSONSIND,EQ,81.6,84,81.11,81.47,81.78,82.56,70482,5792106.50,25-Aug-2026,1542,INE474C01023
REMUS,SM,929,931,920,921,920,927.3,5300,4918690.00,25-Aug-2026,38,INE0O5T01011
RGL,EQ,131.76,134.4,130,132.87,132.3,132.32,243323,32224711.66,25-Aug-2026,3744,INE722H01024
RNPL,SM,81,81.75,77.65,77.65,77.65,81.7,10800,860880.00,25-Aug-2026,9,INE0VZX01015
REPCOHOME,EQ,353.55,355.55,350.7,354.7,353.8,350.7,58832,20796910.40,25-Aug-2026,2131,INE612J01015
REPRO,EQ,313.95,314,309,310.3,311.5,311.95,14648,4551323.25,25-Aug-2026,544,INE461B01014
RESPONIND,EQ,154.01,158.8,153.1,153.71,153.1,154.67,53730,8313870.31,25-Aug-2026,1781,INE688D01026
RBA,EQ,106.9,108,104.14,106.31,106.3,106.45,4022267,426912989.59,25-Aug-2026,18577,INE07T201019
RVTH,EQ,731.15,743.9,730,730.65,730,732.95,1458,1065940.60,25-Aug-2026,34,INE0DAB01012
REXPRO,SM,37.1,37.8,36.9,36.9,36.9,38.8,15000,557700.00,25-Aug-2026,14,INE113601012
RHETAN,EQ,22.16,22.25,20.4,21.85,21.81,21.81,13603295,296453280.34,25-Aug-2026,24446,INE0KKN01029
RHIM,EQ,376,376.5,365.85,370.2,370,374.6,402120,148935317.10,25-Aug-2026,10490,INE743M01012
RICHA,ST,80.5,80.5,80.5,80.5,80.5,84.55,1000,80500.00,25-Aug-2026,1,INE0J1P01015
RICOAUTO,EQ,127.74,128.68,125.16,127.89,127.9,127.17,986145,125172075.88,25-Aug-2026,9348,INE209B01025
RIR,EQ,165.39,166.88,162.17,162.92,162.99,164.17,77109,12562926.98,25-Aug-2026,1561,INE302D01024
RISHABH,EQ,696.9,704.1,681.1,688.55,685.15,699.55,133969,92658801.75,25-Aug-2026,6678,INE0N2P01017
RITCO,EQ,315,321.85,308.8,316.25,317,314.95,74455,23489981.30,25-Aug-2026,2507,INE01EG01016
RITEZONE,SM,17.35,17.35,16.75,17.05,16.75,17.4,3200,54560.00,25-Aug-2026,2,INE0MRA01019
RITES,EQ,220.14,222.99,217.07,217.69,217.85,220.14,312485,68375153.81,25-Aug-2026,8412,INE320J01015
RKEC,EQ,23.79,23.79,22.01,22.25,22.11,22.97,33786,766794.99,25-Aug-2026,415,INE786W01010
RMC,EQ,252.95,255,249.55,253.5,254.7,251.5,15049,3803746.95,25-Aug-2026,707,INE655V01019
RNFI,SM,277,287,270.15,283.2,287,274.95,34800,9685290.00,25-Aug-2026,51,INE0SA001017
RHL,EQ,167.25,170.5,166.26,167.14,167.11,169,1457,243513.20,25-Aug-2026,22,INE508K01013
ROCKINGDCE,SM,229.1,244.6,227,238.9,242.9,224.05,27500,6456712.50,25-Aug-2026,77,INE0PTR01012
ROLEXRINGS,EQ,182,185.88,179.42,182.42,182.65,181.19,1474731,270647308.92,25-Aug-2026,20288,INE645S01024
ROLLT,BE,4.01,4.01,4.01,4.01,4.01,3.82,617675,2476876.75,25-Aug-2026,220,INE927A01040
ROSSARI,EQ,500.35,507,496,503.35,504.9,499.35,58703,29434245.50,25-Aug-2026,6011,INE02A801020
ROSSELLIND,EQ,56.8,59.84,56.03,57.31,57.1,56.77,83158,4814840.52,25-Aug-2026,2107,INE847C01020
ROSSTECH,EQ,1061.75,1061.75,1035,1050.35,1057.7,1053.65,91136,95406661.00,25-Aug-2026,5656,INE0OJW01016
ROTO,EQ,64.35,65.8,63.75,65.4,65.75,64.28,305220,19675049.70,25-Aug-2026,2164,INE535D01037
ROUTE,EQ,494.25,512.5,486.65,507.6,507.45,493.25,441857,222769283.60,25-Aug-2026,13622,INE450U01017
ROXHITECH,SM,52,52,50.95,50.95,50.95,51.75,14400,737600.00,25-Aug-2026,9,INE0PDJ01013
ROYALARC,SM,182,182,181,181,181,182,7200,1306800.00,25-Aug-2026,4,INE0EO401019
ROHLTD,EQ,315,315,302.05,303.7,303.5,305.9,27632,8426308.35,25-Aug-2026,842,INE283H01019
RPGLIFE,EQ,2640,2647.6,2560,2584.5,2565.1,2623.4,9912,25576617.10,25-Aug-2026,2044,INE105J01010
RPSGVENT,EQ,865,871.45,858.75,865.5,863.25,863.35,10798,9347516.25,25-Aug-2026,787,INE425Y01011
RSWM,BE,196.05,202.45,195.38,199.34,199.25,195.69,26302,5240970.16,25-Aug-2026,144,INE611A01016
RUBFILA,EQ,66.59,67.8,64.96,65.43,66,66.25,45279,3001574.38,25-Aug-2026,537,INE642C01025
RUBICON,EQ,1776.1,1799.8,1695.2,1708.8,1699,1776.1,429723,752217422.80,25-Aug-2026,32062,INE506V01022
RUCHINFRA,EQ,5.88,5.89,5.61,5.7,5.69,5.76,44216,252245.86,25-Aug-2026,221,INE413B01023
RUCHIRA,EQ,103,103.89,102.11,103.45,103.83,102.88,13695,1415162.15,25-Aug-2026,405,INE803H01014
RUDRA,EQ,21.17,22.86,21.11,21.16,21.11,21.66,263526,5687502.89,25-Aug-2026,604,INE027T01023
REPL,BE,61.47,65,61.47,63.35,63.75,63.51,1790,113822.63,25-Aug-2026,46,INE364Z01019
RULKA,SM,108,108,108,108,108,106.2,900,97200.00,25-Aug-2026,3,INE0R7301013
RUPA,EQ,152.4,154.23,150,150.59,150.15,151.82,69161,10456497.90,25-Aug-2026,3026,INE895B01021
RUSHIL,EQ,17.09,17.09,16.7,16.78,16.75,16.96,263367,4433806.09,25-Aug-2026,758,INE573K01025
SAB,EQ,178.5,178.5,170,172,172,178.5,174,29745.50,25-Aug-2026,6,INE137M01017
SATECH,SM,32.9,32.9,32.9,32.9,32.9,32.85,1000,32900.00,25-Aug-2026,1,INE0BSN01013
SCHAND,EQ,137.33,137.33,134.48,135.86,136.3,136.06,26805,3626636.92,25-Aug-2026,851,INE807K01035
SDREAMS,SM,78.05,81.6,78.05,81.6,81.6,82,6000,478750.00,25-Aug-2026,5,INE0X6F01017
SHK,EQ,154.6,156.21,151.11,153.73,153.44,154.6,253208,38906678.49,25-Aug-2026,5645,INE500L01026
SJLOGISTIC,SM,356.6,360.1,348,349.7,348,356.6,40500,14356775.00,25-Aug-2026,127,INE0F3301020
SVGLOBAL,EQ,118,120.6,118,119.4,118,118,360,42725.68,25-Aug-2026,8,INE159L01013
S&SPOWER,EQ,349.65,361.55,335,339.45,336.1,328.7,38194,13427812.05,25-Aug-2026,1238,INE902B01017
SPAL,EQ,948,954.75,867.8,949.8,948.1,941.35,53490,50238318.90,25-Aug-2026,5568,INE212I01016
SALSTEEL,EQ,78,78.9,73.21,74.49,74.79,77.06,1183424,89114520.94,25-Aug-2026,8008,INE658G01014
SAAKSHI,ST,291.05,291.05,285,289,289,297.9,6000,1727580.00,25-Aug-2026,9,INE0PSK01027
SAATVIKGL,EQ,418,425.85,415,421.85,421.95,421.6,45727,19208120.05,25-Aug-2026,1614,INE13B501022
SABAR,SM,7,7.6,7,7.55,7.6,7.25,70000,508750.00,25-Aug-2026,14,INE0DZ101013
SACHEEROME,SM,488.4,497.45,485.45,490,490,482.75,13500,6616485.00,25-Aug-2026,38,INE1ARD01016
SADBHAV,EQ,8.14,8.16,7.92,8.08,8.14,8.09,142079,1145555.11,25-Aug-2026,324,INE226H01026
SADBHIN,BE,2.65,2.71,2.55,2.57,2.63,2.68,235532,614556.06,25-Aug-2026,167,INE764L01010
SADHNANIQ,BE,2.92,2.92,2.9,2.9,2.9,2.95,1160865,3378879.24,25-Aug-2026,450,INE888C01040
SADHAV,SM,114.5,116.5,114,114.7,114.7,114.5,9000,1034670.00,25-Aug-2026,14,INE0K5H01010
SAFARI,EQ,1495.1,1506,1482,1501.8,1504.4,1495.1,19160,28680215.60,25-Aug-2026,3819,INE429E01023
SAFEENTP,SM,247.05,254.9,247.05,248.35,247.05,249.95,18500,4613025.00,25-Aug-2026,30,INE17D601016
SAGCEM,EQ,166.51,166.51,161.6,163.39,162.5,165.33,36996,6065559.07,25-Aug-2026,2235,INE229C01021
SAGARDEEP,EQ,24.35,24.35,23.41,23.66,23.7,23.88,18399,435300.56,25-Aug-2026,86,INE976T01013
SAGILITY,EQ,43.24,44,42.79,43.02,43.35,43.23,15162360,658336552.46,25-Aug-2026,30961,INE0W2G01015
SAHAJSOLAR,SM,103.2,105,101.05,102.8,105,103.2,10000,1025780.00,25-Aug-2026,25,INE0P4701011
SAHANA,SM,893,929.9,888.4,920.35,925,892.85,57600,52849507.50,25-Aug-2026,226,INE0LEX01011
SAHASRA,ST,320.85,320.85,310.3,313,314,320.4,14400,4512920.00,25-Aug-2026,36,INE0RBQ01018
SAHYADRI,EQ,354.95,359.25,337.85,346,344.75,351.25,16770,5802684.10,25-Aug-2026,1446,INE280H01015
SAICAPI,EQ,150.07,153,150,153,153,147.13,257,39285.07,25-Aug-2026,14,INE531X01018
SAILIFE,EQ,1439,1459,1420.3,1455.5,1457,1435.9,183271,263582511.60,25-Aug-2026,10005,INE570L01029
SAIPARENT,EQ,525.05,531.95,518.3,527.9,530,528.75,82571,43269663.00,25-Aug-2026,3417,INE0H9F01037
KALAMANDIR,EQ,88.45,88.86,86.7,86.9,87.3,88.37,452209,39585174.00,25-Aug-2026,3238,INE438K01021
SEKURITIND,EQ,118.01,119.49,117,117.07,117.4,118.4,12340,1452556.76,25-Aug-2026,154,INE068B01017
SAJHOTELS,ST,39.9,39.9,39.9,39.9,39.9,42,6000,239400.00,25-Aug-2026,3,INE00MT01022
SAKAR,EQ,900,920,872.3,884.85,885.05,899.5,77175,69074310.45,25-Aug-2026,5824,INE732S01012
SAKSOFT,EQ,163.25,163.25,159,159.59,159.95,162.13,237329,37998343.76,25-Aug-2026,3877,INE667G01023
SAKHTISUG,EQ,22,22.57,21,21.73,21.7,22.4,522797,11324527.09,25-Aug-2026,1928,INE623A01011
SAKUMA,EQ,1.49,1.63,1.48,1.63,1.63,1.49,1781040,2805089.62,25-Aug-2026,1105,INE190H01024
SALASAR,EQ,5.87,5.96,5.85,5.91,5.93,5.87,2047870,12112909.29,25-Aug-2026,1962,INE170V01027
SALONA,EQ,265,274.99,265,270.09,273.88,268.37,1198,323780.54,25-Aug-2026,56,INE498E01010
SALZERELEC,EQ,569.9,574.45,558.55,564.45,564.05,569.45,46859,26480260.35,25-Aug-2026,2037,INE457F01013
SAMAY,ST,46,46,44.05,44.9,44.25,44,36000,1627000.00,25-Aug-2026,9,INE124101010
SAMBANDAM,EQ,146.9,147,133.9,134.14,135,144.09,7466,1031085.80,25-Aug-2026,146,INE304D01012
SAMBHAAV,EQ,6.68,6.68,6.21,6.34,6.27,6.3,17204,108375.51,25-Aug-2026,62,INE699B01027
SAMBHV,EQ,130.9,132.89,127.63,128.66,129,131.18,809463,105088154.99,25-Aug-2026,7592,INE12NJ01018
SAIFL,SM,5.05,5.15,5,5.1,5.15,5.05,184000,932800.00,25-Aug-2026,33,INE0PZA01015
SAMHI,EQ,160,160.28,158,158.74,159.4,159.58,654035,103932055.06,25-Aug-2026,13279,INE08U801020
SAMMAANCAP,EQ,150,150.66,149,149.97,150.24,149.4,3834063,573922751.43,25-Aug-2026,15934,INE148I01020
SAMPANN,EQ,26.05,26.99,25.75,26.47,26.1,26.05,54823,1450736.41,25-Aug-2026,255,INE735M01018
MOTHERSON,EQ,167.61,168.28,164.81,166.45,166.45,169,8705147,1444614823.39,25-Aug-2026,52584,INE775A01035
SANATHAN,EQ,447.3,460,447.25,451.6,460,448.7,13848,6258163.85,25-Aug-2026,1280,INE0JPD01013
SANDESH,EQ,1052.4,1052.4,1014,1022.05,1028.55,1034.15,913,936322.55,25-Aug-2026,152,INE583B01015
SANDHAR,EQ,681.9,696.35,673,679,677,680.6,175272,119654119.50,25-Aug-2026,7437,INE278H01035
SANDUMA,EQ,203.82,207.73,203.58,205.1,205,205.21,736690,151479916.85,25-Aug-2026,12789,INE149K01016
SANGAMIND,EQ,565.8,569.9,558.65,564.1,561.2,561.6,19179,10811275.20,25-Aug-2026,1063,INE495C01010
SANGANI,SM,52.15,52.15,52.15,52.15,52.15,54.85,1500,78225.00,25-Aug-2026,1,INE0OVI01010
SANGHVIMOV,EQ,467.8,471.95,448.6,458.4,459,466.05,499082,227620665.85,25-Aug-2026,17709,INE989A01032
SANGINITA,BE,50.92,50.92,50.92,50.92,50.92,53.6,263434,13414059.28,25-Aug-2026,211,INE753W01010
SANOFICONR,EQ,4201.6,4208,4162,4176.9,4187.4,4220.6,2826,11808265.70,25-Aug-2026,937,INE0UOS01011
SANOFI,EQ,3277,3277.2,3192.2,3198.2,3195.5,3274.6,21942,70526654.90,25-Aug-2026,4376,INE058A01010
SANSERA,EQ,3858,3887.9,3770.5,3790.5,3785,3844.3,73667,280794832.00,25-Aug-2026,12484,INE953O01021
SANSTAR,EQ,106.15,108.85,105.61,107.93,108.75,106.59,111786,11948916.45,25-Aug-2026,1444,INE08NE01025
SANWARIA,BZ,0.2,0.2,0.19,0.19,0.19,0.19,613370,119877.10,25-Aug-2026,156,INE890C01046
SAPPHIRE,EQ,249.3,252.65,244.61,249.81,250.33,249.3,905908,225186061.24,25-Aug-2026,24822,INE806T01020
SARTELE,SM,100.9,102,99.8,99.95,99.8,100.9,26000,2615450.00,25-Aug-2026,48,INE0PUC01020
ZSARACOM,EQ,11801,12270,11100,11300,11100,11934,86,1000798.00,25-Aug-2026,51,INE967G01019
SSDL,EQ,58,58.77,57.1,57.57,57.41,57.46,10622,613674.59,25-Aug-2026,229,INE0PQ101010
SARDAEN,EQ,507,512.15,503.15,506.5,508,507,212203,107636568.50,25-Aug-2026,9729,INE385C01021
SAREGAMA,EQ,514.4,515.9,502.65,504.7,506.6,510.05,197775,100186215.85,25-Aug-2026,8410,INE979A01025
SARLAPOLY,EQ,100.3,102,99.33,101.2,101.05,100.02,23918,2404643.45,25-Aug-2026,723,INE453D01025
SAROJA,SM,36.1,37.9,36.1,37.9,37.9,36.1,25600,966720.00,25-Aug-2026,16,INE0PCL01011
SMLT,EQ,68.96,69.97,68.15,69.09,69.65,68.96,1098,75969.93,25-Aug-2026,47,INE017W01010
SARVESHWAR,EQ,3.48,3.55,3.45,3.47,3.46,3.44,1711114,5969696.02,25-Aug-2026,1542,INE324X01026
SASKEN,EQ,1901,1928.7,1850,1871.2,1860,1926.1,18234,34423384.30,25-Aug-2026,2443,INE231F01020
SATKARTAR,SM,124.6,134.8,121.7,133.45,134.8,121.35,55200,7203280.00,25-Aug-2026,56,INE0NB801022
SSEGL,SM,394,423.9,383.4,420,421.9,396.75,147200,60883330.00,25-Aug-2026,467,INE0RFP01011
SATIA,EQ,57.6,59.4,57.5,57.84,57.72,57.91,124969,7274026.93,25-Aug-2026,1981,INE170E01023
SATIN,EQ,222,223.49,219.53,221.36,221.46,223.63,154326,34153127.65,25-Aug-2026,2943,INE836B01017
SATTVAENGG,SM,75.95,76,75.95,76,76,76.7,6400,486320.00,25-Aug-2026,3,INE14DW01018
SAURASHCEM,EQ,57.44,57.79,56.42,56.94,56.71,56.85,69725,3971154.11,25-Aug-2026,955,INE626A01014
SOTL,EQ,681.8,688.3,672,673.65,674,681.8,147140,99649236.45,25-Aug-2026,5325,INE035D01020
SAVY,SM,125.6,137,125.1,135,135,126,45600,6032700.00,25-Aug-2026,32,INE0UCN01017
SAWALIYA,SM,275,280,266,268.05,269,279.05,137400,37398420.00,25-Aug-2026,124,INE10VS01016
SAYAJIHOTL,EQ,337,337,320,320.25,337,339.35,72,23074.00,25-Aug-2026,3,INE318C01014
SAYAJIIND,EQ,120,120,111.99,112.35,112,116.03,868,97535.60,25-Aug-2026,16,INE327G01032
SBC,EQ,39.98,40.24,39.71,39.91,40.12,39.82,4695171,187298184.72,25-Aug-2026,4608,INE04AK01028
SBFC,EQ,92.23,93.2,91.52,92.77,93.1,92.23,587142,54185069.48,25-Aug-2026,7573,INE423Y01016
SBICARD,EQ,647.1,654.6,645.75,651,651,650.3,1214650,788809833.55,25-Aug-2026,27812,INE018E01016
SBIFUNDS,EQ,541.4,552.25,536.5,549.05,550.15,541.4,2151544,1167392279.80,25-Aug-2026,42756,INE640G01020
SBILIFE,EQ,1761,1774.4,1751.2,1755,1755,1761.8,1641672,2888743542.60,25-Aug-2026,51919,INE123W01016
SETFGOLD,EQ,133.88,137.6,132.73,136.95,136.9,137.32,4898302,671011506.64,25-Aug-2026,12463,INF200KA16D8
SETFNIF50,EQ,267.37,267.37,260,261.66,262.15,260.85,327941,85531223.53,25-Aug-2026,4412,INF200KA1FS1
SETFNIFBK,EQ,589.93,592.99,589,590.48,592.58,590.09,38455,22666196.51,25-Aug-2026,784,INF200KA1580
SETFNN50,EQ,812.76,812.76,787.3,795.32,793.02,792.94,23493,18610514.98,25-Aug-2026,1244,INF200KA1598
LIQUIDSBI,EQ,999.99,1000.01,999.99,999.99,999.99,999.99,2386,2385998.43,25-Aug-2026,26,INF200KA13Z8
SBIBPB,EQ,49.44,49.98,48.84,49.81,49.98,49.44,32408,1611160.77,25-Aug-2026,291,INF200KB1712
SBIETFCON,EQ,124.97,124.97,123.31,124.29,124.12,123.45,1609,199828.01,25-Aug-2026,74,INF200KA1X17
SBIETFIT,EQ,337.5,339.95,336.5,338.82,339,338.38,1590,537562.51,25-Aug-2026,129,INF200KA1S14
SBIETFPB,EQ,283.4,283.4,279.38,281.14,281.93,282.41,2558,718676.31,25-Aug-2026,83,INF200KA1S22
SBIETFQLTY,EQ,224.31,226.02,223.16,225.73,226.02,224.71,1342,300372.56,25-Aug-2026,44,INF200KA1WX6
SBILIQETF,EQ,1053.34,1053.36,1053.34,1053.34,1053.34,1053.07,244427,257465852.01,25-Aug-2026,121,INF200KB1969
SBIMIDMOM,EQ,64.47,64.5,63.92,64.48,64.5,63.82,31593,2032133.78,25-Aug-2026,136,INF200KB1AJ0
SBINEQWETF,EQ,33.75,33.85,33.22,33.74,33.85,33.59,23171,777136.61,25-Aug-2026,179,INF200KB1282
SBINMID150,EQ,23.78,23.78,23.4,23.54,23.6,23.52,9449,222077.02,25-Aug-2026,125,INF200KB1AK8
SBISILVER,EQ,234.05,236.61,233.72,234.57,235.13,237.34,1406831,330378149.20,25-Aug-2026,7179,INF200KB1217
SBISMLETF,EQ,18.64,18.67,18.31,18.39,18.45,18.46,74364,1364551.06,25-Aug-2026,234,INF200KB1AY9
SBIVALETF,EQ,14.79,14.81,14.73,14.76,14.73,14.82,3915,57751.00,25-Aug-2026,32,INF200KB1AX1
SETF10GILT,EQ,265.84,266.17,264.05,264.39,264.05,264.52,1091,289273.78,25-Aug-2026,29,INF200KA1JT1
SCANSTL,BE,63.88,64.79,61.35,62.24,63,63.88,31579,1970037.61,25-Aug-2026,155,INE099G01011
SCHAEFFLER,EQ,4020.4,4020.4,3975.1,4002.5,4014,4020.4,40296,160947105.90,25-Aug-2026,10800,INE513A01022
SCHNEIDER,EQ,1158.4,1168.8,1134.9,1146.4,1145,1158.4,322370,370111855.80,25-Aug-2026,24959,INE839M01018
1003SCL31P,N1,1030.49,1030.49,950.21,1030.49,1030.49,950.2,825,824866.05,25-Aug-2026,4,INE148I07VA5
888SCL28,NA,999.26,1000,999.26,1000,1000,1000,90,89963.00,25-Aug-2026,3,INE148I07XK0
955SCL35,NO,1005,1005,1005,1005,1005,1005,5,5025.00,25-Aug-2026,1,INE148I07XF0
990SCL28,N1,1045.24,1045.24,1045,1045.24,1045.24,1039,200,209014.40,25-Aug-2026,3,INE148I07WI6
SCODATUBES,EQ,130.97,131.25,128.52,129.87,130.28,130.03,139490,18097646.75,25-Aug-2026,1473,INE090501011
762AS46,SG,99.75,99.75,99.75,99.75,99.75,95,100,9975.00,25-Aug-2026,1,IN1220250162
783AS46,SG,99,99,99,99,99,100,100,9900.00,25-Aug-2026,1,IN1220260013
792BR51,SG,95.5,95.5,95.5,95.5,95.5,95.5,100,9550.00,25-Aug-2026,1,IN1320260012
768CG36,SG,95.3,95.3,95.3,95.3,95.3,100,100,9530.00,25-Aug-2026,1,IN3520260032
782CG48,SG,99,99,99,99,99,100,100,9900.00,25-Aug-2026,1,IN3520260040
775DL41,SG,100.12,100.12,100.12,100.12,100.12,100,4800,480576.00,25-Aug-2026,1,IN3920260020
743GJ27,SG,100.86,100.86,100.86,100.86,100.86,100.3,300,30258.00,25-Aug-2026,1,IN1520230161
762GJ28,SG,99.38,99.38,99.38,99.38,99.38,99.38,200,19876.00,25-Aug-2026,2,IN1520230088
783KL49,SG,98,98,98,98,98,98,100,9800.00,25-Aug-2026,1,IN2020260047
807MH49,SG,98.5,98.5,98.5,98.5,98.5,98.5,100,9850.00,25-Aug-2026,1,IN2220260037
783MP48,SG,99,99,99,99,99,99,100,9900.00,25-Aug-2026,1,IN2120260046
774RJ34,SG,99.72,99.72,99.72,99.72,99.72,95,100,9972.00,25-Aug-2026,1,IN2920230371
781RJ49,SG,99,99,99,99,99,99,300,29700.00,25-Aug-2026,2,IN2920260048
754TN36,SG,91.89,91.89,91.89,91.89,91.89,95.1,700,64323.00,25-Aug-2026,1,IN3120250706
754TS33,SG,100,100,100,100,100,100,100,10000.00,25-Aug-2026,1,IN4520260030
749UP34A,SG,96.5,96.5,96.5,96.5,96.5,100,200,19300.00,25-Aug-2026,2,IN3320230250
782UP46,SG,100.25,100.25,100.25,100.25,100.25,100.25,600,60150.00,25-Aug-2026,2,IN3320260042
935LTF29,N5,1130,1130,1130,1130,1130,1107,5,5650.00,25-Aug-2026,1,INE027E07972
SEAMECLTD,EQ,1645.1,1663,1639,1649.6,1648,1655,21222,34926711.00,25-Aug-2026,2566,INE497B01018
IIFLHFZC27,NB,1439,1439,1439,1439,1439,1438,65,93535.00,25-Aug-2026,2,INE477L07AP4
IIFLZC26,NN,1498,1500,1480,1499.36,1500,1498,1443,2143559.00,25-Aug-2026,17,INE530B07187
10ISFL26,N3,1059,1059,1059,1059,1059,1059,55,58245.00,25-Aug-2026,4,INE413U07277
10CAGL27,N5,1015,1015,1015,1015,1015,1015.5,100,101500.00,25-Aug-2026,1,INE741K07496
1003ISFL28,N4,1014.88,1014.88,1014.88,1014.88,1014.88,1014.96,5,5074.40,25-Aug-2026,1,INE413U07269
1003SCL31A,N1,1029.15,1029.15,1027.08,1027.08,1027.08,1027.86,347,356500.26,25-Aug-2026,4,INE148I07UR1
925SCL28C,BS,654.19,654.19,652.15,652.15,652.15,630.33,42,27400.50,25-Aug-2026,3,INE148I07PL4
1025SCL34A,ZT,1010,1010,1010,1010,1010,990,1000,1010000.00,25-Aug-2026,1,INE148I07TN2
965SCL25F,NZ,832,832,832,832,832,850,50,41600.00,25-Aug-2026,1,INE148I07RB1
1050SCL31,ZP,1024.7,1024.7,1024.7,1024.7,1024.7,1024.7,10,10247.00,25-Aug-2026,1,INE148I07TK8
835SCL23A,YH,1062.7,1075,1062.7,1075,1075,1062.7,2555,2727215.00,25-Aug-2026,11,INE148I07RR7
1050ISFL28,N5,1055.3,1062,1055.3,1056,1056,1062.75,24,25395.60,25-Aug-2026,3,INE413U07251
1075SCL33,YK,1050.3,1050.3,1050.3,1050.3,1050.3,1124,3,3150.90,25-Aug-2026,2,INE148I07RW7
980SCL33,NX,840.6,840.6,840.6,840.6,840.6,948,10,8406.00,25-Aug-2026,1,INE148I07QZ2
79NHIT35,N1,310.05,313.5,310.05,310.5,310.5,312.5,53,16449.85,25-Aug-2026,4,INE0H7R07017
79NHIT40,N2,316.8,316.8,314.99,315,315,310.02,204,64381.79,25-Aug-2026,5,INE0H7R07025
79NHIT47,N3,415.02,418.9,415.02,418.9,418.9,415,28,11628.32,25-Aug-2026,2,INE0H7R07033
820IIFL27,N9,995,995,995,995,995,995,59,58705.00,25-Aug-2026,1,INE477L07AN9
82IGT31,NJ,1029.35,1030,1029.15,1029.4,1029.4,1028.26,119,122514.20,25-Aug-2026,5,INE219X07264
840CIFCL28,N4,1022,1030,1022,1029.99,1029.99,1033.4,128,131359.40,25-Aug-2026,3,INE121A07QY9
842IIFL26,NL,995,998.99,995,998.99,998.99,995.01,116,115443.94,25-Aug-2026,4,INE530B07161
843IHFL29,NC,981.98,984.5,981.98,984.5,984.5,980.66,473,465251.74,25-Aug-2026,9,INE477L07AQ2
850CIFCL26,NE,1045.31,1148.1,900,1148.1,1148.1,1060,22334,22534506.45,25-Aug-2026,131,INE121A07RO8
865IFL28,NZ,990,990,990,990,990,990,120,118800.00,25-Aug-2026,2,INE530B07385
865IIFL28,NS,989,993,988.11,992.98,992.98,992.5,890,881460.16,25-Aug-2026,13,INE530B07310
875IIFL26,NM,1071,1071,1071,1071,1071,1070.95,501,536571.00,25-Aug-2026,5,INE530B07179
875IHFL29,ND,1023.01,1023.01,1023.01,1023.01,1023.01,1023.01,10,10230.10,25-Aug-2026,3,INE477L07AR0
889SCFL27,YC,993.89,993.89,993.89,993.89,993.89,999.25,28,27828.92,25-Aug-2026,2,INE148I07LE8
889SCL27,YT,930.4,988,930.4,988,988,999,30,28634.00,25-Aug-2026,3,INE148I07LV2
89IHFL29,N1,985,985,985,985,985,985,5,4925.00,25-Aug-2026,1,INE477L07BG1
897MOFSL29,N4,1026,1026,1020,1020,1020,1025,100,102056.00,25-Aug-2026,6,INE338I07164
9IHFL27,N1,1055.67,1055.67,1055.67,1055.67,1055.67,1045,74,78119.58,25-Aug-2026,1,INE477L07BC0
948SCL27D,N1,980.01,985,980,980.71,980,1050,72,70610.05,25-Aug-2026,11,INE148I07UC3
965AEL27,N4,1100.01,1100.01,1100.01,1100.01,1100.01,1100,21,23100.21,25-Aug-2026,1,INE423A07328
970CAGL28,ND,1022,1024,1015.1,1015.1,1015.1,1022,60,61214.20,25-Aug-2026,7,INE741K07579
971SCL29A,ZN,998,998,998,998,998,998,500,499000.00,25-Aug-2026,1,INE148I07TG6
990SCL26A,NL,325.2,399,325.2,358,358,369,21,7575.40,25-Aug-2026,3,INE148I07QI8
990SCL26B,Y7,1063.8,1063.8,1063.8,1063.8,1063.8,1063.8,33,35105.40,25-Aug-2026,1,INE148I07RN6
990SCL27,YT,1030.2,1030.2,1030.2,1030.2,1030.2,1030.2,30,30906.00,25-Aug-2026,1,INE148I07SG8
CIFCZC26,NF,1249,1249,1249,1249,1249,1246.5,4,4996.00,25-Aug-2026,1,INE121A07RK6
0MOFSL27,N3,1225.81,1225.81,1225.81,1225.81,1225.81,1217,1,1225.81,25-Aug-2026,1,INE338I07099
SCLZC26C,NB,1313.71,1313.71,1313.71,1313.71,1313.71,1307,3,3941.13,25-Aug-2026,1,INE148I07QB3
CIFCZC28A,N5,1299,1299,1299,1299,1299,1299,39,50661.00,25-Aug-2026,1,INE121A07QX1
IMC1,N1,250,250.2,250,250.2,250.2,250,43,10750.40,25-Aug-2026,3,INE00QS24043
IMC1,N2,250.18,250.18,250.18,250.18,250.18,250.18,41,10257.38,25-Aug-2026,3,INE00QS24027
IMC1,N3,251,251,250,250,250,251,135,33790.00,25-Aug-2026,4,INE00QS24035
1015ECL29,NR,1015.1,1021.58,1013,1016,1016,1019.84,2406,2453047.34,25-Aug-2026,25,INE804IA7014
829PFL29,N6,1000,1000,1000,1000,1000,1084,5,5000.00,25-Aug-2026,1,INE511C07706
1060ECL29,NS,1020,1079.85,1020,1079.85,1079.85,1061,211,219220.10,25-Aug-2026,4,INE804IA7022
81TCHF28,N8,1018,1020,1018,1020,1020,1023.6,85,86532.00,25-Aug-2026,4,INE033L07GS6
84TCHF28,NA,1059,1059,1058,1058.02,1058,1064,1073,1135263.85,25-Aug-2026,10,INE033L07GU2
865SCL26,N8,995.04,995.04,995,995,995,1001,1000,995000.20,25-Aug-2026,17,INE148I07GJ7
875SFL27,ZF,1021.99,1021.99,1021.99,1021.99,1021.99,1021.99,20,20439.80,25-Aug-2026,2,INE721A07PK7
885SCL26,N9,1078.99,1080.01,1078.99,1080,1080,1077,1719,1856189.43,25-Aug-2026,53,INE148I07GK5
9SCL26BA,NA,1073.01,1079.7,1073.01,1079.7,1079.7,1080,410,442542.30,25-Aug-2026,7,INE148I07GL3
903SFL28,YI,1030,1042,1030,1041.95,1042,1030,736,766157.00,25-Aug-2026,9,INE721A07NU1
930SFL28,YP,1050,1050,1050,1050,1050,1049.9,15,15750.00,25-Aug-2026,1,INE721A07OC7
94SFL28,YL,1039.95,1039.95,1039.95,1039.95,1039.95,1040,300,311985.00,25-Aug-2026,2,INE721A07NX5
943ECL28,NJ,1002.1,1002.1,1002.02,1002.02,1002.02,1001.85,114,114238.28,25-Aug-2026,2,INE804I078Y8
985ECL28,NK,1001.01,1001.01,1001.01,1001.01,1001.01,1004.67,1,1001.01,25-Aug-2026,1,INE804I079Y6
SCLZC26,NB,2340,2340,2340,2340,2340,2330.5,50,117000.00,25-Aug-2026,3,INE148I07GN9
SECMARK,EQ,132.3,132.3,124.9,125.02,127,126,1316,164932.83,25-Aug-2026,17,INE0BTM01013
SECURKLOUD,EQ,18.18,18.18,16.64,17.79,17.74,17.96,18863,331879.32,25-Aug-2026,190,INE650K01021
SEDEMAC,EQ,3150,3180,3032.3,3081.8,3070,3151,95100,294999851.20,25-Aug-2026,14219,INE00XB01019
SEJALLTD,EQ,685,693,675.05,684.05,688,686.2,4247,2918797.20,25-Aug-2026,541,INE955I01044
SELMC,EQ,27.56,28.74,27.56,27.72,27.72,28.08,5300,148982.87,25-Aug-2026,71,INE105I01020
SEMAC,EQ,290,291,283,289.7,290,293.4,592,171317.20,25-Aug-2026,18,INE617A01013
SENCO,EQ,372,373.85,364.4,368.65,368,371.75,1124170,414223600.50,25-Aug-2026,24702,INE602W01027
SENORES,EQ,1508,1508,1456.3,1480.4,1477,1515.7,198519,294852680.90,25-Aug-2026,16797,INE0RB801010
SEPC,EQ,5.87,5.87,5.73,5.77,5.77,5.82,9580475,55304093.09,25-Aug-2026,4176,INE964H01014
865LTF26,NN,1055.1,1058.5,1055.1,1058.49,1058.5,1059,212,224231.53,25-Aug-2026,14,INE027E07BC8
898LTF29,N7,1098.8,1098.8,1080,1082.5,1082.5,1072,541,585150.79,25-Aug-2026,13,INE027E07998
865TCAPS27,N8,1016,1016,1010.15,1010.15,1010.15,1014.75,622,628719.54,25-Aug-2026,15,INE306N07LM5
SERVICE,SM,63.5,65.9,62.2,65.5,65.9,64.2,60000,3802400.00,25-Aug-2026,24,INE0P1Q01015
SERVOTECH,EQ,82.26,82.86,81.11,81.53,81.5,82.26,199323,16254108.12,25-Aug-2026,2541,INE782X01033
STYL,EQ,393,401,382,393.7,394,387.45,89741,34982726.70,25-Aug-2026,2631,INE04VU01023
SESHAPAPER,EQ,227.55,229.84,226.12,227.16,226.15,227.55,15651,3560625.35,25-Aug-2026,502,INE630A01024
SETCO,BE,17.79,17.79,17.23,17.54,17.4,17.99,90587,1583847.08,25-Aug-2026,223,INE878E01021
SETUINFRA,BZ,0.43,0.47,0.43,0.46,0.47,0.45,89818,40841.01,25-Aug-2026,87,INE023M01027
SEYAIND,BE,12.45,12.45,12,12.39,12.39,12.21,6195,75979.81,25-Aug-2026,25,INE573R01012
SGFIN,EQ,687.2,715,687.2,700.5,699,689.35,252186,176672633.35,25-Aug-2026,9252,INE618R01015
SGMART,EQ,811.55,848.95,809,837.4,834.65,811.55,242728,202372525.50,25-Aug-2026,13443,INE385F01024
SGLRES,EQ,2.49,2.59,2.4,2.5,2.59,2.49,37372,93257.24,25-Aug-2026,75,INE967B01028
SHADOWFAX,EQ,260,261.56,256.3,256.9,256.7,260.34,2116581,546342566.53,25-Aug-2026,24148,INE12UN01015
SHAHALLOYS,EQ,79.94,79.94,74.3,76.82,74.3,78.37,11010,850011.66,25-Aug-2026,128,INE640C01011
SHAH,EQ,4.36,4.36,3.2,3.2,3.2,3.99,54859459,188141148.97,25-Aug-2026,12292,INE482J01021
SHAILY,EQ,3268,3289.2,3182.5,3227.6,3237.3,3268.8,140549,452822973.20,25-Aug-2026,22143,INE151G01028
SHAKTIPUMP,EQ,494.9,495.65,490,491.95,492.45,493.9,233558,114989862.35,25-Aug-2026,8880,INE908D01010
SHALBY,EQ,153,155.39,151.5,154.69,155.3,154.03,65824,10088694.60,25-Aug-2026,1410,INE597J01018
SAHLIBHFI,EQ,75,75,70.95,72.99,73,73.37,24392,1741594.50,25-Aug-2026,119,INE861D01011
SHALPAINTS,BE,83,84.44,81.3,81.87,81.8,84.75,80561,6634217.36,25-Aug-2026,485,INE849C01026
SRD,EQ,40.99,40.99,39.05,39.99,40.07,40.74,12892,515098.99,25-Aug-2026,109,INE01NE01012
SHANKARA,EQ,144.84,146.98,144,145.8,145.55,144.83,28836,4188060.31,25-Aug-2026,545,INE274V01019
BUILDPRO,EQ,1244,1264.5,1200,1241.3,1233,1249.9,94849,117104014.80,25-Aug-2026,5971,INE24OJ01011
SHANKESH,EQ,103.3,111,94,94.82,95.2,93,95704155,9699663965.00,25-Aug-2026,327346,INE1WFC01025
SHANTIGEAR,EQ,539.85,585,516.1,557.9,585,549,1482458,797927177.95,25-Aug-2026,34017,INE631A01022
SEIL,EQ,209.9,210.33,205.1,206.93,207,210.15,262547,54672580.87,25-Aug-2026,2493,INE440T01028
SHANTIGOLD,EQ,260.01,273.59,257.76,263.96,264,270.52,2538961,674073225.51,25-Aug-2026,30551,INE06ZD01017
SHANTI,EQ,6.47,6.47,6.23,6.31,6.32,6.33,8783,55164.52,25-Aug-2026,43,INE933X01016
SHINDL,EQ,164,170,161.5,163.71,162.4,163.59,227188,36968560.01,25-Aug-2026,785,INE220Z01013
SHARDACROP,EQ,781,786.4,764.65,767.4,766,779.3,171508,132220865.05,25-Aug-2026,9736,INE221J01015
SHARDAMOTR,EQ,897,898.45,872,874.35,878.2,893.15,35341,31178786.70,25-Aug-2026,5070,INE597I01028
SHARDUL,BE,53.87,53.87,52.02,52.3,52.92,52.08,4732,249005.94,25-Aug-2026,50,INE037B01020
SHAREINDIA,EQ,173.6,174.6,171.76,172.62,173.9,173.53,142977,24714565.21,25-Aug-2026,1954,INE932X01026
SCML,SM,83,85,82.1,85,85,82.4,15000,1267450.00,25-Aug-2026,15,INE460Q01014
SHEEL,ST,58.75,58.75,58.75,58.75,58.75,59.55,8000,470000.00,25-Aug-2026,4,INE0YJV01017
SFL,EQ,659.45,661.6,641.05,646.55,648,656.15,124006,80409028.20,25-Aug-2026,12630,INE916U01025
SCPL,BE,651,669.95,640,658.2,664.8,651.6,14654,9706243.20,25-Aug-2026,189,INE501Y01019
SHEETAL,SM,345,348.5,330,333.1,347.5,337.25,12000,4015275.00,25-Aug-2026,17,INE04VX01019
SHEKHAWATI,BE,18.19,18.97,17.41,17.98,17.41,18.32,27138,486099.87,25-Aug-2026,98,INE268L01046
SHEMAROO,BE,131,131,125.15,129.29,129.29,126.51,5846,748457.32,25-Aug-2026,52,INE363M01019
SHERA,SM,179.8,181,175.15,179.9,180.45,174.7,22000,3938850.00,25-Aug-2026,21,INE0MM001019
SHERVANI,EQ,344.5,344.5,303.35,312.05,309.25,344.5,227,71344.25,25-Aug-2026,20,INE011D01013
SHIGAN,SM,68,68,68,68,68,68,1500,102000.00,25-Aug-2026,1,INE03KJ01013
SHILCTECH,EQ,3941.2,3958.8,3848.8,3919.7,3873,3921.2,20504,80310837.60,25-Aug-2026,4533,INE024F01011
SHILGRAVQ,EQ,175,175,162.5,163.34,162.54,164.38,3913,642541.83,25-Aug-2026,59,INE960A01017
SHILPAMED,EQ,859,869,835.5,861.55,860.95,855.8,1201334,1022669972.05,25-Aug-2026,43486,INE790G01031
SCILAL,EQ,39.7,40.49,39.26,40.06,40.16,40.02,124493,4979595.58,25-Aug-2026,812,INE0PB301013
SCI,EQ,289.3,294,286.75,288.1,288.9,288.45,1615761,468301364.50,25-Aug-2026,20334,INE109A01011
SHIPROCKET,EQ,135.4,138.11,131.15,132.77,132.19,134.67,11939062,1607949679.50,25-Aug-2026,78132,INE0FOO01011
SHIVAUM,EQ,443.35,444.1,440,440.05,440,444.2,565,248891.00,25-Aug-2026,35,INE719F01016
SHIVACEM,EQ,17.14,17.14,16.6,16.66,16.6,16.98,37597,631540.43,25-Aug-2026,312,INE555C01029
SHIVAAGRO,EQ,43,43,39.2,41.48,41.59,42.76,5097,203939.50,25-Aug-2026,80,INE960E01019
SHIVAMILLS,EQ,62.28,62.28,60.05,61.39,61.49,59.64,727,44632.74,25-Aug-2026,28,INE644Y01017
SHIVATEX,EQ,170.99,172.5,165.01,170.43,171.4,168.97,2407,410594.98,25-Aug-2026,93,INE705C01020
SPCL,SM,60.1,61.05,60.1,61.05,61.05,60.05,8400,510450.00,25-Aug-2026,13,INE0T7B01010
SBCL,EQ,1001.5,1039.4,993.6,1018.35,1014.5,1001.5,229576,233653866.10,25-Aug-2026,12786,INE386D01027
SHIVALIK,BE,270,284.9,261.05,282.26,284.9,271.52,31154,8658880.05,25-Aug-2026,330,INE788J01021
SHIVAMAUTO,BE,16.19,16.42,16,16.03,16.25,16.3,31258,503461.63,25-Aug-2026,114,INE637H01024
SHIVASHRIT,SM,120,121.3,118,121.3,121.3,120,150000,17897550.00,25-Aug-2026,104,INE1DLF01018
SHOPERSTOP,EQ,407.65,407.65,392,394.6,393,406.75,33163,13166986.60,25-Aug-2026,2377,INE498B01024
SHRADDHA,EQ,159.9,159.9,149,149.68,153.99,153.14,571,86224.93,25-Aug-2026,36,INE311M01018
SHRADHA,EQ,33,33.15,32.05,32.31,32.59,32.95,16496,537365.20,25-Aug-2026,117,INE715Y01031
SHREEPUSHK,EQ,427.5,459.5,424.05,454.1,459.5,426.9,258194,114171546.05,25-Aug-2026,9339,INE712K01011
SAPPL,EQ,281,301,278,292.1,282.55,281.45,800,228136.20,25-Aug-2026,27,INE185C01017
SHREECEM,EQ,24045,24500,24005,24440,24440,24020,126056,3062600075.00,25-Aug-2026,10918,INE070A01015
SHREDIGCEM,EQ,72.32,76.5,71.88,74.87,74.6,72.32,225152,16649115.40,25-Aug-2026,1376,INE232A01011
SGRL,EQ,533.95,534,500.3,507.1,507.95,519.05,6538,3318674.80,25-Aug-2026,375,INE414Y01015
SHREEKARNI,SM,348,348,348,348,348,342.05,450,156600.00,25-Aug-2026,1,INE0S4Y01010
SHREEOSFM,SM,60,60,60,60,60,61.65,2000,120000.00,25-Aug-2026,2,INE02S501018
SRTL,EQ,40.5,40.79,39.66,39.79,39.66,40.13,21203,848578.03,25-Aug-2026,149,INE19GK01015
SHREERAMA,EQ,45,45.47,43.61,44.1,44.36,45.31,68660,3037655.77,25-Aug-2026,1178,INE879A01019
RAMANEWS,EQ,31.19,31.89,30.25,31.79,31.8,31.83,7527,237442.10,25-Aug-2026,108,INE278B01020
RENUKA,EQ,25.47,25.74,24.43,24.67,24.75,25.47,42636836,1061529149.55,25-Aug-2026,61256,INE087H01022
BALAJEE,EQ,27,27,26.26,26.4,26.45,26.59,14264,377936.68,25-Aug-2026,194,INE0S2G01011
SVLL,BE,781.5,791.5,770.5,770.5,770.5,776,12717,9969656.05,25-Aug-2026,43,INE00CE01017
SHETHJI,ST,166,166.2,166,166.2,166.1,165.9,8000,1329100.00,25-Aug-2026,5,INE1FL101016
SHREEJISPG,EQ,637.9,651,635,645.5,643.5,635.3,1375993,886465477.45,25-Aug-2026,9929,INE1B6101010
OSWALSEEDS,EQ,12.6,12.6,11.8,12.03,12.05,12.36,74648,897598.61,25-Aug-2026,396,INE00IK01029
SHREMINVIT,IV,100.2,100.25,100.2,100.25,100.25,99.9,50000,5011250.00,25-Aug-2026,2,INE0GTI23014
SHRENIK,BZ,0.29,0.29,0.27,0.28,0.28,0.28,769158,213744.42,25-Aug-2026,245,INE632X01030
SHREYANIND,EQ,123.37,125.6,121.76,123.77,123.5,122.49,9043,1111221.15,25-Aug-2026,208,INE231C01019
SHRIAHIMSA,ST,457,457.5,449,453.05,452,435.75,57000,26010510.00,25-Aug-2026,78,INE0DM401012
SHBAJRG,EQ,166.68,170.99,164.06,165.11,168.96,166.68,2491,413520.20,25-Aug-2026,90,INE402H01015
SHKSIL,SM,32.8,33.45,32.8,33.45,33.45,34.4,4000,132500.00,25-Aug-2026,2,INE0NON01025
SHRJAGP,EQ,700,700,664.1,699.15,699.15,699.7,768,527505.05,25-Aug-2026,97,INE564J01026
SHRIKANHA,SM,22.4,22.4,20.7,20.7,20.7,21.35,6400,136160.00,25-Aug-2026,4,INE1V4601019
SHRIKRISH,EQ,38.2,38.2,38.2,38.2,38.2,38.01,2,76.40,25-Aug-2026,2,INE997I01012
SHRINGARMS,EQ,228.62,228.67,223.91,226.3,226.49,228.67,202103,45632787.30,25-Aug-2026,1456,INE1B3L01017
LIQUIDSHRI,EQ,1118.86,1118.88,1118.86,1118.88,1118.88,1118.59,1176,1315786.06,25-Aug-2026,15,INF680P01422
SHRIRAMFIN,EQ,1117.9,1138.5,1112,1138.5,1138.5,1119,2440583,2747106731.70,25-Aug-2026,58690,INE721A01047
SHRIRAMPPS,EQ,76.8,78.44,75.95,77.96,77.86,76.83,314948,24359247.81,25-Aug-2026,3597,INE217L01019
SHUBHSHREE,SM,339.3,339.3,339.3,339.3,339.3,353.9,300,101790.00,25-Aug-2026,1,INE0UL701015
SHUKRAPHAR,EQ,44.07,44.94,44.07,44.08,44.08,44.07,1374828,60843035.05,25-Aug-2026,2117,INE551C01044
SHYAMCENT,BE,5.05,5.13,4.8,4.89,4.89,4.89,85749,419568.11,25-Aug-2026,106,INE979R01011
SHYAMDHANI,ST,56.6,56.95,54.5,56.9,56.9,54.95,46000,2525700.00,25-Aug-2026,5,INE1CRP01016
SHYAMMETL,EQ,1001,1017.8,991.7,1006.2,1007.3,1001,308203,309979960.40,25-Aug-2026,11328,INE810G01011
SHYAMTEL,EQ,13.51,14.94,13.51,13.86,14.4,13.99,5876,82921.00,25-Aug-2026,504,INE635A01023
SICAGEN,EQ,53,55,53,54.8,54.8,53.55,21991,1190319.28,25-Aug-2026,319,INE176J01011
SICALLOG,BE,102.7,105.65,100.37,100.37,100.37,105.65,75315,7596993.41,25-Aug-2026,260,INE075B01020
SIDDHICOTS,SM,27.25,27.6,27.25,27.55,27.55,27.6,6000,164580.00,25-Aug-2026,4,INE0SVO01019
SIDDHIKA,SM,221,221,218.05,219.05,220,218,3000,657100.00,25-Aug-2026,4,INE0A1E01018
ENRIN,EQ,3490,3495.5,3371,3389.6,3390.1,3485.7,395921,1348927752.70,25-Aug-2026,36940,INE1NPP01017
SIEMENS,EQ,4114,4149.4,4060,4090.5,4090.5,4114,625842,2564601809.40,25-Aug-2026,37749,INE003A01024
SIGACHI,EQ,30.54,34.49,30.5,33.9,33.78,30.49,16061164,535431971.99,25-Aug-2026,56732,INE0D0K01022
SIGMAADV,EQ,692.7,692.7,692.7,692.7,692.7,659.75,124322,86117849.40,25-Aug-2026,604,INE933B01012
SIGMA,EQ,48.48,48.99,47.61,48.64,48.4,48.48,73686,3568241.43,25-Aug-2026,1411,INE0A0S01028
SIGNATURE,EQ,795,799.05,785,790.6,791.4,795.4,195902,155219366.20,25-Aug-2026,6325,INE903U01023
SIGIND,BE,69.99,70.8,66,69.29,70.48,68.55,20677,1396411.80,25-Aug-2026,317,INE529F01035
SIGNPOST,EQ,262,263.35,255.2,256.4,257.8,263.1,66501,17137307.10,25-Aug-2026,2881,INE0KGZ01021
SIKA,EQ,1044,1044,1011,1017.7,1017.4,1036.6,14880,15286945.30,25-Aug-2026,1236,INE438E01032
SIKKO,BE,5.09,5.13,4.96,5.01,5.04,5.13,378325,1908577.43,25-Aug-2026,552,INE112X01025
SILINV,EQ,475,482.7,471,474.95,471,482.7,3760,1791548.30,25-Aug-2026,437,INE923A01015
SILGO,EQ,72.35,73.5,71.55,72.37,73.49,72.45,187674,13552082.83,25-Aug-2026,746,INE01II01013
SILKFLEX,SM,231.5,231.5,231.5,231.5,231.5,220.5,18000,4167000.00,25-Aug-2026,13,INE0STN01015
SILKY,SM,65,66.2,65,65,65,65.55,35200,2290560.00,25-Aug-2026,15,INE0SN801015
SILLYMONKS,EQ,15.88,16.9,15.5,16.56,16.57,15.88,89141,1433876.88,25-Aug-2026,125,INE203Y01012
SILVERTUC,EQ,180.19,183.4,173.11,181.64,181.1,180.13,527452,94421312.21,25-Aug-2026,10622,INE625X01026
SIMBHALS,BZ,9.12,9.12,9.12,9.12,9.12,8.69,17754,161916.48,25-Aug-2026,32,INE748T01016
SIMCA,SM,264.95,275,263.9,266.2,264,258.25,38400,10284510.00,25-Aug-2026,49,INE1K4J01018
SIMPLEXINF,EQ,253.76,253.85,246.57,248.72,250.6,253.76,18039,4499036.92,25-Aug-2026,431,INE059B01024
SIMPLXREA,EQ,132,132,132,132,132,125.95,1,132.00,25-Aug-2026,1,INE167H01014
SINCLAIR,EQ,75.16,76.79,74.11,74.59,74.8,75.32,6856,514376.20,25-Aug-2026,106,INE985A01022
SINDHUTRAD,EQ,24.05,24.95,23.26,23.8,23.6,24.02,3990326,97815028.32,25-Aug-2026,15277,INE325D01025
SINGERIND,EQ,79.7,80.49,77.56,78.42,78.5,79.11,37691,2951202.96,25-Aug-2026,1348,INE638A01035
SINTERCOM,EQ,83.35,83.35,78.65,79.06,79.06,81.72,782,62527.56,25-Aug-2026,29,INE129Z01016
SIRCA,EQ,439.65,442.9,433,435.5,434.5,439.75,319377,139862426.85,25-Aug-2026,4072,INE792Z01011
SIS,EQ,418,420.7,411.05,413.1,413.25,418.05,194898,80985631.75,25-Aug-2026,14943,INE285J01028
SITINET,BZ,0.28,0.29,0.27,0.27,0.28,0.28,1097183,302788.86,25-Aug-2026,293,INE965H01011
SIYSIL,EQ,592.95,593.95,562.1,567.2,567,588.45,85777,49125099.40,25-Aug-2026,5198,INE076B01028
SJS,EQ,2572.4,2582.9,2508,2551.3,2535,2561.7,125940,320760297.10,25-Aug-2026,17270,INE284S01014
SJVN,EQ,65.8,66.29,65.5,65.86,65.88,65.8,1165561,76639124.62,25-Aug-2026,11434,INE002L01015
SKFINDUS,EQ,2745,2809.6,2710,2732,2734.9,2748.1,33779,93161124.90,25-Aug-2026,7368,INE2J8701016
SKFINDIA,EQ,1596,1596,1561.1,1568.3,1568,1586.4,16848,26456476.80,25-Aug-2026,2346,INE640A01023
SKIPPER,EQ,577,588,542.5,549.2,546.6,575,1191916,670355194.90,25-Aug-2026,32270,INE439E01022
SKMEGGPROD,EQ,256,261.1,253.21,259.36,259.5,256.8,196031,50574862.46,25-Aug-2026,4662,INE411D01023
SKP,SM,154,155.9,154,155.9,155.9,153.55,1500,232900.00,25-Aug-2026,3,INE0KZA01016
SKYGOLD,EQ,799.5,849.9,795.05,842.3,842,798,1438311,1187224175.75,25-Aug-2026,34395,INE01IU01018
SKYTECH,ST,63.5,63.5,63.5,63.5,63.5,66.8,1600,101600.00,25-Aug-2026,1,INE0VFE01017
SLONE,ST,158,160,151,157.8,160,158.45,6000,937020.00,25-Aug-2026,15,INE0SMA01017
SMARTEN,ST,52.85,57.85,52.85,56.25,57,55.6,44400,2374740.00,25-Aug-2026,23,INE14GK01016
SMARTLINK,BE,225,227.25,222.75,223.15,223,225.76,4071,914366.80,25-Aug-2026,44,INE178C01020
SMARTWORKS,EQ,554,567.9,534,540.25,540,550.5,532459,295175493.85,25-Aug-2026,22357,INE0NAZ01010
8SMC29,N1,500,500,500,500,500,500,10,5000.00,25-Aug-2026,2,INE05NX24023
8SMC30,N2,510,510,510,510,510,510,10,5100.00,25-Aug-2026,1,INE05NX24031
SMCGLOBAL,EQ,79.51,80.84,78.5,78.88,78.9,79.73,165780,13117871.53,25-Aug-2026,1143,INE103C01036
SMLMAH,EQ,5238,5238,5151.5,5192,5190,5204,31101,161208724.00,25-Aug-2026,4144,INE294B01019
SMSPHARMA,EQ,354.15,358.9,350.4,356.75,356.6,354.1,170666,60542770.05,25-Aug-2026,3968,INE812G01025
SNEHAA,SM,42.5,43.95,42.05,43.95,43.95,44.2,7000,300400.00,25-Aug-2026,7,INE1OIC01018
SNOWMAN,EQ,37.62,37.84,36.95,37.37,37.39,37.59,181034,6738343.08,25-Aug-2026,1431,INE734N01019
SOBHA,EQ,1301.8,1304.8,1272.7,1279.7,1277.1,1289.1,67121,86185502.00,25-Aug-2026,9880,INE671H01015
SOFTTECH,EQ,425,425,416.1,420.25,422.9,419.15,1671,702566.95,25-Aug-2026,20,INE728Z01015
SOLARINDS,EQ,19925,19925,19665,19800,19800,19925,57783,1142465685.00,25-Aug-2026,16841,INE343H01029
SOLARA,EQ,629.95,652.2,622.65,628.55,627.4,629.1,347879,221472063.10,25-Aug-2026,15049,INE624Z01016
SOLARWORLD,EQ,150.96,155.5,147,148.77,149.45,150.13,461166,69791641.36,25-Aug-2026,6021,INE0TY101024
SOLEX,EQ,791,803,772.6,788.95,792,796.25,36645,28830402.95,25-Aug-2026,3005,INE880Y01017
BALCO,SM,18,18,18,18,18,18.9,3600,64800.00,25-Aug-2026,3,INE0U0201016
SDBL,EQ,73.02,73.54,72.35,72.73,72.9,73.02,306898,22335827.21,25-Aug-2026,3262,INE480C01038
SOMATEX,EQ,86.04,88.89,86,87.1,86.2,86.79,13757,1200334.78,25-Aug-2026,130,INE314C01013
SOMANYCERA,EQ,552,558.3,536.2,539.35,542,552.1,158984,86463475.05,25-Aug-2026,6585,INE355A01028
SOMICONVEY,EQ,98.62,99.2,93.2,94.06,94.9,97.36,27526,2634200.72,25-Aug-2026,872,INE323J01019
SONACOMS,EQ,805.8,814,803,808.8,808.8,813.5,1442056,1163907712.35,25-Aug-2026,48359,INE073K01018
SONAL,EQ,92.8,92.8,85.2,85.2,85.2,89.4,41,3652.82,25-Aug-2026,4,INE321M01017
SONAMLTD,EQ,64.4,65.58,62.4,64.76,64.67,64.41,88804,5717107.91,25-Aug-2026,1856,INE00LM01029
SONATSOFTW,EQ,307,307.05,297.05,298.45,298.1,306.75,675756,203540811.30,25-Aug-2026,13700,INE269A01021
SOUTHWEST,EQ,216.23,219.08,202.1,204.49,204.01,217.99,361634,75234628.84,25-Aug-2026,6786,INE980Y01015
SPCENET,EQ,3.43,3.44,3.33,3.34,3.33,3.38,478699,1613512.30,25-Aug-2026,515,INE970N01027
SPANDANA,EQ,241.3,244.85,238.3,242.3,241.3,241,116900,28286501.15,25-Aug-2026,2992,INE572J01011
SPEB,ST,90.25,90.5,90.25,90.5,90.5,88.55,6000,542500.00,25-Aug-2026,3,INE1CW901027
SPECIALITY,BE,145.1,150,140.1,142.23,142.26,146.24,78948,11539994.23,25-Aug-2026,343,INE247M01014
SPECTRUM,BE,2170,2227.8,2050,2190.2,2208,2144.3,7263,15503681.00,25-Aug-2026,427,INE01EO01010
SPECTSTM,SM,62.5,62.5,60,61.2,61.95,62.5,12000,730520.00,25-Aug-2026,15,INE0OL001018
SPELS,EQ,147,147.7,140.1,141.94,142,146.86,56641,8095878.01,25-Aug-2026,1635,INE252A01019
SPENCERS,EQ,30.37,31.25,28.46,30.07,30.44,30.58,111526,3336876.80,25-Aug-2026,1576,INE020801028
SPIC,EQ,70,73.3,69.8,70.51,70.3,69.3,3056299,219016206.46,25-Aug-2026,15535,INE147A01011
SPLIL,EQ,30.49,30.95,30.25,30.5,30.5,30.25,3829,117352.43,25-Aug-2026,39,INE978G01016
SPMLINFRA,EQ,187.5,190.39,186.31,188.13,188.2,187,101685,19153560.31,25-Aug-2026,1967,INE937A01023
SPORTKING,EQ,214.86,231.59,213.98,228.26,227.9,214.86,1664375,376030645.13,25-Aug-2026,27321,INE885H01029
SPPPOLY,SM,11.5,11.5,11.25,11.25,11.25,11.75,4000,45500.00,25-Aug-2026,2,INE0QR801013
SHRIPISTON,EQ,4785.8,4785.8,4570.6,4629.9,4641,4746.8,121225,561142507.40,25-Aug-2026,26999,INE526E01018
SPUNWEB,SM,101,104,101,104,104,100.35,4800,492000.00,25-Aug-2026,4,INE19QH01010
SRHHYPOLTD,EQ,480,480.4,470.05,471.9,473,476.9,7472,3539201.40,25-Aug-2026,421,INE917H01012
SREEL,EQ,248.05,266,248.05,257.61,262.9,249.71,51805,13420544.30,25-Aug-2026,1351,INE099F01013
SRF,EQ,2589,2589,2543.5,2575,2575,2580.8,449862,1150586852.20,25-Aug-2026,30171,INE647A01010
SRGHFL,EQ,260,264.9,255.1,256.6,255.2,256,1244,322449.70,25-Aug-2026,39,INE559N01010
HAVISHA,EQ,1.4,1.64,1.36,1.39,1.42,1.4,126723,181295.62,25-Aug-2026,190,INE293B01029
SRIKPRIND,EQ,20.02,22.55,20.02,20.06,20.06,19.79,2953,61818.62,25-Aug-2026,32,INE009C01019
LOTUSDEV,BE,175.5,181.7,175.29,181.56,181.7,173.05,2831800,509616143.77,25-Aug-2026,3338,INE0V9Q01010
SPCON,SM,149,149,149,149,149,151,1200,178800.00,25-Aug-2026,1,INE0TPJ01019
SSFL,ST,230,241.5,230,241.5,241.5,230,23500,5635225.00,25-Aug-2026,44,INE0ON201012
SRIVASAVI,ST,81.15,81.15,78.15,79.35,78.15,81.15,12000,956200.00,25-Aug-2026,8,INE0NPI01014
SRM,EQ,462.15,470.05,460,461.95,463,464.05,64121,29812420.30,25-Aug-2026,2182,INE0R6Z01013
STALLION,BE,227.95,230,223.5,225.85,226.35,225.15,218741,49323096.55,25-Aug-2026,2064,INE0RYC01010
SETL,EQ,312,322.35,300,314.75,315,312.35,1681575,525201778.50,25-Aug-2026,23178,INE0M4D01010
SIL,EQ,20.65,20.65,19.77,19.95,19.9,20.15,34840,696763.79,25-Aug-2026,461,INE173A01025
STANLEY,EQ,136.5,137.5,134.2,135.08,134.5,136.03,51482,6959403.92,25-Aug-2026,1566,INE01A001028
STARCEMENT,EQ,195,196.2,193,194.84,194.4,194.85,112447,21843679.48,25-Aug-2026,3755,INE460H01021
STARHEALTH,EQ,573.15,585,570.7,582.85,584,573,253098,147181589.15,25-Aug-2026,21738,INE575P01011
STARPAPER,EQ,146.8,148.8,143.02,147.89,147.98,145.91,2578,377794.29,25-Aug-2026,85,INE733A01018
STARTECK,EQ,252.9,257.2,250.15,252.2,250.15,252,7889,2013662.05,25-Aug-2026,85,INE992I01013
SBIN,EQ,1036,1048,1031.3,1048,1048,1039.5,9982723,10387663669.90,25-Aug-2026,111951,INE062A01020
SAIL,EQ,180.7,186.89,180.3,184.59,184.59,179.65,68905208,12713290127.64,25-Aug-2026,198415,INE114A01011
STEELCITY,EQ,82.9,91.84,82.7,88.12,88.89,82.21,141096,12529336.69,25-Aug-2026,1227,INE395H01011
STEELXIND,EQ,10.81,11.13,10.75,10.8,10.79,10.9,925914,10052488.47,25-Aug-2026,2306,INE503B01021
STLSTRINF,EQ,22,22.41,17.31,19.97,20,19.61,1991,40494.83,25-Aug-2026,44,INE205F01016
SSWL,EQ,294,296.65,288.2,291.1,291.75,294.7,410340,119300716.95,25-Aug-2026,7524,INE802C01033
STEELCAS,EQ,349.8,354.85,336.1,338.95,336.1,346.5,77823,26636373.30,25-Aug-2026,2572,INE124E01038
STEL,EQ,625,625,605.05,613.4,613,617.6,1636,1002870.85,25-Aug-2026,146,INE577L01016
STERTOOLS,BE,223.45,223.45,220,221.7,221.9,223.45,8569,1896691.10,25-Aug-2026,229,INE334A01023
STLTECH,BE,662.9,667,648,651.35,648.75,658.5,797817,522659562.50,25-Aug-2026,15456,INE089C01029
SGL,EQ,10.12,10.51,9.95,10.48,10.48,10.1,19644,201888.95,25-Aug-2026,136,INE353H01010
STLNETWORK,EQ,26.05,26.34,25.4,25.66,25.64,25.61,672492,17327529.18,25-Aug-2026,1719,INE1VXE01018
STOVEKRAFT,EQ,822,826.8,794.4,795.4,795,821.25,160970,130075541.10,25-Aug-2026,11086,INE00IN01015
STRIDERS,SM,62.8,63.75,60,60.2,60.3,61.7,14400,882240.00,25-Aug-2026,9,INE1XWN01017
STAR,EQ,999,1001.9,976,986.6,985,993.6,209006,206168915.30,25-Aug-2026,9937,INE939A01011
SWSOLAR,EQ,191.47,197.91,188.82,197.1,197.1,191.46,1171828,227027263.15,25-Aug-2026,15157,INE00M201021
STUDDS,EQ,446.65,452,446.5,450.75,451.6,450,29823,13417874.10,25-Aug-2026,1849,INE00Q601028
STUDIOLSD,SM,9.05,9.15,9.05,9.15,9.15,9.05,8000,73000.00,25-Aug-2026,3,INE17VO01028
STYLAMIND,EQ,3573.2,3585.9,3510,3556,3525,3573.2,25105,88937856.00,25-Aug-2026,6211,INE239C01020
STYRENIX,EQ,2096,2116.8,2064,2094.7,2090,2076.4,33543,70260926.40,25-Aug-2026,3563,INE189B01011
SUBAHOTELS,SM,110.8,110.8,108.55,108.85,109,109.1,12000,1312260.00,25-Aug-2026,10,INE0RYR01018
SUBEXLTD,EQ,18.24,18.84,17.74,17.82,17.77,18.25,3207134,58197894.03,25-Aug-2026,5123,INE754A01055
SUBROS,EQ,729.3,738.45,727,729.5,729.8,729.3,27861,20370104.55,25-Aug-2026,2027,INE287B01021
SUDARSCHEM,EQ,1236,1241.9,1217.6,1231.3,1234,1236.1,324675,399753894.00,25-Aug-2026,21517,INE659A01023
SUDARCOLOR,EQ,400.25,408.95,386,394.35,392.55,401.4,13641,5416702.50,25-Aug-2026,1148,INE492A01029
SUDEEPPHRM,EQ,1131.15,1137.2,1103.6,1127.2,1113,1131.15,149508,167425406.35,25-Aug-2026,9249,INE0QPI01025
SUKHJITS,EQ,161.01,162.69,158.6,159.78,159.76,159.95,16377,2625426.69,25-Aug-2026,366,INE450E01029
SULA,EQ,145.53,147.51,143.5,146.79,146.75,144.53,277656,40288398.92,25-Aug-2026,3824,INE142Q01026
SUMEDHA,EQ,42,42,38.56,39.01,39.01,39.08,4396,171978.44,25-Aug-2026,39,INE886B01012
SUMEETINDS,EQ,13.25,13.27,12.88,12.95,12.93,13.18,1223467,15869657.30,25-Aug-2026,2386,INE235C01036
SUMIT,EQ,57,57,50.03,51.72,52.48,50.92,71610,3738587.73,25-Aug-2026,576,INE748Z01013
SUMICHEM,EQ,527.7,530.3,518.3,521.5,523.7,523.45,151006,78926614.05,25-Aug-2026,6362,INE258G01013
SUMMITSEC,EQ,1416.9,1433,1410,1422.3,1424,1416.9,1547,2193741.40,25-Aug-2026,305,INE519C01017
SPARC,EQ,194.99,197.46,192,194.46,194.5,195.04,303427,58868211.07,25-Aug-2026,6399,INE232I01014
SUNPHARMA,EQ,1906.5,1922,1896.2,1922,1922,1910,1221044,2335344990.10,25-Aug-2026,70344,INE044A01036
SUNTV,EQ,470.3,471,465.6,468.9,468.85,468.75,210263,98456311.00,25-Aug-2026,10036,INE424H01027
SUNCLAY,EQ,1258.5,1280,1250.1,1268.3,1265,1255.6,6136,7787864.00,25-Aug-2026,476,INE0Q3R01026
SUNDARMFIN,EQ,4505.1,4534,4478,4518.2,4525,4505.1,20841,93767080.20,25-Aug-2026,6000,INE660A01013
SUNDARAM,EQ,1.23,1.26,1.23,1.24,1.25,1.25,235203,293431.14,25-Aug-2026,222,INE108E01023
SUNDRMBRAK,BE,774,797.7,756.05,789.85,789.85,789.8,1469,1135190.05,25-Aug-2026,69,INE073D01013
SUNDRMFAST,EQ,1222,1225.7,1201.45,1207,1208,1219.25,180364,218303129.45,25-Aug-2026,11337,INE387A01021
SOCL,SM,28.8,29.9,28.6,29,29,29,16000,467360.00,25-Aug-2026,10,INE0CTB01014
SUNDROP,EQ,645.05,665.5,645.05,658.95,657.5,644.05,25516,16740181.60,25-Aug-2026,661,INE209A01019
SUNFLAG,EQ,354.9,356.9,347.05,348.35,347.6,354.05,144595,50656744.15,25-Aug-2026,2977,INE947A01014
SEL,SM,290,300.5,290,299.45,300.5,300.5,2200,651260.00,25-Aug-2026,9,INE0O3O01017
SUNLOC,EQ,72.49,72.49,70,70,70,72.49,102,7164.84,25-Aug-2026,6,INE671C01016
SUNLITE,SM,512.6,522.95,503.1,508.4,505.1,510.1,13200,6761355.00,25-Aug-2026,41,INE0U2N01013
SUNRAKSHAK,EQ,373.1,375,371.95,372.85,373,380.45,10427,3894975.20,25-Aug-2026,134,INE671K01027
SUN-RE,ST,1.6,1.6,1.3,1.3,1.3,1.6,91200,131840.00,25-Aug-2026,26,INE0PLZ20020
SUNREST,SM,41,45,38.55,40.25,41.95,41,67200,2856640.00,25-Aug-2026,38,INE0PLZ01012
SUNSHIEL,EQ,1232,1232,1152.1,1178.6,1191,1208,1488,1769784.40,25-Aug-2026,329,INE199E01014
SUNSHINE,EQ,395.9,395.9,365.6,369.2,369,360,15611716,5915646071.50,25-Aug-2026,187419,INE1B3O01011
SUNTECH,SM,35,37.9,34,36,36,35,19200,688560.00,25-Aug-2026,12,INE0SGZ01016
SUNTECK,EQ,309.85,320,306,314,314.85,307.35,511625,159855259.05,25-Aug-2026,14399,INE805D01034
SUPERSPIN,BE,6.03,6.05,5.98,6.05,6.05,5.98,35009,211114.63,25-Aug-2026,15,INE662A01027
SUPTANERY,EQ,10.94,11.57,10.73,11.57,11.57,10.52,1042614,11883628.77,25-Aug-2026,1847,INE460D01038
SUPERHOUSE,EQ,168,178,168,176.19,176.94,167.86,35790,6282763.22,25-Aug-2026,813,INE712B01010
SIEL,EQ,34.57,34.57,34.57,34.57,34.57,36.38,360,12445.20,25-Aug-2026,16,INE843L01012
SUPRAJIT,EQ,511.3,511.3,496.85,503.25,503,507.75,53232,26685865.95,25-Aug-2026,4832,INE399C01030
SUPREMEENG,BZ,2.63,2.63,2.63,2.63,2.63,2.58,176217,463450.71,25-Aug-2026,83,INE319Z01021
SUPREME,EQ,40.5,40.89,38.6,39.5,39.5,39.67,11120,438913.75,25-Aug-2026,143,INE822E01011
SUPREMEIND,EQ,3588.1,3614.3,3563.3,3593,3593,3601,226949,813107963.50,25-Aug-2026,19874,INE195A01028
SUPREMEINF,EQ,86.4,90.5,85.15,85.86,87,86.36,23622,2062762.61,25-Aug-2026,286,INE550H01011
SPLPETRO,EQ,691.15,702.5,688.05,700.25,701.1,691.4,25715,17916017.20,25-Aug-2026,2905,INE663A01033
SUPREMEPWR,SM,227,232.9,225.55,226.15,226.2,232.05,45500,10370725.00,25-Aug-2026,73,INE0QHG01026
SUPRIYA,EQ,797.15,815,790,791.65,791,797.15,116383,92529518.55,25-Aug-2026,7829,INE07RO01027
SURAJEST,EQ,195,197,194.05,196.6,197,195.29,72870,14203972.49,25-Aug-2026,552,INE843S01025
SURAJLTD,EQ,210,210,205.03,208.06,208.86,209.51,147,30510.57,25-Aug-2026,27,INE713C01016
SURAKSHA,EQ,323.1,324.2,313.1,317.85,318,323.1,73144,23173654.25,25-Aug-2026,2726,INE877V01027
SURANASOL,EQ,25.9,26.09,25.54,25.98,26.09,25.54,19213,497120.57,25-Aug-2026,284,INE272L01022
SURANAT&P,EQ,16.25,16.4,16.1,16.24,16.21,16.23,21136,343931.27,25-Aug-2026,247,INE130B01031
SURANI,SM,96.7,103.5,96.45,100,100,96.6,5000,503100.00,25-Aug-2026,12,INE01ZJ01015
SBGLP,EQ,24.16,24.74,23.97,24.35,24.5,24.15,25832,627024.63,25-Aug-2026,193,INE05ST01028
SURYAROSNI,EQ,218.38,221.19,217.7,220.23,219.8,219.13,352647,77448725.48,25-Aug-2026,7774,INE335A01020
SURYALAXMI,EQ,56.96,56.96,56.2,56.34,56.4,56.68,414,23297.11,25-Aug-2026,14,INE713B01026
SURYALA,EQ,381,384,371.05,383.15,384,381.65,333,125910.00,25-Aug-2026,54,INE132C01027
SURYODAY,EQ,156.33,157.21,150.15,151.02,150.99,157.12,1556170,236533907.08,25-Aug-2026,15832,INE428Q01011
SUTLEJTEX,BE,38.3,38.99,38.01,38.02,38.02,38.44,13775,526732.47,25-Aug-2026,69,INE645H01027
SUVEN,EQ,367,374.8,356.65,360.05,359.55,369.75,540439,196805042.25,25-Aug-2026,14991,INE495B01038
SUVIDHAA,EQ,2.39,2.43,2.26,2.31,2.27,2.36,238921,551423.19,25-Aug-2026,322,INE018401013
SUYOG,EQ,748.2,755.95,740,742.2,742.45,746.35,9564,7133032.30,25-Aug-2026,982,INE442P01014
SUZLON,EQ,47.06,47.16,46.25,46.75,46.75,47.05,47183588,2199803621.44,25-Aug-2026,79321,INE040H01021
SVPGLOB,EQ,3.63,3.92,3.63,3.73,3.72,3.74,36542,138596.75,25-Aug-2026,75,INE308E01029
SWANCORP,EQ,302.45,303.75,297.5,299.4,298.85,302.9,910671,273238257.90,25-Aug-2026,11416,INE665A01038
SWANDEF,BE,2330.7,2377,2301.1,2333.8,2328.1,2330.7,106478,248077462.90,25-Aug-2026,451,INE542F01020
SWARAJENG,EQ,3558.9,3563.2,3545,3551.7,3560,3558.9,3365,11950561.80,25-Aug-2026,829,INE277A01016
SWARAJ,EQ,373.5,378,371.25,377.1,377.8,372.55,218954,81986764.60,25-Aug-2026,1431,INE0GMR01016
SWARNSAR,EQ,36.5,36.5,34,35.49,34.26,35.2,1173,40549.41,25-Aug-2026,40,INE967A01012
SWASTIK,ST,19.95,19.95,19,19,19,19.95,2400,46740.00,25-Aug-2026,2,INE0DGC01025
SWELECTES,EQ,592,610,587.9,601.95,600,594,21753,13140810.65,25-Aug-2026,1470,INE409B01013
SWIGGY,EQ,282.8,291,282,287.4,287.4,284.25,20041501,5764749572.30,25-Aug-2026,101028,INE00H001014
SWISSMLTRY,EQ,17.42,18.3,17.05,17.53,17.34,17.49,195410,3479031.74,25-Aug-2026,661,INE010C01025
SYLVANPLY,SM,51.45,51.45,51.45,51.45,51.45,49,4000,205800.00,25-Aug-2026,2,INE01IH01015
SYMPHONY,EQ,597.75,604.6,592.05,595.45,596.9,597.75,56866,33942244.50,25-Aug-2026,3579,INE225D01027
SYNCOMF,EQ,17.35,18.15,16.85,17.56,17.54,17.18,11734374,206398719.71,25-Aug-2026,38648,INE312C01025
SGIL,EQ,575.2,583.8,564.5,575.45,575,575.85,13932,8004656.00,25-Aug-2026,563,INE00QT01015
SYNGENE,EQ,398.55,407,396.25,406.4,406,398.55,399141,160447186.45,25-Aug-2026,10865,INE398R01022
SYRMA,EQ,1459.9,1467.6,1442,1458.1,1460,1459.9,522653,760860701.30,25-Aug-2026,27035,INE0DYJ01015
SYSTANGO,SM,214.05,214.95,212.1,213.95,213.95,216.2,7200,1533800.00,25-Aug-2026,18,INE0O7R01011
SYSTMTXC,BE,56.99,58,56,56.79,57.55,56.98,2998,169383.24,25-Aug-2026,54,INE356B01024
TGVSL,EQ,106,107.73,104.74,106.1,106.7,106.06,95719,10158369.60,25-Aug-2026,1578,INE284B01028
TTL,EQ,6.3,6.7,6.29,6.49,6.49,6.3,1132724,7294446.05,25-Aug-2026,585,INE592B01024
TAALTECH,EQ,4365.8,4525,4352.1,4501.3,4510,4365.8,9985,44879163.10,25-Aug-2026,1406,INE524T01011
TAC,ST,413.3,433,413.3,421.6,422,414.85,31800,13446550.00,25-Aug-2026,125,INE0SOY01013
TAINWALCHM,EQ,220,220,211,212.6,211.28,218.11,3701,787695.71,25-Aug-2026,175,INE123C01018
TAJGVK,EQ,353.35,354,346.35,349.2,350,353.35,39904,13951223.00,25-Aug-2026,2150,INE586B01026
TAKE,EQ,19.05,19.29,18.81,18.81,18.81,19.79,136670,2587009.62,25-Aug-2026,555,INE142I01023
TALBROAUTO,EQ,421.25,421.25,407.15,409.4,409,418.4,82064,33709994.80,25-Aug-2026,3581,INE187D01029
TAMBOLIIN,BE,245,245,240.05,245,245,245,2007,488778.58,25-Aug-2026,34,INE864J01012
TMB,EQ,877,888.95,868,871.45,873.5,875.1,71824,62989459.05,25-Aug-2026,6106,INE668A01016
TNPL,EQ,141.99,142.85,140.21,141.1,141.75,142.09,148144,20977087.43,25-Aug-2026,2488,INE107A01015
TNPETRO,EQ,116.07,116.93,113.13,114.21,113.2,116.34,232243,26743090.45,25-Aug-2026,3614,INE148A01019
TNTELE,EQ,9.16,9.16,8.81,9.04,9.05,9.06,28857,258557.93,25-Aug-2026,88,INE141D01018
TANAA,EQ,307.5,307.5,296,298.7,299.8,303.9,7812,2333211.05,25-Aug-2026,438,INE692C01020
TANKUP,ST,1280,1280,1280,1280,1280,1300,500,640000.00,25-Aug-2026,2,INE0Z7N01017
TANLA,EQ,567.7,573.15,553.3,556.05,557,564.4,415425,231933961.10,25-Aug-2026,12758,INE483C01032
TARACHAND,EQ,48.01,48.56,47.6,47.87,48,48.53,38349,1838450.81,25-Aug-2026,349,INE555Z01020
TARAPUR,EQ,15.79,15.8,15.02,15.23,15.16,15.55,38119,579259.54,25-Aug-2026,219,INE747K01017
TARC,EQ,122.53,123.85,120.25,120.76,120.6,122.53,685879,83539510.70,25-Aug-2026,8053,INE0EK901012
TARMAT,EQ,50.03,55.45,49.6,54.23,54.5,50.14,96996,5197836.20,25-Aug-2026,1012,INE924H01018
TARSONS,EQ,342.7,349.3,340,345.5,345,346.85,108605,37534091.05,25-Aug-2026,3360,INE144Z01023
TASTYBITE,EQ,10100,10156.5,9926,10083,10017.5,10109,2586,25935124.00,25-Aug-2026,773,INE488B01017
TATACAP,EQ,363.55,364.45,360.5,363.75,363.5,364.45,376228,136549342.70,25-Aug-2026,11943,INE976I01016
TATACHEM,EQ,632,632.5,624,626.35,627.05,626.95,277685,174017516.35,25-Aug-2026,9985,INE092A01019
TATACOMM,EQ,1688.7,1710.9,1677.3,1699.9,1700,1688.5,416394,706823904.90,25-Aug-2026,23543,INE151A01013
TCS,EQ,2305,2313.5,2262,2296.2,2296.2,2284.1,3041609,6944664134.30,25-Aug-2026,106591,INE467B01029
TATACONSUM,EQ,1061.7,1061.7,1051.1,1060.5,1060.5,1062.5,717171,757174163.50,25-Aug-2026,22392,INE192A01025
TATAELXSI,EQ,3673.9,3701.3,3612.2,3665.9,3665.9,3673.5,162141,589923446.50,25-Aug-2026,14895,INE670A01012
TATAINVEST,EQ,645.95,648,641.5,644.35,646.95,645.95,117068,75352557.35,25-Aug-2026,5862,INE672A01026
TMCV,EQ,475.05,481.65,470.65,474.9,476.35,475.05,7064446,3361151851.80,25-Aug-2026,108218,INE1TAE01010
TMPV,EQ,314.9,314.9,310.55,314.25,314.25,314.4,10984458,3434261170.05,25-Aug-2026,87171,INE155A01022
TATAPOWER,EQ,373,374.2,368.55,370.6,370.6,373.5,9167396,3397005845.40,25-Aug-2026,62610,INE245A01021
TATASTEEL,EQ,186.3,187.27,183.5,186.94,186.94,186.3,24578020,4538418286.60,25-Aug-2026,114261,INE081A01020
TATATECH,EQ,798,804.85,784.65,798.5,797.1,797.5,1331830,1060397238.85,25-Aug-2026,37833,INE142M01025
TTML,EQ,37.79,38.12,37.4,37.55,37.59,37.37,1392528,52576165.55,25-Aug-2026,6795,INE517B01013
NETF,EQ,269.2,269.2,261.7,263.71,262.31,262.64,1530,402545.75,25-Aug-2026,121,INF277K015R5
NPBET,EQ,285.09,288.99,281,281.72,281.83,285.09,824,233921.84,25-Aug-2026,30,INF277K010X4
TNIDETF,EQ,89.25,91.49,89.25,91.3,91.47,90.62,74716,6799091.46,25-Aug-2026,374,INF277KA1364
TATAGOLD,EQ,15.71,15.71,15.54,15.59,15.59,15.61,66482840,1037203668.18,25-Aug-2026,77532,INF277KA1976
TATSILV,EQ,23.5,23.5,23.05,23.22,23.25,23.5,43485312,1011878670.95,25-Aug-2026,44934,INF277KA1984
TATVA,EQ,1615,1627.9,1575.5,1581,1576.1,1605.5,35121,55794401.60,25-Aug-2026,4057,INE0GK401011
TAURIAN,SM,432.5,530.4,432.5,510,510,442,135200,66631040.00,25-Aug-2026,166,INE0XWS01018
753IRFC30,NJ,1137.48,1137.49,1137.48,1137.49,1137.49,1144.99,2,2274.97,25-Aug-2026,2,INE053F07835
764IRFC31,NO,1142.35,1145,1141.6,1145,1145,1141.25,440,503284.15,25-Aug-2026,7,INE053F07900
769NHAI31,NE,1150.1,1151,1150,1151,1151,1150,326,374942.00,25-Aug-2026,7,INE906B07EP5
735NHAI31,N9,1106,1106,1106,1106,1106,1108,81,89586.00,25-Aug-2026,3,INE906B07EI0
76NHAI31,NA,1117.1,1119,1117,1117,1117,1118,1900,2123365.80,25-Aug-2026,23,INE906B07EJ8
TBI,SM,65.6,69.9,64.4,69.4,69,64.4,165000,11147700.00,25-Aug-2026,178,INE0N2D01013
TBOTEK,EQ,1701.5,1737.9,1684.7,1725.1,1726.1,1703.5,137626,236547883.90,25-Aug-2026,13200,INE673O01025
TCC,EQ,241.4,256.45,235.55,242.25,242.4,240.05,171914,42005417.75,25-Aug-2026,5904,INE887D01016
TCIEXP,EQ,547,559,530,531.95,531,545.85,19464,10444811.30,25-Aug-2026,1244,INE586V01016
TCIFINANCE,BE,15.7,15.7,14.66,15.56,15.57,15.11,18503,285881.04,25-Aug-2026,83,INE911B01018
TCPLPACK,EQ,3985,4023.5,3892.7,3917.2,3946.2,3972,5709,22511169.50,25-Aug-2026,1084,INE822C01015
TDPOWERSYS,EQ,780.2,782.5,719,729.4,730.3,780.1,1939751,1437118129.80,25-Aug-2026,72098,INE419M01035
TEAMGTY,EQ,235,235,229.32,230.15,230.15,230.02,32,7434.93,25-Aug-2026,17,INE289C01025
TEAMLEASE,EQ,1243,1252.5,1227.8,1236.8,1232,1247.4,12131,15035266.40,25-Aug-2026,2981,INE985S01024
TPHQ,BE,0.57,0.57,0.57,0.57,0.57,0.59,422628,240897.96,25-Aug-2026,319,INE065J01024
TEAMTECH,ST,143,143,135,140.65,141.95,142.1,48000,6687900.00,25-Aug-2026,24,INE2OL601013
TECHM,EQ,1588.1,1599.9,1562,1599.9,1599.9,1584,1383429,2179761125.50,25-Aug-2026,49801,INE669C01036
TECHD,ST,571.1,584.95,560,569.65,569.95,570,9000,5128695.00,25-Aug-2026,30,INE0Y5H01014
TECHERA,SM,170.2,172,168,169.25,169,170.2,37600,6403720.00,25-Aug-2026,43,INE0JQS01019
TECHNOE,EQ,994,999.95,987.5,994.3,996.5,998.05,57066,56665816.65,25-Aug-2026,4827,INE285K01026
TIIL,EQ,3478,3565.3,3402.4,3454.9,3439.8,3441.3,88898,309974249.70,25-Aug-2026,14763,INE545H01011
TECHNOCRAF,EQ,343.9,348.06,336.41,341.42,340.67,341.77,956929,327125666.18,25-Aug-2026,12328,INE1D0W01018
TECHNVISN,EQ,4989.9,4990,4672.9,4885,4800,4907.1,240,1183276.80,25-Aug-2026,94,INE314H01012
TECILCHEM,EQ,9.15,9.15,8.7,8.7,8.93,8.77,6227,54565.75,25-Aug-2026,44,INE014B01011
TGL,ST,14.1,14.1,14.1,14.1,14.1,14.8,73400,1034940.00,25-Aug-2026,56,INE0K6601012
TEGA,EQ,1715,1715,1669,1674.6,1680,1704.3,107566,181644339.50,25-Aug-2026,8837,INE011K01018
TEJA,SM,302,302,302,302,302,317.85,1200,362400.00,25-Aug-2026,2,INE0R1301019
TEJASNET,EQ,508.05,513.6,499.7,504.35,506,509.3,760931,384631214.55,25-Aug-2026,17783,INE010J01012
TEMBO,EQ,57.5,58,55,56.3,56.25,57.7,1528447,86128539.05,25-Aug-2026,4391,INE869Y01028
TENNIND,EQ,556.5,556.5,543.25,546.15,547.45,553.5,784738,428980258.30,25-Aug-2026,32424,INE19RI01016
TERASOFT,EQ,310.45,321.05,298,301.5,302.3,310.45,32330,9762150.55,25-Aug-2026,1741,INE482B01010
TERAI,EQ,106.35,128,106.35,123.28,128,128.3,708,85764.16,25-Aug-2026,24,INE390D01011
TEXINFRA,EQ,111.15,113.28,108.41,110.24,112,111.27,71987,7927983.24,25-Aug-2026,1385,INE435C01024
TEXRAIL,EQ,104,110.88,103.75,108.06,108,104.05,4359213,473360237.62,25-Aug-2026,32902,INE621L01012
TEXMOPIPES,EQ,47.9,48,46.1,46.68,46.9,47.11,75278,3546441.40,25-Aug-2026,453,INE141K01013
737NTPC35C,NA,1378,1378,1378,1378,1378,1205.5,39,53742.00,25-Aug-2026,2,INE733E07JT8
762NTPC35F,ND,1217.2,1220,1217.2,1220,1220,1217.5,91,110801.20,25-Aug-2026,5,INE733E07JW2
TGBHOTELS,EQ,9.66,9.9,9.4,9.46,9.4,9.66,13345,127596.77,25-Aug-2026,99,INE797H01018
TCL,SM,140.25,144.75,136.8,139.95,139.9,140,32800,4581960.00,25-Aug-2026,39,INE0QJL01014
THACKER,BE,1050,1052,1050,1051.7,1050,1080,13,13670.00,25-Aug-2026,3,INE077P01034
THAKDEV,EQ,149.97,149.97,142.02,143.45,142.5,149.98,22,3221.17,25-Aug-2026,6,INE403F01017
THANGAMAYL,EQ,5509.5,5565,5380,5397,5409,5493.5,77429,420290172.00,25-Aug-2026,14584,INE085J01014
ANUP,EQ,1794.1,1810,1769.1,1772.4,1769.3,1789.6,17269,30785806.00,25-Aug-2026,2858,INE294Z01018
BYKE,BE,31.25,32,30.6,31.51,31.9,31.64,43720,1362248.32,25-Aug-2026,146,INE319B01014
GESHIP,EQ,1349,1380,1338,1342.6,1342,1333,2444622,3319928352.00,25-Aug-2026,102569,INE017A01032
GROBTEA,EQ,959.5,968,936.9,967.15,967,954.45,250,240679.05,25-Aug-2026,42,INE646C01018
HITECHGEAR,BE,548,562,540,548.4,548.2,548.9,5689,3148215.85,25-Aug-2026,100,INE127B01011
INDIACEM,EQ,366.65,369.95,362.3,364.3,365,367.75,82943,30305552.80,25-Aug-2026,4909,INE383A01012
INDHOTEL,EQ,735,735,724.55,730,730,728.9,998494,727728550.70,25-Aug-2026,22611,INE053A01029
THEINVEST,EQ,96.7,96.71,94.51,95.3,95.3,96.68,6601,630875.62,25-Aug-2026,130,INE924D01017
NIACL,EQ,184.25,191.16,183.15,187.29,186.8,184.08,2389793,448657129.50,25-Aug-2026,25771,INE470Y01017
PKTEA,EQ,749.2,778,746.4,762.95,770,770.35,486,372217.50,25-Aug-2026,43,INE431F01018
PHOENIXLTD,EQ,1915.9,1959.6,1915,1930,1930,1932,271419,523747434.20,25-Aug-2026,20752,INE211B01039
RAMCOCEM,EQ,915,939.05,902,909.15,908,903.9,629363,577715477.45,25-Aug-2026,22918,INE331A01037
RUBYMILLS,BE,393,393,376.15,383.05,381.2,391.85,12088,4624627.65,25-Aug-2026,162,INE301D01026
SOUTHBANK,EQ,45.29,46.24,45.14,45.35,45.42,45.16,6449392,294459956.76,25-Aug-2026,17180,INE683A01023
STCINDIA,EQ,123.49,123.5,120.5,121.6,122,121.89,23114,2824720.65,25-Aug-2026,489,INE655A01013
UGARSUGAR,EQ,57.8,59.5,54.14,55.66,56,58.01,1072045,61036407.58,25-Aug-2026,8467,INE071E01023
WIPL,EQ,170,170,166.11,169.84,169.84,164.99,946,160398.77,25-Aug-2026,22,INE215F01023
THEJO,EQ,2038.7,2075,1995,2054.6,2075,2032.2,6670,13533084.00,25-Aug-2026,892,INE121N01019
THEMISMED,EQ,118.9,123.47,117.15,119.24,119.15,120.81,528416,63573913.46,25-Aug-2026,7492,INE083B01024
THERMAX,EQ,3984.2,4012.8,3941,3999.8,3993,3984.2,75061,298869678.00,25-Aug-2026,18113,INE152A01029
TIRUMALCHM,EQ,161,164.9,155.61,157.33,156.65,161.37,478488,76699464.12,25-Aug-2026,7263,INE338A01024
THOMASCOOK,EQ,113.6,114.18,109.1,110.42,110,113.43,1437644,159762633.62,25-Aug-2026,14740,INE332A01027
THOMASCOTT,EQ,284,284.4,277.1,279.1,278.3,283.6,18487,5157211.45,25-Aug-2026,1264,INE480M01011
THYROCARE,EQ,586,599,583,596.05,598.5,584,276112,163919161.80,25-Aug-2026,17566,INE594H01019
TIGERLOGS,EQ,29.99,30.8,29,30.5,30.75,29.5,132987,3990751.71,25-Aug-2026,581,INE906O01029
TIJARIA,EQ,6.01,6.1,5.3,5.51,5.4,5.87,131279,727939.87,25-Aug-2026,380,INE440L01017
TIL,BE,242,246.3,240.05,240.6,241.05,247.85,72627,17633532.30,25-Aug-2026,444,INE806C01018
TI,EQ,578.95,594.55,573,574.7,574.6,578.6,1166319,680830471.75,25-Aug-2026,35121,INE133E01013
TIMETECHNO,EQ,186,186,183.4,184.84,185.15,185.05,3205223,591355069.43,25-Aug-2026,25567,INE508G01029
TIMESCAN,SM,39.95,40,39.95,39.95,40,39.2,8000,319800.00,25-Aug-2026,3,INE0IJY01014
TIMEX,EQ,590,624.4,587.4,617.65,618,595.25,389938,238326588.95,25-Aug-2026,17236,INE064A01026
TIMKEN,EQ,3070.1,3148,3070.1,3131.6,3145,3080.7,41940,130501429.80,25-Aug-2026,11481,INE325A01013
TINNARUBR,EQ,1038.1,1038.1,1015.2,1022.7,1020.2,1027.6,18496,18913614.90,25-Aug-2026,1893,INE015C01016
TIPSFILMS,EQ,353.05,357.95,342.3,345.5,344.25,346.2,5957,2087870.95,25-Aug-2026,697,INE0LQS01015
TIPSMUSIC,EQ,644,650,640.55,646.1,645.1,643.75,149796,96671044.00,25-Aug-2026,8933,INE716B01029
TIRUPATIFL,BE,69.7,74,69.7,71.5,71.5,70.73,196242,14181771.95,25-Aug-2026,1063,INE319Y01024
TITAGARH,EQ,847,853.75,827.5,832.2,830,841.45,239337,200329313.95,25-Aug-2026,11219,INE615H01020
TITAN,EQ,5059.1,5124.8,5052.7,5124.8,5124.8,5079,347515,1767808639.30,25-Aug-2026,37225,INE280A01028
TOKYOPLAST,EQ,79.9,79.9,76.1,76.56,76.6,78.1,351,27252.68,25-Aug-2026,16,INE932C01012
TOLINS,EQ,96.57,97.78,96.15,96.78,96.99,96.55,31468,3044483.12,25-Aug-2026,596,INE0RWQ01014
TORNTPHARM,EQ,4895,4932,4855.5,4932,4932,4886.5,214851,1050141480.50,25-Aug-2026,20631,INE685A01028
TORNTPOWER,EQ,1242,1249.3,1234,1243.9,1245.1,1246.3,261114,323983167.90,25-Aug-2026,12068,INE813H01021
TOTAL,EQ,73.9,75.15,72.11,72.74,74.23,72.94,34047,2518825.34,25-Aug-2026,245,INE336X01012
TOUCHWOOD,EQ,63.5,63.5,61.5,61.75,61.66,63,2909,180892.92,25-Aug-2026,63,INE486Y01013
TFCILTD,EQ,130,137.94,129.22,137.02,137.55,129.56,20385722,2763195242.10,25-Aug-2026,52253,INE305A01023
TOYAMSL,EQ,0.64,0.66,0.61,0.64,0.64,0.64,525859,333604.01,25-Aug-2026,180,INE457P01020
TPLPLASTEH,EQ,80.27,80.98,77.76,78.72,78.5,79.68,123709,9751166.96,25-Aug-2026,1142,INE413G01022
TRACXN,EQ,30.1,30.32,29.6,30.01,30.2,29.57,297487,8962541.37,25-Aug-2026,1472,INE0HMF01019
TARIL,EQ,303.95,309.4,300.2,307.85,308,302.1,1808802,553435056.80,25-Aug-2026,25255,INE763I01026
TRANSCOR,EQ,23.99,24.47,23.7,23.74,24.45,23.4,622,14940.38,25-Aug-2026,38,INE330E01023
TREL,EQ,27.02,27.2,26.4,26.55,26.84,27.02,41165,1102860.26,25-Aug-2026,560,INE0O3901029
TRANSPEK,BE,1360,1377.9,1304,1335,1335,1372,7661,10175069.00,25-Aug-2026,391,INE687A01016
TCI,EQ,900.8,913,889.6,893.75,892.5,900.8,15809,14185035.75,25-Aug-2026,2117,INE688A01022
TRANSRAILL,EQ,476,476.35,464.85,467.85,469.1,472.35,185365,86676147.20,25-Aug-2026,7583,INE454P01035
TRANSTEEL,SM,90.3,91.5,85,86.45,85.5,88.8,35000,3084350.00,25-Aug-2026,32,INE0NVI01020
TFL,EQ,12.4,12.4,11.5,11.75,11.98,11.99,9332,109147.94,25-Aug-2026,54,INE804H01012
TRANSWIND,SM,11.35,11.35,11.35,11.35,11.35,11.35,20000,227000.00,25-Aug-2026,1,INE792X01016
TRANSWORLD,BE,187.16,187.16,187.15,187.15,187.15,190.96,20825,3897516.52,25-Aug-2026,81,INE757B01015
TRAVELFOOD,EQ,1306.8,1318.8,1286.9,1296.3,1306,1306.8,25496,33126795.20,25-Aug-2026,4628,INE103V01028
TREEHOUSE,EQ,6.24,6.35,5.95,6.08,6.06,6.24,18457,111612.77,25-Aug-2026,74,INE040M01013
TREJHARA,EQ,159,160,154.25,155.84,155.9,156.21,16940,2665209.89,25-Aug-2026,656,INE00CA01015
TRENT,EQ,2910,2938.9,2893.8,2930,2930,2905,620202,1811545894.80,25-Aug-2026,40226,INE849A01020
TRF,EQ,233.75,233.75,228.7,231.7,229.75,229.99,7664,1762925.25,25-Aug-2026,187,INE391D01019
TBZ,EQ,285,285.4,269.8,280.35,281.4,286.2,1016012,281880818.05,25-Aug-2026,15956,INE760L01018
TRIDENT,EQ,24.43,24.55,24.31,24.42,24.5,24.43,2093686,51085702.75,25-Aug-2026,9078,INE064C01022
TECHLABS,SM,119.2,120,115,119.4,120,115,19250,2269025.00,25-Aug-2026,102,INE0QD201012
TRIDHYA,ST,8.6,8.6,8.6,8.6,8.6,8.6,12000,103200.00,25-Aug-2026,3,INE0LWY01029
TRIGYN,EQ,52.71,56.79,52,56.05,56.39,52.71,43033,2373823.18,25-Aug-2026,497,INE948A01012
TRITONV,EQ,1153.8,1166.5,1122.5,1138.9,1131.5,1147.1,1819,2068816.70,25-Aug-2026,401,INE440G01017
TRIVENI,EQ,297,299.33,285.5,292.88,290,297.18,940142,274102320.57,25-Aug-2026,15708,INE256C01024
TRITURBINE,EQ,579.8,580.7,566.5,572.65,575.85,576.8,370664,211865352.00,25-Aug-2026,37858,INE152M01016
TROM,SM,61.95,61.95,57,59.05,57,58.5,6600,390750.00,25-Aug-2026,11,INE0SYV01018
TRUALT,EQ,444,448.45,433.1,435.55,435.45,441.85,218221,95961630.25,25-Aug-2026,6338,INE0MWH01014
TRU,EQ,4.2,4.36,4.02,4.11,4.25,4.14,162856,676704.71,25-Aug-2026,503,INE615R01029
TRUST,SM,26.3,26.3,24.1,24.75,25.2,25,19800,500310.00,25-Aug-2026,28,INE0SWN01019
TSC,ST,45.25,45.25,45.25,45.25,45.25,45.25,2000,90500.00,25-Aug-2026,1,INE16VK01010
TSFINV,EQ,415.4,415.4,408.1,411.1,412,413,51859,21300408.55,25-Aug-2026,1471,INE202Z01029
935TSI27,N0,101300.01,102777,101300,102777,102777,101300.01,3,305377.01,25-Aug-2026,3,INE1C3207057
935TSI30,N0,105745.14,105745.14,105745.14,105745.14,105745.14,105904.52,31,3278099.34,25-Aug-2026,1,INE1C3207065
TTKHLTCARE,EQ,1094.5,1111.9,1083,1093.4,1096.8,1112.6,10112,11047773.90,25-Aug-2026,1459,INE910C01018
TTKPRESTIG,EQ,587.9,597.95,583.55,595.55,595.8,587.9,61858,36695569.60,25-Aug-2026,4912,INE690A01028
TIINDIA,EQ,2866.6,2893.9,2845.2,2888,2888,2880,157485,451814294.90,25-Aug-2026,23811,INE974X01010
TUNWAL,SM,25.95,26.3,25.95,26.05,26.05,26.1,34000,886400.00,25-Aug-2026,15,INE0OXV01027
TURTLEMINT,EQ,147.97,147.97,142.61,145.93,145.88,147.89,700443,101673085.50,25-Aug-2026,8192,INE0OC301013
TUTIALKA,EQ,53.01,54.99,52.99,54.58,53.83,53.02,12345,661939.26,25-Aug-2026,159,INE400A01014
TVTODAY,EQ,113.45,117.14,111.02,112.31,113,113.47,30424,3446741.45,25-Aug-2026,795,INE038F01029
TVVISION,BE,3.4,3.56,3.23,3.47,3.48,3.4,11278,38852.07,25-Aug-2026,53,INE871L01013
TVSELECT,EQ,441.9,442.25,434.9,440,442.25,439.1,18661,8200352.50,25-Aug-2026,1107,INE236G01019
TVSHLTD,EQ,13707,13709,13505,13567,13551,13707,3397,46168404.00,25-Aug-2026,1326,INE105A01035
TVSINVIT,IV,119,119,119,119,119,118,25000,2975000.00,25-Aug-2026,1,INE1JNC23012
TVSMOTOR,EQ,4365.5,4420,4344.7,4420,4420,4363.5,527228,2311686709.80,25-Aug-2026,38999,INE494B01023
TVSSRICHAK,EQ,4907.9,4907.9,4668.1,4812,4770.7,4907.9,19124,91539985.40,25-Aug-2026,5007,INE421C01016
TVSSCS,EQ,133.44,138.99,131.53,135.14,135.13,132.99,10446289,1412862814.84,25-Aug-2026,68086,INE395N01027
TICL,BE,9.69,9.87,9.4,9.7,9.7,9.51,55517,537590.39,25-Aug-2026,68,INE388G01026
UPHOT,EQ,1331,1331,1331,1331,1331,1396,5,6655.00,25-Aug-2026,1,INE726E01014
UYFINCORP,BE,20.89,20.89,19.61,19.86,19.77,20.09,65304,1309642.03,25-Aug-2026,214,INE152C01025
UCAL,BE,141,143,138,141.64,142.7,141.13,17146,2415988.25,25-Aug-2026,165,INE139B01016
1039UCL26,NE,1027,1027,1027,1027,1027,1031.7,1,1027.00,25-Aug-2026,1,INE583D07570
UCOBANK,EQ,26.11,26.42,25.9,26.05,26,25.89,5578151,145767089.22,25-Aug-2026,15974,INE691A01018
UDAYJEW,EQ,142,142,135.8,139.43,140,140.81,487,67991.56,25-Aug-2026,46,INE551B01012
USK,EQ,21.2,21.65,21.11,21.33,21.27,21.11,4042,86135.07,25-Aug-2026,136,INE0N0Y01013
UFLEX,EQ,619,621.6,603.55,606.35,606.7,619.2,94954,57949419.65,25-Aug-2026,3385,INE516A01017
UFO,EQ,65.6,67.75,65.12,65.49,65.9,65.69,133841,8831304.24,25-Aug-2026,524,INE527H01019
UGROCAP,EQ,88.2,89.39,87.3,88.08,87.66,88.23,102820,9063030.35,25-Aug-2026,1615,INE583D01011
UEL,EQ,163.57,163.57,163.57,163.57,163.57,172.17,14049,2297994.93,25-Aug-2026,308,INE899L01030
UJJIVANSFB,EQ,70.1,70.98,69.06,69.46,69.69,70.29,10201371,712241248.80,25-Aug-2026,46262,INE551W01018
ULTRAMAR,EQ,416.2,419.6,405.5,410.25,419,413,43269,17902882.45,25-Aug-2026,3007,INE405A01021
ULTRACEMCO,EQ,11505,11554,11445,11540,11540,11504,225470,2594156808.00,25-Aug-2026,31812,INE481G01011
UMA,SM,16.45,16.45,15.9,16,16,16.45,16000,259200.00,25-Aug-2026,4,INE067901012
UMAEXPORTS,BE,24.62,25.56,24.62,25.48,25.56,24.35,142484,3596967.77,25-Aug-2026,240,INE0GIU01018
UMIYA-MRO,EQ,89.08,89.99,88.71,88.86,89.7,89.08,5412,481448.08,25-Aug-2026,22,INE398B01018
UNICHEMLAB,EQ,510.05,555.95,504.05,526.05,523.9,509.8,819498,440452657.60,25-Aug-2026,26145,INE351A01035
UNIECOM,EQ,85.93,86.71,84.9,85.19,85.02,86.03,185990,15889996.62,25-Aug-2026,2232,INE00U401027
UNIHEALTH,SM,717.1,717.1,697.05,705.55,706.45,739.1,20500,14473000.00,25-Aug-2026,40,INE0PRF01011
UNIINFO,EQ,11.25,11.68,11.25,11.29,11.5,11.31,1363,15598.38,25-Aug-2026,19,INE481Z01011
UNIMECH,EQ,1509.8,1509.8,1435,1473.5,1479,1499.4,168909,247367254.20,25-Aug-2026,15339,INE0U3I01011
UNIONBANK,EQ,182.35,187.33,181.4,186.98,186.98,183.6,11180970,2070326833.71,25-Aug-2026,52042,INE692A01016
UNIONGOLD,EQ,157.75,157.75,156.05,156.7,157.15,157.75,2663,417939.80,25-Aug-2026,100,INF582M01KS4
UNIPARTS,EQ,808,844.9,800.05,825.6,824.5,808.2,232651,192696599.75,25-Aug-2026,13946,INE244O01017
UNIENTER,EQ,96.89,96.89,94.1,95.61,94.35,94.99,2746,261028.93,25-Aug-2026,60,INE037A01022
UNITECH,EQ,3.93,4.2,3.92,4.01,4.01,3.94,7056842,28608049.59,25-Aug-2026,9709,INE694A01020
UBL,EQ,1342.4,1362.2,1328,1348.6,1355,1346.7,102467,138046099.30,25-Aug-2026,18461,INE686F01025
UNIDT,BE,224.3,225.4,218,218.91,221,219.78,5778,1268358.89,25-Aug-2026,62,INE961D01019
UFBL,BE,816,840,796.1,796.1,796.1,837.95,42696,34278785.35,25-Aug-2026,694,INE382M01027
UHTL,ST,135.35,135.35,135.35,135.35,135.35,132.7,14000,1894900.00,25-Aug-2026,7,INE0SMR01011
UNITEDTEA,EQ,459,462.4,452.7,452.9,452.7,450.5,394,180777.95,25-Aug-2026,71,INE458F01011
UNITEDPOLY,EQ,38.99,39.4,37.28,38.06,38.09,38.39,201045,7685423.84,25-Aug-2026,522,INE368U01029
UNITDSPR,EQ,1550,1556.2,1542.2,1550,1550,1555,223019,345099811.10,25-Aug-2026,10397,INE854D01024
UNIVASTU,BE,158.9,168,156.25,161.7,163,164.47,146626,23480705.50,25-Aug-2026,887,INE562X01013
UNIVCABLES,EQ,1633,1634,1549.5,1589.9,1588,1631.7,109117,172921942.40,25-Aug-2026,12248,INE279A01012
UNIVPHOTO,BE,450,470,440,456.75,457.55,449.1,996,460854.55,25-Aug-2026,57,INE03V001013
UNOMINDA,EQ,1243,1256.5,1240.5,1253.4,1253.4,1251.3,464892,581394103.10,25-Aug-2026,26776,INE405E01023
915SCL26,NE,1080,1080,1080,1080,1080,1076,193,208440.00,25-Aug-2026,3,INE148I08256
96IIFL28A,NF,1002.97,1002.97,1001.06,1001.2,1002.95,1002.97,257,257518.42,25-Aug-2026,11,INE530B08102
10IIFL28,N4,1008.05,1009,996.05,1003,1003,1009,525,524842.40,25-Aug-2026,11,INE477L08147
96IIFL28,N5,1002,1002.95,1000.02,1001.99,1001.99,1002,233,233134.43,25-Aug-2026,11,INE477L08154
910TCAP28,NA,1123,1123,1120,1120,1120,1116.3,43,48163.00,25-Aug-2026,2,INE306N08292
UDS,EQ,222.92,223.01,219.22,222,222.02,221.1,365039,80851196.20,25-Aug-2026,4744,INE851I01011
UPL,EQ,574.95,585,570.55,585,585,571.9,3864498,2229361303.60,25-Aug-2026,49081,INE628A01036
USASEEDS,SM,92.15,92.15,92.15,92.15,92.15,96.9,428,39440.20,25-Aug-2026,1,INE0CBM01019
URAVIDEF,BE,108,110.5,107,109.28,109.3,107.16,10181,1102407.94,25-Aug-2026,51,INE568Z01015
URBANCO,EQ,169,171.55,167.1,169.28,169.7,168.84,15463355,2618972523.13,25-Aug-2026,84994,INE0CAZ01013
URBAN,SM,149.5,149.5,144,145.6,144.5,145,8000,1170480.00,25-Aug-2026,10,INE0O0201019
URJA,EQ,9.24,9.38,9.16,9.28,9.37,9.24,623733,5768005.40,25-Aug-2026,1962,INE550C01020
USHAFIN,SM,45,46,45,46,46,45.7,8000,361600.00,25-Aug-2026,5,INE0LS001014
UMESLTD,EQ,6.19,6.19,5.45,5.63,5.45,5.85,129301,743111.55,25-Aug-2026,401,INE240C01028
USHAMART,EQ,492.45,492.45,485.65,487.25,489.2,490.6,175757,85783909.60,25-Aug-2026,9804,INE228A01035
UTIAMC,EQ,885,893.8,884,889.95,889.55,886.45,40053,35627166.85,25-Aug-2026,4400,INE094J01016
LIQUIDBETA,EQ,1005.71,1005.71,1005.71,1005.71,1005.71,1005.42,501,503860.71,25-Aug-2026,2,INF789F1AG68
BANKBETA,EQ,59.08,59.72,59.08,59.44,59.35,59.27,225583,13373978.13,25-Aug-2026,291,INF789F1AUV1
GILT10BETA,EQ,26.35,26.87,26.35,26.57,26.57,26.5,487,12852.28,25-Aug-2026,18,INF789F1AZF3
GILT5BETA,EQ,66.5,66.5,65.75,65.75,65.75,66.5,1188,78189.80,25-Aug-2026,15,INF789F1AZE6
ITBETA,EQ,322.17,322.56,319.81,322.4,322.56,320.74,152,48812.67,25-Aug-2026,19,INF789F1AZD8
MIDCAPBETA,EQ,237.48,237.52,236.01,236.98,237,236.3,1124,265834.90,25-Aug-2026,40,INF789F1AYX9
NEXT50BETA,EQ,80.2,80.25,79.06,80.2,80.25,79.86,83801,6697826.15,25-Aug-2026,603,INF789F1AUW9
NIFTYBETA,EQ,268.67,270.56,267.69,269.9,270.56,268.67,260287,69845752.88,25-Aug-2026,537,INF789F1AZC0
SENSEXBETA,EQ,861.9,864.63,855,856.6,855.1,857.86,547,469776.55,25-Aug-2026,125,INF789FB1X58
SILVERBETA,EQ,233.1,233.16,230.22,231.08,231.2,234.1,608146,140668288.49,25-Aug-2026,5180,INF789F1AYK6
SNXT50BETA,EQ,96.48,96.48,94.64,96.22,96.11,95.59,794,76277.75,25-Aug-2026,64,INF789F1AUU3
GOLDBETA,EQ,132.15,135.9,132.15,135.35,135.45,135.5,1231168,166494010.30,25-Aug-2026,3147,INF789F1AUX7
UTKAL,SM,49.95,49.95,49.95,49.95,49.95,49.95,2000,99900.00,25-Aug-2026,1,INE1V1R01014
UTKARSHBNK,EQ,14.42,14.99,14.37,14.72,14.68,14.69,9328992,137376929.36,25-Aug-2026,12252,INE735W01017
UTSSAV,ST,470,473,467,467,467,475,10800,5076780.00,25-Aug-2026,13,INE06IJ01010
UTTAMSUGAR,EQ,325.99,337.94,317.21,323.13,324,334.05,439234,143457033.42,25-Aug-2026,11382,INE786F01031
VMARCIND,SM,397,400,388,390.05,390,396.85,169500,66469425.00,25-Aug-2026,103,INE0GXK01018
VTMLTD,EQ,50.68,53.49,50,53.07,53,49.33,67986,3541934.89,25-Aug-2026,595,INE222F01029
VGUARD,EQ,331.5,334.05,329.6,332.7,333.05,331.55,327170,108600374.40,25-Aug-2026,7511,INE951I01027
VLINFRA,SM,26.05,27.5,26.05,27.5,27.5,26.5,3000,80325.00,25-Aug-2026,2,INE0QXL01015
V2RETAIL,EQ,218.79,225,216.11,223.25,223.1,218.22,1774534,391874826.66,25-Aug-2026,36448,INE945H01021
WABAG,EQ,2039,2054,1992.6,2021.5,2023,2001.1,564405,1140262550.60,25-Aug-2026,35208,INE956G01038
VADILENT,EQ,9700,9750,9700,9750,9750,9700,2,19450.00,25-Aug-2026,2,INE693D01018
VADILALIND,EQ,7425.5,7476,7400,7437.5,7449,7425.5,6476,48203810.00,25-Aug-2026,1987,INE694D01016
VAIBHAVGBL,EQ,219.1,222.4,219,221.3,221.55,219.5,166563,36744045.25,25-Aug-2026,8997,INE884A01027
MADHAVBAUG,ST,170,178.6,170,178.6,178.6,171.5,800,139440.00,25-Aug-2026,2,INE0JR301013
VAISHALI,EQ,8.12,8.24,7.8,7.97,7.9,8.12,93607,754132.98,25-Aug-2026,223,INE972X01022
VAKRANGEE,EQ,6,6.03,5.8,5.92,5.91,5.91,1068838,6302785.66,25-Aug-2026,1731,INE051B01021
VALIANTLAB,EQ,105.5,105.54,98.5,105.48,105.54,100.52,899019,94290166.32,25-Aug-2026,2801,INE0JWS01017
VALIANTORG,BE,293.95,298.4,290,292.3,295.95,292.9,11922,3503732.50,25-Aug-2026,317,INE565V01010
DBREALTY,EQ,106.46,108,105.57,107.28,106.5,105.68,584365,62352720.17,25-Aug-2026,5507,INE879I01012
VARDHACRLC,BE,43.81,44.89,43,43.5,43.7,43.92,29543,1289020.90,25-Aug-2026,183,INE116G01013
VHL,EQ,3375,3460,3371,3446.1,3460,3414.2,240,818598.60,25-Aug-2026,76,INE701A01023
VARDMNPOLY,EQ,6.01,6.09,5.97,6,6.01,6,113014,682804.45,25-Aug-2026,326,INE835A01029
VSSL,EQ,351.45,353,341.3,344.55,343.8,351.45,96812,33601061.15,25-Aug-2026,3362,INE050M01012
VTL,EQ,599.6,608.85,598.15,601.35,602.25,599.55,176383,106689907.05,25-Aug-2026,11311,INE825A01020
VARROC,EQ,812.4,818.6,797.55,810.3,810,812.4,122101,98408300.95,25-Aug-2026,7305,INE665L01035
VBL,EQ,425,438,423.85,438,438,428,9481343,4094843987.45,25-Aug-2026,73795,INE200M01039
VGL,EQ,54.42,63,54.42,58.98,59.4,54.59,114090,6862107.49,25-Aug-2026,1212,INE273D01027
DENTALKART,SM,412,422.85,405,417.9,418,411.85,59500,24421900.00,25-Aug-2026,77,INE0N5801013
VASCONEQ,EQ,31.3,31.59,30.75,31,31.07,31.25,206395,6414741.83,25-Aug-2026,982,INE893I01013
VASWANI,EQ,46.39,47.01,45.51,46.19,46,45.89,13836,638391.77,25-Aug-2026,131,INE590L01019
VCL,BE,2.34,2.34,2.34,2.34,2.34,2.23,531241,1243103.94,25-Aug-2026,146,INE098201036
1025VCCL28,N0,96500,96500,95500,96500,96500,95005,3,288500.00,25-Aug-2026,3,INE04HY07294
12VCCL27A,N0,100000,100000,100000,100000,100000,99040.14,1,100000.00,25-Aug-2026,1,INE04HY07179
115VCCL31A,N0,9798.04,9998.99,9798.04,9998.99,9998.99,9998,14,137976.36,25-Aug-2026,3,INE04HY07401
VDEAL,SM,163.9,163.9,156,156,156,154.45,2400,383910.00,25-Aug-2026,4,INE0U2M01015
MANYAVAR,EQ,530,541.25,523,536.5,535.05,533.95,3852349,2066096391.45,25-Aug-2026,13051,INE825V01034
VAML,EQ,449.35,455.7,446.5,447.85,448,449.35,7996323,3602548316.10,25-Aug-2026,142528,INE1CDF01017
VISL,EQ,37.25,38.29,36.5,36.94,36.94,37.07,21169731,792696580.65,25-Aug-2026,39064,INE1CLE01013
VEDL,EQ,276,276.8,273,275,275,277,7970246,2190957207.65,25-Aug-2026,58138,INE205A01025
VOGL,EQ,39.55,40.68,38.76,38.95,39,39.69,36407728,1443918773.16,25-Aug-2026,55602,INE704J01044
VEDPOWER,EQ,36.35,37.07,36.07,36.93,37,36.3,12513028,457322887.10,25-Aug-2026,36481,INE694L01019
VEDAVAAG,EQ,18.5,18.8,18.1,18.25,18.2,18.47,28224,517730.39,25-Aug-2026,170,INE359B01010
VEEDOL,EQ,1487,1489.2,1464.1,1469.5,1474,1476.7,6102,8980481.20,25-Aug-2026,943,INE484C01030
VEEKAYEM,SM,104.3,104.3,94.65,94.65,94.65,99.6,9000,859775.00,25-Aug-2026,16,INE0KTW01013
VELJAN,BE,1825,1825,1771.6,1773.3,1772.1,1825,71,126083.90,25-Aug-2026,16,INE232E01013
VENKEYS,EQ,1576.4,1608.6,1567.1,1577.4,1580,1568.5,88393,140142383.00,25-Aug-2026,7077,INE398A01010
VENTIVE,EQ,585.7,610,574.75,594.05,596,585.7,60788,36180366.50,25-Aug-2026,3420,INE781S01027
VENUSPIPES,EQ,1567.3,1590.3,1543.1,1550,1550,1550.3,133383,207582160.70,25-Aug-2026,9070,INE0JA001018
VENUSREM,BE,1656.6,1672.2,1638,1657.4,1664.9,1686.9,30088,49811450.30,25-Aug-2026,1232,INE411B01019
VERANDA,EQ,250.15,252.75,245.85,248,247.3,250.15,195120,48406410.10,25-Aug-2026,2580,INE0IQ001011
VERITAAS,SM,31.65,31.65,31.65,31.65,31.65,33.3,3600,113940.00,25-Aug-2026,3,INE0SRI01019
VERTEXPLUS,SM,49,49,49,49,49,50.4,16800,823200.00,25-Aug-2026,1,INE0NLB01018
VERTIS,IV,115,115,115,115,115,116,25000,2875000.00,25-Aug-2026,1,INE0KXY23015
VERTOZ,BE,38.9,40.32,38.9,40.32,40.32,38.4,60394,2428123.55,25-Aug-2026,312,INE188Y01031
VESUVIUS,EQ,434.3,436.45,427.35,428.65,428,432.65,90887,39080906.25,25-Aug-2026,4096,INE386A01023
VETO,BE,130.9,132,128.17,129.15,129,130.45,45589,5890408.42,25-Aug-2026,262,INE918N01018
VIAZ,SM,75.2,75.2,70.1,75,75,73.25,8000,580900.00,25-Aug-2026,4,INE0MO401019
VSTL,EQ,112.53,113.75,111.25,111.5,111.25,111.53,8832,986241.23,25-Aug-2026,179,INE0QTF01015
VGCL,EQ,58.9,58.9,54.13,54.36,54.13,56.97,19780,1122138.13,25-Aug-2026,113,INE761Q01015
VHLTD,BE,117.5,120.44,117,119.21,119.38,117.13,26465,3144162.90,25-Aug-2026,87,INE048C01025
VICTORYEV,ST,15.9,16.65,15.9,16.5,16.5,16,15000,243000.00,25-Aug-2026,5,INE0F8901022
VIDHIING,EQ,350,355,328.1,346.85,350,345.5,69905,23934986.20,25-Aug-2026,2129,INE632C01026
VIDYAWIRES,EQ,86.5,87.45,84.7,85,85.25,86.5,572363,48841441.08,25-Aug-2026,5240,INE14UN01029
VIGOR,ST,103.85,103.85,103,103.85,103.85,98.95,43200,4481200.00,25-Aug-2026,27,INE1DM601016
VIJSOLX,EQ,685.7,700,685.05,686.2,685.05,704.95,143,98077.85,25-Aug-2026,22,INE362D01010
VIJAYA,EQ,1483,1499.8,1448.2,1483.4,1482.3,1482.4,189129,277832662.00,25-Aug-2026,16069,INE043W01024
VIJAYPD,SM,56.25,60.25,56.25,60.1,60.25,57.45,12000,699500.00,25-Aug-2026,6,INE0WL901019
VIJIFIN,BE,14.19,14.19,14.19,14.19,14.19,13.92,46431,658855.89,25-Aug-2026,57,INE159N01027
VIKASECO,EQ,1.07,1.07,1.04,1.06,1.06,1.06,3423052,3627385.34,25-Aug-2026,1141,INE806A01020
VIKASLIFE,EQ,1.22,1.26,1.19,1.24,1.25,1.21,4478463,5467761.57,25-Aug-2026,8062,INE161L01027
VIKRAMSOLR,EQ,172.5,172.73,169.31,169.99,170.15,172.02,1602097,273337764.69,25-Aug-2026,13796,INE078V01014
VIKRAN,EQ,61.81,61.9,59.67,59.98,60.03,61.32,2021169,122031672.59,25-Aug-2026,8936,INE01R501028
VILAS,SM,354.5,373.9,351.5,368.9,370.95,351.55,68000,24941775.00,25-Aug-2026,201,INE0AZY01017
VILINBIO,SM,43.15,43.15,42.6,42.6,42.6,43.15,16000,684200.00,25-Aug-2026,4,INE0L4V01013
VIMTALABS,EQ,618,629.25,610.95,626.35,629,615.85,88396,54927260.75,25-Aug-2026,4746,INE579C01029
VINATIORGA,EQ,1329,1338,1324,1333.2,1336.4,1329.6,22644,30141883.90,25-Aug-2026,2511,INE410B01037
VINDHYATEL,EQ,2424.9,2424.9,2325.6,2381.6,2386.9,2388.4,53943,128989523.80,25-Aug-2026,5063,INE707A01012
VINEETLAB,EQ,38.39,39,36.86,38.7,38.55,37.37,120648,4607991.81,25-Aug-2026,517,INE505Y01010
VMOBILE,SM,65.45,65.7,62.55,64.1,64.1,65.75,8000,512840.00,25-Aug-2026,10,INE27V201011
VINNY,EQ,1.07,1.07,1.06,1.06,1.07,1.07,125134,132762.79,25-Aug-2026,114,INE01KI01027
VINSYS,ST,600,607,598,598.4,598.4,600,1250,750600.00,25-Aug-2026,5,INE0OSJ01014
VINCOFE,EQ,162,164.85,158.61,160.9,161.7,158.98,1638606,264658063.72,25-Aug-2026,16469,INE498Q01014
VINYAS,SM,1580,1685,1576.05,1656.6,1650,1603.15,16800,27587370.00,25-Aug-2026,133,INE0OLS01010
VINYLINDIA,EQ,241,241,235.21,237.14,236,238.82,5965,1417830.41,25-Aug-2026,297,INE250B01029
VIPCLOTHNG,EQ,20.5,20.84,20.2,20.57,20.7,20.77,27535,562963.75,25-Aug-2026,108,INE450G01024
VIPIND,EQ,302.05,305.85,298,299.7,298.15,302.05,597251,179539325.85,25-Aug-2026,8991,INE054A01027
VIPULLTD,BE,16.39,16.39,16.39,16.39,16.39,16.07,904233,14820378.87,25-Aug-2026,111,INE946H01037
VIRAT,EQ,489.4,494.4,433.8,448.8,444.6,482,44537,19682987.00,25-Aug-2026,1679,INE467D01017
VIRINCHI,EQ,14.83,15.7,14.83,15.53,15.5,15.14,48453,743188.15,25-Aug-2026,180,INE539B01017
VGINFOTECH,SM,150.05,151.85,147,148.55,148.1,149.35,53000,7879450.00,25-Aug-2026,47,INE0VRH01015
VIRTUALG,EQ,0.57,0.57,0.52,0.52,0.53,0.55,527513,283411.16,25-Aug-2026,273,INE247C01023
VOEPL,EQ,496.95,501,492,498.75,498.5,498.2,22135,10994056.70,25-Aug-2026,898,INE0I0T01010
VISACHROME,EQ,37.9,38,37.02,37.93,38,36.81,15159,572887.54,25-Aug-2026,81,INE286H01012
VIVIDHA,EQ,0.53,0.54,0.5,0.52,0.52,0.53,420880,216023.57,25-Aug-2026,192,INE370E01029
VISAKAIND,EQ,93.47,93.68,90.21,91.33,91.97,92.51,195653,18004119.71,25-Aug-2026,2958,INE392A01021
VISAMAN,SM,92.3,92.3,92.3,92.3,92.3,97.15,1000,92300.00,25-Aug-2026,1,INE0BHK01012
VISDEM,SM,79.5,79.5,79.5,79.5,79.5,79.6,2400,190800.00,25-Aug-2026,2,INE0OWX01025
VISHAL,EQ,18.4,19.36,18.4,18.9,19.05,18.79,39894,754454.84,25-Aug-2026,762,INE755Q01025
VMM,EQ,113.9,114.35,111,112.5,112.5,113.5,22412088,2512603868.22,25-Aug-2026,64002,INE01EA01019
VISHNU,EQ,638.65,646.85,631.25,642.9,640.8,637.7,76828,49162508.35,25-Aug-2026,3587,INE270I01022
VPRPL,EQ,33.56,33.9,33.18,33.71,33.58,33.56,178673,5994594.95,25-Aug-2026,1281,INE0AE001013
VISHNUINFR,SM,159,162.8,155.5,161.15,161.8,159.4,12500,1981825.00,25-Aug-2026,19,INE0PQ001012
VISHWARAJ,EQ,6.88,7.09,6.08,6.29,6.29,6.79,2330979,15076894.76,25-Aug-2026,3854,INE430N01022
VIESL,SM,315,334,315,318.9,318.6,319,84000,27375960.00,25-Aug-2026,90,INE0TR001017
VITAL,BE,56.45,56.45,51.55,52.32,55.75,53.78,2605,141361.70,25-Aug-2026,22,INE0L4K01016
VIVIANA,BE,720,744.85,719.9,725.7,725.9,727,20595,15059855.00,25-Aug-2026,438,INE0MEG01014
VIVIDEL,SM,1590,1625,1555,1575.05,1569,1574,15120,23926452.00,25-Aug-2026,62,INE24H301028
VIVIMEDLAB,BE,6.68,6.68,6.68,6.68,6.68,6.55,44575,297761.00,25-Aug-2026,64,INE526G01021
VIVOBIOT,EQ,19.1,19.1,18.25,18.85,18.85,18.87,16494,307514.18,25-Aug-2026,130,INE380K01017
VIYASH,EQ,271,280,270.45,278.35,278.4,273.2,5438842,1499123584.65,25-Aug-2026,242561,INE807F01027
VLEGOV,BE,10.51,10.71,10.5,10.71,10.71,10.2,32553,345735.05,25-Aug-2026,71,INE03HW01020
VLSFINANCE,EQ,246,249.85,244.1,244.95,245,248.2,6357,1562155.60,25-Aug-2026,234,INE709A01018
VMART,EQ,856.55,865,840.1,862.15,860.5,856.55,95469,81614094.45,25-Aug-2026,7630,INE665J01013
VMSTMT,EQ,46.95,47.44,46.12,46.99,47.01,47.19,86219,4065938.08,25-Aug-2026,303,INE0SJA01013
IDEA,EQ,14.09,15.31,14.08,15.19,15.19,14.07,1534470198,22864685092.89,25-Aug-2026,1578846,INE669E01016
VOITHPAPR,EQ,1500,1500,1450,1454.1,1450,1500,507,741428.60,25-Aug-2026,43,INE285C01015
VOLTAMP,EQ,11382.5,11400,10670,10974,10987,11292,59803,649963703.00,25-Aug-2026,17425,INE540H01012
VOLTAS,EQ,1237.1,1244.9,1228.1,1243,1243,1242,318747,393867557.90,25-Aug-2026,12635,INE226A01021
VRAJ,EQ,119.5,121.97,119.49,121.32,121.2,121.47,7812,944554.01,25-Aug-2026,330,INE0S2V01010
VRLLOG,EQ,286.65,296.5,286,289.95,288.1,288.45,80471,23193154.40,25-Aug-2026,3814,INE366I01010
VSTIND,EQ,212.17,212.17,209.42,209.86,210,210.65,133635,28069690.19,25-Aug-2026,3231,INE710A01016
VSTTILLERS,EQ,4415.4,4478,4355.1,4450,4477,4373.1,7985,35302476.40,25-Aug-2026,1749,INE764D01017
WHBRADY,EQ,550,550,502,529.95,529.95,533.6,115,57934.60,25-Aug-2026,13,INE855A01019
WPIL,EQ,457,464.55,439.05,442.9,444,459,49433,22196872.25,25-Aug-2026,3714,INE765D01022
WSI,EQ,62.21,62.21,60.21,60.82,62,61.85,45664,2790352.74,25-Aug-2026,1305,INE100D01014
WAAREEENER,EQ,2670,2687.7,2644,2655,2655,2674.8,423255,1124376096.00,25-Aug-2026,27996,INE377N01017
WAAREERTL,EQ,876.7,877,864,871.25,872.6,872.35,92599,80407651.10,25-Aug-2026,7358,INE299N01021
WAKEFIT,EQ,137.98,146.47,137.81,145.14,145.4,137.81,1484599,213400843.62,25-Aug-2026,14810,INE0E7301029
WALCHANNAG,EQ,223.4,223.4,219,220.02,220.02,222.25,297867,65701513.87,25-Aug-2026,4270,INE711A01022
WALPAR,SM,28.5,28.5,28.5,28.5,28.5,29.95,2000,57000.00,25-Aug-2026,1,INE0G2G01015
WANBURY,EQ,265.9,270,261.1,264.35,263.85,267.25,102715,27148075.20,25-Aug-2026,2802,INE107F01022
WARDINMOBI,EQ,6.22,6.22,5.8,5.97,6,6.12,373608,2243321.03,25-Aug-2026,910,INE945P01024
WATERBASE,EQ,50.99,51.8,48,49.37,49.88,50.41,23337,1159296.25,25-Aug-2026,316,INE054C01015
CORDELIA,EQ,102,107.5,100.95,104.45,103.7,1043.6,4673297,490714130.80,25-Aug-2026,21557,INE0LZF01039
1075WCA28,N0,9628,9685.61,9430,9481.52,9430,9628,25,239887.11,25-Aug-2026,8,INE0A3007065
WEWIN,EQ,45.52,47,45.5,46.9,46.9,45.52,262,11934.92,25-Aug-2026,10,INE082W01014
TWCGOLDETF,EQ,160.18,160.18,159.2,159.72,159.78,160.18,43020,6869141.43,25-Aug-2026,218,INF2F0001370
WEALTH,EQ,849.85,875,849.05,861,863.95,849.85,1634,1406337.70,25-Aug-2026,222,INE658T01017
WEBELSOLAR,EQ,81.75,82,79.32,79.69,79.78,80.87,1799940,144541412.02,25-Aug-2026,15054,INE855C01023
WEIZMANIND,EQ,75.8,77.67,75.42,75.55,75.55,75.8,777,59063.08,25-Aug-2026,51,INE080A01014
WELCORP,EQ,2394.1,2433.9,2301,2345.5,2331,2409.2,2480694,5919929059.60,25-Aug-2026,110942,INE191B01025
WELENT,EQ,653.9,669.7,642.95,661,658,647.9,963358,634577971.05,25-Aug-2026,30917,INE625G01013
WELINV,BE,2166,2229.2,2166,2229.2,2229.2,2123.1,670,1492225.80,25-Aug-2026,50,INE389K01018
WELSPUNLIV,EQ,191,193.67,188.33,190.3,189.85,190.43,2352698,448436967.52,25-Aug-2026,26964,INE192B01031
WELSPLSOL,EQ,51.59,52.4,50.4,50.8,51.48,51.59,458317,23410411.17,25-Aug-2026,2121,INE731F01037
WENDT,EQ,8301,8343,8150,8189,8190,8286,6404,52531148.50,25-Aug-2026,1622,INE274C01019
WSTCSTPAPR,EQ,611,618.65,604.45,606.15,608,613.45,111653,68201899.65,25-Aug-2026,6776,INE976A01021
WCIL,EQ,87.49,88.09,86.35,87.19,87,86.3,33762,2943990.42,25-Aug-2026,552,INE0CJF01024
WESTLIFE,EQ,583.35,585.85,574.65,576.5,575.65,584.6,31914,18453518.05,25-Aug-2026,4432,INE274F01020
WEWORK,EQ,668.6,682.75,665.05,674.9,672.1,672.1,349564,235109469.05,25-Aug-2026,18475,INE085001019
WHEELS,EQ,1565,1579.6,1489.1,1499.3,1498,1561.4,137354,208595967.10,25-Aug-2026,10840,INE715A01015
WHIRLPOOL,EQ,769.05,772,761.65,767.3,767.55,769.05,90829,69523519.25,25-Aug-2026,9711,INE716A01013
WILLAMAGOR,EQ,25.75,25.75,24.03,24.47,24.15,24.87,5669,140893.56,25-Aug-2026,63,INE210A01017
WINDLAS,EQ,996,1018.95,984.05,990.95,990,991.75,82125,82301534.30,25-Aug-2026,6633,INE0H5O01029
WINDMACHIN,EQ,319.05,319.05,311,314.25,315,317.15,44420,13959875.10,25-Aug-2026,1334,INE052A01021
WINSOL,SM,112,113.1,112,112,112,111.8,1600,180080.00,25-Aug-2026,4,INE0S3D01016
WIPRO,EQ,181.29,181.29,178.39,180.09,180.09,181.31,8352475,1500660143.63,25-Aug-2026,61275,INE075A01022
WTICAB,SM,108.95,109,108,108,108,108.85,5500,598825.00,25-Aug-2026,11,INE623Y01011
WOCKPHARMA,EQ,1895.1,1914.2,1869.6,1899.6,1908,1901,241579,457648877.70,25-Aug-2026,17076,INE049B01025
WOL3D,ST,143.5,143.5,143.5,143.5,143.5,137,1000,143500.00,25-Aug-2026,1,INE0OO201011
WOMANCART,SM,133.75,133.75,125.2,128.1,128,126.2,30000,3848600.00,25-Aug-2026,69,INE0Q9601016
WEL,EQ,135.9,137.56,131.68,134.02,132.12,135.94,879718,118198036.10,25-Aug-2026,4698,INE02WG01024
WONDERLA,EQ,517.7,520.45,512,513.75,512.85,511.95,122345,63098658.15,25-Aug-2026,4188,INE066O01014
WORTHPERI,EQ,154.45,157.98,150.25,152.23,153.4,155.32,15465,2385938.71,25-Aug-2026,1487,INE196Y01018
XCHANGING,EQ,61.12,61.68,60.7,60.87,60.7,61.12,52065,3174292.20,25-Aug-2026,538,INE692G01013
XELPMOC,EQ,83.99,84.7,81,82.13,81.5,83.16,16951,1411236.23,25-Aug-2026,333,INE01P501012
XPROINDIA,EQ,1172.9,1196.7,1160,1186.5,1195,1172.5,73634,87145469.80,25-Aug-2026,4173,INE445C01015
XTGLOBAL,EQ,28.7,29.49,28.41,29.22,29,28.33,38909,1128700.95,25-Aug-2026,591,INE547B01028
XTRANET,EQ,171.1,171.2,162.43,163.09,162.57,167.69,385611,63968306.56,25-Aug-2026,4038,INE0NG701011
YAAP,SM,134,135,131,133.25,134.5,134,11000,1454550.00,25-Aug-2026,11,INE0U0J01015
YASHOPTICS,SM,117,124,117,118.2,119,115.6,21600,2586680.00,25-Aug-2026,21,INE0TO601017
YASHO,EQ,4280.2,4338.6,4154.8,4201.7,4200,4308.5,41030,172817079.40,25-Aug-2026,9194,INE616Z01012
YATHARTH,EQ,917,938.8,911.25,923.05,925.6,907.55,900090,833280601.95,25-Aug-2026,33389,INE0JO301016
YATRA,EQ,115,115.07,113.25,113.92,113.94,115.31,478339,54497387.48,25-Aug-2026,4903,INE0JR601024
YESBANK,EQ,22.6,22.67,22.42,22.5,22.5,22.6,64264051,1446664304.04,25-Aug-2026,70811,INE528G01035
YOGI,EQ,164.9,164.9,156,163.9,163.9,160,1055,168970.75,25-Aug-2026,27,INE290E01011
YUDIZ,SM,24.95,25,23.55,24,24,24,4800,118000.00,25-Aug-2026,5,INE09FA01019
YUKEN,EQ,941.95,960,941.95,943.45,943,933.1,6555,6225328.45,25-Aug-2026,665,INE384C01016
ZFSTEERING,EQ,680,680,667,672.35,675,672.8,1757,1185517.65,25-Aug-2026,98,INE116C01012
ZTECH,SM,493.5,496.5,488,494,494,493.45,9000,4423695.00,25-Aug-2026,27,INE0ISZ01012
ZAGGLE,EQ,190.5,194.3,187.7,189.37,189.7,191.32,1816708,345369019.58,25-Aug-2026,18471,INE07K301024
ZEAL,SM,63,63,63,63,63,65,1800,113400.00,25-Aug-2026,3,INE0PPS01018
ZEEL,EQ,105,107.4,104.31,104.82,104.65,104.57,18052110,1904385826.80,25-Aug-2026,59479,INE256A01028
ZEELEARN,BE,7.85,8.23,7.83,7.99,8.07,7.85,307793,2466002.27,25-Aug-2026,390,INE565L01011
ZEEMEDIA,EQ,9.25,9.44,9.07,9.12,9.12,9.32,1576098,14455698.06,25-Aug-2026,2221,INE966H01019
ZENTEC,EQ,1894,1906.6,1858,1877.7,1862.4,1903.3,278812,523136647.40,25-Aug-2026,20122,INE251B01027
ZENITHDRUG,SM,42.5,42.5,40.55,41,41,41.2,4000,165640.00,25-Aug-2026,5,INE0QWN01013
ZENITHEXPO,EQ,197,208.95,192,206.46,208.95,199,777,154992.00,25-Aug-2026,44,INE058B01018
ZENITHSTL,EQ,5.64,5.64,5.38,5.39,5.39,5.47,54736,295582.98,25-Aug-2026,185,INE318D01020
ZENSARTECH,EQ,478.75,484.35,468.55,472.1,472,476.9,485670,229853003.70,25-Aug-2026,22007,INE520A01027
GOLDCASE,EQ,25.56,25.56,25.2,25.3,25.32,25.33,11155936,282414282.79,25-Aug-2026,9340,INF0R8F01042
LIQUIDCASE,EQ,115.63,115.65,115.63,115.63,115.64,115.6,16916174,1956139680.51,25-Aug-2026,13450,INF0R8F01034
LTGILTCASE,EQ,30.65,30.65,30.48,30.58,30.62,30.54,268483,8204982.92,25-Aug-2026,166,INF0R8F01133
MID150CASE,EQ,11.5,12.08,11.5,11.84,11.87,11.79,1677933,19835612.83,25-Aug-2026,3482,INF0R8F01059
NIFTYCASE,EQ,9.95,9.95,9.69,9.77,9.79,9.71,680671,6621795.49,25-Aug-2026,1591,INF0R8F01166
SILVERCASE,EQ,25.2,25.2,24.21,24.32,24.29,24.59,10505243,255768086.87,25-Aug-2026,7219,INF0R8F01091
SML100CASE,EQ,11.36,11.39,11.27,11.34,11.34,11.32,950223,10751023.45,25-Aug-2026,1335,INF0R8F01141
TOP100CASE,EQ,10.66,10.87,10.53,10.69,10.7,10.66,1320498,14092185.86,25-Aug-2026,940,INF0R8F01067
ZFCVINDIA,EQ,2645,2648.5,2590.4,2603,2600,2650.1,650642,1692149974.50,25-Aug-2026,20154,INE342J01019
ZIMLAB,EQ,123.95,126.19,123,124.8,124.73,123.95,33450,4178374.20,25-Aug-2026,1947,INE518E01015
ZODIACLOTH,EQ,73,75,72,72.61,73.7,73.7,4763,349178.97,25-Aug-2026,164,INE206B01013
ZODIAC,EQ,255,255,243.05,245.8,247.3,249.15,9753,2404689.05,25-Aug-2026,644,INE761Y01019
ZOTA,EQ,1086.9,1109.6,1069.5,1076.8,1079.2,1094.5,110375,119738136.80,25-Aug-2026,5356,INE358U01012
ZUARI,EQ,228.35,238,228,232.01,233,226.97,308152,71926916.17,25-Aug-2026,6954,INE840M01016
ZUARIIND,EQ,285,297,279,281.55,282.45,285.6,223254,64509582.70,25-Aug-2026,4945,INE217A01012
ZYDUSLIFE,EQ,1103,1125,1092.6,1124.5,1124.5,1103.8,1152463,1273320916.90,25-Aug-2026,19891,INE010B01027
ZYDUSWELL,EQ,515.05,529.75,514,525.45,522.1,511.1,662683,347084085.30,25-Aug-2026,36219,INE768C01028
