SYMBOL,SERIES,OPEN,HIGH,LOW,CLOSE,LAST,PREVCLOSE,TOTTRDQTY,TOTTRDVAL,TIMESTAMP,TOTALTRADES,ISIN
SGBJUN28,GB,15540.65,15540.65,15330,15400.01,15400.01,15140.65,159,2454733.73,20-Aug-2026,34,IN0020200104
SGBN28VIII,GB,15425,15530,15410.01,15470.44,15474.99,15193.88,98,1515667.31,20-Aug-2026,38,IN0020200286
SGBMAY29I,GB,15400,15520,15400,15445.79,15420,15169.62,1061,16404129.67,20-Aug-2026,102,IN0020210053
SGBJUN29II,GB,15400,15500,15400,15420.6,15413.02,15181.01,86,1325876.23,20-Aug-2026,23,IN0020210061
SGBJU29III,GB,15500,15500,15351,15424.43,15402,15122.86,168,2590775.66,20-Aug-2026,27,IN0020210087
SGBSEP29VI,GB,15511,15740,15511,15620.01,15620.01,15364.81,148,2320891.04,20-Aug-2026,39,IN0020210145
SGBNV29VII,GB,15400,15500,15400,15425.28,15425.01,15175,245,3792581.46,20-Aug-2026,32,IN0020210178
SGBOCT26,GB,15320,15465,15320,15465,15465,15124,5,77180.00,20-Aug-2026,4,IN0020180249
SGBNOV26,GB,15400.01,15449,15400.01,15413.72,15410,15270,36,555041.15,20-Aug-2026,12,IN0020180314
SGBDEC26,GB,15311,15311,15311,15311,15311,15035.71,1,15311.00,20-Aug-2026,1,IN0020180389
SGBJUN27,GB,15321,15499.99,15321,15499.99,15499.99,15221,55,849935.99,20-Aug-2026,6,IN0020190073
SGBJUL27,GB,15375,15421.12,15355.01,15366.66,15361.12,15170,33,507024.50,20-Aug-2026,6,IN0020190081
SGBAUG27,GB,15395,15799,15372,15394.09,15410,15200,230,3545507.96,20-Aug-2026,59,IN0020190107
SGBSEP27,GB,15555,15600,15555,15600,15600,15250,12,187115.00,20-Aug-2026,6,IN0020190115
SGBJAN27,GB,15371,15400,15355.14,15377.57,15355.14,15196.9,5,76868.14,20-Aug-2026,5,IN0020180462
SGBOCT27,GB,15489,15517,15416.01,15416.94,15417,15300,37,572134.05,20-Aug-2026,10,IN0020190370
SGBFEB27,GB,15450,15450,15450,15450,15450,15300.49,5,77250.00,20-Aug-2026,2,IN0020180561
SGBOCT27VI,GB,15500,15521,15410,15445,15445,15200,24,370949.00,20-Aug-2026,10,IN0020190388
SGBDC27VII,GB,15355.01,15450,15355.01,15430,15410,15100,12,185016.01,20-Aug-2026,8,IN0020190461
SGBAPR28I,GB,15500,15599.99,15425,15455.32,15453,15214.16,246,3816004.70,20-Aug-2026,48,IN0020200062
SGBMAY28,GB,15529.97,15530.01,15415.01,15425.6,15422,15199.97,412,6388886.90,20-Aug-2026,35,IN0020200088
SGBJUL28IV,GB,15350,15499,15350,15400.76,15390,15115.39,210,3237871.69,20-Aug-2026,70,IN0020200146
SGBFEB28IX,GB,15300,15500,15300,15462.33,15416,15198,25,386414.96,20-Aug-2026,16,IN0020190545
SGBAUG28V,GB,15151,15475,15151,15420.42,15420,15149.48,1273,19662597.72,20-Aug-2026,193,IN0020200161
SGBSEP28VI,GB,15500,15684.99,15500,15673.77,15620.01,15290.25,233,3639721.09,20-Aug-2026,59,IN0020200195
SGBOC28VII,GB,15426.34,15550.01,15426.34,15466.02,15466.02,15198.3,294,4555190.48,20-Aug-2026,18,IN0020200203
SGBJ28VIII,GB,15352,15454,15352,15353.05,15353.05,15030.01,18,277118.05,20-Aug-2026,11,IN0020190537
SGBMAR28X,GB,15556,15560,15556,15560,15560,15329,20,311160.00,20-Aug-2026,2,IN0020190552
SGBJUL29IV,GB,15500,15539,15401,15415.31,15401,15131,125,1930787.89,20-Aug-2026,38,IN0020210111
SGBJAN29IX,GB,15205,15550,15105,15400.22,15400.01,15121.11,179,2757511.98,20-Aug-2026,56,IN0020200377
SGBAUG29V,GB,15499,15500,15370,15458.23,15450,15142.95,225,3478694.82,20-Aug-2026,81,IN0020210129
SGBD29VIII,GB,15399,15847.69,15399,15429.77,15402,15226.8,560,8649277.08,20-Aug-2026,163,IN0020210228
SGBJAN29X,GB,15210.01,15504.99,15206,15412.58,15400,15144.56,244,3763139.33,20-Aug-2026,36,IN0020200385
SGBFEB29XI,GB,15210.01,15500,15111,15410.38,15418,15111,295,4532340.18,20-Aug-2026,78,IN0020200393
SGBMR29XII,GB,15500,15727,15500,15623.83,15621.14,15276.77,367,5733838.66,20-Aug-2026,74,IN0020200427
SGBJUN30,GB,15500,15599,15475,15582.25,15535,15231.33,173,2690612.79,20-Aug-2026,55,IN0020220045
SGBAUG30,GB,15898.99,15898.99,15351.01,15563.99,15555,15279.1,428,6659572.57,20-Aug-2026,96,IN0020220078
SGBDE30III,GB,15312.02,15590,15312.02,15542.37,15520,15247.83,470,7290940.81,20-Aug-2026,169,IN0020220110
SGBJAN30IX,GB,15545,15600,15399.99,15425.71,15425,15165.92,262,4047817.30,20-Aug-2026,79,IN0020210236
SGBMAR30X,GB,15500,15550,15400,15467.05,15453.5,15242.08,315,4867539.06,20-Aug-2026,40,IN0020210319
SGBJUN31I,GB,15411,15650.99,15411,15591.55,15595,15307.25,359,5602142.88,20-Aug-2026,125,IN0020230069
SGBSEP31II,GB,15601,15736.46,15552.01,15646.8,15650,15344.49,1225,19181301.95,20-Aug-2026,198,IN0020230093
SGBDE31III,GB,15550.55,15848.55,15506.56,15820.04,15821.05,15448.55,2391,37754139.03,20-Aug-2026,410,IN0020230168
SGBMAR31IV,GB,15550.04,15674,15450,15600.01,15600.01,15325,210,3278729.03,20-Aug-2026,73,IN0020220169
SGBFEB32IV,GB,15700,16000,15685.01,15903.35,15890,15542,2101,33403629.71,20-Aug-2026,327,IN0020230184
20MICRONS,EQ,197.5,208.75,197.08,203.96,204.3,196.04,313823,64099702.49,20-Aug-2026,6530,INE144J01027
21STCENMGM,EQ,45,45,43.92,43.92,43.92,44.81,14023,621169.71,20-Aug-2026,61,INE253B01015
360ONE,EQ,1187.5,1222.9,1186,1203,1203,1180.5,1748431,2108179108.80,20-Aug-2026,50280,INE466L01038
GOLD360,EQ,151.6,155,150.6,151.8,151.85,148.3,95578,14508494.75,20-Aug-2026,416,INF579M01BB5
MSCI360,EQ,10.45,10.45,10.15,10.24,10.24,10.4,1458,14894.59,20-Aug-2026,23,INF579M01BP5
SILVER360,EQ,230,238.59,230,231.13,231.1,223.38,35475,8238578.16,20-Aug-2026,701,INF579M01BC3
3BBLACKBIO,EQ,1150,1178,1099.5,1151.1,1159,1143.8,21992,24858283.70,20-Aug-2026,2032,INE994E01018
3IINFOLTD,BE,22,22.75,22,22.25,22.34,23.15,451936,10044842.04,20-Aug-2026,1999,INE748C01038
3MINDIA,EQ,33790,34205,33485,33550,33485,33505,1957,66009660.00,20-Aug-2026,1241,INE470A01017
3PLAND,EQ,31.5,32.49,31.5,31.6,31.53,31.96,1128,35673.63,20-Aug-2026,50,INE105C01023
5PAISA,EQ,412.95,413.25,387.9,390.9,392.05,405.6,117862,46727694.95,20-Aug-2026,4244,INE618L01018
63MOONS,EQ,794.75,805,768.25,770.8,769.9,788.85,270704,213654313.55,20-Aug-2026,10931,INE111B01023
734IRFC28,N4,1086.01,1088,1086.01,1087.01,1087.01,1086.23,2000,2173198.20,20-Aug-2026,4,INE053F07579
740IIFCL33,N1,1148.09,1148.09,1148.09,1148.09,1148.09,1148.03,1000,1148090.00,20-Aug-2026,1,INE787H07156
751HUDCO28,N5,1063.06,1065,1063.05,1065,1065,1064,3609,3840049.95,20-Aug-2026,6,INE031A07865
760PFCL35,N3,1214.75,1214.75,1214.75,1214.75,1214.75,1209.13,11,13362.25,20-Aug-2026,1,INE134E07588
764NABAR31,N2,1110,1110,1110,1110,1110,1109.71,366,406260.00,20-Aug-2026,3,INE261F07032
764HUDCO31,N8,1117,1117,1117,1117,1117,1132.89,30,33510.00,20-Aug-2026,1,INE031A07AO5
769HUDCO31,N9,1131.5,1136.99,1131.5,1136.99,1136.99,1131.98,27,30555.99,20-Aug-2026,3,INE031A07AT4
774IREDA31,N7,1125,1125,1124.15,1124.65,1124.2,1124.15,78,87723.05,20-Aug-2026,5,INE202E07229
812REC27,NI,1023.5,1023.5,1023.5,1023.5,1023.5,1022,500,511750.00,20-Aug-2026,1,INE020B07GH7
82HUDCO27,N2,1055.9,1055.9,1047.3,1054,1054,1055.5,885,929273.80,20-Aug-2026,9,INE031A07840
830PFCL27,N5,1078.55,1078.55,1078.5,1078.5,1078.5,1080,1500,1617775.60,20-Aug-2026,3,INE134E07208
850NHAI29,N5,1103.05,1103.05,1103.05,1103.05,1103.05,1108.99,1,1103.05,20-Aug-2026,1,INE906B07DE1
875NHAI29,N6,1112.01,1114.99,1111,1111.94,1111.9,1110.87,1565,1742428.55,20-Aug-2026,54,INE906B07DF8
876HUDCO28,ND,1136.1,1136.1,1135.05,1135.49,1135.05,1135.99,371,421339.25,20-Aug-2026,9,INE031A07949
892PFCL33,N8,1284,1284,1284,1284,1284,1284,50,64200.00,20-Aug-2026,1,INE134E07463
ABCOTS,EQ,219.01,223,208,211.1,213.99,218.07,14231,3066955.62,20-Aug-2026,480,INE08PH01015
ABINFRA,EQ,13.5,14.44,12.9,13.34,13.42,13.45,42342705,579638356.70,20-Aug-2026,48170,INE00YB01025
ABMKNO,EQ,192,192.2,191,191.41,191,191.07,82,15740.00,20-Aug-2026,12,INE850B01026
ACSTECH,EQ,49.9,51,49.6,49.71,49.65,49.66,103467,5182289.21,20-Aug-2026,618,INE366C01021
AKCAPIT,EQ,1754.2,1780,1750,1765.2,1773.9,1754.2,3295,5815502.60,20-Aug-2026,372,INE701G01012
A2ZINFRA,EQ,14.7,15.19,14.33,15.19,15.19,14.47,217976,3202823.25,20-Aug-2026,358,INE619I01012
AAATECH,EQ,94.18,96,93.85,93.86,93.85,94.18,18983,1788581.72,20-Aug-2026,170,INE0D0U01013
AADHARHFC,EQ,474.95,479.8,472.5,474.95,475,474.4,137921,65667294.45,20-Aug-2026,8184,INE883F01010
AAKAAR,SM,58.35,58.4,58.35,58.4,58.4,55.65,12800,747440.00,20-Aug-2026,8,INE1GYP01013
AAKASH,EQ,8.45,8.77,8.4,8.54,8.58,8.45,63954,546545.10,20-Aug-2026,358,INE087Z01024
AAREYDRUGS,EQ,79.6,82.56,79,80.59,79.1,82.59,17092,1389041.56,20-Aug-2026,234,INE198H01019
AARNAV,EQ,33.5,35.65,33.5,33.71,34.05,34.19,17501,601009.51,20-Aug-2026,279,INE750R01016
AARON,EQ,140.5,144,138.2,139.3,138.2,140.32,10853,1526865.73,20-Aug-2026,343,INE721Z01010
AARTECH,BE,49.43,51.53,48.4,50.67,51.44,49.08,464391,23109873.27,20-Aug-2026,591,INE01C001026
AARTIDRUGS,EQ,413.45,419.5,409.8,414.75,416.85,408.45,142564,59360204.40,20-Aug-2026,6260,INE767A01016
AARTIIND,EQ,530,537.9,516.2,520.05,518.5,527.05,749736,395569775.70,20-Aug-2026,21268,INE769A01020
AARTIPHARM,EQ,837,849.5,826,829.25,833,834.15,224593,187324793.95,20-Aug-2026,15359,INE0LRU01027
AARTISURF,BE,597,608.95,559.65,562.05,563,589.1,24362,13949607.50,20-Aug-2026,782,INE09EO01013
AARVI,EQ,155.81,159.8,153.11,153.96,155.12,155.81,21670,3370075.82,20-Aug-2026,699,INE754X01016
AASTHA,EQ,73.14,74.71,73.02,73.32,73.02,73.14,283149,20895946.74,20-Aug-2026,1846,INE2FMX01012
AATMAJ,SM,19,19,19,19,19,19,8000,152000.00,20-Aug-2026,2,INE0OB201016
AAVAS,EQ,1373.1,1380,1355,1364.9,1355.1,1372.8,104899,143093067.70,20-Aug-2026,10919,INE216P01012
ABAN,BE,17.05,17.05,17.05,17.05,17.05,17.39,6725,114661.25,20-Aug-2026,36,INE421A01028
ABANSENT,EQ,28.79,29.99,27.36,27.36,27.36,28.79,22519,621401.07,20-Aug-2026,246,INE365O01028
AFSL,EQ,201.27,203.9,201.27,202.14,202.1,201.43,6326,1280876.97,20-Aug-2026,155,INE00ZE01026
ABB,EQ,7450.5,7481.5,7393,7479,7479,7430,195920,1458728568.00,20-Aug-2026,32819,INE117A01022
ABBOTINDIA,EQ,26500,26500,26080,26120,26150,26405,7487,196225170.00,20-Aug-2026,3659,INE358A01014
ABCL26,N3,1220.2,1220.2,1220.2,1220.2,1220.2,1220.2,25,30505.00,20-Aug-2026,1,INE860H07IR8
ABHAPOWER,SM,24.95,24.95,24.75,24.75,24.75,24.85,4800,119120.00,20-Aug-2026,3,INE0UYG01015
ABMINTLLTD,BE,50,53.26,48.2,53.26,53.26,50.73,9033,438291.15,20-Aug-2026,72,INE251C01025
ABSMARINE,ST,249.95,249.95,235,238.45,245,239.65,47000,11441500.00,20-Aug-2026,84,INE0QRV01016
ACC,EQ,1294.8,1312.1,1292.3,1301.1,1301,1288.7,97797,127520005.50,20-Aug-2026,6798,INE012A01025
ACCELYA,EQ,1134.6,1142,1131.1,1139.5,1142,1134.6,3221,3662279.40,20-Aug-2026,393,INE793A01012
ACCENTMIC,SM,599,607.65,594,598.3,598.1,598.6,37000,22283675.00,20-Aug-2026,68,INE0Q5D01013
ACCPL,ST,214.7,214.7,208,208,208,205.5,12000,2512200.00,20-Aug-2026,9,INE0T8T01010
ACCURACY,BE,4.6,4.75,4.53,4.68,4.6,4.6,38096,177581.65,20-Aug-2026,125,INE648Z01023
ACEINTEG,EQ,17.66,18.36,17.66,17.73,17.7,17.91,276,4909.73,20-Aug-2026,22,INE543V01017
ACMESOLAR,EQ,386,406.5,380.55,397.4,397,380.4,9465771,3774663936.05,20-Aug-2026,128165,INE622W01025
ACE,EQ,1181.2,1188.6,1156.2,1164.4,1160,1181.2,221286,259773381.00,20-Aug-2026,15472,INE731H01025
ACTIVEINFR,SM,175,177.85,175,177.8,177.8,175,21600,3839040.00,20-Aug-2026,6,INE0KLO01025
ACUTAAS,EQ,3280,3304.3,3195,3210.5,3210.1,3228.9,283295,915963738.80,20-Aug-2026,39023,INE00FF01025
ADANIENSOL,EQ,1550,1561,1538.6,1548.5,1548.5,1540.7,2182920,3380972520.40,20-Aug-2026,79125,INE931S01010
ADANIENT,EQ,3000,3011,2990,2994.9,2994.9,2990.3,713687,2142751308.40,20-Aug-2026,55183,INE423A01024
ADANIGREEN,EQ,1294,1310.3,1294,1301.8,1301.8,1293,1073912,1398905049.00,20-Aug-2026,32856,INE364U01010
ADANIPORTS,EQ,1690,1698.5,1680.4,1696,1696,1681.9,1661649,2810313424.10,20-Aug-2026,55861,INE742F01042
ADANIPOWER,EQ,204.5,205.48,202.8,204,204,204.02,10829931,2213097718.20,20-Aug-2026,57227,INE814H01029
ATGL,EQ,666.5,667.9,655.3,657.65,656.9,664.25,664263,440450639.40,20-Aug-2026,14641,INE399L01023
ADDIND,EQ,87.95,87.95,71.05,80,80,87,612,45486.10,20-Aug-2026,22,INE757C01021
ADDICTIVE,SM,42.9,44.4,42.9,44.4,44.4,42.3,14500,641325.00,20-Aug-2026,19,INE0RDH01021
ADFFOODS,EQ,264.1,268.5,261.55,267.35,267.65,263.3,64132,16970409.80,20-Aug-2026,3248,INE982B01027
ADISOFT,SM,176.25,192,176.25,188.45,188,176,155200,28877720.00,20-Aug-2026,164,INE20PL01012
ABSLAMC,EQ,1006.3,1010.8,990.3,995.4,996.6,1003.4,180500,179834574.80,20-Aug-2026,17106,INE404A01024
ABCAPITAL,EQ,399.8,410.2,398.85,409,409,396,5467281,2225626644.70,20-Aug-2026,54784,INE674K01013
ABFRL,EQ,55,55.17,54.6,54.75,54.8,54.47,2603367,142781424.43,20-Aug-2026,14032,INE647O01011
ABLBL,EQ,87,87.86,86,86.5,86.5,86.89,737180,63969628.40,20-Aug-2026,8785,INE14LE01019
BIRLAMONEY,EQ,127,129.98,127,127.22,127,127.43,27142,3465979.33,20-Aug-2026,849,INE865C01022
ABREL,EQ,1399.1,1460,1390.4,1445.5,1449.9,1395.1,524278,747150283.30,20-Aug-2026,24859,INE055A01016
CPPLUS,EQ,3333,3468.6,3328,3468.6,3468.6,3303.5,306265,1049483494.10,20-Aug-2026,35548,INE819V01029
AVL,EQ,603.1,615,595.15,611,612.6,605.5,125863,76520200.95,20-Aug-2026,7270,INE679V01027
BSLGOLDETF,EQ,137.44,137.44,136.51,137,136.51,133.97,723325,99053044.46,20-Aug-2026,2928,INF209KB18D3
BSLNIFTY,EQ,28,28.98,28,28.48,28.51,28.28,787875,22439074.25,20-Aug-2026,3570,INF209KB19D1
ADOR,EQ,1661,1701.9,1618,1684,1691.5,1634.6,121190,200822371.50,20-Aug-2026,9198,INE045A01017
ADROITINFO,EQ,9.6,10.36,9.6,10.23,10.36,9.85,36555,371634.80,20-Aug-2026,205,INE737B01033
ADVAIT,EQ,2106.2,2135,2080,2115.4,2110,2096.2,27269,57609373.40,20-Aug-2026,3572,INE0ALI01010
ADVANCE,EQ,117.51,118.59,112.51,115.93,115.2,116.62,217817,25310850.21,20-Aug-2026,2169,INE1B0W01010
ADVENZYMES,EQ,304.35,310,299.95,303,304.9,305.2,295139,90525632.35,20-Aug-2026,5493,INE837H01020
ADVANIHOTR,EQ,49.46,50,49.25,49.49,49.6,49.46,15574,771051.09,20-Aug-2026,362,INE199C01026
ADVENTHTL,EQ,135,137,134.11,135.54,136,133.95,93005,12600503.13,20-Aug-2026,1575,INE28GN01010
ADVIKCA,EQ,1.21,1.25,1.2,1.2,1.22,1.22,192176,232357.36,20-Aug-2026,219,INE178T01024
RAMBHAJO,EQ,177.39,180.9,173.26,173.84,174.07,177.39,151763,26813984.94,20-Aug-2026,1654,INE1SJO01012
AEGISLOG,EQ,1370,1371,1325,1336.2,1330.3,1364,310007,418584441.60,20-Aug-2026,19957,INE208C01025
AEGISVOPAK,EQ,273.9,274.5,265.05,266.6,267,270.15,376144,101408423.60,20-Aug-2026,8188,INE0INX01018
AEL1212026,NO,1052,1052,1052,1052,1052,1051,100,105200.00,20-Aug-2026,2,INE423A07542
875AEL29,NK,1050,1050,1049.8,1049.8,1049.8,1040,60,62990.00,20-Aug-2026,3,INE423A07534
885AEL28,NB,1014,1014,1010.5,1010.5,1010.5,1014,90,91155.00,20-Aug-2026,2,INE423A07427
890AEL31,NN,1055.99,1056,1054.55,1054.86,1054.55,1055.45,2194,2316703.43,20-Aug-2026,17,INE423A07526
895AEL27,N9,1005.01,1005.01,1005.01,1005.01,1005.01,1005.01,8,8040.08,20-Aug-2026,1,INE423A07450
915AEL28,NC,1025,1044,1020.05,1025,1025,1020,128,131224.50,20-Aug-2026,7,INE423A07435
930AEL30,NF,1045,1045.5,1045,1045.5,1045.5,1035.01,150,156800.00,20-Aug-2026,4,INE423A07393
AEQUS,EQ,264.8,271.21,259,260.09,260.5,262.45,3987470,1056814498.46,20-Aug-2026,50523,INE947N01017
AEROENTER,EQ,132.9,133.9,128,130.65,131,130.14,304509,39858889.24,20-Aug-2026,2615,INE065D01027
AEROFLEX,EQ,480,485,471.1,475.3,474.9,474.15,690166,329859592.70,20-Aug-2026,18455,INE024001021
AERONEU,EQ,83.19,87,82.02,82.43,83.7,84.36,55908,4702246.71,20-Aug-2026,1330,INE035801013
AERON,SM,77.4,77.4,73.05,74,74,75.95,13000,969700.00,20-Aug-2026,11,INE0WL801011
AETHER,EQ,1640,1645.3,1618.5,1634.4,1627.8,1640.1,107437,175335670.20,20-Aug-2026,13200,INE0BWX01014
AFCONS,EQ,277,281.95,275.5,280.2,280,277.95,430210,119948163.10,20-Aug-2026,8051,INE101I01011
AFFLE,EQ,1693.9,1744,1693.9,1729.5,1725,1693.8,208189,359483720.90,20-Aug-2026,25040,INE00WC01027
AFFORDABLE,BE,171,171,164,164.71,164.9,170,37564,6274882.19,20-Aug-2026,353,INE692Z01013
115AFIL28A,N0,9964,9964,9964,9964,9964,9947,81,807084.00,20-Aug-2026,1,INE916Y07099
1150AFIL29,N0,9868.99,9868.99,9835,9835,9835,9755,9,88582.98,20-Aug-2026,4,INE916Y07073
12AFIL27,N0,9956.04,9956.04,9956.04,9956.04,9956.04,9890,9,89604.36,20-Aug-2026,3,INE916Y07032
12AFIL28,N0,9970,9977,9910,9910,9910,9960,191,1904522.12,20-Aug-2026,9,INE916Y07057
AGARIND,EQ,499,503.85,490.4,491.75,491,491.6,12422,6166279.30,20-Aug-2026,813,INE204E01012
AGARWALTUF,SM,140.2,143,138.25,141.9,142,139.5,32400,4557780.00,20-Aug-2026,26,INE0P8X01016
AGI,EQ,707.25,723.6,707.25,711.65,712.6,706.2,82113,58670117.95,20-Aug-2026,3915,INE415A01038
AGIIL,EQ,298,300.9,290.7,293.7,298.25,294.25,845522,249615438.10,20-Aug-2026,8144,INE976R01033
AGNI,SM,16,16,15.3,15.3,15.3,16,7500,118250.00,20-Aug-2026,3,INE0LF301013
AGRITECH,EQ,102.88,103.4,100.21,102.16,101.64,100.38,1627,165541.53,20-Aug-2026,90,INE449G01018
AGROPHOS,EQ,26.7,26.7,25.75,26.01,25.75,25.56,16762,439853.80,20-Aug-2026,148,INE740V01019
AGSTRA,BZ,2.05,2.1,2.01,2.04,2.08,2.05,108003,222853.62,20-Aug-2026,289,INE583L01014
AHLADA,EQ,40.82,40.82,38.5,38.59,38.51,40.82,42109,1667136.29,20-Aug-2026,312,INE00PV01013
AHLUCONT,EQ,699.55,709.7,692,693.5,694.9,698.55,59772,41596038.80,20-Aug-2026,4363,INE758C01029
AIAENG,EQ,4384.9,4535.8,4350,4357.6,4351.5,4384.9,42922,190236318.30,20-Aug-2026,10347,INE212H01026
AIMTRON,SM,1720,1735.95,1670,1681.6,1680,1701.35,34800,58862570.00,20-Aug-2026,136,INE0RUV01018
GOLDTECH,BE,48.12,48.12,46.7,47.29,47.79,48.12,7714,366116.50,20-Aug-2026,88,INE805A01014
AIRAN,EQ,14.96,15.16,14.9,15.03,14.95,14.95,39723,594802.80,20-Aug-2026,218,INE645W01026
AIROLAM,EQ,88,89.25,88,88.99,89,88.5,811,72101.32,20-Aug-2026,20,INE801L01010
AJANTPHARM,EQ,3708.5,3789,3615,3658.6,3690,3697.9,69455,254445929.00,20-Aug-2026,17047,INE031B01049
AJAXENGG,EQ,558,570.35,558,566.4,565,566.9,32560,18421111.80,20-Aug-2026,1899,INE274Y01021
AJMERA,EQ,118,119.99,116.92,119.07,118.55,116.41,184463,21946334.29,20-Aug-2026,2974,INE298G01035
AJOONI,EQ,3.84,3.85,3.72,3.75,3.75,3.78,304357,1151859.73,20-Aug-2026,440,INE820Y01021
AKANKSHA,SM,118.1,118.2,115.55,115.65,115.75,118.1,9000,1049250.00,20-Aug-2026,8,INE0PCY01014
AKASH,EQ,25.6,25.68,24.7,25.01,24.7,25.02,1062,26680.21,20-Aug-2026,26,INE737W01013
AKG,EQ,8.88,9.37,8.87,8.87,8.87,8.87,65849,590129.44,20-Aug-2026,169,INE00Y801016
AKI,EQ,4.32,4.32,4.17,4.24,4.25,4.24,113426,482453.76,20-Aug-2026,196,INE642Z01026
AKIKO,SM,385,385,378,380.1,380.1,380,8800,3357120.00,20-Aug-2026,9,INE0PMR01017
AFIL,EQ,9.48,9.55,9.24,9.41,9.36,9.36,384508,3606240.55,20-Aug-2026,369,INE916Y01027
AKSHOPTFBR,BE,7.88,7.88,7.3,7.3,7.3,7.68,454664,3389614.94,20-Aug-2026,459,INE523B01011
AKSHAR,EQ,0.41,0.43,0.41,0.41,0.42,0.41,2135401,900325.29,20-Aug-2026,320,INE256Z01025
AKSHARCHEM,BE,295.09,303,292.05,301.95,300,299.94,4533,1358890.38,20-Aug-2026,114,INE542B01011
AKUMS,EQ,756.55,774,750,752.9,750.25,753.3,419530,318579144.15,20-Aug-2026,24380,INE09XN01023
ALANKIT,EQ,8.05,8.42,8.05,8.15,8.13,8.18,204420,1669771.42,20-Aug-2026,520,INE914E01040
ALBERTDAVD,EQ,846.9,868,841,863.15,857,839.55,13723,11744543.25,20-Aug-2026,1093,INE155C01010
ALEMBICLTD,EQ,88,92.6,88,91.63,91.6,88.43,740114,67502435.34,20-Aug-2026,5208,INE426A01027
APLLTD,EQ,817.9,826.45,810.05,814.1,815,817.5,47603,38937722.70,20-Aug-2026,5644,INE901L01018
ALFREDHE,EQ,3015,3015,2881,3000,3000,3034.9,112,333059.60,20-Aug-2026,40,INE782D01027
ALGOQUANT,EQ,66.09,66.76,64.9,65.13,64.9,65.7,1220012,79934820.39,20-Aug-2026,2883,INE598D01035
ALICON,EQ,752.65,760.1,742,746.75,748,752.65,20423,15327841.90,20-Aug-2026,1323,INE062D01024
ALIVUS,EQ,1370,1402.5,1365.6,1370,1367,1369,43977,60796587.10,20-Aug-2026,6061,INE03Q201024
ALKALI,BE,68.23,68.23,66.22,67.95,67.95,68.23,3984,267081.24,20-Aug-2026,53,INE773I01017
ALKEM,EQ,5400,5416.5,5381.5,5400,5400,5382.5,85369,461005032.50,20-Aug-2026,8432,INE540L01014
ALKYLAMINE,EQ,1962,1985,1916,1923.8,1929,1956.1,63490,123873563.40,20-Aug-2026,9527,INE150B01039
ALLETEC,ST,127.25,128,121,121.6,121,124.3,50000,6142860.00,20-Aug-2026,99,INE0M2X01012
ALLTIME,EQ,211.5,214.95,207.3,208.21,207.3,210.53,55713,11690277.67,20-Aug-2026,2003,INE0GV601021
AGL,EQ,13.19,13.3,12.64,12.73,12.79,13.12,3024664,39338231.88,20-Aug-2026,11143,INE1YPB01014
ALLCARGO,EQ,10.15,10.72,10.08,10.51,10.55,10.1,20811897,218127926.92,20-Aug-2026,21854,INE418H01029
ATL,EQ,23.95,24.36,23.56,24.13,24.13,23.48,189466,4546833.02,20-Aug-2026,955,INE0NN701020
ALLDIGI,EQ,819,821.25,798.05,802.85,800,812.45,11298,9108881.85,20-Aug-2026,761,INE835G01018
ABDL,EQ,600.9,604.45,587.95,595.45,589.8,598.05,171993,102845801.90,20-Aug-2026,6661,INE552Z01027
ADSL,EQ,110.48,111.89,109.03,109.63,110.19,109.39,85546,9410718.16,20-Aug-2026,1950,INE102I01027
ALMONDZ,EQ,13.45,13.92,13.45,13.55,13.51,13.72,122236,1663876.87,20-Aug-2026,332,INE326B01035
ALOKINDS,EQ,11.4,11.66,11.4,11.54,11.62,11.38,3849017,44424250.64,20-Aug-2026,5944,INE270A01029
ALPA,EQ,62,62.96,62,62.1,62.75,61.08,11084,691632.75,20-Aug-2026,141,INE385I01010
ALPEXSOLAR,SM,864.9,864.9,824,828.95,824,857.55,53500,45046790.00,20-Aug-2026,384,INE0R4701017
ALPHAGEO,BE,359.5,359.5,328.14,328.66,330,345.41,34455,11558182.29,20-Aug-2026,502,INE137C01018
ALPINETEX,EQ,58.89,60.72,58.48,59.41,59,58.88,204554,12157081.29,20-Aug-2026,2643,INE1JCQ01037
ALUFLUOR,EQ,450.35,452,437.9,443.95,441.05,446.6,4695,2087951.70,20-Aug-2026,142,INE058F01019
ALUWIND,SM,47,49.35,46.5,47.2,49.35,48.4,33000,1564575.00,20-Aug-2026,18,INE0STM01017
AMAGI,EQ,567.25,584.7,560.55,576.45,574,555.6,658241,378486364.20,20-Aug-2026,31587,INE121R01077
AMAL,EQ,741.15,822,741,793.6,798,740.15,36666,29032360.30,20-Aug-2026,1430,INE841D01013
AMANTA,BE,177.63,186.51,171,186.51,186.51,177.63,228371,42064873.58,20-Aug-2026,706,INE084K01015
ARE&M,EQ,933.2,937.8,928.45,930.85,935,928.55,294307,274155650.05,20-Aug-2026,16486,INE885A01032
AMARJOTHI,EQ,161,166,160,163.61,162,155.16,2874,466408.61,20-Aug-2026,65,INE484D01012
AMBAAUTO,SM,106,107.95,105.2,105.4,107.4,106,55000,5813700.00,20-Aug-2026,17,INE293601014
AMBALALSA,EQ,46.51,49.9,46.51,47.74,48.28,46.32,245815,11914188.27,20-Aug-2026,2491,INE432A01017
AMBER,EQ,7300,7345,7243.5,7275,7275,7250,181909,1326270709.00,20-Aug-2026,14105,INE371P01015
AMBICAAGAR,EQ,24.83,25.02,24.34,24.71,24.73,24.83,3088,75660.08,20-Aug-2026,38,INE792B01012
AMBIKCO,EQ,1669.5,1669.5,1629.1,1647.8,1643.5,1648.1,16576,27311069.00,20-Aug-2026,1410,INE540G01014
AMBUJACEM,EQ,410.4,414.85,407.45,411,411,407.5,3542288,1458241338.85,20-Aug-2026,34385,INE079A01024
AMDIND,EQ,53.25,55.1,52.06,53.94,54,52.69,25432,1377863.37,20-Aug-2026,213,INE005I01014
AMEYA,SM,110.1,110.1,109.5,109.5,109.5,115,4000,439200.00,20-Aug-2026,4,INE0KT901015
AMNPLST,EQ,184.67,185,173.85,183.04,184.7,181.66,24752,4450021.15,20-Aug-2026,930,INE275D01022
AEROPLANE,EQ,180,187.6,176.25,182.56,180,179.3,932330,167260874.84,20-Aug-2026,6381,INE05TO01019
AMJLAND,EQ,38.7,39.93,38.52,38.91,39.54,38.66,18017,706474.33,20-Aug-2026,91,INE606A01024
AMRUTANJAN,EQ,498.8,542.4,495.6,521.65,524,498.8,1420386,748172427.35,20-Aug-2026,31060,INE098F01031
ARSSBL,EQ,502,502.15,494.8,497.65,497.2,497.45,133424,66501243.75,20-Aug-2026,5286,INE549H01021
ANANDRATHI,EQ,2189.2,2209.2,2165,2171.1,2168.9,2189.2,130108,284318373.00,20-Aug-2026,13807,INE463V01026
ANANTRAJ,EQ,633.7,649,630.55,633.85,633,631.55,3857969,2466470747.80,20-Aug-2026,59585,INE242C01024
ANANTAM,IV,105.71,105.71,105,105.39,105.04,105.41,111925,11767245.43,20-Aug-2026,151,INE1UA823019
ANAWIL,ST,429.7,443,412,443,443,421.95,383200,167807120.00,20-Aug-2026,668,INE1J5V01013
AMCL,SM,380.05,380.05,370.05,370.05,370.05,374.8,4000,1490700.00,20-Aug-2026,10,INE0VG001016
ACL,EQ,46.32,46.94,45.6,45.77,45.9,46.08,12406,569842.44,20-Aug-2026,184,INE666E01020
ANDHRAPAP,EQ,61.24,61.24,60.02,60.34,60.75,61.07,91952,5564410.45,20-Aug-2026,1232,INE435A01051
ANDHRSUGAR,EQ,100.52,104.84,100.1,102.74,102.94,99.53,2286211,235032859.61,20-Aug-2026,19867,INE715B01021
ANDREWYU,EQ,25.75,26.55,25.75,26.12,26.1,26,27201,710005.29,20-Aug-2026,287,INE449C01025
ANGELONE,EQ,290.6,296.3,289.05,289.5,289.5,289.5,3677395,1076186767.65,20-Aug-2026,48215,INE732I01021
AISL,SM,55.1,59.85,55.1,55.1,55.1,58,4800,269340.00,20-Aug-2026,8,INE635Y01015
ANIKINDS,EQ,44.15,44.59,44,44,44,44.15,1605,70728.60,20-Aug-2026,25,INE087B01017
APCL,EQ,105,106.05,102.25,103.77,102.6,103.07,3026,315815.73,20-Aug-2026,87,INE071F01012
ANKITMETAL,BZ,1.57,1.6,1.52,1.57,1.6,1.53,85916,136687.93,20-Aug-2026,120,INE106I01010
AHCL,EQ,14.55,14.6,14.31,14.37,14.37,14.53,2923088,42184165.26,20-Aug-2026,2175,INE0Y8W01025
ANLON,SM,678.35,678.35,673.95,677.95,677.95,657,1600,1082100.00,20-Aug-2026,4,INE0LR101013
ANMOL,EQ,9.92,10.2,9.92,10.11,10.11,9.98,12075,121668.63,20-Aug-2026,98,INE02AR01019
ANNAPURNA,EQ,156.5,162.4,150.1,152.1,152.75,153.35,53356,8261611.20,20-Aug-2026,601,INE0MGM01017
ANONDITA,SM,1065.05,1089.9,1065,1075,1067.1,1067.75,7600,8171190.00,20-Aug-2026,35,INE0VTV01012
ANSALBU,EQ,73,73,73,73,73,73,1,73.00,20-Aug-2026,1,INE030C01015
ANSALAPI,BZ,3.33,3.39,3.3,3.39,3.39,3.33,34332,115845.26,20-Aug-2026,39,INE436A01026
ANTGRAPHIC,EQ,0.73,0.75,0.7,0.72,0.72,0.73,221469,159705.08,20-Aug-2026,191,INE414B01021
ANTELOPUS,EQ,808,809.8,786.6,796.65,795,798.35,129926,103428436.25,20-Aug-2026,5862,INE818A01017
ANTHEM,EQ,890,890,871.85,874.5,874.15,881.9,286408,251145549.05,20-Aug-2026,16317,INE0CZ201020
AWHCL,EQ,381.65,384.45,380,381.15,380,381.6,77008,29405554.45,20-Aug-2026,3465,INE01BK01022
ANUHPHR,EQ,76.86,76.86,75.5,75.91,76,75.86,21955,1670212.34,20-Aug-2026,480,INE489G01022
ANURAS,EQ,1225.9,1245,1224.2,1239.4,1239,1225.4,341398,421263069.30,20-Aug-2026,6234,INE930P01018
ANYA,SM,15,15.15,14.7,14.7,14.7,15,20000,299000.00,20-Aug-2026,4,INE0SI601032
AONEGOLD,EQ,14.35,14.65,14.35,14.54,14.51,14.22,758636,11030241.43,20-Aug-2026,1758,INF1J2R01114
AONELIQUID,EQ,1073.35,1073.35,1073.33,1073.33,1073.35,1073.2,46734,50161583.10,20-Aug-2026,139,INF1J2R01056
AONENIFTY,EQ,10.19,10.19,9.95,10,10.03,9.95,182095,1822828.44,20-Aug-2026,1063,INF1J2R01064
AONESILVER,EQ,8.89,9.09,8.85,8.97,8.99,8.67,1051301,9449996.97,20-Aug-2026,1184,INF1J2R01171
AONETMMQ50,EQ,10.37,10.4,10.33,10.35,10.35,10.32,29615,307180.60,20-Aug-2026,196,INF1J2R01148
AONETOTAL,EQ,11.68,12.15,11.68,11.98,11.97,11.92,102165,1227436.90,20-Aug-2026,1179,INF1J2R01015
APARINDS,EQ,16730,16980,16605,16784,16790,16615,122284,2054658965.00,20-Aug-2026,32273,INE372A01015
APCOTEXIND,EQ,623.95,623.95,607.1,613.65,614.6,620.25,105837,64908490.65,20-Aug-2026,4368,INE116A01032
APEXECO,ST,272,276,265,273,273,270.75,5600,1521400.00,20-Aug-2026,7,INE0T4V01015
APEX,EQ,401.5,406.9,395,398.7,396,400.05,236163,94510182.60,20-Aug-2026,5772,INE346W01013
APLAPOLLO,EQ,2132.6,2153.7,2125,2140,2140,2121.8,445965,955509907.40,20-Aug-2026,26645,INE702C01027
930APMD27,N0,77500,77500,75401,75401,75401,75500,2,152901.00,20-Aug-2026,2,INE0TLC07085
930APMD33,N0,104791.52,106500,104791.51,106500,106500,106150,130,13631438.78,20-Aug-2026,7,INE0TLC07028
APOLLOHOSP,EQ,8788,8788,8679.5,8735,8735,8750,280417,2443162013.00,20-Aug-2026,38286,INE437A01024
APOLLO,EQ,388.75,395.9,385,386.75,386.3,386.7,4153259,1621696228.20,20-Aug-2026,37147,INE713T01028
APOLLOPIPE,EQ,576.8,606,572.7,603.25,601.5,576.45,913626,539974337.85,20-Aug-2026,21724,INE126J01016
APOLSINHOT,EQ,1184,1234.8,1184,1213.3,1218.7,1184.7,643,776679.70,20-Aug-2026,97,INE451F01024
APOLLOTYRE,EQ,430,433.75,428.1,429.3,429,427.35,898970,386398996.65,20-Aug-2026,13652,INE438A01022
APOORVA,EQ,28.05,28.05,26.51,26.51,26.51,27.5,361,10124.51,20-Aug-2026,7,INE217S01014
APRAMEYA,SM,129.95,151.3,125.4,149.65,150,126.65,56000,7851800.00,20-Aug-2026,64,INE0LQG01010
915APSBC27,N0,100101,100101,100101,100101,100101,100101,1,100101.00,20-Aug-2026,1,INE0M2307321
915APSBC28,N0,101000,101000,101000,101000,101000,101000,1,101000.00,20-Aug-2026,1,INE0M2307370
APSISAERO,ST,530.25,530.25,530.25,530.25,530.25,519.9,12000,6363000.00,20-Aug-2026,8,INE1OOJ01011
APTECHT,BE,93.5,94.5,92,93.05,93.5,92.85,50113,4665920.25,20-Aug-2026,374,INE266F01018
APTUS,EQ,254.9,258.3,251.9,253.3,254.95,253.05,882923,224900461.00,20-Aug-2026,21565,INE852O01025
AQYLON,EQ,24.39,24.8,23.2,24.08,23.9,23.92,1576557,37869768.66,20-Aug-2026,3365,INE416A01051
ARABIAN,SM,87,87,82,84.95,84.95,86,12000,1008100.00,20-Aug-2026,6,INE08NJ01024
ARCIIL,SM,37.05,37.05,36.4,36.9,36.9,37,5000,183850.00,20-Aug-2026,5,INE0YDV01010
ACI,EQ,509.8,510.95,497,499.95,499.7,506,129652,65131431.55,20-Aug-2026,9395,INE128X01021
ADL,EQ,71.98,71.99,70,71.99,71.99,71.98,2678,189941.19,20-Aug-2026,34,INE0CHO01012
ARCHIDPLY,EQ,96.1,96.81,94.1,95.42,95.01,96.18,5998,572823.58,20-Aug-2026,170,INE877I01016
ARCHIES,EQ,13.95,14.18,13.8,13.87,13.89,13.82,20301,284769.82,20-Aug-2026,95,INE731A01020
ARCL,EQ,230,230,229.84,229.84,229.84,230.99,50,11492.16,20-Aug-2026,5,INE372M01010
ARDEE,EQ,63.68,63.93,60.85,61.48,61.4,63.38,6709975,414950189.79,20-Aug-2026,23536,INE0XNF01022
ARFIN,EQ,84.38,84.5,81.77,82.71,81.81,83.62,1207344,100240748.90,20-Aug-2026,4327,INE784R01023
ARHAM,SM,184.9,193,181.15,192.65,193,183,42000,7884300.00,20-Aug-2026,35,INE0L2Y01011
ARIES,EQ,442.6,455,435,435.1,435.25,438.4,58300,26034127.15,20-Aug-2026,1421,INE298I01015
ARIHANTACA,SM,465,465,464.95,465,465,491.7,1200,557980.00,20-Aug-2026,3,INE0NCC01015
ARIHANTCAP,EQ,78.7,79.79,75.7,75.95,76.14,77.68,352578,27185998.61,20-Aug-2026,2523,INE420B01036
ARIHANT,EQ,1044.9,1054,1010.2,1035.4,1017.8,1029.5,3381,3501453.40,20-Aug-2026,468,INE413D01011
ARIHANTSUP,EQ,249.6,253.05,245.1,247.85,246.6,248.4,6140,1522054.65,20-Aug-2026,211,INE643K01018
ARIS,EQ,137,141.97,135.5,139.32,139,136,1800098,251857645.93,20-Aug-2026,13833,INE0H9P01028
ARKADE,EQ,128.98,131.9,127.68,131.01,130.1,127.65,954010,123197047.88,20-Aug-2026,5657,INE0QRL01017
ARMANFIN,EQ,1947,2018,1929.2,1973.1,1980.1,1931.6,31187,61785236.80,20-Aug-2026,3416,INE109C01017
ARMOUR,ST,18.45,18.45,18.3,18.3,18.3,18.75,4000,73500.00,20-Aug-2026,2,INE0TZX01019
AROGRANITE,EQ,24.9,25.14,24.2,24.8,24.81,24.9,1444,35813.50,20-Aug-2026,52,INE210C01013
ARROWGREEN,BE,696,707.9,678.5,692.35,692.15,714.15,32473,22312936.55,20-Aug-2026,902,INE570D01018
ARSHIYA,BZ,0.93,0.93,0.88,0.92,0.93,0.91,303567,276546.28,20-Aug-2026,89,INE968D01022
ARTNIRMAN,EQ,43.19,43.19,41.16,41.49,41.4,43.19,573,23851.66,20-Aug-2026,22,INE738V01013
AEPL,EQ,14.75,15.49,14.75,14.99,14.9,14.89,11451,172424.01,20-Aug-2026,102,INE757T01025
ARTEMISMED,EQ,314.15,326.55,312.6,321.3,321.2,313.95,698991,224335110.60,20-Aug-2026,14627,INE025R01021
ARUNAYA,SM,14.4,14.6,14.4,14.6,14.6,14.2,8000,116000.00,20-Aug-2026,4,INE0TTG01017
ARVEE,EQ,182.9,182.9,166.41,168.34,168,174.39,1549,264497.23,20-Aug-2026,129,INE006Z01016
ARVINDFASN,EQ,437.4,437.4,425.2,428.3,430.4,429.3,691657,298500646.20,20-Aug-2026,18521,INE955V01021
ARVIND,EQ,519.9,541,519.55,539,538.85,516.5,811042,433911155.60,20-Aug-2026,53005,INE034A01011
ARVINDPORT,SM,33.05,33.4,31.05,33.15,33.4,34,13500,440550.00,20-Aug-2026,9,INE0P4T01013
ARVSMART,EQ,662.6,671.45,651.55,659.1,661.9,662.6,60812,40157342.25,20-Aug-2026,3958,INE034S01021
ARYAMAN,EQ,593,593,570,585,585,587,317,182349.50,20-Aug-2026,20,INE032E01017
ASAHIINDIA,EQ,957.05,960.6,950,951.55,950,957.05,97510,93071687.85,20-Aug-2026,7601,INE439A01020
ASAHISONG,BE,357.3,366.9,349,359.6,363,357.3,5591,2020343.30,20-Aug-2026,133,INE228I01012
ASHALOG,SM,61.1,62.1,61.1,62.1,62.1,59.3,3000,184700.00,20-Aug-2026,3,INE0LAA01017
ASHAPURMIN,EQ,591.5,609,586.55,599.95,600,589.65,437145,261864377.40,20-Aug-2026,17620,INE348A01023
ASHIANA,EQ,370.2,372.2,361.85,367.3,363.8,368.25,26312,9633969.80,20-Aug-2026,1636,INE365D01021
ASHIKAG,BE,430,438,430,432.8,436.8,428.7,19236,8292936.05,20-Aug-2026,156,INE094B01013
ASHIMASYN,EQ,17.23,17.8,17.16,17.49,17.69,17.49,92075,1615388.77,20-Aug-2026,428,INE440A01010
ASHOKLEY,EQ,174.7,175.57,172.61,173.8,173.8,173.1,5408765,941947356.46,20-Aug-2026,32440,INE208A01029
ASHOKA,EQ,112.48,112.95,111.48,112.07,112.15,111.6,498871,56045580.34,20-Aug-2026,3713,INE442H01029
ASHOKAMET,EQ,13.52,13.93,13.4,13.82,13.85,13.39,9081,124846.19,20-Aug-2026,66,INE760Y01011
ASHWINI,SM,190,190,183,184.5,185,190.6,19000,3525450.00,20-Aug-2026,19,INE1A6Q01010
ASIANENE,EQ,475,490,458.05,484.9,481,478.75,863262,407490640.85,20-Aug-2026,19091,INE276G01015
ASIANTILES,EQ,46.01,46.5,43.1,45.42,45.55,46.04,10272558,468459562.71,20-Aug-2026,17772,INE022I01019
AHLEAST,EQ,140.51,143.96,140.51,142.79,142.9,139.73,67,9589.91,20-Aug-2026,7,INE926K01017
ASIANHOTNR,EQ,303.05,303.05,292.7,301.7,296.9,297.8,5106,1529602.50,20-Aug-2026,424,INE363A01022
AHLWEST,BE,562.9,562.9,547.7,548.95,549,536.1,218,120727.75,20-Aug-2026,17,INE915K01010
ASIANPAINT,EQ,2635.1,2641.8,2607,2625.2,2625.2,2630.8,476939,1251558977.00,20-Aug-2026,34147,INE021A01026
ASTAR,EQ,583.05,614,583.05,592.35,590,583.05,137,83306.55,20-Aug-2026,12,INE194D01017
ASIANTNE,EQ,9.49,9.49,9.06,9.42,9.43,9.03,1174,11068.70,20-Aug-2026,12,INE822B01017
ASKAUTOLTD,EQ,649.1,654.9,635.15,643.85,642.9,646.35,603855,389697840.20,20-Aug-2026,23150,INE491J01022
ASPINWALL,EQ,235,252,235,246.55,246.22,235.41,3430,829944.96,20-Aug-2026,90,INE991I01015
ASPIRE,SM,13.9,13.9,13.25,13.25,13.25,13.9,14000,186800.00,20-Aug-2026,7,INE0S7801010
ASSAMENT,EQ,847,847,800,800,800,807.5,14,11622.00,20-Aug-2026,4,INE165G01010
ASALCBR,EQ,723.1,729.35,716.55,722.8,728.5,718.15,15658,11325947.35,20-Aug-2026,1558,INE073G01016
ASTEC,EQ,609.95,624,598,601.8,599,603.8,34498,21033095.05,20-Aug-2026,2521,INE563J01010
ASTERDM,EQ,798.35,798.35,756.05,765.65,765.9,800.2,9884475,7637655742.00,20-Aug-2026,134730,INE914M01019
ASTRAMICRO,EQ,1709.9,1714.7,1677.6,1684.2,1684,1701.1,313032,529880383.90,20-Aug-2026,24341,INE386C01029
ASTRAL,EQ,1550,1552.9,1532,1532,1532,1544.9,257504,397003184.40,20-Aug-2026,21025,INE006I01046
ASTRAZEN,EQ,7500.5,7620,7485,7507,7500,7500.5,9211,69501794.00,20-Aug-2026,4024,INE203A01020
ASTRON,BZ,3.2,3.2,3.03,3.1,3.16,3.18,71813,218141.69,20-Aug-2026,127,INE646X01014
ATALREAL,EQ,33.38,33.72,32.86,33.45,33.44,33.18,4701647,156658659.93,20-Aug-2026,3792,INE0ALR01029
ATAM,EQ,60.95,60.95,54.6,55.53,54.75,59.36,88855,5050371.26,20-Aug-2026,1034,INE09KD01013
ATCENERGY,ST,23.1,23.1,23,23,23,23.1,2400,55320.00,20-Aug-2026,2,INE0V0Q01019
ATHERENERG,EQ,1445.5,1467,1421.7,1449.6,1458,1438.2,1720215,2477384900.10,20-Aug-2026,62790,INE0LEZ01016
ATLPP,E1,8.68,8.8,8.66,8.8,8.8,8.72,1526,13378.99,20-Aug-2026,10,IN90NN701011
ATLANTAELE,EQ,1749.1,1765,1682,1688.6,1689,1716.5,98469,168684284.10,20-Aug-2026,10228,INE0Z4F01028
ATLANTAA,EQ,39.98,39.98,38.21,38.57,38.9,38.95,33042,1290930.69,20-Aug-2026,386,INE285H01022
ATLASCYCLE,EQ,99.49,99.49,96.5,97.95,98,97,1942,190427.58,20-Aug-2026,76,INE446A01025
ATMASTCO,SM,141.75,145,138,140.55,140,145.05,23200,3271840.00,20-Aug-2026,54,INE05DH01017
ATULAUTO,EQ,490,495.8,485.1,487.35,487.95,489.1,64611,31656093.40,20-Aug-2026,2078,INE951D01028
ATUL,EQ,6675,6678,6491.5,6510.5,6501.5,6596,22004,144301971.00,20-Aug-2026,6559,INE100A01010
AUBANK,EQ,1076.9,1092.5,1076,1088,1088,1075,3678931,3993144126.40,20-Aug-2026,62852,INE949L01017
AURIONPRO,EQ,690,706.95,680.15,691.4,690.9,684.45,203511,141711967.70,20-Aug-2026,12703,INE132H01018
AUROIMPEX,SM,25.8,25.8,24,25,25,25,4800,119680.00,20-Aug-2026,3,INE0NUL01018
AUROPHARMA,EQ,1631,1635.6,1602.5,1608,1608,1624.5,805856,1301481559.80,20-Aug-2026,22203,INE406A01037
AURUM,EQ,230,231,228,229.8,229.95,229.73,60637,13921511.47,20-Aug-2026,1361,INE898S01029
AURUS,EQ,4.66,4.78,4.59,4.62,4.62,4.66,11016,51141.49,20-Aug-2026,125,INE142K01011
AUSOMENT,EQ,147.86,149,139.25,145.51,144,146.4,13927,2027016.18,20-Aug-2026,192,INE218C01016
AUSTENG,EQ,130,133.8,125.02,126.7,129,121.3,3439,441123.75,20-Aug-2026,92,INE759F01012
APS,SM,237.05,243.5,234.75,242.25,243.5,235.6,11750,2813162.50,20-Aug-2026,40,INE0P0001010
AIIL,EQ,551,553.75,527.25,532.3,535,550.5,966550,518841836.55,20-Aug-2026,22715,INE206F01022
AUTOIND,BE,85.04,89.29,85,89.29,89.29,85.04,265491,23285086.75,20-Aug-2026,1133,INE718H01014
ACGL,EQ,1792.6,1829.8,1775,1802,1805,1793,592,1070509.30,20-Aug-2026,109,INE451C01013
AUTOAXLES,EQ,1762,1777.9,1750.1,1754.2,1751.1,1759.7,5132,9013120.70,20-Aug-2026,728,INE449A01011
ASAL,EQ,496.05,512.5,496.05,506.75,506,496.25,36177,18310902.25,20-Aug-2026,1308,INE900C01027
AVADHSUGAR,EQ,740,828,740,814.7,809.95,743.9,2072315,1654398597.60,20-Aug-2026,67884,INE349W01017
AVALON,EQ,2190,2351,2180,2245.5,2252,2245.6,774181,1768449169.80,20-Aug-2026,58852,INE0LCL01028
AVANA,ST,146.95,147.5,146.95,147.4,147.5,140.5,24000,3534400.00,20-Aug-2026,11,INE1KU201016
AVANCE,EQ,0.9,0.91,0.88,0.88,0.89,0.9,9386636,8401467.25,20-Aug-2026,1331,INE758A01072
AVANTEL,EQ,164.8,165.5,162.17,162.96,162.99,163.86,695753,114095792.28,20-Aug-2026,7007,INE005B01027
AVANTIFEED,EQ,864.1,873.55,854,857.15,857,860.6,161293,139268283.80,20-Aug-2026,10917,INE871C01038
AVATAR,ST,239,249.95,238.5,248.85,248.85,248.85,24000,5934100.00,20-Aug-2026,12,INE617I01024
DMART,EQ,3973.1,4070,3955.1,3960,3960,3965,399620,1599839075.60,20-Aug-2026,29224,INE192R01011
CCAVENUE,EQ,14.97,15.16,14.9,14.95,14.98,14.89,6595884,99020341.19,20-Aug-2026,9522,INE483S01020
AVG,BE,198.99,198.99,190,190.57,192,196.23,12322,2363366.71,20-Aug-2026,146,INE680Z01018
AVIANSH,SM,107.5,107.5,103,103,103,107,2000,210500.00,20-Aug-2026,2,INE0TFB01017
AVIENCE,SM,239.25,242.9,233,240,240,234.9,13800,3300420.00,20-Aug-2026,22,INE0V9I01017
ASMS,BE,6.93,7.13,6.93,7,7,7.03,133870,935938.69,20-Aug-2026,253,INE855F01042
AVONMORE,EQ,13.29,13.9,13.14,13.3,13.24,13.03,411628,5574375.27,20-Aug-2026,741,INE323B01024
AVPINFRA,SM,58.05,59.9,56.4,57.45,58,58.9,146400,8433840.00,20-Aug-2026,95,INE0R9401019
AVROIND,EQ,9.24,9.5,9.11,9.38,9.3,9.54,295543,2762185.63,20-Aug-2026,928,INE652Z01025
AVTNPL,EQ,86.97,90,85.23,88.47,88.7,86.59,379961,33263944.97,20-Aug-2026,4233,INE488D01021
AWFIS,EQ,267,268,262,263,262.95,266.45,149898,39586533.45,20-Aug-2026,5248,INE108V01019
AWL,EQ,189.18,191.73,187.87,188.64,188.38,188.72,2996778,567876505.79,20-Aug-2026,34440,INE699H01024
AXISBANK,EQ,1237.5,1253.9,1236.2,1251,1251,1235,4163816,5199229796.80,20-Aug-2026,101359,INE238A01034
BNKETFAXIS,EQ,591.94,596.56,591.94,593.46,593.46,591.94,74,43957.69,20-Aug-2026,23,INF846K01X63
CONSUMAXIS,EQ,124.16,124.79,124.16,124.39,124.28,125.91,775,96404.73,20-Aug-2026,33,INF846K016C7
GOLDAXIS,EQ,129.79,130.4,128.91,129.78,129.77,126.63,4551401,590547756.28,20-Aug-2026,5320,INF846K01W80
HEALTHAXIS,EQ,167.77,178,167.04,168.91,168,166.94,2461,413327.90,20-Aug-2026,67,INF846K01Z12
ITAXIS,EQ,339.33,341.55,335,335.63,335.01,335.05,2617,885434.37,20-Aug-2026,75,INF846K01Y96
NIFTYAXIS,EQ,269.65,269.65,267.55,268.74,268.14,266.67,385926,103708033.33,20-Aug-2026,171,INF846K01W98
SENSEXAXIS,EQ,81,83,80.25,80.56,80.29,79.69,1451,116927.18,20-Aug-2026,66,INF846K010Q0
SILVERAXIS,EQ,230.66,235.61,230.66,233.96,233.85,225.02,306425,71862008.90,20-Aug-2026,6523,INF846K011K1
VALUEAXIS,EQ,33.41,33.41,32.5,32.57,32.5,32.6,56022,1831911.20,20-Aug-2026,308,INF846KA1119
AXISCADES,EQ,1600,1615.2,1590.1,1600.6,1600.1,1592.8,99558,159405511.70,20-Aug-2026,7670,INE555B01013
AXITA,EQ,7.36,7.48,7.24,7.3,7.31,7.27,566049,4135855.07,20-Aug-2026,1013,INE02EZ01022
AXTEL,EQ,406.6,410,400,404.1,404.25,406.6,5087,2052823.65,20-Aug-2026,159,INE767C01012
AYE,EQ,170,173.7,169,169.69,170,170.34,252600,43118350.18,20-Aug-2026,4315,INE501X01029
AYMSYNTEX,EQ,268.95,271.35,261.1,262.5,263.7,265.2,29461,7829427.05,20-Aug-2026,832,INE193B01039
AZAD,EQ,2850,2878.9,2756,2766.6,2771,2828.4,381785,1067955058.30,20-Aug-2026,26418,INE02IJ01035
AZADIND,EQ,92,93.55,88.6,89.76,89,91.74,17242,1571133.61,20-Aug-2026,222,INE566M01017
BNALTD,BE,413.9,413.9,394,395,395,414.4,129,51453.10,20-Aug-2026,6,INE489D01011
BBTCL,EQ,253,253,246.04,248.14,248.3,246.04,24304,6049440.05,20-Aug-2026,641,INE01EE01011
BAGFILMS,EQ,4.43,4.48,4.33,4.38,4.38,4.43,51275,224755.66,20-Aug-2026,150,INE116D01028
BAGDIGITAL,SM,105.25,106,105.15,105.3,105.15,105.9,9600,1011920.00,20-Aug-2026,6,INE17CQ01015
BLKASHYAP,EQ,52.29,54.89,52.06,53.98,54.1,52.04,1719375,91850830.55,20-Aug-2026,3938,INE350H01032
STYLEBAAZA,EQ,431.05,443.85,426.1,439.6,441,422.75,3975364,1733290133.35,20-Aug-2026,34250,INE01FR01028
BABAFP,SM,23,23,22,22.25,22,22.1,6400,142400.00,20-Aug-2026,4,INE0QW501012
BAFNAPH,BE,237.7,237.7,237.7,237.7,237.7,242.55,3210,763017.00,20-Aug-2026,40,INE878I01022
BAGMANE,RR,107.75,107.75,106.89,107.04,107.05,107.28,480990,51490582.44,20-Aug-2026,9075,INE2OVN25015
BAHETI,SM,802,809.9,790,801.2,801.95,800.6,18375,14741550.00,20-Aug-2026,35,INE029Q01017
BAIDFIN,EQ,9.69,10,9.63,9.76,9.87,9.69,47142,463120.83,20-Aug-2026,197,INE020D01022
BAJAJ-AUTO,EQ,11700,11793,11620,11793,11793,11645,151383,1771570176.00,20-Aug-2026,22938,INE917I01010
BAJAJCON,EQ,501,502,485,486.95,487.9,500.7,387003,190472143.55,20-Aug-2026,17243,INE933K01021
BAJAJELEC,EQ,353.8,357.9,352.5,354.35,353.8,353.55,108217,38387291.60,20-Aug-2026,3751,INE193E01025
BAJFINANCE,EQ,1089.7,1102.3,1086.3,1095,1095,1080.2,6741475,7393630932.50,20-Aug-2026,187033,INE296A01032
BAJAJFINSV,EQ,2020,2030.1,2013,2016,2016,2012,417675,843220200.30,20-Aug-2026,38278,INE918I01026
BAJAJHCARE,EQ,320,328,320,325.95,325.7,319.25,72801,23667029.20,20-Aug-2026,2297,INE411U01027
BAJAJHIND,EQ,20.74,23.98,20.59,23.33,23.76,20.38,256556792,5728018373.88,20-Aug-2026,337379,INE306A01021
BAJAJHLDNG,EQ,11380,11423,11303,11368,11368,11380,26558,301778102.00,20-Aug-2026,7176,INE118A01012
BAJAJHFL,EQ,86,86.82,85.32,85.59,85.66,85.01,5039653,434242733.46,20-Aug-2026,31244,INE377Y01014
BAJAJST,EQ,359.95,360,348,349.55,353,355.95,24607,8634989.95,20-Aug-2026,1124,INE704G01024
BAJEL,EQ,181.2,185.9,179.41,180.58,181,180.22,160272,29164662.16,20-Aug-2026,3249,INE0KQN01018
BALPHARMA,EQ,85.15,87.74,85.14,86.66,85.91,84.82,10705,922764.00,20-Aug-2026,299,INE083D01012
BALAMINES,EQ,2100,2121.6,2050.1,2078.9,2074.9,2092.7,76918,161047568.90,20-Aug-2026,7938,INE050E01027
BALAJIPHOS,SM,89.1,89.1,89.1,89.1,89.1,89.05,1000,89100.00,20-Aug-2026,1,INE0PQ601019
BALAJITELE,EQ,92,93.65,90.35,91.47,90.65,91.46,141831,13105993.88,20-Aug-2026,1251,INE794B01026
BALAXI,EQ,24.2,24.2,21.5,22.3,22.39,23.79,139295,3175208.07,20-Aug-2026,603,INE618N01022
BALKRISIND,EQ,2366.5,2393.4,2345.9,2378,2380.1,2366.4,105038,248702209.30,20-Aug-2026,18838,INE787D01026
BALKRISHNA,EQ,17.48,17.5,17.25,17.3,17.3,17.23,7409,129194.61,20-Aug-2026,56,INE875R01011
BALMLAWRIE,EQ,173.61,174.69,173.02,174,173.9,173.61,93408,16230589.11,20-Aug-2026,1955,INE164A01016
BLIL,EQ,71.58,71.6,70.61,71.44,71.58,71.14,48538,3460667.98,20-Aug-2026,965,INE525F01025
BALRAMCHIN,EQ,658.25,780.95,655.05,767.1,778,650.8,33514941,24705211826.35,20-Aug-2026,457880,INE119A01028
BALUFORGE,EQ,540.15,554.5,531.15,546.75,548,537.5,1416472,770743325.35,20-Aug-2026,28488,INE011E01029
BANARBEADS,EQ,112.45,114.01,112.45,114,114,112.41,822,93369.85,20-Aug-2026,22,INE655B01011
BANCOINDIA,EQ,625,632.85,621,625.45,627,622.75,95250,59754469.35,20-Aug-2026,7614,INE213C01025
BANDHANBNK,EQ,170.1,175.95,170.1,174.16,174.16,169.2,8020125,1399534971.87,20-Aug-2026,39900,INE545U01014
GOLDBND,EQ,153.51,156.45,152.05,155.49,155,151.78,94606,14705993.87,20-Aug-2026,723,INF194KB1KJ7
IDFNIFTYET,EQ,271.89,271.89,267.04,268.98,270,268.75,2056,550592.68,20-Aug-2026,44,INF194KA1U07
SILVERBND,EQ,235.12,238,235.12,235.88,235.42,227.39,50646,11977544.74,20-Aug-2026,301,INF194KB1KI9
BANG,EQ,29.01,29.55,28.5,28.65,29.29,29.06,8114,234757.83,20-Aug-2026,75,INE863I01016
BANKBARODA,EQ,246.5,247.15,244.25,244.5,244.5,245,5598278,1375896771.66,20-Aug-2026,34292,INE028A01039
BANKINDIA,EQ,142.7,143.7,141.97,142.8,142.8,141.7,6127372,874611763.68,20-Aug-2026,29663,INE084A01016
MAHABANK,EQ,80.5,81.85,79.99,80.28,80.44,79.82,10855447,878814779.16,20-Aug-2026,52295,INE457A01014
BANKA,EQ,78.4,79.89,77.25,79.3,79.3,78.4,4055,321765.81,20-Aug-2026,44,INE862Y01015
BASML,BE,25.48,25.48,24.8,24.9,25.15,24.76,24116,605686.97,20-Aug-2026,103,INE186H01022
BANARISUG,EQ,3635,4338,3635,4240.7,4142.5,3617.4,71353,295707720.90,20-Aug-2026,7241,INE459A01010
BANSALWIRE,EQ,323.05,325,319.15,322.75,324.1,322.85,66027,21236925.50,20-Aug-2026,3136,INE0B9K01025
BANSWRAS,EQ,118,122,116.51,120.34,120.4,115.45,56499,6765101.80,20-Aug-2026,1138,INE629D01020
BVCL,EQ,40.42,42.5,40.42,41.77,41.42,40.41,17434,723662.51,20-Aug-2026,131,INE139I01011
BARFLEX,SM,59.5,60,59,60,60,57.1,14000,836200.00,20-Aug-2026,7,INE0QX401014
BBNPNBETF,EQ,57.98,58.34,57.81,57.81,57.81,57.4,546,31657.80,20-Aug-2026,25,INF251K01TL6
BBNPPGOLD,EQ,151,151.95,149.05,150.95,150.3,146.95,6988,1054256.30,20-Aug-2026,122,INF251K01SU9
BASF,EQ,3959,3974,3840,3856.2,3856,3930,24285,94627797.20,20-Aug-2026,5419,INE373A01013
BASILIC,SM,189.95,191.9,182.3,189.9,188.1,188.2,55800,10566840.00,20-Aug-2026,76,INE0OCC01013
BATAINDIA,EQ,721.95,726.85,707.6,711.2,710.35,721.3,295367,211212958.30,20-Aug-2026,10610,INE176A01028
BATLIBOI,EQ,86.55,87.09,84.01,84.81,84.95,85.53,32818,2799096.19,20-Aug-2026,1260,INE177C01022
BAWEJA,ST,22.15,23.25,21.7,23.2,23.2,22.25,12800,288840.00,20-Aug-2026,15,INE0JFJ01011
BAYERCROP,EQ,4099,4099.4,4059,4066.8,4079,4069.9,12419,50587703.20,20-Aug-2026,2417,INE462A01022
BCLIND,EQ,36.2,37.55,35.76,37.19,37.08,35.82,1176947,43416149.97,20-Aug-2026,4962,INE412G01024
BCPL,EQ,69.52,71,69.52,70.71,70.07,69.52,6615,465899.62,20-Aug-2026,130,INE00SW01015
BEACON,SM,85.15,86.5,85.15,86.5,86.5,85.9,2000,171650.00,20-Aug-2026,2,INE639X01027
BEARDSELL,EQ,25.2,26.9,25.2,25.76,25.55,25.05,19842,517588.61,20-Aug-2026,352,INE520H01022
BEDMUTHA,EQ,112.14,113.87,108,108.96,108.55,112.05,5429,592742.42,20-Aug-2026,87,INE844K01012
BEEKAY,EQ,425.2,435,423.1,423.25,423.25,427.3,1734,741686.15,20-Aug-2026,110,INE213D01015
BLEL,EQ,525.1,548,497.2,504.25,506,502.2,23599466,12542710752.40,20-Aug-2026,317269,INE1EEM01017
BELLACASA,EQ,227.5,227.5,223,224.48,224.5,223.98,5014,1127757.28,20-Aug-2026,221,INE344T01014
BELRISE,EQ,234.01,241.12,232.5,234.08,234.4,233.01,4779128,1135321869.65,20-Aug-2026,66647,INE894V01022
BLAL,EQ,170.98,171.28,169.01,169.63,169.6,168.45,7942,1350120.63,20-Aug-2026,338,INE0N7W01012
BEML,EQ,1977,1977,1950,1962.8,1959.1,1966.9,232167,455287229.40,20-Aug-2026,16732,INE258A01024
BENARAS,EQ,10200,10250,10200,10200,10200,10189,86,878124.00,20-Aug-2026,29,INE664D01019
BENGALASM,EQ,6201,6289.5,6120,6201,6200,6201.5,218,1349642.00,20-Aug-2026,46,INE083K01017
BERGEPAINT,EQ,536.9,539.55,525,528.55,525,535.9,291505,154567429.50,20-Aug-2026,15041,INE463A01038
BESTAGRO,EQ,18.24,18.5,18,18.12,18.08,18.31,654452,11879758.40,20-Aug-2026,1966,INE052T01021
BETA,EQ,2446,2446,2270,2295,2305,2399.2,34219,79669077.30,20-Aug-2026,4505,INE351Y01019
BEWLTD,SM,52.3,55,47.95,49.95,50,51.4,41000,2075625.00,20-Aug-2026,66,INE0HQI01014
BFINVEST,EQ,449.9,454.4,449.9,451.5,450.55,447.15,18997,8588291.15,20-Aug-2026,1063,INE878K01010
BFUTILITIE,EQ,536,540.05,525.5,528.45,528.5,530.65,18949,10096585.05,20-Aug-2026,1199,INE243D01012
BANK10BETF,EQ,20.76,20.88,20.76,20.86,20.86,20.62,1249,25957.61,20-Aug-2026,11,INF0QA701CI0
BANKBETF,EQ,58.98,58.98,58.43,58.45,58.45,58.17,6227,364806.70,20-Aug-2026,171,INF0QA701714
LIQUIDBETF,EQ,1095.34,1095.35,1095.33,1095.34,1095.35,1095.2,402825,441230300.54,20-Aug-2026,119,INF0QA701854
NIFTYBETF,EQ,248.85,250.58,248.82,249.27,249.21,248.28,897,223716.59,20-Aug-2026,64,INF0QA701722
BGRENERGY,BE,245.05,255,241.55,243.65,243.95,246.55,27978,6881851.45,20-Aug-2026,402,INE661I01014
BHADORA,ST,118.05,118.05,118.05,118.05,118.05,112.45,21600,2549880.00,20-Aug-2026,13,INE0ZRC01017
BHAGERIA,BE,207.5,210,200,206.71,205,204.4,26302,5422085.60,20-Aug-2026,206,INE354C01027
BHAGCHEM,EQ,288.9,288.9,283.05,283.9,286,287.4,20476,5842836.45,20-Aug-2026,659,INE414D01027
BHAGYANGR,EQ,382.95,390.9,379.6,384,384,382.4,89881,34661640.15,20-Aug-2026,2382,INE458B01036
BHANDARI,EQ,3.1,3.1,3.02,3.02,3.03,3.04,102382,313232.92,20-Aug-2026,238,INE474E01029
BEPL,EQ,119.5,123.7,119.5,123.23,123.22,119.05,924134,113064216.67,20-Aug-2026,11788,INE922A01025
BBL,EQ,2310,2368.2,2294,2353.9,2355,2304.4,40243,93675677.40,20-Aug-2026,4412,INE464A01036
BHARATCOAL,EQ,33.18,33.6,33.1,33.27,33.28,32.94,4137857,138004432.09,20-Aug-2026,11175,INE05XR01022
BDL,EQ,1356.8,1356.8,1308.2,1317,1317,1349,2094679,2776002798.10,20-Aug-2026,49024,INE171Z01026
BEL,EQ,411.8,412.2,406.3,409.4,409.4,409.2,6984638,2863453133.20,20-Aug-2026,83904,INE263A01024
BHARATFORG,EQ,2071.1,2084,2045.2,2062,2062,2069,417329,858291617.40,20-Aug-2026,17578,INE465A01025
BHARATGEAR,BE,101.17,102.49,100,101.65,101.55,101.96,17852,1801432.26,20-Aug-2026,157,INE561C01019
BPLPHARMA,EQ,1476,1476,1290,1294.7,1318.9,1274.3,1380,1793837.40,20-Aug-2026,54,INE365Y01019
BPCL,EQ,307.5,311,304.8,308.7,308.7,307,5132147,1584779134.65,20-Aug-2026,45084,INE029A01011
BHARATRAS,EQ,1285.5,1308.8,1280.4,1303.4,1301.5,1278.4,5898,7665429.90,20-Aug-2026,1073,INE838B01021
BRNL,EQ,17.79,17.79,17.25,17.35,17.3,17.45,17402,303194.56,20-Aug-2026,205,INE727S01012
BHARATSE,EQ,228.5,231.51,227.22,230.26,230.63,227.19,135399,31164412.59,20-Aug-2026,2992,INE415D01024
BHARATWIRE,EQ,186.25,189.8,186.25,187.76,188.49,186.33,67736,12728860.74,20-Aug-2026,1572,INE316L01019
BHARTIARTL,EQ,1944,1952.2,1933,1941.7,1941.7,1922,4390604,8540140969.60,20-Aug-2026,93564,INE397D01024
BHARTIHEXA,EQ,1596.3,1631.4,1589.7,1615.6,1609.4,1596.3,122763,198348134.60,20-Aug-2026,23353,INE343G01021
BIL,EQ,855.1,855.1,830.1,834.55,830.9,842.6,10992,9138508.15,20-Aug-2026,222,INE828A01016
BHEL,EQ,422.9,423.75,412.4,413.5,413.5,419.8,4572719,1910118668.00,20-Aug-2026,42565,INE257A01026
BTTL,BE,44.2,45,42.55,44.59,44.48,43.12,2919,128459.77,20-Aug-2026,31,INE274K01012
BIGBLOC,EQ,43.59,43.59,42,42.6,43,43.39,56951,2435991.98,20-Aug-2026,770,INE412U01025
BIKAJI,EQ,609.3,612.95,606,607,606.5,609.15,37540,22880050.65,20-Aug-2026,2581,INE00E101023
BIKEWO,ST,101,101,99.6,99.6,99.6,104.8,104000,10388000.00,20-Aug-2026,48,INE0SQH01013
BILVYAPAR,BE,4.12,4.23,4.01,4.06,4.01,4.1,3526,14505.34,20-Aug-2026,18,INE071A01013
BI,BE,87.08,96.24,87.08,96.24,96.24,91.66,100474,9299488.50,20-Aug-2026,424,INE986A01012
GROWW,EQ,195.24,202,193.71,200.72,201.2,194.14,49550959,9825865171.04,20-Aug-2026,174116,INE0HOQ01053
BIMETAL,EQ,643.75,643.75,622.5,623,623,624.55,275,173090.40,20-Aug-2026,20,INE469A01019
BMLL,SM,156.05,158.95,155,155,155,159.35,15000,2341000.00,20-Aug-2026,6,INE1BKA01015
BIOCON,EQ,414,415.95,411,412.5,412.5,412.75,1981150,818594552.85,20-Aug-2026,18810,INE376G01013
BIOFILCHEM,EQ,30.96,31.49,30.53,30.78,30.97,30.91,4994,154116.32,20-Aug-2026,109,INE829A01014
BIOPOL,SM,97.15,101.7,95,97.9,99.9,97.65,111600,11069160.00,20-Aug-2026,64,INE0XW001014
BIRLACABLE,BE,284.77,290,280,283.17,284,284.77,67750,19403732.46,20-Aug-2026,1131,INE800A01015
BIRLACORPN,EQ,885,895,884.8,891.5,895,884.9,19977,17784481.80,20-Aug-2026,2300,INE340A01012
BIRLAPREC,EQ,36.63,39.99,36.22,39.11,39.85,36.63,119628,4590272.55,20-Aug-2026,525,INE372E01025
BIRLANU,EQ,1584,1585,1530.2,1535.4,1531,1560.5,8818,13704105.80,20-Aug-2026,1028,INE557A01011
ABGSEC,EQ,114.32,114.32,114.32,114.32,114.32,114.55,13,1486.16,20-Aug-2026,1,INF209KC1134
ABSL10BANK,EQ,168.72,169.58,168.33,168.47,168.33,168.33,92223,15543726.15,20-Aug-2026,40,INF209KC1670
ABSLBANETF,EQ,59.11,59.29,58.89,59.08,59.08,58.67,6270,370716.71,20-Aug-2026,153,INF209KB17D5
ABSLLIQUID,EQ,1000,1000.01,999.99,999.99,999.99,999.99,1484,1483995.86,20-Aug-2026,18,INF209KB18T9
ABSLMSCIN,EQ,29.62,29.89,29.62,29.75,29.73,29.62,3328,99229.50,20-Aug-2026,25,INF209KC1662
ABSLNN50ET,EQ,78.01,78.35,77.94,78.29,78.31,77.75,3067,239637.05,20-Aug-2026,170,INF209KB16D7
BSLSENETFG,EQ,79,79,77.99,78.32,78.21,79.47,2351,183974.65,20-Aug-2026,135,INF209KB10E8
HEALTHY,EQ,16.85,17.06,16.84,16.93,16.86,16.86,132274,2241614.06,20-Aug-2026,749,INF209KB10C2
MOMENTUM,EQ,31.18,31.43,31.17,31.29,31.42,31.17,117179,3673056.97,20-Aug-2026,156,INF209KB14K7
NIFTYQLITY,EQ,21.57,21.84,21.52,21.62,21.59,21.52,39517,855302.46,20-Aug-2026,169,INF209KB15K4
SILVER,EQ,229.84,236.86,229.84,235.2,235.06,226.09,2294375,540601746.02,20-Aug-2026,14186,INF209KB19F6
TECH,EQ,34.29,34.29,33.41,33.65,33.85,34.16,19738,665256.63,20-Aug-2026,252,INF209KB11D8
ABSLPSE,EQ,10.1,10.29,10.1,10.15,10.18,10.13,126249,1280313.91,20-Aug-2026,373,INF209KB19Z4
BSOFT,EQ,309,314,307.5,309,308.95,305.9,657560,203627278.70,20-Aug-2026,19357,INE836A01035
BBOX,EQ,771.55,776.2,750,751.55,751.5,767.75,209975,159662499.40,20-Aug-2026,10773,INE676A01027
BLACKROSE,BE,114.9,114.9,108,113.56,114,110.88,9251,1038037.03,20-Aug-2026,122,INE761G01016
BLACKBUCK,EQ,616.35,635,610.75,631.05,629,616.35,1130283,707695951.90,20-Aug-2026,39309,INE0UIZ01018
BLBLIMITED,EQ,16.2,16.3,15.75,16.03,16.05,16.16,324533,5209074.13,20-Aug-2026,194,INE791A01024
BLISSGVS,BE,579.95,602.45,572,580.15,582,573.8,810528,479075449.60,20-Aug-2026,6457,INE416D01022
BLSE,EQ,314,328.1,312.8,321.1,321,314.1,1500843,483465945.80,20-Aug-2026,13982,INE0NLT01010
BLS,EQ,274.1,275.83,271.5,273.92,273,271.37,856501,234341876.13,20-Aug-2026,18030,INE153T01027
BLUECHIP,EQ,1.93,1.93,1.93,1.93,1.93,1.9,4366,8426.38,20-Aug-2026,13,INE657B01025
BLUECLOUDS,EQ,22.4,23.21,22.26,22.47,22.38,22.36,1406731,31927553.28,20-Aug-2026,3240,INE373T01047
BLUECOAST,BE,25.48,25.48,23.5,23.99,23.99,24.3,1306,31273.95,20-Aug-2026,29,INE472B01011
BLUEDART,EQ,5075,5130,5020,5077,5041,5067,5551,28298390.50,20-Aug-2026,1566,INE233B01017
BLUEJET,EQ,596.45,604,593.3,595.3,596.4,592.3,370165,221287301.25,20-Aug-2026,14009,INE0KBH01020
BLUEPEBBLE,SM,70.5,70.5,70.5,70.5,70.5,70.5,400,28200.00,20-Aug-2026,1,INE0SAK01011
BLUESTARCO,EQ,1495.1,1526,1490.5,1510,1510,1493.2,642269,971800869.20,20-Aug-2026,32150,INE472A01039
BLUEWATER,ST,428.9,429,424,429,429,408.6,24000,10268300.00,20-Aug-2026,24,INE0X3M01010
BLUESTONE,EQ,820.25,838.55,817,821.5,826.5,816.2,627502,519471057.65,20-Aug-2026,16406,INE304W01038
BLUSPRING,EQ,118.07,121.89,116.89,117.96,117.6,119.86,315322,37751283.37,20-Aug-2026,3905,INE0U4101014
BMWVENTLTD,EQ,57.9,58,57.02,57.23,57.1,57.18,61200,3514501.49,20-Aug-2026,1857,INE965W01036
BNAGROCHEM,EQ,240,240,233,237.45,238,238.75,477,113510.70,20-Aug-2026,25,INE00HZ01011
BODALCHEM,BE,72.5,75.33,72.5,75.33,75.33,71.75,430917,32163184.96,20-Aug-2026,1681,INE338D01028
BTML,EQ,8.79,8.8,7.85,7.92,8,8.72,1261909,10342725.98,20-Aug-2026,1958,INE0EEJ01023
BOHRAIND,EQ,14.1,14.7,14.1,14.15,14.15,14.74,11313,161200.03,20-Aug-2026,34,INE802W01023
BBTC,EQ,1459.5,1459.5,1430.3,1436,1432,1445,27826,40110705.70,20-Aug-2026,4563,INE050A01025
BOMDYEING,EQ,113.24,113.45,112.2,112.6,112.75,111.57,340942,38496931.27,20-Aug-2026,3252,INE032A01023
BMETRICS,SM,34.25,34.25,34.25,34.25,34.25,34.25,1600,54800.00,20-Aug-2026,2,INE0I3Y01014
BSHSL,EQ,88.7,89.5,86.85,88.07,88.1,88.72,4906,432443.70,20-Aug-2026,130,INE032Z01020
719HUDCO28,N7,1051.05,1051.27,1051.05,1051.27,1051.27,1051.05,1551,1630299.77,20-Aug-2026,2,INE031A07881
810IRFC27,N2,1078.2,1079,1078.1,1079,1079,1080.25,509,548763.90,20-Aug-2026,5,INE053F07538
830NHAI27,N2,1084,1085,1083.01,1083.99,1083.06,1083,5464,5921439.60,20-Aug-2026,38,INE906B07CB9
840IRFC29,N8,1249.99,1249.99,1249.99,1249.99,1249.99,1250,1,1249.99,20-Aug-2026,1,INE053F07660
846REC28,N6,1122,1122,1122,1122,1122,1120,1,1122.00,20-Aug-2026,1,INE020B07HP8
865IRFC29,NA,1110,1110,1106,1107,1107,1104,176,194833.00,20-Aug-2026,7,INE053F07686
871REC28,N9,1120.05,1122.45,1117.5,1117.55,1117.55,1120,1115,1246900.75,20-Aug-2026,9,INE020B07HS2
888IRFC29,NE,1118.15,1122.7,1118.12,1118.12,1118.12,1118.12,171,191323.04,20-Aug-2026,8,INE053F07744
901NHB34,N6,6399,6400,6316,6361.45,6350,6361.07,226,1438930.29,20-Aug-2026,17,INE557F07132
863REC29,NC,1135.1,1135.1,1135.1,1135.1,1135.1,1134,1,1135.10,20-Aug-2026,1,INE020B07ID2
BONLON,EQ,42,42,40.57,40.88,40.99,41.54,11308,463741.30,20-Aug-2026,111,INE0B9A01018
BORANA,EQ,313.05,313.05,306.8,308.2,307.4,309.15,19946,6157987.65,20-Aug-2026,1053,INE16SF01016
BOROLTD,EQ,251.28,262,251.27,257.82,255.4,248.11,213495,54845057.74,20-Aug-2026,7320,INE02PY01013
BORORENEW,EQ,552.4,556.75,537.9,543,543.4,549.7,402195,221180372.45,20-Aug-2026,10955,INE666D01022
BOROSCI,EQ,130.99,131,127.5,127.7,127.5,128.96,51364,6610495.02,20-Aug-2026,1340,INE02L001032
BOSCH-HCIL,EQ,1779,1801.7,1736.2,1772,1770.1,1762.6,80071,141895365.90,20-Aug-2026,9520,INE782A01015
BOSCHLTD,EQ,48545,48750,47900,48750,48750,48460,47793,2308432805.00,20-Aug-2026,17858,INE323A01026
BOSS,SM,54.5,54.5,54.5,54.5,54.5,52.05,2000,109000.00,20-Aug-2026,1,INE0QNI01012
BPL,EQ,50.9,50.92,48.3,49.19,49.21,50.33,58852,2932890.43,20-Aug-2026,1042,INE110A01019
BRACEPORT,SM,66.1,66.1,64.5,65,65,66.1,12800,833200.00,20-Aug-2026,6,INE0R4Z01018
BRAHMINFRA,EQ,174.9,174.9,162,167.66,169.8,170.5,32398,5503840.50,20-Aug-2026,472,INE320I01017
FIRSTCRY,EQ,197.9,201.53,196.11,196.67,197.7,196.5,903785,179297556.45,20-Aug-2026,12580,INE02RE01045
BCONCEPTS,EQ,157.05,162.88,152.84,155.29,155.95,159.7,16041,2532459.74,20-Aug-2026,855,INE977Y01011
BRANDMAN,SM,176.8,176.8,154,158.7,154,169.9,124000,20310440.00,20-Aug-2026,90,INE0XUD01014
BRIGADE,EQ,590,629.45,588.85,625.75,627.7,587.7,1512316,932949000.90,20-Aug-2026,35825,INE791I01019
BRIGHOTEL,EQ,60.43,60.82,59.5,59.91,60,60.65,103748,6236722.81,20-Aug-2026,2411,INE03NU01014
BRIGHTBR,EQ,245.01,258.97,245.01,251.23,251.25,242.35,1243,312490.62,20-Aug-2026,38,INE630D01010
BCG,EQ,9.19,9.48,9.15,9.36,9.36,9.15,5254458,48872946.58,20-Aug-2026,4402,INE425B01027
BRITANNIA,EQ,5454.5,5555,5454.5,5548,5548,5453,200063,1103968902.00,20-Aug-2026,15206,INE216A01030
BIRET,RR,342.9,344.5,341.7,343.91,344.47,342.32,93481,32099425.72,20-Aug-2026,4765,INE0FDU25010
BROOKS,BE,61.2,61.2,59.25,60.3,60.3,59.08,7481,448125.12,20-Aug-2026,52,INE650L01011
BSE,EQ,3384,3412,3280,3291.1,3291.1,3352,5391606,18041441179.20,20-Aug-2026,199676,INE118H01025
BSL,EQ,121.89,123.5,121.1,121.52,121.5,121.23,1568,190965.79,20-Aug-2026,61,INE594B01012
BUTTERFLY,EQ,658.95,660.6,646,647.05,647.15,654.5,8562,5577847.20,20-Aug-2026,814,INE295F01017
BULKCORP,SM,69.5,70.85,69.5,70.85,70.85,68.6,8400,593280.00,20-Aug-2026,3,INE0SZ301012
BURNPUR,BE,14.94,14.94,14.94,14.94,14.94,15.72,6271,93688.74,20-Aug-2026,85,INE817H01022
CGVAK,EQ,159,162.55,152.01,158.58,155,140.73,13494,2123076.07,20-Aug-2026,586,INE084D01010
CKKRETAIL,SM,148.95,149,148.95,149,149,146,1600,238360.00,20-Aug-2026,2,INE0SMX01019
CPS,SM,1161,1161,1120,1122,1122,1113,900,1018050.00,20-Aug-2026,5,INE0QBU01012
MAPMYINDIA,EQ,1010,1021.1,1001,1007.2,1006,1007.6,67167,68010542.20,20-Aug-2026,6047,INE0BV301023
C2C,SM,212,245.5,212,239.45,239.1,213.5,254250,60251407.50,20-Aug-2026,1079,INE0U7V01015
CMLL,EQ,514.5,521.85,498.25,506.95,508,514.5,363355,186255107.75,20-Aug-2026,7513,INE11XY01018
CALSOFT,EQ,29.89,29.89,27.05,27.05,27.05,28.47,1232418,34384778.52,20-Aug-2026,2403,INE526B01014
CTE,EQ,47.18,47.18,45.61,47.18,47.18,44.94,63342,2977927.01,20-Aug-2026,301,INE627H01017
CAMLINFINE,EQ,107.9,109.44,107.15,108.38,108.05,106.15,578966,62587035.36,20-Aug-2026,4151,INE052I01032
CAMPUS,EQ,224.45,225.13,222.19,223.11,223,222.54,385105,86029483.03,20-Aug-2026,7246,INE278Y01022
CANFINHOME,EQ,821.4,852,816.8,842.9,852,817.65,431403,358553566.10,20-Aug-2026,19173,INE477A01020
CANBK,EQ,129.53,130.49,129.05,129.6,129.6,129.08,9575025,1242961933.93,20-Aug-2026,45460,INE476A01022
CANHLIFE,EQ,152.69,155.8,150.74,151.69,151.9,151.63,828226,126561803.56,20-Aug-2026,14413,INE01TY01017
CRAMC,EQ,251.5,265.35,251.5,264.3,263.9,250.75,667871,173632120.30,20-Aug-2026,11429,INE218I01013
CANARYS,SM,22.05,23.05,22.05,22.7,22.7,22.4,24000,541200.00,20-Aug-2026,6,INE0QG301017
CANTABIL,EQ,233.04,255,233.04,247.31,245.5,232.12,1148793,286186526.11,20-Aug-2026,23049,INE068L01024
CAPACITE,EQ,207,208.39,202.1,203.73,204.9,205.53,208898,42870236.07,20-Aug-2026,3944,INE264T01014
CAPILLARY,EQ,511.6,519.25,506,506.95,507.8,510.15,132995,67767909.10,20-Aug-2026,5519,INE0ILV01024
CIFL,EQ,20.02,20.96,20.02,20.87,20.88,20.4,30035,623506.86,20-Aug-2026,188,INE345H01024
CAPINVIT,IV,77.39,77.45,76.53,77,77.01,77,943573,72683306.55,20-Aug-2026,2558,INE0Z8Z23013
CAPITALSFB,EQ,291.9,291.95,285.25,287.45,288.65,287.6,8510,2445225.45,20-Aug-2026,732,INE646H01017
CAPTRUST,BE,20.67,20.67,19.61,20.24,20,20.49,34488,691129.80,20-Aug-2026,83,INE707C01018
CAPLIPOINT,EQ,2600,2600,2520.1,2529.7,2530.8,2571,47100,120380392.90,20-Aug-2026,8130,INE475E01026
CGCL,EQ,227.9,229,223.1,225.11,225.9,226.23,4030776,910060174.35,20-Aug-2026,15540,INE180C01042
CPL,EQ,68.66,68.66,66.71,67.77,66.94,68.06,115207,7819809.04,20-Aug-2026,569,INE536P01021
CARBORUNIV,EQ,1088,1142,1081.4,1137.6,1129.1,1087.2,266570,299095164.10,20-Aug-2026,18635,INE120A01034
CARERATING,EQ,1724.9,1735.4,1694,1698.9,1700,1706.7,56861,97322826.10,20-Aug-2026,7208,INE752H01013
CPEDU,EQ,205.37,205.37,200.49,201.54,200.9,205.47,14048,2843084.64,20-Aug-2026,201,INE0P6P01016
CARRARO,EQ,523.9,529.6,518.85,525.75,525.25,518.85,89443,46873590.45,20-Aug-2026,5735,INE0V7W01012
CARTRADE,EQ,2800,2935,2786.4,2895.2,2893,2783.5,594647,1718394304.00,20-Aug-2026,51397,INE290S01011
CARYSIL,EQ,1186.7,1188.2,1152.7,1158.1,1155,1181.9,56704,66222952.80,20-Aug-2026,3143,INE482D01024
CUDML,ST,106,106,103.35,103.35,103.4,107,38000,4000800.00,20-Aug-2026,9,INE0WL201014
CASTROLIND,EQ,189.2,189.49,188.05,188.57,188.35,188.75,1114315,209978352.35,20-Aug-2026,20435,INE172A01027
CCL,EQ,1133,1140.3,1108.3,1112.4,1116,1124.6,124510,139092067.10,20-Aug-2026,10499,INE421D01022
CEATLTD,EQ,3552.4,3604.1,3532.3,3588.2,3567.1,3534.8,42088,150405601.90,20-Aug-2026,6049,INE482A01020
CEDAAR,ST,13.2,13.9,13.15,13.15,13.15,13.8,26000,346100.00,20-Aug-2026,25,INE11J101017
CEIGALL,EQ,322.35,333.8,310,312.8,313.2,313.65,828707,264199333.75,20-Aug-2026,14763,INE0AG901020
CEINSYS,EQ,770.95,777.95,759.05,761,760.05,763.7,26383,20254531.30,20-Aug-2026,2114,INE016Q01014
CELEBRITY,EQ,6.95,6.95,6.56,6.72,6.84,6.86,11583,78754.52,20-Aug-2026,99,INE185H01016
CELLPOINT,SM,16,16,15,15,15,16,4800,73260.00,20-Aug-2026,3,INE0O0001013
CELLECOR,SM,32.55,32.55,31,31.6,31.5,31.6,186000,5837550.00,20-Aug-2026,53,INE0OMO01025
CELLO,EQ,362.9,367.7,359.05,363.6,362,358.8,246818,89767634.10,20-Aug-2026,9177,INE0LMW01024
CEMPRO,EQ,1271.2,1286.9,1265,1273.9,1270,1265.7,147458,188193801.90,20-Aug-2026,11336,INE686A01026
CENTRALBK,EQ,30.92,31.25,30.92,31.07,31.15,30.91,2992043,93163190.27,20-Aug-2026,8571,INE483A01010
CDSL,EQ,1335,1358,1330.1,1345.9,1345.9,1329,1113440,1503902964.90,20-Aug-2026,40150,INE736A01011
CMPDI,EQ,242,247.5,233.6,234.49,234.2,238.14,2891303,699968625.71,20-Aug-2026,29097,INE05HV01027
CENTRUM,EQ,24.25,24.55,23.38,23.56,23.51,23.9,387149,9159527.19,20-Aug-2026,1025,INE660C01027
CENTUM,EQ,3404.7,3482.7,3368.3,3446,3458,3368.9,50765,173543096.70,20-Aug-2026,8401,INE320B01020
CENTENKA,EQ,568.05,577.3,562.1,567,568,569.9,39200,22266464.00,20-Aug-2026,2407,INE485A01015
CENTEXT,EQ,21.95,22.1,20.4,20.64,20.67,22.08,441134,9346974.95,20-Aug-2026,1480,INE281A01026
CENTURYPLY,EQ,747,780,747,772.75,775.7,747,83854,64687237.70,20-Aug-2026,8099,INE348B01021
CERA,EQ,5745,5899.5,5700.5,5858.5,5883.5,5691.5,8219,47841004.00,20-Aug-2026,2986,INE739E01017
CEREBRAINT,BZ,2.83,2.83,2.75,2.83,2.83,2.7,201446,570053.71,20-Aug-2026,114,INE345B01019
CESC,EQ,159.21,160.2,155.9,156.61,156.49,159.66,1965934,309070089.30,20-Aug-2026,23409,INE486A01021
CGPOWER,EQ,868.55,876.3,862.65,876.3,876.3,863.05,2197796,1913297514.20,20-Aug-2026,39691,INE067A01029
CHALET,EQ,851.6,859,840,852.9,856,848.05,66506,56268377.80,20-Aug-2026,8705,INE427F01016
CLSEL,EQ,280.25,285.2,277.3,278.45,277.3,279.2,29017,8132299.30,20-Aug-2026,1137,INE419D01026
CMNL,SM,106,107,106,107,107,106.9,2250,239250.00,20-Aug-2026,2,INE06PV01010
CHAMBLFERT,EQ,439,439.1,433.5,433.95,434.8,434.85,283276,123283174.05,20-Aug-2026,11144,INE085A01013
CHAMUNDA,SM,43.95,43.95,43.95,43.95,43.95,41.4,3000,131850.00,20-Aug-2026,1,INE11HG01018
CHANDAN,SM,242.3,242.3,234,235.6,235,240,41600,9860480.00,20-Aug-2026,50,INE0B2N01016
CHAVDA,SM,135.6,136.7,135,135,135,135.05,19000,2573200.00,20-Aug-2026,17,INE0PT101017
CHEMBONDCH,BE,269.78,283.26,269.78,282,283.26,269.78,21659,6076958.46,20-Aug-2026,334,INE0TGX01019
CHEMBOND,EQ,169,176.99,163.5,167.47,167,166,9118,1544785.62,20-Aug-2026,246,INE995D01025
CHEMCON,BE,185,189.5,185,187.73,188,187.8,6510,1215620.54,20-Aug-2026,172,INE03YM01018
CHEMCRUX,EQ,85.8,87,85,86.62,87,85.25,925,79134.68,20-Aug-2026,35,INE298W01016
CHEMFAB,EQ,380,380,362,366,375,372.55,3791,1420324.60,20-Aug-2026,143,INE783X01023
CHEMPLASTS,EQ,180.68,181.43,174.5,175.14,175,179.68,255786,45037644.73,20-Aug-2026,5481,INE488A01050
CHENNPETRO,EQ,1457,1466,1379.6,1390.5,1386.3,1440.3,2227820,3122934576.90,20-Aug-2026,67180,INE178A01016
CHETANA,SM,43,45.95,43,44.95,44.95,44,19200,854320.00,20-Aug-2026,9,INE0U1T01012
CHEVIOT,EQ,1143.1,1204.1,1143.1,1176.3,1180,1141.1,2845,3351103.00,20-Aug-2026,500,INE974B01016
CHOICEIN,EQ,802.8,819,802.8,809.7,808,800.45,796294,647116712.05,20-Aug-2026,13858,INE102B01014
CHOICEGOLD,EQ,155,155,152.72,154.25,154.59,150.73,15587,2405268.18,20-Aug-2026,162,INF2KCX01012
CHOLAHLDNG,EQ,1574.2,1583,1560.7,1574.2,1565.2,1557.3,52328,82410081.80,20-Aug-2026,10414,INE149A01033
CHOLAFIN,EQ,1889.8,1907,1877.2,1888.9,1888.9,1873.5,624966,1183347603.10,20-Aug-2026,25333,INE121A01024
CIEINDIA,EQ,407.5,410.2,403,403.8,404,406.65,326973,133071448.05,20-Aug-2026,11560,INE536H01010
CINELINE,EQ,87.5,89.48,85.4,86.71,86.6,87.33,12808,1117407.32,20-Aug-2026,254,INE704H01022
CINEVISTA,EQ,14.39,14.53,14.1,14.12,14.1,14.07,5686,80619.37,20-Aug-2026,58,INE039B01026
CIPLA,EQ,1430,1439.4,1427.5,1438,1438,1422,327752,470168195.40,20-Aug-2026,26001,INE059A01026
CITIUSINVT,IV,113,115.36,113,113.6,113.51,112.51,1147048,131488398.13,20-Aug-2026,2122,INE2Q7823014
CUB,EQ,225,225.23,218,219.35,218,221.03,1274243,281476690.64,20-Aug-2026,25484,INE491A01021
CLEDUCATE,BE,60,61,58.6,60.12,60.99,60.33,13790,826790.69,20-Aug-2026,84,INE201M01029
CLASSICEIL,SM,45.9,46.95,45.9,46.95,46.95,45.35,3200,148560.00,20-Aug-2026,2,INE0UQ601012
CLAYCRAFT,SM,157,168,155,164.2,162.5,155.25,156600,25435650.00,20-Aug-2026,178,INE1QGM01024
CLEANMAX,EQ,1256.9,1259.5,1191.1,1220.1,1226,1243.8,233933,286409399.70,20-Aug-2026,18911,INE647U01026
CLEAN,EQ,821.7,848.9,821.7,834.7,832,819.3,453366,379655337.95,20-Aug-2026,19700,INE227W01023
CSSL,SM,98,98,90,92.05,94.5,99,42000,3966000.00,20-Aug-2026,38,INE1EF801010
CMRGREEN,EQ,215.25,215.8,212,213.75,214.5,213.08,469947,100651674.29,20-Aug-2026,16253,INE00WV01027
CMSINFO,EQ,246.05,253.2,244.5,249.55,250,246,760725,189508778.55,20-Aug-2026,32031,INE925R01014
COALINDIA,EQ,400.05,403.45,395.8,402.5,402.5,400,5070984,2032003650.55,20-Aug-2026,89806,INE522F01014
COASTCORP,EQ,42.04,42.33,38.75,40.57,40.6,42.04,551226,22149466.96,20-Aug-2026,3826,INE377E01024
COCHINSHIP,EQ,1490.3,1496.8,1478.2,1489,1489,1485,458250,681632398.30,20-Aug-2026,17246,INE704P01025
COFFEEDAY,BE,29.35,29.9,28.75,29.26,29.02,29.35,345554,10094182.67,20-Aug-2026,943,INE335K01011
COFORGE,EQ,1835,1888.5,1826.5,1882,1882,1813.1,4002215,7491131106.40,20-Aug-2026,107309,INE591G01025
COHANCE,EQ,450,484,448.35,475.55,475.2,446.85,6561470,3113010585.95,20-Aug-2026,143769,INE03QK01018
COLPAL,EQ,1889.8,1914.9,1875,1910,1910,1879.6,555231,1053934282.60,20-Aug-2026,31721,INE259A01022
COMFINTE,EQ,6.6,6.6,6.41,6.46,6.45,6.57,75833,493652.17,20-Aug-2026,304,INE819A01049
COMSYN,EQ,282.9,293,279.55,289.77,288.8,280.55,115630,33461170.37,20-Aug-2026,2428,INE073V01015
COMMITTED,SM,347.4,347.4,347.4,347.4,347.4,347,800,277920.00,20-Aug-2026,1,INE597Z01014
COMPEAU,EQ,354,354,345,353.6,354,344.05,818,288647.60,20-Aug-2026,15,INE823B01015
COMPINFO,BZ,1.03,1.09,1.03,1.07,1.07,1.04,15934,17165.66,20-Aug-2026,25,INE070C01037
COMPUSOFT,EQ,14.23,15,13.37,14.12,14.34,13.87,187895,2684501.42,20-Aug-2026,772,INE453B01029
CAMS,EQ,759,761,747.75,749.25,749.25,754.3,1370564,1034784256.35,20-Aug-2026,44077,INE596I01020
CONCORDBIO,EQ,1594.8,1615,1568.1,1576.7,1576.9,1587.5,146782,233253334.70,20-Aug-2026,17601,INE338H01029
CEWATER,EQ,277.05,278.45,262.05,271.75,269,275.7,175590,47155299.40,20-Aug-2026,5314,INE037Z01029
CFEL,EQ,31.95,31.95,30.12,31.13,30.33,30.5,6062,187150.38,20-Aug-2026,62,INE700F01024
CONFIPET,EQ,73,73.64,71.6,72.16,72,72.49,1976323,143135888.97,20-Aug-2026,5200,INE552D01024
CONNPLEX,SM,224,225,214.1,214.85,214.1,220,30400,6641920.00,20-Aug-2026,31,INE0EAS01014
CCCL,EQ,15.32,15.4,15.1,15.22,15.25,15.16,76845,1171469.63,20-Aug-2026,365,INE429I01024
CONSOFINVT,BE,283,283,270,271.3,272,282.45,1821,496747.25,20-Aug-2026,57,INE025A01027
CONCOR,EQ,517.2,524.4,513.8,519,519,514.35,696568,362244130.20,20-Aug-2026,14438,INE111A01025
CONTI,SM,11.6,11.6,11.05,11.1,11.05,11.6,19998,226977.30,20-Aug-2026,6,INE340Z01019
CONTROLPR,EQ,571.1,575.8,565,565.9,565.05,570.1,11348,6442988.70,20-Aug-2026,1219,INE663B01015
COOLCAPS,ST,20.05,20.85,20,20.85,20.85,20.95,18750,383062.50,20-Aug-2026,11,INE0HS001028
CORALFINAC,EQ,33.35,35.49,33.14,34.11,33.9,33.82,415404,14310783.91,20-Aug-2026,2510,INE558D01021
CORDSCABLE,BE,247.77,247.77,235.1,241.06,241,235.98,146811,35927686.19,20-Aug-2026,1041,INE792I01017
COROMANDEL,EQ,2048,2055,1995,2004.8,1997,2038.1,86412,174409679.60,20-Aug-2026,16439,INE169A01031
CORONA,EQ,2124.9,2192.8,2124.9,2165.8,2175,2121.4,27029,58409364.40,20-Aug-2026,5824,INE02ZQ01018
COSMOFIRST,EQ,947.55,951.95,927.65,938.45,941.95,930.7,56461,53094468.60,20-Aug-2026,3721,INE757A01017
CCHHL,EQ,12.55,12.68,12.36,12.54,12.54,12.34,7182,90029.17,20-Aug-2026,66,INE652F01027
COUNCODOS,BE,6.99,7,6.65,6.8,6.85,6.99,251651,1727887.30,20-Aug-2026,533,INE695B01025
CPCAP,EQ,122.1,128,121.99,123.56,124.88,123.46,21228,2670371.38,20-Aug-2026,1078,INE521J01018
CPSEETF,EQ,93.14,94.01,92.79,93.54,93.57,93.14,594814,55508540.30,20-Aug-2026,6329,INF457M01133
CRAFTSMAN,EQ,10810,10852.5,10669,10690.5,10693.5,10779,14764,158157340.50,20-Aug-2026,4739,INE00LO01017
CRAVATEX,EQ,349,355.5,341.25,355.25,355.5,347.9,217,76332.00,20-Aug-2026,15,INE145E01017
CRAYONS,SM,26.85,28,26.8,28,28,28.2,6000,162050.00,20-Aug-2026,4,INE0OFK01019
CREATIVEYE,EQ,6.1,6.33,5.96,6.1,6.15,6.15,18261,109782.77,20-Aug-2026,53,INE230B01021
CGRAPHICS,SM,138.25,140,134.5,138.1,137,138.35,44000,6082280.00,20-Aug-2026,39,INE0R7401011
CNL,EQ,1251.15,1256,1227.3,1248.15,1255.9,1226.35,15504,19301751.30,20-Aug-2026,1892,INE985W01018
CREDENT,ST,359.1,377.05,359.1,377.05,377.05,189,2511000,919687230.00,20-Aug-2026,2328,INE1KPX01025
CREDITACC,EQ,1520,1543,1520,1534.5,1538,1519.4,57712,88645488.70,20-Aug-2026,10010,INE741K01010
MUFTI,EQ,78.2,78.9,77,77.19,77.4,77.46,99190,7676697.14,20-Aug-2026,791,INE220Q01020
CRSL,EQ,2.79,3.09,2.7,3.09,3.09,2.58,8160299,24420507.68,20-Aug-2026,5321,INE716D01033
CREST,EQ,355.75,368,355.65,364.95,359.25,363.85,8032,2922282.10,20-Aug-2026,155,INE559D01011
CRISIL,EQ,4499.9,4559.3,4470.1,4478.6,4471.7,4499.4,22401,100930958.90,20-Aug-2026,6297,INE007A01025
CRIZAC,EQ,172,174.99,170.46,171.34,171.8,171.62,213906,36951241.95,20-Aug-2026,5877,INE0S4R01014
CROMPTON,EQ,246,255.25,246,252,252,245.5,4143736,1042192097.60,20-Aug-2026,37494,INE299U01018
CLSL,ST,82.7,83.2,77,82.65,83,79.4,28000,2290900.00,20-Aug-2026,14,INE00NH01017
CROWN,EQ,103.1,104.99,103,104.17,104.25,103.68,4396,456033.81,20-Aug-2026,145,INE491V01019
CSBBANK,EQ,321,330.6,317.25,320.9,321.25,314.6,1467715,474546231.50,20-Aug-2026,21944,INE679A01013
CSLFINANCE,EQ,225,226.21,224.21,225.29,225,223.47,24831,5589529.09,20-Aug-2026,356,INE718F01018
CSM,EQ,99.25,100,97.32,99.37,99.03,99.25,285697,28338813.38,20-Aug-2026,1778,INE0ZK601013
CUBEINVIT,IV,157.45,157.95,156.9,157.2,156.9,157.44,261544,41175816.00,20-Aug-2026,4087,INE0NR623014
CUBEXTUB,EQ,79.9,79.9,78.41,78.8,78.44,78.06,46952,3713205.52,20-Aug-2026,1993,INE144D01012
CUMMINSIND,EQ,5250,5252.5,5192.5,5205,5205,5220,253759,1322599860.00,20-Aug-2026,32363,INE298A01020
CUPID,EQ,286.1,286.1,280,282.43,282.3,284.56,25940605,7322886489.70,20-Aug-2026,153919,INE509F01029
CURAA,EQ,63,77.99,63,77.47,77.7,72,923,67741.42,20-Aug-2026,52,INE117B01020
CURIS,SM,112.5,124,112.5,124,124,111,11000,1288550.00,20-Aug-2026,11,INE1BZN01016
CURRENT,SM,100,100,100,100,100,101.2,1600,160000.00,20-Aug-2026,1,INE1CRQ01014
CYBERMEDIA,EQ,16.27,16.95,16.26,16.56,16.56,16.7,11591,191054.24,20-Aug-2026,35,INE278G01037
CMRSL,SM,70.85,71.2,69,69,69,69.85,3200,225640.00,20-Aug-2026,4,INE075Z01011
CYBERTECH,BE,138.41,138.41,132.51,133.05,135,135.54,8874,1187813.09,20-Aug-2026,165,INE214A01019
CYIENTDLM,EQ,719.95,743.65,719,730.25,729,715.6,516587,379417420.50,20-Aug-2026,24508,INE055S01018
CYIENT,EQ,897.85,911,890,903.05,903,894.5,600510,541602948.95,20-Aug-2026,28632,INE136B01020
DPWIRES,BE,157.9,162.88,157,158.07,159,160.07,5303,841928.62,20-Aug-2026,135,INE864X01013
DLINKINDIA,EQ,443,447,436.2,438.4,438,445.75,158780,70173928.95,20-Aug-2026,6524,INE250K01012
DPABHUSHAN,EQ,1490,1494,1450,1461.7,1450.5,1467.9,21050,31001738.10,20-Aug-2026,2042,INE266Y01019
DBCORP,EQ,208.1,210.78,205.65,206.31,206.9,207.42,146053,30345800.43,20-Aug-2026,2989,INE950I01011
DABUR,EQ,402.1,402.1,398.7,400,400,399.75,913960,365806810.60,20-Aug-2026,17616,INE016A01026
DAICHI,EQ,332,332,315.1,316.35,315.1,322,2503,794233.95,20-Aug-2026,71,INE928C01010
DALBHARAT,EQ,1875,1925,1864,1897,1897,1875,582875,1109919798.10,20-Aug-2026,31128,INE00R701025
DALMIASUG,EQ,475.85,517,469.2,508.1,506,475.55,2265448,1142371592.45,20-Aug-2026,53022,INE495A01022
DAMCAPITAL,EQ,145.11,148.4,144.25,145.54,144.7,144.85,214405,31333624.30,20-Aug-2026,2806,INE284H01025
DAMODARIND,BE,27.49,27.49,27,27.49,27.49,27.6,1028,27838.25,20-Aug-2026,26,INE497D01022
DANGEE,EQ,2.9,2.96,2.88,2.91,2.92,2.87,19006,55364.21,20-Aug-2026,79,INE688Y01022
DANISH,SM,804,804,778.5,781.05,785.5,790.1,7050,5568142.50,20-Aug-2026,42,INE0YU901016
DCCL,SM,46.4,46.4,46.4,46.4,46.4,46.4,2000,92800.00,20-Aug-2026,1,INE04Q901010
DATAPATTNS,EQ,4810,4918,4652.1,4700.2,4681.4,4774.2,1272241,6114959371.30,20-Aug-2026,117623,INE0IX101010
DATAMATICS,EQ,829,836.5,818.2,820.9,818.55,817.1,39461,32735857.05,20-Aug-2026,2061,INE365B01017
DAVANGERE,EQ,3.06,3.06,2.96,2.99,3,2.99,18598691,55781968.90,20-Aug-2026,6126,INE179G01029
DBSTOCKBRO,BE,33.99,33.99,31.19,31.77,33.48,32.48,8198,263136.39,20-Aug-2026,58,INE921B01025
DCI,EQ,365.9,382.5,365.9,376.85,373,366.85,13651,5104957.70,20-Aug-2026,776,INE0A1101019
DCBBANK,EQ,182.99,189.9,182.99,188.61,189.6,181.81,2176082,409872507.27,20-Aug-2026,26391,INE503A01015
DCG,SM,53,54,52.2,54,54,53,13200,701340.00,20-Aug-2026,10,INE0S8401018
DCMFINSERV,EQ,5.5,5.8,5.14,5.5,5.57,5.5,48142,266481.21,20-Aug-2026,249,INE891B01012
DCM,BE,82.36,83,77.81,79.41,77.9,81.1,15279,1254254.79,20-Aug-2026,58,INE498A01018
DCMNVL,EQ,178.98,180.72,173,175.62,177,175.89,15099,2668830.13,20-Aug-2026,794,INE08KP01019
DSFCL,BE,27.06,27.06,27.06,27.06,27.06,26.53,47126,1275229.56,20-Aug-2026,74,INE0OFM01015
DCMSRIND,EQ,49.95,54.75,49.95,52.84,52.8,49.89,1407124,73970215.94,20-Aug-2026,6712,INE843D01027
DCMSIL,EQ,76.9,78.49,75.1,76.1,76,74.58,84590,6507571.39,20-Aug-2026,710,INE0OU201013
DCMSHRIRAM,EQ,1050.7,1083.9,1048,1079.7,1079,1049.4,239612,256364471.90,20-Aug-2026,15693,INE499A01024
DCW,EQ,43.47,44.38,43.33,44.01,44.12,43.26,579389,25435907.29,20-Aug-2026,2850,INE500A01029
DCXINDIA,EQ,174.67,176.74,173.25,173.71,173.85,174.67,332449,58104174.71,20-Aug-2026,5607,INE0KL801015
DDEVPLSTIK,EQ,281,285,275.2,276.5,277,280.2,100944,28263028.40,20-Aug-2026,3285,INE0HR601026
DENEERS,SM,170.25,175.9,166.55,174.45,174.5,171.6,14400,2481390.00,20-Aug-2026,18,INE0JWV01011
DENORA,EQ,838.65,859.5,835,839.85,842.7,835.65,1756,1485113.90,20-Aug-2026,242,INE244A01016
DECCANCE,EQ,568.5,568.55,547.8,556.1,550.5,549.9,31685,17613787.45,20-Aug-2026,910,INE583C01021
DECNGOLD,EQ,238.49,248.8,238,242.66,242.7,233.21,2916403,710961322.48,20-Aug-2026,27068,INE945F01025
DECCANTRAN,SM,21.75,22.75,21.75,22.75,22.75,22.75,2400,53400.00,20-Aug-2026,2,INE0S7C01019
DEEDEV,EQ,650.55,651.05,617.6,622.25,624,644.6,196135,123056076.80,20-Aug-2026,6767,INE841L01016
DEEPINDS,EQ,661.55,680,642.05,658.45,659.95,667.35,512601,339195339.05,20-Aug-2026,18545,INE0FHS01024
DEEP,EQ,38.66,38.9,35.11,37.18,37.36,37.9,10108,378182.97,20-Aug-2026,133,INE00IY01012
DBEIL,BE,6.74,6.85,6.6,6.66,6.68,6.74,182196,1210502.13,20-Aug-2026,399,INE0OPA01027
DEEPAKFERT,EQ,1487.9,1487.9,1454,1464.2,1464.2,1476.2,121797,179111077.90,20-Aug-2026,10079,INE501A01019
DEEPAKNTR,EQ,1769.9,1778.9,1745,1750.4,1745.5,1768.3,127283,224384362.80,20-Aug-2026,9691,INE288B01029
DELAPLEX,SM,84.25,84.25,82.8,82.8,82.8,85,20400,1709880.00,20-Aug-2026,32,INE0SK801018
DELHIVERY,EQ,453,457,449.35,450.1,450.1,450,1139987,516734209.75,20-Aug-2026,17160,INE148O01028
DELPHIFX,BE,6.82,6.82,6.51,6.55,6.55,6.63,68992,461796.65,20-Aug-2026,156,INE726L01027
DELTIC,SM,35,35.6,34.5,35.4,35.25,34.5,20000,702850.00,20-Aug-2026,16,INE0XRN01019
DELTACORP,EQ,59.55,60.39,59.45,59.52,59.55,59.68,552700,33028773.23,20-Aug-2026,4712,INE124G01033
DELTAMAGNT,EQ,59.7,59.7,57.1,58.27,58.99,57.28,651,37727.30,20-Aug-2026,34,INE393A01011
DEN,EQ,27.28,28.17,27.2,27.75,27.84,27.38,468961,12991679.18,20-Aug-2026,1680,INE947J01015
DENTA,EQ,291.8,294.15,289.15,290.5,289.75,289,92337,26918670.15,20-Aug-2026,2965,INE0R4L01018
DEVX,EQ,34,35.5,33,34.72,34.32,33.96,78870,2713179.56,20-Aug-2026,1952,INE0VOV01021
DEVIT,EQ,25.04,26.5,24,24.66,24.95,24.97,96886,2433839.07,20-Aug-2026,812,INE060X01034
DEVYANI,EQ,144.06,148,143.5,147.79,147.8,142.9,7212958,1056831236.69,20-Aug-2026,37318,INE872J01023
DHABRIYA,EQ,600,600,548,555.25,550,587,59063,33449655.25,20-Aug-2026,2193,INE260R01016
DBOL,EQ,131.89,139,128.21,135.61,135.3,129.26,1418477,189808536.45,20-Aug-2026,16835,INE0I3401014
DHAMPURSUG,EQ,179.7,192.89,178.97,189.76,189.5,176.18,6615935,1243559982.58,20-Aug-2026,68751,INE041A01016
DHANBANK,EQ,32.56,32.68,32.2,32.49,32.31,32.22,391482,12673058.67,20-Aug-2026,1798,INE680A01011
DHANLAXMI,SM,24.3,25.7,24.3,25,25,24.4,8000,201200.00,20-Aug-2026,4,INE0V9V01010
DHANSA,SM,21.2,21.3,20.3,21.3,21.3,20.3,16000,338600.00,20-Aug-2026,8,INE0M3I01029
DHANUKA,EQ,995.2,1000,994.1,996.3,999.1,994.1,9266,9236163.60,20-Aug-2026,1506,INE435G01025
DHARARAIL,ST,141.95,145.95,141.95,145.95,145.95,139,24000,3480000.00,20-Aug-2026,21,INE2HJL01019
DHARAN,BZ,0.16,0.16,0.15,0.15,0.16,0.15,8970516,1408844.08,20-Aug-2026,1221,INE278R01034
DHARIWAL,SM,17.8,18.2,17.15,17.95,17.95,18.05,282000,4932450.00,20-Aug-2026,65,INE0YRN01025
DHARMAJ,EQ,269.4,273,268.35,270.05,272,269.2,26000,7031485.75,20-Aug-2026,1281,INE00OQ01016
DHATRE,EQ,4.5,4.71,3.85,4.6,4.61,4.37,72001,324066.77,20-Aug-2026,215,INE715T01031
DHOOTTRANS,EQ,1400,1495,1355,1468.65,1470.85,1404.05,14246563,20664733104.25,20-Aug-2026,454679,INE01NH01023
DHRUV,EQ,24.75,25.95,24.75,25.29,24.81,25.62,10498,264612.38,20-Aug-2026,86,INE506Z01015
DHUNINV,EQ,980,1016,960.3,963.2,960.3,955.45,503,497235.00,20-Aug-2026,102,INE320L01011
DTIL,EQ,134.88,137.99,134.88,134.95,135.03,134.88,2739,373544.43,20-Aug-2026,118,INE341R01014
DVL,EQ,265.4,267.99,261.37,263.34,261.37,263.83,8027,2120178.05,20-Aug-2026,277,INE477B01010
DIAMINESQ,EQ,238,242,234.17,236.46,234.17,238.98,1877,445071.32,20-Aug-2026,181,INE591D01014
DIACABS,BE,366,366,345.35,353.9,354,359.4,615201,218324211.35,20-Aug-2026,5798,INE989C01038
DICIND,EQ,584.75,599.4,580,589.6,590,576.9,7117,4206837.10,20-Aug-2026,274,INE303A01010
DTL,SM,117.1,129.95,115,120,125,116,4800,584460.00,20-Aug-2026,4,INE0JRD01019
DIFFNKG,EQ,409.95,409.95,398.1,401.8,403.8,406.2,79391,32007195.10,20-Aug-2026,2995,INE184O01015
DGCONTENT,EQ,23.8,24.77,23.54,24.12,24.25,23.8,598,14391.98,20-Aug-2026,37,INE03JI01017
DIGIDRIVE,EQ,17.88,17.88,17.2,17.26,17.55,17.21,10914,191740.77,20-Aug-2026,113,INE0PSC01024
DIGIKORE,SM,37,37,34.5,35.15,35.1,35.75,38000,1346000.00,20-Aug-2026,73,INE0QJ901011
DIGISPICE,EQ,17.02,17.49,16.36,17.19,17.19,17.02,79348,1354077.70,20-Aug-2026,349,INE927C01020
DIGITIDE,EQ,95.15,97.26,95.15,96.57,96.99,94.69,143595,13828656.77,20-Aug-2026,1494,INE0U4701011
DIGJAMLMTD,EQ,52,52.44,50.79,51.55,51.55,51.3,4395,227635.99,20-Aug-2026,84,INE731U01028
DNAMEDIA,EQ,2.55,2.79,2.4,2.51,2.72,2.49,99935,251716.24,20-Aug-2026,305,INE016M01021
DBL,EQ,420.05,420.85,413,415,415.25,416.2,127166,52987277.15,20-Aug-2026,3413,INE917M01012
DISAQ,EQ,11985,12010,11152,11508,11550,11803,686,8042091.00,20-Aug-2026,463,INE131C01011
DISHTV,EQ,2.79,2.82,2.75,2.79,2.8,2.78,1205674,3342675.97,20-Aug-2026,1034,INE836F01026
DCAL,EQ,172.3,175.8,171.32,172.41,172,172.4,354953,61466071.82,20-Aug-2026,5674,INE385W01011
DIVGIITTS,EQ,1288.05,1292.95,1257.2,1263.45,1261,1267.4,67192,85715380.60,20-Aug-2026,6175,INE753U01022
DIVISLAB,EQ,8590,8597.5,8532,8570,8570,8560,198190,1697954416.50,20-Aug-2026,23057,INE361B01024
DIVINEHIRA,ST,111.6,111.95,111.6,111.95,111.95,111.6,9600,1072860.00,20-Aug-2026,5,INE0NA501011
DPEL,SM,580,585.55,562.15,576.95,575,578.45,30500,17545600.00,20-Aug-2026,59,INE0SCO01019
DIXON,EQ,14510,14953,14470,14850,14850,14462,639826,9434791683.00,20-Aug-2026,64221,INE935N01020
DJML,EQ,104.3,106.27,101,101.95,104.2,104.92,180671,18833922.25,20-Aug-2026,4583,INE0B1K01014
DLF,EQ,674,682.45,671.95,676.15,676.15,669.9,2371022,1608011913.50,20-Aug-2026,40464,INE271C01023
DMCC,EQ,293.65,293.65,285.4,287.3,287.75,291.1,23820,6873647.15,20-Aug-2026,1190,INE505A01010
DHTL,SM,33.1,33.1,33.1,33.1,33.1,31.55,800,26480.00,20-Aug-2026,1,INE0OGG01015
DODLA,EQ,1100.8,1156.4,1089.9,1138,1143.3,1102,66486,75401146.60,20-Aug-2026,7238,INE021O01019
DOLATALGO,EQ,76.64,77.3,74.2,74.9,74.94,75.13,373333,28311460.53,20-Aug-2026,3428,INE966A01022
DOLLAR,EQ,268.9,275,265.85,272.15,275,268,118163,31928158.80,20-Aug-2026,3591,INE325C01035
DOLLEX,SM,34,34,32.55,33.3,33.9,32.8,120000,3944200.00,20-Aug-2026,20,INE0JHH01011
DOLPHIN,EQ,613,656.25,604.95,621.6,617.3,619.25,130726,83329581.35,20-Aug-2026,5204,INE920A01037
DOMS,EQ,2199.4,2239.6,2195.1,2209.9,2212.8,2193.1,22213,49209487.10,20-Aug-2026,5189,INE321T01012
DONEAR,EQ,89.1,90.31,87.66,88.95,88.75,88.6,9154,813493.37,20-Aug-2026,267,INE668D01028
DPSCLTD,BE,7.01,7.22,7.01,7.16,7.15,7.14,52546,375090.85,20-Aug-2026,349,INE360C01024
AGARWALEYE,EQ,502.95,505,491.7,503.1,500.2,501.85,309690,154592404.60,20-Aug-2026,11924,INE943P01029
DRAGARWQ,EQ,5301,5333.5,5278,5307,5305,5327.5,606,3213954.50,20-Aug-2026,168,INE934C01018
LALPATHLAB,EQ,1901.3,1908,1873.4,1889.4,1888,1887.2,308167,582400120.20,20-Aug-2026,42300,INE600L01024
DRREDDY,EQ,1171.2,1183.8,1171.2,1180,1180,1170,1031107,1214777346.10,20-Aug-2026,43167,INE089A01031
DRCSYSTEMS,EQ,12.95,13.05,12.61,12.76,12.75,12.83,59131,755941.56,20-Aug-2026,342,INE03RS01027
DREAMFOLKS,EQ,65.98,68.78,65.52,68.41,68.6,65.35,68632,4674270.20,20-Aug-2026,1718,INE0JS101016
DREDGECORP,EQ,1199,1204,1111.5,1118.3,1126,1189.2,253900,292284106.40,20-Aug-2026,15616,INE506A01018
DRONE,SM,38.6,39.4,38.1,38.2,38.25,38.6,18500,713825.00,20-Aug-2026,20,INE0P7201019
KEEPLEARN,EQ,1.92,2,1.75,1.81,1.86,1.91,65231,121109.34,20-Aug-2026,102,INE055C01020
LIQUIDETF,EQ,1000,1000.01,999.99,999.99,1000,999.99,1717983,1717982940.64,20-Aug-2026,388,INF740KA1EU7
BANK10ADD,EQ,16.9,16.97,16.88,16.91,16.92,16.81,3781,64018.99,20-Aug-2026,53,INF740KA1YH2
BANKADD,EQ,59.03,59.21,58.84,59.01,59.04,58.7,4268,252144.87,20-Aug-2026,82,INF740KA1RX3
GOLDADD,EQ,150.5,152.05,150.5,151.56,151.5,147.89,368055,55757769.59,20-Aug-2026,6372,INF740KA1SW3
ITADD,EQ,32.64,32.76,32.5,32.62,32.5,32.14,74643,2436784.37,20-Aug-2026,70,INF740KA1SX1
EQUAL50ADD,EQ,346.52,351,345.5,347.46,345.6,345.44,5223,1809903.86,20-Aug-2026,226,INF740KA1QK2
NIFTYADD,EQ,255.5,256.08,254.94,255.67,255.23,254.07,2616,668413.73,20-Aug-2026,97,INF740KA1CL0
PSUBANKADD,EQ,88.64,88.64,86.74,86.98,86.75,86.9,12393,1082388.32,20-Aug-2026,230,INF740KA1SY9
PVTBANKADD,EQ,27.76,27.99,27.76,27.94,27.95,27.76,26859,750404.92,20-Aug-2026,91,INF740KA1TA7
MIDQ50ADD,EQ,25.68,25.69,25.54,25.58,25.6,25.46,3705,94857.66,20-Aug-2026,69,INF740KA1ZF3
SENSEXADD,EQ,79.68,80.23,79.68,80.18,80.15,79.55,1380,110309.44,20-Aug-2026,132,INF740KA1SZ6
SILVERADD,EQ,224.95,228.77,222.1,227.26,227.55,218.13,529833,120655267.28,20-Aug-2026,5360,INF740KA1RE3
FLEXIADD,EQ,10.29,10.33,10.21,10.22,10.21,10.18,56593,581834.46,20-Aug-2026,216,INF740KA1WU9
FMCGADD,EQ,48,48.31,47.81,48.07,48.31,47.73,53421,2565687.74,20-Aug-2026,165,INF740KA1ZA4
GSEC10ADD,EQ,27.5,27.5,27.13,27.2,27.2,26.79,73,1984.58,20-Aug-2026,11,INF740KA1ZI7
HEALTHADD,EQ,16.62,16.67,16.51,16.54,16.64,16.57,18148,301217.75,20-Aug-2026,73,INF740KA1ZG1
LIQUIDADD,EQ,1141.07,1141.09,1141.07,1141.08,1141.08,1140.92,299844,342146846.63,20-Aug-2026,388,INF740KA1UM0
MIDBANKADD,EQ,17.56,17.83,17.5,17.51,17.57,17.47,4010,70315.97,20-Aug-2026,21,INF740KA1ZH9
MIDCAPADD,EQ,23.52,23.54,23.39,23.39,23.39,23.37,4331,101583.29,20-Aug-2026,26,INF740KA1WW5
MSCIADD,EQ,29.8,29.9,29.78,29.9,29.9,29.7,634,18908.48,20-Aug-2026,92,INF740KA1WV7
NEXT30ADD,EQ,43.4,43.64,43.34,43.49,43.49,43.31,6171,268623.71,20-Aug-2026,53,INF740KA1VE5
NEXT50ADD,EQ,74.72,74.85,74.52,74.72,74.72,74.43,2030,151802.92,20-Aug-2026,19,INF740KA1XU7
SMALLADD,EQ,18.44,18.54,18.41,18.49,18.5,18.3,15626,288999.03,20-Aug-2026,84,INF740KA1WX3
TOP10ADD,EQ,87.86,88.11,87.63,87.99,88.1,86.76,86222,7582360.42,20-Aug-2026,437,INF740KA1UR9
DUCOL,SM,102,106.5,102,106.2,106.5,103.55,17600,1847480.00,20-Aug-2026,14,INE0LZO01015
DUCON,EQ,3.48,3.5,3.2,3.35,3.36,3.4,1565029,5211904.56,20-Aug-2026,908,INE741L01018
DUGLOBAL,SM,23.6,24,23.6,23.8,23.8,23.6,12500,297375.00,20-Aug-2026,4,INE0HPK01020
DURLAX,SM,60,62.9,60,61.4,61.4,59.2,28000,1709600.00,20-Aug-2026,14,INE0OUW01013
DWARKESH,EQ,48.77,56.45,48.7,55.38,55.9,48.28,42670090,2304086451.69,20-Aug-2026,117095,INE366A01041
DSSL,EQ,1110.1,1129.4,1072.9,1093.7,1093.9,1116.3,57055,62759978.00,20-Aug-2026,4935,INE417B01040
DYNAMATECH,EQ,11794,12050,11650,11765,11743,11735,20615,244830800.00,20-Aug-2026,6591,INE221B01012
DYCL,EQ,446.05,463,445.1,453.6,452.95,445.95,343273,156546288.35,20-Aug-2026,8478,INE600Y01019
DYNAMIC,ST,137.15,141.8,137.1,140.05,141.8,140.5,6500,900125.00,20-Aug-2026,9,INE0DZ701010
DYNPRO,EQ,233.9,238.3,218,232.15,230.7,226.45,49303,11308207.00,20-Aug-2026,1099,INE256H01015
E2ERAIL,SM,292.2,305,292.2,297.8,295,299.2,74400,22382800.00,20-Aug-2026,48,INE1CEJ01017
E2E,BE,613,650,601.3,623.85,625,631.35,861719,542522817.25,20-Aug-2026,12065,INE255Z01027
EASTWEST,EQ,2.42,2.45,2.3,2.43,2.44,2.38,45169,108006.48,20-Aug-2026,108,INE595R01023
EASTSILK,BE,64.8,64.8,58.81,64.2,64.2,61.9,1193,71501.70,20-Aug-2026,21,INE962C01035
EASEMYTRIP,EQ,6.19,6.19,6.03,6.09,6.12,6.11,18622451,113695514.82,20-Aug-2026,8159,INE07O001026
EBIX,EQ,18.8,18.8,18.8,18.8,18.8,17.91,1568,29478.40,20-Aug-2026,11,INE432F01032
888ECL28,N1,989,989,989,989,989,988.05,3,2967.00,20-Aug-2026,1,INE528S07110
ECLERX,EQ,1835,1840.8,1797,1804.8,1806,1832.9,158765,288370115.70,20-Aug-2026,21279,INE738I01010
ECORECO,EQ,469.9,473.8,460,461.25,465,458.75,6674,3101729.05,20-Aug-2026,552,INE316A01038
ECOLINE,ST,180,185,177.1,182.05,185,184,16000,2897300.00,20-Aug-2026,10,INE0VBS01016
ECOSMOBLTY,BE,112.45,114.75,111.5,112.31,112,112.45,67281,7603866.62,20-Aug-2026,486,INE06HJ01020
BBETF0432,EQ,1356.86,1356.87,1349,1350.36,1349,1357.42,1899,2568446.41,20-Aug-2026,52,INF754K01OB1
EBANK10,EQ,17.25,17.9,16.75,17.1,17.2,17.08,1157,19606.90,20-Aug-2026,26,INF754K01XH9
EBANKNIFTY,EQ,58.07,58.4,58.07,58.13,58.13,57.93,607,35311.57,20-Aug-2026,21,INF754K01TE4
EBBETF0430,EQ,1617.87,1617.88,1610.4,1610.79,1610.5,1613.51,7628,12302432.85,20-Aug-2026,320,INF754K01KO2
EBBETF0431,EQ,1448.88,1448.88,1440.1,1442.56,1441,1443.17,5630,8116248.53,20-Aug-2026,66,INF754K01LE1
EBBETF0433,EQ,1321.36,1322.29,1315.01,1317.95,1317.96,1316.42,1766,2328485.70,20-Aug-2026,56,INF754K01QX0
ECAPINSURE,EQ,23.88,24.2,23.87,24.18,24.08,23.8,69682,1676993.74,20-Aug-2026,224,INF754K01TX4
EGOLD,EQ,154.2,156.1,154.2,155.8,155.05,151.95,33084,5153178.25,20-Aug-2026,459,INF754K01SE6
ELIQUID,EQ,1044.36,1044.36,1044.34,1044.36,1044.36,1044.21,12428,12979205.07,20-Aug-2026,19,INF754K01VW2
ELM250,EQ,16.8,17.11,16.75,16.87,16.88,16.75,307563,5188845.59,20-Aug-2026,270,INF754K01VV4
ELMDIV,EQ,36.85,37.53,36.75,36.78,36.75,36.49,1535,56791.46,20-Aug-2026,22,INF754K01XI7
EMETAL,EQ,13,13.15,12.96,12.97,13.07,12.97,23729,309681.77,20-Aug-2026,41,INF754K01XG1
EMULTIMQ,EQ,41.82,42.31,41.55,41.72,41.56,41.82,40709,1713763.56,20-Aug-2026,124,INF754K01TF1
ENEXT50,EQ,75,75,73.83,74.19,74.16,75,680,50425.77,20-Aug-2026,23,INF754K01XF3
ENIFTY,EQ,24.33,24.5,24.33,24.38,24.47,24.28,1100,26858.26,20-Aug-2026,57,INF754K01VX0
ESENSEX,EQ,77.91,77.91,77.91,77.91,77.91,77.68,150,11686.50,20-Aug-2026,1,INF754K01VY8
ESILVER,EQ,232,236.6,232,235.29,234.92,226.44,95809,22559202.61,20-Aug-2026,4195,INF754K01SF3
EDELWEISS,EQ,122.76,130.4,122.76,126.62,126.49,122.27,11818085,1514026491.68,20-Aug-2026,74708,INE532F01054
EFCIL,EQ,184.8,191.49,184,190.66,189.1,184.89,309139,58386671.69,20-Aug-2026,4462,INE886D01026
EFFWA,ST,350.45,352,350,350.2,350.2,350,18000,6319060.00,20-Aug-2026,18,INE0U9101019
EICHERMOT,EQ,8047,8097.5,7983,8042,8042,7990.5,323672,2606291095.50,20-Aug-2026,43868,INE066A01021
EIDPARRY,EQ,793.8,814.85,787.55,810.25,811,787.05,2199690,1767358269.20,20-Aug-2026,68103,INE126A01031
EIHAHOTELS,EQ,296.2,300.4,294,294.65,294,294.4,12346,3654312.95,20-Aug-2026,712,INE276C01014
EIHOTEL,EQ,298.35,302.95,298,299.9,301.95,297.65,111627,33558136.90,20-Aug-2026,5285,INE230A01023
EIMCOELECO,EQ,2198,2257.5,2124.2,2180,2175,2170.8,66761,145750016.50,20-Aug-2026,7934,INE158B01016
EKI,EQ,82.49,82.5,78,78.19,78.8,79.82,11068,874628.18,20-Aug-2026,340,INE0CPR01018
ELANTAS,EQ,11720.5,11999,11523,11599.5,11744.5,11600.5,2603,30647330.00,20-Aug-2026,1671,INE280B01018
ELCIDIN,EQ,109000,109100,109000,109000,109000,108465,4,436100.00,20-Aug-2026,4,INE927X01018
ELDEHSG,EQ,821,838.2,809,823.3,834,828.45,2150,1773402.60,20-Aug-2026,112,INE668G01021
ELECON,EQ,430.95,457,430.05,451.7,452.2,428.85,900303,403198099.80,20-Aug-2026,25265,INE205B01031
EFORCE,SM,21,22.3,21,22.1,22.1,21,7200,155280.00,20-Aug-2026,5,INE0Q1W01012
EMIL,EQ,192.95,194,188.5,191.06,189.99,191.24,1422548,272753193.29,20-Aug-2026,24017,INE02YR01019
ELECTCAST,EQ,71.95,72.99,71.51,71.89,72,71.76,602611,43522221.30,20-Aug-2026,7670,INE086A01029
ELECTHERM,EQ,1033.9,1053.8,1003,1012.9,1025,1033.9,8554,8807320.20,20-Aug-2026,485,INE822G01016
ELGNZ,SM,86.1,88.8,84,84.6,84.4,86,28000,2380900.00,20-Aug-2026,28,INE0R9101015
ELGIEQUIP,EQ,644,644,629.15,632.45,632,637.8,802720,508964882.45,20-Aug-2026,28886,INE285A01027
ELGIRUBCO,EQ,57.74,60.5,56.98,59.2,60.25,57.05,40394,2353149.63,20-Aug-2026,796,INE819L01012
ELIN,EQ,99.21,101.2,99,99.62,99,99.65,65245,6530831.59,20-Aug-2026,1240,INE050401020
ELITECON,EQ,16.97,17.22,16.7,16.79,16.7,16.85,1793355,30416958.93,20-Aug-2026,2627,INE669R01026
ELLEN,EQ,336,338.2,319.8,324.35,324,328.5,406512,134019450.35,20-Aug-2026,9383,INE236E01022
ELPROINTL,EQ,175.81,176.8,175,176.44,175.21,175.1,33053,5807717.60,20-Aug-2026,148,INE579B01039
EMAPARTNER,SM,85.9,85.9,84.2,84.2,84.2,83.5,2000,170100.00,20-Aug-2026,2,INE0ZOL01023
EMAMILTD,EQ,401.1,413,400.65,407.4,406.3,400.6,1301558,530570235.70,20-Aug-2026,34631,INE548C01032
EMAMIPAP,BE,114,114.85,111,114.56,113.5,113.73,29290,3341986.72,20-Aug-2026,200,INE830C01026
EMAMIREAL,EQ,71.25,73.38,71.1,71.46,71.98,71.06,9172,658778.05,20-Aug-2026,66,INE778K01012
EMBDL,EQ,62.29,63.5,62.29,63.08,63.01,62.29,1425950,89852492.70,20-Aug-2026,7344,INE069I01010
EMBASSY,RR,435.5,436.99,432.21,435.24,435.01,435.68,889073,386694057.56,20-Aug-2026,34639,INE041025011
EMCURE,EQ,1909,1926.4,1878,1881.4,1880.8,1891,126940,240572353.40,20-Aug-2026,13407,INE168P01015
EMKAY,EQ,240.19,243.92,236.6,239.09,241,240.19,12526,2991505.67,20-Aug-2026,569,INE296H01011
EMKAYTOOLS,SM,91.8,94.7,91.8,93,93,89,1950,182160.00,20-Aug-2026,11,INE332S01011
ETL,SM,1005,1015,1005,1015,1015,981.95,450,454500.00,20-Aug-2026,3,INE0PXC01024
EMMBI,BE,81.57,83.99,81.57,83.14,83.19,81.97,1945,160145.25,20-Aug-2026,43,INE753K01015
EMMVEE,EQ,326.9,339.6,324.1,325.6,326.5,316.95,7476809,2480798491.60,20-Aug-2026,85105,INE1C6T01020
EMPIND,EQ,1186,1234,1178,1182.9,1190,1173.3,3879,4641265.00,20-Aug-2026,416,INE515H01014
EMPOWER,EQ,2.28,2.31,2.22,2.3,2.3,2.23,3245966,7352809.22,20-Aug-2026,1654,INE507F01023
EMSLIMITED,EQ,409,413.05,398.8,405,402.35,394.95,1731215,703615570.15,20-Aug-2026,28145,INE0OV601013
EMUDHRA,EQ,558.95,563,539.05,550,545.9,545.2,166554,92089799.30,20-Aug-2026,8018,INE01QM01018
ENCOMPAS,SM,243,246.45,235.05,242.4,244.75,241.5,12400,3032840.00,20-Aug-2026,19,INE433T01015
ENDURANCE,EQ,2992,3025,2976.4,3001.7,2999.6,2988.6,143442,430370236.50,20-Aug-2026,17048,INE913H01037
ENERGYDEV,EQ,16.45,16.75,16.3,16.5,16.69,16.45,21059,346211.70,20-Aug-2026,189,INE306C01019
EMMIL,SM,119.2,125,119.2,124,124,124.15,4500,554675.00,20-Aug-2026,16,INE0S1L01013
ENGINERSIN,EQ,237.49,240.6,235.34,237.21,236.2,236.9,1205398,286503153.13,20-Aug-2026,18488,INE510A01028
ENKEIWHEL,EQ,409.95,416.9,402,402.85,403,415.65,2199,887591.70,20-Aug-2026,105,INE130L01014
ENSER,SM,15.3,15.5,14.2,15.1,15.35,15.15,70000,1059000.00,20-Aug-2026,14,INE0R9I01021
ENTERO,EQ,1388.5,1416.9,1388.5,1408.4,1408.2,1386.8,59397,83463659.20,20-Aug-2026,7991,INE010601016
ENIL,EQ,103.99,103.99,101,101.6,101.6,101.49,23930,2425204.12,20-Aug-2026,579,INE265F01028
EIEL,EQ,197.94,201.48,197.94,199.01,199.8,196.12,504822,100956386.48,20-Aug-2026,8012,INE0LLY01014
ENVIRO,SM,74,74.95,73.05,73.2,73.1,73.3,15000,1102900.00,20-Aug-2026,15,INE0SUH01015
EPACK,EQ,208,208.66,202.05,203.06,204.25,206.14,565976,115920873.90,20-Aug-2026,7514,INE0G5901015
EPACKPEB,EQ,226.85,235,223.15,232.9,232.4,223.05,876912,202010994.10,20-Aug-2026,14654,INE0MLS01022
EPIGRAL,EQ,1087,1159,1087,1120.5,1119.3,1082.2,240958,273333307.50,20-Aug-2026,14210,INE071N01016
EPL,EQ,252,273,251,270.1,269,250.8,6480002,1712024907.51,20-Aug-2026,113193,INE255A01020
EEPL,SM,143.5,144.5,136.05,136.65,136.05,142.55,81000,11231900.00,20-Aug-2026,68,INE11HF01010
EPWINDIA,ST,248.85,248.85,248.85,248.85,248.85,237,1200,298620.00,20-Aug-2026,1,INE1KEC01023
EQUIPPP,BE,23.4,24,22.51,23.93,24,23.39,21473,513132.48,20-Aug-2026,41,INE217G01035
EQUITASBNK,EQ,75,78.8,74.92,76.99,77,74.69,3665571,283829764.09,20-Aug-2026,20817,INE063P01018
ERIS,EQ,1350,1351.3,1322.6,1326,1325.1,1348.3,80602,107640392.00,20-Aug-2026,18840,INE406M01024
ESABINDIA,EQ,6157,6241,6051.5,6154,6170,6057.5,6715,41076152.50,20-Aug-2026,1824,INE284A01012
ESAFSFB,BE,42,43.89,41.65,43.27,43.45,41.92,1506844,64689032.09,20-Aug-2026,3117,INE818W01011
ESCONET,SM,165,187.35,165,187.35,187.35,170.35,103600,19185120.00,20-Aug-2026,168,INE0RQZ01017
ESCORTS,EQ,3059.6,3110,3059,3092.1,3100,3054.9,76434,235883987.90,20-Aug-2026,10988,INE042A01014
113ESFB31,N0,101000,101000,101000,101000,101000,101000,2,202000.00,20-Aug-2026,2,INE818W08149
ESPRIT,SM,67,67,67,67,67,68,1600,107200.00,20-Aug-2026,1,INE0SBP01018
ESSARSHPNG,EQ,15.76,16.2,15.76,15.9,15.97,15.81,176963,2822580.66,20-Aug-2026,880,INE122M01019
ESFL,SM,127.7,128.7,125,125.95,125,127,16560,2104560.00,20-Aug-2026,37,INE0ITO01014
ESTER,EQ,97.85,97.85,95.1,96.16,96,96.08,73870,7128748.05,20-Aug-2026,1177,INE778B01029
ETERNAL,EQ,323.85,328.5,321.35,327.95,327.95,320,36661268,11989629322.25,20-Aug-2026,251891,INE758T01015
ETHOSLTD,EQ,2905,2919.9,2849.1,2867.6,2850,2899.9,27807,80130080.20,20-Aug-2026,7321,INE04TZ01018
EUREKAFORB,EQ,426.6,426.6,415.1,416.2,418,419.85,205550,86468428.20,20-Aug-2026,10004,INE0KCE01017
EIFFL,BE,251.2,255.95,250,251.8,250.5,256.3,2435,612163.45,20-Aug-2026,72,INE546V01010
EUROBOND,EQ,159,159.88,154.3,158.25,158,157.35,3333,526602.69,20-Aug-2026,87,INE505V01016
EUROPRATIK,EQ,267.15,271.9,265,265.75,266.8,268.15,140925,37824160.75,20-Aug-2026,3627,INE198501012
EVEREADY,EQ,357.4,358.75,352.05,355.05,354,357.15,73097,26006899.10,20-Aug-2026,1986,INE128A01029
EVERESTIND,BE,430,444,430,437.95,438.45,427.7,3872,1689628.25,20-Aug-2026,117,INE295A01018
EKC,EQ,111.3,114.39,111,112.8,112.33,111.93,164179,18479448.21,20-Aug-2026,2129,INE184H01027
EXCELINDUS,EQ,1133.25,1139.5,1096,1114.5,1114.95,1133.25,106521,118249661.15,20-Aug-2026,7960,INE369A01029
EXCELSOFT,EQ,72.37,72.77,70.31,70.88,71.22,71.09,755532,53979303.62,20-Aug-2026,7030,INE606N01019
EXICOM,EQ,160.5,162.39,156.01,157.03,157.89,155.71,1064473,169900237.65,20-Aug-2026,12363,INE777F01014
EXIDEIND,EQ,464.9,467.95,457.05,464.1,462,459.5,2283813,1057615109.90,20-Aug-2026,47321,INE302A01020
EXPLEOSOL,EQ,892.95,899.15,877,883.15,882.3,887.05,32605,28874091.55,20-Aug-2026,2449,INE201K01015
EXXARO,EQ,6.2,6.2,6,6.04,6.12,6.1,121565,738679.13,20-Aug-2026,276,INE0GFE01026
FABTECH,EQ,147.1,149.82,146,146.33,148,145.48,198234,29378281.72,20-Aug-2026,1861,INE0HF201011
FACT,EQ,794.5,797.65,771,772.95,772,787.15,110822,86893860.20,20-Aug-2026,8143,INE188A01015
FAIRCHEMOR,BE,647.05,647.05,647.05,647.05,647.05,660.25,3748,2425143.40,20-Aug-2026,93,INE0DNW01011
FALCONTECH,SM,12.2,12.85,12.2,12.85,12.85,12.45,2400,30060.00,20-Aug-2026,2,INE0PQK01013
FAZE3Q,EQ,489,506.95,486.6,490.7,490.05,488.95,72508,35645344.25,20-Aug-2026,1766,INE963C01033
FCSSOFT,EQ,1.48,1.5,1.46,1.46,1.46,1.47,1305745,1932540.58,20-Aug-2026,856,INE512B01022
FDC,EQ,346.35,351.35,346.35,350.15,350.9,344.7,85687,29942504.45,20-Aug-2026,4676,INE258B01022
FEDFINA,EQ,150.44,154.85,150.44,154.03,154,149.8,1343074,206079683.57,20-Aug-2026,14039,INE007N01010
FEDDERSHOL,EQ,40.48,40.8,39.95,40.2,40.5,39.9,48921,1966300.44,20-Aug-2026,452,INE417D01020
FEDERALBNK,EQ,361.9,364.2,355.3,355.3,355.3,358.8,4349435,1566863073.35,20-Aug-2026,52994,INE171A01029
FMGOETZE,EQ,471.65,480.45,464.1,474,474.75,471.65,44409,21005812.05,20-Aug-2026,1454,INE529A01010
FELIX,SM,184,185.45,180.5,181.65,183.5,183.65,32000,5820900.00,20-Aug-2026,55,INE901X01013
FERMENTA,EQ,456.1,465,454.5,460.1,464.1,456.1,39498,18175899.10,20-Aug-2026,2074,INE225B01021
FIBERWEB,EQ,27.29,27.29,25.5,26.11,26.09,26.43,98363,2581481.18,20-Aug-2026,448,INE296C01020
FIDEL,SM,136.9,136.9,134,134,134,133.6,4000,541800.00,20-Aug-2026,4,INE0LQQ01019
FIEMIND,EQ,2242,2253.5,2187,2190.6,2190.2,2241,113025,249468246.00,20-Aug-2026,12604,INE737H01014
FILATFASH,EQ,0.18,0.19,0.17,0.18,0.19,0.18,64582811,11690098.52,20-Aug-2026,2310,INE185E01021
FILATEX,EQ,83.82,83.94,81.1,81.51,81.5,83.15,1202243,98980022.08,20-Aug-2026,5906,INE816B01035
FINBUD,SM,141.5,142,137.5,139,139,139,9000,1261800.00,20-Aug-2026,8,INE0EDU01014
FINEORG,EQ,5130.1,5387.5,5058.6,5066.2,5065,5130.1,73574,381064288.70,20-Aug-2026,21285,INE686Y01026
FCL,EQ,45.1,45.48,43.21,43.55,43.33,44.98,9825095,432645810.05,20-Aug-2026,22277,INE045J01034
FINKURVE,EQ,72.4,77.91,72.05,76.32,75.92,71.36,244731,18506842.68,20-Aug-2026,1841,INE734I01027
FINOPB,EQ,148,149.66,145.25,146.16,146.5,147.03,169628,24979020.05,20-Aug-2026,2430,INE02NC01014
FINCABLES,EQ,1313.7,1331,1250,1291.2,1287,1313.7,513137,670818556.05,20-Aug-2026,22025,INE235A01022
FINPIPE,EQ,158.98,159.29,158,158.61,158.4,158.26,263509,41800290.73,20-Aug-2026,14158,INE183A01024
FSL,EQ,275.75,277.75,271.1,272.25,272.05,273.05,1163379,319615453.45,20-Aug-2026,20529,INE684F01012
FISCHER,EQ,39.5,39.7,38.5,38.95,39.15,38.96,586697,23010679.47,20-Aug-2026,2957,INE771F01041
FIVESTAR,EQ,520,533,520,527.45,529,521.25,336607,178004800.65,20-Aug-2026,21494,INE128S01021
FLAIR,EQ,248.9,254,248.85,253,254,248.95,69352,17455796.00,20-Aug-2026,1179,INE00Y201027
FLEXITUFF,BE,2.81,2.81,2.71,2.75,2.79,2.81,105874,290999.94,20-Aug-2026,137,INE060J01017
FLYSBS,SM,579.1,594,569.5,574.95,575,579.1,140000,80855130.00,20-Aug-2026,451,INE0VCK01011
FWSTC,SM,191,192.1,190.5,190.5,190.5,193,48000,9182700.00,20-Aug-2026,3,INE0SQZ01015
FOCUS,BE,68.01,71.01,67.5,70.02,69.85,67.63,59526,4163124.80,20-Aug-2026,366,INE593W01028
FONEBOX,SM,99.55,99.75,99.55,99.65,99.75,95,3000,298900.00,20-Aug-2026,3,INE0Q4701019
FOODSIN,EQ,54.75,55.4,53.56,54.96,55.39,53.86,171401,9353277.54,20-Aug-2026,879,INE976E01023
FORCAS,ST,216,216,205,205.4,205,211.05,24000,5067360.00,20-Aug-2026,15,INE0U2501017
FORCEMOT,EQ,17951,18149,17815,17885,17885,17837,43534,782153788.00,20-Aug-2026,14317,INE451A01017
FORGEAUTO,SM,100.7,100.8,100.7,100.7,100.7,106,20400,2054400.00,20-Aug-2026,17,INE0YKW01013
FORTIS,EQ,915,920.95,911.05,916.8,916.8,911.3,654971,600464613.45,20-Aug-2026,22508,INE061F01013
FOSECOIND,EQ,5473,5730,5431,5506,5500,5467,10733,59054766.50,20-Aug-2026,2313,INE519A01011
FRACTAL,EQ,835,873.9,834.5,855.25,856.5,834.2,507096,435885988.60,20-Aug-2026,22430,INE212S01015
IF3GPD,MF,2.1,2.1,2.1,2.1,2.1,1.95,1,2.10,20-Aug-2026,1,INF090I01WB7
FREDUN,EQ,1422.7,1499,1422.7,1471.8,1461,1428,19545,28682780.40,20-Aug-2026,1898,INE194R01017
FRESHARA,ST,370.5,388.95,370.5,388.95,388.95,370.45,71400,27193080.00,20-Aug-2026,81,INE0SFW01015
FROG,ST,211,211.75,211,211.6,211.6,211.6,3600,761940.00,20-Aug-2026,9,INE385O01018
FRONTSP,EQ,1310,1310,1279.4,1293.8,1294,1281.4,10736,13848844.40,20-Aug-2026,1286,INE572D01014
NYKAA,EQ,329.95,332.45,325.4,330.35,330.35,327.35,6631141,2189307603.60,20-Aug-2026,49176,INE388Y01029
UTLSOLAR,EQ,489.5,494.25,468,477.5,475.4,483.95,383781,183868385.30,20-Aug-2026,17841,INE12UR01024
FUSION,EQ,195,206.49,193.24,203.32,203.5,192.08,864777,174795663.66,20-Aug-2026,15818,INE139R01012
FLFL,BZ,1.15,1.19,1.11,1.17,1.17,1.15,37587,43131.65,20-Aug-2026,90,INE452O01016
FEL,BZ,0.42,0.42,0.4,0.4,0.4,0.41,243489,98457.41,20-Aug-2026,145,INE623B01027
FELDVR,BZ,2.43,2.43,2.3,2.39,2.4,2.32,14381,34505.03,20-Aug-2026,20,IN9623B01058
FMNL,BE,8.75,8.85,8.3,8.49,8.5,8.51,39845,341061.30,20-Aug-2026,80,INE360L01017
GMBREW,EQ,877.85,886,877.55,883.2,884.9,873.5,17059,15055727.40,20-Aug-2026,1268,INE075D01018
GRINFRA,EQ,882.75,888,876.6,884,883.95,883.3,7641,6746548.95,20-Aug-2026,1263,INE201P01022
GTECJAINX,BE,28.99,29.2,27.58,29,29,29,2240,63026.93,20-Aug-2026,29,INE586X01012
GABRIEL,EQ,1450,1475,1426.2,1436.8,1429.9,1438.6,128573,186991001.90,20-Aug-2026,11317,INE524A01029
GATECH,BE,0.87,0.87,0.86,0.87,0.87,0.83,28111712,24448553.39,20-Aug-2026,4322,INE224E01028
GATECHDVR,BE,0.53,0.53,0.51,0.52,0.52,0.51,409410,216533.10,20-Aug-2026,238,INE224E01036
GAIL,EQ,172.5,173.59,172.06,172.5,172.5,172.5,3895715,672476898.47,20-Aug-2026,39861,INE129A01019
GAJANAND,SM,8,8,8,8,8,8,3000,24000.00,20-Aug-2026,1,INE0QTE01018
GALAPREC,EQ,1032.9,1040.9,1004,1029.6,1036,1017.6,35781,36539828.40,20-Aug-2026,2780,INE0RE001014
GALAXYSURF,EQ,2392,2416.7,2295,2318.2,2315.4,2361.3,63878,149408207.60,20-Aug-2026,8333,INE600K01018
GALLANTT,EQ,585,595,577.55,582.4,582,575.7,50154,29369126.75,20-Aug-2026,5366,INE297H01019
GANDHAR,EQ,252.5,255.79,246.3,254.09,254.8,250.15,963327,241131676.84,20-Aug-2026,16829,INE717W01049
GANDHITUBE,EQ,886,908.2,886,894.95,894,886.6,7506,6701849.60,20-Aug-2026,612,INE524B01027
GANESHBE,BE,114.6,118.06,113.03,118.06,118.06,112.44,116981,13627128.52,20-Aug-2026,372,INE388A01029
GANESHCP,EQ,165.99,165.99,161.95,162.35,162,164.02,92665,15125240.61,20-Aug-2026,1342,INE652V01016
GGBL,SM,244.8,248,236,238.95,239.95,240.85,24600,5904240.00,20-Aug-2026,69,INE0R8C01018
GANESHHOU,EQ,825.9,835,819.3,826.8,828,825.9,18320,15150530.10,20-Aug-2026,1321,INE460C01014
GANESHIN,ST,114.8,116.95,113,113.75,113.75,114.8,24000,2755440.00,20-Aug-2026,23,INE0TVT01024
GANECOS,EQ,1081.4,1107,1063.3,1095.5,1087.1,1065.9,87773,95231291.90,20-Aug-2026,7855,INE845D01014
GANGABATH,SM,22.7,22.7,22,22.55,22.55,21.95,12000,268050.00,20-Aug-2026,4,INE0ZI101018
GANGAFORGE,EQ,2.15,2.15,2.15,2.15,2.15,2.26,968342,2081935.30,20-Aug-2026,844,INE691Z01023
GANGESSECU,EQ,123.9,123.9,120.1,122.07,121.1,118.98,6826,832591.42,20-Aug-2026,74,INE335W01016
GRSE,EQ,2651,2655.6,2612,2617.8,2616.5,2638.3,279800,735825462.90,20-Aug-2026,18746,INE382Z01011
GARUDA,EQ,181.5,184.77,181.1,182.25,183.18,180.78,248706,45365555.12,20-Aug-2026,3498,INE0JVO01026
GRWRHITECH,EQ,7060,7130,7031.5,7109.5,7120,7080.5,23070,163612956.00,20-Aug-2026,6321,INE291A01017
GARFIBRES,EQ,760,776.05,751.2,760.25,767.9,759.85,45144,34520563.20,20-Aug-2026,6346,INE276A01018
GATEWAY,EQ,54.55,55.63,54.05,55.1,54.6,54.43,959261,52582587.98,20-Aug-2026,12452,INE079J01017
GAUDIUMIVF,BE,113.68,113.68,113.68,113.68,113.68,116,49006,5571002.08,20-Aug-2026,299,INE0P8B01020
GAYAHWS,EQ,1.98,2,1.88,1.92,1.92,1.93,274240,527115.14,20-Aug-2026,284,INE287Z01012
GAYAPROJ,BE,21.59,21.8,20.66,20.77,20.75,21.59,325159,6845594.00,20-Aug-2026,1246,INE336H01023
GRCL,SM,505.95,505.95,505.95,505.95,505.95,505.95,750,379462.50,20-Aug-2026,2,INE0LVM01018
GVPIL,EQ,690.05,698.95,663,666.7,665.5,685,273811,185321760.95,20-Aug-2026,12193,INE878A01011
GVT&D,EQ,4140,4143,4050.1,4050.1,4050.1,4100,992560,4046863823.60,20-Aug-2026,62359,INE200A01026
GEECEE,BE,375.95,375.95,368.5,368.85,369,370.85,3069,1137819.75,20-Aug-2026,22,INE916G01016
GEEKAYWIRE,EQ,22.62,23.23,22.18,22.31,22.3,22.62,160106,3608983.81,20-Aug-2026,2176,INE669X01032
GEMAROMA,EQ,178.44,182,176.2,177.39,179.5,175.55,75965,13577078.50,20-Aug-2026,1405,INE06XZ01023
GICRE,EQ,361.5,363,358.4,359.8,359.9,359.6,675306,243241415.10,20-Aug-2026,16704,INE481Y01014
GENCON,EQ,39.06,42.9,38.25,41.06,40.93,38.39,433879,17525380.96,20-Aug-2026,2721,INE854S01022
GENESYS,EQ,182.2,187.3,180,183.55,183.6,182.45,267467,49431382.35,20-Aug-2026,5920,INE727B01026
GENSOL,BZ,18.7,19.16,18.22,18.22,18.22,19.17,100725,1848795.70,20-Aug-2026,859,INE06H201014
GENUSPAPER,EQ,11.43,11.7,11.22,11.32,11.3,11.43,42860,490521.69,20-Aug-2026,310,INE949P01018
GENUSPOWER,EQ,310.9,340.9,310.9,334.25,336.7,309.3,16393463,5460022688.25,20-Aug-2026,171739,INE955D01029
GENXAI,SM,77.9,79.45,77.15,79.45,79.45,78,6000,470280.00,20-Aug-2026,5,INE1W0N01014
GEOJITFSL,EQ,79.86,82.9,79.8,80.79,81,80.01,378872,30926676.66,20-Aug-2026,3460,INE007B01023
GFLLIMITED,EQ,57.95,57.95,55,56.38,56.4,56.76,236111,13277471.64,20-Aug-2026,2954,INE538A01037
GHCL,EQ,438.7,444.3,437,443.15,442,438.7,121421,53552011.40,20-Aug-2026,6282,INE539A01019
GHCLTEXTIL,EQ,129.44,129.44,122.5,123.77,123,126.4,453721,56818560.84,20-Aug-2026,6595,INE0PA801013
GICHSGFIN,EQ,137.5,138.26,137.1,137.64,137.95,137.25,58018,7989081.66,20-Aug-2026,1171,INE289B01019
GILLANDERS,EQ,90,95.9,90,94.61,95,89.05,24790,2313734.99,20-Aug-2026,227,INE047B01011
GILLETTE,EQ,7530,7582.5,7456,7512,7520,7505,14426,108287280.50,20-Aug-2026,4939,INE322A01010
GINNIFILA,BE,44.9,46,44,45.51,45.5,44.42,40128,1816134.08,20-Aug-2026,141,INE424C01010
GIRIRAJ,SM,79.55,79.55,79.55,79.55,79.55,75.8,1000,79550.00,20-Aug-2026,4,INE614Z01017
GKENERGY,EQ,122.9,124.61,122,123.99,123.66,122.13,273067,33675495.81,20-Aug-2026,5569,INE1AG301022
GKB,EQ,61.75,61.75,61.75,61.75,61.75,60.9,10,617.50,20-Aug-2026,1,INE265D01015
GKWLIMITED,EQ,1628,1628,1610,1610.2,1610,1604,238,384444.20,20-Aug-2026,19,INE528A01020
GLAND,EQ,2857.8,2869.8,2811,2820,2848,2841.3,563338,1590978653.70,20-Aug-2026,35499,INE068V01023
GLAXO,EQ,3020,3049.4,2982.6,2999.7,3005,3032.4,304052,913292009.60,20-Aug-2026,29753,INE159A01016
GLENMARK,EQ,2264,2342,2252.1,2332.9,2332.9,2246.5,552157,1276707415.30,20-Aug-2026,35182,INE935A01035
GLOBAL,EQ,107,107.5,105,106.29,107.5,107.58,26366,2801141.48,20-Aug-2026,665,INE291W01037
MEDANTA,EQ,1420,1429.6,1401,1408.2,1410,1417.2,120892,170702975.70,20-Aug-2026,12449,INE474Q01031
GSLSU,EQ,38.35,38.35,34.78,34.78,34.93,36.61,113525,4021622.19,20-Aug-2026,747,INE0JSX01015
GLOBALVECT,EQ,149.02,151.79,147.32,149.37,149.98,149.02,3267,488879.09,20-Aug-2026,192,INE792H01019
GLOBALE,EQ,11.5,11.94,11.15,11.6,11.6,11.45,3127,35571.95,20-Aug-2026,16,INE0URU01010
GLOBECIVIL,EQ,45.46,45.46,41.5,42.34,42.4,44.97,102837,4440179.93,20-Aug-2026,888,INE0V3U01015
GLOBE,EQ,1.98,2.02,1.98,2,2,1.99,271164,541760.25,20-Aug-2026,211,INE581X01021
GICL,EQ,24.49,24.49,23.73,23.99,24.26,23.99,215889,5183770.45,20-Aug-2026,472,INE947T01022
GSTL,SM,13.95,13.95,13.9,13.9,13.9,14.6,6000,83450.00,20-Aug-2026,6,INE00WS01056
GLOBUSSPR,EQ,910.05,915.9,900,905.1,905.75,905.2,61994,56115468.60,20-Aug-2026,5923,INE615I01010
GLOSTERLTD,EQ,596,602.1,588,591.35,592,596,3191,1887894.40,20-Aug-2026,291,INE350Z01018
GLOTTIS,BE,65.39,66.35,65.2,66.01,66.01,65.39,25936,1712549.78,20-Aug-2026,225,INE0TQE01026
GMMPFAUDLR,EQ,1030,1031.2,1014,1018.2,1015,1019.85,96998,99073835.00,20-Aug-2026,6052,INE541A01023
GMRAIRPORT,EQ,103.02,103.38,100.41,100.41,100.41,102.5,7419821,753160657.98,20-Aug-2026,27414,INE776C01039
GMRP&UI,EQ,97.5,99.44,97.24,98.56,97.56,98.67,1103564,108480121.26,20-Aug-2026,16767,INE0CU601026
GNA,EQ,572.05,580,556.35,566.15,560,577.15,391082,223306526.30,20-Aug-2026,12455,INE934S01014
EBGNG,EQ,594,634.5,589.15,624.75,624.75,588.4,1449004,902984335.85,20-Aug-2026,38386,INE18JU01028
GODIGIT,EQ,252.5,259.85,252.5,256.7,256.5,252.05,228758,58771939.05,20-Aug-2026,6673,INE03JT01014
GOCOLORS,EQ,335,338.15,328.3,330.15,331.95,333.6,81230,26979063.00,20-Aug-2026,2160,INE0BJS01011
GOACARBON,EQ,355.65,359.55,351.05,353.45,356,355.65,7746,2754053.60,20-Aug-2026,490,INE426D01013
GOCLCORP,EQ,398,403.45,397.5,398.25,399.4,398.55,32853,13140182.45,20-Aug-2026,1605,INE077F01035
GODAVARIB,EQ,247.15,252.15,245,245.8,246.95,247.15,122156,30164284.90,20-Aug-2026,2782,INE497S01012
GPIL,EQ,246.51,249.1,244.72,247.88,247.71,246.1,1275437,315219907.24,20-Aug-2026,17202,INE177H01039
GODFRYPHLP,EQ,2127.4,2163.8,2095,2103.1,2103.1,2117.6,351124,746545209.50,20-Aug-2026,23046,INE260B01028
GODREJAGRO,EQ,579.9,584.95,572.05,581.65,583.75,573.35,162280,93841923.75,20-Aug-2026,11153,INE850D01014
GODREJCP,EQ,937,948,934,947,947,930,1961370,1849981436.90,20-Aug-2026,42307,INE102D01028
GODREJIND,EQ,1214.9,1243.9,1204.5,1223.4,1226.1,1218,179646,220317565.40,20-Aug-2026,8976,INE233A01035
GODREJPROP,EQ,2011,2041.9,2001.3,2020,2020,2007.3,285777,578304375.20,20-Aug-2026,16833,INE484J01027
620GS2029,GS,99,99.9,98.91,99.23,99.23,100,2969,294738.18,20-Aug-2026,18,IN0020260058
657GS2033A,GS,100,100,98.41,98.41,98.41,100,4600,452845.00,20-Aug-2026,4,IN0020260066
664GS2027,GS,102,102,102,102,102,101.25,200,20400.00,20-Aug-2026,2,IN0020240167
679GS2034A,GS,96,96,96,96,96,96.87,200,19200.00,20-Aug-2026,2,IN0020240159
709GS2074,GS,96.5,96.5,96.2,96.25,96.25,96.49,50383,4860352.28,20-Aug-2026,18,IN0020240142
574GS2026,GS,100.85,100.85,100.85,100.85,100.85,100.93,2,201.70,20-Aug-2026,1,IN0020210186
601GS2030,GS,98,98.21,98,98.21,98.21,98,199,19522.79,20-Aug-2026,2,IN0020250067
603GS2029,GS,103.68,103.68,103.68,103.68,103.68,98.75,1,103.68,20-Aug-2026,1,IN0020250125
610GS2031,GS,101,101,101,101,101,101.5,1,101.00,20-Aug-2026,1,IN0020210095
622GS2035,GS,98.95,98.95,98.95,98.95,98.95,96,1,98.95,20-Aug-2026,1,IN0020200245
628GS2032,GS,98.26,98.26,98.26,98.26,98.26,99,100,9826.00,20-Aug-2026,1,IN0020250059
633GS2035,GS,99,99,99,99,99,97.31,4600,455400.00,20-Aug-2026,1,IN0020250026
636GS2031,GS,100,102,99.99,101.24,99.99,100,502,50701.99,20-Aug-2026,6,IN0020250141
648GS2035,GS,99.31,99.31,99.31,99.31,99.31,100.75,14,1390.34,20-Aug-2026,1,IN0020250091
654GS2032,GS,99.51,99.51,99.51,99.51,99.51,99.5,1,99.51,20-Aug-2026,1,IN0020210244
667GS2050,GS,93,93,92.44,92.44,92.44,92.15,5592,516925.73,20-Aug-2026,12,IN0020200252
668GS2033,GS,99.55,99.7,99.55,99.62,99.62,99.9,2400,238971.00,20-Aug-2026,3,IN0020250133
668GS2040,GS,99.3,99.3,97.4,98.06,98.06,97.25,20150,1975918.42,20-Aug-2026,18,IN0020250042
676GS2061,GS,93.85,94.38,93.85,94.38,94.38,94,12824,1208989.06,20-Aug-2026,16,IN0020200401
68GS2060,GS,93.09,93.55,93.09,93.1,93.1,93.5,7058,657263.22,20-Aug-2026,25,IN0020200187
690GS2065,GS,94.5,94.7,94.5,94.69,94.69,94.8,1636,154729.17,20-Aug-2026,6,IN0020250018
695GS2061,GS,94.5,94.5,94,94,94,94.79,2601,244962.09,20-Aug-2026,11,IN0020210202
699GS2051,GS,96.6,96.6,94.48,96.25,96.25,96.6,9800,940264.00,20-Aug-2026,10,IN0020210194
702GS2027,GS,101.71,101.71,101.71,101.71,101.71,101.71,1,101.71,20-Aug-2026,1,IN0020240043
704GS2029,GS,102.46,102.47,102.46,102.47,102.47,102.01,175,17931.25,20-Aug-2026,2,IN0020240050
709GS2054,GS,97.49,97.49,97,97,97.19,96.7,7849,762249.71,20-Aug-2026,8,IN0020240118
71GS2034,GS,104,104.98,104,104.98,104.98,104.9,102,10609.86,20-Aug-2026,3,IN0020240019
717GS2030,GS,104,104.5,104,104.5,104.5,103.26,61450,6392909.00,20-Aug-2026,9,IN0020230036
718GS2037,GS,103,108.05,103,104.82,104.82,103.3,3677,378757.87,20-Aug-2026,6,IN0020230077
724GS2055,GS,98.65,98.7,98.19,98.2,98.19,98.65,70695,6951754.20,20-Aug-2026,79,IN0020250075
725GS2063,GS,99,99,98.15,98.15,98.15,98.5,791544,77708984.89,20-Aug-2026,351,IN0020230044
726GS2032,GS,107,107,107,107,107,106.5,100,10700.00,20-Aug-2026,1,IN0020220060
73GS2053,GS,100,100,100,100,100,100,1650,165000.00,20-Aug-2026,2,IN0020230051
733GS2026,GS,102,102,102,102,102,103.5,100,10200.00,20-Aug-2026,1,IN0020230119
734GS2064,GS,100.39,100.39,100.11,100.27,100.29,100.41,114929,11525085.21,20-Aug-2026,54,IN0020240035
736GS2052,GS,103.99,103.99,103.99,103.99,103.99,104,60,6239.40,20-Aug-2026,1,IN0020220086
737GS2028,GS,104.5,104.5,104.5,104.5,104.5,104.5,100,10450.00,20-Aug-2026,1,IN0020230101
74GS2062,GS,102.34,102.34,101.6,101.99,101.99,101.99,2741,279866.10,20-Aug-2026,9,IN0020220094
741GS2036,GS,105.4,106.75,105,106.65,106.75,105.49,38301,4043754.25,20-Aug-2026,16,IN0020220102
743GS2076,GS,101.5,101.5,100.5,100.5,100.5,100.99,99781,10033026.50,20-Aug-2026,35,IN0020250117
746GS2073,GS,101.74,101.74,100.85,101.44,101.45,101.35,757,76627.54,20-Aug-2026,7,IN0020230127
750GS2056,GS,102.72,103,101.1,102.9,102.9,102.72,3502,359047.17,20-Aug-2026,15,IN0020260017
754GS2036,GS,106.65,106.98,106.4,106.74,106.7,106.78,260665,27807939.12,20-Aug-2026,147,IN0020220029
771GS2066,GS,104.55,104.75,104,104.6,104,104.55,18168,1901573.90,20-Aug-2026,16,IN0020260033
619GS2034,GS,99.2,99.2,99.2,99.2,99.2,96.71,1,99.20,20-Aug-2026,1,IN0020200096
706GS2046,GS,107,107,107,107,107,106.99,1,107.00,20-Aug-2026,1,IN0020160068
710GS2029,GS,103.01,103.68,103.01,103.68,103.68,104.02,2379,245810.79,20-Aug-2026,4,IN0020220011
738GS2027,GS,102.25,102.45,102.25,102.28,102.28,102.18,25711,2629136.15,20-Aug-2026,11,IN0020220037
795GS2032,GS,112,112,112,112,112,109.5,500,56000.00,20-Aug-2026,1,IN0020020106
813GS2045,GS,113.99,113.99,113.99,113.99,113.99,113.99,1,113.99,20-Aug-2026,1,IN0020150044
824GS2027,GS,104,104,101.1,103,103,105.9,2923,301920.75,20-Aug-2026,6,IN0020060078
828GS2032,GS,107,107,107,107,107,110,2000,214000.00,20-Aug-2026,2,IN0020060086
883GS2041,GS,115.25,115.25,115.25,115.25,115.25,115.01,50,5762.50,20-Aug-2026,1,IN0020110063
897GS2030,GS,112,112.48,112,112.48,112.48,112,320,35969.60,20-Aug-2026,2,IN0020110055
92GS2030,GS,114.95,115.25,114.5,114.68,114.75,114.95,29611,3406638.55,20-Aug-2026,38,IN0020130053
182D180926,TB,98.86,99.05,98.86,99.05,99.05,98.86,200,19791.00,20-Aug-2026,2,IN002025Y503
182D191126,TB,97.57,98,97.57,97.78,98,97.22,1200,117342.00,20-Aug-2026,2,IN002026Y071
364D121126,TB,98.76,98.76,98.76,98.76,98.76,98.55,145000,14320200.00,20-Aug-2026,1,IN002025Z336
91D151026,TB,98.93,98.93,98.8,98.8,98.8,98.25,2800,276653.00,20-Aug-2026,6,IN002026X156
91D280826,TB,99.82,99.85,99.82,99.85,99.85,99.8,200,19967.00,20-Aug-2026,2,IN002026X081
91D291026,TB,98.45,98.45,98.45,98.45,98.45,98.45,300,29535.00,20-Aug-2026,2,IN002026X172
GOKEX,EQ,797.7,809.9,795,799.9,800.8,797.2,169085,135748887.10,20-Aug-2026,8307,INE887G01027
GOKULAGRO,EQ,246.3,257.99,241.6,243.69,242.6,243.02,4090016,1016079166.90,20-Aug-2026,55998,INE314T01033
GOKUL,EQ,39.82,40.98,39.82,40.43,40.55,40.12,156742,6352809.16,20-Aug-2026,1493,INE020J01029
GOLDENTOBC,BZ,24.56,25.49,24.5,25.33,25.33,24.56,1390,34216.42,20-Aug-2026,21,INE973A01010
GOLDIAM,EQ,366.1,370,361,363.15,363,363.7,413817,151564090.35,20-Aug-2026,8448,INE025B01025
GOLDKART,SM,81.7,81.7,81.7,81.7,81.7,86,1875,153187.50,20-Aug-2026,3,INE06MH01016
GOLDSTAR,SM,8.2,8.2,8.2,8.2,8.2,8.6,22500,184500.00,20-Aug-2026,2,INE405Y01021
GOODLUCK,EQ,1385,1477,1370,1439.4,1435.5,1363.3,723396,1044106806.70,20-Aug-2026,34204,INE127I01024
GOODYEAR,EQ,767.8,780,756.05,762.9,760.5,761.4,4513,3442274.55,20-Aug-2026,545,INE533A01012
GOPAL,EQ,289.7,289.7,279.55,282.75,281.2,288.45,228388,64462937.05,20-Aug-2026,6190,INE0L9R01028
GOYALALUM,EQ,6.31,6.49,6.31,6.42,6.43,6.35,39276,251568.62,20-Aug-2026,245,INE705X01026
GOYALSALT,SM,108.9,110,108.9,109.95,110,105.2,2400,262680.00,20-Aug-2026,4,INE0QFE01017
GPECO,ST,372,389.7,355,380.8,380,371.15,28600,10518730.00,20-Aug-2026,128,INE0S7E01015
GULFPETRO,BE,64.79,67.84,63.01,67.53,67.6,64.61,275742,18297337.77,20-Aug-2026,1114,INE586G01017
GPTHEALTH,EQ,153.98,154.19,151,151.41,151,154.06,107851,16440877.87,20-Aug-2026,3995,INE486R01017
GPTINFRA,EQ,112.5,116.03,111.35,112.87,112.91,113.03,139183,15662499.76,20-Aug-2026,1661,INE390G01014
GRADIENTE,EQ,2.95,2.97,2.83,2.9,2.92,2.86,1689207,4916749.55,20-Aug-2026,227,INE361K01017
GCHOTELS,ST,99,101.7,96.3,98.3,96.85,99.65,26400,2639310.00,20-Aug-2026,38,INE12E301017
GRANDOAK,EQ,37.04,37.99,35.92,36.25,37.8,37.81,15803,574608.90,20-Aug-2026,160,INE926B01016
GRANULES,EQ,841.7,859.65,838.15,841.6,845,841.15,421049,357728892.40,20-Aug-2026,21675,INE101D01020
GRAPHISAD,SM,27.75,27.75,27.25,27.5,27.5,27,4800,132000.00,20-Aug-2026,4,INE0POU01017
GRAPHITE,EQ,721.05,728.25,715,717.05,718.2,717.55,360563,259503853.10,20-Aug-2026,12686,INE371A01025
GRASIM,EQ,3280,3310,3250,3300,3300,3270,1182213,3875953205.50,20-Aug-2026,70742,INE047A01021
GRAUWEIL,EQ,66.66,67.98,66,66.25,66.95,66.59,195562,13059173.22,20-Aug-2026,5831,INE266D01021
GRAVISSHO,EQ,31.8,31.8,28.91,29.89,29.9,28.72,2777,85637.96,20-Aug-2026,31,INE214F01026
GRAVITA,EQ,1814,1832.8,1786.1,1792.8,1789.6,1793.1,174577,315838553.40,20-Aug-2026,16247,INE024L01027
GREAVESCOT,EQ,196.15,196.55,190.3,191,191,195.03,984850,189777373.83,20-Aug-2026,12678,INE224A01026
GREENCHEF,SM,51,51.8,49,51.8,51.8,50.3,12800,639680.00,20-Aug-2026,15,INE0O7P01015
GREENLAM,EQ,256.2,256.95,253,256.2,256.5,254.7,36365,9290575.00,20-Aug-2026,1093,INE544R01021
GREENLEAF,ST,120.8,121.8,120.8,121.8,121.8,116,10000,1214450.00,20-Aug-2026,9,INE0PLX01017
GREENPANEL,EQ,162.3,164.1,157.68,160.26,160.2,160.66,927002,148552570.03,20-Aug-2026,12268,INE08ZM01014
GREENPLY,EQ,282.95,287.6,281,287.15,287.6,283.9,71001,20245296.95,20-Aug-2026,2108,INE461C01038
GCSL,EQ,526.3,540.95,470,482.05,484.9,521.7,615899,310089202.65,20-Aug-2026,9297,INE199P01028
GRINDWELL,EQ,2053,2082.5,2052.5,2059.3,2061.3,2052.5,17398,35977948.80,20-Aug-2026,3993,INE536A01023
GRMOVER,EQ,88.25,89.1,86,86.53,86.1,88.79,1318507,114790267.93,20-Aug-2026,12850,INE192H01020
GJL,ST,232,234.9,232,234,234,225,2400,560720.00,20-Aug-2026,3,INE1TY801010
CEMNTGROWW,EQ,14.93,15.19,14.83,14.94,14.95,14.89,61089,909790.35,20-Aug-2026,376,INF666M01PH7
GROWWCAPM,EQ,11.26,11.47,11.26,11.42,11.44,11.26,882472,10071468.26,20-Aug-2026,805,INF666M01MM4
GROWWCHEM,EQ,30.45,30.73,30.15,30.26,30.21,30.44,108832,3306611.75,20-Aug-2026,282,INF666M01NP5
GROWWDEFNC,EQ,99.09,99.09,97.51,97.91,97.82,98.11,178862,17552865.96,20-Aug-2026,2693,INF666M01IO8
GROWWEV,EQ,33.7,34.08,33.6,33.84,33.87,33.69,215205,7293139.49,20-Aug-2026,1594,INF666M01IH2
GROWWGOLD,EQ,15.22,15.28,15.15,15.21,15.22,14.84,3645390,55487634.08,20-Aug-2026,3525,INF666M01OE7
GROWWHOSPI,EQ,52.84,52.84,51.81,51.88,52,52.19,515141,26771517.43,20-Aug-2026,1947,INF666M01OD9
GROWWLIQID,EQ,110.41,110.42,110.41,110.41,110.41,110.4,143693,15866075.84,20-Aug-2026,218,INF666M01IP5
GROWWLOVOL,EQ,10.56,10.56,10.43,10.46,10.48,10.44,16754,174972.10,20-Aug-2026,85,INF666M01LB9
GROWWMC150,EQ,233.76,236.38,233.76,236.25,236.25,232.56,1214,285034.71,20-Aug-2026,43,INF666M01MV5
GROWWMETAL,EQ,12.32,12.55,12.2,12.38,12.34,12.32,787343,9787022.03,20-Aug-2026,1739,INF666M01NI0
GROWWMOM50,EQ,11.19,11.19,10.92,10.94,10.98,10.94,354470,3881130.23,20-Aug-2026,375,INF666M01KJ4
GROWWN200,EQ,11.4,11.5,11.4,11.46,11.47,11.35,9834,112720.54,20-Aug-2026,180,INF666M01JV1
GROWWNET,EQ,10.67,10.8,10.51,10.76,10.75,10.56,318459,3417567.92,20-Aug-2026,600,INF666M01LI4
GROWWNIFTY,EQ,9.74,9.89,9.74,9.79,9.79,9.74,397812,3897640.55,20-Aug-2026,3228,INF666M01LL8
GROWWNXT50,EQ,75.3,75.3,74.25,74.67,74.64,74.44,5538,413390.70,20-Aug-2026,76,INF666M01LZ8
GROWWPOWER,EQ,11.37,11.5,11.28,11.34,11.39,11.29,3353017,37982520.82,20-Aug-2026,2205,INF666M01LM6
GROWWPSE,EQ,98,98.69,96.25,97.63,97.63,98.23,2700,263787.74,20-Aug-2026,56,INF666M01NQ3
GROWWPSUBK,EQ,86.94,87.05,86,86.27,86.5,86.51,2784,241014.85,20-Aug-2026,58,INF666M01OG2
GROWWRAIL,EQ,28.88,29.11,28.73,28.82,28.8,28.73,934035,27100860.30,20-Aug-2026,1879,INF666M01JJ6
GROWWRLTY,EQ,9.75,10.24,9.75,10.18,10.18,10.01,281099,2859535.70,20-Aug-2026,403,INF666M01MN2
GROWWSC250,EQ,10.81,10.81,10.54,10.63,10.64,10.57,163951,1743957.58,20-Aug-2026,795,INF666M01MO0
GROWWSLVR,EQ,23.02,23.25,23.02,23.07,23.07,22.18,3082223,71286118.07,20-Aug-2026,2739,INF666M01OF4
PVTBKGROWW,EQ,27.55,27.83,27.21,27.64,27.57,27.47,11046,304401.29,20-Aug-2026,94,INF666M01OT5
SMALLGROWW,EQ,49,49.13,48.51,48.54,48.8,48.76,9490,462937.50,20-Aug-2026,77,INF666M01PG9
GRPLTD,EQ,1985.1,2012,1973.1,1998.2,2012,1985.4,3101,6192291.70,20-Aug-2026,197,INE137I01015
GSMFOILS,SM,79.7,88,79.7,87.9,88,83.85,4245500,354130675.00,20-Aug-2026,3495,INE0SQY01018
GSPCROP,EQ,594.55,604,586.5,590.5,590.9,594.1,169475,101335939.20,20-Aug-2026,4268,INE713R01022
GSS,EQ,12.5,12.98,12.48,12.5,12.5,12.5,11076,138865.30,20-Aug-2026,108,INE871H01011
GTLINFRA,EQ,1.22,1.22,1.21,1.21,1.21,1.21,13456695,16345377.55,20-Aug-2026,9894,INE221H01019
GTL,EQ,7.48,7.48,7.06,7.22,7.25,7.25,157130,1137868.97,20-Aug-2026,575,INE043A01012
GTPL,EQ,54.4,55.35,54.01,54.51,54.34,53.78,50128,2747299.47,20-Aug-2026,993,INE869I01013
GUFICBIO,EQ,421.75,424.35,407.7,413.7,418,421.75,72972,30410516.95,20-Aug-2026,3627,INE742B01025
GIPCL,EQ,172,176,167.24,170.18,172.9,171.96,634121,107950977.42,20-Aug-2026,5600,INE162A01010
GNFC,EQ,603,606.25,591.1,592.8,592.55,602.3,393002,234754424.95,20-Aug-2026,13458,INE113A01013
GSFC,EQ,162.4,163.56,160.25,160.61,160.45,161.98,1010861,163178685.90,20-Aug-2026,9918,INE026A01025
GUJAPOLLO,EQ,364.9,365,349.9,350.7,351.05,365.05,6092,2168709.65,20-Aug-2026,434,INE826C01016
GUJALKALI,EQ,668,683,665.15,676.85,682.8,664.45,44751,30117831.00,20-Aug-2026,2743,INE186A01019
GAEL,EQ,174,184.67,172.56,183.36,184,173.83,2211342,398526427.31,20-Aug-2026,22083,INE036B01030
GUJENERGY,EQ,268.25,272.9,266.4,267.2,267.8,266.1,1202030,322669895.90,20-Aug-2026,31542,INE844O01030
FLUOROCHEM,EQ,4721.1,4760,4670.1,4682.7,4685,4689.1,263293,1239008355.00,20-Aug-2026,24715,INE09N301011
GKSL,EQ,158.95,162.22,155.33,156.41,156.9,157.25,1155077,183160166.10,20-Aug-2026,11235,INE0V0W01025
GLFL,EQ,6,6,5.64,5.78,5.81,5.82,1628,9317.91,20-Aug-2026,13,INE540A01017
GMDCLTD,EQ,562,567,558.85,561.95,562,557.75,738582,415412098.65,20-Aug-2026,20176,INE131A01031
GNRL,EQ,104.2,105.9,103.81,104.02,104,105.4,77754,8115573.67,20-Aug-2026,1106,INE207H01018
GPPL,EQ,166,168.27,164.16,164.81,164.8,165.13,1659212,274566118.28,20-Aug-2026,22608,INE517F01014
GUJRAFFIA,EQ,40.66,41.5,39.7,41.01,41,40.66,2250,91728.72,20-Aug-2026,31,INE610B01024
GUJTHEM,EQ,376,376.05,364,369.25,370,372.3,82978,30577071.70,20-Aug-2026,2943,INE942C01045
GULFOILLUB,EQ,1161.2,1165,1141.2,1151.3,1150,1153.7,43877,50413447.90,20-Aug-2026,5309,INE635Q01029
GULPOLY,EQ,185.19,192.5,183.51,191.92,191.46,182.18,371893,70521391.79,20-Aug-2026,8933,INE255D01024
GURUNANAK,SM,36.75,36.9,35.25,35.25,35.25,35.3,8000,291840.00,20-Aug-2026,5,INE1CCX01012
GVKPIL,BE,2.36,2.36,2.28,2.28,2.28,2.32,882970,2026653.10,20-Aug-2026,1112,INE251H01024
GVPTECH,EQ,6.95,7.1,6.6,6.79,6.75,7.01,72432,496599.47,20-Aug-2026,420,INE382T01030
GYFTR,EQ,153.4,172.17,152,159.08,157.55,151.9,178155,28736265.63,20-Aug-2026,1892,INE724A01017
HBESD,EQ,77.99,78,75.15,75.62,75.15,74.8,1865,144237.34,20-Aug-2026,46,INE640B01021
HGINFRA,EQ,515,521,512,513.7,516,518.55,150916,78048891.85,20-Aug-2026,4745,INE926X01010
HALDER,EQ,280,297.58,280,288.82,287,290.77,27724,7926532.17,20-Aug-2026,273,INE115S01010
HALDYNGL,BE,130.98,136,130,132.67,133.04,129.67,77182,10267377.40,20-Aug-2026,439,INE506D01020
HAMPTON,EQ,8.2,8.29,7.05,8.09,8,7.93,28841,227104.56,20-Aug-2026,110,INE299D01022
HGM,EQ,45,45.79,43.99,44.96,45,44,1939,86514.45,20-Aug-2026,46,INE596H01014
HAPPSTMNDS,EQ,412.65,431.45,411.35,414.3,414.1,410.4,3342671,1411067342.55,20-Aug-2026,73654,INE419U01012
HAPPYFORGE,EQ,2334.9,2339.4,2307.7,2328.2,2331.6,2307.9,86326,200673642.00,20-Aug-2026,10367,INE330T01021
WHITEFORCE,SM,38.7,39,37.55,39,39,38,120000,4648400.00,20-Aug-2026,7,INE0TLP01015
HAPPY,SM,78.4,84.45,73.3,77.7,78,73.45,402000,31889700.00,20-Aug-2026,185,INE1GFG01011
HARDWYN,EQ,9.29,9.38,9.23,9.31,9.34,9.21,839477,7801916.60,20-Aug-2026,1433,INE626Z01029
HARIOMPIPE,EQ,348.15,350.9,345.25,347.5,346.75,348,54567,19016848.20,20-Aug-2026,1633,INE00EV01017
HRYNSHP,EQ,104,104,101,101,101,99.01,381,38660.64,20-Aug-2026,27,INE400G01011
HARRMALAYA,EQ,192.61,199,189,196.08,196,192.53,26719,5206306.77,20-Aug-2026,968,INE544A01019
HARSHA,EQ,439,451,435,438.05,436.5,436.55,192462,85358968.20,20-Aug-2026,7738,INE0JUS01029
HATHWAY,EQ,10.46,10.62,10.41,10.54,10.56,10.43,1514460,15922417.50,20-Aug-2026,2368,INE982F01036
HATSUN,EQ,943,977.45,927.55,963.7,959.05,930.3,53300,51088991.85,20-Aug-2026,5330,INE473B01035
HAVELLS,EQ,1287.9,1289.7,1267.6,1278,1278,1287,401500,512815590.60,20-Aug-2026,28956,INE176B01034
HAWKINCOOK,EQ,8149.5,8181,7990,8087.5,8099.5,8049,1699,13682454.00,20-Aug-2026,560,INE979B01015
HAZOOR,EQ,21.3,21.38,21,21.17,21.03,21.2,46548,987481.69,20-Aug-2026,232,INE550F01049
HBPOR,EQ,61.79,62,60.05,61.92,62,60,1183,72361.75,20-Aug-2026,37,INE638B01025
HBSL,EQ,55,56.89,54.11,55.07,54.28,55.08,2646,144702.49,20-Aug-2026,75,INE550B01022
HBLENGINE,EQ,674.9,727.05,674.9,712.9,713,671.85,3829874,2713452545.25,20-Aug-2026,87750,INE292B01021
HCL-INSYS,EQ,11.27,11.4,10.94,11.09,11.1,11.26,309802,3459488.74,20-Aug-2026,838,INE236A01020
HCLTECH,EQ,1339.7,1345.3,1318.4,1318.4,1318.4,1324.8,1510868,2004663327.00,20-Aug-2026,62256,INE860A01027
HDBFS,EQ,693,712.1,688.1,692.35,690.3,681.1,1759224,1234871377.00,20-Aug-2026,55715,INE756I01012
HDFCAMC,EQ,2558.7,2624,2553,2624,2624,2551.7,1149185,2979557581.00,20-Aug-2026,41638,INE127D01025
HDFCBANK,EQ,725.5,728.3,724.3,725.05,725.05,720,17603805,12782234279.05,20-Aug-2026,210154,INE040A01034
HDFCGOLD,EQ,131.1,133.9,130.07,133.07,133.08,130.07,3550590,472484708.46,20-Aug-2026,10345,INF179KC1981
HDFCLIFE,EQ,539.9,543.2,536.65,542,542,536.3,1684071,911063164.15,20-Aug-2026,28468,INE795G01014
HDFCBSE500,EQ,37.5,38,37.5,37.93,38,37.71,341237,12950429.67,20-Aug-2026,173,INF179KC1EZ4
HDFCGROWTH,EQ,121.55,121.55,120.78,121.17,120.78,120.44,15223,1845575.06,20-Aug-2026,116,INF179KC1DJ0
HDFCLIQUID,EQ,1074.45,1074.45,1074.43,1074.43,1074.43,1074.3,14504,15583712.00,20-Aug-2026,41,INF179KC1JG3
HDFCLOWVOL,EQ,20.87,20.88,20.79,20.83,20.86,20.77,27790,578225.59,20-Aug-2026,53,INF179KC1HU8
HDFCMID150,EQ,23.92,23.92,23.62,23.74,23.62,23.63,419346,9952616.20,20-Aug-2026,1286,INF179KC1HT0
HDFCMOMENT,EQ,31.83,31.83,31.12,31.19,31.25,31.06,111577,3480648.58,20-Aug-2026,465,INF179KC1HV6
HDFCNEXT50,EQ,75.71,76.1,75.44,75.57,75.45,75.43,77712,5895349.45,20-Aug-2026,589,INF179KC1HS2
HDFCNIF100,EQ,25.39,26.32,25.39,26.22,26.3,26.05,29305,769232.90,20-Aug-2026,204,INF179KC1HR4
HDFCNIFBAN,EQ,59.08,59.5,59.08,59.2,59.35,59,38674,2294374.79,20-Aug-2026,315,INF179KC1HY0
HDFCNIFIT,EQ,32.55,33.9,32.55,32.7,32.62,32.37,106070,3486967.92,20-Aug-2026,290,INF179KC1IA8
HDFCNIFTY,EQ,273.27,273.95,272.9,273.58,273.1,271.65,512210,140134866.29,20-Aug-2026,712,INF179KC1965
HDFCNIMEG,EQ,130.72,131.53,130,130.43,130.42,130.07,62596,8165170.19,20-Aug-2026,39,INF179KC1KT4
HDFCPVTBAN,EQ,28.04,28.1,27.9,27.98,27.9,27.77,128096,3594225.23,20-Aug-2026,307,INF179KC1HZ7
HDFCQUAL,EQ,59.5,59.7,59.28,59.34,59.7,59.1,2762,163950.58,20-Aug-2026,63,INF179KC1DL6
HDFCSENSEX,EQ,87.58,88.35,87.5,87.93,87.52,87.23,82308,7227679.14,20-Aug-2026,521,INF179KC1HX2
HDFCSILVER,EQ,224.55,227.1,224.55,225.7,225.31,216.41,6685957,1511243095.50,20-Aug-2026,22173,INF179KC1DI2
HDFCSML250,EQ,184.15,185.82,183.5,185.25,185.27,184.15,2012314,373437451.08,20-Aug-2026,6063,INF179KC1FB2
HDFCVALUE,EQ,125.47,125.96,125.47,125.92,125.49,124.97,16160,2034372.21,20-Aug-2026,102,INF179KC1DK8
HDFCPSUBK,EQ,87,87.73,86.79,87.03,86.79,86.53,74435,6511447.51,20-Aug-2026,231,INF179KC1HW4
HEADSUP,EQ,6.7,6.9,6.52,6.87,6.89,6.78,3960,26570.77,20-Aug-2026,145,INE759V01019
HEALTHX,EQ,319.7,319.7,298.25,302.4,298.5,313.7,5144,1575873.45,20-Aug-2026,186,INE019J01013
HCG,EQ,743,743,728,730.45,731,745.25,120624,88331153.40,20-Aug-2026,13261,INE075I01017
HECPROJECT,EQ,118,121.47,116.02,117.89,119.6,116.8,8957,1060256.12,20-Aug-2026,232,INE558R01013
HEG,EQ,710,718.65,696.1,711.95,712.5,708.05,1404434,993241756.80,20-Aug-2026,31043,INE545A01024
HEIDELBERG,EQ,158.8,160.49,158.8,160.22,160.12,158.1,82692,13222318.47,20-Aug-2026,1014,INE578A01017
HEMIPROP,EQ,131.05,131.69,130.65,130.91,131.09,130.39,313273,41105141.46,20-Aug-2026,2011,INE0AJG01018
HERANBA,EQ,163.1,164.99,158.23,160.39,160.8,162.99,95355,15378501.77,20-Aug-2026,2563,INE694N01015
HERITGFOOD,EQ,361.05,381.4,359.6,378.75,379.95,360,595614,222112194.30,20-Aug-2026,15099,INE978A01027
HEROMOTOCO,EQ,5740,5740.5,5670,5740.5,5740.5,5709.5,298317,1704000896.00,20-Aug-2026,30403,INE158A01026
HESTERBIO,EQ,2413,2445,2391.2,2413.1,2405.5,2412.3,2033,4908020.30,20-Aug-2026,396,INE782E01017
HEXATRADEX,EQ,160.01,162.8,160,160.27,160,161.94,1219,196848.84,20-Aug-2026,45,INE750M01017
HEXAGON,BE,67.8,72.05,67.27,70.11,70.05,68.97,479308,33519112.20,20-Aug-2026,1814,INE0JUI01012
HEXT,EQ,553.05,560.95,541.2,544.2,545,553.3,117060,64589044.30,20-Aug-2026,7373,INE093A01041
HFCL,EQ,227.95,229.8,222.51,223.9,223.25,226.53,10056116,2267277286.36,20-Aug-2026,53097,INE548A01028
HIGREEN,SM,130.15,130.5,125.2,126.7,126.95,129.25,24000,3060240.00,20-Aug-2026,30,INE0PIC01017
HITECH,EQ,77.45,78.25,76.88,77.89,78.2,77.06,411642,31961889.71,20-Aug-2026,2969,INE106T01025
HILINFRA,EQ,46.5,46.5,45.51,45.69,45.96,45.68,58634,2691258.98,20-Aug-2026,581,INE00RL01028
HIKAL,EQ,214.46,215.55,211.53,212.26,211.8,214.11,166366,35473770.43,20-Aug-2026,2633,INE475B01022
HILTON,BE,20.4,20.4,19.19,19.63,19.95,20.2,69526,1372865.79,20-Aug-2026,275,INE788H01017
HSCL,EQ,755,767.6,695.5,704.2,702.9,750.25,12482496,9009493515.85,20-Aug-2026,157082,INE019C01026
HIMATSEIDE,EQ,70.1,72.9,69.06,71.48,71.7,69.75,709984,50317788.13,20-Aug-2026,6953,INE049A01027
HINDALUMI,EQ,96,99.9,96,98.81,99.29,98.46,2283,224182.18,20-Aug-2026,85,INE227B01019
HINDALCO,EQ,1044,1048,1013,1029.85,1029.85,1038.95,4321761,4433774177.90,20-Aug-2026,120902,INE038A01020
HINDCON,EQ,21.6,22.4,20.9,22.18,22.3,21.55,30965,676295.64,20-Aug-2026,221,INE642Y01029
HPIL,EQ,131.04,131.04,127.4,130.35,130.77,131.04,228,29450.00,20-Aug-2026,18,INE05X901010
HGS,EQ,408,414.9,405,406.5,409.8,408,13488,5508241.15,20-Aug-2026,658,INE170I01016
HINDADH,EQ,372.65,373.95,342,351,355,369.95,20039,7200112.05,20-Aug-2026,978,INE074C01013
HAL,EQ,5049,5049,4972,4998,4998,5017,421506,2107027153.80,20-Aug-2026,43025,INE066F01020
HINDCOMPOS,EQ,411.9,420,403.8,412.5,416.65,407.3,2052,843410.60,20-Aug-2026,170,INE310C01029
HCC,EQ,20,21.47,19.99,21.22,21.23,19.83,66092291,1385948444.03,20-Aug-2026,74429,INE549A01026
HINDCOPPER,EQ,565,574.7,553.6,560.1,558.7,554.85,9758301,5477080482.05,20-Aug-2026,110224,INE531E01026
HNDFDS,EQ,648.1,664.35,645.3,653.25,651.5,643.25,101122,65991870.90,20-Aug-2026,7931,INE254N01026
HMVL,BE,95,95,90.55,94.72,94,95.05,27484,2552019.77,20-Aug-2026,113,INE871K01015
HINDOILEXP,EQ,154.5,160.2,154.05,158.2,158.98,153.71,959115,151701116.30,20-Aug-2026,8993,INE345A01011
HINDPETRO,EQ,367.5,368.85,363.2,363.2,363.2,366.45,3121502,1142975551.85,20-Aug-2026,39627,INE094A01015
HINDUNILVR,EQ,2022.9,2043.6,2018.2,2028,2028,2020.7,1401471,2849972474.20,20-Aug-2026,73684,INE030A01027
HINDZINC,EQ,570,575,566.75,573.9,573.9,557,6427834,3667468359.70,20-Aug-2026,60220,INE267A01025
HINDWAREAP,EQ,199.19,202.68,197,198.45,198,199.19,95088,18939708.77,20-Aug-2026,1949,INE05AN01011
HIRECT,EQ,1263.8,1292,1261.2,1278.4,1287.9,1263.8,38594,49396284.00,20-Aug-2026,3048,INE835D01023
HISARMETAL,EQ,151,154.89,148.12,149.66,148.12,152.05,2843,428208.95,20-Aug-2026,92,INE598C01011
POWERINDIA,EQ,34045,34045,33305,33510,33510,33800,67131,2254347075.00,20-Aug-2026,24523,INE07Y701011
HITECHCORP,BE,330.05,335.9,328.2,330.15,330.15,332,26396,8738485.65,20-Aug-2026,64,INE120D01012
HLEGLAS,EQ,321,321.9,311,311.8,312.5,315.95,202377,63684081.00,20-Aug-2026,4964,INE461D01028
HLVLTD,EQ,6.7,6.7,6.5,6.59,6.59,6.63,258630,1707934.67,20-Aug-2026,502,INE102A01024
HMAAGRO,EQ,22.06,22.21,21.8,21.94,22,21.94,1337093,29368626.63,20-Aug-2026,3459,INE0ECP01024
850HMDA32,N0,103515.27,103515.27,103515.27,103515.27,103515.27,102250.68,6,621091.62,20-Aug-2026,1,INE2T2Q07345
HMT,BZ,61.89,62,60.2,60.51,60.6,61.37,12854,786211.17,20-Aug-2026,138,INE262A01018
HOACFOODS,ST,819,829.95,810.05,829,829,810,4875,4004306.25,20-Aug-2026,13,INE0S6S01017
HOMEFIRST,EQ,1184.8,1193.8,1177.9,1187.4,1184,1184.4,75365,89282769.30,20-Aug-2026,9127,INE481N01025
HONASA,EQ,479,486.3,473.65,483.8,484.95,476.6,851602,409254535.50,20-Aug-2026,21636,INE0J5401028
HONDAPOWER,EQ,2081.8,2099.9,2071,2073.7,2084,2082.4,3033,6309473.10,20-Aug-2026,451,INE634A01018
HONAUT,EQ,36545,37180,35850,36715,36780,36140,3035,110638795.00,20-Aug-2026,1735,INE671A01010
HDIL,BZ,1.53,1.53,1.48,1.49,1.51,1.52,162482,242928.93,20-Aug-2026,184,INE191I01012
HPAL,EQ,34.51,35,33.6,34.48,34.4,34.51,60851,2105937.75,20-Aug-2026,815,INE0GSL01024
HPTL,SM,324.9,324.9,324.9,324.9,324.9,309.45,3000,974700.00,20-Aug-2026,4,INE0VA601019
HPL,EQ,312.95,325,312.95,314.65,316.5,310.8,178853,56984695.70,20-Aug-2026,4585,INE495S01016
HRHNEXT,SM,28.45,28.45,27.4,27.4,27.4,27.25,4500,124950.00,20-Aug-2026,3,INE0R3501012
HSBCGOLD,EQ,135,136,134.43,135.63,135.97,132.56,133681,18130929.61,20-Aug-2026,87,INF336L01RX2
HUDCO,EQ,189,189.99,184.48,186.05,185,188.32,1804933,337793797.18,20-Aug-2026,16888,INE031A01017
HTMEDIA,EQ,26.22,26.99,26,26.73,26.94,26.09,141290,3733259.06,20-Aug-2026,484,INE501G01024
HUBTOWN,EQ,180.45,205.7,180.01,198.81,199.75,180.12,4731451,941238333.39,20-Aug-2026,43448,INE703H01016
HUHTAMAKI,EQ,271.2,277.35,269.25,274.6,273.8,268.05,124731,34188347.35,20-Aug-2026,3990,INE275B01026
HVAX,SM,650,661.5,650,661.5,661.5,630,900,593550.00,20-Aug-2026,6,INE0TO501019
HYBRIDFIN,BE,17.08,17.63,17,17.22,17.2,17,3929,67553.85,20-Aug-2026,40,INE965B01022
HYUNDAI,EQ,2200,2233.7,2180.4,2227,2227,2174.5,682793,1509386150.20,20-Aug-2026,32028,INE0V6F01027
IGPL,EQ,479,483,469,471.05,473,476.4,38072,18085833.10,20-Aug-2026,2015,INE204A01010
ISTLTD,EQ,737.5,749.95,645,667.1,676,637.1,3071,2129284.30,20-Aug-2026,204,INE684B01029
ICELCO,SM,135.2,138.35,135.2,136.75,137,135.75,24000,3283980.00,20-Aug-2026,19,INE0XE501015
ICDSLTD,EQ,40,42,40,42,42,40,322,13172.49,20-Aug-2026,5,INE613B01010
ICEMAKE,EQ,734.9,734.9,721.1,726.05,727,728.25,19241,13966267.95,20-Aug-2026,1408,INE520Y01019
ICICIBANK,EQ,1407.8,1413,1403.3,1411.9,1411.9,1402,8425049,11867275973.20,20-Aug-2026,108431,INE090A01021
ICICIGI,EQ,1617,1650,1617,1625,1625,1615.7,667664,1091180226.10,20-Aug-2026,27105,INE765G01017
LOWVOLIETF,EQ,22.46,22.46,22.29,22.36,22.39,22.22,1904644,42582924.84,20-Aug-2026,731,INF109KC19U5
ICICIPRULI,EQ,501,506.35,499.85,502,502,499.5,637727,321351604.90,20-Aug-2026,18210,INE726G01019
MIDSELIETF,EQ,19.87,20.03,19.87,19.96,20.03,19.87,245127,4897992.87,20-Aug-2026,623,INF109KC10W0
NIF100IETF,EQ,28.92,28.92,28.25,28.39,28.39,28.22,47778,1353784.08,20-Aug-2026,762,INF109KC16V9
NIFTYIETF,EQ,273.41,275.81,273.41,275.22,275.5,273.27,2064160,568321868.20,20-Aug-2026,6013,INF109K012R6
SENSEXIETF,EQ,889.4,893.8,887.05,890.14,888,886.4,59341,52915548.34,20-Aug-2026,341,INF346A01034
ICICIAMC,EQ,3262.9,3313.5,3211.1,3228.9,3215,3260.9,381699,1244133335.80,20-Aug-2026,32690,INE346A01027
GOLDIETF,EQ,135,135,132.39,133.7,133.67,130.18,6459583,862740411.12,20-Aug-2026,26155,INF109KC1NT3
NV20IETF,EQ,13.58,13.7,13.58,13.6,13.63,13.54,248845,3388141.85,20-Aug-2026,1401,INF109KC11V0
ICICIB22,EQ,114.62,115.47,114.52,115.02,115.15,114.39,351667,40407080.14,20-Aug-2026,2307,INF109KB15Y7
CASHIETF,EQ,1076.96,1076.96,1075.01,1076.02,1076.02,1075.87,148294,159568238.67,20-Aug-2026,111,INF109K1A021
EVIETF,EQ,34.25,34.25,33.76,33.94,33.85,33.88,135967,4622888.86,20-Aug-2026,613,INF109K1A153
GSEC10IETF,EQ,266.81,266.81,266.38,266.38,266.38,266.89,27,7192.69,20-Aug-2026,3,INF109KC18O0
BSE500IETF,EQ,39.64,39.95,39.64,39.84,39.88,39.64,44778,1785862.53,20-Aug-2026,636,INF109KC1V59
GSEC5IETF,EQ,66.71,67,66.07,66.92,66.85,66.72,898,59741.16,20-Aug-2026,29,INF109KC14A8
ALPL30IETF,EQ,28.14,28.39,28.05,28.23,28.05,28.06,1891779,53383459.01,20-Aug-2026,686,INF109KC17V7
AUTOIETF,EQ,30.54,30.71,30.22,30.4,30.42,30.13,455757,13849165.34,20-Aug-2026,1659,INF109KC10V2
PVTBANIETF,EQ,28.23,28.23,27.61,27.7,27.67,27.55,1772011,49233180.94,20-Aug-2026,1355,INF109KC18U7
COMMOIETF,EQ,99.98,99.98,99.05,99.58,99.2,99.15,47136,4688100.41,20-Aug-2026,419,INF109KC19O8
CONSUMIETF,EQ,124.84,125.32,124.66,125.03,124.66,124.09,6130,766390.15,20-Aug-2026,155,INF109KC1V42
FMCGIETF,EQ,52.32,52.32,51.13,51.56,51.59,51.05,1034772,53193599.18,20-Aug-2026,2802,INF109KC19V3
INFRAIETF,EQ,96.12,96.84,95.8,96.48,96.75,95.56,88556,8534222.69,20-Aug-2026,804,INF109KC16E5
LIQUIDIETF,EQ,1000,1000.01,999.99,999.99,1000,999.99,637840,637839799.63,20-Aug-2026,324,INF109KC1KT9
MIDCAPIETF,EQ,24.27,24.36,24.2,24.27,24.28,24.15,1460625,35521419.69,20-Aug-2026,1789,INF109KC11W8
MOM30IETF,EQ,31.4,31.67,31.35,31.43,31.45,31.27,481239,15150246.37,20-Aug-2026,1238,INF109KC17C7
NEXT50IETF,EQ,78.73,78.73,78.17,78.38,78.38,78.08,348668,27351181.33,20-Aug-2026,3417,INF109KC1NS5
HEALTHIETF,EQ,169.65,169.89,168.6,169.28,169.88,168.86,53048,8970809.77,20-Aug-2026,1069,INF109KC1Q72
QUAL30IETF,EQ,21.53,21.65,21.32,21.36,21.32,21.27,34877,747030.34,20-Aug-2026,168,INF109KC18V5
SILVERIETF,EQ,230.12,236.6,230.12,235.12,235,226.2,6110834,1439435938.56,20-Aug-2026,22892,INF109KC1Y56
ITIETF,EQ,34.55,34.55,33.94,34.03,33.94,33.71,3591697,122438877.49,20-Aug-2026,1277,INF109KC16I6
INSUREIETF,EQ,15.47,15.64,15.43,15.49,15.56,15.47,21523,334113.94,20-Aug-2026,54,INF109K1A567
BANKIETF,EQ,58.87,59.35,58.87,59.14,59.1,58.82,264964,15690639.26,20-Aug-2026,890,INF109KC15I8
METALIETF,EQ,13.3,13.3,12.95,13.11,13.11,13.05,4506792,59279821.47,20-Aug-2026,7393,INF109KC19W1
OILIETF,EQ,11.38,11.42,11.28,11.37,11.37,11.33,4009560,45585264.43,20-Aug-2026,1902,INF109KC18W3
PSUBNKIETF,EQ,87.59,88,87.03,87.32,87.16,87.37,40717,3568644.66,20-Aug-2026,590,INF109KC10S8
SMALLIETF,EQ,18.62,18.62,18.33,18.42,18.47,18.32,22386,412029.94,20-Aug-2026,81,INF109K1A476
TOP15IETF,EQ,9.98,9.99,9.91,9.98,9.91,9.89,45536,453761.26,20-Aug-2026,153,INF109K1A344
VAL30IETF,EQ,15.33,15.33,15.14,15.18,15.14,15.19,270498,4105800.82,20-Aug-2026,527,INF109KC16X5
FINIETF,EQ,33.24,33.65,32.98,33.38,33.49,33,315962,10559361.76,20-Aug-2026,1308,INF109KC17L8
ICRA,EQ,4900,5000,4850.6,4867.2,4862,4893.3,24805,121931751.20,20-Aug-2026,5477,INE725G01011
IDBI,EQ,81.3,82.25,81.16,81.74,81.77,80.72,2802897,229183935.47,20-Aug-2026,16161,INE008A01015
IDEAFORGE,EQ,836,836,791.2,806.6,806,825.2,328076,266681540.60,20-Aug-2026,14416,INE349Y01013
IDENTICAL,SM,17.25,17.55,16.5,17.55,17.55,16.25,8000,137100.00,20-Aug-2026,4,INE0TD101011
IDFCFIRSTB,EQ,85.66,86.5,85.6,85.84,85.84,85.49,13363445,1150809204.02,20-Aug-2026,42870,INE092T01019
IFBAGRO,EQ,1010,1035,996.1,1007.9,1016,992.1,5747,5828134.35,20-Aug-2026,552,INE076C01018
IFBIND,EQ,1409,1418,1393,1402.9,1406,1398.4,37571,52865498.70,20-Aug-2026,4359,INE559A01017
IFCI,EQ,82,82.53,80.37,81.76,81.05,81.68,23214744,1887238120.41,20-Aug-2026,63466,INE039A01010
IFGLEXPOR,EQ,222.47,223.79,213.99,215.92,216.74,220.69,26012,5665799.57,20-Aug-2026,924,INE133Y01011
1225IFL27,N0,6241.34,6241.34,6241.34,6241.34,6241.34,6700,10,62413.40,20-Aug-2026,2,INE01XO07017
1225IFL28,N0,7560,7561,7400,7400,7400,7550,8,59831.00,20-Aug-2026,5,INE01XO07025
IGARASHI,EQ,440,449.85,439.1,446.8,447,438.9,53057,23626470.50,20-Aug-2026,1772,INE188B01013
837IIFL28,Y4,990,990,990,990,990,990,52,51480.00,20-Aug-2026,2,INE530B07658
865IIFL31,Y6,990,990,990,990,990,990,55,54450.00,20-Aug-2026,2,INE530B07633
885IIFL29,Y8,1010,1010,1005,1005,1005,1005,100,100550.00,20-Aug-2026,4,INE530B07575
960IIFL30,Y2,1000,1000,1000,1000,1000,1000,100,100000.00,20-Aug-2026,1,INE530B07484
IIFLCAPS,EQ,334.15,336.7,333.05,333.15,333.05,334.05,402498,134337558.80,20-Aug-2026,6652,INE489L01022
IIFL,EQ,639,649.85,634,636.7,634,630.85,1236843,794060162.05,20-Aug-2026,29656,INE530B01024
IIFL06326,YC,1000,1000,999,1000,1000,1000,3550,3549985.00,20-Aug-2026,4,INE530B07641
IIFL060326,YA,1005,1005,1005,1005,1005,1005,10,10050.00,20-Aug-2026,1,INE530B07583
IKIO,EQ,195.5,198.8,194.36,195.7,195.45,195.17,97159,19080502.98,20-Aug-2026,2157,INE0LOJ01019
IL&FSENGG,BZ,38.89,39.39,36.5,36.64,37,37.54,648369,24003922.01,20-Aug-2026,84,INE369I01014
IVC,EQ,8.5,8.5,8.18,8.21,8.23,8.22,120220,997973.45,20-Aug-2026,643,INE050B01023
IL&FSTRANS,BZ,2.09,2.09,1.99,2.01,2.01,2.01,32332,65381.37,20-Aug-2026,81,INE975G01012
IMAGICAA,EQ,48.59,48.65,47.21,47.45,47.5,48.52,280807,13484220.09,20-Aug-2026,2150,INE172N01012
IMPEXFERRO,BZ,3.85,3.85,3.85,3.85,3.85,3.78,18250,70262.50,20-Aug-2026,12,INE691G01015
INCREDIBLE,EQ,32.78,33.85,32.03,33.77,33.78,31.99,4742,157714.32,20-Aug-2026,69,INE452L01012
IMPAL,EQ,1105,1110.5,1056.1,1106.6,1108,1096,2143,2342986.70,20-Aug-2026,399,INE547E01014
INDSWFTLAB,EQ,326,339,323.24,333.51,333.02,322.06,784970,260520088.72,20-Aug-2026,13897,INE915B01019
INDTERRAIN,EQ,31.1,31.25,30.12,30.85,30.86,30.55,13064,401306.98,20-Aug-2026,133,INE611L01021
INDBANK,EQ,31.7,32,31,31.56,31.57,31.58,28002,882928.33,20-Aug-2026,399,INE841B01017
BAJAJINDEF,EQ,216.1,218.39,213,213.45,213,215.04,18375,3948824.27,20-Aug-2026,386,INE0O9T01021
INDGN,EQ,569.95,576,562,566.7,570,565.6,1256695,711328802.20,20-Aug-2026,18495,INE065X01017
INDIAGLYCO,EQ,1108.4,1140,1096,1101.9,1100,1106.3,137213,153263595.80,20-Aug-2026,9981,INE560A01023
INDNIPPON,EQ,1110.1,1125,1090.8,1100.8,1105,1110.1,16632,18423573.40,20-Aug-2026,2267,INE092B01025
IPL,EQ,138.15,139.09,137.35,138.06,138.55,137.29,68547,9486729.62,20-Aug-2026,1426,INE0D6701023
INDIASHLTR,EQ,660,680,652.7,675.3,678.55,655.25,212079,142607877.85,20-Aug-2026,13176,INE922K01024
ITDC,EQ,685.85,695.6,683.05,687.55,688.4,683,62131,42855952.60,20-Aug-2026,4663,INE353K01014
IBULLSLTD,EQ,26.5,26.6,25.54,25.75,25.8,26.47,8152445,212288627.60,20-Aug-2026,12726,INE126M01010
INDIAMART,EQ,1736,1761.9,1736,1749.2,1752,1734.3,64542,112976589.20,20-Aug-2026,6952,INE933S01016
INDIANB,EQ,877.15,883.8,871,871,871,873.15,530224,466114775.70,20-Aug-2026,16398,INE562A01011
INDIANCARD,EQ,214.04,219.9,208.56,210.39,209.2,214.04,2591,547951.85,20-Aug-2026,104,INE061A01014
IEML,SM,40,41.1,39.55,40.6,40.5,40.2,39500,1590550.00,20-Aug-2026,46,INE0RRU01016
IEX,EQ,123.89,125.05,122.48,123.35,123.35,123,2988591,368462040.52,20-Aug-2026,24341,INE022Q01020
INDIANHUME,EQ,364.3,371.05,359.6,368.35,370.8,363.2,26977,9896554.95,20-Aug-2026,1323,INE323C01030
IMFA,EQ,1465,1482,1406.3,1421.9,1415,1457.9,135405,196736753.90,20-Aug-2026,13468,INE919H01018
IOC,EQ,137,137.12,135.28,135.9,135.9,136.3,7026471,955014245.21,20-Aug-2026,59823,INE242A01010
IOB,EQ,33.23,33.4,33.14,33.16,33.25,33.18,1140193,37885050.56,20-Aug-2026,6127,INE565A01014
IPHL,SM,67,69.5,65,67.2,66.5,71.9,27600,1852080.00,20-Aug-2026,23,INE0DHF01018
IRCTC,EQ,490,495,485.15,485.9,487.2,488.35,1104983,539066308.90,20-Aug-2026,24979,INE335Y01020
IRFC,EQ,85.45,87.2,85.3,86.47,86.47,85.18,8434193,728818168.65,20-Aug-2026,40554,INE053F01010
IREDA,EQ,114.49,115.8,114.33,114.9,114.9,113.92,3039801,349803905.78,20-Aug-2026,20005,INE202E01016
IWP,EQ,33.8,34.85,33.25,34.84,34.85,34.16,1338,46026.09,20-Aug-2026,28,INE586E01020
INDIGOPNTS,EQ,1151.1,1167,1124.1,1130.7,1126,1148.8,117388,134993727.10,20-Aug-2026,10469,INE09VQ01012
INDIGRID,IV,177,177,174.02,175.51,175.25,176.63,1271960,223628525.44,20-Aug-2026,11939,INE219X23014
INDIQUBE,EQ,196.2,198.2,184.49,189.15,190,192.17,196417,37790746.60,20-Aug-2026,3601,INE06ST01018
INDOAMIN,BE,124.85,125.85,119.81,120.35,122.25,124.85,51943,6318010.47,20-Aug-2026,657,INE760F01028
INDOBORAX,EQ,439,509.9,431,498.15,498.1,433.85,6099644,2964119426.70,20-Aug-2026,127698,INE803D01021
ICIL,EQ,441.4,453.25,430.55,435.1,434.85,443.8,1040983,458417760.50,20-Aug-2026,30591,INE483B01026
INDOFARM,EQ,138,140,137,138.06,139.19,137.16,124867,17291734.13,20-Aug-2026,2061,INE622H01018
INDORAMA,EQ,56.91,63.45,56.02,61.29,61.45,56.29,1356536,82123548.64,20-Aug-2026,8400,INE156A01020
INDOTECH,EQ,3750,3895.2,3601,3727.8,3734,3709.8,67204,252824154.90,20-Aug-2026,5300,INE332H01014
INDOTHAI,EQ,62.8,62.8,62.8,62.8,62.8,66.1,45140,2834792.00,20-Aug-2026,525,INE337M01021
INDOUS,EQ,87,89,84.34,85.96,87.49,86.86,11032,950223.55,20-Aug-2026,332,INE250Z01010
INDOMIM,EQ,965,965,907.3,919.55,916.7,967.95,3493814,3218222317.80,20-Aug-2026,118219,INE084101034
NIPPOBATRY,EQ,335,335,323.5,325.85,324.6,327.8,2059,671779.95,20-Aug-2026,184,INE567A01028
INDOCO,EQ,217.51,226.78,217.51,222.68,223,217.19,158487,35083800.87,20-Aug-2026,3918,INE873D01024
IGCL,EQ,71.87,73.76,71.25,72.68,72.4,72.13,86717,6282950.72,20-Aug-2026,1147,INE05J901018
INDOKEM,EQ,587.55,594.55,585.2,590.4,590.95,587.35,769,454261.95,20-Aug-2026,107,INE716F01012
WAAREEINDO,EQ,293,295.95,285.3,290.45,291,293.15,79172,22883720.10,20-Aug-2026,2207,INE866K01023
INDOSTAR,EQ,252,252.95,248.05,251.4,252,250.55,79226,19848410.70,20-Aug-2026,1502,INE896L01010
INDOWIND,EQ,8.5,9.09,8.49,9.06,9.04,8.53,300575,2685725.51,20-Aug-2026,793,INE227G01018
IGL,EQ,153.69,153.69,150.2,150.55,150.62,152.64,1967131,298174543.52,20-Aug-2026,29483,INE203G01027
INDRAMEDCO,EQ,375,378.25,371.65,376.8,375.2,374.45,167041,62592757.85,20-Aug-2026,5843,INE681B01017
INDUSINVIT,IV,135,135,133.81,134.06,134.06,134.51,640533,86129891.07,20-Aug-2026,5545,INE0NHL23019
INDUSTOWER,EQ,373.75,373.85,367.35,368.8,368.8,372.4,3258892,1205622250.20,20-Aug-2026,63584,INE121J01017
INDUSINDBK,EQ,1013,1014.5,1002,1008,1008,1016.7,858064,864726688.30,20-Aug-2026,30061,INE095A01012
INDPRUD,EQ,6155,6273,6113,6178.5,6220,6175,65,399025.50,20-Aug-2026,30,INE620D01011
IITL,EQ,146.68,154.54,145.74,149.97,153,145.86,120277,18071684.15,20-Aug-2026,1028,INE886A01014
INFINIUM,SM,230,230,217,220,220,225,6000,1346900.00,20-Aug-2026,12,INE0MRE01011
INFLUX,SM,291,291.2,288,288.55,288,292.75,6000,1738530.00,20-Aug-2026,10,INE0MYZ01012
NAUKRI,EQ,1385.3,1390.1,1355.3,1360.9,1360.9,1378.4,1278109,1746462775.60,20-Aug-2026,36800,INE663F01032
INFOBEAN,EQ,159.34,167.23,155.1,156.78,156.01,157.76,614030,99487630.56,20-Aug-2026,8884,INE344S01016
INFOLLION,SM,160,163.3,160,160,160,160,26000,4172840.00,20-Aug-2026,35,INE0NNZ01013
INFOMEDIA,EQ,5.65,5.65,5.09,5.19,5.39,5.09,15136,80797.43,20-Aug-2026,81,INE669A01022
INFY,EQ,1143,1144.7,1125.7,1130,1130,1119.8,8559841,9708437176.30,20-Aug-2026,170960,INE009A01021
INGERRAND,EQ,4688,4714,4641.1,4705.6,4700,4641.4,19418,91049149.10,20-Aug-2026,3540,INE177A01018
INNOMET,ST,227.45,227.45,227.45,227.45,227.45,223,31800,7232910.00,20-Aug-2026,26,INE0S1D01010
INNOVACAP,EQ,1039.55,1105,1039.55,1084.2,1079.95,1039.75,125053,134148599.55,20-Aug-2026,9864,INE0DUT01020
INNOVANA,EQ,311,319.75,309,318.85,319,310.05,10361,3229136.55,20-Aug-2026,64,INE403Y01018
INNOVISION,EQ,267.35,270.2,266.05,269.45,268.75,266.35,11475,3084097.15,20-Aug-2026,675,INE0ADB01012
INOXGREEN,EQ,174.51,178.3,173,175.08,174,175.89,348910,61220468.96,20-Aug-2026,3550,INE510W01014
INOXINDIA,EQ,1929.5,1950,1914,1923.6,1919.8,1930.3,49691,96044019.70,20-Aug-2026,7343,INE616N01034
INOXWIND,EQ,74,75.14,73.56,73.9,73.9,73.74,5913003,439109262.86,20-Aug-2026,22921,INE066P01011
INSECTICID,EQ,616.5,619.95,603.7,606.55,608,613.55,18087,11046679.75,20-Aug-2026,1285,INE070I01018
INA,EQ,95.4,98.29,92.78,93.42,94.15,93.31,1494245,141864393.66,20-Aug-2026,12550,INE0LGX01024
INSPIRE,SM,9,9,9,9,9,8.6,10000,90000.00,20-Aug-2026,5,INE0NDX01019
INSPIRISYS,BE,91.4,94.8,89.02,93.34,94.74,91.49,6523,592384.70,20-Aug-2026,73,INE020G01017
ESSENTIA,EQ,1.18,1.25,1.14,1.14,1.14,1.2,7538111,8837831.41,20-Aug-2026,1791,INE418N01035
IPSL,SM,215,216,215,216,216,215,1000,215500.00,20-Aug-2026,2,INE02EE01019
INTEGRITY,ST,159,159,159,159,159,158,1200,190800.00,20-Aug-2026,1,INE0YSH01017
INTELLECT,EQ,684.1,695.9,684,685.7,686.7,678.45,252166,173782318.55,20-Aug-2026,12188,INE306R01017
INTENTECH,EQ,80.25,82.15,80.25,81.73,82.1,80.22,18244,1481191.72,20-Aug-2026,1069,INE781A01025
INTERARCH,EQ,1720,1726.6,1685,1688.3,1689.9,1703.4,53432,90477398.60,20-Aug-2026,5813,INE00M901018
INDIGO,EQ,5235,5235,5152,5165,5165,5193,380687,1970629130.50,20-Aug-2026,49806,INE646L01027
INTLCONV,EQ,75.63,77.7,75.63,76.78,76.63,75.63,34352,2639763.03,20-Aug-2026,977,INE575C01027
IGIL,EQ,342,344.4,335.2,335.8,336.5,338.4,330862,112110272.30,20-Aug-2026,9854,INE0Q9301021
ISFT,EQ,85,88.87,82.4,86.43,85.63,84.76,96596,8358190.08,20-Aug-2026,828,INE566K01011
INVENTURE,EQ,0.9,0.9,0.72,0.86,0.87,0.89,3357022,2835461.97,20-Aug-2026,784,INE878H01024
IKS,EQ,1826.9,1836,1771.7,1791.6,1793,1812.3,87771,158128267.90,20-Aug-2026,11106,INE115Q01022
IVZINGOLD,EQ,134.15,135.85,133.3,135.6,135.4,132.4,35595,4818826.10,20-Aug-2026,391,INF205KA1BP1
IVZINNIFTY,EQ,278.18,278.86,277.92,278.5,278.49,276.07,4991,1390198.82,20-Aug-2026,37,INF205KA1CC7
INVPRECQ,BE,1344,1358,1309.5,1341.5,1342,1316.6,6446,8662208.70,20-Aug-2026,301,INE155E01016
INVICTA,SM,69.5,69.5,69.5,69.5,69.5,69.65,6400,444800.00,20-Aug-2026,4,INE0XJ501010
IOLCP,EQ,158.45,164.7,158.35,163.75,164.14,156.92,2054870,334659441.86,20-Aug-2026,23894,INE485C01029
IONEXCHANG,EQ,376,376.5,370.8,373.1,372.7,372.95,302628,112907621.85,20-Aug-2026,10034,INE570A01022
IPRINGLTD,EQ,143.11,149.6,142,142.25,142.5,147.67,1213,175324.41,20-Aug-2026,49,INE558A01019
IPCALAB,EQ,1922,1928.4,1880.4,1900.1,1900,1903.7,236586,449885309.80,20-Aug-2026,17712,INE571A01038
IRB,EQ,19.1,19.12,18.91,18.95,18.94,18.98,5795433,110262265.38,20-Aug-2026,13463,INE821I01022
IRBINVIT,IV,64.65,64.9,63.41,63.51,63.5,64.45,1139700,73118762.71,20-Aug-2026,7571,INE183W23014
IRCON,EQ,123,128,123,126.54,126.43,122.62,2980868,377299434.81,20-Aug-2026,28577,INE962Y01021
855IREDA34,N3,1225.05,1225.05,1225.05,1225.05,1225.05,1237.08,1,1225.05,20-Aug-2026,1,INE202E07146
880IREDA29,N5,1119,1119,1118.9,1119,1119,1119.02,113,126446.20,20-Aug-2026,11,INE202E07138
IRISDOREME,EQ,59.71,60,58.13,59.27,59.69,58.62,2295138,135651819.42,20-Aug-2026,4516,INE01GN01025
IRIS,EQ,248.75,251.99,246,248.12,247.5,244.92,8018,1993985.30,20-Aug-2026,355,INE864K01010
IRMENERGY,EQ,287.1,289.95,284,285.6,286.55,286.8,52716,15113370.20,20-Aug-2026,1971,INE07U701015
925ISF29,N0,9801,9801,9801,9801,9801,9794,19,186219.00,20-Aug-2026,2,INE413U07467
950ISF27C,N0,9988.77,9988.77,9988.77,9988.77,9988.77,9995,8,79910.16,20-Aug-2026,1,INE413U07426
ISGEC,EQ,756.65,778.1,756.25,761.75,760,756.6,81430,62159680.65,20-Aug-2026,11190,INE858B01029
ISHANCH,EQ,48.15,49.5,47.61,48.25,48.4,47.82,116051,5605324.27,20-Aug-2026,772,INE561M01018
ISHAN,SM,0.5,0.5,0.5,0.5,0.5,0.45,240000,120000.00,20-Aug-2026,5,INE0LCW01025
ITALIANE,SM,32.05,32.05,32.05,32.05,32.05,30.55,4000,128200.00,20-Aug-2026,2,INE0R7R01018
ITCHOTELS,EQ,164,167.9,162.5,166.12,165.91,163.49,1264187,210334403.58,20-Aug-2026,18091,INE379A01028
ITC,EQ,268.2,271.65,265,271.65,271.65,267.05,28272797,7585811234.85,20-Aug-2026,238619,INE154A01025
ITI,EQ,279.75,281.8,278.1,279.5,278.15,279.95,187734,52651949.65,20-Aug-2026,5722,INE248A01017
ITL,EQ,326.9,326.9,311.1,317.85,317.85,326.9,1440,461625.60,20-Aug-2026,31,INE478D01014
IVALUE,EQ,277.9,287.2,277.8,279.65,278.15,278.65,194572,55126364.65,20-Aug-2026,4290,INE056801025
IVP,BE,184.1,185,181.2,183.62,183.99,182.68,14885,2728416.05,20-Aug-2026,167,INE043C01018
IWARE,ST,450,455,435.5,452.85,452.85,444,15600,6965250.00,20-Aug-2026,26,INE1AII01014
IZMO,EQ,873.95,889.9,862.05,866.45,873.7,871.55,79506,69297896.50,20-Aug-2026,5713,INE848A01014
J&KBANK,EQ,149.18,152.3,147.8,148.19,148.33,148.95,1401703,209797269.93,20-Aug-2026,22993,INE168A01041
JGCHEM,EQ,629,639.9,604.1,619.9,610,627.95,194256,121780798.10,20-Aug-2026,7446,INE0MB501011
JAGRAN,EQ,62.19,62.3,61.23,61.79,61.44,61.54,248883,15355046.03,20-Aug-2026,2396,INE199G01027
JAGSNPHARM,EQ,229.54,234.13,229.54,232.99,232.8,230.28,68008,15820205.93,20-Aug-2026,1895,INE048B01035
JAIBALAJI,EQ,66.5,67.89,64.8,66.08,65.7,66.39,887363,58703958.24,20-Aug-2026,2896,INE091G01026
JAICORPLTD,EQ,99.56,101.17,99.56,100.53,100.4,98.68,218911,21986830.56,20-Aug-2026,2522,INE070D01027
JISLDVREQS,EQ,21.58,21.99,20.85,21.35,21.15,21.58,14971,319396.90,20-Aug-2026,106,IN9175A01010
JISLJALEQS,EQ,28.25,28.42,27.91,28.22,28.25,28.05,1167609,32894172.59,20-Aug-2026,4447,INE175A01038
JAINREC,EQ,290.15,307.5,290.15,299.75,298.15,288.85,2350232,706680642.20,20-Aug-2026,40440,INE0YD401026
JAINAM,SM,234,234,234,234,234,235,500,117000.00,20-Aug-2026,1,INE02KC01010
JAINIK,SM,210,212.5,210,212.5,212.5,208,6000,1269060.00,20-Aug-2026,5,INE0XIL01012
JPPOWER,EQ,17.24,17.29,17.07,17.1,17.12,17.03,22273783,382174263.57,20-Aug-2026,32830,INE351F01018
JALAN,ST,1.85,1.85,1.85,1.85,1.85,1.8,6000,11100.00,20-Aug-2026,2,INE349X01015
JAMNAAUTO,EQ,121.5,122.39,120.12,121.43,121.11,120.5,875237,106299537.43,20-Aug-2026,11288,INE039C01032
JSFB,EQ,578,584,561.15,562.85,564.8,571.15,262665,150457044.45,20-Aug-2026,10382,INE953L01027
JARO,EQ,437.05,446.75,437.05,440.05,440,439.5,105011,46559276.05,20-Aug-2026,1908,INE00YJ01010
JASH,EQ,485.9,488.15,480,481.5,484,485.15,34442,16669518.45,20-Aug-2026,3608,INE039O01029
JAYBEE,SM,84,87.75,84,87.1,86.95,83.15,8000,691000.00,20-Aug-2026,15,INE0SMY01017
JAYBARMARU,EQ,127,128.28,126.71,127.19,127.25,125.6,110672,14109873.42,20-Aug-2026,1754,INE571B01036
KORE,SM,159.9,160,134,141.85,134,158.5,4750,691862.50,20-Aug-2026,17,INE0J6801010
JAYAGROGN,EQ,221.1,221.68,217,220.19,218.1,220.45,9488,2078832.11,20-Aug-2026,262,INE785A01026
JAYNECOIND,EQ,92.1,95.45,91.34,93.68,93.61,91.22,7622640,715141649.69,20-Aug-2026,39176,INE854B01010
JAYESH,SM,131.65,137.7,131.65,137.5,137.5,137.55,157000,21257500.00,20-Aug-2026,89,INE1AE401014
JAYKAY,EQ,148.57,149.92,145,145.68,146.9,147.61,175805,25774356.61,20-Aug-2026,4183,INE903A01025
JAYSREETEA,EQ,94.53,102.4,94,100.81,101,93.88,419574,41565386.72,20-Aug-2026,4395,INE364A01020
JBMA,EQ,620,631.2,620,623.35,623.4,618.65,165006,103127076.75,20-Aug-2026,7885,INE927D01051
JSLL,EQ,499.5,518.95,499.4,506.2,510,497.6,618638,316395068.65,20-Aug-2026,20702,INE0J5801029
JENBURPH,EQ,1050.2,1059.9,1045,1045.5,1050,1054.4,1147,1202221.20,20-Aug-2026,58,INE354A01013
JETFREIGHT,EQ,22.55,22.7,21.2,22.12,22.1,21.86,151490,3293477.41,20-Aug-2026,515,INE982V01025
JEYYAM,ST,22.9,23,22.9,22.9,22.9,23,8000,183500.00,20-Aug-2026,4,INE0RXB01022
JFLLIFE,SM,11.2,11.2,11.2,11.2,11.2,11.75,6000,67200.00,20-Aug-2026,1,INE0LA901015
JHS,EQ,8.58,8.58,8.01,8.15,8.12,8.41,47088,387397.33,20-Aug-2026,309,INE544H01014
RETAIL,EQ,17.55,17.96,17.01,17.64,17.74,17.45,3408,58581.97,20-Aug-2026,47,INE03DD01011
JPOLYINVST,EQ,995,1009.9,950,954.4,950,987.7,23981,23355408.40,20-Aug-2026,2246,INE147P01019
JINDRILL,EQ,639,639,618,628.7,632,635.1,520104,327438752.85,20-Aug-2026,14396,INE742C01031
JINDALPHOT,EQ,1087.7,1087.7,1044.2,1049.4,1051.2,1053.3,1875,1976189.50,20-Aug-2026,203,INE796G01012
JINDALPOLY,EQ,639.95,644.85,634.6,637,635,638.35,7268,4635131.95,20-Aug-2026,552,INE197D01010
JINDALSAW,EQ,268.95,275.55,268.95,269.75,269.05,268.7,717361,194985018.65,20-Aug-2026,23426,INE324A01032
JSL,EQ,729.9,731.2,716,718.4,716.25,724,238908,172477810.10,20-Aug-2026,16252,INE220G01021
JINDALSTEL,EQ,1120.1,1142,1108.4,1118.9,1118.9,1115,992910,1118806826.10,20-Aug-2026,37236,INE749A01030
JINDWORLD,EQ,35.59,36,34.85,35.1,35.12,35.58,966589,34218137.25,20-Aug-2026,4250,INE247D01039
JKIPL,EQ,97.99,100.07,95.51,99.77,99.01,95.31,87871,8659605.47,20-Aug-2026,480,INE1FF001016
JIOFIN,EQ,244,247.25,243.75,244.6,244.6,243.15,8819149,2165318041.65,20-Aug-2026,60107,INE758E01017
NIFTYJBLK,EQ,12.35,12.96,12.35,12.5,12.5,12.5,306540,3811612.87,20-Aug-2026,469,INF22M001184
JITFINFRA,EQ,311,318.15,306,308.05,307,312.2,22921,7106312.35,20-Aug-2026,850,INE863T01013
JIWANRAM,SM,5.1,5.15,4.65,4.75,4.75,4.9,54000,267000.00,20-Aug-2026,9,INE0N5H01017
JKCEMENT,EQ,5302,5349,5243,5266,5248.5,5276,21168,111700140.50,20-Aug-2026,5254,INE823G01014
JKLAKSHMI,EQ,558.25,563.85,555.05,557.9,556.65,558.25,95721,53428971.45,20-Aug-2026,11424,INE786A01032
JKPAPER,EQ,382,391.8,379.3,389.6,387.25,379,328859,127448212.80,20-Aug-2026,9668,INE789E01012
JKTYRE,EQ,377,379.7,372.5,373.4,374.55,374.85,440312,165072332.00,20-Aug-2026,11047,INE573A01042
JKIL,EQ,504.85,509.75,501,503.65,504,504.7,45956,23231292.20,20-Aug-2026,2122,INE576I01022
JMFINANCIL,EQ,127,130.69,127,129.16,129.2,126.3,3167777,410296042.71,20-Aug-2026,27536,INE780C01023
JNKINDIA,EQ,454.05,459.2,445,450.35,451,454,109022,49043993.45,20-Aug-2026,3564,INE0OAF01028
JOCIL,BE,150,150.55,146.8,150,150,149.92,761,113323.20,20-Aug-2026,13,INE839G01010
COCKERILL,EQ,8091,8225.5,7762.5,7834,7821,8010.5,15478,123187026.00,20-Aug-2026,4225,INE515A01019
JSWCEMENT,EQ,124.19,126.48,123.98,125.13,125.16,123.66,656733,82350220.58,20-Aug-2026,8630,INE718I01012
JSWDULUX,EQ,3145,3145,3076,3086.1,3086,3094.2,14813,45712374.30,20-Aug-2026,3655,INE133A01011
JSWENERGY,EQ,545.95,547,540.1,542,542,543.95,1459729,792801557.65,20-Aug-2026,35800,INE121E01018
JSWHL,EQ,11450,11682,11401,11465,11461,11329,1878,21642984.00,20-Aug-2026,969,INE824G01012
JSWINFRA,EQ,332,334.7,328.75,329.85,330,329.9,1462459,483878863.05,20-Aug-2026,31922,INE880J01026
JSWSTEEL,EQ,1298.5,1310.6,1281.5,1299.7,1299.7,1285.8,3416352,4426097612.20,20-Aug-2026,134917,INE019A01038
JTEKTINDIA,EQ,129.05,131.44,128.5,129.27,129.3,128.73,82567,10747252.18,20-Aug-2026,1384,INE643A01035
JTLIND,EQ,73,74.95,72.69,74.61,74.9,72.18,1430095,105305720.61,20-Aug-2026,9699,INE391J01032
JUBLCPL,EQ,2312.3,2362.3,2270,2284,2296,2312.3,3781,8669780.40,20-Aug-2026,504,INE03CC01015
JUBLFOOD,EQ,504.85,510.9,499.1,507.3,507.3,498.3,1576256,797353004.80,20-Aug-2026,32997,INE797F01020
JUBLINGREA,EQ,710,729.5,704.8,720.4,718.3,708.4,257222,185226383.85,20-Aug-2026,13185,INE0BY001018
JUBLPHARMA,EQ,871,886.35,863.85,871.05,865,868,181295,159287115.65,20-Aug-2026,18916,INE700A01033
JMA,EQ,91.9,91.9,90,91.11,91.45,90.28,10731,976569.84,20-Aug-2026,190,INE412C01023
JNPR,EQ,252.81,275.52,251.73,273.76,272.72,253.71,7029425,1887532314.22,20-Aug-2026,80558,INE05C901015
JUNIPER,EQ,194,207,194,205.21,205.74,197.79,509829,103462910.12,20-Aug-2026,9483,INE696F01016
JLHL,EQ,324,324,315,317.7,317,320.55,45839,14622437.90,20-Aug-2026,2324,INE682M01020
JWL,EQ,249.4,253.95,247.1,248.1,248,248.5,783978,196484721.25,20-Aug-2026,13861,INE209L01016
JUSTDIAL,EQ,660.5,686.6,659.2,680.65,682.9,660.45,232249,156780695.65,20-Aug-2026,9072,INE599M01018
JYOTHYLAB,EQ,207.89,210.37,207,208.46,207.9,207.88,491369,102489330.79,20-Aug-2026,16082,INE668F01031
JYOTICNC,EQ,949,965.85,943.05,949.75,951.5,950.65,879075,838433405.45,20-Aug-2026,26173,INE980O01024
JYOTIGLOBL,SM,40.8,40.8,37.65,37.8,37.65,38.95,16000,639200.00,20-Aug-2026,7,INE1M3T01017
JYOTIRES,EQ,877.7,877.7,840.05,849.9,849.95,864.55,36308,30863803.70,20-Aug-2026,1312,INE577D01013
JYOTISTRUC,EQ,10.78,10.87,10.62,10.69,10.74,10.71,2692648,28822354.01,20-Aug-2026,2305,INE197A01024
KJMCFIN,EQ,66.35,66.42,61.9,66.42,66.42,55.35,3326,217498.34,20-Aug-2026,62,INE533C01018
KMCSHIL,EQ,138.32,139.79,136,136.94,139,136.95,116875,16097380.99,20-Aug-2026,1697,INE879K01018
KMSUGAR,EQ,33.01,36,33.01,35.3,35.3,32.63,1974656,68847915.25,20-Aug-2026,8818,INE157H01023
KPEL,EQ,268.2,271,255.15,256.65,256,268.2,442666,116129407.85,20-Aug-2026,12030,INE127T01021
K2INFRA,ST,49.6,52,49.5,50.25,50.25,51,12600,637260.00,20-Aug-2026,19,INE0DEZ01013
KABRAEXTRU,EQ,506.1,541,506.1,529.1,529.55,500.8,491124,260339792.85,20-Aug-2026,12367,INE900B01029
KKJEWELS,SM,106.55,106.55,100,102.05,104.9,102.5,8000,820850.00,20-Aug-2026,7,INE0XOW01017
KAJARIACER,EQ,1212.5,1227.4,1208,1220.7,1224,1208.9,87721,106893163.80,20-Aug-2026,7974,INE217B01036
KAKATCEM,EQ,116.89,120.72,113.1,118.82,118,114.98,12942,1540584.29,20-Aug-2026,238,INE437B01014
KALANA,SM,23.15,23.15,22.6,23.15,23.15,22.05,56000,1286000.00,20-Aug-2026,22,INE0T0L01014
KALPATARU,EQ,275.7,290,274.3,288.35,287.6,273.6,88463,25150256.55,20-Aug-2026,2393,INE227J01012
KPIL,EQ,1382.5,1404,1378.2,1387.6,1393,1376.6,159374,221443251.40,20-Aug-2026,15200,INE220B01022
KALYANKJIL,EQ,600.7,605.05,592.65,596,596,595.2,5139528,3072491878.75,20-Aug-2026,48342,INE303R01014
KALYANIFRG,EQ,686,715,676,691.05,687,675.55,7390,5146635.30,20-Aug-2026,713,INE314G01014
KICL,EQ,5300,5300,5228,5258,5251,5222.5,448,2356412.00,20-Aug-2026,171,INE029L01018
KSL,EQ,884,884,851.2,856.65,856,875.55,36688,31779834.85,20-Aug-2026,2724,INE907A01026
KAMAHOLD,EQ,2454.9,2454.9,2419,2424.8,2438.3,2442.7,3319,8054611.10,20-Aug-2026,769,INE411F01010
KAMANWALA,EQ,18.59,18.59,16.11,16.68,16.99,18.63,56343,963705.89,20-Aug-2026,484,INE344D01018
KAMATHOTEL,EQ,193,193.5,187.52,190.83,193.2,189.42,73533,14020646.72,20-Aug-2026,1691,INE967C01018
KAMDHENU,BE,33.93,34.77,33.15,33.66,33.73,33.78,313830,10577791.74,20-Aug-2026,2080,INE390H01020
KAMOPAINTS,EQ,4.35,5.15,4.25,4.55,4.54,4.35,633467,2899780.57,20-Aug-2026,990,INE0BTI01037
KANANIIND,EQ,1.5,1.51,1.46,1.48,1.51,1.47,80258,119512.42,20-Aug-2026,183,INE879E01037
KANCHI,EQ,379.75,379.75,364.55,372,372,374.6,1610,600353.30,20-Aug-2026,51,INE081G01019
KANCOTEA,EQ,52.95,52.95,50.9,52.78,52.79,51.64,2150,112831.52,20-Aug-2026,14,INE398L01017
KANDARP,SM,100,100,100,100,100,101,3000,300000.00,20-Aug-2026,1,INE0MOT01016
KANORICHEM,BE,152,155.5,150.2,153.43,152.68,151.6,26300,4038009.38,20-Aug-2026,175,INE138C01024
KANPRPLA,EQ,255.6,269,242.2,266.18,265,256.59,77323,19937242.39,20-Aug-2026,1871,INE694E01014
KANSAINER,EQ,202.37,204.59,200.53,201.51,202,201.37,151212,30602362.96,20-Aug-2026,6693,INE531A01024
KAPSTON,EQ,523.4,534.3,522,524.8,524,523.4,28644,15116907.95,20-Aug-2026,1634,INE542Z01028
KARMAENG,EQ,38.3,39.39,38.3,39.22,39.26,38.26,2030,78431.85,20-Aug-2026,55,INE725L01011
KTKBANK,EQ,324.75,337.9,320.6,335.05,337,324.05,6192277,2048950885.15,20-Aug-2026,54021,INE614B01018
KARNIKA,SM,115.5,116.9,112.5,115,115,114.85,37000,4261350.00,20-Aug-2026,19,INE0MGA01012
KARURVYSYA,EQ,331.2,341.95,331.2,334.1,334.4,331.05,2334666,787754853.00,20-Aug-2026,47485,INE036D01028
KATARIA,SM,103.8,110,103.8,105.25,105,102.5,27600,2957970.00,20-Aug-2026,41,INE0SVY01018
KAUSHALYA,BE,876.35,906,871,886.3,904,876.35,372,331425.95,20-Aug-2026,46,INE234I01028
KLL,SM,23.25,23.25,21.8,21.8,21.8,22.95,22400,507160.00,20-Aug-2026,20,INE0Q2V01012
KSCL,EQ,768,775.85,766,773.4,769,771.35,102004,78801622.05,20-Aug-2026,3300,INE455I01029
KAVDEFENCE,EQ,57.1,58.86,56.21,57.22,57.88,57.07,69338,3958532.03,20-Aug-2026,998,INE641C01019
KCEIL,SM,76,77.9,74,75.85,76.3,76.45,33500,2517450.00,20-Aug-2026,55,INE0RCG01017
KAYA,EQ,339.95,385,336.55,374.1,378,338.45,245362,90887309.95,20-Aug-2026,7685,INE587G01015
KAYNES,EQ,3826.1,3897,3800,3815,3815,3823.3,1015464,3914664884.10,20-Aug-2026,61917,INE918Z01012
KAYTEX,SM,54,59.7,53.6,58.75,58.8,54,17600,1007120.00,20-Aug-2026,22,INE13ZD01013
KCK,ST,14.8,15.1,14.65,15.05,15.1,14.8,50000,747000.00,20-Aug-2026,18,INE0J1E01027
KCP,EQ,151,167.35,150.6,165.08,164.8,151.39,1075019,174711563.82,20-Aug-2026,13354,INE805C01028
KCPSUGIND,BE,32.01,33.63,31.5,33.63,33.63,32.03,531196,17507155.59,20-Aug-2026,1329,INE790B01024
KDDL,EQ,3950.1,4000,3910,3942.7,3970,3950.1,17812,70593053.20,20-Aug-2026,3359,INE291D01011
KEC,EQ,425,435.95,418,424.1,425,423.5,1571646,675863387.05,20-Aug-2026,29817,INE389H01022
KEI,EQ,5720,5779,5643.5,5675,5675,5681.1,316302,1797690260.10,20-Aug-2026,34748,INE878B01027
KELLTONTEC,EQ,13.4,13.76,13.4,13.6,13.6,13.34,1145893,15577167.51,20-Aug-2026,2801,INE164B01030
KEN,SM,40.7,40.7,40.4,40.6,40.6,41.5,4800,194760.00,20-Aug-2026,4,INE15DO01012
KENNAMET,EQ,3634.2,3749.8,3617,3719.6,3719.4,3616.1,75652,277266289.30,20-Aug-2026,7852,INE717A01029
KERNEX,EQ,1890,1895.4,1830,1837,1836,1875,276618,511798110.80,20-Aug-2026,20871,INE202H01019
KESORAMIND,BE,11.53,11.69,11.53,11.68,11.68,11.72,229670,2665908.28,20-Aug-2026,214,INE087A01019
KKCL,EQ,520.25,524,516.55,518.6,518,517.95,17949,9331009.30,20-Aug-2026,1237,INE401H01017
KEYFINSERV,EQ,260,274.95,252,261.1,261,254.1,1197,310983.20,20-Aug-2026,56,INE681C01015
RUSTOMJEE,EQ,373.95,373.95,370,370.95,370.2,369.85,12576,4664082.95,20-Aug-2026,606,INE263M01029
KFINTECH,BL,925,925,925,925,925,366,15135135,13999999875.00,20-Aug-2026,12,INE138Y01010
KFINTECH,EQ,963,973.7,936.8,961,961,948,2182939,2099599351.20,20-Aug-2026,48749,INE138Y01010
KHADIM,BE,97,97.9,93.56,94.91,95,97,16569,1576650.17,20-Aug-2026,216,INE834I01025
KHAITANLTD,EQ,144.6,149.9,144.6,146.94,145.5,148.8,1849,273587.58,20-Aug-2026,45,INE731C01018
KHAICHEM,EQ,57.7,58.5,55.6,56.65,56.5,57.65,163630,9290157.14,20-Aug-2026,1255,INE745B01028
KHANDSE,EQ,17.03,17.96,16.5,16.63,16.5,17.18,6933,117631.43,20-Aug-2026,35,INE060B01014
KHFM,SM,42,46.7,42,46.7,46.7,46.9,4650,208785.00,20-Aug-2026,3,INE00UG01014
KLBRENG-B,EQ,365,366.95,354.05,357.65,357,363.5,175275,62835367.40,20-Aug-2026,5042,INE338F01015
KILITCH,BE,157.15,166,156,162.54,162.53,158.1,98322,16005867.68,20-Aug-2026,477,INE729D01010
KINGFA,EQ,5859.5,5924.5,5704.5,5857.5,5823.5,5780,19945,116330864.50,20-Aug-2026,6556,INE473D01015
KIOCL,EQ,379.1,395.6,379.1,385.4,383.1,377.5,161795,62699412.25,20-Aug-2026,5725,INE880L01014
KIRANVYPAR,EQ,201.5,203,195.5,202.52,202.9,201.99,1844,371017.49,20-Aug-2026,62,INE555P01013
KIRIINDUS,EQ,435,479.95,434,461.3,460.5,431.3,5952449,2776108791.55,20-Aug-2026,103429,INE415I01015
KIRLOSBROS,EQ,1954.3,1978,1915,1918.2,1916,1951.4,34360,66582603.40,20-Aug-2026,5574,INE732A01036
KECL,EQ,132.7,134.08,129.12,130.69,131,131.63,156586,20548992.10,20-Aug-2026,2216,INE134B01017
KIRLFER,EQ,431,445.45,428.3,444.05,444,430.15,85355,37562754.45,20-Aug-2026,3831,INE884B01025
KIRLOSIND,EQ,3747.1,3768.1,3701.4,3714.1,3705.1,3729.7,4073,15196681.20,20-Aug-2026,798,INE250A01039
KIRLOSENG,EQ,2094,2177,2080.3,2150.1,2150.2,2079.9,429267,918476869.30,20-Aug-2026,45373,INE146L01010
KIRLPNU,EQ,737.1,748.4,722.5,739.8,743.7,736.7,317105,233362882.60,20-Aug-2026,25302,INE811A01038
KITEX,EQ,124.5,127.58,123.15,124.73,125.3,124.28,688856,86062793.88,20-Aug-2026,8081,INE602G01020
KNAGRI,EQ,215,221.4,206.6,212.61,206.6,214.88,21572,4655326.95,20-Aug-2026,227,INE0KNW01016
KNACK,EQ,201,210.94,199,209.17,209.1,199.6,1733969,357251403.09,20-Aug-2026,18577,INE17QZ01016
KMEW,EQ,2765,2765,2677,2691.8,2704.5,2748.4,53170,144343188.80,20-Aug-2026,7541,INE0CJD01029
KRT,RR,116.4,116.6,115.35,116.3,116.49,115.9,237801,27613172.12,20-Aug-2026,4445,INE1JAR25012
KNRCON,EQ,127.95,129.09,126.5,127.14,127,127.37,1147370,146309103.04,20-Aug-2026,11450,INE634I01029
KODYTECH,ST,1399.9,1435,1399.9,1431.2,1428,1401.15,6200,8828765.00,20-Aug-2026,46,INE0Q7P01013
KOHINOOR,EQ,32.1,35.75,30.95,34.81,34.5,31.27,1740167,60045446.25,20-Aug-2026,9723,INE080B01012
KOKUYOCMLN,EQ,80.69,81.48,79.4,79.8,80,80.24,83699,6705996.04,20-Aug-2026,1268,INE760A01029
KOLTEPATIL,EQ,462.9,499.95,462.9,465.9,465,456.7,752542,360955022.30,20-Aug-2026,22028,INE094I01018
KONSTELEC,ST,56,57.75,56,56,56,58.9,21000,1180700.00,20-Aug-2026,20,INE0QEI01011
KOPRAN,BE,207.46,207.46,197.09,199.72,200,207.46,113587,23031339.75,20-Aug-2026,944,INE082A01010
KDL,SM,91,92.6,87.2,88.55,88.3,88.55,21750,1959937.50,20-Aug-2026,80,INE0O4R01018
GOLD1,EQ,128.91,131.99,128.7,130.38,130.27,127.05,2805228,365380544.56,20-Aug-2026,9783,INF174KA1HJ8
KOTAKBANK,EQ,393.6,399.55,393.15,397.35,397.35,390.25,9258923,3675482829.60,20-Aug-2026,97164,INE237A01036
NIFTY1,EQ,269,270.2,268.26,269.27,269.7,267.5,427473,115173782.35,20-Aug-2026,1276,INF174K014P6
PSUBANK,EQ,86.66,86.99,85.88,86.02,86.24,86.23,49609,4289135.91,20-Aug-2026,347,INF174KA1A86
CHEMICAL,EQ,30.64,30.77,30.26,30.4,30.48,30.48,176680,5390530.72,20-Aug-2026,941,INF174KA1XV0
ALPHA,EQ,53.6,54.07,53.6,53.84,53.73,53.48,780031,42041926.71,20-Aug-2026,1819,INF174KA1IA5
CONS,EQ,12.43,12.48,12.38,12.45,12.48,12.37,9986,124067.01,20-Aug-2026,100,INF174KA1ZF8
IT,EQ,34.24,34.39,33.91,34,34.26,33.67,318543,10885995.17,20-Aug-2026,661,INF174KA1GC5
LIQUID1,EQ,1120.55,1121.99,1118.82,1118.97,1118.97,1118.81,670389,750150218.21,20-Aug-2026,834,INF174KA1LV5
LOWVOL1,EQ,21.4,21.43,21.25,21.31,21.25,21.3,1458491,31165357.42,20-Aug-2026,136,INF174KA1IY5
MIDCAP,EQ,18.93,18.94,18.68,18.76,18.72,18.58,293476,5504982.46,20-Aug-2026,678,INF174KA1ZC5
MNC,EQ,34.39,34.39,34.19,34.37,34.38,34.09,53788,1846679.46,20-Aug-2026,258,INF174KA1JF2
SILVER1,EQ,22.6,23.4,22.6,22.85,22.85,21.99,10844593,248420614.24,20-Aug-2026,5866,INF174KA1ZD3
NV20,EQ,14.02,14.02,13.87,13.89,13.87,13.9,21358,298311.88,20-Aug-2026,150,INF174KA1ZE1
MID150,EQ,23.9,23.9,23.66,23.73,23.81,23.7,25358,604137.17,20-Aug-2026,162,INF174KA1VW2
MOMENTUM30,EQ,30.94,31,30.7,30.88,30.9,30.79,365736,11318724.43,20-Aug-2026,87,INF174KA1XS6
MSCIINDIA,EQ,30.24,30.24,30.08,30.13,30.14,29.98,15012,453075.20,20-Aug-2026,54,INF174KA1VD2
NEXT50ETF,EQ,74.75,75.07,74.32,74.84,75,74.6,7788,583596.97,20-Aug-2026,73,INF174KA1YO3
NIFTY100EW,EQ,35.58,35.58,35.44,35.55,35.57,35.4,66588,2361437.48,20-Aug-2026,220,INF174KA1UW4
PVTBANK,EQ,27.5,27.63,27.49,27.49,27.63,27.28,4244,116810.89,20-Aug-2026,18,INF174KA1A94
QUALITY30,EQ,21.04,21.13,20.94,21.06,21.13,20.84,2844,59662.20,20-Aug-2026,17,INF174KA1WT6
BANKNIFTY1,EQ,60,60,59.63,59.78,59.63,59.44,208605,12483114.26,20-Aug-2026,566,INF174KA1ZB7
KOTIC,EQ,141.9,147.43,141.9,144.5,144.15,144.8,1412,204223.26,20-Aug-2026,81,INE972A01020
KOTHARIPET,EQ,135.61,135.61,132.12,134.3,134.49,133.39,41114,5505686.09,20-Aug-2026,1218,INE720A01015
KOTHARIPRO,EQ,69.85,69.85,67.22,67.78,67.75,68.13,4348,294875.24,20-Aug-2026,85,INE823A01017
KOTARISUG,EQ,27.88,31.4,27.68,30.25,30.3,27.22,1120926,33569250.80,20-Aug-2026,3870,INE419A01022
KOTYARK,BE,33.61,36.27,33.61,36.27,36.27,34.55,290371,10107319.87,20-Aug-2026,260,INE0J0B01017
KOVAI,EQ,6020.5,6086.5,5968,6066.5,6071,5999.5,3630,21825727.50,20-Aug-2026,757,INE177F01017
KPIGREEN,EQ,309.2,314.55,306,307.05,307.2,308.35,1086522,336533080.45,20-Aug-2026,20223,INE542W01025
KPITTECH,EQ,595,601.25,590.05,592.9,592.9,589.1,641737,382356092.60,20-Aug-2026,15647,INE04I401011
KPRMILL,EQ,1132.8,1160,1126.1,1153.2,1152.2,1126.2,245826,282320117.70,20-Aug-2026,18209,INE930H01031
KRBL,EQ,401,405.1,392,397.25,396.65,399.6,591855,235202825.35,20-Aug-2026,19786,INE001B01026
KREBSBIO,EQ,54.51,55.8,53,55.2,54.2,54.13,4422,240135.52,20-Aug-2026,127,INE268B01013
KRIDHANINF,BE,2.25,2.25,2.12,2.16,2.16,2.18,121574,266303.07,20-Aug-2026,43,INE524L01026
KRISHANA,EQ,194.9,199.99,193.8,196.52,198,194.3,874324,172491210.84,20-Aug-2026,10975,INE506W01020
KRISHCA,SM,165.05,166,162,163.7,164.45,165,13000,2128150.00,20-Aug-2026,23,INE0NR701018
KRISHIVAL,EQ,368.2,398.7,368.2,393.55,394.9,366.25,110332,42368262.10,20-Aug-2026,1903,INE0GGO01015
KRISHNADEF,EQ,1083.9,1094.9,1026,1037.9,1048,1077.8,152475,160729499.90,20-Aug-2026,12198,INE0J5601015
KIMS,EQ,800.5,800.5,787,790,787.85,788.65,225534,178134102.30,20-Aug-2026,11371,INE967H01025
KRITI,EQ,66.5,67,63.65,65.74,65.31,66.43,9991,654249.12,20-Aug-2026,217,INE479D01038
KRITINUT,EQ,85.95,85.95,82,83.92,84,84.27,22369,1867760.23,20-Aug-2026,451,INE798K01010
KRITIKA,EQ,5.56,5.71,5.56,5.62,5.63,5.62,54271,305749.94,20-Aug-2026,272,INE00Z501029
KRMAYURVED,SM,283.95,294.95,275.6,289.15,289,279.75,52000,14874750.00,20-Aug-2026,43,INE1MTV01019
KRN,EQ,1544,1546,1511,1518.3,1519,1501.2,128046,195704310.60,20-Aug-2026,8649,INE0Q3J01015
KRONOX,EQ,155.01,186.19,155.01,186.19,186.19,155.16,5889347,1046900148.24,20-Aug-2026,43002,INE0ATZ01017
KROSS,EQ,199.25,214.89,199.25,210.36,209.61,198.27,773961,162416812.89,20-Aug-2026,13971,INE0O6601022
KRSNAA,EQ,535,551.5,535,550,551.45,536,43673,23748700.10,20-Aug-2026,4076,INE08LI01020
KRYSTAL,EQ,635,689,620.7,681.35,680.25,629.45,688365,446029432.55,20-Aug-2026,3788,INE0QN801017
KSB,EQ,807.1,813.85,789.9,802.5,798,807.1,125490,100522150.80,20-Aug-2026,10599,INE999A01023
KSE,EQ,198.5,198.5,193.21,196.8,198,197.69,119471,23425747.99,20-Aug-2026,1672,INE953E01022
KSHINTL,EQ,1019,1027.8,1002.15,1011.3,1011.2,1006.05,137591,139433843.80,20-Aug-2026,8821,INE987S01020
KSHITIJPOL,EQ,2.93,2.93,2.8,2.85,2.88,2.89,503444,1444569.15,20-Aug-2026,781,INE013801027
KSOLVES,EQ,272.65,278.95,266.9,270.4,269.7,272.65,46156,12476393.85,20-Aug-2026,1700,INE0D6I01023
KSR,EQ,28.51,30,27,27.42,27.32,28.84,77843,2131465.64,20-Aug-2026,394,INE1SPP01016
KUANTUM,EQ,76.25,77.5,74.21,74.99,75.22,78.7,345202,25945301.44,20-Aug-2026,2725,INE529I01021
KUSUMGAR,EQ,569.9,577.5,556.05,572.5,577,566.35,520667,294633674.95,20-Aug-2026,21172,INE0ISX01025
KPL,EQ,3490,3708.9,3474.7,3630.3,3634.8,3452.4,71712,260295948.40,20-Aug-2026,9258,INE552U01010
KWIL,EQ,38,44.3,37.75,43.47,43.35,37.71,101299688,4254323916.86,20-Aug-2026,173426,INE2KCE01013
LKPSEC,EQ,16.26,17.2,16.24,17.2,17.2,16.25,7740,127371.88,20-Aug-2026,87,INE341H01023
LTF,EQ,317.05,320,313.7,314.75,314.75,315.4,3115446,986870345.40,20-Aug-2026,36721,INE498L01015
LTTS,EQ,3594.6,3663.9,3570,3579.1,3580,3540.9,157113,568232399.60,20-Aug-2026,28217,INE010V01017
LAOPALA,EQ,182.05,182.05,176.5,178.35,179.1,187.24,396333,70722293.76,20-Aug-2026,13907,INE059D01020
LADDERUP,EQ,49.5,49.5,49,49.25,49.25,49.69,487,23988.50,20-Aug-2026,8,INE519D01015
LAGNAM,EQ,78.31,78.31,76.5,77.15,76.65,77.93,9602,743952.33,20-Aug-2026,85,INE548Z01017
LAHOTIOV,EQ,42.05,42.99,39.31,40.81,39.32,41.16,16047,658804.84,20-Aug-2026,104,INE515C01023
LFIC,EQ,140.8,145,137,138.24,137.9,140.18,1084,151522.24,20-Aug-2026,51,INE850E01012
LAKSHMIMIL,EQ,8200,8500,8200,8300,8300,8059,49,411207.50,20-Aug-2026,27,INE938C01019
LAKPRE,BZ,4.36,4.36,4.25,4.25,4.25,4.36,700,2984.50,20-Aug-2026,7,INE651C01018
LAKSHYA,SM,83.25,85.9,82.5,82.5,82.5,82.3,4800,401920.00,20-Aug-2026,6,INE0VZS01015
LAMBODHARA,EQ,108.35,111.98,106.14,107.63,108,110.18,14217,1536215.92,20-Aug-2026,257,INE112F01022
LAMOSAIC,ST,56.35,56.85,54.75,55.8,54.75,55.95,19200,1075500.00,20-Aug-2026,24,INE0R0201012
LANCER,EQ,10.55,10.7,10.1,10.38,10.67,10.4,370610,3825301.39,20-Aug-2026,820,INE359U01028
LANCORHOL,EQ,27.76,29.3,27.21,28.91,29.3,27.22,303280,8662001.83,20-Aug-2026,2296,INE572G01025
LANDMARK,EQ,512.15,519.2,503,509.2,506.35,510.25,109831,56053185.60,20-Aug-2026,5050,INE559R01029
LPDC,EQ,7.01,7.6,7.01,7.17,7.19,7.26,28251,203578.89,20-Aug-2026,150,INE197J01017
LANDSMILL,EQ,0.75,0.76,0.74,0.74,0.74,0.75,2915296,2179207.40,20-Aug-2026,790,INE688J01023
LT,EQ,4050.5,4084.9,4048.3,4081,4081,4041.3,1056060,4296541317.20,20-Aug-2026,66205,INE018A01030
LASA,EQ,7.23,7.33,6.42,6.99,6.88,7.09,87284,605753.40,20-Aug-2026,423,INE670X01014
LASERPOWER,EQ,324.9,335.4,321.3,328.4,329,322.5,1655795,544553482.40,20-Aug-2026,34403,INE17IR01028
LATENTVIEW,EQ,277.3,285.5,277.3,281.75,281,276.5,452578,128098979.30,20-Aug-2026,13250,INE0I7C01011
LATTEYS,EQ,22.84,23.5,22.51,22.8,22.89,22.84,91269,2102277.97,20-Aug-2026,325,INE262Z01023
LAURUSLABS,EQ,1819,1832,1813.8,1825,1825,1801.8,1315065,2397902264.80,20-Aug-2026,34397,INE947Q01028
LAXMICOT,EQ,15.26,15.29,13.91,13.96,13.92,14.89,64570,929257.62,20-Aug-2026,246,INE801V01019
LAXMIDENTL,EQ,197.99,202.43,195.57,198.18,196.25,195.77,119295,23757207.49,20-Aug-2026,4567,INE0WO601020
LGHL,EQ,175,180,171.9,174.15,175,173.69,4537,790741.25,20-Aug-2026,316,INE258Y01016
LAXMIINDIA,EQ,132.5,136.62,131,132.9,133.75,130.89,230885,30961270.21,20-Aug-2026,1780,INE06WU01026
LXCHEM,EQ,175.09,177.5,174,174.51,174.26,174.31,394248,69289606.96,20-Aug-2026,4607,INE576O01020
LCCINFOTEC,EQ,3.75,4.12,3.5,3.67,3.67,3.75,87884,339011.74,20-Aug-2026,118,INE938A01021
LEMERITE,EQ,23.77,23.77,23.32,23.45,23.5,23.54,287461,6771943.64,20-Aug-2026,480,INE0G1L01025
IXIGO,EQ,170.5,172.59,168.11,170.45,170.5,168.79,1166478,198330397.13,20-Aug-2026,39202,INE0HV901016
LRRPL,SM,85.95,87.65,85.5,87.65,87.65,83.5,10500,909900.00,20-Aug-2026,7,INE0H4B01011
LEAPIND,EQ,162.78,169.8,162.5,166.66,167,159.69,18931621,3152473840.54,20-Aug-2026,131049,INE00GO01025
LEENEE,EQ,8.73,8.73,7.95,8.36,8.37,7.77,44101,365567.48,20-Aug-2026,196,INE791B01014
THELEELA,EQ,540.35,544.35,528.15,539.7,536,532.8,1415946,763537166.85,20-Aug-2026,73002,INE0AQ201015
LEMONTREE,EQ,108.7,109.1,107.58,107.96,107.7,108.08,3172639,343299491.62,20-Aug-2026,47921,INE970X01018
LENSKART,EQ,646.7,657.9,638.85,654.8,656.55,639.6,6214546,4014559059.45,20-Aug-2026,95087,INE956O01016
LEXUS,EQ,14.57,14.57,13.78,13.88,13.83,14.13,6267,88711.43,20-Aug-2026,171,INE500X01013
LGBBROSLTD,EQ,1603,1609,1585,1599.6,1602,1603,20738,33079836.10,20-Aug-2026,2761,INE337A01034
LGEINDIA,EQ,1660,1687.3,1628,1632.8,1632,1645.1,590189,970535081.40,20-Aug-2026,52621,INE324D01010
LIBAS,EQ,9.94,9.94,9.63,9.83,9.85,9.68,23562,231127.65,20-Aug-2026,109,INE908V01012
LIBERTSHOE,EQ,243.95,245.8,240.1,241.1,240.6,244.25,18238,4416302.70,20-Aug-2026,665,INE557B01019
LICHSGFIN,EQ,500,511.45,498.2,508.05,508.05,497,2938868,1487603452.30,20-Aug-2026,39755,INE115A01026
LICMFGOLD,EQ,140.25,140.75,138.05,139.6,139.6,136.8,420995,58931831.40,20-Aug-2026,1100,INF767K01SM1
LICNETFN50,EQ,272.6,272.64,271.26,271.82,271.79,271,747,202833.25,20-Aug-2026,28,INF767K01OS7
LICNFNHGP,EQ,277.38,280.05,277.38,280.05,280.05,276.87,320,89075.88,20-Aug-2026,6,INF767K01PC8
LICNETFGSC,EQ,30.53,30.53,29.41,29.56,29.53,29.79,31178,921875.30,20-Aug-2026,89,INF767K01MV5
LICNMID100,EQ,64.03,64.46,63.95,63.99,63.99,63.64,3614,232541.49,20-Aug-2026,58,INF767K01RN1
LICI,EQ,415.05,424.4,412.95,419,419,413.1,19032512,7995498083.30,20-Aug-2026,146715,INE0J1Y01017
LIKHITHA,EQ,210,215.95,205,213.08,213.59,207.48,40046,8406416.55,20-Aug-2026,855,INE060901027
LINC,EQ,97.1,97.86,94.5,95.04,95.01,96.33,16342,1565786.74,20-Aug-2026,440,INE802B01027
LINCOLN,EQ,612.55,625,612.55,622.6,621.6,609.5,18263,11338637.10,20-Aug-2026,1350,INE405C01035
LINDEINDIA,EQ,6780,6782.5,6679.5,6695,6690,6702.5,8643,58005941.50,20-Aug-2026,2310,INE473A01011
LLOYDSENGG,EQ,93.55,93.7,91.62,92.25,92.2,92.9,4581955,423318312.93,20-Aug-2026,19023,INE093R01011
LLOYDSENT,EQ,78.99,79.98,77.92,78.55,79.08,78.57,3763919,296226155.31,20-Aug-2026,10117,INE080I01025
LLOYDS,SM,63.15,63.15,63.15,63.15,63.15,63,1000,63150.00,20-Aug-2026,1,INE0DTQ01028
LLOYDSME,EQ,1928,1931,1885.1,1891.4,1890,1919,298075,567340254.70,20-Aug-2026,13630,INE281B01032
LMW,EQ,19650,19800,19363,19570,19600,19665,3197,62490902.00,20-Aug-2026,1284,INE269B01029
LODHA,EQ,1220,1246.5,1215.5,1240,1240,1210,952802,1178770436.30,20-Aug-2026,24294,INE670K01029
LCL,EQ,552,576.95,536.3,539.85,540,561.3,1614885,898451892.95,20-Aug-2026,42702,INE0QJW01029
LOKESHMACH,BE,321.35,333,307.25,329.4,329.8,321.4,16193,5185360.95,20-Aug-2026,260,INE397H01017
LORDSCHLO,EQ,133.1,137.4,132.4,134.22,137.25,133.04,8204,1100481.79,20-Aug-2026,552,INE846D01012
LAL,EQ,8.6,8.74,8.52,8.52,8.52,8.58,13351,114830.79,20-Aug-2026,56,INE740X01023
LOTUSCHO,EQ,623,623,612,615,617.95,623.25,2405,1482573.20,20-Aug-2026,173,INE026D01011
LOTUSEYE,EQ,117.82,119,115.25,117.11,117.94,115.51,15842,1859404.31,20-Aug-2026,153,INE947I01017
LOVABLE,EQ,70.76,72.15,70.66,70.94,71.96,70.76,4778,341791.05,20-Aug-2026,112,INE597L01014
LOYALTEX,EQ,231.98,231.98,201.08,211.05,212.5,215.62,992,214622.23,20-Aug-2026,71,INE970D01010
LTFOODS,EQ,432.6,437,423.5,431,430.15,429.5,440235,190086037.70,20-Aug-2026,19583,INE818H01020
LTM,EQ,4600,4657,4517,4553,4553,4564.4,767531,3519247732.40,20-Aug-2026,49186,INE214T01019
LUMAXTECH,EQ,2008,2053,1996.3,2043.7,2046,1987.1,143581,291906077.60,20-Aug-2026,14651,INE872H01027
LUMAXIND,EQ,5629,5877,5629,5808,5820,5629,21992,127762824.50,20-Aug-2026,5109,INE162B01018
LUPIN,EQ,2228.3,2237.7,2201.5,2201.5,2201.5,2225,531963,1181717100.90,20-Aug-2026,34752,INE326A01037
LUXIND,EQ,1225,1237,1196.1,1201,1202,1217.4,16766,20362870.20,20-Aug-2026,1633,INE150G01020
LYKALABS,BE,72.18,72.18,72.18,72.18,72.18,70.77,10045,725048.10,20-Aug-2026,39,INE933A01014
MBEL,EQ,281.95,283.5,275.3,278.1,277.75,278.5,76415,21357416.90,20-Aug-2026,5521,INE08N601015
MKEXIM,EQ,59.89,62.9,55.61,56.69,56.31,56.13,19022,1094811.36,20-Aug-2026,198,INE227F01010
MKPL,EQ,4.2,4.25,4.11,4.14,4.19,4.16,31026,129377.77,20-Aug-2026,240,INE964W01021
MCL,EQ,58.41,59.49,58,58.46,58.8,58.36,68331,4020420.90,20-Aug-2026,1853,INE813V01022
M&MFIN,EQ,392,397.5,379.55,382.45,383.5,389.6,2120381,816749064.60,20-Aug-2026,35151,INE774D01024
MVKAGRO,SM,186.6,186.6,186.6,186.6,186.6,196.4,155400,28997640.00,20-Aug-2026,175,INE0SGC01015
MAANALU,EQ,121,121,118,118.52,118.98,118.85,39814,4720104.92,20-Aug-2026,975,INE215I01027
MCCHRLS-B,EQ,675,675,660,675,675,679.55,68,45307.65,20-Aug-2026,20,INE435D01014
MACOBSTECH,SM,201,205.7,199.05,200.8,205.7,201.4,4800,963360.00,20-Aug-2026,6,INE0R0J01010
MACPOWER,EQ,1979.8,1979.8,1912.2,1945.9,1940,1943.2,45193,87931593.50,20-Aug-2026,3569,INE155Z01011
MADHAVIPL,EQ,7.03,7.31,7,7.24,7.31,7.02,106876,766276.06,20-Aug-2026,445,INE631R01026
MADHAV,EQ,35.35,36.9,35.05,35.51,35.51,35.38,3330,117537.64,20-Aug-2026,50,INE925C01016
MADHUCON,BE,5.19,5.4,5.17,5.26,5.25,5.19,3805,19936.64,20-Aug-2026,28,INE378D01032
MADHUSUDAN,ST,227,228,221.1,223.25,222.55,223.65,31000,6994750.00,20-Aug-2026,20,INE0P6701019
MBAPL,EQ,163.36,166.8,162.14,163.41,162.79,163.63,307438,50517667.72,20-Aug-2026,6086,INE900L01028
MADRASFERT,EQ,65,66.44,64.8,65.04,64.8,65.36,34217,2230993.45,20-Aug-2026,421,INE414A01015
MAFATIND,EQ,123.06,125,122.6,124.61,123.25,122.4,23254,2881479.83,20-Aug-2026,713,INE270B01035
MAGADSUGAR,EQ,594.9,632,583.25,620.6,623.4,580.55,275973,170061728.75,20-Aug-2026,15500,INE347W01011
MCLOUD,EQ,29.89,30.34,29.23,29.57,29.62,29.72,2470919,73489089.95,20-Aug-2026,6690,INE613C01026
MAGNUM,EQ,18.8,19.64,18.8,19.25,19.02,19.26,13465,261562.83,20-Aug-2026,102,INE387I01016
MAHAPEXLTD,EQ,57.75,59.48,56.25,58.59,59,57.08,59030,3458312.56,20-Aug-2026,532,INE843B01013
MFML,EQ,18.56,19.9,18.2,19.66,19.8,18.55,10167,196338.68,20-Aug-2026,136,INE0US801024
MHLXMIRU,BE,190,192,185.5,187.5,187.5,190.05,6042,1137994.57,20-Aug-2026,114,INE112D01035
MAHASTEEL,BE,1135,1150,1125,1144.8,1148,1140.7,31935,36166564.80,20-Aug-2026,288,INE451L01014
MGL,EQ,1140,1153.7,1130,1137.8,1136,1128,230805,263840340.30,20-Aug-2026,10074,INE002S01010
MTNL,EQ,26.85,27.06,26.7,26.79,26.84,26.71,392398,10549352.74,20-Aug-2026,2003,INE153A01019
MAHSCOOTER,EQ,13347,13404,13044,13138,13107,13347,2806,37086445.00,20-Aug-2026,1159,INE288A01013
MAHSEAMLES,EQ,617.2,618.6,608.2,610.6,613,613.9,187917,114984462.20,20-Aug-2026,10914,INE271B01025
MRIL,ST,65.95,66.15,63.25,63.25,63.25,63,12800,836800.00,20-Aug-2026,8,INE632Q01018
MAHESHWARI,BE,71.02,74.19,71.02,73.02,73.02,72.4,16749,1228013.99,20-Aug-2026,48,INE263W01010
MAHICKRA,SM,256,273.95,255,258.35,257,259.65,137250,35469300.00,20-Aug-2026,18,INE961Y01015
M&M,EQ,3424,3456.4,3401,3424.8,3424.8,3415,1279093,4394004213.50,20-Aug-2026,63420,INE101A01026
MAHEPC,EQ,109.19,109.19,107.02,107.75,107.14,107.4,14687,1590105.72,20-Aug-2026,420,INE215D01010
MHRIL,EQ,220,223.08,212.65,221.05,222,219.48,60451,13289116.50,20-Aug-2026,2393,INE998I01010
MAHLIFE,EQ,373.7,380.85,372.2,377.2,376.4,373.7,56452,21291102.40,20-Aug-2026,3461,INE813A01018
MAHLOG,EQ,405,409.9,402,406.65,404.15,406.25,93516,37988627.80,20-Aug-2026,4366,INE766P01016
MAITHANALL,EQ,994,994.2,975,978,976,989.25,18187,17877534.90,20-Aug-2026,1414,INE683C01011
MAITREYA,SM,118.5,118.5,118.5,118.5,118.5,111,400,47400.00,20-Aug-2026,1,INE0PLQ01011
MAJESAUT,BE,354.95,364,350.05,361.35,360,355,3683,1333102.65,20-Aug-2026,167,INE201B01022
MAKERSL,EQ,168.72,183.99,168.72,173.78,172.5,168.72,6660,1178879.09,20-Aug-2026,109,INE987A01010
MAKS,SM,14.75,14.75,14.75,14.75,14.75,15.5,1500,22125.00,20-Aug-2026,1,INE0CDK01019
MALLCOM,EQ,964.3,980.9,962.25,975.25,973,964.65,1831,1786940.25,20-Aug-2026,188,INE389C01015
MALUPAPER,EQ,31,32,30.83,31.11,31.49,30.82,6683,209727.66,20-Aug-2026,65,INE383H01017
MAMATA,EQ,403.95,410,403,405.5,405,401.45,28082,11378869.75,20-Aug-2026,1066,INE0TO701015
MANAKCOAT,EQ,126.5,129,123.31,126.91,126.05,124.74,406006,51488789.77,20-Aug-2026,4962,INE830Q01018
MANINDS,EQ,646,699,643,676.9,679.25,643.05,1829823,1248913127.15,20-Aug-2026,54482,INE993A01026
MANINFRA,EQ,110.59,111.11,108.51,110.29,110,109.99,1279267,140815398.23,20-Aug-2026,9292,INE949H01023
MANAKALUCO,EQ,38.2,38.8,37,37.19,37.35,37.72,51147,1928683.93,20-Aug-2026,1009,INE859Q01017
MANAKSIA,EQ,59.49,59.5,58.21,58.7,58.6,58.72,12630,741401.29,20-Aug-2026,198,INE015D01022
MANAKSTEEL,EQ,87.8,87.8,85.01,85.16,85.05,85.55,24353,2084656.58,20-Aug-2026,309,INE824Q01011
MANALIPETC,EQ,74.18,78.5,72.92,77.73,77.75,72.8,4389603,334111509.60,20-Aug-2026,24738,INE201A01024
MANAPPURAM,EQ,346.05,351.6,345,349.25,349.25,340,8327416,2896640155.35,20-Aug-2026,62130,INE522D01027
MANAV,SM,27,28.85,27,28.4,28.85,28.2,20000,562200.00,20-Aug-2026,4,INE104Y01012
MANBA,EQ,129.22,132.91,129,130.52,131.98,129.86,65202,8525199.29,20-Aug-2026,1111,INE939X01013
MANBRO,EQ,58.4,59.9,56.21,59.37,59.31,58.41,174240,10201799.39,20-Aug-2026,777,INE348N01042
MANDEEP,SM,17.9,17.9,17.85,17.85,17.85,18.75,14000,250000.00,20-Aug-2026,7,INE0R3T01013
MANCREDIT,EQ,228.62,232.5,222.09,224.55,225,222.03,201867,45526582.18,20-Aug-2026,1914,INE545L01039
MEIL,EQ,271.75,272.15,262.5,263.1,262.5,266.4,29223,7789053.50,20-Aug-2026,1265,INE0PKD01011
MAL,SM,31,33,30.95,32,32,31.2,104000,3288160.00,20-Aug-2026,48,INE00C401011
MANGLMCEM,EQ,903.7,1018.9,903.7,981.85,991.2,894.8,2731231,2697566018.20,20-Aug-2026,89622,INE347A01017
MANGALAM,EQ,27.69,27.97,26.65,26.95,26.87,26.94,17065,461901.71,20-Aug-2026,235,INE584F01014
MGEL,BE,14.65,15.1,14.16,14.97,14.98,14.8,113476,1683543.43,20-Aug-2026,163,INE0APB01032
MANORG,EQ,444.9,462,444.65,460.35,462,440.35,5384,2438276.45,20-Aug-2026,268,INE370D01013
MSL,EQ,144,144,144,144,144,144.9,1,144.00,20-Aug-2026,1,INE829S01016
MWL,EQ,42,42,41.01,41.17,41.05,41.25,73479,3024161.93,20-Aug-2026,567,INE0JYY01029
MIEL,SM,12.4,13,12.4,12.7,13,12.95,4000,50800.00,20-Aug-2026,2,INE0R3101011
MANIPALHOS,EQ,754,757.7,719,724.35,725.85,744.8,1425175,1052319241.80,20-Aug-2026,30720,INE459N01021
MANKIND,EQ,2413,2413,2373.4,2385,2385,2394,307625,737040568.20,20-Aug-2026,14222,INE634S01028
MVGJL,EQ,148.25,151.06,146.15,146.84,146.55,148.21,60047,8893503.69,20-Aug-2026,1607,INE0KNT01012
MANOMAY,EQ,218.27,218.3,207.02,211.44,213.95,214.11,109296,23290671.39,20-Aug-2026,2946,INE784W01015
MANORAMA,EQ,1935,1974.9,1911.1,1958.7,1950.2,1935,433399,844817616.40,20-Aug-2026,26206,INE00VM01036
MANUGRAPH,BE,16,16.5,15.5,15.7,15.59,15.81,9217,145466.99,20-Aug-2026,94,INE867A01022
MARALOVER,EQ,53.27,56.8,52.21,55.37,55,52.02,71644,3933981.77,20-Aug-2026,612,INE882A01013
MARATHON,EQ,359.65,365,352.1,354.6,352.15,359.3,90486,32550227.95,20-Aug-2026,2348,INE182D01020
MARC,SM,127,142.95,127,136.45,139.95,127,63600,8654460.00,20-Aug-2026,50,INE0TD401015
MARCO,SM,31.5,31.5,30,31.5,31.5,31.9,7500,229500.00,20-Aug-2026,5,INE0QP001012
MARICO,EQ,859,861,849.8,858.35,858.35,850,970867,829689303.35,20-Aug-2026,26862,INE196A01026
MARINE,EQ,376.45,395,370.5,373.25,372.8,371.45,1145153,438005238.25,20-Aug-2026,30381,INE01JE01028
MARKOLINES,EQ,172.85,174.75,170.9,171.93,171.55,172.85,74698,12914643.13,20-Aug-2026,864,INE0FW001016
MARKSANS,EQ,328.5,328.55,318.5,320.85,320.5,327,1960211,633184245.90,20-Aug-2026,29066,INE750C01026
MARSONS,EQ,109.3,113.4,107.55,112.15,112.65,108.37,5140606,564480533.95,20-Aug-2026,21864,INE415B01044
MARUTI,EQ,13758,13826,13681,13809,13809,13690,186272,2565994022.00,20-Aug-2026,29837,INE585B01010
MDL,ST,53.7,53.7,53.7,53.7,53.7,56.5,2000,107400.00,20-Aug-2026,2,INE575Z01010
MASFIN,EQ,300,301.95,299.9,300.25,300.05,300.45,105580,31726000.65,20-Aug-2026,6891,INE348L01012
MASKINVEST,EQ,146.66,146.66,146.66,146.66,146.66,146.66,2,293.32,20-Aug-2026,2,INE885F01015
MASON,SM,120,122,116.55,117.65,116.55,119.7,127500,15479700.00,20-Aug-2026,28,INE0SH001010
MASTEK,EQ,1726.9,1760.5,1690,1693.5,1703.9,1716.8,102319,176654333.40,20-Aug-2026,17685,INE759A01021
MASTER,SM,465,465,465,465,465,465,500,232500.00,20-Aug-2026,1,INE0OJM01017
MASTERTR,EQ,79.4,79.45,77.37,78,78.51,78.92,149956,11755272.26,20-Aug-2026,795,INE677D01037
MATRIMONY,EQ,553.25,561.95,551.35,558.2,558,552.35,32581,18101553.65,20-Aug-2026,824,INE866R01028
MGSL,SM,78,97,78,92,92,81.4,52800,4795620.00,20-Aug-2026,38,INE132901013
MAWANASUG,EQ,130.99,143.15,129.3,140.1,140.9,128.72,1919177,265924131.31,20-Aug-2026,22962,INE636A01039
MAXESTATES,EQ,504.95,505,491.1,499.85,503,490.15,199846,99725804.55,20-Aug-2026,8824,INE03EI01018
MFSL,EQ,1550.1,1585.3,1550.1,1575,1575,1546.1,434782,684520417.70,20-Aug-2026,24011,INE180A01020
MAXHEALTH,EQ,998,1001.8,987.7,997.9,997.9,997,1658842,1650798162.60,20-Aug-2026,42797,INE027H01010
MAXIND,EQ,150.99,152.44,149,152.11,152,148.46,115269,17453733.30,20-Aug-2026,2267,INE0CG601016
MAXPOSURE,SM,31.1,31.1,31.1,31.1,31.1,31.85,1000,31100.00,20-Aug-2026,1,INE0ECC01022
MAXVOLT,SM,337.9,344.9,335.6,336.45,336,337.9,16400,5547300.00,20-Aug-2026,37,INE10A501018
MAYURUNIQ,EQ,761.95,801.65,760,776.05,773.1,758.15,183467,144180631.15,20-Aug-2026,10315,INE040D01038
MAZDOCK,EQ,2567.5,2583.2,2552,2570,2570,2563.8,467904,1202267152.90,20-Aug-2026,23714,INE249Z01020
MAZDA,BE,238,240,232.69,235.09,233.6,237.47,9824,2319261.39,20-Aug-2026,236,INE885E01042
MBLINFRA,EQ,24.5,24.81,24.01,24.01,24.34,24.28,24289,588424.60,20-Aug-2026,304,INE912H01013
MCLEODRUSS,EQ,49.95,49.95,47.1,49.95,49.95,47.58,657587,32048417.52,20-Aug-2026,2947,INE942G01012
MEDIASSIST,EQ,351.5,359.95,348.55,355.9,355.5,349.8,166900,59031249.20,20-Aug-2026,5834,INE456Z01021
MEDICAPQ,EQ,25.4,27.49,23.75,25.28,26.88,23.56,7427,189169.01,20-Aug-2026,67,INE442D01010
MMWL,EQ,14.44,14.69,14,14.05,14.24,14.37,21062,297220.79,20-Aug-2026,308,INE200D01020
MEDICAMEQ,EQ,229.87,244.4,227.61,243.75,244,228.73,49191,11749947.58,20-Aug-2026,1381,INE646B01010
MEDICO,EQ,43.21,43.21,41.55,42.07,41.75,42.67,99564,4217760.90,20-Aug-2026,1125,INE630Y01024
MEDISTEP,SM,19,19,18.55,18.55,18.55,18.85,6000,112650.00,20-Aug-2026,2,INE0UOY01019
MEDPLUS,EQ,650,663,648,656.3,661,649.3,1206024,787083644.75,20-Aug-2026,18389,INE804L01022
MEESHO,EQ,197.07,210,195.58,209.51,209.98,196.88,34035188,6984736045.80,20-Aug-2026,216589,INE0VDM01015
MEGAFLEX,SM,95,95,95,95,95,99.75,1000,95000.00,20-Aug-2026,1,INE0G1D01014
MEGASTAR,EQ,300,316.8,300,312.4,311,308.45,2912,912317.45,20-Aug-2026,111,INE00EM01016
MEGATHERM,SM,194.5,204.35,191.85,202.15,202,190.4,21200,4189780.00,20-Aug-2026,48,INE531R01010
MOL,EQ,62.14,62.85,61.26,61.43,61.4,61.87,785132,48652669.59,20-Aug-2026,3865,INE0CT101020
MIIL,EQ,709.2,713.95,687.4,704.95,712.5,701.05,59632,41961446.70,20-Aug-2026,1206,INE898Q01015
MENONBE,BE,277.45,279.16,253.21,279.15,279.16,265.87,187898,51551395.10,20-Aug-2026,1744,INE071D01033
MENNPIS,EQ,71.97,72.8,71.41,71.73,71.55,71.61,52070,3753558.71,20-Aug-2026,838,INE650G01029
MEP,BZ,0.66,0.66,0.66,0.66,0.66,0.65,74217,48983.22,20-Aug-2026,16,INE776I01010
MERCANTILE,EQ,24.5,24.73,24,24.49,24.5,24.37,890,21432.74,20-Aug-2026,10,INE689O01013
MERCURYEV,EQ,37.99,41.39,37.61,39.47,39.17,37.63,638614,25617189.11,20-Aug-2026,3587,INE763M01028
METALIC,SM,133.4,152.5,131.55,151.5,151.7,127.1,633600,91806480.00,20-Aug-2026,372,INE1II801013
METROBRAND,EQ,925,932.3,912,914.3,912.6,924.7,15690,14432362.40,20-Aug-2026,3288,INE317I01021
METROGLOBL,EQ,141,147,138.4,145.41,146.99,142.27,2368,339768.48,20-Aug-2026,187,INE085D01033
METROPOLIS,EQ,554.9,554.9,536.6,540.8,541,555,597186,323963562.70,20-Aug-2026,28395,INE112L01020
MICEL,BE,35.3,36.01,35.3,35.65,35.88,35.92,170150,6074667.68,20-Aug-2026,1011,INE287C01037
MIDWESTLTD,EQ,1162.1,1165.9,1140,1154,1152,1150,17776,20526642.40,20-Aug-2026,1060,INE0XAD01024
MLKFOOD,EQ,78.1,91.9,78.1,87.01,85,80.1,22749,1942114.99,20-Aug-2026,349,INE588G01021
MILKYMIST,EQ,207.8,211.8,181.5,184.89,186.11,199.65,56542171,11110795151.04,20-Aug-2026,389104,INE00IT01020
MINALIND,EQ,2.24,2.65,2.23,2.65,2.65,2.21,312753,794264.91,20-Aug-2026,356,INE097E01028
MINDACORP,EQ,742.5,756.6,740,743.3,740.85,738.9,554064,414128947.25,20-Aug-2026,33070,INE842C01021
MINDSPACE,RR,499,499.8,497.05,497.96,497.91,497.25,37765,18815045.34,20-Aug-2026,2516,INE0CCU25019
MINDTECK,EQ,173.09,176.98,172,174.14,172,171.82,21560,3767329.14,20-Aug-2026,747,INE110B01017
ALPHAETF,EQ,25.78,26.74,25.78,26.57,26.57,26.45,773262,20601874.81,20-Aug-2026,728,INF769K01KU7
BANKETF,EQ,586.72,589,585.75,586.64,587,583.92,14357,8438437.55,20-Aug-2026,993,INF769K01KR3
BANKPSU,EQ,87.19,87.51,86.86,86.86,86.86,86.76,14336,1248070.67,20-Aug-2026,68,INF769K01LZ4
CONSUMER,EQ,12.29,12.35,12.26,12.31,12.3,12.21,347721,4283020.10,20-Aug-2026,263,INF769K01NS5
DEFENCE,EQ,84.02,84.02,82.1,82.31,82.2,82.37,326101,26856101.05,20-Aug-2026,749,INF769K01QC2
DIVIDEND,EQ,35.69,35.75,35.61,35.68,35.7,35.53,2004,71514.19,20-Aug-2026,46,INF769K01PY8
ENERGY,EQ,38.42,38.56,38.18,38.35,38.44,38.32,463853,17841478.35,20-Aug-2026,982,INF769K01PR2
EQUAL200,EQ,13.71,14.04,13.71,13.99,14.02,13.91,17015,238032.73,20-Aug-2026,53,INF769K01OA1
EQUAL50,EQ,333.86,335.25,333.84,333.96,333.96,332.71,670,224015.82,20-Aug-2026,26,INF769K01OO2
EVINDIA,EQ,34.23,34.23,33.88,33.91,33.97,33.89,128752,4379328.20,20-Aug-2026,1478,INF769K01LQ3
HEALTHCARE,EQ,21.58,21.58,21.49,21.51,21.54,21.47,15262,328684.47,20-Aug-2026,143,INF769K01QA6
HYBRIDETF,EQ,10.13,10.13,10.07,10.11,10.11,10.06,5253,53095.09,20-Aug-2026,28,INF769K01RJ5
INFRA,EQ,12.2,12.2,12.13,12.16,12.17,12.11,24065,292724.07,20-Aug-2026,117,INF769K01QB4
INTERNET,EQ,14.15,14.55,14.15,14.51,14.48,14.32,114609,1659139.65,20-Aug-2026,198,INF769K01PB6
ITETF,EQ,32.69,32.8,32.48,32.52,32.57,32.18,185760,6063005.08,20-Aug-2026,464,INF769K01KV5
LARGEMID50,EQ,36.88,38,36.82,36.9,36.88,36.7,1363,50292.57,20-Aug-2026,35,INF769K01RK3
LIQUID,EQ,999.99,1000,999.99,999.99,1000,999.99,23902,23901857.17,20-Aug-2026,117,INF769K01KS1
LIQUIDPLUS,EQ,1099.63,1099.82,1099.63,1099.63,1099.63,1099.49,1035486,1138670346.44,20-Aug-2026,389,INF769K01MY5
ESG,EQ,41.78,41.84,41.69,41.8,41.81,41.53,25425,1061458.43,20-Aug-2026,49,INF769K01GS9
MAFANG,EQ,205.4,205.4,205.4,205.4,205.4,207.48,51808,10641363.20,20-Aug-2026,382,INF769K01HF4
BFSI,EQ,27.07,27.35,27.07,27.24,27.26,27.08,397612,10848318.73,20-Aug-2026,681,INF769K01HI8
GOLDETF,EQ,148.01,152,148.01,151.29,151.2,148.06,2355890,356618942.16,20-Aug-2026,5461,INF769K01JP9
GSEC10YEAR,EQ,30.64,30.69,30.4,30.45,30.45,30.64,1266,38793.89,20-Aug-2026,17,INF769K01KF8
MAHKTECH,EQ,23.32,23.32,23.11,23.22,23.2,23.19,1412491,32834114.85,20-Aug-2026,4280,INF769K01HS7
MIDCAPETF,EQ,23.86,24.15,23.86,23.95,23.96,23.81,1934001,46409618.63,20-Aug-2026,3934,INF769K01IC9
MAKEINDIA,EQ,168.76,168.76,167.78,167.92,167.78,167.71,29781,5010580.02,20-Aug-2026,356,INF769K01IB1
NIFTYETF,EQ,263.19,264.39,263.19,264.01,263.96,262.19,355259,93749365.54,20-Aug-2026,1181,INF769K01EG9
LOWVOL,EQ,208.53,208.9,207.43,208.53,208.53,207.71,25008,5206958.48,20-Aug-2026,17,INF769K01JU9
NEXT50,EQ,767.39,768.7,764.76,765.81,764.76,762.25,14645,11240221.75,20-Aug-2026,484,INF769K01FN2
SILVERAG,EQ,226.9,230.5,226.9,229.65,229.21,220.56,501135,115138171.51,20-Aug-2026,3144,INF769K01KG6
MASPTOP50,EQ,80.28,80.28,80.28,80.28,80.28,80.83,60390,4848109.20,20-Aug-2026,167,INF769K01HP3
METAL,EQ,13.36,13.36,13.12,13.15,13.16,13.13,1532845,20222914.20,20-Aug-2026,3044,INF769K01LY7
MIDSMALL,EQ,52.25,52.46,52.06,52.18,52.21,51.85,492894,25798022.34,20-Aug-2026,2102,INF769K01LJ8
MOMMIDCAP,EQ,13.06,13.09,13.02,13.03,13.03,12.95,992507,12956380.72,20-Aug-2026,276,INF769K01RC0
MULTICAP,EQ,16.87,16.93,16.86,16.89,16.89,16.76,118559,2003911.12,20-Aug-2026,479,INF769K01LX9
SELECTIPO,EQ,48.4,49.01,48.4,48.8,48.8,48.32,14787,722016.85,20-Aug-2026,110,INF769K01ON4
SENSEXETF,EQ,79,80.2,77.92,80.06,79.89,79.51,11340,907124.54,20-Aug-2026,181,INF769K01KT9
SMALL250,EQ,18.44,18.47,18.37,18.39,18.42,18.31,233322,4300952.39,20-Aug-2026,574,INF769K01PQ4
SMALLCAP,EQ,48.54,48.9,48.49,48.61,48.49,48.54,1198591,58453977.32,20-Aug-2026,2391,INF769K01LC3
TOP20,EQ,9.01,9.04,9,9.02,9.02,8.94,186126,1679399.34,20-Aug-2026,115,INF769K01PZ5
VALUE,EQ,16.06,16.15,16.05,16.09,16.08,16.05,39031,628732.38,20-Aug-2026,43,INF769K01QV2
MIRZAINT,EQ,31,31.85,31,31.07,31.02,31.07,114680,3579303.60,20-Aug-2026,1366,INE771A01026
MIDHANI,EQ,432,432.55,419.25,420.5,420.75,428.15,498944,212464958.50,20-Aug-2026,13384,INE099Z01011
MITCON,BE,76.03,80,76.02,79.7,79.7,79.03,2922,226756.74,20-Aug-2026,32,INE828O01033
MITTAL,EQ,0.9,0.91,0.89,0.9,0.91,0.89,283970,256588.54,20-Aug-2026,228,INE997Y01027
MMFL,EQ,660.1,669.45,635,638.95,640,657.8,176799,114626082.90,20-Aug-2026,10834,INE227C01017
MMP,EQ,394,413,386.65,406.35,402.15,391.5,223373,90095470.05,20-Aug-2026,8533,INE511Y01018
MMTC,EQ,62.84,67.58,62.75,66.27,66.39,62.15,42448877,2818908366.87,20-Aug-2026,114830,INE123F01029
MOBILISE,SM,101.4,110,100.7,105.25,105.1,106,16000,1642800.00,20-Aug-2026,10,INE1YNB01019
MODTHREAD,EQ,52.99,62.1,51.85,53.9,53.52,52.28,103279,5883771.29,20-Aug-2026,1105,INE794W01014
MODINATUR,BE,352.85,365.85,337,342.5,340,354.6,18335,6351318.95,20-Aug-2026,293,INE537F01012
MODIRUBBER,EQ,117.75,121.95,117.75,120.07,120.63,117.75,1489,177773.46,20-Aug-2026,65,INE832A01018
MODIS,EQ,414,420,399.15,402.7,400,410.15,54317,22057859.85,20-Aug-2026,1357,INE0L0L01012
MODISONLTD,BE,390,411,372.75,405.95,408,392.35,359804,140369935.05,20-Aug-2026,3298,INE737D01021
MHHL,SM,35.15,36.6,35.15,36.6,36.6,37,4500,160350.00,20-Aug-2026,3,INE450S01011
MOHITIND,EQ,24.45,25.4,22.8,24.5,24.49,23.37,40381,991037.62,20-Aug-2026,205,INE954E01012
MOHITE,EQ,2.49,2.65,2.31,2.52,2.58,2.39,57243,142098.35,20-Aug-2026,127,INE154B01023
MOIL,EQ,254.5,256.25,252,252.75,252.1,253.05,806367,204726908.80,20-Aug-2026,22254,INE490G01020
MOKSH,EQ,10.64,10.77,10.15,10.3,10.23,10.43,80485,844618.83,20-Aug-2026,177,INE514Y01020
MOLBIO,EQ,1046.9,1083.5,1020.05,1036.65,1035.2,1036.65,2213704,2338565503.80,20-Aug-2026,76818,INE869T01028
MOLDTKPAC,EQ,672.95,685,671.1,682.4,684.5,669.85,19033,12926749.65,20-Aug-2026,1666,INE893J01029
MOLDTECH,BE,187.7,189.07,183.8,189.07,189.07,180.07,46130,8706193.52,20-Aug-2026,412,INE835B01035
MONARCH,EQ,386,393.3,384.05,391.85,391,385.15,93355,36398952.25,20-Aug-2026,2025,INE903D01011
MONEYBOXX,EQ,56,56.8,54,55,55,55.16,20683,1150028.79,20-Aug-2026,260,INE296Q01012
MONOPHARMA,SM,8.6,8.6,7.85,8.4,8.4,8.2,74000,613300.00,20-Aug-2026,17,INE0OIP01012
MONOLITH,SM,1011,1025,995,1007.6,1007,997.1,61750,62413025.00,20-Aug-2026,147,INE1DV401010
MONTECARLO,EQ,545.5,549.25,540,541.5,543,545.45,50853,27668872.65,20-Aug-2026,2329,INE950M01013
MOREPENLAB,EQ,88.66,97.5,88.3,96.47,96.15,88.42,47564139,4469988233.85,20-Aug-2026,132376,INE083A01026
MOS,ST,12.25,12.25,12.25,12.25,12.25,11.7,416000,5096000.00,20-Aug-2026,51,INE0N7S01028
MOSCHIP,EQ,207.89,209.15,205.8,206.31,206.3,206.24,599323,124425821.14,20-Aug-2026,8559,INE935B01025
MSUMI,EQ,39.73,39.73,38.7,39.18,39.13,39.26,10128988,395619787.03,20-Aug-2026,43896,INE0FS801015
MOM100,EQ,68.5,69.13,68.5,68.8,68.95,68.39,176107,12138947.60,20-Aug-2026,1693,INF247L01023
MON100,EQ,330.99,330.99,330.99,330.99,330.99,336.38,335996,111211316.04,20-Aug-2026,806,INF247L01AP3
MOTILALOFS,EQ,946.9,989.55,942.15,973.4,973.4,942.1,2367401,2313501201.20,20-Aug-2026,57351,INE338I01027
MOM50,EQ,251.75,254.99,251.75,254.62,254.95,252.25,3924,997205.60,20-Aug-2026,102,INF247L01536
MOGSEC,EQ,65.7,65.7,65.19,65.2,65.21,65.19,3008,196499.88,20-Aug-2026,54,INF247L01AK4
MOALPHA50,EQ,56.78,56.78,55.05,55.3,55.21,55.67,41589,2309880.38,20-Aug-2026,85,INF247L01FR8
MOBANK10,EQ,16.75,16.97,16.75,16.95,16.97,16.87,625,10571.92,20-Aug-2026,45,INF247L01GV8
MOCAPITAL,EQ,53.43,54.57,53.43,54.14,54,53.43,1202713,65229138.08,20-Aug-2026,2867,INF247L01EV3
MODEFENCE,EQ,109.03,109.03,107.25,107.43,107.25,107.95,1364950,147180200.77,20-Aug-2026,7568,INF247L01DJ0
MOENERGY,EQ,39.11,39.11,38.05,38.33,38.45,38.34,93874,3595244.28,20-Aug-2026,738,INF247L01GH7
MOGOLD,EQ,154.05,154.6,153.4,153.85,154.25,150.3,64362,9906532.45,20-Aug-2026,837,INF247L01FY4
MOHEALTH,EQ,52.25,52.25,51.25,51.56,51.63,51.25,17510,902866.86,20-Aug-2026,431,INF247L01BB1
MOINFRA,EQ,59.41,59.99,58.98,59.25,59.99,59.31,3859,228812.91,20-Aug-2026,89,INF247L01FL1
MOIPO,EQ,48.82,51.01,48.64,48.97,48.98,48.46,31790,1567940.71,20-Aug-2026,86,INF247L01GI5
MOLOWVOL,EQ,37.21,37.46,36.35,36.87,36.96,36.67,11842,435817.58,20-Aug-2026,82,INF247L01BL0
MOMENTUM50,EQ,54.36,54.36,53.96,54.07,54.28,53.81,153429,8304834.19,20-Aug-2026,983,INF247L01DK8
MOMETAL,EQ,13.09,13.16,12.98,13.08,13.08,13.02,20157,264078.91,20-Aug-2026,14,INF247L01HG7
MOMGF,EQ,165.78,165.78,164.43,165.18,165,164.96,602,99284.27,20-Aug-2026,17,INF247L01FK3
MOMIDMTM,EQ,64.5,65.15,64.18,64.48,64.5,64.5,32217,2083836.92,20-Aug-2026,266,INF247L01FQ0
MOMNC,EQ,33.33,33.33,33.11,33.26,33.27,33.02,1952,64809.63,20-Aug-2026,10,INF247L01GK1
MOMOMENTUM,EQ,62.98,62.98,62.03,62.27,62.16,62.28,55757,3483165.25,20-Aug-2026,285,INF247L01BK2
MON50EQUAL,EQ,34.21,34.21,33.47,33.64,33.65,33.51,7379,248520.61,20-Aug-2026,48,INF247L01FC0
MONEXT50,EQ,74.16,74.45,73.78,74.34,74.45,74.16,2531,187919.85,20-Aug-2026,58,INF247L01FD8
MONIFTY100,EQ,25.5,25.66,25.5,25.61,25.61,25.44,2286,58426.97,20-Aug-2026,42,INF247L01GG9
MONIFTY500,EQ,24.61,24.61,23.76,24.07,24.13,24.01,344622,8312214.83,20-Aug-2026,1123,INF247L01BU1
MONQ50,EQ,148.77,148.77,148.77,148.77,148.77,151.65,14093,2096615.61,20-Aug-2026,128,INF247L01AU3
MOOILGAS,EQ,11.34,11.34,11.11,11.21,11.25,11.12,2525,28229.87,20-Aug-2026,29,INF247L01HH5
MOPSE,EQ,99.1,99.59,98.68,99.51,99.51,99.38,504,50013.86,20-Aug-2026,15,INF247L01FO5
MOQUALITY,EQ,203.42,203.91,203.31,203.71,203.71,202.92,94,19133.29,20-Aug-2026,11,INF247L01BH8
MOREALTY,EQ,90,91.4,89.43,91.19,91.14,89.43,664563,60352955.34,20-Aug-2026,1754,INF247L01CI4
MOSERVICE,EQ,31.19,31.22,31.07,31.07,31.07,30.92,10218,318628.45,20-Aug-2026,24,INF247L01GJ3
MOSILVER,EQ,232.2,234.07,232,232.43,232,223.89,72359,16862030.18,20-Aug-2026,2062,INF247L01FZ1
MOSMALL250,EQ,18.7,18.7,18.32,18.48,18.43,18.25,953050,17597274.61,20-Aug-2026,1660,INF247L01CH6
MOTOUR,EQ,80.1,80.48,79.24,79.59,79.57,79.44,25088,2005227.74,20-Aug-2026,138,INF247L01FP2
MOVALUE,EQ,113.6,113.6,112.8,112.93,113.03,113.04,59791,6762077.55,20-Aug-2026,717,INF247L01BE5
MOTISONS,EQ,16.73,16.84,16.4,16.59,16.65,16.62,34860502,578796299.57,20-Aug-2026,21107,INE0FRK01020
MOTOGENFIN,BE,26.99,26.99,26.01,26.01,26.01,26.59,1539,40473.90,20-Aug-2026,13,INE861B01023
MMEL,SM,24.8,25,24.7,24.8,24.8,24.8,84000,2097800.00,20-Aug-2026,7,INE0XM301010
MOXSH,SM,109,109,109,109,109,104,1600,174400.00,20-Aug-2026,1,INE0N6D01014
MPDL,EQ,34.3,34.32,23.26,34.32,34.32,28.6,8795,290705.92,20-Aug-2026,135,INE493H01014
MPHASIS,EQ,2452.1,2468.7,2415.3,2430,2430,2424.5,422908,1034228589.80,20-Aug-2026,33642,INE356A01018
MPSLTD,EQ,2949.9,2974,2884.1,2917.4,2908,2929.6,32852,96399723.30,20-Aug-2026,6011,INE943D01017
MRF,EQ,133660,134185,133285,134000,134000,133630,2616,350304080.00,20-Aug-2026,2029,INE883A01011
MRPL,EQ,176,177.2,169.34,173.98,174,176.51,17133882,2976796522.28,20-Aug-2026,79486,INE103A01014
BECTORFOOD,EQ,263.32,265.65,255.46,258.02,257.91,263.32,1462711,380453805.36,20-Aug-2026,28031,INE495P01020
MSPL,EQ,34.55,34.99,33.75,33.96,33.86,34.55,401591,13782073.53,20-Aug-2026,1851,INE752G01015
MSTCLTD,EQ,699,716,690,692.35,692,703.75,349334,244268404.65,20-Aug-2026,13137,INE255X01014
MTEDUCARE,BE,1.87,1.92,1.78,1.8,1.8,1.87,22019,40254.79,20-Aug-2026,92,INE472M01018
MTARTECH,BE,7040,7148,6800,7113.5,7120,6918.5,88824,624608590.50,20-Aug-2026,14195,INE864I01014
MUFIN,EQ,136.39,140.46,135.11,139.51,139,135.11,2108839,293101359.26,20-Aug-2026,8504,INE08KJ01020
MUKANDLTD,EQ,134.6,138.51,133.11,136.96,138.5,134.57,84378,11452458.83,20-Aug-2026,2058,INE304A01026
MUKKA,EQ,26.55,26.7,25.96,26.29,26.5,26.38,373767,9845777.51,20-Aug-2026,1582,INE0CG401037
MUKTAARTS,BE,56,58.49,56,58.07,58.49,56,700,40367.93,20-Aug-2026,7,INE374B01019
MCX,EQ,3020,3133.2,3006,3126,3126,2973,3923221,12110135315.70,20-Aug-2026,170543,INE745G01043
MUNISH,SM,76.5,76.5,74.95,75,75,76,12000,901680.00,20-Aug-2026,8,INE1K8Y01018
MUNJALAU,EQ,115.7,117.99,112.21,115.13,114.8,114.85,1295673,149097111.12,20-Aug-2026,12506,INE672B01032
MUNJALSHOW,EQ,133.09,133.8,132.35,132.67,133.05,132.35,22019,2931047.52,20-Aug-2026,556,INE577A01027
MURUDCERA,EQ,30.43,31.2,30.12,30.37,30.5,30.43,15710,479295.05,20-Aug-2026,186,INE692B01014
RADIOCITY,EQ,6.66,6.8,6.66,6.69,6.74,6.7,87847,587381.27,20-Aug-2026,108,INE919I01024
MUTHOOTCAP,EQ,252.5,259.79,245.14,252.76,253.4,249.94,11008,2802991.66,20-Aug-2026,315,INE296G01013
MUTHOOTFIN,EQ,2910,2997.8,2905.4,2970,2970,2859,2309964,6863717731.50,20-Aug-2026,91390,INE414G01012
MUTHOOTMF,EQ,210.01,214.34,209.1,213.21,213.5,208.61,190087,40323317.32,20-Aug-2026,4083,INE046W01019
MVELECTRO,EQ,570.95,578.8,564.4,568.3,565.75,570.2,471669,268965922.45,20-Aug-2026,9963,INE0OWZ01020
MYMUDRA,SM,75.5,75.5,74.4,74.5,74.5,75.95,8400,626940.00,20-Aug-2026,7,INE0RVQ01016
MYSORPETRO,EQ,160,165.49,155.3,165.49,165.49,137.91,383979,62631373.39,20-Aug-2026,4421,INE741A01011
NRAIL,EQ,509.2,510,501.5,503.6,505,499.15,4966,2511195.20,20-Aug-2026,327,INE740D01017
NTCIND,EQ,140,145,136.02,139.66,140.5,140.11,2443,340902.06,20-Aug-2026,110,INE920C01017
NBIFIN,EQ,2000,2060,2000,2002,2000,2000,169,340519.30,20-Aug-2026,34,INE365I01020
NACLIND,EQ,175.5,175.51,169.52,170.1,169.97,173.99,225795,38982146.38,20-Aug-2026,6483,INE295D01020
NDGL,EQ,2720,2747.1,2681.5,2712,2707.1,2711,130,351617.40,20-Aug-2026,32,INE756C01015
NAGREEKCAP,EQ,24.3,24.3,22.51,22.99,23,23.31,3487,79999.27,20-Aug-2026,45,INE245I01016
NAGREEKEXP,EQ,23.01,23.95,22.6,22.81,22.88,23.01,258512,5966108.34,20-Aug-2026,615,INE123B01028
NAHARCAP,EQ,259.38,260.49,254,255.09,255.1,256.81,3165,814169.98,20-Aug-2026,50,INE049I01012
NAHARINDUS,EQ,117.67,118.99,117.01,117.95,117.84,117.62,20593,2433964.73,20-Aug-2026,393,INE289A01011
NAHARPOLY,EQ,238,242.95,228.65,233.85,237,237.6,20946,4917477.35,20-Aug-2026,845,INE308A01027
NAHARSPING,EQ,303.7,303.7,289,292.15,293,298.75,40996,12012049.10,20-Aug-2026,1036,INE290A01027
NGIL,BE,40.8,40.8,39.5,40.6,40.61,40.8,3011,120289.28,20-Aug-2026,24,INE236Y01012
NSIL,EQ,5519.5,5671.5,5519.5,5631,5638,5518.5,2247,12617257.50,20-Aug-2026,404,INE023A01030
NAMAN,SM,40.35,43.1,40.35,43.1,43.1,41.15,1600,66760.00,20-Aug-2026,2,INE0RJM01010
NAMOEWASTE,ST,280,280,273.5,279.45,279.45,278.45,24800,6831720.00,20-Aug-2026,29,INE08NZ01012
NDL,EQ,2.26,2.29,2.24,2.26,2.27,2.25,715452,1619631.61,20-Aug-2026,905,INE875G01048
JAIPURKURT,EQ,27.95,27.95,27.06,27.26,27.66,27.03,11658,317057.40,20-Aug-2026,45,INE696V01013
NH,EQ,1790,1812.4,1790,1799.3,1797,1785.7,197588,355609151.90,20-Aug-2026,24598,INE410P01011
NARMADA,EQ,14.75,14.8,14.3,14.42,14.5,14.63,297044,4343941.31,20-Aug-2026,1038,INE117Z01029
NATCOPHARM,EQ,890.5,895.35,874.55,877.5,878.3,886.85,275997,243698076.30,20-Aug-2026,18100,INE987B01026
NATHBIOGEN,EQ,155.55,155.8,153,153.93,155.8,153.83,9924,1529860.35,20-Aug-2026,167,INE448G01010
NATIONALUM,EQ,392,395.75,385.1,385.6,385.6,386.55,5349753,2081614251.35,20-Aug-2026,51146,INE139A01034
NFL,EQ,70.3,70.78,70.21,70.3,70.28,70.07,306169,21571407.21,20-Aug-2026,2037,INE870D01012
NHIT,IV,168,168,168,168,168,168,450000,75600000.00,20-Aug-2026,5,INE0H7R23014
NATIONSTD,EQ,120.94,133.66,120.94,133.66,133.66,127.3,130220,16728693.54,20-Aug-2026,1712,INE166R01015
NATCAPSUQ,EQ,149.35,159.9,148.01,151.4,151.12,149.7,26517,4098833.29,20-Aug-2026,1120,INE936B01015
NAVA,EQ,550,558,550,556.75,556.8,549.2,150377,83440878.50,20-Aug-2026,9428,INE725A01030
NAVINFLUOR,EQ,8300,8395,8222,8256,8254,8277.5,59427,492380295.50,20-Aug-2026,14858,INE048G01026
NAVKARCORP,EQ,99,99,96.18,96.88,97,97.4,268827,26156307.99,20-Aug-2026,2365,INE278M01019
NAVKARURB,BE,0.97,0.99,0.95,0.96,0.97,0.96,158592,154013.32,20-Aug-2026,223,INE268H01044
NAVNETEDUL,EQ,133.88,134.45,132.2,133.79,132.96,133.88,50792,6773279.76,20-Aug-2026,1300,INE060A01024
NAZARA,EQ,357,365,356.2,357.5,357.1,357.35,1774614,639049833.75,20-Aug-2026,16799,INE418L01047
NBCC,EQ,87.9,89.03,87.74,88.25,88.25,87.19,4634300,410139180.06,20-Aug-2026,20868,INE095N01031
NCC,EQ,139.6,142.89,139.6,140.07,140.8,139.57,2224258,313089662.97,20-Aug-2026,20046,INE868B01028
NCLIND,EQ,173.19,178,172.12,174.05,173.3,173.19,27106,4709150.16,20-Aug-2026,2422,INE732C01016
NDLVENTURE,EQ,116,125,116,119.01,119.5,116.08,4535,538387.17,20-Aug-2026,162,INE353A01023
NDRAUTO,EQ,780,792.3,771,773.8,775,781.05,20149,15662666.85,20-Aug-2026,1468,INE07OG01012
NDTV,EQ,73.55,76.57,73.55,75.5,75.3,73.34,101522,7632660.99,20-Aug-2026,1267,INE155G01029
NECLIFE,EQ,10.7,10.7,10.26,10.29,10.3,10.52,189669,1981676.93,20-Aug-2026,533,INE023H01027
NEELAM,SM,8,8,8,8,8,8.15,6000,48000.00,20-Aug-2026,1,INE0N1401016
NEAGI,EQ,3339,3433,3303.3,3303.3,3303.3,3420.8,49,165452.10,20-Aug-2026,12,INE605D01012
NELCAST,EQ,119.1,119.21,115.92,116.63,116.4,117.33,199257,23383650.33,20-Aug-2026,2632,INE189I01024
NELCO,EQ,925.9,936.4,902.4,912,906,910.1,300639,277403698.00,20-Aug-2026,10895,INE045B01015
NEOCHEM,ST,97.65,100,97.65,99.55,100,97.65,20400,2033160.00,20-Aug-2026,17,INE21UM01018
NEOGEN,EQ,2358.9,2368.7,2250,2259.1,2252,2328.8,137421,314513440.90,20-Aug-2026,18904,INE136S01016
NEPHROCARE,ST,86.9,86.9,86.9,86.9,86.9,82.8,34000,2954600.00,20-Aug-2026,50,INE0SUN01013
NEPHROPLUS,EQ,698,698,673,674.15,674.25,691,205120,138914935.10,20-Aug-2026,14975,INE428V01029
NEPTUNE,SM,174.5,179,174.5,179,179,173.5,9500,1676425.00,20-Aug-2026,11,INE156901014
NESCO,EQ,1030.9,1044.9,1028.7,1032.6,1035,1033,17421,18043448.20,20-Aug-2026,2786,INE317F01035
NESTLEIND,EQ,1482,1482,1454.6,1458,1458,1465,1910719,2796035331.60,20-Aug-2026,43920,INE239A01024
NETWEB,EQ,5095.7,5449.9,5093,5419.8,5411,5065,4457308,23850137885.10,20-Aug-2026,304930,INE0NT901020
NPST,EQ,1582.5,1630.4,1582.5,1606.9,1614.7,1594.2,19960,32047776.20,20-Aug-2026,2744,INE0FFK01017
NETWORK18,EQ,28.24,31.24,28.05,30.59,30.9,28.07,45466707,1383477653.62,20-Aug-2026,114547,INE870H01013
NEUEON,BE,17.45,17.45,15.91,16.04,16.2,16.74,54549,881209.64,20-Aug-2026,116,INE333I01044
NEULANDLAB,EQ,23154,23735,23154,23568,23569,23290,50063,1180125653.00,20-Aug-2026,19617,INE794A01010
NEWGEN,EQ,524.55,547.3,524.55,527.35,527.35,519.95,1546773,827700400.60,20-Aug-2026,44509,INE619B01017
NEWJAISA,ST,17,17,16.85,16.85,16.85,17.15,7500,127050.00,20-Aug-2026,5,INE0PW501021
NMSTEEL,SM,22.75,23.85,22.75,23.75,23.75,22.7,4800,112560.00,20-Aug-2026,3,INE0TP801012
NEXTMEDIA,EQ,3.98,3.98,3.61,3.74,3.73,3.87,2851,10583.24,20-Aug-2026,42,INE747B01016
NXST,RR,169.28,169.28,167.3,167.98,167.9,168.67,117596,19800715.59,20-Aug-2026,2212,INE0NDH25011
NFPSAMPOOR,SM,23.8,23.9,22.45,22.5,22.5,22.5,18000,418900.00,20-Aug-2026,9,INE0T1501010
NGLFINE,EQ,3086,3140,3000.1,3033.3,3024.9,3040.4,7553,22970453.30,20-Aug-2026,1516,INE887E01022
NHPC,EQ,76.35,76.95,75.9,76.35,76.35,76.17,6144287,468099381.65,20-Aug-2026,24631,INE848E01016
NIBE,EQ,1435,1542.8,1421,1503.6,1505,1411.1,361383,545549444.00,20-Aug-2026,26817,INE149O01018
NICCOPAR,EQ,78,82,72.08,79.85,79.5,76.52,1850,146925.55,20-Aug-2026,52,INE653C01022
NIDAN,SM,13.8,13.85,13.1,13.85,13.85,13.85,7000,94400.00,20-Aug-2026,7,INE0J6L01013
NIITMTS,EQ,235.39,236.79,230.04,231.46,231.25,236.34,136311,31822301.55,20-Aug-2026,4847,INE342G01023
NIITLTD,EQ,92.4,93.1,91.8,92.58,92.89,92.32,188843,17469715.73,20-Aug-2026,2194,INE161A01038
NIKITA,SM,74.65,74.65,74.65,74.65,74.65,74.65,1200,89580.00,20-Aug-2026,1,INE0FLF01015
NILAINFRA,EQ,6.97,7.14,6.92,6.96,6.96,6.96,135557,950538.51,20-Aug-2026,318,INE937C01029
NILASPACES,EQ,12.63,12.87,12.23,12.77,12.86,12.65,946141,11938527.50,20-Aug-2026,1692,INE00S901012
NILE,EQ,1556.7,1556.7,1513.4,1529.5,1522.3,1544.4,3383,5180727.60,20-Aug-2026,545,INE445D01013
NILKAMAL,EQ,2051.2,2074,1982,2043.7,2048.5,2033.8,245878,498533821.60,20-Aug-2026,22604,INE310A01015
NIMBSPROJ,EQ,176,184.8,175.99,180,180,176,83244,15064568.09,20-Aug-2026,148,INE875B01015
NINSYS,EQ,703.55,737,703.55,729.2,732.95,720.4,4823,3461353.00,20-Aug-2026,299,INE395U01014
BANKBEES,EQ,594,598.27,593.65,596.06,596,593.26,482011,287893561.47,20-Aug-2026,4568,INF204KB15I9
CONSUMBEES,EQ,133.83,134.81,133.08,134.55,134.79,133.42,46099,6196970.25,20-Aug-2026,681,INF204KA1LD7
DIVOPPBEES,EQ,78.24,78.24,77.53,77.8,78.05,77.39,57328,4459617.06,20-Aug-2026,526,INF204KA1MS3
NV20BEES,EQ,139.75,140.42,138.46,139.6,139.7,139.75,30350,4232006.91,20-Aug-2026,294,INF204KB18I3
GOLDBEES,EQ,127.83,129.37,127.83,128.88,128.83,125.73,36486441,4701568473.19,20-Aug-2026,101369,INF204KB17I5
HNGSNGBEES,EQ,483.87,485,480.55,481.33,481.1,479.18,60640,29209617.37,20-Aug-2026,2660,INF204KB19I1
INFRABEES,EQ,964.82,969.65,963.99,968.01,969.5,963.99,3920,3788601.98,20-Aug-2026,370,INF732E01268
ITBEES,EQ,34.52,34.52,34,34.07,34.15,33.68,7079695,241907608.81,20-Aug-2026,11123,INF204KB15V2
JUNIORBEES,EQ,808.22,808.22,802.2,803.11,804.32,799.85,319972,257345684.41,20-Aug-2026,6220,INF732E01045
LIQUIDBEES,EQ,1000,1000.88,999.99,999.99,1000.01,999.99,2354078,2354073651.24,20-Aug-2026,3491,INF732E01037
LTGILTBEES,EQ,30.06,30.06,29.93,29.98,29.99,30.01,1164823,34941966.16,20-Aug-2026,671,INF204KB1882
MID150BEES,EQ,245.95,245.95,240.12,242.3,242.45,241.32,887678,215399475.08,20-Aug-2026,5432,INF204KB1V68
NIF100BEES,EQ,268.8,270.1,268.76,269.46,270,267.57,33459,9015926.56,20-Aug-2026,686,INF204K014N5
NIFTYBEES,EQ,278,278,275.52,276.57,276.55,274.62,3634535,1005031717.91,20-Aug-2026,27868,INF204KB14I2
PSUBNKBEES,EQ,97,97.09,96,96.28,96.4,96.13,761096,73544331.93,20-Aug-2026,3581,INF204KB16I7
SHARIABEES,EQ,462.23,463.8,457.62,460.85,461.4,457.62,4715,2174764.85,20-Aug-2026,324,INF732E01128
NAM-INDIA,EQ,1225,1266.2,1221,1232.5,1232.5,1217,3152919,3926029729.10,20-Aug-2026,100440,INE298J01013
LIQGRWBEES,EQ,1052.2,1054.8,1051.15,1052.33,1052.33,1052.2,32379,34074527.35,20-Aug-2026,179,INF204KC1FU1
MANUFGBEES,EQ,166.2,166.67,165.49,166.58,166.67,166.02,2537,421491.17,20-Aug-2026,53,INF204KC1GH6
AUTOBEES,EQ,303.44,304.22,302.13,303.77,304,301.93,135854,41239009.05,20-Aug-2026,1802,INF204KC1337
PHARMABEES,EQ,27.6,27.6,27.07,27.19,27.22,27.04,2906416,78928748.82,20-Aug-2026,7269,INF204KC1089
SILVERBEES,EQ,225.13,226.56,224.2,225.43,225.37,216.43,36624820,8269468644.29,20-Aug-2026,86733,INF204KC1402
SNXT30BEES,EQ,43.4,43.53,43.13,43.43,43.53,43.29,2318,100600.67,20-Aug-2026,60,INF204KC1EZ3
NIRAJ,EQ,27.78,28.5,27.26,28.05,28.5,27.78,41940,1171900.59,20-Aug-2026,211,INE368I01016
NIRAJISPAT,EQ,219.52,224,202,216,216,224,81,17783.54,20-Aug-2026,11,INE326T01011
NIRLON,EQ,623.6,630,623,624.6,623.7,621.6,3875,2423969.05,20-Aug-2026,240,INE910A01012
NIRMAN,SM,32.6,32.6,30.6,30.95,30.95,32.35,21300,660975.00,20-Aug-2026,62,INE0OK701014
NITCO,EQ,90,91.89,89.33,89.61,89.9,90.15,747518,67346712.43,20-Aug-2026,4482,INE858F01012
NITINSPIN,EQ,592,596,580.55,586.05,588.7,583.55,96700,56954034.95,20-Aug-2026,4448,INE229H01012
NITIRAJ,EQ,204,205,193.8,204.44,205,199.28,3475,706631.21,20-Aug-2026,93,INE439T01012
NITTAGELA,EQ,1565,1598.9,1561,1577.6,1580,1559.5,2908,4569122.70,20-Aug-2026,411,INE265B01019
NIVABUPA,EQ,83.96,84.21,82.5,82.88,82.9,83.96,575760,47908111.60,20-Aug-2026,10221,INE995S01015
NKIND,EQ,60.99,60.99,56.5,56.6,58.8,61.55,183,10605.59,20-Aug-2026,16,INE542C01019
NLCINDIA,EQ,267.45,273.5,267.1,272.05,272.15,268.05,1473017,399758353.35,20-Aug-2026,28366,INE589A01014
NMDC,EQ,83.88,85.15,83.5,83.95,83.95,83.35,16534911,1393225157.28,20-Aug-2026,38127,INE584A01023
NSLNISP,EQ,40.5,40.65,39.3,39.52,39.4,40.15,5711367,227928006.32,20-Aug-2026,20148,INE0NNS01018
NOCIL,EQ,162.19,163.69,161.1,161.66,161.84,161.57,264224,42926623.79,20-Aug-2026,3628,INE163A01018
NOIDATOLL,BE,4.19,4.19,4.05,4.13,4.14,4.14,17387,71173.12,20-Aug-2026,149,INE781B01015
NORBTEAEXP,EQ,67.1,69.75,67.1,67.73,67.5,69.14,889,60165.18,20-Aug-2026,20,INE369C01017
NECCLTD,BE,14.3,15.08,14.1,15.08,15.08,14.37,93239,1394794.40,20-Aug-2026,281,INE553C01016
NORTHARC,EQ,286,293.8,282,292.6,292.65,284.35,651296,188225909.65,20-Aug-2026,11352,INE850M01015
NOVAAGRI,BE,24.76,25.39,24.6,24.79,24.85,24.76,36394,903829.18,20-Aug-2026,194,INE02H701025
NOVARTIND,EQ,1540,1574.9,1476,1482.2,1483,1531.7,16240,24506918.80,20-Aug-2026,1824,INE234A01025
NRBBEARING,EQ,488.95,489.7,478.15,483.2,485,483.15,233232,112541494.65,20-Aug-2026,6689,INE349A01021
NIBL,EQ,32.24,32.24,30.76,31.78,31.9,31.24,9932,314322.06,20-Aug-2026,155,INE047O01014
NTPCGREEN,EQ,92,92.35,91.62,91.88,91.77,91.7,996071,91526764.45,20-Aug-2026,10146,INE0ONG01011
NTPC,EQ,337.1,339.55,334.4,337.5,337.5,336.55,4185077,1413920417.90,20-Aug-2026,69295,INE733E01010
NUCLEUS,EQ,732.65,747,728,736.6,735.65,727.8,28376,20986663.45,20-Aug-2026,1831,INE096B01018
NRL,BE,113.1,115.36,113.1,115.36,115.36,113.1,38910,4472747.20,20-Aug-2026,163,INE0JM501013
NURECA,BE,317.1,326.8,317.1,319.5,317.5,317,2208,710115.95,20-Aug-2026,96,INE0DSF01015
NUVAMA,EQ,1738.8,1749.9,1715.1,1727.9,1720,1733.4,143618,249091809.60,20-Aug-2026,12330,INE531F01023
NUVOCO,EQ,317.8,322.6,317,321.7,320.55,318.5,204635,65717284.55,20-Aug-2026,9404,INE118D01016
NXT-INFRA,BL,93.85,93.85,93.85,93.85,93.85,100,19125000,1794881250.00,20-Aug-2026,2,INE0SF023016
NXT-INFRA,IV,95.6,95.6,95.6,95.6,95.6,96.19,75000,7170000.00,20-Aug-2026,3,INE0SF023016
OBCL,EQ,55.25,55.25,54,54.2,54.5,54.19,17083,934196.17,20-Aug-2026,64,INE426Z01016
OBEROIRLTY,EQ,1880,1914.8,1866.3,1904.7,1904.7,1869.7,500903,950223257.50,20-Aug-2026,37486,INE093I01010
OBSCP,SM,845.6,862,844,855.85,858.6,840.6,22400,19102000.00,20-Aug-2026,42,INE0YHV01011
OCCLLTD,BE,165.14,168,157.05,165.41,166.99,165.14,38502,6322576.38,20-Aug-2026,387,INE0PK601023
ODIGMA,EQ,22.89,22.89,22.1,22.26,22.5,22.51,11572,259433.03,20-Aug-2026,344,INE054301028
ODYCORP,EQ,7.75,7.85,7.1,7.23,7.14,7.03,47368,347991.66,20-Aug-2026,125,INE839E01023
ONGC,EQ,239.24,239.24,233.64,238.5,238.5,238,11886277,2819169806.30,20-Aug-2026,101832,INE213A01029
OILCOUNTUB,BE,59,59.8,58.28,58.75,58.8,58.97,20613,1225045.51,20-Aug-2026,76,INE591A01010
OIL,EQ,475.4,481.5,465,480.9,480.9,474.85,1364701,645215148.20,20-Aug-2026,23160,INE274J01014
OLAELEC,EQ,37.5,38.2,37.5,37.82,37.89,37.28,21869017,829470831.27,20-Aug-2026,51679,INE0LXG01040
OLECTRA,EQ,1312.3,1326,1284,1291.2,1290,1305.6,218474,285156443.60,20-Aug-2026,13569,INE260D01016
OMFREIGHT,BE,92.02,95,92.02,93.91,93.5,93.69,5844,543788.12,20-Aug-2026,89,INE1BZC01019
OMINFRAL,EQ,86.4,86.46,84.29,84.67,85,85.04,64339,5484776.33,20-Aug-2026,1568,INE239D01028
OMPOWER,EQ,165.28,169.34,160.05,162.7,162.05,165.28,73680,12043298.32,20-Aug-2026,1116,INE25E901019
OMAXAUTO,EQ,196,204,192,199.74,199.5,195.27,54186,10833445.32,20-Aug-2026,1398,INE090B01011
OMAXE,EQ,99.58,104,99.02,103.16,103.1,99.41,1399624,142912224.90,20-Aug-2026,9685,INE800H01010
OMFURN,SM,59.35,59.45,59.2,59.45,59.45,59.5,42000,2490300.00,20-Aug-2026,9,INE338Y01016
OMNI,EQ,588.8,615,570,574,573.9,586.65,1188002,705791418.55,20-Aug-2026,37117,INE0UH301010
ONDOOR,SM,249,249,241.95,246.05,246,248.8,6300,1550355.00,20-Aug-2026,18,INE00ER01015
PAYTM,EQ,1590,1622.8,1587.1,1603.6,1603.6,1583.5,4831205,7772123184.90,20-Aug-2026,91166,INE982J01020
ONEGLOBAL,EQ,575,575,544.05,564.1,567,560.65,18280,10269947.60,20-Aug-2026,881,INE670O01013
MOBIKWIK,EQ,195.61,198.39,194.2,195.66,195.35,195.61,894001,175266765.59,20-Aug-2026,12389,INE0HLU01028
ONEPOINT,EQ,56.89,57,55.47,56.61,56.5,56.31,1161837,65411644.66,20-Aug-2026,3899,INE840Y01029
OLIL,SM,401.85,409.9,391.2,399.1,405.7,400.15,32800,13063380.00,20-Aug-2026,63,INE0OPS01011
ONELIFECAP,BE,34.4,34.4,31.67,33.68,33.88,33,9768,320791.21,20-Aug-2026,43,INE912L01015
KISSHT,EQ,302,314.25,301,302.65,303.9,300.25,1666918,513409948.55,20-Aug-2026,27068,INE12F801023
ONESOURCE,EQ,1524.5,1555.7,1518.2,1534.5,1535.1,1520.5,73142,112795923.60,20-Aug-2026,13033,INE013P01021
ONIDA,EQ,37.6,37.6,36.05,36.67,36.6,36.93,236597,8645283.23,20-Aug-2026,1438,INE831A01028
ONIXSOLAR,EQ,321.95,321.95,321.95,321.95,321.95,338.85,12425,4000228.75,20-Aug-2026,93,INE173M01012
ONMOBILE,BE,58.15,58.15,58.15,58.15,58.15,59.33,62243,3619430.45,20-Aug-2026,254,INE809I01019
ONWARDTEC,EQ,281.65,295.2,281.65,292.25,292,282.4,50388,14645239.60,20-Aug-2026,1690,INE229A01017
OPTIEMUS,EQ,559.95,563.5,547.55,551.75,553.35,546.7,89560,49772424.45,20-Aug-2026,3907,INE350C01017
OPTIFIN,EQ,11.91,12.31,11.56,12.06,11.97,11.91,39428,471962.79,20-Aug-2026,129,INE031G01022
OPTIMYSTIX,ST,179.5,182,175,179.95,176.45,179.95,59200,10589440.00,20-Aug-2026,43,INE1JZB01022
OPTIVALUE,ST,181.8,188,180,180,180,182.9,49600,9028240.00,20-Aug-2026,25,INE15B101011
OFSS,EQ,11825,11917,11680,11826,11826,11774,188774,2236608468.00,20-Aug-2026,27533,INE881D01027
ORBTEXP,BE,230.5,232.2,228,229.36,230,230.12,5944,1368834.81,20-Aug-2026,95,INE231G01010
ORCHASP,EQ,1.38,1.45,1.3,1.36,1.36,1.39,414560,563319.77,20-Aug-2026,475,INE215B01022
ORCHPHARMA,EQ,981.35,994.6,971.1,980.05,981,979.5,54874,53779287.95,20-Aug-2026,5521,INE191A01027
ORIANA,SM,1219,1255,1190,1194.4,1191.9,1212.4,88200,106742550.00,20-Aug-2026,899,INE0OUT01019
ORICONENT,EQ,57.43,59.7,55.12,58.12,58,56.71,288622,16699692.39,20-Aug-2026,665,INE730A01022
ORIENTBELL,EQ,345.4,348.1,335.9,339.2,344,343.35,24640,8389430.35,20-Aug-2026,1262,INE607D01018
ORIENTCEM,EQ,131.89,132.3,129.6,130.86,130.1,129.47,259124,34006592.95,20-Aug-2026,3002,INE876N01018
ORIENTCER,EQ,43,47.23,42.52,46.73,47,43.12,353057,16172993.07,20-Aug-2026,3978,INE569C01020
ORIENTELEC,EQ,181.2,187.28,181.2,186.03,186.4,180.59,194567,36069219.22,20-Aug-2026,4773,INE142Z01019
GREENPOWER,EQ,9.44,9.64,9.41,9.54,9.54,9.43,2060320,19545605.37,20-Aug-2026,3541,INE999K01014
ORIENTHOT,EQ,138,139,131.02,137.29,136.6,139.5,5169194,697259000.09,20-Aug-2026,27956,INE750A01020
ORIENTPPR,EQ,17.45,17.45,16.87,17.1,17.13,16.85,218697,3722342.94,20-Aug-2026,644,INE592A01026
ORIENTLTD,BE,82,82,79.5,81.97,81.97,79.3,2628,213192.64,20-Aug-2026,28,INE609C01024
ORIENTTECH,EQ,242.05,247,242.05,243.15,242.05,240.65,100778,24566305.05,20-Aug-2026,2350,INE0PPK01015
OAL,EQ,342.1,344.45,332.8,334.9,334.1,341.9,9156,3090596.35,20-Aug-2026,692,INE959C01023
ORIRAIL,EQ,104.95,106.79,102.8,103.63,103.4,105.09,51219,5338559.67,20-Aug-2026,773,INE457G01029
ORIENTALTL,EQ,5.08,5.13,4.9,5.02,5.07,5.06,66753,334763.23,20-Aug-2026,291,INE998H01012
ORISSAMINE,EQ,4650,4712.3,4620,4651.5,4669.9,4637,21008,97944746.60,20-Aug-2026,4413,INE725E01024
ORKLAINDIA,EQ,551.95,562,548.05,550.35,550,551,67217,37454552.85,20-Aug-2026,5178,INE16NZ01023
ORTINGLOBE,EQ,15.49,15.99,15.25,15.95,15.95,15.48,6986,107900.52,20-Aug-2026,36,INE749B01020
OSELDEVICE,SM,375.8,390,357.15,384.15,386.8,364.2,68200,25444840.00,20-Aug-2026,236,INE0RMF01018
OSIAHYPER,BE,2.97,2.97,2.83,2.96,2.97,2.83,1827260,5400442.34,20-Aug-2026,920,INE06IR01021
OSWALAGRO,EQ,37.83,37.83,36.9,37.57,37.59,37.46,22762,849784.31,20-Aug-2026,420,INE142A01012
OSWALGREEN,EQ,20.99,21.38,20.99,21.27,21.38,20.89,57261,1215768.69,20-Aug-2026,522,INE143A01010
OSWALPUMPS,EQ,293,307.65,291.3,304.75,306.4,292.1,1646644,499354883.35,20-Aug-2026,25678,INE0BYP01024
OWAIS,ST,64.35,65.4,64.35,64.35,64.35,67.7,31300,2014725.00,20-Aug-2026,115,INE0R8M01017
PNGJL,EQ,609.5,613.7,602,609.45,610,603.45,491130,297991047.60,20-Aug-2026,11832,INE953R01016
POEL,EQ,159.3,165,159.3,163.8,165,162.15,39953,6543127.31,20-Aug-2026,373,INE035S01028
PSRAJ,ST,82.25,82.25,82.25,82.25,82.25,82.25,2500,205625.00,20-Aug-2026,1,INE0XUS01020
PGHH,EQ,8260,8309,8220,8248,8243,8239,8760,72321584.00,20-Aug-2026,2065,INE179A01014
PROPEQUITY,SM,216.35,220,216.35,220,220,220,1800,391620.00,20-Aug-2026,2,INE0KN801013
PACEDIGITK,EQ,177.2,177.89,175.01,175.37,175.4,175.81,371337,65608530.00,20-Aug-2026,3698,INE0S3G01027
PACIFICI,EQ,133.55,159,133.55,150.98,152.9,133.55,8374,1241811.31,20-Aug-2026,223,INE883C01025
PAGEIND,EQ,35660,35845,35150,35505,35505,35240,40743,1447298340.00,20-Aug-2026,18914,INE761H01022
PAISALO,EQ,69.55,70.3,69,69.95,70.2,69.37,3401041,236925624.66,20-Aug-2026,11095,INE420C01059
PAKKA,EQ,89,92,85.71,88.69,88.15,88.54,321273,28751458.06,20-Aug-2026,5392,INE551D01018
PALASHSECU,EQ,87.9,92,86.6,88.2,89.84,86.37,1297,115518.94,20-Aug-2026,23,INE471W01019
PALREDTEC,BE,55,57.75,54,57.24,57.75,55,3337,187913.30,20-Aug-2026,45,INE218G01033
PANACEABIO,EQ,409.05,420.35,405.7,413.65,411.2,402.65,187436,77570067.20,20-Aug-2026,5947,INE922B01023
PANACHE,BE,554.95,554.95,522.9,527.85,539.5,541.1,10727,5712166.60,20-Aug-2026,200,INE895W01019
PANAMAPET,EQ,492,493,480.95,486.25,485,489.65,259975,126495725.85,20-Aug-2026,6717,INE305C01029
PANCHMAHQ,EQ,286,299,286,299,299,294.45,93,27160.50,20-Aug-2026,7,INE798F01010
PANORAMA,EQ,45.88,47.5,44.98,45.95,45.52,45.95,163879,7562698.54,20-Aug-2026,635,INE258R01028
PANSARI,EQ,329.8,329.8,305,318.2,318.25,312.6,572,181126.90,20-Aug-2026,37,INE697V01011
PAR,EQ,100.86,103.4,100.01,102.48,103.35,100.86,5149,523642.80,20-Aug-2026,108,INE04LG01015
PARADEEP,EQ,151,151.7,147.78,148.64,148.28,150.89,1528159,229421639.69,20-Aug-2026,15089,INE088F01024
PARAGMILK,EQ,209.99,212.38,206,207.94,208.08,208.95,1038835,216013204.25,20-Aug-2026,6698,INE883N01014
PARAGON,SM,47.9,49,47.9,48.2,48.2,47.7,15600,756600.00,20-Aug-2026,11,INE0N4G01012
PARACABLES,EQ,62.81,64,62.52,63.05,63.15,62.73,714562,45103185.52,20-Aug-2026,4526,INE074B01023
PARAMOUNT,SM,33.55,33.55,32.05,32.05,32.05,33.55,2400,78720.00,20-Aug-2026,2,INE0TG801013
PSFL,SM,31.05,32.5,31.05,32.5,32.5,31.05,6000,189200.00,20-Aug-2026,3,INE0Q6001012
PARAS,EQ,1496,1536.4,1476,1502,1500,1496.4,1211454,1823345089.20,20-Aug-2026,51262,INE045601023
PARASPETRO,EQ,2.25,2.28,2.14,2.17,2.14,2.21,96909,214094.22,20-Aug-2026,246,INE162C01024
PARKHOSPS,EQ,273,276,266.5,272.6,274,270.65,533049,144423006.35,20-Aug-2026,9761,INE119201023
PARKHOTELS,EQ,116.85,118.5,116.03,116.4,116.45,116.85,69241,8083357.22,20-Aug-2026,2055,INE988S01028
PARNAXLAB,EQ,120.8,130,120,122.09,125,120.24,4373,549132.76,20-Aug-2026,47,INE383L01019
PARSVNATH,BE,1.41,1.41,1.41,1.41,1.41,1.43,149298,210510.18,20-Aug-2026,163,INE561H01026
PARTH,SM,483.8,500,470,485.4,480,475.7,12800,6223960.00,20-Aug-2026,26,INE1H7V01011
PARTYCRUS,SM,78,78,78,78,78,78,1000,78000.00,20-Aug-2026,1,INE06ZX01015
PASHUPATI,EQ,88.5,88.9,85.8,86.73,87.45,86.31,31331,2715701.11,20-Aug-2026,2059,INE124Y01028
PASUPTAC,BE,62.65,63.8,60.71,62.39,63.1,61.56,115108,7204589.88,20-Aug-2026,302,INE818B01023
PATANJALI,EQ,352.95,354.4,349.7,352.3,352.3,350.95,1623228,570783597.60,20-Aug-2026,40793,INE619A01035
PATELENG,EQ,27.86,28.3,27.86,28.14,28.24,27.8,2403763,67506483.67,20-Aug-2026,5852,INE244B01030
PATINTLOG,BE,13.6,13.95,13.6,13.82,13.83,13.76,99570,1366258.16,20-Aug-2026,119,INE529D01014
PATELRMART,EQ,238,239.9,230.63,232.32,231,238.23,89598,21134146.68,20-Aug-2026,2852,INE0R8B01010
PATILAUTOM,SM,240.05,245.05,237,237.25,237,239.5,42600,10268100.00,20-Aug-2026,64,INE17GV01016
PML,EQ,499.9,500.5,486.4,490.5,499.45,492.1,371,182965.30,20-Aug-2026,26,INE291E01019
PAUSHAKLTD,EQ,776.8,803.95,776.75,787.4,783,777.8,56944,45166573.25,20-Aug-2026,5041,INE111F01024
PAVNAIND,EQ,18.55,19.31,18.31,18.72,18.6,18.87,48102,907328.07,20-Aug-2026,284,INE07S101038
POLICYBZR,EQ,1792,1803.4,1764,1779.6,1779.6,1782.1,1101007,1964109988.20,20-Aug-2026,48919,INE417T01026
PCJEWELLER,EQ,9.68,9.82,9.55,9.61,9.6,9.68,78831265,764433279.91,20-Aug-2026,28767,INE785M01021
PCBL,EQ,328,328,318.55,319.85,319.5,326.7,740842,240204322.10,20-Aug-2026,14498,INE602A01031
PDSL,EQ,363.9,376.85,362.1,370.15,370,361.9,130129,48143624.75,20-Aug-2026,6131,INE111Q01021
PGIL,EQ,2438,2454,2360.8,2377.6,2387.1,2413.7,40967,98551928.00,20-Aug-2026,6441,INE940H01022
PEARLPOLY,EQ,15.99,16.56,15.7,16.01,16,15.9,9611,156593.92,20-Aug-2026,57,INE844A01013
PELATRO,SM,329.9,387,329.9,358.8,355.15,327.5,42000,14782560.00,20-Aug-2026,86,INE0VG601013
PENINLAND,BE,14.92,15.2,14.92,15.2,15.2,14.91,32084,481576.42,20-Aug-2026,61,INE138A01028
PENIND,EQ,159.33,164.4,157.17,163.29,163.59,158.23,763245,123841526.77,20-Aug-2026,9945,INE932A01024
PENTAGON,SM,52.95,53,49.6,53,53,51.95,3000,155550.00,20-Aug-2026,3,INE0ORS01017
PERFECT,SZ,2.2,2.2,2.2,2.2,2.2,2.2,6000,13200.00,20-Aug-2026,1,INE925S01012
PERMAGN,EQ,882.2,905,855,881.55,884,882.2,6952,6134159.40,20-Aug-2026,567,INE418E01018
PERSISTENT,EQ,5572,5706,5534,5674,5674,5510,701333,3966287075.00,20-Aug-2026,41903,INE262H01021
PCCL,SM,335,342,325,341.1,341,335,24000,8087620.00,20-Aug-2026,36,INE998U01015
PETRONET,EQ,290,293.75,286.6,291.4,291.4,288.15,3197045,929624810.50,20-Aug-2026,41060,INE347G01014
PFIZER,EQ,4961.3,4969,4870.1,4920,4921.2,4919.5,297497,1458672790.10,20-Aug-2026,8904,INE182A01018
905PFL26,N1,1058.2,1071,1000,1069,1069,1072,491,500898.40,20-Aug-2026,15,INE140A07740
935PFL33,N3,1068.57,1098,1068.57,1091.5,1085,1110,60,65031.40,20-Aug-2026,4,INE140A07773
PGEL,EQ,606.4,613.7,602.05,602.05,602.05,601.9,1434531,871557968.20,20-Aug-2026,30070,INE457L01029
PHANTOMFX,SM,135,138,133,136,136,133.45,16800,2285400.00,20-Aug-2026,37,INE0MLZ01019
PHOENXINTL,EQ,31.4,31.4,29.99,30.53,31,30.76,956,29131.69,20-Aug-2026,31,INE245B01011
PHOGLOBAL,SM,15.6,16,15.6,16,16,15.5,10000,157500.00,20-Aug-2026,5,INE0FPO01018
PWL,EQ,122.99,124.09,121.5,121.95,122,121.92,7546593,925685465.07,20-Aug-2026,29800,INE0LP301011
PIIND,EQ,2510,2522.5,2482.5,2482.5,2482.5,2505,96187,240773640.90,20-Aug-2026,8057,INE603J01030
PICCADIL,EQ,705.65,723,700.15,709.4,707.2,705.85,167379,119217945.60,20-Aug-2026,8500,INE546C01010
PPSL,SM,3,3,2.85,3,3,2.9,39000,115350.00,20-Aug-2026,13,INE0YAL01017
PIDILITIND,EQ,1658.5,1666.9,1647.5,1660,1660,1650,419940,695577761.40,20-Aug-2026,18352,INE318A01026
PILITA,EQ,7.91,8.27,7.91,8.2,8.2,8,14746,120013.56,20-Aug-2026,104,INE600A01035
PILANIINVS,EQ,4314.1,4331.4,4282,4309.5,4301,4291.8,805,3475871.00,20-Aug-2026,309,INE417C01014
PINELABS,EQ,158.53,163.7,158.53,159.73,160.2,157.62,16569121,2674057015.02,20-Aug-2026,66046,INE15B701018
PIONEEREMB,EQ,22.4,22.4,21.41,21.76,21.8,22.03,21808,473827.07,20-Aug-2026,164,INE156C01018
PIONRINV,BE,80.05,80.39,76.39,79.98,79.98,80.41,2551,198321.94,20-Aug-2026,45,INE746D01014
PIRAMALFIN,EQ,2068,2135.4,2053.3,2128.1,2125.9,2057.4,278225,585171572.60,20-Aug-2026,20771,INE202B01038
PPLPHARMA,EQ,209.64,217,209.33,216.66,216.15,209.64,4134099,886116973.97,20-Aug-2026,44484,INE0DK501011
PITTIENG,EQ,1074,1083,1037.7,1051.65,1051,1069.35,86184,90678833.85,20-Aug-2026,7638,INE450D01021
PIXTRANS,EQ,1816,1832.9,1802.3,1820.3,1823.6,1815.2,10418,18962260.90,20-Aug-2026,1747,INE751B01018
PLADAINFO,SM,9.85,9.9,9.85,9.9,9.9,9.45,15000,148350.00,20-Aug-2026,5,INE0PXD01014
PLASTIBLEN,EQ,187,190.04,187,188.93,189.3,187.13,15361,2904437.43,20-Aug-2026,464,INE083C01022
PLATIND,EQ,206.38,213,205,211.07,211.46,206.38,79154,16525430.07,20-Aug-2026,1716,INE0PT501018
PLAZACABLE,EQ,48.25,52.35,48.25,52.18,52.35,49.86,62656,3216176.84,20-Aug-2026,1035,INE0INJ01017
PNBGILTS,EQ,79.2,80.47,78.9,79.11,78.91,78.78,153598,12184721.85,20-Aug-2026,1934,INE859A01011
PNBHOUSING,EQ,1187.7,1207,1170.1,1175.5,1175.5,1174,2261483,2686551373.30,20-Aug-2026,58688,INE572E01012
PNCINFRA,EQ,212.03,214,208.82,209.34,209.05,212.01,564710,118641374.30,20-Aug-2026,21348,INE195J01029
PNGSREVA,EQ,574.9,574.9,545.2,552.5,555,564.35,139730,78215848.55,20-Aug-2026,8472,INE1RDG01013
PODDARMENT,EQ,250,258.9,249.5,251.1,251.25,248.9,4182,1049409.30,20-Aug-2026,102,INE371C01013
POKARNA,EQ,904.05,913.9,884.95,889.55,890,901.85,38590,34665339.35,20-Aug-2026,2552,INE637C01025
POLYMED,EQ,1775,1784.8,1756,1769.6,1771,1770.3,93919,165937022.90,20-Aug-2026,8443,INE205C01021
POLYCAB,EQ,9169,9180,9076.5,9125,9125,9140,270245,2466795271.00,20-Aug-2026,39454,INE455K01017
POLYPLEX,EQ,1185,1191.2,1163.9,1170.9,1178,1171.9,31166,36675774.40,20-Aug-2026,2198,INE633B01018
POLYSIL,SM,57.9,57.9,57.9,57.9,57.9,60.9,5500,318450.00,20-Aug-2026,7,INE517M01028
POLYSPIN,EQ,29,32.28,29,29.29,29.29,30.48,29,894.68,20-Aug-2026,6,INE914G01029
POCL,EQ,505,512,497.85,503.25,505.1,500.6,380466,192501726.75,20-Aug-2026,10280,INE063E01061
PONNIERODE,EQ,380.5,433.5,380.5,421.35,418.1,384.15,439118,183725247.70,20-Aug-2026,19468,INE838E01017
POONAWALLA,EQ,496.3,506,492.4,494.05,494.85,493.3,890599,443365180.75,20-Aug-2026,19539,INE511C01022
PVSL,EQ,116,116.26,111.92,114.67,114,113.43,21107,2405805.04,20-Aug-2026,643,INE772T01024
POSITRON,SM,168.9,168.9,160,162.95,160,165.55,3300,544320.00,20-Aug-2026,11,INE0S3H01017
PFC,EQ,374.45,375.1,363.2,363.8,363.8,374.45,13375984,4896438023.65,20-Aug-2026,129321,INE134E01011
POWERGRID,EQ,264,267.1,262.8,264.8,264.8,263.5,7029993,1865952801.35,20-Aug-2026,64250,INE752E01010
PIGL,EQ,105,107,102.21,103.8,104.37,105,39587,4140191.23,20-Aug-2026,964,INE557Z01018
POWERMECH,EQ,2439.9,2466.3,2433,2455.6,2457,2427.7,28884,70829656.20,20-Aug-2026,4578,INE211R01019
PGINVIT,IV,100.2,100.2,99.58,99.64,99.6,99.73,1009243,100743797.40,20-Aug-2026,5907,INE0GGX23010
POWERICA,EQ,534.25,546.75,531,533.9,536.95,532.85,138971,74803404.05,20-Aug-2026,4201,INE921L01032
PPAP,BE,277.8,277.8,271.05,274,275,271.7,11297,3081573.60,20-Aug-2026,197,INE095I01015
PRABHA,EQ,209.95,214.8,198.02,212.89,214,199.79,1362684,281750783.76,20-Aug-2026,20551,INE0I0M01023
PRADPME,BE,532.5,539.95,524.8,532.3,534.7,534.55,4061,2164913.10,20-Aug-2026,99,INE770A01010
PRAJIND,EQ,342.85,361.45,341.05,358.45,359.3,340.5,2946324,1046516716.95,20-Aug-2026,53122,INE074A01025
PRAENG,EQ,19.04,19.95,19.03,19.4,19.45,19.04,49764,973450.88,20-Aug-2026,149,INE505C01016
PRAKASH,EQ,131.85,132.8,128.4,129.45,129.2,131.38,290553,37908671.31,20-Aug-2026,3750,INE603A01013
PPL,BE,273,275,268.2,270.75,272,271.5,37498,10227812.35,20-Aug-2026,334,INE050001010
PRAKASHSTL,EQ,3.99,3.99,3.88,3.93,3.94,3.92,57670,225889.79,20-Aug-2026,313,INE696K01024
PRAMARA,SM,124.95,126,122,122,122,122.65,11500,1429125.00,20-Aug-2026,18,INE0O7A01017
PRAMODINI,ST,119.05,122,116,118.1,116.85,121.65,310800,36843600.00,20-Aug-2026,155,INE2JG601017
DIAMONDYD,EQ,1181.2,1189.9,1167.1,1175,1178,1179.2,8151,9590602.90,20-Aug-2026,813,INE393P01035
PRATHAM,SM,115.1,121.8,115.1,118,118,120,13200,1590400.00,20-Aug-2026,10,INE0QA601016
PRAVEG,EQ,267.5,274,260.65,262.1,262,267.5,43704,11687991.35,20-Aug-2026,1950,INE722B01019
PRAXIS,EQ,5.65,5.77,5.31,5.41,5.35,5.51,211359,1163343.99,20-Aug-2026,326,INE546Y01022
PRECAM,EQ,131.9,134.5,130.2,130.68,130.45,131.02,131552,17316148.02,20-Aug-2026,2253,INE484I01029
PRECISION,ST,7.3,7.3,7.3,7.3,7.3,7.6,4000,29200.00,20-Aug-2026,2,INE0HKW01018
PRECWIRE,EQ,435,441.4,429.45,435.7,435.8,429.7,296412,129102511.75,20-Aug-2026,13114,INE372C01037
PRECOT,EQ,721.65,726.7,671.5,709.5,706,721.6,10476,7359289.60,20-Aug-2026,488,INE283A01014
PREMCO,EQ,386,394,377.2,391.45,393.95,376.6,1259,488807.60,20-Aug-2026,90,INE001E01012
PREMIERENE,EQ,1012.9,1049.6,1007.5,1040,1040,1002,1306864,1355348606.70,20-Aug-2026,39424,INE0BS701011
PREMEXPLN,EQ,667.95,667.95,662.1,663.55,664.7,663.1,75130,49857420.60,20-Aug-2026,1845,INE863B01029
PREMIER,BE,2.7,2.83,2.7,2.72,2.81,2.72,2934,8113.37,20-Aug-2026,16,INE342A01018
PREMIERPOL,EQ,91.61,92.59,87.87,88.99,89.5,91.61,897576,80500559.24,20-Aug-2026,9273,INE309M01020
PRLIND,SM,42.95,43.45,42.6,42.8,42.6,42.6,13000,560100.00,20-Aug-2026,10,INE0CFG01012
PREMIUM,SM,38,38,38,38,38,37.9,3000,114000.00,20-Aug-2026,1,INE0M1F01011
PRESSTONIC,SM,36,36.5,32.4,33.95,33.75,34.6,68800,2393080.00,20-Aug-2026,74,INE0R1601012
PRESTIGE,EQ,1588,1610,1581,1585.5,1585.5,1581.8,175197,279750675.90,20-Aug-2026,9465,INE811K01011
PRICOLLTD,EQ,809,823,798.7,803.65,804,804.6,335901,271840874.05,20-Aug-2026,16020,INE726V01018
PRIMECAB,ST,187,190,184.45,190,190,187,25600,4825360.00,20-Aug-2026,13,INE0CQA01020
PFOCUS,EQ,280.85,290,279,282.6,280.25,279.2,686504,195214920.00,20-Aug-2026,12172,INE367G01038
PRIMESECU,EQ,281.7,281.7,274,275.15,277,278.35,5463,1519089.25,20-Aug-2026,368,INE032B01021
PRIMO,EQ,22.89,22.89,21.25,21.46,21.3,22.16,339560,7419997.88,20-Aug-2026,2135,INE607A01022
PRINCEPIPE,EQ,283.95,286.9,282.1,283.1,284.5,282.8,98750,28023589.65,20-Aug-2026,4568,INE689W01016
PRSMJOHNSN,EQ,110.3,112.8,108.25,109.88,108.7,110.27,1814639,200013137.77,20-Aug-2026,15351,INE010A01011
PRISMX,EQ,0.53,0.55,0.53,0.54,0.55,0.53,104720,56521.96,20-Aug-2026,100,INE286N01028
PRITI,BE,32.51,33.95,32.51,33.56,33.94,33.55,13007,432579.47,20-Aug-2026,126,INE974Z01015
PRITIKAUTO,BE,17.5,17.75,17.3,17.42,17.35,17.58,51852,907473.05,20-Aug-2026,234,INE583R01029
PNC,EQ,19.25,19.39,18.08,18.33,18.47,18.2,9448,175807.97,20-Aug-2026,130,INE392B01011
PRIVISCL,EQ,3467.8,3493.8,3440,3450.3,3454.7,3467.8,53011,183393066.10,20-Aug-2026,8122,INE959A01019
PRIZOR,ST,900,925.5,900,925.5,925.5,881.45,16800,15513540.00,20-Aug-2026,38,INE0V9N01017
PROFX,SM,81.5,81.5,78.6,78.6,78.6,81.5,3200,256160.00,20-Aug-2026,2,INE0VJT01017
PGHL,EQ,5781.5,5913,5780,5832.5,5844.5,5781,22508,131047966.00,20-Aug-2026,4291,INE199A01012
PROLIFE,SM,83.6,83.6,83.6,83.6,83.6,88,1000,83600.00,20-Aug-2026,2,INE994V01012
PROPSHOP,SM,69.2,69.8,68.6,69.5,69.8,69.1,282000,19585900.00,20-Aug-2026,56,INE1FFX01018
PROSTARM,EQ,135.95,139.75,135.31,138.53,138,134.96,241456,33252427.41,20-Aug-2026,3199,INE0BX301013
PROTEAN,EQ,550,555,546.2,548.15,548,545.7,143035,78725344.80,20-Aug-2026,5971,INE004A01022
PROV,SM,1925,1925,1910,1910,1910,1925,160,306800.00,20-Aug-2026,2,INE0ONE01016
PROZONER,EQ,41.32,42.89,41.03,41.96,41.75,41.52,83043,3486834.73,20-Aug-2026,514,INE195N01013
PRUDENT,EQ,3455,3455,3350.1,3363.5,3377.2,3393.6,10856,36732852.70,20-Aug-2026,3522,INE00F201020
PRUDMOULI,BE,14.7,14.72,13.55,14.69,14.69,14.02,22799,331401.55,20-Aug-2026,126,INE024D01016
PSPPROJECT,EQ,919.95,937.45,917.4,923.35,919.95,918.85,44546,41185935.40,20-Aug-2026,2217,INE488V01015
PFS,EQ,27.92,28.2,27.75,27.82,27.84,27.92,148973,4159773.62,20-Aug-2026,1140,INE560K01014
PTC,EQ,156,158.19,156,157.05,156.86,155.5,1448112,227279618.65,20-Aug-2026,19827,INE877F01012
PTCIL,EQ,19540,19796,19500,19623,19576,19475,14005,275231262.00,20-Aug-2026,5563,INE596F01018
PTL,EQ,38.55,38.65,37.98,38.24,38.4,38.6,55477,2123872.19,20-Aug-2026,668,INE034D01049
PDMJEPAPER,EQ,87.63,88.79,86.58,87.68,87.8,87.52,73902,6492013.73,20-Aug-2026,1740,INE865T01018
PULZ,SM,23.5,23.5,23.5,23.5,23.5,22.4,2000,47000.00,20-Aug-2026,1,INE335X01014
PSB,EQ,23.25,23.5,23.25,23.38,23.35,23.24,646724,15128186.00,20-Aug-2026,2056,INE608A01012
PUNJABCHEM,EQ,1157.7,1180.4,1146.9,1167,1170,1156.3,9477,11103363.20,20-Aug-2026,1115,INE277B01014
PNB,EQ,117.9,119.1,117.44,118,118,117.48,8551120,1010834109.52,20-Aug-2026,35182,INE160A01022
PURVA,EQ,218,219.92,215.55,216.4,217.48,218.74,187511,40850469.32,20-Aug-2026,5199,INE323I01011
PURPLEUTED,ST,392,397.5,384,391.65,390,384.6,29500,11536337.50,20-Aug-2026,97,INE0P5R01014
PURVFLEXI,SM,48.5,48.5,48.5,48.5,48.5,50.2,5600,271600.00,20-Aug-2026,1,INE0R6C01012
PUSHPA,SM,110.05,115,108,114,114,115,34000,3813000.00,20-Aug-2026,32,INE154801018
PVP,EQ,39.97,43.7,39.46,43.15,43.7,39.13,3957968,166584755.34,20-Aug-2026,14253,INE362A01016
PVRINOX,EQ,1205.7,1224.4,1185,1219.5,1220,1200.9,195196,236287463.00,20-Aug-2026,19254,INE191H01014
PYRAMID,EQ,163.55,164.99,162,163.18,162.31,161.5,23694,3870164.85,20-Aug-2026,845,INE0MIS01010
QLINE,SM,514,518.95,505.2,512,510.2,516.2,62400,31903820.00,20-Aug-2026,141,INE1G2W01011
QMSMEDI,BE,136,141.33,134.1,141.33,141.33,134.6,69221,9625803.17,20-Aug-2026,208,INE0FMW01018
QUADFUTURE,EQ,343.8,346.7,336.5,337.8,337,339.75,315657,107542308.40,20-Aug-2026,7210,INE0LRY01011
QPOWER,EQ,1307,1356,1286.1,1334.9,1335,1295.3,308535,410327453.70,20-Aug-2026,12971,INE0SII01026
QGOLDHALF,EQ,128.29,133,128.28,130.07,129.4,126.03,166013,21528940.30,20-Aug-2026,1288,INF082J01408
QNIFTY,EQ,267.4,267.8,265.8,267,267.1,265.2,4258,1135807.29,20-Aug-2026,131,INF082J01499
QUESS,EQ,334.9,342.4,334.9,338.25,338,336.55,277396,94039330.85,20-Aug-2026,16324,INE615P01015
QUESTLAB,SM,88,88,86.9,86.9,86.9,89,6000,522900.00,20-Aug-2026,5,INE0TNW01017
QUICKHEAL,BE,142.8,142.9,140.45,141.62,141.98,140.31,46798,6644290.48,20-Aug-2026,620,INE306L01010
QUICKTOUCH,SM,15.6,17.05,15.6,15.95,16.15,16.4,45000,707900.00,20-Aug-2026,48,INE0K4D01020
QUINT,EQ,38,39.64,35.58,36.51,36.99,36.18,26656,1008155.70,20-Aug-2026,172,INE641R01017
QVCEL,SM,27.9,27.9,26,26.75,26.75,27,12800,338000.00,20-Aug-2026,8,INE0KZF01015
RKSWAMY,EQ,96.8,96.8,93.82,95.83,95.9,94.79,60171,5714416.33,20-Aug-2026,1476,INE0NQ801033
RMDRIP,BE,17.55,18.54,17.5,18,18,17.67,289016,5231478.62,20-Aug-2026,545,INE219Y01026
RRIL,EQ,16.66,17.17,15.5,16.34,16.22,17.03,110116,1766493.21,20-Aug-2026,342,INE951M01037
RRKABEL,EQ,2911.8,2920,2860,2894.2,2890,2898.8,248912,718566970.10,20-Aug-2026,24774,INE777K01022
RSDFIN,BE,91.53,91.53,91.53,91.53,91.53,96.34,2704,247497.12,20-Aug-2026,33,INE616F01022
RSYSTEMS,EQ,238,245,238,241.6,243.3,238.9,132916,32193976.00,20-Aug-2026,3415,INE411H01032
RTSPOWR,EQ,99,99,93.99,98.52,98.5,94.56,6797,641167.87,20-Aug-2026,76,INE005C01017
RNBDENIMS,EQ,8.2,8.4,7.82,7.93,8,8.17,395279,3179076.25,20-Aug-2026,1181,INE012Q01039
RSSOFTWARE,EQ,31.31,31.9,30.6,30.94,30.95,31.31,13009,404175.03,20-Aug-2026,128,INE165B01029
RPPINFRA,EQ,57.72,58.09,56.2,56.45,56.45,57.47,60206,3440893.27,20-Aug-2026,1006,INE324L01013
RIIT,IV,123.4,123.5,119.35,121.88,120.65,123.2,351515,43034137.20,20-Aug-2026,2976,INE2PB023011
RACE,EQ,103,114.38,99.51,102.12,102.48,100.03,96507,10381864.80,20-Aug-2026,1095,INE084Q01012
RILINFRA,SM,37.75,37.85,36,36.85,37.4,36.75,15100,559130.00,20-Aug-2026,65,INE02OY01016
RACLGEAR,EQ,1449.7,1464.9,1417.1,1435.5,1449.7,1438.7,19110,27495290.90,20-Aug-2026,2535,INE704B01017
RADAAN,EQ,3.06,3.06,2.91,2.96,2.93,2.94,39892,118424.75,20-Aug-2026,92,INE874F01027
RADHIKAJWE,EQ,65.19,66.18,65.19,65.67,65.6,64.9,161526,10602875.61,20-Aug-2026,1958,INE583V01021
RADIANTCMS,EQ,34,34.45,33.99,34.18,34.3,34.1,109839,3756378.26,20-Aug-2026,1015,INE855R01021
RADICO,EQ,4710.8,4734.7,4676.9,4696,4696,4696,416872,1959696453.20,20-Aug-2026,31111,INE944F01028
RADIOWALLA,ST,24.55,24.55,24.55,24.55,24.55,24.55,3200,78560.00,20-Aug-2026,2,INE430U01019
RPEL,EQ,1650,1664.3,1590,1614.7,1613.6,1637.4,108075,174904757.40,20-Aug-2026,12307,INE912T01018
RVNL,EQ,225,231.2,224.67,227.9,227.9,223.5,4866054,1110697280.27,20-Aug-2026,37153,INE415G01027
RAILTEL,EQ,285,285.8,280,280.75,281.2,287.25,949361,268269851.50,20-Aug-2026,15133,INE0DD101019
RAIN,EQ,206.38,207.79,204.4,204.92,204.4,205.54,2390827,492829680.88,20-Aug-2026,14175,INE855B01025
RAINBOW,EQ,1475,1481.3,1444,1453.5,1459.4,1461.8,90078,132020023.10,20-Aug-2026,11547,INE961O01016
ROML,EQ,43.94,44.97,43.51,43.77,43.87,43.93,1635,71544.04,20-Aug-2026,39,INE294G01026
RAJRILTD,BE,22.9,22.9,22.3,22.9,22.9,22.46,15174,346062.30,20-Aug-2026,131,INE533D01032
RAJTV,EQ,10.59,10.67,10.25,10.29,10.39,10.58,15853,164540.37,20-Aug-2026,133,INE952H01027
RAJPALAYAM,EQ,810.1,833.7,810,812.65,810,812.5,891,726429.15,20-Aug-2026,61,INE296E01026
ARENTERP,EQ,38.1,39.8,37.26,37.44,38.3,37.9,1319,49975.05,20-Aug-2026,40,INE610C01014
RAJESHEXPO,BZ,81.2,82,79.75,79.91,79.94,80.95,137479,11047121.79,20-Aug-2026,1550,INE343B01030
RCDL,SM,27.3,28.45,27.3,28.45,28.45,27,54000,1498500.00,20-Aug-2026,18,INE0BZQ01011
RAJMET,EQ,3.26,3.3,3.21,3.22,3.21,3.26,191513,622545.03,20-Aug-2026,580,INE00KV01022
RAJOOENG,BE,50.98,51.11,49.75,50.26,50.44,50.98,193291,9729040.44,20-Aug-2026,689,INE535F01024
RAJPUTANA,SM,217.8,219.5,215.75,218,218,208,13000,2820200.00,20-Aug-2026,21,INE0VHU01019
RAJINDLTD,SM,70.65,70.65,70.65,70.65,70.65,70.65,1500,105975.00,20-Aug-2026,1,INE0PCU01012
RSL,EQ,166.15,168.19,163.02,165.55,166.5,165.37,217549,35928937.05,20-Aug-2026,2519,INE313L01016
RAJRATAN,EQ,508,513.85,501,505.35,505.7,506.2,52703,26734206.05,20-Aug-2026,3043,INE451D01029
RPPL,BE,22.72,23.49,22.06,22.94,23.35,22.72,47225,1091963.66,20-Aug-2026,124,INE760W01023
RAJSREESUG,EQ,37.01,40.79,37,40.38,40.6,36.9,747168,29667001.82,20-Aug-2026,4195,INE562B01019
RALLIS,EQ,212.1,215.5,211.3,212.85,212.7,211.72,747075,159075486.75,20-Aug-2026,24567,INE613A01020
RAMRAT,EQ,487,493.85,480.55,486.5,485,484.65,141890,68826275.15,20-Aug-2026,3951,INE207E01023
RAMAPHO,EQ,120.55,123.99,119.68,122.83,122.78,121.43,53280,6507397.10,20-Aug-2026,842,INE809A01032
RAMASTEEL,BE,4.09,4.09,4.09,4.09,4.09,4.17,1190616,4869619.44,20-Aug-2026,2197,INE230R01035
RAMCOIND,EQ,342.2,357,339.55,354,354.7,339.9,354756,124106890.50,20-Aug-2026,8334,INE614A01028
RAMCOSYS,EQ,569,573.9,547.15,552.35,551.6,552.4,157995,88792611.20,20-Aug-2026,7343,INE246B01019
RBS,SM,90,94.9,90,94.9,94.9,90.05,5600,515000.00,20-Aug-2026,6,INE0RJH01010
RKFORGE,EQ,750,751.35,738.5,745.4,744.45,749.2,492946,367240274.65,20-Aug-2026,19587,INE399G01023
RAMKY,EQ,393.9,394.5,390,391.15,391,391,18229,7139807.95,20-Aug-2026,461,INE874I01013
RANASUG,EQ,13.86,15.5,13.86,15.21,15.19,13.76,3647306,54234588.22,20-Aug-2026,7313,INE625B01014
RML,EQ,1088.5,1094.9,1072,1078.2,1080,1080.3,8609,9301446.00,20-Aug-2026,1511,INE050H01012
RANEHOLDIN,EQ,1568.5,1600.2,1565,1581.1,1585,1566.5,7884,12489059.40,20-Aug-2026,992,INE384A01010
RAPIDFLEET,SM,168,168,168,168,168,169,600,100800.00,20-Aug-2026,1,INE0QX901013
RAPPID,SM,320.4,320.4,320.4,320.4,320.4,314,600,192240.00,20-Aug-2026,1,INE0MVO01012
RPTECH,EQ,857,874,851.7,856.15,856.9,838.25,350341,303329498.50,20-Aug-2026,19777,INE0J1F01024
RCF,EQ,119.79,119.98,118.1,118.42,118.11,119.03,1019354,121102271.47,20-Aug-2026,11081,INE027A01015
RATEGAIN,EQ,930.6,955,922.95,943.75,941,930.6,342166,323221414.35,20-Aug-2026,18856,INE0CLI01024
RATNAMANI,EQ,2315,2329.4,2280,2289.6,2299.6,2307.3,16177,37060044.80,20-Aug-2026,4757,INE703B01027
RATNAVEER,EQ,253.23,270.5,252,269.24,268.7,250.4,11344542,2992282722.43,20-Aug-2026,82299,INE05CZ01011
RTNINDIA,EQ,30.67,30.72,28.5,30.03,30.19,30.1,1711208,51249001.75,20-Aug-2026,5475,INE834M01019
RTNPOWER,EQ,7.85,7.87,7.7,7.77,7.83,7.81,20014966,155581139.01,20-Aug-2026,20801,INE399K01017
RKDL,EQ,18,18.76,17.9,18.27,18.37,18.19,10344,186921.19,20-Aug-2026,95,INE722J01012
RVHL,EQ,41.76,43.9,40.9,42.43,42.88,41.72,16412,687615.29,20-Aug-2026,191,INE09E501017
RELTD,EQ,159.51,171.34,158.6,166.71,165.1,160.07,409471,68359578.65,20-Aug-2026,6956,INE206N01018
RAYMONDLSL,EQ,732,740.5,724.9,730.85,732.2,727.5,69172,50656364.90,20-Aug-2026,4790,INE02ID01020
RAYMOND,EQ,633,658.95,630,656.65,650.3,630.5,734695,477465741.40,20-Aug-2026,25601,INE301A01014
RAYMONDREL,EQ,575,588.8,575,578.05,577,572.6,158317,92319947.00,20-Aug-2026,5313,INE1SY401010
RBLBANK,EQ,383,393.9,382.05,392.3,392.3,381.5,2729409,1065755404.45,20-Aug-2026,30230,INE976G01028
RBMINFRA,SM,230,258.5,230,249.55,249.05,223.15,32400,8015510.00,20-Aug-2026,151,INE0NA301016
RBZJEWEL,EQ,138.78,139.39,134.94,135.46,135.1,137.38,41193,5598633.79,20-Aug-2026,854,INE0PEQ01016
RRECL,EQ,136,143.25,133,143.25,143.25,143.5,414,56388.50,20-Aug-2026,10,INE0AK901016
READYMIX,SM,99.9,104.45,92,95.8,93.9,98.3,75000,7298300.00,20-Aug-2026,65,INE10QL01011
RECLTD,EQ,338,338.6,327.5,328.1,328.1,337,7840724,2583499465.70,20-Aug-2026,73638,INE020B01018
REDINGTON,EQ,337.6,355,335.6,348.1,348.75,335.05,12384643,4330309688.15,20-Aug-2026,203685,INE891D01026
REDTAPE,EQ,126.4,126.4,123.21,123.98,124.54,126.04,168504,21008556.83,20-Aug-2026,3631,INE0LXT01019
REFEX,EQ,297.05,299.9,293.05,293.6,293.25,297.05,185902,55118277.60,20-Aug-2026,3730,INE056I01025
REGAAL,EQ,97.51,100.52,94,95.84,96.51,97.65,649814,62940097.99,20-Aug-2026,4304,INE0MHO01029
REGENCERAM,EQ,35.11,36,34.21,34.53,34.53,35.74,5202,180937.99,20-Aug-2026,70,INE277C01012
RELAXO,EQ,373.5,378.35,372.45,374.1,373,373.2,104520,39216714.95,20-Aug-2026,4532,INE131B01039
GILT5YBEES,EQ,66.34,66.34,65.9,66.07,66.12,66.23,401640,26533463.20,20-Aug-2026,614,INF204KC1030
RELIABLE,EQ,137.54,141.9,136.25,138.44,138.69,137.54,25432,3504607.58,20-Aug-2026,684,INE375Y01018
RELCHEMQ,EQ,115,116.99,113.01,113.53,113.89,113.65,5839,670314.88,20-Aug-2026,110,INE750D01016
RCOM,BE,0.8,0.81,0.79,0.8,0.81,0.79,2188798,1757424.77,20-Aug-2026,1541,INE330H01018
RHFL,BZ,1.7,1.74,1.7,1.72,1.73,1.73,610571,1051859.07,20-Aug-2026,942,INE217K01011
RIIL,EQ,736.9,755.95,736.2,737.8,737,731.45,33712,24948264.05,20-Aug-2026,1488,INE046A01015
RELIANCE,EQ,1315.5,1316.5,1307,1313.2,1313.2,1311,5546227,7278168655.00,20-Aug-2026,125718,INE002A01018
RELINFRA,BE,61.93,61.93,61.93,61.93,61.93,63.19,91093,5641389.49,20-Aug-2026,385,INE036A01016
RPOWER,EQ,21.99,22.63,21.9,22.15,22.29,21.7,27889519,619595119.37,20-Aug-2026,39411,INE614G01033
RELIGARE,EQ,231.1,235,229.4,231.65,231.65,230.7,425880,98699283.60,20-Aug-2026,7174,INE621H01010
REMSONSIND,EQ,82.32,84.9,82.32,84.24,84.65,82.75,81505,6812254.15,20-Aug-2026,2094,INE474C01023
REMUS,SM,883,967.05,879,949.8,965,878.95,47400,44019630.00,20-Aug-2026,281,INE0O5T01011
RGL,EQ,130.5,133,128.66,130.51,131.07,130.13,568435,74095077.62,20-Aug-2026,5421,INE722H01024
RNPL,SM,80,81.25,80,81.25,81.25,80.5,6000,484140.00,20-Aug-2026,5,INE0VZX01015
REPCOHOME,EQ,366,370,360.5,362.8,362.3,360.85,121496,44403402.30,20-Aug-2026,3788,INE612J01015
REPRO,EQ,333.15,333.15,323.15,324.9,324.9,329.2,11026,3590187.20,20-Aug-2026,625,INE461B01014
RESPONIND,EQ,157.01,161.06,155.56,156.37,156.9,156.54,73771,11592822.33,20-Aug-2026,1934,INE688D01026
RBA,EQ,101.3,105.64,100.57,105.21,105.3,101.06,6256579,649795815.52,20-Aug-2026,25610,INE07T201019
RVTH,EQ,731.4,772.8,730,753,761,731.4,6158,4649722.50,20-Aug-2026,202,INE0DAB01012
RFBL,ST,95.7,95.7,95.7,95.7,95.7,100.7,93000,8900100.00,20-Aug-2026,5,INE0V2V01015
RHETAN,EQ,21.87,22.2,21.81,22.03,22.02,21.62,16273107,356110922.42,20-Aug-2026,5171,INE0KKN01029
RHIM,EQ,378,379.9,373.1,374.75,374.7,374.9,233464,87928527.75,20-Aug-2026,8725,INE743M01012
RICOAUTO,EQ,130.4,132.5,129.34,131.54,131.5,129.13,1083304,141402137.94,20-Aug-2026,9910,INE209B01025
RIR,EQ,169,169,163.1,164.38,165,166.23,135274,22306368.32,20-Aug-2026,2979,INE302D01024
RISHABH,EQ,704,729.85,672.75,684.2,685.85,695,1696705,1193783726.60,20-Aug-2026,58023,INE0N2P01017
RITCO,EQ,311.95,327.5,311.95,322.7,324,313,197378,63446450.25,20-Aug-2026,4989,INE01EG01016
RITEZONE,SM,18,18.55,17.6,18.55,18.55,18.25,4800,86640.00,20-Aug-2026,3,INE0MRA01019
RITES,EQ,219,221.2,216.56,218.44,218.18,216.94,300266,65929131.08,20-Aug-2026,8941,INE320J01015
RKEC,EQ,23.81,24.6,21.55,22.6,22.41,23.23,195036,4581282.70,20-Aug-2026,617,INE786W01010
RMC,EQ,252.45,256.85,250.05,251,250.6,251.35,41336,10435992.15,20-Aug-2026,1147,INE655V01019
RNFI,SM,271.05,273.25,268,270.75,270,274.8,34800,9403260.00,20-Aug-2026,32,INE0SA001017
RHL,EQ,166,170,166,166.75,166.75,166,2078,348714.65,20-Aug-2026,25,INE508K01013
ROCKINGDCE,SM,163,190.6,154.2,180.4,190.5,158.85,17250,3055000.00,20-Aug-2026,47,INE0PTR01012
ROLEXRINGS,EQ,175.1,187.38,175,185.82,186.3,174.7,4338157,794522380.77,20-Aug-2026,42276,INE645S01024
ROLLT,BE,3.43,3.47,3.43,3.47,3.47,3.31,341615,1184063.44,20-Aug-2026,246,INE927A01040
ROSSARI,EQ,499.9,528.6,496.55,511.7,510.6,496.25,302443,156476139.10,20-Aug-2026,13796,INE02A801020
ROSSELLIND,EQ,55.52,58.02,55.15,56.65,56.79,56.15,80408,4563913.80,20-Aug-2026,1410,INE847C01020
ROSSTECH,EQ,1090,1093.7,1057.95,1076.6,1079,1079.7,115710,124645130.10,20-Aug-2026,7470,INE0OJW01016
ROTO,EQ,66.68,66.68,65.34,65.53,65.45,66,344246,22700861.80,20-Aug-2026,2722,INE535D01037
ROUTE,EQ,502.5,513.3,500.1,503.35,502,501.5,176913,89500433.00,20-Aug-2026,6914,INE450U01017
ROXHITECH,SM,52,55.9,52,53.2,53.1,51.9,36800,1995040.00,20-Aug-2026,23,INE0PDJ01013
ROYALARC,SM,178,178,178,178,178,178,1200,213600.00,20-Aug-2026,1,INE0EO401019
ROHLTD,EQ,308,308,301.1,302.85,303.6,301.5,8126,2464449.95,20-Aug-2026,525,INE283H01019
RPGLIFE,EQ,2699,2699,2646.2,2654.8,2653.1,2667.7,4053,10808044.30,20-Aug-2026,937,INE105J01010
RPSGVENT,EQ,860.35,895.9,856.6,868.4,866,864.1,27172,23757236.40,20-Aug-2026,1671,INE425Y01011
RSWM,BE,197,200.6,194.1,197.47,196,199.73,35905,7087129.44,20-Aug-2026,295,INE611A01016
RUBFILA,EQ,69.27,69.89,67.51,68.43,68.05,69.27,16990,1165850.19,20-Aug-2026,213,INE642C01025
RUBICON,EQ,1798.8,1816,1750,1760.6,1763.9,1798.8,299837,532992315.80,20-Aug-2026,30648,INE506V01022
RUCHINFRA,EQ,5.97,5.97,5.71,5.78,5.79,5.79,13411,77826.64,20-Aug-2026,110,INE413B01023
RUCHIRA,EQ,103.86,104.37,102,102.63,102.25,101.93,22072,2264654.11,20-Aug-2026,561,INE803H01014
RUDRA,EQ,22.49,22.49,21.7,21.7,21.7,21.89,101523,2208684.36,20-Aug-2026,262,INE027T01023
REPL,BE,63.18,63.18,61.45,63.18,63.18,60.18,8403,527836.49,20-Aug-2026,65,INE364Z01019
RULKA,SM,106,106,102.2,104,104,105,3900,404985.00,20-Aug-2026,12,INE0R7301013
RUPA,EQ,150.6,160,148.56,155.29,154.7,150.27,263476,40990058.35,20-Aug-2026,5992,INE895B01021
RUSHIL,EQ,17.5,17.54,16.8,16.92,17.1,17.3,301202,5114768.81,20-Aug-2026,1162,INE573K01025
SAB,EQ,170,170,170,170,170,170,40,6800.00,20-Aug-2026,1,INE137M01017
SATECH,SM,32.1,33.3,32,33.3,33.3,32,10000,321800.00,20-Aug-2026,10,INE0BSN01013
SCHAND,EQ,137.35,137.97,133.81,135.03,134.8,137.14,61859,8359406.77,20-Aug-2026,1331,INE807K01035
SDREAMS,SM,81,82.1,81,81.55,82.1,81.6,4000,325150.00,20-Aug-2026,3,INE0X6F01017
SHK,EQ,162,162.9,157.1,158.54,158.53,160,263948,42216310.70,20-Aug-2026,4045,INE500L01026
SJLOGISTIC,SM,339,344,333,337.45,337,340.7,50500,16999575.00,20-Aug-2026,153,INE0F3301020
SVGLOBAL,EQ,139.5,143.49,120.93,123.53,127,130,363,48272.67,20-Aug-2026,15,INE159L01013
S&SPOWER,EQ,286.4,290,270.1,271.7,270.1,277.35,3411,940718.65,20-Aug-2026,151,INE902B01017
SPAL,EQ,934.7,955.5,916.55,923.85,921.3,920.9,102367,95278983.05,20-Aug-2026,5354,INE212I01016
SALSTEEL,EQ,79.6,81.8,77.82,79.13,79,79.22,798937,63400558.83,20-Aug-2026,6985,INE658G01014
SAAKSHI,ST,292.3,295,286.15,288.75,295,301.2,19200,5563890.00,20-Aug-2026,24,INE0PSK01027
SAATVIKGL,EQ,405.55,405.55,397.1,401,401.5,399.45,43480,17403205.35,20-Aug-2026,1258,INE13B501022
SABAR,SM,6.65,6.65,6.65,6.65,6.65,6.95,5000,33250.00,20-Aug-2026,1,INE0DZ101013
SACHEEROME,SM,489,511,486,508.55,510,490.15,48000,24225630.00,20-Aug-2026,143,INE1ARD01016
SADBHAV,EQ,8.04,8.34,8.04,8.3,8.34,7.99,145568,1195021.44,20-Aug-2026,406,INE226H01026
SADBHIN,BE,2.75,2.84,2.67,2.75,2.75,2.76,74904,205555.95,20-Aug-2026,126,INE764L01010
SADHNANIQ,BE,2.92,2.92,2.92,2.92,2.92,2.97,1105938,3229338.96,20-Aug-2026,432,INE888C01040
SADHAV,SM,119.95,119.95,116.95,116.95,116.95,117.35,4800,567390.00,20-Aug-2026,8,INE0K5H01010
SAFARI,EQ,1483,1507.9,1483,1490.2,1494.5,1483,17163,25666515.70,20-Aug-2026,3210,INE429E01023
SAFEENTP,SM,257,258,254.2,254.2,254.2,255.7,30000,7670425.00,20-Aug-2026,37,INE17D601016
SAGCEM,EQ,162.52,163.95,161,162.45,162.07,162.07,26196,4254693.28,20-Aug-2026,873,INE229C01021
SAGARDEEP,EQ,24.1,24.1,23.41,23.53,23.8,23.96,7354,173648.35,20-Aug-2026,72,INE976T01013
SAGILITY,EQ,42.64,42.98,41.97,42.64,42.56,42.44,18542246,786924136.35,20-Aug-2026,37568,INE0W2G01015
SAHAJSOLAR,SM,107,108,102,106.5,107,106,15200,1617800.00,20-Aug-2026,32,INE0P4701011
SAHANA,SM,839.5,847,838,839.95,838,839.65,32100,27029550.00,20-Aug-2026,127,INE0LEX01011
SAHASRA,ST,301.25,322.75,301.25,321,321,307.4,51600,16357060.00,20-Aug-2026,103,INE0RBQ01018
SAHYADRI,EQ,384.6,386.4,372.8,374.9,374.3,378.9,17597,6623390.60,20-Aug-2026,919,INE280H01015
SAILIFE,EQ,1436.6,1484.2,1436.4,1471.6,1468.3,1422.2,513940,753946559.80,20-Aug-2026,30087,INE570L01029
SAIPARENT,EQ,545,547.45,540,543.4,545.3,540.4,55120,29965338.15,20-Aug-2026,2188,INE0H9F01037
KALAMANDIR,EQ,85.03,87.5,85.03,86.48,86.62,84.7,353153,30452622.73,20-Aug-2026,3185,INE438K01021
SEKURITIND,EQ,119.85,122.96,118.26,119.05,118.55,119.69,16757,2016531.09,20-Aug-2026,244,INE068B01017
SAKAR,EQ,879.9,894.45,876,884.65,887.95,871,36441,32261861.45,20-Aug-2026,2697,INE732S01012
SAKSOFT,EQ,164,168.19,163.3,163.72,165,164.37,270696,44650049.76,20-Aug-2026,4315,INE667G01023
SAKHTISUG,EQ,19.76,22.06,19.76,21.77,21.89,19.7,1961083,41721195.13,20-Aug-2026,6250,INE623A01011
SAKUMA,EQ,1.55,1.57,1.51,1.51,1.52,1.55,1148036,1760123.72,20-Aug-2026,1003,INE190H01024
SALASAR,EQ,6.05,6.09,6,6.01,6.01,6.06,1868417,11249894.35,20-Aug-2026,2122,INE170V01027
SALONA,EQ,272,277.95,261.05,273.53,277.95,265.34,2985,812308.91,20-Aug-2026,83,INE498E01010
SALZERELEC,EQ,573,577.15,566,568.55,567.9,572.6,34493,19662882.50,20-Aug-2026,1601,INE457F01013
SAMAY,ST,44.1,44.2,44,44.2,44.2,42.25,12000,529200.00,20-Aug-2026,3,INE124101010
SAMBANDAM,EQ,114,126,113.99,126,126,105,8931,1094542.05,20-Aug-2026,145,INE304D01012
SAMBHAAV,EQ,6.6,6.6,6.18,6.27,6.25,6.35,33730,211947.14,20-Aug-2026,86,INE699B01027
SAMBHV,EQ,123.8,133.4,123.52,131.38,131,122.91,5353974,696034523.25,20-Aug-2026,41761,INE12NJ01018
SAIFL,SM,5.15,5.15,5.05,5.05,5.05,5.1,120000,609800.00,20-Aug-2026,27,INE0PZA01015
SAMHI,EQ,158.9,162.99,158.9,160.39,160.98,159.48,315796,50854883.30,20-Aug-2026,5105,INE08U801020
SAMMAANCAP,EQ,154.5,155.4,149.49,150.23,150.1,153.63,9159542,1387557287.89,20-Aug-2026,30815,INE148I01020
SAMPANN,EQ,26.69,27.75,26.01,26.11,26.68,26.02,15436,406455.03,20-Aug-2026,120,INE735M01018
MOTHERSON,EQ,171.15,171.8,168.84,169.58,169.58,170.29,11213969,1903724840.99,20-Aug-2026,97939,INE775A01035
SANATHAN,EQ,450.9,469.55,442.25,461.25,460,447.8,40896,18633727.80,20-Aug-2026,2891,INE0JPD01013
SANDESH,EQ,1059,1073.85,1026.2,1030.45,1027,1051.5,1817,1889542.65,20-Aug-2026,300,INE583B01015
SANDHAR,EQ,639.7,651,630,648,648.1,636.65,188625,121272878.65,20-Aug-2026,7156,INE278H01035
SANDUMA,EQ,198.4,200.14,196,196.95,196.9,196.45,383955,76168690.32,20-Aug-2026,7098,INE149K01016
SANGAMIND,EQ,572.4,581.9,571.35,578.05,575.2,576.75,19851,11462299.30,20-Aug-2026,1063,INE495C01010
SANGANI,SM,52.25,52.25,52.25,52.25,52.25,55,4500,235125.00,20-Aug-2026,3,INE0OVI01010
SANGHVIMOV,EQ,503.75,507.95,489,490.7,490.7,498.75,231013,115086642.30,20-Aug-2026,7540,INE989A01032
SANGINITA,BE,65.62,65.62,59.38,59.38,59.38,62.5,3334910,206536395.98,20-Aug-2026,3689,INE753W01010
SANOFICONR,EQ,4263.9,4263.9,4203.1,4213.1,4214,4221.7,12255,51795476.80,20-Aug-2026,2056,INE0UOS01011
SANOFI,EQ,3299,3330,3258.1,3321,3311.8,3271.3,17046,56172403.10,20-Aug-2026,3283,INE058A01010
SANSERA,EQ,3938.1,3961.1,3860,3900.2,3885.2,3894.3,91741,357710857.80,20-Aug-2026,16833,INE953O01021
SANSTAR,EQ,106.99,107.22,105.05,105.23,105.57,106.19,172435,18263842.73,20-Aug-2026,2656,INE08NE01025
SANWARIA,BZ,0.19,0.2,0.19,0.19,0.2,0.19,566641,109662.44,20-Aug-2026,140,INE890C01046
SAPPHIRE,EQ,234.5,245.45,234.5,241.35,242,233.71,2320015,558529774.38,20-Aug-2026,35000,INE806T01020
SARTELE,SM,101.3,104.95,101,101.95,101,102.75,47000,4829350.00,20-Aug-2026,71,INE0PUC01020
ZSARACOM,EQ,12454,12620,12230,12416,12416,12454,31,383980.00,20-Aug-2026,17,INE967G01019
SSDL,EQ,59.66,61,58.9,59.3,59.75,59.76,16511,983681.53,20-Aug-2026,433,INE0PQ101010
SARDAEN,EQ,512,516.5,507.15,509.35,507.75,512.05,301570,154000991.80,20-Aug-2026,8330,INE385C01021
SAREGAMA,EQ,508.55,523.8,508.55,520.2,518.75,508.5,279399,144554905.15,20-Aug-2026,12665,INE979A01025
SARLAPOLY,EQ,100.45,100.5,98.6,98.85,98.6,100.1,25697,2557034.48,20-Aug-2026,690,INE453D01025
SMLT,EQ,70.4,71.2,68.55,70.18,70,68.53,5469,384308.65,20-Aug-2026,161,INE017W01010
SARVESHWAR,EQ,3.4,3.44,3.39,3.39,3.4,3.4,1057591,3597707.42,20-Aug-2026,1262,INE324X01026
SASKEN,EQ,1954.8,1954.8,1861.2,1874.1,1875,1913.4,15905,30300286.60,20-Aug-2026,2226,INE231F01020
SATKARTAR,SM,118.95,118.95,116,117,117,116.8,10400,1218000.00,20-Aug-2026,12,INE0NB801022
SSEGL,SM,364,375,349.5,355.7,355.9,365.15,25200,9155660.00,20-Aug-2026,98,INE0RFP01011
SATIPOLY,ST,44.85,44.85,42.65,42.65,42.65,44.85,7500,330875.00,20-Aug-2026,6,INE0RPM01017
SATIA,EQ,58.04,58.37,56.85,57.71,57.3,57.74,98276,5668511.51,20-Aug-2026,992,INE170E01023
SATIN,EQ,227.7,231,226,226.98,227.5,225.09,163566,37324789.24,20-Aug-2026,3375,INE836B01017
SATTVAENGG,SM,76.25,84.65,74,76,76,74.9,44800,3522320.00,20-Aug-2026,24,INE14DW01018
SAURASHCEM,EQ,57.84,59.2,57.51,58.25,58,57.7,63428,3715325.38,20-Aug-2026,916,INE626A01014
SOTL,EQ,702,704.45,682.1,688.55,689,699.4,249090,172776095.00,20-Aug-2026,8764,INE035D01020
SAWALIYA,SM,277,283.75,274,280.7,280,278.95,72600,20319600.00,20-Aug-2026,63,INE10VS01016
SAYAJIHOTL,EQ,327.5,338,322,322.35,322.35,323.6,338,113055.90,20-Aug-2026,14,INE318C01014
SAYAJIIND,EQ,111.9,116,106.5,114.64,116,111.9,2666,297002.51,20-Aug-2026,28,INE327G01032
SBC,EQ,38.98,40.2,38.89,39.86,39.85,38.88,11579386,456724484.19,20-Aug-2026,10015,INE04AK01028
SBFC,EQ,92.77,94.25,92.77,93.99,94.18,92.77,836056,78404469.82,20-Aug-2026,12623,INE423Y01016
SBICARD,EQ,626.8,654.35,626.75,647.05,647.05,623.65,5399356,3485533837.20,20-Aug-2026,112077,INE018E01016
SBIFUNDS,EQ,557,563,552.25,555.5,554.7,553.95,2461681,1370860998.95,20-Aug-2026,62368,INE640G01020
SBILIFE,EQ,1790,1792.5,1775.4,1782,1782,1780.4,687833,1227340991.80,20-Aug-2026,35300,INE123W01016
SETFGOLD,EQ,132.98,133.49,132.07,133.01,132.7,129.74,4964766,659911932.10,20-Aug-2026,14023,INF200KA16D8
SETFNIF50,EQ,261.84,261.84,260.27,261.22,261.48,259.51,2237839,584987936.54,20-Aug-2026,4038,INF200KA1FS1
SETFNIFBK,EQ,590.93,593.95,590.93,591.82,592.75,588.77,10474,6207217.64,20-Aug-2026,1148,INF200KA1580
SETFNN50,EQ,801.2,801.2,794.86,796.19,795.24,793.19,16350,13024634.19,20-Aug-2026,862,INF200KA1598
LIQUIDSBI,EQ,1000,1000.01,999.99,1000.01,1000.01,1000,1479,1479008.03,20-Aug-2026,15,INF200KA13Z8
SBIBPB,EQ,49.85,50.33,49.76,50.09,50.21,49.85,18245,915060.32,20-Aug-2026,266,INF200KB1712
SBIETFCON,EQ,120.27,125.36,120.27,124.63,124.63,123.36,2225,277236.70,20-Aug-2026,91,INF200KA1X17
SBIETFIT,EQ,338.01,343.46,338.01,340.66,340.2,336.74,4393,1499612.32,20-Aug-2026,163,INF200KA1S14
SBIETFPB,EQ,280.95,281.16,279.01,279.35,279.01,278.82,7243,2033894.79,20-Aug-2026,82,INF200KA1S22
SBIETFQLTY,EQ,224.87,226.02,224.63,225.02,226.02,224.63,367,82514.06,20-Aug-2026,32,INF200KA1WX6
SBILIQETF,EQ,1052.53,1052.53,1052.51,1052.53,1052.53,1052.4,10403,10949398.64,20-Aug-2026,32,INF200KB1969
SBIMIDMOM,EQ,64.19,64.21,63.64,63.92,63.95,63.66,139703,8931280.01,20-Aug-2026,266,INF200KB1AJ0
SBINEQWETF,EQ,33.99,34.12,33.52,33.55,33.69,33.45,15445,519345.10,20-Aug-2026,204,INF200KB1282
SBINMID150,EQ,23.53,23.6,23.42,23.53,23.57,23.38,35609,837694.84,20-Aug-2026,101,INF200KB1AK8
SBISILVER,EQ,229.82,232.63,229.82,230.8,230.76,221.77,2365422,546847953.86,20-Aug-2026,9796,INF200KB1217
SBISMLETF,EQ,18.44,18.46,18.33,18.35,18.44,18.26,19210,353907.46,20-Aug-2026,123,INF200KB1AY9
SBIVALETF,EQ,15.03,15.03,14.72,14.75,15,15.03,31246,461226.35,20-Aug-2026,137,INF200KB1AX1
SETF10GILT,EQ,258.76,266.36,258.76,265.19,265.2,265.4,1967,521380.80,20-Aug-2026,33,INF200KA1JT1
SCANSTL,BE,63.54,65.89,63,64.16,64.15,63.54,67615,4377914.71,20-Aug-2026,224,INE099G01011
SCHAEFFLER,EQ,4152.4,4202.6,4041,4049.3,4041,4104.9,51211,209913916.00,20-Aug-2026,10438,INE513A01022
SCHNEIDER,EQ,1270,1271.7,1236,1242.6,1245,1253.8,433570,543757720.20,20-Aug-2026,25996,INE839M01018
SCL01825,N6,1076.8,1078,1071.42,1078,1078,1076.8,121,130360.20,20-Aug-2026,3,INE148I07XX3
865SCL27,N4,992,995,992,995,995,992,25,24826.00,20-Aug-2026,8,INE148I07XG8
948SCL27R,N1,950,950,950,950,950,996.75,87,82650.00,20-Aug-2026,1,INE148I07VH0
990SCL28,N1,1039,1039,1039,1039,1039,1039.98,31,32209.00,20-Aug-2026,1,INE148I07WI6
SCL19325A,N1,1103,1120,1103,1120,1120,1100.4,95,105550.00,20-Aug-2026,3,INE148I07WC9
SCODATUBES,EQ,126.07,129,125.25,126.68,129,126.07,172945,21900341.74,20-Aug-2026,1841,INE090501011
764AP31,SG,95.85,95.85,95.85,95.85,95.85,95.85,100,9585.00,20-Aug-2026,1,IN1020230703
737BR30,SG,95.82,95.82,95.82,95.82,95.82,100,100,9582.00,20-Aug-2026,1,IN1320230015
706GJ33,SG,95,95,95,95,95,100,800,76000.00,20-Aug-2026,1,IN1520250151
743GJ27,SG,100.3,100.3,100.3,100.3,100.3,100.3,200,20060.00,20-Aug-2026,1,IN1520230161
783KL49,SG,98,98,98,98,98,98,100,9800.00,20-Aug-2026,1,IN2020260047
746MH35,SG,95,95,95,95,95,95,100,9500.00,20-Aug-2026,1,IN2220230238
772MH35,SG,98,98,98,98,98,98.2,100,9800.00,20-Aug-2026,1,IN2220230170
792PN44,SG,99.89,99.9,99.89,99.9,99.9,100,500,49946.00,20-Aug-2026,2,IN2820260049
759RJ48,SG,95,95,95,95,95,100,100,9500.00,20-Aug-2026,1,IN2920230033
772WB37,SG,94.81,94.81,94.81,94.81,94.81,90.3,1000,94810.00,20-Aug-2026,2,IN3420230150
935LTF29,N5,1100,1110,1100,1100,1100,1091.1,60,66400.00,20-Aug-2026,6,INE027E07972
SEAMECLTD,EQ,1650,1719.9,1633.2,1699,1685.2,1635.7,636074,1076624665.70,20-Aug-2026,33518,INE497B01018
IIFLZC26,NN,1495,1495,1495,1495,1495,1495,40,59800.00,20-Aug-2026,1,INE530B07187
10ISFL26,N3,1058.7,1058.75,1058.7,1058.75,1058.75,1058.75,30,31762.00,20-Aug-2026,2,INE413U07277
10CAGL27,N5,1020,1021,1020,1021,1021,1013,200,204100.00,20-Aug-2026,2,INE741K07496
1003SCL31A,N1,1027.86,1027.86,1027.86,1027.86,1027.86,995,50,51393.00,20-Aug-2026,1,INE148I07UR1
890SFIL23A,NZ,400.3,400.3,400.3,400.3,400.3,400.3,100,40030.00,20-Aug-2026,1,INE244L07523
925SCL28C,BS,630.3,640,630.3,630.33,630.33,781.61,92,58395.75,20-Aug-2026,3,INE148I07PL4
1025SCL34,Z8,1015,1015,1014.93,1014.93,1014.93,1005,50,50749.30,20-Aug-2026,2,INE148I07SQ7
835SCL23B,YM,1020,1020,1017.99,1017.99,1017.99,1047,1000,1018995.00,20-Aug-2026,2,INE148I07RZ0
1040UCL27B,N1,1002.65,1002.65,1002.61,1002.61,1002.61,1008,12,12031.40,20-Aug-2026,4,INE583D07513
1050ISFL28,N5,1066.1,1066.1,1066.1,1066.1,1066.1,1060,75,79957.50,20-Aug-2026,1,INE413U07251
980SCL33,NX,948,948,948,948,948,948,2,1896.00,20-Aug-2026,1,INE148I07QZ2
1119NFL27,ND,1052,1053.8,1052,1052,1052,1051.73,496,521828.00,20-Aug-2026,10,INE342T07445
79NHIT35,N1,310.22,311.5,310,310.19,310.19,310.4,501,155463.83,20-Aug-2026,5,INE0H7R07017
79NHIT40,N2,311.05,311.06,310.11,310.48,310.11,311.45,79,24567.28,20-Aug-2026,6,INE0H7R07025
79NHIT47,N3,417,418,417,418,418,416.6,208,86824.86,20-Aug-2026,6,INE0H7R07033
797IGT31,NL,1010,1010,1002,1006.49,1009.99,1020,165,166404.40,20-Aug-2026,9,INE219X07280
820IIFL27,N9,991,993,990.01,990.01,990.01,990,531,525895.56,20-Aug-2026,5,INE477L07AN9
82IGT31,NJ,1031,1031,1031,1031,1031,1028.76,20,20620.00,20-Aug-2026,1,INE219X07264
842IIFL26,NL,995.02,995.02,994,994,994,999.97,151,150114.20,20-Aug-2026,7,INE530B07161
843IHFL29,NC,981.98,982.5,980.16,980.16,980.16,980.25,665,652327.50,20-Aug-2026,7,INE477L07AQ2
850CIFCL26,NE,1060,1060,1060,1060,1060,1055,13,13780.00,20-Aug-2026,1,INE121A07RO8
85CIFC27,NL,1040.59,1040.59,1040.59,1040.59,1040.59,1040.19,923,960464.57,20-Aug-2026,1,INE121A07RT7
865IHFL27,N1,985.86,985.86,985.86,985.86,985.86,951,17,16759.62,20-Aug-2026,1,INE477L07BB2
865IFL28,NZ,985.55,990,985.55,990,990,985.55,102,100935.50,20-Aug-2026,4,INE530B07385
865IIFL28,NS,992.54,992.54,986.25,988.04,986.25,989.26,175,173582.13,20-Aug-2026,5,INE530B07310
89IHFL29,N1,985,985,985,985,985,978.1,95,93575.00,20-Aug-2026,4,INE477L07BG1
9IHFL27,N1,1040,1040,1033,1040,1040,1053.62,501,518307.00,20-Aug-2026,6,INE477L07BC0
91MOFSL27,N2,1025,1025,1025,1025,1025,1023,25,25625.00,20-Aug-2026,1,INE338I07149
925AEL26,N1,1085,1085,1085,1085,1085,1078,44,47740.00,20-Aug-2026,1,INE423A07351
889SCL26,NS,1067.7,1067.7,1067.7,1067.7,1067.7,1070.95,10,10677.00,20-Aug-2026,2,INE148I07KN1
93MOFSL34,N6,1160.5,1160.5,1160.5,1160.5,1160.5,1068.99,90,104445.00,20-Aug-2026,1,INE338I07115
935MOFSL29,N5,1013,1035.1,1013,1035.1,1035.1,1047,80,81924.00,20-Aug-2026,2,INE338I07107
965SCL25C,N0,415,415,415,415,415,415,3,1245.00,20-Aug-2026,1,INE148I07ND6
948SCL27D,N1,990,990,990,990,990,990,200,198000.00,20-Aug-2026,1,INE148I07UC3
915SCL27,Z7,1076.66,1076.66,1076.66,1076.66,1076.66,1070.1,10,10766.60,20-Aug-2026,1,INE148I07ME6
965SCL26F,N1,1075.7,1075.7,1075.7,1075.7,1075.7,1080,10,10757.00,20-Aug-2026,3,INE148I07US9
970CAGL28,ND,1024.2,1024.99,1024.2,1024.99,1024.99,1022.2,31,31750.99,20-Aug-2026,6,INE741K07579
985SFIL28,NO,375.3,390.5,375.3,390.5,390.5,400.5,67,25783.50,20-Aug-2026,3,INE244L07416
SCLZC26E,NP,1292,1292,1292,1292,1292,1292,10,12920.00,20-Aug-2026,1,INE148I07QO6
CAGL28,NE,1350,1350,1350,1350,1350,1330,25,33750.00,20-Aug-2026,1,INE741K07546
CIFCZC28A,N5,1298.99,1298.99,1271.01,1290,1290,1270,518,671805.43,20-Aug-2026,14,INE121A07QX1
IMC1,N3,252,252,252,252,252,252,135,34020.00,20-Aug-2026,3,INE00QS24035
1015ECL29,NR,1016.01,1016.01,1012.6,1013.1,1013.1,1016.99,32,32445.91,20-Aug-2026,7,INE804IA7014
1060ECL29,NS,1064,1064,1064,1064,1064,1062,125,133000.00,20-Aug-2026,1,INE804IA7022
81TCHF28,N8,1010.1,1010.1,1002,1002,1002,1010.76,195,196618.20,20-Aug-2026,11,INE033L07GS6
875SFL27,ZF,1021.99,1021.99,1021.99,1021.99,1021.99,1025,10,10219.90,20-Aug-2026,1,INE721A07PK7
885SCL26,N9,1074,1074,1073.8,1074,1074,1074,108,115986.00,20-Aug-2026,4,INE148I07GK5
9SCL26BA,NA,1079,1080.05,1077,1079.97,1080,1071.25,17189,18562826.69,20-Aug-2026,79,INE148I07GL3
957ICCL25,YW,1068.95,1068.95,1068.95,1068.95,1068.95,1050,2,2137.90,20-Aug-2026,1,INE721A07ON4
97SFL28,YS,1100,1100,1100,1100,1100,1100,10,11000.00,20-Aug-2026,1,INE721A07OF0
985ECL28,NK,1004,1004,1003,1003.02,1003,1002,28,28095.00,20-Aug-2026,5,INE804I079Y6
SECMARK,EQ,133,133,123.3,125,125,128,2516,320783.54,20-Aug-2026,46,INE0BTM01013
SECURKLOUD,EQ,17.85,18.35,17.5,18.24,18.09,17.85,11807,213732.62,20-Aug-2026,94,INE650K01021
SEDEMAC,EQ,3267,3349.7,3227.6,3261.4,3295,3222.7,136798,448720617.80,20-Aug-2026,19416,INE00XB01019
SEJALLTD,EQ,687.75,688,650.1,662.85,664.25,684.3,11409,7580991.25,20-Aug-2026,645,INE955I01044
SELMC,EQ,26.55,30,26.55,28,28.01,27.09,11544,327392.67,20-Aug-2026,130,INE105I01020
SELLOWRAP,SM,71,71,68,68,68,71,27200,1880320.00,20-Aug-2026,11,INE0IJF01013
SEMAC,EQ,298.1,298.1,282,284.7,285,296.65,1576,451753.60,20-Aug-2026,169,INE617A01013
SENCO,EQ,335.45,340.4,333.05,336.3,337.3,331.6,867529,291829158.35,20-Aug-2026,17503,INE602W01027
SENORES,EQ,1568.8,1569,1484.5,1513.3,1513,1550.9,147284,225781895.50,20-Aug-2026,9167,INE0RB801010
SEPC,EQ,5.75,6.09,5.73,5.97,5.96,5.71,17431090,102935781.86,20-Aug-2026,6997,INE964H01014
87LTF27,NH,1039.6,1039.6,1029.6,1029.6,1029.6,1005,37,38251.20,20-Aug-2026,4,INE027E07AN7
898LTF29,N7,1083.99,1083.99,1080.99,1080.99,1080.99,1084.8,140,151638.60,20-Aug-2026,11,INE027E07998
865TCAPS27,N8,1012,1012,1003,1008.03,1008,1016,1396,1407722.58,20-Aug-2026,54,INE306N07LM5
SERVICE,SM,61.05,61.05,61.05,61.05,61.05,62,2000,122100.00,20-Aug-2026,1,INE0P1Q01015
SERVOTECH,EQ,81,82.9,81,82.56,82.7,81.14,294919,24269538.23,20-Aug-2026,3544,INE782X01033
STYL,EQ,384,408,380,401.35,401.2,379.5,302275,120443539.50,20-Aug-2026,10265,INE04VU01023
SESHAPAPER,EQ,229.94,233.39,228.21,230.36,229.3,226.75,29610,6821616.56,20-Aug-2026,764,INE630A01024
SETCO,BE,16.85,17,16.83,17,17,16.83,51453,867806.75,20-Aug-2026,74,INE878E01021
SETUINFRA,BZ,0.46,0.46,0.42,0.45,0.46,0.44,40459,18342.04,20-Aug-2026,65,INE023M01027
SEYAIND,BE,12.91,12.91,12.42,12.42,12.42,12.67,1427,18027.66,20-Aug-2026,27,INE573R01012
SGFIN,EQ,698.5,708.75,682,684.65,685,692.75,219085,152480873.30,20-Aug-2026,8529,INE618R01015
SGMART,EQ,801,824,782.4,805.2,801.55,803.2,779409,630721152.55,20-Aug-2026,19982,INE385F01024
SGLRES,EQ,2.4,2.51,2.28,2.45,2.51,2.4,46364,112095.17,20-Aug-2026,114,INE967B01028
SHADOWFAX,EQ,265,268.65,234,258,258,264.84,4019033,1062381397.17,20-Aug-2026,53598,INE12UN01015
SHAHALLOYS,EQ,81.9,82.8,76.01,77.3,77.99,80.68,45869,3615569.97,20-Aug-2026,714,INE640C01011
SHAH,EQ,4.03,4.05,3.9,3.95,3.95,3.91,3308394,13063486.38,20-Aug-2026,1917,INE482J01021
SHAILY,EQ,3384.3,3406.3,3330.1,3350,3350.1,3367.2,68817,231384324.90,20-Aug-2026,13957,INE151G01028
SHAKTIPUMP,EQ,494.2,512.1,492.7,506.2,506,492.4,762551,385971176.10,20-Aug-2026,26517,INE908D01010
SHALBY,EQ,155.36,157.6,153.2,154.57,153.2,155.45,73225,11393325.98,20-Aug-2026,966,INE597J01018
SAHLIBHFI,EQ,72.49,74.05,71.09,73.9,74,71.09,10148,742840.56,20-Aug-2026,139,INE861D01011
SHALPAINTS,BE,79.55,83.4,79.5,82.81,83,82.54,138664,11282500.83,20-Aug-2026,746,INE849C01026
SRD,EQ,40.94,41,38.5,39.42,39.1,40.94,38815,1535434.72,20-Aug-2026,241,INE01NE01012
SHANKARA,EQ,142.4,143.64,142,142.21,142.99,142.54,114230,16282340.91,20-Aug-2026,711,INE274V01019
BUILDPRO,EQ,1279,1281.4,1254.5,1263.1,1265,1273,31185,39418403.00,20-Aug-2026,2400,INE24OJ01011
SHANTIGEAR,EQ,388.7,393.05,385.5,386.9,386.15,386.65,23336,9086893.90,20-Aug-2026,1413,INE631A01022
SEIL,EQ,211.3,215.6,209.1,210.81,209.97,210.93,348672,73714970.70,20-Aug-2026,2628,INE440T01028
SHANTIGOLD,EQ,246,255.97,242.22,254.06,254.2,241.75,2410206,601448556.05,20-Aug-2026,29304,INE06ZD01017
SHANTI,EQ,6.12,6.4,6.12,6.38,6.4,6.28,41012,260045.41,20-Aug-2026,90,INE933X01016
SHINDL,EQ,168,168,160.05,162.12,163,165.38,56691,9243495.44,20-Aug-2026,477,INE220Z01013
SHARDACROP,EQ,774,783.45,762.1,763.45,764.45,770.7,172419,133252953.85,20-Aug-2026,9977,INE221J01015
SHARDAMOTR,EQ,951,958.15,917.1,922.4,918.8,943,42487,39932225.60,20-Aug-2026,4930,INE597I01028
SHARDUL,BE,53.08,54.13,52.2,52.73,52.95,53.07,44833,2369264.72,20-Aug-2026,194,INE037B01020
SHAREINDIA,EQ,174.67,178.85,173.81,175.28,177,175.26,432413,76096513.00,20-Aug-2026,3284,INE932X01026
SCML,SM,84.1,86.75,82.65,82.65,82.65,84,38000,3190600.00,20-Aug-2026,37,INE460Q01014
SHEEL,ST,62.05,62.05,62.05,62.05,62.05,63.9,6000,372300.00,20-Aug-2026,3,INE0YJV01017
SFL,EQ,681,685.1,665,666.2,665.6,678.45,104292,70071929.15,20-Aug-2026,9407,INE916U01025
SCPL,EQ,689,689,665,670.55,669.4,678.2,23872,16217306.80,20-Aug-2026,1659,INE501Y01019
SHEETAL,SM,318,335,318,327.1,326.15,323.45,5500,1803350.00,20-Aug-2026,11,INE04VX01019
SHEKHAWATI,BE,17.6,19,17.55,18.21,18.95,18.43,17942,320756.95,20-Aug-2026,137,INE268L01046
SHEMAROO,BE,137,137,130.51,134.65,132.1,133.32,12065,1613635.38,20-Aug-2026,105,INE363M01019
SHERA,ST,178,178,172.25,173.2,173.2,179.2,12000,2103550.00,20-Aug-2026,12,INE0MM001019
SHERVANI,EQ,338,349.95,338,349.95,349.95,342.15,34,11537.20,20-Aug-2026,8,INE011D01013
SHIGAN,SM,68,68,68,68,68,69,4500,306000.00,20-Aug-2026,3,INE03KJ01013
SHILCTECH,EQ,3939,3961.7,3846.1,3867.2,3880,3913.3,19425,75523903.40,20-Aug-2026,4554,INE024F01011
SHILGRAVQ,EQ,175,175,158.6,162.51,173,169.49,9977,1606305.29,20-Aug-2026,189,INE960A01017
SHILPAMED,EQ,814,834.1,808.35,820.95,820.05,807.75,1309015,1079072353.55,20-Aug-2026,41755,INE790G01031
SCILAL,EQ,40.22,40.46,39.8,40.01,40.07,40.21,202309,8107939.59,20-Aug-2026,1164,INE0PB301013
SCI,EQ,296.85,296.85,290.15,291.15,291.5,295.35,1187896,348535933.05,20-Aug-2026,18860,INE109A01011
SHIPROCKET,EQ,149.9,156.9,137.86,141.65,138.01,143.45,110197387,16532870741.12,20-Aug-2026,459884,INE0FOO01011
SHIVAUM,EQ,447,450,445,445,445,447.15,1969,878290.50,20-Aug-2026,29,INE719F01016
SHIVACEM,EQ,16.71,17,16.55,16.68,16.63,16.97,73171,1222242.01,20-Aug-2026,174,INE555C01029
SHIVAAGRO,EQ,41,43.3,40.35,41.82,42,40.39,4493,186922.73,20-Aug-2026,40,INE960E01019
SHIVAMILLS,EQ,59.6,62.12,59.6,60.01,60,61.4,2051,124784.26,20-Aug-2026,48,INE644Y01017
SHIVATEX,EQ,168.13,168.13,163.2,164.58,163.51,166.1,1501,248151.08,20-Aug-2026,52,INE705C01020
SPCL,SM,60.05,61.95,58.95,60.15,60,61.3,31200,1887090.00,20-Aug-2026,47,INE0T7B01010
SBCL,EQ,1039.35,1059.8,1020.05,1025.35,1022,1025.55,336648,348373353.85,20-Aug-2026,19568,INE386D01027
SHIVALIK,BE,257.1,268.91,254,268.91,268.91,256.11,61584,16345497.70,20-Aug-2026,521,INE788J01021
SHIVAMAUTO,BE,15.39,16.08,15.39,16.08,16.08,15.32,12983,207075.39,20-Aug-2026,46,INE637H01024
SHIVASHRIT,SM,120.8,121.5,118.1,118.1,118.1,119,15000,1794250.00,20-Aug-2026,14,INE1DLF01018
SHOPERSTOP,EQ,420.5,428.4,416.05,419.9,416.5,417.15,19326,8140448.50,20-Aug-2026,1989,INE498B01024
SHRADDHA,EQ,158.7,158.7,150.5,155.82,155.83,154.14,2012,307517.87,20-Aug-2026,48,INE311M01018
SHRADHA,EQ,31,33.5,31,33.38,33.49,33.88,35134,1140234.23,20-Aug-2026,183,INE715Y01031
SHREEPUSHK,EQ,381.95,410,381.9,406.65,404.25,385.8,92655,37007695.20,20-Aug-2026,3075,INE712K01011
SAPPL,EQ,287,291.85,278,284.1,281,289.55,785,221448.10,20-Aug-2026,34,INE185C01017
SHREECEM,EQ,24700,24700,24245,24300,24300,24340,18766,457136465.00,20-Aug-2026,9246,INE070A01015
SHREDIGCEM,EQ,71,71.5,70,70.21,70.2,70.36,31256,2199884.59,20-Aug-2026,627,INE232A01011
SGRL,EQ,521.05,525.5,493.5,501.05,501.95,518.35,7823,3959591.20,20-Aug-2026,562,INE414Y01015
SHREEKARNI,SM,355,355,320,340,340,363.95,12300,4094242.50,20-Aug-2026,74,INE0S4Y01010
SHREEOSFM,SM,60,60.3,59,60.3,60.3,57.9,10000,599800.00,20-Aug-2026,7,INE02S501018
SRTL,EQ,38.65,41,38,39.35,39.6,38.84,40176,1590560.81,20-Aug-2026,353,INE19GK01015
SHREERAMA,EQ,45.14,45.22,43.11,44.93,45,44.37,99067,4384569.65,20-Aug-2026,1084,INE879A01019
RAMANEWS,EQ,32.5,32.95,30.7,31.66,32.08,32.4,17981,573250.17,20-Aug-2026,177,INE278B01020
RENUKA,EQ,24.7,26.43,24.5,26.13,26.34,24.24,95136169,2449452267.90,20-Aug-2026,135202,INE087H01022
BALAJEE,EQ,27.4,27.4,26,26.77,26.38,26.26,103545,2763850.92,20-Aug-2026,398,INE0S2G01011
SVLL,BE,761,785.4,761,770.15,770.15,770,702,547325.50,20-Aug-2026,17,INE00CE01017
SHREEDHAR,ST,111.55,117.1,111.55,116.55,117.1,111.55,10000,1151300.00,20-Aug-2026,5,INE0K3301012
SHETHJI,ST,163,169.95,162.05,163.7,164,163.1,41000,6716200.00,20-Aug-2026,26,INE1FL101016
SHREEJISPG,EQ,657,661.95,609.85,613.35,616,649.45,1441163,918230127.45,20-Aug-2026,19892,INE1B6101010
OSWALSEEDS,EQ,13.35,13.6,13.05,13.16,13.18,13.3,126163,1676838.80,20-Aug-2026,409,INE00IK01029
SHRENIK,BZ,0.31,0.31,0.29,0.29,0.3,0.3,734005,216782.57,20-Aug-2026,269,INE632X01030
SHREYANIND,EQ,131,131,125,126.07,129.1,127.83,4867,619809.04,20-Aug-2026,162,INE231C01019
SHRIAHIMSA,ST,400,410,400,405,405,395,12000,4866030.00,20-Aug-2026,17,INE0DM401012
SHBAJRG,EQ,174.9,174.9,171,171.5,174,173.58,882,153057.08,20-Aug-2026,27,INE402H01015
SHKSIL,SM,35,35,35,35,35,34.85,2000,70000.00,20-Aug-2026,1,INE0NON01025
SHRJAGP,EQ,712,716,672,689.4,690,709.2,532,366480.20,20-Aug-2026,64,INE564J01026
SHRIKANHA,SM,22.45,22.45,22.45,22.45,22.45,22.6,1600,35920.00,20-Aug-2026,1,INE1V4601019
SHRIKRISH,EQ,38.46,38.46,38,38,38,38.46,168,6442.88,20-Aug-2026,8,INE997I01012
SHRITECH,SM,56.7,56.7,56.7,56.7,56.7,59.65,2000,113400.00,20-Aug-2026,1,INE0OMF01015
VASUPRADA,EQ,96.07,96.07,96.07,96.07,96.07,96.06,15,1441.05,20-Aug-2026,2,INE574G01013
SHRINGARMS,EQ,226.8,227.7,223.5,223.98,224.44,224.48,136632,30831269.21,20-Aug-2026,1617,INE1B3L01017
LIQUIDSHRI,EQ,1118.05,1118.05,1118.03,1118.04,1118.05,1117.89,11363,12704355.33,20-Aug-2026,18,INF680P01422
SHRIRAMFIN,EQ,1118.9,1135.4,1115.5,1128.2,1128.2,1106,3313774,3735881014.60,20-Aug-2026,75049,INE721A01047
SHRIRAMPPS,EQ,77.89,78.3,77.25,77.67,77.5,77.31,302221,23472394.67,20-Aug-2026,3103,INE217L01019
SHUBHSHREE,SM,326.75,350,326.75,349.75,350,328.35,9300,3181710.00,20-Aug-2026,17,INE0UL701015
SHUKRAPHAR,EQ,43.73,45.78,42.89,43.33,43.22,42.67,416182,18029196.30,20-Aug-2026,2733,INE551C01044
SHYAMCENT,BE,4.99,5.1,4.93,4.97,5.06,4.98,21514,107799.95,20-Aug-2026,101,INE979R01011
SHYAMDHANI,ST,52.4,54.6,52.3,54.6,54.6,54.6,20000,1064600.00,20-Aug-2026,8,INE1CRP01016
SHYAMMETL,EQ,1000,1000,986.6,996.8,997.1,989.9,80716,80251090.40,20-Aug-2026,5893,INE810G01011
SHYAMTEL,EQ,15.45,15.45,14.33,15,15,14.19,5739,85073.52,20-Aug-2026,35,INE635A01023
SICAGEN,EQ,55.85,57.5,55.11,55.85,55.66,55.85,133078,7467248.15,20-Aug-2026,638,INE176J01011
SICALLOG,BE,108.65,114.17,108.65,110.35,110.11,109.85,19635,2193975.29,20-Aug-2026,158,INE075B01020
SIDDHICOTS,SM,27.5,27.55,27.5,27.55,27.55,27.5,6000,165060.00,20-Aug-2026,4,INE0SVO01019
SIDDHIKA,SM,213,213,202.4,203.1,202.8,213,15500,3171050.00,20-Aug-2026,21,INE0A1E01018
ENRIN,EQ,3509,3529,3426.8,3435.3,3429,3483,277750,959992088.50,20-Aug-2026,33107,INE1NPP01017
SIEMENS,EQ,3935.1,3954.8,3880,3880,3880,3898.9,189186,740061006.10,20-Aug-2026,17055,INE003A01024
SIGACHI,EQ,29,31.82,29,30.31,30.2,28.88,8442916,261353845.04,20-Aug-2026,18333,INE0D0K01022
SIGMAADV,EQ,714.9,714.9,661.2,664.45,664,691.35,701713,480190280.90,20-Aug-2026,21111,INE933B01012
SIGMA,EQ,47,48.25,46.59,46.76,46.64,46.12,101107,4800244.88,20-Aug-2026,1937,INE0A0S01028
SIGNATURE,EQ,787.2,804.9,786.95,801,804.9,784.9,188536,149854042.45,20-Aug-2026,5684,INE903U01023
SIGIND,EQ,70.98,73.8,69.71,73.29,73.8,70.32,101314,7372868.33,20-Aug-2026,1271,INE529F01035
SIGNORIA,ST,160,162,160,162,162,165.5,26000,4210000.00,20-Aug-2026,7,INE0RDE01010
SIGNPOST,EQ,268.5,273.5,263.3,266.35,265.5,266.15,41646,11086502.40,20-Aug-2026,2014,INE0KGZ01021
SIKA,EQ,1040.3,1047.6,990,999.8,1003,1035.1,58658,59270757.50,20-Aug-2026,4547,INE438E01032
SIKKO,BE,5.23,5.45,5.06,5.2,5.19,5.27,368410,1923984.34,20-Aug-2026,534,INE112X01025
SILINV,EQ,440,462.75,438.05,449.9,450,438.05,6807,3079767.25,20-Aug-2026,309,INE923A01015
SILGO,EQ,71.19,71.19,69.42,70,70.8,69.89,198672,13937175.99,20-Aug-2026,948,INE01II01013
SILKFLEX,SM,200.3,203.95,200,200,200,204.25,12000,2414100.00,20-Aug-2026,12,INE0STN01015
SILLYMONKS,EQ,15.7,15.88,15.05,15.6,15.59,15.89,37190,582065.53,20-Aug-2026,86,INE203Y01012
SILVERTUC,EQ,197.9,197.9,193.05,195.33,194.2,196.52,362021,70646795.64,20-Aug-2026,4457,INE625X01026
SIMBHALS,BZ,7.8,7.89,7.8,7.89,7.89,7.52,12853,101029.28,20-Aug-2026,30,INE748T01016
SIMCA,SM,242.1,246.05,242.1,245.85,244.8,242.6,35400,8686170.00,20-Aug-2026,26,INE1K4J01018
SIMPLEXINF,EQ,264.9,264.9,258.3,259.45,260,261.65,24427,6381408.78,20-Aug-2026,779,INE059B01024
SIMPLXREA,EQ,130.1,130.1,117.76,121.77,119,123.92,613,73116.15,20-Aug-2026,16,INE167H01014
SINCLAIR,EQ,76,76.38,74.02,75.37,75.5,75.22,21656,1628602.09,20-Aug-2026,213,INE985A01022
SINDHUTRAD,EQ,24.24,24.27,23.75,23.9,24.05,24.11,294319,7059929.74,20-Aug-2026,916,INE325D01025
SINGERIND,EQ,85.8,89.87,82.3,83.99,82.3,83.36,228438,19747785.73,20-Aug-2026,1906,INE638A01035
SINTERCOM,EQ,86.99,86.99,79.06,79.39,79.11,85,5959,474956.09,20-Aug-2026,72,INE129Z01016
SIRCA,EQ,444.9,451,436,449.75,448,442.3,1246131,552927986.90,20-Aug-2026,15091,INE792Z01011
SIS,EQ,412.4,417.7,410.2,413.2,413,414.5,146530,60758886.70,20-Aug-2026,6271,INE285J01028
SITINET,BZ,0.28,0.29,0.27,0.28,0.29,0.28,1073679,304020.03,20-Aug-2026,282,INE965H01011
SIYSIL,EQ,640,652,634.55,647.55,650,632.8,96914,62438900.60,20-Aug-2026,4082,INE076B01028
SJS,EQ,2540,2551,2482,2497.9,2497,2508,86267,217007589.10,20-Aug-2026,18212,INE284S01014
SJVN,EQ,66.11,66.7,65.82,65.91,66,66.04,1684377,111369156.70,20-Aug-2026,14113,INE002L01015
SKFINDUS,EQ,2815,2907.1,2725.8,2753.7,2765,2800.4,92399,260712564.80,20-Aug-2026,18097,INE2J8701016
SKFINDIA,EQ,1645.5,1683.2,1590,1601.7,1608.7,1629.7,102843,168361628.30,20-Aug-2026,10531,INE640A01023
SKIPPER,EQ,553.95,558.9,546.7,555.45,552,550.85,794407,441021817.75,20-Aug-2026,21046,INE439E01022
SKMEGGPROD,EQ,256,260.8,253.15,255.48,254.28,253.26,241678,62167123.83,20-Aug-2026,4689,INE411D01023
SKP,SM,151.05,156,151,155,155,153.2,5000,764200.00,20-Aug-2026,10,INE0KZA01016
SKYGOLD,EQ,784.3,796.5,775,778.55,778.95,777.75,518661,405539077.50,20-Aug-2026,14797,INE01IU01018
SLONE,ST,148,149.9,140.4,148.6,149.9,147.6,4800,702880.00,20-Aug-2026,12,INE0SMA01017
SMARTEN,ST,57.8,58.3,57.8,58.3,58.3,55.55,25200,1467300.00,20-Aug-2026,12,INE14GK01016
SMARTLINK,BE,222.62,231.5,222.62,224.42,224.3,227.16,3412,776953.45,20-Aug-2026,73,INE178C01020
SMARTWORKS,EQ,510.5,517.7,500.5,511.3,512.9,502.35,95737,48993728.90,20-Aug-2026,5807,INE0NAZ01010
SMCGLOBAL,EQ,81.9,83.59,80,81.13,81.3,81.33,1113126,90826899.08,20-Aug-2026,4775,INE103C01036
SMLMAH,EQ,5279,5304.5,5135,5159.5,5185,5228.5,47627,248726071.00,20-Aug-2026,6099,INE294B01019
SMSPHARMA,EQ,357.5,364.15,355,356.5,357,356.05,111900,40127975.90,20-Aug-2026,2213,INE812G01025
SNOWMAN,EQ,37.66,38,37.49,37.55,37.5,37.61,69435,2615127.08,20-Aug-2026,681,INE734N01019
SOBHA,EQ,1289,1308.9,1275.9,1303.6,1308,1274.1,64406,83434704.80,20-Aug-2026,7749,INE671H01015
SOFTTECH,EQ,421.45,433.2,420,424.4,424.45,421.45,1131,482479.65,20-Aug-2026,34,INE728Z01015
SOLARINDS,EQ,19190,19865,19190,19760,19760,19721,93860,1850465406.00,20-Aug-2026,22962,INE343H01029
SOLARA,EQ,551.95,654.4,551.95,640,631.5,550.05,6915687,4326611130.80,20-Aug-2026,140674,INE624Z01016
SOLARWORLD,EQ,153.81,155.39,149.5,149.82,150.5,153.57,316478,47819794.89,20-Aug-2026,7810,INE0TY101024
SOLEX,EQ,800.95,802.6,766.15,772.3,775.25,789.1,39230,30650556.05,20-Aug-2026,2786,INE880Y01017
BALCO,SM,18,18.9,18,18.85,18.85,18.9,3600,66900.00,20-Aug-2026,3,INE0U0201016
SDBL,EQ,73.3,74.9,73.3,73.57,73.51,73.11,454140,33618258.26,20-Aug-2026,3170,INE480C01038
SOMATEX,EQ,84,88.44,83.06,87.37,87.5,85.94,8404,725138.04,20-Aug-2026,104,INE314C01013
SOMANYCERA,EQ,515.9,517.25,507,511.1,514.45,509.25,182132,93337920.80,20-Aug-2026,7563,INE355A01028
SOMICONVEY,EQ,96,103.93,95,100.07,101,86.61,687119,68598381.11,20-Aug-2026,6775,INE323J01019
SONACOMS,EQ,827.5,844,820.4,821.9,821.9,823.5,2824539,2346549734.40,20-Aug-2026,61660,INE073K01018
SONAMAC,SM,33.5,34.95,31.85,34.95,34.95,33.5,6000,200800.00,20-Aug-2026,6,INE0Q6H01012
SONAMLTD,EQ,66,67.9,65.11,67.16,66.95,67.19,280714,18623093.70,20-Aug-2026,2308,INE00LM01029
SONATSOFTW,EQ,308.65,318.15,305.1,306,306,307.8,1344862,419417757.85,20-Aug-2026,28046,INE269A01021
SONUINFRA,ST,34.2,35,33.75,35,35,34.75,13500,460500.00,20-Aug-2026,9,INE0JZA01018
SOTAC,SM,90.05,90.05,90.05,90.05,90.05,87.4,1200,108060.00,20-Aug-2026,1,INE0O2D01012
SOUTHWEST,EQ,219,220.87,214,215.37,215.85,216.75,309533,66989690.53,20-Aug-2026,6045,INE980Y01015
SPRL,SM,107,107,102.5,102.5,102.5,102,1600,167600.00,20-Aug-2026,2,INE0JW501011
SPCENET,EQ,3.4,3.69,3.35,3.36,3.35,3.36,1102368,3777956.46,20-Aug-2026,890,INE970N01027
SPANDANA,EQ,239.35,247.4,239.35,243.45,244.45,239.3,173370,42353823.85,20-Aug-2026,4714,INE572J01011
SPEB,ST,87.65,87.65,87.65,87.65,87.65,87.65,2000,175300.00,20-Aug-2026,1,INE1CW901027
SPECIALITY,BE,140,141.27,135.55,138.58,139.5,141.37,27832,3820397.35,20-Aug-2026,266,INE247M01014
SPECTRUM,BE,2310,2325,2180,2212.5,2215,2284.8,8073,17901994.70,20-Aug-2026,545,INE01EO01010
SPELS,EQ,147.13,153.8,147,150.22,149.9,147.13,39568,5945282.18,20-Aug-2026,928,INE252A01019
SPENCERS,EQ,30.71,31.2,30.5,30.53,30.6,30.57,21094,650861.45,20-Aug-2026,615,INE020801028
SPIC,EQ,68.3,68.57,67.7,68.03,68.11,68.05,225701,15356109.05,20-Aug-2026,1695,INE147A01011
SPLIL,EQ,29.5,31.8,29.5,30.79,30.75,29.42,8362,256152.09,20-Aug-2026,107,INE978G01016
SPMLINFRA,EQ,197.9,197.9,190.25,190.89,190.55,195.56,183694,35508247.21,20-Aug-2026,2589,INE937A01023
SPORTKING,EQ,211.55,218.5,209.25,212.34,211.65,209.62,578400,124173412.83,20-Aug-2026,12464,INE885H01029
SPPPOLY,SM,12.35,12.35,11.75,11.75,11.75,12.35,8000,96500.00,20-Aug-2026,4,INE0QR801013
SHRIPISTON,EQ,4510.9,4525.2,4450.1,4513.8,4520,4454,70958,319266934.40,20-Aug-2026,14453,INE526E01018
SPUNWEB,SM,99,99.5,99,99.5,99.5,99,8400,832980.00,20-Aug-2026,6,INE19QH01010
SRHHYPOLTD,EQ,479.15,485.45,471.5,473.2,472.5,479.2,10656,5079412.95,20-Aug-2026,723,INE917H01012
SREEL,EQ,255.06,255.06,243,244.24,245.2,248.27,9862,2429515.06,20-Aug-2026,467,INE099F01013
SRF,EQ,2595,2595.2,2570,2574.5,2574.5,2578.6,81501,210539606.50,20-Aug-2026,9469,INE647A01010
SRGHFL,EQ,265,265,262,262.45,262.5,260.1,538,141083.70,20-Aug-2026,9,INE559N01010
HAVISHA,EQ,1.55,1.55,1.36,1.4,1.4,1.4,36887,51458.34,20-Aug-2026,106,INE293B01029
SRIKPRIND,EQ,20.99,21.14,19.42,19.9,20.71,20.2,3501,70556.90,20-Aug-2026,40,INE009C01019
LOTUSDEV,BE,164.83,169.88,163.95,166.16,165.5,164.02,335886,55847451.99,20-Aug-2026,4229,INE0V9Q01010
SPCON,SM,149,149,149,149,149,145.5,1200,178800.00,20-Aug-2026,1,INE0TPJ01019
SSFL,ST,234,241.9,234,240,240,230.8,15500,3709650.00,20-Aug-2026,21,INE0ON201012
SRIVASAVI,ST,81,83.15,81,83.15,83.15,83,4000,330450.00,20-Aug-2026,2,INE0NPI01014
SRM,EQ,497.4,498.4,480,481.1,482.7,493.75,68207,33130094.85,20-Aug-2026,2430,INE0R6Z01013
STALLION,BE,218,232,218,226.85,226.6,225.15,460314,103883889.00,20-Aug-2026,3718,INE0RYC01010
SETL,EQ,312,315.6,301.2,304.95,306.3,309.6,474162,145375686.25,20-Aug-2026,6546,INE0M4D01010
SIL,EQ,19.56,19.94,19,19.11,19,19.56,89205,1723192.10,20-Aug-2026,449,INE173A01025
STANLEY,EQ,135.94,143.91,135.94,139.6,139.69,136.09,260821,36674853.46,20-Aug-2026,6648,INE01A001028
STARCEMENT,EQ,193.94,196.04,191.5,194.37,193.1,193.94,384194,74472850.08,20-Aug-2026,11723,INE460H01021
STARHEALTH,EQ,585,588.45,573,575.5,574.5,582.8,268454,155560588.90,20-Aug-2026,20726,INE575P01011
STARPAPER,EQ,146.55,149,143.05,145.12,147.3,146.22,11301,1639807.41,20-Aug-2026,153,INE733A01018
STARTECK,EQ,256.95,260.1,250.55,251.1,251.05,257.05,7816,2021896.45,20-Aug-2026,119,INE992I01013
SBIN,EQ,1052.9,1052.9,1045.7,1048,1048,1048.6,5879949,6165712413.30,20-Aug-2026,118558,INE062A01020
SAIL,EQ,174.1,176.43,173.41,174.9,174.9,172.75,14055438,2456317219.39,20-Aug-2026,55611,INE114A01011
STEELCITY,EQ,82.18,83,80.3,81.29,81.49,82.18,8811,718838.27,20-Aug-2026,137,INE395H01011
STEELXIND,EQ,10.73,10.87,10.25,10.54,10.63,10.67,2639587,27708117.10,20-Aug-2026,2868,INE503B01021
STLSTRINF,EQ,19.88,19.88,18,18.23,19.58,19.09,453,8426.00,20-Aug-2026,8,INE205F01016
SSWL,EQ,316.25,319.6,303,304.8,304.75,315.85,530501,163875159.65,20-Aug-2026,8687,INE802C01033
STEELCAS,EQ,363.65,363.65,353,358.7,359,357.35,137308,49152844.00,20-Aug-2026,2425,INE124E01038
STEL,EQ,591.1,591.1,581.5,584.35,581.5,581,2076,1216426.40,20-Aug-2026,123,INE577L01016
STERTOOLS,BE,223.5,227.9,222,223,222,223.5,9758,2193524.65,20-Aug-2026,243,INE334A01023
STLTECH,BE,622.2,634,614,621.4,621.9,621.2,1078671,672047252.60,20-Aug-2026,25648,INE089C01029
SGL,EQ,9.62,9.97,9.62,9.72,9.95,9.76,2414,23473.88,20-Aug-2026,18,INE353H01010
STLNETWORK,EQ,25.23,25.75,24.65,25.25,25.47,24.97,742593,18650352.16,20-Aug-2026,1567,INE1VXE01018
STOVEKRAFT,EQ,764.1,793.9,761.25,775.95,777,756.55,116334,90448880.80,20-Aug-2026,6759,INE00IN01015
STAR,EQ,986.5,1056,970,993,995,957.5,4948966,4993989683.00,20-Aug-2026,161208,INE939A01011
SWSOLAR,EQ,196,198.99,195.9,196.48,196.48,195.99,438874,86714866.22,20-Aug-2026,6620,INE00M201021
STUDDS,EQ,445.9,449.9,444.5,448,448,448,18024,8067765.55,20-Aug-2026,946,INE00Q601028
STUDIOLSD,SM,8.8,9.15,8.8,9.1,9.1,8.8,28000,250300.00,20-Aug-2026,10,INE17VO01028
STYLAMIND,EQ,3706.9,3706.9,3599.6,3617.3,3602.4,3664.3,25975,94245805.60,20-Aug-2026,6999,INE239C01020
STYRENIX,EQ,2140,2146.5,2090.6,2108.5,2095,2126.6,47030,99400725.40,20-Aug-2026,5812,INE189B01011
SUBAHOTELS,SM,110.7,113.45,104.95,108.75,108.1,112,73200,7953060.00,20-Aug-2026,57,INE0RYR01018
SUBEXLTD,EQ,15.99,17.18,15.26,17.08,17.06,15.92,11625575,189609620.87,20-Aug-2026,17588,INE754A01055
SUBROS,EQ,735.5,746.25,734,735.55,736,737.2,35692,26385644.35,20-Aug-2026,2577,INE287B01021
SUDARSCHEM,EQ,1144.8,1195,1134.9,1186.5,1187,1134.9,828785,974395551.60,20-Aug-2026,29871,INE659A01023
SUDARCOLOR,EQ,405.75,406,399.8,402.15,401.9,405.75,5508,2214255.65,20-Aug-2026,322,INE492A01029
SUDEEPPHRM,EQ,1178,1180,1098.6,1107.8,1106,1156.4,297022,337830150.75,20-Aug-2026,15552,INE0QPI01025
SUKHJITS,EQ,156,165.18,156,159.93,160.9,156.21,19795,3197667.80,20-Aug-2026,449,INE450E01029
SULA,EQ,146.34,146.49,144,145.21,144.5,145.43,228399,33210741.51,20-Aug-2026,4230,INE142Q01026
SUMEDHA,EQ,39.87,39.87,38,38.27,38,39.87,3791,145523.10,20-Aug-2026,23,INE886B01012
SUMEETINDS,EQ,12.64,13.38,12.24,13.38,13.38,12.75,10931355,143226234.05,20-Aug-2026,10373,INE235C01036
SUMIT,EQ,53.04,54.95,52.7,53.64,53.95,53.51,27806,1499530.97,20-Aug-2026,742,INE748Z01013
SUMICHEM,EQ,552,556.2,550,551.8,552.75,554.2,133958,73990742.55,20-Aug-2026,6692,INE258G01013
SUMMITSEC,EQ,1429.9,1451.9,1421,1427.2,1430,1430.2,2440,3501918.70,20-Aug-2026,506,INE519C01017
SPARC,EQ,192.92,203.23,192.9,199.59,200.39,193.11,842175,168118677.27,20-Aug-2026,15927,INE232I01014
SUNPHARMA,EQ,1905,1911.6,1890.3,1904,1904,1900,893691,1697676546.20,20-Aug-2026,58449,INE044A01036
SUNTV,EQ,481,483.2,474,477.55,476.45,480.9,330340,157691469.20,20-Aug-2026,13462,INE424H01027
SUNCLAY,EQ,1288.8,1290,1270.6,1275.9,1275,1281.1,3320,4244274.70,20-Aug-2026,246,INE0Q3R01026
SUNDARMFIN,EQ,4488.5,4525,4479.2,4503.4,4512.3,4485.1,14929,67237275.60,20-Aug-2026,5059,INE660A01013
SUNDARAM,EQ,1.34,1.34,1.26,1.26,1.26,1.29,775865,998467.62,20-Aug-2026,467,INE108E01023
SUNDRMBRAK,BE,861,862.95,808.55,808.55,808.55,851.1,3084,2544337.75,20-Aug-2026,127,INE073D01013
SUNDRMFAST,EQ,1249.9,1249.9,1223,1228.4,1230,1242.2,95563,118062662.35,20-Aug-2026,9096,INE387A01021
SOCL,SM,28.1,29.4,28.1,29.15,29,28.1,9600,277440.00,20-Aug-2026,6,INE0CTB01014
SUNDROP,EQ,646.7,655.25,646,652.35,648.6,649.95,7510,4900146.25,20-Aug-2026,429,INE209A01019
SUNFLAG,EQ,354.15,365.5,353,358.15,357.9,353.55,140449,50534379.65,20-Aug-2026,3825,INE947A01014
SEL,SM,324,324,302,312.15,318,309,4600,1419820.00,20-Aug-2026,19,INE0O3O01017
SUNLOC,EQ,67.5,68,67.5,68,68,68.38,26,1755.50,20-Aug-2026,2,INE671C01016
SUNLITE,SM,491.2,508.9,490,495.25,495.5,490.7,15600,7797180.00,20-Aug-2026,51,INE0U2N01013
SUNRAKSHAK,EQ,377,377.6,371,375.4,377.5,377.25,7222,2709122.40,20-Aug-2026,245,INE671K01027
SUN-RE,ST,2.1,2.1,2.1,2.1,2.1,3.5,121600,255360.00,20-Aug-2026,29,INE0PLZ20020
SUNREST,SM,41.1,42.4,41.1,42.15,42.1,40.9,35200,1472160.00,20-Aug-2026,14,INE0PLZ01012
SUNSHIEL,EQ,1243.3,1279.9,1243.3,1264,1270,1273.4,1195,1512103.60,20-Aug-2026,110,INE199E01014
SUNTECH,ST,35,35.05,35,35.05,35.05,36.35,6400,224080.00,20-Aug-2026,3,INE0SGZ01016
SUNTECK,EQ,296.2,298,293.05,294.35,293.35,296.2,174440,51374977.60,20-Aug-2026,5539,INE805D01034
SUPERSPIN,BE,6,6,5.99,5.99,5.99,5.91,8160,48888.61,20-Aug-2026,16,INE662A01027
SUPTANERY,EQ,7.9,7.9,7.17,7.31,7.5,7.81,97254,727535.52,20-Aug-2026,363,INE460D01038
SUPERHOUSE,EQ,164,170.74,164,164.53,164.1,164,3735,622903.50,20-Aug-2026,81,INE712B01010
SIEL,EQ,44.54,44.54,40.3,40.3,40.3,42.42,8968,383790.61,20-Aug-2026,133,INE843L01012
SUPRAJIT,EQ,520.2,522.35,509.45,511.35,513.4,517.65,91532,47142834.95,20-Aug-2026,4370,INE399C01030
SUPREMEENG,BZ,2.49,2.49,2.49,2.49,2.49,2.45,133053,331301.97,20-Aug-2026,81,INE319Z01021
SFML,SM,20.35,22,20.35,22,22,21.5,11200,240480.00,20-Aug-2026,5,INE0U6N01014
SUPREME,EQ,43.5,43.5,38.55,39.28,39.21,39.53,46159,1883912.02,20-Aug-2026,524,INE822E01011
SUPREMEIND,EQ,3611,3674.9,3602,3650,3650,3610,143243,522528698.90,20-Aug-2026,13941,INE195A01028
SUPREMEINF,EQ,87.9,87.9,85.01,85.36,85.75,86.15,45741,3946859.49,20-Aug-2026,1075,INE550H01011
SPLPETRO,EQ,709.9,709.9,696.1,700.7,699,702.6,28299,19843933.60,20-Aug-2026,3674,INE663A01033
SUPREMEPWR,SM,238.4,241.95,225,227.4,226.5,238.4,57500,13210800.00,20-Aug-2026,106,INE0QHG01026
SUPRIYA,EQ,788.5,826,788.5,811.7,810,787.8,304269,248079913.60,20-Aug-2026,15903,INE07RO01027
SURAJEST,EQ,206.21,206.91,198,198.56,199.25,205.87,168263,33839977.25,20-Aug-2026,1397,INE843S01025
SURAJLTD,EQ,201,204.7,192,195.94,196.01,203.32,8854,1756858.65,20-Aug-2026,282,INE713C01016
SURAKSHA,EQ,307.2,313,295.85,305.15,305.7,308.5,142607,43346342.10,20-Aug-2026,9361,INE877V01027
SURANASOL,EQ,26.54,26.54,25.7,25.74,25.76,26.11,25901,669950.66,20-Aug-2026,384,INE272L01022
SURANAT&P,EQ,16.5,16.6,16.15,16.29,16.3,16.15,31203,509172.12,20-Aug-2026,269,INE130B01031
SURANI,SM,102.5,114.95,95,95.7,96,102.1,19800,1944340.00,20-Aug-2026,70,INE01ZJ01015
SBGLP,EQ,24.11,25.07,24.11,24.62,24.65,24.36,7781,193013.74,20-Aug-2026,85,INE05ST01028
SURYAROSNI,EQ,219.9,222.09,216.8,218.53,219,218.71,949259,208048817.18,20-Aug-2026,10814,INE335A01020
SURYALAXMI,EQ,57.21,58.95,56.66,57.6,58.27,56.37,7942,456044.90,20-Aug-2026,66,INE713B01026
SURYALA,EQ,374,390,374,385,385,380.1,67,25724.50,20-Aug-2026,15,INE132C01027
SURYODAY,EQ,151,157.44,150.78,154.54,154.4,151.73,453556,70294771.66,20-Aug-2026,6950,INE428Q01011
SUTLEJTEX,BE,38.95,38.95,38.06,38.18,38.44,38.09,8202,314016.02,20-Aug-2026,49,INE645H01027
SUVEN,EQ,335,377.45,335,373.6,375.5,332.55,3256478,1181415781.90,20-Aug-2026,56521,INE495B01038
SUVIDHAA,EQ,2.48,2.48,2.37,2.41,2.37,2.38,97764,236408.93,20-Aug-2026,197,INE018401013
SUYOG,EQ,759.25,766,730,740.5,734.8,759.25,36225,27146943.45,20-Aug-2026,2606,INE442P01014
SUZLON,EQ,46.82,47.55,46.8,47,47,46.77,31120638,1468545044.80,20-Aug-2026,51123,INE040H01021
SVPGLOB,EQ,3.68,3.85,3.68,3.78,3.79,3.72,28148,105887.09,20-Aug-2026,68,INE308E01029
SWANCORP,EQ,303.5,307.9,301.6,305.55,306,303.2,749117,227748923.70,20-Aug-2026,9567,INE665A01038
SWANDEF,BE,2353.2,2389,2320,2361.9,2340,2348.2,2782,6526535.00,20-Aug-2026,359,INE542F01020
SWARAJENG,EQ,3590.9,3635,3576.1,3602.6,3595,3588.8,3898,14008578.00,20-Aug-2026,1163,INE277A01016
SWARAJ,EQ,369,375.9,366,372,372.3,367.05,388491,144006868.45,20-Aug-2026,2660,INE0GMR01016
SWARNSAR,EQ,36,36.25,34.5,34.56,34.85,34.25,3168,112479.37,20-Aug-2026,25,INE967A01012
SWASTIK,ST,18.65,18.65,18.65,18.65,18.65,19,2400,44760.00,20-Aug-2026,2,INE0DGC01025
SWELECTES,EQ,604.6,623.9,604.6,608.8,608,606.55,29736,18240320.55,20-Aug-2026,1380,INE409B01013
SWIGGY,EQ,275.1,285.4,273.75,279,279,272.4,18244359,5121862657.40,20-Aug-2026,253467,INE00H001014
SWISSMLTRY,EQ,15.19,16.8,14,16.44,16.5,14.75,870159,13558742.00,20-Aug-2026,1741,INE010C01025
SYMPHONY,EQ,603.75,620,603.75,616.15,617.1,602.05,52306,32039260.65,20-Aug-2026,3504,INE225D01027
SYNCOMF,EQ,15.48,15.75,15.4,15.46,15.52,15.33,2713220,42159614.75,20-Aug-2026,6120,INE312C01025
SGIL,EQ,545,564,545,562.05,561.7,555.25,3017,1688813.45,20-Aug-2026,154,INE00QT01015
SYNGENE,EQ,400,402.85,394.9,395.5,395.7,396.85,1883583,747944830.75,20-Aug-2026,63710,INE398R01022
SYRMA,EQ,1504.8,1525.8,1415.7,1443.7,1437.9,1494.8,1342162,1976690285.60,20-Aug-2026,52773,INE0DYJ01015
SYSTANGO,SM,215.9,215.9,211.85,213.75,214.05,210.5,12800,2739580.00,20-Aug-2026,32,INE0O7R01011
SYSTMTXC,BE,57.74,59.09,57,57.85,57.8,58.03,7717,444713.03,20-Aug-2026,47,INE356B01024
TGVSL,EQ,106.4,108,104.6,105.68,105.9,105.4,134805,14250334.83,20-Aug-2026,1383,INE284B01028
TTL,EQ,6.46,6.6,6.11,6.22,6.3,6.33,321646,2030659.71,20-Aug-2026,450,INE592B01024
TAALTECH,EQ,4283.1,4283.1,4200,4218,4246.9,4227.7,2077,8793824.70,20-Aug-2026,219,INE524T01011
TAC,ST,440.05,446.1,420,424.75,428.5,440.05,44400,19084660.00,20-Aug-2026,199,INE0SOY01013
TAINWALCHM,EQ,222.1,238.9,212.3,223.76,224.9,218.22,64173,14874922.75,20-Aug-2026,1515,INE123C01018
TAJGVK,EQ,346.55,349.85,344.7,347.9,349.3,344.05,35916,12464982.80,20-Aug-2026,1831,INE586B01026
TAKE,EQ,23.37,23.37,21.75,21.84,22.5,22.89,689149,15204090.10,20-Aug-2026,2406,INE142I01023
TALBROAUTO,EQ,423.1,428.15,409,412,409.05,423.05,291141,121325015.25,20-Aug-2026,11138,INE187D01029
TAMBOLIIN,BE,255,255,242.29,242.51,242.3,255.04,34631,8476168.48,20-Aug-2026,171,INE864J01012
TMB,EQ,840.1,872.55,840.1,869.7,871.5,838.85,202411,174965583.95,20-Aug-2026,15835,INE668A01016
TNPL,EQ,138.85,140.16,138.2,139.85,139.7,138.69,114229,15891777.64,20-Aug-2026,1727,INE107A01015
TNPETRO,EQ,114.9,118.7,113,114.88,115.32,113.47,777539,89986449.37,20-Aug-2026,9000,INE148A01019
TNTELE,EQ,9.1,9.1,8.81,8.91,8.9,8.99,9066,81645.04,20-Aug-2026,57,INE141D01018
TANAA,EQ,320,320,304.9,307.85,308,310.2,6494,2013825.40,20-Aug-2026,322,INE692C01020
TANKUP,ST,1230,1250,1230,1250,1250,1225,750,932250.00,20-Aug-2026,3,INE0Z7N01017
TANLA,EQ,573.25,592.55,570.85,572.8,571.8,571.2,434502,252398219.10,20-Aug-2026,19517,INE483C01032
TARACHAND,EQ,48.67,48.67,47.3,47.82,48,47.95,40055,1922135.12,20-Aug-2026,993,INE555Z01020
TARAPUR,EQ,15.72,16.06,14.5,15.18,15.17,15.34,83203,1283836.28,20-Aug-2026,282,INE747K01017
TARC,EQ,120.9,123.45,119.31,121.74,123.01,119.84,1174606,141631438.77,20-Aug-2026,6817,INE0EK901012
TARMAT,EQ,52.1,53.15,50.8,51.31,51.25,52.78,18233,947385.98,20-Aug-2026,206,INE924H01018
TARSONS,EQ,345.1,346.6,336,337.3,337.05,343.1,142634,48609656.95,20-Aug-2026,3780,INE144Z01023
TASTYBITE,EQ,10392,10448.5,10000,10104.5,10093.5,10392,5824,59479507.50,20-Aug-2026,2182,INE488B01017
TATACAP,EQ,365,372.4,363.5,366.15,366.25,365.55,1117288,410141406.10,20-Aug-2026,31820,INE976I01016
TATACHEM,EQ,639.9,648,630.35,634.5,634.5,636.3,403433,257348155.55,20-Aug-2026,15945,INE092A01019
TATACOMM,EQ,1675.7,1704.1,1670.5,1677.5,1674,1660,202057,340319266.60,20-Aug-2026,18934,INE151A01013
TCS,EQ,2319.4,2329,2288.1,2298,2298,2289,2047848,4710859154.30,20-Aug-2026,77501,INE467B01029
TATACONSUM,EQ,1068.6,1074.7,1056.3,1056.3,1056.3,1068,1684035,1797367364.80,20-Aug-2026,34217,INE192A01025
TATAELXSI,EQ,3681.8,3777.6,3660,3660,3660,3659.7,270105,1006076728.60,20-Aug-2026,26495,INE670A01012
TATAINVEST,EQ,653.9,656.9,648,649.35,649,652.9,116909,76287201.05,20-Aug-2026,6883,INE672A01026
TMCV,EQ,478.35,487.8,476,477.6,477.2,478.3,7569561,3646617829.00,20-Aug-2026,143670,INE1TAE01010
TMPV,EQ,323.4,324.55,318.45,320.25,320.25,321.3,10475953,3366401578.70,20-Aug-2026,90431,INE155A01022
TATAPOWER,EQ,379.3,379.9,375,375.25,375.25,378.9,4261349,1606449808.30,20-Aug-2026,41590,INE245A01021
TATASTEEL,EQ,185,185.6,182.95,183.5,183.5,184,21782667,4006332381.46,20-Aug-2026,190735,INE081A01020
TATATECH,EQ,815.9,836.35,815.9,823.95,823,812.55,979044,809196829.65,20-Aug-2026,35676,INE142M01025
TTML,EQ,37.67,37.96,37.4,37.45,37.41,37.67,863062,32484708.40,20-Aug-2026,4870,INE517B01013
NETF,EQ,264.28,265,261.01,263.23,265,262.18,1880,496013.41,20-Aug-2026,153,INF277K015R5
NPBET,EQ,285.55,285.55,284.17,284.17,284.17,281.95,105,29839.74,20-Aug-2026,4,INF277K010X4
TNIDETF,EQ,88.2,91.26,88.2,90.8,90.77,90.06,41944,3817323.46,20-Aug-2026,422,INF277KA1364
TATAGOLD,EQ,14.9,15.2,14.77,15.12,15.12,14.77,74592702,1128548342.90,20-Aug-2026,71906,INF277KA1976
TATSILV,EQ,22.65,23.06,22.65,22.9,22.89,21.96,81115670,1860964691.39,20-Aug-2026,57372,INF277KA1984
TATVA,EQ,1670.8,1709.7,1621.6,1638.4,1638,1647.8,65673,109798165.40,20-Aug-2026,6098,INE0GK401011
TAURIAN,SM,453.9,463,452,457.25,459.9,449.6,15200,6968120.00,20-Aug-2026,19,INE0XWS01018
753IRFC30,NJ,1137.5,1137.5,1137.5,1137.5,1137.5,1135,1,1137.50,20-Aug-2026,1,INE053F07835
764IRFC31,NO,1146.6,1146.6,1145,1146.5,1146.5,1140.01,94,107758.50,20-Aug-2026,6,INE053F07900
769NHAI31,NE,1149,1151,1148.05,1148.79,1149,1150.5,461,529865.55,20-Aug-2026,10,INE906B07EP5
735NHAI31,N9,1111,1127.99,1111,1127.99,1127.99,1104,2,2238.99,20-Aug-2026,2,INE906B07EI0
76NHAI31,NA,1116.01,1117.95,1115.05,1117,1117,1117.01,3379,3773527.48,20-Aug-2026,31,INE906B07EJ8
738REC27TF,N2,1072,1072,1069.08,1069.08,1069.08,1072,815,872254.20,20-Aug-2026,5,INE020B07GX4
TBI,SM,60.25,60.3,58.4,59.05,59.05,59.85,16200,964770.00,20-Aug-2026,27,INE0N2D01013
TBOTEK,EQ,1669.8,1731.9,1669.7,1702.6,1714,1661.4,147883,252494638.50,20-Aug-2026,13107,INE673O01025
TCC,EQ,252.35,255.8,250.25,252.85,252.45,252.35,19647,4965016.15,20-Aug-2026,1022,INE887D01016
TCIEXP,EQ,547.5,560.95,541.25,544.65,546.9,547.2,13373,7370025.90,20-Aug-2026,1084,INE586V01016
TCIFINANCE,BE,15.85,15.85,15.03,15.21,15.21,15.38,10425,159168.00,20-Aug-2026,67,INE911B01018
TCPLPACK,EQ,4094.2,4228.8,4023.9,4100.9,4091.6,4094.2,7136,29410819.10,20-Aug-2026,1533,INE822C01015
TDPOWERSYS,EQ,1545.6,1549.3,1495.4,1507.5,1505,1545.6,1106295,1673937503.40,20-Aug-2026,51470,INE419M01027
TEAMGTY,EQ,236.65,236.7,226.99,227.93,227.11,229.99,4744,1103359.44,20-Aug-2026,112,INE289C01025
TEAMLEASE,EQ,1232.1,1256.6,1230,1242.1,1237,1235.2,11396,14187981.40,20-Aug-2026,2645,INE985S01024
TPHQ,EQ,0.7,0.72,0.67,0.68,0.69,0.69,10965405,7664620.73,20-Aug-2026,1843,INE065J01024
TEAMTECH,ST,125.95,128.95,125.5,128.95,128.95,122.85,34000,4353100.00,20-Aug-2026,15,INE2OL601013
TECHM,EQ,1601.6,1610,1588.7,1592.1,1592.1,1589.8,1676285,2675464685.00,20-Aug-2026,49213,INE669C01036
TECHD,ST,570,589,569.65,580.95,581.9,569.65,4200,2440290.00,20-Aug-2026,14,INE0Y5H01014
TECHERA,SM,179.2,180,176.15,177.25,177,180.5,22400,3986600.00,20-Aug-2026,27,INE0JQS01019
TECHNOE,EQ,999.75,1006.6,983.1,985.45,990,996.95,219276,217233101.25,20-Aug-2026,12936,INE285K01026
TIIL,EQ,3129.9,3225,3069,3200.2,3200,3127.5,43128,136410673.70,20-Aug-2026,7729,INE545H01011
TECHNOCRAF,EQ,317.99,337,314,330.37,328.9,314.8,3376892,1105745463.56,20-Aug-2026,42465,INE1D0W01018
TECHNVISN,EQ,5100,5100,4950,4973.5,4950,5083.8,303,1516395.70,20-Aug-2026,104,INE314H01012
TECILCHEM,EQ,11.29,11.55,9,9.14,9.05,10.24,306274,3049706.61,20-Aug-2026,1160,INE014B01011
TGL,ST,16.35,16.35,16.35,16.35,16.35,17.2,19400,317190.00,20-Aug-2026,52,INE0K6601012
TEGA,EQ,1730,1837,1725.1,1776.5,1775,1726.6,937653,1691123989.40,20-Aug-2026,67587,INE011K01018
TEJA,SM,352.15,352.15,352.15,352.15,352.15,370.65,1200,422580.00,20-Aug-2026,2,INE0R1301019
TEJASNET,EQ,510.5,519,507.3,509.2,508.65,509.55,659389,338287470.35,20-Aug-2026,17481,INE010J01012
TEMBO,EQ,60.2,60.75,57.6,58.2,58.2,59.75,1037585,61300339.85,20-Aug-2026,3309,INE869Y01028
TENNIND,EQ,559,575,555.25,568.6,571.9,556.85,4980274,2820126711.55,20-Aug-2026,99453,INE19RI01016
TERASOFT,EQ,343,343,318.45,326.8,325.5,329.45,20831,6889769.30,20-Aug-2026,999,INE482B01010
TEXINFRA,EQ,109.61,109.62,107.61,108.61,108.5,107.46,50551,5490724.54,20-Aug-2026,634,INE435C01024
TEXRAIL,EQ,103.59,106.7,103.55,105.48,105.4,102.65,1737743,182853439.60,20-Aug-2026,12507,INE621L01012
TEXMOPIPES,EQ,44.38,44.95,43.8,44.08,44.35,44.38,49271,2182053.73,20-Aug-2026,459,INE141K01013
737NTPC35C,NA,1378,1378,1378,1378,1378,1204,38,52364.00,20-Aug-2026,1,INE733E07JT8
753NTPC30E,NC,1139,1139,1139,1139,1139,1138,100,113900.00,20-Aug-2026,1,INE733E07JV4
762NTPC35F,ND,1225,1226,1213.01,1225.7,1225.7,1230,527,644042.57,20-Aug-2026,9,INE733E07JW2
TGBHOTELS,EQ,9.15,9.35,9.11,9.34,9.35,9.18,15246,141855.56,20-Aug-2026,31,INE797H01018
TCL,SM,138,145.05,126.5,142.9,142.9,131,137600,18722400.00,20-Aug-2026,109,INE0QJL01014
THACKER,BE,1100,1107,1100,1100,1100,1054.7,20,22035.00,20-Aug-2026,9,INE077P01034
THAKDEV,EQ,149.25,157.99,149.25,157.74,149.25,150,225,34217.85,20-Aug-2026,7,INE403F01017
THANGAMAYL,EQ,5521.5,5598,5440,5457,5451,5514.5,58274,321267707.00,20-Aug-2026,9510,INE085J01014
ANUP,EQ,1814.9,1838,1802.7,1811.8,1815,1804.8,16838,30597673.30,20-Aug-2026,2650,INE294Z01018
BYKE,BE,31.5,33,31,32.74,32.21,31.5,22117,711383.13,20-Aug-2026,75,INE319B01014
GESHIP,EQ,1315.5,1315.7,1291.5,1299,1298.7,1315.5,455590,592229317.70,20-Aug-2026,31489,INE017A01032
GROBTEA,EQ,924.2,988.95,924.15,938.65,947.35,915,415,390397.90,20-Aug-2026,48,INE646C01018
HITECHGEAR,BE,533,545,533,535.75,535.5,530.9,2478,1326054.75,20-Aug-2026,84,INE127B01011
INDIACEM,EQ,366.5,375.1,366.5,370.65,371.4,369.7,81021,30132670.40,20-Aug-2026,4286,INE383A01012
INDHOTEL,EQ,729,737.1,725.75,735.85,735.85,723.35,1766030,1294473189.50,20-Aug-2026,32803,INE053A01029
THEINVEST,EQ,98,100.49,97.22,97.87,97.55,98.18,1876,185449.26,20-Aug-2026,66,INE924D01017
NIACL,EQ,186.99,186.99,182.29,183.08,182.7,185.68,801368,147976816.14,20-Aug-2026,10676,INE470Y01017
PKTEA,EQ,749,751,716,731.9,727.15,728.35,1755,1301766.20,20-Aug-2026,50,INE431F01018
PHOENIXLTD,EQ,1928.5,1934.5,1907.9,1925,1925,1919,180062,346706694.70,20-Aug-2026,18620,INE211B01039
RAMCOCEM,EQ,907,915,901.2,906.95,907.9,902.2,202421,183233073.55,20-Aug-2026,10897,INE331A01037
RUBYMILLS,BE,395.8,419,395.8,403.6,413.95,410.25,9589,3919070.65,20-Aug-2026,199,INE301D01026
SOUTHBANK,EQ,45.15,46.16,45.01,45.16,45.36,45,9571667,436006578.24,20-Aug-2026,24155,INE683A01023
STCINDIA,EQ,116.65,125.5,116.65,121.44,121.05,116.06,303826,37260153.76,20-Aug-2026,4971,INE655A01013
UGARSUGAR,EQ,51.4,57.64,50.76,56.07,56.78,50.41,3789593,209898051.39,20-Aug-2026,27823,INE071E01023
WIPL,EQ,170,170,164.32,164.32,164.32,168.98,2869,480028.00,20-Aug-2026,46,INE215F01023
THEJO,EQ,2130,2246.4,2062.3,2101.2,2097,2124.6,36102,78431150.40,20-Aug-2026,4165,INE121N01019
THEMISMED,EQ,106.4,106.4,102.01,102.77,102.97,104.21,68545,7126938.85,20-Aug-2026,882,INE083B01024
THERMAX,EQ,4025,4066,4025,4034,4041,4025.5,59596,240902807.10,20-Aug-2026,12130,INE152A01029
THESL,ST,18.75,19.65,18,19.6,19.6,18.75,15000,282000.00,20-Aug-2026,5,INE0SHE01019
TIRUMALCHM,EQ,144.44,157.8,144.44,156.41,156.2,144.28,1691648,255929463.19,20-Aug-2026,19204,INE338A01024
THOMASCOOK,EQ,100.5,103.5,100.5,101.58,103,100.55,811291,82407497.12,20-Aug-2026,5469,INE332A01027
THOMASCOTT,EQ,293.55,295.3,288.2,290.9,292,288.8,36101,10537851.75,20-Aug-2026,1680,INE480M01011
THYROCARE,EQ,586.9,590,564.05,566.7,567,582.5,682087,391796747.65,20-Aug-2026,34007,INE594H01019
TIGERLOGS,EQ,29.13,29.86,29,29.41,29.5,28.98,450232,13235884.64,20-Aug-2026,1057,INE906O01029
TIJARIA,EQ,6.12,6.29,5.62,5.79,5.75,6.12,209055,1240377.16,20-Aug-2026,384,INE440L01017
TIL,BE,228.9,235,226.65,231.6,231.4,227,109868,25322440.75,20-Aug-2026,513,INE806C01018
TI,EQ,576.45,586.3,575,582.45,585,573.85,683273,396266368.30,20-Aug-2026,31104,INE133E01013
TIMETECHNO,EQ,190.95,194.75,190.95,191.63,192.25,190.89,3015407,582314533.53,20-Aug-2026,25804,INE508G01029
TIMESCAN,SM,38.95,39.4,38.95,39.25,39,40.95,16000,627000.00,20-Aug-2026,7,INE0IJY01014
TIMEX,EQ,562.95,594.9,560.1,591.05,591,563,582819,340040192.05,20-Aug-2026,22971,INE064A01026
TIMKEN,EQ,3230,3250,3170,3176.3,3170,3231.8,14938,47886012.40,20-Aug-2026,4598,INE325A01013
TINNARUBR,EQ,1053.9,1059.7,1040,1047.4,1040.9,1049.4,20782,21792025.20,20-Aug-2026,1900,INE015C01016
TIPSFILMS,EQ,349.75,375.9,349.75,359.15,356.1,349.75,8637,3131861.65,20-Aug-2026,746,INE0LQS01015
TIPSMUSIC,EQ,650.1,657,647,651.05,650,651.7,166210,108343224.85,20-Aug-2026,14490,INE716B01029
TIRUPATIFL,BE,66.5,67,64.36,66.38,66.25,64.88,111952,7375320.29,20-Aug-2026,545,INE319Y01024
TITAGARH,EQ,839,858.8,837.7,849.3,850,831.75,565109,479945494.00,20-Aug-2026,22009,INE615H01020
TITAN,EQ,5084.9,5110,5060.1,5068,5068,5068,614435,3124421167.10,20-Aug-2026,53541,INE280A01028
TOKYOPLAST,EQ,77.1,79.78,77.1,77.5,77.5,77.01,951,73788.86,20-Aug-2026,19,INE932C01012
TOLINS,EQ,96.35,97.1,95.81,96.27,96.5,95.95,27595,2663077.79,20-Aug-2026,744,INE0RWQ01014
TORNTPHARM,EQ,5044.5,5044.5,4964.5,5005,5005,5013,244562,1222425897.00,20-Aug-2026,26353,INE685A01028
TORNTPOWER,EQ,1255,1255,1238.9,1248.7,1246,1243.7,231776,288673791.40,20-Aug-2026,15960,INE813H01021
TOTAL,EQ,70.43,72.99,69.61,71.39,71,70.43,13924,995647.33,20-Aug-2026,258,INE336X01012
TOUCHWOOD,EQ,63.24,63.24,61.7,61.8,61.8,61.71,474,29663.42,20-Aug-2026,22,INE486Y01013
TFCILTD,EQ,133.25,134.92,127.1,132.76,133.8,131.41,27831241,3662706905.30,20-Aug-2026,61591,INE305A01023
TOYAMSL,EQ,0.68,0.68,0.65,0.66,0.67,0.66,381834,255068.83,20-Aug-2026,201,INE457P01020
TPLPLASTEH,EQ,79.8,79.99,77.24,78.31,78.05,78.89,140586,11090420.03,20-Aug-2026,1512,INE413G01022
TRACXN,EQ,27.92,28.53,27.92,28.28,28.3,28.23,129303,3645226.20,20-Aug-2026,938,INE0HMF01019
TARIL,EQ,293,294.15,284,285.15,286,291.25,1531697,441814578.90,20-Aug-2026,27869,INE763I01026
TRANSCOR,EQ,25.25,25.25,23.6,24.75,24.84,24.64,1549,37507.06,20-Aug-2026,38,INE330E01023
TREL,EQ,26.86,27.75,26.25,26.93,27.3,26.86,90855,2424637.29,20-Aug-2026,626,INE0O3901029
TRANSPEK,BE,1220,1248.5,1200,1244.5,1244,1189.4,3774,4654352.20,20-Aug-2026,305,INE687A01016
TCI,EQ,907.8,913.4,905,906.55,905.2,907.8,4924,4468562.00,20-Aug-2026,897,INE688A01022
TRANSRAILL,EQ,459.25,464.6,459.1,459.85,459.4,457.6,221645,102343021.50,20-Aug-2026,7586,INE454P01035
TRANSTEEL,SM,84,89.9,83.4,89.2,89,83,52000,4515900.00,20-Aug-2026,46,INE0NVI01020
TFL,EQ,11.67,11.67,11.21,11.3,11.44,11.41,3580,40500.76,20-Aug-2026,31,INE804H01012
TRANSWIND,SM,13.15,13.15,12.5,12.5,12.5,13.15,40000,523400.00,20-Aug-2026,4,INE792X01016
TRANSWORLD,BE,173.21,173.21,173.21,173.21,173.21,164.97,18200,3152422.00,20-Aug-2026,64,INE757B01015
TRAVELFOOD,EQ,1311.1,1330.3,1305.1,1316.2,1316,1321.7,40731,53578787.10,20-Aug-2026,6737,INE103V01028
TREEHOUSE,EQ,6.27,6.27,5.86,6.22,6.13,6.08,4995,30808.43,20-Aug-2026,57,INE040M01013
TREJHARA,EQ,164.99,167,158.1,159.13,158.5,162.56,12883,2075814.82,20-Aug-2026,326,INE00CA01015
TRENT,EQ,2960,2978,2947.1,2970,2970,2953,325293,964443580.50,20-Aug-2026,23342,INE849A01020
TRF,EQ,229.19,233,229.14,231.15,229.5,229.05,8528,1969364.05,20-Aug-2026,449,INE391D01019
TBZ,EQ,251.05,251.5,248,248.85,249,248.05,267092,66673968.25,20-Aug-2026,3599,INE760L01018
TRIDENT,EQ,24.76,24.95,24.55,24.63,24.6,24.49,2541012,62817491.69,20-Aug-2026,10213,INE064C01022
TECHLABS,SM,117,120.3,116.1,118,117,117.85,28750,3404943.75,20-Aug-2026,67,INE0QD201012
TRIGYN,EQ,55,55.59,54.32,54.97,55.25,54.7,22000,1207858.51,20-Aug-2026,1269,INE948A01012
TRITONV,EQ,1199.8,1199.8,1151.2,1173.5,1168.3,1179.7,4875,5745435.80,20-Aug-2026,686,INE440G01017
TRIVENI,EQ,294.12,314.9,288.61,300.05,299.35,289.23,5176199,1569037973.38,20-Aug-2026,72788,INE256C01024
TRITURBINE,EQ,569.65,586.05,569.65,580.05,581,569.65,439834,255387601.00,20-Aug-2026,35772,INE152M01016
TROM,SM,56.5,59.25,56.45,59.1,59.2,53.9,24000,1404450.00,20-Aug-2026,38,INE0SYV01018
TRUALT,EQ,474.95,474.95,460,462.6,464.25,472,166763,77846418.45,20-Aug-2026,4725,INE0MWH01014
TRU,EQ,4.36,4.52,4.15,4.19,4.15,4.3,173428,748103.59,20-Aug-2026,406,INE615R01029
TRUST,SM,25.5,26.25,24.95,24.95,24.95,24.5,11400,291030.00,20-Aug-2026,17,INE0SWN01019
TSC,ST,50.75,51,47.6,47.6,47.6,50,6000,298700.00,20-Aug-2026,3,INE16VK01010
TSFINV,EQ,414.7,427.5,414.5,424.7,425,414.7,47263,20011716.80,20-Aug-2026,2732,INE202Z01029
TTKHLTCARE,EQ,1093.6,1103.7,1075,1082.1,1079,1099.1,13495,14655898.60,20-Aug-2026,2227,INE910C01018
TTKPRESTIG,EQ,585.1,597.85,582.65,592.65,597.8,585.1,54789,32496817.05,20-Aug-2026,4357,INE690A01028
TIINDIA,EQ,2949.4,2967.6,2910.2,2930,2930,2961,203143,596373421.00,20-Aug-2026,21035,INE974X01010
TUNWAL,SM,26.15,26.5,26.15,26.2,26.25,26,34000,892900.00,20-Aug-2026,14,INE0OXV01027
TURTLEMINT,EQ,146,146.5,141.5,144.6,144.9,138.92,2111610,304993286.01,20-Aug-2026,16185,INE0OC301013
TUTIALKA,EQ,54.5,55.99,53,53.33,53,55.62,13799,746818.56,20-Aug-2026,165,INE400A01014
TVTODAY,EQ,115.1,118.78,115.06,116.63,116.15,117.41,23941,2791451.97,20-Aug-2026,599,INE038F01029
TVVISION,BE,4.12,4.12,3.75,3.75,3.75,3.94,55641,212261.66,20-Aug-2026,93,INE871L01013
TVSELECT,EQ,446.95,446.95,440,443.35,444.65,438.95,24082,10687980.50,20-Aug-2026,1076,INE236G01019
TVSHLTD,EQ,14055,14143,13910,13968,13960,13946,3459,48518087.00,20-Aug-2026,1256,INE105A01035
TVSMOTOR,EQ,4383.9,4408,4356.1,4390,4390,4361.1,463670,2033923778.50,20-Aug-2026,29576,INE494B01023
TVSMNCRPS,P1,10.6,10.6,10.5,10.55,10.55,10.55,358503,3779652.20,20-Aug-2026,361,INE494B04019
TVSSRICHAK,EQ,4817.1,5050,4817.1,4922.7,4940,4821.8,59206,291809373.40,20-Aug-2026,11362,INE421C01016
TVSSCS,EQ,121.14,124.52,121,123.33,123.1,120.84,382985,47253432.26,20-Aug-2026,8713,INE395N01027
TICL,BE,9.7,9.92,9.5,9.84,9.92,9.64,23229,226553.31,20-Aug-2026,57,INE388G01026
UPHOT,EQ,1445,1448,1445,1448,1448,1448,12,17346.00,20-Aug-2026,3,INE726E01014
UYFINCORP,BE,20.8,21.09,20,20.22,20.35,20.22,73001,1498890.65,20-Aug-2026,209,INE152C01025
UCAL,BE,147.9,147.9,138.88,140.77,139.95,146.18,31798,4439647.54,20-Aug-2026,332,INE139B01016
1050UCL28,NH,1033.69,1033.7,1033.69,1033.7,1033.7,1009,200,206738.70,20-Aug-2026,2,INE583D07596
UCOBANK,EQ,25.7,25.94,25.7,25.81,25.8,25.68,1587371,41052243.41,20-Aug-2026,6855,INE691A01018
UDAYJEW,EQ,144.22,149.5,115.04,138.9,145.5,143.8,5762,813555.74,20-Aug-2026,232,INE551B01012
USK,EQ,21.95,22.34,21.42,21.49,21.45,21.95,19983,431599.18,20-Aug-2026,157,INE0N0Y01013
UFLEX,EQ,618,624.25,606.4,611.05,610,620.95,335895,206958187.00,20-Aug-2026,10886,INE516A01017
UFO,EQ,67,67,64.82,66.19,66.05,64.82,22455,1476626.35,20-Aug-2026,363,INE527H01019
UGROCAP,EQ,88.63,89.62,86.81,87.03,87,88.18,345952,30334454.62,20-Aug-2026,3759,INE583D01011
UEL,EQ,190.76,190.76,190.76,190.76,190.76,200.8,6358,1212852.08,20-Aug-2026,248,INE899L01030
UJJIVANSFB,EQ,72.55,73.94,71.52,71.93,71.7,71.8,23704583,1724513852.81,20-Aug-2026,72455,INE551W01018
ULTRAMAR,EQ,397.3,424,395.55,419.2,418,399.05,163816,67908680.75,20-Aug-2026,6317,INE405A01021
ULTRACEMCO,EQ,11500,11643,11422,11575,11575,11450,209955,2422984152.00,20-Aug-2026,30028,INE481G01011
UMA,SM,14.8,14.8,14.6,14.6,14.6,14.8,16000,235200.00,20-Aug-2026,4,INE067901012
UMAEXPORTS,BE,22.49,23.25,22.49,22.75,23.15,22.49,47474,1097094.10,20-Aug-2026,89,INE0GIU01018
UMIYA-MRO,EQ,88.55,90.99,88.55,90.66,90.03,88.55,6967,627644.63,20-Aug-2026,34,INE398B01018
TCHF30,NB,1094,1094,1094,1094,1094,1094,20,21880.00,20-Aug-2026,1,INE033L08270
UNICHEMLAB,EQ,515.45,524,512.05,516.55,516.5,512.9,78461,40694376.50,20-Aug-2026,3576,INE351A01035
UNIECOM,EQ,86.83,90.49,86.83,88.64,88.75,86.83,652776,58068859.36,20-Aug-2026,5771,INE00U401027
UNIHEALTH,SM,757.2,757.2,730.1,748.9,748.9,753.45,10500,7820225.00,20-Aug-2026,19,INE0PRF01011
UNIINFO,EQ,11.3,11.76,11.3,11.32,11.32,11.29,223,2581.14,20-Aug-2026,18,INE481Z01011
UNIMECH,EQ,1509,1530.9,1470,1508.3,1499,1498.4,163116,246720801.80,20-Aug-2026,9989,INE0U3I01011
UNIONBANK,EQ,187.93,189.46,184.39,184.68,184.68,186.9,9632097,1797479146.90,20-Aug-2026,38527,INE692A01016
UNIONGOLD,EQ,149.4,153.3,149.4,152.3,152.8,148.9,82730,12651244.00,20-Aug-2026,115,INF582M01KS4
UNIPARTS,EQ,834,834,806.85,810.15,808,820,70088,57215518.15,20-Aug-2026,5400,INE244O01017
UNIENTER,EQ,97.21,97.99,93.5,94.65,94.5,95.49,6123,583187.11,20-Aug-2026,154,INE037A01022
UNITECH,EQ,3.99,3.99,3.92,3.97,3.97,3.95,4419593,17440711.31,20-Aug-2026,2645,INE694A01020
UBL,EQ,1364.6,1367.3,1333,1338.5,1335,1354.8,94218,126308470.80,20-Aug-2026,10887,INE686F01025
UNIDT,BE,227,227,220,225.51,225.4,220.77,1986,442443.71,20-Aug-2026,62,INE961D01019
UFBL,BE,779.3,818.25,779.3,807.5,815,779.3,154770,124900218.20,20-Aug-2026,5924,INE382M01027
UHTL,ST,123.95,123.95,123.95,123.95,123.95,118.05,66000,8180700.00,20-Aug-2026,16,INE0SMR01011
UNITEDTEA,EQ,450,459.6,450,452.9,456.75,451.65,1587,721440.65,20-Aug-2026,145,INE458F01011
UNITEDPOLY,BE,35.7,36.99,34.5,36.26,36.9,35.23,92650,3313980.66,20-Aug-2026,192,INE368U01029
UNITDSPR,EQ,1530,1546.9,1517.2,1544,1544,1524,965600,1483772328.10,20-Aug-2026,34576,INE854D01024
UNIVASTU,BE,159.65,176.45,159.65,172.45,172.9,168.05,290973,48282626.24,20-Aug-2026,1496,INE562X01013
UNIVCABLES,EQ,1662,1687,1635,1644.2,1639,1662,68034,112800844.70,20-Aug-2026,6414,INE279A01012
UNIVPHOTO,BE,456.25,456.3,442.5,451.95,455,456.2,403,181314.75,20-Aug-2026,48,INE03V001013
UNOMINDA,EQ,1278.3,1282.6,1260.5,1260.5,1260.5,1272,448426,571452416.90,20-Aug-2026,18485,INE405E01023
915SCL26,NE,1079,1079,1076,1076,1076,1075,125,134575.00,20-Aug-2026,3,INE148I08256
IIFLZC28,NG,1663.11,1665,1660,1660,1660,1662.69,210,349131.10,20-Aug-2026,3,INE530B08110
10IIFL28A,NE,1040.05,1040.05,1039,1039,1039,1040.05,20,20790.50,20-Aug-2026,2,INE530B08094
96IIFL28A,NF,1003,1003,1000,1000.94,1000.99,1002,4941,4942510.65,20-Aug-2026,49,INE530B08102
889SCL28,NU,1050,1050,1050,1050,1050,1050,20,21000.00,20-Aug-2026,1,INE148I08322
IIFLZC28C,N6,1595.8,1595.8,1594,1595.8,1595.8,1595.8,118,188124.40,20-Aug-2026,3,INE477L08162
10IIFL28,N4,1004,1004,1004,1004,1004,1004,181,181724.00,20-Aug-2026,5,INE477L08147
96IIFL28,N5,1001.48,1001.48,999.21,1001.16,1001,1001,710,710473.25,20-Aug-2026,15,INE477L08154
105IIFL29,N7,1098,1098,1098,1098,1098,1060,60,65880.00,20-Aug-2026,1,INE866I08295
885TCAPS29,NC,1044.75,1044.75,1044.74,1044.74,1044.74,1020,30,31342.40,20-Aug-2026,3,INE306N08342
910TCAP28,NA,1110,1130,1110,1120.89,1120.89,1111,35,39168.40,20-Aug-2026,5,INE306N08292
UDS,EQ,219,221.09,210.2,212.75,212,216.63,303194,65298708.99,20-Aug-2026,10204,INE851I01011
UPL,EQ,569.1,575.2,568.2,571.9,571.9,568,2830644,1620972891.15,20-Aug-2026,46192,INE628A01036
USASEEDS,SM,91.5,91.5,91.5,91.5,91.5,92.4,1712,156648.00,20-Aug-2026,1,INE0CBM01019
URAVIDEF,BE,102.5,108.68,102,108.2,108.39,103.51,6022,645607.98,20-Aug-2026,135,INE568Z01015
URBANCO,EQ,148,150.7,145,145.49,145.38,147.83,5120359,757055532.80,20-Aug-2026,37533,INE0CAZ01013
URBAN,SM,147,147.3,144,144,144,144.25,42400,6160360.00,20-Aug-2026,37,INE0O0201019
URJA,EQ,9.3,9.4,9.3,9.32,9.34,9.3,371644,3475559.75,20-Aug-2026,1442,INE550C01020
USHAFIN,SM,45.8,45.95,44,44,44,44,11200,508080.00,20-Aug-2026,5,INE0LS001014
UMESLTD,EQ,5.8,6.06,5.76,5.96,6.06,5.8,20066,117985.84,20-Aug-2026,61,INE240C01028
USHAMART,EQ,504.05,507,489.7,495.65,494.7,501.55,639709,317644322.10,20-Aug-2026,18367,INE228A01035
UTIAMC,EQ,892.55,899.9,892.55,896.5,897.4,892.45,50826,45552462.05,20-Aug-2026,5331,INE094J01016
LIQUIDBETA,EQ,1009.78,1009.78,1004.91,1004.91,1004.91,1004.76,3,3019.69,20-Aug-2026,3,INF789F1AG68
BANKBETA,EQ,59.6,59.75,59.47,59.48,59.48,59.23,20815,1240848.18,20-Aug-2026,248,INF789F1AUV1
GILT10BETA,EQ,26.93,26.94,26.41,26.87,26.87,26.8,588,15713.23,20-Aug-2026,19,INF789F1AZF3
GILT5BETA,EQ,65.9,66.89,65.9,66.34,66.34,65.85,6122,406086.67,20-Aug-2026,9,INF789F1AZE6
ITBETA,EQ,319.72,325.37,319.72,323.34,323.34,322.95,1344,435366.44,20-Aug-2026,35,INF789F1AZD8
MIDCAPBETA,EQ,236.29,237.73,236.02,236.37,236.02,236,3740,885131.47,20-Aug-2026,24,INF789F1AYX9
NEXT50BETA,EQ,80.27,80.54,79.45,79.91,80.1,79.84,81117,6497162.18,20-Aug-2026,491,INF789F1AUW9
NIFTYBETA,EQ,274.14,274.14,267.63,269.39,269.75,267.46,221393,59617437.96,20-Aug-2026,346,INF789F1AZC0
SENSEXBETA,EQ,863.42,863.42,856.1,861.25,861.74,863.42,8199,7041158.37,20-Aug-2026,166,INF789FB1X58
SILVERBETA,EQ,224.9,229.11,224.9,227.73,227,218.66,1032971,235597410.57,20-Aug-2026,6903,INF789F1AYK6
SNXT50BETA,EQ,96.76,97.3,95.35,96.63,96.68,96.28,4091,394244.60,20-Aug-2026,94,INF789F1AUU3
GOLDBETA,EQ,131.25,131.6,130.75,131.15,131.15,128,647736,85000288.85,20-Aug-2026,2440,INF789F1AUX7
UTKAL,SM,53.55,55.3,53.55,55.3,55.3,53.8,20000,1090500.00,20-Aug-2026,10,INE1V1R01014
UTKARSHBNK,EQ,13.93,14,13.88,13.92,13.9,13.88,2091696,29171689.01,20-Aug-2026,3493,INE735W01017
UTSSAV,ST,501,501,460.05,468.75,470,478.05,30000,14186190.00,20-Aug-2026,38,INE06IJ01010
UTTAMSUGAR,EQ,303.09,344,301.85,336.22,335.9,300.99,2301215,749856664.53,20-Aug-2026,49034,INE786F01031
VMARCIND,SM,390.9,400,381.5,386.6,384,386.45,321000,126424050.00,20-Aug-2026,209,INE0GXK01018
VTMLTD,EQ,46.06,47,44.5,46.17,46.05,46.34,31479,1447738.00,20-Aug-2026,219,INE222F01029
VGUARD,EQ,338,338.25,332.7,336.85,336,333.35,349617,117185448.65,20-Aug-2026,9469,INE951I01027
VLINFRA,SM,25.85,25.85,25.85,25.85,25.85,26.65,1500,38775.00,20-Aug-2026,1,INE0QXL01015
V2RETAIL,EQ,221.94,226.3,219.11,220.05,220.9,220.27,889076,198173439.31,20-Aug-2026,13182,INE945H01021
WABAG,EQ,1988,2068,1977.3,2057.9,2055,1977.3,1397595,2855868677.70,20-Aug-2026,64317,INE956G01038
VADILENT,EQ,10352,10352,9401,9700,9700,10100,8,78245.00,20-Aug-2026,8,INE693D01018
VADILALIND,EQ,7385,7528,7350.5,7402,7400,7401.5,33931,252428811.00,20-Aug-2026,6386,INE694D01016
VSCL,SM,21,21,20.65,20.65,20.65,21.65,6000,124950.00,20-Aug-2026,2,INE551Q01028
VAIBHAVGBL,EQ,225,232.5,223.05,226.85,228.4,221,421520,96200489.75,20-Aug-2026,7400,INE884A01027
MADHAVBAUG,ST,166,166,165.9,165.95,165.9,165.5,800,132760.00,20-Aug-2026,2,INE0JR301013
VAISHALI,EQ,8.42,8.45,7.92,7.95,7.99,8.25,223296,1812774.93,20-Aug-2026,393,INE972X01022
VAKRANGEE,EQ,5.83,5.85,5.75,5.82,5.8,5.78,766557,4444239.82,20-Aug-2026,1265,INE051B01021
VALIANTLAB,EQ,94.8,95,88.4,91.66,91.5,91.96,295912,27386870.32,20-Aug-2026,1927,INE0JWS01017
VALIANTORG,BE,312.85,323.7,303.55,310.95,311,316.55,33057,10448524.05,20-Aug-2026,401,INE565V01010
DBREALTY,EQ,102.3,106.05,98.02,104.7,105.84,101.79,3830787,392686598.80,20-Aug-2026,25188,INE879I01012
VALUE360,SM,78,81.95,76,76.65,76.65,78,26400,2074200.00,20-Aug-2026,18,INE1E7Y01018
VARDHACRLC,BE,44.48,44.48,43.98,44.2,44.11,43.98,34657,1528985.17,20-Aug-2026,142,INE116G01013
VHL,EQ,3402,3524.9,3402,3510,3522.9,3412.4,502,1753739.80,20-Aug-2026,154,INE701A01023
VARDMNPOLY,EQ,6,6.23,6,6.14,6.2,6.12,113754,697068.00,20-Aug-2026,290,INE835A01029
VSSL,EQ,362,362.1,350,356,357,358.65,110166,39068660.85,20-Aug-2026,4624,INE050M01012
VTL,EQ,596.15,603.85,593.55,600.5,600.95,596.15,105812,63491680.25,20-Aug-2026,8127,INE825A01020
VARROC,EQ,830.7,843.8,819.1,824.25,825,830.9,192941,160291016.10,20-Aug-2026,13156,INE665L01035
VBL,EQ,436,440.7,433.85,438.3,438.3,431.85,2004715,879308537.10,20-Aug-2026,35297,INE200M01039
VGL,EQ,58.7,59.5,56,58.09,58.5,58.06,25230,1448410.40,20-Aug-2026,348,INE273D01027
DENTALKART,SM,398.7,401,390,400,400,396.75,41250,16418537.50,20-Aug-2026,126,INE0N5801013
VASCONEQ,EQ,31.06,31.26,30.7,30.74,30.9,30.93,202724,6268875.81,20-Aug-2026,1047,INE893I01013
VASWANI,EQ,48,48.46,46.15,46.62,46.7,48.36,135779,6436308.39,20-Aug-2026,1022,INE590L01019
VCL,BE,2.03,2.03,2.03,2.03,2.03,1.94,2112624,4288626.72,20-Aug-2026,259,INE098201036
1025VCCL28,N0,95600,95600,95600,95600,95600,95600,1,95600.00,20-Aug-2026,1,INE04HY07294
115VCCL31,N0,97500,97500,97500,97500,97500,98000,1,97500.00,20-Aug-2026,1,INE04HY07393
116VCCL27,N0,99755.97,99755.97,99755.97,99755.97,99755.97,100114.8,8,798047.76,20-Aug-2026,1,INE04HY07310
118VCCL27A,N0,96000,96000,96000,96000,96000,100000,1,96000.00,20-Aug-2026,1,INE04HY07302
118VCCL27B,N0,97000,97000,97000,97000,97000,97000,2,194000.00,20-Aug-2026,2,INE04HY07336
12VCCL27A,N0,99040.14,99040.14,99040.14,99040.14,99040.14,99949.99,1,99040.14,20-Aug-2026,1,INE04HY07179
12VCCL29B,N0,99989.99,99989.99,99989.99,99989.99,99989.99,98500,1,99989.99,20-Aug-2026,1,INE04HY07229
125VCCL31,N0,98449,98449,98449,98449,98449,97999,1,98449.00,20-Aug-2026,1,INE04HY08011
12VCCL29A,N0,99010,99010,99010,99010,99010,99000,1,99010.00,20-Aug-2026,1,INE04HY07203
115VCCL31A,N0,9712,9712,9712,9712,9712,9712,5,48560.00,20-Aug-2026,1,INE04HY07401
VDEAL,SM,157,164.9,152,153.4,155,156.4,5400,837510.00,20-Aug-2026,9,INE0U2M01015
MANYAVAR,EQ,544,550.65,536.5,547.35,547.25,542.6,374440,203986472.30,20-Aug-2026,16704,INE825V01034
VAML,EQ,439.5,445.4,435.1,435.75,436.15,436.2,5001851,2201027294.60,20-Aug-2026,59302,INE1CDF01017
VISL,EQ,36.68,37.2,36,36.2,36.5,36.11,24465120,895853513.62,20-Aug-2026,57730,INE1CLE01013
VEDL,EQ,265.2,271.95,265.2,268,268,262.6,9569566,2574201872.00,20-Aug-2026,64335,INE205A01025
VOGL,EQ,36.4,37.1,36.03,36.69,36.77,36.08,17796931,652892639.57,20-Aug-2026,34996,INE704J01044
VEDPOWER,EQ,36.09,36.4,35.65,36.04,36.02,35.87,14747662,531280714.64,20-Aug-2026,74391,INE694L01019
VEDAVAAG,EQ,18.41,18.94,18.06,18.47,18.41,18.47,45864,848301.71,20-Aug-2026,108,INE359B01010
VEEDOL,EQ,1542,1542,1503,1510.4,1503,1517.8,6958,10569117.10,20-Aug-2026,843,INE484C01030
VEEKAYEM,SM,108.3,108.3,108.3,108.3,108.3,114,2000,216600.00,20-Aug-2026,3,INE0KTW01013
VELJAN,BE,1750.3,1860,1750.3,1840.6,1800.1,1800.6,697,1267955.80,20-Aug-2026,76,INE232E01013
VENKEYS,EQ,1510,1557,1499.1,1512,1515,1502.2,25417,38492820.80,20-Aug-2026,1808,INE398A01010
VENTIVE,EQ,587,588,571,574.5,577.9,586.75,43014,24907007.50,20-Aug-2026,2771,INE781S01027
VENUSPIPES,EQ,1564,1564,1538.1,1540.9,1540,1549.4,128904,199918151.50,20-Aug-2026,8267,INE0JA001018
VENUSREM,BE,1750.1,1783.9,1681.4,1765.6,1769.9,1769.8,34500,59898575.10,20-Aug-2026,1280,INE411B01019
VERANDA,EQ,236.9,265.85,236,255.9,257,233.7,9972226,2587169497.65,20-Aug-2026,98193,INE0IQ001011
VERTEXPLUS,SM,50.4,50.4,50.4,50.4,50.4,50.4,1800,90720.00,20-Aug-2026,2,INE0NLB01018
VERTIS,IV,117,117,117,117,117,117,50000,5850000.00,20-Aug-2026,2,INE0KXY23015
VERTOZ,BE,35.89,36,35.21,35.68,35.9,35.84,20963,750246.51,20-Aug-2026,200,INE188Y01031
VESUVIUS,EQ,435,436.85,428.6,429.3,430,433.65,48372,20902005.45,20-Aug-2026,1869,INE386A01023
VETO,BE,123.9,126.5,122,124.97,125.87,122.51,41126,5130956.18,20-Aug-2026,261,INE918N01018
VIAZ,SM,69.9,69.9,69.8,69.8,69.8,67,6000,419000.00,20-Aug-2026,3,INE0MO401019
VSTL,EQ,106.39,109,105.5,108.94,109,106.39,11961,1294735.83,20-Aug-2026,250,INE0QTF01015
VGCL,EQ,60.7,60.7,58.95,59.85,59.85,57.92,1700,101393.44,20-Aug-2026,19,INE761Q01015
VHLTD,BE,125.05,125.06,118.52,119.13,118.52,133.11,191972,23646971.47,20-Aug-2026,515,INE048C01025
VICTORYEV,ST,16.25,16.3,16.25,16.3,16.3,16.25,6000,97650.00,20-Aug-2026,2,INE0F8901022
VIDHIING,EQ,318.8,324.8,313.35,319.5,323.9,315.7,18525,5930293.20,20-Aug-2026,908,INE632C01026
VIDYAWIRES,EQ,89,89.73,87.21,87.4,87.47,88.25,558168,49172550.50,20-Aug-2026,4420,INE14UN01029
VIGOR,ST,87.55,89.8,87.55,89.8,89.8,89,14400,1277520.00,20-Aug-2026,9,INE1DM601016
VIJSOLX,EQ,706,706,701.05,701.05,701.05,706,150,105730.40,20-Aug-2026,26,INE362D01010
VIJAYA,EQ,1495,1509.9,1486.2,1498.4,1500,1490,54963,82210532.30,20-Aug-2026,8711,INE043W01024
VIJAYPD,SM,59.8,59.8,57.2,57.2,57.2,57.65,4000,234000.00,20-Aug-2026,2,INE0WL901019
VIJIFIN,BE,13.39,13.39,13.39,13.39,13.39,13.13,82604,1106067.56,20-Aug-2026,44,INE159N01027
VIKASECO,EQ,1.08,1.1,1.08,1.08,1.09,1.08,1404787,1528240.32,20-Aug-2026,883,INE806A01020
VIKASLIFE,EQ,1.21,1.21,1.2,1.2,1.21,1.21,1800262,2167314.99,20-Aug-2026,8243,INE161L01027
VIKRAMSOLR,EQ,171.8,175.9,169.84,171.99,172.23,170.84,3958094,684770059.61,20-Aug-2026,31701,INE078V01014
VIKRAN,EQ,60.91,63.45,60.91,62.62,62.8,60.78,1665930,103906636.65,20-Aug-2026,7591,INE01R501028
VILAS,SM,354,360,350.55,352.05,352,354.25,19000,6764837.50,20-Aug-2026,64,INE0AZY01017
VILINBIO,SM,41.1,41.1,41.1,41.1,41.1,42.5,4000,164400.00,20-Aug-2026,1,INE0L4V01013
VIMTALABS,EQ,625,650,622.15,640.4,641.5,621.65,218903,140360295.00,20-Aug-2026,9841,INE579C01029
VINATIORGA,EQ,1349.9,1349.9,1321.1,1330.5,1327,1326.7,31879,42557699.30,20-Aug-2026,4176,INE410B01037
VINDHYATEL,EQ,2459,2498,2421.9,2436,2450,2438.8,19015,46379020.10,20-Aug-2026,2589,INE707A01012
VINEETLAB,EQ,37.8,39.45,37.06,38.49,38.29,37.74,95196,3635355.26,20-Aug-2026,982,INE505Y01010
VMOBILE,SM,60.9,64.9,60.9,62.7,62.7,63.4,4800,302000.00,20-Aug-2026,5,INE27V201011
VINNY,EQ,1.07,1.07,1.05,1.06,1.07,1.06,242645,256797.11,20-Aug-2026,101,INE01KI01027
VINSYS,ST,600,600,590,590,590,585.7,3000,1791925.00,20-Aug-2026,12,INE0OSJ01014
VINCOFE,EQ,154.15,154.9,151.4,152.82,153.4,152.91,1565218,238952260.55,20-Aug-2026,13451,INE498Q01014
VINYAS,SM,1532,1535.05,1466,1475.05,1466.3,1526.25,6900,10266530.00,20-Aug-2026,63,INE0OLS01010
VINYLINDIA,EQ,240.9,240.9,234.16,234.78,234.2,235.75,7259,1717703.17,20-Aug-2026,461,INE250B01029
VIPCLOTHNG,EQ,21.35,21.35,21,21.11,21.11,20.81,39223,830240.24,20-Aug-2026,137,INE450G01024
VIPIND,EQ,312,313,298.95,302.6,304.3,310.8,768509,232706416.10,20-Aug-2026,10944,INE054A01027
VIPULLTD,BE,15.46,15.46,15.46,15.46,15.46,15.16,36944,571154.24,20-Aug-2026,55,INE946H01037
VIRAT,EQ,333.95,342.5,321.2,334.75,336.75,333.95,1032,345504.55,20-Aug-2026,25,INE467D01017
VIRINCHI,EQ,15.59,15.59,14.99,15.16,15.05,15.02,38065,576539.79,20-Aug-2026,158,INE539B01017
VGINFOTECH,SM,150.9,151,147.1,149.95,151,148.9,21000,3126900.00,20-Aug-2026,21,INE0VRH01015
VIRTUALG,EQ,0.45,0.51,0.44,0.51,0.51,0.43,1278374,615872.46,20-Aug-2026,382,INE247C01023
VOEPL,EQ,499,500.05,478.6,485.55,485,494.35,30463,14824986.20,20-Aug-2026,1149,INE0I0T01010
VISACHROME,EQ,38.49,38.49,36.3,36.52,36.89,37.78,13563,498424.27,20-Aug-2026,109,INE286H01012
VIVIDHA,EQ,0.55,0.56,0.53,0.54,0.55,0.54,274027,149620.47,20-Aug-2026,207,INE370E01029
VISAKAIND,EQ,94,97.5,93.76,96.05,96.22,93.29,183084,17403344.02,20-Aug-2026,1667,INE392A01021
VISDEM,SM,83.5,84,83.5,84,84,82.15,2400,201000.00,20-Aug-2026,2,INE0OWX01025
VISHAL,EQ,18.5,18.99,18.07,18.49,18.52,18.06,35959,665764.97,20-Aug-2026,584,INE755Q01025
VMM,EQ,103.63,104.35,102.6,102.6,102.6,103.4,12835229,1322638844.48,20-Aug-2026,38916,INE01EA01019
VISHNU,EQ,623.25,630.7,621.2,625.2,625.4,622.1,45708,28588959.60,20-Aug-2026,2514,INE270I01022
VPRPL,EQ,34.5,34.84,33.05,33.52,33.7,33.4,241919,8207077.65,20-Aug-2026,2466,INE0AE001013
VISHNUINFR,SM,148.7,148.7,148.7,148.7,148.7,155,500,74350.00,20-Aug-2026,1,INE0PQ001012
VISHWARAJ,EQ,5.64,5.86,5.56,5.76,5.75,5.5,2968868,16928389.40,20-Aug-2026,2812,INE430N01022
VIESL,SM,305,316.2,303.1,311.2,313.7,304.7,35200,10926200.00,20-Aug-2026,42,INE0TR001017
VITAL,BE,50.03,52.52,48.1,52.33,52.52,50.03,10423,536210.92,20-Aug-2026,32,INE0L4K01016
VIVIANA,BE,685.3,714,685,705,711.9,690.25,18579,12870277.65,20-Aug-2026,364,INE0MEG01014
VIVIDEL,ST,1500,1590,1500,1571,1560,1543.4,5760,8975988.00,20-Aug-2026,23,INE24H301028
VIVIMEDLAB,BE,5.93,5.95,5.6,5.95,5.95,5.67,132367,784772.19,20-Aug-2026,215,INE526G01021
VIVOBIOT,EQ,18.65,20.44,18.65,19.29,19.3,19.05,36236,695120.55,20-Aug-2026,130,INE380K01017
VIVO,ST,157,157,157,157,157,149.9,3200,502400.00,20-Aug-2026,2,INE0IA701014
VIYASH,EQ,272,272.25,265.1,265.85,266,271.4,1454866,391534623.75,20-Aug-2026,22840,INE807F01027
VLEGOV,BE,9.22,9.53,9.22,9.53,9.53,9.35,166440,1547365.54,20-Aug-2026,85,INE03HW01020
VLSFINANCE,EQ,250.2,254.85,247.9,249.3,249.1,250.7,12553,3146893.90,20-Aug-2026,424,INE709A01018
VMART,EQ,815,815,801.6,806.7,808.4,806.95,59697,48281024.45,20-Aug-2026,6075,INE665J01013
VMSTMT,EQ,48.89,49.44,47.5,48.47,48.95,48.38,26569,1287297.71,20-Aug-2026,300,INE0SJA01013
IDEA,EQ,14.14,14.19,13.93,14.03,14.03,14.07,232109943,3258343255.96,20-Aug-2026,434796,INE669E01016
VOITHPAPR,EQ,1574,1574,1478.3,1517.4,1526,1489,335,507540.30,20-Aug-2026,29,INE285C01015
VOLERCAR,SM,216.9,222.7,216.9,222,222,223.4,48800,10830360.00,20-Aug-2026,7,INE241X01014
VOLTAMP,EQ,10200,10369,10055.5,10313.5,10340,10000,57670,589773338.50,20-Aug-2026,18672,INE540H01012
VOLTAS,EQ,1234,1235.9,1215.6,1219.5,1219.5,1223,1054580,1290170990.80,20-Aug-2026,30746,INE226A01021
VRAJ,EQ,120.95,124,120.95,122.45,123.39,120.84,7073,864757.59,20-Aug-2026,378,INE0S2V01010
VRLLOG,EQ,295,297.85,293.2,295.45,294.4,295.1,98235,29085803.30,20-Aug-2026,6649,INE366I01010
VSTIND,EQ,211.5,213.85,211.34,212.86,213.5,211.33,100010,21241698.31,20-Aug-2026,2633,INE710A01016
VSTTILLERS,EQ,4450,4490,4421,4432.2,4439.8,4442.2,4736,21085008.80,20-Aug-2026,1138,INE764D01017
WHBRADY,EQ,494.1,589.9,477,490.2,490.2,507,409,206777.20,20-Aug-2026,67,INE855A01019
WPIL,EQ,455,468,454,461.5,462.9,452,137426,63200482.20,20-Aug-2026,7888,INE765D01022
WSI,EQ,60.5,61,59,60.47,60.75,60.11,89458,5394125.08,20-Aug-2026,2835,INE100D01014
WAAREEENER,EQ,2699.2,2712,2664.4,2675,2675,2679,444611,1196008437.80,20-Aug-2026,26855,INE377N01017
WAAREERTL,EQ,882.4,887.95,880,880.4,880,881.05,67355,59469341.10,20-Aug-2026,4551,INE299N01021
WAKEFIT,EQ,133,137.2,132.04,136.64,136.55,133.14,1032361,139857925.78,20-Aug-2026,7496,INE0E7301029
WALCHANNAG,EQ,224,228.3,221.02,223.91,224.3,221.86,732638,164514050.30,20-Aug-2026,10326,INE711A01022
WANBURY,EQ,270,273.7,265.25,268.5,266.5,269.55,251816,67813706.05,20-Aug-2026,5082,INE107F01022
WARDINMOBI,EQ,6.3,6.4,6.11,6.17,6.17,6.32,235132,1464367.64,20-Aug-2026,977,INE945P01024
WATERBASE,EQ,49.21,52,48.1,50.22,50.8,49.21,63234,3191793.44,20-Aug-2026,672,INE054C01015
CORDELIA,EQ,820.55,907.75,820.55,907.75,907.75,825.25,700284,614724253.20,20-Aug-2026,22224,INE0LZF01013
1075WCA28,N0,9791.17,9791.17,9791.17,9791.17,9791.17,9598,5,48955.85,20-Aug-2026,1,INE0A3007065
1075WCAP28,N0,99899,99899,99898,99898,99898,99900,5,499491.00,20-Aug-2026,3,INE0A3007057
WEWIN,EQ,47.48,47.49,45.5,46.13,45.5,46.55,1537,71597.58,20-Aug-2026,26,INE082W01014
TWCGOLDETF,EQ,152.8,155.99,152.8,155.32,155.24,151.59,1726,268078.91,20-Aug-2026,218,INF2F0001370
WEALTH,EQ,846.8,875.95,842.1,864.65,860.35,850.95,3817,3278224.00,20-Aug-2026,352,INE658T01017
WEBELSOLAR,EQ,82.72,84.5,82.01,82.85,82.75,82.72,1581836,131804785.64,20-Aug-2026,19347,INE855C01023
WEIZMANIND,EQ,76.46,77.85,74.1,76.01,77.85,75.9,662,50430.72,20-Aug-2026,51,INE080A01014
WELCORP,EQ,1990,2017.5,1968.2,2005.2,2009.1,1973.9,748752,1499060619.50,20-Aug-2026,36112,INE191B01025
WELENT,EQ,580,588.3,574.9,584.65,582.1,579.8,87408,50835268.70,20-Aug-2026,4509,INE625G01013
WELINV,BE,1905,1944.9,1840,1925.8,1875,1905,22593,41839763.90,20-Aug-2026,29,INE389K01018
WELSPUNLIV,EQ,182,191.47,179.67,188.69,188.75,181.24,21775505,4096948075.63,20-Aug-2026,145073,INE192B01031
WELSPLSOL,EQ,48.42,49.68,48,48.41,48,48.28,160537,7771995.08,20-Aug-2026,1447,INE731F01037
WENDT,EQ,7966.5,8174.5,7966,8109.5,8100,7967.5,4181,33770149.50,20-Aug-2026,1158,INE274C01019
WSTCSTPAPR,EQ,615,640.6,615,636.25,634.15,615.05,228397,144845789.25,20-Aug-2026,9273,INE976A01021
WCIL,EQ,86.5,87.5,86,86.58,86,86.09,55213,4792155.78,20-Aug-2026,930,INE0CJF01024
WESTLIFE,EQ,572.35,602,572.3,594.5,590.5,574.45,276447,163284355.40,20-Aug-2026,15930,INE274F01020
WEWORK,EQ,695,695.5,686.6,688.15,686.6,691.65,112770,77943438.90,20-Aug-2026,8199,INE085001019
WHEELS,EQ,1480,1494.7,1450.1,1483.8,1480,1466.1,113279,166641930.80,20-Aug-2026,9037,INE715A01015
WHIRLPOOL,EQ,755.6,780.95,754.4,775.75,775.7,753.45,398043,305908902.40,20-Aug-2026,17052,INE716A01013
WILLAMAGOR,EQ,25.1,25.72,24.5,24.85,24.85,24.52,1880,47283.64,20-Aug-2026,41,INE210A01017
WINDLAS,EQ,970.9,996,950.3,988.2,990,964.95,148500,144242575.35,20-Aug-2026,11252,INE0H5O01029
WINDMACHIN,EQ,318,325,314.8,320.5,325,314.3,306105,97888837.55,20-Aug-2026,2616,INE052A01021
WINNY,SM,33.65,33.7,33.65,33.7,33.7,32.1,1000,33675.00,20-Aug-2026,2,INE0S9101013
WINSOL,SM,115.4,115.4,115.4,115.4,115.4,113.75,800,92320.00,20-Aug-2026,2,INE0S3D01016
WIPRO,EQ,181.56,182.46,180.51,181,181,179.55,5364164,972044920.39,20-Aug-2026,53548,INE075A01022
WTICAB,SM,103.05,107.75,101.65,103.6,103.15,103.05,13500,1408150.00,20-Aug-2026,25,INE623Y01011
WOCKPHARMA,EQ,1844,1852.4,1825,1830.6,1832,1826,258015,473277802.70,20-Aug-2026,18103,INE049B01025
WOMANCART,SM,113.85,116.5,109.7,114.4,115,109.85,80000,9136160.00,20-Aug-2026,157,INE0Q9601016
WEL,EQ,148.4,149.78,132,136.04,133.8,146.26,1505698,213479586.05,20-Aug-2026,10764,INE02WG01024
WONDERLA,EQ,484.9,498.9,480.35,490.1,488,480.95,509660,248770115.20,20-Aug-2026,10636,INE066O01014
WORTHPERI,EQ,152.66,159,152.66,157.85,158,152.59,50138,7862591.64,20-Aug-2026,1880,INE196Y01018
XCHANGING,EQ,61.9,62.19,61.05,61.28,61.05,61.19,42060,2588607.59,20-Aug-2026,700,INE692G01013
XELPMOC,EQ,81.6,81.6,75.5,76.22,76,77.97,35811,2760502.89,20-Aug-2026,417,INE01P501012
XPROINDIA,EQ,1123.4,1139.5,1091.2,1121.1,1124,1106.8,75034,83458671.40,20-Aug-2026,5491,INE445C01015
XTGLOBAL,EQ,29.49,29.49,28.55,28.67,28.98,29.02,40422,1180291.91,20-Aug-2026,296,INE547B01028
XTRANET,EQ,161,166.54,155.61,160.18,160.3,169.11,961012,155387377.49,20-Aug-2026,13007,INE0NG701011
YAAP,SM,138,138.75,138,138,138,138.55,7000,967900.00,20-Aug-2026,7,INE0U0J01015
YASHOPTICS,SM,111.2,111.2,109.5,109.5,109.5,111.2,3200,353160.00,20-Aug-2026,4,INE0TO601017
YASHO,EQ,4500,4500,4230,4284.2,4284.8,4470.8,123163,536653605.80,20-Aug-2026,26639,INE616Z01012
YATHARTH,EQ,849.6,859,844,847.85,848.15,852.35,193401,164545614.80,20-Aug-2026,13189,INE0JO301016
YATRA,EQ,114,116.99,113.1,114.64,114.51,113.35,961985,110854555.07,20-Aug-2026,8108,INE0JR601024
YESBANK,EQ,22.8,22.96,22.73,22.74,22.74,22.74,34376881,784997723.71,20-Aug-2026,62613,INE528G01035
YOGI,EQ,164.5,169.9,160,160,160,164,294,49210.78,20-Aug-2026,9,INE290E01011
YUDIZ,SM,23.3,23.35,22.25,22.95,22.95,22.25,8000,182240.00,20-Aug-2026,9,INE09FA01019
YUKEN,EQ,949,978,934.05,952.35,950,937.9,60793,58179351.85,20-Aug-2026,2831,INE384C01016
ZFSTEERING,EQ,685,685,665.4,668,668,673.75,25700,17200944.40,20-Aug-2026,426,INE116C01012
ZTECH,SM,495,509,490,502.6,504.05,494.85,28800,14409900.00,20-Aug-2026,59,INE0ISZ01012
ZAGGLE,EQ,186.88,199.67,184.01,197.56,198.52,186.04,26112983,5069848089.19,20-Aug-2026,173188,INE07K301024
ZEAL,SM,63,63,60.7,61.75,62,64.05,6600,409830.00,20-Aug-2026,9,INE0PPS01018
ZEEL,EQ,103.2,109.49,102.75,108.03,108.2,102.22,45642965,4899673608.28,20-Aug-2026,138087,INE256A01028
ZEELEARN,BE,7.79,8,7.68,7.75,7.8,7.76,281953,2199507.19,20-Aug-2026,388,INE565L01011
ZEEMEDIA,EQ,9.25,9.5,9.2,9.4,9.41,9.26,4191629,39131758.18,20-Aug-2026,2848,INE966H01019
ZENTEC,EQ,1940,1945,1882.5,1909.1,1910,1932.6,488261,931529858.10,20-Aug-2026,30274,INE251B01027
ZENITHDRUG,SM,42.6,44,42.5,44,44,42.6,6400,273360.00,20-Aug-2026,8,INE0QWN01013
ZENITHEXPO,EQ,217.68,217.68,204,207.24,205,207.32,1071,227075.70,20-Aug-2026,69,INE058B01018
ZENITHSTL,EQ,5.4,5.52,5.3,5.36,5.36,5.4,89484,483756.97,20-Aug-2026,314,INE318D01020
ZENSARTECH,EQ,480.3,493.75,480.3,484.95,484.3,477.85,602002,293924316.95,20-Aug-2026,17558,INE520A01027
GOLDCASE,EQ,24.41,24.61,24.34,24.56,24.55,23.93,10970966,269413832.43,20-Aug-2026,9461,INF0R8F01042
LIQUIDCASE,EQ,115.54,115.56,115.54,115.55,115.56,115.53,11632648,1344131972.69,20-Aug-2026,14139,INF0R8F01034
LTGILTCASE,EQ,30.7,30.7,30.48,30.55,30.49,30.58,51519,1574384.38,20-Aug-2026,138,INF0R8F01133
MID150CASE,EQ,11.93,11.93,11.72,11.77,11.76,11.7,711010,8389612.12,20-Aug-2026,2820,INF0R8F01059
NIFTYCASE,EQ,9.77,9.77,9.7,9.74,9.76,9.67,606633,5907594.92,20-Aug-2026,1312,INF0R8F01166
SILVERCASE,EQ,23.8,24.08,23.8,23.9,23.88,22.97,12583213,301276495.36,20-Aug-2026,7785,INF0R8F01091
SML100CASE,EQ,11.41,11.41,11.23,11.31,11.28,11.19,914092,10335338.32,20-Aug-2026,1151,INF0R8F01141
TOP100CASE,EQ,10.8,10.8,10.48,10.67,10.69,10.59,500622,5341025.93,20-Aug-2026,847,INF0R8F01067
ZFCVINDIA,EQ,2648,2670.1,2618.4,2621.5,2621,2616.9,37817,99740492.60,20-Aug-2026,9315,INE342J01019
ZIMLAB,EQ,120,124.9,117.55,121,119,118.04,92524,11216057.64,20-Aug-2026,2799,INE518E01015
ZODIACLOTH,EQ,74.01,76.36,74.01,74.21,74.89,74.49,5674,425577.95,20-Aug-2026,82,INE206B01013
ZODIAC,EQ,245.3,251.75,238,242.55,242,245.25,12697,3109432.40,20-Aug-2026,878,INE761Y01019
ZOTA,EQ,1115.2,1115.2,1075,1076.7,1077,1114.9,74555,81250994.80,20-Aug-2026,3814,INE358U01012
ZUARI,EQ,225.09,230,223.75,225.89,225.5,225.5,138468,31518395.66,20-Aug-2026,3624,INE840M01016
ZUARIIND,EQ,268.9,287.9,261.85,285.15,287.3,262.1,505086,141552316.05,20-Aug-2026,9158,INE217A01012
ZYDUSLIFE,EQ,1117,1124,1105.8,1107.7,1107.7,1104.5,987960,1099171341.50,20-Aug-2026,22387,INE010B01027
ZYDUSWELL,EQ,493,505.7,493,501.3,505,492.7,141793,71015872.85,20-Aug-2026,11917,INE768C01028
