SYMBOL,SERIES,OPEN,HIGH,LOW,CLOSE,LAST,PREVCLOSE,TOTTRDQTY,TOTTRDVAL,TIMESTAMP,TOTALTRADES,ISIN
SGBJUN28,GB,15025.04,15150.01,15025.04,15085.7,15090,15233.75,205,3097358.49,07-Sep-2026,30,IN0020200104
SGBN28VIII,GB,15050,15160,15050,15095.19,15095.19,15261.04,57,860390.18,07-Sep-2026,16,IN0020200286
SGBMAY29I,GB,15150,15150,15055,15093.03,15099.99,15295.42,543,8191547.53,07-Sep-2026,117,IN0020210053
SGBJUN29II,GB,15198.9,15198.9,15005.02,15090,15090,15231.01,188,2833675.33,07-Sep-2026,36,IN0020210061
SGBJU29III,GB,15217.33,15274,15006.01,15079.88,15035,15293.8,175,2645410.41,07-Sep-2026,40,IN0020210087
SGBSEP29VI,GB,15025.1,15149.98,15020.01,15037.44,15030,15246.68,198,2979655.54,07-Sep-2026,71,IN0020210145
SGBNV29VII,GB,15102,15199.99,15071.01,15100.33,15075,15300,499,7562717.43,07-Sep-2026,47,IN0020210178
SGBNOV26,GB,15001,15069,15001,15069,15069,15150,2,30070.00,07-Sep-2026,2,IN0020180314
SGBDEC26,GB,15175,15175,15100.9,15100.9,15100.9,15175,5,75578.60,07-Sep-2026,4,IN0020180389
SGBJUN27,GB,14916.51,15120,14916.51,15045.45,15100,15298.99,27,406215.88,07-Sep-2026,8,IN0020190073
SGBJUL27,GB,15100,15100,14911.02,14911.02,14911.02,15149.99,5,75311.02,07-Sep-2026,5,IN0020190081
SGBAUG27,GB,15174.99,15174.99,15000,15066.54,15101,15241.31,101,1523150.63,07-Sep-2026,43,IN0020190107
SGBSEP27,GB,15001,15064,15001,15064,15064,15350.01,4,60130.00,07-Sep-2026,2,IN0020190115
SGBOCT27VI,GB,15150,15150,15001,15050,15050,15150,30,451119.00,07-Sep-2026,5,IN0020190388
SGBDC27VII,GB,15225,15225,15225,15225,15225,15225,3,45675.00,07-Sep-2026,3,IN0020190461
SGBAPR28I,GB,15247.37,15247.37,15090,15098.85,15090,15323.99,495,7477275.23,07-Sep-2026,61,IN0020200062
SGBMAY28,GB,15100,15140,15003.1,15065,15065,15260,17,256323.13,07-Sep-2026,9,IN0020200088
SGBJUL28IV,GB,15198.89,15198.89,15040,15085,15085,15249.78,167,2517067.06,07-Sep-2026,30,IN0020200146
SGBFEB28IX,GB,14815.01,15300,14815.01,15002,15002,14802.11,47,703959.13,07-Sep-2026,9,IN0020190545
SGBAUG28V,GB,15138,15138,15005.01,15078.94,15055,15228.56,975,14687882.07,07-Sep-2026,181,IN0020200161
SGBSEP28VI,GB,15005.01,15169.99,15005.01,15080.62,15075,15300,171,2582339.88,07-Sep-2026,54,IN0020200195
SGBOC28VII,GB,15050,15184.99,15050,15102.3,15100.51,15320.2,139,2098263.08,07-Sep-2026,27,IN0020200203
SGBJUL29IV,GB,15012.5,15100,15010,15080.15,15080.25,15264.25,299,4502900.36,07-Sep-2026,69,IN0020210111
SGBJAN29IX,GB,15050,15100,15005.01,15070.32,15055,15227.5,287,4322540.33,07-Sep-2026,53,IN0020200377
SGBAUG29V,GB,15247,15250,15034.45,15226.04,15250,15313.8,468,7066356.46,07-Sep-2026,116,IN0020210129
SGBD29VIII,GB,15015.01,15294.99,15015.01,15154.37,15120.01,15345,103,1561859.12,07-Sep-2026,35,IN0020210228
SGBJAN29X,GB,15050,15198.9,15024.5,15062,15040,15245,248,3747319.26,07-Sep-2026,61,IN0020200385
SGBFEB29XI,GB,15250,15250,15006.5,15052.2,15052.2,15241.55,90,1356242.48,07-Sep-2026,33,IN0020200393
SGBMR29XII,GB,15198.9,15198.9,15053,15086.38,15063,15244.6,187,2822776.06,07-Sep-2026,62,IN0020200427
SGBJUN30,GB,15373,15373,15210,15210,15210,15449,52,795104.00,07-Sep-2026,18,IN0020220045
SGBAUG30,GB,15083.65,15450,15083.65,15380.71,15330.01,15470.42,417,6387233.94,07-Sep-2026,85,IN0020220078
SGBDE30III,GB,15288.99,15414.99,15215.04,15317.44,15414.99,15413.38,343,5240585.16,07-Sep-2026,59,IN0020220110
SGBJAN30IX,GB,15198.9,15279.99,15099.01,15176.48,15151.01,15242.2,152,2303387.61,07-Sep-2026,42,IN0020210236
SGBMAR30X,GB,15220.06,15278.99,15220.06,15278.99,15278.99,15425,33,503190.18,07-Sep-2026,14,IN0020210319
SGBJUN31I,GB,15195.7,15437,15195.7,15417.77,15437,15505.82,377,5798103.01,07-Sep-2026,105,IN0020230069
SGBSEP31II,GB,15520.76,15541.99,15301.01,15510.73,15460,15620.76,1138,17543086.23,07-Sep-2026,217,IN0020230093
SGBDE31III,GB,16017.53,16017.53,15400,15597.97,15550,15626.86,748,11620019.89,07-Sep-2026,191,IN0020230168
SGBMAR31IV,GB,15132.31,15449,15132.31,15440,15440,15520.32,95,1458088.06,07-Sep-2026,40,IN0020220169
SGBFEB32IV,GB,15393.21,15785,15393.21,15775.95,15784.99,15787.91,1385,21674718.71,07-Sep-2026,301,IN0020230184
20MICRONS,EQ,224.9,231.99,220.71,224.8,226,222.49,373719,84797580.23,07-Sep-2026,7946,INE144J01027
21STCENMGM,EQ,38.4,38.85,37.47,38.28,38.7,38.13,8675,333776.02,07-Sep-2026,69,INE253B01015
360ONE,EQ,1141.8,1143.5,1127.2,1136.9,1136.9,1137,407077,461836839.60,07-Sep-2026,35276,INE466L01038
GOLD360,EQ,148.8,148.9,146.9,147.85,148.4,149.7,20611,3044007.35,07-Sep-2026,464,INF579M01BB5
MSCI360,EQ,10.2,10.27,9.99,10.07,10.26,10.27,24416,245969.27,07-Sep-2026,62,INF579M01BP5
SILVER360,EQ,228.48,228.48,224.68,226.55,226.52,229.11,4727,1069551.22,07-Sep-2026,239,INF579M01BC3
3BBLACKBIO,EQ,1486,1530.2,1470.2,1521.3,1525.9,1460.1,14265,21526062.10,07-Sep-2026,2078,INE994E01018
3IINFOLTD,BE,22.5,22.74,21.75,22.07,22.1,22.37,111578,2495328.03,07-Sep-2026,666,INE748C01038
3MINDIA,EQ,32700,32985,32480,32840,32950,32845,1326,43388090.00,07-Sep-2026,962,INE470A01017
3PLAND,EQ,32.39,32.39,31.67,32.15,32.15,32.39,1703,54861.36,07-Sep-2026,68,INE105C01023
5PAISA,EQ,339,344.85,337.05,339.85,338.45,342.1,29942,10172445.55,07-Sep-2026,1640,INE618L01018
63MOONS,EQ,882.55,882.65,860.05,872.7,870,876.5,249471,217512099.25,07-Sep-2026,11309,INE111B01023
736PFCL28,N2,1070.05,1070.05,1070.01,1070.01,1070.01,1067,22,23540.30,07-Sep-2026,5,INE134E07349
740IIFCL33,N1,1151.37,1151.37,1151.37,1151.37,1151.37,1158,6,6908.22,07-Sep-2026,1,INE787H07156
743REC35,NH,1181.6,1200,1181.6,1200,1200,1215,371,441608.75,07-Sep-2026,4,INE020B07JU4
751HUDCO28,N5,1066.05,1066.05,1066.01,1066.01,1066.01,1066.07,16,17056.20,07-Sep-2026,3,INE031A07865
760PFCL35,N3,1212.47,1212.47,1212.47,1212.47,1212.47,1212.05,3,3637.41,07-Sep-2026,1,INE134E07588
764NABAR31,N2,1114,1114,1114,1114,1114,1118,200,222800.00,07-Sep-2026,3,INE261F07032
764HUDCO31,N8,1127.97,1127.97,1127.97,1127.97,1127.97,1125,1,1127.97,07-Sep-2026,1,INE031A07AO5
769HUDCO31,N9,1137.94,1137.94,1137.94,1137.94,1137.94,1136.8,20,22758.80,07-Sep-2026,1,INE031A07AT4
774IREDA31,N7,1130.05,1130.05,1130.05,1130.05,1130.05,1124.01,11,12430.55,07-Sep-2026,1,INE202E07229
812REC27,NI,1027,1027.01,1027,1027.01,1027.01,1027,1431,1469637.10,07-Sep-2026,6,INE020B07GH7
82HUDCO27,N2,1053.01,1053.01,1053.01,1053.01,1053.01,1053.01,10,10530.10,07-Sep-2026,3,INE031A07840
830PFCL27,N5,1084.01,1084.01,1084,1084,1084,1089.99,104,112737.00,07-Sep-2026,2,INE134E07208
851HUDCO28,NB,1130.01,1130.01,1130.01,1130.01,1130.01,1129,20,22600.20,07-Sep-2026,1,INE031A07915
875NHAI29,N6,1118.3,1119,1115.01,1118,1118,1118.24,994,1111887.30,07-Sep-2026,19,INE906B07DF8
876HUDCO28,ND,1136,1136.99,1134,1134.5,1134.5,1135,651,738678.49,07-Sep-2026,15,INE031A07949
891IIFCL34,N4,1269,1269,1269,1269,1269,1270,5,6345.00,07-Sep-2026,1,INE787H07370
891NTPC33,N6,1272.75,1275,1272.7,1275,1275,1273.74,115,146400.10,07-Sep-2026,3,INE733E07JJ9
892NHPC33,N6,1260,1262,1260,1262,1262,1260,186,234610.00,07-Sep-2026,5,INE848E07567
892PFCL33,N8,1266,1289,1263,1289,1289,1276.05,55,70030.10,07-Sep-2026,8,INE134E07463
901HUDCO34,NE,1280,1283.98,1280,1282,1282,1280,1815,2323878.60,07-Sep-2026,13,INE031A07AB2
ABCOTS,EQ,208.8,223.45,208.1,212.01,210.05,208.15,10187,2184624.56,07-Sep-2026,402,INE08PH01015
ABINFRA,BE,11.45,11.45,11.01,11.4,11.3,11.35,282685,3192532.64,07-Sep-2026,343,INE00YB01025
ABMKNO,EQ,186,189.99,185,189.64,189.98,189.9,2557,474407.23,07-Sep-2026,29,INE850B01026
ACSTECH,BE,52.4,54.42,51.4,54.42,54.42,51.83,308737,16610398.99,07-Sep-2026,351,INE366C01021
AGUL,SM,43.65,48.15,43.65,48.15,48.15,45.9,10000,445500.00,07-Sep-2026,5,INE0O6N01012
AKCAPIT,EQ,1769,1775,1684.9,1733.5,1722,1736.9,1137,1990019.60,07-Sep-2026,219,INE701G01012
A2ZINFRA,EQ,15.61,16.05,15.4,15.76,15.95,15.61,96495,1520490.88,07-Sep-2026,272,INE619I01012
AAATECH,EQ,91,93.96,91,92.07,91.53,91.74,10152,938325.92,07-Sep-2026,269,INE0D0U01013
AADHARHFC,EQ,483.5,485,471,478.95,475.35,483.55,270755,129034758.15,07-Sep-2026,14573,INE883F01010
AAKAAR,SM,62,62,62,62,62,62.7,12800,793600.00,07-Sep-2026,7,INE1GYP01013
AAKASH,EQ,8.69,8.88,8.18,8.59,8.62,8.75,251561,2141159.88,07-Sep-2026,515,INE087Z01024
AARADHYA,SM,117.1,121.85,117.1,121.85,121.85,110.8,10800,1305840.00,07-Sep-2026,8,INE124401014
AAREYDRUGS,EQ,94.1,98.5,94.1,97.31,95.88,95.79,218466,21241781.65,07-Sep-2026,1603,INE198H01019
AARNAV,BE,32.17,32.17,31.29,31.45,31.42,32.17,1446,46232.03,07-Sep-2026,26,INE750R01016
AARON,EQ,129,129,125,125.54,126.29,128.45,4586,581582.78,07-Sep-2026,272,INE721Z01010
AARTECH,BE,49.48,49.98,48.26,49.53,49.3,48.64,24982,1234927.40,07-Sep-2026,140,INE01C001026
AARTIDRUGS,EQ,433.25,434.7,419.25,423,425.9,431.65,94385,40236422.50,07-Sep-2026,4870,INE767A01016
AARTIIND,EQ,493.25,495.75,487.35,490.7,490.5,492.05,518899,255098744.75,07-Sep-2026,17370,INE769A01020
AARTIPHARM,EQ,861,894.7,856.35,862.65,859,858.8,745049,650101598.00,07-Sep-2026,28866,INE0LRU01027
AARTISURF,BE,548.5,549.9,530,546.8,543,548.5,8263,4458969.75,07-Sep-2026,280,INE09EO01013
AARVI,EQ,140.5,145.49,140.3,143.36,144,141.92,10492,1483500.66,07-Sep-2026,309,INE754X01016
AASTHA,EQ,79.25,79.25,76.42,77.36,78.79,78.12,177179,13659720.59,07-Sep-2026,2112,INE2FMX01012
AATMAJ,SM,18.25,18.25,17.55,18,18,18.25,20000,359400.00,07-Sep-2026,8,INE0OB201016
AAVAS,EQ,1291,1311.4,1285.2,1306.2,1306.6,1304.2,82507,107114501.00,07-Sep-2026,13558,INE216P01012
ABAN,BE,14.99,15.1,14.7,14.84,14.75,14.99,20900,310767.37,07-Sep-2026,129,INE421A01028
ABANSENT,EQ,27.5,28.99,27,28.39,28,27.86,4724,132660.85,07-Sep-2026,221,INE365O01028
AFSL,EQ,202.07,207.8,201.25,202.78,202.5,202.07,3949,804865.09,07-Sep-2026,140,INE00ZE01026
ABB,EQ,7410,7459.5,7327,7434,7434,7410,111152,822529333.50,07-Sep-2026,16322,INE117A01022
ABBOTINDIA,EQ,26150,26195,25810,25940,25905,26065,5392,139842650.00,07-Sep-2026,2704,INE358A01014
ABH,ST,76.7,76.7,76.7,76.7,76.7,80.7,10800,828360.00,07-Sep-2026,8,INE1R2M01019
ABHAPOWER,SM,25.35,25.35,24,24,24,24.6,4800,119360.00,07-Sep-2026,3,INE0UYG01015
AILIMITED,SM,22.25,22.25,21.15,21.15,21.15,22.25,6000,130200.00,07-Sep-2026,2,INE0CAJ01017
ABSMARINE,SM,338.8,347.75,321,336.75,333,337.9,169500,57070325.00,07-Sep-2026,287,INE0QRV01016
ACC,EQ,1287,1288.5,1265.5,1268.7,1271,1283.8,90302,114773010.60,07-Sep-2026,8619,INE012A01025
ACCELYA,EQ,1131,1135.8,1120,1127.1,1126.2,1131,5455,6149755.00,07-Sep-2026,507,INE793A01012
ACCENTMIC,SM,620.7,624.2,615.3,623.6,624.2,617.8,59500,36901050.00,07-Sep-2026,100,INE0Q5D01013
ACCPL,ST,201.9,210,201.9,210,210,200,68400,14338260.00,07-Sep-2026,31,INE0T8T01010
ACCURACY,BE,4.33,4.41,4.2,4.33,4.34,4.31,34746,149707.63,07-Sep-2026,200,INE648Z01023
ACEINTEG,EQ,18.58,18.58,17.52,17.54,17.53,17.83,2039,35895.19,07-Sep-2026,36,INE543V01017
ACETEC,SM,130,134,130,132,130,139,4800,628800.00,07-Sep-2026,4,INE1J6M01010
ACMESOLAR,EQ,422.8,423.4,409,413.15,412,418,1367600,568481455.50,07-Sep-2026,39926,INE622W01025
ACE,EQ,1125.4,1131,1111,1113.2,1113,1125.4,109007,121739591.30,07-Sep-2026,8927,INE731H01025
ACTIVEINFR,SM,176.35,176.35,176.35,176.35,176.35,172.5,3600,634860.00,07-Sep-2026,2,INE0KLO01025
ACUTAAS,EQ,3168.5,3212.7,3160,3181.6,3192,3168.5,141224,450200678.80,07-Sep-2026,24089,INE00FF01025
ADANIENSOL,EQ,1412.7,1418.5,1387.8,1390.4,1390.4,1409.6,1342576,1879184713.60,07-Sep-2026,33355,INE931S01010
ADANIENT,EQ,2940,2964.4,2918.5,2950,2950,2938,981218,2882978477.40,07-Sep-2026,67251,INE423A01024
ADANIGREEN,EQ,1301.2,1309.8,1285,1288,1288,1301.3,685684,889293077.80,07-Sep-2026,26231,INE364U01010
ADANIPORTS,EQ,1714,1716.4,1685.9,1694.3,1694.3,1707.3,1175225,1998642561.60,07-Sep-2026,55609,INE742F01042
ADANIPOWER,EQ,207.1,208.65,204.16,204.49,204.49,207.2,9839611,2024960593.08,07-Sep-2026,78870,INE814H01029
ATGL,EQ,613.05,617,601.9,603.7,605,612.35,415933,253028804.50,07-Sep-2026,17750,INE399L01023
ADDIND,EQ,79.34,85,78.95,80.81,82.9,79.34,2067,171232.16,07-Sep-2026,41,INE757C01021
ADDICTIVE,SM,44.1,45,44.1,44.9,44.9,43.3,4000,178450.00,07-Sep-2026,8,INE0RDH01021
ADFFOODS,EQ,263.15,269,259,266.15,269,264.8,120114,31557751.70,07-Sep-2026,3740,INE982B01027
ADISOFT,SM,209.95,218,199,214.65,215.9,206.25,161600,33893320.00,07-Sep-2026,191,INE20PL01012
ABSLAMC,EQ,1062.3,1064.1,1035,1041.9,1049.4,1062.3,197790,206464020.70,07-Sep-2026,20326,INE404A01024
ABCAPITAL,EQ,404,404.75,399.5,403.25,403.25,404.9,2451987,985561531.80,07-Sep-2026,41504,INE674K01013
ABFRL,EQ,52.95,55.11,51.99,53.21,53,52.97,10440736,560639046.39,07-Sep-2026,39359,INE647O01011
ABLBL,EQ,86.9,87.4,84.99,85.55,85.6,86.07,543434,46780998.17,07-Sep-2026,7555,INE14LE01019
BIRLAMONEY,EQ,127.85,127.85,125.01,125.96,125.8,126.37,24407,3072251.75,07-Sep-2026,543,INE865C01022
ABREL,EQ,1373.6,1384,1356.1,1377.8,1380.2,1373.6,65234,89343101.90,07-Sep-2026,6075,INE055A01016
CPPLUS,EQ,3705,3803.1,3705,3752.9,3747.9,3704.6,170197,640972465.90,07-Sep-2026,31037,INE819V01029
AUSL,SM,24.55,24.55,24.55,24.55,24.55,24.55,10000,245500.00,07-Sep-2026,4,INE01YQ01013
AVL,EQ,600,604.85,593.15,599.25,599.55,600.05,168049,100657783.80,07-Sep-2026,9152,INE679V01027
BSLGOLDETF,EQ,134.3,134.3,132.81,133.82,133.84,135.36,187146,24997938.29,07-Sep-2026,2870,INF209KB18D3
BSLNIFTY,EQ,28.84,28.84,27.8,27.93,28.02,28.14,4403601,122924983.08,07-Sep-2026,8043,INF209KB19D1
ADOR,EQ,1674.4,1681.9,1624.1,1644.1,1657.1,1674.4,37401,61907873.70,07-Sep-2026,5600,INE045A01017
ADROITINFO,EQ,10.31,10.73,10.25,10.31,10.38,10.31,24445,252492.51,07-Sep-2026,161,INE737B01033
ADVAIT,EQ,2151.3,2159.4,2070.2,2096.4,2090.9,2151.3,49298,103592693.50,07-Sep-2026,6343,INE0ALI01010
ADVANCE,EQ,117.43,119.8,115.9,116.43,116.09,117.43,95430,11217234.78,07-Sep-2026,1389,INE1B0W01010
ADVENZYMES,EQ,293.2,298.5,292.2,297.85,296.8,293.2,151606,44913822.80,07-Sep-2026,2629,INE837H01020
ADVANIHOTR,EQ,49.45,49.98,49,49.12,49.19,49.45,19626,966847.95,07-Sep-2026,430,INE199C01026
ADVENTHTL,EQ,134.5,135.65,132,133.19,133.18,134.57,123600,16479472.08,07-Sep-2026,1664,INE28GN01010
ADVIKCA,EQ,1.12,1.13,1.1,1.1,1.11,1.12,337126,373788.51,07-Sep-2026,299,INE178T01024
RAMBHAJO,EQ,270.4,288.3,270.4,276.32,273.44,268.68,1832168,510627509.72,07-Sep-2026,28263,INE1SJO01012
AEGISLOG,EQ,1274.6,1278.7,1238,1253.7,1264,1270.2,378402,476048101.60,07-Sep-2026,26363,INE208C01025
AEGISVOPAK,EQ,281.65,287,279.55,285.35,285,284.5,615354,174611036.60,07-Sep-2026,14041,INE0INX01018
AEL12126,NI,1050,1050,1050,1050,1050,1050,4,4200.00,07-Sep-2026,1,INE423A07500
AEL170725A,NG,1100,1110,1100,1110,1110,1095,114,125655.00,07-Sep-2026,9,INE423A07468
848AEL29,NJ,1010,1010,1010,1010,1010,1010,15,15150.00,07-Sep-2026,1,INE423A07492
860AEL28,NH,1060,1060,1060,1060,1060,1060,39,41340.00,07-Sep-2026,6,INE423A07484
862AEL31,NM,1015,1025,1015,1025,1025,1025,21,21425.00,07-Sep-2026,6,INE423A07518
875AEL29,NK,1053,1053,1053,1053,1053,1053,2,2106.00,07-Sep-2026,1,INE423A07534
885AEL28,NB,1025,1025,1009,1012.71,1009,1030,99,100566.00,07-Sep-2026,4,INE423A07427
890AEL31,NN,1057.99,1057.99,1054.1,1054.14,1054.1,1056.9,112,118259.18,07-Sep-2026,4,INE423A07526
895AEL27,N9,1000,1020,1000,1006,1006,1010.5,851,851870.00,07-Sep-2026,13,INE423A07450
9AEL30,NE,1030,1030,1030,1030,1030,1050.85,82,84460.00,07-Sep-2026,1,INE423A07443
915AEL28,NC,1026,1026,1026,1026,1026,1019.22,1,1026.00,07-Sep-2026,1,INE423A07435
AEQUS,EQ,242.42,242.72,233,233.86,234.25,242.18,2461232,580209906.56,07-Sep-2026,39549,INE947N01017
AEROENTER,EQ,143.23,156,142.55,154.73,155.4,141.81,3260028,493997659.23,07-Sep-2026,29599,INE065D01027
AEROFLEX,EQ,538.05,561.7,536.2,558.15,555.5,537.45,1428851,793448067.35,07-Sep-2026,34147,INE024001021
AERONEU,EQ,80.57,80.57,77,77.28,77.01,80.57,36220,2856900.13,07-Sep-2026,392,INE035801013
AERON,SM,83,87,83,84.95,84.95,83,19000,1604300.00,07-Sep-2026,19,INE0WL801011
AESTHETIK,SM,69.05,70,68.6,70,70,69.8,10000,693900.00,07-Sep-2026,6,INE0TSF01011
AETHER,EQ,1621,1635,1604.8,1619.5,1619,1625.6,122482,198578995.50,07-Sep-2026,16219,INE0BWX01014
AFCONS,EQ,291.55,296.2,290.5,293.2,293.45,292.8,425086,124601427.45,07-Sep-2026,17733,INE101I01011
AFFLE,EQ,1630,1654.5,1605.7,1623.2,1625.1,1616.5,423635,690679780.80,07-Sep-2026,36018,INE00WC01027
AFFORDABLE,EQ,156.1,162,155.71,160.03,161,157.47,23084,3680167.81,07-Sep-2026,684,INE692Z01013
1125AFIL29,N0,9813,9813,9813,9813,9813,9809,15,147195.00,07-Sep-2026,3,INE916Y07081
12AFIL27,N0,10002.2,10002.2,10002.2,10002.2,10002.2,10002.2,1,10002.20,07-Sep-2026,1,INE916Y07032
12AFIL28,N0,9900,9900,9851.51,9851.51,9851.51,9900,6,59206.04,07-Sep-2026,4,INE916Y07057
AGARWALFT,SM,28.7,28.7,28.7,28.7,28.7,28.6,1500,43050.00,07-Sep-2026,1,INE0MLA01012
AGARIND,EQ,450.95,452.1,437,440.2,438,450.8,45037,19930313.30,07-Sep-2026,3378,INE204E01012
AGARWALTUF,SM,141.95,150.05,141.95,150,150,140.6,91200,13402500.00,07-Sep-2026,59,INE0P8X01016
AGI,EQ,732.5,744.2,730,732.65,734,735.25,98108,72235508.50,07-Sep-2026,4446,INE415A01038
AGIIL,EQ,286.4,291,275.55,277.15,275.7,283.7,1078054,306174257.60,07-Sep-2026,8565,INE976R01033
AGNI,SM,14.5,15.05,14.5,15,15,15.25,17500,260500.00,07-Sep-2026,7,INE0LF301013
AGRITECH,EQ,103.45,103.45,99,100.07,100,101.21,921,92211.85,07-Sep-2026,46,INE449G01018
AGROPHOS,EQ,25.77,26.4,24,24.82,24.73,25.77,35970,896905.11,07-Sep-2026,248,INE740V01019
AGSTRA,BZ,1.99,1.99,1.9,1.94,1.95,1.99,281354,541288.71,07-Sep-2026,287,INE583L01014
AHLADA,EQ,37.29,37.29,35.74,36.8,37.04,37.29,20508,747161.74,07-Sep-2026,276,INE00PV01013
AHLUCONT,EQ,602,609.6,594.8,597.05,598.9,599.05,80503,48295920.90,07-Sep-2026,4831,INE758C01029
AIAENG,EQ,4231.2,4249,4180,4224,4239,4231.2,15736,66335794.00,07-Sep-2026,5347,INE212H01026
AIMTRON,SM,1582.6,1635,1541.05,1622.5,1614,1582.6,34000,54244250.00,07-Sep-2026,160,INE0RUV01018
GOLDTECH,BE,47.9,48.3,47.5,47.93,48.3,47.04,16616,793648.23,07-Sep-2026,91,INE805A01014
AIRAN,EQ,15.44,16.6,15.2,16.44,16.31,15.44,430162,6927423.71,07-Sep-2026,1727,INE645W01026
AIROLAM,EQ,90,90,86.04,86.22,86.99,86.46,1008,87536.13,07-Sep-2026,37,INE801L01010
AJANTPHARM,EQ,3445,3539,3438,3513.6,3516.5,3464.8,72590,255031113.20,07-Sep-2026,13836,INE031B01049
AJAXENGG,EQ,582.45,607,579.15,596.2,595.05,582.45,123620,73766644.90,07-Sep-2026,9585,INE274Y01021
AJMERA,EQ,117.6,118.6,116.03,117.54,117.47,117.76,184338,21612305.61,07-Sep-2026,3263,INE298G01035
AJOONI,EQ,3.71,3.8,3.47,3.49,3.52,3.71,1511024,5435448.48,07-Sep-2026,1213,INE820Y01021
AKANKSHA,SM,136.7,137,135.3,137,137,136.7,13000,1777200.00,07-Sep-2026,11,INE0PCY01014
AKASH,EQ,26,26,25.2,25.69,25.69,25.6,2451,62946.93,07-Sep-2026,29,INE737W01013
AKG,EQ,9.26,9.63,9.26,9.38,9.38,9.59,18592,175456.08,07-Sep-2026,86,INE00Y801016
AKI,EQ,7.94,7.94,7.94,7.94,7.94,7.22,701339,5568631.66,07-Sep-2026,302,INE642Z01026
AKIKO,SM,430,430,418,422.1,422.1,416.15,27200,11543640.00,07-Sep-2026,23,INE0PMR01017
AFIL,EQ,9.25,9.39,9.06,9.14,9.19,9.22,552669,5090119.37,07-Sep-2026,530,INE916Y01027
AKSHOPTFBR,BE,7.8,7.8,7.7,7.8,7.8,7.43,722743,5633949.68,07-Sep-2026,467,INE523B01011
AKSHAR,EQ,0.42,0.44,0.42,0.42,0.43,0.42,1198508,511640.08,07-Sep-2026,319,INE256Z01025
AKSHARCHEM,BE,440,467.05,440,463.9,467.05,444.85,54450,25189042.75,07-Sep-2026,705,INE542B01011
AKUMS,EQ,765.75,772.9,751.5,754.65,754.3,765.75,120744,91848258.15,07-Sep-2026,8564,INE09XN01023
ALANKIT,EQ,8.2,8.24,8.05,8.16,8.2,8.14,120164,984297.24,07-Sep-2026,580,INE914E01040
ALBERTDAVD,EQ,866.1,880,851.1,863,860.5,860.25,4087,3535362.05,07-Sep-2026,386,INE155C01010
ALCODIS,SM,68.5,68.5,68.5,68.5,68.5,68.4,625,42812.50,07-Sep-2026,1,INE448V01019
ALEMBICLTD,EQ,112.3,114.34,107.53,108.05,108.1,111.41,1721715,190923580.22,07-Sep-2026,17501,INE426A01027
APLLTD,EQ,808,828.1,797.4,799.55,802.95,808.2,171275,138555580.70,07-Sep-2026,12937,INE901L01018
ALFREDHE,EQ,2960,3020,2800,2945,2945,2898.9,126,368177.20,07-Sep-2026,36,INE782D01027
ALGOQUANT,EQ,64.5,66,63.5,63.89,64.89,64.5,1553966,99527489.73,07-Sep-2026,1930,INE598D01035
ALICON,EQ,684.2,691.5,670.5,681.75,689.15,684.2,8931,6092076.95,07-Sep-2026,1033,INE062D01024
ALIVUS,EQ,1377.2,1419.7,1361,1388.9,1383.4,1366.3,128673,179282659.60,07-Sep-2026,9391,INE03Q201024
ALKALI,EQ,69.99,78.66,68,78.66,78.66,65.55,72483,5509419.66,07-Sep-2026,735,INE773I01017
ALKEM,EQ,5219,5242.5,5104.5,5242.5,5242.5,5190,139659,718246606.50,07-Sep-2026,23460,INE540L01014
ALKYLAMINE,EQ,2012,2090.3,1950,1986.3,2012,2020.9,126528,257031257.00,07-Sep-2026,15187,INE150B01039
ALLETEC,SM,139,144.7,137.3,143.9,144.45,137.25,28800,4093920.00,07-Sep-2026,65,INE0M2X01012
ALLTIME,EQ,206.49,216.25,206.49,214.65,214,206.08,264900,56602545.93,07-Sep-2026,5021,INE0GV601021
AGL,EQ,13.6,13.71,13.46,13.58,13.6,13.65,8294166,112846182.53,07-Sep-2026,17038,INE1YPB01014
ALLCARGO,EQ,12.44,12.78,12.25,12.67,12.72,12.44,15107126,190514399.97,07-Sep-2026,15014,INE418H01029
ATL,EQ,25.8,25.8,24.84,25.03,25.39,25.31,187311,4725284.66,07-Sep-2026,1596,INE0NN701020
ALLDIGI,EQ,809,817.4,802.55,810.3,809,805.85,8789,7110838.55,07-Sep-2026,784,INE835G01018
ABDL,EQ,609.9,610.4,596.85,600,600,609.95,428345,257250618.30,07-Sep-2026,15080,INE552Z01027
ADSL,EQ,103.08,103.99,100.21,101.46,102.4,104.13,126207,12819778.34,07-Sep-2026,2492,INE102I01027
ALMONDZ,EQ,17.97,19.8,17.9,19.2,19.2,17.89,773910,14870394.30,07-Sep-2026,2321,INE326B01035
ALOKINDS,EQ,7.83,7.88,7.46,7.6,7.64,7.83,27360409,208083471.06,07-Sep-2026,19938,INE270A01029
ALPA,EQ,63.99,63.99,61.5,62.17,61.95,62.71,3393,213463.41,07-Sep-2026,105,INE385I01010
ALPEXSOLAR,SM,900,950,900,933.9,935,889.3,116600,108137930.00,07-Sep-2026,803,INE0R4701017
ALPHAGEO,BE,325,332,318.2,324.55,319,323.85,18720,6098265.05,07-Sep-2026,329,INE137C01018
ALPINETEX,EQ,57.88,64.9,53.82,63.17,62.6,57.76,1259777,76232256.50,07-Sep-2026,9125,INE1JCQ01037
ALUFLUOR,EQ,500.05,505.5,496.15,499.15,500,499.05,6241,3133221.15,07-Sep-2026,324,INE058F01019
ALUWIND,SM,48.5,48.95,47,48,48,49.2,9000,430275.00,07-Sep-2026,6,INE0STM01017
AMAGI,EQ,567.95,578.15,551.6,575.15,575.65,563.3,399014,224400009.70,07-Sep-2026,15655,INE121R01077
AMAL,EQ,741.05,764.9,741.05,758.85,758.95,743.2,4759,3588919.80,07-Sep-2026,349,INE841D01013
AMANTA,BE,197.91,197.91,197.91,197.91,197.91,194.03,19409,3841235.19,07-Sep-2026,44,INE084K01015
ARE&M,EQ,864.2,864.2,836.5,842.95,843,864.2,694840,586720335.90,07-Sep-2026,38149,INE885A01032
AMARJOTHI,EQ,160.94,162,155.04,160,160,160.94,456,73337.85,07-Sep-2026,23,INE484D01012
AMBAAUTO,SM,109.2,110.9,108.55,108.55,108.55,110.5,14000,1541450.00,07-Sep-2026,10,INE293601014
AMBALALSA,BE,42.52,44.75,42.52,42.98,42.98,43.73,23823,1026377.46,07-Sep-2026,196,INE432A01017
AMBER,EQ,7465,7473.5,7390,7439,7439,7474,122437,909271070.50,07-Sep-2026,20533,INE371P01015
AMBICAAGAR,EQ,27,27.78,26.01,26.83,27,27.21,23205,629878.18,07-Sep-2026,182,INE792B01012
AMBIKCO,EQ,1631.1,1648.7,1624.8,1642.8,1646,1639.1,7879,12894071.30,07-Sep-2026,1185,INE540G01014
AMBUJACEM,EQ,403,405.35,398.6,398.6,398.6,405,879449,352326595.90,07-Sep-2026,19572,INE079A01024
AMDIND,EQ,61.88,62.89,58.02,60.3,60.2,60.32,70502,4323922.54,07-Sep-2026,1279,INE005I01014
AMEYA,SM,102.15,112.5,102.15,112.5,112.5,107.15,5000,533550.00,07-Sep-2026,4,INE0KT901015
AMIABLE,SM,63.9,76.95,63.85,76.95,76.95,77,9600,696800.00,07-Sep-2026,6,INE0MTP01013
AMNPLST,EQ,172.8,173.84,166.35,168.22,168.15,172.89,4663,794314.47,07-Sep-2026,213,INE275D01022
AEROPLANE,EQ,198.39,202.3,195,198.03,196,194.29,994634,197361832.33,07-Sep-2026,9893,INE05TO01019
AMJLAND,EQ,39,39.43,38.34,39.08,39,39.47,9260,359310.92,07-Sep-2026,155,INE606A01024
AMRUTANJAN,EQ,505.4,505.45,495.6,500.3,497.2,505.45,63397,31637948.05,07-Sep-2026,2647,INE098F01031
ARSSBL,EQ,515,524.7,508.3,516.3,514.1,515.05,133960,69204452.30,07-Sep-2026,4206,INE549H01021
ANANDRATHI,EQ,2217,2255,2210.8,2224,2225,2215.9,270161,603493059.50,07-Sep-2026,24279,INE463V01026
ANANTRAJ,EQ,622,644.8,615.2,638.25,637.35,625.45,5173652,3287697877.80,07-Sep-2026,69231,INE242C01024
ANANTAM,IV,106.49,106.99,105.85,106.78,106.13,106,19320,2058437.46,07-Sep-2026,96,INE1UA823019
ANAWIL,SM,378.05,400,377,396.35,395.95,382.4,239600,93610560.00,07-Sep-2026,504,INE1J5V01013
AMCL,SM,361.1,387,361.1,387,387,370,800,299240.00,07-Sep-2026,2,INE0VG001016
ACL,EQ,43.36,43.99,43.02,43.49,43.96,43.36,7960,348105.44,07-Sep-2026,277,INE666E01020
ANDHRAPAP,EQ,64.1,77.34,61.99,72.2,72.95,64.45,27336653,1981166468.41,07-Sep-2026,122086,INE435A01051
ANDHRSUGAR,EQ,100.3,101.89,98.82,99.4,99.4,99.51,443882,44434088.11,07-Sep-2026,5552,INE715B01021
ANDREWYU,EQ,27.66,28.3,27.11,27.35,27.11,27.93,65412,1808706.87,07-Sep-2026,441,INE449C01025
ANGELONE,EQ,300.9,307,298.05,303.8,303.8,299.8,7522794,2291266209.05,07-Sep-2026,49604,INE732I01021
AISL,SM,62,62,57,57,57,59.95,11400,659130.00,07-Sep-2026,14,INE635Y01015
ANIKINDS,EQ,45,46.95,43,44.77,44.99,45,15794,700871.64,07-Sep-2026,268,INE087B01017
APCL,EQ,103.3,103.3,99.03,99.93,99.2,101.42,7097,710317.19,07-Sep-2026,133,INE071F01012
ANKITMETAL,BZ,1.73,1.73,1.67,1.67,1.67,1.7,3534,6013.05,07-Sep-2026,18,INE106I01010
AHCL,EQ,15.74,15.85,15.41,15.48,15.5,15.68,2176718,33899066.73,07-Sep-2026,2930,INE0Y8W01025
ANLON,SM,674,688,674,687,687,670,7600,5174560.00,07-Sep-2026,19,INE0LR101013
ANMOL,EQ,10,11.49,10,10.09,10.23,10.08,167944,1736661.54,07-Sep-2026,415,INE02AR01019
ANNAPURNA,EQ,143,145,137,143.8,143.9,140.2,101805,14366908.53,07-Sep-2026,813,INE0MGM01017
ANNU,BE,64.82,64.82,64.82,64.82,64.82,68.23,124866,8093814.12,07-Sep-2026,1861,INE103001017
ANONDITA,SM,1110,1182.95,1110,1147.9,1150,1109.55,68800,79129070.00,07-Sep-2026,231,INE0VTV01012
ANSALBU,EQ,84.9,84.9,76.34,79.24,78.5,80.68,1438,117283.41,07-Sep-2026,70,INE030C01015
ANSALAPI,BZ,3.37,3.37,3.34,3.35,3.37,3.31,20632,69469.37,07-Sep-2026,53,INE436A01026
ANTGRAPHIC,EQ,0.73,0.75,0.71,0.73,0.73,0.73,207125,150993.07,07-Sep-2026,204,INE414B01021
ANTELOPUS,EQ,960,1024,930,985.3,985,957.15,2854173,2803201372.85,07-Sep-2026,85188,INE818A01017
ANTHEM,EQ,940.05,958.85,931.1,933.5,931.5,934.05,667717,631621990.00,07-Sep-2026,49856,INE0CZ201020
AWHCL,EQ,368.9,376,367.8,370.5,373.95,370.8,66405,24591654.95,07-Sep-2026,2705,INE01BK01022
ANUHPHR,EQ,82.7,91.8,82,90.29,91,81.1,1069062,94955039.23,07-Sep-2026,10010,INE489G01022
ANURAS,EQ,1258.8,1266.3,1227.1,1233.6,1239.4,1238.7,286021,355773098.80,07-Sep-2026,12398,INE930P01018
AONEGOLD,EQ,14.22,14.22,14.08,14.19,14.2,14.37,404500,5728537.96,07-Sep-2026,1909,INF1J2R01114
AONELIQUID,EQ,1075.81,1075.81,1075.79,1075.79,1075.79,1075.67,7111,7649983.84,07-Sep-2026,126,INF1J2R01056
AONENIFTY,EQ,9.98,9.98,9.81,9.83,9.84,9.89,156717,1543399.17,07-Sep-2026,1587,INF1J2R01064
AONESILVER,EQ,8.89,8.9,8.73,8.79,8.8,8.89,389029,3421856.40,07-Sep-2026,1647,INF1J2R01171
AONETMMQ50,EQ,10.35,10.4,10.27,10.31,10.31,10.3,32677,337183.13,07-Sep-2026,326,INF1J2R01148
AONETOTAL,EQ,11.98,11.98,11.84,11.84,11.84,11.93,196397,2330663.01,07-Sep-2026,1598,INF1J2R01015
APARINDS,EQ,17501,17793,17307,17728,17749,17421,73366,1285232515.00,07-Sep-2026,26201,INE372A01015
APCOTEXIND,EQ,639.9,640,625,631.6,635.8,635.5,96163,60823104.40,07-Sep-2026,5239,INE116A01032
APEXECO,ST,278.2,278.2,266,274.9,274.9,278.2,8000,2175640.00,07-Sep-2026,10,INE0T4V01015
APEX,EQ,374.95,377.05,364.8,368.2,369.25,375.15,115008,42540779.15,07-Sep-2026,4041,INE346W01013
APLAPOLLO,EQ,2250,2255,2198.8,2215,2215,2250,709214,1573056804.20,07-Sep-2026,44665,INE702C01027
930APMD34,N0,105570.01,106570,105570,106570,106570,106800,15,1590550.05,07-Sep-2026,3,INE0TLC07044
APOLLOHOSP,EQ,8682,8840.5,8650,8760,8760,8650,303793,2657045278.00,07-Sep-2026,39583,INE437A01024
APOLLO,EQ,391,407.4,390.3,403.95,403,388.9,11691954,4710450303.75,07-Sep-2026,103147,INE713T01028
APOLLOPIPE,EQ,609.65,611.3,597,601,602.75,605.1,115502,69646772.50,07-Sep-2026,4458,INE126J01016
APOLSINHOT,EQ,1218.1,1220,1200.1,1204.9,1200.1,1218.1,979,1183117.00,07-Sep-2026,131,INE451F01024
APOLLOTYRE,EQ,428,430,419,420.8,421,429.55,438180,184796498.35,07-Sep-2026,19332,INE438A01022
APOORVA,EQ,25.25,25.25,25.25,25.25,25.25,25.25,29,732.25,07-Sep-2026,2,INE217S01014
APRAMEYA,SM,116,119.95,112.1,112.65,112.1,116.5,14000,1608575.00,07-Sep-2026,21,INE0LQG01010
915APSBC28,N0,101900,101900,101900,101900,101900,101599,2,203800.00,07-Sep-2026,2,INE0M2307370
915APSBC30,N0,103711,103711,103711,103711,103711,102723,6,622266.00,07-Sep-2026,2,INE0M2307339
915APSBC31,N0,104500.55,104500.55,104500,104500.55,104500.55,103999,3,313501.10,07-Sep-2026,3,INE0M2307388
915APSBC33,N0,105740.55,105740.55,105740.55,105740.55,105740.55,105575.07,4,422962.20,07-Sep-2026,2,INE0M2307404
APSISAERO,ST,623.5,623.5,623,623.5,623.5,611.3,32400,20189400.00,07-Sep-2026,21,INE1OOJ01011
APTECHT,BE,90.98,90.98,89,89.47,89.5,89.13,60244,5405204.99,07-Sep-2026,415,INE266F01018
APTUS,EQ,258,258.85,252.35,256.89,255.52,258.85,1460350,373825875.24,07-Sep-2026,35659,INE852O01025
AQYLON,EQ,22.79,23.58,22.65,23.54,23.58,22.46,522202,12114331.49,07-Sep-2026,1434,INE416A01051
ARCIIL,SM,36.9,36.9,34.1,34.1,34.1,36.95,7000,246900.00,07-Sep-2026,7,INE0YDV01010
ACI,EQ,504.4,513.6,496,509.35,511.9,504.2,619983,312574670.25,07-Sep-2026,30852,INE128X01021
ADL,EQ,71.4,74,71.4,72.57,72.55,72,646,46738.71,07-Sep-2026,18,INE0CHO01012
ARCHIDPLY,EQ,104.2,104.9,102.18,103.62,103.12,104.89,16124,1667707.50,07-Sep-2026,248,INE877I01016
ARCHIES,EQ,13.34,13.34,12.63,12.88,12.95,12.9,8213,106174.97,07-Sep-2026,136,INE731A01020
ARCL,EQ,228.8,236.25,224.05,233.87,230,225,1534,359612.76,07-Sep-2026,40,INE372M01010
ARDEE,EQ,55.66,57.7,54.66,56.09,56.2,55.66,4068340,229001820.98,07-Sep-2026,18319,INE0XNF01022
ARFIN,EQ,88.7,98.86,87.72,95.27,95.6,87.24,4760846,454506935.43,07-Sep-2026,37879,INE784R01023
ARHAM,SM,210.5,213.9,209,212.9,212.9,213.95,77000,16250600.00,07-Sep-2026,29,INE0L2Y01011
ARIES,EQ,501.5,524.75,484.2,485.95,487,500.1,113668,57545590.60,07-Sep-2026,6392,INE298I01015
ARIHANTACA,SM,490,500,490,500,500,498.25,10400,5186120.00,07-Sep-2026,12,INE0NCC01015
ARIHANTCAP,EQ,80.5,80.5,78.22,78.36,78.22,79.69,162170,12872106.27,07-Sep-2026,1193,INE420B01036
ARIHANT,EQ,979.9,985.25,935.8,961.25,983,953.15,1341,1290964.40,07-Sep-2026,376,INE413D01011
ARIHANTSUP,EQ,229.5,238,229.05,233.75,234.95,229.5,26550,6169039.20,07-Sep-2026,149,INE643K01018
ARIS,EQ,129.35,129.5,126.1,126.32,126.39,128.56,539906,68634456.49,07-Sep-2026,5792,INE0H9P01028
ARKADE,EQ,125.77,125.77,123.85,124.82,124.62,125.22,121170,15124257.27,07-Sep-2026,1374,INE0QRL01017
ARMANFIN,EQ,2068,2068,1998,2033.8,2036.7,2069.3,25672,52165056.70,07-Sep-2026,3278,INE109C01017
ARMOUR,ST,17.3,17.3,17.3,17.3,17.3,18,2000,34600.00,07-Sep-2026,1,INE0TZX01019
AROGRANITE,EQ,24.95,25.05,23.95,24.29,24.38,24.55,25353,618844.97,07-Sep-2026,140,INE210C01013
ARROWGREEN,BE,814.1,829,785.5,805.1,808.95,814.1,19575,15731395.55,07-Sep-2026,666,INE570D01018
ARSHIYA,BZ,0.72,0.74,0.7,0.71,0.72,0.73,277427,201386.59,07-Sep-2026,99,INE968D01022
ARTNIRMAN,EQ,40.63,40.63,39.11,40.21,40.6,40.63,1820,71936.54,07-Sep-2026,24,INE738V01013
AEPL,EQ,17.85,18.25,17.26,18.02,17.99,17.5,99702,1787117.00,07-Sep-2026,388,INE757T01025
ARTEMISMED,EQ,337.5,344.6,332.15,343.5,344.5,332.8,782569,265153771.50,07-Sep-2026,27321,INE025R01021
ARUNAYA,SM,15.3,15.35,14.4,14.4,14.4,14.45,12000,176700.00,07-Sep-2026,6,INE0TTG01017
ARVEE,EQ,162.2,169.15,162.2,163.93,163.5,165.1,697,115751.73,07-Sep-2026,46,INE006Z01016
ARVINDFASN,EQ,446.4,447.25,438,439.2,440.4,446.5,81565,36055993.10,07-Sep-2026,7935,INE955V01021
ARVIND,EQ,546.2,567.35,546.15,564.5,562.75,552.95,478679,269183760.20,07-Sep-2026,18294,INE034A01011
ARVINDPORT,SM,31.05,32.85,31.05,32.85,32.85,32,7500,235575.00,07-Sep-2026,4,INE0P4T01013
ARVSMART,EQ,643.7,652,640,646.8,649.5,642.5,27106,17525041.05,07-Sep-2026,2314,INE034S01021
ARYAMAN,EQ,620.2,630,610.2,630,630,620.2,34,21045.80,07-Sep-2026,7,INE032E01017
ASAHIINDIA,EQ,960,960.4,949,954.65,959,955.9,106030,101058066.10,07-Sep-2026,5871,INE439A01020
ASAHISONG,BE,373.2,391.25,373.2,391.15,391.25,372.65,43329,16900112.80,07-Sep-2026,513,INE228I01012
ASHALOG,SM,62,62,62,62,62,62.5,2000,124000.00,07-Sep-2026,2,INE0LAA01017
ASHAPURMIN,EQ,551,554.5,536.6,538.15,537.55,551,296446,161039540.90,07-Sep-2026,16764,INE348A01023
ASHIANA,EQ,360.6,361.55,346.85,349.75,349.5,359.55,71117,25105774.35,07-Sep-2026,2678,INE365D01021
ASHIKAG,BE,426.85,436.85,418,420.1,419,426.85,54529,22938693.35,07-Sep-2026,244,INE094B01013
ASHIMASYN,EQ,17.9,17.9,17.65,17.75,17.75,17.89,35393,627770.79,07-Sep-2026,153,INE440A01010
ASHOKLEY,EQ,170,172.13,168.4,170,170,169,10426646,1772213458.61,07-Sep-2026,70369,INE208A01029
ASHOKA,EQ,115.6,117.29,114.52,115.5,115.46,115.55,581090,67245586.39,07-Sep-2026,5582,INE442H01029
ASHOKAMET,EQ,13.58,15.24,13.57,14.3,14.2,13.58,152039,2208332.07,07-Sep-2026,581,INE760Y01011
ASHUTOSH,ST,140,147,137,147,147,92,3186000,449889960.00,07-Sep-2026,1638,INE19FR01012
ASHWINI,SM,180,180,178,178,178,180,2000,358000.00,07-Sep-2026,2,INE1A6Q01010
ASIANENE,EQ,521.6,521.6,498.05,511.8,515,517.45,356718,181640098.10,07-Sep-2026,11849,INE276G01015
ASIANTILES,EQ,50.4,51.22,49.32,49.85,50.3,50.26,2616485,131282870.44,07-Sep-2026,7799,INE022I01019
AHLEAST,EQ,139.9,139.9,135.22,135.82,137,136.51,1897,258470.71,07-Sep-2026,60,INE926K01017
ASIANHOTNR,EQ,388,388.9,379.85,382.65,380,384.75,22793,8717322.40,07-Sep-2026,914,INE363A01022
AHLWEST,BE,530,530,530,530,530,530.85,10,5300.00,07-Sep-2026,2,INE915K01010
ASIANPAINT,EQ,2511.1,2523.5,2489.7,2500.9,2500.9,2527.3,240336,601439291.30,07-Sep-2026,29019,INE021A01026
ASTAR,EQ,590,597.9,586,597.9,597.9,585,11,6481.80,07-Sep-2026,7,INE194D01017
ASIANTNE,EQ,10,10,9.2,9.5,9.33,9.74,12163,115437.86,07-Sep-2026,88,INE822B01017
ASKAUTOLTD,EQ,619.95,621.95,604.05,611.5,608,618.85,121536,74252696.35,07-Sep-2026,7776,INE491J01022
ASPINWALL,EQ,260.5,264,254.2,260.65,264,259.25,2192,568817.80,07-Sep-2026,78,INE991I01015
ASPIRE,SM,13.6,13.6,13.6,13.6,13.6,13.25,2000,27200.00,07-Sep-2026,1,INE0S7801010
ASSAMENT,EQ,833.8,833.8,790,790,790,830,6,4783.80,07-Sep-2026,2,INE165G01010
ASALCBR,EQ,705.85,712,701.4,707.8,706.2,706.35,16434,11635874.40,07-Sep-2026,1315,INE073G01016
ASTEC,EQ,555,559.3,540,552.35,553,554.45,41084,22483799.85,07-Sep-2026,2331,INE563J01010
ASTERDM,EQ,786,798.8,781.75,795.65,795.9,785.75,881643,697325167.90,07-Sep-2026,44980,INE914M01019
ASTRAMICRO,EQ,1740,1771.6,1705,1711.6,1725,1729,471255,817540598.80,07-Sep-2026,32538,INE386C01029
ASTRAL,EQ,1482.7,1501.5,1482.2,1498.2,1498.2,1492.9,742651,1109588063.10,07-Sep-2026,28864,INE006I01046
ASTRAZEN,EQ,6945,6994,6830,6851,6879.5,6944,5460,37728480.00,07-Sep-2026,1670,INE203A01020
ASTRON,BZ,3,3.05,2.94,3,3,3.06,22636,67921.48,07-Sep-2026,63,INE646X01014
ATALREAL,EQ,26.6,26.9,26.49,26.5,26.51,26.22,28399351,753515661.26,07-Sep-2026,5540,INE0ALR01029
ATAM,EQ,53,55.67,53,54.27,54.25,52.99,17563,949563.31,07-Sep-2026,293,INE09KD01013
ATCENERGY,ST,22.4,22.55,22.2,22.2,22.2,22.5,10800,242220.00,07-Sep-2026,7,INE0V0Q01019
ATHERENERG,EQ,1575,1618,1561.1,1599.3,1599.3,1584,3789386,6046204897.10,07-Sep-2026,103405,INE0LEZ01016
ATLPP,E1,9.22,9.89,8.76,9.82,9.82,9,8424,77371.44,07-Sep-2026,32,IN90NN701011
ATLANTAELE,EQ,1898.1,1958,1890.3,1938.1,1942.1,1881.7,141076,272607338.10,07-Sep-2026,14726,INE0Z4F01028
ATLANTAA,EQ,39.42,39.96,37.12,37.66,38.3,39.15,73904,2815046.41,07-Sep-2026,666,INE285H01022
ATLASCYCLE,EQ,96.18,96.31,93.55,94.49,95.1,96.18,2973,281196.93,07-Sep-2026,106,INE446A01025
ATMASTCO,SM,140,140,137,137.5,137,139.5,6400,888280.00,07-Sep-2026,14,INE05DH01017
ATULAUTO,EQ,462,465.45,458.1,459.1,460,465.15,58661,27067693.50,07-Sep-2026,2519,INE951D01028
ATUL,EQ,6351.5,6400,6302.5,6312.5,6302.5,6386,21154,134100187.00,07-Sep-2026,5975,INE100A01010
AUBANK,EQ,1065,1066.8,1046.9,1053,1053,1065,939647,992808380.30,07-Sep-2026,48927,INE949L01017
AUGMONT,EQ,908.8,931.4,878.1,891.6,887.8,901.5,1669696,1504368066.00,07-Sep-2026,55276,INE16W401027
AURIONPRO,EQ,682.4,694,665.15,668.7,670,689.7,203606,137296596.95,07-Sep-2026,11656,INE132H01018
AUROIMPEX,SM,28,28,28,28,28,27.5,1600,44800.00,07-Sep-2026,1,INE0NUL01018
AUROPHARMA,EQ,1646,1668,1646,1660,1660,1653.1,536717,889430930.70,07-Sep-2026,34127,INE406A01037
AURUM,EQ,224,228,223,225.14,228,225.16,45681,10255004.08,07-Sep-2026,1058,INE898S01029
AURUS,EQ,4.99,4.99,4.65,4.94,4.77,4.84,64024,314422.26,07-Sep-2026,259,INE142K01011
AUSOMENT,EQ,162.8,163.45,155.15,156.21,156.69,161.79,7654,1215760.78,07-Sep-2026,124,INE218C01016
AUSTENG,EQ,125.95,131,125,125,125,124.7,5309,675934.90,07-Sep-2026,69,INE759F01012
APS,SM,241,250,241,242.5,242.5,244.75,9000,2212487.50,07-Sep-2026,35,INE0P0001010
AIIL,EQ,517.75,519.5,509,514.95,518.9,519.9,136349,70022185.75,07-Sep-2026,9751,INE206F01022
AUTOIND,EQ,86.89,86.89,83,84.73,84.4,86.45,302191,25566613.53,07-Sep-2026,3654,INE718H01014
ACGL,EQ,1799,1839,1780,1799.4,1800,1797.6,1000,1817594.10,07-Sep-2026,151,INE451C01013
AUTOAXLES,EQ,1690,1707.7,1651.1,1666.6,1665.3,1688.7,7960,13303653.60,07-Sep-2026,1076,INE449A01011
ASAL,EQ,473,479.7,459,470.1,470.6,473.75,18318,8611527.40,07-Sep-2026,829,INE900C01027
AVADHSUGAR,EQ,811,858,811,839.7,842,809.5,187551,157184887.60,07-Sep-2026,7225,INE349W01017
AVALON,EQ,2262,2424,2250.1,2352.5,2345.1,2196.6,1652753,3883254909.60,07-Sep-2026,108267,INE0LCL01028
AVANA,ST,149,156.1,147.15,156.1,156.1,154.75,28000,4198600.00,07-Sep-2026,13,INE1KU201016
AVANCE,EQ,0.82,0.85,0.82,0.83,0.84,0.82,3867349,3244016.17,07-Sep-2026,1388,INE758A01072
AVANTEL,EQ,154.98,157.7,153.65,156.74,156.97,154.96,676368,105805055.94,07-Sep-2026,7027,INE005B01027
AVANTIFEED,EQ,798.6,804.25,782.25,786.55,786.4,798.6,183898,145860925.10,07-Sep-2026,13341,INE871C01038
DMART,EQ,3757,3768.9,3682.3,3710,3710,3770,303872,1126312186.60,07-Sep-2026,30736,INE192R01011
CCAVENUE,EQ,15.76,16.27,15.42,15.94,15.96,15.7,16874449,268119907.52,07-Sep-2026,19230,INE483S01020
AVG,BE,165.1,167.04,162.36,165.04,165.03,166.04,13412,2217001.94,07-Sep-2026,112,INE680Z01018
AVIANSH,SM,103,103.5,103,103.5,103.5,102.5,2000,206500.00,07-Sep-2026,2,INE0TFB01017
AVIENCE,SM,282,284.4,272,274,272,275,16200,4530900.00,07-Sep-2026,25,INE0V9I01017
ASMS,BE,7.03,7.15,6.92,7.01,7.1,7.07,234125,1636515.34,07-Sep-2026,392,INE855F01042
AVONMORE,EQ,13.07,14.22,13.07,14.1,14.1,13.02,647927,8937455.58,07-Sep-2026,1342,INE323B01024
AVPINFRA,SM,58.5,59.9,57.1,58.75,59.9,58.25,51200,2977640.00,07-Sep-2026,50,INE0R9401019
AVROIND,EQ,8.84,8.85,8.3,8.5,8.57,8.72,339333,2886243.46,07-Sep-2026,1166,INE652Z01025
AVTNPL,EQ,91.5,91.89,89.61,90.1,90.2,91.02,126113,11422162.30,07-Sep-2026,1899,INE488D01021
AWFIS,EQ,262,264,254.15,255.2,255,260.8,304253,78158541.05,07-Sep-2026,10200,INE108V01019
AWL,EQ,187.29,189.09,185.21,188.27,188.06,187.29,1402294,262641459.71,07-Sep-2026,21949,INE699H01024
AXISBANK,EQ,1271,1271.9,1261.6,1266,1266,1273,1592707,2016251146.60,07-Sep-2026,63527,INE238A01034
ENERGYAXIS,EQ,19.34,19.34,18.98,19.03,19.14,19.15,7646,146165.99,07-Sep-2026,86,INF846KA1598
BNKETFAXIS,EQ,591.03,591.59,587.81,588.11,587.81,592.5,501141,294799446.32,07-Sep-2026,708,INF846K01X63
CONSUMAXIS,EQ,119.57,121.72,118.76,119.07,119.07,119.02,741,88631.20,07-Sep-2026,40,INF846K016C7
GOLDAXIS,EQ,125.55,126.6,125.41,126.22,126.25,128.11,4383759,551379625.27,07-Sep-2026,6504,INF846K01W80
HEALTHAXIS,EQ,171.21,171.5,166.7,168.11,167.59,167.04,3053,511458.17,07-Sep-2026,110,INF846K01Z12
ITAXIS,EQ,335.64,338,328.6,330.42,331.4,339.03,8697,2877663.01,07-Sep-2026,122,INF846K01Y96
NIFTYAXIS,EQ,263.55,265.61,263.01,263.61,263.94,265.62,53790,14183249.98,07-Sep-2026,288,INF846K01W98
SENSEXAXIS,EQ,80.67,81,78.8,78.99,80.8,79.81,2416,191479.99,07-Sep-2026,86,INF846K010Q0
SILVERAXIS,EQ,230,230,227.52,228.63,228.5,231.46,303886,69391024.20,07-Sep-2026,2694,INF846K011K1
VALUEAXIS,EQ,33.7,33.7,32.56,32.8,32.92,32.88,91408,2987362.52,07-Sep-2026,457,INF846KA1119
AXISCADES,EQ,1711.6,1785,1711.6,1778,1777,1711.6,192175,338466727.60,07-Sep-2026,13928,INE555B01013
AXITA,EQ,8.05,8.09,8,8,8.01,8.01,574580,4603777.41,07-Sep-2026,679,INE02EZ01022
AXTEL,EQ,390.15,397.95,390.15,391.65,392,394.5,1357,533427.50,07-Sep-2026,106,INE767C01012
AYE,EQ,185,192,182.96,184.06,184.5,184.81,1370435,257790884.99,07-Sep-2026,25758,INE501X01029
AYMSYNTEX,EQ,314.7,321.9,310.05,315.2,316,310.7,78696,24789995.75,07-Sep-2026,1665,INE193B01039
AZAD,EQ,2777.3,2898,2773.3,2868,2875,2777.3,493178,1407725648.20,07-Sep-2026,34961,INE02IJ01035
AZADIND,EQ,91.98,91.98,89,89.88,89.01,89.59,66631,5983841.00,07-Sep-2026,735,INE566M01017
BNALTD,BE,360,377,360,376,376,360,90,33058.00,07-Sep-2026,10,INE489D01011
BBTCL,EQ,232.52,235.25,230.3,231.6,231.56,230.22,3577,832053.24,07-Sep-2026,90,INE01EE01011
BAGFILMS,EQ,4.62,5.06,4.51,4.81,4.81,4.51,596328,2887549.47,07-Sep-2026,849,INE116D01028
BAGDIGITAL,SM,105,105,105,105,105,105,1600,168000.00,07-Sep-2026,1,INE17CQ01015
BLKASHYAP,EQ,59.69,59.74,55.9,56.85,57.25,59.34,615051,35049547.30,07-Sep-2026,4784,INE350H01032
STYLEBAAZA,EQ,401,409.7,397.4,399.5,400,400.25,1380118,554643834.55,07-Sep-2026,7267,INE01FR01028
BABAFP,SM,23,23.85,23,23.75,23.75,23.85,6400,150560.00,07-Sep-2026,4,INE0QW501012
BAFNAPH,BE,301.75,301.75,301,301.75,301.75,295.85,3079,928969.00,07-Sep-2026,43,INE878I01022
BAGMANE,RR,106.89,107.5,106.03,107.48,107.45,106.28,712552,76238856.19,07-Sep-2026,8373,INE2OVN25015
BAHETI,SM,861,861,826,826,826,846,15000,12574537.50,07-Sep-2026,26,INE029Q01017
BAIDFIN,EQ,10.02,11.42,10.02,10.89,11.3,10.12,194252,2071556.42,07-Sep-2026,504,INE020D01022
BAJAJ-AUTO,EQ,11810,11860,11727,11800,11800,11919,106111,1250295108.00,07-Sep-2026,20614,INE917I01010
BAJAJCON,EQ,515.1,528.5,506.55,526,521.5,517.55,1131292,590546458.65,07-Sep-2026,42638,INE933K01021
BAJAJELEC,EQ,335,345,331.15,342.1,343.05,331.15,243527,82930358.70,07-Sep-2026,8197,INE193E01025
BAJFINANCE,EQ,1064,1070,1054.3,1060,1060,1060.5,3586860,3799051175.20,07-Sep-2026,84407,INE296A01032
BAJAJFINSV,EQ,1968,1973,1938.6,1938.6,1938.6,1970,502611,982888128.60,07-Sep-2026,26545,INE918I01026
BAJAJHCARE,EQ,323.95,333,320.1,328.8,330.7,321.45,184124,60353647.90,07-Sep-2026,4618,INE411U01027
BAJAJHIND,EQ,22.15,23.14,22.15,22.77,22.82,21.86,47854998,1086843043.35,07-Sep-2026,52793,INE306A01021
BAJAJHLDNG,EQ,11200,11200,10956,10956,10956,11162,40066,442313140.00,07-Sep-2026,8436,INE118A01012
BAJAJHFL,EQ,82.91,84.98,82.5,84.04,84.09,83.08,3878435,324805116.96,07-Sep-2026,27137,INE377Y01014
BAJAJST,EQ,360,368.5,360,366.4,365.6,362.95,16911,6182367.80,07-Sep-2026,454,INE704G01024
BAJEL,EQ,182.5,187.92,182.41,187.45,186.6,183.82,535172,98974703.75,07-Sep-2026,4729,INE0KQN01018
BALPHARMA,EQ,87.73,95,86,92.69,93,87.73,156982,14420326.10,07-Sep-2026,1886,INE083D01012
BALAMINES,EQ,2575,2629.8,2478.8,2566.8,2560,2525.2,490283,1258428310.50,07-Sep-2026,42742,INE050E01027
BALAJIPHOS,SM,108.3,108.5,106.25,106.25,106.25,114,10000,1073200.00,07-Sep-2026,10,INE0PQ601019
BALAJITELE,EQ,96,96.01,90.1,91.81,92.49,93.17,181918,16854508.64,07-Sep-2026,2649,INE794B01026
BALAXI,EQ,26,26,23.5,24.24,24.43,25.37,69369,1707583.61,07-Sep-2026,289,INE618N01022
BALKRISIND,EQ,2273,2295,2242.6,2287.1,2292.8,2284.6,364047,827824427.30,07-Sep-2026,65639,INE787D01026
BALKRISHNA,EQ,17.5,17.5,16.81,16.9,17,17.08,28940,501022.02,07-Sep-2026,112,INE875R01011
BALMLAWRIE,EQ,178.55,179.1,176.92,177.98,178.1,177.98,165626,29479401.37,07-Sep-2026,2255,INE164A01016
BLIL,EQ,72.67,73.4,72.55,72.79,72.55,72.53,106611,7782203.51,07-Sep-2026,1314,INE525F01025
BALRAMCHIN,EQ,695,722,695,711.55,707,690.6,5509645,3916304866.45,07-Sep-2026,97258,INE119A01028
BALUFORGE,EQ,576,581.35,540.9,557.6,555.75,574.1,2264071,1260778601.65,07-Sep-2026,34556,INE011E01029
BANARBEADS,EQ,115,115,109.59,111.13,113.94,113.9,2938,327378.72,07-Sep-2026,83,INE655B01011
BANCOINDIA,EQ,623.1,631,620.1,626.95,628,623.5,82486,51664574.05,07-Sep-2026,6604,INE213C01025
BANDHANBNK,EQ,164.95,166.42,161.67,164.7,164.7,164.95,5204215,853945469.54,07-Sep-2026,41263,INE545U01014
GOLDBND,EQ,153.28,153.28,150.74,151.8,151.84,153.82,44081,6683067.33,07-Sep-2026,353,INF194KB1KJ7
IDFNIFTYET,EQ,261,266.9,261,262.43,264.04,264.49,2513,662832.82,07-Sep-2026,78,INF194KA1U07
SILVERBND,EQ,232.87,232.88,229.25,230.34,230.2,233.61,6772,1558857.41,07-Sep-2026,237,INF194KB1KI9
BANG,EQ,35.4,35.4,34,34.61,34.7,34.79,18690,644165.34,07-Sep-2026,59,INE863I01016
BANKBARODA,EQ,240,240.9,235.2,237,237,239,6824391,1616671339.32,07-Sep-2026,55052,INE028A01039
BANKINDIA,EQ,145,145.5,141.44,142.02,142.02,145,3604727,513197469.66,07-Sep-2026,23297,INE084A01016
MAHABANK,EQ,86.1,87.5,84.7,85,85,85.95,12286857,1051444497.69,07-Sep-2026,40997,INE457A01014
BANKA,EQ,80.99,82.01,78.3,82,82,79,9023,731920.15,07-Sep-2026,48,INE862Y01015
BASML,BE,25.01,25.4,24.5,24.83,24.99,25.41,53236,1326451.71,07-Sep-2026,166,INE186H01022
BANARISUG,EQ,3825.2,3924.3,3785.1,3832.3,3898.9,3803.3,2346,9008026.70,07-Sep-2026,474,INE459A01010
BANSALWIRE,EQ,315,321.65,315,317.4,320,315,51358,16322054.05,07-Sep-2026,2672,INE0B9K01025
BANSWRAS,EQ,117.05,117.05,114.52,115.32,114.58,117.05,29695,3426047.71,07-Sep-2026,470,INE629D01020
BVCL,EQ,43.2,43.2,41.62,42.3,42.01,43.48,38507,1628368.16,07-Sep-2026,362,INE139I01011
BARFLEX,SM,60.9,60.9,60.5,60.5,60.5,60.9,8000,484800.00,07-Sep-2026,2,INE0QX401014
BBNPNBETF,EQ,58,59.25,57.4,57.78,57.4,58.3,2199,126459.58,07-Sep-2026,49,INF251K01TL6
BBNPPGOLD,EQ,148.5,148.55,145,146.6,146.2,148.7,7224,1059583.55,07-Sep-2026,127,INF251K01SU9
BASF,EQ,3875,3879.8,3780,3788,3780,3864.9,20383,77921983.70,07-Sep-2026,3791,INE373A01013
BASILIC,SM,192,192,184.65,187.45,187.05,188.65,13200,2468370.00,07-Sep-2026,33,INE0OCC01013
BATAINDIA,EQ,672.75,675,667.5,669.45,668.75,672.75,68230,45772968.85,07-Sep-2026,5060,INE176A01028
BATLIBOI,EQ,92.28,92.28,88,88.83,88.61,90.81,71900,6384992.87,07-Sep-2026,553,INE177C01022
BAWEJA,SM,24.65,26.1,24.65,26.1,26.1,26.1,4000,99920.00,07-Sep-2026,5,INE0JFJ01011
BAYERCROP,EQ,4009.8,4010.8,3966,3987.4,3975,3989.9,7323,29139100.60,07-Sep-2026,1985,INE462A01022
BCLIND,EQ,36.78,36.99,36.22,36.48,36.57,36.62,419893,15356449.56,07-Sep-2026,2573,INE412G01024
BCPL,EQ,69.5,69.95,67.55,68.39,68.06,68.45,8075,555137.29,07-Sep-2026,258,INE00SW01015
BEACON,SM,83.6,85.5,80.75,83.6,83.6,83.6,13000,1071350.00,07-Sep-2026,12,INE639X01027
BEARDSELL,EQ,26.25,26.25,24.8,24.99,25.25,25.31,12167,306030.18,07-Sep-2026,170,INE520H01022
BEDMUTHA,EQ,115.79,115.79,107.4,107.76,108,112.37,1518,165557.91,07-Sep-2026,70,INE844K01012
BEEKAY,EQ,405.1,430,405.1,428.3,425.25,417.4,2437,1040517.85,07-Sep-2026,133,INE213D01015
BLEL,EQ,456.3,483,456,478.3,479,453.15,2567920,1205518610.60,07-Sep-2026,42227,INE1EEM01017
BELLACASA,EQ,240.01,248.8,240.01,240.87,243.7,242.85,7879,1916536.02,07-Sep-2026,651,INE344T01014
BELRISE,EQ,235,238.4,229.25,230.29,231.1,236.86,3431813,800370564.42,07-Sep-2026,66031,INE894V01022
BLAL,EQ,161.02,163.45,158.61,158.98,159.83,160.88,25030,3994681.56,07-Sep-2026,837,INE0N7W01012
BEML,EQ,2067,2125,2060.7,2097.2,2091.1,2057.8,487014,1017697549.10,07-Sep-2026,30702,INE258A01024
BENARAS,EQ,10248,10399,10052,10134,10101,10200,39,403508.00,07-Sep-2026,14,INE664D01019
BENGALASM,EQ,6277,6490,6226,6302,6232,6332.5,438,2778875.00,07-Sep-2026,158,INE083K01017
BERGEPAINT,EQ,485.4,488.95,480.55,484.5,484.7,485.3,305409,148070264.75,07-Sep-2026,13514,INE463A01038
BESTAGRO,EQ,19.46,20.22,19.32,20.07,20.19,19.29,1602936,31846420.57,07-Sep-2026,6535,INE052T01021
BETA,EQ,2204,2204,2087.9,2123.9,2159,2218.5,42831,91141362.00,07-Sep-2026,5804,INE351Y01019
BEWLTD,SM,51.1,51.1,50,50,50,49.3,2000,100550.00,07-Sep-2026,4,INE0HQI01014
BFINVEST,EQ,472,472,455.55,458.95,458.1,469.35,14548,6721594.70,07-Sep-2026,1023,INE878K01010
BFUTILITIE,EQ,542.4,542.45,525.3,529.4,530.05,542.45,68085,36268961.70,07-Sep-2026,2952,INE243D01012
BANK10BETF,EQ,21,21,20.61,20.76,20.84,20.9,1418,29376.33,07-Sep-2026,15,INF0QA701CI0
BANKBETF,EQ,58.79,58.79,58,58.19,58,58.56,41761,2424828.59,07-Sep-2026,328,INF0QA701714
LIQUIDBETF,EQ,1097.77,1097.79,1097.77,1097.78,1097.79,1097.63,199910,219457577.00,07-Sep-2026,216,INF0QA701854
NIFTYBETF,EQ,245.96,245.96,244.31,245.2,245,246.65,1491,365872.14,07-Sep-2026,146,INF0QA701722
BGRENERGY,BE,247.4,258.55,238,258.49,258.5,246.26,78117,19871099.75,07-Sep-2026,836,INE661I01014
BHADORA,ST,108,111.25,107,109.15,107,111.95,22800,2501040.00,07-Sep-2026,18,INE0ZRC01017
BHAGERIA,BE,319.85,319.85,319.85,319.85,319.85,304.65,141581,45284682.85,07-Sep-2026,639,INE354C01027
BHAGCHEM,EQ,264.6,267.2,259.4,260.75,260,264.6,62090,16292752.20,07-Sep-2026,1159,INE414D01027
BHAGYANGR,EQ,370.8,378,363.55,373.4,374.85,370.45,88451,32804480.80,07-Sep-2026,3398,INE458B01036
BHANDARI,EQ,3.08,3.08,2.95,2.98,3.02,3.03,145915,438978.09,07-Sep-2026,395,INE474E01029
BEPL,EQ,126.91,128.57,125.01,126.84,127,127.5,1042410,132322436.96,07-Sep-2026,9553,INE922A01025
BBL,EQ,2265.6,2300,2233.1,2239.1,2243.6,2289.3,26757,60468620.50,07-Sep-2026,3938,INE464A01036
BHARATCOAL,EQ,33.73,34.4,33.65,33.75,33.77,33.81,4266149,144760450.01,07-Sep-2026,15409,INE05XR01022
BDL,EQ,1258,1267,1240,1241.7,1241.7,1255,807688,1011043628.70,07-Sep-2026,26157,INE171Z01026
BEL,EQ,406.35,409.25,404,404,404,405.35,5965784,2424222818.95,07-Sep-2026,98097,INE263A01024
BHARATFORG,EQ,1953,1955.9,1927.3,1955,1955,1956,1414192,2748979350.40,07-Sep-2026,63953,INE465A01025
BHARATGEAR,BE,103.5,103.5,102.5,102.79,103.5,102.93,16153,1660033.25,07-Sep-2026,118,INE561C01019
BPLPHARMA,EQ,1539,1575,1500,1548.7,1563,1533.3,1034,1611007.40,07-Sep-2026,106,INE365Y01019
BPCL,EQ,314.9,316.7,311.2,312.9,312.9,315.7,2363459,739195308.50,07-Sep-2026,27894,INE029A01011
BHARATRAS,EQ,1173.9,1186.9,1148.1,1161,1164,1171.8,19157,22289479.40,07-Sep-2026,2016,INE838B01021
BRNL,EQ,17.04,17.28,17.03,17.09,17.1,17.12,11606,198329.75,07-Sep-2026,171,INE727S01012
BHARATSE,EQ,211.99,232,209,227.65,228.01,211.69,737108,166218375.30,07-Sep-2026,14049,INE415D01024
BHARATWIRE,EQ,180.42,182.16,178.01,180,179.77,181.32,99252,17901841.27,07-Sep-2026,1891,INE316L01019
BGLOBAL,BZ,3.31,3.31,3.06,3.2,3.2,3.16,23752,75418.15,07-Sep-2026,37,INE224M01013
BHARTIARTL,EQ,1845,1855.5,1830.4,1854,1854,1840,5972458,11001713330.40,07-Sep-2026,169054,INE397D01024
BHARTIHEXA,EQ,1502.8,1534.6,1498,1528.7,1525,1495.4,83814,127174011.80,07-Sep-2026,15036,INE343G01021
BIL,EQ,930,955,907.05,931.15,920,907.85,20199,18807396.05,07-Sep-2026,1134,INE828A01016
BHEL,EQ,432.9,434.95,418.55,421.45,421.45,431.1,4092933,1735309629.20,07-Sep-2026,51225,INE257A01026
BTTL,BE,42.56,42.56,41.06,41.36,41.2,41.53,1309,54552.35,07-Sep-2026,38,INE274K01012
BIGBLOC,EQ,42.35,42.5,41.31,41.43,41.45,41.92,26885,1118995.94,07-Sep-2026,346,INE412U01025
BIKAJI,EQ,585.1,587,577.1,580.25,582,584.2,73330,42494887.60,07-Sep-2026,5037,INE00E101023
BIKEWO,ST,93,102.6,92.95,99.7,102.6,97.8,134000,12769600.00,07-Sep-2026,49,INE0SQH01013
BILVYAPAR,BE,4.06,4.24,3.92,4.07,4.07,4.04,6685,27319.88,07-Sep-2026,26,INE071A01013
BI,BE,100.64,100.64,100.6,100.64,100.64,95.85,207087,20841175.04,07-Sep-2026,186,INE986A01012
GROWW,EQ,194.75,196.6,191.01,194.73,194.78,194,21419848,4168786576.14,07-Sep-2026,144046,INE0HOQ01053
BIMETAL,EQ,635,635,575.8,620.1,610,635,567,344499.25,07-Sep-2026,113,INE469A01019
BMLL,SM,180,180.1,164.25,165.55,164.25,177,154000,26133150.00,07-Sep-2026,94,INE1BKA01015
BIOCON,EQ,396.5,397.35,388.65,391.4,391.4,397.4,2488189,975694450.40,07-Sep-2026,37576,INE376G01013
BIOFILCHEM,EQ,31.36,32.7,31.36,32.04,32.05,32,6959,222261.37,07-Sep-2026,119,INE829A01014
BIOPOL,SM,48,48,48,48,48,45.75,33600,1612800.00,07-Sep-2026,15,INE0XW001014
BIRLACABLE,EQ,395,395,357.75,357.75,357.75,376.55,780466,284806071.90,07-Sep-2026,8015,INE800A01015
BIRLACORPN,EQ,892,892,859.8,868.15,865.05,887.35,86094,74873497.55,07-Sep-2026,8648,INE340A01012
BIRLAPREC,EQ,59.65,61.4,57.76,58.12,57.85,57.92,892405,53217956.84,07-Sep-2026,6232,INE372E01025
BIRLANU,EQ,1459.8,1470,1433.2,1448.9,1445.1,1448,9598,13941236.40,07-Sep-2026,1314,INE557A01011
ABGSEC,EQ,114.72,114.74,113.62,114.51,114.51,113.58,1748,198630.27,07-Sep-2026,14,INF209KC1134
ABSL10BANK,EQ,170.8,170.8,165,165.62,165.1,168.65,1301,218616.10,07-Sep-2026,72,INF209KC1670
ABSLBANETF,EQ,58.95,58.97,58.5,58.66,58.7,59.06,118426,6936856.17,07-Sep-2026,520,INF209KB17D5
ABSLLIQUID,EQ,975,1000.01,975,1000,1000,1000,1522,1521960.79,07-Sep-2026,23,INF209KB18T9
ABSLMSCIN,EQ,29.58,29.6,29.23,29.23,29.23,29.44,289,8517.00,07-Sep-2026,12,INF209KC1662
ABSLNN50ET,EQ,77.46,78,76.3,77.15,78,77.08,10606,813723.93,07-Sep-2026,305,INF209KB16D7
BSLSENETFG,EQ,76.73,79,76.43,78.72,79,77.52,2432,187421.72,07-Sep-2026,156,INF209KB10E8
HEALTHY,EQ,17.26,17.29,16.79,17.03,17.1,16.84,327939,5556395.83,07-Sep-2026,1383,INF209KB10C2
MOMENTUM,EQ,31.4,31.5,30.83,31.18,31.27,31.06,91422,2847629.01,07-Sep-2026,242,INF209KB14K7
NIFTYQLITY,EQ,21.32,21.32,20.99,21.09,21.14,21.32,28266,595799.55,07-Sep-2026,333,INF209KB15K4
SILVER,EQ,231.44,231.44,228.59,229.65,229.72,232.64,540810,124018210.31,07-Sep-2026,8103,INF209KB19F6
TECH,EQ,33.97,34.77,32.73,32.78,32.9,33.81,96939,3193877.46,07-Sep-2026,449,INF209KB11D8
ABSLPSE,EQ,10.2,10.25,10.09,10.11,10.18,10.18,88062,892340.45,07-Sep-2026,443,INF209KB19Z4
BSOFT,EQ,289.35,289.4,281.15,282.45,282.8,289.35,1074663,304508770.95,07-Sep-2026,27005,INE836A01035
BBOX,EQ,721.85,780.5,711,774.25,777,712.25,1254584,957805609.55,07-Sep-2026,47556,INE676A01027
BLACKROSE,BE,114.97,114.97,111.5,111.86,112.5,113.02,30178,3418790.13,07-Sep-2026,314,INE761G01016
BLACKBUCK,EQ,587.95,593.6,582.05,583.6,584.4,586.1,145511,85594341.60,07-Sep-2026,13559,INE0UIZ01018
BLBLIMITED,EQ,16.9,17.05,16.35,16.87,17,16.68,83422,1396928.59,07-Sep-2026,310,INE791A01024
BLISSGVS,BE,670,704.55,660.5,691.35,693,671,581762,400394422.10,07-Sep-2026,5771,INE416D01022
BLSE,EQ,318.9,330.75,317.3,319.45,320,320.05,384135,123814656.50,07-Sep-2026,5960,INE0NLT01010
BLS,EQ,239,244.07,238.2,239.17,238.8,238.79,877913,210959399.35,07-Sep-2026,14655,INE153T01027
BLUECHIP,BE,2.1,2.1,2.1,2.1,2.1,2.14,3773,7923.30,07-Sep-2026,10,INE657B01025
BLUECLOUDS,EQ,19.92,20.16,19.62,19.69,19.74,19.88,826444,16353735.63,07-Sep-2026,2257,INE373T01047
BLUECOAST,EQ,23.49,23.99,22.32,22.44,22.4,23.49,760,17118.43,07-Sep-2026,28,INE472B01011
BLUEDART,EQ,4991.7,4996.6,4953,4988.8,4975,4991.7,4441,22119907.80,07-Sep-2026,1019,INE233B01017
BLUEJET,EQ,570.8,572.9,561,569.05,570,569.8,454178,256737057.90,07-Sep-2026,18991,INE0KBH01020
BLUEPEBBLE,SM,88,88.15,76.05,76.5,76.1,84,12800,1016860.00,07-Sep-2026,25,INE0SAK01011
BLUESTARCO,EQ,1477.3,1503.3,1476.4,1496,1496,1484,503988,753138562.60,07-Sep-2026,27471,INE472A01039
BLUEWATER,ST,498.9,498.9,473,491.85,491.85,486.75,5000,2436700.00,07-Sep-2026,5,INE0X3M01010
BLUESTONE,EQ,845,883.3,843.05,870,872,842.75,1213108,1056051663.45,07-Sep-2026,47671,INE304W01038
BLUSPRING,EQ,138.86,138.96,135.05,137.19,138.25,138.96,216374,29660559.26,07-Sep-2026,3682,INE0U4101014
BMWVENTLTD,EQ,54.7,55.7,54.7,55.21,55.12,55.36,61090,3375991.59,07-Sep-2026,589,INE965W01036
BNAGROCHEM,EQ,224,224,208,213.46,210,216.73,3763,794612.15,07-Sep-2026,104,INE00HZ01011
BODALCHEM,EQ,168,171.18,162.8,171.18,171.18,155.62,4910182,831523915.50,07-Sep-2026,18306,INE338D01028
BTML,EQ,8.59,8.59,8.34,8.49,8.49,8.51,612293,5199300.92,07-Sep-2026,317,INE0EEJ01023
BOHRAIND,EQ,12.7,12.9,12.5,12.51,12.5,12.7,17811,224763.58,07-Sep-2026,74,INE802W01023
BBTC,EQ,1517.6,1524.5,1468.1,1471.9,1479.8,1496.8,58433,86840968.50,07-Sep-2026,4663,INE050A01025
BOMDYEING,EQ,113.05,113.66,112,112.21,112.07,113.47,233902,26301191.00,07-Sep-2026,2580,INE032A01023
BMETRICS,SM,34.5,35,33.65,33.8,33.8,35.15,16800,577360.00,07-Sep-2026,20,INE0I3Y01014
BSHSL,EQ,91.48,93.9,90,92.51,92,91.48,16733,1549608.33,07-Sep-2026,304,INE032Z01020
810IRFC27,N2,1083,1083,1082,1082.5,1082.5,1082,1319,1427195.00,07-Sep-2026,26,INE053F07538
830NHAI27,N2,1086,1087,1085.5,1086,1086,1086.4,765,830945.22,07-Sep-2026,11,INE906B07CB9
846REC28,N6,1129.9,1129.9,1129.9,1129.9,1129.9,1117.61,26,29377.40,07-Sep-2026,2,INE020B07HP8
863IRFC29,NC,1154.9,1154.9,1154,1154,1154,1155,40,46178.00,07-Sep-2026,2,INE053F07728
865IRFC29,NA,1100.1,1122.99,1100.1,1105,1105,1107,483,533419.30,07-Sep-2026,16,INE053F07686
871REC28,N9,1126,1126,1121.2,1125.81,1121.2,1121.42,104,117084.80,07-Sep-2026,2,INE020B07HS2
888IRFC29,NE,1126.1,1128,1123,1128,1128,1126,610,687123.50,07-Sep-2026,17,INE053F07744
901NHB34,N6,6364,6364.01,6364,6364.01,6364.01,6378.63,3,19092.01,07-Sep-2026,3,INE557F07132
BONLON,EQ,43,43,40.05,40.08,40.06,40.13,5106,205990.26,07-Sep-2026,155,INE0B9A01018
BORANA,EQ,304.65,339,304.65,325.25,327,307.6,103211,33550273.60,07-Sep-2026,2092,INE16SF01016
BOROLTD,EQ,259.02,262,252.5,254.24,253.5,258.96,123730,31680770.82,07-Sep-2026,3520,INE02PY01013
BORORENEW,EQ,501.9,517.95,500.95,513.65,514,499.15,675793,346069569.20,07-Sep-2026,20922,INE666D01022
BOROSCI,EQ,130.59,133.32,129.21,130.65,131.28,132.16,30777,4037375.96,07-Sep-2026,931,INE02L001032
BOSCH-HCIL,EQ,1825,1891.3,1802.3,1849.1,1854.9,1818.8,64899,120267998.50,07-Sep-2026,9726,INE782A01015
BOSCHLTD,EQ,46750,48550,46535,48025,48025,46820,54963,2632404340.00,07-Sep-2026,23896,INE323A01026
BOSS,SM,54.6,57.9,54.2,57.2,57.9,55.7,16000,888600.00,07-Sep-2026,8,INE0QNI01012
BPL,EQ,49.38,49.87,48.1,48.77,49,49.38,35621,1736396.37,07-Sep-2026,617,INE110A01019
BRACEPORT,SM,58,58,48,51.4,57,58.8,65600,3404800.00,07-Sep-2026,41,INE0R4Z01018
BRAHMINFRA,EQ,162.98,163.82,156,158.66,160.74,163.82,14611,2340759.39,07-Sep-2026,483,INE320I01017
FIRSTCRY,EQ,180.16,181.25,176.01,177.03,177.35,180.16,583428,103802814.37,07-Sep-2026,8858,INE02RE01045
BCONCEPTS,EQ,170.8,176,167.37,173.98,172.13,167.33,8363,1435212.78,07-Sep-2026,728,INE977Y01011
BRANDMAN,SM,165.25,175.7,165.25,170.25,170,171.3,8000,1370080.00,07-Sep-2026,8,INE0XUD01014
BRIGADE,EQ,700,704.85,672.9,679.05,676,696.1,867916,594209742.15,07-Sep-2026,32228,INE791I01019
BRIGHOTEL,EQ,59.9,59.9,57.11,57.34,57.64,59.19,333568,19304720.54,07-Sep-2026,10246,INE03NU01014
BRIGHTBR,EQ,255,263.95,247.5,259.1,260,254.8,3231,837904.35,07-Sep-2026,80,INE630D01010
BCG,EQ,9.05,9.79,9.05,9.62,9.65,8.98,18043444,172335841.74,07-Sep-2026,11770,INE425B01027
BRITANNIA,EQ,5126,5126,5005.5,5042.5,5042.5,5101.5,307760,1551972608.00,07-Sep-2026,34290,INE216A01030
BIRET,RR,343,343.99,340.22,341.27,341.97,341.79,221960,75818849.36,07-Sep-2026,11869,INE0FDU25010
BROOKS,EQ,66.7,70.8,66.6,67.7,67.1,66.07,25779,1747956.37,07-Sep-2026,289,INE650L01011
BSE,EQ,3430,3474.5,3420,3446.2,3446.2,3409.8,3952983,13619681378.90,07-Sep-2026,177372,INE118H01025
BSL,EQ,123.85,124.75,120.3,122.63,122.99,123.58,12827,1565760.35,07-Sep-2026,100,INE594B01012
BUTTERFLY,EQ,624.8,624.85,613,614.9,615,624.85,8621,5338433.30,07-Sep-2026,477,INE295F01017
BULKCORP,ST,81,81,81,81,81,78,1200,97200.00,07-Sep-2026,1,INE0SZ301012
BURNPUR,EQ,22.63,22.63,20.49,20.49,20.49,21.56,378050,8000469.46,07-Sep-2026,1239,INE817H01022
CGVAK,EQ,148.2,152,144,147.27,148,148.21,1517,223595.41,07-Sep-2026,102,INE084D01010
CKKRETAIL,SM,150,150.1,149.5,149.65,149.5,151,38400,5759320.00,07-Sep-2026,11,INE0SMX01019
CPS,SM,1175,1186.5,1175,1186.5,1186.5,1130,1350,1597800.00,07-Sep-2026,9,INE0QBU01012
MAPMYINDIA,EQ,980,982,963.8,976,977.4,972.2,80595,78452927.50,07-Sep-2026,6427,INE0BV301023
C2C,SM,219.8,223,214.5,215.75,215.75,221.8,60750,13203022.50,07-Sep-2026,334,INE0U7V01015
CADSYS,ST,46.4,46.4,46.4,46.4,46.4,46.45,500,23200.00,07-Sep-2026,1,INE090Y01013
CMLL,EQ,504.05,506.9,483.6,490.25,485.55,503.05,495341,242790935.10,07-Sep-2026,12783,INE11XY01018
CALSOFT,BE,38.94,38.94,38.94,38.94,38.94,40.98,70769,2755744.86,07-Sep-2026,281,INE526B01014
CTE,BE,42.66,43.49,40.67,41.85,42.5,41.82,9057,381997.88,07-Sep-2026,63,INE627H01017
CAMLINFINE,EQ,103.9,103.9,101.1,101.68,101.6,103.13,283654,29071023.54,07-Sep-2026,3360,INE052I01032
CAMPUS,EQ,222.91,222.91,217.2,218.77,219.1,223.24,487844,106894936.33,07-Sep-2026,11072,INE278Y01022
CANFINHOME,EQ,805.8,814.4,795,805.45,808,807.4,378816,305011778.65,07-Sep-2026,18559,INE477A01020
CANBK,EQ,125.8,126.35,124,124,124,125.5,9628580,1199171726.87,07-Sep-2026,61835,INE476A01022
CANHLIFE,EQ,158.5,158.5,152.95,153.97,153.85,157.23,1602353,247744589.10,07-Sep-2026,13585,INE01TY01017
CRAMC,EQ,253,253.95,248.15,249.25,249.1,251.5,153117,38322448.50,07-Sep-2026,5270,INE218I01013
CANARYS,SM,26.2,26.5,24.75,24.9,24.75,26.1,100000,2534200.00,07-Sep-2026,22,INE0QG301017
CANTABIL,EQ,242.8,243.6,238.01,238.83,238.16,243.05,78096,18700478.91,07-Sep-2026,2423,INE068L01024
CAPACITE,EQ,216.5,217.1,204.8,205.8,206.4,216.22,627204,130608493.72,07-Sep-2026,12204,INE264T01014
CAPILLARY,EQ,490.05,490.05,472,473.8,475.9,490.05,97805,46740641.25,07-Sep-2026,3028,INE0ILV01024
CIFL,EQ,20.49,20.75,19.56,19.89,20.19,19.98,1286514,25769746.54,07-Sep-2026,757,INE345H01024
CAPINVIT,IV,76.9,77.25,76.64,76.85,76.89,76.64,1192869,91679122.26,07-Sep-2026,2072,INE0Z8Z23013
CAPITALSFB,EQ,285,286.5,273.85,277.9,278,280.95,38251,10710837.70,07-Sep-2026,840,INE646H01017
CAPTRUST,BE,20.04,20.21,19.62,19.89,19.9,20.04,19020,379294.69,07-Sep-2026,76,INE707C01018
CAPLIPOINT,EQ,2797.1,2836,2778,2814,2821,2810.8,111399,312854089.50,07-Sep-2026,14381,INE475E01026
CGCL,EQ,282.7,287.45,273.1,275.7,273.8,279.9,6271786,1755191127.65,07-Sep-2026,153972,INE180C01042
CPL,EQ,62.6,63.49,62.1,62.28,62.35,62.11,117100,7359006.91,07-Sep-2026,421,INE536P01021
CARBORUNIV,EQ,1139.4,1151,1095,1104,1109.7,1130.6,237087,266852703.00,07-Sep-2026,16473,INE120A01034
CARERATING,EQ,1738.1,1809,1715.7,1729.3,1726.1,1738.2,92927,164074892.40,07-Sep-2026,13218,INE752H01013
CPEDU,EQ,194,198,190,195.31,195.3,191.97,12394,2422762.48,07-Sep-2026,261,INE0P6P01016
CARRARO,EQ,532,544.9,526,540.45,539.7,533.65,167274,89166632.95,07-Sep-2026,6759,INE0V7W01012
CARTRADE,EQ,3004,3250,3004,3179.9,3176.8,3000.2,1233314,3909219079.50,07-Sep-2026,95084,INE290S01011
CARYSIL,EQ,1136.1,1165,1105.1,1152.6,1156.7,1140.8,198641,224196044.50,07-Sep-2026,10615,INE482D01024
CUDML,SM,102.5,104.2,102.1,102.1,102.1,105.2,43000,4433850.00,07-Sep-2026,28,INE0WL201014
CASTROLIND,EQ,191.8,191.8,188.17,189.01,189,190.27,1639217,310670762.29,07-Sep-2026,24628,INE172A01027
CCL,EQ,1103.8,1109.9,1085,1097.4,1108,1106.2,151259,165649880.30,07-Sep-2026,17087,INE421D01022
CEATLTD,EQ,3368,3368,3287,3336.1,3336.1,3333.2,55616,184770216.10,07-Sep-2026,8581,INE482A01020
CEDAAR,ST,13.6,13.6,13.3,13.3,13.3,13.6,3000,40400.00,07-Sep-2026,3,INE11J101017
CEIGALL,EQ,356.6,373.2,355.15,370.3,370.95,355.8,814931,297797494.15,07-Sep-2026,16246,INE0AG901020
CEINSYS,EQ,680.9,724,680.9,708.75,715,677.85,149385,106199266.75,07-Sep-2026,9394,INE016Q01014
CELEBRITY,EQ,6.8,6.8,6.66,6.72,6.7,6.8,10083,67716.70,07-Sep-2026,52,INE185H01016
CELLPOINT,SM,15.25,15.3,15.25,15.3,15.3,16.3,4800,73380.00,07-Sep-2026,4,INE0O0001013
CELLECOR,SM,32.35,32.5,32.05,32.25,32.05,32.85,93000,2995350.00,07-Sep-2026,28,INE0OMO01025
CELLO,EQ,343.05,344.95,337.35,338.95,338.85,342,158668,54018582.55,07-Sep-2026,8120,INE0LMW01024
CEMPRO,EQ,1297.4,1355,1284.6,1316.9,1311,1297.4,401585,533399907.80,07-Sep-2026,33327,INE686A01026
CENTRALBK,EQ,31.03,31.15,30.8,30.96,30.96,31.08,3821575,118238782.60,07-Sep-2026,19451,INE483A01010
CDSL,EQ,1392.1,1438,1383.8,1414.9,1414.9,1394.6,2731594,3883082379.90,07-Sep-2026,73798,INE736A01011
CMPDI,EQ,244,247,236.6,240.12,240.8,243.92,2756152,668227472.64,07-Sep-2026,40046,INE05HV01027
CENTRUM,EQ,22.58,23.09,22.23,22.47,22.27,22.55,215222,4857043.95,07-Sep-2026,452,INE660C01027
CENTUM,EQ,3778.2,4420,3778.2,4376.9,4381,3767.3,827315,3499667819.30,07-Sep-2026,106420,INE320B01020
CENTENKA,EQ,618.3,624.95,602,607.05,607.5,608.9,131351,80898823.55,07-Sep-2026,5192,INE485A01015
CENTEXT,EQ,20.36,21,20.31,20.92,20.91,20.19,166389,3451768.42,07-Sep-2026,1147,INE281A01026
CENTURYPLY,EQ,750.25,760,736.1,739.3,738.95,748.45,37954,28137238.90,07-Sep-2026,7222,INE348B01021
CERA,EQ,5787.5,5799,5712,5743.5,5731,5787.5,2630,15106922.50,07-Sep-2026,1044,INE739E01017
CEREBRAINT,BZ,2.69,2.82,2.69,2.79,2.82,2.69,212461,589428.24,07-Sep-2026,156,INE345B01019
CESC,EQ,146.5,150,145,145.44,145.8,146.5,1756003,257838104.80,07-Sep-2026,24090,INE486A01021
CGPOWER,EQ,902,912.05,894.25,895,895,891,3937949,3556302254.15,07-Sep-2026,89241,INE067A01029
CHALET,EQ,900,913.45,893.1,908.75,911,896.75,144926,131431595.50,07-Sep-2026,11647,INE427F01016
CLSEL,EQ,301.9,306.3,298.6,299.65,299,301.9,69317,20847515.45,07-Sep-2026,1925,INE419D01026
CMNL,SM,115,116.75,115,116.35,116.75,115.75,3000,347062.50,07-Sep-2026,4,INE06PV01010
CHAMBLFERT,EQ,420,421.95,416.45,418.05,418.5,419.05,364232,152292871.95,07-Sep-2026,15628,INE085A01013
CHAMUNDA,SM,43.35,43.5,43.35,43.4,43.5,43.35,6000,260550.00,07-Sep-2026,2,INE11HG01018
CHANDAN,SM,214,214.1,206,213.95,213.95,211.5,10400,2188560.00,07-Sep-2026,13,INE0B2N01016
CHAVDA,SM,124,129,124,125.55,126.1,124.5,14000,1766050.00,07-Sep-2026,13,INE0PT101017
CHEMBONDCH,BE,259.95,267.15,253,267.15,267.15,254.45,9181,2417612.25,07-Sep-2026,122,INE0TGX01019
CHEMBOND,EQ,174.7,192,168.51,184.4,183.45,170.9,33357,5976659.08,07-Sep-2026,762,INE995D01025
CHEMCON,BE,200,201.9,196,199.56,199.51,198.38,24267,4836516.63,07-Sep-2026,210,INE03YM01018
CHEMCRUX,EQ,79.66,83.3,79.66,82.25,81.25,82.16,3553,290907.81,07-Sep-2026,131,INE298W01016
CHEMFAB,EQ,360.1,365.9,350,356.05,356.05,360.1,2768,989326.45,07-Sep-2026,157,INE783X01023
CHEMPLASTS,EQ,170,196.95,169.82,185.53,184,170.29,17821135,3349793630.66,07-Sep-2026,145423,INE488A01050
CHENNPETRO,EQ,1455,1461.4,1417,1430.2,1429.7,1452.2,567726,812279722.10,07-Sep-2026,23369,INE178A01016
CHETANA,SM,43.75,43.8,43.75,43.8,43.8,43.65,9600,420400.00,07-Sep-2026,2,INE0U1T01012
CHEVIOT,EQ,1189.9,1244.1,1177,1217.1,1218,1159.4,14214,17281966.80,07-Sep-2026,1303,INE974B01016
CHOICEIN,EQ,762,768.95,751.85,755.65,756,760.95,290500,220447989.80,07-Sep-2026,7144,INE102B01014
CHOICEGOLD,EQ,150,152,149.51,150.14,150.04,152.65,4860,730525.06,07-Sep-2026,170,INF2KCX01012
CHOLAHLDNG,EQ,1523,1533.1,1495.3,1520.7,1520.1,1525.7,60819,92298799.20,07-Sep-2026,8736,INE149A01033
CHOLAFIN,EQ,1838.6,1848.2,1798.3,1848.2,1848.2,1839,876074,1600326771.50,07-Sep-2026,35376,INE121A01024
CIEINDIA,EQ,390,390,382.3,383.55,383,385.35,224191,86286489.80,07-Sep-2026,16423,INE536H01010
CINELINE,EQ,98.4,104.4,95.23,98.71,98.49,95.23,332503,33478672.77,07-Sep-2026,4046,INE704H01022
CINEVISTA,EQ,14.52,14.99,14.17,14.25,14.23,14.24,8091,115511.54,07-Sep-2026,67,INE039B01026
CIPLA,EQ,1380,1395.7,1376.8,1395,1395,1385,606497,841806898.50,07-Sep-2026,29776,INE059A01026
CITIUSINVT,IV,116.4,117.45,115.8,116.22,116.3,116.37,135845,15770862.88,07-Sep-2026,540,INE2Q7823014
CUB,EQ,235.5,248.85,234.2,238.48,237.6,236.01,6586154,1598404214.27,07-Sep-2026,88340,INE491A01021
CLEDUCATE,EQ,58.05,60.98,56.7,60.97,60.89,58.08,25262,1484071.07,07-Sep-2026,212,INE201M01029
CLASSICEIL,SM,57.65,57.65,57,57.65,57.65,54.95,41600,2396320.00,07-Sep-2026,23,INE0UQ601012
CLAYCRAFT,SM,159.8,159.8,151,152,153,159.4,90600,13865670.00,07-Sep-2026,119,INE1QGM01024
CLCIND,BE,45.11,48.99,45.11,48.93,48.95,47.48,1882,91626.31,07-Sep-2026,17,INE376C01038
CLEANMAX,EQ,1344,1418.9,1340.3,1380.4,1378.6,1347.9,347544,482387944.20,07-Sep-2026,28548,INE647U01026
CLEAN,EQ,831.95,858.7,829.6,844.4,844.5,836.15,386433,326530851.10,07-Sep-2026,20354,INE227W01023
CSSL,SM,93,93,92.5,93,93,91.65,15000,1394000.00,07-Sep-2026,8,INE1EF801010
CMICABLES,BZ,2.41,2.53,2.41,2.51,2.53,2.53,19333,48637.40,07-Sep-2026,53,INE981B01011
CMRGREEN,EQ,229,230.38,220,221.03,223.3,228.34,755435,170260703.60,07-Sep-2026,15109,INE00WV01027
CMSINFO,EQ,243.46,244.98,238.11,239.02,239.01,243.46,454986,109121260.67,07-Sep-2026,17097,INE925R01014
COALINDIA,EQ,416.6,420.3,413.3,418.85,418.85,415.35,13592701,5674958384.90,07-Sep-2026,114546,INE522F01014
COASTCORP,EQ,41.88,41.88,40.11,40.44,40.21,41.88,47462,1935542.03,07-Sep-2026,492,INE377E01024
COCHINSHIP,EQ,1498.2,1520.4,1490.1,1506.4,1506.4,1499.1,615515,930439741.60,07-Sep-2026,20959,INE704P01025
COFFEEDAY,EQ,33.1,34.26,31,31.13,31,32.86,2063142,67032612.62,07-Sep-2026,4262,INE335K01011
COFORGE,EQ,1958,1958.6,1920.4,1935,1935,1972.8,1187703,2299190317.70,07-Sep-2026,58042,INE591G01025
COHANCE,EQ,450,458.2,443.5,449.55,451.8,456.6,845966,379772078.00,07-Sep-2026,29741,INE03QK01018
COLPAL,EQ,1836,1838.9,1807.3,1813.5,1813.5,1829.2,289793,526236229.00,07-Sep-2026,17013,INE259A01022
COMFINTE,EQ,6.22,6.3,6,6.11,6.18,6.21,138631,851424.06,07-Sep-2026,426,INE819A01049
COMSYN,EQ,303,304,291.8,294.2,296.4,301.3,242835,71615303.65,07-Sep-2026,1859,INE073V01015
COMPEAU,EQ,371.5,371.5,350,353,369.55,371.8,250,92247.45,07-Sep-2026,26,INE823B01015
COMPINFO,BZ,1.09,1.1,1.06,1.06,1.06,1.09,10515,11342.68,07-Sep-2026,34,INE070C01037
COMPUSOFT,EQ,13.04,13.26,13.02,13.16,13.15,13.02,32153,422249.34,07-Sep-2026,180,INE453B01029
CAMS,EQ,748,748.8,736.5,736.5,736.5,748.8,452436,335892102.05,07-Sep-2026,21923,INE596I01020
CONCORDBIO,EQ,1417.1,1456.1,1417,1443.2,1449.9,1417.1,62119,89416700.20,07-Sep-2026,9562,INE338H01029
CEWATER,EQ,263.85,269,260,265.25,264,262.55,38769,10264720.10,07-Sep-2026,2072,INE037Z01029
CFEL,EQ,31.85,32.75,31.85,32.48,32.55,32.48,13840,450984.58,07-Sep-2026,97,INE700F01024
CONFIPET,EQ,82.48,85.2,82,82.18,82.2,82.48,2942312,242799351.71,07-Sep-2026,9940,INE552D01024
CONNPLEX,SM,254,267.65,240,247.45,245,244.45,151200,38307000.00,07-Sep-2026,153,INE0EAS01014
CCCL,EQ,14.6,14.62,13.91,14.14,14.1,14.27,124145,1759793.91,07-Sep-2026,426,INE429I01024
CONSOFINVT,BE,302.7,302.7,302.7,302.7,302.7,288.3,29631,8969303.70,07-Sep-2026,76,INE025A01027
CONCOR,EQ,507.9,510.3,501.3,503.9,503.9,508,705152,356348057.55,07-Sep-2026,16077,INE111A01025
CONTI,SM,11.65,11.65,11.65,11.65,11.65,11.1,3333,38829.45,07-Sep-2026,1,INE340Z01019
CONTROLPR,EQ,596.3,608,589.55,600.2,602,593.35,13181,7887483.60,07-Sep-2026,1312,INE663B01015
COOLCAPS,ST,24.5,25.55,24.1,24.85,25.2,24.5,97500,2424937.50,07-Sep-2026,55,INE0HS001028
CORALFINAC,EQ,32.81,33.49,32.51,32.68,32.81,33.47,3658,120864.07,07-Sep-2026,122,INE558D01021
CORDSCABLE,EQ,324,324,302,313.35,313,317,194076,60794201.45,07-Sep-2026,4575,INE792I01017
COROMANDEL,EQ,1937.1,1980,1925.1,1974.6,1972.2,1938.8,86472,169653493.50,07-Sep-2026,15347,INE169A01031
CORONA,EQ,2100,2108.6,2056.7,2071.4,2077,2100.1,8419,17516048.90,07-Sep-2026,2241,INE02ZQ01018
COSMOFIRST,EQ,919.85,932.9,918.4,926.3,922,919.85,55031,50927843.15,07-Sep-2026,3415,INE757A01017
CCHHL,EQ,12.7,12.98,12.61,12.65,12.91,12.61,21353,274440.90,07-Sep-2026,105,INE652F01027
COUNCODOS,BE,6.44,6.64,6.4,6.51,6.41,6.45,20948,135837.38,07-Sep-2026,104,INE695B01025
CPCAP,EQ,129.1,140.7,128.11,135.89,136.9,128.33,111085,15146366.27,07-Sep-2026,1326,INE521J01018
CPSEETF,EQ,93.2,94.47,93.2,93.47,93.26,93.7,480522,45027212.03,07-Sep-2026,8409,INF457M01133
CRAFTSMAN,EQ,11456,11456,11100,11297,11250,11398,27397,308227043.00,07-Sep-2026,10299,INE00LO01017
CRAVATEX,EQ,335,335,320.2,322.05,322.05,329.5,207,67083.35,07-Sep-2026,36,INE145E01017
CRAYONS,SM,24.15,24.95,23.9,24,24,25.1,13000,315600.00,07-Sep-2026,11,INE0OFK01019
CREATIVEYE,EQ,6.19,6.25,6.03,6.18,6.07,6.19,5934,36679.41,07-Sep-2026,53,INE230B01021
CGRAPHICS,SM,145.6,148.5,140,142.85,144.75,147.6,71200,10330840.00,07-Sep-2026,50,INE0R7401011
CNL,EQ,1221.5,1244.9,1200,1209.5,1208.1,1215.5,20230,24646274.50,07-Sep-2026,1528,INE985W01018
CREDENT,SM,315.8,335,310.5,324.5,326,317.7,121200,39396120.00,07-Sep-2026,183,INE1KPX01025
CREDITACC,EQ,1448,1448.5,1420,1427.2,1425,1443.1,110842,158495842.10,07-Sep-2026,23191,INE741K01010
MUFTI,EQ,74.68,76.48,72.9,74,74.84,75.23,62838,4716977.03,07-Sep-2026,961,INE220Q01020
CRSL,BE,2.76,2.84,2.61,2.63,2.67,2.73,570828,1517160.35,07-Sep-2026,780,INE716D01033
CREST,EQ,357.35,375,351.75,370.65,373,359,5288,1942387.15,07-Sep-2026,139,INE559D01011
CRISIL,EQ,4800,4838.7,4769,4786.6,4773.7,4802,26082,125306622.40,07-Sep-2026,8189,INE007A01025
CRIZAC,EQ,160.31,164.79,160.11,162.15,162.25,160.29,199395,32435365.96,07-Sep-2026,3968,INE0S4R01014
CROMPTON,EQ,231.99,233.18,229.63,231.02,231.02,232.4,1668593,386341302.58,07-Sep-2026,35828,INE299U01018
CLSL,ST,82.95,83,82.95,83,83,87.25,6000,497900.00,07-Sep-2026,3,INE00NH01017
CROWN,EQ,114.7,117.8,114,115.39,115,112.84,18928,2180960.11,07-Sep-2026,284,INE491V01019
CSBBANK,EQ,328.4,328.4,318.75,321.15,322.85,328.55,390084,125938796.00,07-Sep-2026,14566,INE679A01013
CSLFINANCE,EQ,254.9,258,237.68,243.61,243.72,251.77,136742,33801366.95,07-Sep-2026,4053,INE718F01018
CSM,EQ,94,95,92.67,93.57,92.7,94.36,104718,9777031.29,07-Sep-2026,1451,INE0ZK601013
CUBEINVIT,IV,157.5,158,156.8,157.38,157,157.5,382415,60180595.55,07-Sep-2026,5421,INE0NR623014
CUBEXTUB,EQ,77.98,77.98,76.01,76.25,76.7,76.8,36300,2783358.86,07-Sep-2026,984,INE144D01012
CUMMINSIND,EQ,5035,5072,4985,5030,5030,5035,201783,1014641416.50,07-Sep-2026,27804,INE298A01020
CUPID,EQ,283.7,285.8,280.05,280.95,281,283.15,5517341,1557927448.45,07-Sep-2026,59356,INE509F01029
CURAA,EQ,76,80,76,77.96,77.25,72.46,2646,206740.70,07-Sep-2026,71,INE117B01020
CURIS,SM,151.35,169.8,151.35,165.7,169.8,151.35,60000,9573450.00,07-Sep-2026,47,INE1BZN01016
CURRENT,SM,83.3,85,83.25,85,85,85,12800,1080240.00,07-Sep-2026,8,INE1CRQ01014
CYBERMEDIA,EQ,26.82,28.99,26.4,26.57,26.52,26.4,438940,12040544.22,07-Sep-2026,2525,INE278G01037
CMRSL,SM,70.5,76.8,70.5,76.8,76.8,73.15,21600,1653320.00,07-Sep-2026,21,INE075Z01011
CYBERTECH,BE,133,134.99,132.5,134,134.85,133.36,19142,2568591.56,07-Sep-2026,219,INE214A01019
CYIENTDLM,EQ,856,873.9,851.95,865.35,869.05,856.95,271098,233915694.30,07-Sep-2026,16453,INE055S01018
CYIENT,EQ,1098.1,1117.6,1074.2,1105.4,1102.1,1101.8,362143,396658049.20,07-Sep-2026,24780,INE136B01020
DPWIRES,BE,154.62,156.49,154.2,155.98,156.46,154.62,5544,858827.26,07-Sep-2026,93,INE864X01013
DLINKINDIA,EQ,452,452,442.55,445.7,447.8,451.15,50148,22365463.50,07-Sep-2026,2416,INE250K01012
DPABHUSHAN,EQ,1419,1488.8,1406.2,1424.7,1420,1414.2,43118,62642175.80,07-Sep-2026,3798,INE266Y01019
DBCORP,EQ,196.9,197.82,193.55,195.24,194.9,195.65,61431,12009332.60,07-Sep-2026,2050,INE950I01011
DABUR,EQ,380.9,381.8,373.8,375.5,375.5,380.9,2530210,950614777.80,07-Sep-2026,33365,INE016A01026
DAICHI,BE,363.2,380,352,370.6,370,364.8,3024,1121031.70,07-Sep-2026,88,INE928C01010
DALBHARAT,EQ,1750,1752.1,1701.2,1713.9,1715,1749.3,81213,139736145.50,07-Sep-2026,9506,INE00R701025
DALMIASUG,EQ,441,463,441,447.8,448,438.55,292054,132523489.35,07-Sep-2026,8425,INE495A01022
DAMCAPITAL,EQ,144.3,145.21,143,143.38,143,144.9,155993,22446082.91,07-Sep-2026,2197,INE284H01025
DAMODARIND,BE,28.45,29.3,28.01,29.3,29.3,28.45,2507,72122.71,07-Sep-2026,26,INE497D01022
DANGEE,EQ,2.98,3.02,2.86,2.89,2.89,2.94,83815,244018.26,07-Sep-2026,154,INE688Y01022
DANISH,SM,845,874.1,836.75,870.1,872,854.1,48300,41320710.00,07-Sep-2026,188,INE0YU901016
DATAPATTNS,EQ,4569.1,4644,4554.3,4590.8,4604.5,4585,304258,1400546377.00,07-Sep-2026,31118,INE0IX101010
DATAMATICS,EQ,762.2,769,752.1,756.3,758.8,764.9,38172,29048216.45,07-Sep-2026,2432,INE365B01017
DAVANGERE,EQ,2.02,2.05,1.95,1.96,1.98,1.96,20523336,40880382.07,07-Sep-2026,4485,INE179G01029
DBSTOCKBRO,BE,28.4,28.96,28.4,28.61,28.94,28.63,1337,38584.50,07-Sep-2026,18,INE921B01025
DCI,EQ,351,357.85,341.8,351.25,350.15,350.55,54966,19208285.15,07-Sep-2026,2712,INE0A1101019
DCBBANK,EQ,220.9,222.99,218.05,221.31,221.5,220.74,877083,193143216.47,07-Sep-2026,18133,INE503A01015
DCG,SM,69,69,64.65,66.65,66.65,68.8,27600,1814400.00,07-Sep-2026,23,INE0S8401018
DCMFINSERV,EQ,5.2,5.35,5.04,5.33,5.33,5.2,3440,17555.38,07-Sep-2026,61,INE891B01012
DCM,BE,77.61,78.7,75.5,76.15,75.5,77.01,29267,2236618.62,07-Sep-2026,115,INE498A01018
DCMNVL,EQ,186.99,188,182.35,183.01,183,184.96,14824,2736073.74,07-Sep-2026,1058,INE08KP01019
DSFCL,BE,25.81,26.39,25.25,25.99,26.39,25.81,43735,1131023.26,07-Sep-2026,149,INE0OFM01015
DCMSRIND,EQ,45.97,47.46,44,44.53,44.8,44.91,523876,23835606.49,07-Sep-2026,4236,INE843D01027
DCMSIL,EQ,68.57,69.79,67,67.42,67.75,68.76,65873,4474456.42,07-Sep-2026,763,INE0OU201013
DCMSHRIRAM,EQ,1019.9,1025.4,1005,1011.2,1013.9,1020.9,56453,57084836.80,07-Sep-2026,4705,INE499A01024
DCW,EQ,45.86,48.99,45.67,47.99,48.08,45.98,5474375,263468684.45,07-Sep-2026,19024,INE500A01029
DCXINDIA,EQ,168.64,175.7,168.5,173.67,173.95,168.83,1095598,188517435.70,07-Sep-2026,11267,INE0KL801015
DDEVPLSTIK,EQ,275,278.95,272.3,274.75,274.85,273,102212,28187641.40,07-Sep-2026,2888,INE0HR601026
DENEERS,SM,172.45,174.8,168,168.9,170,172.3,34200,5867910.00,07-Sep-2026,27,INE0JWV01011
DENORA,EQ,812.3,835,806.05,814.35,812.2,812.3,2607,2134508.60,07-Sep-2026,234,INE244A01016
DECCANCE,EQ,569.9,583.45,567.1,573.15,570.3,569.75,23294,13388351.80,07-Sep-2026,717,INE583C01021
DECNGOLD,EQ,213.98,217.8,212.1,215.77,216,213.87,636636,136848691.31,07-Sep-2026,9786,INE945F01025
DECCANTRAN,SM,20.25,20.5,20.25,20.5,20.5,20,8400,171600.00,07-Sep-2026,7,INE0S7C01019
DEEDEV,EQ,667,690,652.5,677.05,682,658.25,299886,202564337.30,07-Sep-2026,12691,INE841L01016
DEEM,ST,44.1,44.4,44.1,44.4,44.4,42.3,3000,132900.00,07-Sep-2026,3,INE586O01011
DEEPINDS,EQ,790,799.5,765,785.2,785,786.45,736057,577248643.90,07-Sep-2026,32015,INE0FHS01024
DEEP,EQ,34.6,35.7,34.6,35.57,35.38,35,14659,515003.36,07-Sep-2026,95,INE00IY01012
DBEIL,EQ,6.61,7.71,6.61,7.5,7.6,6.43,3371577,25384422.40,07-Sep-2026,3562,INE0OPA01027
DEEPAKFERT,EQ,1362,1368.9,1337.2,1344.2,1347,1362.1,194988,262918570.20,07-Sep-2026,15524,INE501A01019
DEEPAKNTR,EQ,1712.4,1728.3,1636.5,1642.1,1645,1712.4,424929,704352232.70,07-Sep-2026,31041,INE288B01029
DELAPLEX,SM,100,104,100,103.8,103.85,100,9000,923070.00,07-Sep-2026,15,INE0SK801018
DELHIVERY,EQ,456,458.75,450.4,453.8,453.8,457.9,583502,264800526.00,07-Sep-2026,17404,INE148O01028
DELPHIFX,BE,6.06,6.25,5.85,6.01,5.91,6.04,106241,643834.46,07-Sep-2026,172,INE726L01027
DELTIC,SM,34.5,35.45,34.5,35.15,35.15,35.35,17000,595750.00,07-Sep-2026,11,INE0XRN01019
DELTACORP,EQ,56.25,56.8,56,56.2,56.05,56.12,457673,25751322.56,07-Sep-2026,3401,INE124G01033
DELTAMAGNT,EQ,59.45,59.45,56.7,58.38,59.2,58.4,1235,72793.91,07-Sep-2026,40,INE393A01011
DEN,EQ,27.7,28.07,27.7,27.9,27.9,27.97,188251,5250188.05,07-Sep-2026,931,INE947J01015
DENTA,EQ,275.4,283.25,272.65,280.65,280.95,275.35,128930,36082354.00,07-Sep-2026,4435,INE0R4L01018
DEVX,EQ,33.29,33.29,31.5,33,33.05,33.29,44383,1464136.26,07-Sep-2026,433,INE0VOV01021
DEVIT,EQ,24.12,25,24.05,24.27,24.39,24.21,60754,1477353.39,07-Sep-2026,364,INE060X01034
DEVYANI,EQ,138.93,140.57,137.11,138.8,140.1,139.28,1286011,178222506.80,07-Sep-2026,26804,INE872J01023
DHABRIYA,BE,503.45,505,490,496.05,500,503.45,8513,4244987.00,07-Sep-2026,169,INE260R01016
DBOL,EQ,126,129.4,125.03,127.52,127.5,124.99,207124,26378813.56,07-Sep-2026,3654,INE0I3401014
DHAMPURSUG,EQ,170.79,176.89,170.5,171.28,171.26,167.59,893333,154892634.59,07-Sep-2026,12761,INE041A01016
DHANBANK,EQ,31.92,31.99,30.97,31.36,31.29,31.86,691890,21778475.30,07-Sep-2026,2325,INE680A01011
DHANSA,SM,28.1,29.5,28.1,29.5,29.5,28.1,36000,1052100.00,07-Sep-2026,18,INE0M3I01029
DHANUKA,EQ,1011,1030,1004.4,1023.7,1021,1010.65,28708,29278316.85,07-Sep-2026,2218,INE435G01025
DHARARAIL,ST,139,140,137,140,140,136.6,27000,3760000.00,07-Sep-2026,18,INE2HJL01019
DHARAN,BZ,0.14,0.14,0.13,0.13,0.14,0.13,13389174,1836528.89,07-Sep-2026,1737,INE278R01034
DHARIWAL,SM,24.2,25.2,22.85,25.2,25.2,24,1881000,47050650.00,07-Sep-2026,201,INE0YRN01025
DHARMAJ,EQ,269.8,271.85,268.8,270.05,270.1,270.05,21811,5890646.15,07-Sep-2026,930,INE00OQ01016
DHATRE,EQ,4.35,5.17,4.21,4.57,4.62,4.33,122265,565042.04,07-Sep-2026,356,INE715T01031
DHOOTTRANS,EQ,1580,1584,1526.1,1551.7,1551,1615.7,1799977,2803227375.40,07-Sep-2026,68213,INE01NH01023
DHRUV,EQ,23,23.39,22.32,22.8,22.8,22.32,6742,155245.70,07-Sep-2026,45,INE506Z01015
DHUNINV,EQ,1017.9,1043,1017.35,1036.5,1036,1019.15,417,430440.65,07-Sep-2026,103,INE320L01011
DTIL,BE,151,151,144,146.08,146,150.64,16459,2417929.21,07-Sep-2026,147,INE341R01014
DVL,EQ,291.8,301,291,298.2,299,290.05,40018,11920489.85,07-Sep-2026,1307,INE477B01010
DIAMINESQ,EQ,241.06,244.77,239.48,242.29,242.9,240.99,6892,1669102.28,07-Sep-2026,179,INE591D01014
DIACABS,BE,340,340,325.2,332.6,332.9,331.8,904317,301113001.85,07-Sep-2026,8495,INE989C01038
DICIND,EQ,618.6,630,618.05,625.35,623,618.6,7985,4988385.95,07-Sep-2026,359,INE303A01010
DIFFNKG,EQ,475,479,444,454.4,452.45,474.9,545618,248710349.55,07-Sep-2026,19835,INE184O01015
DGCONTENT,EQ,23.55,25.5,23.55,24.55,24.56,24.83,4499,111209.97,07-Sep-2026,92,INE03JI01017
DIGIDRIVE,EQ,17.02,18.18,17.02,17.73,17.83,17.65,17456,311679.50,07-Sep-2026,130,INE0PSC01024
DIGIKORE,SM,40.1,40.1,38.05,38.4,38.3,40.1,26000,1006560.00,07-Sep-2026,38,INE0QJ901011
DIGISPICE,EQ,17.17,17.17,16.75,16.97,16.97,16.98,36898,625713.67,07-Sep-2026,223,INE927C01020
DIGITIDE,EQ,97.82,98.37,94.5,95.77,96.03,97.01,196958,18951120.05,07-Sep-2026,2541,INE0U4701011
DIGJAMLMTD,EQ,50.96,50.96,48.35,49.94,49.95,49.96,578,28940.01,07-Sep-2026,28,INE731U01028
DNAMEDIA,EQ,2.67,2.69,2.51,2.63,2.66,2.63,28920,76013.00,07-Sep-2026,96,INE016M01021
DBL,EQ,398,403,390,391.85,391.85,401,124937,49136229.25,07-Sep-2026,4124,INE917M01012
DISAQ,EQ,11950,12167,11621,11758,11899,11990,509,6060341.00,07-Sep-2026,360,INE131C01011
DISHTV,EQ,2.57,2.57,2.51,2.52,2.51,2.57,1384237,3499505.27,07-Sep-2026,1469,INE836F01026
DCAL,EQ,175,175,170.72,171.53,171.6,174.38,139366,23958080.35,07-Sep-2026,2318,INE385W01011
DIVGIITTS,EQ,1242,1285.2,1155.2,1175.9,1183,1235.8,213515,252799728.50,07-Sep-2026,17618,INE753U01022
DIVISLAB,EQ,9119.5,9315,9119.5,9315,9315,9100,502162,4649260533.00,07-Sep-2026,48476,INE361B01024
DIVINEHIRA,ST,108.35,113.75,106.6,112.85,113.75,109.45,13200,1466520.00,07-Sep-2026,10,INE0NA501011
DPEL,SM,580,603,576,600.75,602,578.75,119500,70842875.00,07-Sep-2026,186,INE0SCO01019
DIVYADHAN,ST,47.1,47.1,47.1,47.1,47.1,44.9,6000,282600.00,07-Sep-2026,2,INE0QYI01019
DIXON,EQ,14227,14429,13937,14180,14180,14240,377556,5345140968.00,07-Sep-2026,60937,INE935N01020
DJML,EQ,75.64,76.99,73.51,75.07,74.95,75.64,102035,7644003.05,07-Sep-2026,1746,INE0B1K01014
DLF,EQ,685,685,672.7,672.7,672.7,681.9,1252534,847486887.40,07-Sep-2026,32853,INE271C01023
DMCC,EQ,296,297,291.8,293.3,295,293.35,24500,7209324.05,07-Sep-2026,1057,INE505A01010
DHTL,SM,34.2,34.2,34.2,34.2,34.2,32.6,2400,82080.00,07-Sep-2026,2,INE0OGG01015
DODLA,EQ,1066.8,1083.9,1056.6,1073.1,1078.8,1066.8,17288,18551477.40,07-Sep-2026,2388,INE021O01019
DOLATALGO,EQ,71,71,69.5,69.96,69.65,70.91,121207,8484353.75,07-Sep-2026,1368,INE966A01022
DOLLAR,EQ,262.15,265,261,262.05,262.95,264.25,78512,20604418.40,07-Sep-2026,2164,INE325C01035
DOLLEX,SM,35.6,36.4,35.6,35.75,35.7,36.8,144000,5136000.00,07-Sep-2026,13,INE0JHH01011
DOLPHIN,EQ,687,741.4,660,720.4,718,674,400551,289649094.55,07-Sep-2026,9684,INE920A01037
DOMS,EQ,2203,2225,2195,2201.5,2201,2208.7,28632,63132485.30,07-Sep-2026,5691,INE321T01012
DONEAR,EQ,93.9,94.49,88.3,89.13,88.71,92.25,78902,7231437.56,07-Sep-2026,893,INE668D01028
DPSCLTD,BE,7.29,7.29,7.12,7.18,7.27,7.09,64844,468969.60,07-Sep-2026,450,INE360C01024
AGARWALEYE,EQ,514.1,528.8,513.8,518.25,518.3,514.1,402398,210012832.75,07-Sep-2026,15128,INE943P01029
DRAGARWQ,EQ,5475,5494.5,5280,5323.5,5325,5422.5,2556,13798032.00,07-Sep-2026,1211,INE934C01018
LALPATHLAB,EQ,1880,1913,1870.1,1901.9,1900,1877.5,191362,362942812.70,07-Sep-2026,25834,INE600L01024
DRREDDY,EQ,1150.5,1163.2,1141.8,1144.2,1144.2,1151,420952,484422819.50,07-Sep-2026,25469,INE089A01031
DRCSYSTEMS,EQ,13.78,14.18,13.2,13.25,13.23,13.64,84530,1141357.20,07-Sep-2026,412,INE03RS01027
DREAMFOLKS,EQ,66.01,66.96,65.45,65.94,65.7,66.93,37302,2461820.53,07-Sep-2026,803,INE0JS101016
DREDGECORP,EQ,1080,1096,1050.1,1054.2,1056.9,1087.7,147493,158160317.60,07-Sep-2026,7381,INE506A01018
DRONE,SM,33.5,33.5,32.65,33.2,33.2,33.5,15500,512325.00,07-Sep-2026,27,INE0P7201019
DSKULKARNI,BE,19.8,19.8,19.8,19.8,19.8,19.42,555,10989.00,07-Sep-2026,16,INE891A01022
KEEPLEARN,EQ,2,2.24,1.89,1.91,1.91,1.87,173243,350579.69,07-Sep-2026,151,INE055C01020
LIQUIDETF,EQ,999.99,1000.01,999.99,999.99,1000,999.99,94305,94304995.11,07-Sep-2026,190,INF740KA1EU7
BANK10ADD,EQ,16.93,17.14,16.8,16.91,16.89,16.93,1853887,31219732.85,07-Sep-2026,200,INF740KA1YH2
BANKADD,EQ,58.67,58.82,58.41,58.71,58.79,58.99,82169,4804826.61,07-Sep-2026,188,INF740KA1RX3
GOLDADD,EQ,14.9,14.9,14.65,14.74,14.76,14.95,2711253,39974939.59,07-Sep-2026,11521,INF740KA1ZP2
ITADD,EQ,32.5,32.73,31.68,31.79,31.98,32.57,195664,6222022.76,07-Sep-2026,255,INF740KA1SX1
EQUAL50ADD,EQ,340,340,337.57,338.64,338.55,340.33,30125,10187330.24,07-Sep-2026,505,INF740KA1QK2
NIFTYADD,EQ,252.48,255.5,249.96,250.91,250.69,252.48,4423,1111392.27,07-Sep-2026,238,INF740KA1CL0
PSUBANKADD,EQ,86.36,86.36,85,85.39,85.55,86.43,35983,3073056.78,07-Sep-2026,326,INF740KA1SY9
PVTBANKADD,EQ,28.25,28.29,28.17,28.24,28.29,28.34,26044,735017.15,07-Sep-2026,136,INF740KA1TA7
MIDQ50ADD,EQ,25.04,25.04,24.85,24.92,24.97,25.01,37263,928328.13,07-Sep-2026,252,INF740KA1ZF3
SENSEXADD,EQ,79.29,79.29,78.45,78.54,78.9,79.29,1646,129461.42,07-Sep-2026,43,INF740KA1SZ6
SILVERADD,EQ,22.34,22.34,22.04,22.15,22.15,22.44,5429513,120115819.11,07-Sep-2026,6947,INF740KA1ZQ0
FLEXIADD,EQ,10.11,10.11,9.95,9.98,10.02,10.06,69225,691585.43,07-Sep-2026,534,INF740KA1WU9
FMCGADD,EQ,46.71,46.71,45.87,45.93,46.06,46.25,21129,970429.63,07-Sep-2026,242,INF740KA1ZA4
GSEC10ADD,EQ,26.79,26.81,26.75,26.81,26.81,26.79,11,294.51,07-Sep-2026,3,INF740KA1ZI7
HEALTHADD,EQ,16.6,17,16.56,16.68,16.76,16.58,13107,217778.96,07-Sep-2026,264,INF740KA1ZG1
LIQUIDADD,EQ,1143.64,1143.81,1143.63,1143.64,1143.63,1143.51,2275197,2601988315.52,07-Sep-2026,568,INF740KA1UM0
MIDBANKADD,EQ,17.5,17.5,17.35,17.38,17.38,17.5,2242,38980.89,07-Sep-2026,30,INF740KA1ZH9
MIDCAPADD,EQ,23.28,23.28,23.09,23.12,23.09,23.28,1740,40348.28,07-Sep-2026,47,INF740KA1WW5
MSCIADD,EQ,29.44,29.44,29.25,29.3,29.3,29.53,1891,55415.02,07-Sep-2026,24,INF740KA1WV7
NEXT30ADD,EQ,42.57,42.64,42.36,42.49,42.64,42.69,7601,322332.11,07-Sep-2026,70,INF740KA1VE5
NEXT50ADD,EQ,73.28,73.35,72.95,73.04,73.35,73.52,2995,219155.89,07-Sep-2026,150,INF740KA1XU7
SMALLADD,EQ,18.54,18.67,18.47,18.57,18.6,18.53,253514,4705214.28,07-Sep-2026,272,INF740KA1WX3
TOP10ADD,EQ,87.98,87.99,87.01,87.19,87.15,87.98,208340,18169545.11,07-Sep-2026,626,INF740KA1UR9
DUCOL,SM,110,110,104,109.7,109.7,108,12800,1392040.00,07-Sep-2026,7,INE0LZO01015
DUCON-RE1,BE,0.39,0.48,0.28,0.43,0.4,0.39,5898191,2245901.43,07-Sep-2026,2216,INE741L20034
DUCON,EQ,1.9,1.97,1.76,1.79,1.79,1.92,2533778,4696215.47,07-Sep-2026,1319,INE741L01018
DURLAX,SM,64.5,65,62.3,65,65,64.5,38000,2421900.00,07-Sep-2026,19,INE0OUW01013
DWARKESH,EQ,47.79,49.62,47,47.38,47.45,47.31,3965247,190633441.94,07-Sep-2026,15013,INE366A01041
DSSL,EQ,1086.9,1096.9,1035,1040.4,1048.6,1053.1,51125,53986710.60,07-Sep-2026,4500,INE417B01040
DYNAMATECH,EQ,11654,11974,11483,11569,11584,11654,17282,202490790.00,07-Sep-2026,6688,INE221B01012
DYCL,EQ,487.9,494.8,452.7,461.05,461.05,487.9,1246633,582458969.55,07-Sep-2026,35136,INE600Y01019
DYNAMIC,ST,148,148,142.8,147.25,147.25,146.3,7000,1028050.00,07-Sep-2026,7,INE0DZ701010
DYNPRO,EQ,239.5,239.5,228.94,233.2,234.71,236.06,13546,3164426.56,07-Sep-2026,788,INE256H01015
EFACTOR,SM,173,185,169,172.55,185,173,24800,4293200.00,07-Sep-2026,33,INE0KFF01017
E2ERAIL,SM,369,372,346,350.15,346.05,353.1,219200,78907560.00,07-Sep-2026,212,INE1CEJ01017
E2E,BE,610,631.6,610,630.2,630,601.55,1248683,784269608.65,07-Sep-2026,16363,INE255Z01027
EASTWEST,EQ,2.33,2.4,2.31,2.36,2.33,2.36,35817,84649.71,07-Sep-2026,104,INE595R01023
EASTSILK,BE,60.8,60.8,58.02,58.04,58.04,61,330,19294.87,07-Sep-2026,9,INE962C01035
EASEMYTRIP,EQ,6,6.05,5.95,6.01,6.03,6,7840157,47047534.80,07-Sep-2026,5843,INE07O001026
EBIX,BE,20.48,20.8,19.3,20.49,20.49,20.28,29032,572262.41,07-Sep-2026,98,INE432F01032
ECLERX,EQ,1905.7,1910.7,1858,1888.8,1909.1,1905.7,171958,323894064.00,07-Sep-2026,20843,INE738I01010
ECORECO,EQ,458,475,454.6,456,457,459.35,7709,3558756.10,07-Sep-2026,627,INE316A01038
ECOLINE,ST,180,180,171.35,175.15,180,180.35,16000,2807050.00,07-Sep-2026,13,INE0VBS01016
ECOSMOBLTY,EQ,116.4,116.4,111.3,111.75,111.89,113.54,72911,8184496.83,07-Sep-2026,1384,INE06HJ01020
BBETF0432,EQ,1352.99,1352.99,1341.7,1346.06,1347.5,1342.3,7586,10216101.94,07-Sep-2026,88,INF754K01OB1
EBANK10,EQ,16.81,16.81,16.63,16.65,16.65,16.84,667,11167.12,07-Sep-2026,22,INF754K01XH9
EBANKNIFTY,EQ,57.78,57.88,57.48,57.78,57.78,58.26,713,41199.11,07-Sep-2026,33,INF754K01TE4
EBBETF0430,EQ,1601,1614,1601,1612.3,1613.49,1609.05,4405,7099303.03,07-Sep-2026,564,INF754K01KO2
EBBETF0431,EQ,1442.98,1442.98,1433.04,1435.08,1436.01,1440.43,3434,4928816.06,07-Sep-2026,99,INF754K01LE1
EBBETF0433,EQ,1311.12,1314.98,1306.02,1310.01,1309.99,1311.12,15394,20130627.17,07-Sep-2026,174,INF754K01QX0
ECAPINSURE,EQ,24.24,24.24,23.76,23.9,23.93,23.99,28186,673990.97,07-Sep-2026,340,INF754K01TX4
EGOLD,EQ,153.3,153.3,150.9,151.95,151.95,153.8,506401,76934449.05,07-Sep-2026,726,INF754K01SE6
ELIQUID,EQ,1046.7,1046.72,1046.7,1046.71,1046.72,1046.6,35902,37578830.52,07-Sep-2026,25,INF754K01VW2
ELM250,EQ,16.75,16.75,16.23,16.41,16.45,16.61,110565,1834312.72,07-Sep-2026,313,INF754K01VV4
ELMDIV,EQ,36.68,36.68,36.16,36.26,36.26,36.5,1265,46092.99,07-Sep-2026,13,INF754K01XI7
EMETAL,EQ,13.38,13.38,13.12,13.17,13.18,13.36,7027,92744.08,07-Sep-2026,48,INF754K01XG1
EMULTIMQ,EQ,42.13,42.22,41.78,42,42.05,42,18947,794462.26,07-Sep-2026,141,INF754K01TF1
ENEXT50,EQ,73.24,73.52,72.5,72.63,72.63,73.1,201,14674.87,07-Sep-2026,13,INF754K01XF3
ENIFTY,EQ,23.58,24.79,23.58,24.01,24.01,24.19,9333,224269.40,07-Sep-2026,95,INF754K01VX0
ESENSEX,EQ,76.42,77.29,76.42,76.77,76.77,77.46,158,12131.51,07-Sep-2026,30,INF754K01VY8
ESILVER,EQ,225.12,231.77,225.12,230.04,228.65,232.78,43044,9892112.70,07-Sep-2026,1456,INF754K01SF3
EDELWEISS,EQ,137,137,130.51,132.72,134.95,136.08,21562787,2860805084.45,07-Sep-2026,84900,INE532F01054
EDUCOMP,BZ,0.92,0.92,0.86,0.91,0.92,0.9,47909,42552.43,07-Sep-2026,101,INE216H01027
EFCIL,EQ,192.2,194.79,190.61,191.74,194,193.24,571486,110748587.82,07-Sep-2026,4946,INE886D01026
EFFWA,SM,351.05,375,351.05,370,370,360,12400,4578780.00,07-Sep-2026,28,INE0U9101019
EICHERMOT,EQ,7658,7729,7615,7672,7672,7630.5,466050,3585470297.50,07-Sep-2026,38086,INE066A01021
EIDPARRY,EQ,782,796.8,771.25,777.7,778,781.35,301706,236653285.65,07-Sep-2026,13999,INE126A01031
EIHAHOTELS,EQ,296.35,300,294.1,296.45,297,297.65,9142,2722158.75,07-Sep-2026,665,INE276C01014
EIHOTEL,EQ,294,294.85,290.5,294,294.5,291.9,112598,32987511.20,07-Sep-2026,6902,INE230A01023
EIMCOELECO,EQ,2263.2,2282.3,2236.2,2268,2261.2,2254.4,14898,33662219.60,07-Sep-2026,2457,INE158B01016
EKI,EQ,74.25,74.42,70,71.37,72,74.13,29655,2133026.99,07-Sep-2026,669,INE0CPR01018
ELANTAS,EQ,12295,13876,11900,13054,13109,12219,17387,228775228.00,07-Sep-2026,8221,INE280B01018
ELCIDIN,EQ,109995,109995,107500,108950,108950,107590,8,869380.00,07-Sep-2026,7,INE927X01018
ELDEHSG,EQ,789.05,799,778.6,788.85,779,789.1,667,522704.85,07-Sep-2026,63,INE668G01021
ELECON,EQ,431.65,434.3,423.15,426.7,427.75,433.75,259797,111092080.05,07-Sep-2026,11198,INE205B01031
EFORCE,SM,20,20,20,20,20,20.05,7200,144000.00,07-Sep-2026,4,INE0Q1W01012
EMIL,EQ,173.74,182.4,171,178.24,178.8,173.74,1704742,304239595.10,07-Sep-2026,23711,INE02YR01019
ELECTCAST,EQ,83.8,84.99,80.13,80.51,80.5,83.71,3291661,269278232.31,07-Sep-2026,17475,INE086A01029
ELECTHERM,EQ,980.9,990.9,965,966.4,966,980.9,15422,15023258.00,07-Sep-2026,468,INE822G01016
ELGNZ,SM,87.55,88.9,86,88.85,88.9,87.55,13000,1132200.00,07-Sep-2026,13,INE0R9101015
ELGIEQUIP,EQ,645.95,653.4,637.3,642.4,644.9,642.1,807924,521837445.35,07-Sep-2026,34667,INE285A01027
ELGIRUBCO,EQ,58.69,58.9,56.82,57.68,57.67,58.69,34515,2000181.65,07-Sep-2026,917,INE819L01012
ELIN,EQ,95.05,96.9,95.01,96.14,96.2,95.4,73903,7079850.60,07-Sep-2026,974,INE050401020
ELITECON,EQ,8.25,8.91,8.25,8.25,8.25,8.68,4027390,33329862.76,07-Sep-2026,10945,INE669R01026
ELLEN,EQ,327,335.15,320,321.7,323,331.85,282425,92010801.60,07-Sep-2026,7696,INE236E01022
ELPROINTL,EQ,175,177.58,174.41,175.05,175,174,10857,1906854.83,07-Sep-2026,178,INE579B01039
EMAPARTNER,SM,85.35,87,81.55,84.5,86.95,85.35,35000,2964150.00,07-Sep-2026,29,INE0ZOL01023
EMAMILTD,EQ,366.65,370.95,364.7,367.55,366.15,366.05,907011,333853890.95,07-Sep-2026,16992,INE548C01032
EMAMIPAP,BE,119.4,121.71,116.5,121.34,121.71,115.92,111945,13504411.40,07-Sep-2026,729,INE830C01026
EMAMIREAL,EQ,66.99,68.99,65.75,67.62,68.5,66.74,16845,1136636.04,07-Sep-2026,483,INE778K01012
EMBDL,EQ,57.53,59.45,56.85,59.1,58.9,57.53,3189848,185473764.92,07-Sep-2026,13407,INE069I01010
EMBASSY,RR,440,441,438,438.88,438.87,438.69,309177,135910760.57,07-Sep-2026,12887,INE041025011
EMCURE,EQ,1934.8,1960.1,1915.1,1926.8,1920,1927.6,118478,228705798.40,07-Sep-2026,21079,INE168P01015
ETML,SM,78,82.5,78,79.05,79.7,81.95,129600,10374720.00,07-Sep-2026,58,INE0RHD01013
EMKAY,EQ,270.75,278.9,262,265.15,266.25,267.25,50770,13641896.95,07-Sep-2026,1464,INE296H01011
EMKAYTOOLS,SM,100.9,102,97.2,97.5,97.5,98,2850,285360.00,07-Sep-2026,17,INE332S01011
ETL,SM,1098.85,1098.85,1067.95,1067.95,1067.95,1047,300,325020.00,07-Sep-2026,2,INE0PXC01024
EMMBI,BE,91.45,93.3,87.5,92,92,91,3882,346749.86,07-Sep-2026,66,INE753K01015
EMMVEE,EQ,323.7,334.7,320.25,325.2,325.7,325.2,2033248,665554162.40,07-Sep-2026,40854,INE1C6T01020
EMPIND,EQ,1214.9,1220,1188.1,1192.1,1193.8,1195.6,17291,20742975.60,07-Sep-2026,1931,INE515H01014
EMPOWER,EQ,1.92,1.93,1.92,1.93,1.93,1.84,9399271,18126534.34,07-Sep-2026,2217,INE507F01023
EMSLIMITED,EQ,383.5,392.6,376.9,385.55,385.95,383.05,270932,104047191.30,07-Sep-2026,7391,INE0OV601013
EMUDHRA,EQ,527.85,530.45,500.1,502.45,502,524.8,172528,88134065.25,07-Sep-2026,7847,INE01QM01018
ENCOMPAS,SM,256.15,256.45,256.15,256.45,256.45,256.8,800,205040.00,07-Sep-2026,2,INE433T01015
ENDURANCE,EQ,2782.8,2798.9,2745.1,2763.2,2769.9,2782.8,53026,146638139.10,07-Sep-2026,11843,INE913H01037
ENERGYDEV,EQ,15.48,15.69,15.25,15.43,15.5,15.49,20723,320373.65,07-Sep-2026,162,INE306C01019
EMMIL,SM,118,123.95,116,118,117.05,120.1,21500,2540500.00,07-Sep-2026,42,INE0S1L01013
ENFUSE,SM,160,160,160,160,160,155,600,96000.00,07-Sep-2026,1,INE0S3X01014
ENGINERSIN,EQ,281.05,283.75,272.75,277.05,277,279.45,3272902,909557287.25,07-Sep-2026,49970,INE510A01028
ENKEIWHEL,EQ,399,410.9,395,395.15,397.25,389.8,1719,687189.70,07-Sep-2026,129,INE130L01014
ENSER,SM,15.25,15.25,15,15.1,15.1,15.3,55000,833000.00,07-Sep-2026,11,INE0R9I01021
ENTERO,EQ,1857,1920,1835,1898.4,1888,1827.6,322283,608172139.80,07-Sep-2026,30111,INE010601016
ENIL,EQ,102.65,104.26,101.03,101.34,101.1,102.65,17853,1843708.92,07-Sep-2026,458,INE265F01028
EIEL,EQ,199.2,204.7,197.25,198.33,198.88,199.17,824767,165735465.55,07-Sep-2026,14975,INE0LLY01014
ENVIRO,SM,71,71.85,69.6,69.75,69.6,70.5,17000,1206950.00,07-Sep-2026,16,INE0SUH01015
EPACK,EQ,189.49,190.94,185.15,186.33,186.25,189.27,278336,52063747.54,07-Sep-2026,5894,INE0G5901015
EPACKPEB,EQ,231.11,233.07,228.15,230.44,233,231.11,232605,53551009.81,07-Sep-2026,4778,INE0MLS01022
EPIGRAL,EQ,1228,1231.8,1176.1,1179.8,1180,1219.7,50803,60846725.30,07-Sep-2026,6165,INE071N01016
EPL,EQ,248,255.75,246.3,248.95,248.7,247.1,6283376,1582024048.30,07-Sep-2026,61812,INE255A01020
EEPL,ST,142.75,142.75,140,141,141,139.7,12000,1702750.00,07-Sep-2026,11,INE11HF01010
EPWINDIA,ST,235.05,235.05,231.9,231.9,231.9,244.1,7200,1677240.00,07-Sep-2026,6,INE1KEC01023
EQUIPPP,BE,22.5,22.98,22.12,22.85,22.7,22.75,2952,66898.77,07-Sep-2026,19,INE217G01035
EQUITASBNK,EQ,72.95,73.74,72.6,73.35,73.21,72.95,843776,61684109.50,07-Sep-2026,10504,INE063P01018
ERIS,EQ,1327.4,1341,1318.2,1324.3,1338,1321.7,27451,36420722.40,07-Sep-2026,3859,INE406M01024
ESABINDIA,EQ,6053.5,6108,6015,6092,6108,6067.5,5026,30522156.50,07-Sep-2026,1712,INE284A01012
ESAFSFB,BE,41.79,42.02,40.52,41.76,41.85,41.41,445009,18487795.08,07-Sep-2026,2112,INE818W01011
ESCONET,ST,236,250.5,236,249.4,250.5,238.6,51600,12853400.00,07-Sep-2026,98,INE0RQZ01017
ESCORTS,EQ,2965,2985.3,2936,2957.4,2955,2968.8,25297,74647707.70,07-Sep-2026,6560,INE042A01014
ESDS,EQ,1090.05,1090.05,1090.05,1090.05,1090.05,908.4,742653,809528902.65,07-Sep-2026,11025,INE0DRI01029
1165ESF32,N0,103860.29,103860.29,103860.29,103860.29,103860.29,103860.29,1,103860.29,07-Sep-2026,1,INE818W08172
ESPRIT,SM,62,63,62,62,62,63,4800,299200.00,07-Sep-2026,3,INE0SBP01018
ESSARSHPNG,EQ,17.18,17.65,16.12,16.41,16.49,17.09,372333,6274089.70,07-Sep-2026,1277,INE122M01019
ESFL,SM,117.55,117.55,112,115.15,115,120.75,24120,2775780.00,07-Sep-2026,58,INE0ITO01014
ESTER,EQ,94.4,94.4,90.95,91.54,91.65,93.57,92014,8495156.80,07-Sep-2026,1146,INE778B01029
ETERNAL,EQ,325.75,325.75,319.7,320.8,320.8,322.75,12845170,4137771543.20,07-Sep-2026,107300,INE758T01015
ETHOSLTD,EQ,2779.8,2844.7,2724.6,2746.6,2750,2792.8,44369,122717289.10,07-Sep-2026,7567,INE04TZ01018
EUREKAFORB,EQ,426,426,402.9,406.2,406.25,423.75,195035,80134133.75,07-Sep-2026,11583,INE0KCE01017
EIFFL,BE,267.6,268.9,267.6,268.9,268.9,273.05,2464,659431.40,07-Sep-2026,18,INE546V01010
EUROBOND,EQ,154,154,148,150.78,149,151,6201,932064.26,07-Sep-2026,73,INE505V01016
EUROPRATIK,EQ,262,263.55,255.4,257,257,263.75,190094,49172142.60,07-Sep-2026,3683,INE198501012
EUROTEXIND,BE,13.46,13.46,13.46,13.46,13.46,13.73,2294,30877.24,07-Sep-2026,2,INE022C01012
EVEREADY,EQ,315.75,331,315,327.15,326,317.9,116376,37564990.50,07-Sep-2026,4109,INE128A01029
EVERESTIND,BE,422,430,417,422.2,426.45,423.9,10629,4484446.80,07-Sep-2026,309,INE295A01018
EKC,EQ,105.94,106.42,102.91,104.7,103.9,106.42,182166,19063227.09,07-Sep-2026,2806,INE184H01027
EXCELINDUS,EQ,1036,1036.1,999,1002.6,999,1031.4,11574,11679279.10,07-Sep-2026,1076,INE369A01029
EXCELLENT,ST,199.5,202.3,199.5,202.3,202.3,209.5,3200,642880.00,07-Sep-2026,2,INE0Y4801011
EXCELSOFT,EQ,70.01,70.39,66.9,68.26,68.3,70.23,583097,39889679.39,07-Sep-2026,4333,INE606N01019
EXICOM,EQ,179,187.6,178,184.33,183.9,177.85,4232220,781011128.45,07-Sep-2026,38650,INE777F01014
EXIDEIND,EQ,422.3,427.5,416.6,425.75,425.75,424.35,1662688,701244345.30,07-Sep-2026,40593,INE302A01020
EXIMROUTES,SM,107.5,107.5,106.1,106.8,106.1,107.1,1600,170880.00,07-Sep-2026,2,INE19I001020
EXPLEOSOL,EQ,910.45,922,895,899.55,902.8,899,32051,29054408.75,07-Sep-2026,3068,INE201K01015
EXXARO,EQ,6.68,6.69,6.25,6.59,6.57,6.59,571741,3755304.93,07-Sep-2026,658,INE0GFE01026
FABTECH,EQ,148.35,150.2,148.35,148.47,148.4,150.2,35383,5267190.73,07-Sep-2026,623,INE0HF201011
FACT,EQ,799.5,808.95,791.3,793.3,796.95,801.4,53413,42522513.55,07-Sep-2026,3835,INE188A01015
FAIRCHEMOR,BE,655.55,690,644.1,646.85,645,660.25,44289,29055445.80,07-Sep-2026,680,INE0DNW01011
FASCINATE,SM,65.3,65.3,65.3,65.3,65.3,72.55,342400,22358720.00,07-Sep-2026,121,INE1Q2D01019
FAZE3Q,EQ,493,503.3,482.8,500.9,497,493.95,8510,4227320.80,07-Sep-2026,579,INE963C01033
FCSSOFT,EQ,1.47,1.47,1.43,1.43,1.44,1.45,1557564,2246937.67,07-Sep-2026,1223,INE512B01022
FDC,EQ,345.55,345.55,338.6,342.15,342.5,342.8,89168,30460471.10,07-Sep-2026,6526,INE258B01022
FEDFINA,EQ,162.89,169,161.07,165.45,165.7,161.56,2135760,355592452.83,07-Sep-2026,27555,INE007N01010
FEDDERSHOL,EQ,48,48.6,48,48.03,48.05,47.28,2445557,117686773.49,07-Sep-2026,2825,INE417D01020
FEDERALBNK,EQ,343,343,337.6,342,342,343,5174214,1762671665.85,07-Sep-2026,81193,INE171A01029
FMGOETZE,EQ,490,494,462.9,482.05,482.4,501.45,1455155,692102338.45,07-Sep-2026,26568,INE529A01010
FELIX,SM,210.2,224,206.5,222.15,218.9,210.2,283000,61482375.00,07-Sep-2026,315,INE901X01013
FERMENTA,EQ,502,511,494,496.5,497.45,498.5,79101,39792393.40,07-Sep-2026,3561,INE225B01021
FIBERWEB,EQ,26.49,26.55,25.32,26.42,26.5,25.75,21246,553733.71,07-Sep-2026,171,INE296C01020
FIDEL,SM,137.3,142,137.3,142,142,142,5000,703250.00,07-Sep-2026,5,INE0LQQ01019
FIEMIND,EQ,2085.8,2090,2053,2068.8,2089.9,2085.8,38402,79291031.30,07-Sep-2026,6167,INE737H01014
FILATFASH,EQ,0.19,0.19,0.17,0.18,0.18,0.18,36890656,6652563.34,07-Sep-2026,2702,INE185E01021
FILATEX,EQ,78.5,79.69,76.25,76.59,76.25,77.72,990763,77162940.31,07-Sep-2026,5947,INE816B01035
FINBUD,SM,134.35,134.35,128,132.1,132.1,133,18000,2359750.00,07-Sep-2026,16,INE0EDU01014
FINEORG,EQ,5126,5169.5,5070,5125,5120,5152,11396,58371544.00,07-Sep-2026,3645,INE686Y01026
FCL,EQ,52.25,56.66,52.19,56.66,56.66,51.51,42019821,2317306159.31,07-Sep-2026,97397,INE045J01034
FINKURVE,EQ,72.91,77,70.21,71.45,72.2,72.31,65750,4746534.41,07-Sep-2026,890,INE734I01027
FINOPB,EQ,139.34,142.69,137.81,138.9,138.9,139.33,187350,26137521.20,07-Sep-2026,2670,INE02NC01014
FINCABLES,EQ,1212,1252,1211.1,1227,1225,1220.2,732032,899260547.00,07-Sep-2026,39361,INE235A01022
FINPIPE,EQ,158,160.21,156.85,157.16,157.55,158.63,261198,41306404.30,07-Sep-2026,14646,INE183A01024
FSL,EQ,265.05,266,256.85,259.6,259.4,264.4,821088,213086873.35,07-Sep-2026,22967,INE684F01012
FISCHER,EQ,36.34,36.34,35.5,35.72,35.54,36.04,250781,8966446.68,07-Sep-2026,1073,INE771F01041
FIVESTAR,EQ,519,530.95,519,526.2,525.1,523.05,276188,145275252.25,07-Sep-2026,20880,INE128S01021
FLAIR,EQ,243.75,244.8,239.15,240.22,240.2,243.71,98923,23884190.28,07-Sep-2026,2149,INE00Y201027
FLEXITUFF,BE,2.35,2.35,2.18,2.18,2.18,2.29,162913,358071.33,07-Sep-2026,213,INE060J01017
FLYSBS,SM,634.9,666,634.9,657.4,660,635.6,84000,54943180.00,07-Sep-2026,298,INE0VCK01011
FWSTC,SM,195,195,190.8,191,191,175.15,2400,460680.00,07-Sep-2026,4,INE0SQZ01015
FOCUS,BE,63.58,64.39,63,63.64,63.64,63.37,21579,1375530.86,07-Sep-2026,186,INE593W01028
FONEBOX,SM,100,105,100,103.45,102.95,100,12000,1241950.00,07-Sep-2026,11,INE0Q4701019
FOODSIN,EQ,57.3,57.9,56.32,57.4,57.8,57.37,65087,3721708.51,07-Sep-2026,479,INE976E01023
FORCAS,ST,239.45,239.45,234,234,234,237.05,3200,757520.00,07-Sep-2026,2,INE0U2501017
FORCEMOT,EQ,17521,17947,17501,17829,17829,17500,51095,908396620.00,07-Sep-2026,16697,INE451A01017
FORGEAUTO,SM,107,107,101,101,101,105,8400,867000.00,07-Sep-2026,7,INE0YKW01013
FORTIS,EQ,902.1,911.5,892.8,910,910,905,893344,807740796.90,07-Sep-2026,28208,INE061F01013
FOSECOIND,EQ,6263,6354.5,6110,6128.5,6140,6263,8061,50031917.00,07-Sep-2026,3484,INE519A01011
FRACTAL,EQ,821,821.95,798.55,801.2,803.5,825.45,397346,319395019.85,07-Sep-2026,18758,INE212S01015
FREDUN,EQ,1487,1487,1360,1405.5,1390,1470.7,33122,47433255.90,07-Sep-2026,2658,INE194R01017
FRESHARA,ST,430,445,427,431,431,425.7,45000,19637100.00,07-Sep-2026,62,INE0SFW01015
FROG,ST,257.6,258,244.8,247.45,248.2,257.65,53600,13236080.00,07-Sep-2026,85,INE385O01018
FRONTSP,EQ,1304.8,1304.8,1264,1268,1270,1291.8,10430,13272119.60,07-Sep-2026,1316,INE572D01014
NYKAA,EQ,331,339.75,330.1,332.7,332.7,332.5,4285910,1439463071.60,07-Sep-2026,71409,INE388Y01029
UTLSOLAR,EQ,432.5,434.75,413.05,417.3,420,429.75,247130,103878561.30,07-Sep-2026,13603,INE12UR01024
FUSION,EQ,202.9,206.5,198.15,200.52,200.3,203.19,888653,179744467.47,07-Sep-2026,21672,INE139R01012
FLFL,BZ,1.28,1.29,1.19,1.25,1.26,1.25,110260,135163.61,07-Sep-2026,100,INE452O01016
FEL,BZ,0.38,0.39,0.38,0.38,0.39,0.38,222406,85003.21,07-Sep-2026,125,INE623B01027
FELDVR,BZ,2.13,2.21,2.07,2.2,2.2,2.17,1322,2868.29,07-Sep-2026,24,IN9623B01058
FMNL,EQ,10.59,10.59,9.6,9.77,9.73,10.1,81674,805307.55,07-Sep-2026,282,INE360L01017
GMBREW,EQ,915.1,951,914.1,941.4,937.2,919.85,90903,85451355.85,07-Sep-2026,6323,INE075D01018
GRINFRA,EQ,869.1,874.95,852.85,862.6,863.05,869.1,29533,25486019.30,07-Sep-2026,4102,INE201P01022
GTECJAINX,BE,28.68,29.3,28,29.3,29.3,29.27,4005,115897.04,07-Sep-2026,24,INE586X01012
GABRIEL,EQ,1353.1,1374,1326.7,1363.5,1372,1353.2,147826,199407076.30,07-Sep-2026,15535,INE524A01029
GATECH,BE,0.87,0.87,0.87,0.87,0.87,0.91,6232232,5422041.84,07-Sep-2026,4637,INE224E01028
GATECHDVR,BE,0.49,0.5,0.48,0.49,0.5,0.48,691528,340605.66,07-Sep-2026,309,INE224E01036
GAIL,EQ,173.4,177.3,172.8,176,176,173.4,9910348,1740984260.76,07-Sep-2026,71516,INE129A01019
GAJA,EQ,161.75,161.99,154.2,155.42,155.1,161.1,1078393,169593274.80,07-Sep-2026,9214,INE18UN01038
GALAPREC,EQ,1034.5,1055,1012.3,1037.4,1035,1024,30325,31480887.70,07-Sep-2026,3121,INE0RE001014
GML,SM,17.8,17.8,17.8,17.8,17.8,17.85,4000,71200.00,07-Sep-2026,2,INE09A801015
GALAXYSURF,EQ,2154.2,2178,2126,2136.6,2134.6,2165,15905,34086594.80,07-Sep-2026,3738,INE600K01018
GALLANTT,EQ,574.5,577.8,566.05,572.45,575,574,54832,31383163.70,07-Sep-2026,4423,INE297H01019
GANDHAR,EQ,268,271.8,261.8,264.85,264.65,267.6,719670,191243440.55,07-Sep-2026,10170,INE717W01049
GANDHITUBE,EQ,889,905,889,898.55,904.9,900.15,4198,3771660.85,07-Sep-2026,441,INE524B01027
GANESHBE,BE,124.89,129.39,124.1,129.39,129.39,123.23,327639,42105039.40,07-Sep-2026,630,INE388A01029
GANESHCP,EQ,177,178.75,168.25,169.59,172.8,174.46,155960,26872467.67,07-Sep-2026,3079,INE652V01016
GGBL,SM,223,224.5,218.05,219.3,220,222.9,31200,6911325.00,07-Sep-2026,97,INE0R8C01018
GANESHHOU,EQ,755.1,763.15,751,758.75,758,758.95,17875,13520273.65,07-Sep-2026,1216,INE460C01014
GANESHIN,ST,99.7,100,94.05,94.05,94.05,99,74400,7101520.00,07-Sep-2026,68,INE0TVT01024
GANECOS,EQ,999.9,999.9,970.4,990,985,999.9,109978,108210753.20,07-Sep-2026,9603,INE845D01014
GANGABATH,SM,20.6,20.65,20.4,20.4,20.4,20.3,15000,307500.00,07-Sep-2026,5,INE0ZI101018
GANGAFORGE,EQ,1.7,1.76,1.62,1.63,1.64,1.68,6103756,10245549.73,07-Sep-2026,2579,INE691Z01023
GANGESSECU,EQ,118.01,123,117.83,121.89,121.89,118.71,4328,520252.37,07-Sep-2026,54,INE335W01016
GRSE,EQ,2530,2542.5,2502,2506.6,2510,2533.2,215499,542496797.30,07-Sep-2026,15966,INE382Z01011
GARUDA,EQ,180,180,176.81,178.63,178.73,178.73,211606,37797036.21,07-Sep-2026,2583,INE0JVO01026
GRWRHITECH,EQ,7066,7112.5,6560.5,6951.5,6951.5,7086.5,248502,1692517224.00,07-Sep-2026,48445,INE291A01017
GARFIBRES,EQ,800.55,822.65,795.35,819.25,817,800.55,29908,24294741.25,07-Sep-2026,4616,INE276A01018
GATEWAY,EQ,54.87,55,53.8,53.96,53.99,54.69,397333,21489114.34,07-Sep-2026,3470,INE079J01017
GAUDIUMIVF,BE,114.75,118,112.01,112.76,112.86,116.43,176755,20173799.33,07-Sep-2026,1528,INE0P8B01020
GAYAHWS,EQ,1.93,2,1.91,1.92,1.95,1.93,289982,565451.45,07-Sep-2026,374,INE287Z01012
GAYAPROJ,EQ,22.5,22.5,21.81,22.18,22.24,21.76,565332,12580098.69,07-Sep-2026,2299,INE336H01023
GRCL,SM,560,575,550.1,553.35,575,575,3500,1941725.00,07-Sep-2026,13,INE0LVM01018
GVPIL,EQ,647,682,641,655.15,655.2,649.6,230305,152736280.75,07-Sep-2026,8098,INE878A01011
GVT&D,EQ,4334.5,4389.1,4321.1,4367.2,4367.2,4306.3,295967,1289522394.20,07-Sep-2026,48602,INE200A01026
GEECEE,BE,382,382,365.2,370.85,369.7,366.2,2324,861797.25,07-Sep-2026,54,INE916G01016
GEEKAYWIRE,EQ,30.15,30.92,29.85,30.14,30.44,29.61,256145,7799038.98,07-Sep-2026,1407,INE669X01032
GEMAROMA,EQ,161.5,166.69,157.5,158.19,159,161.5,70224,11226230.25,07-Sep-2026,1762,INE06XZ01023
GICRE,EQ,361.9,362.45,348.2,349.8,352,358.45,1713058,604126331.95,07-Sep-2026,23702,INE481Y01014
GENCON,EQ,44.42,44.99,41.52,41.98,42.39,44.63,366956,16098246.96,07-Sep-2026,2055,INE854S01022
GENESYS,EQ,234,241.9,227.03,240.16,239,230.88,670463,157989343.00,07-Sep-2026,12494,INE727B01026
GENSOL,BZ,17.25,17.84,16.8,17.19,17.4,17.28,54286,934679.20,07-Sep-2026,415,INE06H201014
GENUSPAPER,EQ,12.76,14.2,12.37,13.22,13.33,12.76,517475,6894492.12,07-Sep-2026,1383,INE949P01018
GENUSPOWER,EQ,335,346.9,334,336.4,337.45,337.8,2776994,946678049.40,07-Sep-2026,178782,INE955D01029
GENXAI,SM,80.3,82.5,80.3,82.5,82.5,80.3,6000,490620.00,07-Sep-2026,5,INE1W0N01014
GEOJITFSL,EQ,82.96,83.68,82.1,82.78,83,82.72,197271,16339812.42,07-Sep-2026,2051,INE007B01023
GFLLIMITED,EQ,63.99,63.99,61.41,62.17,62,62.81,173356,10797939.54,07-Sep-2026,3347,INE538A01037
GHCL,EQ,437,437.95,432.5,433.35,433.15,436.6,54136,23561615.80,07-Sep-2026,2127,INE539A01019
GHCLTEXTIL,EQ,139.8,139.8,132.4,133.36,133.65,136.72,359899,48413952.46,07-Sep-2026,6236,INE0PA801013
GICHSGFIN,EQ,141.99,142.44,140.1,140.42,140.7,140.45,62788,8849485.02,07-Sep-2026,1114,INE289B01019
GILLANDERS,EQ,103.05,105,101.2,104.63,105,103.19,2241,232129.00,07-Sep-2026,196,INE047B01011
GILLETTE,EQ,7312.5,7391,7280,7380.5,7382.5,7312.5,9738,71377272.50,07-Sep-2026,3149,INE322A01010
GINNIFILA,BE,42.5,42.84,41.5,42.18,42.44,42.57,39857,1683944.24,07-Sep-2026,124,INE424C01010
GIRIRAJ,SM,74.65,78.35,74.65,78.35,78.35,74.65,3500,272375.00,07-Sep-2026,5,INE614Z01017
GKENERGY,EQ,128.96,131.67,127.41,129.46,130,128.96,248778,31993136.01,07-Sep-2026,3891,INE1AG301022
GKB,EQ,64,68,62.25,65.25,65.25,63.97,1462,95873.00,07-Sep-2026,15,INE265D01015
GKWLIMITED,EQ,1582.1,1585,1510,1550.6,1550,1610.9,2522,3910484.00,07-Sep-2026,93,INE528A01020
GLAND,EQ,2929.6,3042,2916.9,2974.3,2972,2932.4,1031320,3079656556.40,07-Sep-2026,69921,INE068V01023
GLAXO,EQ,2937.9,3075,2932.7,2957.8,2967,2958.1,155659,465458168.10,07-Sep-2026,18114,INE159A01016
GLENMARK,EQ,2420.2,2472,2420.2,2451.9,2451.9,2437.2,267568,656889629.70,07-Sep-2026,29294,INE935A01035
GLOBAL,EQ,121,122.98,119.1,120.15,119.1,120.45,129151,15661916.80,07-Sep-2026,1429,INE291W01037
MEDANTA,EQ,1474.1,1481.2,1420.4,1422.6,1423,1469.8,204437,293564706.10,07-Sep-2026,24659,INE474Q01031
GLOBALPET,SM,156.85,158,156.85,157.5,157,165,3750,589162.50,07-Sep-2026,5,INE0PS501019
GSLSU,EQ,29.78,29.78,28.4,29.45,29.58,28.37,164591,4814871.15,07-Sep-2026,1737,INE0JSX01015
GLOBALVECT,EQ,139.26,144.8,138.2,139.64,139.97,141.16,7148,1009226.12,07-Sep-2026,366,INE792H01019
GLOBALE,EQ,11.9,11.9,10.83,11.4,11.4,11.39,3819,42027.18,07-Sep-2026,34,INE0URU01010
GLOBECIVIL,EQ,48.99,48.99,45.42,46.15,46.5,48.15,31751,1480553.67,07-Sep-2026,472,INE0V3U01015
GLOBE,EQ,1.92,1.92,1.83,1.86,1.88,1.89,389980,729804.08,07-Sep-2026,285,INE581X01021
GICL,EQ,24.9,24.9,23.65,24.42,24.4,24.6,317054,7693535.87,07-Sep-2026,598,INE947T01022
GSTL,SM,11.4,11.7,11.4,11.7,11.7,12,4000,46250.00,07-Sep-2026,4,INE00WS01056
GLOBUSSPR,EQ,918.75,918.75,878,895.1,896,914.3,150541,134740787.85,07-Sep-2026,7915,INE615I01010
GLOSTERLTD,EQ,596.5,629,586.5,603.4,613,596.5,1178,718136.25,07-Sep-2026,97,INE350Z01018
GLOTTIS,EQ,62.04,62.04,58.05,59.62,60,62.1,66359,3999836.34,07-Sep-2026,979,INE0TQE01026
GMMPFAUDLR,EQ,1140,1254,1134.9,1235.7,1236,1147.9,1280855,1568633390.20,07-Sep-2026,78115,INE541A01023
GMRAIRPORT,EQ,98.05,98.48,95.65,95.94,95.94,97.45,5131436,496166844.18,07-Sep-2026,86469,INE776C01039
GMRP&UI,EQ,95.8,98.35,93.1,93.57,93.33,95.3,1193207,114292368.72,07-Sep-2026,8932,INE0CU601026
GNA,EQ,551.05,558,540.55,543.2,548.2,551.05,131118,72002085.15,07-Sep-2026,4402,INE934S01014
EBGNG,EQ,603.05,624.75,601.55,619.1,622.05,601.25,413604,255040658.25,07-Sep-2026,15555,INE18JU01028
GODIGIT,EQ,260,260.75,254.85,256.6,255.5,258.3,110938,28439010.90,07-Sep-2026,4068,INE03JT01014
GOCOLORS,EQ,332,343.15,327.55,329.7,328.2,326.65,235954,78882055.90,07-Sep-2026,5743,INE0BJS01011
GOACARBON,EQ,377,387,372.9,382.55,384.95,378.45,18478,7042995.05,07-Sep-2026,1137,INE426D01013
GOCLCORP,EQ,429,439.5,426.3,436.95,435.2,427.45,182392,79305259.05,07-Sep-2026,5623,INE077F01035
GODAVARIB,EQ,245.39,248,241.31,244.95,247,241.7,86089,21066749.62,07-Sep-2026,2198,INE497S01012
GPIL,EQ,242.79,245.2,239.43,244.05,245.2,240.67,1531854,371310831.52,07-Sep-2026,21903,INE177H01039
GODFRYPHLP,EQ,2051,2058.9,2011,2029,2029,2051,120277,244080373.60,07-Sep-2026,13236,INE260B01028
GODREJAGRO,EQ,648.15,671.1,642.25,665.5,665,644.85,338467,222581282.30,07-Sep-2026,13657,INE850D01014
GODREJCP,EQ,878.5,879.05,857.1,861.9,861.9,878,2647422,2283038437.20,07-Sep-2026,49729,INE102D01028
GODREJIND,EQ,1171,1184.9,1148.8,1159.8,1170,1163.5,64123,74669971.30,07-Sep-2026,10618,INE233A01035
GODREJPROP,EQ,1982,1984,1891.1,1922.2,1922.2,1982,752808,1447760391.90,07-Sep-2026,33374,INE484J01027
657GS2033A,GS,100,100,97.81,97.81,97.81,98.41,2100,206715.00,07-Sep-2026,5,IN0020260066
664GS2027,GS,101.2,101.2,101.2,101.2,101.2,101.2,100,10120.00,07-Sep-2026,1,IN0020240167
679GS2031,GS,100.5,100.5,100.5,100.5,100.5,100.5,390,39195.00,07-Sep-2026,1,IN0020240191
692GS2039,GS,99.01,99.3,99.01,99.29,99.28,97.02,111,10993.19,07-Sep-2026,4,IN0020240134
698GR2054,GS,92.1,94.5,92.1,94.5,94.5,93.1,201,18519.50,07-Sep-2026,4,IN0020240175
709GS2074,GS,95.8,95.8,95.5,95.5,95.5,95.6,4498,429943.16,07-Sep-2026,24,IN0020240142
574GS2026,GS,101.21,101.21,101.21,101.21,101.21,101.95,5,506.05,07-Sep-2026,2,IN0020210186
591GS2028,GS,100.5,100.5,100.5,100.5,100.5,100.69,99,9949.50,07-Sep-2026,1,IN0020250034
603GS2029,GS,100.25,100.25,100.25,100.25,100.25,100.47,5,501.25,07-Sep-2026,1,IN0020250125
610GS2031,GS,99.99,99.99,99.99,99.99,99.99,97,1,99.99,07-Sep-2026,1,IN0020210095
636GS2031,GS,100.49,100.49,100.49,100.49,100.49,101.5,100,10049.00,07-Sep-2026,1,IN0020250141
648GS2035,GS,98.5,100,98.5,100,100,100,3350,332402.50,07-Sep-2026,11,IN0020250091
654GS2032,GS,100.1,100.35,100.1,100.35,100.35,100.16,26000,2605100.00,07-Sep-2026,4,IN0020210244
667GS2035,GS,98.81,98.81,98.81,98.81,98.81,100.2,100,9881.00,07-Sep-2026,1,IN0020210152
667GS2050,GS,92.51,93.2,92.5,93.2,93.2,93,6413,594724.21,07-Sep-2026,7,IN0020200252
668GS2033,GS,99,99,99,99,99,100,5000,495000.00,07-Sep-2026,2,IN0020250133
676GS2061,GS,88.7,90.8,88.7,90.45,90.45,90.65,15861,1434585.10,07-Sep-2026,25,IN0020200401
690GS2065,GS,93.7,93.7,93.1,93.3,93.1,93.74,3600,335914.40,07-Sep-2026,11,IN0020250018
694GS2036,GS,102.2,102.31,102.2,102.31,102.31,102.2,400,40913.00,07-Sep-2026,4,IN0020260025
695GS2061,GS,92.5,93.5,92.5,93.5,93.5,94.7,438,40531.90,07-Sep-2026,7,IN0020210202
702GS2027,GS,102,102,102,102,102,102,199,20298.00,07-Sep-2026,1,IN0020240043
702GS2031,GS,101.7,101.7,101.7,101.7,101.7,101.79,1000,101700.00,07-Sep-2026,1,IN0020240076
704GS2029,GS,103,103,103,103,103,103,2000,206000.00,07-Sep-2026,2,IN0020240050
706GS2028,GS,104,104.1,104,104.1,104.1,104.32,7275,757300.00,07-Sep-2026,4,IN0020230010
706GS2041,GS,100.15,100.15,100.15,100.15,100.15,100.15,1000,100150.00,07-Sep-2026,2,IN0020260041
709GS2054,GS,95.97,95.97,95.5,95.52,95.5,95.98,30487,2916291.70,07-Sep-2026,22,IN0020240118
717GS2030,GS,103.85,103.85,103.85,103.85,103.85,103.81,10,1038.50,07-Sep-2026,1,IN0020230036
718GS2037,GS,104.95,104.95,102.01,102.5,102.5,102.8,47811,4903351.24,07-Sep-2026,24,IN0020230077
723GS2039,GS,104.58,104.58,104.58,104.58,104.58,104.58,1000,104580.00,07-Sep-2026,1,IN0020240027
724GS2055,GS,97.29,97.29,96.82,96.98,96.95,96.82,15921,1543349.28,07-Sep-2026,34,IN0020250075
725GS2063,GS,97.2,97.2,96.93,96.98,96.96,96.98,345123,33462816.72,07-Sep-2026,319,IN0020230044
726GS2032,GS,103.4,103.4,102.32,103.2,103.3,103.4,114010,11748807.80,07-Sep-2026,14,IN0020220060
726GS2033,GS,102,103.35,102,103.35,103.35,103.25,25000,2570500.00,07-Sep-2026,6,IN0020220151
73GS2053,GS,98.85,98.85,98.75,98.8,98.8,98.85,10200,1008043.40,07-Sep-2026,16,IN0020230051
732GS2030,GS,103.61,103.61,103.61,103.61,103.61,104,200,20722.00,07-Sep-2026,2,IN0020230135
733GS2026,GS,102.31,102.31,102.31,102.31,102.31,102.11,210,21485.10,07-Sep-2026,3,IN0020230119
734GS2064,GS,98.65,99.1,98.6,98.84,98.83,98.85,10885,1075624.08,07-Sep-2026,25,IN0020240035
736GS2052,GS,102,102,101.75,101.75,101.75,101.15,493,50163.25,07-Sep-2026,3,IN0020220086
74GS2062,GS,101.97,101.97,101.97,101.97,101.97,103,20,2039.40,07-Sep-2026,3,IN0020220094
741GS2036,GS,105.18,105.18,105.07,105.07,105.07,105,433,45520.61,07-Sep-2026,3,IN0020220102
743GS2076,GS,100.6,100.6,99.25,99.25,99.25,99.83,459559,45615752.21,07-Sep-2026,387,IN0020250117
746GS2073,GS,101.26,101.5,101.26,101.39,101.5,101.5,1965,198978.05,07-Sep-2026,9,IN0020230127
754GS2036,GS,106.2,106.3,105.86,106.17,106.22,106.18,463584,49200036.60,07-Sep-2026,251,IN0020220029
771GS2066,GS,103.77,103.77,103.55,103.6,103.6,103.66,11379,1179637.91,07-Sep-2026,18,IN0020260033
1018GS2026,GS,104.98,104.99,104.97,104.97,104.97,104.96,5694,597741.79,07-Sep-2026,19,IN0020010081
645GS2029,GS,101.36,101.36,101.36,101.36,101.36,103.2,5,506.80,07-Sep-2026,1,IN0020190362
706GS2046,GS,100.8,100.8,100.7,100.7,100.7,106,11591,1167263.70,07-Sep-2026,14,IN0020160068
710GS2029,GS,103.41,103.41,103.41,103.41,103.41,104,1,103.41,07-Sep-2026,1,IN0020220011
738GS2027,GS,101.61,102.7,101.61,102.6,102.6,102.62,18236,1866606.70,07-Sep-2026,19,IN0020220037
795GS2032,GS,107.2,107.2,107.2,107.2,107.2,106.4,12,1286.40,07-Sep-2026,1,IN0020020106
824GS2027,GS,101.7,101.7,101.7,101.7,101.7,101.7,1,101.70,07-Sep-2026,1,IN0020060078
828GS2027,GS,158.56,158.56,158.56,158.56,158.56,166.9,17,2695.52,07-Sep-2026,1,IN0020070069
897GS2030,GS,112,112.5,112,112.5,112.5,112.5,2050,229625.00,07-Sep-2026,3,IN0020110055
92GS2030,GS,115.5,115.5,115.3,115.32,115.3,115.25,3600,415764.00,07-Sep-2026,4,IN0020130053
182D180926,TB,99.7,99.7,99.7,99.7,99.7,99.05,12000,1196400.00,07-Sep-2026,2,IN002025Y503
182D311226,TB,97.58,97.75,97.58,97.75,97.75,97.39,200,19533.00,07-Sep-2026,2,IN002026Y139
364D110327,TB,96.57,96.57,96.57,96.57,96.57,96.5,100,9657.00,07-Sep-2026,1,IN002025Z492
364D240926,TB,99.46,99.46,99.46,99.46,99.46,98.5,100,9946.00,07-Sep-2026,1,IN002025Z260
91D011026,TB,99.54,99.6,99.54,99.6,99.6,99.46,700,69690.00,07-Sep-2026,6,IN002026X131
91D221026,TB,99.2,99.2,99.2,99.2,99.2,99.2,1000,99200.00,07-Sep-2026,1,IN002026X164
91D271126,TB,98.72,98.72,98.52,98.52,98.52,98.25,50100,4936252.00,07-Sep-2026,3,IN002026X214
91D291026,TB,99,99,99,99,99,99,100,9900.00,07-Sep-2026,1,IN002026X172
GOKEX,EQ,801,801,775,776.95,776.9,789.2,130637,102456800.50,07-Sep-2026,8183,INE887G01027
GOKULAGRO,EQ,231.17,234.8,231.06,231.69,232.25,231.17,199537,46347659.68,07-Sep-2026,5609,INE314T01033
GOKUL,EQ,42.97,43.95,42.37,42.85,42.7,42.96,182713,7884999.79,07-Sep-2026,1747,INE020J01029
GOLDENTOBC,BZ,25.9,25.9,24.02,24.25,25.19,24.96,3549,90211.70,07-Sep-2026,40,INE973A01010
GOLDIAM,EQ,345.15,345.95,331.8,340.45,339,345.3,926463,312854347.80,07-Sep-2026,17972,INE025B01025
GOLDSTAR,SM,8,8,7.65,7.9,7.9,7.7,33750,264937.50,07-Sep-2026,3,INE405Y01021
GOODLUCK,EQ,480,485,466.7,479.75,479,472.9,644419,306414331.30,07-Sep-2026,18662,INE127I01024
GOODYEAR,EQ,743.45,743.45,722.2,730.8,726,741.5,6727,4934388.15,07-Sep-2026,431,INE533A01012
GOPAL,EQ,266,267.9,263.5,266.3,266,265.1,92027,24427822.75,07-Sep-2026,2928,INE0L9R01028
GOYALALUM,EQ,6.22,6.22,6.08,6.16,6.16,6.22,53518,329885.39,07-Sep-2026,387,INE705X01026
GOYALSALT,SM,106,106,100,102.75,102.5,105,25800,2661000.00,07-Sep-2026,19,INE0QFE01017
GPECO,SM,441.55,446.9,415,417.9,418,441.55,27800,11827530.00,07-Sep-2026,96,INE0S7E01015
GULFPETRO,BE,65.61,67.89,65,65.27,66,65.91,115544,7654335.15,07-Sep-2026,414,INE586G01017
GPTHEALTH,EQ,159,162,158.57,161.37,161,158.17,173981,27950379.24,07-Sep-2026,3758,INE486R01017
GPTINFRA,EQ,112,113.69,111,111.76,112,112.1,90908,10193209.48,07-Sep-2026,991,INE390G01014
GRADIENTE,EQ,2.76,2.76,2.6,2.64,2.63,2.71,1514582,4045039.32,07-Sep-2026,294,INE361K01017
GCHOTELS,ST,99,101.2,97,99.2,99.7,99.85,42000,4156410.00,07-Sep-2026,53,INE12E301017
GFSTEELS,BE,15,15,15,15,15,15,1430,21450.00,07-Sep-2026,4,INE534A01028
GRANDOAK,EQ,35.9,36.5,35,35.86,35,34.84,1194,42983.25,07-Sep-2026,68,INE926B01016
GRANULES,EQ,844.5,873.85,842.2,867.3,867,848.3,1033026,894294494.75,07-Sep-2026,31322,INE101D01020
GRAPHISAD,SM,24.55,26.75,24.25,26,26,25.5,42000,1073520.00,07-Sep-2026,34,INE0POU01017
GRAPHITE,EQ,734.5,739.75,714.05,717.1,719.45,733.6,519646,376046422.65,07-Sep-2026,15060,INE371A01025
GRASIM,EQ,3322,3327.7,3293,3302.4,3302.4,3322,1179298,3897084172.20,07-Sep-2026,48144,INE047A01021
GRAUWEIL,EQ,71.5,71.93,70.75,71.45,71,70.59,129623,9244005.07,07-Sep-2026,5832,INE266D01021
GRAVISSHO,EQ,28.51,29.38,28.51,28.66,28.66,29.4,436,12511.20,07-Sep-2026,18,INE214F01026
GRAVITA,EQ,1661.6,1692.8,1660.9,1676.9,1673,1661.6,120216,202039307.70,07-Sep-2026,13588,INE024L01027
GREAVESCOT,EQ,196,196.49,192.1,194.45,195.5,195.56,725978,141100512.55,07-Sep-2026,11384,INE224A01026
GREENCHEF,SM,65,65,64,64,64,66.2,4800,310640.00,07-Sep-2026,6,INE0O7P01015
GREENLAM,EQ,242.62,242.8,235.7,236.87,237.64,242.62,94051,22442385.81,07-Sep-2026,2025,INE544R01021
GREENLEAF,ST,119.9,120.75,118,120.75,120.75,115,21000,2530250.00,07-Sep-2026,19,INE0PLX01017
GREENPANEL,EQ,158.32,166,156.01,162.55,162.1,158.32,744111,120913311.40,07-Sep-2026,12977,INE08ZM01014
GREENPLY,EQ,309.25,312.5,300.2,302.2,301.2,304.7,389935,119401511.85,07-Sep-2026,8680,INE461C01038
GCSL,EQ,595.5,613.2,595.5,601.85,602.7,595.15,1222825,741524281.35,07-Sep-2026,9693,INE199P01028
GRETEX,SM,225.15,225.15,225.15,225.15,225.15,237,750,168862.50,07-Sep-2026,1,INE985P01012
GRINDWELL,EQ,1955,1972.9,1925.1,1932.9,1935,1962.5,23158,45072455.80,07-Sep-2026,4137,INE536A01023
GRMOVER,EQ,87.36,87.36,85,85.8,85.99,87.53,1118026,96365200.24,07-Sep-2026,4515,INE192H01020
GJL,ST,254.95,255,254.95,255,255,251,2400,611920.00,07-Sep-2026,2,INE1TY801010
CEMNTGROWW,EQ,14.8,14.81,14.46,14.54,14.6,14.66,115933,1685117.46,07-Sep-2026,605,INF666M01PH7
GROWWCAPM,EQ,11.5,11.59,11.48,11.56,11.59,11.44,321273,3709421.20,07-Sep-2026,848,INF666M01MM4
GROWWCHEM,EQ,30.23,30.5,30,30.08,30.1,30.24,11679,352685.19,07-Sep-2026,296,INF666M01NP5
GROWWDEFNC,EQ,98.42,98.42,96.86,97.75,97.84,97.42,217691,21265306.42,07-Sep-2026,3653,INF666M01IO8
GROWWEV,EQ,31.56,32.69,31.56,32.37,32.4,32.37,772261,24891998.06,07-Sep-2026,4411,INF666M01IH2
GROWWGOLD,EQ,14.98,14.98,14.72,14.81,14.79,15.03,2789656,41251832.55,07-Sep-2026,6202,INF666M01OE7
GROWWHOSPI,EQ,52.08,52.26,51.7,52.1,52.26,51.83,132678,6897553.66,07-Sep-2026,1051,INF666M01OD9
GROWWLIQID,EQ,110.64,110.66,110.64,110.65,110.65,110.64,165247,18285336.52,07-Sep-2026,356,INF666M01IP5
GROWWLOVOL,EQ,10.04,10.43,10.04,10.28,10.28,10.3,18110,185468.01,07-Sep-2026,181,INF666M01LB9
GROWWMC150,EQ,235,235,230.09,230.1,230.09,233.51,2164,499269.66,07-Sep-2026,65,INF666M01MV5
GROWWMETAL,EQ,13.03,13.03,12.5,12.52,12.57,12.72,497131,6260400.14,07-Sep-2026,2218,INF666M01NI0
GROWWMOM50,EQ,11.06,11.06,10.91,11,11.03,10.99,194295,2140363.53,07-Sep-2026,637,INF666M01KJ4
GROWWN200,EQ,11.39,11.48,11.22,11.27,11.3,11.34,66361,746982.61,07-Sep-2026,418,INF666M01JV1
GROWWNET,EQ,10.96,10.96,10.73,10.79,10.8,10.86,469311,5071271.09,07-Sep-2026,799,INF666M01LI4
GROWWNIFTY,EQ,9.69,9.75,9.43,9.6,9.63,9.68,824351,7945258.53,07-Sep-2026,5548,INF666M01LL8
GROWWNXT50,EQ,72.89,73.99,72.41,72.79,72.53,73.45,21112,1538367.26,07-Sep-2026,188,INF666M01LZ8
GROWWPOWER,EQ,11.31,11.38,11.19,11.2,11.22,11.33,1531393,17253365.09,07-Sep-2026,3404,INF666M01LM6
GROWWPSE,EQ,99.98,99.98,95.5,97.95,98,98.3,6647,651091.59,07-Sep-2026,130,INF666M01NQ3
GROWWPSUBK,EQ,86.78,86.78,84.21,84.67,84.74,85.88,7308,620086.22,07-Sep-2026,191,INF666M01OG2
GROWWRAIL,EQ,28.23,28.24,27.9,28,28.02,28.08,356895,10003260.01,07-Sep-2026,2843,INF666M01JJ6
GROWWRLTY,EQ,10.21,10.21,10.02,10.05,10.14,10.21,578932,5820405.42,07-Sep-2026,677,INF666M01MN2
GROWWSC250,EQ,10.95,10.95,10.55,10.67,10.66,10.69,117852,1256680.08,07-Sep-2026,752,INF666M01MO0
GROWWSLVR,EQ,22.65,22.65,22.42,22.53,22.55,22.83,960509,21608691.55,07-Sep-2026,2839,INF666M01OF4
PVTBKGROWW,EQ,27.79,27.99,27.57,27.9,27.9,27.92,5456,152110.34,07-Sep-2026,150,INF666M01OT5
SMALLGROWW,EQ,49.55,49.67,49.13,49.22,49.22,49.06,8780,433839.65,07-Sep-2026,130,INF666M01PG9
GRPLTD,EQ,2046.9,2046.9,1975.6,2004.1,1997,2013,1104,2201449.70,07-Sep-2026,178,INE137I01015
GSMFOILS,SM,105.6,105.6,105.6,105.6,105.6,111.15,10500,1108800.00,07-Sep-2026,18,INE0SQY01018
GSPCROP,EQ,622.25,624.6,594.25,600.95,599.3,619.25,203559,123745759.95,07-Sep-2026,5687,INE713R01022
GSS,EQ,10.83,11.44,10.83,11.02,11.12,11.03,52386,580511.47,07-Sep-2026,176,INE871H01011
GTLINFRA,EQ,1.16,1.21,1.16,1.2,1.21,1.16,69809746,82399289.99,07-Sep-2026,13395,INE221H01019
GTL,EQ,7.13,7.3,7.07,7.25,7.24,7.11,256404,1855164.42,07-Sep-2026,678,INE043A01012
GTPL,EQ,59,59.02,57.52,58.91,59,58.67,76926,4512800.21,07-Sep-2026,788,INE869I01013
GUFICBIO,EQ,449.9,467.8,438.85,448,446.7,444.9,382048,173391010.55,07-Sep-2026,12436,INE742B01025
GIPCL,EQ,206,206.1,199.36,200.72,201.73,205.18,540738,109322775.13,07-Sep-2026,7291,INE162A01010
GNFC,EQ,601.7,605.7,594.2,597.9,599.8,596.7,1281385,767680496.05,07-Sep-2026,25797,INE113A01013
GSFC,EQ,163.3,163.74,161.53,162.02,162,162.88,947889,153663490.68,07-Sep-2026,14619,INE026A01025
GUJAPOLLO,EQ,362.35,363.35,338.75,345.2,342.1,355.95,16534,5743102.70,07-Sep-2026,744,INE826C01016
GUJALKALI,EQ,724.8,727.2,701.85,707.85,706,721.6,86704,61722715.65,07-Sep-2026,5976,INE186A01019
GAEL,EQ,168.4,169,164.52,165.48,165.75,167.81,678295,112627593.98,07-Sep-2026,14129,INE036B01030
GUJENERGY,EQ,265,267,261.5,261.93,261.9,263.59,1483233,390135554.78,07-Sep-2026,29101,INE844O01030
FLUOROCHEM,EQ,4574,4603.8,4470,4530.5,4533,4554,104652,473005040.30,07-Sep-2026,20759,INE09N301011
GKSL,EQ,172.83,177.9,172.83,176.34,177.9,172.81,382407,67248080.99,07-Sep-2026,6505,INE0V0W01025
GLFL,EQ,5.78,5.78,5.56,5.63,5.72,5.8,3020,16848.44,07-Sep-2026,23,INE540A01017
GMDCLTD,EQ,562.95,564.65,556.8,557.6,557.5,562.95,357732,199942287.40,07-Sep-2026,12489,INE131A01031
GNRL,EQ,100,116.33,100,113.96,114,99.27,3632929,406935671.34,07-Sep-2026,37533,INE207H01018
GPPL,EQ,161.41,162.69,160.39,160.98,161.5,161.62,738209,119124046.92,07-Sep-2026,12139,INE517F01014
GUJRAFFIA,EQ,41.45,41.45,40.01,40.9,40.9,41,1621,65528.57,07-Sep-2026,32,INE610B01024
GUJTHEM,EQ,414.9,442,409.1,429.3,426.25,411.35,1088263,470442270.10,07-Sep-2026,31408,INE942C01045
GULFOILLUB,EQ,1060,1076.6,1048,1052.8,1054.5,1067.8,53249,56265923.80,07-Sep-2026,6339,INE635Q01029
GULPOLY,EQ,186.55,187.55,182.35,183.04,182.35,186.01,121930,22483298.73,07-Sep-2026,2330,INE255D01024
GURUNANAK,SM,35.15,35.2,35.1,35.1,35.1,36.9,14400,506080.00,07-Sep-2026,9,INE1CCX01012
GVKPIL,BE,2.1,2.12,2.05,2.09,2.1,2.08,560924,1175004.51,07-Sep-2026,835,INE251H01024
GVPTECH,BE,8.44,8.44,7.85,8,8.18,8.05,74554,609006.56,07-Sep-2026,418,INE382T01030
GYFTR,EQ,184.15,188,182.52,186.34,187.99,182.54,23288,4319444.56,07-Sep-2026,528,INE724A01017
HBESD,EQ,74,77.3,74,74.1,74.1,75.1,780,58039.42,07-Sep-2026,14,INE640B01021
HGINFRA,EQ,482,491.55,479.3,488.7,489.9,482,48912,23805914.55,07-Sep-2026,3405,INE926X01010
HALDER,EQ,294.65,294.65,270.25,286.6,290,293.5,23488,6776312.35,07-Sep-2026,209,INE115S01010
HALDYNGL,BE,145.3,149.45,142.5,144.33,145,147.7,31734,4623378.22,07-Sep-2026,308,INE506D01020
HALEOSLABS,EQ,1462.8,1499,1450,1462,1450,1451.3,545,804282.30,07-Sep-2026,41,INE320X01016
HAMPTON,EQ,8.18,8.18,7.61,8.11,8.15,7.86,368622,2990069.39,07-Sep-2026,115,INE299D01022
HGM,EQ,51.58,54.2,50.62,50.81,50.63,52.63,3567,186045.48,07-Sep-2026,70,INE596H01014
HAPPSTMNDS,EQ,354,354.05,343.05,343.5,343.05,354,1292099,446459217.10,07-Sep-2026,25018,INE419U01012
HAPPYFORGE,EQ,2250,2287.4,2203.5,2231.4,2227.7,2238.5,45858,102429223.60,07-Sep-2026,9286,INE330T01021
WHITEFORCE,SM,38,38,38,38,38,38,3200,121600.00,07-Sep-2026,2,INE0TLP01015
HAPPY,SM,87.85,88,85,86,86,89.65,32000,2756100.00,07-Sep-2026,14,INE1GFG01011
HARDWYN,EQ,9.15,9.28,9.14,9.17,9.17,9.13,311011,2853692.68,07-Sep-2026,674,INE626Z01029
HARIOMPIPE,EQ,360.85,378,357.4,365.2,364.55,359.2,183197,67603971.25,07-Sep-2026,6202,INE00EV01017
HRYNSHP,EQ,101.86,101.86,98.5,100.98,100.99,101.36,278,27903.44,07-Sep-2026,35,INE400G01011
HARRMALAYA,EQ,190,198,188,189.85,188.7,192.72,9922,1894290.75,07-Sep-2026,475,INE544A01019
HARSHA,EQ,458.8,461.4,451.05,455.45,455.5,454.35,135432,61733614.35,07-Sep-2026,5353,INE0JUS01029
HATHWAY,EQ,10.52,10.53,10.36,10.38,10.4,10.52,922339,9627202.12,07-Sep-2026,2039,INE982F01036
HATSUN,EQ,1158,1158.1,1116.3,1132.8,1134,1168.8,66432,75103467.50,07-Sep-2026,7344,INE473B01035
HAVELLS,EQ,1159.6,1159.7,1140,1150,1150,1154,882205,1012114408.50,07-Sep-2026,58121,INE176B01034
HAWKINCOOK,EQ,8426,8426,8200,8254,8240,8406.5,1354,11228011.50,07-Sep-2026,419,INE979B01015
HAZOOR,EQ,19.6,19.99,19.33,19.85,19.9,19.13,252002,4972412.05,07-Sep-2026,661,INE550F01049
HBPOR,EQ,58.62,61.1,58.5,60.46,60.5,58.38,726,43463.26,07-Sep-2026,65,INE638B01025
HBSL,EQ,56,56,52,52.43,52.38,54.91,7993,423119.12,07-Sep-2026,160,INE550B01022
HBLENGINE,EQ,695.7,707.95,690.15,703.9,706.95,695.75,961999,670869642.10,07-Sep-2026,26575,INE292B01021
HCL-INSYS,EQ,10.15,10.2,9.95,9.99,10.07,10.1,208739,2100185.80,07-Sep-2026,897,INE236A01020
HCLTECH,EQ,1271.7,1286.8,1263,1282.8,1282.8,1293.4,2008363,2556690581.40,07-Sep-2026,61309,INE860A01027
HDBFS,EQ,682.7,687.15,675.4,685.05,683.95,682.7,1539050,1051836526.90,07-Sep-2026,18421,INE756I01012
HDFCAMC,EQ,2468.8,2473.6,2432,2432,2432,2458.3,300166,735285954.10,07-Sep-2026,25415,INE127D01025
HDFCBANK,EQ,712.1,713,707.05,710.5,710.5,712.1,12180390,8653415620.75,07-Sep-2026,190729,INE040A01034
HDFCGOLD,EQ,130.4,130.4,128.96,129.88,129.88,131.45,3238638,420063781.22,07-Sep-2026,15459,INF179KC1981
HDFCLIFE,EQ,546.4,546.4,533.2,533.2,533.2,546.4,1190100,641423574.95,07-Sep-2026,35398,INE795G01014
HDFCBSE500,EQ,37.74,37.88,37.02,37.19,37.39,37.56,1265857,47134432.08,07-Sep-2026,541,INF179KC1EZ4
HDFCGROWTH,EQ,118.88,118.88,117.2,117.39,117.25,118.29,21630,2540886.37,07-Sep-2026,237,INF179KC1DJ0
HDFCLIQUID,EQ,1077.84,1077.84,1076.85,1076.85,1076.85,1076.75,28363,30543090.17,07-Sep-2026,62,INF179KC1JG3
HDFCLOWVOL,EQ,20.5,20.5,20.34,20.35,20.35,20.48,4814,98015.69,07-Sep-2026,96,INF179KC1HU8
HDFCMID150,EQ,23.75,23.75,23.33,23.38,23.47,23.5,366427,8580082.21,07-Sep-2026,2100,INF179KC1HT0
HDFCMOMENT,EQ,30.99,31.19,30.25,31,31.01,30.99,126317,3915840.12,07-Sep-2026,805,INF179KC1HV6
HDFCNEXT50,EQ,74.81,74.88,74.1,74.38,74.62,74.75,132021,9811883.59,07-Sep-2026,1043,INF179KC1HS2
HDFCNIF100,EQ,26.45,26.45,25.71,25.76,25.9,25.93,41544,1071702.18,07-Sep-2026,481,INF179KC1HR4
HDFCNIFBAN,EQ,60.7,60.7,58.7,58.84,58.87,59.22,237829,13992234.73,07-Sep-2026,799,INF179KC1HY0
HDFCNIFIT,EQ,32.03,33.6,31.94,32.06,32.13,32.86,184453,5941581.52,07-Sep-2026,726,INF179KC1IA8
HDFCNIFTY,EQ,274.3,274.3,266.3,268.29,268.42,270.3,98890,26570411.32,07-Sep-2026,1656,INF179KC1965
HDFCNIMEG,EQ,133.01,133.28,131.1,131.56,132.02,133.56,30510,4014640.90,07-Sep-2026,168,INF179KC1KT4
HDFCPVTBAN,EQ,29.09,29.09,28.16,28.25,28.16,28.39,395778,11202012.45,07-Sep-2026,713,INF179KC1HZ7
HDFCQUAL,EQ,58.31,58.34,58,58.12,58.32,58.65,5358,311720.74,07-Sep-2026,135,INF179KC1DL6
HDFCSENSEX,EQ,88.19,88.19,78.44,86.47,86.73,87.15,46781,4044100.19,07-Sep-2026,1020,INF179KC1HX2
HDFCSILVER,EQ,221.8,221.8,218,219.9,219.8,222.7,2927057,642894997.06,07-Sep-2026,12272,INF179KC1DI2
HDFCSML250,EQ,189.3,189.3,185.83,186.73,186.81,186.65,1018542,189929158.08,07-Sep-2026,13847,INF179KC1FB2
HDFCVALUE,EQ,125.88,125.88,124.25,124.54,125,125.88,8599,1072544.98,07-Sep-2026,159,INF179KC1DK8
HDFCPSUBK,EQ,86.16,86.23,85,85.07,85.5,86.16,20087,1714048.58,07-Sep-2026,271,INF179KC1HW4
HEADSUP,EQ,7.48,7.48,6.66,7.02,7.36,7.21,2844,19868.87,07-Sep-2026,93,INE759V01019
HEALTHX,EQ,295,304,294.3,296.9,296.25,300.3,4706,1406982.30,07-Sep-2026,69,INE019J01013
HCG,EQ,700.15,713.85,684.5,687.9,689.55,700.2,165572,115132644.85,07-Sep-2026,16027,INE075I01017
HECPROJECT,EQ,117.95,119.98,117.95,118.17,118.97,117.78,3073,364336.01,07-Sep-2026,51,INE558R01013
HEG,BE,260,273,250,272.2,273,728.25,3615221,962419933.85,07-Sep-2026,26923,INE545A01024
HEIDELBERG,EQ,160.99,162.18,159.61,160.56,160.5,160.17,428563,68980538.62,07-Sep-2026,5074,INE578A01017
HEMIPROP,EQ,127,127,124.76,125.08,124.98,126.55,204770,25724643.47,07-Sep-2026,2365,INE0AJG01018
HERANBA,EQ,173.8,173.83,168.12,169.62,169.2,173.83,45360,7743388.01,07-Sep-2026,1234,INE694N01015
HERITGFOOD,EQ,383,390,377.05,384.15,381,382.35,1306175,502773927.70,07-Sep-2026,24275,INE978A01027
HEROMOTOCO,EQ,5300,5347.5,5270,5270,5270,5300,354258,1878421300.50,07-Sep-2026,33227,INE158A01026
HESTERBIO,EQ,2405.4,2405.4,2330.1,2362.7,2378,2405.4,8149,19250052.20,07-Sep-2026,1273,INE782E01017
HEXATRADEX,EQ,157.65,159.9,157,158.58,159.25,157.65,337,53484.99,07-Sep-2026,23,INE750M01017
HEXAGON,BE,67.2,67.22,65,65.72,66,67.23,135136,8885305.18,07-Sep-2026,585,INE0JUI01012
HEXT,EQ,528.6,528.6,518.05,522.85,523.5,528.6,126595,66155953.35,07-Sep-2026,8181,INE093A01041
HFCL,BE,239,243.01,237.61,243.01,243.01,231.44,4679636,1132582658.46,07-Sep-2026,11861,INE548A01028
HIGREEN,SM,124,124,121,123.9,123.9,124,13600,1682440.00,07-Sep-2026,12,INE0PIC01017
HITECH,EQ,75.99,77.6,75.51,75.96,76,75.77,514424,39340824.45,07-Sep-2026,5564,INE106T01025
HILINFRA,EQ,43.51,44.59,43.4,43.72,43.97,44.45,69037,3016562.89,07-Sep-2026,768,INE00RL01028
HIKAL,EQ,222.01,257,218.82,243,243.5,222.3,31089358,7628274227.93,07-Sep-2026,276928,INE475B01022
HILTON,EQ,18.7,19,18.6,18.64,18.6,18.63,83413,1563728.17,07-Sep-2026,305,INE788H01017
HSCL,EQ,666,687,666,672.65,674.4,671.05,2666117,1805071044.20,07-Sep-2026,43727,INE019C01026
HIMATSEIDE,EQ,71.3,71.69,69.82,70.15,70,71.51,549464,38721297.11,07-Sep-2026,3214,INE049A01027
HINDALUMI,EQ,93.45,97.5,93.45,96.25,96.25,97.43,1737,166496.18,07-Sep-2026,113,INE227B01019
HINDALCO,EQ,1011.1,1014.8,999.8,1006,1006,1011,1848438,1856609885.20,07-Sep-2026,43748,INE038A01020
HINDCON,EQ,23.89,24.84,23.37,24.25,24.42,23.9,34266,830919.47,07-Sep-2026,378,INE642Y01029
HPIL,EQ,122,123.75,120.1,121.87,121.8,123.75,140,17004.43,07-Sep-2026,23,INE05X901010
HGS,EQ,400.95,400.95,395,395.55,395,399.25,6707,2657535.15,07-Sep-2026,513,INE170I01016
HINDADH,EQ,377.9,377.9,353.05,361.25,366,370.9,1441,523356.70,07-Sep-2026,167,INE074C01013
HAL,EQ,4884.8,4909.9,4835.4,4855.2,4855.2,4856,602641,2936679614.20,07-Sep-2026,44859,INE066F01020
HINDCOMPOS,EQ,391,404.2,385.2,398.75,400,394.85,3471,1379562.15,07-Sep-2026,188,INE310C01029
HCC,EQ,23,23.67,22.75,23.54,23.6,22.98,31279184,729954568.30,07-Sep-2026,33737,INE549A01026
HINDCOPPER,EQ,521.6,521.6,506.6,509.1,509.95,521.65,5991278,3071504736.30,07-Sep-2026,91972,INE531E01026
HNDFDS,EQ,611.1,634,611.1,628.9,626,615.05,100524,62355848.30,07-Sep-2026,7364,INE254N01026
HMVL,BE,84.99,85.68,83.11,83.45,83.15,84.28,37145,3119718.69,07-Sep-2026,142,INE871K01015
HINDOILEXP,EQ,185,193.99,184.46,188.85,188,185,2651804,505879789.14,07-Sep-2026,29508,INE345A01011
HINDPETRO,EQ,355,356.9,349.55,356.9,356.9,356.5,3859485,1363575037.75,07-Sep-2026,41960,INE094A01015
HINDUNILVR,EQ,1972,1974.2,1958,1960,1960,1973.4,713057,1401834355.80,07-Sep-2026,30463,INE030A01027
HINDZINC,EQ,597.85,598,587.5,589.15,589.15,601,3801807,2246033377.85,07-Sep-2026,39425,INE267A01025
HINDWAREAP,EQ,182.5,184.07,179.78,182.54,182.5,182.61,74937,13601696.72,07-Sep-2026,1865,INE05AN01011
HIRECT,EQ,1215,1235,1200.2,1211.9,1216,1222.4,61020,74046656.60,07-Sep-2026,4683,INE835D01023
HISARMETAL,EQ,167.6,167.6,160.02,162.02,162,162.19,1223,196464.21,07-Sep-2026,48,INE598C01011
POWERINDIA,EQ,31635,32175,31635,31775,31775,31650,50681,1617978630.00,07-Sep-2026,17887,INE07Y701011
HITECHCORP,BE,339.45,339.45,326.4,334.35,333.5,337,7494,2506642.45,07-Sep-2026,50,INE120D01012
HLEGLAS,EQ,335.9,342,330.15,336.25,338,333.65,292854,98677379.95,07-Sep-2026,8778,INE461D01028
HLVLTD,EQ,6.46,6.6,6.28,6.41,6.38,6.48,194205,1237513.63,07-Sep-2026,680,INE102A01024
HMAAGRO,EQ,20.9,20.92,20.59,20.66,20.69,20.84,563266,11682942.44,07-Sep-2026,1839,INE0ECP01024
87HMDA39,N0,103685,103685,103685,103685,103685,100000,200,20737000.00,07-Sep-2026,1,INE2T2Q07063
HMT,BZ,66.05,69.04,66.05,68.18,68.98,66.91,29199,1990708.62,07-Sep-2026,326,INE262A01018
HOACFOODS,ST,1010,1010,990,990,990,1009.95,4875,4871193.75,07-Sep-2026,12,INE0S6S01017
HOLMARC,SM,106,106,102.1,103.9,103.95,105.05,8250,853387.50,07-Sep-2026,10,INE0LXA01019
HOMEFIRST,EQ,1209.6,1244.9,1206.1,1233.7,1239,1210.1,315751,388772352.80,07-Sep-2026,26164,INE481N01025
HONASA,EQ,470,474.9,464,468.9,470,471.05,703603,330587942.40,07-Sep-2026,23579,INE0J5401028
HONDAPOWER,EQ,2033.9,2033.9,1995,1999.8,1995,2024.6,2937,5893050.60,07-Sep-2026,626,INE634A01018
HONAUT,EQ,35660,35895,35380,35565,35600,35655,1788,63660290.00,07-Sep-2026,1172,INE671A01010
HORIZONIND,EQ,55.25,55.78,54.54,54.85,54.7,55.13,3005572,165401678.40,07-Sep-2026,24535,INE685T01010
HDIL,BZ,1.52,1.53,1.47,1.49,1.49,1.47,161530,243786.25,07-Sep-2026,258,INE191I01012
HPAL,EQ,35.49,36,34.52,35.7,35.73,35.58,41013,1460766.27,07-Sep-2026,828,INE0GSL01024
HPTL,SM,322.25,322.25,322.25,322.25,322.25,329.75,600,193350.00,07-Sep-2026,1,INE0VA601019
HPL,EQ,304.15,309.4,300.5,301.55,300.55,304.15,76591,23260946.55,07-Sep-2026,3184,INE495S01016
HRHNEXT,SM,26.6,26.65,25.2,25.2,25.2,25.4,24000,635250.00,07-Sep-2026,10,INE0R3501012
HSBCGOLD,EQ,137.86,137.86,127.17,132.11,132.25,133.81,33987,4475180.62,07-Sep-2026,151,INF336L01RX2
HUDCO,EQ,180.6,181.05,178.54,179.24,179.15,180.52,716189,128531779.83,07-Sep-2026,15142,INE031A01017
HTMEDIA,EQ,26,26.9,25.55,25.7,25.94,26.12,57931,1498418.28,07-Sep-2026,429,INE501G01024
HUBTOWN,EQ,188,194,185.69,189.91,189.5,189.26,508005,96692778.69,07-Sep-2026,6463,INE703H01016
HUHTAMAKI,EQ,255,257.9,245,250.05,252.9,255,247720,61840239.70,07-Sep-2026,5846,INE275B01026
HVAX,SM,640,653.95,633.65,651.3,653.95,667,1950,1246192.50,07-Sep-2026,13,INE0TO501019
HTEL,BE,73.4,75.45,72,73.25,73.5,73.65,1163441,86210061.91,07-Sep-2026,5586,INE0LEG01024
HYBRIDFIN,BE,16.99,17.5,16.67,17.19,17.19,16.67,10009,168351.59,07-Sep-2026,26,INE965B01022
HYUNDAI,EQ,2195,2224.5,2190.2,2210,2210,2205,508562,1122867039.50,07-Sep-2026,38989,INE0V6F01027
IGPL,EQ,575,576,557.05,558.8,562.35,567.4,83345,47229035.55,07-Sep-2026,4411,INE204A01010
ISTLTD,EQ,655,702.15,643.55,654.9,655,654.55,1918,1265885.05,07-Sep-2026,122,INE684B01029
IBLFL,SM,58,60.9,58,60.9,60.9,58,20000,1202800.00,07-Sep-2026,9,INE0O7401018
ICELCO,SM,122.8,122.8,115.1,116.3,115.1,119.05,19200,2279220.00,07-Sep-2026,13,INE0XE501015
ICDSLTD,EQ,71.56,77.69,64.31,67.32,67,71.45,120496,8162404.02,07-Sep-2026,2177,INE613B01010
ICEMAKE,EQ,739,739,720.3,724.75,725,738.6,8713,6345052.70,07-Sep-2026,703,INE520Y01019
ICICIBANK,EQ,1428,1434.4,1422.6,1427.5,1427.5,1423.2,8035111,11464682346.30,07-Sep-2026,126269,INE090A01021
ICICIGI,EQ,1517,1517,1493.1,1493.4,1493.4,1510,426021,640554868.20,07-Sep-2026,22352,INE765G01017
LOWVOLIETF,EQ,22.52,22.52,21.73,21.84,21.96,21.98,1680113,36676367.92,07-Sep-2026,1937,INF109KC19U5
ICICIPRULI,EQ,491,492,470.65,470.65,470.65,494.55,1678977,806864245.10,07-Sep-2026,34594,INE726G01019
MIDSELIETF,EQ,20.33,20.33,19.52,19.78,19.83,19.93,324925,6435351.41,07-Sep-2026,1091,INF109KC10W0
NIF100IETF,EQ,28.05,28.05,27.66,27.83,27.84,28.05,293260,8172875.61,07-Sep-2026,3429,INF109KC16V9
NIFTYIETF,EQ,275.4,275.4,269.4,269.6,269.88,271.88,784440,211896739.60,07-Sep-2026,26897,INF109K012R6
SENSEXIETF,EQ,884.25,886.09,875.01,876.69,879,884.24,11792,10350767.45,07-Sep-2026,645,INF346A01034
ICICIAMC,EQ,2970.9,3038.2,2933.3,3013.7,3004,2970.9,279992,836087881.80,07-Sep-2026,32961,INE346A01027
GOLDIETF,EQ,131.28,131.28,129.12,130.01,130,131.8,5501440,713295795.99,07-Sep-2026,57764,INF109KC1NT3
NV20IETF,EQ,13.56,13.75,13.19,13.49,13.53,13.62,533872,7213852.86,07-Sep-2026,3371,INF109KC11V0
ICICIB22,EQ,113.14,116,113.14,113.84,113.97,114.34,133321,15196890.66,07-Sep-2026,4377,INF109KB15Y7
CASHIETF,EQ,1078.38,1078.49,1077.33,1078.48,1078.49,1078.38,3401939,3668893309.36,07-Sep-2026,365,INF109K1A021
EVIETF,EQ,33.12,33.12,32.2,32.27,32.47,32.47,312202,10084690.80,07-Sep-2026,1173,INF109K1A153
GSEC10IETF,EQ,263.81,264.54,261.92,261.92,261.92,262.5,183,48242.24,07-Sep-2026,12,INF109KC18O0
BSE500IETF,EQ,40.12,40.12,39.07,39.26,39.27,39.33,213523,8379592.47,07-Sep-2026,3018,INF109KC1V59
GSEC5IETF,EQ,66.09,66.73,66.08,66.5,66.5,66.51,57232,3794649.70,07-Sep-2026,52,INF109KC14A8
ALPL30IETF,EQ,27.59,27.64,27.44,27.49,27.62,27.59,408997,11246328.79,07-Sep-2026,1569,INF109KC17V7
AUTOIETF,EQ,29.11,29.11,28.51,28.81,28.89,28.81,633914,18254500.15,07-Sep-2026,2720,INF109KC10V2
PVTBANIETF,EQ,28.47,28.47,27.93,28.02,27.96,28.17,662433,18587213.31,07-Sep-2026,1198,INF109KC18U7
COMMOIETF,EQ,100.6,100.83,98.98,99.07,99.4,100.33,39614,3931700.90,07-Sep-2026,1680,INF109KC19O8
CONSUMIETF,EQ,120.28,120.56,119.35,120.02,120.56,120.67,10197,1224169.25,07-Sep-2026,261,INF109KC1V42
FMCGIETF,EQ,49.47,49.95,49.08,49.17,49.28,49.47,1486830,73116121.84,07-Sep-2026,6819,INF109KC19V3
INFRAIETF,EQ,94.51,95.2,94.21,94.39,94.7,94.8,71385,6744569.89,07-Sep-2026,4393,INF109KC16E5
LIQUIDIETF,EQ,999.99,1000.01,999.99,999.99,1000,999.99,209203,209202840.19,07-Sep-2026,254,INF109KC1KT9
MIDCAPIETF,EQ,24.06,24.13,23.75,23.9,23.95,24.06,758696,18168937.29,07-Sep-2026,3568,INF109KC11W8
MOM30IETF,EQ,31.36,31.44,31.08,31.23,31.25,31.36,490030,15329044.98,07-Sep-2026,2070,INF109KC17C7
NEXT50IETF,EQ,79.18,79.18,76.45,76.79,77,77.25,512076,39360819.29,07-Sep-2026,7592,INF109KC1NS5
HEALTHIETF,EQ,168.66,170.49,168.08,169.45,169.2,168.65,59893,10110740.81,07-Sep-2026,1804,INF109KC1Q72
QUAL30IETF,EQ,21.07,21.33,20.76,20.82,20.91,21.12,125990,2622854.10,07-Sep-2026,573,INF109KC18V5
SILVERIETF,EQ,230.4,230.54,228.46,229.68,229.86,232.48,1782466,408606954.70,07-Sep-2026,19796,INF109KC1Y56
ITIETF,EQ,34.01,34.01,33.25,33.36,33.53,34.01,485884,16240135.77,07-Sep-2026,2211,INF109KC16I6
INSUREIETF,EQ,15.32,15.32,15.05,15.06,15.16,15.23,468531,7071620.47,07-Sep-2026,244,INF109K1A567
BANKIETF,EQ,57.66,60.08,57.66,58.68,58.66,59.14,543968,31927644.79,07-Sep-2026,2608,INF109KC15I8
METALIETF,EQ,13.58,13.58,12.95,13.24,13.28,13.4,4556782,60473256.21,07-Sep-2026,15182,INF109KC19W1
OILIETF,EQ,11.08,11.4,11.08,11.26,11.28,11.37,1268013,14319051.90,07-Sep-2026,2749,INF109KC18W3
PSUBNKIETF,EQ,86.96,86.96,85.2,85.42,85.7,86.53,109940,9408652.87,07-Sep-2026,1052,INF109KC10S8
SMALLIETF,EQ,18.57,18.6,18.48,18.54,18.51,18.57,70346,1302420.77,07-Sep-2026,213,INF109K1A476
TOP15IETF,EQ,9.86,9.86,9.72,9.74,9.77,9.82,104502,1018338.86,07-Sep-2026,256,INF109K1A344
VAL30IETF,EQ,14.81,15.24,14.81,15.06,15.08,15.19,184406,2782032.69,07-Sep-2026,763,INF109KC16X5
FINIETF,EQ,32.12,33.77,32.12,32.71,32.78,32.95,150695,4943141.30,07-Sep-2026,1289,INF109KC17L8
ICRA,EQ,4975,5010,4901.1,4929.4,4923,4884.5,43495,215528193.80,07-Sep-2026,6429,INE725G01011
IDBI,EQ,90,92.65,89.73,90.75,90.94,90.63,7985304,726716213.06,07-Sep-2026,33363,INE008A01015
IDEAFORGE,EQ,777,791.65,762,765.45,765.85,777.05,253500,196610738.35,07-Sep-2026,16138,INE349Y01013
IDENTICAL,SM,18.05,18.05,18.05,18.05,18.05,18.05,2000,36100.00,07-Sep-2026,1,INE0TD101011
IDFCFIRSTB,EQ,86.29,86.79,85.9,86.44,86.44,86.71,10617041,916308372.33,07-Sep-2026,42140,INE092T01019
IFBAGRO,EQ,896.85,919.85,894.6,896.25,897,903.3,3748,3386006.40,07-Sep-2026,249,INE076C01018
IFBIND,EQ,1305.7,1337.6,1303.1,1313.6,1313.9,1305.7,21925,28955780.90,07-Sep-2026,3047,INE559A01017
IFCI,EQ,104.9,107.36,101.4,102.51,102.29,101.38,207830587,21582227203.45,07-Sep-2026,546172,INE039A01010
IFGLEXPOR,EQ,204,205.47,202.5,203.79,204.1,204.69,9039,1842511.24,07-Sep-2026,541,INE133Y01011
1225IFL27,N0,6119.25,6177,6119.25,6119.25,6119.25,6150,15,92352.25,07-Sep-2026,5,INE01XO07017
1225IFL28,N0,7480,7480,7480,7480,7480,7600,4,29920.00,07-Sep-2026,1,INE01XO07025
IGARASHI,EQ,424,428.45,413.6,415.15,415.9,422.75,58243,24365176.60,07-Sep-2026,2025,INE188B01013
852IIFL29,Y5,994,994,992,992,992,992,395,392620.00,07-Sep-2026,4,INE530B07591
865IIFL31,Y6,985,985.2,985,985.2,985.2,987,40,39405.05,07-Sep-2026,3,INE530B07633
870IIFL28,Y7,1025,1025,1025,1025,1025,1020.2,50,51250.00,07-Sep-2026,1,INE530B07617
9IIFL31,Y9,1020,1020,1020,1020,1020,1021,30,30600.00,07-Sep-2026,3,INE530B07609
IIFLCAPS,EQ,341.4,342.95,339.85,340.45,341,341.2,565824,193454842.70,07-Sep-2026,7528,INE489L01022
IIFL,EQ,649,667,635.3,654.05,655,651.15,4742061,3093402525.60,07-Sep-2026,96328,INE530B01024
IIFL060326,YA,1019,1019,1019,1019,1019,1012,25,25475.00,07-Sep-2026,1,INE530B07583
IKIO,EQ,212.34,212.34,201.5,202.98,202.5,212.34,279865,57638587.64,07-Sep-2026,4866,INE0LOJ01019
IL&FSENGG,BZ,37.5,37.65,37,37,37,36.75,30844,1154026.40,07-Sep-2026,57,INE369I01014
IVC,EQ,10.19,10.48,10,10.28,10.25,10.24,784795,8092359.19,07-Sep-2026,1856,INE050B01023
IL&FSTRANS,BZ,2.09,2.13,2.03,2.11,2.1,2.06,54588,115334.51,07-Sep-2026,72,INE975G01012
IMAGICAA,EQ,55.95,57.44,54.5,54.86,55.63,55.38,1374657,77257251.39,07-Sep-2026,5640,INE172N01012
IMPEXFERRO,BZ,4.81,4.81,4.81,4.81,4.81,4.72,13211,63544.91,07-Sep-2026,17,INE691G01015
INCREDIBLE,EQ,32.54,32.9,31.56,32.34,32,32.54,3017,97890.88,07-Sep-2026,46,INE452L01012
IMPAL,EQ,1116,1180.2,1103.4,1114.2,1128,1114.6,6049,6910915.10,07-Sep-2026,523,INE547E01014
INDSWFTLAB,EQ,351.5,373.45,351,368.7,368.85,355.95,650855,238671259.05,07-Sep-2026,11774,INE915B01019
INDTERRAIN,EQ,30.42,31.39,30,30.74,30.78,30.42,8811,267002.79,07-Sep-2026,55,INE611L01021
INDBANK,EQ,28.98,28.99,28.01,28.16,28.2,28.58,63723,1804977.25,07-Sep-2026,632,INE841B01017
BAJAJINDEF,EQ,225,227.38,221.71,222.26,221.8,222.69,10012,2239411.43,07-Sep-2026,331,INE0O9T01021
INDGN,EQ,602.8,604.85,591.85,599.35,598,601.5,336187,200807146.45,07-Sep-2026,22799,INE065X01017
INDIAGLYCO,BE,273.4,273.4,272,273.4,273.4,260.4,225992,61781041.60,07-Sep-2026,1184,INE560A01023
INDNIPPON,EQ,1180,1180,1115,1128.4,1121.4,1158.2,38355,43651958.80,07-Sep-2026,3029,INE092B01025
IPL,EQ,138.8,138.8,136,136.63,136.7,138.34,87993,12045113.15,07-Sep-2026,1647,INE0D6701023
INDIASHLTR,EQ,677.1,678.9,663.7,672.15,667.05,677.1,88324,59359916.15,07-Sep-2026,5539,INE922K01024
ITDC,EQ,645,648,640.2,643.35,641.95,644.35,40483,26041902.15,07-Sep-2026,2326,INE353K01014
IBULLSLTD,EQ,25.5,26.34,25,25.7,25.58,25.67,8153717,209711905.42,07-Sep-2026,14672,INE126M01010
INDIAMART,EQ,1726.4,1727.9,1703.4,1706.4,1707.8,1726.4,54073,92498884.80,07-Sep-2026,6302,INE933S01016
INDIANB,EQ,879.7,883.55,865.4,869.4,869.4,879.7,1005311,874886660.15,07-Sep-2026,21366,INE562A01011
INDIANCARD,EQ,219.9,219.9,210.2,217.85,219,219.97,417,90483.45,07-Sep-2026,38,INE061A01014
IEML,ST,43.8,44.15,40.25,41.25,41.05,42.05,42000,1790975.00,07-Sep-2026,51,INE0RRU01016
IEX,EQ,119.49,119.88,117.21,117.5,117.5,118.91,3730649,440317022.61,07-Sep-2026,33587,INE022Q01020
INDIANHUME,EQ,388.5,401.85,386.1,394.9,394.75,387.8,45044,17806266.75,07-Sep-2026,1705,INE323C01030
IMFA,EQ,1275,1299.7,1272.1,1286.9,1298,1288.4,100370,128964586.20,07-Sep-2026,9826,INE919H01018
IOC,EQ,137,137.5,135.15,135.15,135.15,137.6,5955660,809958283.79,07-Sep-2026,52239,INE242A01010
IOB,EQ,33.55,33.63,33.02,33.1,33.06,33.55,1509216,50023141.92,07-Sep-2026,7838,INE565A01014
IPHL,SM,73,78,72,76.1,77,74.95,68400,5219100.00,07-Sep-2026,49,INE0DHF01018
IRCTC,EQ,476.05,477.7,473.65,474.5,475,476.05,405838,192772931.40,07-Sep-2026,18046,INE335Y01020
IRFC,EQ,83.5,83.9,82.63,83,83,83.4,5917347,492583202.13,07-Sep-2026,35809,INE053F01010
IREDA,EQ,113.27,113.99,112.6,112.95,112.95,113.64,2955590,333991020.22,07-Sep-2026,22577,INE202E01016
IWP,EQ,33.2,34.94,33.2,34.41,34.4,34.38,6764,232844.53,07-Sep-2026,66,INE586E01020
INDIGOPNTS,EQ,1182,1209,1157.9,1178,1172.3,1185.8,77673,92393214.10,07-Sep-2026,10695,INE09VQ01012
INDIGRID,IV,175.75,175.75,175.04,175.39,175.39,175.49,649928,114038802.79,07-Sep-2026,7784,INE219X23014
INDIQUBE,EQ,196,204.6,190.21,202.13,203,194.54,125698,25061257.06,07-Sep-2026,2825,INE06ST01018
INDOAMIN,BE,125.55,130,125.5,127.23,128.5,125.96,83059,10634080.96,07-Sep-2026,553,INE760F01028
INDOBORAX,EQ,524,542.8,501,503.95,505.95,514.9,392536,204491160.85,07-Sep-2026,15648,INE803D01021
ICIL,EQ,449.8,458.55,443.05,453.7,450.95,449.8,467699,210775029.55,07-Sep-2026,15789,INE483B01026
INDOFARM,EQ,135,135,131,131.65,132.3,134.03,72717,9637020.10,07-Sep-2026,1817,INE622H01018
INDORAMA,EQ,74,78,71.8,73.56,73.04,72.96,2102406,159019025.89,07-Sep-2026,17976,INE156A01020
INDOTECH,EQ,3666.4,3690,3558.1,3666.6,3653,3663.1,19314,69993011.70,07-Sep-2026,2791,INE332H01014
INDOTHAI,EQ,33.97,37.53,33.97,37.53,37.53,35.75,16502372,595241614.32,07-Sep-2026,12715,INE337M01021
INDOUS,EQ,77.48,79.95,75.96,78.74,78.84,77.48,5684,441812.66,07-Sep-2026,355,INE250Z01010
INDOMIM,EQ,973.9,976.95,941.75,946.7,948.9,971.5,1601278,1538620308.05,07-Sep-2026,77095,INE084101034
NIPPOBATRY,EQ,329.9,330,325,325.25,325.5,331.75,1690,551272.05,07-Sep-2026,127,INE567A01028
INDOCO,EQ,249.3,257.24,248.06,250.7,251.28,262.51,315104,79481944.30,07-Sep-2026,7376,INE873D01024
IGCL,EQ,73.5,73.75,68.16,72.48,72.79,72.89,83569,6005297.70,07-Sep-2026,1495,INE05J901018
INDOKEM,EQ,639,645,630.05,636.35,640,625.55,4721,3005408.75,07-Sep-2026,308,INE716F01012
WAAREEINDO,EQ,275.65,275.65,263.5,265.55,266.7,272,63383,16871500.85,07-Sep-2026,1776,INE866K01023
INDOSTAR,EQ,260.89,260.89,250.6,253.08,252,258.66,58965,14946367.63,07-Sep-2026,1555,INE896L01010
INDOWIND,EQ,9.19,9.19,8.61,8.91,8.96,9.02,84385,752002.18,07-Sep-2026,483,INE227G01018
IGL,EQ,157,157,154.5,154.8,155.69,158.04,1105359,171747852.19,07-Sep-2026,15421,INE203G01027
INDRAMEDCO,EQ,349.7,353.9,349.15,351.4,352.3,349.7,127117,44724126.65,07-Sep-2026,4585,INE681B01017
INDUSINVIT,IV,134.33,134.33,132.9,132.97,132.91,133.94,238973,31865701.20,07-Sep-2026,7658,INE0NHL23019
INDUSTOWER,EQ,379.25,383.75,376,376.45,376.45,376.8,4311184,1633682476.25,07-Sep-2026,64622,INE121J01017
INDUSINDBK,EQ,1004.1,1017.9,995,998,998,1008.5,1418742,1425561263.70,07-Sep-2026,52969,INE095A01012
INDPRUD,EQ,6300,6390,6260,6385,6385,6305,75,473042.00,07-Sep-2026,12,INE620D01011
IITL,EQ,146.78,146.8,137.3,140.1,139.8,146.4,103995,15115927.34,07-Sep-2026,1097,INE886A01014
INFINIUM,SM,283,283,270,274.9,275,264,7500,2064550.00,07-Sep-2026,15,INE0MRE01011
INFLUX,SM,287,289,281,288.6,289,291.35,22200,6308970.00,07-Sep-2026,28,INE0MYZ01012
NAUKRI,EQ,1319,1321.8,1284.4,1302.5,1302.5,1319.8,856453,1105934323.60,07-Sep-2026,39322,INE663F01032
INFOBEAN,EQ,161.27,161.27,158.14,159.73,160,162.08,185457,29588995.86,07-Sep-2026,3538,INE344S01016
INFOLLION,SM,158,159.9,154.05,155.65,154.05,159.8,7200,1130400.00,07-Sep-2026,18,INE0NNZ01013
INFOMEDIA,EQ,5.35,5.57,5.2,5.43,5.46,5.35,15375,83819.13,07-Sep-2026,62,INE669A01022
INFY,EQ,1109.5,1109.9,1085,1087.5,1087.5,1130,7668346,8390499184.00,07-Sep-2026,195551,INE009A01021
INGERRAND,EQ,4840,4849.8,4713.5,4730.3,4736.6,4844.7,21053,99935170.10,07-Sep-2026,3499,INE177A01018
INNOMET,ST,288.05,288.05,288.05,288.05,288.05,282.45,25200,7258860.00,07-Sep-2026,24,INE0S1D01010
INNOVACAP,EQ,1198.9,1199.4,1155,1164.4,1170,1175.4,104975,123663281.90,07-Sep-2026,14634,INE0DUT01020
INNOVANA,EQ,305.2,316.7,300,301.65,300.5,305.2,822,252582.90,07-Sep-2026,127,INE403Y01018
ITTL,ST,65.45,65.45,65.45,65.45,65.45,64.2,630,41233.50,07-Sep-2026,4,INE070Y01023
INNOVISION,EQ,260,260,254.9,256.25,255.6,254.9,8908,2284372.15,07-Sep-2026,600,INE0ADB01012
INOXGREEN,EQ,175,175.1,169.01,172.28,175.1,175.1,1320442,225859375.21,07-Sep-2026,11101,INE510W01014
INOXINDIA,EQ,2260,2265,2214.1,2231.4,2240.6,2247.8,154701,345471598.40,07-Sep-2026,20497,INE616N01034
INOXWIND,EQ,74.5,75.99,73.66,75.6,75.6,74.4,15134302,1138088448.20,07-Sep-2026,41440,INE066P01011
INSECTICID,EQ,611.55,625.55,600.3,606.5,601,618.45,31882,19641462.90,07-Sep-2026,2271,INE070I01018
INA,EQ,90.78,93.8,88.23,92.77,92.8,90.24,755743,69465769.61,07-Sep-2026,7052,INE0LGX01024
INSPIRISYS,EQ,89.1,90.7,88.01,88.75,88.45,89.53,2089,185732.49,07-Sep-2026,50,INE020G01017
ESSENTIA,EQ,1.05,1.1,1.05,1.1,1.1,1.05,2788603,3045245.29,07-Sep-2026,441,INE418N01035
INTELLECT,EQ,690.7,691,675.7,682.15,681.3,686.65,244782,166507072.90,07-Sep-2026,12523,INE306R01017
INTENTECH,EQ,82.25,82.7,80.01,80.71,80.5,82.25,7085,576759.53,07-Sep-2026,206,INE781A01025
INTERARCH,EQ,1707,1714.9,1688,1703.5,1705.5,1707,31615,53844697.90,07-Sep-2026,4068,INE00M901018
INDIGO,EQ,4950,5008,4944,5001,5001,4977,354874,1768765401.00,07-Sep-2026,28042,INE646L01027
INTLCONV,EQ,83.08,83.08,79.1,79.92,80.5,81.18,62311,5029394.93,07-Sep-2026,1871,INE575C01027
IGIL,EQ,324.05,324.05,312.05,318,320,323.5,742176,235545046.10,07-Sep-2026,26856,INE0Q9301021
ISFT,EQ,81.5,84.18,81.49,83.1,83.6,81.61,127511,10598555.79,07-Sep-2026,1054,INE566K01011
INVENTURE,EQ,0.94,0.95,0.92,0.92,0.93,0.93,633483,591001.07,07-Sep-2026,367,INE878H01024
IKS,EQ,1769.8,1799,1752.4,1788,1786,1759.9,127280,227351661.90,07-Sep-2026,14653,INE115Q01022
IVZINGOLD,EQ,133.6,133.6,131.1,131.85,131.75,133.95,38012,5003352.20,07-Sep-2026,322,INF205KA1BP1
IVZINNIFTY,EQ,274.53,274.53,272.68,273,273,274.53,2129,580976.85,07-Sep-2026,47,INF205KA1CC7
INVPRECQ,BE,1299,1299,1299,1299,1299,1273.6,1969,2557731.00,07-Sep-2026,15,INE155E01016
INVICTA,SM,71.5,71.5,66,68,68,68,36800,2507520.00,07-Sep-2026,23,INE0XJ501010
IOLCP,EQ,202.9,217.5,202.5,213.04,215.39,199.95,10023570,2113048362.63,07-Sep-2026,92421,INE485C01029
IONEXCHANG,EQ,413,454,409,439.1,436,409.2,4902160,2168054399.25,07-Sep-2026,112360,INE570A01022
IPRINGLTD,EQ,150.01,168.99,150.01,154.84,156.92,159.99,2504,387609.16,07-Sep-2026,136,INE558A01019
IPCALAB,EQ,1965.4,1978.4,1943.7,1959.1,1962,1965.3,92425,180793596.20,07-Sep-2026,19617,INE571A01038
IRB,EQ,19.6,19.67,19.23,19.25,19.26,19.65,4864321,94138737.98,07-Sep-2026,13205,INE821I01022
IRBINVIT,IV,64.8,64.89,64.53,64.71,64.8,64.54,521607,33752658.97,07-Sep-2026,5283,INE183W23014
IRCON,EQ,119,120.09,117.5,117.71,117.8,119.25,1299800,153970665.90,07-Sep-2026,20798,INE962Y01021
880IREDA29,N5,1130,1130,1130,1130,1130,1130,20,22600.00,07-Sep-2026,1,INE202E07138
IRISDOREME,EQ,65,65,61.63,62.15,61.79,63.58,948563,60380205.97,07-Sep-2026,4209,INE01GN01025
IRIS,EQ,271.4,271.4,256.01,260.35,259,265.92,33019,8688348.86,07-Sep-2026,1370,INE864K01010
IRMENERGY,EQ,282.1,288,281,284.5,285.9,281.4,64263,18268698.40,07-Sep-2026,3158,INE07U701015
925ISF29,N0,9790,9791.1,9790,9791.1,9791.1,9790,30,293716.50,07-Sep-2026,4,INE413U07467
950ISF27C,N0,9955,9955,9955,9955,9955,9900,15,149325.00,07-Sep-2026,2,INE413U07426
ISGEC,EQ,792,792,778.9,781.1,780,787.35,31403,24636524.70,07-Sep-2026,3232,INE858B01029
ISHANCH,EQ,44.92,46.28,43.85,44.3,44.84,44.29,22763,1020482.48,07-Sep-2026,501,INE561M01018
ISHAN,SM,0.55,0.55,0.55,0.55,0.55,0.55,48000,26400.00,07-Sep-2026,1,INE0LCW01025
ITALIANE,SM,32.1,32.2,32.1,32.2,32.2,33.5,6000,193000.00,07-Sep-2026,3,INE0R7R01018
ITCHOTELS,EQ,161,161,157.5,157.77,157.7,161.23,1451816,230397078.37,07-Sep-2026,24930,INE379A01028
ITC,EQ,264.1,264.95,262.95,263.5,263.5,264.1,6688002,1763235610.10,07-Sep-2026,149313,INE154A01025
ITI,EQ,272.1,275.9,269.15,270.6,271,272.5,171656,46751279.65,07-Sep-2026,5321,INE248A01017
ITL,EQ,369.85,375.75,364.05,364.45,370,364.55,5110,1873742.40,07-Sep-2026,95,INE478D01014
IVALUE,EQ,231.87,235.95,225.65,227.02,228.6,230.26,114721,26341768.16,07-Sep-2026,3334,INE056801025
IVP,BE,203.34,213.5,203,212.46,213.5,203.34,34624,7278109.23,07-Sep-2026,248,INE043C01018
IWARE,ST,494,504.9,461.5,478.5,478.5,485.35,24600,11870580.00,07-Sep-2026,39,INE1AII01014
IZMO,EQ,898.5,950,878,924.5,920,902.45,205930,189214870.35,07-Sep-2026,14538,INE848A01014
J&KBANK,EQ,150.09,150.09,146.5,147.88,148.29,150.02,1078053,159352200.19,07-Sep-2026,16788,INE168A01041
JGCHEM,EQ,596.05,608.1,577.4,581.35,588,598.15,285713,168383907.00,07-Sep-2026,10947,INE0MB501011
JAGRAN,EQ,61.4,62,60.82,61.81,61.75,60.98,252138,15457191.17,07-Sep-2026,2473,INE199G01027
JAGSNPHARM,EQ,242.06,247.96,237.2,239.06,239.8,242.06,59705,14354384.43,07-Sep-2026,2502,INE048B01035
JAIBALAJI,EQ,71,72.5,66.3,69.71,69.98,69.73,2563416,180273942.15,07-Sep-2026,8571,INE091G01026
JAICORPLTD,EQ,99.55,100.3,98.1,98.56,98.1,99.52,245829,24358439.37,07-Sep-2026,3328,INE070D01027
JISLDVREQS,EQ,22.29,22.4,21.32,21.99,21.98,21.93,84004,1852016.05,07-Sep-2026,296,IN9175A01010
JISLJALEQS,EQ,31.35,32.94,30.61,32.51,32.4,30.87,17973234,577704136.81,07-Sep-2026,42924,INE175A01038
JAINREC,EQ,277.9,290.6,277.9,281.35,282.9,277.95,1350135,384493430.30,07-Sep-2026,26580,INE0YD401026
JAINAM,SM,213.65,213.65,213.65,213.65,213.65,203.5,500,106825.00,07-Sep-2026,1,INE02KC01010
JAINIK,SM,212,212,210,211,210,209.2,4800,1015200.00,07-Sep-2026,4,INE0XIL01012
JPPOWER,EQ,16.29,17.14,16.09,16.79,16.75,16.29,91476432,1529143559.13,07-Sep-2026,71867,INE351F01018
JALAN,ST,1.8,1.8,1.8,1.8,1.8,1.8,3000,5400.00,07-Sep-2026,1,INE349X01015
JAMNAAUTO,EQ,120.17,127,120.17,126.61,126.99,120.69,3705464,464021078.14,07-Sep-2026,29853,INE039C01032
JSFB,EQ,533.4,540.05,528.5,538.5,539.8,535.1,358223,191811635.45,07-Sep-2026,14370,INE953L01027
JARO,EQ,445.1,447.4,441,443.4,442,445.65,102854,45791681.65,07-Sep-2026,1995,INE00YJ01010
JASH,EQ,498,514,490,511.15,513,478.5,484422,243938433.20,07-Sep-2026,18849,INE039O01029
JAYBEE,SM,86,86,81,81.7,81.7,84.35,40500,3335200.00,07-Sep-2026,71,INE0SMY01017
JAYBARMARU,EQ,122.5,123.97,118.61,120.19,120.44,122.29,261651,31570601.74,07-Sep-2026,3216,INE571B01036
KORE,SM,136.15,136.15,136.15,136.15,136.15,123.8,16500,2246475.00,07-Sep-2026,34,INE0J6801010
JAYAGROGN,EQ,230.6,234,227,228.33,231,230.6,11160,2557937.88,07-Sep-2026,183,INE785A01026
JAYNECOIND,EQ,90.62,93.07,89.03,89.67,89.58,89.04,8499629,772740128.08,07-Sep-2026,36025,INE854B01010
JAYESH,SM,139,139.9,134.4,139.9,139.9,134.4,8000,1085900.00,07-Sep-2026,4,INE1AE401014
JAYKAY,EQ,154.2,160.78,151.51,158.73,159.1,153.69,587254,91745595.06,07-Sep-2026,11103,INE903A01025
JAYKAY-RE1,BE,70.05,80,70,76.05,77.4,78.69,252501,18500329.39,07-Sep-2026,2184,INE903A20025
JAYSREETEA,EQ,100.54,103,98.1,98.61,98.11,98.95,55012,5509788.45,07-Sep-2026,955,INE364A01020
JBMA,EQ,622.8,625.5,610.9,613.6,614,625.6,203154,125231759.90,07-Sep-2026,8413,INE927D01051
JSLL,EQ,518.65,531.05,513.7,516.75,518.8,516.3,604190,315063871.75,07-Sep-2026,21113,INE0J5801029
JENBURPH,EQ,1022.2,1057,1022.2,1043,1040.8,1038.8,575,600162.70,07-Sep-2026,73,INE354A01013
JETFREIGHT,EQ,21.28,21.56,20,20.31,20.5,21.18,185078,3837367.53,07-Sep-2026,1433,INE982V01025
JEYYAM,ST,22.1,22.1,21.7,22.1,22.1,22.15,12000,263800.00,07-Sep-2026,6,INE0RXB01022
JFLLIFE,SM,10.05,10.05,9.65,9.65,9.65,9.85,18000,178500.00,07-Sep-2026,3,INE0LA901015
JHS,EQ,7.89,8.15,7.85,7.99,8.1,7.89,22920,183619.86,07-Sep-2026,151,INE544H01014
RETAIL,EQ,17,17,16.5,16.59,16.55,17.24,2827,46912.35,07-Sep-2026,62,INE03DD01011
JPOLYINVST,EQ,997.45,1019.9,993.1,1006.8,1007,997.45,4998,5017993.95,07-Sep-2026,620,INE147P01019
JINDRILL,EQ,666.95,686.9,653.7,664.15,666,663.05,722088,487169829.85,07-Sep-2026,27253,INE742C01031
JINDALPHOT,EQ,1021.2,1028.8,1007.2,1010.8,1007.2,1021.2,1748,1773378.90,07-Sep-2026,230,INE796G01012
JINDALPOLY,EQ,672.35,719.5,672.35,699.1,698,672.35,38473,26982473.75,07-Sep-2026,2874,INE197D01010
JINDALSAW,EQ,311,312.6,305.55,309.55,308.1,305.3,2210468,684135132.25,07-Sep-2026,28927,INE324A01032
JSL,EQ,737.95,741,728,736.8,735,737.85,536059,394490158.55,07-Sep-2026,23813,INE220G01021
JINDALSTEL,EQ,1164.5,1168,1130,1147.9,1147.9,1165,752810,859142408.20,07-Sep-2026,33377,INE749A01030
JINDWORLD,EQ,59.15,61.99,52.02,58.52,58.5,57.51,95411627,5478835819.88,07-Sep-2026,231137,INE247D01039
JKIPL,EQ,104.98,104.98,98.05,98.56,98.05,100.56,5563,555159.75,07-Sep-2026,252,INE1FF001016
JIOFIN,EQ,239,239.3,234.4,234.4,234.4,239.5,10127575,2387168478.55,07-Sep-2026,69660,INE758E01017
NIFTYJBLK,EQ,12.59,13.05,12.03,12.31,12.32,12.29,221203,2709549.54,07-Sep-2026,937,INF22M001184
JITFINFRA,EQ,307,307.8,296.1,301,300.15,304.5,22805,6868572.55,07-Sep-2026,708,INE863T01013
JIWANRAM,SM,4.4,4.4,4.25,4.25,4.25,4.3,132000,575400.00,07-Sep-2026,20,INE0N5H01017
JKCEMENT,EQ,5083.5,5106.5,5021,5047,5049.5,5083.5,37329,188878841.50,07-Sep-2026,15633,INE823G01014
JKLAKSHMI,EQ,516.1,518.95,505.9,507.15,507.1,515.7,162822,83048459.85,07-Sep-2026,6388,INE786A01032
JKPAPER,EQ,410.15,429.7,409,420.05,419.5,405.8,2617975,1105334400.05,07-Sep-2026,52007,INE789E01012
JKTYRE,EQ,368.45,369.9,366.55,368.45,368,367.35,241365,88865601.65,07-Sep-2026,7683,INE573A01042
JKIL,EQ,487.05,492.8,484.35,491.3,491.8,487.35,43503,21305020.05,07-Sep-2026,2862,INE576I01022
JMFINANCIL,EQ,132.77,132.85,129,130.28,130.24,132.06,3350488,436397931.64,07-Sep-2026,29434,INE780C01023
JNKINDIA,EQ,448.95,450,428.85,435.35,433,445.05,69670,30559137.85,07-Sep-2026,3042,INE0OAF01028
JOCIL,EQ,150.4,167.4,147.51,159.32,159,154.3,54555,8681166.61,07-Sep-2026,895,INE839G01010
COCKERILL,EQ,8193,8244.5,7908,8065.5,7990,8193.5,7820,63463280.00,07-Sep-2026,1703,INE515A01019
JSWCEMENT,EQ,123.6,125,121.16,121.81,121.44,124.07,1140728,139718634.03,07-Sep-2026,31320,INE718I01012
JSWDULUX,EQ,3182,3238.5,3161,3186.8,3185,3174.5,31552,100676193.20,07-Sep-2026,5902,INE133A01011
JSWENERGY,EQ,539.9,541.25,528,530,530,539.85,2738335,1460591605.40,07-Sep-2026,34633,INE121E01018
JSWHL,EQ,11549,11549,11312,11372,11376,11472,1253,14250717.00,07-Sep-2026,584,INE824G01012
JSWINFRA,EQ,333.4,338.65,330,330.85,330.05,333,2486873,831669097.30,07-Sep-2026,48697,INE880J01026
JSWSTEEL,EQ,1334.3,1335,1301,1302,1302,1325,1276231,1676207867.00,07-Sep-2026,33678,INE019A01038
JTEKTINDIA,EQ,121.46,122,119.55,121.3,122,121.27,159794,19256744.12,07-Sep-2026,1603,INE643A01035
JTLIND,EQ,92.42,92.42,88,89.51,88.94,91.67,2749009,245365997.62,07-Sep-2026,18830,INE391J01032
JUBLCPL,EQ,2222.6,2273.9,2191.1,2206.6,2210,2222.6,8080,17973789.90,07-Sep-2026,1258,INE03CC01015
JUBLFOOD,EQ,482,484.2,472.1,475.4,475.4,482.7,391181,186877302.35,07-Sep-2026,10088,INE797F01020
JUBLINGREA,EQ,680.7,684.95,669.15,675.35,677.6,680.3,107000,72383329.70,07-Sep-2026,7084,INE0BY001018
JUBLPHARMA,EQ,928,954.2,918,950.3,950.45,924.5,317471,298172751.90,07-Sep-2026,21011,INE700A01033
JMA,EQ,92.15,92.19,90,90.04,90,90.58,5812,526793.67,07-Sep-2026,103,INE412C01023
JNPR,EQ,264,268.4,258,260.65,262,265.1,277307,72747496.40,07-Sep-2026,8126,INE05C901015
JUNIPER,EQ,216.8,217.95,214.5,215.33,215,216.82,64582,13919893.86,07-Sep-2026,2234,INE696F01016
JLHL,EQ,284,289.9,283.25,285.4,288,286.45,50788,14489129.95,07-Sep-2026,3528,INE682M01020
JWL,EQ,243.24,248.4,243.24,244.99,245,243.24,625971,153604762.58,07-Sep-2026,15757,INE209L01016
JUSTDIAL,EQ,699.8,701.35,685.1,698.75,699.7,692.85,132821,92324234.60,07-Sep-2026,5852,INE599M01018
JYOTHYLAB,EQ,203,203,194.2,195.1,194.88,201.54,906846,178803838.39,07-Sep-2026,19037,INE668F01031
JYOTICNC,EQ,1002.5,1024.85,998.05,1020.65,1020.2,1003.9,927422,939520925.60,07-Sep-2026,37953,INE980O01024
JYOTIGLOBL,SM,40.3,42.3,40.3,42.3,42.3,40.3,28000,1170100.00,07-Sep-2026,13,INE1M3T01017
JYOTIRES,EQ,855.25,875.9,852.3,868.75,872,868.1,5575,4828522.65,07-Sep-2026,559,INE577D01013
JYOTISTRUC,EQ,10.05,10.3,9.82,10.16,10.15,10.02,6554240,66184470.55,07-Sep-2026,5030,INE197A01024
KJMCFIN,EQ,63.14,65.88,60.23,61.84,61.82,63.14,5578,346812.52,07-Sep-2026,113,INE533C01018
KMCSHIL,EQ,140.37,140.4,135,135.73,135.8,138.24,70725,9650923.67,07-Sep-2026,1729,INE879K01018
KMSUGAR,EQ,30.65,31.99,30.6,30.71,30.77,30.68,350469,10908182.16,07-Sep-2026,2423,INE157H01023
KPEL,EQ,247,254.85,240.77,241.85,241.48,247.32,303324,74440760.63,07-Sep-2026,7335,INE127T01021
K2INFRA,ST,48,50.2,47.4,47.4,47.4,48.8,17400,844410.00,07-Sep-2026,28,INE0DEZ01013
KABRAEXTRU,EQ,587,642,587,634.5,639,579.15,759426,478355559.10,07-Sep-2026,26286,INE900B01029
KAJARIACER,EQ,1235,1239.6,1215,1220.5,1219,1239.6,124971,153325370.20,07-Sep-2026,9128,INE217B01036
KAKATCEM,EQ,108.1,113,108.1,109.14,108.7,109.6,3671,405871.81,07-Sep-2026,112,INE437B01014
KALANA,SM,18.8,19.6,18.8,19.6,19.6,18.8,16000,311600.00,07-Sep-2026,8,INE0T0L01014
KALPATARU,EQ,273.1,277.65,273.1,275.9,274,277.65,10479,2883304.75,07-Sep-2026,525,INE227J01012
KPIL,EQ,1406.6,1427.9,1400.1,1424.4,1420,1406.6,96907,137289744.00,07-Sep-2026,15872,INE220B01022
KALYANKJIL,EQ,600,602.75,590,591,591,598.8,3808474,2267420814.00,07-Sep-2026,46319,INE303R01014
KALYANIFRG,BE,1087.1,1087.1,1027,1027,1027,1081.05,3993,4143555.25,07-Sep-2026,359,INE314G01014
KICL,EQ,5173,5246,5150,5196,5180,5203,419,2177235.00,07-Sep-2026,136,INE029L01018
KSL,EQ,941.6,959.7,936.1,941.45,940,940.5,72294,68428901.00,07-Sep-2026,5192,INE907A01026
KAMAHOLD,EQ,2368,2368,2321,2331.1,2325.1,2348.2,3887,9072026.00,07-Sep-2026,516,INE411F01010
KAMANWALA,EQ,16.59,16.99,16.5,16.53,16.5,16.59,620,10243.94,07-Sep-2026,18,INE344D01018
KAMATHOTEL,EQ,224.13,229,221.13,228.19,227,225.51,50009,11260117.73,07-Sep-2026,1259,INE967C01018
KAMDHENU,BE,39.63,40.2,39.15,39.88,39.9,39.24,817834,32464531.73,07-Sep-2026,3541,INE390H01020
KAMOPAINTS,EQ,4.53,4.59,4.31,4.4,4.41,4.53,336415,1487447.19,07-Sep-2026,891,INE0BTI01037
KANANIIND,EQ,1.54,1.55,1.5,1.52,1.51,1.52,70990,107697.63,07-Sep-2026,240,INE879E01037
KANCHI,EQ,409.7,409.7,398,403.05,404.75,409.7,1467,589584.15,07-Sep-2026,102,INE081G01019
KANCOTEA,EQ,54.85,58.7,52.45,56.4,56.4,54.85,185,10508.72,07-Sep-2026,9,INE398L01017
KANDARP,SM,98.5,98.5,98.5,98.5,98.5,97,1000,98500.00,07-Sep-2026,1,INE0MOT01016
KANORICHEM,BE,153.05,157.5,153.05,155.41,155.1,155.56,11807,1835939.31,07-Sep-2026,221,INE138C01024
KANPRPLA,EQ,253,254.85,238.1,240.1,245,250.2,28881,7027107.10,07-Sep-2026,1696,INE694E01014
KANSAINER,EQ,193.85,196.9,193.25,194.28,193.25,194.2,142743,27893079.74,07-Sep-2026,6060,INE531A01024
KAPSTON,EQ,584.05,586.45,560.3,566.5,570,584.05,81363,46239830.70,07-Sep-2026,3401,INE542Z01028
KARMAENG,EQ,37.45,38.24,37.2,37.3,37.2,37.45,1761,65902.28,07-Sep-2026,51,INE725L01011
KTKBANK,EQ,339.6,340,332.6,333.6,333.3,340.1,1114008,372969466.30,07-Sep-2026,16581,INE614B01018
KARNIKA,SM,117.55,120.5,117.35,120.1,120,118.3,40000,4771150.00,07-Sep-2026,25,INE0MGA01012
KARURVYSYA,EQ,348,351.2,341,341.7,341.5,348.85,1235358,426085906.85,07-Sep-2026,30389,INE036D01028
KATARIA,SM,113,128.9,113,128.9,128.9,107.45,132000,16837860.00,07-Sep-2026,112,INE0SVY01018
KAUSHALYA,BE,886,886,850.5,874.9,874.9,850,50,43021.60,07-Sep-2026,21,INE234I01028
KLL,SM,25,26.8,24.5,24.8,24.5,25,64000,1632760.00,07-Sep-2026,45,INE0Q2V01012
KSCL,EQ,744.1,749.85,729,732.3,729,744.1,41739,30757482.35,07-Sep-2026,3484,INE455I01029
KAVDEFENCE,EQ,70.05,72.97,65.61,66.51,65.8,67.14,1750897,119864004.09,07-Sep-2026,17196,INE641C01019
KCEIL,SM,79.5,80.4,78,78.35,78.25,79.1,14500,1137250.00,07-Sep-2026,28,INE0RCG01017
KAYA,BE,359,362.35,349,362.3,362.2,345.1,20277,7339359.00,07-Sep-2026,384,INE587G01015
KAYNES,EQ,3588.8,3734.8,3571.1,3604,3604,3598,1148533,4200187964.60,07-Sep-2026,78895,INE918Z01012
KAYTEX,SM,58,58,55.5,57.8,57.8,56.5,4000,229040.00,07-Sep-2026,5,INE13ZD01013
KCK,ST,14.7,15.3,14.6,15.2,15.3,15.35,100000,1489125.00,07-Sep-2026,19,INE0J1E01027
KCP,EQ,163.3,164.81,160.54,163.3,164.5,162.38,168236,27391540.54,07-Sep-2026,2875,INE805C01028
KCPSUGIND,BE,31.43,32.9,31.31,31.88,31.82,32.07,133957,4261608.30,07-Sep-2026,462,INE790B01024
KDGREEN,EQ,50.19,53,48.05,48.57,48.05,50.44,415996,20543848.78,07-Sep-2026,2495,INE348N01042
KDDL,EQ,3900,4025,3900,3991.9,3978,3911,46216,184571900.30,07-Sep-2026,8445,INE291D01011
KEC,EQ,408.55,409.8,399.55,401.65,401.9,408.55,720450,290229216.75,07-Sep-2026,24707,INE389H01022
KEI,EQ,4850,4871,4678,4704,4704,4850,1220350,5765877217.50,07-Sep-2026,109374,INE878B01027
KELLTONTEC,EQ,13.95,14,13.51,13.62,13.69,13.87,2692298,36819709.08,07-Sep-2026,4846,INE164B01030
KEN,SM,39,39.95,38.15,38.15,38.15,39,7200,280440.00,07-Sep-2026,6,INE15DO01012
KENNAMET,EQ,4717,4799.8,4654,4693,4671,4688.5,32325,153042923.10,07-Sep-2026,6800,INE717A01029
KERNEX,EQ,1830,1864,1750,1769.3,1777.9,1817,280918,504614204.20,07-Sep-2026,21566,INE202H01019
KESORAMIND,BE,11.11,11.11,11.11,11.11,11.11,10.9,293437,3260085.07,07-Sep-2026,212,INE087A01019
KKCL,EQ,519.85,522.8,502,504.5,507.5,514.3,17767,9091722.95,07-Sep-2026,1820,INE401H01017
KEYFINSERV,EQ,252.9,252.9,244.2,248.6,246,245.05,629,155927.05,07-Sep-2026,68,INE681C01015
RUSTOMJEE,EQ,377,377,366,366.9,367,373.95,24787,9171233.70,07-Sep-2026,1031,INE263M01029
KFINTECH,EQ,928.8,932.8,918.05,922.5,922.5,928.9,301718,279297473.00,07-Sep-2026,12380,INE138Y01010
KHADIM,BE,117,117,116,116,116,117.3,49507,5766378.00,07-Sep-2026,79,INE834I01025
KHAITANLTD,EQ,163,164,150.51,162.35,163.8,162,6696,1041923.16,07-Sep-2026,182,INE731C01018
KHAICHEM,EQ,54.97,55,53.1,53.6,53.55,54.86,106909,5763850.15,07-Sep-2026,1390,INE745B01028
KHANDSE,EQ,18.48,18.58,16.96,17.61,17.76,18.38,3101,54597.38,07-Sep-2026,117,INE060B01014
KHFM,SM,46.9,46.9,46.9,46.9,46.9,44.95,1550,72695.00,07-Sep-2026,1,INE00UG01014
KLBRENG-B,EQ,468.05,476,456.3,461.2,461.1,467.85,278310,129894290.10,07-Sep-2026,8988,INE338F01015
KILITCH,BE,181,188,181,187.82,188,180.95,47535,8846045.97,07-Sep-2026,371,INE729D01010
KINGFA,EQ,5915,6098.5,5880,6056.5,6044,5932.5,12213,73562059.50,07-Sep-2026,4541,INE473D01015
KIOCL,EQ,382.1,384.2,375,376.5,376,382.1,73813,27935723.90,07-Sep-2026,2330,INE880L01014
KIRANVYPAR,EQ,204,207.78,204,204.65,204,205.41,1193,244331.63,07-Sep-2026,30,INE555P01013
KIRIINDUS,EQ,565.05,603.95,565.05,583.2,578.55,559.1,3877065,2287808785.70,07-Sep-2026,72104,INE415I01015
KIRLOSBROS,EQ,1862,1869.3,1825,1832.4,1839.8,1862,26166,48154321.20,07-Sep-2026,5867,INE732A01036
KECL,EQ,126.78,128,122.2,122.93,123.6,126.41,106450,13239694.49,07-Sep-2026,2402,INE134B01017
KIRLFER,EQ,462.7,463.5,457.5,460.1,458,459.6,47157,21696745.90,07-Sep-2026,3260,INE884B01025
KIRLOSIND,EQ,3720,3743.9,3689.9,3715.1,3701.3,3731.5,2583,9593750.60,07-Sep-2026,835,INE250A01039
KIRLOSENG,EQ,2180,2218.5,2156.5,2174.8,2160,2201.9,237548,517545458.90,07-Sep-2026,25448,INE146L01010
KIRLPNU,EQ,762.8,768.8,754.7,760.15,762,760.45,99244,75630898.30,07-Sep-2026,9024,INE811A01038
KITEX,EQ,127.99,128.96,126.55,127.77,126.75,128.85,283393,36198732.00,07-Sep-2026,3602,INE602G01020
KNAGRI,EQ,200,201.9,198.91,201.18,201,199.4,3513,703337.60,07-Sep-2026,225,INE0KNW01016
KNACK,EQ,189.72,190,185,185.93,185.4,187.3,664588,123963826.36,07-Sep-2026,5453,INE17QZ01016
KMEW,EQ,3033.4,3060.4,2910,2961.6,2968,3033.4,80097,237088350.70,07-Sep-2026,12710,INE0CJD01029
KRT,RR,113.49,113.69,111.9,113.21,113.11,112.49,7562965,856492513.19,07-Sep-2026,21763,INE1JAR25012
KNRCON,EQ,124,125.64,121.95,122.75,122.8,124.66,995698,123094969.09,07-Sep-2026,11570,INE634I01029
KODYTECH,ST,1594,1594,1513,1530,1539.9,1569.95,6100,9396775.00,07-Sep-2026,52,INE0Q7P01013
KOHINOOR,EQ,33,33,30.5,30.87,30.85,32.77,309835,9758380.25,07-Sep-2026,3282,INE080B01012
KOKUYOCMLN,EQ,80.81,81,78.88,79.43,79.06,80.61,55343,4422814.02,07-Sep-2026,698,INE760A01029
KOLTEPATIL,EQ,440,446.2,437.8,443.6,445,441.85,53573,23711705.00,07-Sep-2026,2767,INE094I01018
KONSTELEC,ST,62.5,65,59.45,64.35,64.35,62.05,81000,5106900.00,07-Sep-2026,41,INE0QEI01011
KONTOR,SM,52.95,52.95,49.3,51.25,52,52.95,9000,457470.00,07-Sep-2026,12,INE0KZ301010
KOPRAN,EQ,234.2,253.71,230.5,245.87,245.6,232.54,2037485,495737254.88,07-Sep-2026,28291,INE082A01010
KDL,SM,94,94,89.1,91.45,92,92.45,12450,1140667.50,07-Sep-2026,59,INE0O4R01018
GOLD1,EQ,127.5,127.5,125.91,126.71,126.68,128.47,1539958,194840341.97,07-Sep-2026,9005,INF174KA1HJ8
KOTAKBANK,EQ,421.8,425.7,421,422.1,422.1,424.5,7148641,3023374993.05,07-Sep-2026,131582,INE237A01036
NIFTY1,EQ,269.8,269.8,263.91,264.2,264.5,265.82,61919,16380132.27,07-Sep-2026,2097,INF174K014P6
PSUBANK,EQ,83.8,85.93,83.8,84.42,84.58,85.53,81863,6913155.98,07-Sep-2026,906,INF174KA1A86
CHEMICAL,EQ,29.9,30.5,29.9,30.05,30.1,30.2,985997,29695821.90,07-Sep-2026,1046,INF174KA1XV0
ALPHA,EQ,54.3,54.3,53.88,53.97,54.05,54.16,574919,31049587.83,07-Sep-2026,3522,INF174KA1IA5
CONS,EQ,12.2,12.2,11.89,11.93,11.98,11.98,27163,324109.49,07-Sep-2026,198,INF174KA1ZF8
IT,EQ,34.79,34.79,33.2,33.32,33.41,34.09,508608,16998327.31,07-Sep-2026,1704,INF174KA1GC5
LIQUID1,EQ,1122,1122,1121.43,1121.56,1121.57,1121.43,3065905,3438600822.82,07-Sep-2026,648,INF174KA1LV5
LOWVOL1,EQ,21.35,21.35,20.72,20.82,20.72,20.93,2329530,48654130.00,07-Sep-2026,309,INF174KA1IY5
MIDCAP,EQ,18.88,18.88,18.4,18.43,18.47,18.51,570419,10536234.78,07-Sep-2026,1247,INF174KA1ZC5
MNC,EQ,33.21,33.37,32.99,33.04,33.09,33.21,47177,1559911.28,07-Sep-2026,513,INF174KA1JF2
SILVER1,EQ,22.49,22.49,22.2,22.32,22.32,22.6,6105939,136038844.65,07-Sep-2026,6477,INF174KA1ZD3
NV20,EQ,14,14,13.8,13.82,13.84,13.99,90008,1246757.73,07-Sep-2026,402,INF174KA1ZE1
MID150,EQ,23.61,23.61,23.39,23.49,23.5,23.61,24438,573709.60,07-Sep-2026,251,INF174KA1VW2
MOMENTUM30,EQ,30.81,30.87,30.64,30.76,30.83,30.81,360329,11104099.76,07-Sep-2026,77,INF174KA1XS6
MSCIINDIA,EQ,29.82,29.82,29.53,29.6,29.66,29.82,4704,139226.85,07-Sep-2026,116,INF174KA1VD2
NEXT50ETF,EQ,74.88,74.88,73.14,73.23,73.15,73.83,15266,1119639.82,07-Sep-2026,169,INF174KA1YO3
NIFTY100EW,EQ,35.43,35.43,34.74,34.85,34.85,35.06,326610,11385075.14,07-Sep-2026,282,INF174KA1UW4
PVTBANK,EQ,28.1,28.1,27.78,27.87,27.87,28,7757,217187.26,07-Sep-2026,17,INF174KA1A94
QUALITY30,EQ,20.65,21,20.4,20.49,20.51,20.65,5483,112255.40,07-Sep-2026,74,INF174KA1WT6
BANKNIFTY1,EQ,61.2,61.2,59.25,59.32,59.31,59.71,246660,14639797.14,07-Sep-2026,1381,INF174KA1ZB7
KOTIC,EQ,134.4,134.89,128.85,131.86,132.5,132.47,11885,1574182.63,07-Sep-2026,486,INE972A01020
KOTHARIPET,EQ,131.5,135.5,131.5,133.27,133.79,130.56,110465,14741207.69,07-Sep-2026,2711,INE720A01015
KOTHARIPRO,EQ,68.9,68.9,65.37,66.16,66,67.39,13662,908343.58,07-Sep-2026,129,INE823A01017
KOTARISUG,BE,30.1,30.87,28.65,30.13,29.75,29.92,51190,1534077.67,07-Sep-2026,360,INE419A01022
KOTYARK,BE,34.58,34.58,32.55,32.89,32.99,33.76,143365,4845231.66,07-Sep-2026,497,INE0J0B01017
KOVAI,EQ,6045,6125,6000.5,6069,6125,6062.5,4985,30198050.50,07-Sep-2026,1942,INE177F01017
KPIGREEN,EQ,305.5,306.75,302,302.6,303,307,619631,187998942.25,07-Sep-2026,13833,INE542W01025
KPITTECH,EQ,575.85,575.9,560,562.25,562.25,575.45,1316814,744928396.95,07-Sep-2026,38221,INE04I401011
KPRMILL,EQ,1180,1182,1144.4,1154.7,1157,1186.3,204839,236988778.80,07-Sep-2026,16410,INE930H01031
KRBL,EQ,425,439.8,422,427.3,427,421.95,690366,298072676.05,07-Sep-2026,18810,INE001B01026
KREBSBIO,EQ,55.14,57.72,54.26,55.99,55.21,55.95,3613,202139.06,07-Sep-2026,107,INE268B01013
KRIDHANINF,EQ,2,2.08,1.98,1.99,1.98,2.03,96168,192305.85,07-Sep-2026,527,INE524L01026
KRISHANA,EQ,183.44,186.34,181.5,182.84,183.5,184.13,542443,99255430.63,07-Sep-2026,6847,INE506W01020
KRISHCA,SM,153.5,161.5,153.25,160.05,160,161.85,13000,2064100.00,07-Sep-2026,23,INE0NR701018
KRISHIVAL,EQ,417,418.8,414.7,415.25,415.9,416.3,11010,4588235.05,07-Sep-2026,315,INE0GGO01015
KRISHNADEF,EQ,1016,1073.9,1011,1066.4,1070,1013.2,142424,150359576.00,07-Sep-2026,13139,INE0J5601015
KIMS,EQ,760,770.6,758.1,764.55,765.7,764.1,135387,103342229.30,07-Sep-2026,10947,INE967H01025
KRITI,EQ,61.6,64,60.5,62.47,62.2,61.6,17485,1093497.37,07-Sep-2026,138,INE479D01038
KRITINUT,EQ,86,87,82.55,83.2,83.75,86.45,14700,1235696.58,07-Sep-2026,415,INE798K01010
KRITIKA,EQ,5.26,5.46,5.21,5.35,5.38,5.37,166723,887659.16,07-Sep-2026,424,INE00Z501029
KRMAYURVED,SM,287.85,290.5,282.55,285.5,285.5,287.85,21000,5991950.00,07-Sep-2026,19,INE1MTV01019
KRN,EQ,1578,1653.9,1574.9,1625.4,1623,1578.7,329624,538171220.20,07-Sep-2026,19884,INE0Q3J01015
KRONOX,BE,185,186.95,179.1,180.09,180,184.69,117149,21223744.02,07-Sep-2026,844,INE0ATZ01017
KROSS,EQ,212.84,212.99,208.12,209.13,209.5,211.57,103699,21793504.42,07-Sep-2026,2585,INE0O6601022
KRSNAA,EQ,559.25,567.55,551,564.05,565,560,34582,19359883.60,07-Sep-2026,3177,INE08LI01020
KRYSTAL,EQ,650,667.5,650,661.5,667.5,654.6,12891,8520500.05,07-Sep-2026,824,INE0QN801017
KSB,EQ,822,822,799.45,801.45,800.7,813.55,91474,73737473.15,07-Sep-2026,6761,INE999A01023
KSE,EQ,181.92,182,175.52,177,179.54,180.12,25847,4599164.74,07-Sep-2026,541,INE953E01022
KSHINTL,EQ,1094.65,1125.9,1090.7,1105.65,1109,1087.8,320607,355600801.05,07-Sep-2026,24323,INE987S01020
KSHITIJPOL,EQ,3.46,3.46,3.46,3.46,3.46,3.3,928806,3213668.76,07-Sep-2026,580,INE013801027
KSOLVES,EQ,274.95,274.95,268.75,269.1,268.8,272.05,20423,5512569.75,07-Sep-2026,1211,INE0D6I01023
KSR,EQ,34.89,34.95,33.01,34.13,34.8,34.61,188573,6457759.17,07-Sep-2026,246,INE1SPP01016
KUANTUM,EQ,75.03,80.06,73.91,76.7,77.48,74.18,296520,23068796.04,07-Sep-2026,3035,INE529I01021
KUSUMGAR,EQ,569,576.55,568.95,571.9,570.25,571.2,131443,75216207.55,07-Sep-2026,4209,INE0ISX01025
KPL,EQ,3312.3,3428.3,3285.6,3411.2,3420,3285.5,22589,76375593.90,07-Sep-2026,3840,INE552U01010
KWIL,EQ,42.1,42.49,41.03,41.12,41.11,42.12,11048008,459792288.70,07-Sep-2026,27178,INE2KCE01013
LKPSEC,EQ,15.28,15.82,15.05,15.42,15.45,15.28,8421,129448.17,07-Sep-2026,72,INE341H01023
LTF,EQ,314,315.3,310.9,312.5,312.5,314,2068591,648596445.10,07-Sep-2026,25752,INE498L01015
LTTS,EQ,3470,3484.8,3400.1,3414.2,3415.9,3493.3,64566,221039574.20,07-Sep-2026,13838,INE010V01017
LAOPALA,EQ,174,174.59,171.2,171.96,171.2,173.9,38975,6720408.75,07-Sep-2026,1496,INE059D01020
LADDERUP,EQ,50,50,50,50,50,51.4,16,800.00,07-Sep-2026,4,INE519D01015
LAGNAM,EQ,74.05,76,74.05,74.55,74.55,74.8,2066,154448.16,07-Sep-2026,43,INE548Z01017
LAHOTIOV,EQ,43.94,45,42,44,44,43.08,4169,178359.36,07-Sep-2026,33,INE515C01023
LFIC,EQ,134.64,134.64,134.59,134.59,134.59,134.64,414,55722.71,07-Sep-2026,8,INE850E01012
LAKSHMIMIL,EQ,7671.5,7900,7625,7734,7900,7621,22,170197.00,07-Sep-2026,14,INE938C01019
LAKPRE,BZ,5.26,5.26,5.11,5.26,5.26,5.01,2165,11162.11,07-Sep-2026,18,INE651C01018
LAKSHYA,SM,83,84.9,81.1,83.5,83.5,81.8,10400,863600.00,07-Sep-2026,9,INE0VZS01015
LALITHAA,EQ,314,326.8,309.5,317.75,317,306.7,24705575,7863730754.65,07-Sep-2026,187588,INE0K9O01026
LAMBODHARA,EQ,134.67,140,133.26,134.6,134.25,134.67,6832,934449.27,07-Sep-2026,440,INE112F01022
LAMOSAIC,ST,58.6,61.45,58.6,59,59,60.85,27600,1674060.00,07-Sep-2026,28,INE0R0201012
LANCER,EQ,13.06,13.23,12.63,12.96,12.93,13.03,341167,4422989.03,07-Sep-2026,723,INE359U01028
LANCORHOL,EQ,41.5,41.75,38.41,40.12,39.9,40.35,855132,34291881.37,07-Sep-2026,5036,INE572G01025
LANDMARK,EQ,510.15,513.1,491.15,494.1,497.6,510.15,97730,48701965.85,07-Sep-2026,8092,INE559R01029
LPDC,EQ,6.57,6.92,6.05,6.32,6.33,6.73,188005,1189815.71,07-Sep-2026,1157,INE197J01017
LANDSMILL,EQ,0.64,0.64,0.58,0.58,0.6,0.63,6371276,3838027.67,07-Sep-2026,1912,INE688J01023
LT,EQ,3962,4004.9,3960.9,3999,3999,3964.1,1256683,5002543634.60,07-Sep-2026,62154,INE018A01030
LASA,EQ,6.73,6.8,6.6,6.68,6.68,6.73,17590,118001.01,07-Sep-2026,138,INE670X01014
LASERPOWER,EQ,296.9,312.9,295.2,310.7,311.95,295.65,1032439,316377168.00,07-Sep-2026,18410,INE17IR01028
LATENTVIEW,EQ,266.25,268.55,258.75,261.7,262.05,267.25,522059,136462351.40,07-Sep-2026,13357,INE0I7C01011
LATTEYS,EQ,20.6,21.31,20.06,20.63,20.62,20.5,23947,498324.30,07-Sep-2026,219,INE262Z01023
LAURUSLABS,EQ,1840,1876.7,1832.7,1876.7,1876.7,1840,1148664,2135839459.40,07-Sep-2026,34906,INE947Q01028
LAXMICOT,EQ,13.75,14,13.3,13.38,13.5,13.73,25952,349869.83,07-Sep-2026,144,INE801V01019
LAXMIDENTL,EQ,199.14,200.01,196.75,197.73,199,199.14,26034,5159783.47,07-Sep-2026,1276,INE0WO601020
LGHL,EQ,171.1,180.99,171.1,176.23,179.94,175.42,12672,2253218.64,07-Sep-2026,474,INE258Y01016
LAXMIINDIA,EQ,133.45,136.75,130.37,130.89,131.4,132.6,299362,39900067.61,07-Sep-2026,4070,INE06WU01026
LXCHEM,EQ,172,174.4,170.25,171.99,171.5,172.04,583493,100523422.22,07-Sep-2026,7309,INE576O01020
LCCINFOTEC,EQ,3.81,3.98,3.55,3.79,3.82,3.81,23439,89256.39,07-Sep-2026,149,INE938A01021
LEMERITE,EQ,20.81,21.2,20.26,20.72,21,20.93,166891,3467060.53,07-Sep-2026,399,INE0G1L01025
IXIGO,EQ,168.85,168.85,164.4,167.39,166.2,166.75,504059,83869718.13,07-Sep-2026,16177,INE0HV901016
LRRPL,SM,86,88,86,88,88,88,4500,393000.00,07-Sep-2026,3,INE0H4B01011
LEAPIND,EQ,152,152.55,145.45,146.28,146.19,150.26,2141218,318067846.78,07-Sep-2026,23760,INE00GO01025
LEENEE,BE,8.62,8.7,8.06,8.29,8.29,8.45,6138,50720.34,07-Sep-2026,41,INE791B01014
THELEELA,EQ,554.95,556.95,541,543.5,542,554.05,234413,127882270.50,07-Sep-2026,20118,INE0AQ201015
LEMONTREE,EQ,105.49,107.49,105.38,107.28,107.22,104.95,3117893,332451235.87,07-Sep-2026,26014,INE970X01018
LENSKART,EQ,688.95,697.25,684.5,688,688.6,684.9,3142143,2164736934.75,07-Sep-2026,53718,INE956O01016
LEXUS,EQ,13.7,13.78,13.33,13.38,13.61,13.53,2663,35920.71,07-Sep-2026,62,INE500X01013
LGBBROSLTD,EQ,1688.1,1749.7,1688.1,1731.7,1726,1702.8,45200,78481667.00,07-Sep-2026,4793,INE337A01034
LGEINDIA,EQ,1654.5,1668.9,1640.1,1647.8,1645,1640.7,314218,518650484.30,07-Sep-2026,23289,INE324D01010
LIBAS,EQ,10.46,10.5,9.95,9.99,9.96,10.46,101788,1023357.41,07-Sep-2026,336,INE908V01012
LIBERTSHOE,EQ,237.88,237.88,230.41,231.37,232.08,233.27,14382,3343587.93,07-Sep-2026,472,INE557B01019
LICHSGFIN,EQ,563.15,567.6,548,552,552,562.05,1618855,904528188.15,07-Sep-2026,21540,INE115A01026
LICMFGOLD,EQ,138,138,136.3,137.1,136.8,138.75,40485,5539848.60,07-Sep-2026,874,INF767K01SM1
LICNETFN50,EQ,268.7,268.7,266.1,266.1,266.1,267.77,1457,388612.31,07-Sep-2026,42,INF767K01OS7
LICNETFSEN,EQ,865.7,865.76,858.02,858.02,858.02,862.89,15,12942.45,07-Sep-2026,10,INF767K01OT5
LICNFNHGP,EQ,273.31,274.65,267.05,270.76,268.31,270.61,3521,950656.06,07-Sep-2026,131,INF767K01PC8
LICNETFGSC,EQ,30.07,30.07,29.16,29.4,29.4,29.34,41178,1207489.23,07-Sep-2026,116,INF767K01MV5
LICNMID100,EQ,63.76,63.97,63.25,63.32,63.26,63.84,5433,344731.70,07-Sep-2026,105,INF767K01RN1
LICI,EQ,418.7,419.6,410.25,411.5,411.5,415.35,2694855,1115150082.55,07-Sep-2026,44071,INE0J1Y01017
LIKHITHA,EQ,204,206.34,202.21,205.16,205,204.8,39855,8145282.25,07-Sep-2026,717,INE060901027
LINC,EQ,98.99,98.99,95.07,96.8,96.94,95.07,12384,1196946.68,07-Sep-2026,380,INE802B01027
LINCOLN,EQ,626.8,640,617.7,632.35,635,620.8,75014,47315377.85,07-Sep-2026,3367,INE405C01035
LINDEINDIA,EQ,6346,6394.5,6300.5,6372.5,6380,6346,14317,90770937.50,07-Sep-2026,4243,INE473A01011
LLOYDSENGG,EQ,84,85.11,82.65,83.19,83.8,84.21,3246321,271475115.49,07-Sep-2026,15903,INE093R01011
LLOYDSENT,EQ,74,74.32,72.1,72.28,72.35,74.23,1823072,132870167.91,07-Sep-2026,9070,INE080I01025
LLOYDS,SM,57.9,57.9,57.9,57.9,57.9,58,1000,57900.00,07-Sep-2026,1,INE0DTQ01028
LLOYDSME,EQ,1820,1823,1801.1,1803,1804,1823,257764,464985783.70,07-Sep-2026,13403,INE281B01032
LMW,EQ,18780,18891,18455,18551,18600,18774,4966,92424744.00,07-Sep-2026,1874,INE269B01029
LODHA,EQ,1231.9,1231.9,1200,1200,1200,1222,410768,498073891.10,07-Sep-2026,13804,INE670K01029
LCL,EQ,584,587.95,561.95,565.5,565,581.5,364696,206996996.10,07-Sep-2026,12691,INE0QJW01029
LOKESHMACH,EQ,373.7,374.45,355.1,357.7,356.2,364.6,47124,17290449.20,07-Sep-2026,1897,INE397H01017
LORDSCHLO,EQ,149,149,138.05,138.93,139.97,146.6,20253,2865396.28,07-Sep-2026,887,INE846D01012
LAL,EQ,8.87,9.06,8.81,8.86,8.87,8.91,18975,168619.95,07-Sep-2026,92,INE740X01023
LOTUSCHO,EQ,633.55,655.65,592,596.45,598.9,630.4,17992,10890945.50,07-Sep-2026,1396,INE026D01011
LOTUSEYE,EQ,109.43,111.45,107.6,109.06,109.99,109.43,10632,1168346.43,07-Sep-2026,711,INE947I01017
LOVABLE,EQ,71.37,72.9,70,70.96,70.99,71.37,12581,893586.54,07-Sep-2026,236,INE597L01014
LOYALTEX,EQ,215,222,207.7,217.32,222,218.14,594,128596.79,07-Sep-2026,39,INE970D01010
LTFOODS,EQ,443.8,454.95,440,448.95,449.55,444.8,729443,327452906.45,07-Sep-2026,22676,INE818H01020
LTM,EQ,4500,4519.4,4405,4448,4448,4554,361825,1606218729.80,07-Sep-2026,24662,INE214T01019
LUMAXTECH,EQ,1947.7,1967.7,1916.2,1935.5,1943,1951.9,124170,240182266.90,07-Sep-2026,15639,INE872H01027
LUMAXIND,EQ,6180,6272.5,6099.5,6139.5,6142.5,6181.5,12227,75623156.00,07-Sep-2026,3100,INE162B01018
LUMINO,EQ,116.75,121,114.4,114.82,115,114.5,44559124,5234957892.31,07-Sep-2026,165257,INE185Q01025
LUPIN,EQ,2121.1,2135.5,2095.6,2105,2105,2110,819621,1726997053.00,07-Sep-2026,43067,INE326A01037
LUXIND,EQ,1168,1184.9,1150.5,1159.4,1151.5,1175.1,14521,16971491.70,07-Sep-2026,1796,INE150G01020
LYKALABS,BE,79.92,79.92,79.91,79.92,79.92,78.36,11492,918433.80,07-Sep-2026,36,INE933A01014
MBEL,EQ,270.15,271.2,266.05,268.05,267.5,270.15,37808,10153266.65,07-Sep-2026,3223,INE08N601015
MKEXIM,EQ,62,62.02,60.25,61.35,61.7,62.18,3667,224487.98,07-Sep-2026,192,INE227F01010
MKPL,EQ,4.02,4.07,4,4.03,4,4.02,73508,296063.04,07-Sep-2026,380,INE964W01021
MCL,EQ,59,59,56.6,57.02,56.65,58.3,29277,1690745.24,07-Sep-2026,1103,INE813V01022
M&MFIN,EQ,373.4,375.4,366,372.35,372.95,373.65,1859254,686284439.45,07-Sep-2026,51776,INE774D01024
MVKAGRO,SM,248.15,248.15,248.15,248.15,248.15,236.35,15300,3796695.00,07-Sep-2026,22,INE0SGC01015
MAANALU,EQ,117.22,118.85,115,115.27,115.04,117.9,48318,5621900.44,07-Sep-2026,947,INE215I01027
MCCHRLS-B,EQ,685,685,625.1,679.9,685,670,194,131910.50,07-Sep-2026,24,INE435D01014
MACOBSTECH,SM,204,204,195.1,195.1,195.1,201.9,5600,1126480.00,07-Sep-2026,7,INE0R0J01010
MACPOWER,EQ,1906,1920,1775,1813.7,1828,1904.9,44751,82188024.80,07-Sep-2026,6855,INE155Z01011
MADHAVIPL,EQ,7.91,8.15,7.81,7.91,7.9,7.98,84619,675362.21,07-Sep-2026,332,INE631R01026
MADHAV,EQ,35.36,35.36,34.66,35,35,35.36,1200,42070.73,07-Sep-2026,14,INE925C01016
MADHUCON,BE,4.6,4.79,4.41,4.67,4.79,4.63,17448,78923.37,07-Sep-2026,48,INE378D01032
MADHURKNIT,ST,81.5,81.5,81.5,81.5,81.5,85.75,1200,97800.00,07-Sep-2026,1,INE1P5601010
MADHUSUDAN,ST,236,239.95,232.7,232.7,232.7,236,13000,3051150.00,07-Sep-2026,13,INE0P6701019
MBAPL,EQ,166.68,168.43,160.2,163.01,160.2,166.12,1696919,278617898.22,07-Sep-2026,14566,INE900L01028
MADRASFERT,EQ,65.5,65.56,64.3,64.56,64.37,65.12,33182,2146017.39,07-Sep-2026,526,INE414A01015
MAFATIND,EQ,121.66,123.85,121,121.83,122.34,121.66,33638,4109524.75,07-Sep-2026,986,INE270B01035
MAGADSUGAR,EQ,560.7,585,560,573.95,571.35,552.05,72979,41954404.10,07-Sep-2026,4188,INE347W01011
MCLOUD,EQ,26.41,26.5,25.9,25.97,26,26.29,1770283,46179009.11,07-Sep-2026,3698,INE613C01026
MAGNUM,EQ,18.81,19.46,18.4,19.12,19.12,19,23999,458037.04,07-Sep-2026,157,INE387I01016
MAGSON,SM,183,187.9,181.95,185.45,187.9,184,4000,735850.00,07-Sep-2026,4,INE0O1S01012
MAHAPEXLTD,EQ,53.98,58.78,53.8,55.94,55,53.51,10593,595958.17,07-Sep-2026,285,INE843B01013
MFML,EQ,18.99,19.8,18.18,18.62,19.2,18.59,3340,62373.93,07-Sep-2026,58,INE0US801024
MHLXMIRU,BE,174.89,175,166.15,175,175,174.89,44184,7678354.85,07-Sep-2026,159,INE112D01035
MAHASTEEL,BE,1268.4,1309.9,1231,1294.4,1278.3,1282.5,5574,7085815.20,07-Sep-2026,391,INE451L01014
MGL,EQ,1097,1105,1088.1,1092.1,1090,1096.6,99788,109160562.70,07-Sep-2026,10617,INE002S01010
MTNL,EQ,26.63,26.63,25.9,26.05,26,26.55,826835,21691710.17,07-Sep-2026,3026,INE153A01019
MAHSCOOTER,EQ,13602,13628,13400,13493,13500,13602,3534,47683248.00,07-Sep-2026,1087,INE288A01013
MAHSEAMLES,EQ,691,717.8,676.95,688.95,689,688.1,911812,638422872.95,07-Sep-2026,46780,INE271B01025
MRIL,ST,60.1,60.15,60.1,60.15,60.15,57.3,6400,384880.00,07-Sep-2026,4,INE632Q01018
MAHESHWARI,BE,71.01,72.93,71.01,71.05,72.93,72.21,9419,670920.19,07-Sep-2026,26,INE263W01010
MAHICKRA,SM,282.5,297,282.5,292,297,290,3750,1077375.00,07-Sep-2026,5,INE961Y01015
M&M,EQ,3154.1,3178,3145,3160,3160,3170,1715004,5426276364.30,07-Sep-2026,87156,INE101A01026
MAHEPC,EQ,105.8,105.8,101.65,103.17,102.36,103.62,25774,2658484.91,07-Sep-2026,389,INE215D01010
MHRIL,EQ,208.5,208.59,204.79,205.53,205.1,207.4,95483,19706792.16,07-Sep-2026,2957,INE998I01010
MAHLIFE,EQ,362.4,369,355.15,360.15,359.85,362.4,65575,23629625.65,07-Sep-2026,3058,INE813A01018
MAHLOG,EQ,406.95,412,401.55,403.2,404.3,405.35,156509,63708526.35,07-Sep-2026,9470,INE766P01016
MAITHANALL,EQ,1130,1195,1098.1,1103.85,1102,1090.55,993839,1145292213.60,07-Sep-2026,52702,INE683C01011
MAITREYA,SM,130.5,130.5,115.1,116,116,120,4400,517960.00,07-Sep-2026,11,INE0PLQ01011
MAJESAUT,BE,357.45,357.45,350,352.15,352,354.95,2218,784260.45,07-Sep-2026,130,INE201B01022
MAKERSL,EQ,195.45,195.45,176.2,186.75,186,189.9,2555,471661.90,07-Sep-2026,149,INE987A01010
MAKS,SM,15.85,15.85,15.85,15.85,15.85,15.1,1500,23775.00,07-Sep-2026,1,INE0CDK01019
MALLCOM,EQ,1018.6,1018.6,966,977.3,977,1018.15,4489,4417720.20,07-Sep-2026,399,INE389C01015
MALUPAPER,EQ,32.44,34.95,31.69,33.07,33.3,31.65,181607,6069262.49,07-Sep-2026,1183,INE383H01017
MAMATA,EQ,412.5,424.65,402,413.5,415,412.55,63489,26526861.50,07-Sep-2026,4244,INE0TO701015
MANAKCOAT,EQ,121.05,123,120.76,121.15,120.8,121.8,86174,10476647.87,07-Sep-2026,1332,INE830Q01018
MANINDS,EQ,794.7,826.95,776,819.4,822,788.55,695397,556499981.95,07-Sep-2026,28736,INE993A01026
MANINFRA,EQ,125.5,127.79,124,124.42,124.5,124.8,1448189,182684625.37,07-Sep-2026,13248,INE949H01023
MANAKALUCO,EQ,38,39.85,38,39.44,39.41,38.1,87012,3405206.91,07-Sep-2026,1245,INE859Q01017
MANAKSIA,EQ,64.3,68.4,62.88,66.36,65.7,63.05,274781,18218982.43,07-Sep-2026,2589,INE015D01022
MANAKSTEEL,BE,107,110.16,105,106.41,106.99,107.3,80511,8651113.37,07-Sep-2026,414,INE824Q01011
MANALIPETC,EQ,88,88.14,84.67,86.16,86.25,86.76,2321723,200541218.01,07-Sep-2026,13711,INE201A01024
MANAPPURAM,EQ,332.35,332.35,323.15,325.6,325.6,339.7,9089525,2967179687.05,07-Sep-2026,77169,INE522D01027
MPEL,ST,28.7,28.7,27.35,27.35,27.35,27.35,19200,542960.00,07-Sep-2026,11,INE0U4H01011
MANAV,SM,39,40,39,40,40,38.7,16000,632000.00,07-Sep-2026,2,INE104Y01012
MANBA,EQ,130.03,131.98,129.5,130.79,130.5,128.95,50373,6591880.57,07-Sep-2026,446,INE939X01013
MANCREDIT,EQ,226,228.55,224.98,226.94,225.1,228.33,64748,14645624.87,07-Sep-2026,661,INE545L01039
MEIL,EQ,284,285.95,277.15,279.25,277.15,285.1,68490,19314591.40,07-Sep-2026,1842,INE0PKD01011
MAL,SM,40,40.1,40,40.1,40.1,38.2,16000,641440.00,07-Sep-2026,10,INE00C401011
MANGLMCEM,EQ,1088.5,1110.1,1082.8,1090.2,1090.2,1095.2,74696,81740702.50,07-Sep-2026,3247,INE347A01017
MANGALAM,EQ,30,30.43,29.3,29.57,29.56,30.02,25964,774016.45,07-Sep-2026,411,INE584F01014
MGEL,EQ,14.86,17.08,13,15.72,15.52,14.24,1420121,22214373.77,07-Sep-2026,1436,INE0APB01032
MANORG,EQ,491.3,509.3,491,494.7,491,489.5,5971,2980962.20,07-Sep-2026,420,INE370D01013
MSL,EQ,142.22,144,140.1,144,144,142.22,468,66204.33,07-Sep-2026,16,INE829S01016
MWL,EQ,39.3,40.79,37.9,38.5,39.19,38.56,560275,21926476.79,07-Sep-2026,3770,INE0JYY01029
MANILAM,SM,46,47.95,46,46,46,48,8000,372000.00,07-Sep-2026,4,INE1ERK01013
MANIPALHOS,EQ,730,734.8,708.1,727.25,723,725.2,1800446,1304922474.90,07-Sep-2026,41432,INE459N01021
MANKIND,EQ,2317,2331.6,2303.5,2318,2318,2327.9,153500,355542319.80,07-Sep-2026,15386,INE634S01028
MVGJL,EQ,181.9,215.88,181,215.88,215.88,179.9,3202765,657072768.74,07-Sep-2026,51174,INE0KNT01012
MANOMAY,EQ,239.8,240.51,231.41,234.48,236.5,234.97,299405,70826269.84,07-Sep-2026,6020,INE784W01015
MANORAMA,EQ,1993,2024.7,1967.3,2003.6,1997.3,1993.4,213280,426219834.00,07-Sep-2026,21481,INE00VM01036
MANUGRAPH,BE,14.75,15.45,14.11,14.87,15,14.75,23384,344562.21,07-Sep-2026,119,INE867A01022
MARALOVER,EQ,63.98,65,62.21,64.26,64,61.83,98744,6321466.86,07-Sep-2026,528,INE882A01013
MARATHON,EQ,439,461.5,430.95,459.5,460.6,437.9,267908,120526031.05,07-Sep-2026,8275,INE182D01020
MARCO,SM,31.3,31.9,30.15,30.95,31,31.15,33000,1015500.00,07-Sep-2026,21,INE0QP001012
MARICO,EQ,815.15,819.05,802.5,806,806,815.15,717139,579109659.20,07-Sep-2026,28341,INE196A01026
MARINE,EQ,431.45,435.95,415,419.95,417.95,432.15,522124,222216613.65,07-Sep-2026,17248,INE01JE01028
MARKOLINES,EQ,172,180.8,169.73,175.36,174.8,171.89,761919,133575442.50,07-Sep-2026,5289,INE0FW001016
MARKSANS,EQ,327.5,339,326.75,335.05,337,326.75,2798363,934172835.10,07-Sep-2026,47159,INE750C01026
MARSONS,EQ,139.4,144.28,127.92,128.83,128.8,137.56,4849194,662607242.14,07-Sep-2026,34433,INE415B01044
MARUTI,EQ,12691,12833,12618,12760,12760,12694,413778,5279179449.00,07-Sep-2026,54553,INE585B01010
MASFIN,EQ,295.2,296.8,292.25,295.25,295.8,295,96140,28321870.35,07-Sep-2026,7913,INE348L01012
MASKINVEST,EQ,147.9,148,147.9,148,148,148.64,11,1627.00,07-Sep-2026,2,INE885F01015
MASON,SM,115.75,116.6,114.3,114.3,114.3,113.9,2500,287650.00,07-Sep-2026,4,INE0SH001010
MASTEK,EQ,1769,1770,1681.6,1691.7,1690.4,1772.9,94731,162153925.20,07-Sep-2026,12702,INE759A01021
MASTER,SM,425,425,424,424,424,429.95,3000,1273500.00,07-Sep-2026,6,INE0OJM01017
MASTERTR,EQ,90.2,92.93,87,88.86,89,89.16,1260805,113230384.16,07-Sep-2026,10272,INE677D01037
MATRIMONY,EQ,528.5,528.5,520,521.45,520.5,529.05,7444,3893441.45,07-Sep-2026,501,INE866R01028
MGSL,SM,74.5,74.75,72,73,73,73.8,22800,1670760.00,07-Sep-2026,19,INE132901013
MAWANASUG,EQ,147,150.99,143.3,145.11,143.8,145.43,304058,44719976.44,07-Sep-2026,4482,INE636A01039
MAXESTATES,EQ,536.65,550,529.5,543.2,547,542.1,81378,43887615.70,07-Sep-2026,2814,INE03EI01018
MFSL,EQ,1537.5,1544.3,1510,1520,1520,1548.4,938109,1430518294.10,07-Sep-2026,21890,INE180A01020
MAXHEALTH,EQ,983,994.9,974,992,992,984.8,1854549,1831744927.90,07-Sep-2026,36693,INE027H01010
MAXIND,EQ,151.9,153.69,145.36,147.69,147.17,150.66,66352,9891074.12,07-Sep-2026,1109,INE0CG601016
MAXPOSURE,SM,31.5,31.5,30.3,30.45,30.45,29.8,10000,305250.00,07-Sep-2026,7,INE0ECC01022
MAXVOLT,SM,316,331,316,324.9,322.5,324.8,34000,11041560.00,07-Sep-2026,72,INE10A501018
MAYURUNIQ,EQ,725.05,731.55,701.7,712.4,714.5,734.85,174923,124480463.15,07-Sep-2026,11335,INE040D01038
MAZDOCK,EQ,2490,2505.3,2434.1,2454.2,2454.2,2475,535900,1321411426.10,07-Sep-2026,25834,INE249Z01020
MAZDA,BE,266,276,260.6,274.2,276,270,36482,9886162.50,07-Sep-2026,330,INE885E01042
MBLINFRA,EQ,24.54,24.54,23.1,23.35,23.35,24.3,70027,1647062.61,07-Sep-2026,190,INE912H01013
MCLEODRUSS,EQ,46.3,46.59,44.72,45.17,45.3,46.3,323414,14773859.07,07-Sep-2026,1473,INE942G01012
MBECL,BE,271.83,271.83,271.83,271.83,271.83,258.89,1273,346039.59,07-Sep-2026,80,INE748A01024
MCON,SM,44,44,42.55,42.55,42.55,44,2000,86550.00,07-Sep-2026,2,INE0O4M01019
MEDIASSIST,EQ,344.95,344.95,333.15,336.5,336.95,340.35,108756,36600240.45,07-Sep-2026,7380,INE456Z01021
MEDICAPQ,EQ,26.94,26.94,24,26.9,26.9,26.29,2926,75475.06,07-Sep-2026,38,INE442D01010
MMWL,EQ,14.25,14.8,13.95,14.34,14.5,14.53,15481,223742.83,07-Sep-2026,174,INE200D01020
MEDICAMEQ,EQ,273,288,267,279.25,280,270.25,149313,41819831.10,07-Sep-2026,3415,INE646B01010
MEDICO,EQ,39.87,41.1,39.49,40.77,40.7,39.87,106027,4292045.83,07-Sep-2026,1117,INE630Y01024
MEDISTEP,SM,23,23.5,23,23.4,23.4,22.9,42000,972300.00,07-Sep-2026,7,INE0UOY01019
MEDPLUS,EQ,670,672.05,656.55,659.7,659.8,676.35,150921,99644249.05,07-Sep-2026,9452,INE804L01022
MEESHO,EQ,209.98,211.24,205.75,210.3,209.49,209,15413416,3231696517.60,07-Sep-2026,124025,INE0VDM01015
MEGAFLEX,SM,91,95,91,95,95,91,5000,467000.00,07-Sep-2026,5,INE0G1D01014
MEGASTAR,EQ,308.95,308.95,298,300.1,299.2,307.6,3236,982302.25,07-Sep-2026,110,INE00EM01016
MEGATHERM,SM,231,231,220,220.5,221,228.75,9600,2167940.00,07-Sep-2026,21,INE531R01010
MOL,EQ,66.99,67.4,65.36,65.73,65.8,66.66,1280175,84885003.33,07-Sep-2026,6440,INE0CT101020
MIIL,EQ,722.5,733.55,707.5,710.15,715.9,717.05,57187,40727274.90,07-Sep-2026,888,INE898Q01015
MENONBE,BE,320,324,305.35,306.35,307,321.4,74902,23334566.00,07-Sep-2026,1228,INE071D01033
MENNPIS,EQ,78,83.99,78,81.72,82.44,77.64,331191,26975915.23,07-Sep-2026,4669,INE650G01029
MEP,BZ,0.7,0.7,0.7,0.7,0.7,0.71,27863,19504.10,07-Sep-2026,38,INE776I01010
MERCANTILE,EQ,24.99,27.7,24.01,24.43,24.06,25.45,977634,25253913.26,07-Sep-2026,1867,INE689O01013
MERCURYEV,EQ,36.74,38,34,37.4,37.69,36.74,4166748,153118444.17,07-Sep-2026,1652,INE763M01028
METALIC,ST,138,141.35,132.4,137.6,137.6,134.65,52800,7258320.00,07-Sep-2026,30,INE1II801013
METROBRAND,EQ,932,942.35,926.15,934.5,936.3,929.15,32820,30677942.25,07-Sep-2026,9767,INE317I01021
METROGLOBL,EQ,137.99,142,132.2,140,140,136.14,377,51576.70,07-Sep-2026,36,INE085D01033
METROPOLIS,EQ,588.7,588.7,574.4,577.75,578.6,588.7,174730,101150818.70,07-Sep-2026,18432,INE112L01020
MICEL,BE,36.52,37.2,36.52,37,37,36.74,198925,7366186.04,07-Sep-2026,740,INE287C01037
MICROPRO,SM,17.7,19.4,17.7,19.4,19.4,19.85,3200,59360.00,07-Sep-2026,2,INE0PZK01014
MIDWESTLTD,EQ,1074.5,1078.9,1051,1062.6,1070,1062.1,11743,12474920.10,07-Sep-2026,1098,INE0XAD01024
MLKFOOD,EQ,86.48,88,84.05,85.8,85.74,83.63,2956,254431.98,07-Sep-2026,90,INE588G01021
MILKYMIST,EQ,255.06,277.67,248.56,276.01,277.49,252.43,35261875,9543863685.46,07-Sep-2026,212254,INE00IT01020
MILTON,SM,38.1,38.1,36.2,36.2,36.2,38.1,4400,163460.00,07-Sep-2026,2,INE376Y01016
MINALIND,BE,5.61,5.61,5.61,5.61,5.61,5.35,215075,1206570.75,07-Sep-2026,294,INE097E01028
MINDACORP,EQ,690.05,700.15,690.05,695.55,696.3,702.8,134028,93286419.95,07-Sep-2026,7908,INE842C01021
MINDSPACE,RR,501.11,502.9,496.01,497.82,497.01,501.11,241830,120559115.26,07-Sep-2026,6799,INE0CCU25019
MINDTECK,EQ,169.99,173.38,167.15,168.74,169,168.81,28354,4805918.76,07-Sep-2026,889,INE110B01017
ALPHAETF,EQ,25.91,26.69,25.91,26.57,26.58,26.58,184284,4903359.84,07-Sep-2026,750,INF769K01KU7
BANKETF,EQ,585.18,585.18,581.09,581.69,581.37,586.33,37630,21899004.75,07-Sep-2026,1149,INF769K01KR3
BANKPSU,EQ,86.14,86.14,84.75,84.91,85.02,86.14,60427,5128914.53,07-Sep-2026,201,INF769K01LZ4
CONSUMER,EQ,12.33,12.33,11.94,11.95,11.99,12.03,820562,9814377.16,07-Sep-2026,592,INF769K01NS5
DEFENCE,EQ,79.94,82.78,79.94,82.04,82.1,81.99,253197,20786343.31,07-Sep-2026,1045,INF769K01QC2
DIVIDEND,EQ,36.35,36.35,35.19,35.32,35.32,35.62,6234,220015.55,07-Sep-2026,125,INF769K01PY8
ENERGY,EQ,39.18,39.18,38.13,38.15,38.27,38.41,475227,18193443.56,07-Sep-2026,1250,INF769K01PR2
EQUAL200,EQ,14.16,14.16,13.71,13.72,13.74,13.82,4127,56747.63,07-Sep-2026,87,INF769K01OA1
EQUAL50,EQ,330.22,330.22,327.05,327.67,327.68,330.22,1412,462776.29,07-Sep-2026,55,INF769K01OO2
EVINDIA,EQ,33.25,33.25,32.09,32.38,32.39,32.44,208167,6738678.50,07-Sep-2026,2498,INF769K01LQ3
HEALTHCARE,EQ,21.94,21.99,21.49,21.64,21.67,21.51,47020,1016406.91,07-Sep-2026,239,INF769K01QA6
HYBRIDETF,EQ,10.25,10.25,10.03,10.05,10.06,10.03,7834,78852.60,07-Sep-2026,86,INF769K01RJ5
INFRA,EQ,12.05,12.1,11.97,11.98,11.99,12.04,19707,236727.24,07-Sep-2026,182,INF769K01QB4
INTERNET,EQ,14.6,14.98,14.46,14.53,14.57,14.61,182327,2657249.99,07-Sep-2026,270,INF769K01PB6
ITETF,EQ,32.54,32.54,31.67,31.78,31.85,32.54,452051,14406265.54,07-Sep-2026,1400,INF769K01KV5
LARGEMID50,EQ,37,37,36.13,36.15,36.15,36.39,3824,138330.69,07-Sep-2026,30,INF769K01RK3
LIQUID,EQ,999.99,1000,999.99,999.99,999.99,999.99,134800,134799672.80,07-Sep-2026,300,INF769K01KS1
LIQUIDPLUS,EQ,1102.12,1102.14,1102.12,1102.13,1102.14,1102.01,131407,144827970.51,07-Sep-2026,327,INF769K01MY5
ESG,EQ,41.1,41.17,40.8,40.84,40.88,41.15,5116,209151.46,07-Sep-2026,112,INF769K01GS9
MAFANG,EQ,212.74,224,210.46,219.37,219,207.56,967348,211646353.84,07-Sep-2026,20894,INF769K01HF4
BFSI,EQ,27.17,27.17,26.95,26.97,27,27.17,109906,2968771.81,07-Sep-2026,999,INF769K01HI8
GOLDETF,EQ,148.51,148.51,146.81,147.84,147.78,149.46,1124196,165731886.65,07-Sep-2026,7130,INF769K01JP9
GSEC10YEAR,EQ,30.49,30.49,30.31,30.35,30.35,30.37,15279,463313.62,07-Sep-2026,743,INF769K01KF8
MAHKTECH,EQ,22.1,23.2,22.1,23.04,23.06,22.1,1051069,23893740.83,07-Sep-2026,8068,INF769K01HS7
MIDCAPETF,EQ,23.98,23.98,23.48,23.61,23.6,23.73,9967439,235392089.61,07-Sep-2026,8101,INF769K01IC9
MAKEINDIA,EQ,165.23,168.53,164.31,164.92,164.7,165.23,61763,10185831.27,07-Sep-2026,759,INF769K01IB1
NIFTYETF,EQ,267.2,267.2,254.17,258.42,259.1,260.69,797690,206395600.56,07-Sep-2026,1493,INF769K01EG9
LOWVOL,EQ,204.13,204.21,203.3,203.84,203.85,204.13,2063,420331.34,07-Sep-2026,19,INF769K01JU9
NEXT50,EQ,758.88,758.88,748.49,748.99,749.2,755.1,177686,133149030.45,07-Sep-2026,2184,INF769K01FN2
SILVERAG,EQ,225.9,225.9,222.56,223.98,224.06,227.02,288141,64448361.12,07-Sep-2026,3430,INF769K01KG6
MASPTOP50,EQ,81.46,87.76,81.46,85.9,86.2,79.86,985591,83424287.13,07-Sep-2026,10231,INF769K01HP3
METAL,EQ,13.28,13.79,13.25,13.28,13.29,13.46,1556005,20717670.25,07-Sep-2026,6505,INF769K01LY7
MIDSMALL,EQ,52.86,52.86,51.66,51.74,51.7,51.82,306025,15835912.92,07-Sep-2026,917,INF769K01LJ8
MOMMIDCAP,EQ,13.05,13.05,12.94,12.96,12.97,12.99,1720781,22326110.43,07-Sep-2026,1207,INF769K01RC0
MULTICAP,EQ,16.37,17.37,16.37,16.69,16.72,16.79,173829,2908943.21,07-Sep-2026,700,INF769K01LX9
SELECTIPO,EQ,49.86,49.86,48.42,48.47,48.62,48.65,70853,3443294.10,07-Sep-2026,166,INF769K01ON4
SENSEXETF,EQ,78.9,79.5,78.5,78.59,78.66,79.2,24303,1911721.10,07-Sep-2026,434,INF769K01KT9
SMALL250,EQ,18.91,18.91,18.51,18.56,18.58,18.54,175195,3251701.81,07-Sep-2026,925,INF769K01PQ4
SMALLCAP,EQ,49.39,49.44,48.9,49.27,49.2,48.9,1426963,70347115.16,07-Sep-2026,3429,INF769K01LC3
TOP20,EQ,8.65,8.92,8.65,8.83,8.82,8.88,39047,344017.66,07-Sep-2026,219,INF769K01PZ5
VALUE,EQ,16.15,16.18,15.99,16.04,16.04,16.15,46657,748746.87,07-Sep-2026,133,INF769K01QV2
MIRZAINT,EQ,31.25,31.79,30.56,31.01,30.56,30.96,120081,3740318.59,07-Sep-2026,1495,INE771A01026
MIDHANI,EQ,420.9,429.55,418.25,419.9,420,418.8,643391,273039202.15,07-Sep-2026,17805,INE099Z01011
MITCON,EQ,77.8,80.9,76.02,80.58,80.9,77.8,19958,1579607.35,07-Sep-2026,139,INE828O01033
MITTAL,EQ,0.82,0.96,0.81,0.92,0.91,0.8,11585530,10829429.32,07-Sep-2026,1939,INE997Y01027
MMFL,EQ,630.15,635.9,615.2,618.1,618.05,630.1,137890,86287027.30,07-Sep-2026,5534,INE227C01017
MMP,EQ,405.9,455.6,404.5,444.95,448,404.15,388765,170924643.30,07-Sep-2026,10613,INE511Y01018
MMTC,EQ,64.5,64.62,63.5,63.82,63.67,64.18,1021196,65354215.75,07-Sep-2026,7914,INE123F01029
MODTHREAD,EQ,54.91,57,54.6,54.7,54.7,54.37,6400,355641.22,07-Sep-2026,110,INE794W01014
MODINATUR,EQ,345,347.65,339.05,344.8,340.2,340.95,4172,1436229.95,07-Sep-2026,174,INE537F01012
MODIRUBBER,EQ,128.67,139,126,128.99,128.32,131.3,3086,402999.40,07-Sep-2026,198,INE832A01018
MODIS,EQ,383.7,385.35,378,383.05,383.9,380.85,26315,10057660.85,07-Sep-2026,1009,INE0L0L01012
MODISONLTD,EQ,454.5,491.95,452,475.6,475.5,469.95,336826,159037631.90,07-Sep-2026,11778,INE737D01021
MHHL,SM,30.05,32.4,30.05,32.4,32.4,31.4,10500,325950.00,07-Sep-2026,5,INE450S01011
MOHITIND,EQ,23.44,25.7,23.44,23.73,24,23.78,3230,77299.64,07-Sep-2026,85,INE954E01012
MOHITE,EQ,2.79,2.9,2.7,2.81,2.82,2.79,140078,387107.30,07-Sep-2026,152,INE154B01023
MOIL,EQ,254.25,255.47,246.9,247.22,247.4,252.3,649693,161978159.55,07-Sep-2026,13158,INE490G01020
MOKSH,EQ,10.21,10.21,10,10.13,10.18,10.07,51262,519856.35,07-Sep-2026,176,INE514Y01020
MOLBIO,EQ,1170,1183.7,1098.2,1127.2,1130,1160.5,1068499,1206242761.40,07-Sep-2026,41413,INE869T01028
MOLDTKPAC,EQ,706.6,707.3,695,697.6,695,706.65,31809,22250213.40,07-Sep-2026,2405,INE893J01029
MOLDTECH,BE,208.96,219.4,208.96,219.18,219.4,208.96,131595,28456891.60,07-Sep-2026,1161,INE835B01035
MONARCH,EQ,377.9,388.9,375,383.25,381.25,377.9,162414,62171197.10,07-Sep-2026,2948,INE903D01011
MONEYBOXX,EQ,58.79,59.99,56,56.83,57.03,58.8,19082,1082218.73,07-Sep-2026,181,INE296Q01012
MONOPHARMA,SM,9,9,9,9,9,8.95,4000,36000.00,07-Sep-2026,2,INE0OIP01012
MONOLITH,SM,1267.05,1345,1228,1312.5,1305,1265.65,117500,151743562.50,07-Sep-2026,365,INE1DV401010
MONTECARLO,EQ,574.1,584,571.55,575.45,578,574.5,61489,35445314.20,07-Sep-2026,3107,INE950M01013
MORARJEE,BZ,9.22,9.22,9.22,9.22,9.22,9.7,3055,28167.10,07-Sep-2026,9,INE161G01027
MOREPENLAB,EQ,115.96,122.14,114.56,118.88,119,113.74,21606889,2564400200.41,07-Sep-2026,86201,INE083A01026
MOS,ST,7.2,7.9,7.2,7.25,7.2,7.55,1904000,14300200.00,07-Sep-2026,235,INE0N7S01028
MOSCHIP,EQ,212,218.88,210.31,212.6,213.2,212.22,2023785,434709001.27,07-Sep-2026,24433,INE935B01025
MSUMI,EQ,36.35,37.05,36.27,36.9,36.95,36.52,7282689,268302505.87,07-Sep-2026,33052,INE0FS801015
MOM100,EQ,68.12,68.5,67.58,67.83,68,68.18,328993,22357183.31,07-Sep-2026,3645,INF247L01023
MON100,EQ,332.78,339.99,327.84,336.35,335.55,324.67,1288381,429939329.35,07-Sep-2026,38827,INF247L01AP3
MOTILALOFS,EQ,1037,1058.9,1031.4,1055,1055,1037,1551861,1630890596.50,07-Sep-2026,36050,INE338I01027
MOM50,EQ,250.45,251.2,248.72,249.1,248.72,251.47,4130,1030227.75,07-Sep-2026,200,INF247L01536
MOGSEC,EQ,65.06,65.7,65.06,65.2,65.2,65.69,1738,113725.00,07-Sep-2026,66,INF247L01AK4
MOALPHA50,EQ,56.36,56.36,55.83,56.19,56.24,56.36,4419,247476.16,07-Sep-2026,91,INF247L01FR8
MOBANK10,EQ,17.24,17.35,16.67,16.78,16.89,16.95,8289,139949.54,07-Sep-2026,93,INF247L01GV8
MOCAPITAL,EQ,54.5,55.45,54.5,54.82,54.64,54.5,1027218,56351147.00,07-Sep-2026,3110,INF247L01EV3
MODEFENCE,EQ,108,108.23,106.79,107.24,106.9,107.14,1225654,131568547.47,07-Sep-2026,8644,INF247L01DJ0
MOENERGY,EQ,38.84,38.84,37.65,37.89,37.8,38.42,261823,9973384.78,07-Sep-2026,1055,INF247L01GH7
MOGOLD,EQ,151.25,151.25,148.9,150.25,150.35,151.75,44956,6738241.10,07-Sep-2026,589,INF247L01FY4
MOHEALTH,EQ,52.88,52.88,51.37,51.89,52.06,51.84,77382,4008426.40,07-Sep-2026,703,INF247L01BB1
MOINFRA,EQ,60.17,60.17,58.35,58.51,58.4,58.68,18063,1056240.14,07-Sep-2026,85,INF247L01FL1
MOIPO,EQ,49.64,49.64,48.51,48.66,48.8,49.15,881,42906.37,07-Sep-2026,43,INF247L01GI5
MOLOWVOL,EQ,36.12,36.12,35.71,35.93,35.96,36.12,50020,1787089.33,07-Sep-2026,87,INF247L01BL0
MOMENTUM50,EQ,55,55,54.1,54.33,54.48,54.38,1121489,60995507.44,07-Sep-2026,1952,INF247L01DK8
MOMETAL,EQ,13.45,13.45,13.15,13.2,13.21,13.32,20769,274223.35,07-Sep-2026,53,INF247L01HG7
MOMGF,EQ,163.3,163.3,161.8,161.86,162.34,165.66,2408,390138.76,07-Sep-2026,80,INF247L01FK3
MOMIDMTM,EQ,65.02,65.02,64.16,64.44,64.35,64.55,82907,5342111.42,07-Sep-2026,439,INF247L01FQ0
MOMNC,EQ,32.83,32.83,32,32.02,32.05,32.19,4522,144853.20,07-Sep-2026,36,INF247L01GK1
MOMOMENTUM,EQ,62.2,62.88,60.55,62.06,61.76,62.27,56872,3534679.58,07-Sep-2026,553,INF247L01BK2
MON50EQUAL,EQ,33.33,33.33,32.77,33.08,33,33.17,5659,185794.67,07-Sep-2026,81,INF247L01FC0
MONEXT50,EQ,73.14,73.14,72.37,72.41,72.92,73.14,3953,287415.93,07-Sep-2026,99,INF247L01FD8
MONIFTY100,EQ,25.95,25.95,25.01,25.15,25.19,25.32,13407,336625.87,07-Sep-2026,114,INF247L01GG9
MONIFTY500,EQ,24.5,24.5,23.67,23.78,23.8,23.91,394544,9372200.03,07-Sep-2026,2002,INF247L01BU1
MONQ50,EQ,145.47,170.31,142.21,164.09,170.31,141.93,562328,88832776.25,07-Sep-2026,9924,INF247L01AU3
MOOILGAS,EQ,11.52,11.52,11.12,11.12,11.18,11.29,8883,99082.29,07-Sep-2026,60,INF247L01HH5
MOPSE,EQ,99.6,101.57,98.77,99.05,99.25,101.57,3404,337553.36,07-Sep-2026,73,INF247L01FO5
MOQUALITY,EQ,198,198.36,196.49,197.14,197.11,198.73,1282,252648.64,07-Sep-2026,49,INF247L01BH8
MOREALTY,EQ,94,94,89.55,89.89,90,90.84,395534,35623844.01,07-Sep-2026,1943,INF247L01CI4
MOSERVICE,EQ,31.53,31.53,30.6,30.65,30.74,30.91,4002,122798.46,07-Sep-2026,99,INF247L01GJ3
MOSILVER,EQ,228.98,228.98,226.25,227.8,227.73,230.02,27297,6199747.75,07-Sep-2026,964,INF247L01FZ1
MOSMALL250,EQ,18.61,18.64,18.49,18.55,18.58,18.52,1328215,24656599.70,07-Sep-2026,3056,INF247L01CH6
MOTOUR,EQ,79.29,79.29,77.1,77.37,77.49,77.74,30320,2345052.99,07-Sep-2026,174,INF247L01FP2
MOVALUE,EQ,113.5,113.8,111.8,112.05,111.96,113.26,54279,6092653.87,07-Sep-2026,991,INF247L01BE5
MOTISONS,EQ,16.6,17.44,16.4,16.77,16.79,16.48,50923605,863279392.04,07-Sep-2026,64367,INE0FRK01020
MOTOGENFIN,EQ,29.25,34.4,28.71,31.37,31.5,28.71,474032,15158147.67,07-Sep-2026,1573,INE861B01023
MOXSH,SM,94.5,94.5,94.5,94.5,94.5,99,1600,151200.00,07-Sep-2026,1,INE0N6D01014
MPDL,BE,32.35,34.75,32.35,33.69,33.69,33.98,2082,69313.21,07-Sep-2026,18,INE493H01014
MPHASIS,EQ,2409.9,2409.9,2340.3,2369.1,2369.1,2422,382610,902852667.10,07-Sep-2026,30053,INE356A01018
MPSLTD,EQ,2666.6,2700,2608.1,2635.7,2621,2658.9,11114,29499409.30,07-Sep-2026,2421,INE943D01017
MRF,EQ,130200,130300,128705,128890,128980,129945,3771,486302245.00,07-Sep-2026,2889,INE883A01011
MRPL,EQ,175.7,176.88,172.25,173.19,173,174.83,2388877,414712340.16,07-Sep-2026,17505,INE103A01014
BECTORFOOD,EQ,225.1,234.99,223.38,230.65,230.75,225.96,1048506,241920633.63,07-Sep-2026,23225,INE495P01020
MSPL,EQ,35.57,35.9,34.5,34.78,35.02,35.4,1152651,40256872.54,07-Sep-2026,3405,INE752G01015
MSTCLTD,EQ,738,795,729,785.65,793,734.2,1016067,785679727.55,07-Sep-2026,35124,INE255X01014
MTEDUCARE,BE,1.81,1.85,1.81,1.85,1.85,1.77,26745,49340.39,07-Sep-2026,137,INE472M01018
MTARTECH,BE,7288,7519,7170,7519,7519,7161,176047,1302904207.00,07-Sep-2026,20685,INE864I01014
MUFIN,EQ,137.5,138.68,135.26,136.17,136.28,137.56,310297,42583887.96,07-Sep-2026,2975,INE08KJ01020
MUKANDLTD,EQ,134,138.89,133.41,136.9,137.24,134.44,94829,12971252.74,07-Sep-2026,1478,INE304A01026
MUKESHB,EQ,134,134,133.5,133.84,133.5,133.91,163,21817.00,07-Sep-2026,2,INE596B01017
MUKKA,EQ,31.5,33.22,31.11,32.15,32,31.34,5209798,168084754.90,07-Sep-2026,21022,INE0CG401037
MUKTAARTS,BE,61.75,61.75,57.42,59.83,59.9,58.9,7885,477504.73,07-Sep-2026,98,INE374B01019
MCX,EQ,3276.9,3374.4,3276.9,3330.2,3330.2,3275.4,1889368,6307631168.80,07-Sep-2026,94673,INE745G01043
MUNISH,SM,83.05,83.05,83,83,83,83.05,6000,498180.00,07-Sep-2026,5,INE1K8Y01018
MUNJALAU,EQ,112,117.94,111.41,116.04,115.98,112.28,1017431,117644764.58,07-Sep-2026,11694,INE672B01032
MUNJALSHOW,EQ,128.1,130.85,128,129.21,130,129.21,51497,6621243.05,07-Sep-2026,422,INE577A01027
MURUDCERA,EQ,29.17,30.24,28.7,29.33,29.5,29.66,30157,894353.76,07-Sep-2026,188,INE692B01014
RADIOCITY,EQ,6.28,6.36,6.2,6.23,6.25,6.28,37379,234251.72,07-Sep-2026,140,INE919I01024
MUTHOOTCAP,EQ,237.21,245,237.21,239.07,239,241.72,4347,1046625.03,07-Sep-2026,282,INE296G01013
MUTHOOTFIN,EQ,2899,2920,2871.2,2880,2880,2913.8,370903,1074245937.00,07-Sep-2026,27968,INE414G01012
MUTHOOTMF,EQ,205.48,206.5,196.3,197.93,198.39,205.29,654148,130577273.04,07-Sep-2026,6431,INE046W01019
MVELECTRO,EQ,729.7,841.1,725,806.45,819.8,729.7,20414269,16612205800.95,07-Sep-2026,424060,INE0OWZ01020
MYMUDRA,SM,72,72,69,69,69,72,18000,1269420.00,07-Sep-2026,12,INE0RVQ01016
MYSORPETRO,BE,130,133.47,128.85,133.42,133.47,127.12,5771,765963.01,07-Sep-2026,134,INE741A01011
NRAIL,EQ,595,631,584,589.95,595,584,145834,88998225.55,07-Sep-2026,8155,INE740D01017
NRVANDANA,SM,72.9,72.9,68.5,68.5,68.5,69.9,12000,842850.00,07-Sep-2026,4,INE104101014
NTCIND,EQ,133.82,137.79,131.15,134.57,134.59,133.16,3390,451282.53,07-Sep-2026,36,INE920C01017
NBIFIN,EQ,1991.8,2035,1964,1967.7,2000,1981.9,5452,10732126.20,07-Sep-2026,46,INE365I01020
NACLIND,EQ,169,169,164.1,164.58,165,166.84,209008,34633367.27,07-Sep-2026,4621,INE295D01020
NDGL,EQ,2722,2839.9,2722,2790,2790,2787.7,121,337989.50,07-Sep-2026,30,INE756C01015
NAGAFERT,BZ,1.95,1.96,1.95,1.95,1.95,2.05,321456,626869.76,07-Sep-2026,456,INE454M01024
NAGREEKCAP,EQ,23,24,23,23.75,23.8,23.25,5595,132682.30,07-Sep-2026,57,INE245I01016
NAGREEKEXP,EQ,22.67,23.87,22.2,22.31,22.26,24.1,59277,1347003.49,07-Sep-2026,557,INE123B01028
NAHARCAP,EQ,261.95,262.25,255.2,257.85,255.6,261.75,12931,3338704.10,07-Sep-2026,77,INE049I01012
NAHARINDUS,EQ,136.75,142,136.44,139.05,139,137.63,36943,5146067.42,07-Sep-2026,1015,INE289A01011
NAHARPOLY,EQ,252.99,252.99,236.1,238.38,238,244.54,11368,2736736.41,07-Sep-2026,345,INE308A01027
NAHARSPING,EQ,288,295,285.1,286.15,289,289.8,31377,9066848.65,07-Sep-2026,667,INE290A01027
NGIL,EQ,41.48,41.48,39.15,40.11,40.3,40.58,6383,254175.33,07-Sep-2026,53,INE236Y01012
NSIL,EQ,5675,5785,5661,5677,5661,5721.5,1489,8489324.50,07-Sep-2026,387,INE023A01030
NAMAN,SM,40.05,40.1,40.05,40.1,40.1,40.1,5600,224480.00,07-Sep-2026,7,INE0RJM01010
NAMOEWASTE,ST,279.7,287.75,278,284,285,274.1,39200,11138040.00,07-Sep-2026,45,INE08NZ01012
NDL,EQ,2.83,3.06,2.79,2.98,3,2.83,2614796,7745318.48,07-Sep-2026,2730,INE875G01048
JAIPURKURT,EQ,24.85,25.71,24.85,25.49,25.49,25.33,26169,655298.85,07-Sep-2026,206,INE696V01013
NH,EQ,1867.8,1920,1867.8,1911.8,1913.3,1858.5,329018,627821979.80,07-Sep-2026,27375,INE410P01011
NARMADA,EQ,13.45,14.8,13.27,14.39,14.29,13.51,1151548,16110858.69,07-Sep-2026,1547,INE117Z01029
NATCOPHARM,EQ,829,841.5,828,838.3,840.8,828.65,301243,251595642.70,07-Sep-2026,25490,INE987B01026
NATHBIOGEN,EQ,152.2,154,150.29,152.65,152.5,153.12,5107,778129.52,07-Sep-2026,196,INE448G01010
NATIONALUM,EQ,376.05,377.5,365.9,365.9,365.9,374.1,3280288,1212904525.70,07-Sep-2026,44899,INE139A01034
NFL,EQ,70.5,70.7,70.05,70.32,70.35,70.51,287324,20203871.25,07-Sep-2026,2083,INE870D01012
NATIONSTD,EQ,109,109,103.01,104.73,105.8,107.74,18222,1911761.48,07-Sep-2026,512,INE166R01015
NATCAPSUQ,BE,207.21,215,205.6,205.93,205.6,216.42,20095,4176760.70,07-Sep-2026,163,INE936B01015
NAVA,EQ,563,563,554.1,556.25,557.6,560.2,118784,66186093.25,07-Sep-2026,5159,INE725A01030
NAVINFLUOR,EQ,8557.5,8649,8532.5,8603.5,8600,8557.5,76404,657052805.00,07-Sep-2026,18868,INE048G01026
NAVKARCORP,EQ,96.24,97.37,95.38,96.02,96.01,96.24,104141,10014309.04,07-Sep-2026,1835,INE278M01019
NAVKARURB,BE,0.92,0.94,0.86,0.92,0.92,0.9,1230590,1095280.46,07-Sep-2026,448,INE268H01044
NAVNETEDUL,EQ,131,132.9,130.1,131.84,131.06,131.21,78249,10271730.68,07-Sep-2026,1365,INE060A01024
NAZARA,EQ,368.25,374.4,362.5,370.3,368.45,368.65,1205780,444634816.35,07-Sep-2026,23779,INE418L01047
NBCC,EQ,86.32,86.59,85.62,86,86,86.6,1862601,160176674.51,07-Sep-2026,15493,INE095N01031
NCC,EQ,149.7,153.33,146.56,150.67,150.5,149.7,3434160,515941454.32,07-Sep-2026,39427,INE868B01028
NCLIND,EQ,180.21,182,175.64,178.3,177.25,177.81,62081,11028245.77,07-Sep-2026,4277,INE732C01016
NDLVENTURE,EQ,125.1,125.1,119.25,120.57,120.61,124.72,9138,1104000.99,07-Sep-2026,170,INE353A01023
NDRAUTO,EQ,727,727,716.5,721.45,726,723.45,8125,5857087.15,07-Sep-2026,958,INE07OG01012
NDTV,EQ,74.27,75.29,72.5,72.87,72.62,74.27,81638,6015311.53,07-Sep-2026,1182,INE155G01029
NECLIFE,EQ,12.11,12.4,11.9,12.07,12.13,12.19,252741,3056871.69,07-Sep-2026,486,INE023H01027
NEAGI,EQ,3300,3465,3298,3449,3449,3300.1,79,263586.00,07-Sep-2026,11,INE605D01012
NELCAST,EQ,117,118.99,114.01,114.77,114.99,116.99,84949,9838305.58,07-Sep-2026,2079,INE189I01024
NELCO,EQ,921.65,942.8,909,933.2,931.5,911.25,227379,211302073.35,07-Sep-2026,10576,INE045B01015
NEOCHEM,SM,97,97,93.5,93.9,93.5,95.25,21600,2050260.00,07-Sep-2026,14,INE21UM01018
NEOGEN,EQ,2148.8,2244.2,2127.5,2207.1,2205,2137.9,177696,393014296.30,07-Sep-2026,35235,INE136S01016
NEPHROCARE,SM,90.65,92.5,80.05,82.1,80.05,93.55,100800,8664660.00,07-Sep-2026,191,INE0SUN01013
NEPHROPLUS,EQ,704.9,715.7,697.55,710.85,713,697.05,189382,134043497.75,07-Sep-2026,10193,INE428V01029
NEPTUNE,SM,179.95,180,179.95,180,180,175,1000,179975.00,07-Sep-2026,2,INE156901014
NESCO,EQ,1045.6,1093.3,1043.7,1076,1075.9,1047.6,114449,123143832.30,07-Sep-2026,9450,INE317F01035
NESTLEIND,EQ,1401,1405.7,1392.9,1398,1398,1410.5,897310,1254622697.00,07-Sep-2026,46376,INE239A01024
NETWEB,EQ,5215,5306.5,5135,5157,5175.5,5193,975374,5079716103.50,07-Sep-2026,74140,INE0NT901020
NPST,EQ,1713.8,1746.8,1691.2,1740.4,1722,1718.8,38352,66130256.00,07-Sep-2026,5266,INE0FFK01017
NETWORK18,EQ,28.31,28.55,27.2,27.64,27.76,28.38,5566967,154438423.82,07-Sep-2026,11735,INE870H01013
NEUEON,BE,10.7,11.78,10.7,11.78,11.78,11.22,25826,298706.55,07-Sep-2026,86,INE333I01044
NEULANDLAB,EQ,22565,22960,22415,22870,22955,22660,22291,506295075.00,07-Sep-2026,8854,INE794A01010
NEWGEN,EQ,524.8,526.3,515.9,520.7,521,524.8,537213,278972703.85,07-Sep-2026,15649,INE619B01017
NEWJAISA,ST,17.75,17.75,17.45,17.45,17.45,17.75,3000,52800.00,07-Sep-2026,2,INE0PW501021
NMSTEEL,SM,23.65,23.65,23,23,23,23.85,4800,111440.00,07-Sep-2026,3,INE0TP801012
NEXTMEDIA,EQ,3.89,3.89,3.7,3.76,3.75,3.89,75733,282656.70,07-Sep-2026,199,INE747B01016
NXST,RR,166.99,167.9,164.56,167.04,167.5,165.89,682539,113737050.80,07-Sep-2026,11282,INE0NDH25011
NFPSAMPOOR,SM,19.7,20.95,19.5,20.7,20.5,20.6,28000,559000.00,07-Sep-2026,14,INE0T1501010
NGLFINE,EQ,2868.1,2907.9,2815.2,2873,2902,2907.5,7062,20146421.40,07-Sep-2026,1489,INE887E01022
NHPC,EQ,76.25,77.05,75.55,76,76,76.25,8825125,671855035.17,07-Sep-2026,31021,INE848E01016
NIBE,EQ,1336.6,1336.6,1312.8,1318,1318.5,1336.6,29295,38759327.80,07-Sep-2026,2535,INE149O01018
NICCOPAR,EQ,79.16,82.99,76.46,79.27,81,79.55,2359,189450.34,07-Sep-2026,67,INE653C01022
NIDAN,SM,14.1,14.8,14.1,14.8,14.8,14.1,2000,28900.00,07-Sep-2026,2,INE0J6L01013
NIITMTS,EQ,226.9,230,218.23,220.72,219,225.94,402338,89544435.15,07-Sep-2026,9235,INE342G01023
NIITLTD,EQ,98.94,101.16,97,97.22,97,98.96,303377,29808018.28,07-Sep-2026,3195,INE161A01038
NIKITA,SM,72.5,72.5,72.5,72.5,72.5,72.5,6000,435000.00,07-Sep-2026,2,INE0FLF01015
NILAINFRA,EQ,6.74,6.75,6.62,6.71,6.72,6.67,226516,1519011.80,07-Sep-2026,375,INE937C01029
NILASPACES,EQ,12.34,12.42,12.07,12.23,12.19,12.23,1212332,14793175.80,07-Sep-2026,1821,INE00S901012
NILE,EQ,1466.2,1487.9,1452.2,1459,1460,1465.8,3153,4620061.30,07-Sep-2026,384,INE445D01013
NILKAMAL,EQ,2121.8,2141.8,2050,2063.2,2058,2116.5,30738,64254264.90,07-Sep-2026,4324,INE310A01015
NIMBSPROJ,EQ,149.9,150,142.5,143.51,143.01,147.84,1099,158269.84,07-Sep-2026,48,INE875B01015
NINSYS,EQ,711.95,716.75,701.3,705.85,710,712.75,3673,2602284.90,07-Sep-2026,577,INE395U01014
BANKBEES,EQ,598,598,590.4,591.58,591.74,596.2,929935,550390314.39,07-Sep-2026,10319,INF204KB15I9
CONSUMBEES,EQ,131.08,131.08,128.9,129.07,129.19,129.78,67100,8661859.27,07-Sep-2026,1457,INF204KA1LD7
DIVOPPBEES,EQ,78,78,75.76,76.06,76.27,76.77,59703,4539918.60,07-Sep-2026,1648,INF204KA1MS3
NV20BEES,EQ,139.5,139.5,138.01,138.43,138.53,139.39,19458,2696004.19,07-Sep-2026,445,INF204KB18I3
GOLDBEES,EQ,125.7,125.92,124.75,125.58,125.51,127.17,20788912,2603890399.12,07-Sep-2026,131582,INF204KB17I5
HNGSNGBEES,EQ,470.99,471.88,465.02,469.32,469.8,471.09,72290,33872522.08,07-Sep-2026,5290,INF204KB19I1
INFRABEES,EQ,969,969,947.7,949.48,949.75,956.45,6435,6114476.33,07-Sep-2026,731,INF732E01268
ITBEES,EQ,35,35,33.22,33.33,33.4,34.09,10631291,355544434.43,07-Sep-2026,28312,INF204KB15V2
JUNIORBEES,EQ,790,796.3,785.2,786.26,788.5,791.07,260292,204991636.59,07-Sep-2026,15360,INF732E01045
LIQUIDBEES,EQ,1000,1001,999.62,999.99,1000.01,1000,3518550,3518539380.54,07-Sep-2026,5087,INF732E01037
LTGILTBEES,EQ,29.86,29.89,29.24,29.87,29.88,29.84,1086510,32432041.64,07-Sep-2026,656,INF204KB1882
MID150BEES,EQ,234.14,241.95,234.14,239.11,239.55,240.15,641457,153318165.76,07-Sep-2026,11789,INF204KB1V68
NIF100BEES,EQ,269.24,269.24,264.03,264.6,264.8,266.58,47589,12606998.38,07-Sep-2026,704,INF204K014N5
NIFTYBEES,EQ,273.19,273.78,270.9,271.21,271.4,273.27,5921896,1608641881.12,07-Sep-2026,80483,INF204KB14I2
PSUBNKBEES,EQ,96.8,96.8,93.97,94.21,94.31,95.45,1692469,159680581.24,07-Sep-2026,7761,INF204KB16I7
SHARIABEES,EQ,455.1,457.98,446,447.05,446,452.84,14600,6544917.47,07-Sep-2026,961,INF732E01128
NAM-INDIA,EQ,1158.8,1196,1152,1195,1195,1159.9,1817884,2140045257.70,07-Sep-2026,49713,INE298J01013
LIQGRWBEES,EQ,1059.73,1059.73,1054.56,1054.56,1054.56,1054.46,36349,38333309.28,07-Sep-2026,187,INF204KC1FU1
MANUFGBEES,EQ,163.73,166.07,162.44,162.77,163.1,163.73,4547,741720.16,07-Sep-2026,161,INF204KC1GH6
AUTOBEES,EQ,287.47,289.39,281,286.85,287.4,287.47,190612,54629315.55,07-Sep-2026,3707,INF204KC1337
PHARMABEES,EQ,27.42,27.5,26.9,27.4,27.47,27.32,4126001,112914709.45,07-Sep-2026,12336,INF204KC1089
SILVERBEES,EQ,220.75,220.75,218.62,219.96,220.04,222.78,13898563,3052714021.46,07-Sep-2026,76616,INF204KC1402
SNXT30BEES,EQ,42.37,42.45,42.15,42.36,42.4,42.58,8853,374882.17,07-Sep-2026,90,INF204KC1EZ3
NIRAJ,EQ,28.46,29.39,28.45,28.88,28.8,28.72,13511,388312.30,07-Sep-2026,121,INE368I01016
NIRAJISPAT,BE,368.45,368.45,368.45,368.45,368.45,387.8,1523,561149.35,07-Sep-2026,19,INE326T01011
NIRLON,EQ,620.05,624.8,604.55,615.15,614,620,15402,9539267.10,07-Sep-2026,724,INE910A01012
NIRMAN,SM,28.45,28.8,27.3,28.45,28.45,28.3,6300,177180.00,07-Sep-2026,19,INE0OK701014
NITCO,EQ,95.51,96.04,92.55,93.84,94.01,96.1,1345082,126550338.75,07-Sep-2026,6094,INE858F01012
NITINSPIN,EQ,639.05,639.95,625.05,627.45,627.9,639.05,38469,24294219.65,07-Sep-2026,2018,INE229H01012
NITIRAJ,EQ,224.5,234.95,215,231.04,226.98,219.19,18036,4103943.93,07-Sep-2026,335,INE439T01012
NITTAGELA,EQ,1644,1691.5,1644,1677.8,1675,1632.5,6224,10394653.90,07-Sep-2026,796,INE265B01019
NIVABUPA,EQ,80.1,81.25,80,80.67,80.7,80.11,337165,27157121.86,07-Sep-2026,12839,INE995S01015
NKIND,EQ,61.99,61.99,55.55,57.21,57.49,57.1,1387,80302.40,07-Sep-2026,36,INE542C01019
NLCINDIA,EQ,275.8,278,268.3,269.3,269.95,273.05,1349980,367158911.30,07-Sep-2026,28940,INE589A01014
805NMC31,N3,118,118,118,118,118,118.01,1,118.00,07-Sep-2026,1,INE579F24032
NMDC,EQ,85.29,85.63,83.54,83.85,83.85,84.7,15859358,1335125140.72,07-Sep-2026,45547,INE584A01023
NSLNISP,EQ,46.65,46.98,45.44,45.87,45.88,46.02,5748765,264740840.67,07-Sep-2026,21540,INE0NNS01018
NOCIL,EQ,174,175.85,170.55,172.23,171.7,172.44,416468,71857696.64,07-Sep-2026,5520,INE163A01018
NOIDATOLL,EQ,4.22,4.22,3.95,4.02,4.04,4.14,207178,835268.89,07-Sep-2026,544,INE781B01015
NORBTEAEXP,EQ,70.34,73,67.7,67.71,67.71,70.69,1134,79294.01,07-Sep-2026,28,INE369C01017
NECCLTD,BE,19.43,19.43,19,19.42,19.43,18.51,463207,8933330.94,07-Sep-2026,470,INE553C01016
NORTHARC,EQ,303.75,311,299.05,306,306.9,302.15,1691631,518369582.35,07-Sep-2026,19861,INE850M01015
NOVAAGRI,BE,23.76,23.85,22.68,23.31,23.16,23.87,46319,1073409.77,07-Sep-2026,282,INE02H701025
NOVARTIND,EQ,1661.2,1699,1602.5,1639.6,1645,1646.7,73338,121959429.80,07-Sep-2026,6841,INE234A01025
NRBBEARING,EQ,457,485.35,451.1,483,484.1,447,1028877,489034355.00,07-Sep-2026,26028,INE349A01021
NIBL,EQ,30.8,32,30.32,30.71,30.71,30.8,14117,435079.32,07-Sep-2026,90,INE047O01014
NTPCGREEN,EQ,89.39,89.5,88.06,88.16,88.25,89.36,1311104,115955790.95,07-Sep-2026,15219,INE0ONG01011
NTPC,EQ,332.5,333.8,330.35,332,332,332.5,5245813,1739860025.35,07-Sep-2026,50202,INE733E01010
NUCLEUS,EQ,730,730,706.4,718.4,718,729.15,49947,35878541.45,07-Sep-2026,3675,INE096B01018
NRL,BE,129.5,133.26,125,132.78,133.26,126.92,251730,33177024.22,07-Sep-2026,971,INE0JM501013
NURECA,BE,322.7,325,313.1,319.2,320.8,322.7,2872,912826.00,07-Sep-2026,136,INE0DSF01015
NUVAMA,EQ,1815.6,1859,1815,1832.4,1835.5,1815.6,217617,399693305.20,07-Sep-2026,21569,INE531F01023
NUVOCO,EQ,352.85,353.45,341,345.1,345.1,352.15,863221,297814305.15,07-Sep-2026,12522,INE118D01016
OBCL,EQ,56.29,56.29,55,55.03,55.05,55.19,4087,224815.71,07-Sep-2026,32,INE426Z01016
OBEROIRLTY,EQ,1876,1885.5,1847.5,1847.5,1847.5,1875.6,206196,384302270.40,07-Sep-2026,16388,INE093I01010
OBSCP,SM,842,850.25,774,838.25,838.05,835.75,84800,69095040.00,07-Sep-2026,194,INE0YHV01011
OCCLLTD,BE,163,168,160,164.42,165,163.93,49800,8198962.78,07-Sep-2026,267,INE0PK601023
ODIGMA,EQ,23.45,23.9,22.28,22.46,22.7,23.45,35479,803270.30,07-Sep-2026,504,INE054301028
ODYCORP,EQ,7.89,7.89,7.06,7.26,7.38,7.46,144311,1045811.11,07-Sep-2026,348,INE839E01023
ONGC,EQ,235.98,235.98,232.77,233.7,233.7,234.65,5391548,1259448811.15,07-Sep-2026,51764,INE213A01029
OILCOUNTUB,BE,65,65,63.7,63.75,63.75,65,42503,2746219.70,07-Sep-2026,85,INE591A01010
OIL,EQ,490.8,492.75,481.45,487,487,488.3,2811694,1362751448.00,07-Sep-2026,27937,INE274J01014
OLAELEC,EQ,38,38.7,37.43,37.96,38.1,38.2,28426081,1083459178.80,07-Sep-2026,70752,INE0LXG01040
OLECTRA,EQ,1229,1238,1203.5,1207.4,1210,1229,266992,323762167.20,07-Sep-2026,17956,INE260D01016
OMFREIGHT,BE,88,91.5,88,88.03,88.01,89.84,3769,334464.45,07-Sep-2026,91,INE1BZC01019
OMINFRAL,EQ,84.7,85.1,83.1,83.64,83.95,84.43,39818,3334379.03,07-Sep-2026,609,INE239D01028
OMPOWER,EQ,175.6,178,169.06,170.31,170.06,175.68,142210,24456085.94,07-Sep-2026,6058,INE25E901019
OMAXAUTO,EQ,182,183,176,177.63,176.01,183.07,61613,11055322.26,07-Sep-2026,1243,INE090B01011
OMAXE,EQ,134,136.56,128.39,129.82,130.05,136.38,2495006,330585195.52,07-Sep-2026,16095,INE800H01010
OMNI,EQ,529.95,534.05,513,519.55,524.55,526,289190,151387144.95,07-Sep-2026,10200,INE0UH301010
ONDOOR,SM,280,300,279.95,295.1,298.7,289.6,4800,1390695.00,07-Sep-2026,15,INE00ER01015
PAYTM,EQ,1659.6,1669.3,1642,1664,1664,1659.5,1822600,3018951357.10,07-Sep-2026,52742,INE982J01020
ONEGLOBAL,EQ,535.1,544.95,515.3,522,524.8,542.4,14827,7775123.60,07-Sep-2026,870,INE670O01013
MOBIKWIK,EQ,191,195.95,189.61,194.24,193.8,192.12,796100,154068199.19,07-Sep-2026,10269,INE0HLU01028
ONEPOINT,EQ,57.5,59.7,56.87,57.73,58,57.01,1177260,68365616.26,07-Sep-2026,6398,INE840Y01029
OLIL,SM,429.15,429.15,422,427.6,428.05,427.05,31200,13259840.00,07-Sep-2026,29,INE0OPS01011
ONELIFECAP,BE,33.1,33.1,30.85,31.99,31.99,32.18,11986,378016.28,07-Sep-2026,68,INE912L01015
KISSHT,EQ,307.05,326,306.55,320.95,320.95,309.3,2052956,655195332.00,07-Sep-2026,41222,INE12F801023
ONESOURCE,EQ,1552.9,1573,1530,1552.3,1569,1537.8,140096,217993155.90,07-Sep-2026,13366,INE013P01021
ONIDA,EQ,34.5,35.29,34.5,34.81,34.85,34.64,195059,6784273.10,07-Sep-2026,1977,INE831A01028
ONIXSOLAR,EQ,418.45,423.35,383.05,423.2,423.35,403.2,900835,365700746.75,07-Sep-2026,8940,INE173M01012
ONMOBILE,BE,48.77,49.19,48.77,49.15,49.15,48.49,94234,4615067.39,07-Sep-2026,245,INE809I01019
ONWARDTEC,EQ,280,286.45,280,283.85,283.2,284.35,27744,7842863.00,07-Sep-2026,758,INE229A01017
ONYX,ST,37.8,39.35,37.8,39.35,39.35,37.5,34000,1320400.00,07-Sep-2026,16,INE0WVU01018
OPTIEMUS,EQ,569.3,579.3,556.9,560.45,563,569.3,148080,84042857.45,07-Sep-2026,8292,INE350C01017
OPTIFIN,EQ,14.15,15.79,13.5,14.43,14.4,14.84,64263,960151.67,07-Sep-2026,250,INE031G01022
OPTIMYSTIX,SM,143.65,154.9,130,150,152,141.85,951200,132630160.00,07-Sep-2026,285,INE1JZB01022
OPTIVALUE,ST,182.7,182.7,166.7,167.25,168,174.05,20800,3584960.00,07-Sep-2026,13,INE15B101011
OFSS,EQ,12105,12110,11679,11847,11847,12058,185270,2185336025.00,07-Sep-2026,27868,INE881D01027
ORBTEXP,BE,229,244.9,229,239,239,239.02,3707,880323.10,07-Sep-2026,55,INE231G01010
ORCHASP,EQ,1.39,1.42,1.29,1.29,1.3,1.39,409348,539046.63,07-Sep-2026,319,INE215B01022
ORCHPHARMA,EQ,949.9,955.15,942,947.1,946.45,954.65,12349,11698089.10,07-Sep-2026,1188,INE191A01027
ORIANA,SM,1212,1240,1175,1216.85,1225,1205.7,65175,78649436.25,07-Sep-2026,574,INE0OUT01019
ORICONENT,EQ,54.15,54.94,52.5,52.92,52.55,54.15,51117,2722791.73,07-Sep-2026,760,INE730A01022
ORIENTBELL,EQ,418,434.95,411.75,415.1,413,420.1,107644,45670364.30,07-Sep-2026,5077,INE607D01018
ORIENTCEM,EQ,130.3,130.3,125.1,126.56,127,129.68,315036,40208952.05,07-Sep-2026,3136,INE876N01018
ORIENTCER,EQ,43.91,44.89,43.07,44.6,44.36,43.91,64878,2881074.22,07-Sep-2026,1506,INE569C01020
ORIENTELEC,EQ,180,180.5,175.11,176.38,175.11,179.19,72511,12871507.00,07-Sep-2026,2275,INE142Z01019
GREENPOWER,EQ,9.28,9.38,9.17,9.23,9.27,9.28,1873150,17343829.01,07-Sep-2026,4733,INE999K01014
ORIENTHOT,EQ,139.05,140.26,138.1,139.11,138.12,139.93,347072,48300773.54,07-Sep-2026,1877,INE750A01020
ORIENTPPR,EQ,17.03,19.28,16.85,18.81,18.68,17.08,2027757,37074559.92,07-Sep-2026,5053,INE592A01026
ORIENTLTD,BE,82.99,82.99,78.1,81.49,81.49,80.65,222,17993.61,07-Sep-2026,12,INE609C01024
ORIENTTECH,EQ,237.2,237.9,234,235.16,236,238.39,122613,28897503.02,07-Sep-2026,2521,INE0PPK01015
OAL,EQ,519.9,544.7,491.05,537.35,544.7,519.9,139317,73835183.65,07-Sep-2026,5075,INE959C01023
ORIRAIL,EQ,132,134.7,126.6,127.28,126.7,130.76,158500,20652698.57,07-Sep-2026,1896,INE457G01029
ORIENTALTL,EQ,5.34,5.43,5.03,5.12,5.12,5.31,115176,592246.37,07-Sep-2026,466,INE998H01012
ORISSAMINE,EQ,4315,4340,4167.9,4189.9,4183,4311.7,7107,30043372.40,07-Sep-2026,2120,INE725E01024
ORKLAINDIA,EQ,591.15,598.2,587,590.7,592,594.15,39698,23535700.90,07-Sep-2026,4809,INE16NZ01023
ORTEL,BZ,1.85,1.85,1.85,1.85,1.85,1.9,25,46.25,07-Sep-2026,1,INE849L01019
ORTINGLOBE,EQ,15.82,15.89,15.26,15.44,15.84,15.67,5143,80917.21,07-Sep-2026,23,INE749B01020
OSELDEVICE,SM,380,381.4,365.05,371.15,370,385.15,55800,20779740.00,07-Sep-2026,233,INE0RMF01018
OSIAHYPER,BE,2.47,2.54,2.38,2.45,2.48,2.47,319369,789979.30,07-Sep-2026,376,INE06IR01021
OSWALAGRO,EQ,36.2,37.79,36.2,36.61,36.78,36.66,22621,828018.48,07-Sep-2026,352,INE142A01012
OSWALGREEN,EQ,20.59,20.88,20.13,20.27,20.28,20.39,116996,2373066.33,07-Sep-2026,513,INE143A01010
OSWALPUMPS,EQ,279,281,273.7,274.4,274.85,279.2,458203,126446911.65,07-Sep-2026,10730,INE0BYP01024
OWAIS,ST,79.2,81.75,78.85,81.05,81.75,80.45,16000,1272350.00,07-Sep-2026,70,INE0R8M01017
PNGJL,EQ,612,634.7,612,618.95,619.8,609.05,1030718,645517640.30,07-Sep-2026,37333,INE953R01016
POEL,EQ,146.91,151.76,144,145.39,145.43,142.78,43276,6357591.82,07-Sep-2026,879,INE035S01028
PSRAJ,ST,86.9,86.9,82.5,85.85,85.9,83.95,32500,2763500.00,07-Sep-2026,10,INE0XUS01020
PGHH,EQ,7669,7719.5,7602,7634.5,7649,7667.5,10292,78879612.00,07-Sep-2026,2740,INE179A01014
PACEDIGITK,EQ,169,171.72,159.99,161.09,161.99,167.59,1573488,258788908.60,07-Sep-2026,18067,INE0S3G01027
PACIFICI,EQ,143.11,144,140,140,140,143.82,391,55467.09,07-Sep-2026,17,INE883C01025
PAGEIND,EQ,36300,36495,35625,35825,35825,36300,11706,420586795.00,07-Sep-2026,5367,INE761H01022
PAISALO,EQ,74.37,80,74.25,79.41,78.97,74.1,35087813,2739454038.25,07-Sep-2026,63882,INE420C01059
PAKKA,EQ,74.5,77.9,73.75,77.22,77.2,73.71,270324,20734948.72,07-Sep-2026,6464,INE551D01018
PALASHSECU,EQ,90.17,90.17,89.2,89.2,89.2,90.17,438,39458.36,07-Sep-2026,11,INE471W01019
PALREDTEC,EQ,55.83,57.75,55.83,56.12,56.05,55.83,2454,139299.95,07-Sep-2026,41,INE218G01033
PANACEABIO,EQ,378.55,383,376.6,378.4,379.3,381.25,45995,17450341.35,07-Sep-2026,1897,INE922B01023
PANACHE,BE,525,526,514.5,526,526,525,6263,3273964.05,07-Sep-2026,56,INE895W01019
PANAMAPET,EQ,495.55,504.9,480.1,481.35,482,495.45,245862,120263675.55,07-Sep-2026,6253,INE305C01029
PANCHMAHQ,EQ,300,300,272.95,296.85,297.8,300,27,8016.45,07-Sep-2026,9,INE798F01010
PANORAMA,EQ,47.81,49.4,47.69,48.87,49,47.41,357826,17457863.16,07-Sep-2026,1468,INE258R01028
PANSARI,EQ,299.95,307.3,299.9,300.45,300,300.05,373,113584.85,07-Sep-2026,12,INE697V01011
PAR,BE,148.88,148.88,148.88,148.88,148.88,156.71,13035,1940650.80,07-Sep-2026,137,INE04LG01015
PARADEEP,EQ,157.5,159,155.65,157.98,158.6,157,3228904,508728341.23,07-Sep-2026,32463,INE088F01024
PARAGMILK,EQ,254.6,257.85,243.95,250.25,249.5,249.6,1227989,309262294.20,07-Sep-2026,18089,INE883N01014
PARAGON,SM,49,57,48.5,56.9,57,47.5,152400,8396520.00,07-Sep-2026,118,INE0N4G01012
PARACABLES,EQ,65.3,67.32,65.16,65.61,65.99,65.51,1407319,92980083.47,07-Sep-2026,7662,INE074B01023
PARAMOUNT,SM,38.65,38.65,38.65,38.65,38.65,36.85,10800,417420.00,07-Sep-2026,7,INE0TG801013
PSFL,SM,34,38.75,34,38.6,38.6,34,40000,1480700.00,07-Sep-2026,20,INE0Q6001012
PARAS,EQ,1414.9,1494.7,1414.4,1489.4,1489.5,1414.9,1794488,2629235268.10,07-Sep-2026,69676,INE045601023
PARASPETRO,EQ,2.09,2.17,2.09,2.15,2.16,2.14,159359,339894.67,07-Sep-2026,278,INE162C01024
PARIN,SM,709.5,735,709.5,725,725,716.3,6000,4323525.00,07-Sep-2026,21,INE00U801010
PARKHOSPS,EQ,286,290.9,280.05,286.8,286.05,286.25,816945,233547143.10,07-Sep-2026,11711,INE119201023
PARKHOTELS,EQ,112.2,113.1,110.98,111.21,111.1,112.18,61379,6849329.05,07-Sep-2026,1200,INE988S01028
PARNAXLAB,EQ,134.99,136.8,122.05,132.99,132.99,134.8,337,45224.62,07-Sep-2026,37,INE383L01019
PARSVNATH,BE,1.6,1.6,1.6,1.6,1.6,1.57,62274,99638.40,07-Sep-2026,61,INE561H01026
PARTH,SM,525,540,525,536.5,540,525.7,3600,1915920.00,07-Sep-2026,9,INE1H7V01011
PARTYCRUS,SM,83,90,81.5,86.35,90,79.7,6000,506500.00,07-Sep-2026,6,INE06ZX01015
PASHUPATI,EQ,83.8,98.32,81,81.34,81.45,81.94,587440,50583708.12,07-Sep-2026,6157,INE124Y01028
PASUPTAC,BE,69.4,69.45,66.55,67.32,67,67.64,116622,7926773.10,07-Sep-2026,546,INE818B01023
PATANJALI,EQ,344,344,336.15,340.9,340.9,342.5,1977606,673105000.05,07-Sep-2026,56701,INE619A01035
PATELENG,EQ,27.38,27.55,26.95,27.1,27,27.28,1622375,44193748.04,07-Sep-2026,5924,INE244B01030
PATINTLOG,BE,13.61,13.61,13.2,13.41,13.45,13.32,44088,587544.69,07-Sep-2026,116,INE529D01014
PATELRMART,EQ,218.32,228,215.66,217.99,220,218.32,82912,18424391.67,07-Sep-2026,2416,INE0R8B01010
PATILAUTOM,SM,290,319,290,296.75,297,279.35,362400,110982780.00,07-Sep-2026,527,INE17GV01016
PML,EQ,503.5,503.5,486.15,489.75,497,488.8,28,14006.45,07-Sep-2026,7,INE291E01019
PAUSHAKLTD,EQ,790.9,790.9,760,763.1,762,785.5,19900,15395843.15,07-Sep-2026,2135,INE111F01024
PAVNAIND,EQ,17.6,17.6,15.36,16.09,16.12,17.22,304883,4921603.81,07-Sep-2026,1170,INE07S101038
POLICYBZR,EQ,1830,1843.2,1752.3,1792,1792,1836,1228810,2202265385.70,07-Sep-2026,50844,INE417T01026
PCJEWELLER,EQ,12.29,14.08,12.21,13.93,13.99,11.86,2196523618,29364629769.87,07-Sep-2026,626266,INE785M01021
PCBL,EQ,316,322.8,313.35,317.45,317.5,317,1125415,358690072.50,07-Sep-2026,20025,INE602A01031
PDSL,EQ,360,360.95,347.2,349.6,348.15,358.5,112309,39693197.55,07-Sep-2026,5333,INE111Q01021
PGIL,EQ,2277,2299.8,2249.5,2257.2,2258.4,2278.3,35644,81002383.60,07-Sep-2026,7246,INE940H01022
PEARLPOLY,EQ,15.08,15.79,15.08,15.3,15.79,15.08,3678,57017.55,07-Sep-2026,75,INE844A01013
PELATRO,SM,399,400,381.5,387.5,389,391.75,22500,8816190.00,07-Sep-2026,56,INE0VG601013
PENINLAND,EQ,17.14,17.14,16.05,16.17,16.05,16.55,226908,3783062.08,07-Sep-2026,675,INE138A01028
PENIND,EQ,171.4,178.68,169.5,175.96,175.8,169.56,1301524,227650133.09,07-Sep-2026,16208,INE932A01024
PENTAGON,SM,90.4,90.5,90.4,90.5,90.5,82.3,29000,2623800.00,07-Sep-2026,20,INE0ORS01017
PERFECT,SZ,1.9,1.9,1.85,1.9,1.9,1.9,12000,22650.00,07-Sep-2026,4,INE925S01012
PERMAGN,EQ,905.7,905.7,867.8,872,870.3,888.2,2107,1848374.80,07-Sep-2026,323,INE418E01018
PERSISTENT,EQ,5610,5622,5522,5540,5540,5643,404979,2250915764.00,07-Sep-2026,25430,INE262H01021
PCCL,SM,427,434.95,416.05,430.35,430.2,425.15,28000,11950100.00,07-Sep-2026,55,INE998U01015
PETRONET,EQ,288.1,293.8,288.1,290.95,290.95,288.1,1737649,505778322.35,07-Sep-2026,34817,INE347G01014
PFCL41A,NE,1000,1000,1000,1000,1000,1000,4,4000.00,07-Sep-2026,1,INE134E07DJ3
7PFCL31,N3,1000,1000.05,1000,1000.01,1000.01,1000,17,17000.27,07-Sep-2026,3,INE134E07DP0
PFIZER,EQ,4598.8,4610,4557,4596.5,4601,4609.7,17548,80464293.30,07-Sep-2026,3612,INE182A01018
935PFL33,N3,1112.5,1115,1112.5,1115,1115,1115,65,72437.50,07-Sep-2026,2,INE140A07773
PGEL,EQ,560,564.65,554.5,559.55,559.55,562.3,667138,373483111.10,07-Sep-2026,16717,INE457L01029
PHANTOMFX,SM,116.9,117,113.3,116,116.95,116.85,33000,3798780.00,07-Sep-2026,48,INE0MLZ01019
PHOENXINTL,EQ,31.9,31.9,29.32,29.68,30.19,29.01,2251,67683.03,07-Sep-2026,49,INE245B01011
PHOGLOBAL,SM,14.25,14.25,14.25,14.25,14.25,14.25,2000,28500.00,07-Sep-2026,1,INE0FPO01018
PWL,EQ,127.47,130.32,126.54,129.67,129.5,126.42,18012338,2320292989.32,07-Sep-2026,91341,INE0LP301011
PIIND,EQ,2454,2468.5,2428,2430,2430,2465,104432,255132922.80,07-Sep-2026,12744,INE603J01030
PICCADIL,EQ,616.15,634.8,611,617.95,617.2,615.75,363733,227248915.10,07-Sep-2026,12154,INE546C01010
PPSL,SM,2.75,2.9,2.75,2.85,2.85,2.85,90000,253050.00,07-Sep-2026,20,INE0YAL01017
PIDILITIND,EQ,1625.9,1628.9,1575,1575,1575,1629.5,591643,946814299.40,07-Sep-2026,26118,INE318A01026
PILITA,EQ,8.14,8.24,7.74,7.85,7.75,8.02,66138,523338.74,07-Sep-2026,173,INE600A01035
PILANIINVS,EQ,4349.8,4349.8,4282.1,4298.7,4282.1,4323.8,869,3744744.40,07-Sep-2026,198,INE417C01014
PINELABS,EQ,168,168.48,163.85,164.49,164.68,166.37,10783461,1787965860.55,07-Sep-2026,63149,INE15B701018
PIONEEREMB,EQ,21.61,21.98,21.17,21.74,21.74,21.36,6135,132567.10,07-Sep-2026,46,INE156C01018
PIONRINV,BE,79.75,80.05,79.75,80.05,80.05,83.89,1487,118680.05,07-Sep-2026,5,INE746D01014
PIRAMALFIN,EQ,2221.2,2290.8,2209.9,2261,2275,2225,500739,1135991143.20,07-Sep-2026,29131,INE202B01038
PPLPHARMA,EQ,214.23,221.8,213.12,219.66,219.5,214.22,6407335,1402450515.03,07-Sep-2026,80720,INE0DK501011
PITTIENG,EQ,1084.9,1228,1084,1176.2,1177.1,1084.9,1699396,2022072616.70,07-Sep-2026,83445,INE450D01021
PIXTRANS,EQ,1793,1830.5,1750,1754.9,1750,1791.7,12137,21520435.90,07-Sep-2026,1907,INE751B01018
PLADAINFO,SM,11.3,11.35,11.3,11.35,11.35,10.85,9000,102000.00,07-Sep-2026,2,INE0PXD01014
PLASTIBLEN,EQ,187.91,197.69,185,193.14,193,187.91,57836,11232978.22,07-Sep-2026,1407,INE083C01022
PLATIND,EQ,232,239.5,232,233.73,233.01,231.54,88487,20886406.63,07-Sep-2026,2568,INE0PT501018
PLAZACABLE,EQ,60.9,61.2,58.45,59.05,59.29,61.32,145018,8586434.05,07-Sep-2026,1386,INE0INJ01017
PNBGILTS,EQ,83.08,84.3,81.52,81.87,82.21,83.08,330796,27395972.36,07-Sep-2026,4662,INE859A01011
PNBHOUSING,EQ,1166,1188.9,1163.7,1182.1,1182.1,1166,721594,850096316.40,07-Sep-2026,30073,INE572E01012
PNCINFRA,EQ,182.5,183.68,180.7,181.71,181.62,183.11,203926,37096460.77,07-Sep-2026,4986,INE195J01029
PNGSREVA,EQ,519.9,564.5,519.05,540.15,539.65,516.35,502653,274849522.10,07-Sep-2026,20025,INE1RDG01013
PODDARMENT,EQ,257.8,285,256.1,277.85,278,257.1,23704,6452748.95,07-Sep-2026,513,INE371C01013
POKARNA,EQ,815.2,828,795.1,803,800,817.15,48658,39282843.90,07-Sep-2026,3225,INE637C01025
POLYMED,EQ,1705,1767.8,1695.1,1701.1,1707,1702.5,193636,334971821.00,07-Sep-2026,24728,INE205C01021
POLYCAB,EQ,8310,8361.5,8175,8261,8261,8300,568946,4681424023.00,07-Sep-2026,64890,INE455K01017
POLYPLEX,EQ,1185,1192.8,1166.1,1180,1184.5,1191,35308,41530417.60,07-Sep-2026,2665,INE633B01018
POLYSIL,SM,73.9,73.9,71,73.85,71,70.4,143000,10564775.00,07-Sep-2026,103,INE517M01028
POLYSPIN,EQ,29.5,29.5,29.42,29.42,29.42,29.64,507,14955.94,07-Sep-2026,4,INE914G01029
POCL,EQ,478.1,479.95,464.95,467.95,470.95,477.8,236111,111581408.40,07-Sep-2026,7897,INE063E01061
PONNIERODE,EQ,381.5,396.25,381.05,386.85,385,382.45,39314,15230189.40,07-Sep-2026,2245,INE838E01017
POONAWALLA,EQ,468,468.05,456.3,459.15,457,468.45,452170,208254349.45,07-Sep-2026,18930,INE511C01022
PVSL,EQ,102,105.15,100,100.54,100,102.63,38417,3879913.35,07-Sep-2026,1878,INE772T01024
POSITRON,SM,185.7,185.7,179,183.35,183,180,11400,2082600.00,07-Sep-2026,34,INE0S3H01017
PFC,EQ,355.75,359.15,353,353.1,353.1,355.6,6560499,2327058736.75,07-Sep-2026,48691,INE134E01011
POWERGRID,EQ,266,268.8,264.25,266.45,266.45,266,7015606,1876662814.45,07-Sep-2026,70801,INE752E01010
PIGL,EQ,100.9,100.9,97.81,98.35,98.2,98.78,63190,6225468.01,07-Sep-2026,718,INE557Z01018
POWERMECH,EQ,2311,2388,2311,2359.8,2357.3,2306.1,55807,131910572.10,07-Sep-2026,9698,INE211R01019
PGINVIT,IV,101.17,104.5,101.17,102.51,102.61,101.17,1633443,167145519.15,07-Sep-2026,10259,INE0GGX23010
POWERICA,EQ,527.65,531.4,507.1,512.1,513.2,525.05,197171,102148989.80,07-Sep-2026,9371,INE921L01032
PPAP,BE,262.9,262.9,252.3,256.15,258.85,260.9,11250,2887867.00,07-Sep-2026,264,INE095I01015
PRABHA,EQ,235.1,245,231,243.39,242.5,230.6,1535655,367775268.13,07-Sep-2026,16000,INE0I0M01023
PRADPME,BE,495,495,485.05,490.75,488,491.6,3715,1815191.95,07-Sep-2026,28,INE770A01010
PRAJIND,EQ,334,344,333.6,336.55,337.5,335.55,380568,129011103.80,07-Sep-2026,10714,INE074A01025
PRAENG,EQ,24.69,25.7,24.1,24.25,24.2,24.69,114004,2801581.65,07-Sep-2026,471,INE505C01016
PRAKASH,EQ,126.68,126.68,124.31,125.08,125.4,125.63,445797,55747915.74,07-Sep-2026,2958,INE603A01013
PPL,BE,261,273.8,260.5,270.05,272,262,39747,10585268.05,07-Sep-2026,485,INE050001010
PRAKASHSTL,EQ,3.87,3.9,3.7,3.75,3.77,3.82,119894,453022.54,07-Sep-2026,318,INE696K01024
PRAMARA,SM,101.25,107.7,100,101,101,102.25,48500,4920275.00,07-Sep-2026,17,INE0O7A01017
PRAMODINI,SM,114,116,113,114.6,115.45,114.8,67200,7720560.00,07-Sep-2026,51,INE2JG601017
PRANIK,SM,48.95,48.95,44,44.4,44,47.85,12800,582160.00,07-Sep-2026,8,INE0VJG01014
DIAMONDYD,EQ,1162.2,1168.3,1130,1142.2,1133.5,1158.3,23661,27040594.10,07-Sep-2026,2290,INE393P01035
PRATHAM,SM,119,120.05,119,120.05,120.05,119,1600,191660.00,07-Sep-2026,4,INE0QA601016
PRAVEG,EQ,268.8,268.8,262.55,264.55,265.55,266.15,17250,4571443.25,07-Sep-2026,713,INE722B01019
PRAXIS,EQ,4.88,4.88,4.6,4.66,4.6,4.65,250069,1172241.02,07-Sep-2026,259,INE546Y01022
PRECAM,EQ,123.05,126,122.77,123.98,123.96,124.02,117683,14645126.32,07-Sep-2026,2674,INE484I01029
PRECISION,ST,6.5,6.8,6.5,6.8,6.8,6.5,20000,134500.00,07-Sep-2026,8,INE0HKW01018
PRECWIRE,EQ,470.3,471.3,455.4,460.95,462.5,472.8,442911,204457429.80,07-Sep-2026,17245,INE372C01037
PRECOT,EQ,705,705,688.6,693.9,694.1,698.05,2931,2042980.40,07-Sep-2026,197,INE283A01014
PREMCO,EQ,392.5,394.95,384,391.95,391.95,390.95,1109,428464.45,07-Sep-2026,41,INE001E01012
PREMIERENE,EQ,999.7,1006.6,987,990,990,1002,543434,540039230.80,07-Sep-2026,19037,INE0BS701011
PREMEXPLN,EQ,663,667.45,662.4,663.25,663.2,664,168558,111833720.35,07-Sep-2026,5103,INE863B01029
PREMIER,BE,2.74,2.75,2.65,2.74,2.74,2.75,1156,3091.98,07-Sep-2026,19,INE342A01018
PREMIERPOL,EQ,95.36,95.73,90.57,91.45,91.69,95.36,273939,25327733.10,07-Sep-2026,4169,INE309M01020
PRLIND,SM,39.8,45.65,39.75,45.55,45.6,38.05,338000,14565100.00,07-Sep-2026,208,INE0CFG01012
PREMIUM,SM,38,38,38,38,38,38,9000,342000.00,07-Sep-2026,3,INE0M1F01011
PRESSTONIC,SM,32.5,33.75,30,30.8,31,33.05,122400,3804720.00,07-Sep-2026,108,INE0R1601012
PRESTIGE,EQ,1595,1595,1550,1550,1550,1587,231985,362415416.70,07-Sep-2026,12962,INE811K01011
PRICOLLTD,EQ,767,784,765.1,779.35,778.55,764.95,303473,236159154.60,07-Sep-2026,16585,INE726V01018
PRIMECAB,ST,191,191,187.65,187.65,187.65,197.5,20800,3918640.00,07-Sep-2026,13,INE0CQA01020
PFOCUS,EQ,309,315,301,311.75,315,307,1727525,534454980.85,07-Sep-2026,32474,INE367G01038
PRIMESECU,EQ,283.05,283.4,277.5,278.9,278,284.5,21379,5976939.55,07-Sep-2026,792,INE032B01021
PRIMO,EQ,21.27,21.35,20.85,20.87,21.05,21.27,56833,1192838.76,07-Sep-2026,939,INE607A01022
PRINCEPIPE,EQ,283,291.35,283,283.95,283.95,283,142855,40961793.70,07-Sep-2026,3705,INE689W01016
PRIORITY,BE,245,245,229.43,229.92,229.43,241.5,730027,172092728.47,07-Sep-2026,7812,INE15EH01014
PRSMJOHNSN,EQ,111.99,112.96,111,112.21,112.02,111.12,279614,31294487.28,07-Sep-2026,3776,INE010A01011
PRISMX,EQ,0.55,0.56,0.53,0.54,0.54,0.55,130426,71380.82,07-Sep-2026,144,INE286N01028
PRITI,BE,33.6,33.6,33.25,33.34,33.49,33.89,2791,93132.30,07-Sep-2026,62,INE974Z01015
PRITIKAUTO,BE,16.26,16.26,15.46,15.76,15.5,16.27,555392,8655259.70,07-Sep-2026,1158,INE583R01029
PNC,EQ,16.63,17,15.72,16.35,16.7,16.72,10105,166477.03,07-Sep-2026,223,INE392B01011
PRIVISCL,EQ,3387.2,3420.7,3349,3382.6,3400,3367.3,71960,243658681.40,07-Sep-2026,8892,INE959A01019
PRIZOR,ST,1224.4,1224.4,1224.4,1224.4,1224.4,1200.4,7600,9305440.00,07-Sep-2026,11,INE0V9N01017
PGHL,EQ,5699.5,5706.5,5650,5667,5683,5660,4981,28272562.00,07-Sep-2026,1320,INE199A01012
PROPSHOP,SM,70.3,72,68.05,71.4,72,70.1,74000,5177100.00,07-Sep-2026,32,INE1FFX01018
PROSTARM,EQ,135.84,143.95,135.32,138.86,138.12,134.73,638920,89706060.38,07-Sep-2026,7854,INE0BX301013
PROTEAN,EQ,496.3,517.75,493.2,515.4,515.1,496.3,393890,199038359.90,07-Sep-2026,12840,INE004A01022
PROV,SM,1875,1875,1860,1860,1860,1910,240,447600.00,07-Sep-2026,3,INE0ONE01016
PROZONER,EQ,50.9,50.9,47.8,48.01,47.82,49.76,200743,9797726.63,07-Sep-2026,1602,INE195N01013
PRUDENT,EQ,3336.8,3400.3,3322.6,3367.7,3380,3347.6,47991,161487810.90,07-Sep-2026,8684,INE00F201020
PRUDMOULI,BE,16.5,16.99,15.51,16.88,16.95,16.25,29253,487296.98,07-Sep-2026,82,INE024D01016
PSPPROJECT,EQ,883.2,883.75,865,869.05,870.5,875.5,30351,26439995.70,07-Sep-2026,1953,INE488V01015
PFS,EQ,27,27.87,26.71,27.39,27.32,26.94,499077,13708671.71,07-Sep-2026,3367,INE560K01014
PTC,EQ,157,157,154.4,154.78,154.8,156.29,953200,148161618.02,07-Sep-2026,12957,INE877F01012
PTCIL,EQ,23770,24030,23505,23755,23740,23830,29308,698080870.00,07-Sep-2026,11261,INE596F01018
PTL,EQ,38.73,39.2,38.35,38.69,38.84,38.74,32700,1264650.16,07-Sep-2026,740,INE034D01049
PDMJEPAPER,EQ,93,108.99,93,101.43,101.99,93.22,5921103,616131963.82,07-Sep-2026,48761,INE865T01018
PSB,EQ,23.23,23.25,22.92,22.98,22.96,23.23,658224,15160036.33,07-Sep-2026,2398,INE608A01012
PUNJABCHEM,EQ,1105.7,1105.9,1090,1098.4,1100,1100.3,2526,2772932.00,07-Sep-2026,661,INE277B01014
PNB,EQ,116.41,117.17,115.55,115.6,115.6,117,11062919,1284684701.20,07-Sep-2026,35900,INE160A01022
PURVA,EQ,232,232,221.21,223.02,222.91,230.72,633537,141900466.84,07-Sep-2026,12062,INE323I01011
PERNIASPOP,EQ,535,588.9,515.85,568.55,568.5,575,8722845,4872410130.20,07-Sep-2026,184959,INE0I1B01016
PURPLEUTED,ST,418,419.7,398,404.15,400,416.2,19250,7845850.00,07-Sep-2026,71,INE0P5R01014
PURVFLEXI,SM,43.65,46.9,43.55,44.95,45.1,45.8,52000,2312000.00,07-Sep-2026,35,INE0R6C01012
PUSHPA,SM,109.95,113.95,109.95,113.95,113.9,108.95,29000,3286150.00,07-Sep-2026,23,INE154801018
PVP,EQ,70,71,64.55,65.16,64.55,67.94,2458317,165707968.28,07-Sep-2026,13536,INE362A01016
PVRINOX,EQ,1199.1,1199.1,1125.7,1156.5,1152,1227.2,3208552,3699018816.40,07-Sep-2026,127466,INE191H01014
PYRAMID,EQ,154.2,154.76,150.6,151.3,150.65,153.83,42997,6553523.06,07-Sep-2026,1101,INE0MIS01010
QLINE,SM,640,650,602,626.25,618,639.6,129600,80938520.00,07-Sep-2026,306,INE1G2W01011
QMSMEDI,BE,162.9,165,156,161.87,160.05,158.97,28479,4617544.22,07-Sep-2026,167,INE0FMW01018
QUADPRO,SM,2.6,2.6,2.6,2.6,2.6,2.5,12000,31200.00,07-Sep-2026,1,INE0GOJ01027
QUADFUTURE,EQ,417.9,432.6,414.35,415.65,415.85,417.9,432652,182354409.95,07-Sep-2026,13843,INE0LRY01011
QPOWER,EQ,1559.8,1570,1460,1482.5,1484.8,1495.3,660514,1013016508.40,07-Sep-2026,25065,INE0SII01026
QGOLDHALF,EQ,125.99,126.12,125,125.79,125.8,127.62,367265,46177036.96,07-Sep-2026,1249,INF082J01408
QNIFTY,EQ,266.2,266.2,261.6,262.18,262.4,264.15,5242,1375201.95,07-Sep-2026,193,INF082J01499
SILVER001,EQ,23.87,24.1,23.02,23.35,24.1,23.54,124610,2892919.80,07-Sep-2026,87,INF966L01EI5
QUESS,EQ,351.1,358,337.8,339.6,341,354.75,398988,137221053.10,07-Sep-2026,15920,INE615P01015
QUESTLAB,SM,84.8,84.8,81.3,82,82,85.5,24000,2016480.00,07-Sep-2026,9,INE0TNW01017
QUICKHEAL,EQ,147.1,164.43,147,153.16,152.5,140.94,833659,129873223.30,07-Sep-2026,9879,INE306L01010
QUICKTOUCH,SM,16.8,16.8,16.8,16.8,16.8,16,6500,109200.00,07-Sep-2026,11,INE0K4D01020
QUINT,EQ,40.68,41,38.22,39.3,40,40.68,7999,319159.78,07-Sep-2026,112,INE641R01017
QUINTEGRA,BE,1.22,1.27,1.15,1.15,1.15,1.21,25979,31746.59,07-Sep-2026,36,INE033B01011
QVCEL,SM,23.6,23.6,23.6,23.6,23.6,24.75,1600,37760.00,07-Sep-2026,1,INE0KZF01015
RKSWAMY,EQ,94,94.79,92.37,93.66,93.11,94.25,49297,4626877.38,07-Sep-2026,1523,INE0NQ801033
RMDRIP,BE,21.05,22,21.05,21.84,21.96,21.13,350403,7545480.16,07-Sep-2026,756,INE219Y01026
RRIL,EQ,16.66,16.8,16.45,16.54,16.69,16.66,12846,214593.57,07-Sep-2026,71,INE951M01037
RRKABEL,EQ,2430.8,2484,2353.7,2387.1,2388.7,2454.1,1299097,3115284984.80,07-Sep-2026,87548,INE777K01022
RSDFIN,BE,93.05,99.91,93.05,96.94,97,96.75,1479,138826.48,07-Sep-2026,26,INE616F01022
RSYSTEMS,EQ,260,260,250.09,250.72,251.21,256.12,115816,29356059.64,07-Sep-2026,3464,INE411H01032
RTSPOWR,EQ,93.95,93.95,88,89.68,90,88.08,2950,265006.72,07-Sep-2026,74,INE005C01017
RNBDENIMS,BE,9.76,10.69,9.76,10.49,10.35,10.27,290850,2933896.41,07-Sep-2026,721,INE012Q01039
RSSOFTWARE,EQ,30.94,30.94,29.3,29.59,29.59,30.61,29124,860617.47,07-Sep-2026,227,INE165B01029
RPPINFRA,EQ,53.97,54.99,53.39,54.28,54.79,54.14,984315,52726879.70,07-Sep-2026,728,INE324L01013
RIIT,IV,122,122,121,121.44,121.4,121.57,116168,14111274.57,07-Sep-2026,2038,INE2PB023011
RACE,EQ,100.99,102,98.31,99.92,99.99,99.3,7233,724171.40,07-Sep-2026,135,INE084Q01012
RILINFRA,SM,34.5,35.65,30.2,33.15,32,35.15,35100,1202495.00,07-Sep-2026,120,INE02OY01016
RACLGEAR,EQ,1580,1606.4,1553,1573.7,1575.5,1576.1,27158,42779050.20,07-Sep-2026,3104,INE704B01017
RADAAN,EQ,3,3.04,2.92,3,3.01,2.97,21177,63176.39,07-Sep-2026,127,INE874F01027
RADHIKAJWE,EQ,84.62,97.4,84.61,94.28,93,83.16,31907643,2957440646.06,07-Sep-2026,154074,INE583V01021
RADIANTCMS,EQ,43.27,43.45,42.05,42.72,42.64,41.78,571809,24378321.60,07-Sep-2026,3139,INE855R01021
RADICO,EQ,4470,4496,4433,4444,4444,4494,110526,493138781.60,07-Sep-2026,16190,INE944F01028
RADIOWALLA,ST,27.3,27.35,27.3,27.35,27.35,28.7,4800,131120.00,07-Sep-2026,3,INE430U01019
RPEL,EQ,1819.1,1821.5,1635.6,1681.2,1681,1807.2,312911,529558298.10,07-Sep-2026,32558,INE912T01018
RVNL,EQ,215.08,216.45,209.36,210.05,210.05,212.49,12205275,2603423517.48,07-Sep-2026,75470,INE415G01027
RAILTEL,EQ,271,274.5,268.05,270.05,270.3,271.05,399954,108336233.40,07-Sep-2026,10492,INE0DD101019
RAIN,EQ,215,216.8,210.15,211.38,210.15,215.72,2224146,474418679.81,07-Sep-2026,16667,INE855B01025
RAINBOW,EQ,1447.2,1487.6,1442,1469.9,1468.4,1447.2,115787,170726346.20,07-Sep-2026,12625,INE961O01016
ROML,EQ,42.1,43.23,42,43.01,43.02,42,4076,171866.59,07-Sep-2026,30,INE294G01026
RAJRILTD,BE,22.08,22.08,21.65,21.65,21.65,22.09,5441,118077.08,07-Sep-2026,86,INE533D01032
RAJTV,EQ,8.05,8.47,8,8.47,8.47,8.07,76436,641607.56,07-Sep-2026,259,INE952H01027
RAJPALAYAM,EQ,800,804.95,762.6,775.65,765.25,795.3,2828,2216725.50,07-Sep-2026,208,INE296E01026
ARENTERP,EQ,34.65,35,30.05,34.76,34.7,34.65,1895,63955.62,07-Sep-2026,42,INE610C01014
RAJESHEXPO,BZ,84.99,84.99,78.87,79.72,80,83.02,136629,10984724.99,07-Sep-2026,1827,INE343B01030
RCDL-RE,ST,2.4,2.9,2,2.7,2.7,2.45,144000,361500.00,07-Sep-2026,21,INE0BZQ20011
RCDL,SM,14.15,14.8,13.75,14.3,14.05,14.15,45000,643800.00,07-Sep-2026,14,INE0BZQ01011
RAJMET,EQ,3.16,3.16,3.1,3.15,3.15,3.15,316026,991869.10,07-Sep-2026,683,INE00KV01022
RAJOOENG,BE,52.98,54.16,52,54.16,54.16,51.59,496256,26603532.90,07-Sep-2026,1737,INE535F01024
RAJPUTANA,SM,217,217,205.05,205.6,205.25,219.95,32000,6680550.00,07-Sep-2026,35,INE0VHU01019
RAJINDLTD,SM,62.9,62.9,62.9,62.9,62.9,63,1500,94350.00,07-Sep-2026,1,INE0PCU01012
RSL,EQ,181.5,188.4,181.5,186.05,187.95,181.5,322525,59914724.25,07-Sep-2026,4955,INE313L01016
RAJRATAN,EQ,502,508.3,485.45,488.8,488.6,498.35,75607,37451980.30,07-Sep-2026,4098,INE451D01029
RPPL,BE,23.5,23.5,22.16,23.32,23.45,23.29,48148,1081302.20,07-Sep-2026,127,INE760W01023
RAJSREESUG,EQ,36.09,37.27,35.11,35.68,35.86,35.47,57781,2083429.88,07-Sep-2026,523,INE562B01019
RALLIS,EQ,209.1,209.84,205.36,206.15,206.2,208.82,517541,106959570.85,07-Sep-2026,11766,INE613A01020
RAMRAT,EQ,560.65,564,521.95,527.2,527.65,560.65,336077,180100832.70,07-Sep-2026,19448,INE207E01023
RAMAPHO,EQ,126,126,123,124.2,123.12,123.48,14683,1817593.37,07-Sep-2026,327,INE809A01032
RAMASTEEL,BE,4,4.1,4,4.1,4.1,4.02,1943527,7878679.44,07-Sep-2026,1630,INE230R01035
RAMCOIND,EQ,323.95,325.9,318,323.05,324.5,323.25,100157,32223142.00,07-Sep-2026,2343,INE614A01028
RAMCOSYS,EQ,604,620,600.6,604.35,609,611.2,84590,51465415.55,07-Sep-2026,3772,INE246B01019
RBS,SM,87,90,80.05,89,89,88.1,46400,4111880.00,07-Sep-2026,22,INE0RJH01010
RKFORGE,EQ,700,711,691,706.25,706,700.85,698070,490504384.35,07-Sep-2026,23233,INE399G01023
RAMKY,EQ,346.25,349.45,337.05,339.6,340.8,347.4,39929,13615130.95,07-Sep-2026,1618,INE874I01013
RANASUG,EQ,14.8,15.51,14.8,14.99,14.99,14.8,558685,8499404.99,07-Sep-2026,1183,INE625B01014
RML,EQ,1280,1410,1251.1,1388.2,1398,1295.9,976998,1333850181.60,07-Sep-2026,56481,INE050H01012
RANEHOLDIN,EQ,1651.9,1705,1651,1673,1670,1651.1,37763,63369517.40,07-Sep-2026,3671,INE384A01010
RAPIDFLEET,SM,235,235,231.05,232,232,233,13800,3215100.00,07-Sep-2026,22,INE0QX901013
RAPPID,SM,310,316,301,306.2,308,309.5,11400,3522660.00,07-Sep-2026,15,INE0MVO01012
RPTECH,EQ,824.8,869.8,824.8,853.4,854.85,823.65,412998,353806808.30,07-Sep-2026,22084,INE0J1F01024
RCF,EQ,115.02,115.4,113.52,113.92,114.01,114.92,870216,99512054.17,07-Sep-2026,9374,INE027A01015
RATEGAIN,EQ,854,861.65,843.2,856.5,859.95,851.15,226177,192973087.20,07-Sep-2026,14144,INE0CLI01024
RATNAMANI,EQ,2726,2741.1,2638.3,2658.5,2670,2727,40860,109435127.40,07-Sep-2026,7689,INE703B01027
RATNAVEER,EQ,307.4,316,303,306.45,304.85,304.75,3736782,1157547456.20,07-Sep-2026,21942,INE05CZ01011
RTNINDIA,EQ,27.78,28.8,27.5,28.14,28.24,27.82,1961722,55371313.84,07-Sep-2026,7822,INE834M01019
RTNPOWER,EQ,7.4,7.47,7.2,7.32,7.34,7.36,23370904,171726245.40,07-Sep-2026,18606,INE399K01017
RKDL,EQ,18.39,18.86,18.14,18.25,18.44,18.39,8760,161681.55,07-Sep-2026,81,INE722J01012
RVHL,EQ,40.03,41.99,39.14,40.2,40.82,39.84,13726,562450.65,07-Sep-2026,106,INE09E501017
RELTD,EQ,160.95,160.95,156.71,159.21,159.75,161.37,198563,31525173.95,07-Sep-2026,3305,INE206N01018
RAYMONDLSL,EQ,666,678.95,657.05,672.9,673,663.65,123831,83225931.65,07-Sep-2026,8581,INE02ID01020
RAYMOND,EQ,740.85,789.6,736.3,772.4,775,740.85,3293248,2551424080.40,07-Sep-2026,86429,INE301A01014
RAYMONDREL,EQ,530,558.8,530,553.7,555,529.15,510573,280385032.35,07-Sep-2026,15905,INE1SY401010
RBLBANK,EQ,416,418.25,407.85,415,415,414.35,3484526,1441286211.50,07-Sep-2026,64259,INE976G01028
RBMINFRA,SM,237,237,227.9,229.8,229.2,236.9,18400,4258000.00,07-Sep-2026,69,INE0NA301016
RBZJEWEL,EQ,198.99,199,186.18,190.71,189.99,200.69,1090155,211673876.62,07-Sep-2026,17233,INE0PEQ01016
RRECL,EQ,137,138.9,126.2,132.27,132,136.83,1004,133367.86,07-Sep-2026,38,INE0AK901016
READYMIX,SM,77.8,77.8,73.6,74.25,73.7,76,49000,3700750.00,07-Sep-2026,45,INE10QL01011
RECLTD,EQ,319,321.4,316.05,316.4,316.4,318.7,3769684,1200871923.55,07-Sep-2026,27020,INE020B01018
REDINGTON,EQ,371.05,381.6,370,378.2,378.1,371.3,5166393,1954001731.85,07-Sep-2026,77729,INE891D01026
REDTAPE,EQ,120.43,121.54,118.48,118.81,119,120.43,178625,21296294.48,07-Sep-2026,3512,INE0LXT01019
REFEX,EQ,283,284.65,276.5,277.15,277.5,282.55,192648,53710808.85,07-Sep-2026,4601,INE056I01025
REFRACTORY,SM,25,25,24.05,24.35,24.2,25.25,25000,607650.00,07-Sep-2026,21,INE0TNX01015
REGAAL,EQ,89,89.28,87.19,88.16,87.61,88.51,165613,14626807.16,07-Sep-2026,1401,INE0MHO01029
REGENCERAM,EQ,37.99,37.99,34.51,35,34.51,34.86,1964,69461.16,07-Sep-2026,83,INE277C01012
RELAXO,EQ,344.75,345,335.75,338.05,340.5,344.75,108144,36638245.50,07-Sep-2026,6558,INE131B01039
GILT5YBEES,EQ,66.33,67.31,66.07,66.31,66.36,66.33,207982,13790144.06,07-Sep-2026,832,INF204KC1030
RELIABLE,EQ,141,141.97,123.55,138.12,139,140.88,32235,4527172.18,07-Sep-2026,1436,INE375Y01018
RELCHEMQ,EQ,116.73,116.73,112.37,113.33,115.5,116.73,3050,351239.25,07-Sep-2026,118,INE750D01016
RCOM,BE,0.81,0.85,0.81,0.85,0.85,0.81,5380404,4510574.70,07-Sep-2026,2714,INE330H01018
RHFL,BZ,1.88,1.88,1.8,1.82,1.82,1.82,465042,856125.32,07-Sep-2026,1018,INE217K01011
RIIL,EQ,750,753,730,732.4,732.8,750.95,83105,61331366.55,07-Sep-2026,3636,INE046A01015
RELIANCE,EQ,1323.1,1324.2,1301.9,1309.5,1309.5,1322,10210522,13363875854.60,07-Sep-2026,231898,INE002A01018
RELINFRA,BE,57,58.16,56.99,58.16,58.16,57.02,79789,4632410.42,07-Sep-2026,537,INE036A01016
RPOWER,EQ,22.08,22.52,21.73,21.94,21.98,22.08,19788828,436630770.13,07-Sep-2026,32770,INE614G01033
IVZBANKNF,EQ,56.41,57.16,56.41,57.05,57.05,57.56,393,22365.81,07-Sep-2026,17,INF205KA1CB9
IVZSENSEX,EQ,78.1,78.59,75.93,76.28,76.28,76.56,2082,159097.59,07-Sep-2026,35,INF205KA1CA1
RELIGARE,EQ,257.08,260.5,254.01,255.45,255.95,257.08,1240789,319765436.30,07-Sep-2026,16381,INE621H01010
REMSONSIND,EQ,99.9,104.6,97.02,97.86,97.99,99.35,94298,9313075.12,07-Sep-2026,1921,INE474C01023
REMUS,SM,909,914.95,870,878.75,870,890.05,3700,3329900.00,07-Sep-2026,33,INE0O5T01011
RGL,EQ,151,157,148.11,153.1,152.99,149.26,1856449,284108784.68,07-Sep-2026,21062,INE722H01024
RNPL,SM,80,82,75.05,75.05,75.05,79,16800,1297440.00,07-Sep-2026,11,INE0VZX01015
REPCOHOME,EQ,361,361,355.3,358.75,359.85,358.75,48377,17302573.70,07-Sep-2026,1479,INE612J01015
REPRO,EQ,322.15,325.9,316.2,324.25,325.7,319.45,6875,2216915.20,07-Sep-2026,419,INE461B01014
RESPONIND,EQ,152.39,152.39,147,148.15,147.01,154.9,1222693,182241304.56,07-Sep-2026,15399,INE688D01026
RBA,EQ,97.3,98,95.61,96.41,96.55,97.15,2031006,196681445.93,07-Sep-2026,14821,INE07T201019
RVTH,EQ,735,735,717.1,717.5,717.5,734.45,4493,3234692.40,07-Sep-2026,12,INE0DAB01012
REXPRO,SM,37.75,38,37.45,37.45,37.45,39.4,9000,338250.00,07-Sep-2026,9,INE113601012
RFBL,ST,88.5,88.85,88.5,88.85,88.85,84.65,21000,1863450.00,07-Sep-2026,7,INE0V2V01015
RHETAN,EQ,26.69,26.69,26.68,26.68,26.69,25.42,8256003,220330905.03,07-Sep-2026,6174,INE0KKN01029
RHIM,EQ,371.8,375.15,369,373.8,373.3,371.35,150341,55868959.45,07-Sep-2026,4850,INE743M01012
RICHA,ST,75.05,75.05,74.1,74.4,74.1,78,3000,223250.00,07-Sep-2026,3,INE0J1P01015
RICOAUTO,EQ,130.42,135.95,129.08,135.47,135.01,130.46,2142105,286212358.46,07-Sep-2026,19248,INE209B01025
RIR,EQ,175.04,203.83,175.04,191.95,190.01,169.86,11233703,2179134191.00,07-Sep-2026,112059,INE302D01024
RISHABH,EQ,739.95,815,739.95,809.95,812,738.45,774109,614020146.60,07-Sep-2026,32815,INE0N2P01017
RITCO,EQ,302,331.15,301.45,319.8,320,301.8,574280,184203776.45,07-Sep-2026,11781,INE01EG01016
RITEZONE,SM,21.5,21.5,21.5,21.5,21.5,20.5,1600,34400.00,07-Sep-2026,1,INE0MRA01019
RITES,EQ,215.8,217.94,214.11,215.8,216,215.8,244159,52741179.05,07-Sep-2026,7918,INE320J01015
RKEC,EQ,22.1,22.1,20,20.3,20.3,21.73,87634,1803663.70,07-Sep-2026,436,INE786W01010
RMC,EQ,233.54,241.02,230,233.31,231.7,233.54,68499,16151750.40,07-Sep-2026,2677,INE655V01019
RNFI,SM,299,322,299,317.15,314.95,299.15,89400,27626550.00,07-Sep-2026,121,INE0SA001017
RHL,EQ,166.3,170,165,166.16,166,167.89,8578,1424438.59,07-Sep-2026,53,INE508K01013
ROCKPP,E1,70.3,70.4,70.3,70.4,70.4,64,5000,351900.00,07-Sep-2026,5,IN90PTR01010
ROCKINGDCE,SM,225.5,229,220,229,229,234.25,3750,834287.50,07-Sep-2026,13,INE0PTR01012
ROLEXRINGS,EQ,173,178.8,172.01,175.67,176.57,171.72,1410147,248876592.96,07-Sep-2026,17251,INE645S01024
ROLLT,BE,4.5,4.58,4.31,4.58,4.58,4.37,990134,4510000.42,07-Sep-2026,613,INE927A01040
ROSSARI,EQ,465,465,456,458.5,458.15,460.25,57155,26242981.80,07-Sep-2026,2915,INE02A801020
ROSSELLIND,EQ,57.04,57.85,56.12,56.92,56.12,56.96,43055,2448991.87,07-Sep-2026,786,INE847C01020
ROSSTECH,EQ,1156.3,1172,1139.6,1148.2,1145,1150.5,107652,123773021.60,07-Sep-2026,8150,INE0OJW01016
ROTO,EQ,65,65.36,63.16,63.59,63.89,65.03,166395,10637126.98,07-Sep-2026,2861,INE535D01037
ROUTE,EQ,500.5,522.5,497.1,512.05,511,501.55,219416,112407040.55,07-Sep-2026,7409,INE450U01017
ROXHITECH,SM,46.35,47.6,46.35,47.2,47.2,46.3,30400,1431280.00,07-Sep-2026,19,INE0PDJ01013
ROHLTD,EQ,297,305.25,297,303.9,302.15,298.55,30726,9272238.85,07-Sep-2026,1017,INE283H01019
RPGLIFE,EQ,2746,2781.1,2651,2673.4,2665,2721.6,13615,36912471.90,07-Sep-2026,2206,INE105J01010
RPSGVENT,EQ,834.65,834.65,811.1,816.5,821,831.4,22339,18365455.40,07-Sep-2026,959,INE425Y01011
RSWM,BE,220.63,226.9,212,217.69,217.4,220.63,35426,7778768.97,07-Sep-2026,441,INE611A01016
RUBFILA,EQ,69.15,72,68.5,70.96,71.7,70.69,110771,7795931.61,07-Sep-2026,466,INE642C01025
RUBICON,EQ,1760.1,1796.1,1740.5,1748.4,1751,1768.3,84252,148289283.50,07-Sep-2026,9562,INE506V01022
RUCHINFRA,EQ,5.75,5.89,5.6,5.62,5.65,5.82,195310,1112910.47,07-Sep-2026,701,INE413B01023
RUCHIRA,EQ,109,112,106,107.88,108.49,107.5,285875,31447855.92,07-Sep-2026,3808,INE803H01014
RUDRA,EQ,20.33,20.65,20.01,20.04,20.02,20.33,31696,638046.40,07-Sep-2026,118,INE027T01023
REPL,BE,62,63.13,60.43,60.99,60.75,63.19,22087,1358010.55,07-Sep-2026,80,INE364Z01019
RULKA,SM,109,109,106.25,107.55,106.25,106.25,4500,483195.00,07-Sep-2026,9,INE0R7301013
RUPA,EQ,144.35,145.31,142.21,142.92,143,144.49,71290,10216086.33,07-Sep-2026,2517,INE895B01021
RUSHIL,EQ,16.03,16.47,15.82,16.04,16.01,16.01,513661,8262449.77,07-Sep-2026,746,INE573K01025
SAB,EQ,184.41,192.6,183.5,192.6,192.6,183.5,64,11853.30,07-Sep-2026,8,INE137M01017
SATECH,SM,39.05,40.05,39,40.05,40.05,39.6,3000,118100.00,07-Sep-2026,3,INE0BSN01013
SCHAND,EQ,137.5,137.5,131.66,133.34,133.05,136.41,19360,2594631.07,07-Sep-2026,449,INE807K01035
SDREAMS,SM,84.05,84.05,83,83,83,85.15,10000,834100.00,07-Sep-2026,7,INE0X6F01017
SHK,EQ,151,151,147.1,148,147.6,150.87,262326,39016234.70,07-Sep-2026,4254,INE500L01026
SJLOGISTIC,SM,317.9,320,315.1,319.35,319.25,315.7,29000,9214387.50,07-Sep-2026,64,INE0F3301020
SVGLOBAL,EQ,160,160,147.06,151.09,151.98,163.62,21648,3343244.49,07-Sep-2026,608,INE159L01013
S&SPOWER,EQ,333.3,337.4,326,334,332,323.95,1689,558759.30,07-Sep-2026,105,INE902B01017
SPAL,EQ,1066.5,1093.8,1055.2,1065.9,1064,1071.1,29190,31180063.70,07-Sep-2026,3607,INE212I01016
SALSTEEL,EQ,81.99,84.5,79,81.8,80,81.37,670446,55550369.12,07-Sep-2026,5284,INE658G01014
SAAKSHI,ST,310.1,321,306.55,320.5,318,317.3,43200,13610910.00,07-Sep-2026,21,INE0PSK01027
SAATVIKGL,EQ,420.45,426.65,418.05,421,420.3,424.4,33301,14023941.65,07-Sep-2026,1271,INE13B501022
SACHEEROME,SM,499,552.75,499,522.55,525,485.25,78600,41186205.00,07-Sep-2026,194,INE1ARD01016
SADBHAV,EQ,8.14,8.14,8,8.02,8.06,8.15,96462,774910.56,07-Sep-2026,223,INE226H01026
SADBHIN,BE,2.51,2.62,2.51,2.58,2.56,2.55,139939,359413.26,07-Sep-2026,175,INE764L01010
SADHNANIQ,BE,2.77,2.77,2.77,2.77,2.77,2.72,1526451,4228269.27,07-Sep-2026,178,INE888C01040
SADHAV,SM,114.8,114.8,110.1,110.3,110.3,110.65,9600,1071180.00,07-Sep-2026,15,INE0K5H01010
SAFARI,EQ,1540,1554.9,1526.2,1537.8,1526.5,1540.4,25661,39610123.90,07-Sep-2026,3506,INE429E01023
SAFEENTP,SM,270,280,270,271.95,272.45,273,49000,13432500.00,07-Sep-2026,75,INE17D601016
SAGCEM,EQ,154.13,155.89,151.3,153.64,153.6,152.86,36273,5556541.53,07-Sep-2026,1174,INE229C01021
SAGARDEEP,EQ,23.85,23.85,23.6,23.64,23.61,23.62,2852,67648.09,07-Sep-2026,53,INE976T01013
SAGILITY,EQ,46.82,46.97,45.88,45.95,45.95,46.82,9292276,428966529.21,07-Sep-2026,34234,INE0W2G01015
SAHAJSOLAR,SM,99,99.75,95.5,98.5,98.9,99.95,13600,1328420.00,07-Sep-2026,34,INE0P4701011
SAHANA,SM,920.3,935,919,923.05,924.5,920.3,19950,18451042.50,07-Sep-2026,80,INE0LEX01011
SAHASRA,SM,308.9,308.9,296,298.35,299.6,307.85,40800,12262420.00,07-Sep-2026,97,INE0RBQ01018
SAHYADRI,EQ,399.8,406.9,386.2,394.55,395.5,392.15,44941,17925423.95,07-Sep-2026,2490,INE280H01015
SAICAPI,EQ,158.34,158.34,133.5,141.6,141.6,157.56,903,127443.18,07-Sep-2026,63,INE531X01018
SAILIFE,EQ,1590,1599.8,1567.4,1579.6,1589,1584.3,456700,722318984.90,07-Sep-2026,30306,INE570L01029
SAIPARENT,EQ,524,524,513.75,516.45,519.5,519.55,98724,51007941.30,07-Sep-2026,4904,INE0H9F01037
KALAMANDIR,EQ,86.49,86.93,85.6,85.93,86.1,86.49,213711,18374729.59,07-Sep-2026,2149,INE438K01021
SEKURITIND,EQ,114.56,115,114.01,114.16,114.01,114.56,27540,3149292.84,07-Sep-2026,336,INE068B01017
SAJHOTELS,ST,38,38,38,38,38,37.9,42000,1596000.00,07-Sep-2026,5,INE00MT01022
SAKAR,EQ,1021,1124,1018.95,1109.2,1119,1013.9,339553,366103160.35,07-Sep-2026,22079,INE732S01012
SAKSOFT,EQ,155.03,155.04,150.66,151.77,152.14,154.58,199363,30291665.12,07-Sep-2026,4229,INE667G01023
SAKHTISUG,EQ,19.83,20.8,19.8,19.96,20.1,19.78,333634,6719870.96,07-Sep-2026,1369,INE623A01011
SAKUMA,EQ,1.65,1.65,1.61,1.62,1.64,1.62,771720,1261079.22,07-Sep-2026,981,INE190H01024
SALASAR,EQ,5.17,5.26,5.01,5.09,5.1,5.2,6552808,33543422.48,07-Sep-2026,4875,INE170V01027
SALONA,EQ,265.4,265.4,261.5,263.45,265.4,269.95,3,792.30,07-Sep-2026,3,INE498E01010
SALZERELEC,EQ,550.05,554,546,551.1,551,549.7,28522,15704259.95,07-Sep-2026,1981,INE457F01013
SAMAY,ST,43,46.5,43,45,45,44.5,20000,903800.00,07-Sep-2026,5,INE124101010
SAMBANDAM,EQ,121,121,120.1,120.4,120.99,123.23,160,19301.41,07-Sep-2026,10,INE304D01012
SAMBHAAV,EQ,6.1,6.1,5.51,5.85,6.04,5.94,30372,176692.20,07-Sep-2026,149,INE699B01027
SAMBHV,EQ,129.6,134,127.98,133.53,133.48,128.69,2426547,320670014.13,07-Sep-2026,19022,INE12NJ01018
SAIFL,SM,4.9,4.9,4.7,4.7,4.7,4.8,288000,1369600.00,07-Sep-2026,66,INE0PZA01015
SAMHI,EQ,151,157.2,148.92,155.77,155.75,153.99,1637051,250057363.54,07-Sep-2026,34616,INE08U801020
SAMMAANCAP,EQ,159.2,159.2,154.6,155.92,155.77,158.39,4790140,748332026.65,07-Sep-2026,23104,INE148I01020
SAMPANN,EQ,24.61,25.7,24.4,24.54,24.7,25.19,29722,736104.39,07-Sep-2026,222,INE735M01018
MOTHERSON,EQ,160.5,164.65,160.12,162,162,160.7,15669796,2554176143.52,07-Sep-2026,61723,INE775A01035
SANATHAN,EQ,458.1,476.6,455,470.9,468.8,456.2,358640,168690639.60,07-Sep-2026,13555,INE0JPD01013
SANDESH,EQ,1069.9,1069.9,1038.5,1053.9,1052.5,1051.3,697,731083.00,07-Sep-2026,158,INE583B01015
SANDHAR,EQ,628.5,632.7,618.75,620.4,619.45,624,160536,100274795.30,07-Sep-2026,6216,INE278H01035
SANDUMA,EQ,200.79,200.79,194.5,195.17,194.6,197.83,547791,107048120.12,07-Sep-2026,10395,INE149K01016
SANGAMIND,EQ,579.3,579.3,572,576.3,576,578.8,5704,3281869.20,07-Sep-2026,457,INE495C01010
SANGANI,SM,56,56,56,56,56,54.6,1500,84000.00,07-Sep-2026,1,INE0OVI01010
SANGHVIMOV,EQ,436.7,443.95,434.2,438.6,441,439.2,194873,85553273.50,07-Sep-2026,7738,INE989A01032
SANGINITA,BE,60.69,60.69,60.69,60.69,60.69,59.5,84263,5113921.47,07-Sep-2026,136,INE753W01010
SANOFICONR,EQ,4210,4210,4075,4106,4086,4201.7,2789,11530374.60,07-Sep-2026,705,INE0UOS01011
SANOFI,EQ,3162.2,3162.3,3114.4,3122,3120,3158.2,9580,29999938.40,07-Sep-2026,1980,INE058A01010
SANSERA,EQ,3782.6,3921,3782.6,3896.3,3890,3782.6,134580,521731132.20,07-Sep-2026,19848,INE953O01021
SANSTAR,EQ,110.05,112.05,108.8,110.01,110.7,111.31,228597,25162354.04,07-Sep-2026,3018,INE08NE01025
SANWARIA,BZ,0.18,0.19,0.18,0.19,0.19,0.18,1083859,200835.37,07-Sep-2026,263,INE890C01046
SAPPHIRE,EQ,228.04,230,225.09,228.18,230,228.43,329020,74857337.09,07-Sep-2026,9358,INE806T01020
SARTELE,SM,89.4,92,89.1,89.85,89.65,89.4,67000,6081450.00,07-Sep-2026,110,INE0PUC01020
ZSARACOM,EQ,11859,11859,11302,11706,11700,11302,54,629172.00,07-Sep-2026,40,INE967G01019
SSDL,EQ,57.07,57.48,56.16,57.11,57.02,56.69,15015,856619.42,07-Sep-2026,531,INE0PQ101010
SARDAEN,EQ,508.8,515.4,503.7,512.5,512,508.55,336777,171667537.90,07-Sep-2026,12274,INE385C01021
SAREGAMA,EQ,492.6,502,484.05,494.3,493.7,492.75,382387,189248468.45,07-Sep-2026,16440,INE979A01025
SARLAPOLY,EQ,100.2,103,99.32,101.78,101,100.2,32414,3264483.42,07-Sep-2026,691,INE453D01025
SMLT,EQ,64.27,64.93,63.16,63.84,63.9,65.59,6659,424972.27,07-Sep-2026,203,INE017W01010
SARVESHWAR,EQ,3.55,3.69,3.4,3.67,3.69,3.36,5003962,17913787.62,07-Sep-2026,3722,INE324X01026
SASKEN,EQ,1910,1930,1810,1826.6,1836,1881.3,26468,49001956.30,07-Sep-2026,5906,INE231F01020
SATKARTAR,SM,118,118.15,116.05,116.05,116.05,116.7,15200,1780680.00,07-Sep-2026,13,INE0NB801022
SSEGL,SM,408.75,408.75,390.05,399.85,402,400.6,39600,15708050.00,07-Sep-2026,147,INE0RFP01011
SATIA,EQ,63.01,70.5,63.01,68.19,68.02,63.36,793900,54246532.87,07-Sep-2026,5528,INE170E01023
SATIN,EQ,220.75,221.45,216.2,216.94,216.32,220.75,242756,52995688.03,07-Sep-2026,4500,INE836B01017
SATTVAENGG,SM,64.95,64.95,62.05,62.35,62.35,61.5,24000,1514720.00,07-Sep-2026,14,INE14DW01018
SAURASHCEM,EQ,58,58.02,55.5,55.8,55.7,57.61,110734,6253723.40,07-Sep-2026,1467,INE626A01014
SOTL,EQ,824.05,850.1,698.7,705.75,712,740.75,2433195,1829627001.50,07-Sep-2026,77958,INE035D01020
SAVY,SM,140,147,140,144.7,144.95,136.15,199200,28990680.00,07-Sep-2026,28,INE0UCN01017
SAWALIYA,SM,160,172.95,160,169,172.95,159.95,30600,5156760.00,07-Sep-2026,25,INE10VS01016
SAYAJIHOTL,EQ,333.85,333.85,323,323,323,319.35,4,1324.45,07-Sep-2026,4,INE318C01014
SAYAJIIND,EQ,116.51,116.51,116.5,116.5,116.5,116.11,117,13631.50,07-Sep-2026,6,INE327G01032
SBC,EQ,46,47.8,45.71,46.87,46.91,45.76,9874017,465164432.61,07-Sep-2026,13106,INE04AK01028
SBFC,EQ,99.7,99.8,97.5,98.48,98.61,100.08,647488,63729092.10,07-Sep-2026,7895,INE423Y01016
SBICARD,EQ,653.1,674.65,648.75,674.65,674.65,658.25,2781077,1842826012.65,07-Sep-2026,58763,INE018E01016
SBIFUNDS,EQ,561,561.3,555.05,557.8,557,562.1,891727,496801042.50,07-Sep-2026,26050,INE640G01020
SBILIFE,EQ,1775,1775,1727.8,1732,1732,1775,1155352,2017581431.50,07-Sep-2026,52613,INE123W01016
SETFGOLD,EQ,129.94,129.94,128.64,129.56,129.45,131.22,7528668,974417382.24,07-Sep-2026,18417,INF200KA16D8
SETFNIF50,EQ,258.7,258.7,255.5,256.36,256.75,258.08,1045454,268229726.78,07-Sep-2026,7481,INF200KA1FS1
SETFNIFBK,EQ,590.86,590.86,586.01,587.34,586.01,590.86,56526,33195110.44,07-Sep-2026,1057,INF200KA1580
SETFNN50,EQ,788.2,794.9,776.81,780.05,778.55,785.05,35829,27967922.19,07-Sep-2026,2200,INF200KA1598
LIQUIDSBI,EQ,1000,1000,999.99,999.99,999.99,1000,591,590997.93,07-Sep-2026,24,INF200KA13Z8
SBIBPB,EQ,50.04,50.04,48.83,49.08,49.15,49.56,69439,3407683.36,07-Sep-2026,558,INF200KB1712
SBIETFCON,EQ,119.89,120.97,119.26,119.35,119.65,119.89,3094,370600.27,07-Sep-2026,144,INF200KA1X17
SBIETFIT,EQ,341.95,341.95,331.52,333.91,334.2,340.64,164912,54722211.23,07-Sep-2026,434,INF200KA1S14
SBIETFPB,EQ,283.57,285,282.98,283.54,283.26,283.57,2369,671918.48,07-Sep-2026,98,INF200KA1S22
SBIETFQLTY,EQ,221.86,221.86,219,219.42,219.91,221.86,4699,1031714.73,07-Sep-2026,126,INF200KA1WX6
SBILIQETF,EQ,1054.92,1054.92,1054.9,1054.91,1054.92,1054.81,176911,186625285.05,07-Sep-2026,72,INF200KB1969
SBIMIDMOM,EQ,64.09,64.09,63.5,63.53,63.5,63.73,12720,809157.71,07-Sep-2026,161,INF200KB1AJ0
SBINEQWETF,EQ,33.26,33.26,32.9,32.93,32.91,33.26,28815,950420.09,07-Sep-2026,370,INF200KB1282
SBINMID150,EQ,23.26,23.41,23.08,23.15,23.3,23.3,22338,518050.60,07-Sep-2026,174,INF200KB1AK8
SBISILVER,EQ,227,227,224,225.27,225.5,228.31,519370,116798517.03,07-Sep-2026,7009,INF200KB1217
SBISMLETF,EQ,18.55,18.8,18.31,18.5,18.57,18.55,59139,1097851.29,07-Sep-2026,386,INF200KB1AY9
SBIVALETF,EQ,14.82,14.82,14.6,14.6,14.63,14.75,8194,119854.78,07-Sep-2026,85,INF200KB1AX1
SETF10GILT,EQ,264.5,264.5,262.39,263.32,263.35,263.1,28655,7544785.78,07-Sep-2026,66,INF200KA1JT1
SCANSTL,BE,59,60.8,57.3,59.85,60.5,59.22,32163,1900047.65,07-Sep-2026,143,INE099G01011
SCHAEFFLER,EQ,3956.4,4025.5,3900,3999.6,3994.6,3956.4,31084,122915858.30,07-Sep-2026,6988,INE513A01022
SCHNEIDER,EQ,1224.2,1228.8,1190,1193.6,1198,1232.4,134222,161788146.20,07-Sep-2026,12881,INE839M01018
SCL01825,N6,1086.84,1086.84,1051.2,1063.6,1063.6,1065.3,66,71404.80,07-Sep-2026,5,INE148I07XX3
1025SCL35A,N1,995,1020,995,1020,1020,1085.65,59,58930.00,07-Sep-2026,2,INE148I07VZ2
888SCL28,NA,989,989,989,989,989,1000,501,495489.00,07-Sep-2026,1,INE148I07XK0
925SCL27B,N1,1001,1025.37,1001,1025.37,1025.37,1001,15,15136.85,07-Sep-2026,2,INE148I07WH8
995SCL2035,NM,1027.35,1027.35,1027.35,1027.35,1027.35,1008.64,405,416076.75,07-Sep-2026,3,INE148I07XY1
SCODATUBES,EQ,135.98,136.5,129.3,130.33,131.4,135.02,204606,26910638.28,07-Sep-2026,2413,INE090501011
792BR51,SG,102.55,102.55,102.55,102.55,102.55,102.55,200,20510.00,07-Sep-2026,1,IN1320260012
729CG30,SG,96.67,96.67,96.67,96.67,96.67,100,100,9667.00,07-Sep-2026,1,IN3520230019
743GJ27,SG,100.05,100.05,100.05,100.05,100.05,100.86,100,10005.00,07-Sep-2026,1,IN1520230161
777HP49,SG,97.2,97.2,97.2,97.2,97.2,97.2,200,19440.00,07-Sep-2026,2,IN1720260034
698HR31,SG,95.55,95.55,95.55,95.55,95.55,95.55,100,9555.00,07-Sep-2026,1,IN1620210089
799HR44,SG,101,101,101,101,101,100,1000,101000.00,07-Sep-2026,1,IN1620250465
764JK50,SG,95.1,95.1,95.1,95.1,95.1,97.04,100,9510.00,07-Sep-2026,1,IN4920230179
804KL46,SG,101,101,101,101,101,100,1000,101000.00,07-Sep-2026,2,IN2020250345
755MH34,SG,100,100,100,100,100,95.36,400,40000.00,07-Sep-2026,2,IN2220260045
791MH39,SG,102.1,102.1,102.1,102.1,102.1,101,100,10210.00,07-Sep-2026,1,IN2220260029
807MH49,SG,103,103,101,101,101,98.5,2000,202400.00,07-Sep-2026,13,IN2220260037
663ML31,SG,95.55,95.55,95.55,95.55,95.55,91,100,9555.00,07-Sep-2026,1,IN2420200106
729PN33,SG,97.7,97.7,97.7,97.7,97.7,95,6200,605740.00,07-Sep-2026,1,IN2820250131
748PN31,SG,95.96,95.96,95.96,95.96,95.96,98,100,9596.00,07-Sep-2026,1,IN2820250156
779PN38,SG,98,98,98,98,98,98,100,9800.00,07-Sep-2026,1,IN2820230232
797RJ43,SG,101,101,101,101,101,100,600,60600.00,07-Sep-2026,1,IN2920260014
749TN36,SG,95,97.5,95,97.5,97.5,100,1900,182550.00,07-Sep-2026,3,IN3120260093
763TN56,SG,95.5,95.5,95.5,95.5,95.5,100,300,28650.00,07-Sep-2026,2,IN3120250789
782TN32,SG,97.69,97.69,97.69,97.69,97.69,98,100,9769.00,07-Sep-2026,1,IN3120220188
746TS49,SG,97.46,97.46,97.46,97.46,97.46,97.75,300,29238.00,07-Sep-2026,1,IN4520220174
764TS44A,SG,95,95,95,95,95,100,200,19000.00,07-Sep-2026,1,IN4520260071
797TS43,SG,100.1,100.1,100.1,100.1,100.1,96.43,700,70070.00,07-Sep-2026,6,IN4520260014
735UP39,SG,95,95,95,95,95,100,700,66500.00,07-Sep-2026,1,IN3320250076
749UP34A,SG,96.5,96.5,96.5,96.5,96.5,96.5,100,9650.00,07-Sep-2026,1,IN3320230250
772UP36A,SG,99,99,99,99,99,100,100,9900.00,07-Sep-2026,1,IN3320260026
772UP44,SG,99.65,99.65,99.65,99.65,99.65,95,1000,99650.00,07-Sep-2026,1,IN3320250258
SEAMECLTD,EQ,1795,1828.9,1753.6,1779.9,1775.5,1793.6,57558,102960655.80,07-Sep-2026,5515,INE497B01018
IIFLZC26,NN,1495,1495,1495,1495,1495,1495,60,89700.00,07-Sep-2026,3,INE530B07187
10CAGL27,N5,1021.8,1022,1021.8,1022,1022,1015.21,27,27592.00,07-Sep-2026,2,INE741K07496
1003ISFL28,N4,1012.2,1012.2,1012,1012,1012,1019.44,546,552570.00,07-Sep-2026,11,INE413U07269
1003SCL30A,NV,786,789,720.71,755.53,720.71,788,96,72531.55,07-Sep-2026,11,INE148I07QX7
1025SCL34,Z8,1035,1035,1032,1032,1032,1040,26,26871.00,07-Sep-2026,2,INE148I07SQ7
1025SCL34A,ZT,1010,1010,1010,1010,1010,1010,4,4040.00,07-Sep-2026,1,INE148I07TN2
888SCL25E,N4,927,927,925,925,925,915.2,86,79622.00,07-Sep-2026,5,INE148I07PV3
965SCL25F,NZ,840,840,750.4,801.3,801.3,840,108,87475.20,07-Sep-2026,6,INE148I07RB1
1040UCL27B,N1,1000,1000,1000,1000,1000,1006.11,158,158000.00,07-Sep-2026,3,INE583D07513
1065NFL27,NC,1008,1008,1004.03,1004.03,1004.03,1011,24,24100.69,07-Sep-2026,2,INE342T07460
1075SCL33A,N2,890.1,890.1,870.1,890.1,890.1,906.67,65,57756.50,07-Sep-2026,4,INE148I07PT7
1075SCL34,ZR,1040,1040,1040,1040,1040,1060,20,20800.00,07-Sep-2026,2,INE148I07TP7
1119NFL27,ND,1054.8,1054.8,1054.8,1054.8,1054.8,1054.8,81,85438.80,07-Sep-2026,2,INE342T07445
79NHIT35,N1,308.05,311.75,308.05,311.2,311.2,311.25,16,4967.15,07-Sep-2026,4,INE0H7R07017
79NHIT40,N2,316,316,312.5,315.99,315.99,312,155,48479.97,07-Sep-2026,7,INE0H7R07025
79NHIT47,N3,421.8,421.8,413,416.55,416.55,418,87,36417.00,07-Sep-2026,6,INE0H7R07033
820IIFL27,N9,990,990,990,990,990,990,1,990.00,07-Sep-2026,1,INE477L07AN9
842IIFL26,NL,997.1,1000,996.8,998.47,997.25,998,176,175675.65,07-Sep-2026,10,INE530B07161
865IHFL27,N1,980,990,980,990,990,989,890,875100.00,07-Sep-2026,3,INE477L07BB2
865IIFL28,NS,991,993,991,991.01,991,991,2522,2499348.00,07-Sep-2026,16,INE530B07310
889SCFL27,YC,998,998,998,998,998,991.2,3,2994.00,07-Sep-2026,1,INE148I07LE8
975SCL28,NT,1000,1000,1000,1000,1000,997,100,100000.00,07-Sep-2026,2,INE148I07KP6
89IHFL29,N1,980,980,980,980,980,980,100,98000.00,07-Sep-2026,3,INE477L07BG1
9PFL31A,NA,1038,1038,1038,1038,1038,1038,60,62280.00,07-Sep-2026,2,INE516Y07428
9IIFL28,Y0,1044,1044,1044,1044,1044,993.7,10,10440.00,07-Sep-2026,1,INE530B07377
91MOFSL27,N2,1017.9,1017.9,1015,1015,1015,1017.21,25,25380.80,07-Sep-2026,3,INE338I07149
925IHFL31,N1,950,950,950,950,950,1003.01,100,95000.00,07-Sep-2026,1,INE477L07BE6
925SCL29A,ZM,970,990,970,990,990,950,1518,1493820.00,07-Sep-2026,7,INE148I07TQ5
935MOFSL29,N5,1051,1051,1051,1051,1051,1049,72,75672.00,07-Sep-2026,4,INE338I07107
948SCL26A,NN,350,350,335,335,335,325.55,62,21625.00,07-Sep-2026,2,INE148I07QK4
956AEL29,N6,1050,1050,1050,1050,1050,1030,5,5250.00,07-Sep-2026,1,INE423A07336
957ISFL26,N2,1000,1000,1000,1000,1000,1001.25,100,100000.00,07-Sep-2026,2,INE413U07236
965AEL27,N4,1013,1013,1012.8,1012.8,1012.8,1012,57,57736.25,07-Sep-2026,5,INE423A07328
970CAGL28,ND,1021,1021,1010,1011.72,1017.99,1021,851,860980.64,07-Sep-2026,38,INE741K07579
97MOFSL34,N7,1112.01,1112.01,1111.25,1111.63,1111.25,1110,50,55581.50,07-Sep-2026,2,INE338I07123
985SFIL28,NO,400.01,410,400.01,410,410,375.25,65,26450.20,07-Sep-2026,3,INE244L07416
99AEL29,N7,1035.1,1059.89,1035.1,1059.89,1059.89,1055,201,208079.89,07-Sep-2026,21,INE423A07344
CIFCZC26,NF,1249,1249,1249,1249,1249,1249,19,23731.00,07-Sep-2026,1,INE121A07RK6
CIF29,NO,1179,1179,1179,1179,1179,1175,9,10611.00,07-Sep-2026,3,INE121A07RU5
AEL120924A,N5,1200,1200,1192,1192,1192,1200,51,60800.00,07-Sep-2026,3,INE423A07377
SCLZC26G,YA,1285.15,1285.15,1285.15,1285.15,1285.15,1279.92,15,19277.25,07-Sep-2026,1,INE148I07RL0
CIFCZC28A,N5,1305,1305,1305,1305,1305,1305,19,24795.00,07-Sep-2026,1,INE121A07QX1
IMC1,N2,240,252,240,252,252,254.5,165,41556.00,07-Sep-2026,2,INE00QS24027
IMC1,N3,250,250,250,250,250,251,2,500.00,07-Sep-2026,1,INE00QS24035
1015ECL29,NR,1017.7,1019.9,1017.7,1018,1018,1017,214,218013.33,07-Sep-2026,14,INE804IA7014
1060ECL29,NS,1061.6,1075,1061.6,1075,1075,1069.5,270,287771.00,07-Sep-2026,4,INE804IA7022
81TCHF28,N8,1014.4,1014.4,1005,1010.87,1005,1014.4,151,152712.90,07-Sep-2026,7,INE033L07GS6
865SCL26,N8,995.04,1001,993,1001,1001,1001,530,528692.14,07-Sep-2026,12,INE148I07GJ7
885SCL26,N9,1080,1080,1077.01,1077.01,1077.01,1077,200,215709.13,07-Sep-2026,4,INE148I07GK5
9SCL26BA,NA,1084,1084,1080.01,1081.65,1081.66,1083.25,165,178483.26,07-Sep-2026,6,INE148I07GL3
903SFL28,YI,1034,1034,1025.01,1025.01,1025.01,1036,149,153985.09,07-Sep-2026,3,INE721A07NU1
930SFL28,YP,1049.9,1049.9,1049.9,1049.9,1049.9,1040,152,159584.80,07-Sep-2026,4,INE721A07OC7
957ICCL25,YW,1042,1045,1042,1042,1042,1042,106,110464.00,07-Sep-2026,3,INE721A07ON4
94SFL28,YL,1048,1048,1038,1038,1038,1048,100,103912.00,07-Sep-2026,4,INE721A07NX5
943ECL28,NJ,1005,1005,1004.99,1005,1005,1003,110,110549.44,07-Sep-2026,3,INE804I078Y8
97SFL28,YS,1100,1100,1100,1100,1100,1100,200,220000.00,07-Sep-2026,2,INE721A07OF0
985ECL28,NK,1003.99,1009,1003,1003.5,1003.5,1003.99,432,433595.71,07-Sep-2026,34,INE804I079Y6
SCLZC26,NB,2361,2361,2361,2361,2361,2351,1,2361.00,07-Sep-2026,1,INE148I07GN9
SECMARK,EQ,143,146,135.25,143.24,136.5,144.4,3254,466633.86,07-Sep-2026,80,INE0BTM01013
SECURKLOUD,EQ,17.05,17.5,16.6,17.12,17.1,17.01,9354,159104.23,07-Sep-2026,162,INE650K01021
SEDEMAC,EQ,2798,2890,2794.8,2876.2,2878.3,2814.4,68747,195746707.40,07-Sep-2026,10843,INE00XB01019
SEJALLTD,EQ,661.85,679.3,652.8,666.05,660,657.5,5532,3681563.25,07-Sep-2026,643,INE955I01044
SELMC,EQ,27.48,28.5,26.51,26.83,26.62,27.5,12229,331999.56,07-Sep-2026,145,INE105I01020
SEMAC,EQ,280,290,280,282,282,277.25,794,225298.15,07-Sep-2026,44,INE617A01013
SENCO,EQ,357.4,368.75,356.6,365.1,365,358.65,1718666,627022517.35,07-Sep-2026,42955,INE602W01027
SENORES,EQ,1428.4,1512,1410.4,1497.5,1510,1428.4,404434,596802850.40,07-Sep-2026,26666,INE0RB801010
SEPC,EQ,5.36,5.45,5.33,5.41,5.41,5.38,5271492,28474570.27,07-Sep-2026,3778,INE964H01014
865LTF26,NN,1064,1064,1064,1064,1064,1065,1,1064.00,07-Sep-2026,1,INE027E07BC8
898LTF29,N7,1072,1072,1070,1070,1070,1072,152,162742.10,07-Sep-2026,11,INE027E07998
865TCAPS27,N8,1034.27,1034.27,1011,1013.9,1013.9,1009.05,22,22268.17,07-Sep-2026,4,INE306N07LM5
96SFIL24A,NB,966,986,966,984.03,984,992,123,119941.00,07-Sep-2026,4,INE244L07168
SERVICE,SM,67.05,70,67.05,70,70,69.45,26000,1799900.00,07-Sep-2026,12,INE0P1Q01015
SERVOTECH,EQ,78.2,80.48,78.2,79.03,79.5,79.62,312588,24826271.89,07-Sep-2026,3877,INE782X01033
STYL,EQ,385,387.5,378.2,380.2,381.05,383.5,58586,22326790.30,07-Sep-2026,2156,INE04VU01023
SESHAPAPER,EQ,232,248.79,232,242.37,242.65,233.09,250778,60732282.22,07-Sep-2026,3680,INE630A01024
SETCO,BE,17.79,17.89,17.01,17.53,17.7,17.45,38839,683527.90,07-Sep-2026,174,INE878E01021
SETUINFRA,BZ,0.58,0.59,0.58,0.59,0.59,0.57,22994,13565.41,07-Sep-2026,26,INE023M01027
SEYAIND,BE,12.25,12.48,12.02,12.41,12.1,12.25,7414,91344.15,07-Sep-2026,39,INE573R01012
SGFIN,EQ,675.7,691.85,675.7,677.6,677,675.7,118788,81236680.35,07-Sep-2026,5364,INE618R01015
SGMART,EQ,828.7,847.5,805.4,810.4,813,824.75,166232,137243846.05,07-Sep-2026,12971,INE385F01024
SGLRES,EQ,2.47,2.53,2.32,2.5,2.53,2.41,42931,106057.26,07-Sep-2026,110,INE967B01028
SHADOWFAX,EQ,260.95,260.95,248.05,250.2,250.1,259.55,2178213,548526032.70,07-Sep-2026,27832,INE12UN01015
SHAHALLOYS,BE,100.5,104.25,96.43,102.63,101.5,101.5,57275,5721515.84,07-Sep-2026,308,INE640C01011
SHAH,EQ,3.51,3.6,3.44,3.46,3.44,3.51,1158873,4041480.77,07-Sep-2026,1043,INE482J01021
SHAILY,EQ,3262.6,3394,3252.6,3348.7,3340,3278.3,174319,584646990.70,07-Sep-2026,25686,INE151G01028
SHAKTIPUMP,EQ,471.2,475,465,466.95,467.45,473,332018,155597504.05,07-Sep-2026,15821,INE908D01010
SHALBY,EQ,152.51,153.99,151,151.24,151,152.71,31659,4817731.15,07-Sep-2026,814,INE597J01018
SAHLIBHFI,EQ,90.2,90.2,85.5,86.54,87,89.52,24595,2151313.38,07-Sep-2026,662,INE861D01011
SHALPAINTS,BE,83,85.94,82,83.9,84,85.47,336078,28032878.07,07-Sep-2026,661,INE849C01026
SRD,EQ,39.98,40.09,38.75,39.01,39.39,39.33,25361,1001348.10,07-Sep-2026,217,INE01NE01012
SHANKARA,EQ,149,150,147,148.26,148.12,148.18,135828,20126937.73,07-Sep-2026,813,INE274V01019
BUILDPRO,EQ,1300,1320,1255,1271.4,1263.8,1298.2,119206,153560101.00,07-Sep-2026,6164,INE24OJ01011
SHANKESH,EQ,100.09,106.85,99.8,102.37,102.45,98.92,10083730,1048867031.30,07-Sep-2026,53885,INE1WFC01025
SHANTIGEAR,EQ,620,652,606,640,637,621.75,433775,276358773.80,07-Sep-2026,17019,INE631A01022
SEIL,EQ,201,201.32,196.9,200.17,200,200.76,294366,58613217.56,07-Sep-2026,2317,INE440T01028
SHANTIGOLD,EQ,261.48,277,260.41,270.72,270.2,256.34,4067799,1098667953.20,07-Sep-2026,45429,INE06ZD01017
SHANTIINOR,ST,157.7,165.55,150,165.55,165.55,83,3441600,545683040.00,07-Sep-2026,1356,INE1ZEE01019
SHANTI,EQ,6.13,6.6,6,6.5,6.6,6.25,136721,869368.30,07-Sep-2026,227,INE933X01016
SHINDL,EQ,162.32,167.9,159.46,162.77,162,162.42,176047,28392623.58,07-Sep-2026,869,INE220Z01013
SHARDACROP,EQ,772.1,776.95,765,767.45,768,768.35,63229,48719352.45,07-Sep-2026,5306,INE221J01015
SHARDAMOTR,EQ,885.5,898.85,880.2,890.05,889.1,881.95,41347,36799985.35,07-Sep-2026,4770,INE597I01028
SHARDUL,BE,54.9,54.9,53.55,54.06,54.58,54.49,4677,253014.13,07-Sep-2026,44,INE037B01020
SHAREINDIA,EQ,170.5,174.98,170.5,171.86,171.95,170.5,325602,56160952.39,07-Sep-2026,2586,INE932X01026
SCML,SM,81,81,80.55,80.65,80.6,81,19000,1536550.00,07-Sep-2026,8,INE460Q01014
SHEEL,ST,59.45,61.6,58.85,61.6,61.6,61.6,12000,719500.00,07-Sep-2026,6,INE0YJV01017
SFL,EQ,647,652.05,637.5,642.7,643.05,646.8,69226,44578057.35,07-Sep-2026,8665,INE916U01025
SCPL,BE,646.3,675,645.3,655.05,663,646.45,24090,15933628.20,07-Sep-2026,297,INE501Y01019
SHEETAL,SM,340,340,340,340,340,348.1,500,170000.00,07-Sep-2026,1,INE04VX01019
SHEKHAWATI,BE,15.52,16.29,14.85,16.01,15.84,15.52,23177,364599.62,07-Sep-2026,108,INE268L01046
SHEMAROO,BE,123.5,128.35,123.5,124.69,124.1,126.61,6269,788956.37,07-Sep-2026,53,INE363M01019
SHERA,SM,188,188,180,181.1,180,182.3,31000,5687000.00,07-Sep-2026,31,INE0MM001019
SHERVANI,EQ,316,316,305.05,305.15,305.15,315.1,349,106765.30,07-Sep-2026,9,INE011D01013
SHIGAN,SM,69,69,69,69,69,71.1,1500,103500.00,07-Sep-2026,1,INE03KJ01013
SHILCTECH,EQ,4085.6,4217,4020.4,4187,4190,4065.3,30568,126458696.10,07-Sep-2026,6103,INE024F01011
SHILGRAVQ,EQ,148,152.95,147.5,150.25,150.25,144.8,1004,151142.74,07-Sep-2026,31,INE960A01017
SHILPAMED,EQ,974,980.1,923,939.5,942,964.15,1088314,1025461986.95,07-Sep-2026,41302,INE790G01031
SCILAL,EQ,39.8,39.85,39.1,39.27,39.2,39.77,172331,6799132.17,07-Sep-2026,1513,INE0PB301013
SCI,EQ,295.35,298.25,292.6,293.75,293.65,295.35,1033416,304762354.80,07-Sep-2026,20050,INE109A01011
SHIPROCKET,EQ,135.92,141.9,132.52,135.21,134.5,135.92,9262559,1272237375.69,07-Sep-2026,48150,INE0FOO01011
SHIVAUM,EQ,455,459.4,450.5,453.7,453.95,448.05,2794,1262022.00,07-Sep-2026,40,INE719F01016
SHIVACEM,EQ,16.47,16.5,15.56,16.07,16.18,15.97,58521,938730.73,07-Sep-2026,191,INE555C01029
SHIVAAGRO,EQ,43.44,45,38,41.41,43,41.39,24597,1010424.55,07-Sep-2026,266,INE960E01019
SHIVAMILLS,EQ,60.9,62.98,59.51,60.99,61,60.5,2663,161093.55,07-Sep-2026,45,INE644Y01017
SHIVATEX,EQ,182.85,185,177.26,179.46,179.06,182.86,5838,1055356.82,07-Sep-2026,115,INE705C01020
SPCL,SM,61.55,65,61.55,63.65,63.95,62.6,24600,1563570.00,07-Sep-2026,38,INE0T7B01010
SBCL,EQ,1121,1138.4,1077,1092.1,1097.5,1121.1,314685,349202345.50,07-Sep-2026,18869,INE386D01027
SHIVALIK,EQ,332,344,312,316.85,315.2,327.4,129342,42556519.25,07-Sep-2026,5350,INE788J01021
SHIVAMAUTO,EQ,18.01,18.01,17.28,17.33,17.3,18.01,29199,512433.55,07-Sep-2026,179,INE637H01024
SHIVASHRIT,SM,119.95,119.95,116.75,116.75,116.75,120,21000,2510400.00,07-Sep-2026,4,INE1DLF01018
SHOPERSTOP,EQ,383.65,383.7,371.85,376.3,377.7,381.75,18095,6820212.40,07-Sep-2026,1777,INE498B01024
SHRADDHA,EQ,161.5,161.5,151.05,154.92,157.5,156.48,3018,467396.38,07-Sep-2026,95,INE311M01018
SHRADHA,EQ,31.48,32.11,31.02,31.47,31.25,31.48,12901,406163.06,07-Sep-2026,95,INE715Y01031
SHREEPUSHK,EQ,480.4,535.4,478,514.9,520,475.25,399174,199796149.50,07-Sep-2026,14229,INE712K01011
SAPPL,EQ,272.1,303.3,272.1,276.6,273,281.85,2393,675513.15,07-Sep-2026,124,INE185C01017
SHREECEM,EQ,23855,23920,23365,23365,23365,23855,17715,416663010.00,07-Sep-2026,8816,INE070A01015
SHREDIGCEM,EQ,73,74.44,71.2,72.04,72.34,74.44,89317,6475512.18,07-Sep-2026,1343,INE232A01011
SGRL,EQ,700,717,698.35,714.2,713.95,708.55,9913,7052591.65,07-Sep-2026,552,INE414Y01015
SHREEKARNI,SM,380.5,388,380.5,385.5,385.5,380.2,1800,692842.50,07-Sep-2026,9,INE0S4Y01010
SHREEOSFM,SM,56,56.7,56,56.7,56.7,56.5,2000,112700.00,07-Sep-2026,2,INE02S501018
SRTL,EQ,37.7,38.36,36.81,37.98,38,37.71,36439,1374129.18,07-Sep-2026,542,INE19GK01015
SHREERAMA,EQ,45.17,45.17,43.11,43.84,44,44.12,42678,1865671.47,07-Sep-2026,1089,INE879A01019
RAMANEWS,EQ,31.43,32.95,31.15,32.64,32.89,31.75,35616,1156641.19,07-Sep-2026,261,INE278B01020
RENUKA,EQ,24.1,25.57,24.1,25.15,25.12,24.04,34693464,873284919.70,07-Sep-2026,47545,INE087H01022
BALAJEE,EQ,26.66,26.66,25.65,25.73,25.99,26.16,12936,334842.72,07-Sep-2026,174,INE0S2G01011
SVLL,BE,801,830,799.25,800,800,799.25,629,505410.90,07-Sep-2026,23,INE00CE01017
SHREEDHAR,ST,113.05,114.95,112,114.95,114.95,114.3,22000,2478900.00,07-Sep-2026,6,INE0K3301012
SHETHJI,SM,197.6,208.5,197.1,205.1,208.5,195.95,56000,11284850.00,07-Sep-2026,40,INE1FL101016
SHREEJISPG,EQ,690,704.25,676.9,699.8,700,680.15,1404657,966574101.55,07-Sep-2026,21615,INE1B6101010
OSWALSEEDS,EQ,11.51,12.59,11.51,12.06,12.22,11.72,77347,928054.39,07-Sep-2026,236,INE00IK01029
SHREMINVIT,IV,100.5,100.5,100.5,100.5,100.5,100.5,425000,42712500.00,07-Sep-2026,1,INE0GTI23014
SHRENIK,BZ,0.3,0.3,0.29,0.29,0.3,0.29,358365,105705.37,07-Sep-2026,185,INE632X01030
SHREYANIND,EQ,130,138.5,129.3,134.2,135.19,128.93,24013,3237057.75,07-Sep-2026,387,INE231C01019
SHRIAHIMSA,ST,480,480,463,471.25,474,485.5,15000,7103250.00,07-Sep-2026,19,INE0DM401012
SHBAJRG,EQ,160,163.2,158.3,161.97,161.99,160.67,962,154778.05,07-Sep-2026,51,INE402H01015
SHKSIL,SM,34,35,34,35,35,34,22000,760000.00,07-Sep-2026,7,INE0NON01025
SHRJAGP,EQ,621,660,620.55,644.1,641,625.65,1328,840435.25,07-Sep-2026,72,INE564J01026
SHRIKANHA,SM,21,21.85,21,21.85,21.85,20.85,62400,1357680.00,07-Sep-2026,16,INE1V4601019
SHRIKRISH,EQ,37.5,40.48,37.5,39.22,38.7,39.79,748,28621.17,07-Sep-2026,17,INE997I01012
SHRITECH,SM,59.3,60.3,59.3,60.3,60.3,59.55,4000,239200.00,07-Sep-2026,2,INE0OMF01015
VASUPRADA,EQ,111.38,111.38,107.63,108,108,107.1,179,19400.25,07-Sep-2026,7,INE574G01013
SHRINGARMS,EQ,218,225,216.1,218.59,217.69,217.91,658203,145988336.34,07-Sep-2026,7043,INE1B3L01017
LIQUIDSHRI,EQ,1120.42,1120.42,1120.4,1120.4,1120.4,1120.33,15393,17246337.41,07-Sep-2026,24,INF680P01422
SHRIRAMFIN,EQ,1045,1046.1,1029.3,1037,1037,1041,1812019,1876141441.40,07-Sep-2026,117266,INE721A01047
SHRIRAMPPS,EQ,77.75,78,75.31,75.5,75.55,76.9,384585,29379164.99,07-Sep-2026,3958,INE217L01019
SHUBHSHREE,SM,336,355,335,355,355,349.95,3900,1339890.00,07-Sep-2026,13,INE0UL701015
SHUKRAPHAR,EQ,51.93,53.59,51.93,53.07,53.14,51.93,1887833,99905413.20,07-Sep-2026,7414,INE551C01044
SHYAMCENT,BE,5.24,5.24,4.89,4.97,4.98,5.03,224285,1109716.67,07-Sep-2026,133,INE979R01011
SHYAMDHANI,ST,51.6,51.6,51.6,51.6,51.6,52.7,2000,103200.00,07-Sep-2026,1,INE1CRP01016
SHYAMMETL,EQ,1065.2,1090,1053.2,1082.3,1089,1065.3,244531,263310828.30,07-Sep-2026,14292,INE810G01011
SHYAMTEL,EQ,11.69,11.69,10.51,11,11,11.6,15284,170102.22,07-Sep-2026,94,INE635A01023
SICAGEN,EQ,58.95,59,57.52,58.53,58.6,58.28,29282,1717166.71,07-Sep-2026,376,INE176J01011
SICALLOG,BE,106,106,101.97,102.98,103,107.33,21475,2209056.92,07-Sep-2026,188,INE075B01020
SIDDHICOTS,SM,27.05,27.05,27.05,27.05,27.05,27.05,3600,97380.00,07-Sep-2026,2,INE0SVO01019
SIDDHIKA,SM,225,230,225,230,230,225,1500,340000.00,07-Sep-2026,3,INE0A1E01018
ENRIN,EQ,3115.8,3185,3111.6,3121.9,3115,3115.7,441448,1391897545.50,07-Sep-2026,42567,INE1NPP01017
SIEMENS,EQ,3990,3998.1,3904.1,3927,3927,3977,200987,791724901.90,07-Sep-2026,20035,INE003A01024
SIGACHI,EQ,35.05,35.31,33.88,34.41,34.3,34.74,2477935,85099848.79,07-Sep-2026,8131,INE0D0K01022
SIGMAADV,BE,760,765.65,732,740.15,737,762.4,162011,120711034.20,07-Sep-2026,3347,INE933B01012
SIGMA,EQ,47.8,47.8,46,47.45,47.5,46.66,70149,3295235.47,07-Sep-2026,921,INE0A0S01028
SIGNATURE,EQ,798.7,804,791.85,799.95,799.95,796.55,179010,142567342.10,07-Sep-2026,4560,INE903U01023
SIGIND,BE,70.37,70.37,66.86,66.91,66.86,70.37,16343,1102429.70,07-Sep-2026,108,INE529F01035
SIGNPOST,EQ,245.25,285,242.6,269.5,271,244.25,3876593,1066788260.25,07-Sep-2026,65785,INE0KGZ01021
SIKA,EQ,1004.95,1004.95,982.3,986.1,988.2,996.1,14380,14241977.70,07-Sep-2026,1410,INE438E01032
SIKKO,BE,5.4,5.62,5.2,5.56,5.62,5.41,983416,5372914.55,07-Sep-2026,629,INE112X01025
SILINV,EQ,478.8,478.95,462.25,472.05,471.3,478.8,792,373059.55,07-Sep-2026,90,INE923A01015
SILGO,EQ,70.32,75.49,69.9,73.15,73.22,69.97,419919,30571028.50,07-Sep-2026,2135,INE01II01013
SILKFLEX,SM,301,302.7,291,292.6,294,288.3,82000,24616050.00,07-Sep-2026,77,INE0STN01015
SILKY,SM,68.5,69,66.05,68.95,68.95,71.95,3200,218000.00,07-Sep-2026,4,INE0SN801015
SILLYMONKS,EQ,16.19,16.19,15.42,15.94,16.18,16.19,30334,483771.82,07-Sep-2026,144,INE203Y01012
SILVERTUC,EQ,167.48,168.39,161.34,163.56,164.2,167.97,377764,62225729.12,07-Sep-2026,6425,INE625X01026
SIMBHALS,BZ,7.8,7.8,7.65,7.65,7.65,7.8,5269,40378.96,07-Sep-2026,29,INE748T01016
SIMCA,ST,261.3,262,258,261.1,260.5,260,15600,4048350.00,07-Sep-2026,11,INE1K4J01018
SIMPLEXINF,EQ,271.25,271.9,258,260.35,259.3,270.5,38376,10100785.35,07-Sep-2026,928,INE059B01024
SIMPLXREA,EQ,149.98,149.98,136,141.7,141.7,142.99,569,79984.62,07-Sep-2026,22,INE167H01014
SINCLAIR,EQ,84.99,86.9,83.42,84.45,84.5,83.5,64110,5460596.04,07-Sep-2026,756,INE985A01022
SINDHUTRAD,EQ,25.28,25.57,24.44,25.25,25.25,25.28,1799387,44955252.95,07-Sep-2026,3100,INE325D01025
SINGERIND,EQ,76.97,78.44,73.99,74.97,75.02,76.98,150121,11289382.20,07-Sep-2026,1049,INE638A01035
SINTERCOM,EQ,81.11,82,81,81.43,81.43,80.8,126972,10340108.39,07-Sep-2026,41,INE129Z01016
SIRCA,EQ,439.9,442.75,435.55,436.85,437,439.25,197385,86623369.00,07-Sep-2026,2625,INE792Z01011
SIS,EQ,430.95,438.2,425.2,428.65,427.75,430.95,444184,192865972.55,07-Sep-2026,17196,INE285J01028
SITINET,BZ,0.29,0.3,0.28,0.29,0.28,0.29,1140018,330398.30,07-Sep-2026,300,INE965H01011
SIYSIL,EQ,553.4,566.95,553.4,563.55,565.5,552.65,30927,17347710.70,07-Sep-2026,2056,INE076B01028
SJS,EQ,2306.1,2389.1,2306.1,2332.3,2340,2306.1,137522,323274296.70,07-Sep-2026,21053,INE284S01014
SJVN,EQ,65,66.07,64.7,65.56,65.6,65.23,2007816,131505382.71,07-Sep-2026,18537,INE002L01015
SKFINDUS,EQ,3040,3047.7,2992.1,3016.1,3000.1,3002.5,24293,73357344.50,07-Sep-2026,5117,INE2J8701016
SKFINDIA,EQ,1559.8,1578,1542.2,1546.6,1549.9,1553.2,24033,37352200.20,07-Sep-2026,4800,INE640A01023
SKIL,BZ,0.79,0.87,0.79,0.87,0.87,0.83,71005,58768.68,07-Sep-2026,78,INE429F01012
SKIPPER,EQ,596,616.8,590,604.4,602,591.1,4277657,2573947949.15,07-Sep-2026,85734,INE439E01022
SKMEGGPROD,EQ,256.35,259,244.55,246.85,247.35,257.1,276867,69629479.75,07-Sep-2026,5455,INE411D01023
SKP,SM,146.1,171.9,146.1,164.1,160,151.5,54000,8478775.00,07-Sep-2026,102,INE0KZA01016
SKYGOLD,EQ,782,800.05,767,788.15,786.6,781.45,683200,537658220.70,07-Sep-2026,25134,INE01IU01018
SKYTECH,SM,36.05,36.05,36.05,36.05,36.05,40.05,51200,1845760.00,07-Sep-2026,26,INE0VFE01017
SKYWAYS,EQ,122.5,123.09,112,113.91,113.2,122.72,9718981,1118460550.67,07-Sep-2026,62489,INE0PX301025
SLONE,ST,195.1,196,186.5,189.1,189.1,187,2800,535480.00,07-Sep-2026,7,INE0SMA01017
SMARTEN,ST,52.5,53.5,52.5,53.5,53.5,54.85,2400,127200.00,07-Sep-2026,2,INE14GK01016
SMARTLINK,BE,218.09,219.45,206.13,210.82,208.15,213.81,1649,350187.51,07-Sep-2026,37,INE178C01020
SMARTWORKS,EQ,547,548.85,534.1,538.95,540,541.5,35123,18947232.40,07-Sep-2026,2064,INE0NAZ01010
8SMC29,N1,510,510,500,500,500,510,16,8010.00,07-Sep-2026,2,INE05NX24023
SMCGLOBAL,EQ,79.01,85.4,79.01,84.95,85,81.25,3923881,327904516.32,07-Sep-2026,21363,INE103C01036
SMLMAH,EQ,6339,6449,6143,6393.5,6376,6298.5,247779,1564652073.00,07-Sep-2026,49599,INE294B01019
SMSPHARMA,EQ,390,444,387.45,397.95,397.8,392.5,3870958,1620696208.05,07-Sep-2026,72833,INE812G01025
SNEHAA,SM,46.95,46.95,46.95,46.95,46.95,47,1000,46950.00,07-Sep-2026,1,INE1OIC01018
SNOWMAN,EQ,36.5,36.9,36,36.67,36.6,36.85,82852,3026385.64,07-Sep-2026,1368,INE734N01019
SOBHA,EQ,1276,1276,1243.2,1250.1,1260,1263.8,38511,48195432.10,07-Sep-2026,4375,INE671H01015
SOFTTECH,EQ,441.95,442,423,432.45,433,423.15,7493,3223603.95,07-Sep-2026,120,INE728Z01015
SOLARINDS,EQ,21450,22200,21450,21950,21950,21445,227176,4978323860.00,07-Sep-2026,44679,INE343H01029
SOLARA,EQ,643.85,711,639.15,697.05,699.8,639.15,2187893,1513933524.85,07-Sep-2026,71504,INE624Z01016
SOLARWORLD,EQ,150.51,151.99,147.01,147.9,148.11,149.32,97974,14501205.74,07-Sep-2026,1696,INE0TY101024
SOLEX,EQ,728.8,728.8,714.35,718.45,720,725.3,14793,10650369.45,07-Sep-2026,1421,INE880Y01017
SDBL,EQ,74.1,77.5,74,75.02,74.8,74,1759825,134143861.72,07-Sep-2026,12359,INE480C01038
SOMATEX,EQ,89.31,92.84,86.37,86.72,87,90.22,17649,1549565.57,07-Sep-2026,272,INE314C01013
SOMANYCERA,EQ,554.95,574.45,554.95,559.4,556.05,557.35,84012,47610855.10,07-Sep-2026,4197,INE355A01028
SOMICONVEY,EQ,91.05,93.93,91.05,92.37,92.49,91.33,5859,540495.55,07-Sep-2026,139,INE323J01019
SONACOMS,EQ,786.95,790.85,778,788,788,789,1159441,911181715.25,07-Sep-2026,29942,INE073K01018
SONAMAC,SM,32.95,32.95,32.95,32.95,32.95,33,1000,32950.00,07-Sep-2026,1,INE0Q6H01012
SONAMLTD,BE,68,69.13,67,69.13,69.13,65.84,52083,3591213.23,07-Sep-2026,195,INE00LM01029
SONATSOFTW,EQ,285.25,286,273.45,283.85,284.1,285.25,1737278,484178300.25,07-Sep-2026,32125,INE269A01021
SONUINFRA,ST,46.65,46.65,46.5,46.65,46.65,44.45,300000,13971750.00,07-Sep-2026,88,INE0JZA01018
SOUTHWEST,EQ,213.5,225.79,211.19,222.26,220,212.92,581017,127360858.90,07-Sep-2026,11932,INE980Y01015
SPRL,SM,102.5,102.5,102.5,102.5,102.5,102.5,800,82000.00,07-Sep-2026,1,INE0JW501011
SPCENET,EQ,3.5,3.61,3.46,3.56,3.58,3.41,1383299,4901379.13,07-Sep-2026,948,INE970N01027
SPANDANA,EQ,239.99,241,237.2,238.88,238.85,239.81,58630,14021387.97,07-Sep-2026,2022,INE572J01011
SPEB,SM,92.15,92.15,92.1,92.1,92.1,95,8000,736900.00,07-Sep-2026,4,INE1CW901027
SPECIALITY,BE,139.25,140,135,135.29,137.49,139.59,29250,3991906.17,07-Sep-2026,169,INE247M01014
SPECTRUM,BE,2369,2486.8,2369,2486.8,2486.8,2368.4,5740,14176044.50,07-Sep-2026,296,INE01EO01010
SPECTSTM,SM,56.1,60,54,60,60,56,5600,323800.00,07-Sep-2026,6,INE0OL001018
SPELS,EQ,148.61,151.7,146.3,147.64,147.81,149.38,47712,7068292.96,07-Sep-2026,1745,INE252A01019
SPENCERS,EQ,28.6,29.01,28.12,28.78,28.9,28.5,19688,566267.04,07-Sep-2026,409,INE020801028
SPIC,EQ,71,72.5,70.5,71.02,71.3,71.28,551519,39391809.26,07-Sep-2026,3492,INE147A01011
SPLIL,EQ,30.39,32,29.75,31.09,31.5,30.39,15875,488031.92,07-Sep-2026,113,INE978G01016
SPMLINFRA,EQ,183.2,183.89,178.07,180.21,180.95,181.41,283043,51202227.40,07-Sep-2026,4605,INE937A01023
SPORTKING,EQ,228.34,230,217.07,221.85,221,229.22,400590,89110435.42,07-Sep-2026,7468,INE885H01029
SPPPOLY,SM,11.75,12.65,11.75,12.65,12.65,12.35,6000,72300.00,07-Sep-2026,3,INE0QR801013
SHRIPISTON,EQ,4515,4598.9,4480,4491.5,4490,4536.9,39044,176882307.80,07-Sep-2026,12554,INE526E01018
SPUNWEB,SM,103.8,105,101.65,102.9,102.9,102.9,21600,2223720.00,07-Sep-2026,10,INE19QH01010
SRHHYPOLTD,EQ,535.5,542.25,530,531.6,531.1,531.05,13332,7121700.95,07-Sep-2026,559,INE917H01012
SREEL,EQ,269.8,286.01,263,279.4,281,265.52,72657,20267652.84,07-Sep-2026,2201,INE099F01013
SRF,EQ,2536.2,2560,2526.5,2546,2546,2547,208077,529075495.10,07-Sep-2026,27214,INE647A01010
SRGHFL,EQ,258,258,240.9,245.85,242,245.45,1647,401237.55,07-Sep-2026,66,INE559N01010
HAVISHA,EQ,1.44,1.47,1.31,1.32,1.31,1.41,98394,133447.70,07-Sep-2026,156,INE293B01029
SRIKPRIND,EQ,35.43,35.78,32.5,33.82,33.56,33.38,113310,3829686.71,07-Sep-2026,704,INE009C01019
LOTUSDEV,BE,194,201.7,190.05,199.71,199.99,193.25,1307102,258785872.66,07-Sep-2026,4702,INE0V9Q01010
SSFL,ST,262.6,273,260,273,273,260,22000,5945675.00,07-Sep-2026,38,INE0ON201012
SRIVASAVI,ST,79.5,79.95,75.1,79.25,79.25,79,24000,1850550.00,07-Sep-2026,18,INE0NPI01014
SRM,EQ,464.65,477.45,458.1,460.05,458.45,462.35,102399,47786565.65,07-Sep-2026,3252,INE0R6Z01013
STALLION,BE,207,208.99,201.6,202.64,202.42,206.68,362233,73804052.09,07-Sep-2026,3711,INE0RYC01010
SETL,EQ,410,412.8,388.55,388.55,388.55,408.95,1261874,502141168.75,07-Sep-2026,22584,INE0M4D01010
SIL,EQ,19.6,19.84,18.94,19.17,19.3,19.59,49360,953334.23,07-Sep-2026,345,INE173A01025
STANLEY,EQ,136.45,138.39,135.52,137.16,136.01,135.48,68522,9394966.22,07-Sep-2026,1508,INE01A001028
STARCEMENT,EQ,191,195.04,188.61,194.4,194.6,190.19,322246,62312230.49,07-Sep-2026,7495,INE460H01021
STARHEALTH,EQ,552.85,574,546.95,565.95,573.95,557.35,776080,430611654.95,07-Sep-2026,34589,INE575P01011
STARPAPER,EQ,153,167,150.1,162.61,162.79,151.42,113673,18477285.23,07-Sep-2026,1518,INE733A01018
STARTECK,EQ,248.05,254.25,245.25,247.2,251.25,249.25,245,61126.75,07-Sep-2026,71,INE992I01013
SBIN,EQ,1020.8,1021.7,1000.6,1005.9,1005.9,1016.1,10220001,10283099267.50,07-Sep-2026,261914,INE062A01020
SAIL,EQ,196.99,196.99,187.3,187.9,187.9,196.8,32633382,6193390367.17,07-Sep-2026,120565,INE114A01011
STEELCITY,EQ,87,87,84.4,84.99,85,85.55,3037,258026.79,07-Sep-2026,73,INE395H01011
STEELXIND,EQ,11.34,11.4,11.1,11.23,11.24,11.34,1498999,16823443.65,07-Sep-2026,2564,INE503B01021
STLSTRINF,EQ,19.55,22.78,18.12,19.07,18.86,19.55,5513,110809.69,07-Sep-2026,104,INE205F01016
SSWL,EQ,374.6,383.8,365.45,371.3,370.7,361.85,2780026,1042334679.25,07-Sep-2026,50516,INE802C01033
STEELCAS,EQ,328.2,336.35,324.65,326.85,326.1,328.05,65750,21741041.35,07-Sep-2026,2596,INE124E01038
STEL,EQ,590,609.95,590,596.7,596.1,607.9,3622,2171525.45,07-Sep-2026,365,INE577L01016
STERTOOLS,BE,219.4,223.5,217.55,219.53,220,221.31,9708,2141064.66,07-Sep-2026,294,INE334A01023
STLTECH,BE,786.3,786.3,786.3,786.3,786.3,748.9,532828,418962656.40,07-Sep-2026,2947,INE089C01029
SGL,EQ,10,10.3,9.82,9.83,10.1,10.05,3686,36806.51,07-Sep-2026,58,INE353H01010
STLNETWORK,EQ,29.51,30.31,29.5,30.31,30.31,28.87,1989195,59917871.40,07-Sep-2026,1963,INE1VXE01018
STOVEKRAFT,EQ,836.5,867.5,832.2,849.25,855,832.55,174466,148719558.50,07-Sep-2026,9476,INE00IN01015
STAR,EQ,1058.7,1187.6,1045,1178.8,1166,1059.6,2617272,3034138042.10,07-Sep-2026,104221,INE939A01011
SWSOLAR,EQ,187.2,188,184.5,185.13,185,186.23,536948,99603338.78,07-Sep-2026,8735,INE00M201021
STUDDS,EQ,426.75,438,418,419.95,423.45,424.2,80163,33828707.55,07-Sep-2026,5121,INE00Q601028
STUDIOLSD,SM,9.85,9.85,9.7,9.8,9.8,9.85,16000,156500.00,07-Sep-2026,7,INE17VO01028
STYLAMIND,EQ,3387.4,3445.8,3284.2,3370.7,3376,3387.4,48594,164348985.40,07-Sep-2026,11569,INE239C01020
STYRENIX,EQ,2044,2091,2024.3,2063.7,2070.2,2043.2,57965,119415461.00,07-Sep-2026,7095,INE189B01011
SUBAHOTELS,SM,98.3,98.95,93,98.5,98.5,98.3,76800,7358880.00,07-Sep-2026,63,INE0RYR01018
SUBEXLTD,EQ,17.61,17.62,16.6,16.74,16.71,17.28,2594174,44041099.46,07-Sep-2026,4379,INE754A01055
SUBROS,EQ,710,713.45,702,704.75,704,709.6,25162,17822140.20,07-Sep-2026,1668,INE287B01021
SUDARSCHEM,EQ,1224.9,1265,1223.5,1239.8,1244,1222.8,222036,276699904.70,07-Sep-2026,19467,INE659A01023
SUDARCOLOR,EQ,384.1,396.95,382.15,386.8,385.5,383.45,16386,6379058.25,07-Sep-2026,936,INE492A01029
SUDEEPPHRM,EQ,1342.5,1378,1305,1323.3,1323.5,1329.3,208143,278088635.10,07-Sep-2026,15486,INE0QPI01025
SUKHJITS,EQ,160.6,163.86,157.75,160.55,161,157.86,27049,4323544.19,07-Sep-2026,397,INE450E01029
SULA,EQ,149.85,149.85,146.2,147.09,146.7,149,139355,20564586.51,07-Sep-2026,2707,INE142Q01026
SUMAX,ST,102.2,111.8,101.2,111.4,111.8,106.5,543600,59616960.00,07-Sep-2026,313,INE11Z001019
SUMEDHA,EQ,39.4,39.7,38,39.7,39.7,39.01,1206,46869.52,07-Sep-2026,11,INE886B01012
SUMEETINDS,EQ,11.5,11.8,11.25,11.29,11.3,11.5,1315064,15182215.30,07-Sep-2026,2041,INE235C01036
SUMIT,EQ,51.7,51.7,50.21,51.31,51,51.71,14892,758427.50,07-Sep-2026,580,INE748Z01013
SUMICHEM,EQ,493.4,497.7,485.2,487.9,488.95,493.4,96847,47598767.20,07-Sep-2026,5634,INE258G01013
SUMMITSEC,EQ,1429,1430.9,1411,1419.8,1415.2,1434.2,8351,11859659.60,07-Sep-2026,235,INE519C01017
SPARC,EQ,199.9,208.65,199.59,205.87,206.9,199.47,1498275,307760701.86,07-Sep-2026,22439,INE232I01014
SUNPHARMA,EQ,1899,1907.8,1883.1,1895,1895,1899,1579345,2987028443.20,07-Sep-2026,74767,INE044A01036
SUNTV,EQ,470.95,470.95,451.5,452.85,452.9,470.9,589224,269070830.10,07-Sep-2026,26016,INE424H01027
SUNCLAY,EQ,1310.9,1313.1,1262.7,1299.4,1295,1304.4,6938,8972939.30,07-Sep-2026,942,INE0Q3R01026
SUNDARMFIN,EQ,4639.9,4732.8,4625.1,4708.3,4700,4648.7,49899,233286047.40,07-Sep-2026,9463,INE660A01013
SUNDARAM,EQ,1.23,1.24,1.2,1.2,1.21,1.23,642010,776555.91,07-Sep-2026,389,INE108E01023
SUNDRMBRAK,BE,742,759.95,727,732,747.7,740,374,276686.60,07-Sep-2026,47,INE073D01013
SUNDRMFAST,EQ,1219,1224.8,1195,1200.5,1200.9,1212.3,61152,73732739.80,07-Sep-2026,6529,INE387A01021
SOCL,SM,29.5,29.5,28.95,28.95,28.95,29.5,3200,93520.00,07-Sep-2026,2,INE0CTB01014
SUNDROP,EQ,664.35,664.35,653,659.45,657,662.5,6385,4212041.85,07-Sep-2026,457,INE209A01019
SUNFLAG,EQ,343.7,345.45,337.05,338.4,339,343.7,120395,40843064.15,07-Sep-2026,2790,INE947A01014
SEL,SM,327.5,332.85,325,332.85,332.85,317.95,6800,2256340.00,07-Sep-2026,28,INE0O3O01017
SUNLOC,EQ,79.98,79.98,79.98,79.98,79.98,79.98,8,639.84,07-Sep-2026,3,INE671C01016
SUNLITE,SM,525.05,540,516,536.8,539.7,542.5,24600,13018200.00,07-Sep-2026,75,INE0U2N01013
SUNRAKSHAK,EQ,366.05,375,366.05,370.15,368.2,369.55,8109,3010439.40,07-Sep-2026,250,INE671K01027
SUNSHIEL,EQ,1175,1275,1155,1268.6,1270,1144.9,13356,16653335.50,07-Sep-2026,1204,INE199E01014
SUNSHINE,EQ,444.9,492.9,444.9,486.3,489.15,441.45,3585788,1719135942.85,07-Sep-2026,56343,INE1B3O01011
SUNTECH,SM,39.15,39.15,39.15,39.15,39.15,40.05,1600,62640.00,07-Sep-2026,1,INE0SGZ01016
SUNTECK,EQ,299.5,300.1,293,294,294.6,299.5,112311,33165398.00,07-Sep-2026,3446,INE805D01034
SUPERSPIN,BE,6.95,7.29,6.65,6.99,7,6.95,110736,786878.65,07-Sep-2026,108,INE662A01027
SUPTANERY,BE,12.59,12.59,12.59,12.59,12.59,13.25,37276,469304.84,07-Sep-2026,285,INE460D01038
SUPERHOUSE,EQ,168.01,172.3,166,170.62,172.3,169.23,3532,594357.03,07-Sep-2026,88,INE712B01010
SIEL,EQ,31.9,32.99,30.42,30.79,30.42,31.9,121,3793.35,07-Sep-2026,11,INE843L01012
SUPRAJIT,EQ,479,482,470.15,473.2,474.6,479.45,47325,22503778.20,07-Sep-2026,5682,INE399C01030
SUPREMEENG,BZ,3.09,3.09,3.09,3.09,3.09,3.03,288648,891922.32,07-Sep-2026,99,INE319Z01021
SFML,SM,22,22.35,21.3,21.3,21.3,21.5,8000,176560.00,07-Sep-2026,3,INE0U6N01014
SUPREME,EQ,37.51,37.69,36,37.41,37.5,36.27,11414,420207.26,07-Sep-2026,161,INE822E01011
SUPREMEIND,EQ,3475,3603.1,3470.1,3598,3598,3475,370941,1325921143.40,07-Sep-2026,32719,INE195A01028
SUPREMEINF,EQ,84.12,87,82.5,85.77,86.13,83.42,59001,5013336.91,07-Sep-2026,1330,INE550H01011
SPLPETRO,EQ,774.9,805,771.05,802.5,804.8,771.05,863737,687325296.10,07-Sep-2026,32491,INE663A01033
SUPREMEPWR,SM,234,238.9,229,233.85,233,222.6,113000,26382175.00,07-Sep-2026,189,INE0QHG01026
SUPRIYA,EQ,869.9,923,864,909.1,913,852.85,1225649,1107292575.45,07-Sep-2026,52437,INE07RO01027
SURAJEST,EQ,178.28,181.39,175,176.09,176.9,178.25,310830,54701382.33,07-Sep-2026,2241,INE843S01025
SURAJLTD,EQ,202.01,205.8,198.45,200,200,201.79,8352,1671791.26,07-Sep-2026,49,INE713C01016
SURAKSHA,EQ,330.55,345,328.95,338.9,339,332.45,102949,34692344.95,07-Sep-2026,2981,INE877V01027
SURANASOL,EQ,26.11,26.32,25.52,25.86,25.93,26.11,70035,1818126.40,07-Sep-2026,502,INE272L01022
SURANAT&P,EQ,16.27,16.9,16.2,16.43,16.36,16.57,100451,1661174.19,07-Sep-2026,472,INE130B01031
SURANI,SM,96,96,96,96,96,99.7,1000,96000.00,07-Sep-2026,4,INE01ZJ01015
SBGLP,EQ,23.97,25.59,23.36,23.81,23.8,23.96,12002,293945.45,07-Sep-2026,148,INE05ST01028
SURYAROSNI,EQ,216.35,218.19,215,215.81,216,216.49,500001,108015638.80,07-Sep-2026,15424,INE335A01020
SURYALAXMI,EQ,61,61,58.55,58.85,58.75,60.79,4203,250935.31,07-Sep-2026,73,INE713B01026
SURYALA,EQ,411,424.95,408,421.4,423,411.85,2187,919823.60,07-Sep-2026,53,INE132C01027
SURYODAY,EQ,152.97,153.12,150.73,152.21,153,152.07,203120,30862399.64,07-Sep-2026,3807,INE428Q01011
SEITINVIT,IV,122,122,122,122,122,122,1000000,122000000.00,07-Sep-2026,17,INE0R8O23017
SUTLEJTEX,BE,42.49,42.93,40.65,40.75,40.85,40.89,68622,2884984.47,07-Sep-2026,262,INE645H01027
SUVEN,EQ,378.7,395.4,376.1,377.15,377.2,378,862473,330994272.50,07-Sep-2026,27077,INE495B01038
SUVIDHAA,EQ,2.44,2.56,2.13,2.21,2.25,2.42,382018,903076.87,07-Sep-2026,666,INE018401013
SUYOG,EQ,723.6,739.6,711.3,718.5,724,731.2,60317,43756112.00,07-Sep-2026,2364,INE442P01014
SUZLON,EQ,45.41,45.55,44.85,45.55,45.55,45.35,28911783,1309994183.82,07-Sep-2026,58409,INE040H01021
SVPGLOB,EQ,3.72,3.78,3.59,3.6,3.59,3.65,25956,94206.76,07-Sep-2026,71,INE308E01029
SWANCORP,EQ,280.5,283.85,273.9,278.1,280,281.5,1155945,322597567.75,07-Sep-2026,18340,INE665A01038
SWANDEF,BE,2501.4,2520.2,2420.2,2496,2499,2520.2,25333,62890657.10,07-Sep-2026,1001,INE542F01020
SWARAJENG,EQ,3629,3699,3593.3,3648,3625.1,3557.8,28465,103754234.90,07-Sep-2026,4918,INE277A01016
SWARAJ,BE,360,363.7,353.2,355.35,358,357.35,66377,23636865.35,07-Sep-2026,437,INE0GMR01016
SWARNSAR,EQ,36.5,39.25,35.1,37.58,38.2,35.25,82042,3100266.29,07-Sep-2026,600,INE967A01012
SWELECTES,EQ,574,589.9,547.05,572.35,589,572.5,122811,69298878.00,07-Sep-2026,4158,INE409B01013
SWIGGY,EQ,277.7,280.5,274.65,276.45,276.45,276.1,23743792,6594257659.65,07-Sep-2026,103849,INE00H001014
SWISSMLTRY,BE,15.46,15.79,15.02,15.18,15.4,15.59,75964,1160567.76,07-Sep-2026,262,INE010C01025
SYMBIOTEC,EQ,1068,1141,1068,1098.7,1102.75,1078.25,3088018,3447943560.90,07-Sep-2026,125611,INE899I01028
SYMPHONY,EQ,592.9,593.45,570,573.4,572.5,580.35,58826,34255951.25,07-Sep-2026,4495,INE225D01027
SYNCOMF,EQ,20.08,20.57,19.73,20.27,20.3,20.58,11295960,227418364.28,07-Sep-2026,23285,INE312C01025
SGIL,EQ,610,610,600,600.85,601.95,606.2,3866,2324518.90,07-Sep-2026,172,INE00QT01015
SYNGENE,EQ,395,396.3,387.25,389.3,388,395.6,444340,173321224.55,07-Sep-2026,14939,INE398R01022
SYNOPTICS,ST,49.35,49.35,49.35,49.35,49.35,49.35,600,29610.00,07-Sep-2026,1,INE0BTR01012
SYRMA,EQ,1458.5,1645,1458.3,1634.8,1627,1457.3,13079561,20825271470.10,07-Sep-2026,354310,INE0DYJ01015
SYSTANGO,SM,223.2,227,222,226,226,225.25,15200,3415640.00,07-Sep-2026,24,INE0O7R01011
SYSTMTXC,BE,62.4,63.24,62.4,63.24,63.24,60.23,10694,676287.72,07-Sep-2026,34,INE356B01024
TGVSL,EQ,111.56,114,109.98,110.52,110.2,109.98,366176,41094505.12,07-Sep-2026,2998,INE284B01028
TTL,EQ,6.69,6.89,6.65,6.74,6.8,6.81,143018,962301.59,07-Sep-2026,237,INE592B01024
TAALTECH,EQ,4548,4574.8,4400,4439.1,4400,4502.2,8803,39473637.60,07-Sep-2026,1245,INE524T01011
TAC,ST,434.9,434.9,420.5,425.2,428.45,433.35,28800,12270960.00,07-Sep-2026,120,INE0SOY01013
TAINWALCHM,EQ,216.83,216.83,206.35,208.48,208.05,213.71,4163,879469.55,07-Sep-2026,154,INE123C01018
TAJGVK,EQ,332.05,339,328.1,329.2,329.4,332.55,66810,22181306.65,07-Sep-2026,2166,INE586B01026
TAKE,EQ,14.51,14.51,14.51,14.51,14.51,13.82,225946,3278476.46,07-Sep-2026,96,INE142I01023
TALBROAUTO,EQ,416,441.85,411.85,431.8,430.95,407.75,1798087,775924624.05,07-Sep-2026,37129,INE187D01029
TAMBOLIIN,BE,263.3,265.1,258.05,259.15,259,259.7,4182,1088807.65,07-Sep-2026,50,INE864J01012
TMB,EQ,942.9,954.2,930.15,936.45,934.85,932.45,148519,139831007.15,07-Sep-2026,13433,INE668A01016
TNPL,EQ,156.01,166,154.31,159.5,159.99,155.75,2376677,382423575.33,07-Sep-2026,26267,INE107A01015
TNPETRO,EQ,134,135.5,130.77,131.73,131.2,132.7,701145,93190076.33,07-Sep-2026,7345,INE148A01019
TNTELE,EQ,8.99,9.13,8.88,8.97,8.99,8.88,18897,169772.02,07-Sep-2026,112,INE141D01018
TANAA,EQ,284,285.9,280,282,284.9,282.15,7571,2147196.85,07-Sep-2026,357,INE692C01020
TANKUP,ST,1615,1615,1566.05,1566.05,1566.05,1598,1250,1982762.50,07-Sep-2026,5,INE0Z7N01017
TANLA,EQ,523.15,523.15,512.3,520.2,521,521.15,317979,164443799.95,07-Sep-2026,13004,INE483C01032
TARACHAND,EQ,49.38,49.38,47.1,47.43,47.5,48.78,45282,2159314.04,07-Sep-2026,1385,INE555Z01020
TARAPUR,EQ,13.03,13.5,12.51,12.71,12.93,13.03,70228,914345.68,07-Sep-2026,288,INE747K01017
TARC,EQ,128.81,135.68,126.55,134.9,134.74,126.99,2061276,274565970.14,07-Sep-2026,19678,INE0EK901012
TARMAT,EQ,61.53,62.89,60,61.91,61.76,61.23,47182,2912739.19,07-Sep-2026,1185,INE924H01018
TARSONS,EQ,336,336,327,328.55,328.8,335.55,80073,26480193.45,07-Sep-2026,2059,INE144Z01023
TASTYBITE,EQ,9902,10008,9603,9901,9810,9982,7569,74363866.00,07-Sep-2026,1717,INE488B01017
TATACAP,EQ,375.05,375.05,365.15,369.95,369.1,375.05,934265,344373865.80,07-Sep-2026,55403,INE976I01016
TATACHEM,EQ,625,627.15,611.1,613.35,612,625.1,501210,308723183.20,07-Sep-2026,16067,INE092A01019
TATACOMM,EQ,1754.1,1754.1,1725,1738.5,1740,1756.1,185621,322535927.20,07-Sep-2026,32068,INE151A01013
TCS,EQ,2290.1,2299.9,2260.1,2270,2270,2304,2297551,5223048792.00,07-Sep-2026,70867,INE467B01029
TATACONSUM,EQ,1014,1019.9,1004,1015,1015,1010,1368015,1387502291.20,07-Sep-2026,73407,INE192A01025
TATAELXSI,EQ,3547.6,3547.9,3475,3497,3497,3558,161685,565949840.20,07-Sep-2026,19959,INE670A01012
TATAINVEST,EQ,629.15,631.55,625.75,627.8,627.5,633.7,94363,59244809.00,07-Sep-2026,9252,INE672A01026
TMCV,EQ,459,461.9,454.15,459.65,460,458.2,4403689,2015879115.15,07-Sep-2026,68880,INE1TAE01010
TMPV,EQ,311.5,312,307,307,307,311.5,6493351,2003612682.50,07-Sep-2026,75154,INE155A01022
TATAPOWER,EQ,366.9,369.8,363,365.7,365.7,368,4849767,1768386039.85,07-Sep-2026,44553,INE245A01021
TATASTEEL,EQ,189,190.24,184.37,185.61,185.61,188.79,23695657,4397145357.16,07-Sep-2026,118633,INE081A01020
TATATECH,EQ,798.1,799.65,778.25,785.1,787,800,774063,610791710.20,07-Sep-2026,33749,INE142M01025
TTML,EQ,37.74,38.09,36.6,37.35,37.35,37.74,1329750,49925074.35,07-Sep-2026,6612,INE517B01013
NETF,EQ,254.86,261.9,254.86,258.45,260.1,261.4,5018,1303575.22,07-Sep-2026,227,INF277K015R5
NPBET,EQ,290.32,290.32,287,287.34,287,290.32,655,188665.79,07-Sep-2026,51,INF277K010X4
TNIDETF,EQ,89.15,91.99,89.15,89.81,89.83,90.94,83031,7457797.67,07-Sep-2026,749,INF277KA1364
TATAGOLD,EQ,14.87,14.87,14.67,14.76,14.77,14.94,57797478,851182880.71,07-Sep-2026,108504,INF277KA1976
TATSILV,EQ,22.54,22.54,22.18,22.31,22.35,22.62,26564982,592138364.99,07-Sep-2026,60244,INF277KA1984
TATVA,EQ,1700,1721.2,1646.7,1695.8,1698,1678.5,88807,149697858.90,07-Sep-2026,9999,INE0GK401011
TAURIAN,ST,472.1,491.95,469.3,470.1,469.3,494,36800,17415120.00,07-Sep-2026,45,INE0XWS01018
753IRFC30,NJ,1134.13,1137,1134.13,1136.97,1137,1137,2000,2273920.90,07-Sep-2026,8,INE053F07835
764IRFC31,NO,1145.1,1150,1144.05,1144.7,1144.7,1143.55,609,696949.45,07-Sep-2026,5,INE053F07900
769NHAI31,NE,1157.9,1158,1157.9,1158,1158,1153,300,347375.00,07-Sep-2026,18,INE906B07EP5
76NHAI31,NA,1110,1113.99,1107,1107.17,1113.99,1110.1,528,584981.12,07-Sep-2026,21,INE906B07EJ8
738REC27TF,N2,1072.05,1075,1070,1075,1075,1075,285,306127.05,07-Sep-2026,7,INE020B07GX4
TBI,SM,73.55,73.65,69.7,71.35,71.85,73.55,61800,4400430.00,07-Sep-2026,65,INE0N2D01013
TBOTEK,EQ,1684,1719.9,1672,1705.4,1702.9,1688.9,172047,293332456.20,07-Sep-2026,5094,INE673O01025
TCC,EQ,44,44.47,40.5,41.08,41.24,44.1,580938,24164808.40,07-Sep-2026,5090,INE887D01024
TCIEXP,EQ,551,569.95,542.2,549.1,552,552.9,55023,30502671.40,07-Sep-2026,2302,INE586V01016
TCIFINANCE,BE,15.09,15.2,14.7,15.2,15.2,15.1,4600,69176.58,07-Sep-2026,48,INE911B01018
TCPLPACK,EQ,4140,4140,3800,3862.4,3851,4091.9,34746,136632442.70,07-Sep-2026,7984,INE822C01015
TDPOWERSYS,EQ,740,754.7,728.1,734.15,739.2,740.1,925420,683805549.90,07-Sep-2026,39164,INE419M01035
TEAMGTY,EQ,243.6,243.6,235,235.03,235,235.29,661,155443.31,07-Sep-2026,18,INE289C01025
TEAMLEASE,EQ,1285,1309.2,1261.1,1279.2,1275,1250.6,36478,47006739.30,07-Sep-2026,4804,INE985S01024
TPHQ,BE,0.55,0.57,0.53,0.53,0.54,0.55,819959,447265.83,07-Sep-2026,428,INE065J01024
TEAMTECH,ST,137.25,137.25,137.05,137.05,137.05,137,16000,2194600.00,07-Sep-2026,6,INE2OL601013
TECHM,EQ,1575.1,1593.6,1545.3,1564,1564,1596.9,2028588,3161905917.50,07-Sep-2026,50380,INE669C01036
TECHD,SM,535,538,519,523.15,522.1,533.55,19200,10071375.00,07-Sep-2026,59,INE0Y5H01014
TECHERA,SM,160.9,162.85,157,158.75,158.5,160.9,48000,7635000.00,07-Sep-2026,59,INE0JQS01019
TECHNOE,EQ,983,986.75,957.25,962.5,962.5,979.5,129751,125198508.15,07-Sep-2026,10042,INE285K01026
TIIL,EQ,3194,3262.8,3137.6,3166.4,3174,3194.6,20927,66860358.90,07-Sep-2026,4449,INE545H01011
TECHNOCRAF,EQ,365,397.4,363.1,388.95,389.9,366.1,2343237,906288554.20,07-Sep-2026,35880,INE1D0W01018
TECHNVISN,EQ,4917.5,4918.5,4710.5,4792.5,4770.5,4917.5,537,2578814.00,07-Sep-2026,156,INE314H01012
TECILCHEM,EQ,9.72,10.17,9.4,9.5,9.5,9.72,13279,126796.10,07-Sep-2026,47,INE014B01011
TGL,ST,17.7,17.7,17.7,17.7,17.7,18.05,1000,17700.00,07-Sep-2026,4,INE0K6601012
TEGA,EQ,1560,1638,1540.1,1603.5,1612,1548,634918,1019618498.00,07-Sep-2026,35154,INE011K01018
TEJA,SM,235.1,250,235.1,240.9,240,236.05,87600,21461610.00,07-Sep-2026,69,INE0R1301019
TEJASNET,EQ,615,616.2,590.05,593.6,592.95,614.15,3912391,2342414155.90,07-Sep-2026,67779,INE010J01012
TEMBO,EQ,59.75,60.5,57.61,58.43,58.4,58.47,4643901,273677400.71,07-Sep-2026,15604,INE869Y01028
TEMPSENS,EQ,559,559,540,546.2,543.2,554.8,1663376,911590427.25,07-Sep-2026,30655,INE1KZI01025
TENNIND,EQ,520,522.85,514.5,515.45,515.45,517.55,229138,118425462.25,07-Sep-2026,14305,INE19RI01016
TERASOFT,EQ,286.2,286.2,271,273.25,271,283.4,26187,7256644.10,07-Sep-2026,1199,INE482B01010
TERAI,EQ,121.43,140,121.43,130.7,131,121.43,1019,133981.28,07-Sep-2026,53,INE390D01011
TEXINFRA,EQ,113.9,121.8,113,119.26,119.95,115.02,411113,48435473.26,07-Sep-2026,3681,INE435C01024
TEXRAIL,EQ,117.45,123.9,117.25,119.46,119.5,115.99,9209299,1112504768.79,07-Sep-2026,59938,INE621L01012
TEXMOPIPES,EQ,47.3,55.47,47.25,54.18,53.89,46.23,2193984,117854973.20,07-Sep-2026,13759,INE141K01013
TGBHOTELS,EQ,9.48,9.89,9.3,9.56,9.59,9.48,4414,41864.02,07-Sep-2026,93,INE797H01018
TCL,SM,121,122.95,107,113.05,110.5,123,128800,14951200.00,07-Sep-2026,122,INE0QJL01014
THACKER,EQ,1080,1100,1016,1016,1016,1050,64,68017.00,07-Sep-2026,14,INE077P01034
THAKDEV,EQ,141,149.99,140,149.99,149.99,144,233,32640.98,07-Sep-2026,6,INE403F01017
THANGAMAYL,EQ,5332,5505,5311,5474,5492,5332,93135,507200825.50,07-Sep-2026,14728,INE085J01014
ANUP,EQ,1784,1791.2,1766,1770.6,1770.6,1785.8,11158,19811051.90,07-Sep-2026,2142,INE294Z01018
BYKE,BE,32.8,32.8,32,32,32,32.11,99890,3201615.50,07-Sep-2026,79,INE319B01014
GESHIP,EQ,1369,1389.2,1352,1376.7,1372,1369.7,888277,1220157124.00,07-Sep-2026,50685,INE017A01032
GROBTEA,EQ,965.9,974,949.9,959.15,959.2,977.65,174,166994.20,07-Sep-2026,32,INE646C01018
HITECHGEAR,BE,587.4,592,566,567.3,570.5,567.15,6670,3848426.05,07-Sep-2026,142,INE127B01011
INDIACEM,EQ,362,362.2,355,356.1,357.1,362.5,33475,11981406.55,07-Sep-2026,2751,INE383A01012
INDHOTEL,EQ,719.9,720.45,709.2,716.2,716.2,720,2137419,1525102279.90,07-Sep-2026,35230,INE053A01029
THEINVEST,EQ,95.23,99,94.1,97.89,97.99,95,8725,850393.23,07-Sep-2026,154,INE924D01017
NIACL,EQ,233.9,242.6,224.31,231.2,229.22,229.91,23442397,5398624686.79,07-Sep-2026,186431,INE470Y01017
PKTEA,EQ,808,963.15,808,963.15,963.15,802.65,13475,12876525.50,07-Sep-2026,546,INE431F01018
PHOENIXLTD,EQ,1942,1942,1899.1,1905,1905,1942,253740,485282314.60,07-Sep-2026,21315,INE211B01039
RAMCOCEM,EQ,884.55,890,868,871.5,868.9,884.5,156814,137559313.05,07-Sep-2026,19612,INE331A01037
RUBYMILLS,EQ,446.1,499.05,435,457,450,428.3,175583,83566942.85,07-Sep-2026,5164,INE301D01026
SOUTHBANK,EQ,47.3,47.67,46.5,46.54,46.59,47.29,4949017,231845021.81,07-Sep-2026,20179,INE683A01023
STCINDIA,EQ,115.75,115.75,114.01,114.27,114.02,115.28,14553,1668092.97,07-Sep-2026,277,INE655A01013
UGARSUGAR,EQ,54,55.85,53.82,54.19,54.34,53.35,656681,35902356.75,07-Sep-2026,5324,INE071E01023
WIPL,EQ,162,166.99,162,164.52,164.55,167.99,1359,225071.32,07-Sep-2026,29,INE215F01023
THEJO,EQ,2125.9,2195,2100.1,2160.2,2155.6,2125.3,19040,41015346.60,07-Sep-2026,1533,INE121N01019
THEMISMED,EQ,121.38,140.6,119.17,133.07,132.51,120.42,4732951,635519216.17,07-Sep-2026,50369,INE083B01024
THERMAX,EQ,3638,3670,3593.3,3622,3619,3637.6,141581,514858457.30,07-Sep-2026,28412,INE152A01029
THESL,ST,15.4,15.4,15.35,15.35,15.35,16.15,9000,138300.00,07-Sep-2026,3,INE0SHE01019
TIRUMALCHM,EQ,157.02,158.98,154.32,154.98,154.32,157.19,229828,35936343.64,07-Sep-2026,4366,INE338A01024
THOMASCOOK,EQ,112,115.7,111,112.52,112.24,111.65,1879256,212669323.23,07-Sep-2026,17665,INE332A01027
THOMASCOTT,EQ,264.95,267.8,256.05,259.65,262.9,262.75,39653,10268979.90,07-Sep-2026,2025,INE480M01011
THYROCARE,EQ,573.75,580.75,566.2,573.15,577.8,576.15,243176,138964461.55,07-Sep-2026,32208,INE594H01019
TIGERLOGS,EQ,28.61,29.37,28.01,28.08,28.03,28.61,56684,1602020.69,07-Sep-2026,473,INE906O01029
TIJARIA,BE,9.74,9.8,9.07,9.07,9.07,9.54,159836,1480609.85,07-Sep-2026,196,INE440L01017
TIL,BE,253.4,256.5,246.4,250.33,249,252.88,109314,27524851.17,07-Sep-2026,612,INE806C01018
TI,EQ,532,545.6,520,533.25,538.7,535.1,451824,242489029.65,07-Sep-2026,16160,INE133E01013
TIMETECHNO,EQ,188.41,188.41,182.99,184.53,186.2,188.49,1326457,245657717.68,07-Sep-2026,18405,INE508G01029
TIMEX,EQ,672.1,672.15,617.6,628.3,628,669.85,616321,391326854.80,07-Sep-2026,42084,INE064A01026
TIMKEN,EQ,3148,3150,3085,3098.7,3085,3125.3,18234,56743005.10,07-Sep-2026,4813,INE325A01013
TINNARUBR,EQ,1038.2,1038.2,995.35,1012.9,1014.7,1028.2,49466,50017994.35,07-Sep-2026,3900,INE015C01016
TIPSFILMS,EQ,330.15,337.85,326.05,328.15,327.1,331,2447,809755.80,07-Sep-2026,292,INE0LQS01015
TIPSMUSIC,EQ,649.75,652,641.2,643.7,644,649.75,156576,101249139.85,07-Sep-2026,12591,INE716B01029
TIRUPATIFL,BE,69.05,72.5,67.6,70.85,70.9,69.05,330327,23496677.13,07-Sep-2026,1220,INE319Y01024
TITAGARH,EQ,878.75,901.55,866,896.45,891.3,871.85,1383593,1231691698.50,07-Sep-2026,49988,INE615H01020
TITAN,EQ,5010,5028,4958.5,4995,4995,5020,480336,2393161957.50,07-Sep-2026,40115,INE280A01028
TOKYOPLAST,EQ,76.5,76.5,74.99,75.99,76,76.51,683,51659.18,07-Sep-2026,42,INE932C01012
TOLINS,EQ,91.3,92.7,91.01,92.26,91.6,91.98,31998,2936600.61,07-Sep-2026,815,INE0RWQ01014
TORNTPHARM,EQ,4857,4915,4823,4914,4914,4857,229459,1120611557.00,07-Sep-2026,37406,INE685A01028
TORNTPOWER,EQ,1307,1323,1271.2,1275.7,1282,1299.1,349676,453002156.80,07-Sep-2026,26585,INE813H01021
TOTAL,EQ,69.03,77.95,69.03,74.14,74,70.88,29615,2207537.48,07-Sep-2026,304,INE336X01012
TOUCHWOOD,EQ,63.48,63.48,60.5,62,62,62.81,413,25830.81,07-Sep-2026,62,INE486Y01013
TFCILTD,EQ,143,145.04,139.1,140.9,140,143.26,4618937,658748490.15,07-Sep-2026,18944,INE305A01023
TOYAMSL,EQ,0.62,0.62,0.61,0.61,0.62,0.61,251250,154354.64,07-Sep-2026,193,INE457P01020
TPLPLASTEH,EQ,71.73,72.25,68.4,68.61,68.99,71.74,203179,14278210.65,07-Sep-2026,1941,INE413G01022
TRACXN,EQ,29.96,30.08,29.17,29.68,29.7,29.96,218499,6493927.60,07-Sep-2026,807,INE0HMF01019
TARIL,EQ,302.1,303.8,296.7,299.65,299.6,300.95,746125,223508724.60,07-Sep-2026,14719,INE763I01026
TRANSCOR,EQ,25.61,25.61,24.48,25.14,25.27,25.49,2423,60398.61,07-Sep-2026,65,INE330E01023
TREL,EQ,27.69,27.9,26.95,27.18,27.29,27.44,122858,3355425.70,07-Sep-2026,3366,INE0O3901029
TRANSPEK,BE,1425,1429.7,1361.1,1399.2,1404.9,1446.5,10148,14222724.80,07-Sep-2026,267,INE687A01016
TCI,EQ,868.2,885.5,858.05,863.95,863,868.2,30299,26190091.70,07-Sep-2026,3334,INE688A01022
TRANSRAILL,EQ,430,436.9,418,419.55,419.8,429.3,639224,272321356.35,07-Sep-2026,18964,INE454P01035
TRANSTEEL,SM,77.65,77.65,75.05,76,76,75.9,86000,6531800.00,07-Sep-2026,42,INE0NVI01020
TFL,EQ,12.48,12.55,11.9,11.91,11.91,12.36,19420,241267.27,07-Sep-2026,59,INE804H01012
TRANSWORLD,BE,171,174.42,171,172,172,171,2327,404548.74,07-Sep-2026,35,INE757B01015
TRAVELFOOD,EQ,1296.5,1312.4,1280.2,1285.3,1281,1296.3,22411,29038800.90,07-Sep-2026,4062,INE103V01028
TREEHOUSE,EQ,6.3,6.35,6.06,6.1,6.15,6.29,13741,84770.32,07-Sep-2026,100,INE040M01013
TREJHARA,EQ,151.25,152.49,144.02,147.19,147.79,152.01,21367,3150316.89,07-Sep-2026,688,INE00CA01015
TRENT,EQ,2850,2854.4,2772.5,2814.5,2814.5,2853,1021019,2861668609.80,07-Sep-2026,52602,INE849A01020
TRF,EQ,231.7,235.99,230,235.13,235.7,231.59,14703,3442955.36,07-Sep-2026,389,INE391D01019
TBZ,EQ,528.9,528.9,528.9,528.9,528.9,480.85,318752,168587932.80,07-Sep-2026,2227,INE760L01018
TRIDENT,EQ,24.17,24.23,23.92,23.98,24.06,24.16,2135046,51259950.81,07-Sep-2026,10416,INE064C01022
TECHLABS,SM,117.2,118,115,115.9,117.4,115.2,12500,1456718.75,07-Sep-2026,72,INE0QD201012
TRIDHYA,ST,6.9,7.5,6.9,7.5,7.5,7.2,15000,107100.00,07-Sep-2026,4,INE0LWY01029
TRIGYN,EQ,58.7,60.25,58.3,59.88,59.35,58.97,30944,1850706.83,07-Sep-2026,1567,INE948A01012
TRITONV,EQ,1138.1,1152.6,1129.6,1140.5,1131,1136.1,1897,2171250.00,07-Sep-2026,296,INE440G01017
TRIVENI,EQ,277.05,283.95,273.15,276.1,275.7,275.65,626456,174980386.30,07-Sep-2026,11283,INE256C01024
TRITURBINE,EQ,577.3,578.9,565.5,568.75,572,577.3,209558,119711905.35,07-Sep-2026,31401,INE152M01016
TROM,SM,59,62,56,61.9,61.9,59.5,6600,394140.00,07-Sep-2026,11,INE0SYV01018
TRUALT,EQ,425.95,433.85,420,424.1,422.5,425.25,73764,31341559.15,07-Sep-2026,3218,INE0MWH01014
TRU,EQ,4.05,4.11,3.94,4.1,4.11,4.05,140699,573104.28,07-Sep-2026,279,INE615R01029
TRUST,SM,29.95,29.95,28.8,28.85,28.85,30,9600,278610.00,07-Sep-2026,15,INE0SWN01019
TSC,ST,43.05,45.2,43.05,45.2,45.2,43.05,76000,3430100.00,07-Sep-2026,17,INE16VK01010
TSFINV,EQ,405.45,410.25,400.5,403.6,404.5,404.7,36179,14639592.35,07-Sep-2026,2044,INE202Z01029
935TSIIC33,N0,107000,107570,107000,107570,107570,107000,8,858850.00,07-Sep-2026,2,INE1C3207024
TTKHLTCARE,EQ,1105,1128,1085.1,1091.1,1100,1100.2,62317,68600609.20,07-Sep-2026,3573,INE910C01018
TTKPRESTIG,EQ,562.8,567,545,548,548,562.75,66655,36857748.65,07-Sep-2026,5380,INE690A01028
TIINDIA,EQ,2690,2709,2679,2683,2683,2698,121565,326977783.10,07-Sep-2026,14050,INE974X01010
TUNWAL,SM,25.15,25.5,24.8,24.9,24.85,25.1,54000,1354600.00,07-Sep-2026,25,INE0OXV01027
TURTLEMINT,EQ,144.08,145.09,140.19,142.42,143,144.08,553335,79084529.51,07-Sep-2026,11738,INE0OC301013
TUTIALKA,EQ,61.84,61.9,58.61,59.74,60.49,60.36,9023,543470.09,07-Sep-2026,270,INE400A01014
TVTODAY,EQ,110.95,111.48,107.62,110.68,110.43,110.95,28994,3199428.65,07-Sep-2026,622,INE038F01029
TVVISION,BE,3.38,3.38,3.22,3.22,3.22,3.38,112582,362837.48,07-Sep-2026,108,INE871L01013
TVSELECT,EQ,422.5,423.35,417,418.8,417,420.85,15849,6651222.10,07-Sep-2026,940,INE236G01019
TVSHLTD,EQ,13774,14170,13601,13748,13706,13374,26789,371151476.00,07-Sep-2026,11747,INE105A01035
TVSMOTOR,EQ,4127,4159.9,4100.7,4132,4132,4133.1,353313,1459397845.40,07-Sep-2026,31539,INE494B01023
TVSSRICHAK,EQ,5230.5,5370,5230.5,5305,5290.5,5237.5,6409,33983625.00,07-Sep-2026,1965,INE421C01016
TVSSCS,EQ,130.95,132.99,127.84,129.05,129.35,130.41,429219,55489997.56,07-Sep-2026,7102,INE395N01027
TICL,BE,8.37,8.37,7.8,8.01,8.14,8.12,42805,348537.39,07-Sep-2026,112,INE388G01026
UPHOT,EQ,1355,1355,1320,1330,1330,1387,613,811610.10,07-Sep-2026,40,INE726E01014
UYFINCORP,BE,20.2,20.2,19.06,19.63,19.87,19.73,96033,1899572.19,07-Sep-2026,270,INE152C01025
UCAL,BE,151.65,151.65,145,148.38,148.4,146.02,12217,1806122.61,07-Sep-2026,84,INE139B01016
1015UCL27,NF,1000,1000,1000,1000,1000,997.42,37,37000.00,07-Sep-2026,7,INE583D07604
1050UCL28,NH,1010,1010,1010,1010,1010,1015,38,38380.00,07-Sep-2026,3,INE583D07596
UCOBANK,EQ,24.75,24.9,24.32,24.42,24.45,24.78,4573497,112336244.49,07-Sep-2026,14196,INE691A01018
UDAYJEW,EQ,168.4,171.6,148,167.58,165,143,638490,105016899.15,07-Sep-2026,4553,INE551B01012
USK,EQ,21.41,21.41,20.36,20.9,21.14,20.99,33012,684158.30,07-Sep-2026,179,INE0N0Y01013
UFLEX,EQ,684.15,685.5,668,682.7,681.5,675.6,152186,103160714.50,07-Sep-2026,5303,INE516A01017
UFO,EQ,66.2,66.2,64,64.51,64.22,65.09,47044,3062372.96,07-Sep-2026,699,INE527H01019
UGROCAP,EQ,86.35,87.25,84.92,85.42,86,86.35,117768,10155936.75,07-Sep-2026,1693,INE583D01011
UEL,EQ,245.8,245.8,229.52,229.52,229.52,241.6,34311,8079261.39,07-Sep-2026,643,INE899L01030
UJJIVANSFB,EQ,64.51,65.4,63.56,65.09,64.96,64.43,9339056,602720560.20,07-Sep-2026,38329,INE551W01018
UWCSL,SM,115.7,115.7,115.7,115.7,115.7,110.25,1000,115700.00,07-Sep-2026,1,INE00F301010
ULTRAMAR,EQ,437.15,441.7,428,429.4,428.2,437.15,41522,17970765.85,07-Sep-2026,4289,INE405A01021
ULTRACEMCO,EQ,11370,11370,11175,11175,11175,11408,214788,2411166520.00,07-Sep-2026,37736,INE481G01011
UMAEXPORTS,BE,23.5,23.5,23.5,23.5,23.5,23.97,4248,99828.00,07-Sep-2026,29,INE0GIU01018
UMIYA-MRO,EQ,108,109,104,104.82,104.3,104.42,41787,4425355.99,07-Sep-2026,667,INE398B01018
UNICHEMLAB,EQ,550.2,591.25,548,569.75,570,550.2,309037,175787714.85,07-Sep-2026,12401,INE351A01035
UNIECOM,EQ,88.38,88.38,85,85.36,85.85,87.62,288190,24692885.38,07-Sep-2026,2715,INE00U401027
UNIHEALTH,SM,715,720.95,700,720.45,720,724,21000,14998875.00,07-Sep-2026,36,INE0PRF01011
UNIINFO,EQ,11,11.2,10.62,11.06,11.2,11,1078,11863.18,07-Sep-2026,27,INE481Z01011
UNILEX,SM,26,27,26,27,27,27.75,3200,84800.00,07-Sep-2026,2,INE0B2801011
UNIMECH,EQ,1513,1528,1489,1495.7,1502.6,1502.7,169474,256042865.60,07-Sep-2026,14547,INE0U3I01011
UNIONBANK,EQ,186.5,188.45,183.2,186.04,186.04,187.22,12010754,2213908943.56,07-Sep-2026,44740,INE692A01016
UNIONGOLD,EQ,150,150.15,147.55,148.75,148.65,150.2,1064,157914.20,07-Sep-2026,103,INF582M01KS4
UNIPARTS,EQ,865.8,906.85,865.8,902.1,903.95,874.05,165683,147899291.85,07-Sep-2026,11592,INE244O01017
UNIENTER,EQ,92,95.5,92,92.85,92.6,93.19,4658,432803.65,07-Sep-2026,101,INE037A01022
UNITECH,EQ,4.24,4.44,4.16,4.22,4.24,4.08,17838014,76863361.71,07-Sep-2026,7947,INE694A01020
UBL,EQ,1283.8,1305.1,1275.3,1291,1288.4,1279.4,181984,234973522.10,07-Sep-2026,15443,INE686F01025
UNIDT,BE,220.95,235,220.04,233.24,233.5,225.46,80548,18450584.47,07-Sep-2026,316,INE961D01019
UFBL,BE,690.1,700,673.1,691.55,691.2,700.35,29545,20359091.35,07-Sep-2026,979,INE382M01027
UHTL,ST,161.55,161.55,161.55,161.55,161.55,158.4,6000,969300.00,07-Sep-2026,3,INE0SMR01011
UNITEDTEA,EQ,447.8,447.8,440.3,441.95,441.95,442.8,5946,2627761.40,07-Sep-2026,94,INE458F01011
UNITEDPOLY,EQ,42,43,41.25,42.88,42.91,41.66,182224,7711976.25,07-Sep-2026,1439,INE368U01029
UNITDSPR,EQ,1457.9,1468.4,1431.5,1440,1440,1471.7,377003,543707461.00,07-Sep-2026,22827,INE854D01024
UNIVAFOODS,BE,9.03,9.03,9.03,9.03,9.03,9.03,1150,10384.50,07-Sep-2026,4,INE275F01019
UNIVASTU,BE,164,171,163,169.89,169,168.34,72463,12122640.06,07-Sep-2026,460,INE562X01013
UNIVCABLES,EQ,1560.8,1586.2,1477,1487.6,1493,1576.3,287909,436898286.70,07-Sep-2026,28949,INE279A01012
UNIVPHOTO,BE,502,514.9,500,514.9,514.9,490.4,5224,2660377.75,07-Sep-2026,144,INE03V001013
UNOMINDA,EQ,1245,1252.1,1221.2,1241.7,1241.7,1249.7,390846,481683680.30,07-Sep-2026,24821,INE405E01023
915SCL26,NE,1083.99,1083.99,1081.1,1081.1,1081.1,1083.99,73,78991.42,07-Sep-2026,9,INE148I08256
96IIFL28A,NF,1003.42,1003.42,1002.5,1003,1003,1003.63,1490,1494454.41,07-Sep-2026,22,INE530B08102
IIFLZC28C,N6,1610,1610,1610,1610,1610,1599.95,200,322000.00,07-Sep-2026,1,INE477L08162
10IIFL28,N4,1008.99,1009,1006,1009,1009,1000,830,836871.36,07-Sep-2026,16,INE477L08147
96IIFL28,N5,1002.55,1004,1000,1000.59,1001,1002.24,1674,1675970.75,07-Sep-2026,44,INE477L08154
105IIFL29,N7,1052.6,1068,1050,1067,1067,1070,602,638032.60,07-Sep-2026,9,INE866I08295
885TCAPS29,NC,1059,1059,1048.9,1048.9,1048.9,1021,2,2107.90,07-Sep-2026,2,INE306N08342
UDS,EQ,239,239.5,216.2,217.84,217.3,239.03,398512,89883425.17,07-Sep-2026,11438,INE851I01011
UPL,EQ,580.1,586.75,573,573,573,582.15,1754057,1017697764.15,07-Sep-2026,23237,INE628A01036
USASEEDS,SM,93,94,88,94,94,92.4,1284,117700.00,07-Sep-2026,3,INE0CBM01019
URAVIDEF,BE,117.5,117.5,115.84,115.84,115.84,118.2,828,96622.06,07-Sep-2026,23,INE568Z01015
URBANCO,EQ,181.84,182.86,175.25,176.06,176.2,181.09,4774283,849544694.76,07-Sep-2026,38071,INE0CAZ01013
URBAN,SM,124.9,129.8,124.9,127.1,127.5,117.6,69600,8860920.00,07-Sep-2026,81,INE0O0201019
URJA,EQ,9.07,9.2,9,9.12,9.12,9.18,594104,5414883.57,07-Sep-2026,1915,INE550C01020
USHAFIN,SM,54.5,56.45,52.3,56.1,56.35,54.7,48000,2670240.00,07-Sep-2026,17,INE0LS001014
UMESLTD,EQ,5.19,5.19,4.92,5.09,5.1,5.09,22429,113760.42,07-Sep-2026,103,INE240C01028
USHAMART,EQ,514.15,515.1,498.45,500.3,499,514.15,545048,274425334.20,07-Sep-2026,21193,INE228A01035
UCL,ST,244.8,244.8,244.8,244.8,244.8,249.75,2000,489600.00,07-Sep-2026,1,INE00NI01015
UTIAMC,EQ,883.7,892.75,879,889.95,889,880.55,64072,56784849.75,07-Sep-2026,5332,INE094J01016
LIQUIDBETA,EQ,981.86,1019,981.86,1007.14,1007.14,1007.04,127,127910.80,07-Sep-2026,9,INF789F1AG68
NIF500BETA,EQ,38.29,38.3,37.21,37.24,37.25,37.54,2978,110976.74,07-Sep-2026,21,INF789F1AG76
BANKBETA,EQ,59.48,59.52,58.94,59.04,59,59.57,233415,13794219.54,07-Sep-2026,1024,INF789F1AUV1
GILT10BETA,EQ,27.11,27.6,26.23,26.4,26.4,26.58,503607,13294995.38,07-Sep-2026,72,INF789F1AZF3
GILT5BETA,EQ,67.6,69,65.81,66.94,66.94,66.94,202427,13420589.98,07-Sep-2026,55,INF789F1AZE6
ITBETA,EQ,318.2,318.27,314.67,316.25,317.12,322.95,1297,410936.01,07-Sep-2026,61,INF789F1AZD8
MIDCAPBETA,EQ,233.5,234.62,232.73,233.48,233.48,233.21,781,182748.99,07-Sep-2026,40,INF789F1AYX9
NEXT50BETA,EQ,79.05,79.44,78.5,78.66,78.9,79.05,77235,6080425.69,07-Sep-2026,792,INF789F1AUW9
NIFTYBETA,EQ,269.7,269.7,263.62,263.89,264,265.73,13709,3623448.23,07-Sep-2026,683,INF789F1AZC0
SENSEXBETA,EQ,850.89,851.5,843,843.38,843,850.89,1030,870932.76,07-Sep-2026,237,INF789FB1X58
SILVERBETA,EQ,223.49,223.49,220.67,222.04,221.71,224.83,369041,81789380.45,07-Sep-2026,3601,INF789F1AYK6
SNXT50BETA,EQ,92.6,95.98,92.6,94.03,94.55,94.98,3237,305275.30,07-Sep-2026,153,INF789F1AUU3
GOLDBETA,EQ,128.2,128.25,127,128,128,129.5,1004130,128345875.30,07-Sep-2026,4263,INF789F1AUX7
UTKARSHBNK,EQ,14.64,15.1,14.4,15.03,15.02,14.56,8467823,126061238.88,07-Sep-2026,8240,INE735W01017
UTSSAV,SM,475.1,508,475.1,491.4,495,468.3,36000,17792040.00,07-Sep-2026,54,INE06IJ01010
UTTAMSUGAR,EQ,283.45,294,281.2,284,285,281.2,343123,98419123.30,07-Sep-2026,9167,INE786F01031
VMARCIND,SM,303.1,315.9,288.1,303,301.15,320.1,1245000,374743500.00,07-Sep-2026,749,INE0GXK01018
VR,SM,107.1,107.1,107.1,107.1,107.1,102,400,42840.00,07-Sep-2026,1,INE0QQM01017
VTMLTD,EQ,58.9,58.9,55.5,56.49,57.15,56.12,10946,624746.28,07-Sep-2026,119,INE222F01029
VGUARD,EQ,333.9,335.45,330.85,332.55,332.55,335.4,382618,127311229.00,07-Sep-2026,10262,INE951I01027
VLINFRA,SM,27.8,27.8,27.8,27.8,27.8,27.8,3000,83400.00,07-Sep-2026,1,INE0QXL01015
V2RETAIL,EQ,220,225.7,217.69,222.42,221.97,216.5,3160103,703834945.51,07-Sep-2026,35593,INE945H01021
WABAG,EQ,2029,2064.8,1985.3,2008,2012,2005.3,388707,783566868.90,07-Sep-2026,25811,INE956G01038
VADILENT,EQ,10399,10950,10399,10730,10500,10045,22,232550.00,07-Sep-2026,22,INE693D01018
VADILALIND,EQ,7629,7692.5,7456,7505.5,7477,7655,21025,158520745.00,07-Sep-2026,5101,INE694D01016
VAIBHAVGBL,EQ,218,220.07,215.7,216.49,216.02,218.74,194020,42208736.31,07-Sep-2026,6302,INE884A01027
MADHAVBAUG,ST,160,160,152.55,153.7,152.55,160.5,8400,1328900.00,07-Sep-2026,13,INE0JR301013
VAISHALI,EQ,8.53,8.53,8.21,8.37,8.4,8.32,91770,764940.98,07-Sep-2026,212,INE972X01022
VAKRANGEE,EQ,5.79,5.81,5.61,5.66,5.69,5.79,1770839,10110743.44,07-Sep-2026,2642,INE051B01021
VALIANTLAB,BE,110.9,110.9,104.1,108.7,108.74,105.97,171865,18726517.08,07-Sep-2026,696,INE0JWS01017
VALIANTORG,BE,325,333,322,326.1,329,320.25,27827,9101786.35,07-Sep-2026,438,INE565V01010
DBREALTY,EQ,103.25,103.25,100.12,100.88,100.8,102.57,833894,84521430.27,07-Sep-2026,6893,INE879I01012
VALUE360,SM,72,72.05,69.25,69.75,69.25,74,7200,510360.00,07-Sep-2026,6,INE1E7Y01018
VARDHACRLC,BE,43.21,44,42.51,42.79,43.49,43.59,36959,1594686.58,07-Sep-2026,330,INE116G01013
VHL,EQ,3576,3675,3576,3620.8,3628,3626.4,193,702996.90,07-Sep-2026,63,INE701A01023
VARDMNPOLY,EQ,5.91,5.98,5.8,5.89,5.9,5.87,62048,365615.10,07-Sep-2026,248,INE835A01029
VSSL,EQ,363.9,370,355.3,356.45,357.1,364.15,70989,25730891.20,07-Sep-2026,3329,INE050M01012
VTL,EQ,592,598.5,586.4,590.2,589,598.2,209417,124134470.65,07-Sep-2026,11382,INE825A01020
VARROC,EQ,821.05,832,813,827.05,832,826.35,154732,127167034.05,07-Sep-2026,9317,INE665L01035
VBL,EQ,406,407.6,404,405.95,405.95,407.6,5062827,2051989561.40,07-Sep-2026,71778,INE200M01039
VGL,EQ,52.43,55.81,51.5,53.52,52.1,53.31,47866,2540070.95,07-Sep-2026,1061,INE273D01027
DENTALKART,SM,402.05,417.9,399,417.2,417,412,6250,2535487.50,07-Sep-2026,24,INE0N5801013
VASA,SM,3.85,3.85,3.85,3.85,3.85,4.05,4000,15400.00,07-Sep-2026,1,INE068Z01016
VASCONEQ,EQ,30.56,30.79,30,30.09,30.01,30.47,143213,4322631.73,07-Sep-2026,674,INE893I01013
VASWANI,EQ,47.49,47.49,45.51,45.85,46.49,47.01,26758,1236225.08,07-Sep-2026,353,INE590L01019
VCL,BE,1.53,1.53,1.51,1.51,1.51,1.58,290941,440271.93,07-Sep-2026,180,INE098201036
1025VCCL28,N0,94001,94001,94001,94001,94001,96000,1,94001.00,07-Sep-2026,1,INE04HY07294
12VCCL27,N0,99500,101500,99500,101500,101500,99500,8,805000.00,07-Sep-2026,6,INE04HY07161
12VCCL29B,N0,99989,99989,99989,99989,99989,98000,5,499945.00,07-Sep-2026,1,INE04HY07229
125VCCL31,N0,97000,97000,97000,97000,97000,97199,2,194000.00,07-Sep-2026,1,INE04HY08011
VDEAL,SM,152.1,153.8,149,149,149,157,22200,3365430.00,07-Sep-2026,36,INE0U2M01015
MANYAVAR,EQ,597.1,598.2,583.55,586.25,588,594.2,271674,160307640.85,07-Sep-2026,10575,INE825V01034
VAML,EQ,438,440,434.25,438.9,438.8,437.75,3188490,1395838323.80,07-Sep-2026,71858,INE1CDF01017
VISL,EQ,35.76,36.34,34.52,34.64,34.7,35.39,21758859,766818709.34,07-Sep-2026,50439,INE1CLE01013
VEDL,EQ,272.1,272.5,267,268,268,272.1,4892640,1315933648.00,07-Sep-2026,51799,INE205A01025
VOGL,EQ,38.02,38.09,36.8,36.94,37.03,38.02,26950606,1004243383.85,07-Sep-2026,54715,INE704J01044
VEDPOWER,EQ,34.2,34.54,33.75,34.12,34.46,34.2,12155109,413462058.55,07-Sep-2026,43256,INE694L01019
VEDAVAAG,EQ,18.3,18.5,17,18.15,18.1,18.17,31991,586983.70,07-Sep-2026,199,INE359B01010
VEEDOL,EQ,1464,1481,1452.2,1456.3,1455.3,1476.8,6133,8976197.60,07-Sep-2026,1171,INE484C01030
VEEKAYEM,SM,109.1,111.5,107.4,111.5,111.5,113.05,4500,491350.00,07-Sep-2026,9,INE0KTW01013
VELJAN,BE,1888.3,1935,1832,1902.3,1917,1878.9,1081,2064973.60,07-Sep-2026,121,INE232E01013
VENKEYS,EQ,1640.8,1670.9,1631.6,1648.3,1644.3,1659.6,40538,66725552.50,07-Sep-2026,5260,INE398A01010
VENTIVE,EQ,604.5,604.5,578,580.55,579.05,588.2,12470,7265243.85,07-Sep-2026,1265,INE781S01027
VENUSPIPES,EQ,1639.8,1821,1639.8,1805.4,1811,1631,603283,1063932524.10,07-Sep-2026,43337,INE0JA001018
VENUSREM,BE,1694.4,1724.9,1652.1,1669.4,1657.1,1694.4,17771,29909029.70,07-Sep-2026,855,INE411B01019
VERANDA,EQ,244,246.63,241,241.81,242.97,242.63,113164,27469712.17,07-Sep-2026,2346,INE0IQ001011
VERITAAS,SM,29.2,29.2,28.5,28.75,28.75,29.9,4800,138600.00,07-Sep-2026,4,INE0SRI01019
VERTEXPLUS,SM,57,59.5,57,57.5,59.5,56.7,3000,172500.00,07-Sep-2026,2,INE0NLB01018
VERTIS,IV,119,119,117,117,117,115.05,50000,5900000.00,07-Sep-2026,2,INE0KXY23015
VERTOZ,EQ,38.2,38.67,36.27,37.04,37.12,37.66,43316,1628041.89,07-Sep-2026,474,INE188Y01031
VESUVIUS,EQ,422.4,424.9,416.8,419.55,419.05,419.15,70358,29573755.15,07-Sep-2026,2903,INE386A01023
VETO,BE,126.99,126.99,124.1,125.62,125.6,125.5,30100,3778935.69,07-Sep-2026,208,INE918N01018
VIAZ,SM,68.5,70.85,68.5,70.85,70.85,67.5,8000,562000.00,07-Sep-2026,4,INE0MO401019
VSTL,EQ,118.01,123.15,118.01,121.75,121.7,117.66,37905,4591154.89,07-Sep-2026,883,INE0QTF01015
VGCL,EQ,52.62,53.37,50.15,50.98,50.65,52.62,5319,275852.88,07-Sep-2026,82,INE761Q01015
VHLTD,BE,117.45,124,116.1,121.87,123.5,118.21,265117,31562102.35,07-Sep-2026,393,INE048C01025
VHLTD-RE1,BE,0.68,0.68,0.68,0.68,0.68,0.49,78853,53620.04,07-Sep-2026,90,INE048C20025
VICTORYEV,SM,15.3,15.3,15.3,15.3,15.3,15.65,6000,91800.00,07-Sep-2026,2,INE0F8901022
VIDHIING,EQ,351,355.95,348,349,348,347.75,11998,4218052.50,07-Sep-2026,834,INE632C01026
VIDYAWIRES,EQ,90.9,90.99,87.55,88.15,88.15,90.13,876024,78097189.64,07-Sep-2026,7029,INE14UN01029
VIGOR,SM,103.85,112.75,103.85,112.75,112.75,102.5,44800,4968400.00,07-Sep-2026,28,INE1DM601016
VIJSOLX,EQ,684.25,687,677.8,682.1,682.1,687.7,99,67191.40,07-Sep-2026,18,INE362D01010
VIJAYA,EQ,1493.2,1527.5,1487.9,1497.5,1497,1493.2,101311,152720072.90,07-Sep-2026,11341,INE043W01024
VIJAYPD,SM,63,66.75,63,66.75,66.75,63,8000,519000.00,07-Sep-2026,4,INE0WL901019
VIJIFIN,BE,16.91,16.91,16.91,16.91,16.91,16.58,14384,243233.44,07-Sep-2026,39,INE159N01027
VIKASECO,EQ,1.07,1.08,1.06,1.07,1.07,1.07,1477986,1581705.92,07-Sep-2026,1250,INE806A01020
VIKASLIFE,EQ,1.29,1.3,1.26,1.29,1.3,1.29,1692409,2178708.84,07-Sep-2026,10898,INE161L01027
VIKRAMSOLR,EQ,168.6,168.85,165.25,165.81,166.3,168.45,2014976,334931581.31,07-Sep-2026,17421,INE078V01014
VIKRAN,EQ,61,61.37,59.88,60.6,60.2,60.77,1147055,69528612.29,07-Sep-2026,6432,INE01R501028
VILAS,SM,356,360.95,354.15,356.3,355,353.7,60500,21516025.00,07-Sep-2026,58,INE0AZY01017
VILINBIO,SM,56.95,56.95,56.9,56.95,56.95,54.25,72000,4100000.00,07-Sep-2026,17,INE0L4V01013
VIMTALABS,EQ,636,644.65,633.15,640.65,641.45,635.65,109952,70377817.35,07-Sep-2026,4772,INE579C01029
VINATIORGA,EQ,1312.2,1315.7,1295.6,1298.9,1305,1310.7,44434,57846583.20,07-Sep-2026,5584,INE410B01037
VINDHYATEL,EQ,2755,2952.6,2750.3,2765,2778,2732.7,214917,615347625.50,07-Sep-2026,25198,INE707A01012
VINEETLAB,EQ,37.9,38.3,37.17,37.28,37.25,37.37,70769,2646469.04,07-Sep-2026,240,INE505Y01010
VMOBILE,SM,59,59,56.5,56.6,57,58.85,18400,1053680.00,07-Sep-2026,22,INE27V201011
VINNY,EQ,1.02,1.04,1,1.01,1.01,1.02,431438,439466.78,07-Sep-2026,249,INE01KI01027
VINSYS,ST,598.5,598.5,596.5,596.5,596.5,597,1250,746625.00,07-Sep-2026,4,INE0OSJ01014
VINCOFE,EQ,170.58,185.5,170.48,178.88,178.74,170.65,4026692,723677166.49,07-Sep-2026,37615,INE498Q01014
VINYAS,SM,1567.15,1567.15,1507.55,1520.25,1524.9,1559.35,6800,10361185.00,07-Sep-2026,59,INE0OLS01010
VINYLINDIA,EQ,227.6,232.3,227,228.68,227.1,232.38,5175,1189364.16,07-Sep-2026,261,INE250B01029
VIPCLOTHNG,EQ,20.15,20.7,20.1,20.16,20.28,20.15,36857,745548.09,07-Sep-2026,145,INE450G01024
VIPIND,EQ,314.05,325.45,312.8,320.5,322.25,314.05,613544,197369301.30,07-Sep-2026,15001,INE054A01027
VIPULLTD,BE,13.71,13.71,13.71,13.71,13.71,13.98,18348,251551.08,07-Sep-2026,41,INE946H01037
VIRAT,EQ,429,440.95,404.4,433.2,428,423.35,6095,2607596.70,07-Sep-2026,584,INE467D01017
VIRINCHI,EQ,14.5,14.9,14.11,14.31,14.35,14.7,163647,2355652.09,07-Sep-2026,501,INE539B01017
VGINFOTECH,SM,140,143.55,139,140.75,141,139.4,22000,3087150.00,07-Sep-2026,21,INE0VRH01015
VIRTUALG,BE,0.48,0.48,0.45,0.45,0.46,0.47,348816,160030.82,07-Sep-2026,313,INE247C01023
VOEPL,EQ,553.2,574.95,538.6,543.15,541,553.2,99932,55769825.45,07-Sep-2026,4248,INE0I0T01010
VISACHROME,EQ,37.47,39.45,36.66,36.73,36.7,38.34,135928,5031046.76,07-Sep-2026,443,INE286H01012
VIVIDHA,EQ,0.52,0.54,0.51,0.51,0.52,0.52,127511,66603.44,07-Sep-2026,194,INE370E01029
VISAKAIND,EQ,96,96,91.28,92.17,92.78,93.37,303340,28368463.28,07-Sep-2026,3887,INE392A01021
VISAMAN,SM,58.35,58.35,58.35,58.35,58.35,61.4,1000,58350.00,07-Sep-2026,1,INE0BHK01012
VISDEM,SM,103.75,103.75,98,98,98,103.75,6000,606600.00,07-Sep-2026,5,INE0OWX01025
VISHAL,EQ,19.13,19.5,17.35,18.24,18.4,18.67,81605,1510495.11,07-Sep-2026,425,INE755Q01025
VMM,EQ,106.15,106.57,103.06,104,104,106.14,19261503,2004453331.85,07-Sep-2026,70256,INE01EA01019
VISHNU,EQ,700,744,698,726.5,729,702,401102,292984864.55,07-Sep-2026,17810,INE270I01022
VPRPL,EQ,36.38,36.44,34,34.27,34.69,36.28,480055,16763110.31,07-Sep-2026,2569,INE0AE001013
VISHNUINFR,SM,155.55,160.95,155.55,157.1,157.1,158,4000,631550.00,07-Sep-2026,8,INE0PQ001012
VISHWARAJ,EQ,5.91,6.22,5.9,5.96,5.97,5.9,862570,5237680.52,07-Sep-2026,1090,INE430N01022
VIESL,SM,396,402.2,390,394.1,394,393.1,29600,11667560.00,07-Sep-2026,27,INE0TR001017
VITAL,EQ,57,58,54.1,56.59,56.65,55.72,4143,232975.26,07-Sep-2026,51,INE0L4K01016
VIVIANA,EQ,816,830,773,776.55,774,804.7,41040,32634635.10,07-Sep-2026,1280,INE0MEG01014
VIVIDEL,SM,1654.95,1750.05,1620.15,1696.1,1705,1591.6,73920,124238016.00,07-Sep-2026,264,INE24H301028
VIVIMEDLAB,BE,6.51,6.51,6.45,6.45,6.45,6.58,43686,281790.35,07-Sep-2026,44,INE526G01021
VIVOBIOT,EQ,19,19.08,18.42,18.99,19,18.8,39076,738539.14,07-Sep-2026,209,INE380K01017
VIYASH,EQ,266.5,266.9,262.55,263.65,263.75,265.85,2271312,599267637.80,07-Sep-2026,24114,INE807F01027
VLEGOV,EQ,10.98,10.98,10.26,10.47,10.48,10.61,99020,1030888.34,07-Sep-2026,592,INE03HW01020
VLSFINANCE,EQ,245,247.8,244,244.43,244.4,246.44,5921,1452124.69,07-Sep-2026,187,INE709A01018
VMART,EQ,829.35,831.9,815,826.2,824,824.2,58090,47881089.35,07-Sep-2026,5538,INE665J01013
VMSTMT,EQ,45.45,45.6,44.1,44.58,44.53,45.46,29817,1338142.33,07-Sep-2026,436,INE0SJA01013
IDEA,EQ,15.09,15.68,15.06,15.6,15.6,15.02,695355022,10784957564.93,07-Sep-2026,975938,INE669E01016
VOITHPAPR,EQ,1487.9,1488,1436,1475.5,1480,1458.6,361,529074.20,07-Sep-2026,44,INE285C01015
VOLERCAR,SM,247.5,251.95,232.6,235.9,235.9,246.95,30400,7336880.00,07-Sep-2026,28,INE241X01014
VOLTAMP,EQ,11500,11502,10951,11067,11098,11418,35462,393739670.00,07-Sep-2026,14614,INE540H01012
VOLTAS,EQ,1170,1176.4,1164.4,1167.2,1167.2,1170,402813,471454207.10,07-Sep-2026,15585,INE226A01021
VRAJ,EQ,121.53,124,121.53,122.14,122.67,121.71,9594,1178415.63,07-Sep-2026,275,INE0S2V01010
VRLLOG,EQ,297.7,298.9,291.15,292.75,293,297.7,144481,42505101.85,07-Sep-2026,9699,INE366I01010
VSTIND,EQ,208,208.5,205.97,206.96,207.39,208.15,94351,19530005.49,07-Sep-2026,3240,INE710A01016
VSTTILLERS,EQ,4208.5,4208.8,4113,4131.9,4138,4187.6,6410,26624376.00,07-Sep-2026,1837,INE764D01017
WHBRADY,EQ,493,497,493,495.5,495.5,482.2,12,5945.00,07-Sep-2026,4,INE855A01019
WPIL,EQ,445,445,433,435.3,435,443.9,31690,13840572.90,07-Sep-2026,1539,INE765D01022
WSI,EQ,60.5,61.31,59.71,61,60.04,60.37,83914,5087111.76,07-Sep-2026,1853,INE100D01014
WAAREEENER,EQ,2626,2653,2590,2593,2593,2635,382404,999493237.90,07-Sep-2026,23903,INE377N01017
WAAREERTL,EQ,851.4,857.8,848.8,852.6,850,858.95,78010,66454739.95,07-Sep-2026,5663,INE299N01021
WAKEFIT,EQ,152.28,157.48,151.7,155.34,155.55,151.55,1054577,164054501.07,07-Sep-2026,13998,INE0E7301029
WALCHANNAG,EQ,208.61,225.5,206.91,223.36,224.72,208.61,2190611,481524459.03,07-Sep-2026,24589,INE711A01022
WALPAR,SM,22.8,23.05,22.8,23.05,23.05,23.75,4000,91700.00,07-Sep-2026,2,INE0G2G01015
WANBURY,EQ,243.1,253,240,250.55,252,246.2,140282,34484692.90,07-Sep-2026,4136,INE107F01022
WARDINMOBI,EQ,5.94,5.98,4.69,5.77,5.8,5.86,385034,2175807.41,07-Sep-2026,1056,INE945P01024
WATERBASE,EQ,49,49.84,47.71,48.49,48.5,48.63,23118,1134753.96,07-Sep-2026,235,INE054C01015
CORDELIA,EQ,103.9,109.09,102.01,109.08,109.09,103.9,3042994,327804099.02,07-Sep-2026,12991,INE0LZF01039
1075WCA28,N0,9357.98,9500,9357.98,9500,9500,9405,5,47357.98,07-Sep-2026,3,INE0A3007065
WEWIN,EQ,41,43.9,41,41.97,41.9,41.91,907,38449.47,07-Sep-2026,34,INE082W01014
TWCGOLDETF,EQ,152.93,152.93,149.93,151.22,151.14,152.93,3316,501139.20,07-Sep-2026,825,INF2F0001370
WEALTH,EQ,841.7,852.7,832,839.25,844.95,841.7,1513,1272797.15,07-Sep-2026,151,INE658T01017
WEBELSOLAR,EQ,74,75.81,73.9,75.21,75.38,74.53,1728404,129292000.34,07-Sep-2026,10584,INE855C01023
WEIZMANIND,EQ,74.5,75.85,72.5,73.37,75.85,74.5,802,58826.52,07-Sep-2026,52,INE080A01014
WELCORP,EQ,2584.9,2674.8,2536.8,2597.9,2600,2590.6,1503451,3943834972.40,07-Sep-2026,101258,INE191B01025
WELENT,EQ,813.6,815.2,772.5,783.5,783.1,813.6,621082,491081752.55,07-Sep-2026,19272,INE625G01013
WELINV,BE,2275.3,2275.3,2275.3,2275.3,2275.3,2230.7,20,45506.00,07-Sep-2026,5,INE389K01018
WELSPUNLIV,EQ,210,216,209.02,211.95,212.92,208.51,6124120,1303868241.11,07-Sep-2026,65773,INE192B01031
WELSPLSOL,EQ,60.44,61.99,58.5,58.99,59.3,59.55,2204084,132860825.72,07-Sep-2026,16833,INE731F01037
WENDT,EQ,8160,8420,8113.5,8340,8284.5,8160,8810,73381555.00,07-Sep-2026,2596,INE274C01019
WSTCSTPAPR,EQ,648.5,693,644.55,687.5,689,650.25,605527,409178016.00,07-Sep-2026,25001,INE976A01021
WCIL,EQ,84,84.45,82.5,82.78,82.5,83.38,55033,4578043.09,07-Sep-2026,1144,INE0CJF01024
WESTLIFE,EQ,528,538.85,520.2,533.05,530,530.6,32363,17078537.45,07-Sep-2026,3204,INE274F01020
WEWORK,EQ,666.95,688.35,666.55,675.35,675,666.95,160167,108394334.35,07-Sep-2026,16097,INE085001019
WHEELS,EQ,1740,1799.9,1713.1,1755.4,1768,1724.9,341864,597654172.30,07-Sep-2026,22050,INE715A01015
WHIRLPOOL,EQ,818.4,825,809,815.35,814,815.95,199585,162542130.45,07-Sep-2026,13972,INE716A01013
WILLAMAGOR,EQ,25.4,25.4,23.5,23.76,23.61,25.4,10152,248738.98,07-Sep-2026,120,INE210A01017
WINDLAS,EQ,1150,1181.9,1145,1154.75,1152,1126.35,275989,320835677.50,07-Sep-2026,21026,INE0H5O01029
WINDMACHIN,EQ,303.1,316.15,302.05,310.5,310.2,304.25,94815,29450245.60,07-Sep-2026,2873,INE052A01021
WINSOL,SM,114,116,114,116,116,116,2400,276800.00,07-Sep-2026,4,INE0S3D01016
WIPRO,EQ,175.89,176.47,172.65,172.8,172.8,176.4,10720636,1861327806.30,07-Sep-2026,104981,INE075A01022
WTICAB,SM,104.5,105,99,101.35,101.5,104.15,44000,4473650.00,07-Sep-2026,56,INE623Y01011
WOCKPHARMA,EQ,2112.5,2236,2076.2,2208,2212.8,2088.7,4319658,9416811126.00,07-Sep-2026,189291,INE049B01025
WOL3D,SM,136.5,142.4,136.5,142.35,142.35,136.5,3000,421250.00,07-Sep-2026,3,INE0OO201011
WOMANCART,ST,105.5,108.55,101.5,103.9,108.35,105.7,14400,1502140.00,07-Sep-2026,32,INE0Q9601016
WEL,EQ,75.5,76.68,72.23,72.23,72.23,76.03,1602669,116779296.95,07-Sep-2026,7887,INE02WG01024
WONDERLA,EQ,538.6,538.6,521.1,526.3,526,533.9,40911,21565677.75,07-Sep-2026,2347,INE066O01014
WORTHPERI,EQ,150.3,156.5,150.3,154.99,154.9,154.99,3939,609729.17,07-Sep-2026,48,INE196Y01018
XCHANGING,EQ,61.38,64.8,60.63,64.3,64.4,61.4,325705,20650901.04,07-Sep-2026,2093,INE692G01013
XELPMOC,EQ,80,81,77.48,78.08,78.39,80.14,13772,1083743.50,07-Sep-2026,264,INE01P501012
XPROINDIA,EQ,1326,1408.7,1326,1362,1350,1325.1,340774,465904868.50,07-Sep-2026,22951,INE445C01015
XTGLOBAL,EQ,31.06,32.45,31,32,32.38,31.69,71432,2274216.39,07-Sep-2026,994,INE547B01028
XTRANET,EQ,242,281.08,236.58,279.83,281.08,234.24,13668382,3666944840.41,07-Sep-2026,149232,INE0NG701011
YAAP,SM,138.2,142.5,134,134,134,137.8,29000,4022400.00,07-Sep-2026,29,INE0U0J01015
YASHOPTICS,SM,123.75,123.75,114.95,116.35,117,123.75,16800,1968240.00,07-Sep-2026,20,INE0TO601017
YASHO,EQ,4134.1,4162.5,3958.1,3987.8,3998,4134.1,28306,114036183.50,07-Sep-2026,5261,INE616Z01012
YCCL,SM,8.5,9.15,8,8.55,8.6,8.6,51000,432000.00,07-Sep-2026,15,INE08S201019
YATHARTH,EQ,995,1019,985.6,994.8,991,991.1,357062,358123002.20,07-Sep-2026,17277,INE0JO301016
YATRA,EQ,113,117.45,112.2,114.97,114.7,113.49,1530727,176982045.61,07-Sep-2026,12572,INE0JR601024
YESBANK,EQ,22.44,22.59,22.28,22.42,22.42,22.5,33364009,746639916.98,07-Sep-2026,68684,INE528G01035
YOGI,EQ,163.4,163.4,155,163.25,163.25,163.45,4221,689213.00,07-Sep-2026,64,INE290E01011
YUDIZ,SM,27.95,27.95,25.65,25.95,25.65,26.95,5600,147040.00,07-Sep-2026,5,INE09FA01019
YUKEN,EQ,1015.85,1024.05,994.3,1005.6,999.5,1010.8,9288,9342294.95,07-Sep-2026,876,INE384C01016
ZFSTEERING,EQ,678,678,652.2,668.5,663,667.5,9550,6338627.45,07-Sep-2026,275,INE116C01012
ZTECH,SM,471,479.95,462.4,467.65,466.25,476.3,14700,6903285.00,07-Sep-2026,44,INE0ISZ01012
ZAGGLE,EQ,180.65,184.5,177,183.49,184.43,180.77,1176464,212546747.18,07-Sep-2026,17048,INE07K301024
ZEAL,SM,65.5,78.6,65.5,78.6,78.6,65.5,43800,3386700.00,07-Sep-2026,21,INE0PPS01018
ZEEL,EQ,88,89,85.42,85.99,85.73,91.61,42609965,3698608645.52,07-Sep-2026,135743,INE256A01028
ZEELEARN,BE,7.2,7.2,6.74,6.78,6.84,7.09,483351,3318572.27,07-Sep-2026,698,INE565L01011
ZEEMEDIA,EQ,8.2,8.22,7.77,7.94,7.93,8.22,5318153,41930524.98,07-Sep-2026,4409,INE966H01019
ZENTEC,EQ,1801.4,1842,1780,1794.6,1804.6,1801.4,344083,618355979.30,07-Sep-2026,18692,INE251B01027
ZENITHDRUG,SM,42,46.4,42,45.45,46.4,42.75,24000,1067120.00,07-Sep-2026,26,INE0QWN01013
ZENITHEXPO,EQ,207,214,193.9,196.57,196.5,204.1,1681,341731.85,07-Sep-2026,42,INE058B01018
ZENITHSTL,EQ,6.15,6.5,5.8,6.03,6.09,5.9,377098,2323639.41,07-Sep-2026,773,INE318D01020
ZENSARTECH,EQ,462.7,463.1,450,453.85,452.75,461.55,659073,299200777.70,07-Sep-2026,20746,INE520A01027
GOLDCASE,EQ,24.11,24.11,23.74,23.9,23.89,24.21,13980715,333197977.55,07-Sep-2026,22196,INF0R8F01042
LIQUIDCASE,EQ,115.8,115.82,115.8,115.81,115.81,115.8,15135867,1752881793.55,07-Sep-2026,15061,INF0R8F01034
LTGILTCASE,EQ,31.02,31.02,30.31,30.45,30.41,30.41,146580,4461136.64,07-Sep-2026,405,INF0R8F01133
MID150CASE,EQ,11.79,11.79,11.51,11.63,11.65,11.68,1349390,15704208.22,07-Sep-2026,5790,INF0R8F01059
NIFTYCASE,EQ,9.88,9.88,9.55,9.56,9.6,9.64,1224251,11729978.02,07-Sep-2026,2829,INF0R8F01166
SILVERCASE,EQ,23.33,23.4,23.2,23.31,23.32,23.61,6085242,141739323.50,07-Sep-2026,9190,INF0R8F01091
SML100CASE,EQ,11.41,11.77,11.31,11.44,11.45,11.43,1144688,13095269.16,07-Sep-2026,1879,INF0R8F01141
TOP100CASE,EQ,10.43,10.74,10.42,10.47,10.5,10.54,857161,8990089.32,07-Sep-2026,1828,INF0R8F01067
ZFCVINDIA,EQ,2550.4,2551,2471.1,2491.7,2494.7,2551.9,49999,124916738.40,07-Sep-2026,8905,INE342J01019
ZIMLAB,EQ,126,132.1,125.9,129.16,129.9,125.5,83808,10811695.24,07-Sep-2026,1340,INE518E01015
ZODIACLOTH,EQ,73,73.65,71.52,71.85,72,72.23,2628,189947.81,07-Sep-2026,56,INE206B01013
ZODIAC,EQ,245.15,246.37,236.12,237.16,236.56,240.17,10640,2561023.69,07-Sep-2026,485,INE761Y01019
ZOTA,EQ,1138.1,1138.1,1087,1089.7,1087,1132.4,29556,32620864.20,07-Sep-2026,2343,INE358U01012
ZUARI,EQ,224.83,231.1,223.53,226.85,226,225.56,123314,28025722.10,07-Sep-2026,2562,INE840M01016
ZUARIIND,EQ,276.45,286.5,274.8,280.4,282,276.45,98022,27628736.80,07-Sep-2026,4008,INE217A01012
ZYDUSLIFE,EQ,1114.2,1163,1114.1,1156.9,1156.9,1120,2107281,2419851183.40,07-Sep-2026,39710,INE010B01027
ZYDUSWELL,EQ,537.3,581,536.65,555.35,551.5,531.7,7627303,4312649063.75,07-Sep-2026,158027,INE768C01028
