SYMBOL,SERIES,OPEN,HIGH,LOW,CLOSE,LAST,PREVCLOSE,TOTTRDQTY,TOTTRDVAL,TIMESTAMP,TOTALTRADES,ISIN
SGBJUN28,GB,14100,14349,14030.02,14090,14090,14063.15,36,507601.99,29-Jul-2026,12,IN0020200104
SGBN28VIII,GB,14100,14100,14037,14085.25,14090,14108.71,318,4474583.72,29-Jul-2026,87,IN0020200286
SGBMAY29I,GB,14125,14270,14125,14150.92,14150,14101.66,272,3845567.79,29-Jul-2026,56,IN0020210053
SGBJUN29II,GB,14100,14100,14020.01,14061.74,14060,14107.21,392,5510511.53,29-Jul-2026,45,IN0020210061
SGBJU29III,GB,14000,14199.99,14000,14110.14,14110.14,14100,114,1607557.14,29-Jul-2026,23,IN0020210087
SGBSEP29VI,GB,14120,14150,14061.01,14128.16,14150,14127.77,151,2129757.82,29-Jul-2026,30,IN0020210145
SGBNV29VII,GB,14075,14158,14012.01,14100,14100,14120.06,348,4901350.77,29-Jul-2026,39,IN0020210178
SGBOCT26,GB,14300,14300,14300,14300,14300,14300,2,28600.00,29-Jul-2026,1,IN0020180249
SGBDEC26,GB,14200,14499,14010.01,14061.08,14050,14399.99,35,495182.89,29-Jul-2026,12,IN0020180389
SGBJUL27,GB,14099,14099,14060,14060,14060,14078.18,3,42258.00,29-Jul-2026,2,IN0020190081
SGBAUG27,GB,14180,14211,14180,14211,14211,14205,13,184642.00,29-Jul-2026,8,IN0020190107
SGBSEP27,GB,14100,14100,14100,14100,14100,14100,4,56400.00,29-Jul-2026,3,IN0020190115
SGBJAN27,GB,14199.97,14199.97,14199.97,14199.97,14199.97,14250,3,42599.91,29-Jul-2026,2,IN0020180462
SGBOCT27,GB,14080,14080,14080,14080,14080,14080,2,28160.00,29-Jul-2026,1,IN0020190370
SGBFEB27,GB,14421.75,14421.75,14260,14260,14260,14350,8,114241.75,29-Jul-2026,2,IN0020180561
SGBDC27VII,GB,14137.85,14143,14025,14143,14143,14208.89,48,674692.35,29-Jul-2026,11,IN0020190461
SGBAPR28I,GB,14147.11,14217.85,14127.11,14155.71,14150,14108.37,88,1244790.73,29-Jul-2026,28,IN0020200062
SGBMAY28,GB,14100,14100,14003,14054.41,14075.5,14081.32,32,449969.43,29-Jul-2026,25,IN0020200088
SGBJUL28IV,GB,14070.76,14070.76,14026,14060,14060,14070.76,242,3403573.57,29-Jul-2026,39,IN0020200146
SGBFEB28IX,GB,14224,14224,14150,14150,14150,14350,9,127424.00,29-Jul-2026,3,IN0020190545
SGBAUG28V,GB,14199,14223.99,14151,14164.9,14170,14203.2,381,5408690.54,29-Jul-2026,57,IN0020200161
SGBSEP28VI,GB,14021,14100,14021,14091.59,14091.06,14134.07,806,11352731.73,29-Jul-2026,64,IN0020200195
SGBOC28VII,GB,14097.99,14097.99,14040.1,14089.99,14090,14117.4,67,943751.48,29-Jul-2026,13,IN0020200203
SGBJ28VIII,GB,14100,14100,14100,14100,14100,14061.44,3,42300.00,29-Jul-2026,2,IN0020190537
SGBMAR28X,GB,14105,14105,14050.02,14072.5,14055.01,14102.51,19,267435.09,29-Jul-2026,10,IN0020190552
SGBJUL29IV,GB,14012,14136,14011,14100,14100,14108.3,173,2434650.59,29-Jul-2026,40,IN0020210111
SGBJAN29IX,GB,14016.06,14086.48,14016.06,14078,14078,14086.49,269,3780838.23,29-Jul-2026,66,IN0020200377
SGBAUG29V,GB,14150,14288,14111,14248.5,14249.5,14233.4,147,2088286.21,29-Jul-2026,42,IN0020210129
SGBD29VIII,GB,14152.64,14345,14103.15,14131.04,14135,14152.64,100,1418197.78,29-Jul-2026,33,IN0020210228
SGBJAN29X,GB,14122.49,14122.49,14055,14063.4,14055,14124.88,48,675501.87,29-Jul-2026,12,IN0020200385
SGBFEB29XI,GB,14199.99,14199.99,14102.8,14140,14140,14277,44,621386.48,29-Jul-2026,9,IN0020200393
SGBMR29XII,GB,14120.38,14124,14040,14102.07,14100,14120.38,588,8277503.88,29-Jul-2026,52,IN0020200427
SGBJUN30,GB,14271,14271,14134,14193.94,14209,14200,73,1035711.42,29-Jul-2026,28,IN0020220045
SGBAUG30,GB,14250,14255,14206,14227.27,14227.27,14244.49,340,4841921.28,29-Jul-2026,65,IN0020220078
SGBDE30III,GB,14272.14,14364,14227.84,14352,14364,14372.13,95,1359103.34,29-Jul-2026,29,IN0020220110
SGBJAN30IX,GB,14195.12,14195.12,14056.01,14149,14149,14124.5,102,1441720.21,29-Jul-2026,22,IN0020210236
SGBMAR30X,GB,14106,14197,14106,14130.6,14118.38,14197.69,47,665138.48,29-Jul-2026,15,IN0020210319
SGBJUN31I,GB,14400,14500,14360,14454.88,14500,14426.16,621,8946448.11,29-Jul-2026,123,IN0020230069
SGBSEP31II,GB,14490,14490,14351.01,14420.82,14450,14392.52,676,9733095.85,29-Jul-2026,139,IN0020230093
SGBDE31III,GB,14367,14525,14350,14443.32,14450,14413.44,864,12466421.24,29-Jul-2026,214,IN0020230168
SGBMAR31IV,GB,14350,14486,14216.01,14477.5,14486,14350,114,1635603.37,29-Jul-2026,37,IN0020220169
SGBFEB32IV,GB,14531.75,14589.97,14517.02,14540.83,14550,14531.75,755,10986854.09,29-Jul-2026,170,IN0020230184
20MICRONS,EQ,202.5,206.79,200.3,201.16,201.7,201.63,132775,26981071.41,29-Jul-2026,3392,INE144J01027
21STCENMGM,EQ,39.25,39.37,37.92,38.88,38.01,38.6,26243,1023160.75,29-Jul-2026,182,INE253B01015
360ONE,EQ,1128.3,1170,1113.5,1161.3,1162,1128.3,1135914,1302661386.60,29-Jul-2026,30998,INE466L01038
GOLD360,EQ,138.15,138.5,137.75,138.2,138.35,137.8,2871,396557.05,29-Jul-2026,108,INF579M01BB5
MSCI360,EQ,10.06,10.17,10.06,10.16,10.16,10,1216,12252.52,29-Jul-2026,13,INF579M01BP5
SILVER360,EQ,213.78,213.78,212,212.6,212,212.99,34887,7413295.58,29-Jul-2026,359,INF579M01BC3
3BBLACKBIO,EQ,1292.2,1303.4,1269,1270.9,1278,1298.8,5357,6844838.90,29-Jul-2026,842,INE994E01018
3IINFOLTD,EQ,21.95,22.47,21.13,22.11,22,21.97,1664588,36448477.56,29-Jul-2026,4187,INE748C01038
3MINDIA,EQ,35400,35700,35100,35425,35425,35090,1650,58632315.00,29-Jul-2026,1026,INE470A01017
3PLAND,EQ,32.5,32.5,31.35,32.28,32.14,32.28,1042,33731.18,29-Jul-2026,38,INE105C01023
5PAISA,EQ,358,358,345.05,348.4,351.5,353,54846,19198816.40,29-Jul-2026,2355,INE618L01018
63MOONS,EQ,765.9,782,757.6,778.45,779.35,755.65,375416,289244886.45,29-Jul-2026,11965,INE111B01023
734IRFC28,N4,1084.05,1084.05,1084,1084,1084,1083,41,44444.05,29-Jul-2026,4,INE053F07579
743REC35,NH,1200,1200,1200,1200,1200,1200,5,6000.00,29-Jul-2026,1,INE020B07JU4
751HUDCO28,N5,1062.05,1062.05,1062,1062,1062,1062.01,31,32922.05,29-Jul-2026,3,INE031A07865
764NABAR31,N2,1112.97,1112.97,1106.11,1106.53,1106.11,1115.43,164,182238.99,29-Jul-2026,8,INE261F07032
764HUDCO31,N8,1115.1,1115.1,1114,1114.03,1114,1115,827,921332.22,29-Jul-2026,33,INE031A07AO5
769HUDCO31,N9,1129.95,1134.9,1128.65,1129.91,1132,1128,470,532033.71,29-Jul-2026,10,INE031A07AT4
812REC27,NI,1023.19,1023.19,1022,1022,1022,1027.35,600,613317.80,29-Jul-2026,3,INE020B07GH7
82HUDCO27,N2,1043.56,1043.56,1043.56,1043.56,1043.56,1043.33,400,417424.00,29-Jul-2026,7,INE031A07840
830PFCL27,N5,1077,1077,1075.5,1075.51,1075.51,1084.7,502,539931.55,29-Jul-2026,11,INE134E07208
850NHAI29,N5,1101.51,1101.51,1101.5,1101.5,1101.5,1099.23,6,6609.03,29-Jul-2026,4,INE906B07DE1
875NHAI29,N6,1112,1113.5,1110.6,1110.6,1110.6,1112,202,224696.84,29-Jul-2026,8,INE906B07DF8
876HUDCO28,ND,1141,1141,1141,1141,1141,1141,5,5705.00,29-Jul-2026,1,INE031A07949
891IIFCL34,N4,1255,1255,1251,1252.85,1252,1250.1,164,205554.00,29-Jul-2026,13,INE787H07370
891NTPC33,N6,1275,1277.1,1275,1277,1277,1280,1010,1287798.00,29-Jul-2026,8,INE733E07JJ9
892PFCL33,N8,1278.1,1278.1,1276.01,1276.61,1276.01,1280,100,127661.70,29-Jul-2026,3,INE134E07463
901HUDCO34,NE,1285.1,1288.99,1285,1285.99,1285.99,1285,355,456295.55,29-Jul-2026,10,INE031A07AB2
ABCOTS,EQ,204,204,199,200.65,201.5,200.23,15312,3080870.75,29-Jul-2026,339,INE08PH01015
ABINFRA,EQ,10.08,10.3,10,10.06,10.07,10.08,221577,2235661.19,29-Jul-2026,669,INE00YB01025
ABMKNO,EQ,199,199,193,194.6,195,193.62,212,41449.88,29-Jul-2026,16,INE850B01026
ACSTECH,EQ,41.5,41.5,39.15,39.53,39.89,40.32,63720,2529282.57,29-Jul-2026,374,INE366C01021
AKCAPIT,EQ,1717.2,1759.2,1699.9,1708.4,1703,1691.8,3203,5574183.70,29-Jul-2026,262,INE701G01012
A2ZINFRA,EQ,12.5,13.26,12.32,13.26,13.26,12.06,304867,3956238.28,29-Jul-2026,443,INE619I01012
AAATECH,EQ,91.01,92,87.26,89.32,90.49,90.47,10744,966259.22,29-Jul-2026,254,INE0D0U01013
AADHARHFC,EQ,497.9,503,492.5,494.55,495.2,497.85,304806,151126649.45,29-Jul-2026,11914,INE883F01010
AAKASH,EQ,8.8,9.13,8.71,8.86,8.83,8.94,221021,1974335.23,29-Jul-2026,363,INE087Z01024
AARADHYA,SM,80,80,75,75,75,78.9,6000,473520.00,29-Jul-2026,4,INE124401014
AAREYDRUGS,BE,76.01,76.01,75.61,75.61,75.61,77.15,7240,549836.60,29-Jul-2026,27,INE198H01019
AARNAV,EQ,31,31,28.66,29.15,29.29,31.3,132764,3897907.98,29-Jul-2026,1075,INE750R01016
AARON,EQ,141.35,141.43,133,134.78,133.06,141.84,39637,5449805.88,29-Jul-2026,1058,INE721Z01010
AARTECH,BE,45.8,47.49,45.25,46.11,46.05,45.82,3501,162075.05,29-Jul-2026,59,INE01C001026
AARTIDRUGS,EQ,408.6,415,406.4,411.25,414,408.3,128947,52855137.25,29-Jul-2026,3952,INE767A01016
AARTIIND,EQ,477.75,489.5,477.75,485.5,484.9,476.75,265222,128757292.05,29-Jul-2026,10985,INE769A01020
AARTIPHARM,EQ,676.1,692,675.05,682.95,685.75,675.65,157246,107477693.95,29-Jul-2026,11694,INE0LRU01027
AARTISURF,EQ,384,392.45,383.05,390.5,390,379.65,4670,1815030.00,29-Jul-2026,281,INE09EO01013
AARVI,EQ,153.8,156.96,150,152.31,150,150.67,31241,4798576.78,29-Jul-2026,1069,INE754X01016
AASTHA,EQ,77.99,80.8,74.4,76.09,76.32,81.9,4227632,324337616.71,29-Jul-2026,26682,INE2FMX01012
AAVAS,EQ,1369.4,1393.9,1369.4,1387.3,1383.1,1376.1,28681,39703664.90,29-Jul-2026,4870,INE216P01012
ABAN,BE,15,15.49,14.94,15.3,15.34,14.82,40996,620187.93,29-Jul-2026,239,INE421A01028
ABANSENT,BE,26.45,27.48,25.15,26.66,25.75,26.45,7162,184644.56,29-Jul-2026,47,INE365O01028
AFSL,EQ,201.95,201.95,201,201,201,201,32377,6507837.89,29-Jul-2026,56,INE00ZE01026
ABB,EQ,7247,7458,7085,7310.5,7314,7243.5,570622,4147281411.50,29-Jul-2026,59737,INE117A01022
ABBOTINDIA,EQ,27950,28090,27600,27745,27780,27905,9930,276242025.00,29-Jul-2026,4441,INE358A01014
ABHAPOWER,SM,25,25,24.3,24.3,24.3,25.3,8000,196720.00,29-Jul-2026,5,INE0UYG01015
AILIMITED,ST,37.55,37.55,37.55,37.55,37.55,39.5,1500,56325.00,29-Jul-2026,1,INE0CAJ01017
ABMINTLLTD,EQ,41.7,48,41.7,42.98,43,43.99,12004,531567.11,29-Jul-2026,91,INE251C01025
ABSMARINE,ST,221.25,221.25,213.8,218.05,219,218.25,25000,5436600.00,29-Jul-2026,45,INE0QRV01016
ACC,EQ,1332.4,1387.7,1331.8,1370.8,1370,1341.8,300540,411566810.80,29-Jul-2026,19379,INE012A01025
ACCELYA,EQ,1166.1,1175,1150,1164.8,1170,1159.9,6856,7953485.50,29-Jul-2026,973,INE793A01012
ACCENTMIC,SM,500,510,489,492.05,491,500.55,44000,21928275.00,29-Jul-2026,73,INE0Q5D01013
ACCPL,ST,165,165,165,165,165,168,1200,198000.00,29-Jul-2026,1,INE0T8T01010
ACCURACY,BE,4.89,5.02,4.73,4.91,4.92,4.88,58200,285980.83,29-Jul-2026,131,INE648Z01023
ACEINTEG,EQ,19.28,19.94,19.25,19.87,19.87,19.2,2513,49241.69,29-Jul-2026,28,INE543V01017
ACMESOLAR,EQ,358,368.7,350,366.65,366,355.5,1880822,682294622.30,29-Jul-2026,35481,INE622W01025
ACE,EQ,1080.1,1081.7,1032.6,1051.3,1053,1077.6,369050,387454719.50,29-Jul-2026,19817,INE731H01025
ACTIVEINFR,SM,171,171,171,171,171,180,600,102600.00,29-Jul-2026,1,INE0KLO01025
ACUTAAS,EQ,3329,3390,3265,3306.2,3300,3297.7,353257,1172714654.00,29-Jul-2026,36185,INE00FF01025
ADANIENSOL,EQ,1651,1682,1642,1667.8,1663,1649.5,2202376,3654088911.70,29-Jul-2026,64556,INE931S01010
ADANIENT,EQ,3017.8,3048.3,2972.7,3024.5,3025,3002.3,1547208,4662784621.90,29-Jul-2026,74751,INE423A01024
ADANIGREEN,EQ,1383.1,1396.6,1354,1373.1,1373,1377.8,1700509,2336183535.00,29-Jul-2026,45498,INE364U01010
ADANIPORTS,EQ,1785,1792,1705.1,1719.7,1721,1774.7,5088460,8808983911.50,29-Jul-2026,161884,INE742F01042
ADANIPOWER,EQ,209.27,211.15,207.8,209.52,209.2,208.25,12560925,2629237533.57,29-Jul-2026,76468,INE814H01029
ATGL,EQ,648.05,661.2,646,655.9,655.2,645.55,770640,503761848.50,29-Jul-2026,21948,INE399L01023
ADDICTIVE,SM,40.05,42.3,40,42,42,41,2500,103325.00,29-Jul-2026,5,INE0RDH01021
ADFFOODS,EQ,300.95,307.95,299.2,301.8,301.25,299.65,99686,30245217.05,29-Jul-2026,3607,INE982B01027
ADISOFT,SM,173.1,178.9,172.4,176.65,174.2,172.9,37600,6646960.00,29-Jul-2026,34,INE20PL01012
ABSLAMC,EQ,1004.2,1029.3,1001.5,1017.5,1020.5,999.2,187421,190361436.70,29-Jul-2026,17535,INE404A01024
ABCAPITAL,EQ,393.8,398.5,389.75,397.6,397.85,391.35,2985489,1176700624.50,29-Jul-2026,37996,INE674K01013
ABFRL,EQ,57.35,58.4,56.9,58.06,58.09,56.7,3323129,192383365.10,29-Jul-2026,13886,INE647O01011
ABLBL,EQ,94.14,95.7,93.6,95.43,95.65,93.87,2839292,267280833.72,29-Jul-2026,10097,INE14LE01019
BIRLAMONEY,EQ,130.6,135.88,130.47,131.8,133.8,130.47,73388,9737397.19,29-Jul-2026,1590,INE865C01022
ABREL,EQ,1398.6,1413.8,1395.5,1405.6,1410,1391.7,56974,80099714.00,29-Jul-2026,4985,INE055A01016
CPPLUS,EQ,3457,3468,3287.1,3425,3418.1,3431.2,205557,696072770.70,29-Jul-2026,25800,INE819V01029
AVL,EQ,622,632,617.5,626.3,625.35,622.3,122718,76788987.70,29-Jul-2026,9603,INE679V01027
BSLGOLDETF,EQ,123.82,124.62,123.82,124.29,124.3,124.4,170492,21191357.02,29-Jul-2026,1499,INF209KB18D3
BSLNIFTY,EQ,28.85,28.85,28.04,28.41,28.45,28.15,1164287,33050465.69,29-Jul-2026,3457,INF209KB19D1
ADOR,EQ,1462.9,1469.1,1402.5,1423.4,1408.9,1456,38110,54730921.90,29-Jul-2026,4903,INE045A01017
ADROITINFO,EQ,9.72,9.72,9.21,9.55,9.6,9.46,10561,100345.67,29-Jul-2026,103,INE737B01033
ADVAIT,EQ,2270,2322,2251.3,2258.6,2256,2277.5,20727,47359282.40,29-Jul-2026,3123,INE0ALI01010
ADVANCE,EQ,120.6,120.6,117.75,118.2,118.5,118.17,300498,35821550.83,29-Jul-2026,3900,INE1B0W01010
ADVENZYMES,EQ,315.5,320,305.8,310.8,311.5,310.85,161050,49897438.95,29-Jul-2026,4599,INE837H01020
ADVANIHOTR,EQ,52.1,52.64,51.01,51.19,51.05,51.33,44310,2273251.90,29-Jul-2026,462,INE199C01026
ADVENTHTL,EQ,151,152.5,146.7,149.55,148.3,152.48,252426,37469730.20,29-Jul-2026,2801,INE28GN01010
RAMBHAJO,EQ,188.76,189.6,182.34,185.93,185.52,187.26,281485,52095711.56,29-Jul-2026,4250,INE1SJO01012
AEGISLOG,EQ,1270.4,1302,1253.5,1282.6,1287,1270.4,434792,557682807.40,29-Jul-2026,22179,INE208C01025
AEGISVOPAK,EQ,292.5,298.58,285.53,295.41,295.45,292.46,1625268,477557836.69,29-Jul-2026,23108,INE0INX01018
AEL120126,NL,1038,1038,1038,1038,1038,1040,9,9342.00,29-Jul-2026,1,INE423A07559
848AEL29,NJ,1020,1020,998,1004,1004,1003,149,150449.30,29-Jul-2026,10,INE423A07492
885AEL28,NB,1015,1015,1001.01,1010.16,1008.02,1024.6,166,167818.60,29-Jul-2026,8,INE423A07427
890AEL31,NN,1055,1055,1046,1046,1046,1045.58,626,654923.50,29-Jul-2026,17,INE423A07526
895AEL27,N9,1012,1015,1012,1015,1015,1010.01,128,129866.00,29-Jul-2026,5,INE423A07450
915AEL28,NC,1019.1,1019.5,1018.5,1018.5,1018.5,1018.61,137,139619.50,29-Jul-2026,7,INE423A07435
930AEL30,NF,1035.01,1036,1035.01,1036,1036,1035.01,221,228846.60,29-Jul-2026,3,INE423A07393
AEQUS,EQ,229.39,232.2,227.61,229.12,228.94,228.28,2423015,556581202.99,29-Jul-2026,19178,INE947N01017
AEROENTER,EQ,122.83,125.5,121.24,122.14,123,121.01,393496,48572393.06,29-Jul-2026,4961,INE065D01027
AEROFLEX,EQ,449.95,469,444.1,450.6,446.2,446.3,2465863,1131042516.45,29-Jul-2026,42150,INE024001021
AERONEU,EQ,85.43,89.63,84.4,85.64,85.5,85.43,89074,7710226.77,29-Jul-2026,4120,INE035801013
AESTHETIK,SM,72,72,72,72,72,70.05,3000,216000.00,29-Jul-2026,2,INE0TSF01011
AETHER,EQ,1465.1,1504.7,1452,1490.7,1486,1464.7,296015,437022815.30,29-Jul-2026,22279,INE0BWX01014
AFCONS,EQ,280.5,284.45,279.45,282.75,282.45,280.25,271344,76598477.35,29-Jul-2026,6315,INE101I01011
AFFLE,EQ,1635,1669.6,1606.2,1654.3,1649,1631.8,646435,1062238417.00,29-Jul-2026,43265,INE00WC01027
AFFORDABLE,BE,185.85,185.85,177.61,178.77,181,183.08,6881,1237173.65,29-Jul-2026,237,INE692Z01013
1150AFIL29,N0,9850,9850,9850,9850,9850,9950,1,9850.00,29-Jul-2026,1,INE916Y07073
12AFIL27,N0,9800,10500,9800,10175,10175,9698,14,139100.00,29-Jul-2026,6,INE916Y07032
AGARWALFT,SM,37.5,37.5,37.5,37.5,37.5,39.45,1500,56250.00,29-Jul-2026,1,INE0MLA01012
AGARIND,EQ,523.2,533.8,505.2,506.75,506.6,517.85,162437,83900052.75,29-Jul-2026,6396,INE204E01012
AGARWALTUF,SM,133.55,133.55,131.3,132.35,132,132.35,28800,3818400.00,29-Jul-2026,24,INE0P8X01016
AGI,EQ,722,743.95,708,710.95,712.35,698.15,797747,579498762.85,29-Jul-2026,24138,INE415A01038
AGIIL,EQ,310.9,320,304,305.35,305.5,307.75,859448,268748928.05,29-Jul-2026,14056,INE976R01033
AGNI,SM,17.5,17.5,17.5,17.5,17.5,17.5,2500,43750.00,29-Jul-2026,1,INE0LF301013
AGRITECH,BE,115.4,115.4,110.01,110.47,110.01,110,6911,777935.62,29-Jul-2026,52,INE449G01018
AGROPHOS,EQ,29.99,29.99,28,28.63,28.7,29.44,15292,441713.82,29-Jul-2026,141,INE740V01019
AHLADA,EQ,37.25,37.3,36.61,36.82,37,37.22,5360,197569.34,29-Jul-2026,104,INE00PV01013
AHLUCONT,EQ,832.75,832.75,813,817.4,815.3,832.75,27038,22192622.90,29-Jul-2026,3616,INE758C01029
AIAENG,EQ,4603,4675,4594.5,4643.5,4620,4603,46596,215516232.50,29-Jul-2026,8656,INE212H01026
AIMTRON,SM,1405,1420,1350,1361,1359,1390.35,40800,56734130.00,29-Jul-2026,180,INE0RUV01018
GOLDTECH,BE,55.08,56.75,54.3,55.46,56.69,55.24,15010,829215.71,29-Jul-2026,129,INE805A01014
AIRAN,EQ,15,15.33,14.82,15.04,15.19,14.97,29078,437914.87,29-Jul-2026,248,INE645W01026
AIROLAM,EQ,88,88,86.01,86.15,86.01,87.54,212,18539.80,29-Jul-2026,20,INE801L01010
AJANTPHARM,EQ,3365,3414,3325.2,3396.5,3413,3342.4,103607,350632033.20,29-Jul-2026,18796,INE031B01049
AJAXENGG,EQ,575.95,578,569.1,576.65,578,570.75,19224,11058131.75,29-Jul-2026,2171,INE274Y01021
AJMERA,EQ,127.5,129.93,127.5,128.17,127.5,126.97,245702,31632558.36,29-Jul-2026,3584,INE298G01035
AJOONI,EQ,3.92,4.05,3.9,3.96,3.98,3.94,169242,674792.50,29-Jul-2026,394,INE820Y01021
AKANKSHA,ST,84,84,83,83,83,86.1,7000,585450.00,29-Jul-2026,6,INE0PCY01014
AKASH,EQ,26.37,28,26.36,27.24,27.35,26.47,13228,357268.56,29-Jul-2026,109,INE737W01013
AKG,EQ,10.84,10.84,9.67,10,9.98,9.91,7369,74430.43,29-Jul-2026,119,INE00Y801016
AKI,EQ,4.48,4.48,4.16,4.18,4.18,4.24,72919,308606.29,29-Jul-2026,211,INE642Z01026
AKIKO,ST,340,368,334.2,352,352,351.75,60000,20744120.00,29-Jul-2026,66,INE0PMR01017
AFIL,EQ,9.22,9.44,9.22,9.38,9.34,9.28,294638,2756238.89,29-Jul-2026,462,INE916Y01027
AKSHOPTFBR,BE,5.44,5.44,5.44,5.44,5.44,5.55,81125,441320.00,29-Jul-2026,86,INE523B01011
AKSHAR,EQ,0.41,0.41,0.4,0.4,0.4,0.4,363860,147813.40,29-Jul-2026,182,INE256Z01025
AKSHARCHEM,BE,240,250,232.21,246.87,246.8,240.82,5054,1230642.81,29-Jul-2026,146,INE542B01011
AKUMS,EQ,662,668.3,656.75,664.55,664,662.15,149573,99212505.35,29-Jul-2026,7577,INE09XN01023
ALANKIT,EQ,7.86,7.94,7.82,7.89,7.9,7.86,59111,466820.66,29-Jul-2026,318,INE914E01040
ALBERTDAVD,EQ,694.45,700,683,688.75,688,686.65,2407,1664244.35,29-Jul-2026,210,INE155C01010
ALCODIS,SM,65.55,75.95,65.55,75.95,75.95,74.9,3750,268000.00,29-Jul-2026,3,INE448V01019
ALEMBICLTD,EQ,89.32,90.75,89.32,90.28,90.36,89.23,166165,14963982.07,29-Jul-2026,1591,INE426A01027
APLLTD,EQ,815,818.25,802.6,811.95,808,818.85,81697,66237595.50,29-Jul-2026,6856,INE901L01018
ALGOQUANT,EQ,67.75,68.9,66.11,67.57,67.33,67.67,1049387,70255534.21,29-Jul-2026,4223,INE598D01035
ALICON,EQ,683.75,689,664.85,681.35,679.65,674.3,22399,15257121.85,29-Jul-2026,1182,INE062D01024
ALIVUS,EQ,1119,1130,1104.4,1119.6,1129.8,1104.7,24416,27297254.40,29-Jul-2026,3791,INE03Q201024
ALKALI,BE,70,71.9,69.4,70.76,71.5,69.25,3127,218364.62,29-Jul-2026,28,INE773I01017
ALKEM,EQ,5699,5711.5,5654,5672.5,5680,5651.5,57547,326697306.00,29-Jul-2026,8844,INE540L01014
ALKYLAMINE,EQ,1819,1835.8,1804,1817.3,1815,1811.1,27385,49775859.70,29-Jul-2026,5279,INE150B01039
ALLETEC,ST,135,137.5,135,137.25,137,134.95,5600,763340.00,29-Jul-2026,14,INE0M2X01012
ALLTIME,EQ,224,231,224,229.15,229.84,224.18,32630,7451584.81,29-Jul-2026,883,INE0GV601021
AGL,EQ,12.4,12.53,12.25,12.48,12.43,12.43,912373,11291420.99,29-Jul-2026,2211,INE1YPB01014
ALLCARGO,EQ,8.03,8.14,7.98,8.01,8.02,8,2407017,19341353.83,29-Jul-2026,4200,INE418H01029
ATL,EQ,23.31,23.72,23.16,23.39,23.59,23.23,56028,1311988.47,29-Jul-2026,835,INE0NN701020
ALLDIGI,EQ,893.9,893.9,865,869.55,869.95,873.6,35900,31252881.70,29-Jul-2026,1451,INE835G01018
ABDL,EQ,620.95,648,619,644.8,646.55,620.3,451157,288644589.20,29-Jul-2026,20242,INE552Z01027
ADSL,EQ,113.5,115.84,112,114.46,114.83,113.57,114663,13165756.51,29-Jul-2026,2220,INE102I01027
ALMONDZ,EQ,13,15.07,13,15.07,15.07,12.56,2763547,41231705.50,29-Jul-2026,3818,INE326B01035
ALOKINDS,EQ,12,12.08,11.81,12,12.02,11.92,3095678,37072420.36,29-Jul-2026,4922,INE270A01029
ALPA,EQ,69.79,69.79,65.15,67.82,67.99,66.39,8101,546757.68,29-Jul-2026,181,INE385I01010
ALPEXSOLAR,SM,816.75,844.9,810,828.85,825.05,816.6,36100,29994695.00,29-Jul-2026,254,INE0R4701017
ALPHAGEO,EQ,208.5,213.69,204.09,205.87,204.09,207.89,1316,273220.88,29-Jul-2026,97,INE137C01018
ALPINETEX,BE,73.35,73.35,73.35,73.35,73.35,77.21,84594,6204969.90,29-Jul-2026,967,INE1JCQ01037
ALUWIND,SM,51,52.7,50,50,50,51,13500,688425.00,29-Jul-2026,9,INE0STM01017
AMAGI,EQ,626.6,658.9,618.5,650.9,649.05,622.7,590364,380041869.30,29-Jul-2026,25628,INE121R01077
AMANTA,BE,159,162.18,159,162.18,162.18,159,20913,3383756.91,29-Jul-2026,112,INE084K01015
ARE&M,EQ,868.95,886.55,864.6,882.9,883.9,861.85,362920,318752910.25,29-Jul-2026,18065,INE885A01032
AMBAAUTO,SM,80,81.95,78.5,79.9,81.95,78.6,47000,3757650.00,29-Jul-2026,32,INE293601014
AMBALALSA,EQ,31.23,31.68,30.77,30.96,30.8,31.05,11166,346432.84,29-Jul-2026,135,INE432A01017
AMBANIORGO,SM,106.5,106.5,106.5,106.5,106.5,112,2000,213000.00,29-Jul-2026,1,INE00C501018
AMBER,EQ,7256,7469,7235,7411.5,7419,7209,241556,1782891568.00,29-Jul-2026,28509,INE371P01015
AMBICAAGAR,EQ,24.7,24.7,24.19,24.69,24.7,24.7,744,18286.21,29-Jul-2026,35,INE792B01012
AMBIKCO,EQ,1670.3,1719,1665,1703,1715,1677.4,5888,9956992.00,29-Jul-2026,877,INE540G01014
AMBUJACEM,EQ,424.3,443,423.15,435.3,434.5,426,5054536,2199956055.45,29-Jul-2026,51189,INE079A01024
AMDIND,EQ,47.05,48.42,46.3,47.48,47.45,47.19,2812,133068.77,29-Jul-2026,155,INE005I01014
AMEYA,SM,105,110.45,105,109,109,106.75,7000,761950.00,29-Jul-2026,7,INE0KT901015
AMNPLST,EQ,192.67,215.12,192.05,201.28,198.55,193.14,96793,20148766.03,29-Jul-2026,3190,INE275D01022
AEROPLANE,EQ,185.28,188.56,178,182.53,183,185.28,155723,28786771.57,29-Jul-2026,2135,INE05TO01019
AMJLAND,EQ,37.75,38.49,37.56,38,38,37.81,7341,278536.26,29-Jul-2026,87,INE606A01024
AMRUTANJAN,EQ,512,524,511.05,516.8,518.25,510.8,15537,8027713.40,29-Jul-2026,1532,INE098F01031
ARSSBL,EQ,514,517.5,510,512.4,511,509.9,85862,44188209.15,29-Jul-2026,2714,INE549H01021
ANANDRATHI,EQ,2047.1,2048.7,2003.1,2035,2044,2037.9,165362,335133008.90,29-Jul-2026,13407,INE463V01026
ANANTRAJ,EQ,611.95,620.95,607.45,613.4,613,609.95,1555849,954365200.05,29-Jul-2026,25113,INE242C01024
ANANTAM,IV,105.5,105.5,105,105.31,105.2,105.3,9012,946999.72,29-Jul-2026,128,INE1UA823019
AMCL,SM,410,410,410,410,410,411.15,6000,2460000.00,29-Jul-2026,3,INE0VG001016
ACL,EQ,48.59,49,46.4,48.24,48.28,48.35,7466,357944.74,29-Jul-2026,163,INE666E01020
ANDHRAPAP,EQ,63.4,63.54,61.74,62.23,62.6,62.89,96040,6005428.06,29-Jul-2026,1069,INE435A01051
ANDHRSUGAR,EQ,84.1,84.68,83.17,83.87,84,83.69,129487,10866554.60,29-Jul-2026,1935,INE715B01021
ANGELONE,EQ,303,305.5,299,302.5,302,302.6,3944323,1189503083.25,29-Jul-2026,33975,INE732I01021
ANIKINDS,EQ,42,43.59,41.19,42.77,42.89,42.5,5123,218966.48,29-Jul-2026,316,INE087B01017
APCL,EQ,104.02,105,101.75,102.37,102.05,103.48,3296,340294.65,29-Jul-2026,97,INE071F01012
ANKITMETAL,BZ,1.55,1.57,1.5,1.52,1.53,1.5,15075,22960.01,29-Jul-2026,44,INE106I01010
AHCL,EQ,15.79,16.19,15.6,15.88,15.89,15.63,5560683,88688821.66,29-Jul-2026,4655,INE0Y8W01025
ANLON,ST,602,605,600,602.55,605,605,5600,3373320.00,29-Jul-2026,14,INE0LR101013
ANMOL,EQ,10.3,10.3,9.95,10.04,10.05,10.12,41272,413947.05,29-Jul-2026,189,INE02AR01019
ANNAPURNA,SM,123.1,127.3,120.75,125.55,127.3,123.4,105750,12924137.50,29-Jul-2026,172,INE0MGM01017
ANONDITA,SM,1105.05,1119.95,1080.1,1086.8,1085,1115.95,21000,23117120.00,29-Jul-2026,81,INE0VTV01012
ANSALAPI,BZ,3.21,3.21,3.21,3.21,3.21,3.15,1925,6179.25,29-Jul-2026,5,INE436A01026
ANTGRAPHIC,EQ,0.76,0.79,0.74,0.75,0.74,0.75,101783,77627.64,29-Jul-2026,178,INE414B01021
ANTELOPUS,EQ,833,839.2,790.25,791.15,790.25,831.8,215215,173184975.10,29-Jul-2026,9182,INE818A01017
ANTHEM,EQ,790,795,780.8,790,792.55,783.9,276379,218548889.60,29-Jul-2026,21098,INE0CZ201020
AWHCL,EQ,434.35,443.95,428,432.55,433.5,432.45,109871,48030884.70,29-Jul-2026,5356,INE01BK01022
ANUHPHR,EQ,81,81,79,79.14,79.12,79.82,29903,2379041.59,29-Jul-2026,532,INE489G01022
ANURAS,EQ,1225,1225.1,1207.5,1214.4,1210,1218.4,145573,176775893.10,29-Jul-2026,6640,INE930P01018
ANYA,SM,15.7,15.7,15.1,15.35,15.35,15.35,65000,994750.00,29-Jul-2026,11,INE0SI601032
ANZEN,IV,127,127,127,127,127,127,25000,3175000.00,29-Jul-2026,1,INE0MIZ23019
AONEGOLD,EQ,13.32,13.32,13.17,13.18,13.21,13.21,206123,2723092.14,29-Jul-2026,1014,INF1J2R01114
AONELIQUID,EQ,1070.23,1070.23,1070.21,1070.22,1070.23,1070.06,7641,8177597.24,29-Jul-2026,80,INF1J2R01056
AONENIFTY,EQ,9.99,10.01,9.83,9.99,9.99,9.91,278321,2780067.14,29-Jul-2026,894,INF1J2R01064
AONESILVER,EQ,8.39,8.39,8.25,8.27,8.28,8.28,276981,2295179.27,29-Jul-2026,897,INF1J2R01171
AONETMMQ50,EQ,9.95,10.04,9.87,9.93,9.93,9.91,63728,631435.22,29-Jul-2026,312,INF1J2R01148
AONETOTAL,EQ,12,12.01,11.77,11.89,11.9,11.77,222610,2646900.39,29-Jul-2026,1198,INF1J2R01015
APARINDS,EQ,13547,13981,13374,13835,13798,13480,185520,2537892307.00,29-Jul-2026,48416,INE372A01015
APCOTEXIND,EQ,600.15,709.3,600.15,681.6,684,591.1,5645793,3838947978.95,29-Jul-2026,130821,INE116A01032
APEXECO,ST,255.3,255.9,255,255,255,255.3,4000,1021800.00,29-Jul-2026,5,INE0T4V01015
APEX,EQ,375.25,379.7,374.6,378.45,376.3,376.25,46352,17521913.25,29-Jul-2026,2506,INE346W01013
APLAPOLLO,EQ,1860,1872.3,1852.2,1869.8,1870.5,1846.7,349697,652149831.00,29-Jul-2026,20260,INE702C01027
930APMD27,N0,77500,77500,77500,77500,77500,75500,1,77500.00,29-Jul-2026,1,INE0TLC07085
930APMD29,N0,102990,102990,102990,102990,102990,101987.95,3,308970.00,29-Jul-2026,1,INE0TLC07069
930APMD31,N0,102750.3,103650,102750.3,103650,103650,102999,15,1546981.50,29-Jul-2026,6,INE0TLC07051
930APMD33,N0,105490,105490,103621.2,105220.2,105220.2,103500,21,2194183.60,29-Jul-2026,4,INE0TLC07028
APOLLOHOSP,EQ,8932,8970,8903.5,8935,8903.5,8903,164862,1473778749.50,29-Jul-2026,37069,INE437A01024
APOLLO,EQ,378.8,385.65,374,383.1,382.9,378.75,5709811,2177775846.80,29-Jul-2026,49382,INE713T01028
APOLLOPIPE,EQ,493,508.25,491.35,500.25,502,491.75,102693,51410369.80,29-Jul-2026,3695,INE126J01016
APOLSINHOT,EQ,1205,1217.9,1195,1201.9,1209,1205.5,128,154345.50,29-Jul-2026,32,INE451F01024
APOLLOTYRE,EQ,425.95,431.4,423.1,424.1,425.4,423.85,426938,182080851.85,29-Jul-2026,16239,INE438A01022
APRAMEYA,SM,150,152.5,146.25,147.15,147.15,149.2,4000,601300.00,29-Jul-2026,5,INE0LQG01010
915APSBC32,N0,104864.25,104864.25,104864.25,104864.25,104864.25,103230,10,1048642.50,29-Jul-2026,2,INE0M2307347
915APSBC34,N0,105664.25,105664.25,105664.25,105664.25,105664.25,105268.84,10,1056642.50,29-Jul-2026,2,INE0M2307412
915APSBC35,N0,106079.32,106079.32,106079.32,106079.32,106079.32,105639.04,5,530396.60,29-Jul-2026,1,INE0M2307396
APSISAERO,ST,434.3,435,434.25,434.25,434.25,443.1,26400,11467980.00,29-Jul-2026,19,INE1OOJ01011
APTECHT,BE,92.99,93,89,91.6,92,91.31,30492,2804147.45,29-Jul-2026,415,INE266F01018
APTUS,EQ,281.5,283.05,279.55,281.85,281,281.3,333173,93770742.50,29-Jul-2026,10913,INE852O01025
AQYLON,EQ,25.79,26.05,23.91,24.1,23.91,25.16,1222651,30315243.88,29-Jul-2026,3744,INE416A01051
ARCIIL,ST,36.6,37.8,36.6,37.8,37.8,36.5,4000,149350.00,29-Jul-2026,4,INE0YDV01010
ACI,EQ,558.7,569.1,556.5,565.75,564.25,556.45,116128,65497256.55,29-Jul-2026,8030,INE128X01021
ADL,EQ,70.28,70.28,69.91,69.92,69.92,70.21,156,10941.18,29-Jul-2026,7,INE0CHO01012
ARCHIDPLY,EQ,83.93,83.95,82.02,83.49,83.5,83.06,3149,263187.24,29-Jul-2026,82,INE877I01016
ARCHIES,EQ,14.54,14.54,13.82,13.86,13.84,13.88,7927,111055.20,29-Jul-2026,69,INE731A01020
ARFIN,EQ,89.2,89.89,86.2,87.17,87.29,89.14,777980,68156678.09,29-Jul-2026,2173,INE784R01023
ARHAM,SM,174.5,178,171.9,172.1,172,170,50000,8743350.00,29-Jul-2026,44,INE0L2Y01011
ARIES,EQ,340.05,345.2,340,343.65,345.2,340.1,9371,3213379.50,29-Jul-2026,356,INE298I01015
ARIHANTACA,SM,450,450,450,450,450,465,400,180000.00,29-Jul-2026,1,INE0NCC01015
ARIHANTCAP,EQ,77.67,77.72,75.52,76.6,76.9,77.24,166654,12714125.03,29-Jul-2026,2070,INE420B01036
ARIHANT,EQ,1088.4,1225,1088.4,1144.9,1132,1088.4,46928,55927144.80,29-Jul-2026,3225,INE413D01011
ARIHANTSUP,EQ,260.95,262.3,259,259.35,259,261,7004,1823186.45,29-Jul-2026,196,INE643K01018
ARIS,EQ,129.52,133,126.1,128.57,128.55,128.24,1622512,208838013.09,29-Jul-2026,12014,INE0H9P01028
ARKADE,EQ,133.5,140,133.5,138.54,139,132.65,684303,94316723.09,29-Jul-2026,5210,INE0QRL01017
ARMANFIN,EQ,1927.9,1941.7,1906,1912,1913,1928.2,16748,32163808.20,29-Jul-2026,1968,INE109C01017
ARMOUR,ST,17.5,18.7,17.5,18.6,18.6,18,6000,109600.00,29-Jul-2026,3,INE0TZX01019
AROGRANITE,EQ,25.45,25.89,24.61,25.32,25.35,25.45,7891,198757.45,29-Jul-2026,77,INE210C01013
ARROWGREEN,BE,710,722,694,714.75,710.5,706.1,10124,7238991.05,29-Jul-2026,287,INE570D01018
ARSHIYA,BZ,0.99,1,0.95,0.95,0.98,0.99,107074,102900.81,29-Jul-2026,69,INE968D01022
ARTNIRMAN,EQ,39.61,39.61,38,38.5,38.5,39.42,141,5428.13,29-Jul-2026,7,INE738V01013
AEPL,EQ,14.5,15.07,14.5,14.55,14.5,14.5,15862,232875.28,29-Jul-2026,126,INE757T01025
ARTEMISMED,EQ,277.95,305,277,298.6,300.95,277.2,2259691,669572428.40,29-Jul-2026,34785,INE025R01021
ARVEE,EQ,164,164.6,151.9,157.78,157.78,159.84,2346,359766.29,29-Jul-2026,77,INE006Z01016
ARVINDFASN,EQ,458.2,458.25,446,448.9,451,456,184222,82900479.45,29-Jul-2026,8103,INE955V01021
ARVIND,EQ,515.7,519.25,511.05,517.35,517.7,511.35,170776,88148078.80,29-Jul-2026,12801,INE034A01011
ARVINDPORT,ST,29.05,30.2,29.05,30,30,30.25,7500,221025.00,29-Jul-2026,5,INE0P4T01013
ARVSMART,EQ,593.6,603.9,593.5,599.5,595,593,17733,10626918.55,29-Jul-2026,1024,INE034S01021
ASAHIINDIA,EQ,873.1,880.2,862.5,878.75,876.2,870.6,97717,85154711.75,29-Jul-2026,6942,INE439A01020
ASAHISONG,EQ,352.95,386.95,345,356.35,358.9,352.9,538492,198876171.70,29-Jul-2026,12901,INE228I01012
ASHALOG,SM,55.15,55.85,55.15,55.85,55.85,55.85,3000,166850.00,29-Jul-2026,2,INE0LAA01017
ASHAPURMIN,EQ,687,712.2,683.4,707.7,707,681.4,923696,645967606.85,29-Jul-2026,22690,INE348A01023
ASHIANA,EQ,388.95,388.95,381.1,383.65,381.2,385.85,27103,10431363.95,29-Jul-2026,1550,INE365D01021
ASHIKAG,EQ,481.85,498,479.4,486,486.1,490.3,1096959,534686826.45,29-Jul-2026,11861,INE094B01013
ASHIMASYN,EQ,18.38,18.38,17.46,18.19,18.01,17.52,221987,4021953.84,29-Jul-2026,671,INE440A01010
ASHOKLEY,EQ,157.97,159.49,156.61,157.96,157.9,157.5,13880649,2198800344.66,29-Jul-2026,75763,INE208A01029
ASHOKA,EQ,123,124.35,122.28,123.67,124.35,122.73,345725,42636235.80,29-Jul-2026,5549,INE442H01029
ASHOKAMET,EQ,14.36,14.48,14.13,14.2,14.2,14.11,5862,83791.11,29-Jul-2026,65,INE760Y01011
ASHWINI,SM,194.95,199,194,194.4,194.1,192,28000,5486150.00,29-Jul-2026,24,INE1A6Q01010
ASIANENE,EQ,389,393.15,377.85,388.85,388.1,385.9,380469,147246302.40,29-Jul-2026,8774,INE276G01015
ASIANTILES,EQ,60.95,68.43,57.26,60.71,57.8,57.62,104213935,6578376449.65,29-Jul-2026,235765,INE022I01019
AHLEAST,EQ,141.01,144.68,141.01,141.79,141.01,142.05,1107,157899.52,29-Jul-2026,93,INE926K01017
ASIANHOTNR,EQ,317.6,317.6,310,312.95,311.2,315.05,6050,1889783.10,29-Jul-2026,692,INE363A01022
AHLWEST,BE,539,570.25,539,570,570,543.95,968,545113.60,29-Jul-2026,28,INE915K01010
ASIANPAINT,EQ,2746.2,2864,2718.5,2758.4,2761,2736.2,3803474,10602781039.80,29-Jul-2026,182062,INE021A01026
ASKAUTOLTD,EQ,524.9,529.95,514,518.95,518,524.15,185223,97103794.35,29-Jul-2026,9252,INE491J01022
ASPINWALL,EQ,243.13,252,237.4,245.07,252,243.13,1732,419447.20,29-Jul-2026,49,INE991I01015
ASPIRE,SM,15.05,15.85,15.05,15.85,15.85,15.1,36000,565700.00,29-Jul-2026,15,INE0S7801010
ASALCBR,EQ,765,772.5,756.25,765.1,763.6,757.7,22864,17485401.65,29-Jul-2026,2545,INE073G01016
ASTEC,EQ,646.1,663.9,638,642.65,645,649.45,20924,13549877.80,29-Jul-2026,1956,INE563J01010
ASTERDM,EQ,815.8,827.45,809.8,818.35,816,813.5,593366,486626553.05,29-Jul-2026,28135,INE914M01019
ASTRAMICRO,EQ,1710,1793.6,1691.2,1773.8,1773,1704.1,408031,718889171.40,29-Jul-2026,29007,INE386C01029
ASTRAL,EQ,1471.8,1480,1460,1476.3,1474.2,1471.4,187215,275283403.20,29-Jul-2026,17258,INE006I01046
ASTRAZEN,EQ,8099.5,8229.5,8060,8185,8199,8071.5,6734,54732766.50,29-Jul-2026,1407,INE203A01020
ASTRON,BE,3.95,3.96,3.8,3.85,3.88,3.92,39397,151279.50,29-Jul-2026,104,INE646X01014
ATALREAL,EQ,31.41,32.99,31.3,32.46,32.99,31.34,9873525,317465575.68,29-Jul-2026,8702,INE0ALR01029
ATAM,EQ,66.5,66.5,64.5,65.6,65.61,65.7,2590,169582.98,29-Jul-2026,78,INE09KD01013
ATCENERGY,ST,22.25,22.45,21.3,21.85,22.45,22.25,6000,132600.00,29-Jul-2026,5,INE0V0Q01019
ATHERENERG,EQ,1207.2,1252,1191.1,1246.1,1248,1202,3306087,4088022025.90,29-Jul-2026,169527,INE0LEZ01016
ATLPP,E1,8.9,8.9,8.65,8.8,8.8,8.8,220,1933.35,29-Jul-2026,7,IN90NN701011
ATLANTAELE,EQ,1534,1563.8,1493,1548.1,1539,1533.6,112783,172016670.80,29-Jul-2026,11376,INE0Z4F01028
ATLANTAA,EQ,35.23,35.99,34.81,35.59,35.47,35.21,11807,417302.34,29-Jul-2026,506,INE285H01022
ATLASCYCLE,EQ,100.5,100.5,97.24,98.01,98.67,98.01,1440,141798.83,29-Jul-2026,46,INE446A01025
ATMASTCO,ST,152.25,152.25,150,151.05,152.1,152.1,14000,2102000.00,29-Jul-2026,16,INE05DH01017
ATULAUTO,EQ,478.85,498,476.6,495.2,498,475.9,130622,63963001.70,29-Jul-2026,4559,INE951D01028
ATUL,EQ,6748,6872.5,6640.5,6798.5,6793,6650,115335,783493606.00,29-Jul-2026,15688,INE100A01010
AUBANK,EQ,1067.9,1068.8,1040,1042.3,1043.8,1047.7,1383599,1449501168.00,29-Jul-2026,41372,INE949L01017
AURIONPRO,EQ,740,745,729.3,731.7,731.5,735.4,286518,211436611.45,29-Jul-2026,12235,INE132H01018
AUROIMPEX,SM,25.5,25.9,25.5,25.9,25.9,25.5,3200,82240.00,29-Jul-2026,2,INE0NUL01018
AUROPHARMA,EQ,1556.7,1598.7,1554.4,1590.7,1586,1549.2,1031789,1636105828.40,29-Jul-2026,39184,INE406A01037
AURUM,EQ,222.82,224.86,216.4,217.2,217,222.82,140357,30728318.46,29-Jul-2026,3062,INE898S01029
AURUS,EQ,4.72,4.85,4.72,4.74,4.74,4.85,16600,79164.55,29-Jul-2026,175,INE142K01011
AUSOMENT,BE,132,142.95,132,136.66,136,138.27,1940,266203.89,29-Jul-2026,39,INE218C01016
APS,SM,279,280.5,274.9,277.7,278.95,279.25,22250,6160275.00,29-Jul-2026,73,INE0P0001010
AIIL,EQ,557.7,567.65,547,550.95,547.5,557.7,119309,66102762.10,29-Jul-2026,7685,INE206F01022
AUTOIND,BE,88.3,88.3,87,87.41,87.59,87.02,21045,1843494.87,29-Jul-2026,161,INE718H01014
AUTOAXLES,EQ,1793.3,1819.4,1791.3,1805.2,1807.3,1799.1,5958,10729783.90,29-Jul-2026,623,INE449A01011
ASAL,EQ,500.2,509.05,500.2,505.35,508.5,497.2,11395,5753081.30,29-Jul-2026,873,INE900C01027
AVADHSUGAR,EQ,525,528.35,515.2,517.8,517.95,527.85,19354,10089323.00,29-Jul-2026,470,INE349W01017
AVALON,EQ,1649.6,1697.2,1639.8,1677.3,1683.1,1640,211537,354990647.80,29-Jul-2026,18950,INE0LCL01028
AVANA,ST,159.7,159.7,153.7,155,155,159.7,16000,2487700.00,29-Jul-2026,8,INE1KU201016
AVANTEL,EQ,160.52,162.98,159.81,161.43,161.6,159.92,722663,116933582.46,29-Jul-2026,8277,INE005B01027
AVANTIFEED,EQ,968.05,974.5,940.1,946.7,950.2,958.05,359495,342951061.95,29-Jul-2026,20400,INE871C01038
DMART,EQ,3859.3,3879.8,3826,3848.1,3848,3846.6,629784,2425303487.60,29-Jul-2026,60635,INE192R01011
CCAVENUE,EQ,16.76,16.76,16.49,16.68,16.67,16.55,4871719,81150965.02,29-Jul-2026,8174,INE483S01020
AVG,BE,200.5,208,200,206.68,206.95,201.13,12959,2647806.25,29-Jul-2026,101,INE680Z01018
AVIANSH,SM,100.5,100.5,100,100,100,100,2000,200500.00,29-Jul-2026,2,INE0TFB01017
AVIENCE,SM,260,263.5,256,257.95,256,259.65,29400,7637100.00,29-Jul-2026,40,INE0V9I01017
ASMS,BE,7.1,7.14,7.01,7.06,7.04,7.01,101023,716577.08,29-Jul-2026,213,INE855F01042
AVONMORE,EQ,9.14,10.98,9.14,10.98,10.98,9.15,937993,10105346.77,29-Jul-2026,1389,INE323B01024
AVPINFRA,SM,70.3,71.75,68.6,71.35,71.4,69.25,34400,2425200.00,29-Jul-2026,35,INE0R9401019
AVROIND,EQ,8.72,9,8.42,8.63,8.58,8.95,483908,4156591.10,29-Jul-2026,1306,INE652Z01025
AVTNPL,EQ,70.78,70.78,69.32,69.98,69.92,70.55,30623,2146878.25,29-Jul-2026,571,INE488D01021
AWFIS,EQ,282.2,285.6,280.5,281.3,281.25,281.85,114781,32448506.65,29-Jul-2026,3369,INE108V01019
AWL,EQ,187.59,191.1,186.65,189.91,189.81,186.17,2126346,402229719.72,29-Jul-2026,20380,INE699H01024
AXISBANK,EQ,1229.5,1237.1,1214.4,1235.4,1235.9,1223.5,10110233,12381022073.60,29-Jul-2026,200117,INE238A01034
BNKETFAXIS,EQ,588.85,590.15,586.18,589.34,589.34,585.75,70,41207.14,29-Jul-2026,15,INF846K01X63
CONSUMAXIS,EQ,122.78,124,121,122.04,121,122.51,9171,1129661.69,29-Jul-2026,41,INF846K016C7
GOLDAXIS,EQ,114.68,118.06,114.68,117.74,117.71,117.63,631067,74261350.99,29-Jul-2026,2611,INF846K01W80
HEALTHAXIS,EQ,168.6,169.98,168.5,169.58,168.5,167.67,9868,1670739.41,29-Jul-2026,110,INF846K01Z12
ITAXIS,EQ,336.07,345.32,336.07,342.66,340,335.15,14375,4931811.50,29-Jul-2026,195,INF846K01Y96
NIFTYAXIS,EQ,268.85,268.85,267.01,267.83,267.6,265.85,12725,3408319.74,29-Jul-2026,126,INF846K01W98
SENSEXAXIS,EQ,79.45,80.75,79.45,80.36,80.5,79.37,3481,280035.56,29-Jul-2026,51,INF846K010Q0
SILVERAXIS,EQ,214.87,216.44,214.12,214.96,214.77,214.56,778048,167079315.45,29-Jul-2026,4273,INF846K011K1
VALUEAXIS,EQ,32.62,32.87,32.55,32.81,32.87,32.46,76060,2487389.89,29-Jul-2026,253,INF846KA1119
AXISCADES,EQ,1499.9,1565.7,1489.1,1565.7,1565.7,1491.2,115347,178077767.10,29-Jul-2026,4966,INE555B01013
AXITA,EQ,7.46,7.46,7.35,7.37,7.37,7.39,887034,6568466.83,29-Jul-2026,659,INE02EZ01022
AYE,EQ,164.9,167.19,163.07,166.06,166,162.92,299735,49603722.76,29-Jul-2026,5090,INE501X01029
AYMSYNTEX,EQ,243.04,244.61,234.11,239.94,240,240.64,25232,6047425.07,29-Jul-2026,1087,INE193B01039
AZAD,EQ,2418,2444,2380,2395.2,2395.5,2401.1,338556,814676624.30,29-Jul-2026,24394,INE02IJ01035
BNALTD,BE,440,440,422,422,422,444,69,29140.00,29-Jul-2026,7,INE489D01011
BBTCL,EQ,216.9,220.45,216.06,217.74,216.99,217.03,1320,288727.85,29-Jul-2026,54,INE01EE01011
BAGFILMS,EQ,4.58,4.72,4.43,4.47,4.45,4.55,120280,545686.98,29-Jul-2026,204,INE116D01028
BAGDIGITAL,SM,114.6,114.6,108,108,108,108.5,3200,356160.00,29-Jul-2026,2,INE17CQ01015
BLKASHYAP,EQ,54.55,54.82,53.7,54.01,54,54.14,290752,15781668.07,29-Jul-2026,1272,INE350H01032
STYLEBAAZA,BE,275,277.8,267,269.7,269,271.6,42179,11416509.35,29-Jul-2026,720,INE01FR01028
BAFNAPH,BE,252.71,252.71,252.71,252.71,252.71,247.76,3090,780873.90,29-Jul-2026,25,INE878I01022
BAGMANE,RR,105.09,105.09,104.71,104.94,105,104.97,917360,96288386.97,29-Jul-2026,39351,INE2OVN25015
BAHETI,SM,799.95,799.95,713,716.5,715,708,23625,17047331.25,29-Jul-2026,55,INE029Q01017
BAIDFIN,EQ,10,10.09,9.85,9.9,10.05,10.03,23768,236140.65,29-Jul-2026,148,INE020D01022
BAJAJ-AUTO,EQ,11440,11532,11290,11338,11325.5,11374,455484,5205875614.50,29-Jul-2026,63442,INE917I01010
BAJAJCON,EQ,535,539.95,528.75,536.5,536,530.95,206275,110341717.15,29-Jul-2026,9139,INE933K01021
BAJAJELEC,EQ,328,331.45,327.1,330.55,331.25,327.05,69185,22831903.90,29-Jul-2026,2400,INE193E01025
BAJFINANCE,EQ,1056,1065.9,1048.4,1054.4,1050.1,1048.4,6444368,6809267713.20,29-Jul-2026,117856,INE296A01032
BAJAJFINSV,EQ,1940,1945,1908.9,1924.4,1927,1927.9,1066741,2051236676.70,29-Jul-2026,42768,INE918I01026
BAJAJHCARE,EQ,320,331,319.5,326,325,321.75,170729,55770327.60,29-Jul-2026,5305,INE411U01027
BAJAJHIND,EQ,16.8,17.01,16.73,16.92,16.98,16.8,2839839,47900355.69,29-Jul-2026,5117,INE306A01021
BAJAJHLDNG,EQ,10875,10968,10810,10949,10940,10831,25720,280573776.00,29-Jul-2026,7255,INE118A01012
BAJAJHFL,EQ,86,87.95,85.42,87.63,87.89,85.66,5057621,439189032.77,29-Jul-2026,27539,INE377Y01014
BAJAJST,EQ,408.6,416.8,377.05,383.45,388,405.7,66457,25982645.90,29-Jul-2026,3413,INE704G01024
BAJEL,EQ,175.49,178,175.49,177.62,177.5,175.49,76816,13593074.53,29-Jul-2026,1171,INE0KQN01018
BALPHARMA,EQ,87.05,89.49,87.05,88.1,88.7,87.49,14755,1306639.79,29-Jul-2026,302,INE083D01012
BALAMINES,EQ,2271,2351,2252.5,2271.4,2262,2241.5,284327,652930089.90,29-Jul-2026,22335,INE050E01027
BALAJIPHOS,SM,90,90,90,90,90,89,1000,90000.00,29-Jul-2026,1,INE0PQ601019
BALAJITELE,EQ,82.6,84.47,81.51,84.1,83.77,82.6,103163,8536388.39,29-Jul-2026,2127,INE794B01026
BALAXI,EQ,24.2,24.75,24,24.14,24.2,24.44,11774,284902.90,29-Jul-2026,107,INE618N01022
BALKRISIND,EQ,2023,2090.1,2023,2081.7,2082,2013.2,143039,296674416.80,29-Jul-2026,18479,INE787D01026
BALKRISHNA,EQ,17.61,18,17.35,17.66,17.51,17.95,10685,188597.27,29-Jul-2026,85,INE875R01011
BALMLAWRIE,EQ,176.74,180.5,175.81,179.12,179.2,175.98,119319,21329191.95,29-Jul-2026,1820,INE164A01016
BLIL,EQ,70.1,70.31,68.46,70.02,70.1,70.06,55824,3898412.72,29-Jul-2026,615,INE525F01025
BALRAMCHIN,EQ,605,608.95,601.3,606.3,605.8,605.25,138960,84259555.55,29-Jul-2026,6159,INE119A01028
BALUFORGE,EQ,446,450.75,440.15,441.3,441,445.9,259636,115672334.10,29-Jul-2026,8125,INE011E01029
BANARBEADS,EQ,116.03,121,116,116.56,116,117.98,1773,209688.36,29-Jul-2026,75,INE655B01011
BANCOINDIA,EQ,622,635.5,622,627.85,628.3,622.35,85709,53913003.00,29-Jul-2026,5317,INE213C01025
BANDHANBNK,EQ,169,174.06,168.05,173.58,173.4,168.84,19391311,3331340618.70,29-Jul-2026,85580,INE545U01014
GOLDBND,EQ,141.47,141.75,141.02,141.37,141.68,141.49,2217,313642.58,29-Jul-2026,58,INF194KB1KJ7
IDFNIFTYET,EQ,266.45,268,266.45,267.33,267.32,264.23,1471,393308.21,29-Jul-2026,29,INF194KA1U07
SILVERBND,EQ,217.2,218.99,216.31,217.06,216.31,216.85,32636,7091752.97,29-Jul-2026,135,INF194KB1KI9
BANG,EQ,28.98,29.4,28.55,29.26,29.04,29.19,8498,247593.70,29-Jul-2026,123,INE863I01016
BANKBARODA,EQ,239.9,244.9,239.35,243.35,243.2,239.2,10011406,2434840048.60,29-Jul-2026,46529,INE028A01039
BANKINDIA,EQ,137,138.3,136.44,137.65,137.68,136.32,8293430,1138993924.97,29-Jul-2026,41407,INE084A01016
MAHABANK,EQ,80.2,81.23,80.05,80.73,80.82,80.2,9380013,756025855.85,29-Jul-2026,35990,INE457A01014
BANKA,BE,94,94,90,90.5,90.5,93,1304,120762.08,29-Jul-2026,9,INE862Y01015
BASML,BE,27,27.49,27,27,27,26.9,64141,1741073.15,29-Jul-2026,118,INE186H01022
BANARISUG,EQ,3445,3500,3445,3475.7,3500,3482.7,342,1191374.60,29-Jul-2026,73,INE459A01010
BANSALWIRE,EQ,310.1,320.95,309.2,318.35,316.85,309.15,105140,33156000.05,29-Jul-2026,3323,INE0B9K01025
BANSWRAS,EQ,129.05,130.49,125,126.23,129.99,128.97,29046,3692313.14,29-Jul-2026,640,INE629D01020
BVCL,EQ,40.6,43.88,40.02,41.6,41.95,40.7,24224,999286.55,29-Jul-2026,140,INE139I01011
BARFLEX,SM,55,55,54.9,54.9,54.9,55,4000,219800.00,29-Jul-2026,2,INE0QX401014
BBNPNBETF,EQ,57.27,57.84,57.27,57.56,57.56,57.28,178,10246.81,29-Jul-2026,17,INF251K01TL6
BBNPPGOLD,EQ,135.85,139.65,135.85,137.15,137.2,136.25,3499,478957.80,29-Jul-2026,49,INF251K01SU9
BASF,EQ,3716.2,3764.8,3709.5,3740.7,3741,3700.2,12912,48354406.40,29-Jul-2026,2658,INE373A01013
BASILIC,SM,195,200,195,198.75,199.45,194.65,13800,2718075.00,29-Jul-2026,35,INE0OCC01013
BATAINDIA,EQ,696.95,704.75,696.3,698.35,697,694.95,168128,117599276.70,29-Jul-2026,11905,INE176A01028
BATLIBOI,EQ,85.51,85.51,82.25,84.33,84.6,83.4,21402,1786918.77,29-Jul-2026,535,INE177C01022
BAWEJA,ST,26.5,26.8,25.65,26.65,26.7,26.95,26400,685000.00,29-Jul-2026,29,INE0JFJ01011
BAYERCROP,EQ,4240.4,4279.8,4225.4,4248.3,4250,4219.4,32475,138179075.00,29-Jul-2026,6036,INE462A01022
BCLIND,EQ,34.62,34.88,34.41,34.66,34.55,34.56,252112,8723753.13,29-Jul-2026,1460,INE412G01024
BCPL,EQ,71.7,71.7,70.1,70.43,70.6,70.47,2512,176879.70,29-Jul-2026,100,INE00SW01015
BEACON,ST,87,89.85,86.1,89.15,89.85,87.65,12000,1052950.00,29-Jul-2026,12,INE639X01027
BEARDSELL,EQ,27.71,27.71,26.92,26.94,26.92,27.17,8896,241744.85,29-Jul-2026,124,INE520H01022
BEDMUTHA,EQ,110.5,110.5,107,107.87,107.98,108.34,7988,858585.33,29-Jul-2026,67,INE844K01012
BEEKAY,EQ,407.95,407.95,395.05,399.9,399.9,408.55,380,152007.60,29-Jul-2026,30,INE213D01015
BELLACASA,EQ,241.95,241.95,235,236.25,235.6,241.8,12727,3025157.45,29-Jul-2026,874,INE344T01014
BELRISE,EQ,229.59,232.95,228.7,230.47,230,229.03,2726476,629582250.62,29-Jul-2026,36594,INE894V01022
BLAL,EQ,178.89,178.9,176,176.78,176.5,177.23,9786,1735516.30,29-Jul-2026,209,INE0N7W01012
BEML,EQ,1755,1793.4,1751.8,1781.4,1771,1759.2,225384,400277964.40,29-Jul-2026,15808,INE258A01024
BENGALASM,EQ,6397.5,6397.5,6211,6232.5,6218,6315,216,1349440.00,29-Jul-2026,58,INE083K01017
BERGEPAINT,EQ,499.35,528.1,497.25,520.05,519.5,499.35,746012,385908306.05,29-Jul-2026,25222,INE463A01038
BESTAGRO,EQ,15.26,16.94,15.26,16.74,16.86,15.26,1799964,29442435.18,29-Jul-2026,4123,INE052T01021
BETA,EQ,2145,2243.9,2109,2233.2,2243.9,2109.8,34121,75205802.50,29-Jul-2026,5739,INE351Y01019
BEWLTD,SM,58.7,60,56.5,58.5,58.5,58.35,20500,1192025.00,29-Jul-2026,32,INE0HQI01014
BFINVEST,EQ,454.9,456.3,446.55,451.5,450.2,450.5,27708,12514457.05,29-Jul-2026,865,INE878K01010
BFUTILITIE,EQ,574.65,579.15,568.7,575.1,577.65,569.3,44110,25312066.40,29-Jul-2026,1738,INE243D01012
BANK10BETF,EQ,20.81,20.98,20.79,20.92,20.92,20.73,5786,121130.98,29-Jul-2026,20,INF0QA701CI0
BANKBETF,EQ,57.77,58.29,57.77,58.02,58.17,57.77,20079,1166507.84,29-Jul-2026,131,INF0QA701714
LIQUIDBETF,EQ,1092.24,1092.26,1092.24,1092.25,1092.25,1092.11,279326,305093678.70,29-Jul-2026,109,INF0QA701854
NIFTYBETF,EQ,248.99,249.7,248.19,249.44,249.41,246.56,3566,887392.22,29-Jul-2026,39,INF0QA701722
BGRENERGY,BE,292.2,295,281.5,287.55,289,287.05,36837,10562855.05,29-Jul-2026,510,INE661I01014
BHADORA,ST,88.1,90,86,89.5,89,88.3,7200,630120.00,29-Jul-2026,6,INE0ZRC01017
BHAGERIA,BE,208,208.9,203.1,206.25,208.9,207.99,18380,3783775.11,29-Jul-2026,325,INE354C01027
BHAGCHEM,EQ,263.4,268.95,261.05,267.05,267.5,263.4,52983,14058085.05,29-Jul-2026,1554,INE414D01027
BHAGYANGR,BE,386.7,386.7,386.7,386.7,386.7,407.05,34780,13449426.00,29-Jul-2026,630,INE458B01036
BHANDARI,BE,2.85,2.9,2.82,2.88,2.89,2.85,38609,111137.57,29-Jul-2026,144,INE474E01029
BEPL,EQ,113.6,115.66,113.1,114.53,114.35,113.41,1415362,162202430.21,29-Jul-2026,9905,INE922A01025
BBL,EQ,2543.6,2590,2520,2572.2,2570,2523.4,17103,43757890.70,29-Jul-2026,3081,INE464A01036
BHARATCOAL,EQ,34.5,34.68,34.22,34.27,34.3,34.27,5316672,182998575.33,29-Jul-2026,12488,INE05XR01022
BDL,EQ,1268.7,1271,1254.6,1261.8,1260,1271,412387,520264310.90,29-Jul-2026,17753,INE171Z01026
BEL,EQ,390.9,390.95,382.2,387.55,387.5,389,32630643,12581007568.35,29-Jul-2026,413219,INE263A01024
BHARATFORG,EQ,2173.5,2185,2151.2,2171.5,2162.8,2162.7,686018,1485215401.60,29-Jul-2026,23260,INE465A01025
BHARATGEAR,BE,124.9,127,122.31,126.39,126,123.96,12281,1540356.65,29-Jul-2026,192,INE561C01019
BPCL,EQ,320,320.05,315.8,317.4,317.2,320.05,5132678,1632057825.10,29-Jul-2026,41290,INE029A01011
BHARATRAS,EQ,1281.5,1290.6,1270,1275.9,1270,1275.7,8031,10274196.50,29-Jul-2026,994,INE838B01021
BRNL,EQ,17.51,17.87,17.32,17.48,17.4,17.51,31870,559733.96,29-Jul-2026,250,INE727S01012
BHARATSE,EQ,211.9,216.27,208.4,209.75,210,210.54,231496,49091467.54,29-Jul-2026,5759,INE415D01024
BHARATWIRE,EQ,197.61,204.1,197.61,201.55,201.9,197.53,128762,25925640.16,29-Jul-2026,2614,INE316L01019
BHARTIARTL,EQ,1915.2,1957,1913.1,1950.2,1946,1901.8,6315728,12281980300.00,29-Jul-2026,144382,INE397D01024
BHARTIHEXA,EQ,1610,1658.8,1595.7,1654.5,1656.1,1604.6,103460,170251906.00,29-Jul-2026,11593,INE343G01021
BIL,EQ,749.6,758.8,741.9,749.75,750,778.85,15658,11738963.15,29-Jul-2026,292,INE828A01016
BHEL,EQ,408,408.45,395.5,405.15,404.45,405.75,10523689,4237646632.60,29-Jul-2026,95909,INE257A01026
BTTL,BE,48,48.49,45.32,46.87,48,47.7,8546,399648.03,29-Jul-2026,56,INE274K01012
BIGBLOC,EQ,45.98,46.95,45.5,45.91,46,45.97,30913,1424170.50,29-Jul-2026,278,INE412U01025
BIKAJI,EQ,634,647,631.8,641.85,642.6,633.95,72704,46613511.50,29-Jul-2026,9370,INE00E101023
BIKEWO,ST,62.1,65,62.1,63.95,64.5,64.7,82000,5229800.00,29-Jul-2026,40,INE0SQH01013
BILVYAPAR,BE,3.93,4.17,3.93,4,4,4.1,4915,19439.72,29-Jul-2026,25,INE071A01013
BI,EQ,60.88,60.88,58,58.2,58.3,59.25,3449,201874.92,29-Jul-2026,64,INE986A01012
GROWW,EQ,196.3,196.64,192.5,193.71,194.6,195.3,31903895,6200796254.07,29-Jul-2026,175256,INE0HOQ01053
BIMETAL,EQ,640.2,667.6,638.15,643.8,643.8,638.15,264,170501.85,29-Jul-2026,32,INE469A01019
BMLL,SM,140,161.7,140,158.55,159.35,141.05,236000,36649400.00,29-Jul-2026,154,INE1BKA01015
BIOCON,EQ,434.95,435.5,427.1,431.1,431.15,432.45,3351508,1443509609.75,29-Jul-2026,52274,INE376G01013
BIOFILCHEM,EQ,32.89,32.89,32.15,32.67,32.65,32.64,3430,111376.25,29-Jul-2026,78,INE829A01014
BIOPOL,SM,106.75,107.05,101.05,104.7,104.75,107.15,103200,10845360.00,29-Jul-2026,80,INE0XW001014
BIRLACABLE,BE,194.98,199,194.01,198.28,199,194.98,22874,4522086.81,29-Jul-2026,346,INE800A01015
BIRLACORPN,EQ,880.9,904.8,872.05,889.15,889,875.75,137754,122644814.75,29-Jul-2026,12424,INE340A01012
BIRLAPREC,EQ,34.25,34.84,33.51,33.94,33.9,34.37,10126,346172.80,29-Jul-2026,143,INE372E01025
BIRLANU,EQ,1361,1399.9,1359,1379.8,1375.1,1351.7,12999,17918248.30,29-Jul-2026,1503,INE557A01011
ABGSEC,EQ,113.98,114.97,113.62,113.9,113.9,113.98,278,31690.91,29-Jul-2026,12,INF209KC1134
ABSL10BANK,EQ,167.52,179.99,167.42,170.14,179.99,166.1,17485,2974208.67,29-Jul-2026,130,INF209KC1670
ABSLBANETF,EQ,58.33,58.7,58.33,58.6,58.56,58.18,8552,501207.37,29-Jul-2026,174,INF209KB17D5
ABSLLIQUID,EQ,1000,1000.01,999.99,999.99,999.99,1000,802,802007.75,29-Jul-2026,14,INF209KB18T9
ABSLMSCIN,EQ,29.53,29.65,29.53,29.59,29.57,29.28,455,13482.19,29-Jul-2026,8,INF209KC1662
ABSLNN50ET,EQ,75.52,76.64,75.52,76.2,76.22,75.74,24805,1891785.78,29-Jul-2026,148,INF209KB16D7
BSLSENETFG,EQ,76.63,78.45,76.63,78.01,78.01,77.35,4981,389218.40,29-Jul-2026,92,INF209KB10E8
HEALTHY,EQ,17.41,17.41,16.79,17.17,17.18,16.99,325140,5566587.73,29-Jul-2026,896,INF209KB10C2
MOMENTUM,EQ,30.51,30.64,30.37,30.59,30.62,30.39,69683,2125567.26,29-Jul-2026,178,INF209KB14K7
NIFTYQLITY,EQ,21.07,21.75,21.07,21.62,21.66,21.4,152586,3299773.36,29-Jul-2026,231,INF209KB15K4
SILVER,EQ,215.49,217.2,215,215.83,215.7,215.49,608077,131262939.92,29-Jul-2026,6090,INF209KB19F6
TECH,EQ,33.81,34.29,33.65,33.91,33.65,33.25,301111,10267884.89,29-Jul-2026,975,INF209KB11D8
ABSLPSE,EQ,10.17,10.3,10.17,10.25,10.26,10.25,141404,1446803.11,29-Jul-2026,364,INF209KB19Z4
BSOFT,EQ,304,322.65,296.65,311.15,311,299.9,7974181,2479708868.15,29-Jul-2026,107746,INE836A01035
BBOX,EQ,744.95,766.6,732.45,740.65,738,732.45,457671,341547549.20,29-Jul-2026,21068,INE676A01027
BLACKROSE,BE,111.06,111.07,106.85,110.85,111,105.79,47050,5202047.71,29-Jul-2026,362,INE761G01016
BLACKBUCK,EQ,543.7,561,516.6,523.55,523,543.3,940192,500583259.40,29-Jul-2026,45192,INE0UIZ01018
BLBLIMITED,EQ,16.35,16.35,15.6,15.82,15.76,15.85,27100,428664.12,29-Jul-2026,126,INE791A01024
BLISSGVS,BE,443,469.95,443,456,457,450.1,174456,80029346.55,29-Jul-2026,2135,INE416D01022
BLSE,EQ,284.1,302.32,280.41,298.81,298,282.63,1211513,355638299.24,29-Jul-2026,16615,INE0NLT01010
BLS,EQ,237.95,245.45,236.4,241.9,240.35,235.7,1404200,340053920.60,29-Jul-2026,21846,INE153T01027
BLUECHIP,BE,1.82,1.82,1.82,1.82,1.82,1.85,1101,2003.82,29-Jul-2026,4,INE657B01025
BLUECOAST,BE,23.19,25.5,23.19,23.97,24.97,24.41,3747,88546.13,29-Jul-2026,39,INE472B01011
BLUEDART,EQ,5080,5125.2,5046.6,5069.6,5099,5103.5,8120,41178988.80,29-Jul-2026,2437,INE233B01017
BLUEJET,EQ,572.95,605,572.95,602.75,604,571.95,1395442,823957687.70,29-Jul-2026,31346,INE0KBH01020
BLUEPEBBLE,SM,66,67,66,66.75,67,70,2000,133200.00,29-Jul-2026,4,INE0SAK01011
BLUESTARCO,EQ,1640,1687,1639.8,1680.8,1685,1645.2,156603,260917737.20,29-Jul-2026,13389,INE472A01039
BLUEWATER,ST,490.5,490.5,445.05,462.45,451.3,467.15,183000,88044100.00,29-Jul-2026,142,INE0X3M01010
BLUESTONE,EQ,780,807.9,761.25,770.25,769,757.25,13952569,10947793028.70,29-Jul-2026,258328,INE304W01038
BLUSPRING,EQ,108,117.78,104.93,114.11,112.28,107.08,619309,69250953.45,29-Jul-2026,5590,INE0U4101014
BMWVENTLTD,EQ,57.5,58.88,56.8,57.51,58,57.71,61071,3517113.32,29-Jul-2026,1246,INE965W01036
BNAGROCHEM,BE,265.05,275,265,274.7,275,274,666,180683.40,29-Jul-2026,14,INE00HZ01011
BODALCHEM,BE,68.5,71.53,66.15,71.53,71.53,68.13,306835,21382847.45,29-Jul-2026,900,INE338D01028
BTML,EQ,6.16,6.5,6.16,6.24,6.25,6.33,204189,1298752.87,29-Jul-2026,374,INE0EEJ01023
BOHRAIND,EQ,14.5,14.5,14.5,14.5,14.5,13.81,9345,135502.50,29-Jul-2026,19,INE802W01023
BBTC,EQ,1500.1,1501,1489.2,1498.1,1500,1491.7,31733,47489369.00,29-Jul-2026,4399,INE050A01025
BOMDYEING,EQ,120.7,121.99,120.7,121.03,120.9,120.42,227352,27579040.62,29-Jul-2026,2540,INE032A01023
BSHSL,BE,86.45,88,85.6,86.65,86.5,86.45,3793,325583.00,29-Jul-2026,36,INE032Z01020
704REC28,N4,1099.99,1099.99,1099.99,1099.99,1099.99,1166,9,9899.91,29-Jul-2026,1,INE020B07GZ9
830NHAI27,N2,1080.68,1081,1078,1079.05,1079.05,1080.68,14114,15219980.78,29-Jul-2026,50,INE906B07CB9
865IRFC29,NA,1097.15,1109.84,1097.15,1107.54,1109.84,1105,920,1017124.70,29-Jul-2026,11,INE053F07686
871REC28,N9,1120,1120,1113.3,1115.24,1115,1116,2123,2368354.17,29-Jul-2026,37,INE020B07HS2
888IRFC29,NE,1120,1120,1120,1120,1120,1120,10,11200.00,29-Jul-2026,1,INE053F07744
901NHB34,N6,6359,6359,6252,6320,6320,6359,106,669192.10,29-Jul-2026,19,INE557F07132
BONLON,EQ,39.9,41.39,39.5,40.66,40.66,39.9,3520,142302.87,29-Jul-2026,70,INE0B9A01018
BORANA,EQ,327.1,342,325.25,327.6,329.6,322.25,56003,18672644.45,29-Jul-2026,1741,INE16SF01016
BOROLTD,EQ,229.6,235,229.6,231.88,232.6,228.9,31562,7334559.06,29-Jul-2026,1647,INE02PY01013
BORORENEW,EQ,572.5,579.15,571,573.95,575.1,572.4,282833,162618389.35,29-Jul-2026,11345,INE666D01022
BOROSCI,EQ,153.39,159.98,153.39,157.14,157.44,153.95,46335,7294407.18,29-Jul-2026,1078,INE02L001032
BOSCH-HCIL,EQ,1334.3,1337.4,1308.1,1317.6,1326,1333.8,20449,26897643.00,29-Jul-2026,1212,INE782A01015
BOSCHLTD,EQ,41355,41630,39705,41065,41100,41310,46738,1909097165.00,29-Jul-2026,19726,INE323A01026
BPL,EQ,53.13,53.68,52.2,52.57,52.55,52.74,38645,2040159.19,29-Jul-2026,792,INE110A01019
BRACEPORT,SM,63,63,63,63,63,63,1600,100800.00,29-Jul-2026,1,INE0R4Z01018
FIRSTCRY,EQ,213.3,215.6,211.65,215.03,214.93,212.36,492831,105582289.13,29-Jul-2026,8618,INE02RE01045
BCONCEPTS,EQ,197.99,197.99,186.4,188.99,188.5,187.18,3722,701334.43,29-Jul-2026,247,INE977Y01011
BRANDMAN,SM,179,184,173.2,176.85,183.8,182,52800,9419240.00,29-Jul-2026,33,INE0XUD01014
BRIGADE,EQ,562.3,565.9,557.15,564.25,563.5,560.2,213417,119921805.40,29-Jul-2026,10333,INE791I01019
BRIGHOTEL,EQ,59.6,60.61,59.59,59.98,59.91,59.86,61290,3679600.76,29-Jul-2026,848,INE03NU01014
BCG,EQ,9.31,9.43,9.26,9.39,9.41,9.3,2290898,21437388.49,29-Jul-2026,2572,INE425B01027
BRITANNIA,EQ,5499.5,5582,5488.5,5517.5,5533,5478.5,356551,1977614485.00,29-Jul-2026,33530,INE216A01030
BIRET,RR,343.49,344.6,341.22,342.58,343,343.04,208748,71636957.27,29-Jul-2026,6913,INE0FDU25010
BROOKS,BE,62.75,62.9,59.65,59.88,59.65,62.75,55756,3384549.93,29-Jul-2026,303,INE650L01011
BSE,EQ,3475,3555,3467.9,3541.4,3540,3457.8,2058479,7264217623.60,29-Jul-2026,108677,INE118H01025
BSL,EQ,126.81,127,125.01,125.35,125.25,126.18,1305,163562.60,29-Jul-2026,33,INE594B01012
BUTTERFLY,EQ,755,760,721.1,729.15,735.35,756.7,58679,43188989.85,29-Jul-2026,3109,INE295F01017
CKKRETAIL,SM,152,156,145.2,145.95,145.25,142.95,96800,14437760.00,29-Jul-2026,74,INE0SMX01019
MAPMYINDIA,EQ,1145,1222.35,1141.85,1163.1,1163,1136.15,859796,1021273540.85,29-Jul-2026,49656,INE0BV301023
C2C,SM,263,268.4,253.6,258.7,264.8,261.5,97650,25569442.50,29-Jul-2026,522,INE0U7V01015
CMLL,EQ,584,591.75,542.1,561.3,559.8,566.35,5972962,3365000298.60,29-Jul-2026,88447,INE11XY01018
CALSOFT,BE,21.64,21.95,21.1,21.2,21.18,21.64,29267,626832.69,29-Jul-2026,172,INE526B01014
CTE,EQ,31.61,32.49,30.8,30.88,31,31.61,49328,1544349.08,29-Jul-2026,245,INE627H01017
CAMLINFINE,EQ,126.1,131.72,126.05,130.15,131,126.59,701790,90932066.87,29-Jul-2026,8953,INE052I01032
CAMPUS,EQ,218,226.8,216.36,223.37,223.5,216.36,1224856,272365714.20,29-Jul-2026,23775,INE278Y01022
CANFINHOME,EQ,821,828.95,810.3,822.15,824,817.05,280514,229462494.30,29-Jul-2026,16824,INE477A01020
CANBK,EQ,124.6,125.55,124,124.72,124.5,124.24,17108935,2135829634.14,29-Jul-2026,61379,INE476A01022
CANHLIFE,EQ,141.7,151.18,140,147.08,147,141.67,1832625,271721030.31,29-Jul-2026,26801,INE01TY01017
CRAMC,EQ,262.55,264.48,260,261.54,261,262.41,271745,71204393.84,29-Jul-2026,7481,INE218I01013
CANARYS,SM,19.7,20.7,19.5,19.85,19.95,19.3,348000,6974000.00,29-Jul-2026,72,INE0QG301017
CANTABIL,EQ,239.9,241.6,236.05,238.11,236.1,238.48,90049,21461532.07,29-Jul-2026,5117,INE068L01024
CAPACITE,EQ,217.45,219.75,216.5,219.2,219.4,216.25,206776,45095528.50,29-Jul-2026,4091,INE264T01014
CAPILLARY,EQ,514.7,534.9,505.7,527.45,524,511.4,360589,188764712.85,29-Jul-2026,11191,INE0ILV01024
CIFL,EQ,20.18,20.69,20.04,20.4,20.5,20.18,75556,1528558.39,29-Jul-2026,766,INE345H01024
CAPINVIT,IV,73.05,74.74,73.05,74.3,74.02,73.41,891380,65909875.72,29-Jul-2026,7612,INE0Z8Z23013
CAPITALSFB,EQ,298.45,300.1,295,298.3,299,296.3,15543,4635686.30,29-Jul-2026,540,INE646H01017
CAPTRUST,EQ,15.98,16.52,14.97,16.49,16.52,15.74,132477,2148195.50,29-Jul-2026,229,INE707C01018
CAPLIPOINT,EQ,2590.9,2642.4,2588.1,2613.2,2625,2588.3,86491,225685838.10,29-Jul-2026,14578,INE475E01026
CGCL,EQ,229.95,232.39,219.57,226.55,224.7,228.22,5648034,1274909294.44,29-Jul-2026,58616,INE180C01042
CPL,EQ,70.1,74,70.1,71.02,71.4,70.67,69527,4996898.52,29-Jul-2026,962,INE536P01021
CARBORUNIV,EQ,1063.6,1083.8,1052,1056,1055,1061.5,81553,86500021.80,29-Jul-2026,12011,INE120A01034
CARERATING,EQ,1680,1712.5,1664,1689.6,1690,1673.2,71476,120598708.40,29-Jul-2026,9930,INE752H01013
CPEDU,EQ,195.8,225.88,195.8,212.52,214,194.2,253592,55148972.13,29-Jul-2026,4773,INE0P6P01016
CARRARO,EQ,538,538,527,530.05,529,529.15,53833,28602380.70,29-Jul-2026,3416,INE0V7W01012
CARTRADE,EQ,2989.8,3068.9,2740,2855.7,2854,2962.7,2518786,7222099871.90,29-Jul-2026,177213,INE290S01011
CARYSIL,EQ,1150.3,1185,1150,1178.4,1174,1152.2,76578,90068803.20,29-Jul-2026,5490,INE482D01024
CASTROLIND,EQ,184.1,185.2,184,184.95,185.1,184.06,782644,144463190.80,29-Jul-2026,13937,INE172A01027
CCL,EQ,1205,1213.9,1195,1198.6,1196.1,1188.2,235994,283672676.50,29-Jul-2026,28746,INE421D01022
CEATLTD,EQ,3417,3460,3405.3,3433.8,3440,3401.4,116214,398444441.80,29-Jul-2026,16423,INE482A01020
CEDAAR,ST,16.9,17,16.35,16.35,16.35,17,12000,199500.00,29-Jul-2026,12,INE11J101017
CEIGALL,EQ,327,334.85,321,333.55,331.3,324.75,349612,115448820.40,29-Jul-2026,10048,INE0AG901020
CEINSYS,EQ,846.95,858.45,842,852,847,844.25,34966,29755673.15,29-Jul-2026,2191,INE016Q01014
CELEBRITY,EQ,6.93,7.34,6.93,7.01,6.93,6.93,12392,87086.39,29-Jul-2026,107,INE185H01016
CELLPOINT,SM,19.95,19.95,19.95,19.95,19.95,19.5,2400,47880.00,29-Jul-2026,2,INE0O0001013
CELLECOR,ST,32.65,32.65,31,32.35,32.1,32.4,297000,9587100.00,29-Jul-2026,38,INE0OMO01025
CELLO,EQ,345,347.6,342.2,345.1,346.5,344.45,138283,47682179.35,29-Jul-2026,8733,INE0LMW01024
CEMPRO,EQ,1352,1356.6,1283.8,1341.6,1340,1340.8,737059,975429143.60,29-Jul-2026,36209,INE686A01026
CENTRALBK,EQ,31.2,31.27,30.96,31.19,31.2,30.89,4099225,127743996.49,29-Jul-2026,8946,INE483A01010
CDSL,EQ,1349.9,1361.3,1344.2,1350,1350,1345.1,1018335,1376728737.20,29-Jul-2026,33017,INE736A01011
CMPDI,EQ,244.9,246.36,239.92,244.61,244.89,242.96,2054599,500835152.75,29-Jul-2026,26925,INE05HV01027
CENTRUM,EQ,23.28,24.15,22.6,23.26,23.1,23.18,768658,17698215.53,29-Jul-2026,2113,INE660C01027
CENTUM,EQ,3445,3588,3445,3578.5,3578.9,3455.9,40710,142665537.80,29-Jul-2026,8982,INE320B01020
CENTENKA,EQ,606.8,671.65,606.8,611.25,609,600.2,2830320,1812958649.65,29-Jul-2026,77226,INE485A01015
CENTEXT,EQ,18.55,18.87,18.3,18.47,18.64,18.64,69003,1279341.97,29-Jul-2026,347,INE281A01026
CENTURYPLY,EQ,791.15,805,777.55,782.8,780.15,791.15,80230,62944784.15,29-Jul-2026,8404,INE348B01021
CERA,EQ,6256.5,6297.5,6107,6143,6129.5,6263.5,4372,27049841.00,29-Jul-2026,1499,INE739E01017
CEREBRAINT,BZ,3.08,3.08,2.92,2.98,2.98,2.98,50799,152218.82,29-Jul-2026,94,INE345B01019
CESC,EQ,163.71,164.95,162.5,164.12,164.2,163.88,549777,90147495.30,29-Jul-2026,9851,INE486A01021
CGPOWER,EQ,844.1,845.2,825.5,829.5,830,844.1,5215606,4334508414.40,29-Jul-2026,180999,INE067A01029
CHALET,EQ,851,858,821.55,836.7,837.9,844.15,99579,83181189.10,29-Jul-2026,12029,INE427F01016
CLSEL,EQ,276.25,279,275.8,278.7,278.9,277.1,17223,4780461.40,29-Jul-2026,620,INE419D01026
CMNL,SM,100,101,99,99,99,98.5,3750,373687.50,29-Jul-2026,5,INE06PV01010
CHAMBLFERT,EQ,440.05,453,440.05,451.45,452,438.4,687613,309050434.35,29-Jul-2026,15637,INE085A01013
CHAMUNDA,SM,43,43,43,43,43,43,6000,258000.00,29-Jul-2026,2,INE11HG01018
CHANDAN,SM,234.45,244.05,234.45,243,243,230.4,38400,9219360.00,29-Jul-2026,44,INE0B2N01016
CHAVDA,SM,128,128,125,125,125,125.1,23000,2889400.00,29-Jul-2026,21,INE0PT101017
CHEMBONDCH,BE,234.99,238.95,219.25,228.77,231.85,230.78,15500,3470519.67,29-Jul-2026,178,INE0TGX01019
CHEMBOND,BE,170.05,175.99,170,174.98,174.98,176.45,2230,386139.63,29-Jul-2026,68,INE995D01025
CHEMCON,BE,179.98,179.98,171,176.05,176.5,175.91,8817,1546972.70,29-Jul-2026,216,INE03YM01018
CHEMFAB,BE,375.6,384.45,375,378.95,381,376.8,2781,1052466.00,29-Jul-2026,52,INE783X01023
CHEMPLASTS,EQ,201.25,208.31,201.25,203.35,204.5,202.14,310797,63616527.79,29-Jul-2026,7056,INE488A01050
CHENNPETRO,EQ,1200,1219.9,1176.1,1212.3,1214,1180.5,908359,1094151883.20,29-Jul-2026,26468,INE178A01016
CHEVIOT,EQ,1159.9,1175,1159.9,1166.9,1172,1156.9,11502,13402915.90,29-Jul-2026,555,INE974B01016
CHOICEIN,EQ,799.95,803.6,792.5,800.1,799,796.55,543689,434371940.00,29-Jul-2026,6196,INE102B01014
CHOICEGOLD,EQ,139.92,140.95,139.8,140.51,140.65,139.92,1920,269621.57,29-Jul-2026,110,INF2KCX01012
CHOLAHLDNG,EQ,1528,1577.8,1512.9,1517.7,1517,1515,388287,591271542.80,29-Jul-2026,25326,INE149A01033
CHOLAFIN,EQ,1805,1839.6,1776.2,1802.9,1798.1,1753,2713486,4897654243.30,29-Jul-2026,98923,INE121A01024
CIEINDIA,EQ,410,417,407.55,414.75,413,408.3,205776,84809289.40,29-Jul-2026,9135,INE536H01010
CINELINE,EQ,80.99,81.13,80,80.51,80.5,80.99,9926,799483.91,29-Jul-2026,187,INE704H01022
CINEVISTA,EQ,15.45,15.45,14.99,15.12,15.1,15.33,29356,442365.53,29-Jul-2026,115,INE039B01026
CIPLA,EQ,1451,1491.2,1442,1474.3,1473,1444.6,2192262,3230777375.00,29-Jul-2026,71746,INE059A01026
CITIUSINVT,IV,109.95,110,108.86,109.28,109,109.28,60121,6602254.86,29-Jul-2026,830,INE2Q7823014
CUB,EQ,236,236,224.69,228.86,230,238.14,7988538,1827875299.94,29-Jul-2026,94948,INE491A01021
CLEDUCATE,BE,56.21,58.99,55.56,56.3,56.3,56.2,16530,933884.12,29-Jul-2026,132,INE201M01029
CLASSICEIL,ST,59.1,59.1,59.1,59.1,59.1,59.7,1600,94560.00,29-Jul-2026,1,INE0UQ601012
CLAYCRAFT,SM,159.2,167.75,159.2,165.15,163,159.15,36000,5918880.00,29-Jul-2026,47,INE1QGM01024
CLEANMAX,EQ,1336.9,1336.9,1292,1328.2,1328.8,1317.1,134563,177186473.80,29-Jul-2026,13887,INE647U01026
CLEAN,EQ,736.45,743.5,726,737.3,737.05,730.1,170309,125710205.45,29-Jul-2026,18753,INE227W01023
CSSL,SM,101,101,100,100,100,101.25,5000,502000.00,29-Jul-2026,5,INE1EF801010
CMRGREEN,EQ,215.6,221,214.5,215.15,216,215.1,615655,134044111.55,29-Jul-2026,8302,INE00WV01027
CMSINFO,EQ,271.75,278.35,271.75,277.65,278,271.55,289596,80063558.75,29-Jul-2026,8478,INE925R01014
COALINDIA,EQ,413.05,413.5,406.25,410.05,410,410.15,9914444,4066783075.35,29-Jul-2026,95728,INE522F01014
COASTCORP,EQ,50.05,51.5,49.61,50.17,49.61,50.04,74037,3737869.22,29-Jul-2026,1054,INE377E01024
COCHINSHIP,EQ,1389.5,1408,1385.5,1403.6,1400,1382.6,742837,1038040430.40,29-Jul-2026,26386,INE704P01025
COFFEEDAY,BE,30.25,30.99,30.05,30.62,30.7,30.25,231892,7104901.67,29-Jul-2026,720,INE335K01011
COFORGE,EQ,1720,1764.9,1705.2,1714.9,1707,1686,8196676,14233773515.40,29-Jul-2026,266939,INE591G01025
COHANCE,EQ,427,433.7,425.25,431.3,431,425.75,245022,105461155.00,29-Jul-2026,9161,INE03QK01018
COLPAL,EQ,2145.9,2213.4,2097.6,2166.4,2174.9,2138.1,1771147,3821848257.50,29-Jul-2026,103650,INE259A01022
COMFINTE,EQ,5.46,6.3,5.27,6.14,6.11,5.35,1634160,9572358.89,29-Jul-2026,1341,INE819A01049
COMSYN,EQ,180.3,209.9,179.09,207.92,209.45,179.25,5499559,1093661114.33,29-Jul-2026,49809,INE073V01015
COMMITTED,ST,335,345,335,344.95,343,330,43200,14862640.00,29-Jul-2026,26,INE597Z01014
COMPINFO,BZ,1.14,1.18,1.09,1.17,1.17,1.14,5677,6582.15,29-Jul-2026,19,INE070C01037
COMPUSOFT,EQ,13.32,13.41,13.12,13.19,13.22,13.22,27980,369376.01,29-Jul-2026,122,INE453B01029
CAMS,EQ,804.3,805.55,789.1,792.4,792.85,800.3,541450,429692010.35,29-Jul-2026,21785,INE596I01020
CONCORDBIO,EQ,1263,1337,1252.3,1330.4,1337,1256.1,179878,236164067.60,29-Jul-2026,19153,INE338H01029
CEWATER,EQ,288.4,293.9,284.9,291.25,292.5,286.25,36365,10595713.60,29-Jul-2026,2545,INE037Z01029
CONFIPET,EQ,77.9,79.7,77.09,78.28,78,77.49,1713119,134122791.82,29-Jul-2026,13963,INE552D01024
CONNPLEX,SM,204,207,203.25,203.6,204,203.45,6400,1313720.00,29-Jul-2026,7,INE0EAS01014
CCCL,EQ,15.7,16.27,14.4,15.7,15.7,15.72,774340,12111799.25,29-Jul-2026,2803,INE429I01024
CONSOFINVT,BE,287,290,276,288.84,289,287.54,24851,7128944.44,29-Jul-2026,158,INE025A01027
CONCOR,EQ,525,530.5,523.05,525.85,526,522.4,1843068,970519627.20,29-Jul-2026,38653,INE111A01025
CONTI,SM,11.05,11.05,11.05,11.05,11.05,10.55,3333,36829.65,29-Jul-2026,1,INE340Z01019
CONTROLPR,EQ,590.45,594.95,583.1,587.55,588,589.85,17920,10531255.60,29-Jul-2026,1109,INE663B01015
COOLCAPS,ST,20,21.2,20,21.05,21.2,20.8,61250,1260500.00,29-Jul-2026,40,INE0HS001028
CORALFINAC,EQ,33.79,35.11,32.38,33.6,33.84,33.67,190841,6417387.01,29-Jul-2026,777,INE558D01021
CORDSCABLE,BE,204.92,206,202.16,202.48,202.8,204.92,8254,1674325.45,29-Jul-2026,128,INE792I01017
COROMANDEL,EQ,2036.9,2074,2029.6,2037.6,2040.9,2026.8,116341,237999427.10,29-Jul-2026,27805,INE169A01031
CORONA,EQ,2090,2128.9,2063.4,2107.4,2092.2,2069.7,48201,101504954.90,29-Jul-2026,11418,INE02ZQ01018
COSMOFIRST,EQ,900.15,905.7,872,889.1,890,890.3,84224,74540661.85,29-Jul-2026,10281,INE757A01017
CCHHL,EQ,13.25,13.25,12.62,12.69,12.8,12.61,15264,194979.99,29-Jul-2026,110,INE652F01027
COUNCODOS,EQ,6.36,6.55,6.12,6.2,6.18,6.3,62890,395068.33,29-Jul-2026,179,INE695B01025
CPCAP,BE,107.77,113.55,107.77,113.41,113.4,108.31,64389,7187232.34,29-Jul-2026,140,INE521J01018
CPSEETF,EQ,94.27,95.26,93.7,94.03,94.1,94.27,1019834,95812382.49,29-Jul-2026,8793,INF457M01133
CRAFTSMAN,EQ,9300.5,10037,9282.5,9913,9931,9290,429854,4205907310.50,29-Jul-2026,96476,INE00LO01017
CRAYONS,SM,26.1,26.1,26,26,26,25.25,3000,78100.00,29-Jul-2026,3,INE0OFK01019
CREATIVEYE,EQ,5.98,6.5,5.98,6.02,6,5.98,8851,53316.50,29-Jul-2026,106,INE230B01021
CGRAPHICS,SM,123.15,133,123.15,128.5,129.3,128.9,24800,3204960.00,29-Jul-2026,29,INE0R7401011
CNL,EQ,1033.4,1048,981,990.85,992,1033.4,219865,220090710.85,29-Jul-2026,10187,INE985W01018
CREDITACC,EQ,1590,1596,1562.1,1590.4,1592.9,1576.6,170179,269975801.60,29-Jul-2026,20796,INE741K01010
MUFTI,EQ,83,83.23,81.11,82.19,81.9,81.24,26927,2212191.26,29-Jul-2026,682,INE220Q01020
CREST,EQ,374.95,381.9,371,373.2,373.2,377.7,1667,624747.85,29-Jul-2026,218,INE559D01011
CRISIL,EQ,4499,4540,4388.6,4448.7,4440,4489.9,50403,224128222.70,29-Jul-2026,11095,INE007A01025
CRIZAC,EQ,190.9,193.8,190.41,191.9,192,190.33,153987,29557530.58,29-Jul-2026,6604,INE0S4R01014
CROMPTON,EQ,247.7,266.5,247.7,264.25,265,247.4,6188364,1613071082.65,29-Jul-2026,56798,INE299U01018
CLSL,SM,65,65,61,62,63,65,18000,1157400.00,29-Jul-2026,8,INE00NH01017
CROWN,EQ,114.06,114.06,108,111.18,112,112.58,22061,2431138.10,29-Jul-2026,514,INE491V01019
CSBBANK,EQ,339.9,341.1,332.5,333,333.5,339.2,420485,141188819.75,29-Jul-2026,11081,INE679A01013
CSLFINANCE,EQ,214.03,216.91,210,211,210.9,214.4,19682,4187848.39,29-Jul-2026,715,INE718F01018
CSM,EQ,100,101.88,94.27,96.14,97,100.6,713856,69382815.92,29-Jul-2026,4928,INE0ZK601013
CUBEINVIT,IV,156,156.01,156,156.01,156.01,155,875000,136508500.00,29-Jul-2026,5,INE0NR623014
CUBEXTUB,EQ,78,79.19,76.14,76.99,77.5,76.72,45539,3523847.84,29-Jul-2026,606,INE144D01012
CUMMINSIND,EQ,5452.5,5477.5,5371.5,5383,5375,5455.5,453704,2452392589.00,29-Jul-2026,31362,INE298A01020
CUPID,EQ,233.8,234.25,226.04,233.77,233.76,231.83,35604405,8266660992.53,29-Jul-2026,163342,INE509F01029
CURAA,EQ,72.35,77,70.6,77,77,72.35,445,31980.85,29-Jul-2026,7,INE117B01020
CYBERMEDIA,BE,15.81,16.27,15.42,15.65,15.78,15.5,33850,528253.35,29-Jul-2026,45,INE278G01037
CMRSL,SM,71.6,71.6,70,71,71,68.2,12800,910240.00,29-Jul-2026,12,INE075Z01011
CYBERTECH,BE,138.01,141.29,138.01,138.95,139.25,139.99,10026,1396816.09,29-Jul-2026,192,INE214A01019
CYIENTDLM,EQ,685,690.1,670.6,681.75,682.5,681.95,263311,179133231.15,29-Jul-2026,14455,INE055S01018
CYIENT,EQ,848.8,879.7,845,867.45,866.85,838,1337269,1159946362.50,29-Jul-2026,45915,INE136B01020
DKEGL,SM,62.35,70.75,62.35,70.75,70.75,65.95,4500,298650.00,29-Jul-2026,3,INE0GN101014
DPWIRES,BE,165,167,162.9,164.62,164.11,165.73,4999,826823.92,29-Jul-2026,126,INE864X01013
DLINKINDIA,EQ,450.5,453.3,445,448.3,448.7,450.75,52935,23734163.90,29-Jul-2026,2868,INE250K01012
DPABHUSHAN,EQ,1376.85,1428.95,1376.85,1402.65,1406,1384,39402,55422507.05,29-Jul-2026,3316,INE266Y01019
DBCORP,EQ,208.7,213.2,208,210.57,210.5,208.51,146062,30794374.71,29-Jul-2026,2736,INE950I01011
DABUR,EQ,427.4,435.3,427,433.7,434.3,424.6,2039461,882118805.90,29-Jul-2026,26328,INE016A01026
DAICHI,BE,309.95,314.5,289.55,299,299,304.75,4877,1485821.80,29-Jul-2026,90,INE928C01010
DALBHARAT,EQ,1814,1840.3,1813.8,1823,1815,1811.2,126193,230299212.00,29-Jul-2026,16812,INE00R701025
DALMIASUG,EQ,352.25,366.35,352,357.6,357,352.4,102140,36689306.95,29-Jul-2026,1967,INE495A01022
DAMCAPITAL,EQ,157.6,157.6,153.55,154.59,154.5,154.39,271696,42210871.52,29-Jul-2026,4022,INE284H01025
DAMODARIND,BE,27.8,28.5,27.8,28.48,28.48,27.98,4279,119823.38,29-Jul-2026,12,INE497D01022
DANGEE,EQ,2.96,2.99,2.82,2.97,2.98,2.93,169367,494652.19,29-Jul-2026,250,INE688Y01022
DANISH,SM,801,839.95,801,821.7,818,806.9,27900,22872615.00,29-Jul-2026,124,INE0YU901016
DCCL,SM,49,49,49,49,49,49,2000,98000.00,29-Jul-2026,1,INE04Q901010
DATAPATTNS,EQ,4401,4450,4330.1,4436.6,4442,4381.7,691607,3045509610.80,29-Jul-2026,57101,INE0IX101010
DATAMATICS,EQ,840,856.45,836.1,839.25,837,840,48729,41256683.50,29-Jul-2026,3720,INE365B01017
DAVANGERE,EQ,3.18,3.2,3.15,3.19,3.2,3.17,6372696,20271604.06,29-Jul-2026,2676,INE179G01029
DBSTOCKBRO,BE,34.59,34.59,33.26,34.5,34.5,34.94,366,12638.12,29-Jul-2026,22,INE921B01025
DCI,EQ,296.85,296.85,270.3,272.75,275,286.85,12058,3363236.45,29-Jul-2026,688,INE0A1101019
DCBBANK,EQ,195.1,195.35,190.64,192.56,192.59,195.1,1048964,202240989.73,29-Jul-2026,18598,INE503A01015
1275DCCL28,N0,9000,9000,9000,9000,9000,9000,1,9000.00,29-Jul-2026,1,INE04Q907181
DCG,SM,54,55,51.75,54,53,53.75,13200,708000.00,29-Jul-2026,11,INE0S8401018
DCMFINSERV,EQ,5.27,5.5,5.07,5.16,5.1,5.26,4838,25376.73,29-Jul-2026,41,INE891B01012
DCM,BE,90,90,88,89.7,89.7,89.9,474,42092.60,29-Jul-2026,10,INE498A01018
DCMNVL,BE,140.55,142.89,135,139.45,139.95,140.56,11828,1630724.86,29-Jul-2026,82,INE08KP01019
DSFCL,BE,26.98,26.98,26.53,26.55,26.55,27,7773,207089.27,29-Jul-2026,44,INE0OFM01015
DCMSRIND,EQ,40,41.69,39.3,39.68,39.61,39.41,152348,6145255.55,29-Jul-2026,1814,INE843D01027
DCMSIL,BE,76,76.99,75.5,76.38,76.38,77.03,17028,1293171.64,29-Jul-2026,79,INE0OU201013
DCMSHRIRAM,EQ,1121.1,1187.5,1033.4,1051.2,1048,1049.9,2643662,2911220942.40,29-Jul-2026,114321,INE499A01024
DCW,EQ,46.27,47.58,46,47.06,47.22,46,935992,43933201.02,29-Jul-2026,4291,INE500A01029
DCXINDIA,EQ,180.1,181.5,178.25,179.89,180.65,178.71,709621,127866936.97,29-Jul-2026,7618,INE0KL801015
DDEVPLSTIK,EQ,271.95,275.65,271.95,273.4,272,272.25,45351,12420932.45,29-Jul-2026,3827,INE0HR601026
DENEERS,SM,187.5,190.95,185.05,186.25,186.25,191.95,16800,3153780.00,29-Jul-2026,22,INE0JWV01011
DENORA,EQ,856.2,871.6,851.05,863.55,861,862.5,2701,2331142.65,29-Jul-2026,415,INE244A01016
DECCANCE,EQ,546.1,554,545.85,550.35,550,545.2,4642,2545433.75,29-Jul-2026,261,INE583C01021
DECNGOLD,EQ,194.7,195.21,190,192.03,191.85,194.83,822377,157936169.39,29-Jul-2026,8453,INE945F01025
DECCANTRAN,SM,24,24,22.85,23.25,23.25,24,8400,195780.00,29-Jul-2026,7,INE0S7C01019
DEEDEV,BE,661,684,649,660,656.55,669.75,70181,46353590.50,29-Jul-2026,1199,INE841L01016
DEEPINDS,EQ,512.7,559,512.7,542.95,540.55,506.95,2851084,1553229215.90,29-Jul-2026,63475,INE0FHS01024
DBEIL,BE,7.37,7.89,7.15,7.61,7.45,7.52,177682,1310459.90,29-Jul-2026,364,INE0OPA01027
DEEPAKFERT,EQ,1659,1668,1613.6,1626.3,1625,1647.4,370340,608800130.90,29-Jul-2026,30851,INE501A01019
DEEPAKNTR,EQ,1654.6,1686.3,1652.2,1674.6,1678,1651.3,54921,92053976.40,29-Jul-2026,7396,INE288B01029
DELAPLEX,SM,95,97.9,94,97.9,97.9,96,7200,687420.00,29-Jul-2026,11,INE0SK801018
DELHIVERY,EQ,476,476.5,465.2,470,469,472.2,4042367,1900919726.25,29-Jul-2026,44195,INE148O01028
DELPHIFX,BE,6.99,6.99,6.52,6.83,6.9,6.77,90591,618629.57,29-Jul-2026,262,INE726L01027
DELTIC,SM,36.15,37.25,35.2,37.25,37.25,36.15,11000,403750.00,29-Jul-2026,10,INE0XRN01019
DELTACORP,EQ,62.81,63.72,62.68,62.87,62.98,62.68,634965,40071666.82,29-Jul-2026,3055,INE124G01033
DELTAMAGNT,EQ,59.9,59.9,57.25,58.9,59.3,61.22,37615,2208673.60,29-Jul-2026,474,INE393A01011
DEN,EQ,27.6,27.66,27.21,27.58,27.64,27.23,203466,5579815.16,29-Jul-2026,1152,INE947J01015
DENTA,EQ,338.9,338.9,331.15,337.75,338.8,335.2,83372,27909036.80,29-Jul-2026,2945,INE0R4L01018
DEVX,EQ,34.28,34.7,33.5,34.19,34.04,34.45,77026,2639298.89,29-Jul-2026,1871,INE0VOV01021
DEVIT,EQ,27.69,28.6,27,27.39,27.45,27.77,64854,1785113.09,29-Jul-2026,466,INE060X01034
DEVYANI,EQ,115,124,114.25,118.36,118.3,113.72,30591539,3682060537.84,29-Jul-2026,177227,INE872J01023
DBOL,EQ,99,102.4,99,100.39,100.25,98.75,107842,10855036.98,29-Jul-2026,1108,INE0I3401014
DHAMPURSUG,EQ,141.47,141.71,137.11,137.44,137.5,141.33,223942,31146179.72,29-Jul-2026,6344,INE041A01016
DHANBANK,EQ,34.8,35.97,31.11,31.98,32.36,34.13,11854112,393571386.47,29-Jul-2026,36851,INE680A01011
DHANLAXMI,SM,28.45,28.9,26.05,27,27,25.4,16000,439900.00,29-Jul-2026,8,INE0V9V01010
DHANSA,SM,19.5,19.5,18.5,18.6,18.6,18.6,30000,566400.00,29-Jul-2026,14,INE0M3I01029
DHANUKA,EQ,999.8,1022,994.6,1018,1021.8,999.8,55299,55702363.50,29-Jul-2026,3632,INE435G01025
DHARARAIL,ST,131.95,131.95,126.5,126.5,126.5,131.95,2000,258450.00,29-Jul-2026,2,INE2HJL01019
DHARAN,BZ,0.16,0.16,0.15,0.15,0.16,0.15,11212548,1709012.48,29-Jul-2026,931,INE278R01034
DHARIWAL,SM,32,33,31.5,31.5,31.5,32.1,33000,1065150.00,29-Jul-2026,9,INE0YRN01025
DHARMAJ,EQ,258.75,276.65,255.4,265.35,267,258.25,50070,13389023.60,29-Jul-2026,2149,INE00OQ01016
DHRUV,BE,24,24.8,23.8,24.68,24.7,23.77,1197,29039.19,29-Jul-2026,18,INE506Z01015
DHUNINV,EQ,870,870,860.05,863.25,860.1,862.8,452,391640.30,29-Jul-2026,74,INE320L01011
DTIL,EQ,131,131,129,129.07,129,128.58,1705,221339.60,29-Jul-2026,50,INE341R01014
DVL,EQ,239,244.83,236,237.5,241.7,238.18,98274,23475511.68,29-Jul-2026,724,INE477B01010
DIAMINESQ,EQ,246.6,247.19,241.49,241.96,246.7,240.67,4518,1103920.58,29-Jul-2026,237,INE591D01014
DIACABS,EQ,312.01,337.45,312.01,337.45,337.45,321.39,9126492,2961085287.02,29-Jul-2026,68296,INE989C01038
DICIND,EQ,513,527.55,505.6,513.65,516,498.05,3417,1765898.45,29-Jul-2026,115,INE303A01010
DIFFNKG,EQ,395.35,397.1,386.9,388.15,390,395.35,23505,9177381.50,29-Jul-2026,1410,INE184O01015
DGCONTENT,EQ,25.5,25.76,24.11,25.33,24.85,24.62,15002,379552.68,29-Jul-2026,66,INE03JI01017
DIGIDRIVE,EQ,17.91,17.91,17.6,17.67,17.85,17.91,14462,255962.56,29-Jul-2026,134,INE0PSC01024
DIGIKORE,SM,47.15,47.75,45.2,46.1,45.2,46.7,228800,10775000.00,29-Jul-2026,191,INE0QJ901011
DIGISPICE,BE,17.65,18.44,17.65,18.18,18.28,17.86,53688,973319.26,29-Jul-2026,163,INE927C01020
DIGITIDE,EQ,98.18,101.5,97.32,100.19,100,97.44,174192,17222901.40,29-Jul-2026,2123,INE0U4701011
DIGJAMLMTD,EQ,43.3,48.99,43.3,46.51,46.79,42.79,70610,3249635.31,29-Jul-2026,508,INE731U01028
DNAMEDIA,EQ,2.78,3.18,2.72,2.95,2.96,2.84,240488,704808.84,29-Jul-2026,209,INE016M01021
DBL,EQ,434.2,435.3,429.5,431.15,429.7,437.55,201585,87000785.05,29-Jul-2026,6197,INE917M01012
DISAQ,EQ,12346,12346,12160,12263,12200,12296,443,5429101.00,29-Jul-2026,360,INE131C01011
DISHTV,BE,2.82,2.86,2.8,2.83,2.85,2.82,745622,2106971.34,29-Jul-2026,809,INE836F01026
DCAL,EQ,183.9,188.99,182.18,187.99,187.5,182.07,238723,44239149.72,29-Jul-2026,3541,INE385W01011
DIVGIITTS,EQ,954.9,974,950.3,960.35,955,959.1,22306,21480450.25,29-Jul-2026,1915,INE753U01022
DIVISLAB,EQ,7428.5,7818.5,7428.5,7784.5,7814.5,7425,1158131,8919097257.00,29-Jul-2026,85959,INE361B01024
DIVINEHIRA,ST,107.5,109,107,109,109,107.45,3600,388200.00,29-Jul-2026,3,INE0NA501011
DPEL,SM,570,572.95,561,563.6,564.8,570.95,38000,21486000.00,29-Jul-2026,71,INE0SCO01019
DIVYADHAN,ST,53.75,53.75,53.75,53.75,53.75,53.75,2000,107500.00,29-Jul-2026,1,INE0QYI01019
DIXON,EQ,13950,14325,13877,14275,14230,13903,423218,5994144341.00,29-Jul-2026,51693,INE935N01020
DJML,EQ,116.95,117.9,112.26,115.47,113,117.14,346441,40260733.21,29-Jul-2026,4196,INE0B1K01014
DLF,EQ,668,672,662.45,670.25,670.3,663.05,4053062,2710669301.75,29-Jul-2026,48074,INE271C01023
DMCC,EQ,264,269.8,260.5,266.95,265.7,266.7,13642,3628334.15,29-Jul-2026,721,INE505A01010
DODLA,EQ,1137,1137,1041,1060.4,1049.1,1043.2,69387,74363613.50,29-Jul-2026,9298,INE021O01019
DOLATALGO,EQ,68.51,69.11,68.1,68.84,68.9,68.49,47654,3278283.92,29-Jul-2026,853,INE966A01022
DOLLAR,EQ,255.2,258.05,252.6,256.45,256,253.8,215053,54995687.40,29-Jul-2026,4715,INE325C01035
DOLPHIN,EQ,374.75,382,374,375.15,381.3,374.75,3260,1225937.40,29-Jul-2026,218,INE920A01037
DOMS,EQ,2273.2,2310,2268.3,2280.4,2285.9,2273.7,54391,124229935.00,29-Jul-2026,6623,INE321T01012
DONEAR,EQ,84.36,85.45,83.52,83.94,83.65,84.34,7174,604233.10,29-Jul-2026,146,INE668D01028
DPSCLTD,BE,7.47,7.47,7.2,7.32,7.37,7.33,55875,408824.76,29-Jul-2026,303,INE360C01024
AGARWALEYE,EQ,497.2,502.8,485.2,488.8,487,493.1,82135,40455710.75,29-Jul-2026,10547,INE943P01029
DRAGARWQ,EQ,5070,5070,5005,5006.5,5005,5052,515,2589082.00,29-Jul-2026,114,INE934C01018
LALPATHLAB,EQ,1805.1,1893.6,1802,1882.5,1875.5,1805.2,1040066,1945691862.00,29-Jul-2026,65818,INE600L01024
DRREDDY,EQ,1144,1147.8,1131.1,1142.3,1143,1135.6,1280586,1460275800.60,29-Jul-2026,49186,INE089A01031
DRCSYSTEMS,EQ,13.63,13.74,13.36,13.58,13.73,13.29,17689,241370.03,29-Jul-2026,146,INE03RS01027
DREAMFOLKS,EQ,66.95,68.48,66.5,67.46,67.2,66.95,43592,2944677.91,29-Jul-2026,925,INE0JS101016
DREDGECORP,EQ,1072,1110,1060.6,1102.4,1108,1064.4,195638,213624045.60,29-Jul-2026,12842,INE506A01018
DRONE,ST,39.4,40,39.3,40,40,39.8,8500,336350.00,29-Jul-2026,14,INE0P7201019
KEEPLEARN,EQ,1.91,1.95,1.91,1.93,1.94,1.91,16716,32228.13,29-Jul-2026,51,INE055C01020
LIQUIDETF,EQ,1000.01,1000.01,999.99,1000,1000,1000,226485,226485022.88,29-Jul-2026,231,INF740KA1EU7
BANK10ADD,EQ,16.89,17.02,16.76,17,16.76,16.75,190106,3232236.65,29-Jul-2026,256,INF740KA1YH2
BANKADD,EQ,58.32,58.62,58.31,58.43,58.38,58.16,8105,473844.24,29-Jul-2026,92,INF740KA1RX3
GOLDADD,EQ,137.34,137.66,136.97,137.35,137.38,137.31,65537,9006299.38,29-Jul-2026,4936,INF740KA1SW3
ITADD,EQ,32.97,33.31,32.69,32.96,32.91,32.21,113777,3765405.27,29-Jul-2026,356,INF740KA1SX1
EQUAL50ADD,EQ,345.39,346.93,345.23,346.38,346.61,343.95,8841,3057629.38,29-Jul-2026,183,INF740KA1QK2
NIFTYADD,EQ,254.25,255.48,254.25,255.07,254.8,252.7,6861,1748280.29,29-Jul-2026,145,INF740KA1CL0
PSUBANKADD,EQ,84.02,84.58,83.93,84.04,84.26,83.85,13531,1140059.79,29-Jul-2026,198,INF740KA1SY9
PVTBANKADD,EQ,27.84,28.2,27.77,28,27.9,27.75,27721,773876.45,29-Jul-2026,128,INF740KA1TA7
MIDQ50ADD,EQ,24.29,25.26,24.29,25.22,25.23,24.92,37981,956143.56,29-Jul-2026,134,INF740KA1ZF3
SENSEXADD,EQ,79.81,80.18,79.81,80.14,80.14,78.94,444,35511.80,29-Jul-2026,12,INF740KA1SZ6
SILVERADD,EQ,207.8,209.59,207.37,208.05,207.73,207.79,286668,59704839.28,29-Jul-2026,2360,INF740KA1RE3
FLEXIADD,EQ,10.14,10.23,10.13,10.21,10.21,10.09,95963,977265.54,29-Jul-2026,193,INF740KA1WU9
FMCGADD,EQ,49.61,49.98,49.61,49.92,49.93,49.63,14980,746406.99,29-Jul-2026,22,INF740KA1ZA4
HEALTHADD,EQ,16.71,16.89,16.27,16.85,16.84,16.63,46986,789917.84,29-Jul-2026,118,INF740KA1ZG1
LIQUIDADD,EQ,1137.79,1137.82,1137.79,1137.8,1137.82,1137.65,255410,290608294.75,29-Jul-2026,437,INF740KA1UM0
MIDCAPADD,EQ,23.11,23.18,23.03,23.13,23.13,23.04,5511,127282.49,29-Jul-2026,39,INF740KA1WW5
MSCIADD,EQ,29.52,29.77,29.52,29.7,29.65,29.42,699,20719.78,29-Jul-2026,12,INF740KA1WV7
NEXT30ADD,EQ,42.55,42.77,42.55,42.66,42.77,42.27,8603,366794.36,29-Jul-2026,25,INF740KA1VE5
NEXT50ADD,EQ,72.8,72.99,72.59,72.82,72.81,72.45,1504,109387.39,29-Jul-2026,17,INF740KA1XU7
SMALLADD,EQ,17.89,18.08,17.89,18.04,18.08,17.87,553067,9974928.63,29-Jul-2026,117,INF740KA1WX3
TOP10ADD,EQ,87.98,89.13,87.98,88.88,88.75,87.31,237624,21108391.75,29-Jul-2026,766,INF740KA1UR9
DUCOL,SM,105,105.5,104.5,104.55,104.55,106,12800,1339280.00,29-Jul-2026,11,INE0LZO01015
DUCON,EQ,3.13,3.13,2.81,2.97,3,3.01,213122,641853.64,29-Jul-2026,333,INE741L01018
DUGLOBAL,SM,25,25.8,25,25.8,25.8,26,7500,191500.00,29-Jul-2026,3,INE0HPK01020
DURLAX,SM,51.05,57,51.05,55.25,55.95,52.65,194000,10834600.00,29-Jul-2026,65,INE0OUW01013
DWARKESH,EQ,41,41,37.85,38,38.08,41.42,2093942,81819750.09,29-Jul-2026,24383,INE366A01041
DSSL,EQ,1248.9,1255,1216.7,1241.1,1243,1195.3,91434,113952618.50,29-Jul-2026,4249,INE417B01040
DYNAMATECH,EQ,10373,10605,10289,10331,10302,10343,5786,60451566.00,29-Jul-2026,2243,INE221B01012
DYCL,EQ,397,399.4,391,393.9,394.5,394.65,306914,121143248.50,29-Jul-2026,7897,INE600Y01019
DYNAMIC,ST,135.8,142.4,135.8,138.05,138.05,135.8,5500,772925.00,29-Jul-2026,11,INE0DZ701010
DYNPRO,EQ,238.22,255,238.22,251.37,253.9,238.22,41161,10292288.66,29-Jul-2026,1022,INE256H01015
EFACTOR,SM,176,176,167,169.3,167,176,15200,2640040.00,29-Jul-2026,24,INE0KFF01017
E2ERAIL,ST,278.5,285,271.05,274.35,273.05,275.75,15200,4190280.00,29-Jul-2026,18,INE1CEJ01017
E2E,EQ,507,529.9,489.65,491.45,489.65,515.4,5202149,2589135698.35,29-Jul-2026,55954,INE255Z01027
EASTSILK,BE,55.5,55.5,53.55,55.45,55.45,56.36,78,4205.60,29-Jul-2026,4,INE962C01035
EASEMYTRIP,EQ,6.59,6.75,6.56,6.73,6.72,6.59,10223676,68236116.48,29-Jul-2026,5993,INE07O001026
888ECL28,N1,980,981.5,980,981.5,981.5,994.88,221,216776.50,29-Jul-2026,4,INE528S07110
ECLERX,EQ,1914.5,1964.4,1864.6,1951.8,1941.1,1897.7,335707,649173581.20,29-Jul-2026,26740,INE738I01010
ECOLINE,ST,195.95,195.95,195.95,195.95,195.95,196,1000,195950.00,29-Jul-2026,1,INE0VBS01016
ECOSMOBLTY,BE,130.56,133,128,131.92,130.5,129.92,24215,3171341.95,29-Jul-2026,264,INE06HJ01020
BBETF0432,EQ,1355.44,1355.44,1348,1349.68,1348,1352.94,4334,5850341.17,29-Jul-2026,55,INF754K01OB1
EBANKNIFTY,EQ,57.31,57.87,57.29,57.84,57.85,57.23,584,33567.14,29-Jul-2026,21,INF754K01TE4
EBBETF0430,EQ,1617,1617,1607.99,1611.95,1612.2,1611.3,29793,47966845.04,29-Jul-2026,1707,INF754K01KO2
EBBETF0431,EQ,1434.56,1443.75,1432.62,1442.31,1443,1442.74,3003,4326939.78,29-Jul-2026,110,INF754K01LE1
EBBETF0433,EQ,1319.07,1319.07,1314.02,1317.87,1318,1319.07,2058,2710593.03,29-Jul-2026,100,INF754K01QX0
ECAPINSURE,EQ,24,24.1,23.72,23.83,24.1,23.89,18674,445323.83,29-Jul-2026,202,INF754K01TX4
EGOLD,EQ,141.35,141.65,140.8,141.35,141.15,141.3,50362,7119945.70,29-Jul-2026,306,INF754K01SE6
ELIQUID,EQ,1041.34,1041.36,1041.34,1041.35,1041.35,1041.19,33220,34593677.14,29-Jul-2026,22,INF754K01VW2
ELM250,EQ,16.63,16.73,16.55,16.58,16.56,16.55,351872,5880553.78,29-Jul-2026,166,INF754K01VV4
EMETAL,EQ,12.9,12.9,12.51,12.74,12.79,12.41,1463,18572.74,29-Jul-2026,27,INF754K01XG1
EMULTIMQ,EQ,40.77,40.8,40.44,40.76,40.8,40.57,7361,299764.55,29-Jul-2026,127,INF754K01TF1
ENEXT50,EQ,71.69,72.57,71.69,72.57,72.57,70.82,552,39633.57,29-Jul-2026,5,INF754K01XF3
ENIFTY,EQ,24.79,24.79,24.24,24.41,24.42,24.19,3134,76554.31,29-Jul-2026,59,INF754K01VX0
ESENSEX,EQ,77.54,78.31,77.54,78.27,78.27,77.59,58,4501.83,29-Jul-2026,4,INF754K01VY8
ESILVER,EQ,215.44,217.43,215.14,216,215.9,215.12,70782,15311289.24,29-Jul-2026,2349,INF754K01SF3
EDELWEISS,EQ,115.5,116.75,113.41,116.1,115.55,114.08,4015932,460943241.21,29-Jul-2026,25763,INE532F01054
EFCIL,EQ,199.86,203,198,201,200.08,197.89,149832,29949741.90,29-Jul-2026,2777,INE886D01026
EFFWA,ST,381.85,381.85,362,375.1,375.1,375,11600,4320080.00,29-Jul-2026,21,INE0U9101019
EICHERMOT,EQ,7891,7915,7751,7779,7796,7836,522935,4085369948.00,29-Jul-2026,46817,INE066A01021
EIDPARRY,EQ,764.05,784,761.45,778.9,779.8,768.05,208917,161871296.05,29-Jul-2026,14221,INE126A01031
EIHAHOTELS,EQ,309.05,322,307.8,315.9,317.8,309.45,26125,8236319.70,29-Jul-2026,1237,INE276C01014
EIHOTEL,EQ,326.05,337.9,326.05,335.75,334.5,325.5,285086,95386597.75,29-Jul-2026,10297,INE230A01023
EIMCOELECO,EQ,1806.1,1817.9,1783,1791.8,1784.9,1798.5,10969,19781518.10,29-Jul-2026,1775,INE158B01016
ELANTAS,EQ,9397,9601,9309,9556,9580,9310,321,3046506.00,29-Jul-2026,102,INE280B01018
ELCIDIN,EQ,109000,112000,109000,112000,112000,110900,12,1322265.00,29-Jul-2026,12,INE927X01018
ELDEHSG,EQ,782.5,792.45,780,788.7,789.25,778.1,804,632355.50,29-Jul-2026,46,INE668G01021
ELECON,EQ,416.4,428,416.4,423.75,424,414.85,477598,201328818.10,29-Jul-2026,15988,INE205B01031
EFORCE,SM,20.65,22,20.65,22,22,20.9,2400,51180.00,29-Jul-2026,2,INE0Q1W01012
EMIL,EQ,127.15,133.99,127.15,132.46,132.9,126.94,1195900,157297109.63,29-Jul-2026,16724,INE02YR01019
ELECTCAST,EQ,71.4,72.5,71.4,71.97,71.71,71.48,736508,53029198.25,29-Jul-2026,6253,INE086A01029
ELECTHERM,EQ,1027.9,1027.9,1001,1008.7,1001,1016.1,7401,7507311.00,29-Jul-2026,632,INE822G01016
ELGNZ,SM,105,106,103,104.5,105,101.75,22000,2297950.00,29-Jul-2026,17,INE0R9101015
ELGIEQUIP,EQ,571.1,581,568.1,577.15,576.25,569.45,111425,64051239.75,29-Jul-2026,10062,INE285A01027
ELGIRUBCO,EQ,54.8,59.49,54.8,58.05,59,55.12,37535,2138442.99,29-Jul-2026,445,INE819L01012
ELIN,EQ,101.74,102.45,99.51,100.55,100,100.99,87538,8800436.27,29-Jul-2026,1175,INE050401020
ELITECON,EQ,16.05,16.09,15.63,15.81,15.7,15.81,949214,15059354.38,29-Jul-2026,3217,INE669R01026
ELLEN,EQ,276.9,278.9,268.95,270.8,273.9,274.85,247072,67742899.10,29-Jul-2026,4454,INE236E01022
ELPROINTL,EQ,177,177.98,176.31,176.97,176.93,177.18,83896,14848612.35,29-Jul-2026,377,INE579B01039
EMAPARTNER,SM,80.5,83.8,80.5,83.4,83.4,80.5,7000,578000.00,29-Jul-2026,7,INE0ZOL01023
EMAMILTD,EQ,407.4,414.8,406.4,407.85,408.95,407.1,440494,180403295.35,29-Jul-2026,18600,INE548C01032
EMAMIPAP,BE,103,111,102,106.48,108.01,106.67,127672,13601687.00,29-Jul-2026,881,INE830C01026
EMAMIREAL,BE,81,81,76.3,78.55,78.48,78.19,6971,543400.18,29-Jul-2026,52,INE778K01012
EMBDL,EQ,62.14,62.44,61.41,62.04,61.95,62.12,2606314,161360832.17,29-Jul-2026,9412,INE069I01010
EMBASSY,RR,436.2,439.7,435.15,437.06,436.4,435.94,445889,195264161.51,29-Jul-2026,23209,INE041025011
EMCURE,EQ,1892.2,1918,1880,1903.7,1908,1892.2,87477,165776738.50,29-Jul-2026,17339,INE168P01015
ETML,SM,81.6,83,81.6,83,83,81.6,14400,1188000.00,29-Jul-2026,12,INE0RHD01013
EMKAY,EQ,234,241.85,233.85,240.85,241.8,230.8,20259,4832246.15,29-Jul-2026,1192,INE296H01011
EMKAYTOOLS,SM,90.05,90.05,88,90.05,90.05,90.05,2400,213360.00,29-Jul-2026,10,INE332S01011
EMMBI,BE,88.3,89,85.31,86.75,86.51,87.87,5426,471285.69,29-Jul-2026,72,INE753K01015
EMMVEE,EQ,330.95,331.75,316,316.7,316.95,328.85,1950268,625697302.90,29-Jul-2026,33164,INE1C6T01020
EMPOWER,BE,2.45,2.45,2.43,2.44,2.44,2.42,1967180,4794213.37,29-Jul-2026,1424,INE507F01023
EMSLIMITED,EQ,389,398.55,388.9,396.1,396,388.95,155018,61178652.70,29-Jul-2026,5021,INE0OV601013
EMUDHRA,EQ,460.1,468.95,451.5,454.4,452.1,460.1,172681,79533160.90,29-Jul-2026,6382,INE01QM01018
ENCOMPAS,SM,233.1,247.5,230,246.1,246.5,230,27600,6542540.00,29-Jul-2026,36,INE433T01015
ENDURANCE,EQ,2735,2794,2712.8,2783.3,2790,2707.1,113244,313227202.00,29-Jul-2026,16576,INE913H01037
ENERGYDEV,EQ,16.66,17.39,16.66,16.94,16.9,16.98,10182,173833.63,29-Jul-2026,144,INE306C01019
EMMIL,SM,117,119.8,113.25,115.6,116.9,117.3,16500,1910550.00,29-Jul-2026,57,INE0S1L01013
ENFUSE,SM,166.7,167.9,164,164.5,165,165,5400,898530.00,29-Jul-2026,9,INE0S3X01014
ENGINERSIN,EQ,223,226.5,222.91,225.56,225.8,222.59,614767,138331923.13,29-Jul-2026,10892,INE510A01028
ENSER,SM,15,15,13.15,13.4,13.15,13.85,35000,485250.00,29-Jul-2026,7,INE0R9I01021
ENTERO,EQ,1235.8,1255.5,1215.3,1222.2,1227,1235.8,41896,51618646.00,29-Jul-2026,5089,INE010601016
ENIL,EQ,106.41,108,105.51,107.82,108,105.89,7500,804422.81,29-Jul-2026,204,INE265F01028
EIEL,EQ,216.49,219.9,215.2,216.07,217,216.45,475163,103254048.19,29-Jul-2026,7172,INE0LLY01014
ENVIRO,SM,77.5,81.7,77.5,80.45,80,77.95,16000,1273650.00,29-Jul-2026,14,INE0SUH01015
EPACK,EQ,232,235.54,230.21,233.36,235.54,231.83,295701,68772155.71,29-Jul-2026,4515,INE0G5901015
EPACKPEB,EQ,256,272.49,253.61,263.71,264.4,253.19,1637690,435191379.36,29-Jul-2026,26392,INE0MLS01022
EPIGRAL,EQ,1190,1190,1122.3,1127.3,1125,1170.5,71353,81497466.20,29-Jul-2026,8073,INE071N01016
EPL,EQ,238,239.15,234,234.44,234,235.07,263639,62186682.23,29-Jul-2026,7025,INE255A01020
EEPL,SM,103.05,103.05,102.05,102.15,102.15,103.95,6000,615250.00,29-Jul-2026,6,INE11HF01010
EPWINDIA,ST,251.6,251.6,243.9,243.9,243.9,256.7,3600,888600.00,29-Jul-2026,3,INE1KEC01023
EQUIPPP,BE,24.43,24.5,23.74,23.75,24.45,24.43,6990,167622.16,29-Jul-2026,38,INE217G01035
EQUITASBNK,EQ,73.7,74.29,70.61,73.13,73.45,74.63,9385579,680512843.78,29-Jul-2026,69142,INE063P01018
ERIS,EQ,1397,1441.9,1383.9,1426.5,1425,1390.8,369152,521793564.50,29-Jul-2026,36845,INE406M01024
ESABINDIA,EQ,5572.5,5600,5550,5582,5575,5567,1822,10163832.50,29-Jul-2026,879,INE284A01012
ESAFSFB,EQ,37.1,38.5,35.7,37.43,37.4,37.25,2663369,99062045.49,29-Jul-2026,12318,INE818W01011
ESCONET,SM,127,130.6,127,127.45,127,127.85,5600,715880.00,29-Jul-2026,11,INE0RQZ01017
ESCORTS,EQ,3031,3039.9,2986.1,3016.8,3016.1,3009.9,131827,397755026.00,29-Jul-2026,11337,INE042A01014
111ESFB31,N0,100500,100500,100500,100500,100500,100500,2,201000.00,29-Jul-2026,1,INE818W08131
ESPRIT,SM,61.05,65.25,61,63.7,62,62.15,27200,1710160.00,29-Jul-2026,15,INE0SBP01018
ESSARSHPNG,EQ,20,20.52,20,20.23,20.32,20,66889,1351773.67,29-Jul-2026,389,INE122M01019
ESFL,SM,123,125.9,122.4,123.6,123,123.85,5040,621018.00,29-Jul-2026,14,INE0ITO01014
ESTER,EQ,89.83,90.5,88.52,88.95,88.7,89.83,23368,2085164.09,29-Jul-2026,724,INE778B01029
ETERNAL,EQ,309.9,316.35,308.5,311.8,311.7,308.35,49740797,15545138869.35,29-Jul-2026,245354,INE758T01015
ETHOSLTD,EQ,2552.5,2621.9,2548.2,2560.6,2556,2550.7,22114,57060477.40,29-Jul-2026,4079,INE04TZ01018
EUREKAFORB,EQ,460.8,462,449.3,451.4,450,456.85,98921,44829974.90,29-Jul-2026,12817,INE0KCE01017
EIFFL,BE,316.5,324.5,311,322.7,323.9,314.95,4581,1462130.45,29-Jul-2026,46,INE546V01010
EUROBOND,EQ,159,168.95,157.5,159.42,159.9,157.88,13688,2214521.53,29-Jul-2026,365,INE505V01016
EUROPRATIK,EQ,309.25,314.75,306.55,312.7,309.5,306.75,145189,44994517.65,29-Jul-2026,1860,INE198501012
EVEREADY,EQ,349.15,352,344.5,346.55,346,348.8,93488,32439038.00,29-Jul-2026,4886,INE128A01029
EVERESTIND,BE,504,515,492.55,497.9,496.95,518.45,40959,20289331.45,29-Jul-2026,455,INE295A01018
EKC,EQ,107.25,109.39,106,107.22,107.5,107.25,301383,32353773.70,29-Jul-2026,3524,INE184H01027
EXCELINDUS,EQ,987,999.75,979,991.35,992.5,984.65,13236,13114550.65,29-Jul-2026,1108,INE369A01029
EXCELSOFT,EQ,76.99,79,76.51,77.81,77.59,76.8,350291,27226826.46,29-Jul-2026,3081,INE606N01019
EXICOM,EQ,159.99,164.7,158,159.35,159.5,158.88,854513,138182521.62,29-Jul-2026,9616,INE777F01014
EXIDEIND,EQ,424,436.8,420.35,435.65,435.75,423.4,2846579,1231537330.10,29-Jul-2026,43335,INE302A01020
EXPLEOSOL,EQ,922.3,971.15,884,925.4,929.7,809.3,1662306,1535237756.30,29-Jul-2026,51688,INE201K01015
EXXARO,EQ,6.49,6.49,6.26,6.36,6.37,6.36,176611,1124462.83,29-Jul-2026,313,INE0GFE01026
FABTECH,EQ,147.23,151.05,147.23,149.57,149.96,149.07,69115,10328435.13,29-Jul-2026,1285,INE0HF201011
FACT,EQ,816,835.1,816,826.5,828.95,817,97790,80962795.35,29-Jul-2026,7663,INE188A01015
FAIRCHEMOR,BE,829.9,829.9,829.9,829.9,829.9,846.8,4857,4030824.30,29-Jul-2026,106,INE0DNW01011
FALCONTECH,SM,11.65,11.65,11.5,11.5,11.5,11.25,3600,41580.00,29-Jul-2026,3,INE0PQK01013
FAZE3Q,EQ,538,554,538,539.8,540.1,538.5,3227,1745799.70,29-Jul-2026,300,INE963C01033
FCSSOFT,EQ,1.5,1.53,1.5,1.51,1.52,1.5,837443,1265264.95,29-Jul-2026,950,INE512B01022
FDC,EQ,409,416,408.5,414.3,414.3,407.45,55097,22782801.80,29-Jul-2026,2909,INE258B01022
FEDFINA,EQ,152,156.5,150.5,155.06,154.54,151.1,900610,138758064.07,29-Jul-2026,11174,INE007N01010
FEDDERSHOL,EQ,42.49,44.99,42.11,43.79,43.33,42.22,842941,36525864.51,29-Jul-2026,4346,INE417D01020
FEDERALBNK,EQ,359,359.9,356.45,359.15,359.5,357.25,5713345,2048374572.55,29-Jul-2026,84882,INE171A01029
FMGOETZE,EQ,487.4,489.45,469.55,474.85,474.1,483.8,79001,37566287.95,29-Jul-2026,2402,INE529A01010
FELIX,SM,180.5,181,177,178.15,180,179.6,12000,2148775.00,29-Jul-2026,20,INE901X01013
FERMENTA,EQ,464.95,464.95,446.1,451.65,450,456.45,73788,33482238.60,29-Jul-2026,3319,INE225B01021
FIBERWEB,EQ,30.04,30.48,29.31,29.91,30.1,30.04,15490,462732.26,29-Jul-2026,121,INE296C01020
FIEMIND,EQ,2330,2350.8,2321,2331.3,2331.8,2330.1,16216,37847776.80,29-Jul-2026,3601,INE737H01014
FILATFASH,BE,0.18,0.19,0.18,0.18,0.18,0.18,16467873,3024959.81,29-Jul-2026,1452,INE185E01021
FILATEX,EQ,73,73.56,70.77,71.45,72.25,72.89,2885803,207881879.99,29-Jul-2026,14530,INE816B01035
FINBUD,SM,134.8,135.5,127.1,134.45,135.5,136.55,43000,5661100.00,29-Jul-2026,41,INE0EDU01014
FINEORG,EQ,4825.5,4864.5,4783,4794,4800,4790.5,6077,29244071.50,29-Jul-2026,1781,INE686Y01026
FCL,EQ,40.99,41.19,39,39.35,39.3,40.74,6684024,268706247.62,29-Jul-2026,14744,INE045J01034
FINKURVE,EQ,61.99,65.52,61,62.06,61.1,60.94,81187,4985075.82,29-Jul-2026,393,INE734I01027
FINOPB,EQ,163.95,164.29,160.63,163.03,163.2,163.05,529965,85970425.03,29-Jul-2026,4882,INE02NC01014
FINCABLES,EQ,978.9,989.4,973.9,984.9,983.1,973.1,137633,135228597.40,29-Jul-2026,10874,INE235A01022
FINPIPE,EQ,163.96,165.75,162.5,164.77,165,162.65,365445,60094518.13,29-Jul-2026,9289,INE183A01024
FSL,EQ,266,298.5,266,293.58,293.49,263.06,49403727,14364175364.88,29-Jul-2026,449349,INE684F01012
FISCHER,EQ,36.87,37,35.5,35.76,35.5,36.87,2312742,83556556.93,29-Jul-2026,3388,INE771F01041
FIVESTAR,EQ,561.4,572.25,556.4,568.55,566.5,561.3,938761,531990720.85,29-Jul-2026,35997,INE128S01021
FLAIR,EQ,255,257.7,251.85,255.1,255.3,254.65,56740,14483130.30,29-Jul-2026,1613,INE00Y201027
FLEXITUFF,BE,4.52,4.55,4.34,4.52,4.53,4.52,43645,195984.29,29-Jul-2026,54,INE060J01017
FLYSBS,SM,464.9,473,457.9,470.45,471,458.8,25800,12051350.00,29-Jul-2026,76,INE0VCK01011
FWSTC,SM,203.95,203.95,200.05,200.05,200.05,200,1200,242400.00,29-Jul-2026,2,INE0SQZ01015
FOCE,SM,540.6,540.6,540.6,540.6,540.6,569.05,83280,45021168.00,29-Jul-2026,47,INE0I7D01019
FOCUS,BE,71.69,71.69,70,70.73,71,70.52,9569,674128.97,29-Jul-2026,108,INE593W01028
FONEBOX,SM,77,83.75,77,83.75,83.75,79.8,7000,563500.00,29-Jul-2026,7,INE0Q4701019
FOODSIN,EQ,56,56,54.25,54.58,54.35,55.31,56586,3103641.50,29-Jul-2026,3439,INE976E01023
FORCAS,ST,199.65,199.65,192.05,199.65,199.6,190.15,68800,13712160.00,29-Jul-2026,39,INE0U2501017
FORCEMOT,EQ,17375,17375,17002,17334,17335,17197,74765,1289308555.00,29-Jul-2026,21042,INE451A01017
FORGEAUTO,SM,85.25,88.25,85.25,88.25,88.25,85,13200,1158600.00,29-Jul-2026,3,INE0YKW01013
FORTIS,EQ,946.9,958.5,944.75,952.05,949,945.45,986990,939045653.90,29-Jul-2026,33298,INE061F01013
FOSECOIND,EQ,5011,5091,4967,4984,5000,4975.5,1177,5889483.50,29-Jul-2026,306,INE519A01011
FRACTAL,EQ,795,799.4,784.15,786.4,785.5,792.1,173436,136926951.70,29-Jul-2026,10383,INE212S01015
FRESHARA,SM,351,361.9,350.6,353.3,351,361.9,25200,8987160.00,29-Jul-2026,36,INE0SFW01015
FROG,ST,205.1,205.15,205.1,205.1,205.1,209.25,3600,738380.00,29-Jul-2026,9,INE385O01018
FRONTSP,EQ,1354.6,1388.4,1316.8,1326.5,1321,1354.6,22238,29692059.00,29-Jul-2026,3411,INE572D01014
NYKAA,EQ,331,332.6,326.1,327.5,327.2,329.6,2803127,921254749.25,29-Jul-2026,34764,INE388Y01029
UTLSOLAR,EQ,382.6,384.4,360.65,368.6,370,382.55,320386,117798987.20,29-Jul-2026,14592,INE12UR01024
FUSION,EQ,210.5,212.39,204.5,205.6,205,210.21,460813,95379788.20,29-Jul-2026,9605,INE139R01012
FLFL,BZ,1.28,1.3,1.26,1.27,1.27,1.28,13291,17029.73,29-Jul-2026,45,INE452O01016
FEL,BZ,0.39,0.39,0.38,0.38,0.39,0.38,162213,62868.85,29-Jul-2026,66,INE623B01027
FELDVR,BZ,2.55,2.55,2.33,2.33,2.33,2.45,1178,2759.80,29-Jul-2026,11,IN9623B01058
FMNL,BE,9.06,9.28,9.06,9.24,9.07,9.04,12172,112097.65,29-Jul-2026,50,INE360L01017
GMBREW,EQ,894.8,905,892.4,902.5,904,892.4,13636,12286319.30,29-Jul-2026,1376,INE075D01018
GRINFRA,EQ,866.9,888.15,859.55,884.9,887,868.2,15403,13541022.55,29-Jul-2026,2153,INE201P01022
GTECJAINX,BE,29.2,29.78,29.1,29.1,29.1,29.2,2601,77092.28,29-Jul-2026,13,INE586X01012
GABRIEL,EQ,1418.9,1434.9,1404.9,1414.8,1413,1407.8,201077,284658640.70,29-Jul-2026,13425,INE524A01029
GATECH,EQ,0.5,0.52,0.48,0.49,0.5,0.48,6394838,3192596.06,29-Jul-2026,1127,INE224E01028
GATECHDVR,EQ,0.43,0.45,0.43,0.44,0.45,0.44,373093,164270.31,29-Jul-2026,98,INE224E01036
GAIL,EQ,175.5,176,173.5,175.12,175,175.15,8274629,1449706759.02,29-Jul-2026,44408,INE129A01019
GALAPREC,EQ,1098,1125,1065,1074.7,1072.6,1099.6,79019,86234959.20,29-Jul-2026,6830,INE0RE001014
GML,SM,16.8,17.2,16.8,16.9,16.9,17.2,8000,135600.00,29-Jul-2026,4,INE09A801015
GALAXYSURF,EQ,1958,1970.6,1915.2,1960.6,1965.9,1958.9,25275,49349634.00,29-Jul-2026,7206,INE600K01018
GALLANTT,EQ,593,603.3,592.85,603.3,603.3,574.6,49030,29421778.55,29-Jul-2026,524,INE297H01019
GANDHAR,EQ,237.61,240,230,232.18,230.15,237.93,3607556,847914891.22,29-Jul-2026,33102,INE717W01049
GANDHITUBE,EQ,873.9,883,870.65,874.8,871,873.35,6564,5750452.05,29-Jul-2026,225,INE524B01027
GANESHBE,EQ,126.13,128.78,121.1,122.16,122.53,124.93,1678475,207531849.86,29-Jul-2026,17514,INE388A01029
GANESHCP,EQ,169.2,173.69,166.56,167.19,166.8,168.96,120251,20305603.24,29-Jul-2026,2178,INE652V01016
GGBL,SM,261,261,256.1,256.9,257,257.75,29400,7572120.00,29-Jul-2026,86,INE0R8C01018
GANESHHOU,EQ,772,796.6,728.2,768.55,759,772.05,214674,162919784.75,29-Jul-2026,15823,INE460C01014
GANESHIN,ST,89.25,92.5,89,92.5,92.45,88.5,68000,6236000.00,29-Jul-2026,64,INE0TVT01024
GANECOS,EQ,1180,1229.9,1170,1202.95,1204.05,1184.35,103391,124969875.90,29-Jul-2026,8412,INE845D01014
GANGABATH,SM,21.95,21.95,21.1,21.2,21.2,21.5,18000,388200.00,29-Jul-2026,6,INE0ZI101018
GANGAFORGE,BE,1.79,1.79,1.76,1.79,1.79,1.71,1687840,3021085.61,29-Jul-2026,556,INE691Z01023
GANGESSECU,EQ,116.5,116.5,113.1,114.77,113.11,117.69,1422,163826.50,29-Jul-2026,97,INE335W01016
GRSE,EQ,2609,2665,2584.1,2626.1,2625.2,2610.7,856027,2243369966.40,29-Jul-2026,63449,INE382Z01011
GARUDA,EQ,172.8,172.8,170.1,170.93,172,170.98,156296,26765707.17,29-Jul-2026,2954,INE0JVO01026
GRWRHITECH,EQ,7190,7190,6811.5,6967.5,7000,7120.5,56902,396282798.50,29-Jul-2026,12698,INE291A01017
GARFIBRES,EQ,733.1,750.05,720.3,729.95,735.55,737.35,40144,29302136.55,29-Jul-2026,3610,INE276A01018
GATEWAY,EQ,58.4,58.8,58,58.2,58.11,58.46,497243,28953803.41,29-Jul-2026,4570,INE079J01017
GAUDIUMIVF,BE,142.99,142.99,142.99,142.99,142.99,145.9,6760,966612.40,29-Jul-2026,141,INE0P8B01020
GAYAHWS,EQ,2.1,2.1,1.88,2,2.01,1.91,278461,553026.17,29-Jul-2026,490,INE287Z01012
GAYAPROJ,BE,20.39,20.7,19.9,20.12,20,20.29,162978,3281546.48,29-Jul-2026,1009,INE336H01023
GRCL,ST,585,585,573.3,573.3,573.3,585,750,432900.00,29-Jul-2026,3,INE0LVM01018
GVPIL,EQ,750.95,767.9,735.2,751.5,751,746.4,202620,152388709.05,29-Jul-2026,8572,INE878A01011
GVT&D,EQ,4115,4154,4041.2,4101.6,4107,4124,1506472,6162325634.70,29-Jul-2026,98590,INE200A01026
GEECEE,BE,337.3,347,330.5,341.5,343.95,337.3,1550,527150.10,29-Jul-2026,32,INE916G01016
GEEKAYWIRE,EQ,23.5,23.96,23.01,23.12,23.24,23.56,32234,752912.86,29-Jul-2026,391,INE669X01032
GEMAROMA,EQ,184.1,191.03,181,189.28,188.8,183.32,91309,16970718.69,29-Jul-2026,1848,INE06XZ01023
GICRE,EQ,359.9,361.35,357.05,358.95,358,357.7,315421,113048655.75,29-Jul-2026,9833,INE481Y01014
GENCON,EQ,40.29,40.39,39.22,39.6,39.22,39.35,268914,10716184.13,29-Jul-2026,1397,INE854S01022
GENESYS,EQ,282,283.5,272.25,277,275.9,286.35,512653,141527853.25,29-Jul-2026,13104,INE727B01026
GENUSPAPER,EQ,12.17,12.8,12.17,12.29,12.37,12.23,45394,558440.51,29-Jul-2026,284,INE949P01018
GENUSPOWER,EQ,315,316.65,312.5,313.6,313.6,313.15,1003160,315308934.05,29-Jul-2026,14586,INE955D01029
GENXAI,SM,71.5,72.5,71,72,72,70.55,7200,517200.00,29-Jul-2026,6,INE1W0N01014
GEOJITFSL,EQ,73.4,76.1,73.4,75.38,75.52,72.89,354201,26594829.93,29-Jul-2026,4296,INE007B01023
GFLLIMITED,EQ,47.5,47.5,46.8,46.93,46.85,46.8,14682,690544.78,29-Jul-2026,214,INE538A01037
GHCL,EQ,437.4,442.6,433.9,439.15,440,433.9,148172,65147111.75,29-Jul-2026,3787,INE539A01019
GHCLTEXTIL,EQ,115.95,120.15,115.5,119.53,119.6,114.23,890788,105214974.54,29-Jul-2026,9013,INE0PA801013
GICHSGFIN,EQ,147.65,149.29,147.25,148.35,148.88,147.6,62936,9319055.38,29-Jul-2026,1159,INE289B01019
GILLANDERS,EQ,88.99,91,87.15,87.92,87.37,88.25,3745,333013.69,29-Jul-2026,81,INE047B01011
GILLETTE,EQ,7876.5,7929.5,7795,7892,7898,7790,12593,99431530.50,29-Jul-2026,4713,INE322A01010
GINNIFILA,BE,45.15,46.63,45.15,45.91,46,46.92,112018,5134239.02,29-Jul-2026,279,INE424C01010
GIRIRAJ,SM,75.05,81.3,73.6,74.1,74.9,77.45,16000,1220275.00,29-Jul-2026,57,INE614Z01017
GKENERGY,EQ,134.99,136.31,134.31,134.67,134.8,134.36,209813,28370509.11,29-Jul-2026,2051,INE1AG301022
GKWLIMITED,EQ,1655,1655,1592.1,1632.8,1644,1625.8,132,215031.80,29-Jul-2026,43,INE528A01020
GLAND,EQ,2428.7,2550,2428.7,2543.7,2549,2428.3,841656,2103972050.80,29-Jul-2026,48037,INE068V01023
GLAXO,EQ,2645.9,2670,2609,2626.4,2622,2632.6,59537,156938608.10,29-Jul-2026,10976,INE159A01016
GLENMARK,EQ,2196.4,2267.7,2186.2,2261.7,2264.9,2184.6,593720,1324259531.00,29-Jul-2026,34510,INE935A01035
GLOBAL,EQ,105.5,105.86,101.7,102.19,102.01,104.99,24040,2496047.20,29-Jul-2026,366,INE291W01037
MEDANTA,EQ,1394.4,1438,1394.3,1432.9,1435,1401.3,245812,350057095.60,29-Jul-2026,20186,INE474Q01031
GLOBALPET,ST,157.5,160,157.5,159.75,160,153.05,8250,1318087.50,29-Jul-2026,9,INE0PS501019
GSLSU,EQ,27.59,28.56,27.01,27.98,27.98,28.14,74493,2053229.29,29-Jul-2026,861,INE0JSX01015
GLOBALVECT,EQ,169.8,172.45,165,166.35,165,166.98,17268,2900248.01,29-Jul-2026,777,INE792H01019
GLOBALE,BE,10.97,10.97,10.63,10.94,10.97,10.98,335,3627.78,29-Jul-2026,13,INE0URU01010
GLOBECIVIL,EQ,40.5,40.89,39.32,40.13,40.35,40.21,10249,411428.47,29-Jul-2026,115,INE0V3U01015
GLOBE,EQ,2.19,2.2,2.13,2.16,2.17,2.15,138363,299959.99,29-Jul-2026,132,INE581X01021
GICL,EQ,16.7,16.99,16.03,16.93,16.95,16.26,102513,1716528.90,29-Jul-2026,291,INE947T01022
GSTL,SM,17,17,15.75,15.75,15.75,16.55,11000,176300.00,29-Jul-2026,10,INE00WS01056
GLOBUSSPR,EQ,882,894.95,871.65,876.95,879.25,874.25,74781,65942352.00,29-Jul-2026,4874,INE615I01010
GLOSTERLTD,EQ,673.4,686.9,672.1,677.3,673.5,684,626,424290.35,29-Jul-2026,111,INE350Z01018
GLOTTIS,BE,66,68,66,67,67,66.49,28552,1915316.86,29-Jul-2026,201,INE0TQE01026
GMMPFAUDLR,EQ,814.45,818.4,802.5,803.65,804,805.8,33321,26929803.55,29-Jul-2026,2395,INE541A01023
GMRAIRPORT,EQ,108,108.45,106.36,107.1,107.12,107.96,10241822,1098799630.88,29-Jul-2026,43052,INE776C01039
GMRP&UI,EQ,96.6,97.29,96.31,96.83,96.7,96.5,331814,32084167.13,29-Jul-2026,2647,INE0CU601026
GNA,EQ,514,537.5,507.85,532.15,537,510.95,374601,196438573.45,29-Jul-2026,9342,INE934S01014
EBGNG,EQ,574.55,604,556,560.5,558.95,577.3,593512,344600480.90,29-Jul-2026,20887,INE18JU01028
GODIGIT,BL,243,243,243,243,243,300,5721378,1390294854.00,29-Jul-2026,1,INE03JT01014
GODIGIT,EQ,248,254.6,245,253.15,252.6,245.65,965451,242251666.35,29-Jul-2026,18471,INE03JT01014
GOCOLORS,EQ,316.75,324.95,311.9,323,324.7,313.65,197807,63107265.90,29-Jul-2026,4871,INE0BJS01011
GOACARBON,EQ,374.1,396.9,370.1,391,385,372.35,68899,26702272.70,29-Jul-2026,2218,INE426D01013
GOCLCORP,EQ,390,390.85,378,382.95,383.75,388.15,49489,18959370.00,29-Jul-2026,2470,INE077F01035
GODAVARIB,EQ,272,272,268.2,269.05,269,269.65,34212,9232383.00,29-Jul-2026,1261,INE497S01012
GPIL,EQ,245.65,253,244.4,251.8,250.75,245.5,1509419,377942937.85,29-Jul-2026,22168,INE177H01039
GODFRYPHLP,EQ,2021.3,2084.6,2013,2076,2074,2031.3,861418,1772288013.20,29-Jul-2026,40987,INE260B01028
GODREJAGRO,EQ,570,570,556.35,560.35,560.5,577.1,198771,111427875.45,29-Jul-2026,9381,INE850D01014
GODREJCP,EQ,1071.7,1086.8,1069,1076.5,1080,1066.9,427345,460965608.50,29-Jul-2026,18462,INE102D01028
GODREJIND,EQ,1309.2,1325.2,1290,1293.3,1290,1309.2,64640,84065568.30,29-Jul-2026,8063,INE233A01035
GODREJPROP,EQ,2159.7,2180,2139.4,2156,2154,2136.6,770545,1661144297.50,29-Jul-2026,35059,INE484J01027
679GS2031,GS,99.4,99.4,99.4,99.4,99.4,99.31,100,9940.00,29-Jul-2026,1,IN0020240191
692GS2039,GS,99.4,99.4,99.16,99.16,99.16,99.4,750,74394.00,29-Jul-2026,2,IN0020240134
709GS2074,GS,95.7,95.7,95.36,95.5,95.5,95.47,53071,5068651.28,29-Jul-2026,50,IN0020240142
574GS2026,GS,101.45,101.45,101.45,101.45,101.45,101.08,5,507.25,29-Jul-2026,1,IN0020210186
585GS2030,GS,96.48,96.48,96.48,96.48,96.48,96.48,100,9648.00,29-Jul-2026,1,IN0020200294
601GS2030,GS,98,99,98,99,99,98,1001,98099.00,29-Jul-2026,2,IN0020250067
603GS2029,GS,99.1,100.4,99.1,100.36,100.4,100.3,400,40020.00,29-Jul-2026,3,IN0020250125
610GS2031,GS,101.15,104.5,101.15,103.16,104.5,103.75,5,515.80,29-Jul-2026,2,IN0020210095
622GS2035,GS,93.95,96.36,93.95,96.36,96.36,96.36,2,190.31,29-Jul-2026,2,IN0020200245
636GS2031,GS,101.9,102.3,101.9,102.3,102.3,102.3,199875,20387277.50,29-Jul-2026,3,IN0020250141
648GS2035,GS,98.9,101,98.9,98.9,98.9,98.5,469,46647.00,29-Jul-2026,5,IN0020250091
654GS2032,GS,99.5,99.5,99.5,99.5,99.5,99.8,202,20099.00,29-Jul-2026,2,IN0020210244
664GS2035,GS,95.02,97.46,95.02,97.46,97.46,97.46,100,9743.56,29-Jul-2026,2,IN0020210020
667GS2035,GS,99,99,99,99,99,98.5,3,297.00,29-Jul-2026,1,IN0020210152
667GS2050,GS,94.15,94.15,93.5,93.5,93.5,92.75,13027,1218037.50,29-Jul-2026,3,IN0020200252
668GS2040,GS,98,98,97.5,97.8,97.5,97.96,11160,1091146.21,29-Jul-2026,16,IN0020250042
676GS2061,GS,93.5,93.5,92.76,93.2,93.2,93.15,5386,501873.20,29-Jul-2026,19,IN0020200401
679GS2034,GS,100.4,100.5,100.2,100.2,100.2,100.4,1321,132500.50,29-Jul-2026,4,IN0020240126
690GS2065,GS,94.28,94.28,93.68,94.13,94.2,93.81,33706,3167157.36,29-Jul-2026,34,IN0020250018
695GS2061,GS,92.8,92.81,92.8,92.81,92.81,95.15,2,185.61,29-Jul-2026,2,IN0020210202
699GS2051,GS,95.5,96.5,95.5,95.7,95.7,96.5,202,19491.20,29-Jul-2026,4,IN0020210194
702GS2027,GS,101.2,104.1,101.2,104.1,104.1,100.81,104,10814.80,29-Jul-2026,2,IN0020240043
704GS2029,GS,101.6,101.66,101.6,101.66,101.66,101.6,300,30492.00,29-Jul-2026,2,IN0020240050
706GS2028,GS,102.55,102.55,102.55,102.55,102.55,103.02,2000,205100.00,29-Jul-2026,1,IN0020230010
706GS2041,GS,100,101.75,100,100.69,101.25,100,6400,640750.00,29-Jul-2026,7,IN0020260041
709GS2054,GS,99.13,99.43,99.13,99.3,99.3,99.43,8047,799655.56,29-Jul-2026,16,IN0020240118
71GS2034,GS,103.2,103.2,103.2,103.2,103.2,102.35,3500,361200.00,29-Jul-2026,2,IN0020240019
717GS2030,GS,104.3,104.3,103.3,104,104,103.1,3002,312127.60,29-Jul-2026,4,IN0020230036
718GS2037,GS,102.16,102.2,101.95,102.08,102.01,102.33,106000,10826008.00,29-Jul-2026,100,IN0020230077
723GS2039,GS,105,105,105,105,105,104.4,500,52500.00,29-Jul-2026,4,IN0020240027
724GS2055,GS,101.8,101.8,100.24,100.79,100.56,101.43,69741,7016298.02,29-Jul-2026,48,IN0020250075
725GS2063,GS,97.5,97.75,97.35,97.48,97.45,97.39,472019,45982446.47,29-Jul-2026,152,IN0020230044
726GS2032,GS,102.86,106.45,102.86,106.39,106.39,105.5,3033,321686.71,29-Jul-2026,6,IN0020220060
726GS2033,GS,104.71,104.71,104.71,104.71,104.71,105.5,1,104.71,29-Jul-2026,1,IN0020220151
73GS2053,GS,100.09,100.1,100,100.09,100.09,100.09,65850,6585187.93,29-Jul-2026,22,IN0020230051
732GS2030,GS,103,104,103,104,104,103.05,1000,103900.00,29-Jul-2026,2,IN0020230135
733GS2026,GS,101.49,101.51,101.49,101.51,101.51,100.91,200,20300.00,29-Jul-2026,2,IN0020230119
734GS2064,GS,99.5,99.8,99.5,99.77,99.77,99.59,18593,1850508.61,29-Jul-2026,17,IN0020240035
736GS2052,GS,101.1,101.1,101.1,101.1,101.1,101.3,1,101.10,29-Jul-2026,1,IN0020220086
737GS2028,GS,104,104,104,104,104,105.5,200,20800.00,29-Jul-2026,2,IN0020230101
74GS2062,GS,100.3,101.39,100.3,101.39,101.39,101.39,62,6285.09,29-Jul-2026,3,IN0020220094
741GS2036,GS,105.15,105.15,104.5,104.53,104.5,104.65,10507,1100437.65,29-Jul-2026,11,IN0020220102
743GS2076,GS,99.46,100,99.4,99.56,99.5,99.46,201213,20020325.04,29-Jul-2026,115,IN0020250117
746GS2073,GS,100.8,100.8,100,100.6,100.6,100.8,11267,1130703.98,29-Jul-2026,16,IN0020230127
754GS2036,GS,106.54,106.72,106.5,106.64,106.63,106.5,488275,52058388.98,29-Jul-2026,224,IN0020220029
771GS2066,GS,104.7,104.7,104.3,104.35,104.35,104.5,5322,555350.95,29-Jul-2026,4,IN0020260033
1018GS2026,GS,104.35,104.4,103.35,103.4,103.4,104.05,3223,336348.35,29-Jul-2026,9,IN0020010081
710GS2029,GS,103.05,103.05,103.05,103.05,103.05,104.19,1,103.05,29-Jul-2026,1,IN0020220011
716GS2050,GS,100.01,100.01,100.01,100.01,100.01,102,1,100.01,29-Jul-2026,1,IN0020200054
719GS2060,GS,97.51,97.51,97.51,97.51,97.51,99.9,2,195.02,29-Jul-2026,2,IN0020200039
726GS2029,GS,100.31,100.8,100.31,100.8,100.8,100.55,2,201.11,29-Jul-2026,2,IN0020180454
738GS2027,GS,101.73,102.29,101.73,101.8,101.8,101.73,71314,7257531.84,29-Jul-2026,21,IN0020220037
772GS2055,GS,101,101,101,101,101,103.6,1,101.00,29-Jul-2026,1,IN0020150077
795GS2032,GS,108,108,108,108,108,109,100,10800.00,29-Jul-2026,1,IN0020020106
824GS2027,GS,105.5,105.5,105.48,105.48,105.48,106,6000,632980.00,29-Jul-2026,4,IN0020060078
883GS2041,GS,110,110,110,110,110,110,400,44000.00,29-Jul-2026,2,IN0020110063
897GS2030,GS,110.5,111,110.5,111,111,110.82,5401,599510.50,29-Jul-2026,20,IN0020110055
92GS2030,GS,111.6,114.9,111.6,114.02,114,112.68,15306,1757034.16,29-Jul-2026,13,IN0020130053
182D081026,TB,98.97,98.97,98.97,98.97,98.97,98.17,2000,197940.00,29-Jul-2026,1,IN002026Y014
364D031226,TB,97.65,97.65,97.65,97.65,97.65,97.35,2000,195300.00,29-Jul-2026,1,IN002025Z369
364D060826,TB,99.79,99.79,99.79,99.79,99.79,99.78,200,19958.00,29-Jul-2026,1,IN002025Z195
364D220427,TB,95.89,95.89,95.89,95.89,95.89,95.79,3700,354793.00,29-Jul-2026,1,IN002026Z037
364D240627,TB,94,94,94,94,94,94,4700,441800.00,29-Jul-2026,1,IN002026Z128
91D011026,TB,99.08,99.08,99.08,99.08,99.08,98.61,11000,1089880.00,29-Jul-2026,4,IN002026X131
91D060826,TB,99.59,99.59,99.59,99.59,99.59,99.59,3000,298770.00,29-Jul-2026,3,IN002026X057
91D151026,TB,98.1,98.2,98.1,98.2,98.2,98.1,400,39260.00,29-Jul-2026,2,IN002026X156
GOKEX,EQ,814.55,830,810,824.75,828,813.4,160147,131392034.60,29-Jul-2026,6440,INE887G01027
GOKULAGRO,EQ,213,224,211.08,223.2,223.99,210.79,908074,199586450.58,29-Jul-2026,12707,INE314T01033
GOKUL,EQ,39.47,39.47,38.53,39.21,39.37,38.87,132901,5194328.40,29-Jul-2026,629,INE020J01029
GOLDENTOBC,BZ,24.84,25.5,23.75,24.73,24.08,24.35,2975,74453.70,29-Jul-2026,31,INE973A01010
GOLDIAM,EQ,358.7,364.4,350.45,352.8,353,358.7,607428,216490870.30,29-Jul-2026,11047,INE025B01025
GOLDKART,SM,115.8,115.8,115.8,115.8,115.8,121.85,625,72375.00,29-Jul-2026,1,INE06MH01016
GOODLUCK,EQ,1541,1548,1526.3,1532,1535,1525.8,51034,78304505.00,29-Jul-2026,5369,INE127I01024
GOODYEAR,EQ,817,824.9,816,823.3,822,816.45,10345,8505847.75,29-Jul-2026,569,INE533A01012
GOPAL,EQ,265,266.7,261.4,264.3,265.7,262.35,114466,30219127.85,29-Jul-2026,3212,INE0L9R01028
GOYALALUM,EQ,6.6,6.68,6.52,6.61,6.64,6.56,39472,259909.83,29-Jul-2026,210,INE705X01026
GOYALSALT,SM,114,116,114,114.25,114.25,114,3600,413730.00,29-Jul-2026,4,INE0QFE01017
GPECO,ST,441.9,444,427,433.35,434.95,441.9,6600,2856590.00,29-Jul-2026,30,INE0S7E01015
GULFPETRO,BE,47.87,47.87,45.33,45.33,45.33,47.71,153578,7070045.65,29-Jul-2026,265,INE586G01017
GPTHEALTH,EQ,166.8,167.8,163.1,167.19,167.37,167.32,164492,27404943.59,29-Jul-2026,3758,INE486R01017
GPTINFRA,EQ,122,123.9,121,122.38,122.05,122.44,96229,11785819.96,29-Jul-2026,1794,INE390G01014
GRADIENTE,BE,2.97,2.98,2.76,2.8,2.9,2.9,331999,952269.85,29-Jul-2026,243,INE361K01017
GCHOTELS,ST,110,111,108,110,110,113.6,19200,2103600.00,29-Jul-2026,24,INE12E301017
GRANDOAK,EQ,37,37,35.36,35.36,35.36,37.22,16227,579430.10,29-Jul-2026,139,INE926B01016
GRANULES,EQ,855,868.8,837.75,841.85,842.5,845.4,916692,782705409.05,29-Jul-2026,30252,INE101D01020
GRAPHISAD,SM,28,29.15,27.6,29.15,29.15,27.8,16800,480240.00,29-Jul-2026,8,INE0POU01017
GRAPHITE,EQ,645,668.3,638,666.65,664.65,648.55,734917,484517519.00,29-Jul-2026,19358,INE371A01025
GRASIM,EQ,3131.8,3149,3105.1,3113,3112,3116.2,304356,949381097.40,29-Jul-2026,27093,INE047A01021
GRAUWEIL,EQ,73.54,77.5,73.54,76.45,76.63,73.54,162283,12339641.68,29-Jul-2026,2424,INE266D01021
GRAVISSHO,EQ,29.03,30.9,29.03,30.84,30.9,29.15,1966,59687.78,29-Jul-2026,45,INE214F01026
GRAVITA,EQ,1646.6,1663,1611.2,1615.2,1615,1638.5,426423,694327146.60,29-Jul-2026,31783,INE024L01027
GREAVESCOT,EQ,238.68,242.36,237.1,239.64,239.78,238.68,608912,146305017.39,29-Jul-2026,12547,INE224A01026
GREENCHEF,SM,47.35,48.5,47.35,48.5,48.5,47.35,6400,305240.00,29-Jul-2026,7,INE0O7P01015
GREENLAM,EQ,253.1,258.85,252,254.15,252.35,253.1,49331,12582971.90,29-Jul-2026,1646,INE544R01021
GREENLEAF,ST,116.15,118,116.15,117.15,117,115.65,9000,1053600.00,29-Jul-2026,8,INE0PLX01017
GREENPANEL,EQ,191.21,193.79,189.69,191.54,190.3,191.2,116606,22283082.08,29-Jul-2026,2083,INE08ZM01014
GREENPLY,EQ,284.5,287.9,278,285.8,287.35,282.3,240938,68045961.40,29-Jul-2026,5215,INE461C01038
GCSL,EQ,522,526.9,515.2,517.9,515.4,519.6,499140,260120830.70,29-Jul-2026,4479,INE199P01028
GRINDWELL,EQ,2043,2125,2040,2118.7,2109,2043.3,121921,255681064.00,29-Jul-2026,9753,INE536A01023
GRMOVER,EQ,89.57,90.16,88.3,88.91,88.75,89.57,317798,28326069.51,29-Jul-2026,4794,INE192H01020
GJL,ST,161.75,162,155,156.6,160,155,68800,10787240.00,29-Jul-2026,26,INE1TY801010
CEMNTGROWW,EQ,15.43,15.87,15.05,15.41,15.4,15.36,87237,1346238.01,29-Jul-2026,588,INF666M01PH7
GROWWCAPM,EQ,11.09,11.25,11.04,11.12,11.17,11.09,316115,3518332.90,29-Jul-2026,590,INF666M01MM4
GROWWCHEM,EQ,29.9,30.49,29.65,30.4,30.49,29.99,74730,2260226.81,29-Jul-2026,200,INF666M01NP5
GROWWDEFNC,EQ,92.43,92.88,91.51,92.22,92.2,92.42,221822,20400606.11,29-Jul-2026,2183,INF666M01IO8
GROWWEV,EQ,31,32.15,31,32.05,31.8,31.8,277306,8879533.03,29-Jul-2026,1281,INF666M01IH2
GROWWGOLD,EQ,13.89,13.89,13.78,13.81,13.83,13.8,740800,10232008.58,29-Jul-2026,1907,INF666M01OE7
GROWWHOSPI,EQ,54,54.61,54,54.54,54.3,54.29,499994,27231925.61,29-Jul-2026,650,INF666M01OD9
GROWWLIQID,EQ,110.11,110.12,110.11,110.11,110.12,110.09,340067,37446175.96,29-Jul-2026,206,INF666M01IP5
GROWWLOVOL,EQ,10.5,10.63,10.5,10.55,10.55,10.46,57278,604767.25,29-Jul-2026,92,INF666M01LB9
GROWWMC150,EQ,229.85,232.28,229.85,230.86,230.86,229.03,518,119728.15,29-Jul-2026,22,INF666M01MV5
GROWWMETAL,EQ,11.49,12.15,11.49,12.12,12.15,11.79,772974,9314295.41,29-Jul-2026,1369,INF666M01NI0
GROWWMOM50,EQ,10.75,10.75,10.44,10.54,10.52,10.44,29242,307686.19,29-Jul-2026,291,INF666M01KJ4
GROWWN200,EQ,11.39,11.39,11.25,11.35,11.38,11.31,75731,860020.99,29-Jul-2026,160,INF666M01JV1
GROWWNET,EQ,10.27,10.27,9.82,10.14,10.15,10.02,391331,3957910.82,29-Jul-2026,1805,INF666M01LI4
GROWWNIFTY,EQ,9.93,9.93,9.69,9.8,9.81,9.69,772138,7552710.87,29-Jul-2026,5736,INF666M01LL8
GROWWNXT50,EQ,72.65,73,72.31,72.59,72.56,72.62,5673,411783.75,29-Jul-2026,60,INF666M01LZ8
GROWWPOWER,EQ,11.49,11.5,11.32,11.41,11.45,11.46,6746168,76943943.54,29-Jul-2026,3795,INF666M01LM6
GROWWPSE,EQ,99.1,100.8,98.52,99.08,100.8,98.13,1580,156246.99,29-Jul-2026,31,INF666M01NQ3
GROWWPSUBK,EQ,82.22,83.88,82.22,83.59,83.55,83.32,3855,321922.49,29-Jul-2026,60,INF666M01OG2
GROWWRAIL,EQ,28.74,29.19,28.72,29.14,29.19,28.68,633675,18445218.56,29-Jul-2026,2416,INF666M01JJ6
GROWWRLTY,EQ,10.28,10.45,10.21,10.27,10.31,10.32,220541,2268448.89,29-Jul-2026,470,INF666M01MN2
GROWWSC250,EQ,10.24,10.44,10.22,10.36,10.4,10.24,215430,2224963.04,29-Jul-2026,438,INF666M01MO0
GROWWSLVR,EQ,21.24,21.34,21.11,21.19,21.15,21.15,1170779,24839487.56,29-Jul-2026,1661,INF666M01OF4
PVTBKGROWW,EQ,27.36,27.69,27.35,27.53,27.63,27.42,12223,336519.88,29-Jul-2026,156,INF666M01OT5
SMALLGROWW,EQ,46.8,47.5,46.67,47.16,47.05,46.8,4134,194411.03,29-Jul-2026,75,INF666M01PG9
GRPLTD,EQ,2000,2016.7,1956.6,1974.7,1988,1999.9,2449,4874279.50,29-Jul-2026,497,INE137I01015
GSMFOILS,SM,265.05,272.6,260,269.8,269,270.85,61500,16359450.00,29-Jul-2026,96,INE0SQY01018
GSPCROP,EQ,548,591.75,547.1,582.65,580,546.4,701238,396328561.65,29-Jul-2026,20606,INE713R01022
GSS,EQ,12.29,13.05,11.96,12.44,12.4,11.96,80942,1023122.08,29-Jul-2026,313,INE871H01011
GTLINFRA,EQ,1.21,1.22,1.2,1.21,1.21,1.2,24414946,29551760.82,29-Jul-2026,10838,INE221H01019
GTL,EQ,7.36,7.36,7.21,7.29,7.28,7.24,107643,784578.87,29-Jul-2026,459,INE043A01012
GTPL,EQ,60.03,60.84,59.57,59.76,59.59,60.77,34716,2082312.09,29-Jul-2026,397,INE869I01013
GUFICBIO,EQ,387.95,388.8,380.3,382.35,384.1,387.75,35442,13610388.15,29-Jul-2026,1582,INE742B01025
GIPCL,EQ,162,163.72,161.42,162.65,162.7,161.68,129408,21030816.57,29-Jul-2026,1892,INE162A01010
GNFC,EQ,517.5,528,513.9,525.1,528,511.75,515182,268772903.50,29-Jul-2026,22468,INE113A01013
GSFC,EQ,160.49,162.9,159.99,160.64,160.88,159.59,486881,78638982.68,29-Jul-2026,10438,INE026A01025
GUJAPOLLO,EQ,350.05,357.9,346.6,349.3,349,351.9,3403,1193225.80,29-Jul-2026,165,INE826C01016
GUJALKALI,EQ,709.95,710,680.4,683.65,684,699.95,87328,60309663.60,29-Jul-2026,3605,INE186A01019
GAEL,EQ,157,167.8,156.31,164.31,164.5,156.46,3688190,608209251.92,29-Jul-2026,35970,INE036B01030
GUJENERGY,EQ,269.3,276,269.05,273.05,272.9,268.3,787583,214861551.20,29-Jul-2026,23366,INE844O01030
FLUOROCHEM,EQ,4540,4637.9,4472,4582.1,4580,4487.5,85239,389182324.80,29-Jul-2026,13366,INE09N301011
GKSL,EQ,128.69,128.89,126.5,127.1,127.15,127,123385,15689555.91,29-Jul-2026,1393,INE0V0W01025
GLFL,BE,5.6,5.78,5.56,5.78,5.78,5.52,526,3019.26,29-Jul-2026,14,INE540A01017
GMDCLTD,EQ,554.7,576.9,554.7,574.25,574.15,553.8,1122256,639725906.65,29-Jul-2026,28660,INE131A01031
GNRL,EQ,91.39,95.7,90.9,94.78,95.2,91.39,65977,6131477.62,29-Jul-2026,1408,INE207H01018
GPPL,EQ,148.6,150.75,148.6,150.18,150.48,148.33,712597,107034310.79,29-Jul-2026,17516,INE517F01014
GUJRAFFIA,EQ,39.51,40.99,39.05,39.08,39.05,39.5,897,35559.19,29-Jul-2026,21,INE610B01024
GUJTHEM,EQ,355.3,359.95,355,356.9,356,355.9,23813,8517539.90,29-Jul-2026,970,INE942C01045
GULFOILLUB,EQ,1045,1069.3,1035,1060.7,1054,1035.6,66292,69919940.30,29-Jul-2026,6296,INE635Q01029
GULPOLY,EQ,190.61,199.4,188.45,198.15,198,189.09,341296,66735878.37,29-Jul-2026,6440,INE255D01024
GURUNANAK,ST,38.9,38.9,38.9,38.9,38.9,38.9,3200,124480.00,29-Jul-2026,2,INE1CCX01012
GVKPIL,BE,2.43,2.44,2.37,2.39,2.39,2.4,421234,1013628.02,29-Jul-2026,622,INE251H01024
GVPTECH,EQ,6.99,7.14,6.77,6.94,6.94,6.87,65448,454353.53,29-Jul-2026,271,INE382T01030
GYFTR,EQ,150.01,172.5,145.15,152.82,152.56,145.38,431549,65658002.64,29-Jul-2026,1306,INE724A01017
HBESD,EQ,75.5,76.98,73.5,76.77,76.96,75.5,771,59214.17,29-Jul-2026,12,INE640B01021
HGINFRA,EQ,544.2,544.2,530.6,533.65,534,536.15,66154,35420626.95,29-Jul-2026,3942,INE926X01010
HALDER,EQ,232.73,250,230.5,238.57,250,229.84,26754,6247387.49,29-Jul-2026,222,INE115S01010
HALDYNGL,BE,121.96,124,120,120.58,120.8,120.16,27403,3344455.36,29-Jul-2026,165,INE506D01020
HALEOSLABS,EQ,1535.5,1577,1500,1562.5,1564,1535.4,1317,2016773.60,29-Jul-2026,294,INE320X01016
HGM,EQ,52.2,52.2,49.53,51.27,52.15,50.38,665,33751.16,29-Jul-2026,31,INE596H01014
HAPPSTMNDS,EQ,387.5,393.85,384,385.65,384.85,383.4,1284743,499654422.90,29-Jul-2026,34570,INE419U01012
HAPPYFORGE,EQ,1650,1670.7,1620.9,1659.1,1655.2,1614.6,40864,67420096.00,29-Jul-2026,5361,INE330T01021
WHITEFORCE,ST,36.05,36.05,36.05,36.05,36.05,37.9,3200,115360.00,29-Jul-2026,2,INE0TLP01015
HAPPY,ST,61.15,63,61.15,61.65,61.55,61.15,20000,1243000.00,29-Jul-2026,10,INE1GFG01011
HARDWYN,EQ,11.4,11.62,11.4,11.51,11.52,11.49,1409088,16226629.97,29-Jul-2026,1932,INE626Z01029
HARIOMPIPE,EQ,389.95,394.2,388,391.25,391.2,387.25,80687,31565040.80,29-Jul-2026,2246,INE00EV01017
HARRMALAYA,EQ,212.86,219.25,210.64,218.47,219.25,208.99,7867,1691015.78,29-Jul-2026,226,INE544A01019
HARSHA,EQ,407.7,413.4,404,410.6,410.25,404.45,61829,25408370.45,29-Jul-2026,3365,INE0JUS01029
HATHWAY,EQ,10.81,10.89,10.75,10.8,10.82,10.81,957061,10333415.82,29-Jul-2026,2095,INE982F01036
HATSUN,EQ,879.95,888,870.05,885.6,887,868.25,17173,15104847.90,29-Jul-2026,2250,INE473B01035
HAVELLS,EQ,1230.1,1244.4,1227.9,1237,1239,1227.1,584475,723509106.10,29-Jul-2026,25017,INE176B01034
HAWKINCOOK,EQ,8896,8938,8456,8520.5,8480,8765.5,8569,74380175.50,29-Jul-2026,2854,INE979B01015
HBSL,BE,46.99,49.4,46.99,49.27,47.95,47.22,3220,155701.60,29-Jul-2026,23,INE550B01022
HBLENGINE,EQ,701.9,714.45,698.15,708.05,707.6,694.95,617772,437765038.75,29-Jul-2026,21353,INE292B01021
HCL-INSYS,EQ,11.65,11.65,11.35,11.41,11.35,11.46,85677,984006.40,29-Jul-2026,431,INE236A01020
HCLTECH,EQ,1344,1352.7,1323.2,1344.3,1341,1318.6,3061520,4110995466.50,29-Jul-2026,106970,INE860A01027
HDBFS,EQ,684,686.15,676.2,679.7,679.9,682.5,463889,315779001.50,29-Jul-2026,18138,INE756I01012
HDFCAMC,EQ,2535.1,2557.2,2528.3,2541.9,2543,2531.2,470968,1198935425.00,29-Jul-2026,28803,INE127D01025
HDFCBANK,EQ,743,751.25,740.8,748.2,748.3,735.4,20460659,15300401444.85,29-Jul-2026,256480,INE040A01034
HDFCGOLD,EQ,120.78,121.05,120.14,120.73,120.79,120.78,1987730,239862255.90,29-Jul-2026,7279,INF179KC1981
HDFCLIFE,EQ,561,561.95,555.6,556.7,557.8,558.75,1180266,658476949.40,29-Jul-2026,32733,INE795G01014
HDFCBSE500,EQ,37.22,37.82,37.22,37.61,37.81,37.2,595127,22290387.36,29-Jul-2026,248,INF179KC1EZ4
HDFCGROWTH,EQ,119.8,121.5,119.73,121.35,121.31,119.27,190478,23037983.05,29-Jul-2026,839,INF179KC1DJ0
HDFCLIQUID,EQ,1071.36,1071.36,1071.34,1071.34,1071.36,1071.19,78455,84052494.99,29-Jul-2026,77,INF179KC1JG3
HDFCLOWVOL,EQ,20.99,21.2,20.95,21.05,21.08,20.82,28735,605205.98,29-Jul-2026,99,INF179KC1HU8
HDFCMID150,EQ,23.85,23.85,23.03,23.39,23.41,23.27,278104,6503784.66,29-Jul-2026,1117,INF179KC1HT0
HDFCMOMENT,EQ,30.39,30.5,30.3,30.46,30.4,30.28,59678,1814496.48,29-Jul-2026,437,INF179KC1HV6
HDFCNEXT50,EQ,73.97,74.18,73.69,74.04,73.81,73.58,596255,44121367.76,29-Jul-2026,761,INF179KC1HS2
HDFCNIF100,EQ,26.07,26.19,25.9,26.06,25.9,25.82,12128,316539.71,29-Jul-2026,194,INF179KC1HR4
HDFCNIFBAN,EQ,59.89,59.89,58.64,58.78,58.75,58.43,62191,3659179.55,29-Jul-2026,371,INF179KC1HY0
HDFCNIFIT,EQ,33.53,33.53,32.63,33.1,33.2,32.55,855391,28482708.74,29-Jul-2026,1171,INF179KC1IA8
HDFCNIFTY,EQ,277.27,277.27,271.36,272.91,272.7,270.51,109707,29913891.47,29-Jul-2026,678,INF179KC1965
HDFCPVTBAN,EQ,28.46,28.46,27.85,28.11,28.08,27.77,541624,15171066.72,29-Jul-2026,644,INF179KC1HZ7
HDFCQUAL,EQ,57.75,58.91,57.75,58.78,58.7,58.04,43724,2570055.26,29-Jul-2026,186,INF179KC1DL6
HDFCSENSEX,EQ,87.5,88.09,87.33,87.85,87.33,86.93,45531,4001686.25,29-Jul-2026,445,INF179KC1HX2
HDFCSILVER,EQ,206.73,208.25,206.01,206.71,206.94,206.08,1628287,337258402.56,29-Jul-2026,9232,INF179KC1DI2
HDFCSML250,EQ,181,181.48,179.07,181.22,181,179.06,2610013,471360604.72,29-Jul-2026,8417,INF179KC1FB2
HDFCVALUE,EQ,126.02,126.48,126.01,126.16,126.11,125.75,1333,168383.96,29-Jul-2026,54,INF179KC1DK8
HDFCPSUBK,EQ,84.34,84.72,83.99,84.16,84.02,83.97,52562,4430695.98,29-Jul-2026,250,INF179KC1HW4
HEADSUP,EQ,6.75,6.89,6.72,6.8,6.75,6.7,6841,46522.21,29-Jul-2026,41,INE759V01019
HEALTHX,EQ,307.2,310.35,304,305.45,304.35,305.65,715,218904.45,29-Jul-2026,57,INE019J01013
HCG,EQ,674.55,684.85,670.55,674.75,674,679.35,68321,46093291.90,29-Jul-2026,5864,INE075I01017
HECPROJECT,EQ,136.55,137.99,133,134.35,134.5,136.43,10070,1367436.98,29-Jul-2026,264,INE558R01013
HEG,EQ,650.05,675,636.15,672.65,672,651.05,2460817,1635440822.20,29-Jul-2026,55082,INE545A01024
HEIDELBERG,EQ,156.3,159.36,151.9,155.27,156.3,156.85,343630,53522509.60,29-Jul-2026,4770,INE578A01017
HEMIPROP,EQ,134.68,136.8,133.97,134.84,135,133.97,180370,24372000.94,29-Jul-2026,2340,INE0AJG01018
HERANBA,EQ,180,180.29,176,178.04,178.2,175.45,23349,4156386.41,29-Jul-2026,883,INE694N01015
HERITGFOOD,EQ,324.05,330.9,322.95,328.75,330.8,323.3,221069,72385800.05,29-Jul-2026,5417,INE978A01027
HEROMOTOCO,EQ,5185,5227.9,5127.7,5149.1,5155,5154.3,682570,3538115391.70,29-Jul-2026,51926,INE158A01026
HESTERBIO,EQ,2522.9,2547.9,2451,2496.9,2508,2520.4,8568,21448175.40,29-Jul-2026,1823,INE782E01017
HEXATRADEX,EQ,159,159.11,155.15,157.04,157.87,158.88,11332,1778877.89,29-Jul-2026,129,INE750M01017
HEXAGON,BE,62.5,63.25,61.2,62.06,62,62.61,254298,15777205.95,29-Jul-2026,1119,INE0JUI01012
HEXT,EQ,606,622.8,590.4,618.3,618.3,593.15,1588783,972014579.45,29-Jul-2026,42670,INE093A01041
HFCL,EQ,189,195.5,181.05,193.56,192.65,188.39,40104195,7603681189.54,29-Jul-2026,151952,INE548A01028
HIGREEN,SM,135.05,135.7,131.5,132.35,131.5,136.2,32000,4287800.00,29-Jul-2026,40,INE0PIC01017
HITECH,EQ,85.3,86.7,85.07,86.21,86.32,84.93,243278,20946672.03,29-Jul-2026,2340,INE106T01025
HILINFRA,EQ,47.32,48.21,46,46.99,47,47.32,45388,2137732.20,29-Jul-2026,387,INE00RL01028
HIKAL,EQ,217.95,224,216.99,221.38,221.89,216.99,243580,53864780.16,29-Jul-2026,4603,INE475B01022
HILTON,BE,21,22.05,20.9,21.61,21.8,21,62651,1352929.90,29-Jul-2026,171,INE788H01017
HSCL,EQ,753,771.8,750.25,769.9,770.2,749.65,5770526,4399472395.90,29-Jul-2026,55089,INE019C01026
HIMATSEIDE,EQ,80.72,81.09,79.92,80.62,80.25,79.54,303059,24435121.84,29-Jul-2026,2488,INE049A01027
HIRECT,EQ,1311,1337,1275.9,1323.1,1336,1311.5,94354,123424276.70,29-Jul-2026,8803,INE835D01023
HINDALCO,EQ,940,964.8,938.15,962.45,964,936.4,2939377,2810432826.50,29-Jul-2026,64273,INE038A01020
HINDCON,EQ,22.81,22.89,21.41,22.75,22.89,21.8,42839,955302.34,29-Jul-2026,471,INE642Y01029
HPIL,EQ,122.08,127,121.5,126.07,126,121.48,5555,699072.89,29-Jul-2026,49,INE05X901010
HGS,EQ,421.15,429.4,421.15,423.85,422.05,421,15231,6460009.10,29-Jul-2026,775,INE170I01016
HAL,EQ,4600.1,4621,4535,4592,4580,4600.1,495981,2269368457.30,29-Jul-2026,41392,INE066F01020
HINDCOMPOS,EQ,426.65,434.9,423.05,428.05,429,426.65,2268,969061.00,29-Jul-2026,238,INE310C01029
HCC,EQ,21.2,21.45,20.98,21.35,21.25,21.08,13182576,281066594.30,29-Jul-2026,15650,INE549A01026
HINDCOPPER,EQ,474.95,485.4,469,483.45,485,473.15,2384852,1143878673.70,29-Jul-2026,40485,INE531E01026
HNDFDS,EQ,578.25,580,566.1,568,566.2,574.25,111112,63295361.20,29-Jul-2026,3541,INE254N01026
HMVL,EQ,91.6,95.3,91.6,94.99,95.02,93.52,69041,6523755.10,29-Jul-2026,1073,INE871K01015
HINDOILEXP,EQ,157.4,159,156.15,157.01,156.45,157.08,205647,32336636.02,29-Jul-2026,2934,INE345A01011
HINDPETRO,EQ,399.95,400.05,392.3,392.75,392.85,400.05,5674023,2238852624.30,29-Jul-2026,69452,INE094A01015
HINDUNILVR,EQ,2050.5,2123,2047,2117.8,2120,2022.7,5183374,10875650085.70,29-Jul-2026,132751,INE030A01027
HINDZINC,EQ,529.8,541.1,527.3,536.7,539.8,526.9,2538802,1355509971.55,29-Jul-2026,43268,INE267A01025
HINDWAREAP,EQ,218.05,222.1,216.55,219.4,221,217,65650,14402424.90,29-Jul-2026,2307,INE05AN01011
HISARMETAL,EQ,148.75,151.9,147.5,148.38,147.5,149.42,191,28348.30,29-Jul-2026,11,INE598C01011
POWERINDIA,EQ,31350,31960,30625,31675,31600,31130,156699,4907739285.00,29-Jul-2026,44864,INE07Y701011
HITECHCORP,BE,320.65,324.3,317.05,320,323,320.65,5080,1625205.45,29-Jul-2026,89,INE120D01012
HLEGLAS,EQ,419,432.9,418.1,428,430,419.95,143438,61340684.00,29-Jul-2026,6834,INE461D01028
HLVLTD,EQ,7.03,7.22,7.03,7.12,7.16,7.26,248003,1762626.46,29-Jul-2026,680,INE102A01024
HMAAGRO,EQ,21.49,22.2,21.22,21.95,22.16,21.22,621414,13601620.54,29-Jul-2026,982,INE0ECP01024
HMT,BZ,60.99,60.99,58.51,59.4,60.45,59.88,8907,532718.39,29-Jul-2026,69,INE262A01018
HOACFOODS,ST,725,725,725,725,725,730,375,271875.00,29-Jul-2026,1,INE0S6S01017
HOLMARC,SM,107,107,102,102,102,105,4500,472500.00,29-Jul-2026,6,INE0LXA01019
HOMEFIRST,EQ,1188.2,1201.8,1150,1174.5,1170,1181,229658,267782352.10,29-Jul-2026,16285,INE481N01025
HOMESFY,SM,122.85,122.85,122.85,122.85,122.85,122.85,600,73710.00,29-Jul-2026,1,INE0N7F01017
HONASA,EQ,454,460.6,446.4,449.35,448.15,452.1,1012824,458651275.80,29-Jul-2026,28926,INE0J5401028
HONDAPOWER,EQ,2103.4,2124.9,2089.1,2119.7,2124.9,2090.8,2808,5928781.80,29-Jul-2026,480,INE634A01018
HONAUT,EQ,37530,41495,37480,40105,40200,37510,55510,2239329135.00,29-Jul-2026,23180,INE671A01010
HDIL,BZ,1.66,1.69,1.65,1.65,1.69,1.66,89420,148772.07,29-Jul-2026,148,INE191I01012
HPAL,EQ,33.69,33.69,32.65,32.75,33,32.51,17700,579990.52,29-Jul-2026,329,INE0GSL01024
HPTL,SM,298.5,299.65,298.5,299.65,299.65,285.4,15600,4668270.00,29-Jul-2026,14,INE0VA601019
HPL,EQ,334,338.95,334,336.25,336,334.25,63914,21470925.85,29-Jul-2026,2215,INE495S01016
HRHNEXT,SM,27.05,27.05,27.05,27.05,27.05,27.05,1500,40575.00,29-Jul-2026,1,INE0R3501012
HSBCGOLD,EQ,123.44,123.58,122.5,123.2,123.2,122.83,344,42395.09,29-Jul-2026,21,INF336L01RX2
HUDCO,EQ,196.22,198.98,194.75,195.21,195,194.45,2302330,452781985.48,29-Jul-2026,25776,INE031A01017
HTMEDIA,EQ,25,25.19,24.5,24.8,24.5,24.88,57912,1441401.55,29-Jul-2026,331,INE501G01024
HUBTOWN,EQ,191,193.09,189.45,191.52,191.6,189.62,336704,64477517.11,29-Jul-2026,3693,INE703H01016
HUHTAMAKI,EQ,301,303,290.67,296.89,297.5,298.51,803338,238263519.08,29-Jul-2026,11985,INE275B01026
HYBRIDFIN,BE,18.12,18.54,18.03,18.54,18.54,18.03,4272,78413.89,29-Jul-2026,31,INE965B01022
HYUNDAI,EQ,2000,2011.9,1971,1992.9,1991,2001.9,327236,650564866.20,29-Jul-2026,15581,INE0V6F01027
IGPL,EQ,468,468,460,463.5,462,463,13386,6205699.30,29-Jul-2026,1162,INE204A01010
IBLFL,SM,61,61.05,61,61.05,61.05,61,4000,244100.00,29-Jul-2026,2,INE0O7401018
ICELCO,SM,150,157.5,145.55,156,156,149.8,75600,11717940.00,29-Jul-2026,61,INE0XE501015
ICDSLTD,EQ,41.5,41.5,39.06,41.34,39.22,39.46,3466,141141.40,29-Jul-2026,24,INE613B01010
ICEMAKE,EQ,852.55,860.15,804.05,807.95,806,855.8,49706,40734514.05,29-Jul-2026,4033,INE520Y01019
ICICIBANK,EQ,1442.5,1448.5,1428.5,1437.9,1437.8,1430.8,10856166,15614604535.70,29-Jul-2026,155779,INE090A01021
ICICIGI,EQ,1699,1699.7,1643,1648.8,1647,1683.8,605476,1003547495.30,29-Jul-2026,29462,INE765G01017
LOWVOLIETF,EQ,22.39,22.72,22.39,22.66,22.63,22.4,6103689,138396075.36,29-Jul-2026,1324,INF109KC19U5
ICICIPRULI,EQ,510.1,513.4,507.55,511.65,512.8,510.1,475310,242931222.15,29-Jul-2026,11687,INE726G01019
MIDSELIETF,EQ,19.5,19.63,19.44,19.49,19.44,19.5,136822,2668250.88,29-Jul-2026,505,INF109KC10W0
NIF100IETF,EQ,28.54,28.54,28.08,28.17,28.1,27.85,116527,3284181.16,29-Jul-2026,673,INF109KC16V9
NIFTYIETF,EQ,275.15,275.15,272.38,274.41,274.3,272.28,577808,158457857.83,29-Jul-2026,5535,INF109K012R6
SENSEXIETF,EQ,889.22,893.31,886.57,891.4,892.49,882.49,62680,55793562.71,29-Jul-2026,416,INF346A01034
ICICIAMC,EQ,3121.1,3140,3095.2,3110.7,3101,3113.7,173664,541457803.70,29-Jul-2026,16183,INE346A01027
GOLDIETF,EQ,121.21,121.35,120.6,121.1,121.1,120.99,3087152,373902017.92,29-Jul-2026,16852,INF109KC1NT3
NV20IETF,EQ,13.89,13.89,13.45,13.69,13.7,13.56,385592,5272052.40,29-Jul-2026,1239,INF109KC11V0
ICICIB22,EQ,111.83,115.7,111.83,115.25,115.33,114.7,260991,30106211.37,29-Jul-2026,2085,INF109KB15Y7
CASHIETF,EQ,1072.88,1072.9,1072.88,1072.89,1072.9,1072.75,393715,422415098.63,29-Jul-2026,225,INF109K1A021
EVIETF,EQ,32.49,32.49,31.95,32.15,32.2,32.04,135857,4365898.50,29-Jul-2026,459,INF109K1A153
GSEC10IETF,EQ,265.45,265.45,264.01,264.01,264.01,264,158,41746.70,29-Jul-2026,5,INF109KC18O0
BSE500IETF,EQ,39,39.48,39,39.36,39.35,39.06,110247,4338967.37,29-Jul-2026,564,INF109KC1V59
GSEC5IETF,EQ,65.82,66.5,65.82,66.23,66.23,65.66,9643,637962.32,29-Jul-2026,24,INF109KC14A8
ALPL30IETF,EQ,28.66,28.66,27.68,28.13,28.13,27.97,421651,11863596.71,29-Jul-2026,636,INF109KC17V7
AUTOIETF,EQ,29.1,29.1,28.72,28.83,28.83,28.8,821574,23712220.66,29-Jul-2026,1805,INF109KC10V2
PVTBANIETF,EQ,27.65,27.87,27.6,27.83,27.83,27.54,1743914,48353131.36,29-Jul-2026,1310,INF109KC18U7
COMMOIETF,EQ,99.36,100.08,98.85,99.99,100,98.87,65223,6505585.45,29-Jul-2026,1426,INF109KC19O8
CONSUMIETF,EQ,123.7,124.7,123.05,124.32,123.05,123.27,19624,2440724.99,29-Jul-2026,210,INF109KC1V42
FMCGIETF,EQ,52.69,53.45,52.63,53.27,53.24,52.43,1384693,73765990.42,29-Jul-2026,2399,INF109KC19V3
INFRAIETF,EQ,95.6,96.05,95.3,95.84,95.3,95.17,82069,7867048.02,29-Jul-2026,1977,INF109KC16E5
LIQUIDIETF,EQ,1000,1000.01,999.99,999.99,999.99,999.99,183274,183273130.47,29-Jul-2026,224,INF109KC1KT9
MIDCAPIETF,EQ,23.98,23.98,23.79,23.89,23.9,23.79,1674671,39978817.08,29-Jul-2026,1598,INF109KC11W8
MOM30IETF,EQ,30.59,30.78,30.57,30.68,30.71,30.57,2105783,64652548.01,29-Jul-2026,1901,INF109KC17C7
NEXT50IETF,EQ,77.35,77.35,76.1,76.44,76.47,76.08,634810,48484016.63,29-Jul-2026,3198,INF109KC1NS5
HEALTHIETF,EQ,169.13,171.89,169.13,171.39,171.64,169.13,87586,14957030.29,29-Jul-2026,1152,INF109KC1Q72
QUAL30IETF,EQ,21.36,21.46,21.3,21.4,21.37,21.19,157492,3369496.03,29-Jul-2026,242,INF109KC18V5
SILVERIETF,EQ,216.94,217.13,214.85,215.76,215.68,215.28,1828947,395150451.74,29-Jul-2026,12228,INF109KC1Y56
ITIETF,EQ,34.48,34.9,34.24,34.56,34.4,33.78,3682663,127523726.17,29-Jul-2026,3110,INF109KC16I6
BANKIETF,EQ,58.89,58.89,58.45,58.69,58.7,58.29,170495,10003859.31,29-Jul-2026,1169,INF109KC15I8
METALIETF,EQ,12.46,12.79,12.46,12.75,12.78,12.46,7932541,100722242.10,29-Jul-2026,6982,INF109KC19W1
OILIETF,EQ,10.95,11.29,10.95,11.24,11.25,11.24,1195369,13436156.94,29-Jul-2026,2145,INF109KC18W3
PSUBNKIETF,EQ,84.31,84.88,84.1,84.27,84.5,84.19,65050,5492868.13,29-Jul-2026,577,INF109KC10S8
SMALLIETF,EQ,17.89,18.03,17.86,17.98,18.02,17.81,22989,412156.19,29-Jul-2026,97,INF109K1A476
TOP15IETF,EQ,9.92,9.98,9.92,9.95,9.96,9.82,148440,1477755.10,29-Jul-2026,207,INF109K1A344
VAL30IETF,EQ,15.31,15.45,15.23,15.37,15.32,15.24,201136,3087134.65,29-Jul-2026,338,INF109KC16X5
FINIETF,EQ,32.57,32.79,32.53,32.77,32.78,32.43,218093,7130136.25,29-Jul-2026,756,INF109KC17L8
ICRA,EQ,4725,4840,4725,4775.5,4770,4712.5,29570,141675041.50,29-Jul-2026,4100,INE725G01011
IDBI,EQ,85.1,85.53,83.89,84.14,84.16,85.37,4781984,404832706.39,29-Jul-2026,17261,INE008A01015
IDEAFORGE,BE,847.95,858.9,846,848.5,850.1,847.95,83263,70725235.55,29-Jul-2026,3970,INE349Y01013
IDEALTECHO,SM,168.4,199,168.4,184,184,185,4000,734700.00,29-Jul-2026,8,INE0T9I01011
IDENTICAL,SM,17.3,17.45,17.25,17.35,17.35,19,10000,173200.00,29-Jul-2026,5,INE0TD101011
IDFCFIRSTB,EQ,85.75,86.1,84.57,85.02,85,85.75,19050886,1626808992.35,29-Jul-2026,56654,INE092T01019
IFBAGRO,BE,990.1,1016.85,975.05,988.55,985.1,1026.35,8260,8210238.50,29-Jul-2026,304,INE076C01018
IFBIND,EQ,1315.7,1337.4,1313,1331.3,1328.7,1312.6,32619,43207863.50,29-Jul-2026,4051,INE559A01017
IFCI,EQ,69,71.79,68.43,71.3,71.49,68.52,19026984,1346761879.61,29-Jul-2026,54943,INE039A01010
IFGLEXPOR,EQ,195,202.18,193.07,196.14,198.99,195.44,36525,7210072.22,29-Jul-2026,1118,INE133Y01011
1225IFL27,N0,7799,7799,7513.56,7513.56,7513.56,7799,11,82934.60,29-Jul-2026,2,INE01XO07017
1225IFL28,N0,7450,7460,7450,7460,7460,7450,2,14910.00,29-Jul-2026,2,INE01XO07025
IGARASHI,EQ,448.5,461.15,448.5,455.85,453.1,447.05,60191,27365649.60,29-Jul-2026,2934,INE188B01013
852IIFL29,Y5,990,990,990,990,990,961,100,99000.00,29-Jul-2026,1,INE530B07591
865IIFL31,Y6,988,998,988,998,998,984.77,186,183868.00,29-Jul-2026,10,INE530B07633
9IIFL31,Y9,1000,1000,1000,1000,1000,1001,433,433000.00,29-Jul-2026,13,INE530B07609
960IIFL30,Y2,1048.78,1049,1024,1049,1049,1002,2000,2085642.84,29-Jul-2026,5,INE530B07484
IIFLCAPS,EQ,336.4,337.9,334.8,335.85,335.55,336.3,476260,160004460.75,29-Jul-2026,7681,INE489L01022
IIFL,EQ,585.85,602.3,579.2,595.1,591.5,582.35,2448855,1458025734.75,29-Jul-2026,52379,INE530B01024
IIFL06326,YC,974,974,974,974,974,982.78,10,9740.00,29-Jul-2026,1,INE530B07641
IKIO,EQ,206.7,210,202.61,204.7,203.5,207.53,186351,38251571.94,29-Jul-2026,2643,INE0LOJ01019
IL&FSENGG,BZ,32.5,33.84,32.5,33.84,33.84,32.23,30910,1040297.30,29-Jul-2026,65,INE369I01014
IVC,EQ,8.26,8.32,8.16,8.24,8.24,8.22,76273,629293.83,29-Jul-2026,516,INE050B01023
IL&FSTRANS,BZ,2.2,2.22,2.09,2.2,2.21,2.2,17588,37334.67,29-Jul-2026,74,INE975G01012
IMAGICAA,EQ,46.16,46.73,45.65,46.08,45.9,46.29,392358,18123153.46,29-Jul-2026,1767,INE172N01012
INCREDIBLE,EQ,33.03,33.94,32.55,33.01,32.55,33.44,1808,60021.81,29-Jul-2026,43,INE452L01012
IMPAL,EQ,1097.9,1133.9,1080,1102.6,1118.8,1114.6,2392,2632991.50,29-Jul-2026,434,INE547E01014
INDSWFTLAB,EQ,238,238,220,223.58,225.99,236.31,745058,168255119.90,29-Jul-2026,9304,INE915B01019
INDTERRAIN,EQ,29,29,28.02,28.51,28.35,28.3,37503,1063304.81,29-Jul-2026,140,INE611L01021
INDBANK,EQ,33.15,33.15,32.3,32.55,32.53,32.6,23955,780184.32,29-Jul-2026,262,INE841B01017
BAJAJINDEF,EQ,229.2,236,229.2,234.8,236,229.2,17283,4041135.50,29-Jul-2026,562,INE0O9T01021
INDGN,EQ,507.1,524.9,507.1,523.6,523.2,508.5,206225,107107138.15,29-Jul-2026,10380,INE065X01017
INDIAGLYCO,EQ,1147.9,1161.05,1140.6,1143.95,1143.8,1147.9,73111,83992403.50,29-Jul-2026,5227,INE560A01023
INDNIPPON,EQ,1171.2,1186.7,1161.2,1171.9,1166,1163.1,14637,17191379.90,29-Jul-2026,2109,INE092B01025
IPL,EQ,151.45,153.9,150.9,152.73,153,151.11,139686,21233934.99,29-Jul-2026,1962,INE0D6701023
INDIASHLTR,EQ,732.7,736.85,720,724.7,723,728.5,319214,231118634.05,29-Jul-2026,12831,INE922K01024
ITDC,EQ,717.35,734.4,714.35,719.5,719.95,717.35,213617,154378874.15,29-Jul-2026,11174,INE353K01014
IBULLSLTD,BE,28.55,29.49,28.13,28.13,28.13,29.61,5757040,163319551.29,29-Jul-2026,7050,INE126M01010
INDIAMART,EQ,1764,1764,1736.1,1751,1754.9,1743,137081,240051356.30,29-Jul-2026,24634,INE933S01016
INDIANB,EQ,834.25,839.15,826.05,827.7,826.05,834.25,772928,643413231.10,29-Jul-2026,27635,INE562A01011
INDIANCARD,EQ,223.04,227.98,220,222.59,222,223.04,25481,5641059.60,29-Jul-2026,596,INE061A01014
IEML,SM,43.5,43.5,42.25,42.85,43,42.2,8500,364025.00,29-Jul-2026,17,INE0RRU01016
IEX,EQ,132.96,134.76,131.8,134.19,134,132.11,8086757,1079240709.18,29-Jul-2026,52445,INE022Q01020
INDIANHUME,EQ,377,395.9,372.4,393.85,395.5,375,177726,69238348.10,29-Jul-2026,5118,INE323C01030
IMFA,EQ,1361.4,1391.9,1342.1,1372.7,1377.8,1344.6,108837,148502087.50,29-Jul-2026,9725,INE919H01018
IOC,EQ,141.35,141.77,139.55,140.11,140,141.28,7526333,1054935259.53,29-Jul-2026,50336,INE242A01010
IOB,EQ,34,34.07,33.72,33.79,33.8,33.84,1478850,50041950.57,29-Jul-2026,9470,INE565A01014
IPHL,SM,82.8,84.25,70,72.25,70,78.1,192000,15233100.00,29-Jul-2026,155,INE0DHF01018
IRCTC,EQ,486.95,498.4,486.95,496,496.3,485.95,844855,417442123.55,29-Jul-2026,26256,INE335Y01020
IRFC,EQ,87.4,89.64,87.35,89.13,89.45,87.15,10298238,915239942.69,29-Jul-2026,44329,INE053F01010
IREDA,EQ,120.48,121.47,120,120.82,120.82,120.49,3240985,391407227.55,29-Jul-2026,19491,INE202E01016
IWP,EQ,34.5,34.5,32.64,33.05,33.22,32.98,1417,47070.92,29-Jul-2026,25,INE586E01020
INDIFRA,SM,11.45,11.45,11.45,11.45,11.45,11.95,4000,45800.00,29-Jul-2026,2,INE0PS301014
INDIGOPNTS,EQ,1066.6,1109.9,1066.6,1102.3,1100,1066.6,73919,80924470.50,29-Jul-2026,9574,INE09VQ01012
INDIGRID,IV,178.94,179.18,177.51,178.32,178.96,177.68,461409,82225754.06,29-Jul-2026,9134,INE219X23014
INDIQUBE,EQ,178.75,185.48,176.01,179.79,181.5,177.52,44219,7958255.70,29-Jul-2026,1228,INE06ST01018
INDOAMIN,BE,125.61,129.65,125.61,128.37,128,127.72,14002,1789138.36,29-Jul-2026,152,INE760F01028
INDOBORAX,EQ,396,398.9,380.9,384.6,384,395.55,136177,52807266.10,29-Jul-2026,4789,INE803D01021
ICIL,EQ,414.8,415,403.3,412.9,411.85,410.75,186143,76570541.75,29-Jul-2026,7941,INE483B01026
INDOFARM,EQ,153.11,156.73,153.1,155.06,155.01,152.11,145355,22536428.09,29-Jul-2026,2357,INE622H01018
INDORAMA,EQ,49.5,54.24,49.5,53.24,53.61,49.42,632024,33108474.57,29-Jul-2026,3417,INE156A01020
INDOTECH,BE,3475,3492,3339.1,3463.8,3480,3467.3,8787,30061739.10,29-Jul-2026,758,INE332H01014
INDOTHAI,EQ,223,234.89,217,217.94,217.6,220.51,6586147,1461463178.29,29-Jul-2026,26393,INE337M01021
INDOUS,EQ,84.8,85.9,82.27,84.76,84,84.1,34982,2963171.27,29-Jul-2026,452,INE250Z01010
NIPPOBATRY,EQ,320.5,339.3,320.5,325.15,327,329.4,7123,2343192.30,29-Jul-2026,324,INE567A01028
INDOCO,EQ,231,235.7,223,225.05,223,228.05,357016,82105042.61,29-Jul-2026,7961,INE873D01024
IGCL,EQ,73.1,79,72.86,77.63,78.99,73.03,234409,18000065.34,29-Jul-2026,1412,INE05J901018
WAAREEINDO,EQ,315.05,324.5,307,310.95,311.4,318.9,119077,37449868.10,29-Jul-2026,3655,INE866K01023
INDOSTAR,EQ,268.6,292,257.6,274.7,266.2,269.75,1205846,331250960.00,29-Jul-2026,35929,INE896L01010
INDOWIND,BE,9.22,9.34,9.01,9.23,9.19,9.22,48572,445068.41,29-Jul-2026,187,INE227G01018
IGL,EQ,150.01,153.39,150.01,152.91,152.7,150.7,898213,136691058.47,29-Jul-2026,13494,INE203G01027
INDRAMEDCO,EQ,370.25,371.75,360.95,362.7,363.4,369.3,447874,163269836.95,29-Jul-2026,5666,INE681B01017
INDUSINVIT,IV,131.75,131.75,129.94,131.15,131.1,130.8,73239,9565744.28,29-Jul-2026,3945,INE0NHL23019
INDUSTOWER,EQ,385.35,389.4,380.6,386.15,386.3,381.6,3522014,1355795498.90,29-Jul-2026,44538,INE121J01017
INDUSINDBK,EQ,995.05,1015,993.55,1012.3,1011.2,991.95,1232625,1241286253.60,29-Jul-2026,41164,INE095A01012
INDPRUD,EQ,6420,6600,6420,6501,6501,6500,63,412052.00,29-Jul-2026,20,INE620D01011
IITL,EQ,134.99,137,132,136.02,137,131.33,92986,12551355.92,29-Jul-2026,563,INE886A01014
INFINIUM,SM,209.7,209.7,206,206,206,206.05,1500,310850.00,29-Jul-2026,3,INE0MRE01011
INFLUX,SM,290,297,288,297,297,290,10800,3167820.00,29-Jul-2026,18,INE0MYZ01012
NAUKRI,EQ,1249.9,1268.9,1237.15,1247.85,1248.9,1236.15,1977359,2477139659.85,29-Jul-2026,88126,INE663F01032
INFOBEAN,EQ,168.8,172.9,167.5,168.6,168.4,168.13,660676,112528628.45,29-Jul-2026,10747,INE344S01016
INFOLLION,SM,161.9,162.4,159.15,160,160,161.9,10000,1611900.00,29-Jul-2026,17,INE0NNZ01013
INFOMEDIA,EQ,5.16,5.58,5.16,5.41,5.34,5.42,6514,35450.47,29-Jul-2026,56,INE669A01022
INFY,EQ,1147,1164.5,1128.4,1155.6,1153.5,1105.7,34400369,39642172401.80,29-Jul-2026,459638,INE009A01021
INGERRAND,EQ,4230.4,4323.2,4230.4,4285,4275,4255,4114,17647883.70,29-Jul-2026,1112,INE177A01018
INNOMET,ST,173.4,173.4,173.4,173.4,173.4,176.9,91800,15918120.00,29-Jul-2026,71,INE0S1D01010
INNOVACAP,EQ,963.9,974.7,959.35,968.65,970.9,957.25,23306,22520847.55,29-Jul-2026,2587,INE0DUT01020
INNOVANA,EQ,342.25,344.9,326.1,330.85,326.1,335.9,741,247887.85,29-Jul-2026,243,INE403Y01018
ITTL,ST,67.9,67.9,67.9,67.9,67.9,69.25,315,21388.50,29-Jul-2026,2,INE070Y01023
INNOVISION,EQ,283.25,284.9,281,282.15,283,283.25,9342,2640017.65,29-Jul-2026,481,INE0ADB01012
INOXGREEN,EQ,194.68,195.53,180.12,182.55,182.9,194.68,3301425,608214434.76,29-Jul-2026,30732,INE510W01014
INOXINDIA,EQ,1914.4,1927.9,1866,1881.8,1900,1896.1,209899,395370715.00,29-Jul-2026,18903,INE616N01034
INOXWIND,EQ,76.94,78.88,76.1,76.6,76.8,75.94,24060517,1860350057.13,29-Jul-2026,63146,INE066P01011
INSECTICID,EQ,627.3,639.35,625.1,629.15,627,629.45,12743,8068748.40,29-Jul-2026,2814,INE070I01018
INA,EQ,111.94,112.44,110.95,111.73,111.9,110.94,279634,31220082.74,29-Jul-2026,2826,INE0LGX01024
INSPIRISYS,BE,104.97,104.97,98,98.32,99.97,101.47,3146,312008.77,29-Jul-2026,43,INE020G01017
ESSENTIA,BE,1.06,1.07,1.04,1.05,1.05,1.06,1441638,1525187.32,29-Jul-2026,712,INE418N01035
INTEGRITY,ST,160,160.5,160,160.5,160.5,160.5,37200,5956800.00,29-Jul-2026,4,INE0YSH01017
INTELLECT,EQ,728,735.35,716.05,720,719,724.25,654980,474398357.70,29-Jul-2026,20587,INE306R01017
INTENTECH,EQ,89.72,90,87.01,88.71,89.4,87.71,246890,21736563.40,29-Jul-2026,398,INE781A01025
INTERARCH,EQ,1816.7,1836.2,1795,1799.9,1795.1,1816.7,19745,35762223.60,29-Jul-2026,3102,INE00M901018
INDIGO,EQ,5280,5300,5205,5276.5,5279,5270.5,668162,3515674093.00,29-Jul-2026,56642,INE646L01027
INM,SM,187,192.95,180,180,180,187,9000,1663200.00,29-Jul-2026,14,INE0OPC01015
INTLCONV,EQ,74.78,76.59,73.5,74.57,74.94,74.78,37708,2815407.67,29-Jul-2026,856,INE575C01027
IGIL,EQ,329.1,348.1,326,347,347.95,328.75,1409315,478484539.45,29-Jul-2026,28028,INE0Q9301021
ISFT,EQ,79.98,84.5,76.51,79.29,78.25,78.88,24976,1958567.78,29-Jul-2026,310,INE566K01011
INVENTURE,EQ,0.92,0.93,0.91,0.91,0.92,0.92,577383,530232.56,29-Jul-2026,281,INE878H01024
IKS,EQ,1819,1841.4,1809.9,1819.2,1817,1819.6,47133,86168845.60,29-Jul-2026,6508,INE115Q01022
IVZINGOLD,EQ,122.75,123.3,122.05,122.95,123,122.2,34200,4198618.25,29-Jul-2026,174,INF205KA1BP1
IVZINNIFTY,EQ,2768,2780.73,2760.58,2778.13,2776.93,2754.23,214,594268.32,29-Jul-2026,62,INF205K01DA9
INVPRECQ,BE,1050,1062,1000,1012.4,1018,1015,7859,8139390.50,29-Jul-2026,252,INE155E01016
INVICTA,ST,66,67,66,66.75,67,66,14400,960000.00,29-Jul-2026,7,INE0XJ501010
IOLCP,EQ,148,150.48,146.31,147.35,147.55,147.15,970921,143717645.47,29-Jul-2026,8549,INE485C01029
IONEXCHANG,EQ,418.75,426.85,418.5,423.9,423.8,418.75,239537,101604322.30,29-Jul-2026,10087,INE570A01022
IPCALAB,EQ,1780.1,1808,1760,1774.5,1774.2,1789,155850,277095644.30,29-Jul-2026,17697,INE571A01038
IRB,EQ,19.65,20.16,19.5,19.98,19.99,19.45,9542643,189895971.68,29-Jul-2026,21295,INE821I01022
IRBINVIT,IV,62.1,62.17,61.51,62.06,62.1,62.1,1245214,77091535.47,29-Jul-2026,5544,INE183W23014
IRCON,EQ,125,128.27,125,126.67,126.58,124.52,1545863,196197357.15,29-Jul-2026,14915,INE962Y01021
IRISDOREME,EQ,49.04,53,47,49.35,48.51,48.32,1649151,81725122.82,29-Jul-2026,7739,INE01GN01025
IRIS,EQ,241.45,250,240.75,248.4,248.9,237.9,35851,8826006.90,29-Jul-2026,1010,INE864K01010
IRMENERGY,EQ,255.95,259.7,255,256.45,257.7,255.95,40543,10431086.75,29-Jul-2026,1232,INE07U701015
920ISF28B,N0,9860.1,9860.1,9847.48,9847.48,9847.48,9909.56,2,19707.58,29-Jul-2026,2,INE413U07459
950ISF27C,N0,10015,10015,10015,10015,10015,9910,8,80120.00,29-Jul-2026,3,INE413U07426
ISGEC,EQ,851.4,862,845.05,853.25,860,845.7,15933,13560166.45,29-Jul-2026,1947,INE858B01029
ISHANCH,EQ,50.5,52.4,50.5,51.84,51.25,51.58,6190,320243.95,29-Jul-2026,74,INE561M01018
ITALIANE,SM,31.9,31.9,31.5,31.5,31.5,31.85,4000,126800.00,29-Jul-2026,2,INE0R7R01018
ITCHOTELS,EQ,161.48,164.34,161.19,163.02,162.85,161.01,1769261,288040942.05,29-Jul-2026,32124,INE379A01028
ITC,EQ,285.6,289.05,284.15,286.25,286.1,284.65,19030590,5464277271.60,29-Jul-2026,241335,INE154A01025
ITI,EQ,273.4,278.5,271.5,277.15,277,273.4,177601,49036933.80,29-Jul-2026,4372,INE248A01017
IVALUE,EQ,286.9,288.6,280.8,284.55,286,284.45,373123,106299823.20,29-Jul-2026,8030,INE056801025
IVP,BE,154.5,158.5,149.85,151.29,156,152.51,9208,1406796.12,29-Jul-2026,156,INE043C01018
IWARE,ST,474,485,465.35,466.1,466.1,466.15,9000,4288350.00,29-Jul-2026,15,INE1AII01014
IZMO,EQ,1095.9,1108.6,1051,1055.4,1060,1095.9,72997,78076950.60,29-Jul-2026,5364,INE848A01014
J&KBANK,EQ,178.7,182.29,153.2,154.63,155,177.3,36982212,5945870960.11,29-Jul-2026,239013,INE168A01041
JGCHEM,EQ,506,515,500.75,502.6,502.55,506.95,90334,45812912.85,29-Jul-2026,4113,INE0MB501011
JAGRAN,EQ,62.23,63.16,62,62.55,62.4,62.17,224462,14061120.28,29-Jul-2026,3040,INE199G01027
JAGSNPHARM,EQ,224.55,231.9,223.21,230.5,229,224.06,77095,17599945.26,29-Jul-2026,2318,INE048B01035
JAIBALAJI,BE,60.35,61.5,59.5,61.13,61.4,60.54,261098,15826080.92,29-Jul-2026,715,INE091G01026
JAICORPLTD,EQ,101.4,102.49,100.7,101.76,102.49,100.37,189579,19271980.29,29-Jul-2026,2706,INE070D01027
JISLDVREQS,EQ,21.7,23,21.51,22,22.2,22,20504,456698.49,29-Jul-2026,136,IN9175A01010
JISLJALEQS,EQ,30.43,30.57,29.99,30.13,30.1,30.07,1202432,36288419.19,29-Jul-2026,3514,INE175A01038
JAINREC,EQ,341,345.6,333.8,335.35,335.85,337.95,858463,291379199.00,29-Jul-2026,18793,INE0YD401026
JAINAM,SM,240,240,240,240,240,246.75,8000,1920000.00,29-Jul-2026,5,INE02KC01010
JAINIK,SM,180,180.1,180,180.05,180.1,180,3600,648120.00,29-Jul-2026,3,INE0XIL01012
JPPOWER,EQ,16.93,17.16,16.89,17.04,17.11,16.92,25289247,430145680.91,29-Jul-2026,20442,INE351F01018
JALAN,ST,1.6,1.6,1.6,1.6,1.6,1.6,6000,9600.00,29-Jul-2026,1,INE349X01015
JAMNAAUTO,EQ,131.98,133.51,131.55,131.97,131.65,131.9,602751,79789523.87,29-Jul-2026,10519,INE039C01032
JSFB,EQ,534.7,581,527.2,572.35,573,531.1,3307725,1834370155.55,29-Jul-2026,63988,INE953L01027
JARO,EQ,485.9,490.3,475,476.45,477,485.15,91471,44059737.95,29-Jul-2026,2532,INE00YJ01010
JASH,EQ,509.7,509.7,492.5,494.55,495.7,507.5,99535,49550817.25,29-Jul-2026,3591,INE039O01029
JAYBEE,SM,90,92,87,88.25,89.7,90,18500,1646975.00,29-Jul-2026,31,INE0SMY01017
JAYBARMARU,EQ,161.48,166,153,153,153,161.05,782043,122042520.24,29-Jul-2026,9072,INE571B01036
KORE,SM,181,193.5,168.1,177.9,180,180,35500,6295487.50,29-Jul-2026,81,INE0J6801010
JAYAGROGN,EQ,226.37,231.59,221.66,224.29,223.7,230.1,13203,2985560.42,29-Jul-2026,835,INE785A01026
JAYNECOIND,EQ,89,90,88.44,88.81,88.9,88.36,2702271,240806513.78,29-Jul-2026,17418,INE854B01010
JAYESH,SM,130.1,134.95,130.1,134,134,130,8000,1069050.00,29-Jul-2026,3,INE1AE401014
JAYKAY,EQ,162.85,163.79,160,160.65,160.25,161.65,61534,9931070.51,29-Jul-2026,1782,INE903A01025
JAYSREETEA,EQ,81.01,82.7,80.8,82.56,82.69,80.95,31592,2593715.24,29-Jul-2026,275,INE364A01020
JBMA,EQ,662,679.7,660.1,676,678.75,659.05,238674,160387258.80,29-Jul-2026,9056,INE927D01051
JSLL,EQ,569,582.95,562,564.9,566,564.45,621946,353945292.60,29-Jul-2026,14796,INE0J5801029
JETFREIGHT,EQ,24.34,24.34,19.56,21.22,20.7,23.88,751872,16145820.33,29-Jul-2026,1538,INE982V01025
JEYYAM,ST,25,25,23.75,24.85,24.8,25,36000,873900.00,29-Jul-2026,18,INE0RXB01022
JFLLIFE,SM,12.25,12.35,12.25,12.35,12.35,11.8,18000,221700.00,29-Jul-2026,3,INE0LA901015
JHS,EQ,7.35,7.86,7.31,7.47,7.64,7.57,39814,299041.58,29-Jul-2026,146,INE544H01014
RETAIL,EQ,16.79,17.13,16.36,16.62,16.62,16.79,1214,20189.59,29-Jul-2026,29,INE03DD01011
JPOLYINVST,EQ,1026.8,1046,1026.8,1044.5,1045,1030.6,2081,2162088.30,29-Jul-2026,261,INE147P01019
JINDRILL,EQ,585.9,589.25,576,578.05,582.95,583.9,96028,55877774.55,29-Jul-2026,4036,INE742C01031
JINDALPHOT,EQ,1061.7,1094.9,1053,1063.1,1068,1057.1,2864,3048790.80,29-Jul-2026,408,INE796G01012
JINDALPOLY,EQ,642,642.95,631.05,636.95,637,630.1,4723,2999557.25,29-Jul-2026,462,INE197D01010
JINDALSAW,EQ,259,260.6,255.1,257.6,256.8,257.15,570314,146751067.80,29-Jul-2026,14002,INE324A01032
JSL,EQ,733,739.4,725.65,728.5,728.65,724.3,250436,183316776.55,29-Jul-2026,12898,INE220G01021
JINDALSTEL,EQ,1054.4,1099.9,1054.2,1088.7,1088.8,1054.4,1960722,2134453499.00,29-Jul-2026,45920,INE749A01030
JINDWORLD,EQ,38.91,39,37.15,38.16,37.88,39.03,6721023,257292306.70,29-Jul-2026,16198,INE247D01039
JKIPL,BE,99.9,101.7,95.25,100.62,98.64,97.76,9714,968331.22,29-Jul-2026,149,INE1FF001016
JIOFIN,EQ,238,253.9,237.51,249.48,248.75,237.08,48984683,12118843040.01,29-Jul-2026,196580,INE758E01017
JITFINFRA,EQ,347,357.3,340.1,353.3,352.55,340.75,19296,6722233.60,29-Jul-2026,874,INE863T01013
JKCEMENT,EQ,5645,5748,5611,5642,5632,5642.5,52330,297008657.50,29-Jul-2026,13140,INE823G01014
JKLAKSHMI,EQ,568.7,568.7,561.1,564.85,564,562.95,81911,46268189.05,29-Jul-2026,5597,INE786A01032
JKPAPER,EQ,393.85,396.65,386.4,388.55,387.05,394.7,442577,173371971.10,29-Jul-2026,12743,INE789E01012
JKTYRE,EQ,403.2,405.2,400.2,401.55,401.65,400.8,437482,175883414.25,29-Jul-2026,9677,INE573A01042
JKIL,EQ,482,485.45,480.2,481.35,480.75,480.95,50930,24541195.20,29-Jul-2026,1803,INE576I01022
JMFINANCIL,EQ,123.9,124.92,123,123.26,123.2,122.7,1147050,142042636.25,29-Jul-2026,9256,INE780C01023
JNKINDIA,EQ,464,470.5,453.3,457.9,459.55,466.55,157770,72706788.60,29-Jul-2026,3691,INE0OAF01028
JOCIL,BE,141.61,147.95,141.61,144.86,147.95,145,842,121106.42,29-Jul-2026,16,INE839G01010
COCKERILL,EQ,8802,8840,8531.5,8678,8698,8759.5,4562,39604070.50,29-Jul-2026,1527,INE515A01019
JSWCEMENT,EQ,134.22,135.71,131.8,132.46,132.75,134.22,2998961,397879493.37,29-Jul-2026,44468,INE718I01012
JSWDULUX,EQ,2929.8,3009.8,2929.8,2973.5,2956,2929.2,10735,31876923.30,29-Jul-2026,3131,INE133A01011
JSWENERGY,EQ,550,550.95,543.9,545.7,545.75,544.25,1361191,743667300.65,29-Jul-2026,33802,INE121E01018
JSWHL,EQ,11050,11199,10961,11163,11183,10981,1892,21004561.00,29-Jul-2026,968,INE824G01012
JSWINFRA,EQ,318.2,318.35,311.85,316.55,316,318.2,3228953,1017422586.90,29-Jul-2026,37005,INE880J01026
JSWSTEEL,EQ,1255.7,1279,1243.2,1276.6,1273.5,1246.9,1516573,1927860326.50,29-Jul-2026,39818,INE019A01038
JTEKTINDIA,EQ,135.89,136,133.32,134.29,134,135.17,123198,16607698.69,29-Jul-2026,2265,INE643A01035
JTLIND,EQ,72.25,74.5,71.56,73.68,73.61,71.73,912175,66977815.14,29-Jul-2026,5284,INE391J01032
JUBLCPL,EQ,1820,1871.9,1819.2,1840.6,1840,1811.5,2982,5497206.50,29-Jul-2026,339,INE03CC01015
JUBLFOOD,EQ,434,441.6,432.8,440.1,440.8,432.2,2657255,1164814683.85,29-Jul-2026,37502,INE797F01020
JUBLINGREA,EQ,730,746.15,727.8,738.1,734,726.35,232339,171463535.45,29-Jul-2026,13360,INE0BY001018
JUBLPHARMA,EQ,965,989.95,965,977.4,974.1,963.45,124630,122039149.90,29-Jul-2026,9946,INE700A01033
JMA,EQ,89,89,86.01,87.02,88,87.02,4102,360113.72,29-Jul-2026,102,INE412C01023
JUNIPER,EQ,194.02,198.15,194.02,197.09,197.5,194.95,52942,10414764.56,29-Jul-2026,1042,INE696F01016
JLHL,EQ,329.9,335,322.8,327.1,327,328.3,185119,60365609.90,29-Jul-2026,9966,INE682M01020
JWL,EQ,246,270,246,259.3,257,245.65,11669277,3076992891.85,29-Jul-2026,130494,INE209L01016
JUSTDIAL,EQ,736,777.75,730.1,753.7,749.95,728.3,1344499,1013307535.55,29-Jul-2026,34811,INE599M01018
JYOTHYLAB,EQ,204.25,208.82,203.89,206.19,206.05,203.72,739079,152696115.50,29-Jul-2026,17455,INE668F01031
JYOTICNC,EQ,810.3,824.6,801.1,822.8,820.5,806.45,620652,505963891.90,29-Jul-2026,19812,INE980O01024
JYOTIGLOBL,SM,34.7,34.7,34.65,34.65,34.65,35.3,4000,138700.00,29-Jul-2026,2,INE1M3T01017
JYOTISTRUC,EQ,10.87,11.05,10.75,10.95,11,10.74,2875463,31421139.32,29-Jul-2026,3649,INE197A01024
KMSUGAR,EQ,28.02,28.36,27.5,27.74,27.87,28.25,90263,2526393.25,29-Jul-2026,766,INE157H01023
KPEL,EQ,314.95,315.15,307.15,310.9,311,311.45,112466,35026926.90,29-Jul-2026,3497,INE127T01021
K2INFRA,ST,55.45,55.45,54.25,54.75,54.25,55.6,9600,526950.00,29-Jul-2026,15,INE0DEZ01013
KABRAEXTRU,EQ,399.2,399.2,384.05,390.15,388.4,399.3,97830,38011798.20,29-Jul-2026,3378,INE900B01029
KKJEWELS,SM,107.05,107.05,107,107,107,112,2000,214050.00,29-Jul-2026,2,INE0XOW01017
KAJARIACER,EQ,1213,1230.2,1200.2,1209.7,1208,1209.1,241578,293521000.20,29-Jul-2026,26979,INE217B01036
KAKATCEM,BE,117.52,122.88,117,120.18,120,117.17,1772,213559.33,29-Jul-2026,58,INE437B01014
KALANA,SM,18.45,18.5,17.5,18,18,18.75,18000,325000.00,29-Jul-2026,9,INE0T0L01014
KALPATARU,EQ,274.15,297.4,274.15,297.4,297.4,270.4,575121,167779363.10,29-Jul-2026,9057,INE227J01012
KPIL,EQ,1265.5,1309.9,1262.3,1303.4,1308,1265.5,114021,147764385.30,29-Jul-2026,14541,INE220B01022
KALYANKJIL,EQ,612,634.7,609.35,628.6,630.65,608.35,44160878,27523329287.50,29-Jul-2026,355035,INE303R01014
KALYANIFRG,EQ,612.4,612.4,596,603.85,603.6,606.5,582,352962.85,29-Jul-2026,47,INE314G01014
KICL,EQ,5377.5,5479.5,5370.5,5400.5,5439.5,5396.5,659,3569730.50,29-Jul-2026,194,INE029L01018
KSL,EQ,906.45,921.95,887.35,890.95,889.5,906.45,34792,31310501.95,29-Jul-2026,2829,INE907A01026
KAMAHOLD,EQ,2525.2,2577,2525.2,2538,2540.5,2521.2,1872,4755636.70,29-Jul-2026,379,INE411F01010
KAMATHOTEL,EQ,167.39,172.36,167.39,170.37,171.89,167.22,13705,2331566.70,29-Jul-2026,550,INE967C01018
KAMDHENU,BE,36.45,36.9,34.91,35.85,36.69,35.8,610815,21798157.17,29-Jul-2026,1149,INE390H01020
KAMOPAINTS,EQ,4.54,4.65,4.51,4.59,4.61,4.59,117276,537670.51,29-Jul-2026,398,INE0BTI01037
KANANIIND,EQ,1.49,1.5,1.47,1.48,1.5,1.49,57307,85360.13,29-Jul-2026,136,INE879E01037
KANCHI,BE,369,373,367,367.25,373,367.05,592,218420.10,29-Jul-2026,22,INE081G01019
KANDARP,SM,90,91,87,90,90,92.5,21000,1873400.00,29-Jul-2026,20,INE0MOT01016
KANORICHEM,BE,157.25,158.3,150,150.71,150,156.47,20928,3195263.23,29-Jul-2026,221,INE138C01024
KANPRPLA,EQ,217.6,223.58,210.96,215.33,215.79,217.52,29720,6496600.69,29-Jul-2026,1352,INE694E01014
KANSAINER,EQ,198.5,204.05,198.16,200.06,199.99,198.26,342149,68616508.99,29-Jul-2026,14544,INE531A01024
KAPSTON,EQ,456.6,466,450.05,461.25,461,449.85,33288,15308015.05,29-Jul-2026,1515,INE542Z01028
KARMAENG,EQ,38.11,38.89,37.26,37.47,38.31,38.03,1728,65540.53,29-Jul-2026,64,INE725L01011
KTKBANK,EQ,278.05,283,276.1,279,278.8,276.75,3157848,883350754.35,29-Jul-2026,26756,INE614B01018
KARNIKA,SM,114,114.9,111,113.2,113,114.9,20000,2265300.00,29-Jul-2026,18,INE0MGA01012
KARURVYSYA,EQ,341,342.75,338,340.1,339.65,338.4,1528804,520825397.20,29-Jul-2026,33493,INE036D01028
KAUSHALYA,BE,900,910,882,909.25,909.25,910,147,133208.35,29-Jul-2026,23,INE234I01028
KLL,SM,28.4,29.15,27.55,28.1,27.65,28.15,22400,628920.00,29-Jul-2026,22,INE0Q2V01012
KSCL,EQ,825,835.6,799.65,806.75,809.9,825.55,106809,87066549.70,29-Jul-2026,4794,INE455I01029
KAVDEFENCE,EQ,57.33,57.5,56,56.42,56.96,56.41,51932,2943587.04,29-Jul-2026,819,INE641C01019
KCEIL,SM,92.85,92.85,89.75,89.75,89.75,91.5,3500,317700.00,29-Jul-2026,7,INE0RCG01017
KAYA,EQ,283.58,288,280.2,283.12,280.2,284.46,13150,3727483.94,29-Jul-2026,353,INE587G01015
KAYNES,EQ,3271,3685,3270.2,3638.6,3655,3227.7,6028689,21447034183.40,29-Jul-2026,293233,INE918Z01012
KAYTEX,SM,57.8,59.05,57.1,57.1,57.1,57.5,7200,420120.00,29-Jul-2026,9,INE13ZD01013
KCK,SM,18.85,19.15,18,18.9,19,17.45,1087500,20094125.00,29-Jul-2026,200,INE0J1E01027
KCP,EQ,162.05,164,161.14,162.96,163,161.36,45763,7453609.26,29-Jul-2026,1029,INE805C01028
KCPSUGIND,EQ,30.6,33.33,30.26,32.56,32.6,30.91,1099257,35311060.04,29-Jul-2026,5204,INE790B01024
KDDL,EQ,3141.4,3167.2,3095.7,3124.9,3130,3124.7,8614,26990509.90,29-Jul-2026,1860,INE291D01011
KEC,EQ,467.35,479.8,463.3,477.55,476.4,466,1267329,599423112.65,29-Jul-2026,32266,INE389H01022
KEI,EQ,4850,4906,4815.5,4853.5,4847.5,4843,207369,1006620917.00,29-Jul-2026,26308,INE878B01027
KELLTONTEC,EQ,14.21,14.26,14.1,14.14,14.15,14.2,1121057,15877758.14,29-Jul-2026,2357,INE164B01030
KEN,SM,39.8,40.95,38,39.5,39.5,35.6,100800,3999000.00,29-Jul-2026,48,INE15DO01012
KENNAMET,EQ,2850.1,2896.8,2835.8,2875.8,2855,2886.3,10212,29328506.70,29-Jul-2026,1708,INE717A01029
KERNEX,EQ,2312,2312,2150,2196,2199.1,2282.4,167560,370238973.80,29-Jul-2026,14140,INE202H01019
KESORAMIND,BE,11.09,11.57,10.62,11.37,11.57,11.02,891997,9976182.41,29-Jul-2026,1080,INE087A01019
KKCL,EQ,497.7,509,496.25,508,507,497.2,18788,9467111.65,29-Jul-2026,831,INE401H01017
KEYFINSERV,EQ,255,267.95,255,258.78,260,258.49,1674,435718.35,29-Jul-2026,52,INE681C01015
RUSTOMJEE,EQ,412.85,412.85,403,406.05,403,409.45,23231,9435475.45,29-Jul-2026,1607,INE263M01029
KFINTECH,EQ,974,974,945.9,948.8,947.5,973.75,1199473,1147068253.30,29-Jul-2026,34798,INE138Y01010
KHADIM,BE,94.86,97,92,95.42,96.94,94.86,19856,1877962.85,29-Jul-2026,1952,INE834I01025
KHAITANLTD,BE,132,132,128.5,130,130,130,132,17125.25,29-Jul-2026,8,INE731C01018
KHAICHEM,EQ,48.89,49.31,47.72,48.15,48,48.08,112628,5434044.11,29-Jul-2026,695,INE745B01028
KHANDSE,EQ,16.65,18.5,16.65,17.49,17.75,16.75,6943,125237.18,29-Jul-2026,36,INE060B01014
KHFM,SM,44.5,45,44.15,44.95,44.95,45.35,9300,415090.00,29-Jul-2026,6,INE00UG01014
KLBRENG-B,EQ,441,444.75,433.5,435.8,436,442.15,57187,25076710.25,29-Jul-2026,1934,INE338F01015
KILITCH,BE,185.36,187,183,186.2,184.65,183.59,17713,3276797.16,29-Jul-2026,152,INE729D01010
KINGFA,EQ,4992,5084.5,4980,5050.5,5041,5016,3412,17195947.00,29-Jul-2026,1196,INE473D01015
KIOCL,EQ,350.5,366,349.95,361.35,358.35,348.7,82148,29480364.60,29-Jul-2026,4365,INE880L01014
KIRANVYPAR,EQ,200.95,203.88,195.31,196.19,196.25,201.52,1294,259007.63,29-Jul-2026,41,INE555P01013
KIRIINDUS,EQ,404.75,409.5,401.6,408.15,408.95,404,104365,42497061.70,29-Jul-2026,2347,INE415I01015
KIRLOSBROS,EQ,1861.6,1866.5,1840,1854.7,1855,1856.3,46508,86221243.70,29-Jul-2026,6886,INE732A01036
KECL,EQ,144,146.79,135.2,143.48,143,142.93,291161,40926994.63,29-Jul-2026,3117,INE134B01017
KIRLFER,EQ,479.45,480.95,472.3,474.2,472.3,478.45,28785,13678715.90,29-Jul-2026,2540,INE884B01025
KIRLOSIND,EQ,3777.8,3810,3755,3760.2,3756,3761.5,3950,14895398.70,29-Jul-2026,931,INE250A01039
KIRLOSENG,EQ,2203.1,2219.4,2166.1,2180.9,2180,2192.2,198346,433016869.10,29-Jul-2026,18572,INE146L01010
KIRLPNU,EQ,1448.8,1520.9,1448.8,1502.6,1490,1442.3,238245,355728816.00,29-Jul-2026,24682,INE811A01020
KITEX,EQ,145.53,147,145.27,146.02,146.56,145.03,261166,38136063.71,29-Jul-2026,3447,INE602G01020
KNAGRI,EQ,223.4,223.4,207,209.56,208,219.57,10499,2254110.33,29-Jul-2026,380,INE0KNW01016
KNACK,EQ,191,193.19,188,189.51,189,191,820796,156102936.42,29-Jul-2026,6929,INE17QZ01016
KMEW,EQ,2534,2737,2534,2679.8,2685,2516,446405,1197711846.40,29-Jul-2026,55203,INE0CJD01029
KRT,RR,118.11,119.78,118,118.32,118.9,118.4,287630,34129449.67,29-Jul-2026,2543,INE1JAR25012
KNRCON,EQ,120.4,122,120.4,121.3,120.8,120.39,299131,36319742.21,29-Jul-2026,5392,INE634I01029
KODYTECH,SM,1410.2,1425,1376.95,1401.7,1391,1404.9,10200,14290110.00,29-Jul-2026,95,INE0Q7P01013
KOHINOOR,EQ,22.8,23.16,22.5,22.86,22.92,22.81,37946,865546.78,29-Jul-2026,1113,INE080B01012
KOKUYOCMLN,EQ,86.7,86.7,83.31,84.63,84.9,85.27,20390,1734985.42,29-Jul-2026,666,INE760A01029
KOLTEPATIL,EQ,394.45,399.45,388,390.1,395,394.5,69752,27551809.35,29-Jul-2026,2668,INE094I01018
KONSTELEC,ST,63,63.5,62,62.5,62.5,62.7,9000,566100.00,29-Jul-2026,8,INE0QEI01011
KOPRAN,BE,197.2,201.6,189.38,191.64,191,199.34,108742,20960570.80,29-Jul-2026,995,INE082A01010
KDL,SM,111,111.95,110,111.95,111.95,110.85,21000,2325712.50,29-Jul-2026,78,INE0O4R01018
GOLD1,EQ,117.01,118.13,117.01,117.83,117.85,117.89,1598949,188326951.77,29-Jul-2026,7737,INF174KA1HJ8
KOTAKBANK,EQ,387,392.25,385.15,390.2,389.3,385.3,9190194,3577728639.65,29-Jul-2026,143697,INE237A01036
NIFTY1,EQ,266.16,269,266.16,268.72,268.2,266.16,58256,15638713.35,29-Jul-2026,925,INF174K014P6
PSUBANK,EQ,83.8,83.8,83.11,83.24,83.47,83.18,180721,15068935.55,29-Jul-2026,498,INF174KA1A86
CHEMICAL,EQ,30.54,30.74,30.16,30.37,30.45,30.16,212596,6456211.80,29-Jul-2026,794,INF174KA1XV0
ALPHA,EQ,51.03,51.65,50.89,51.58,51.6,51.03,860789,44216036.24,29-Jul-2026,1674,INF174KA1IA5
CONS,EQ,12.36,12.38,12.34,12.36,12.36,12.23,42067,519591.60,29-Jul-2026,102,INF174KA1ZF8
IT,EQ,34.1,34.87,33.79,34.56,34.4,33.79,1238440,42857992.80,29-Jul-2026,2191,INF174KA1GC5
LIQUID1,EQ,1116,1116,1115.66,1115.67,1115.66,1115.52,1212240,1352460482.54,29-Jul-2026,603,INF174KA1LV5
LOWVOL1,EQ,21.52,21.65,21.49,21.61,21.65,21.52,387537,8367958.94,29-Jul-2026,174,INF174KA1IY5
MIDCAP,EQ,18.4,18.52,18.36,18.47,18.47,18.35,300117,5546654.69,29-Jul-2026,618,INF174KA1ZC5
MNC,EQ,33.46,33.83,33.46,33.75,33.58,33.44,60999,2055067.68,29-Jul-2026,280,INF174KA1JF2
SILVER1,EQ,21.09,21.1,20.76,20.95,20.94,20.94,7395387,155312762.85,29-Jul-2026,4303,INF174KA1ZD3
NV20,EQ,14.01,14.06,13.96,14.02,14.02,13.88,21690,304146.25,29-Jul-2026,127,INF174KA1ZE1
MID150,EQ,23.41,23.5,23.4,23.47,23.48,23.3,32458,760868.03,29-Jul-2026,125,INF174KA1VW2
MOMENTUM30,EQ,30.45,30.46,30.02,30.1,30.04,30.02,382781,11527622.90,29-Jul-2026,139,INF174KA1XS6
MSCIINDIA,EQ,29.72,29.99,29.54,29.83,29.54,29.72,8962,267905.57,29-Jul-2026,80,INF174KA1VD2
NEXT50ETF,EQ,72.92,73.2,72.67,72.97,72.9,72.56,20519,1493761.15,29-Jul-2026,54,INF174KA1YO3
NIFTY100EW,EQ,35.08,35.29,35.08,35.19,35.28,35,15026,528841.15,29-Jul-2026,188,INF174KA1UW4
PVTBANK,EQ,27.32,27.6,27.32,27.59,27.59,27.31,3838,105595.99,29-Jul-2026,13,INF174KA1A94
QUALITY30,EQ,20.85,21.06,20.85,20.98,20.98,20.74,150338,3152844.55,29-Jul-2026,37,INF174KA1WT6
BANKNIFTY1,EQ,59.23,59.54,59.11,59.38,59.28,58.96,219236,13007147.10,29-Jul-2026,567,INF174KA1ZB7
KOTIC,EQ,159.53,165,158.35,159.69,161.3,158.2,11413,1843556.48,29-Jul-2026,414,INE972A01020
KOTHARIPET,EQ,132.95,140.9,131.55,138.86,139,133.56,252597,34915156.59,29-Jul-2026,3599,INE720A01015
KOTHARIPRO,EQ,67.17,68.84,65.1,65.83,65.4,67.17,13502,895816.17,29-Jul-2026,473,INE823A01017
KOTARISUG,EQ,25.24,25.8,25.06,25.27,25.3,25.24,34588,878492.12,29-Jul-2026,248,INE419A01022
KOTYARK,BE,33.3,35.22,32.6,33.76,34.7,33.55,91935,3150444.04,29-Jul-2026,412,INE0J0B01017
KOVAI,EQ,5914.5,6015,5855.5,5945,5930.5,5862,2708,16095666.50,29-Jul-2026,825,INE177F01017
KPIGREEN,EQ,388,391.95,387,390.35,389.25,387,248799,96936303.10,29-Jul-2026,8594,INE542W01025
KPITTECH,EQ,610,662.65,606.65,638.75,638.5,602.45,28550031,18119145555.65,29-Jul-2026,305307,INE04I401011
KPRMILL,EQ,1050,1064,1043.6,1060.5,1063,1043.3,115295,121928937.80,29-Jul-2026,10143,INE930H01031
KRBL,EQ,345.95,351.65,341.6,348.55,348,345.8,187366,65338737.30,29-Jul-2026,5780,INE001B01026
KREBSBIO,EQ,53.35,54.64,53.35,54.04,54,53.35,5926,323558.84,29-Jul-2026,16,INE268B01013
KRIDHANINF,BE,2.37,2.43,2.3,2.34,2.34,2.32,56506,133658.25,29-Jul-2026,56,INE524L01026
KRISHANA,EQ,165.8,174,162.7,164.55,164,164.8,1913117,324452461.20,29-Jul-2026,19243,INE506W01020
KRISHCA,SM,164.45,165.55,161,165.45,165.45,164.05,10500,1712425.00,29-Jul-2026,16,INE0NR701018
KRISHIVAL,EQ,392,399.4,386.5,395.4,390,389.35,2801,1099465.10,29-Jul-2026,250,INE0GGO01015
KRISHNADEF,EQ,1212,1239.4,1190.5,1218.7,1218,1207.3,108297,131028029.60,29-Jul-2026,8213,INE0J5601015
KIMS,EQ,799.95,804.9,792.1,798,796,798.35,592073,471930605.45,29-Jul-2026,39744,INE967H01025
KRITI,BE,65.94,68.78,65.2,68.78,68.78,65.51,9512,638363.37,29-Jul-2026,42,INE479D01038
KRITINUT,EQ,75.88,77.98,70,72.3,72.5,75.51,43146,3142105.61,29-Jul-2026,437,INE798K01010
KRITIKA,EQ,5.37,5.59,5.37,5.46,5.5,5.44,51303,280095.76,29-Jul-2026,291,INE00Z501029
KRMAYURVED,ST,255.6,261,252.5,257.05,257.1,252.7,53000,13684450.00,29-Jul-2026,35,INE1MTV01019
KRN,BE,1248.9,1248.9,1200,1208,1207,1226.7,60943,73708640.00,29-Jul-2026,3408,INE0Q3J01015
KRONOX,EQ,151.22,157.5,151.22,153.98,153.5,151.22,105948,16405827.97,29-Jul-2026,2717,INE0ATZ01017
KROSS,EQ,197.9,200,194.5,198.33,196.5,195.77,395327,78237726.51,29-Jul-2026,6672,INE0O6601022
KRSNAA,EQ,534.65,540.55,531.3,533.45,532.15,533.25,48095,25724869.40,29-Jul-2026,2259,INE08LI01020
KRYSTAL,EQ,601.95,602.6,600,600.15,600.05,600.15,9790,5877052.85,29-Jul-2026,157,INE0QN801017
KSB,EQ,849.95,856.9,832.6,842.6,842.5,846.75,115181,97113923.60,29-Jul-2026,9536,INE999A01023
KSHINTL,EQ,849.7,858.7,819.75,825.4,824.7,844.05,192632,159776715.85,29-Jul-2026,13403,INE987S01020
KSHITIJPOL,BE,3,3.2,2.95,2.96,2.95,3.1,1489698,4441232.25,29-Jul-2026,1949,INE013801027
KSOLVES,EQ,279.35,286.2,278.5,281.9,280.55,279.45,40211,11365409.95,29-Jul-2026,1953,INE0D6I01023
KSR,EQ,28.12,29.61,28.12,28.92,29.6,28.2,10527,306038.97,29-Jul-2026,1523,INE1SPP01016
KUANTUM,EQ,79,80.8,76.91,77.53,77,77.59,93689,7309270.76,29-Jul-2026,1120,INE529I01021
KEL,SM,79,79,79,79,79,78,4800,379200.00,29-Jul-2026,1,INE0OWX01025
KUSUMGAR,EQ,569.7,600,565.35,592.1,591.5,566.55,772831,454785436.95,29-Jul-2026,19577,INE0ISX01025
KPL,EQ,2610,2637.8,2535.6,2604,2600,2590.4,23878,61588948.00,29-Jul-2026,4526,INE552U01010
KWIL,EQ,31.02,31.3,30.44,30.95,31.2,30.85,8029119,246956144.08,29-Jul-2026,19793,INE2KCE01013
LTF,EQ,313,313.05,301.05,309.15,309.75,311,14431153,4406008727.35,29-Jul-2026,64307,INE498L01015
LTTS,EQ,3636.9,3680,3577.8,3585,3580,3599.3,121106,439637521.00,29-Jul-2026,20969,INE010V01017
LAOPALA,EQ,187.66,191,186,186.54,186.2,187.15,114387,21523964.53,29-Jul-2026,4354,INE059D01020
LAGNAM,EQ,87.49,89.7,86.1,87.43,87,89.51,4421,391101.51,29-Jul-2026,118,INE548Z01017
LAHOTIOV,EQ,41,44.98,41,43.01,43.45,40.75,16388,687507.31,29-Jul-2026,108,INE515C01023
LFIC,EQ,140.4,141.8,140.4,140.95,140.9,140.61,460,64952.77,29-Jul-2026,21,INE850E01012
LAKPRE,BZ,5.1,5.19,5,5.18,5.18,5,613,3160.90,29-Jul-2026,5,INE651C01018
LAKSHYA,SM,88.95,93.35,88.95,90.5,90.5,85.9,16800,1538960.00,29-Jul-2026,20,INE0VZS01015
LAMBODHARA,EQ,114.48,114.85,110.8,111.89,111.51,111.31,1965,222353.29,29-Jul-2026,74,INE112F01022
LAMOSAIC,ST,48.05,51.4,47.9,50.45,51.4,50,234000,11483100.00,29-Jul-2026,100,INE0R0201012
LANCORHOL,EQ,25.15,26.39,24.57,25.87,26,24.54,38431,981211.47,29-Jul-2026,189,INE572G01025
LANDMARK,EQ,522,554,518.25,537.8,530.5,528.05,549576,295460277.55,29-Jul-2026,15828,INE559R01029
LPDC,EQ,5.85,6.42,5.81,6.3,6.39,6.01,76795,478249.79,29-Jul-2026,200,INE197J01017
LANDSMILL,EQ,0.85,0.87,0.82,0.83,0.83,0.83,1420989,1189021.54,29-Jul-2026,647,INE688J01023
LT,EQ,3895.4,3978.2,3891.1,3931.4,3927,3832,3115802,12288732395.00,29-Jul-2026,159622,INE018A01030
LASA,EQ,6.86,7.17,6.66,7.09,7.12,6.86,28893,202526.68,29-Jul-2026,117,INE670X01014
LASERPOWER,EQ,289,314.22,280.2,306.67,306.71,285.66,7735392,2348021452.13,29-Jul-2026,80638,INE17IR01028
LATENTVIEW,EQ,314.1,322.8,313.4,317.6,317.05,312.05,1030682,328141715.25,29-Jul-2026,20177,INE0I7C01011
LATTEYS,BE,20.73,20.73,19.56,19.89,19.95,19.96,12387,246166.17,29-Jul-2026,105,INE262Z01023
LAURUSLABS,EQ,1762,1797.9,1754.3,1781.3,1778.1,1758.9,3000811,5344032897.80,29-Jul-2026,76548,INE947Q01028
LAXMICOT,EQ,14.08,14.24,14,14.1,14.11,13.85,6391,90008.60,29-Jul-2026,90,INE801V01019
LAXMIDENTL,EQ,217.78,218.45,214.04,217.55,217.6,214.56,52623,11380237.45,29-Jul-2026,1418,INE0WO601020
LGHL,EQ,210.03,211,203,204.5,204.5,204.72,45619,9357054.42,29-Jul-2026,308,INE258Y01016
LAXMIINDIA,BE,126.5,128.9,123.1,123.83,124,125.44,36648,4592553.61,29-Jul-2026,335,INE06WU01026
LXCHEM,EQ,197.44,203.8,194,200.51,203.8,196,6271732,1248261772.39,29-Jul-2026,55451,INE576O01020
LCCINFOTEC,EQ,4.39,4.41,4.11,4.36,4.36,4.22,46445,202698.37,29-Jul-2026,105,INE938A01021
LEMERITE,EQ,22.2,23.46,22.18,23.41,23.44,22.35,576999,13360475.53,29-Jul-2026,1617,INE0G1L01025
IXIGO,EQ,192.04,195,189.61,194.03,195,191.93,353352,67951452.53,29-Jul-2026,8762,INE0HV901016
THELEELA,EQ,473,483,469.15,471.65,477.6,475.6,227091,108357657.90,29-Jul-2026,16777,INE0AQ201015
LEMONTREE,EQ,110.8,111.49,109.91,110.15,110.2,110.31,4118232,454427178.26,29-Jul-2026,43702,INE970X01018
LENSKART,EQ,556,562.4,546.9,559.65,560,554.65,3909559,2167617648.95,29-Jul-2026,101151,INE956O01016
LEXUS,EQ,14.65,15.44,14.65,14.93,14.93,14.72,13805,207736.51,29-Jul-2026,60,INE500X01013
LGBBROSLTD,EQ,1555.9,1585.9,1545,1576.7,1580,1554.3,17153,26838939.60,29-Jul-2026,3531,INE337A01034
LGEINDIA,EQ,1514.8,1527,1511.1,1518.2,1517.3,1510.2,101886,154864902.70,29-Jul-2026,11273,INE324D01010
LIBAS,EQ,10.53,10.53,10,10.01,10.17,10.1,13228,132716.16,29-Jul-2026,75,INE908V01012
LIBERTSHOE,EQ,262.05,269,262,263.75,265.5,262.85,44180,11675796.05,29-Jul-2026,2132,INE557B01019
LICHSGFIN,EQ,550,556.9,546.6,553.45,552.1,545.7,1485850,820898600.75,29-Jul-2026,32690,INE115A01026
LICMFGOLD,EQ,127.75,128.15,127.05,127.2,127.2,127.7,45154,5752287.05,29-Jul-2026,1265,INF767K01SM1
LICNETFN50,EQ,271.56,272.22,271.17,272.03,272.04,268.88,3829,1039001.27,29-Jul-2026,27,INF767K01OS7
LICNETFGSC,EQ,29.67,29.67,29.38,29.48,29.48,29.43,25593,753983.02,29-Jul-2026,78,INF767K01MV5
LICNMID100,EQ,62.94,63.43,62.48,62.71,62.63,62.73,21338,1340965.18,29-Jul-2026,90,INF767K01RN1
LICI,EQ,427.15,427.65,423.1,423.9,423.3,427.15,870191,369627036.05,29-Jul-2026,16507,INE0J1Y01017
LIKHITHA,EQ,219.5,228,219.5,223.75,227,219.6,31706,7060609.80,29-Jul-2026,1170,INE060901027
LINC,EQ,103.96,104.19,101.31,101.97,101.35,101.5,11306,1160334.82,29-Jul-2026,365,INE802B01027
LINCOLN,EQ,582.2,589.15,580.5,581.4,581.8,579.45,6624,3857542.30,29-Jul-2026,647,INE405C01035
LINDEINDIA,EQ,6700,6850,6671,6722.5,6728,6667.5,20782,140358014.50,29-Jul-2026,4738,INE473A01011
LLOYDSENGG,EQ,91.73,92.1,89.2,89.99,90.1,91.18,7345295,665122895.38,29-Jul-2026,24962,INE093R01011
LLOYDSENT,EQ,80.47,81.94,78.64,80.37,80.5,79.94,4032920,324964945.25,29-Jul-2026,14424,INE080I01025
LLOYDS,ST,67.4,70,67.4,69.9,69.9,70.15,4000,277200.00,29-Jul-2026,4,INE0DTQ01028
LLOYDSME,EQ,1998.9,2066,1995.7,2051.3,2045,1979.1,851136,1739996832.60,29-Jul-2026,30147,INE281B01032
LMW,EQ,15900,16500,15803,16457,16440,15849,4265,69041310.00,29-Jul-2026,1511,INE269B01029
LODHA,EQ,1290,1344.95,1275.4,1316.35,1303,1301.4,4953761,6479225689.20,29-Jul-2026,141586,INE670K01029
LOKESHMACH,BE,330,334.85,330,331.95,331.95,336.5,10289,3405015.15,29-Jul-2026,71,INE397H01017
LORDSCHLO,EQ,151.56,155.06,140.35,142.47,144.49,150.97,51754,7584999.83,29-Jul-2026,1156,INE846D01012
LAL,EQ,8.39,8.39,7.56,7.97,7.91,8.17,146955,1178367.13,29-Jul-2026,272,INE740X01023
LOTUSEYE,EQ,124.79,124.79,118.2,119,118.2,118.57,7446,890686.69,29-Jul-2026,235,INE947I01017
LOVABLE,EQ,71.9,71.95,69.27,70.48,71,71.32,10899,767475.14,29-Jul-2026,348,INE597L01014
LOYALTEX,EQ,202,208.93,202,207,207,209.15,5,1033.86,29-Jul-2026,3,INE970D01010
LTFOODS,EQ,370.55,382,370.55,378.6,376.95,370.15,335413,126542189.05,29-Jul-2026,10100,INE818H01020
LTM,EQ,4391,4488,4362.8,4422.7,4410,4309.2,579805,2565372843.50,29-Jul-2026,51001,INE214T01019
LUMAXTECH,EQ,1484.2,1514,1482.2,1501.6,1497.1,1489.3,76854,115243861.80,29-Jul-2026,9186,INE872H01027
LUMAXIND,EQ,5120,5225,5118,5145,5155,5118,6790,35076286.00,29-Jul-2026,1466,INE162B01018
LUPIN,EQ,2405,2463,2402,2447,2454.9,2395.8,1139331,2783222972.80,29-Jul-2026,64819,INE326A01037
LUXIND,EQ,1240,1275,1237.5,1245,1250,1236.9,14567,18190266.90,29-Jul-2026,1331,INE150G01020
LYKALABS,BE,61.19,62.45,59,59.87,59.76,61.71,40717,2438521.53,29-Jul-2026,265,INE933A01014
MBEL,EQ,301.95,304.45,297,299.95,299,297.85,136075,40930052.95,29-Jul-2026,5470,INE08N601015
MKPL,EQ,4.34,4.34,4.16,4.2,4.2,4.26,96378,406456.84,29-Jul-2026,382,INE964W01021
MCL,EQ,52.51,53.89,52.02,53.34,53.89,52.68,24239,1280567.39,29-Jul-2026,636,INE813V01022
M&MFIN,EQ,375,396,370.15,393.75,395,373.5,8498054,3289103207.75,29-Jul-2026,125146,INE774D01024
MVKAGRO,SM,378,379,371.1,374.95,375,377.85,257700,96683580.00,29-Jul-2026,47,INE0SGC01015
MAANALU,EQ,114.48,123.5,113.22,119.53,118.9,110.92,306629,35955315.42,29-Jul-2026,3643,INE215I01027
MCCHRLS-B,EQ,700,700,660,691.25,700,699.95,586,392970.45,29-Jul-2026,62,INE435D01014
MACOBSTECH,SM,216.85,216.85,215,215,215,215.25,2400,517480.00,29-Jul-2026,2,INE0R0J01010
MACPOWER,EQ,1315.4,1428.5,1270,1404.3,1404,1296,166797,230833483.20,29-Jul-2026,12769,INE155Z01011
MADHAVIPL,EQ,8.23,8.23,8.01,8.07,8.15,8.07,52559,426597.92,29-Jul-2026,205,INE631R01026
MADHAV,EQ,34.49,34.5,33.32,33.81,33.5,34.2,607,20473.13,29-Jul-2026,34,INE925C01016
MADHUCON,BE,5.54,5.54,5.1,5.18,5.18,5.29,25881,132301.86,29-Jul-2026,70,INE378D01032
MADHUSUDAN,ST,244,245,237.5,239.15,239.5,239.95,29000,7015450.00,29-Jul-2026,23,INE0P6701019
MBAPL,EQ,161.2,167,159.55,164,164.5,161.2,2114045,347804762.15,29-Jul-2026,15263,INE900L01028
MADRASFERT,EQ,65.62,67.9,65.62,66.48,66.5,65.9,77221,5162620.45,29-Jul-2026,904,INE414A01015
MAFATIND,EQ,133.9,135.3,132.84,134.78,135.3,132.91,19362,2602148.49,29-Jul-2026,393,INE270B01035
MAGADSUGAR,EQ,482,487.6,476.4,480.35,485,481.8,5053,2433896.50,29-Jul-2026,430,INE347W01011
MCLOUD,EQ,29.14,29.7,28.25,29.57,29.5,28.64,10271865,300887696.51,29-Jul-2026,17420,INE613C01026
MAGNUM,EQ,19.55,20.3,19.55,19.74,20,19.98,36665,730565.41,29-Jul-2026,99,INE387I01016
MAGSON,SM,180,180,180,180,180,180,1000,180000.00,29-Jul-2026,1,INE0O1S01012
MAHAPEXLTD,EQ,44.04,44.89,43.55,44.24,44.83,44.26,1320,58676.83,29-Jul-2026,52,INE843B01013
MFML,EQ,18.58,19.2,18.31,18.46,18.49,18.58,1955,36230.58,29-Jul-2026,78,INE0US801024
MHLXMIRU,EQ,140.97,141.64,137.7,140.96,140.3,139.02,74328,10416815.42,29-Jul-2026,336,INE112D01035
MAHASTEEL,EQ,799.1,912,799.1,905.65,911,820.6,16906,14863523.95,29-Jul-2026,1280,INE451L01014
MGL,EQ,1079,1112.5,1078.3,1105,1109,1078.7,186206,204817769.60,29-Jul-2026,14253,INE002S01010
MTNL,EQ,26.78,27.3,26.78,27.2,27.26,26.75,418133,11332657.63,29-Jul-2026,2003,INE153A01019
MAHSCOOTER,EQ,12821,13209,12358,12774,12675,12733,21111,269531277.00,29-Jul-2026,8107,INE288A01013
MAHSEAMLES,EQ,576.85,585,575,581.95,581.65,574.1,34576,20063632.25,29-Jul-2026,3485,INE271B01025
MRIL,ST,69.25,70.8,65.2,70.8,70.8,68.45,24000,1655680.00,29-Jul-2026,8,INE632Q01018
MAHESHWARI,BE,72.6,73.01,72.6,73,73,73.01,21102,1540159.19,29-Jul-2026,33,INE263W01010
MAHICKRA,SM,266.6,266.6,266.6,266.6,266.6,265,750,199950.00,29-Jul-2026,1,INE961Y01015
M&M,EQ,3280.1,3321.2,3211.8,3221.8,3228,3271.2,3693381,12002992833.20,29-Jul-2026,146644,INE101A01026
MAHEPC,EQ,106.6,108.99,106.41,108.19,108.7,107.11,19745,2122384.69,29-Jul-2026,815,INE215D01010
MHRIL,EQ,218.28,219.4,214,214.93,215.36,218.28,192083,41406843.88,29-Jul-2026,5617,INE998I01010
MAHLIFE,EQ,384.05,389.8,380.05,387.35,386.8,380.25,169028,65217427.80,29-Jul-2026,11320,INE813A01018
MAHLOG,EQ,408.2,414.85,406.4,409.45,410.75,410.4,148178,60882257.65,29-Jul-2026,6125,INE766P01016
MAITHANALL,EQ,963.5,981.7,963.5,979.4,979.9,962.5,16919,16524580.00,29-Jul-2026,1411,INE683C01011
MAITREYA,SM,115.2,124.7,115.2,121.3,123.5,119.05,10800,1311180.00,29-Jul-2026,18,INE0PLQ01011
MAJESAUT,EQ,436.75,436.75,428.1,430.1,430,427.8,9072,3905250.95,29-Jul-2026,613,INE201B01022
MALLCOM,EQ,1034.8,1043.9,1024.7,1039.3,1029.2,1024.6,919,954008.10,29-Jul-2026,145,INE389C01015
MALUPAPER,EQ,32.56,33.76,32.5,32.91,32.75,32.5,28080,926452.64,29-Jul-2026,283,INE383H01017
MAMATA,EQ,386.8,386.8,381.9,385.35,385,382.6,20992,8069832.00,29-Jul-2026,907,INE0TO701015
MANAKCOAT,EQ,122.59,125.09,122.59,123.64,124.22,123.03,99782,12360675.02,29-Jul-2026,1595,INE830Q01018
MANINDS,EQ,530,534.65,525.25,529.4,528.9,526.05,96058,50918881.65,29-Jul-2026,5084,INE993A01026
MANINFRA,EQ,98.53,98.53,96.01,97.08,96.51,97.42,556330,54172431.59,29-Jul-2026,3172,INE949H01023
MANAKALUCO,EQ,35.2,36.74,34.8,36.12,36.4,34.87,63876,2281414.37,29-Jul-2026,873,INE859Q01017
MANAKSIA,EQ,55.44,56.28,55.01,55.75,56,55.29,10816,601173.51,29-Jul-2026,172,INE015D01022
MANAKSTEEL,EQ,66.66,69.5,65.11,69,69.4,66.94,88576,5937558.78,29-Jul-2026,419,INE824Q01011
MANALIPETC,EQ,66.32,66.34,64.8,65.21,65.25,66.14,197427,12905382.86,29-Jul-2026,1718,INE201A01024
MANAPPURAM,EQ,361.25,372.15,360.7,370.15,370.75,361.25,5738347,2106829733.25,29-Jul-2026,50270,INE522D01027
MANAV,SM,25.65,25.65,25.65,25.65,25.65,27,20000,513000.00,29-Jul-2026,4,INE104Y01012
MANBA,EQ,136.71,137.8,132.1,133.77,132.28,137.37,209255,28278703.50,29-Jul-2026,2244,INE939X01013
MANCREDIT,EQ,220.39,221.83,217,217.53,219.4,219.8,127295,27829005.71,29-Jul-2026,1327,INE545L01039
MEIL,EQ,297,305,289,295.1,292,295.45,42014,12501529.50,29-Jul-2026,950,INE0PKD01011
MANGLMCEM,EQ,970,970,939.05,943.25,941.1,967.8,15995,15220931.60,29-Jul-2026,1378,INE347A01017
MANGALAM,EQ,27.5,27.77,26.7,27.14,27.39,27.46,25640,694909.85,29-Jul-2026,240,INE584F01014
MGEL,BE,16.55,16.55,16,16.03,16.3,16.39,78771,1274130.27,29-Jul-2026,167,INE0APB01032
MANORG,BE,524.95,539,524.95,524.95,524.95,552.55,3635,1908308.60,29-Jul-2026,116,INE370D01013
MWL,EQ,35.95,35.95,35.5,35.7,35.55,35.95,304977,10894989.90,29-Jul-2026,530,INE0JYY01029
MANILAM,SM,50.05,53.3,50.05,53.3,53.3,53.9,10000,512800.00,29-Jul-2026,5,INE1ERK01013
MANKIND,EQ,2627.9,2642,2583,2592.7,2585.2,2617.9,309498,808840734.20,29-Jul-2026,22683,INE634S01028
MVGJL,EQ,172.8,178.4,172.01,173.83,174.98,173.81,87255,15238495.16,29-Jul-2026,2303,INE0KNT01012
MANOMAY,EQ,211.5,211.5,205,208.76,209.14,209.9,205355,43006580.47,29-Jul-2026,2327,INE784W01015
MANORAMA,EQ,1640.5,1661,1640,1645.8,1645,1639.3,73480,121446298.20,29-Jul-2026,6759,INE00VM01036
MANUGRAPH,BE,14.42,14.42,14.42,14.42,14.42,13.74,5096,73484.32,29-Jul-2026,14,INE867A01022
MARALOVER,BE,56.55,59.8,56.55,59.64,59.8,57.64,15993,949619.52,29-Jul-2026,135,INE882A01013
MARATHON,EQ,384,395,383.75,391.65,387.25,383.5,67955,26526639.75,29-Jul-2026,1744,INE182D01020
MARC,SM,126.85,131.5,126.85,128.25,128.25,126.85,27600,3553500.00,29-Jul-2026,22,INE0TD401015
MARICO,EQ,884.9,884.9,871.5,878.7,878.5,883.25,2912454,2556495867.60,29-Jul-2026,85045,INE196A01026
MARINE,EQ,268.25,275.5,260.1,265.3,266.55,269.5,705596,188996647.85,29-Jul-2026,12427,INE01JE01028
MARKOLINES,EQ,173.73,179,173.09,177.26,176,172.78,236765,42038995.09,29-Jul-2026,1946,INE0FW001016
MARKSANS,EQ,258.2,264.15,256.85,259.45,257.35,256.65,705694,183958027.45,29-Jul-2026,13788,INE750C01026
MARSONS,EQ,110.7,114,109.44,109.73,109.6,109.48,1522590,170804957.69,29-Jul-2026,7803,INE415B01044
MARUSHIKA,SM,100,101.9,100,101.9,101.9,94.25,7200,729660.00,29-Jul-2026,6,INE0X7G01013
MARUTI,EQ,13780,13980,13720,13948,13929,13802,515674,7158852531.00,29-Jul-2026,74727,INE585B01010
MDL,ST,64.55,64.55,64.5,64.5,64.5,67.8,2000,129050.00,29-Jul-2026,2,INE575Z01010
MASFIN,EQ,315.05,330.2,306.5,325.3,325.2,314.75,569069,181809404.05,29-Jul-2026,18879,INE348L01012
MASKINVEST,BE,151,153,151,153,153,151,364,55032.00,29-Jul-2026,6,INE885F01015
MASON,SM,122.05,122.05,118,119.2,119.2,122,8000,952475.00,29-Jul-2026,14,INE0SH001010
MASTEK,EQ,1886.9,1927,1873.4,1903.8,1904.9,1873.4,237282,451298692.60,29-Jul-2026,24884,INE759A01021
MASTER,SM,459,460,459,460,460,441,1000,459500.00,29-Jul-2026,2,INE0OJM01017
MASTERTR,EQ,82.01,82.8,81.3,82.11,82.26,82.09,165279,13610435.16,29-Jul-2026,1033,INE677D01037
MATRIMONY,EQ,440,441.9,434.15,439.1,439.25,433.9,4583,2011553.45,29-Jul-2026,269,INE866R01028
MGSL,SM,67.95,74,65.65,67.15,66.8,66.5,36000,2533140.00,29-Jul-2026,27,INE132901013
MAWANASUG,BE,107.52,109.54,107,108.02,107.1,108.15,67913,7335981.00,29-Jul-2026,232,INE636A01039
MAXESTATES,EQ,396,396.65,387.5,390.2,392,396,39389,15410770.85,29-Jul-2026,2016,INE03EI01018
MFSL,EQ,1514,1529.7,1488.2,1515.1,1520,1506.7,1146452,1733216188.60,29-Jul-2026,88245,INE180A01020
MAXHEALTH,EQ,1112,1120.9,1105,1111.4,1112,1104.8,1417989,1577982195.70,29-Jul-2026,42382,INE027H01010
MAXIND,EQ,171,178.02,171,175.32,174.11,173.31,102117,17951937.19,29-Jul-2026,1664,INE0CG601016
MAXVOLT,ST,331.65,343.8,328.05,343.8,343.8,327.45,22000,7444060.00,29-Jul-2026,53,INE10A501018
MAYASHEEL,SM,38.9,40,38.9,39.35,40,38.95,15000,590550.00,29-Jul-2026,4,INE0ZTO01018
MAYURUNIQ,EQ,789.75,804.95,780.8,796.2,798.95,785.9,63034,49939537.40,29-Jul-2026,6844,INE040D01038
MAZDOCK,EQ,2303,2315,2296.2,2307.8,2309,2295.8,250953,578687941.80,29-Jul-2026,15595,INE249Z01020
MAZDA,BE,212,218.99,210,212.26,214,212.53,10705,2279234.68,29-Jul-2026,109,INE885E01042
MBLINFRA,BE,24.82,25.27,24.35,25.06,25.25,24.34,44029,1100248.04,29-Jul-2026,101,INE912H01013
MCLEODRUSS,BE,51.57,52.95,51.05,51.64,51.57,51.67,99494,5180552.02,29-Jul-2026,316,INE942G01012
MCON,SM,45,45,44.95,44.95,44.95,46.2,5000,224950.00,29-Jul-2026,5,INE0O4M01019
MEDIASSIST,EQ,347.2,354.8,346.95,349.9,347.75,347.2,86555,30356997.50,29-Jul-2026,5251,INE456Z01021
MMWL,BE,14,14.28,13.66,13.82,14,13.73,23128,318550.44,29-Jul-2026,58,INE200D01020
MEDICAMEQ,EQ,239.65,244,235,238.2,238.8,239.1,9608,2310398.05,29-Jul-2026,309,INE646B01010
MEDIORG,SM,26,26.5,24.7,24.7,24.7,26,6000,154400.00,29-Jul-2026,3,INE0PE401018
MEDICO,EQ,43.54,48,42.11,46.26,45.71,43.54,519259,23601862.91,29-Jul-2026,2117,INE630Y01024
MEDISTEP,SM,19.45,19.45,19.25,19.25,19.25,18,6000,116100.00,29-Jul-2026,2,INE0UOY01019
MEDPLUS,EQ,707.5,725,697.6,721,724.95,700.65,210867,150004455.45,29-Jul-2026,12936,INE804L01022
MEESHO,EQ,181.63,182.94,178,179.47,179.05,181.48,7184492,1290688829.45,29-Jul-2026,47690,INE0VDM01015
MEGASTAR,EQ,335.05,335.35,326.05,329.25,335,333.05,4135,1359641.80,29-Jul-2026,229,INE00EM01016
MEGATHERM,SM,218.9,219.5,206,207.35,206,210.5,12400,2651640.00,29-Jul-2026,26,INE531R01010
MOL,EQ,56.42,60.29,56.11,56.32,56.22,55.75,12640005,733466823.78,29-Jul-2026,55294,INE0CT101020
MENONBE,BE,227.94,231.6,218,219.58,220,226.55,86587,19354131.41,29-Jul-2026,853,INE071D01033
MENNPIS,EQ,74.35,76.5,72,72.34,72.78,73.82,56773,4177816.75,29-Jul-2026,1416,INE650G01029
MEP,BZ,0.53,0.54,0.52,0.52,0.52,0.53,256653,134360.59,29-Jul-2026,103,INE776I01010
MERCANTILE,EQ,24.7,24.99,23.7,24.01,23.7,24.2,7024,170228.19,29-Jul-2026,30,INE689O01013
MERCURYEV,EQ,36.18,36.61,35.53,35.65,35.95,35.86,106419,3814492.14,29-Jul-2026,633,INE763M01028
METALIC,ST,85,87.2,81.4,87.2,87.2,83.05,339200,29340640.00,29-Jul-2026,132,INE1II801013
METROBRAND,EQ,1034,1042,1027.2,1032.6,1037.5,1026,13569,14037322.70,29-Jul-2026,2246,INE317I01021
METROGLOBL,EQ,131,132,128,128.13,128,127.65,498,64574.55,29-Jul-2026,33,INE085D01033
METROPOLIS,EQ,585.5,598.8,583.05,591.6,593.85,585.5,468565,277111132.05,29-Jul-2026,18856,INE112L01020
MICEL,BE,36.99,36.99,36,36.38,36.45,36.81,150225,5452486.06,29-Jul-2026,1109,INE287C01037
MIDWESTLTD,EQ,1216.2,1245,1205,1208.3,1214,1206.6,8295,10077879.40,29-Jul-2026,868,INE0XAD01024
MILTON,SM,31.8,33.4,31.8,33.4,33.4,33.4,4400,143440.00,29-Jul-2026,2,INE376Y01016
MINDACORP,EQ,682.75,696.6,676.05,692.25,692,683.6,203258,140509942.70,29-Jul-2026,11209,INE842C01021
MINDSPACE,RR,496.8,498,494,495.09,494.51,495.12,108622,53783358.46,29-Jul-2026,3701,INE0CCU25019
MINDTECK,EQ,194.24,198,194.24,195.59,197.4,193.72,35294,6926235.46,29-Jul-2026,781,INE110B01017
ALPHAETF,EQ,25.55,25.95,25.55,25.87,25.88,25.7,310635,8022333.11,29-Jul-2026,567,INF769K01KU7
BANKETF,EQ,580.11,583.92,579.96,582.58,582.75,579.27,8587,4996458.17,29-Jul-2026,2119,INF769K01KR3
BANKPSU,EQ,83.96,84.48,83.8,84.02,84.05,83.69,2917,245618.74,29-Jul-2026,52,INF769K01LZ4
CONSUMER,EQ,11.95,12.03,11.94,12.01,12.02,11.9,378670,4536577.78,29-Jul-2026,313,INF769K01NS5
DEFENCE,EQ,77.5,77.58,76.94,77.47,77.19,77.11,74355,5752387.49,29-Jul-2026,427,INF769K01QC2
DIVIDEND,EQ,35.8,36.02,35.8,35.88,35.89,35.66,46395,1668559.03,29-Jul-2026,52,INF769K01PY8
ENERGY,EQ,38.5,38.54,38.12,38.36,38.37,38.35,963129,36817885.83,29-Jul-2026,1427,INF769K01PR2
EQUAL200,EQ,13.82,13.91,13.82,13.88,13.9,13.79,9742,135154.84,29-Jul-2026,46,INF769K01OA1
EQUAL50,EQ,335,336.19,335,335.11,335,332.9,454,152213.50,29-Jul-2026,16,INF769K01OO2
EVINDIA,EQ,32.01,32.49,32,32.13,32.18,32.01,263618,8468886.88,29-Jul-2026,1237,INF769K01LQ3
HEALTHCARE,EQ,21.39,21.65,21.39,21.62,21.59,21.35,67249,1451271.89,29-Jul-2026,174,INF769K01QA6
INFRA,EQ,12.05,12.1,12.03,12.06,12.04,12.06,13375,161365.67,29-Jul-2026,157,INF769K01QB4
INTERNET,EQ,13.6,13.7,13.58,13.65,13.68,13.49,148424,2025821.65,29-Jul-2026,160,INF769K01PB6
ITETF,EQ,32.5,33.25,32.5,32.97,32.9,32.27,1349677,44603524.63,29-Jul-2026,1764,INF769K01KV5
LIQUID,EQ,999.99,1000,999.99,999.99,1000,999.99,130426,130425237.93,29-Jul-2026,178,INF769K01KS1
LIQUIDPLUS,EQ,1096.46,1096.48,1096.46,1096.47,1096.48,1096.31,2739165,3003388781.06,29-Jul-2026,351,INF769K01MY5
ESG,EQ,41.55,41.85,41.55,41.73,41.79,41.25,21978,916749.25,29-Jul-2026,88,INF769K01GS9
MAFANG,EQ,191.36,191.36,191.06,191.34,191.36,191.12,354789,67888327.57,29-Jul-2026,7071,INF769K01HF4
BFSI,EQ,27.15,27.34,27.12,27.32,27.26,27.04,244623,6669992.92,29-Jul-2026,766,INF769K01HI8
GOLDETF,EQ,137.39,137.65,137.05,137.26,137.39,137.71,635283,87225286.38,29-Jul-2026,7724,INF769K01JP9
GSEC10YEAR,EQ,30.64,30.64,30.36,30.47,30.5,30.64,12337,375833.09,29-Jul-2026,17,INF769K01KF8
MAHKTECH,EQ,23.16,23.16,23.16,23.16,23.16,22.96,513436,11891177.76,29-Jul-2026,308,INF769K01HS7
MIDCAPETF,EQ,23.41,23.66,23.41,23.62,23.61,23.41,3980002,93955299.87,29-Jul-2026,4613,INF769K01IC9
MAKEINDIA,EQ,162.6,163.65,162.55,163.6,163.6,162.11,49559,8088722.32,29-Jul-2026,282,INF769K01IB1
NIFTYETF,EQ,262.5,264.15,262.01,263.84,263.96,260.75,146605,38631922.53,29-Jul-2026,868,INF769K01EG9
LOWVOL,EQ,210.3,211.33,210.29,211.1,211.1,209.07,321,67646.92,29-Jul-2026,10,INF769K01JU9
NEXT50,EQ,745.4,749,745,748.06,748.9,742.57,49552,37061172.99,29-Jul-2026,1207,INF769K01FN2
SILVERAG,EQ,210.32,211.86,209.59,210.4,210.39,210.41,173428,36517693.99,29-Jul-2026,2351,INF769K01KG6
MASPTOP50,EQ,77.37,77.37,77.37,77.37,77.37,77.9,115811,8960297.07,29-Jul-2026,2300,INF769K01HP3
METAL,EQ,12.83,12.83,12.51,12.8,12.82,12.52,2288596,29182773.02,29-Jul-2026,3181,INF769K01LY7
MIDSMALL,EQ,50.05,51.09,50.05,51.07,50.93,50.6,265164,13522526.12,29-Jul-2026,1083,INF769K01LJ8
MOMMIDCAP,EQ,12.51,12.56,12.47,12.55,12.55,12.45,657153,8237746.52,29-Jul-2026,206,INF769K01RC0
MULTICAP,EQ,16.53,16.78,16.23,16.73,16.69,16.53,271165,4528661.23,29-Jul-2026,395,INF769K01LX9
SELECTIPO,EQ,47.27,47.27,46.51,46.95,46.95,46.34,15189,709222.34,29-Jul-2026,70,INF769K01ON4
SENSEXETF,EQ,79.5,80.2,79.5,80,80.01,79.3,23932,1913294.45,29-Jul-2026,166,INF769K01KT9
SMALL250,EQ,17.45,18.08,17.45,18.04,18.04,17.81,502859,9026778.99,29-Jul-2026,604,INF769K01PQ4
SMALLCAP,EQ,46.65,47.23,46.64,47.12,47.16,46.64,1284290,60370577.32,29-Jul-2026,2667,INF769K01LC3
TOP20,EQ,8.89,9.02,8.89,9,9.01,8.87,84524,759453.79,29-Jul-2026,121,INF769K01PZ5
VALUE,EQ,15.99,16.11,15.98,16.09,16.09,15.98,2812,45084.95,29-Jul-2026,42,INF769K01QV2
MIRZAINT,EQ,35,35.4,34.37,35.14,35.4,34.67,120183,4203206.72,29-Jul-2026,1205,INE771A01026
MIDHANI,EQ,393.75,399.8,393.75,397.25,398.5,391.75,220151,87459095.25,29-Jul-2026,10417,INE099Z01011
MITCON,BE,73.44,75,73.44,75,75,72,1791,134294.03,29-Jul-2026,18,INE828O01033
MITTAL,EQ,0.91,0.98,0.9,0.92,0.92,0.9,713903,660601.45,29-Jul-2026,335,INE997Y01027
MMFL,EQ,550.35,555.8,544.1,548.7,547.2,553.4,39758,21825768.05,29-Jul-2026,1945,INE227C01017
MMP,EQ,280.85,284,278.6,279.95,280.9,280.55,20760,5849119.45,29-Jul-2026,530,INE511Y01018
MMTC,EQ,60.71,61.8,60.45,61.25,61.08,60.59,1415410,86691005.81,29-Jul-2026,7763,INE123F01029
MOBILISE,ST,111.5,111.5,111.5,111.5,111.5,114,1600,178400.00,29-Jul-2026,1,INE1YNB01019
MODTHREAD,EQ,49.98,50,46.56,47.85,47.85,49,869,42791.00,29-Jul-2026,29,INE794W01014
MODINATUR,BE,398,403,392.1,403,403,396.8,3205,1278136.75,29-Jul-2026,54,INE537F01012
MODIRUBBER,EQ,123,128.8,115.5,118.8,118.71,123.64,4728,568284.81,29-Jul-2026,198,INE832A01018
MODIS,EQ,394.4,402.8,392.05,398.4,399,390.15,41461,16540046.25,29-Jul-2026,898,INE0L0L01012
MODISONLTD,BE,255.05,271.95,248.5,265.75,265.5,259,116861,30834668.15,29-Jul-2026,1006,INE737D01021
MHHL,SM,37,37,36.8,36.8,36.8,35.5,4500,166050.00,29-Jul-2026,3,INE450S01011
MOHITIND,EQ,22.7,22.95,22.36,22.53,22.85,22.71,1487,33570.27,29-Jul-2026,30,INE954E01012
MOIL,EQ,269.2,275.45,267.35,274.15,274.5,267.25,439209,119926073.85,29-Jul-2026,12160,INE490G01020
MOKSH,EQ,10.41,10.41,10.08,10.1,10.1,10.24,61448,624101.38,29-Jul-2026,201,INE514Y01020
MOLDTKPAC,EQ,657.3,666.95,650.55,656.1,659.1,657.3,85244,56274796.90,29-Jul-2026,4598,INE893J01029
MOLDTECH,EQ,136,148.27,134.61,143.77,143.06,134.75,246844,35222334.21,29-Jul-2026,3595,INE835B01035
MONARCH,EQ,389.9,400,387.2,388.45,388,391.65,231611,91183710.35,29-Jul-2026,5576,INE903D01011
MONEYBOXX,EQ,59.2,59.2,57.05,57.54,57.35,59.35,7584,437301.50,29-Jul-2026,100,INE296Q01012
MONOPHARMA,SM,10.05,10.05,10,10,10,10.5,28000,280100.00,29-Jul-2026,10,INE0OIP01012
MONOLITH,SM,840.95,840.95,805,817.3,817,823.95,49250,40142650.00,29-Jul-2026,144,INE1DV401010
MONTECARLO,EQ,541.55,544.95,530,530.6,532.95,541,67920,36227650.45,29-Jul-2026,5214,INE950M01013
MOREPENLAB,EQ,55.79,58,55,57.85,57.8,55.3,6074005,345221647.00,29-Jul-2026,16361,INE083A01026
MOS,ST,11.3,11.75,11.3,11.45,11.6,11.45,48000,548600.00,29-Jul-2026,9,INE0N7S01028
MOSCHIP,EQ,203.63,213.15,201.4,211.03,211,202.62,4276136,891632127.30,29-Jul-2026,39885,INE935B01025
MSUMI,EQ,41.8,41.8,40.75,41.22,41.39,41.52,6595487,271232044.57,29-Jul-2026,26806,INE0FS801015
MOM100,EQ,69,69,67.34,67.85,67.85,67.34,380227,25763530.78,29-Jul-2026,1852,INF247L01023
MON100,EQ,315.36,315.36,315.36,315.36,315.36,318.46,573197,180763405.92,29-Jul-2026,11913,INF247L01AP3
MOTILALOFS,EQ,858,868.35,850,855.25,856.15,856.15,802471,687700738.40,29-Jul-2026,24699,INE338I01027
MOM50,EQ,251.3,253.86,251.3,253.36,253.38,251.27,1522,385305.65,29-Jul-2026,81,INF247L01536
MOGSEC,EQ,65.4,65.4,64.96,65,65.3,65.09,541,35333.24,29-Jul-2026,51,INF247L01AK4
MOALPHA50,EQ,53.28,53.5,53.2,53.46,53.5,53,630,33644.55,29-Jul-2026,27,INF247L01FR8
MOBANK10,EQ,16.92,17.04,16.9,16.94,17.02,16.84,8215,139858.04,29-Jul-2026,31,INF247L01GV8
MOCAPITAL,EQ,52.87,53.25,52.82,53.1,53.11,52.86,763490,40474713.62,29-Jul-2026,1973,INF247L01EV3
MODEFENCE,EQ,101.99,102.4,100.7,101.16,101.11,101.3,1042943,105440931.22,29-Jul-2026,6968,INF247L01DJ0
MOENERGY,EQ,38.47,38.75,38.01,38.23,38.45,38.28,231686,8842539.91,29-Jul-2026,1004,INF247L01GH7
MOGOLD,EQ,139.85,140.2,139.3,139.6,139.3,139.9,11371,1589127.55,29-Jul-2026,280,INF247L01FY4
MOHEALTH,EQ,51,51.65,51,51.48,51.5,51.03,42768,2199733.59,29-Jul-2026,394,INF247L01BB1
MOINFRA,EQ,60.66,60.78,60.51,60.63,60.6,60.21,3418,207331.13,29-Jul-2026,29,INF247L01FL1
MOIPO,EQ,46.88,47.39,46.59,47.29,47.08,46.21,13867,648567.67,29-Jul-2026,34,INF247L01GI5
MOLOWVOL,EQ,37.43,37.52,37.33,37.52,37.52,37.06,41776,1560776.63,29-Jul-2026,24,INF247L01BL0
MOMENTUM50,EQ,52.19,52.24,51.78,51.94,52.2,51.82,402303,20930407.82,29-Jul-2026,1233,INF247L01DK8
MOMGF,EQ,160.18,160.24,159.4,159.69,160,160,1109,177136.90,29-Jul-2026,19,INF247L01FK3
MOMIDMTM,EQ,63.08,63.47,62.42,63.11,62.55,63.08,33858,2137601.84,29-Jul-2026,237,INF247L01FQ0
MOMNC,EQ,32.8,32.85,32.68,32.68,32.81,32.45,942,30789.07,29-Jul-2026,6,INF247L01GK1
MOMOMENTUM,EQ,60.98,62,60.62,61,61.97,60.8,46520,2835187.79,29-Jul-2026,506,INF247L01BK2
MON50EQUAL,EQ,34.11,34.11,33.42,33.7,33.42,33.42,1157,38971.59,29-Jul-2026,49,INF247L01FC0
MONEXT50,EQ,73.56,74.6,71.78,72.34,72.3,73.24,9706,704203.13,29-Jul-2026,180,INF247L01FD8
MONIFTY100,EQ,25.32,25.48,25.32,25.48,25.48,25.21,18618,474059.62,29-Jul-2026,39,INF247L01GG9
MONIFTY500,EQ,23.73,23.9,23.58,23.81,23.61,23.62,360626,8591686.47,29-Jul-2026,1039,INF247L01BU1
MONQ50,EQ,140.71,140.71,140.26,140.71,140.71,140.88,49092,6907519.24,29-Jul-2026,1486,INF247L01AU3
MOPSE,EQ,100.31,100.52,100,100.18,100,100.44,438,43896.20,29-Jul-2026,19,INF247L01FO5
MOQUALITY,EQ,201.86,202.88,201.86,202.02,202.1,201.08,179,36172.26,29-Jul-2026,15,INF247L01BH8
MOREALTY,EQ,92.69,92.76,91.29,91.83,91.78,92.22,685556,63030944.02,29-Jul-2026,2473,INF247L01CI4
MOSERVICE,EQ,31.12,31.45,31.1,31.45,31.45,31.01,5881,184253.28,29-Jul-2026,26,INF247L01GJ3
MOSILVER,EQ,213.87,215.29,212.85,214.15,214.87,213.84,18132,3878644.05,29-Jul-2026,1634,INF247L01FZ1
MOSMALL250,EQ,18,18.1,17.86,18.07,18.1,17.87,3126929,56303315.89,29-Jul-2026,1812,INF247L01CH6
MOTOUR,EQ,78.92,81,78.6,79.35,81,78.7,9729,768131.27,29-Jul-2026,119,INF247L01FP2
MOVALUE,EQ,112.72,113.64,112.72,113.33,113.59,112.73,46177,5233258.35,29-Jul-2026,528,INF247L01BE5
MOTISONS,EQ,14.7,14.9,14.32,14.59,14.6,14.62,24035701,350557672.43,29-Jul-2026,22685,INE0FRK01020
MOTOGENFIN,BE,26.52,27.54,26.52,26.92,26.9,26.71,12357,333986.95,29-Jul-2026,108,INE861B01023
MOXSH,ST,104,104,104,104,104,101.5,1600,166400.00,29-Jul-2026,1,INE0N6D01014
MPHASIS,EQ,2455,2472,2345,2361.3,2349,2413.5,847189,2040018029.90,29-Jul-2026,70330,INE356A01018
MPSLTD,EQ,2595,2750,2595,2683.4,2685,2609.9,123656,333390220.70,29-Jul-2026,12038,INE943D01017
MRF,EQ,133500,134925,133495,134200,134120,133140,4642,623229960.00,29-Jul-2026,3055,INE883A01011
MRPL,EQ,161.63,164.55,159,163.41,163.3,160.03,5477040,888149827.10,29-Jul-2026,36256,INE103A01014
BECTORFOOD,EQ,210.16,217.81,208.5,216.29,216.9,210.16,2761799,590618499.79,29-Jul-2026,24982,INE495P01020
MSPL,EQ,35.8,37.8,35.8,37.13,37,36.22,592633,21822689.34,29-Jul-2026,3479,INE752G01015
MSTCLTD,EQ,605.9,620,594.1,614,615.7,596.55,200947,121764257.10,29-Jul-2026,6761,INE255X01014
MTEDUCARE,BE,1.92,2.01,1.85,1.9,1.9,1.92,61945,117993.06,29-Jul-2026,39,INE472M01018
MTARTECH,BE,5270,5467,5194,5194,5194,5467,461474,2404990747.50,29-Jul-2026,19283,INE864I01014
MUFIN,EQ,124.45,131.5,124.31,130.1,129.37,123.96,1645920,211655051.50,29-Jul-2026,8422,INE08KJ01020
MUKANDLTD,EQ,138.67,141.49,138.64,139.42,139.21,139.1,43502,6085574.92,29-Jul-2026,1194,INE304A01026
MUKKA,EQ,22.91,23.24,22.8,23.04,23.05,22.91,208186,4797183.27,29-Jul-2026,971,INE0CG401037
MUKTAARTS,BE,58.19,59.98,56.5,59.98,59.98,58.19,736,42551.76,29-Jul-2026,12,INE374B01019
MCX,EQ,2731,2777.9,2699.2,2717.5,2717.9,2713.4,1061461,2901917543.70,29-Jul-2026,69154,INE745G01043
MUNISH,ST,81.45,81.45,81,81,81,77.7,7200,585300.00,29-Jul-2026,6,INE1K8Y01018
MUNJALAU,EQ,102,103.59,101.05,101.83,101.25,102.32,235507,24075399.37,29-Jul-2026,2239,INE672B01032
MUNJALSHOW,EQ,138,138.95,136.75,137.15,137.99,137.3,24028,3299241.66,29-Jul-2026,630,INE577A01027
MURUDCERA,EQ,30.95,31.4,30.3,30.53,30.51,30.66,6983,215150.45,29-Jul-2026,131,INE692B01014
RADIOCITY,EQ,6.93,7.1,6.53,6.94,6.95,6.66,228419,1558993.11,29-Jul-2026,357,INE919I01024
MUTHOOTCAP,EQ,219.67,224.01,215.1,221.66,223,218.62,15940,3494415.98,29-Jul-2026,353,INE296G01013
MUTHOOTFIN,EQ,3016.9,3046.6,2992.3,3017.9,3019.8,3014.4,569238,1714388400.30,29-Jul-2026,41258,INE414G01012
MUTHOOTMF,EQ,255,258,249.35,255.58,256.5,255.81,366623,92665947.62,29-Jul-2026,7217,INE046W01019
MYMUDRA,SM,77,77,77,77,77,77,1200,92400.00,29-Jul-2026,1,INE0RVQ01016
NRAIL,EQ,457.65,478.4,455,468.6,468.95,464.45,4048,1881789.70,29-Jul-2026,311,INE740D01017
NRVANDANA,ST,69.9,69.95,66.15,66.25,66.15,68.5,48000,3319050.00,29-Jul-2026,11,INE104101014
NBIFIN,EQ,2239.9,2291,2195,2204,2210,2170,14340,31605889.20,29-Jul-2026,248,INE365I01020
NACLIND,EQ,186.27,196.9,185,195.14,194.9,185.37,717452,137650702.68,29-Jul-2026,9209,INE295D01020
NDGL,EQ,2772,2870,2728,2754.8,2794.9,2772.4,102,286689.20,29-Jul-2026,34,INE756C01015
NAGREEKCAP,EQ,22.11,23.73,22.11,23.02,23,22.98,1344,31177.65,29-Jul-2026,312,INE245I01016
NAGREEKEXP,EQ,20.55,22.46,20.55,22,22,21.28,11297,247398.84,29-Jul-2026,108,INE123B01028
NAHARCAP,EQ,249,252.45,245,245.81,248.5,247.39,1044,257870.50,29-Jul-2026,27,INE049I01012
NAHARINDUS,EQ,119.89,119.89,114.55,114.91,115.6,115.56,8162,940830.98,29-Jul-2026,95,INE289A01011
NAHARPOLY,EQ,268,276.6,268,272.8,274,266.1,13901,3776141.70,29-Jul-2026,682,INE308A01027
NAHARSPING,BE,281.05,282.9,275.25,281.2,282.5,280.1,11234,3157538.95,29-Jul-2026,148,INE290A01027
NGIL,BE,37.54,39.41,35.71,39.41,39.41,37.54,112491,4389401.35,29-Jul-2026,133,INE236Y01012
NSIL,EQ,5415.5,5687,5415.5,5524.5,5600,5434.5,5164,28682375.00,29-Jul-2026,899,INE023A01030
NAMAN,SM,47.4,47.4,45,45,45,45.15,3200,149720.00,29-Jul-2026,4,INE0RJM01010
NAMOEWASTE,ST,288,288,284,284,284,283,10400,2980800.00,29-Jul-2026,11,INE08NZ01012
NDL,EQ,2.27,2.37,2.27,2.36,2.37,2.27,887497,2077621.25,29-Jul-2026,860,INE875G01048
JAIPURKURT,EQ,27.89,27.89,26.52,27.25,27.45,26.56,13268,355957.14,29-Jul-2026,101,INE696V01013
NH,EQ,2075.1,2092.9,2059.4,2070.6,2070,2072.8,152505,317258672.20,29-Jul-2026,17926,INE410P01011
NARMADA,EQ,33.93,34.46,33.23,34.32,34.29,33.86,521336,17698565.77,29-Jul-2026,3066,INE117Z01011
NATCOPHARM,EQ,928.9,942.5,925.95,935.95,937.9,925.05,171943,160905853.70,29-Jul-2026,11709,INE987B01026
NATHBIOGEN,EQ,163.02,166.94,158,159.96,161.94,163.88,12071,1956720.37,29-Jul-2026,491,INE448G01010
NATIONALUM,EQ,335,346.1,332,344.7,346,334.55,5431501,1854325223.30,29-Jul-2026,58388,INE139A01034
NFL,EQ,71.35,72.6,71.3,71.99,72.15,71.3,587140,42320957.27,29-Jul-2026,4180,INE870D01012
NATIONSTD,EQ,274.6,274.6,274.6,274.6,274.6,289,2310,634326.00,29-Jul-2026,183,INE166R01015
NATCAPSUQ,EQ,143.4,147.25,143,144.52,146.88,146.81,8605,1253793.10,29-Jul-2026,137,INE936B01015
NAVA,EQ,555,563.85,551.5,561.6,560.5,552.3,143194,80166653.80,29-Jul-2026,8296,INE725A01030
NAVINFLUOR,EQ,7598,7634.5,7519,7594.5,7596,7512.5,104418,792177732.00,29-Jul-2026,13398,INE048G01026
NAVKARCORP,EQ,103.9,104.89,102.2,103.11,103.03,102.4,344374,35635805.87,29-Jul-2026,3340,INE278M01019
NAVKARURB,BE,1.01,1.09,1.01,1.04,1.06,1.05,286249,299575.62,29-Jul-2026,193,INE268H01044
NAVNETEDUL,EQ,143.8,143.8,137.2,139.83,139.7,142.7,394469,54997618.61,29-Jul-2026,5077,INE060A01024
NAZARA,EQ,305,308.8,303,303.65,303.4,304,960222,293412319.95,29-Jul-2026,11592,INE418L01047
NBCC,EQ,95.5,95.5,94.2,94.6,94.48,94.51,4086454,387144901.30,29-Jul-2026,20966,INE095N01031
NCC,EQ,139.47,142.5,138.51,142.15,142.39,137.7,1548308,218383956.86,29-Jul-2026,16237,INE868B01028
NCLIND,EQ,188.2,188.2,184,185.27,184,185.22,14647,2718023.73,29-Jul-2026,666,INE732C01016
NDLVENTURE,EQ,123.83,129.59,122,127.99,129.59,122.2,33971,4323822.20,29-Jul-2026,521,INE353A01023
NDRAUTO,EQ,812.2,820,801,803.05,804,806.2,10034,8077783.25,29-Jul-2026,875,INE07OG01012
NDTV,EQ,76.25,76.94,75.5,76.2,76.3,76.48,109543,8329223.41,29-Jul-2026,1494,INE155G01029
NECLIFE,BE,10.39,10.39,10.01,10.22,10.21,10.18,102074,1039693.93,29-Jul-2026,261,INE023H01027
NEAGI,EQ,3143,3144.3,3143,3144.3,3144.3,3026.1,2,6287.30,29-Jul-2026,2,INE605D01012
NELCAST,EQ,116.44,118.45,115.61,116.27,116.67,116.32,146031,17027810.48,29-Jul-2026,2469,INE189I01024
NELCO,EQ,967,980.9,924.1,934.1,938,962.4,469803,448838849.80,29-Jul-2026,19384,INE045B01015
NEOCHEM,ST,90.5,92,87.05,92,92,91.35,12000,1080180.00,29-Jul-2026,9,INE21UM01018
NEOGEN,EQ,2039.9,2079.9,2003.7,2048.3,2049,2024.3,128456,264183615.40,29-Jul-2026,18157,INE136S01016
NEPHROCARE,ST,62,63,60.5,62.95,63,62,13600,841360.00,29-Jul-2026,26,INE0SUN01013
NEPHROPLUS,EQ,699,711.9,682.55,706.05,703,689.8,232315,162244041.90,29-Jul-2026,16367,INE428V01029
NEPTUNE,SM,187.95,188,180,180.05,180.05,177,5500,998050.00,29-Jul-2026,11,INE156901014
NESCO,EQ,1050,1094,1044.9,1088.5,1093.4,1048.6,66987,71676031.60,29-Jul-2026,7797,INE317F01035
NESTLEIND,EQ,1499,1515.8,1487.6,1503.3,1506,1491.8,3055336,4598025169.80,29-Jul-2026,89875,INE239A01024
NETWEB,EQ,4500,4544,4322,4364.1,4339.9,4395.7,1616021,7149878999.70,29-Jul-2026,138340,INE0NT901020
NPST,EQ,1573.4,1573.9,1489.1,1545.4,1521.5,1550.7,20131,30726058.10,29-Jul-2026,2181,INE0FFK01017
NETWORK18,EQ,29.01,29.5,28.77,29.24,29.25,28.86,2903038,84334070.25,29-Jul-2026,6374,INE870H01013
NEULANDLAB,EQ,18960,19815,18882,19697,19774,18871,41310,801875304.00,29-Jul-2026,13932,INE794A01010
NEWGEN,EQ,534.45,585.5,532.6,560.5,562.2,525.45,10147091,5692286728.35,29-Jul-2026,169952,INE619B01017
NEWJAISA,ST,15,15,14.25,14.25,14.25,15,58500,839250.00,29-Jul-2026,32,INE0PW501021
NMSTEEL,SM,24.5,24.75,24.5,24.6,24.75,24.5,3200,78800.00,29-Jul-2026,2,INE0TP801012
NEXTMEDIA,EQ,3.92,4.25,3.85,4.08,4.08,3.91,24563,99789.33,29-Jul-2026,61,INE747B01016
NXST,RR,167.9,168.1,166.22,167.26,167,167.43,357296,59824212.08,29-Jul-2026,7702,INE0NDH25011
NFPSAMPOOR,SM,24,24.3,23.7,23.75,23.75,23.2,26000,622200.00,29-Jul-2026,11,INE0T1501010
NGLFINE,EQ,3212.4,3255.5,3100,3251.5,3250.9,3212,7170,22856320.10,29-Jul-2026,1408,INE887E01022
890NHB34,N7,6300,6300,6300,6300,6300,6185,9,56700.00,29-Jul-2026,1,INE557F07199
NHPC,EQ,78.28,79.11,77.69,77.9,77.94,78.28,11231539,877495799.04,29-Jul-2026,28921,INE848E01016
NIBE,EQ,1452.4,1469.9,1393,1405.6,1400,1449.5,69496,99352804.20,29-Jul-2026,7438,INE149O01018
NIITMTS,EQ,233.85,242.66,232.23,241.14,242.45,231.08,201727,48250463.21,29-Jul-2026,4417,INE342G01023
NIITLTD,EQ,95.4,99.69,95.36,97.98,97.7,95.15,996676,98056430.40,29-Jul-2026,8833,INE161A01038
NIKITA,SM,73.65,75.1,73.6,75.1,75.1,73.6,4800,355200.00,29-Jul-2026,4,INE0FLF01015
NILAINFRA,EQ,7.36,7.54,7.33,7.39,7.35,7.42,197263,1471619.02,29-Jul-2026,446,INE937C01029
NILASPACES,EQ,11.76,12,11.57,11.86,11.94,11.76,319717,3787985.49,29-Jul-2026,865,INE00S901012
NILE,EQ,1877.3,1913.8,1876.5,1900.2,1879,1861.7,1722,3253023.70,29-Jul-2026,373,INE445D01013
NILKAMAL,EQ,1954,1960,1814.7,1870.4,1863,1947.6,217447,409454981.30,29-Jul-2026,21855,INE310A01015
NIMBSPROJ,BE,189,196.35,183,184.35,196.35,187,1018,189565.75,29-Jul-2026,17,INE875B01015
NINSYS,BE,846,859.95,804.4,821.45,829,846.7,6687,5488167.65,29-Jul-2026,288,INE395U01014
BANKBEES,EQ,589.3,592.7,589.25,591.74,591.6,587.54,398246,235468398.74,29-Jul-2026,6366,INF204KB15I9
CONSUMBEES,EQ,133.65,133.97,133.03,133.71,133.63,132.83,160890,21513554.09,29-Jul-2026,1086,INF204KA1LD7
DIVOPPBEES,EQ,78,78.44,76.54,78.26,78.25,76.99,86002,6731789.99,29-Jul-2026,665,INF204KA1MS3
NV20BEES,EQ,140.26,140.99,139,140.44,140.2,138.88,8785,1231087.55,29-Jul-2026,172,INF204KB18I3
GOLDBEES,EQ,116.83,117.15,116.33,116.85,116.89,116.83,19147325,2237316418.77,29-Jul-2026,61986,INF204KB17I5
HNGSNGBEES,EQ,494.03,495,488.55,491.18,490.58,489.13,165334,81502193.27,29-Jul-2026,6796,INF204KB19I1
INFRABEES,EQ,953.3,968.1,953.3,964.86,965.95,960.01,4057,3913787.11,29-Jul-2026,1097,INF732E01268
ITBEES,EQ,34,34.8,34,34.54,34.46,33.77,49334071,1706604051.27,29-Jul-2026,35297,INF204KB15V2
JUNIORBEES,EQ,783.8,784.15,781,783.51,783.5,779.58,249083,195068360.04,29-Jul-2026,5215,INF732E01045
LIQUIDBEES,EQ,1000.01,1000.01,999.99,1000,999.99,1000,2770512,2770518836.88,29-Jul-2026,3748,INF732E01037
LTGILTBEES,EQ,30.17,30.17,29.95,29.96,29.96,29.97,703435,21085004.11,29-Jul-2026,539,INF204KB1882
MID150BEES,EQ,239.07,239.49,237.12,238.89,238.73,237.09,444079,105932572.20,29-Jul-2026,4206,INF204KB1V68
NIF100BEES,EQ,268.49,268.66,266.53,268.21,267.8,265.82,48596,13024403.42,29-Jul-2026,1026,INF204K014N5
NIFTYBEES,EQ,274.08,276.1,274.08,275.82,275.6,273.53,7110427,1959520721.81,29-Jul-2026,28803,INF204KB14I2
PSUBNKBEES,EQ,92.73,93.5,92.55,92.99,93.14,92.73,1896775,176503211.88,29-Jul-2026,3779,INF204KB16I7
SHARIABEES,EQ,466,472.91,462.52,472.02,472.29,462.52,20904,9846595.73,29-Jul-2026,551,INF732E01128
NAM-INDIA,EQ,1156,1173,1149,1168.1,1165.3,1150.3,858982,1000128937.70,29-Jul-2026,35737,INE298J01013
LIQGRWBEES,EQ,1049.45,1049.47,1049.45,1049.46,1049.45,1049.33,107948,113287148.56,29-Jul-2026,164,INF204KC1FU1
MANUFGBEES,EQ,159.84,161.15,159.84,161.15,161.15,159.84,4490,720885.82,29-Jul-2026,45,INF204KC1GH6
AUTOBEES,EQ,281.62,290.4,281.62,287.38,288,287.37,267654,77014468.11,29-Jul-2026,2548,INF204KC1337
PHARMABEES,EQ,26.06,27.12,26.06,27.08,27.1,26.73,6414684,172928362.75,29-Jul-2026,8690,INF204KC1089
SILVERBEES,EQ,206.2,208.1,205.9,206.69,206.5,206.2,19353667,4006096038.28,29-Jul-2026,51513,INF204KC1402
SNXT30BEES,EQ,42.42,42.66,42.32,42.6,42.66,42.21,3298,140395.94,29-Jul-2026,43,INF204KC1EZ3
NIRAJ,BE,29.05,29.1,28.3,28.89,28.9,29.05,61327,1763548.85,29-Jul-2026,74,INE368I01016
NIRAJISPAT,EQ,208.8,208.8,205,205,205,190,50,10253.80,29-Jul-2026,7,INE326T01011
NIRLON,EQ,620.3,623.85,620,620,620,620,2980,1848028.70,29-Jul-2026,174,INE910A01012
NIRMAN,SM,41.5,41.5,38.2,39.25,39.75,39.6,16500,654000.00,29-Jul-2026,41,INE0OK701014
NITCO,EQ,103.49,105.48,102.82,103.78,103.31,103.18,468078,48697442.97,29-Jul-2026,3277,INE858F01012
NITINSPIN,EQ,535,542,532.55,537.6,535.05,532.9,27334,14691964.60,29-Jul-2026,1338,INE229H01012
NITIRAJ,EQ,218.88,224.95,210.25,216.49,216.77,218.88,1703,366431.26,29-Jul-2026,103,INE439T01012
NITTAGELA,EQ,1840,1879.4,1836.1,1852.6,1855,1838.9,2887,5343768.80,29-Jul-2026,436,INE265B01019
NIVABUPA,EQ,86.99,87,84.88,85.74,86.03,86.58,1342050,114870689.16,29-Jul-2026,17291,INE995S01015
NKIND,EQ,63,63,58.6,59.65,59.65,57.99,399,24103.78,29-Jul-2026,18,INE542C01019
NLCINDIA,EQ,302,304.2,296.2,296.9,296.35,299.05,2608479,782597865.60,29-Jul-2026,56231,INE589A01014
805NMC30,N2,129,129,129,129,129,126,29,3741.00,29-Jul-2026,1,INE579F24065
NMDC,EQ,83.75,86.45,83.75,85.85,85.98,83.92,24493891,2102822351.50,29-Jul-2026,55147,INE584A01023
NSLNISP,EQ,42.05,43.4,42.05,43.06,43,42.05,4524887,194710826.02,29-Jul-2026,16928,INE0NNS01018
NOCIL,EQ,161.7,167.99,160.33,166.35,166.3,160.96,470775,77531866.75,29-Jul-2026,6157,INE163A01018
NOIDATOLL,BE,4.64,4.64,4.41,4.45,4.49,4.53,56434,252390.32,29-Jul-2026,159,INE781B01015
NORBTEAEXP,EQ,68.89,69.01,66.14,67.57,67.99,69.23,590,40184.23,29-Jul-2026,21,INE369C01017
NECCLTD,BE,15.28,15.28,14.85,15.24,15.25,15.05,11772,177487.26,29-Jul-2026,78,INE553C01016
NORTHARC,EQ,285.35,290.95,281.15,288.8,288.5,285.35,850030,242151551.60,29-Jul-2026,13985,INE850M01015
NOVAAGRI,BE,23,23.43,22.61,23.12,23.18,22.95,25394,584492.94,29-Jul-2026,173,INE02H701025
NOVARTIND,EQ,1610,1622.8,1590.4,1595.9,1605.9,1579.3,39670,63537539.70,29-Jul-2026,4580,INE234A01025
NRBBEARING,EQ,428.1,429.8,416.05,426.95,425,422.8,303252,128732118.65,29-Jul-2026,11117,INE349A01021
NIBL,EQ,37.5,37.85,36.63,37.56,36.88,37,54050,2023480.17,29-Jul-2026,12583,INE047O01014
NTPCGREEN,EQ,92.39,93.05,91.4,91.48,91.5,92.27,4351570,399842376.44,29-Jul-2026,23956,INE0ONG01011
NTPC,EQ,343.7,345.35,341.15,343.5,343.5,343.75,8471125,2905332439.65,29-Jul-2026,83384,INE733E01010
NUCLEUS,EQ,729.2,756.85,727.35,741.1,740,724.85,70208,52063148.80,29-Jul-2026,3591,INE096B01018
NRL,BE,102,103.3,102,103.3,103.3,102,68690,7045809.70,29-Jul-2026,152,INE0JM501013
NURECA,EQ,313.92,328,311.9,326.79,326,311.76,43634,14045355.27,29-Jul-2026,1597,INE0DSF01015
NUVAMA,EQ,1809,1847.1,1757,1827.2,1825.3,1808.8,315381,567687593.60,29-Jul-2026,22875,INE531F01023
NUVOCO,EQ,350,356.5,350,351.75,351.5,350.45,314935,111068708.90,29-Jul-2026,9270,INE118D01016
OBCL,EQ,52.72,53.5,52.15,52.41,52.15,52.65,3740,197318.55,29-Jul-2026,54,INE426Z01016
OBEROIRLTY,EQ,1847.4,1847.4,1816.4,1836.5,1838,1829.5,230937,423071485.00,29-Jul-2026,12214,INE093I01010
OBSCP,SM,615.95,616.5,589.1,604,606,597.9,18800,11420240.00,29-Jul-2026,42,INE0YHV01011
OCCLLTD,BE,150.01,158,145.97,150.79,153.24,153.65,267970,41410691.55,29-Jul-2026,609,INE0PK601023
ODIGMA,BE,22.66,23.04,22.55,22.86,22.63,22.66,9693,220412.15,29-Jul-2026,222,INE054301028
ONGC,EQ,240,240.02,237.93,238.31,238.05,238.91,9139712,2183550339.69,29-Jul-2026,72678,INE213A01029
OILCOUNTUB,BE,56.95,57.28,56.02,57,57,56.32,7567,430581.88,29-Jul-2026,77,INE591A01010
OIL,EQ,448.85,449.85,440.25,447.9,447.3,444.6,1787186,795542669.15,29-Jul-2026,26996,INE274J01014
OLAELEC,EQ,37.29,38.79,37.29,38.4,38.3,37.11,44492516,1705826794.01,29-Jul-2026,83140,INE0LXG01040
OLECTRA,EQ,1320,1338,1320,1330.1,1330,1312.7,149756,199146225.30,29-Jul-2026,9515,INE260D01016
OMFREIGHT,BE,89.51,92,89.05,91.35,90.16,89.51,7528,681493.51,29-Jul-2026,87,INE1BZC01019
OMINFRAL,EQ,93,95,89.31,89.91,89.55,90.34,166326,15140527.95,29-Jul-2026,2517,INE239D01028
OMPOWER,EQ,167.26,168.24,161.55,164.07,164.31,167.74,163625,26958437.49,29-Jul-2026,2169,INE25E901019
OMAXAUTO,BE,194.14,205.85,194.14,196.05,197.99,204.35,291411,57114767.20,29-Jul-2026,1197,INE090B01011
OMAXE,EQ,86.52,88,84.83,85.53,85.57,86.62,211957,18297294.18,29-Jul-2026,2609,INE800H01010
OMFURN,ST,59.95,62.35,59.95,62.35,62.35,59.4,13200,803280.00,29-Jul-2026,10,INE338Y01016
OMNI,EQ,596.1,607.3,591,597.8,596.1,595.75,149244,89425221.45,29-Jul-2026,8430,INE0UH301010
ONDOOR,SM,256,275,248.1,267.75,275,255.15,68700,18154125.00,29-Jul-2026,91,INE00ER01015
PAYTM,EQ,1300,1335.3,1293.1,1330,1333,1307.9,4123247,5438279699.40,29-Jul-2026,85979,INE982J01020
MOBIKWIK,EQ,201.8,203.76,199.47,202.03,202,199.24,659029,133141536.91,29-Jul-2026,7943,INE0HLU01028
ONEPOINT,EQ,56.04,57,55.11,56.57,56.7,55.65,656133,36883008.42,29-Jul-2026,2947,INE840Y01029
OLIL,ST,422,428,414,428,428,420,1600,676800.00,29-Jul-2026,3,INE0OPS01011
ONELIFECAP,BE,38.98,38.98,36.5,37.19,38,37.86,30572,1141950.51,29-Jul-2026,72,INE912L01015
KISSHT,EQ,343,348.9,334.45,343.45,344,342.8,1091197,373706168.60,29-Jul-2026,23198,INE12F801023
ONESOURCE,EQ,1752,1755.2,1707,1749.7,1746,1731.3,204534,355782577.20,29-Jul-2026,20567,INE013P01021
ONIDA,BE,37.27,37.79,37,37.48,37.65,37.61,146958,5499528.36,29-Jul-2026,429,INE831A01028
ONMOBILE,BE,62.98,62.98,61.32,62.1,62,62.83,46031,2855328.01,29-Jul-2026,274,INE809I01019
ONWARDTEC,EQ,296,305.8,294,297.85,298,296.3,248193,74829989.70,29-Jul-2026,6020,INE229A01017
ONYX,ST,42.8,42.8,42.8,42.8,42.8,40.8,8000,342400.00,29-Jul-2026,4,INE0WVU01018
OPTIEMUS,EQ,619.2,630.4,615.6,624.8,616.2,619.2,202439,126654371.40,29-Jul-2026,7508,INE350C01017
OPTIVALUE,SM,151.8,156.95,148,156.7,155,142.7,396800,60902880.00,29-Jul-2026,209,INE15B101011
OFSS,EQ,11401,11695,11368,11427,11398,11334,337103,3893807365.00,29-Jul-2026,54319,INE881D01027
ORBTEXP,BE,242.78,248.9,237.01,243.44,238.01,244,27641,6771456.15,29-Jul-2026,169,INE231G01010
ORCHASP,EQ,1.57,1.7,1.54,1.67,1.64,1.54,257586,423172.60,29-Jul-2026,436,INE215B01022
ORCHPHARMA,EQ,982.1,1022,982.1,1001.45,995,985.35,47133,47378592.65,29-Jul-2026,6560,INE191A01027
ORIANA,SM,1410,1414.9,1353.15,1359.5,1356,1403.1,82350,112772876.25,29-Jul-2026,809,INE0OUT01019
ORICONENT,EQ,54.5,54.57,52.11,53.95,54.5,52.79,47663,2560702.61,29-Jul-2026,1141,INE730A01022
ORIENTBELL,EQ,320.85,322.5,316,318.05,316,320.7,6103,1946758.40,29-Jul-2026,285,INE607D01018
ORIENTCEM,EQ,135.01,139.9,133,137.55,137.95,134.73,402147,55318223.91,29-Jul-2026,4054,INE876N01018
ORIENTCER,EQ,40.25,40.93,40,40.07,40,40.25,24551,985414.96,29-Jul-2026,175,INE569C01020
ORIENTELEC,EQ,171.98,175.5,171,173.66,173.75,170.51,294419,50951308.13,29-Jul-2026,6432,INE142Z01019
GREENPOWER,EQ,9.94,10,9.83,9.89,9.93,9.9,1376851,13685458.04,29-Jul-2026,3639,INE999K01014
ORIENTHOT,EQ,137,137.59,134.6,134.98,134.85,136.6,133518,18140652.10,29-Jul-2026,1980,INE750A01020
ORIENTPPR,EQ,17.71,17.94,17.22,17.51,17.35,17.64,260528,4606267.00,29-Jul-2026,841,INE592A01026
ORIENTLTD,EQ,90.3,90.3,82.16,83.59,82.99,89.85,72990,6170593.51,29-Jul-2026,977,INE609C01024
ORIENTTECH,EQ,272.5,272.5,266.45,267.65,268.8,272.5,239272,64390055.98,29-Jul-2026,5282,INE0PPK01015
OAL,EQ,365.6,400,365.6,398.45,398,371.1,91120,35783939.05,29-Jul-2026,2475,INE959C01023
ORIENTALTL,EQ,5.3,5.39,5.21,5.27,5.3,5.3,66546,351275.39,29-Jul-2026,191,INE998H01012
ORISSAMINE,EQ,4100,4200,4001,4036.9,4046.1,3771.8,152433,624313845.90,29-Jul-2026,20003,INE725E01024
ORKLAINDIA,EQ,567.2,575.6,561,565.55,563.5,567.2,45294,25725401.40,29-Jul-2026,5707,INE16NZ01023
ORTEL,BZ,1.86,1.86,1.71,1.79,1.79,1.79,2147,3912.37,29-Jul-2026,25,INE849L01019
ORTINGLOBE,BE,14.12,14.99,14.12,14.9,14.99,14.43,2173,31009.49,29-Jul-2026,148,INE749B01020
OSELDEVICE,SM,411.7,415.05,390,413.55,412.5,409.9,33400,13413860.00,29-Jul-2026,129,INE0RMF01018
OSIAHYPER,BE,2.95,3.04,2.9,2.91,2.96,2.94,552951,1632551.15,29-Jul-2026,343,INE06IR01021
OSWALAGRO,EQ,38,39.4,38,38.24,38.11,38.28,9262,358147.48,29-Jul-2026,128,INE142A01012
OSWALGREEN,EQ,20.7,21.26,19.8,20.13,20.1,20.76,393304,7980269.67,29-Jul-2026,2378,INE143A01010
OSWALPUMPS,EQ,348,351.95,341.2,344.5,341.2,344.65,344703,119489112.35,29-Jul-2026,6996,INE0BYP01024
OWAIS,ST,95.05,102,95.05,99.45,99.5,97.2,13400,1336990.00,29-Jul-2026,86,INE0R8M01017
PNGJL,EQ,680,717,665.75,670.15,673,679.35,1582224,1093682678.25,29-Jul-2026,43239,INE953R01016
PSRAJ,ST,90.05,90.05,90.05,90.05,90.05,94.75,5000,450250.00,29-Jul-2026,2,INE0XUS01020
PGHH,EQ,9000,9070,8481,8598.5,8598,8973,113815,986944011.00,29-Jul-2026,23004,INE179A01014
PROPEQUITY,SM,211.2,216,211.2,216,216,221.9,1200,256320.00,29-Jul-2026,2,INE0KN801013
PACEDIGITK,EQ,195,199,193.61,197.55,198.33,193.88,510518,100219912.88,29-Jul-2026,5828,INE0S3G01027
PAGEIND,EQ,40565,40565,39800,40270,40350,40370,27423,1101915035.00,29-Jul-2026,9229,INE761H01022
PAISALO,EQ,71.14,72.2,70.38,71.39,71.41,71.14,10849634,774203511.19,29-Jul-2026,24792,INE420C01059
PAKKA,EQ,71.25,72.95,70,71.43,72.39,69.97,72894,5187293.42,29-Jul-2026,1107,INE551D01018
PALASHSECU,EQ,86,89.99,85,87.54,88.98,86.59,3602,313273.97,29-Jul-2026,122,INE471W01019
PALREDTEC,BE,45,46.2,44,44.8,44,44,1660,76020.80,29-Jul-2026,32,INE218G01033
PANACEABIO,EQ,422,426,415.1,423.85,423.5,414.4,132660,55935787.20,29-Jul-2026,4511,INE922B01023
PANACHE,BE,406,422.9,405,420,420,410.55,6669,2769315.60,29-Jul-2026,3776,INE895W01019
PANAMAPET,EQ,451.35,461.2,439.45,447.75,448,451.35,125453,56044385.40,29-Jul-2026,6792,INE305C01029
PANSARI,EQ,333.5,377.9,318,327.5,326,352.85,124144,44328938.60,29-Jul-2026,1885,INE697V01011
PAR,EQ,95.3,98.99,95.3,95.84,95.51,95.37,6401,620419.32,29-Jul-2026,142,INE04LG01015
PARADEEP,EQ,144.8,159.5,142.31,156.54,156.6,139.21,173193514,26797198831.25,29-Jul-2026,726587,INE088F01024
PARAGMILK,EQ,219.75,221.5,215.16,216.56,216.51,219.87,291083,63454978.04,29-Jul-2026,4000,INE883N01014
PARAGON,SM,49,49.15,49,49.15,49.15,49,7200,353340.00,29-Jul-2026,4,INE0N4G01012
PARACABLES,EQ,62.5,64.01,62.5,63.48,63.55,62.22,977523,62051025.43,29-Jul-2026,4380,INE074B01023
PSFL,SM,31.1,31.1,31.1,31.1,31.1,31.5,6000,186600.00,29-Jul-2026,2,INE0Q6001012
PARAS,EQ,1189,1234,1187.1,1212.4,1209,1186.1,785713,953123632.90,29-Jul-2026,32427,INE045601023
PARASPETRO,EQ,2.58,2.62,2.36,2.49,2.5,2.39,1267092,3230841.97,29-Jul-2026,1283,INE162C01024
PARIN,SM,742,742,729,729,729,725.5,500,367750.00,29-Jul-2026,2,INE00U801010
PARKHOSPS,EQ,278,281.85,277.7,279.25,280.3,277.65,130641,36562950.80,29-Jul-2026,3171,INE119201023
PARKHOTELS,EQ,120.84,122.5,120.46,121.64,121.54,119.95,63244,7670137.51,29-Jul-2026,1008,INE988S01028
PARSVNATH,BE,1.86,1.86,1.86,1.86,1.86,1.89,293224,545396.64,29-Jul-2026,152,INE561H01026
PARTH,SM,479.95,492,460,489,490,454.2,25600,12324160.00,29-Jul-2026,56,INE1H7V01011
PARTYCRUS,SM,90.05,90.05,90.05,90.05,90.05,90,1000,90050.00,29-Jul-2026,1,INE06ZX01015
PASHUPATI,EQ,86.9,88.15,86.25,86.53,86.63,86.48,20957,1821218.65,29-Jul-2026,1188,INE124Y01028
PASUPTAC,BE,58.01,60,58,58.02,58,58,53296,3122494.35,29-Jul-2026,300,INE818B01023
PATANJALI,EQ,346.75,360.95,341.1,357.15,357,342.95,17753509,6240769617.30,29-Jul-2026,80910,INE619A01035
PATELENG,EQ,27.84,27.99,27.06,27.8,27.8,27.06,3382034,93244911.82,29-Jul-2026,8371,INE244B01030
PATINTLOG,BE,14.07,14.45,13.61,14.34,14.35,14.14,16596,235913.44,29-Jul-2026,109,INE529D01014
PATELRMART,EQ,221.32,227,221.32,223.3,224,221.63,61908,13870045.47,29-Jul-2026,1378,INE0R8B01010
PATILAUTOM,ST,182,188.25,181,188,188.25,179.3,42000,7786500.00,29-Jul-2026,52,INE17GV01016
PML,EQ,486.65,497.4,461,486.25,486.05,472,1113,522803.55,29-Jul-2026,31,INE291E01019
PAUSHAKLTD,EQ,590,594.7,574.9,582.45,590,582.55,12309,7193133.65,29-Jul-2026,977,INE111F01024
PAVNAIND,EQ,17.9,19.9,17.67,18.66,18.48,17.55,580679,11005545.68,29-Jul-2026,2028,INE07S101038
POLICYBZR,EQ,1591.6,1620.9,1591.6,1611.2,1609.5,1583.3,542622,873115973.50,29-Jul-2026,26876,INE417T01026
PCJEWELLER,EQ,9.3,9.3,9.05,9.1,9.15,9.22,109472665,1001845168.79,29-Jul-2026,41507,INE785M01021
PCBL,EQ,321,374,320.8,365.7,368,318.4,26955359,9568806518.25,29-Jul-2026,293840,INE602A01031
PDSL,EQ,349,352,345.8,350.3,352,349.7,128572,44867295.15,29-Jul-2026,2290,INE111Q01021
PGIL,EQ,1994.8,2070,1985.8,2060.6,2064,1993.4,94427,192391237.90,29-Jul-2026,12510,INE940H01022
PEARLPOLY,BE,17.5,17.5,17.01,17.13,17.12,17.5,1280,22187.15,29-Jul-2026,17,INE844A01013
PELATRO,SM,266.9,266.9,260.5,260.5,260.5,269.6,2700,712845.00,29-Jul-2026,5,INE0VG601013
PENINLAND,BE,16.5,16.5,16.09,16.09,16.09,16.41,29210,474722.63,29-Jul-2026,84,INE138A01028
PENIND,EQ,164.53,168.8,164.38,167.67,167.9,165.2,214563,35831081.43,29-Jul-2026,3906,INE932A01024
PENTAGON,SM,49.5,52.95,49.5,52.95,52.95,51.35,3000,155350.00,29-Jul-2026,3,INE0ORS01017
PERSISTENT,EQ,5510.4,5589,5460,5483.3,5462,5428.4,563293,3112134004.20,29-Jul-2026,58535,INE262H01021
PCCL,SM,282.9,282.9,269,277.15,271.5,269.3,14400,4008680.00,29-Jul-2026,34,INE998U01015
PETRONET,EQ,278.2,278.5,275.05,277.1,277.5,277.8,1226262,339458058.15,29-Jul-2026,28189,INE347G01014
720PFCL36,N6,1021,1021,1020.99,1021,1021,1021,15,15314.94,29-Jul-2026,4,INE134E07DO3
730PFCL41,NC,980,980,980,980,980,997,20,19600.00,29-Jul-2026,2,INE134E07DU0
PFIZER,EQ,4735,4839.5,4712.3,4755.1,4759,4710.7,41592,199102000.80,29-Jul-2026,8436,INE182A01018
PGEL,EQ,588,619.05,585.1,612.45,612,585.45,2208477,1337281395.25,29-Jul-2026,35785,INE457L01029
PHANTOMFX,SM,176,177,173,173.15,173,179.95,4200,733590.00,29-Jul-2026,14,INE0MLZ01019
PHOGLOBAL,SM,16.9,17,16.9,17,17,16.5,4000,67800.00,29-Jul-2026,2,INE0FPO01018
PWL,EQ,124.8,130.5,123.02,126.55,126.4,124.2,6296045,801039117.64,29-Jul-2026,42206,INE0LP301011
PIIND,EQ,2716.6,2761,2713,2753.9,2747.3,2706.6,260551,713507094.90,29-Jul-2026,15260,INE603J01030
PICCADIL,EQ,746.3,755.4,726.05,731.25,730.1,737.85,97920,72450831.05,29-Jul-2026,6210,INE546C01010
PPSL,SM,4.15,4.15,4.1,4.15,4.15,3.8,342000,1419150.00,29-Jul-2026,49,INE0YAL01017
PIDILITIND,EQ,1619.9,1637,1608.9,1629.9,1630,1619.6,1117313,1811555483.00,29-Jul-2026,42712,INE318A01026
PILITA,BE,9.11,9.11,8.44,8.6,8.6,8.78,25231,218396.55,29-Jul-2026,92,INE600A01035
PILANIINVS,EQ,4278.4,4319.9,4270,4309.4,4315,4240,904,3883710.90,29-Jul-2026,165,INE417C01014
PINELABS,EQ,154,154.77,143.37,144.64,144.4,152.94,32188389,4768245709.02,29-Jul-2026,155493,INE15B701018
PIONEEREMB,EQ,23.24,23.85,23.24,23.75,23.72,22.93,28720,674285.54,29-Jul-2026,69,INE156C01018
PIONRINV,BE,88.23,88.67,85,88.67,88.67,88.67,4701,408299.41,29-Jul-2026,37,INE746D01014
PIRAMALFIN,EQ,2015.7,2053,1970.5,2043.3,2040,2005.8,256754,518190198.20,29-Jul-2026,24358,INE202B01038
PPLPHARMA,EQ,194.45,201,193.2,195.68,195,193.43,11848125,2332009678.82,29-Jul-2026,125565,INE0DK501011
PITTIENG,EQ,915.4,962.95,908.5,951.2,954.5,914.45,36191,34264733.15,29-Jul-2026,2757,INE450D01021
PIXTRANS,EQ,1750,1769.8,1716,1722.4,1745,1748.4,9815,17005924.60,29-Jul-2026,1199,INE751B01018
PLASTIBLEN,EQ,191.79,191.79,187,187.56,187.32,190.1,26093,4925488.45,29-Jul-2026,761,INE083C01022
PLATIND,EQ,242.76,244.23,237.01,238.37,237.6,243.86,43246,10401272.10,29-Jul-2026,1345,INE0PT501018
PLAZACABLE,BE,42.95,43.1,41.98,42.57,42.56,41.98,6226,265070.63,29-Jul-2026,80,INE0INJ01017
PNBGILTS,EQ,83.9,84.9,83.12,83.78,83.17,83.8,229039,19252077.52,29-Jul-2026,2153,INE859A01011
PNBHOUSING,EQ,1072.5,1083.9,1055,1056.3,1059.7,1069.4,497371,527539915.50,29-Jul-2026,18828,INE572E01012
PNCINFRA,EQ,235.1,241.5,233,240.52,240.29,233.98,364588,87082987.75,29-Jul-2026,20965,INE195J01029
PNGSREVA,EQ,440,478.9,415.55,447.5,452,423.95,3946097,1782578003.15,29-Jul-2026,101466,INE1RDG01013
PODDARMENT,EQ,250,259.21,249.01,255.41,257.79,249.65,5841,1483451.73,29-Jul-2026,191,INE371C01013
POKARNA,EQ,923.2,937.9,911.7,920,914.2,923.2,22712,20927247.00,29-Jul-2026,2270,INE637C01025
POLYMED,EQ,1654.9,1693,1654.8,1678.5,1671,1647.7,36747,61717802.70,29-Jul-2026,5198,INE205C01021
POLYCAB,EQ,9155,9169.5,8975,9047,9043.5,9121.5,233061,2108130354.00,29-Jul-2026,30900,INE455K01017
POLYPLEX,EQ,1140,1142,1115,1121.1,1123,1141.35,46831,52689432.40,29-Jul-2026,4183,INE633B01018
POCL,EQ,513.5,547.6,510,527.7,525.5,513,563744,301910170.70,29-Jul-2026,16791,INE063E01061
PONNIERODE,EQ,306.05,311.75,305.95,306.7,307.85,307.3,5047,1549636.45,29-Jul-2026,311,INE838E01017
POONAWALLA,EQ,467,483.75,463.25,481.6,480.55,465.85,1143996,544885237.05,29-Jul-2026,60999,INE511C01022
PVSL,EQ,110,111,108,110.25,109.99,108.44,35102,3854805.88,29-Jul-2026,746,INE772T01024
POSITRON,SM,174.5,179.9,173,173,173,174.5,3300,577920.00,29-Jul-2026,8,INE0S3H01017
PFC,EQ,419.9,431.4,419.1,427.1,426.5,419.9,6586258,2804122708.05,29-Jul-2026,57215,INE134E01011
POWERGRID,EQ,284,284.75,281.05,282.85,283.4,285.3,12375693,3497955021.20,29-Jul-2026,62707,INE752E01010
PIGL,EQ,107.51,108.3,104.42,105.44,105.1,106.62,35751,3803578.81,29-Jul-2026,2445,INE557Z01018
POWERMECH,EQ,2649.4,2698,2618,2659.8,2660.9,2636.1,51736,137048082.30,29-Jul-2026,8395,INE211R01019
PGINVIT,IV,101.97,101.99,101.61,101.67,101.65,101.66,2478072,252194821.22,29-Jul-2026,6816,INE0GGX23010
POWERICA,EQ,550.75,558,524,533.7,533.9,548.15,238790,128847096.30,29-Jul-2026,17464,INE921L01032
PPAP,BE,276,288.8,276,282.5,288.8,281.4,9671,2744118.69,29-Jul-2026,230,INE095I01015
PRABHA,EQ,142.08,144.5,141.02,142.42,142.22,142.72,9140,1303586.50,29-Jul-2026,178,INE0I0M01023
PRADPME,BE,530,530,505,515.6,518.95,514.9,5249,2690650.70,29-Jul-2026,94,INE770A01010
PRAJIND,EQ,302.45,311.95,302.45,310.15,309.5,302.45,638259,197400455.65,29-Jul-2026,16421,INE074A01025
PRAENG,EQ,20.75,21.89,20.25,20.78,21,21.01,48641,1026072.98,29-Jul-2026,168,INE505C01016
PRAKASH,EQ,124,127.78,123.73,125.92,125.3,123.64,271035,34261109.69,29-Jul-2026,3641,INE603A01013
PPL,BE,268.4,275,264.5,270.6,268.55,268.4,14021,3762123.95,29-Jul-2026,278,INE050001010
PRAKASHSTL,EQ,4,4.12,4,4.01,4.03,4.02,81499,328898.70,29-Jul-2026,208,INE696K01024
PRAMARA,SM,124.25,126.25,120.75,122.3,120.85,124.25,35000,4311950.00,29-Jul-2026,55,INE0O7A01017
DIAMONDYD,EQ,1092,1133.9,1070,1126.6,1129,1073.5,27901,30953487.90,29-Jul-2026,2408,INE393P01035
PRATHAM,SM,115.05,115.05,114,114,114,114.85,9200,1056820.00,29-Jul-2026,4,INE0QA601016
PRAVEG,EQ,287.59,291.8,285,288.71,288.7,285.3,46652,13443778.14,29-Jul-2026,1372,INE722B01019
PRAXIS,BE,7.15,7.15,6.62,6.62,6.78,6.96,278908,1858433.69,29-Jul-2026,198,INE546Y01022
PRECAM,EQ,138.4,142.34,138.03,139.23,138.5,138.34,79435,11111825.00,29-Jul-2026,1619,INE484I01029
PRECISION,SM,8.35,8.35,7.8,8,8,8.2,6000,48300.00,29-Jul-2026,3,INE0HKW01018
PRECWIRE,EQ,369.55,370,358.05,360.2,359.8,366.6,164512,59502277.60,29-Jul-2026,6668,INE372C01037
PRECOT,EQ,827.95,827.95,768.1,793.95,800,802.3,3344,2642792.75,29-Jul-2026,295,INE283A01014
PREMCO,EQ,371.7,375,363,366.05,375,371.7,446,162994.90,29-Jul-2026,69,INE001E01012
PREMIERENE,EQ,1024,1042,1016.3,1036.2,1032,1016.9,640029,659200748.70,29-Jul-2026,24769,INE0BS701011
PREMEXPLN,EQ,664.95,670,661.1,662.15,663,663.15,282973,187739677.30,29-Jul-2026,3684,INE863B01029
PREMIER,BE,2.84,2.85,2.77,2.77,2.77,2.8,3599,10090.09,29-Jul-2026,26,INE342A01018
PREMIERPOL,EQ,75.5,76,73,73.6,73.4,75.4,151379,11256334.11,29-Jul-2026,2347,INE309M01020
PRLIND,SM,44.2,46.05,43.6,45.3,46,44.4,48000,2152800.00,29-Jul-2026,35,INE0CFG01012
PREMIUM,SM,40.65,40.65,40.65,40.65,40.65,38.25,3000,121950.00,29-Jul-2026,1,INE0M1F01011
PRESSTONIC,SM,26.6,27,25.95,26.05,26.1,26.35,42400,1114960.00,29-Jul-2026,43,INE0R1601012
PRESTIGE,EQ,1696,1702.4,1657.4,1673,1665,1682.3,908875,1528532685.70,29-Jul-2026,40137,INE811K01011
PRICOLLTD,EQ,664,672.95,656.95,660.55,659,665.1,380128,252396183.20,29-Jul-2026,16414,INE726V01018
PRIMECAB,ST,192,200.5,192,199.8,199.8,192,35200,6928800.00,29-Jul-2026,22,INE0CQA01020
PFOCUS,EQ,293.9,311,284.59,308.72,308,289.23,2566594,774246090.80,29-Jul-2026,49552,INE367G01038
PRIMESECU,EQ,272.05,277,272.05,276.05,277,273.6,11768,3232280.20,29-Jul-2026,251,INE032B01021
PRIMO,EQ,22.33,22.83,22.11,22.69,22.7,22.32,57405,1292887.47,29-Jul-2026,863,INE607A01022
PRINCEPIPE,EQ,259.35,266.2,259.35,265.3,264.5,259.8,78845,20782694.75,29-Jul-2026,2525,INE689W01016
PRSMJOHNSN,EQ,107.78,108.58,106.45,107.9,107.55,106.98,70955,7664039.24,29-Jul-2026,1712,INE010A01011
PRITI,BE,36.19,37.18,35,36.89,36.89,36.19,4088,149823.03,29-Jul-2026,43,INE974Z01015
PRITIKAUTO,BE,17.42,17.95,17.25,17.65,17.52,17.58,53333,938877.45,29-Jul-2026,304,INE583R01029
PRITIKA,SM,57.85,57.9,57.5,57.9,57.9,55.15,18000,1038600.00,29-Jul-2026,5,INE0MJQ01020
PNC,EQ,20.21,20.6,19.41,19.92,20,19.81,9022,180325.63,29-Jul-2026,88,INE392B01011
PRIVISCL,EQ,3629.2,3723.8,3603.6,3707.3,3670.5,3629.2,82031,299800439.20,29-Jul-2026,11941,INE959A01019
PRIZOR,ST,852.1,859,852.1,859,859,851.9,5600,4789400.00,29-Jul-2026,13,INE0V9N01017
PROFX,SM,75.5,78,75.5,77,77,73.5,16000,1238720.00,29-Jul-2026,9,INE0VJT01017
PGHL,EQ,6704.5,6730,6553.5,6615.5,6599.5,6675.5,24105,159704516.50,29-Jul-2026,6477,INE199A01012
PROSTARM,EQ,122.6,125,120.5,124.25,124,121.74,87031,10740629.57,29-Jul-2026,1731,INE0BX301013
PROTEAN,EQ,624.4,645.95,624.4,631.5,632,623.5,317195,201933087.75,29-Jul-2026,10409,INE004A01022
PROV,SM,1650,1650,1650,1650,1650,1720,80,132000.00,29-Jul-2026,1,INE0ONE01016
PROZONER,EQ,43.93,45.68,42.43,42.67,43,43.5,146735,6332764.73,29-Jul-2026,1088,INE195N01013
PRUDENT,EQ,3155.9,3239.9,3110,3158.5,3141,3089.5,107819,341723701.70,29-Jul-2026,18930,INE00F201020
PRUDMOULI,BE,12.5,12.95,12.5,12.77,12.9,12.54,657,8268.10,29-Jul-2026,12,INE024D01016
PSPPROJECT,EQ,1025,1040,1014.6,1023.7,1020,1022,86072,88441379.50,29-Jul-2026,4166,INE488V01015
PFS,EQ,28,28.35,27.72,27.78,27.72,28.78,1927714,54117788.08,29-Jul-2026,4614,INE560K01014
PTC,EQ,166.39,169,165.41,167.81,167.96,165.91,835603,139397363.91,29-Jul-2026,12138,INE877F01012
PTCIL,EQ,17874,18149,17841,17971,18000,17874,10735,193039973.00,29-Jul-2026,2891,INE596F01018
PTL,EQ,39.4,39.77,39.05,39.15,39.1,39.26,24284,954847.35,29-Jul-2026,377,INE034D01049
PDMJEPAPER,EQ,96.6,101.2,96.6,98.37,98.5,96.6,322236,31775874.51,29-Jul-2026,3586,INE865T01018
PULZ,SM,23.8,23.8,23.3,23.3,23.3,24.15,6000,141700.00,29-Jul-2026,3,INE335X01014
PSB,EQ,23.85,23.91,23.63,23.67,23.65,23.71,1033148,24522686.75,29-Jul-2026,3034,INE608A01012
PUNJABCHEM,EQ,1161.3,1161.3,1137.1,1150.8,1148.6,1158.2,4842,5543923.40,29-Jul-2026,486,INE277B01014
PNB,EQ,112.3,112.3,110.89,111.08,111.07,111.65,8304814,925105937.15,29-Jul-2026,39558,INE160A01022
PURVA,EQ,215.47,218.19,213.35,214.25,214.99,214.97,127109,27353461.82,29-Jul-2026,3130,INE323I01011
PURPLEUTED,ST,318.7,334.6,314,334.6,334.6,318.7,12250,4016962.50,29-Jul-2026,36,INE0P5R01014
PURVFLEXI,SM,46,46,46,46,46,45.75,800,36800.00,29-Jul-2026,1,INE0R6C01012
PUSHPA,SM,105.85,108.65,105.85,108.65,108.65,105.5,4000,428800.00,29-Jul-2026,4,INE154801018
PVP,EQ,27.31,28,27.15,27.27,27.2,27.22,220666,6070224.69,29-Jul-2026,1228,INE362A01016
PVRINOX,EQ,1118.1,1152,1118.05,1140,1140,1118.15,460909,526021664.80,29-Jul-2026,25383,INE191H01014
PYRAMID,EQ,181.25,190.8,180.19,185.88,186,183.06,253304,47036063.86,29-Jul-2026,5421,INE0MIS01010
QLINE,SM,495,510,493,508.1,510,496.55,62000,31198760.00,29-Jul-2026,131,INE1G2W01011
QMSMEDI,EQ,117.9,117.9,112.15,116.34,114.01,112.55,27341,3161523.70,29-Jul-2026,1159,INE0FMW01018
QUADFUTURE,EQ,351.6,358.8,347.05,351.2,352.9,345.8,292693,103229591.50,29-Jul-2026,8437,INE0LRY01011
QPOWER,BE,1110,1119.4,1078,1105,1113.9,1096.6,76325,83256801.50,29-Jul-2026,2404,INE0SII01026
QGOLDHALF,EQ,117.11,117.35,116.83,117.08,117.06,117.05,71750,8402447.55,29-Jul-2026,561,INF082J01408
QNIFTY,EQ,266.6,267.4,266.4,267.16,267,264.19,1013,270418.70,29-Jul-2026,48,INF082J01499
QUESS,EQ,307.75,309.7,303.15,307.4,307.5,303.25,363773,111662672.30,29-Jul-2026,8539,INE615P01015
QUESTLAB,SM,87.2,96.75,87.2,95,95,90,44400,4180140.00,29-Jul-2026,28,INE0TNW01017
QUICKHEAL,BE,157,160.8,154.01,160,159.1,156.73,108426,17322504.19,29-Jul-2026,684,INE306L01010
QUICKTOUCH,SM,22,22.6,20.9,22.55,22.6,21.8,3500,77125.00,29-Jul-2026,7,INE0K4D01020
QUINT,EQ,38,38.89,37,38.7,38.7,37.14,481,18380.94,29-Jul-2026,15,INE641R01017
RKSWAMY,EQ,103.65,106.05,102.7,103.49,103.91,104.03,32344,3376540.34,29-Jul-2026,693,INE0NQ801033
RMDRIP,BE,18.11,18.75,17.5,18.44,18.43,18.02,273687,4966011.43,29-Jul-2026,634,INE219Y01026
RRIL,EQ,17.7,18.4,17.23,17.78,17.49,17.38,18797,332009.43,29-Jul-2026,85,INE951M01037
RRKABEL,EQ,2599.9,2622,2535,2558.9,2542.9,2576.9,778732,2002877580.50,29-Jul-2026,55116,INE777K01022
RSDFIN,EQ,75.11,83,75.11,76.91,77,77.69,426,33489.94,29-Jul-2026,29,INE616F01022
RSYSTEMS,EQ,254.7,268,254.7,264.19,264.8,254.2,779441,206149630.13,29-Jul-2026,22548,INE411H01032
RNBDENIMS,EQ,9.33,9.33,9.01,9.08,9.05,9.14,212785,1941967.00,29-Jul-2026,712,INE012Q01039
RSSOFTWARE,BE,31.28,31.5,30.02,31.03,31.15,31.28,32583,998648.13,29-Jul-2026,127,INE165B01029
RPPINFRA,EQ,63.1,63.6,61.8,61.97,61.8,62.58,30553,1903361.54,29-Jul-2026,846,INE324L01013
RIIT,IV,115.21,117.4,115.21,117.13,117.4,116.66,69756,8159563.90,29-Jul-2026,1646,INE2PB023011
RACE,EQ,108.01,109.99,107,108.05,107,108.01,608,65586.81,29-Jul-2026,44,INE084Q01012
RILINFRA,SM,38.5,39.65,38.5,39.65,39.65,39,5800,227475.00,29-Jul-2026,27,INE02OY01016
RACLGEAR,EQ,1310.4,1312,1280,1286.8,1287,1309.4,32917,42552005.60,29-Jul-2026,2926,INE704B01017
RADAAN,EQ,3.55,3.73,2.92,3.31,3.25,3.16,701034,2429194.71,29-Jul-2026,614,INE874F01027
RADHIKAJWE,EQ,68.67,70.23,66.25,67.11,66.95,68.87,934550,64347825.88,29-Jul-2026,7383,INE583V01021
RADIANTCMS,EQ,36.2,37.95,36.2,37.49,37.94,36.66,103165,3846100.61,29-Jul-2026,1013,INE855R01021
RADICO,EQ,4338.6,4454,4270,4373.8,4375,4289.7,1449623,6335951557.80,29-Jul-2026,107011,INE944F01028
RADIOWALLA,ST,27.15,28.15,27.15,28.15,28.15,27.7,4800,131920.00,29-Jul-2026,3,INE430U01019
RPEL,EQ,1261,1310.9,1261,1299.2,1299,1264.4,50545,65308325.00,29-Jul-2026,4668,INE912T01018
RVNL,EQ,224.2,228.4,224.01,224.83,224.45,221.34,10091069,2277398265.44,29-Jul-2026,51532,INE415G01027
RAILTEL,EQ,289.45,296.55,289.45,293.5,295,286.55,789494,231581434.00,29-Jul-2026,18154,INE0DD101019
RAIN,EQ,221.36,227.45,220.41,224.57,224,220.28,3433323,771741546.39,29-Jul-2026,30611,INE855B01025
RAINBOW,EQ,1480,1500,1469.6,1496.7,1491.7,1469.5,58187,86797863.60,29-Jul-2026,8955,INE961O01016
ROML,EQ,45.4,45.4,43.61,44.85,44.35,44.62,9265,413810.54,29-Jul-2026,146,INE294G01026
RAJRILTD,BE,20.67,20.67,19.92,20.52,20.52,20.28,7973,161032.66,29-Jul-2026,71,INE533D01032
RAJTV,EQ,11.76,12,11.72,11.95,11.95,11.93,6141,72982.60,29-Jul-2026,64,INE952H01027
RAJPALAYAM,EQ,825,825,810,819.9,820.95,810.55,524,429727.65,29-Jul-2026,25,INE296E01026
ARENTERP,EQ,42.97,42.97,39.8,40.89,41.9,41.27,8318,340043.79,29-Jul-2026,88,INE610C01014
RAJESHEXPO,BZ,88.09,88.09,86.01,86.73,87,86.85,51479,4470851.67,29-Jul-2026,791,INE343B01030
RCDL,SM,25,27.5,25,27.5,27.5,24.45,12000,310350.00,29-Jul-2026,4,INE0BZQ01011
RAJMET,EQ,3.26,3.36,3.26,3.31,3.32,3.3,117260,389375.43,29-Jul-2026,484,INE00KV01022
RAJOOENG,BE,52.2,52.98,51.07,52.18,52.27,52.13,204350,10602126.63,29-Jul-2026,752,INE535F01024
RAJPUTANA,SM,195.2,195.2,195.2,195.2,195.2,195.2,500,97600.00,29-Jul-2026,1,INE0VHU01019
RAJINDLTD,SM,70,71.5,70,70.05,70.05,71.85,9000,634650.00,29-Jul-2026,6,INE0PCU01012
RSL,EQ,141.89,145.8,140,140.53,140.31,139.45,762508,108475047.87,29-Jul-2026,4219,INE313L01016
RAJRATAN,EQ,491,510.95,491,498.9,499.1,486.45,169791,85667334.85,29-Jul-2026,7431,INE451D01029
RPPL,EQ,21.43,21.43,19.61,20.84,20.79,20.38,56350,1149191.79,29-Jul-2026,683,INE760W01023
RAJSREESUG,EQ,29.2,31.49,29.06,30.01,29.99,29.34,91570,2756293.40,29-Jul-2026,533,INE562B01019
RALLIS,EQ,216.51,220.29,215.41,218.73,218.81,215.61,924829,201890927.70,29-Jul-2026,21259,INE613A01020
RAMRAT,EQ,437.95,462.95,430.55,456.5,454,436.05,709520,321328769.75,29-Jul-2026,14042,INE207E01023
RAMAPHO,EQ,128.01,130.78,126.03,127.13,127.99,128.62,36294,4682497.33,29-Jul-2026,641,INE809A01032
RAMASTEEL,BE,4.24,4.24,4.1,4.17,4.19,4.21,2465880,10240424.28,29-Jul-2026,4049,INE230R01035
RAMCOIND,EQ,333.9,339.15,331.2,333.4,336.25,332.05,93956,31361448.05,29-Jul-2026,2264,INE614A01028
RAMCOSYS,EQ,601,622.7,581.35,590.05,591.9,607.95,1071046,644072412.15,29-Jul-2026,27077,INE246B01019
RBS,SM,80,81.5,79,80.35,81.5,80.1,16000,1282040.00,29-Jul-2026,19,INE0RJH01010
RKFORGE,EQ,631.6,645,626.15,642.25,637.4,630.65,1688630,1078718153.80,29-Jul-2026,33377,INE399G01023
RAMKY,EQ,372.45,376.7,368,370.05,373,371.45,33264,12351272.55,29-Jul-2026,1158,INE874I01013
RANASUG,EQ,12,12.07,11.83,11.91,11.97,11.94,82896,989909.29,29-Jul-2026,325,INE625B01014
RML,EQ,1101,1135,1080.1,1115.2,1124,1126.1,29768,33117078.50,29-Jul-2026,3465,INE050H01012
RANEHOLDIN,EQ,1751,1751,1724.1,1735.2,1741,1744.6,4877,8460151.20,29-Jul-2026,794,INE384A01010
RAPPID,SM,337.05,337.05,335,335,335,336,1800,604230.00,29-Jul-2026,3,INE0MVO01012
RPTECH,EQ,784.8,795,755.55,773.55,768.4,785.3,243915,190009150.40,29-Jul-2026,12968,INE0J1F01024
RCF,EQ,126.75,129.9,126.57,127.92,127.9,126.3,1231117,157938403.09,29-Jul-2026,11316,INE027A01015
RATEGAIN,EQ,911.6,935.35,905.55,923.15,918,908.25,354006,326400890.90,29-Jul-2026,20524,INE0CLI01024
RATNAMANI,EQ,2357,2408.7,2357,2389.2,2408,2356.5,11153,26568219.20,29-Jul-2026,3910,INE703B01027
RATNAVEER,EQ,186,191.29,175.15,186,185.55,186.17,9624866,1762985305.02,29-Jul-2026,66766,INE05CZ01011
RTNINDIA,EQ,32.1,32.15,31.41,31.51,31.48,31.58,767883,24342058.74,29-Jul-2026,3499,INE834M01019
RTNPOWER,EQ,8.51,8.56,8.49,8.5,8.52,8.51,6672738,56833230.67,29-Jul-2026,8093,INE399K01017
RKDL,EQ,19.02,19.65,19.02,19.14,19.15,19.14,6188,119584.75,29-Jul-2026,64,INE722J01012
RVHL,EQ,45.25,45.25,43.31,44.42,44.49,45.25,2914,129054.57,29-Jul-2026,56,INE09E501017
RELTD,EQ,174.7,175.44,170.39,172.68,172.51,174.79,77652,13398575.88,29-Jul-2026,2328,INE206N01018
RAYMONDLSL,EQ,711,721.5,707,713.15,718,707.25,92341,65908872.45,29-Jul-2026,3668,INE02ID01020
RAYMOND,EQ,580,595,571.45,588.5,587.1,576.8,281164,163306466.80,29-Jul-2026,9697,INE301A01014
RAYMONDREL,EQ,671,671,653.75,657.85,656.8,662.1,169169,111690589.30,29-Jul-2026,5010,INE1SY401010
RBLBANK,EQ,366.2,372.4,363.9,371.15,370.5,364.9,4168194,1532103400.55,29-Jul-2026,56223,INE976G01028
RBMINFRA,SM,279.25,285.4,272.1,273.45,275.3,276.6,8800,2441720.00,29-Jul-2026,44,INE0NA301016
RBZJEWEL,EQ,144.86,146.99,140.2,141.08,140.2,144.86,49499,7077294.30,29-Jul-2026,1335,INE0PEQ01016
READYMIX,SM,99.05,104.95,98.05,101.1,103.2,104.15,13000,1322700.00,29-Jul-2026,13,INE10QL01011
RECLTD,EQ,370,378.7,369.05,374.25,374.4,368.45,6301213,2357073108.35,29-Jul-2026,61813,INE020B01018
REDINGTON,EQ,278.5,289.8,275.5,287.45,289.2,278.05,5142236,1463046833.05,29-Jul-2026,78876,INE891D01026
REDTAPE,EQ,127.3,132.4,127.3,131.78,132.32,127.22,384387,50078841.52,29-Jul-2026,5442,INE0LXT01019
REFEX,EQ,331.3,344.85,310.15,314.95,317,328.1,3555871,1161053263.00,29-Jul-2026,69683,INE056I01025
REGAAL,BE,80.1,83,80,82.54,83,79.76,126100,10341131.08,29-Jul-2026,529,INE0MHO01029
REGENCERAM,EQ,33.02,33.89,32.5,33,33,33.01,2786,91854.72,29-Jul-2026,50,INE277C01012
RELAXO,EQ,397,417.95,392,409.1,411,391.95,832036,341587259.60,29-Jul-2026,23127,INE131B01039
GILT5YBEES,EQ,66.39,66.69,66.01,66.05,66.05,66.06,80969,5349361.42,29-Jul-2026,269,INF204KC1030
RELIABLE,EQ,138.5,140.66,132,137.78,140,136.94,19485,2654678.17,29-Jul-2026,432,INE375Y01018
RELCHEMQ,EQ,124.95,127.46,123,123.34,123.25,124.76,6192,772600.29,29-Jul-2026,123,INE750D01016
RCOM,BE,0.83,0.84,0.82,0.83,0.84,0.83,1681727,1396799.56,29-Jul-2026,1388,INE330H01018
RHFL,BZ,1.94,1.96,1.92,1.93,1.94,1.93,284621,550594.43,29-Jul-2026,559,INE217K01011
RIIL,EQ,732.2,742.95,728.2,737.65,737,727.15,59169,43525460.65,29-Jul-2026,3033,INE046A01015
RELIANCE,EQ,1275,1282.4,1268.7,1275.9,1277.1,1267.7,9448307,12051805840.60,29-Jul-2026,193119,INE002A01018
RPOWER,EQ,23.46,23.97,23.45,23.56,23.56,23.46,12003595,283701943.83,29-Jul-2026,23101,INE614G01033
RELIGARE,EQ,251,253.35,249.2,250.3,251.75,250.3,228762,57315783.45,29-Jul-2026,4866,INE621H01010
REMSONSIND,EQ,78,80.39,78,80.05,80.3,78.6,48718,3878365.10,29-Jul-2026,734,INE474C01023
REMUS,SM,715,719,705,719,719,714.65,2300,1643195.00,29-Jul-2026,9,INE0O5T01011
RGL,EQ,116.38,124.77,116.25,121.06,121.1,116.26,1279321,155485236.52,29-Jul-2026,11621,INE722H01024
RNPL,SM,80.75,81.9,80.75,81.9,81.9,78,7200,585480.00,29-Jul-2026,6,INE0VZX01015
REPCOHOME,EQ,385.8,399.7,384.5,394.75,392,384.75,97114,37913828.85,29-Jul-2026,3925,INE612J01015
REPRO,EQ,362,380.75,360.6,362.2,361,369.9,26968,9907356.40,29-Jul-2026,502,INE461B01014
RESPONIND,EQ,174.5,175.78,172.1,173.33,173.88,172.99,95636,16644141.51,29-Jul-2026,1735,INE688D01026
RBA,EQ,66.72,67.49,66.5,67.07,67.4,66.67,1614461,108089171.68,29-Jul-2026,5301,INE07T201019
RVTH,EQ,718.55,750,709,718.7,727.75,718.6,321,233016.25,29-Jul-2026,43,INE0DAB01012
REXPRO,SM,40.5,40.5,40.45,40.45,40.45,38.6,2000,80950.00,29-Jul-2026,2,INE113601012
RHETAN,EQ,30.14,30.37,29.86,29.87,29.87,29.52,9032341,272009050.84,29-Jul-2026,6538,INE0KKN01029
RHIM,EQ,392,398,392,395.65,395,391.85,178570,70607759.05,29-Jul-2026,4917,INE743M01012
RICHA,ST,92.7,93,92.7,93,93,93,45000,4184600.00,29-Jul-2026,3,INE0J1P01015
RICOAUTO,EQ,142.25,144,139.58,140.14,140.55,141.23,1014633,143723870.73,29-Jul-2026,8502,INE209B01025
RIR,EQ,156.78,161,156,159.26,158.52,155.23,106807,16959596.48,29-Jul-2026,1971,INE302D01024
RISHABH,EQ,608.9,620,603.55,608.25,605.1,602.95,75751,46059195.90,29-Jul-2026,4262,INE0N2P01017
RITCO,EQ,292,302.7,290.55,299.5,299,290.5,203459,60572862.75,29-Jul-2026,6231,INE01EG01016
RITES,EQ,214.69,219.75,214.6,218.96,219.29,214.29,521673,113945338.73,29-Jul-2026,10587,INE320J01015
RKEC,EQ,26.77,27.29,26.07,26.24,26.1,26.77,11502,304540.67,29-Jul-2026,137,INE786W01010
RMC,EQ,265.85,265.85,256.2,258.65,261.9,257.9,31538,8189714.75,29-Jul-2026,1024,INE655V01019
RNFI,SM,275,275,268.9,270.5,272,274.7,19800,5377200.00,29-Jul-2026,25,INE0SA001017
RHL,EQ,169.82,175.78,168.54,172.89,174,167.13,12071,2083029.48,29-Jul-2026,251,INE508K01013
ROCKPP,E1,70,70,70,70,70,60,3000,210000.00,29-Jul-2026,3,IN90PTR01010
ROCKINGDCE,SM,179,200,179,191,191,177.65,7750,1458725.00,29-Jul-2026,19,INE0PTR01012
ROLEXRINGS,EQ,137.9,139.85,136.55,138.99,139,137.56,445616,61724936.84,29-Jul-2026,5479,INE645S01024
ROLLT,BE,2.31,2.33,2.14,2.25,2.25,2.25,226747,503366.12,29-Jul-2026,114,INE927A01040
ROSSARI,EQ,509,517.6,502.95,506,510.45,504.3,36814,18692101.45,29-Jul-2026,2097,INE02A801020
ROSSELLIND,EQ,59.2,60.68,58.01,58.57,58.85,59.19,19020,1120983.35,29-Jul-2026,400,INE847C01020
ROSSTECH,EQ,939,939,903,935,930,911.6,436882,402225498.80,29-Jul-2026,20709,INE0OJW01016
ROTO,EQ,66.24,69.6,66.24,69.07,69.25,66,875637,60082952.83,29-Jul-2026,5910,INE535D01037
ROUTE,EQ,548.8,553.2,541.65,548.55,550,551.35,249595,136623596.65,29-Jul-2026,7887,INE450U01017
ROXHITECH,SM,52.95,53,48,49.45,49.45,50.25,51200,2574560.00,29-Jul-2026,30,INE0PDJ01013
ROHLTD,EQ,320.7,324,314,318.25,319,320.3,25843,8232275.05,29-Jul-2026,754,INE283H01019
RPGLIFE,EQ,2950,3019.7,2768.9,2850.2,2842,2888.7,53983,154933174.50,29-Jul-2026,8147,INE105J01010
RPSGVENT,EQ,897.7,941.6,896.35,940.05,941,896.8,71136,66446298.20,29-Jul-2026,2547,INE425Y01011
RSWM,BE,212.01,217.75,212.01,215.71,215.99,215.43,29130,6266208.73,29-Jul-2026,220,INE611A01016
RUBFILA,EQ,72.78,72.78,70.15,70.76,71.35,72.06,31381,2230872.50,29-Jul-2026,349,INE642C01025
RUBICON,EQ,1550,1550,1504.1,1527.6,1520.2,1535.6,150501,229290877.90,29-Jul-2026,13764,INE506V01022
RUCHINFRA,EQ,5.93,6.08,5.86,5.87,5.87,5.88,17862,105460.84,29-Jul-2026,120,INE413B01023
RUCHIRA,EQ,111.8,111.8,107.8,108.3,108.2,109.92,45858,4979436.94,29-Jul-2026,502,INE803H01014
RUDRA,EQ,17.79,18,17,17.69,17.8,17.62,45949,807476.32,29-Jul-2026,163,INE027T01023
REPL,BE,65.14,65.14,62,64.79,64.8,63.55,3016,192340.07,29-Jul-2026,48,INE364Z01019
RULKA,SM,109.5,109.5,102.15,106,106,109.5,9000,960690.00,29-Jul-2026,28,INE0R7301013
RUPA,EQ,162.3,164,160.6,161.09,161,162.3,116910,18901328.95,29-Jul-2026,2313,INE895B01021
RUSHIL,EQ,18.3,18.48,17.4,17.66,17.75,18.4,834459,14994598.03,29-Jul-2026,2258,INE573K01025
SATECH,SM,35,35,33.25,33.4,33.25,35,16000,537400.00,29-Jul-2026,16,INE0BSN01013
SCHAND,EQ,148.68,148.68,144.01,146.01,145.5,146.74,27528,4010109.09,29-Jul-2026,1064,INE807K01035
SDREAMS,SM,88,89,88,89,89,89,3000,265000.00,29-Jul-2026,2,INE0X6F01017
SHK,EQ,154.49,168.48,153.03,163.44,166,143.97,16773714,2748409179.16,29-Jul-2026,129423,INE500L01026
SJLOGISTIC,SM,303.2,309.95,299.2,305.25,309.95,304,20000,6070025.00,29-Jul-2026,66,INE0F3301020
S&SPOWER,EQ,334,334,315,317.85,316.6,324.85,4688,1491713.70,29-Jul-2026,176,INE902B01017
SPAL,EQ,999,1021.9,976.1,1009,1015.4,986.2,84872,85038652.90,29-Jul-2026,5154,INE212I01016
SALSTEEL,BE,60.55,63,60.55,62.62,62.99,61.06,212402,13157118.04,29-Jul-2026,643,INE658G01014
SAAKSHI,ST,305,305,295,303,303,300.85,1800,541800.00,29-Jul-2026,3,INE0PSK01027
SAATVIKGL,EQ,440,450,434.5,438,437.1,437.85,61669,27300700.65,29-Jul-2026,2435,INE13B501022
SABEVENTS,EQ,6.59,6.59,6.59,6.59,6.59,6.93,767,5054.53,29-Jul-2026,9,INE860T01019
SABAR,SM,6.1,6.1,6.1,6.1,6.1,5.9,25000,152500.00,29-Jul-2026,4,INE0DZ101013
SACHEEROME,SM,410.5,419,410,417.45,416,402.3,7500,3104595.00,29-Jul-2026,24,INE1ARD01016
SADBHAV,EQ,9.84,10.05,9.42,10.05,10.05,9.14,1481304,14751462.68,29-Jul-2026,1714,INE226H01026
SADBHIN,BE,2.29,2.4,2.27,2.4,2.4,2.29,214902,505114.95,29-Jul-2026,174,INE764L01010
SADHNANIQ,BE,2.64,2.64,2.61,2.61,2.61,2.66,1574906,4129346.67,29-Jul-2026,331,INE888C01040
SADHAV,SM,116,116,116,116,116,117,4200,487200.00,29-Jul-2026,2,INE0K5H01010
SAFARI,EQ,1571.5,1622.8,1550,1600.6,1600,1559.6,36576,58702517.00,29-Jul-2026,8143,INE429E01023
SAFEENTP,SM,249.7,250,246.05,249.95,250,248.2,24000,5970550.00,29-Jul-2026,44,INE17D601016
SAGCEM,EQ,177.93,178.74,174.5,175.39,176,178.27,44076,7745687.68,29-Jul-2026,1251,INE229C01021
SAGARDEEP,EQ,24.61,25.25,23.62,23.93,24.45,24.6,7675,185416.55,29-Jul-2026,82,INE976T01013
SAGILITY,EQ,43.35,45.15,42.63,44.87,44.9,43.16,56332184,2507244526.23,29-Jul-2026,87772,INE0W2G01015
SAHAJSOLAR,SM,113.25,117.15,113.25,115.45,116.55,117.5,16800,1939440.00,29-Jul-2026,42,INE0P4701011
SAHANA,SM,935,967,930,935.4,941.9,943.45,45000,42710468.75,29-Jul-2026,162,INE0LEX01011
SAHASRA,ST,315,315.9,307.5,309.55,307.6,323.65,37600,11662760.00,29-Jul-2026,84,INE0RBQ01018
SAHYADRI,EQ,309.9,310,290.6,298.4,291.05,303.65,5512,1642459.00,29-Jul-2026,354,INE280H01015
SAILIFE,EQ,1298.7,1320.7,1291.5,1315.9,1311,1300.5,391365,513375367.40,29-Jul-2026,26173,INE570L01029
SAIPARENT,EQ,549.8,559,544.65,552.65,553.9,547.4,54559,30053801.35,29-Jul-2026,2894,INE0H9F01037
KALAMANDIR,EQ,88.8,89.65,87.91,88.77,88.95,87.87,429999,38130769.64,29-Jul-2026,4254,INE438K01021
SAJHOTELS,ST,35.55,36.8,35.55,36.8,36.8,35.1,8000,291900.00,29-Jul-2026,3,INE00MT01022
SAKAR,EQ,854.95,874,844,850,851,846.9,84436,72224556.40,29-Jul-2026,5758,INE732S01012
SAKSOFT,EQ,164.9,172.43,164.01,169.48,170,162.47,1327755,224255634.72,29-Jul-2026,15059,INE667G01023
SAKHTISUG,EQ,16.86,17.18,16.71,16.78,16.73,16.86,37741,635492.81,29-Jul-2026,220,INE623A01011
SAKUMA,EQ,1.67,1.68,1.61,1.63,1.66,1.66,656579,1083019.71,29-Jul-2026,659,INE190H01024
SALASAR,EQ,5.9,5.94,5.85,5.87,5.89,5.89,2766900,16322487.42,29-Jul-2026,2385,INE170V01027
SALONA,EQ,266,266,241.05,244.05,243.5,245.7,396,97021.45,29-Jul-2026,62,INE498E01010
SALZERELEC,EQ,563,583.2,561.7,570.6,572.8,562.45,43251,24739285.85,29-Jul-2026,2477,INE457F01013
SAMBHAAV,EQ,6.2,6.43,6.2,6.25,6.25,6.29,6088,38143.31,29-Jul-2026,44,INE699B01027
SAMBHV,EQ,121,122.5,115,115.81,116.61,119.79,1975397,232999796.14,29-Jul-2026,12659,INE12NJ01018
SAIFL,SM,5.15,5.15,5.05,5.05,5.05,5.1,176000,895000.00,29-Jul-2026,26,INE0PZA01015
SAMHI,EQ,177.25,183,177.25,181.72,181.99,176.36,991556,179132604.88,29-Jul-2026,10065,INE08U801020
SAMMAANCAP,EQ,164.1,164.4,161.93,162.07,162.1,163.27,2562464,416348441.91,29-Jul-2026,10665,INE148I01020
SAMPANN,EQ,27,27.9,27,27.71,27.15,27.25,14294,389104.96,29-Jul-2026,137,INE735M01018
MOTHERSON,EQ,148.04,148.8,143.86,146,146.1,147.86,14481610,2108272358.26,29-Jul-2026,87697,INE775A01035
SANATHAN,EQ,484.8,484.8,468.1,471.75,469,476.05,22641,10740434.30,29-Jul-2026,1268,INE0JPD01013
SANDESH,EQ,980,980,967,973,970.1,973,223,217047.60,29-Jul-2026,42,INE583B01015
SANDHAR,EQ,592,594.6,582.35,590.9,592,584.85,84960,50159115.90,29-Jul-2026,6336,INE278H01035
SANDUMA,EQ,205,213.4,204.6,208.56,208.25,201.55,1993264,416764442.09,29-Jul-2026,34229,INE149K01016
SANGAMIND,EQ,597.8,608.7,595.3,598.75,598,602.35,19533,11757763.30,29-Jul-2026,1125,INE495C01010
SANGANI,SM,43,43,43,43,43,44.8,1500,64500.00,29-Jul-2026,1,INE0OVI01010
SANGHVIMOV,EQ,438,442.75,432,438.1,440.5,436.45,220890,96568493.40,29-Jul-2026,4608,INE989A01032
SANGINITA,BE,65.39,65.39,65.39,65.39,65.39,64.11,29686,1941167.54,29-Jul-2026,85,INE753W01010
SANOFICONR,EQ,4914.9,4927,4638.6,4745.3,4715,4707.2,103679,492821779.90,29-Jul-2026,6421,INE0UOS01011
SANOFI,EQ,3450,3450,3378.1,3419.9,3419.9,3363.2,148369,504533302.50,29-Jul-2026,11543,INE058A01010
SANSERA,EQ,3194.8,3264.9,3175.1,3233.1,3233,3177.2,155670,501933397.80,29-Jul-2026,20814,INE953O01021
SANSTAR,EQ,110.7,112.9,109.41,111.53,111.42,111.24,124744,13938631.76,29-Jul-2026,2763,INE08NE01025
SANWARIA,BZ,0.21,0.21,0.2,0.2,0.21,0.2,244799,49691.24,29-Jul-2026,126,INE890C01046
SAPPHIRE,EQ,184,199,182.9,193.67,194.59,184.23,2443747,469725350.24,29-Jul-2026,46264,INE806T01020
SARTELE,SM,116.7,117.25,112.5,113.45,114.9,114.15,58500,6650425.00,29-Jul-2026,107,INE0PUC01020
ZSARACOM,EQ,12020,12300,12013,12238.5,12238.5,12180,9,109170.00,29-Jul-2026,8,INE967G01019
SSDL,EQ,52.93,53.9,52.91,53.42,53.05,52.85,7665,407789.54,29-Jul-2026,217,INE0PQ101010
SARDAEN,EQ,511.65,529,511.65,523.6,524,510.2,511581,267659142.80,29-Jul-2026,19830,INE385C01021
SAREGAMA,EQ,522,535.5,517.05,530.45,530.95,524.25,628097,332325732.10,29-Jul-2026,19935,INE979A01025
SARLAPOLY,EQ,98.9,100.1,97.61,99.17,99.5,98.64,47038,4670118.57,29-Jul-2026,1014,INE453D01025
SMLT,EQ,68.49,68.49,66.46,68.03,68.45,66.26,1731,117350.97,29-Jul-2026,62,INE017W01010
SARVESHWAR,EQ,3.43,3.43,3.16,3.33,3.36,3.35,1985288,6517370.86,29-Jul-2026,2142,INE324X01026
SASKEN,EQ,1769,1829.3,1747.1,1793.8,1800,1742.2,57763,103657528.10,29-Jul-2026,4275,INE231F01020
SATKARTAR,ST,125.1,132,125.1,128.95,132,126.85,16800,2152800.00,29-Jul-2026,20,INE0NB801022
SSEGL,SM,320,328.9,319,327.5,328.9,318.65,28600,9325090.00,29-Jul-2026,88,INE0RFP01011
SATIPOLY,ST,39.85,41.3,39.85,41,41,39.35,4500,182225.00,29-Jul-2026,8,INE0RPM01017
SATIA,EQ,60.84,62.48,60.5,60.69,60.51,60.54,92177,5637437.32,29-Jul-2026,883,INE170E01023
SATIN,EQ,260.3,268.99,257.05,258.46,259.47,259.6,403234,105655291.25,29-Jul-2026,6963,INE836B01017
SATTVAENGG,SM,76,77,76,77,77,76,12800,981760.00,29-Jul-2026,8,INE14DW01018
SAURASHCEM,EQ,57.21,58.06,56.98,57.76,57.87,57.09,45453,2612113.62,29-Jul-2026,639,INE626A01014
SOTL,EQ,634.7,634.7,602.05,609.3,609.8,619.65,265400,162208995.25,29-Jul-2026,9148,INE035D01020
SAVY,SM,118.65,120,118.6,118.8,118.8,116.95,27600,3304680.00,29-Jul-2026,15,INE0UCN01017
SAWALIYA,SM,293,293.3,285,291,291,291.4,146400,42656880.00,29-Jul-2026,58,INE10VS01016
SAYAJIHOTL,EQ,298,298.85,280.3,285.35,280.3,284.65,271,79339.55,29-Jul-2026,44,INE318C01014
SBC,EQ,42.2,42.27,42,42.08,42.1,42.04,6751528,284551941.56,29-Jul-2026,3128,INE04AK01028
SBFC,EQ,91.09,91.4,89.95,90.19,90.25,90.26,471630,42635243.32,29-Jul-2026,5366,INE423Y01016
SBICARD,EQ,662.75,663.45,652.25,660.5,661,654.9,779077,512956245.70,29-Jul-2026,16796,INE018E01016
SBIFUNDS,EQ,578,579.5,573.2,576.05,576.05,576.35,2872496,1653050618.20,29-Jul-2026,76601,INE640G01020
SBILIFE,EQ,1895,1902.8,1880.4,1894.9,1896,1889.1,1365116,2584631156.80,29-Jul-2026,51756,INE123W01016
SETFGOLD,EQ,120.62,120.8,120.09,120.53,120.45,120.52,1856369,223671579.51,29-Jul-2026,8262,INF200KA16D8
SETFNIF50,EQ,262.5,262.5,258.7,260.58,260.49,258.51,501433,130596904.95,29-Jul-2026,2864,INF200KA1FS1
SETFNIFBK,EQ,585.59,588,585.04,587.1,586.36,583.17,14769,8668441.33,29-Jul-2026,363,INF200KA1580
SETFNN50,EQ,773.65,781,773.65,779.76,778.55,773.24,45615,35504499.69,29-Jul-2026,1200,INF200KA1598
LIQUIDSBI,EQ,999.99,1000.01,999.99,1000,1000,1000,11280,11279956.19,29-Jul-2026,25,INF200KA13Z8
SBIBPB,EQ,46.8,48.5,46.8,48.28,48.4,48,42906,2073411.46,29-Jul-2026,242,INF200KB1712
SBIETFCON,EQ,124.97,124.97,121,123.95,121,122.81,7517,932990.71,29-Jul-2026,132,INF200KA1X17
SBIETFIT,EQ,338,348,338,344.61,342,337.64,43062,14871299.38,29-Jul-2026,964,INF200KA1S14
SBIETFPB,EQ,282.55,282.55,279.02,281.45,280.47,278.52,2252,632616.05,29-Jul-2026,77,INF200KA1S22
SBIETFQLTY,EQ,223.06,225.96,220.27,225.95,225.95,223.06,5125,1153371.72,29-Jul-2026,896,INF200KA1WX6
SBILIQETF,EQ,1049.49,1049.49,1049.47,1049.48,1049.47,1049.32,19393,20352432.83,29-Jul-2026,43,INF200KB1969
SBIMIDMOM,EQ,62.03,62.79,62.02,62.49,62.68,62.14,12881,802932.48,29-Jul-2026,111,INF200KB1AJ0
SBINEQWETF,EQ,33.44,34,33.06,33.78,34,33.44,114079,3838693.40,29-Jul-2026,284,INF200KB1282
SBINMID150,EQ,23.2,23.3,22.98,23.16,23.1,22.98,17062,395227.70,29-Jul-2026,99,INF200KB1AK8
SBISILVER,EQ,211.43,213.25,211,211.87,211.6,211.43,519365,110117565.52,29-Jul-2026,4911,INF200KB1217
SBISMLETF,EQ,17.91,18.05,17.78,18.02,18.05,17.83,95349,1714281.67,29-Jul-2026,119,INF200KB1AY9
SBIVALETF,EQ,14.89,14.9,14.73,14.74,14.73,14.85,18165,268124.90,29-Jul-2026,38,INF200KB1AX1
SETF10GILT,EQ,266.49,266.49,264.26,265.79,266.43,266.55,673,178471.41,29-Jul-2026,34,INF200KA1JT1
SCANSTL,EQ,52,60,48.23,59.38,60,50.51,2525744,142193951.37,29-Jul-2026,17165,INE099G01011
SCHAEFFLER,EQ,4152,4198.5,4125.3,4159.8,4162,4144.6,26994,112518884.50,29-Jul-2026,6300,INE513A01022
SCHNEIDER,EQ,1350,1350,1276,1280.9,1277,1332.7,264639,343969187.60,29-Jul-2026,20577,INE839M01018
888SCL28,NA,1000,1000,1000,1000,1000,999.98,500,500000.00,29-Jul-2026,2,INE148I07XK0
925SCL2028,N8,1000,1000,1000,1000,1000,1000,365,365000.00,29-Jul-2026,10,INE148I07XP9
925SCL27B,N1,1001,1001,1001,1001,1001,997.81,10,10010.00,29-Jul-2026,1,INE148I07WH8
965SCL26Y,N1,1050,1050,1050,1050,1050,1000.2,10,10500.00,29-Jul-2026,1,INE148I07VW9
971SCL30,N1,1013.58,1013.58,1013.58,1013.58,1013.58,1026,13,13176.54,29-Jul-2026,1,INE148I07WP1
975SCL28A,N0,109580.26,109580.26,109580.26,109580.26,109580.26,108643.94,20,2191605.20,29-Jul-2026,5,INE148I07TY9
975SCL29,N0,100381.08,100381.08,100381.08,100381.08,100381.08,109810.75,20,2007621.60,29-Jul-2026,1,INE148I07TX1
990SCL28,N1,1040,1040,1038.15,1038.15,1038.15,1037.62,32,33239.30,29-Jul-2026,2,INE148I07WI6
SCODATUBES,EQ,146.8,151,146.71,147.77,149.95,146.8,149697,22286517.43,29-Jul-2026,2559,INE090501011
690AP27,SG,96,96,96,96,96,100.75,800,76800.00,29-Jul-2026,1,IN1020200086
763KA37,SG,100.4,100.4,100.4,100.4,100.4,96,10000,1004000.00,29-Jul-2026,1,IN1920220051
727MH39,SG,101.14,101.14,101.14,101.14,101.14,97.85,20000,2022800.00,29-Jul-2026,1,IN2220240112
747PN43,SG,96.62,96.62,96.62,96.62,96.62,96.5,100,9662.00,29-Jul-2026,1,IN2820230034
759TS37,SG,98,98,98,98,98,98,400,39200.00,29-Jul-2026,4,IN4520220315
773UP34,SG,100.26,100.26,100.26,100.26,100.26,98,100,10026.00,29-Jul-2026,1,IN3320230151
SEAMECLTD,EQ,1435.3,1465,1428,1439.8,1440.2,1438.8,30743,44631019.70,29-Jul-2026,3418,INE497B01018
IIFLZC26,NN,1485,1485,1485,1485,1485,1471.25,100,148500.00,29-Jul-2026,1,INE530B07187
IIFLZC28B,Y1,1270.2,1270.2,1269.9,1269.9,1269.9,1270,500,635030.00,29-Jul-2026,4,INE530B07369
1003ISFL28,N4,1010,1010,1003.5,1003.5,1003.5,1010,15,15085.00,29-Jul-2026,3,INE413U07269
1003IIFL29,NC,941.25,1040,941.25,1040,1040,1039,114,111663.10,29-Jul-2026,8,INE413U07301
1003SCL30A,NV,795,799.7,717,717,717,850.1,104,78781.40,29-Jul-2026,10,INE148I07QX7
890SFIL23A,NZ,420,420,420,420,420,420,177,74340.00,29-Jul-2026,9,INE244L07523
1025SCL34,Z8,1035,1040,1035,1036,1040,1040,25,25900.00,29-Jul-2026,2,INE148I07SQ7
835SCL23B,YM,1050,1050,1050,1050,1050,1016,10,10500.00,29-Jul-2026,1,INE148I07RZ0
888SCL25E,N4,950,950,950,950,950,949.9,200,190000.00,29-Jul-2026,1,INE148I07PV3
1050ISFL28,N5,1050,1050,1050,1050,1050,1050,5,5250.00,29-Jul-2026,1,INE413U07251
1075SCL33,YK,1082.76,1082.76,1082.76,1082.76,1082.76,1085.2,182,197062.32,29-Jul-2026,1,INE148I07RW7
1075SCL34,ZR,1038.26,1045,1038.26,1045,1045,1045.5,12,12465.86,29-Jul-2026,2,INE148I07TP7
980SCL33,NX,840.4,840.4,840.4,840.4,840.4,900,2,1680.80,29-Jul-2026,1,INE148I07QZ2
1119NFL27,ND,1050,1050,1050,1050,1050,1040,171,179550.00,29-Jul-2026,3,INE342T07445
79NHIT35,N1,314.8,314.8,308.05,312,312,309.05,3,934.85,29-Jul-2026,3,INE0H7R07017
79NHIT47,N3,418.84,418.87,418.84,418.87,418.87,419.91,2,837.71,29-Jul-2026,2,INE0H7R07033
797IGT31,NL,1012.01,1012.01,1010,1010,1010,1001.15,2,2022.01,29-Jul-2026,2,INE219X07280
82IGT31,NJ,1028,1028,1028,1028,1028,1028,230,236440.00,29-Jul-2026,4,INE219X07264
925IHFL25E,N8,1040,1040,1039,1039,1039,1060,131,136209.00,29-Jul-2026,3,INE121A07RF6
84CIFCL28,NA,1020,1025,1020,1025,1025,1030,125,128000.00,29-Jul-2026,3,INE121A07RE9
85CIFC27,NL,1040.19,1040.19,1040.19,1040.19,1040.19,1033,3,3120.57,29-Jul-2026,1,INE121A07RT7
865IFL28,NZ,993.99,1000,993.99,1000,1000,981,1000,998199.50,29-Jul-2026,10,INE530B07385
865IIFL28,NS,991.29,995,990.25,991.11,990.25,989.63,7871,7818744.80,29-Jul-2026,37,INE530B07310
875IIFL26,NM,1060,1060,1060,1060,1060,1050,90,95400.00,29-Jul-2026,2,INE530B07179
889SCL27,YT,999.9,999.9,999.9,999.9,999.9,997,5,4999.50,29-Jul-2026,1,INE148I07LV2
975SCL28,NT,996,996,996,996,996,999.99,100,99600.00,29-Jul-2026,1,INE148I07KP6
89IHFL29,N1,990,990,990,990,990,990,100,99000.00,29-Jul-2026,1,INE477L07BG1
897MOFSL29,N4,1030,1030,1030,1030,1030,1020,100,103000.00,29-Jul-2026,2,INE338I07164
9IHFL27,N1,1046.96,1046.96,1046.96,1046.96,1046.96,1046.96,75,78522.00,29-Jul-2026,1,INE477L07BC0
9IIFL28A,NT,1030.1,1031.1,1030.1,1031.1,1031.1,1044.75,104,107134.40,29-Jul-2026,3,INE530B07260
925AEL26,N1,1072,1075.5,1072,1075,1075,1075,108,116092.50,29-Jul-2026,5,INE423A07351
925SCL27,YR,1002.2,1002.2,1002.2,1002.2,1002.2,1020.35,3,3006.60,29-Jul-2026,1,INE148I07LT6
93MOFSL34,N6,1050,1050.1,1040,1050.1,1050.1,1140.1,132,137884.00,29-Jul-2026,3,INE338I07115
948SCL26B,Y8,995,995,995,995,995,994.53,10,9950.00,29-Jul-2026,1,INE148I07RJ4
948SCL27D,N1,968,968,968,968,968,960,3,2904.00,29-Jul-2026,1,INE148I07UC3
915SCL27,Z7,1065.8,1065.8,1065.8,1065.8,1065.8,1050.2,58,61816.40,29-Jul-2026,1,INE148I07ME6
957ISFL26,N2,999,999,999,999,999,1001,21,20979.00,29-Jul-2026,1,INE413U07236
965AEL27,N4,1096.51,1096.51,1096.51,1096.51,1096.51,1095,203,222591.53,29-Jul-2026,3,INE423A07328
970CAGL28,ND,1022,1022,1022,1022,1022,1030,5,5110.00,29-Jul-2026,1,INE741K07579
99AEL29,N7,1105,1109,1105,1106.43,1106,1106.52,286,316388.00,29-Jul-2026,49,INE423A07344
CIFC26A,N9,1261.45,1261.5,1261.45,1261.45,1261.45,1261.9,308,388526.65,29-Jul-2026,7,INE121A07RD1
AEL120924,N2,1166.66,1166.66,1165,1165,1165,1175.09,137,159754.40,29-Jul-2026,3,INE423A07369
SCLZC26C,NB,1293,1300,1293,1300,1300,1293,574,742431.00,29-Jul-2026,16,INE148I07QB3
CIFCZC28A,N5,1300,1300,1290,1291.36,1292,1275,298,385451.30,29-Jul-2026,22,INE121A07QX1
IMC1,N1,256,256.5,256,256.5,256.5,256,128,32778.50,29-Jul-2026,2,INE00QS24043
IMC1,N2,256,256.5,255.5,256.11,256.01,256,188,48137.21,29-Jul-2026,6,INE00QS24027
IMC1,N3,258,258,255.1,255.1,255.1,258,22,5615.10,29-Jul-2026,2,INE00QS24035
1015ECL29,NR,1020,1021.9,1015,1020.05,1020.05,1021,705,719367.90,29-Jul-2026,13,INE804IA7014
1060ECL29,NS,1055,1149,1055,1149,1149,1051,136,152880.00,29-Jul-2026,3,INE804IA7022
81TCHF28,N8,1009.9,1015,1005.36,1014.5,1014.5,1005.86,601,605047.16,29-Jul-2026,17,INE033L07GS6
84TCHF28,NA,1050,1050,1050,1050,1050,1060,145,152250.00,29-Jul-2026,7,INE033L07GU2
865SCL26,N8,995.41,997.99,995.31,996,995.31,996.14,8,7968.04,29-Jul-2026,4,INE148I07GJ7
9SCL26BA,NA,1068.87,1068.87,1068.87,1068.87,1068.87,1070.02,77,82302.99,29-Jul-2026,2,INE148I07GL3
903SFL28,YI,1040,1040,1040,1040,1040,1030,40,41600.00,29-Jul-2026,1,INE721A07NU1
91SFL27,ZI,1049.5,1049.89,1049.49,1049.89,1049.89,1049.9,235,246676.75,29-Jul-2026,5,INE721A07PN1
94SFL28,YL,1044,1044,1044,1044,1044,1041.2,37,38628.00,29-Jul-2026,8,INE721A07NX5
943ECL28,NJ,1004.43,1004.43,1003.99,1003.99,1004,1001,342,343409.72,29-Jul-2026,5,INE804I078Y8
97SFL26,Z9,1090,1090,1090,1090,1090,1087,1,1090.00,29-Jul-2026,1,INE721A07PE0
97SFL29,YZ,1075.2,1075.2,1075.2,1075.2,1075.2,1075,70,75264.00,29-Jul-2026,1,INE721A07OQ7
985ECL28,NK,1004.99,1004.99,1003,1004.66,1004.66,1000.7,140,140621.17,29-Jul-2026,14,INE804I079Y6
SFLZC26A,ZC,1891,1895,1885,1895,1895,1890,214,404824.00,29-Jul-2026,11,INE721A07PH3
SECMARK,EQ,129.4,129.4,125,125.11,127.4,123.77,3979,502355.78,29-Jul-2026,41,INE0BTM01013
SECURKLOUD,EQ,18.2,18.2,17.41,17.88,17.94,17.92,3859,68413.27,29-Jul-2026,67,INE650K01021
SEDEMAC,EQ,2560,2739.3,2560,2657.8,2655,2705.4,196224,522946323.90,29-Jul-2026,20422,INE00XB01019
SEJALLTD,BE,778.5,778.5,743.9,745.85,745,762.35,8571,6465038.05,29-Jul-2026,122,INE955I01044
SELMC,EQ,29.1,29.1,27.13,27.33,27.32,27.41,6231,172856.65,29-Jul-2026,76,INE105I01020
SELLOWRAP,SM,66.95,66.95,66.95,66.95,66.95,63.5,3200,214240.00,29-Jul-2026,2,INE0IJF01013
SEMAC,BE,305.45,324.95,305.45,323.45,323.45,321.5,348,109212.00,29-Jul-2026,35,INE617A01013
SENCO,EQ,421.9,422,409,413.4,414,418.65,1867704,776641817.05,29-Jul-2026,36713,INE602W01027
SENORES,EQ,1339,1344.5,1310,1318.3,1316.8,1323.9,219694,291030352.30,29-Jul-2026,14771,INE0RB801010
SEPC,EQ,5.92,6.1,5.9,6.02,6.07,5.87,11318321,67776231.42,29-Jul-2026,5387,INE964H01014
865LTF26,NN,1065,1065,1055,1060,1060,1055,23,24350.00,29-Jul-2026,7,INE027E07BC8
905LTF27,NF,1035,1035,1029,1032.66,1033,1030.02,224,231321.90,29-Jul-2026,6,INE027E07AL1
865TCAPS27,N8,1089,1089,1089,1089,1089,1089,1,1089.00,29-Jul-2026,1,INE306N07LM5
96SFIL24A,NB,989,995,989,995,995,999.9,260,257440.00,29-Jul-2026,4,INE244L07168
SERVICE,SM,61.8,61.85,60,60,60,60.9,16000,982000.00,29-Jul-2026,6,INE0P1Q01015
SERVOTECH,EQ,93.1,94.4,92,92.25,92.5,93.05,475362,44218691.73,29-Jul-2026,5008,INE782X01033
STYL,EQ,343.2,358.95,343.2,350.85,353.8,343.35,104880,37019702.55,29-Jul-2026,4388,INE04VU01023
SESHAPAPER,EQ,238.4,238.9,231,233.36,233.5,235.28,76789,18030457.25,29-Jul-2026,1867,INE630A01024
SETCO,BE,17.9,18,17.9,17.94,17.94,17.9,16598,298139.22,29-Jul-2026,66,INE878E01021
SETUINFRA,BZ,0.45,0.45,0.41,0.43,0.43,0.43,88347,36814.77,29-Jul-2026,41,INE023M01027
SEYAIND,BE,12.5,12.54,12.18,12.42,12.44,12.42,3111,38116.55,29-Jul-2026,29,INE573R01012
SGFIN,EQ,680,686.95,671.3,679.6,675.9,673.55,204711,139031777.95,29-Jul-2026,7496,INE618R01015
SGMART,EQ,718,718.15,703,708.15,703.1,711.55,98747,70094661.15,29-Jul-2026,6260,INE385F01024
SHADOWFAX,EQ,208.1,220,205.43,216.19,216.9,207.52,9863736,2116621974.11,29-Jul-2026,117956,INE12UN01015
SHAHALLOYS,EQ,66.5,68.44,66,66.23,67,66.03,1882,124927.81,29-Jul-2026,37,INE640C01011
SHAH,EQ,4.15,4.21,3.38,3.71,3.72,4.1,32343133,119838430.22,29-Jul-2026,12028,INE482J01021
SHAILY,EQ,3052,3077.7,2993,3044.2,3039,3051.8,133296,404258579.20,29-Jul-2026,16910,INE151G01028
SHAKTIPUMP,EQ,520.9,528.85,520.7,523.75,523,518.85,374563,196353129.15,29-Jul-2026,20067,INE908D01010
SHALBY,EQ,162.12,164,160,162.62,164,161.14,60176,9784651.01,29-Jul-2026,1612,INE597J01018
SAHLIBHFI,EQ,79.9,82,77.6,81.81,79.41,79.78,10932,887528.63,29-Jul-2026,48,INE861D01011
SHALPAINTS,EQ,67.95,70,64.42,69.42,69.01,67.7,379454,25730510.28,29-Jul-2026,2942,INE849C01026
SRD,EQ,37.96,37.97,37,37.92,37.96,37.23,22803,855701.45,29-Jul-2026,170,INE01NE01012
SHANKARA,EQ,141.4,142.36,138.2,140.3,140,141.33,607983,85514112.92,29-Jul-2026,1138,INE274V01019
BUILDPRO,EQ,1208,1257,1194.7,1230.2,1228.4,1192.5,40478,49857343.40,29-Jul-2026,3299,INE24OJ01011
SHANTIGEAR,EQ,419.6,421,388.45,418.85,410,419.95,254533,103302615.80,29-Jul-2026,7255,INE631A01022
SEIL,EQ,202.51,212,200.41,208.03,208.93,200.76,183194,37882629.36,29-Jul-2026,2355,INE440T01028
SHANTIGOLD,EQ,218.5,228,216.1,223.32,222.11,216.09,2096353,469385395.53,29-Jul-2026,22826,INE06ZD01017
SHANTI,EQ,6.89,7.1,6.67,6.73,6.72,6.89,20672,141759.61,29-Jul-2026,94,INE933X01016
SHINDL,EQ,162.09,162.09,158.71,160.87,161.6,160.42,173457,27748611.56,29-Jul-2026,671,INE220Z01013
SHARDACROP,EQ,880.9,885.9,807.55,824.7,829,877,953674,795384441.20,29-Jul-2026,50216,INE221J01015
SHARDAMOTR,EQ,831,847.15,826.6,843.6,847.15,830.5,22740,19067920.55,29-Jul-2026,2624,INE597I01028
SHARDUL,BE,45.98,46.56,45.98,45.98,45.98,48.39,11141,512690.97,29-Jul-2026,66,INE037B01020
SHAREINDIA,EQ,181.53,181.88,173.71,174.81,173.9,179.21,690377,122021256.99,29-Jul-2026,5052,INE932X01026
SCML,SM,82,82.6,78,80,80,78.5,73000,5831400.00,29-Jul-2026,37,INE460Q01014
SHEEL,ST,69.95,69.95,69.95,69.95,69.95,69.95,4000,279800.00,29-Jul-2026,2,INE0YJV01017
SFL,EQ,768,797.85,755.9,789.35,785.45,764.75,230679,180643616.30,29-Jul-2026,17238,INE916U01025
SCPL,EQ,575.2,588,555.05,575,580.25,578.75,25151,14386882.80,29-Jul-2026,1238,INE501Y01019
SHEETAL,SM,290,295,285,289.65,286,298.7,8500,2468075.00,29-Jul-2026,16,INE04VX01019
SHEKHAWATI,EQ,12.6,12.95,11.76,12.31,12.22,12.6,18938,233781.03,29-Jul-2026,138,INE268L01046
SHEMAROO,BE,122.45,122.9,118.2,118.38,118.25,117.36,5715,689123.10,29-Jul-2026,36,INE363M01019
SHERA,ST,166.5,166.5,164.1,164.3,164.5,165.7,14000,2309600.00,29-Jul-2026,12,INE0MM001019
SHILCTECH,EQ,4448.9,4590.7,4423,4534.4,4504,4423.7,25265,114595256.30,29-Jul-2026,5255,INE024F01011
SHILPAMED,EQ,612,616.3,600.1,604.6,605.3,605.2,382782,231966215.15,29-Jul-2026,17851,INE790G01031
SCILAL,EQ,41.47,41.89,41.21,41.34,41.38,41.47,159113,6583993.56,29-Jul-2026,933,INE0PB301013
SCI,EQ,280.4,282.8,277.7,278.6,278.2,278.9,1056755,295507786.70,29-Jul-2026,18684,INE109A01011
SHIVAUM,EQ,459.8,459.8,430,442.2,435,427.15,38009,16818465.70,29-Jul-2026,885,INE719F01016
SHIVAMILLS,BE,61.85,61.85,60.06,61.45,61.45,60.05,223,13543.35,29-Jul-2026,17,INE644Y01017
SHIVATEX,EQ,151.2,175.5,151.2,161.05,161.88,152.63,37996,6300249.98,29-Jul-2026,980,INE705C01020
SPCL,SM,68.5,68.5,67.75,67.9,67.85,68.15,6000,407880.00,29-Jul-2026,10,INE0T7B01010
SBCL,EQ,738,745.4,727,739.1,734.15,729.7,93193,68921472.45,29-Jul-2026,7272,INE386D01027
SHIVALIK,BE,266,266,251.5,257.88,257.8,257.48,26062,6707100.46,29-Jul-2026,203,INE788J01021
SHIVAMAUTO,BE,18.09,18.09,18.05,18.09,18.09,17.74,54298,980606.38,29-Jul-2026,37,INE637H01024
SHIVASHRIT,SM,120.05,122.85,120,121,121,123.45,7000,846000.00,29-Jul-2026,7,INE1DLF01018
SHOPERSTOP,EQ,386.95,394,381.8,392.25,394,384.15,32788,12774019.90,29-Jul-2026,1162,INE498B01024
SHRADHA,EQ,34.15,34.8,33.8,34.01,33.96,34.47,30329,1037922.23,29-Jul-2026,137,INE715Y01031
SHREEPUSHK,EQ,394.1,399.15,387,389.2,393,393.9,21928,8585180.70,29-Jul-2026,1730,INE712K01011
SAPPL,EQ,299.9,307.6,288.05,288.05,288.05,299.1,1044,313945.50,29-Jul-2026,12,INE185C01017
SHREECEM,EQ,26800,27125,26700,26825,26755,26875,11491,308206670.00,29-Jul-2026,4497,INE070A01015
SHREDIGCEM,EQ,73.5,73.89,71.6,72.21,72.1,73.33,69505,5055655.99,29-Jul-2026,898,INE232A01011
SHREEKARNI,SM,418.5,418.5,404,404,404,422,2550,1043887.50,29-Jul-2026,5,INE0S4Y01010
SHREEOSFM,SM,57.35,57.35,54,54.05,54,57.1,58000,3223100.00,29-Jul-2026,41,INE02S501018
SRTL,EQ,39.65,41.5,39.65,40.8,41.33,40.07,46401,1871225.59,29-Jul-2026,697,INE19GK01015
SHREERAMA,EQ,38.42,39.5,38.05,38.96,39.44,38.05,88749,3451367.23,29-Jul-2026,742,INE879A01019
RAMANEWS,EQ,28.51,29.48,28.5,28.68,28.83,28.77,8219,235610.11,29-Jul-2026,95,INE278B01020
RENUKA,EQ,21.67,21.95,21.62,21.81,21.85,21.64,2017639,43994865.31,29-Jul-2026,4535,INE087H01022
TIRUPATI,SM,397.55,397.55,397.55,397.55,397.55,418.45,250,99387.50,29-Jul-2026,2,INE238Y01018
BALAJEE,EQ,26.98,27.28,26.66,26.91,27.28,26.65,10671,286616.04,29-Jul-2026,118,INE0S2G01011
SVLL,BE,759,759,746.55,746.55,746.55,760,353,266694.45,29-Jul-2026,11,INE00CE01017
SHREEDHAR,SM,87,88.95,85.5,87,86.95,89,218000,18915600.00,29-Jul-2026,23,INE0K3301012
SHETHJI,ST,152.5,156.4,151.55,156.4,156.4,151.55,7000,1067550.00,29-Jul-2026,6,INE1FL101016
SHREEJISPG,EQ,620,626.95,616.5,624.15,622,615.85,599328,373209815.70,29-Jul-2026,8804,INE1B6101010
OSWALSEEDS,EQ,10.46,10.71,10.26,10.39,10.49,10.43,57020,591785.70,29-Jul-2026,203,INE00IK01029
SHREMINVIT,IV,102,102,101,101,101,102,50000,5075000.00,29-Jul-2026,2,INE0GTI23014
SHRENIK,BZ,0.34,0.34,0.33,0.33,0.34,0.33,376792,127739.40,29-Jul-2026,134,INE632X01030
SHREYANIND,EQ,145.5,145.5,140.01,140.8,141,141.53,2995,426259.10,29-Jul-2026,89,INE231C01019
SHRIAHIMSA,ST,380,387,368,369.4,370,377.1,30000,11424000.00,29-Jul-2026,31,INE0DM401012
SHBAJRG,EQ,189.45,189.45,179,183.75,183.57,184.4,1635,299479.76,29-Jul-2026,78,INE402H01015
SHKSIL,SM,40,40,40,40,40,40.25,4000,160000.00,29-Jul-2026,2,INE0NON01025
SHRIKANHA,SM,22.15,22.15,22,22.1,22.1,23,6400,141360.00,29-Jul-2026,4,INE1V4601019
SHRIKRISH,EQ,40,40.25,40,40,40.25,40.12,104,4160.87,29-Jul-2026,3,INE997I01012
SHRITECH,SM,61.4,62.95,61.4,62.95,62.95,61.4,4000,248700.00,29-Jul-2026,2,INE0OMF01015
SHRINGARMS,EQ,221.01,221.25,218.5,219.49,219.24,219.7,203414,44759511.93,29-Jul-2026,1885,INE1B3L01017
LIQUIDSHRI,EQ,1114.98,1115,1114.98,1114.99,1115,1114.84,1111,1238760.08,29-Jul-2026,13,INF680P01422
SHRIRAMFIN,EQ,1050,1052.8,1034.1,1044.7,1044.3,1040.9,4160322,4333638720.50,29-Jul-2026,67589,INE721A01047
SHRIRAMPPS,EQ,87.49,87.49,86.01,86.23,86.24,86.96,221787,19192056.99,29-Jul-2026,1834,INE217L01019
SHUBHLAXMI,SM,19,19,19,19,19,19.5,1000,19000.00,29-Jul-2026,1,INE01Z401013
SHUBHSHREE,SM,342,342,342,342,342,342,300,102600.00,29-Jul-2026,1,INE0UL701015
SHYAMCENT,BE,5.26,5.26,4.9,5.1,5.1,5.07,26294,132351.67,29-Jul-2026,93,INE979R01011
SHYAMMETL,EQ,1035.5,1036.5,1021.2,1033.6,1030,1027,244121,251579800.75,29-Jul-2026,8581,INE810G01011
SHYAMTEL,BE,16,16,16,16,16,16,18,288.00,29-Jul-2026,5,INE635A01023
SICAGEN,EQ,49.9,50.84,49.01,49.84,49.66,49.31,1826,90998.49,29-Jul-2026,40,INE176J01011
SICALLOG,EQ,111.69,112.36,108.2,111.5,110.3,107.01,113019,12491864.72,29-Jul-2026,1500,INE075B01020
SIDDHICOTS,SM,28.4,28.4,28.4,28.4,28.4,28.4,1200,34080.00,29-Jul-2026,1,INE0SVO01019
SIDDHIKA,SM,210.05,211.05,209.1,209.1,209.1,212,4000,842200.00,29-Jul-2026,8,INE0A1E01018
ENRIN,EQ,3165,3229,3143.5,3170.7,3166.5,3180.9,306479,975327128.30,29-Jul-2026,37283,INE1NPP01017
SIEMENS,EQ,3660,3681.1,3576.1,3650.8,3651.5,3681,234026,852863602.60,29-Jul-2026,19137,INE003A01024
SIGACHI,BE,25.93,25.93,25.93,25.93,25.93,25.43,788503,20445882.79,29-Jul-2026,603,INE0D0K01022
SIGMAADV,BE,605.4,605.4,605.4,605.4,605.4,576.6,104246,63110528.40,29-Jul-2026,962,INE933B01012
SIGMA,EQ,38.4,45.06,37.67,45.04,45.06,37.55,1844132,73796960.62,29-Jul-2026,2153,INE0A0S01028
SIGNATURE,EQ,801,829.5,796.5,819.6,819.15,800.3,272665,221784069.60,29-Jul-2026,9053,INE903U01023
SIGIND,EQ,46.75,50.4,45.22,49.43,49.6,45.78,55389,2703021.20,29-Jul-2026,560,INE529F01035
SIGNORIA,ST,133.65,141.75,131,141.75,141.75,135,8000,1098200.00,29-Jul-2026,6,INE0RDE01010
SIGNPOST,EQ,306.95,313.7,301.8,307.2,306,304.8,139844,42814785.00,29-Jul-2026,3439,INE0KGZ01021
SIKA,EQ,1120.8,1120.8,1091.1,1105.2,1107,1120.8,20249,22394651.00,29-Jul-2026,2514,INE438E01032
SIKKO,EQ,5.04,5.24,5.01,5.11,5.04,5.02,1794532,9124769.29,29-Jul-2026,996,INE112X01025
SILINV,EQ,414.2,421,413,414.55,417,414.25,1718,713731.50,29-Jul-2026,84,INE923A01015
SILGO,EQ,71.94,72.93,70.1,70.72,71.7,71.93,41704,2989016.73,29-Jul-2026,566,INE01II01013
SILKFLEX,ST,215.4,215.4,207,215.4,215.4,205.15,21000,4484750.00,29-Jul-2026,20,INE0STN01015
SILKY,SM,69.15,73.9,69,70.5,72.95,75,8000,565720.00,29-Jul-2026,8,INE0SN801015
SILLYMONKS,EQ,17.2,17.2,15.66,15.99,16.24,16.6,12644,202206.38,29-Jul-2026,98,INE203Y01012
SILVERTUC,EQ,208.5,211.5,199.33,209.99,210.9,204.66,713084,147443223.30,29-Jul-2026,8720,INE625X01026
SIMBHALS,BZ,6.71,6.79,6.47,6.71,6.75,6.61,8470,56066.91,29-Jul-2026,45,INE748T01016
SIMCA,SM,215,219.9,214.35,216.1,215.4,217.95,15000,3255030.00,29-Jul-2026,25,INE1K4J01018
SIMPLEXINF,EQ,235.8,239.4,227.85,234.2,235.55,235.9,132867,30910000.35,29-Jul-2026,3957,INE059B01024
SINCLAIR,EQ,73.69,74.99,73.02,74.15,73.8,73.58,13498,998622.70,29-Jul-2026,300,INE985A01022
SINDHUTRAD,EQ,25.23,25.72,24.81,24.93,24.81,25.05,185681,4654897.75,29-Jul-2026,588,INE325D01025
SINGERIND,EQ,65.55,66.4,65.05,65.22,65.06,65.31,15698,1025023.98,29-Jul-2026,262,INE638A01035
SINTERCOM,EQ,84.5,87,83.07,85.51,86,84.5,4849,414504.20,29-Jul-2026,118,INE129Z01016
SIRCA,EQ,392,404.45,389,402.5,400.25,391.3,586866,234786003.85,29-Jul-2026,8580,INE792Z01011
SIS,EQ,428.55,431.95,428.55,430.45,429.7,430.5,65426,28159588.05,29-Jul-2026,3837,INE285J01028
SITINET,BZ,0.32,0.32,0.3,0.3,0.31,0.31,802171,249062.82,29-Jul-2026,191,INE965H01011
SIYSIL,EQ,622.3,628.85,615,617.05,615,619.6,17623,10946480.80,29-Jul-2026,1661,INE076B01028
SJS,EQ,2385,2390.1,2333.9,2347.7,2349,2355.6,54242,127622394.40,29-Jul-2026,10182,INE284S01014
SJVN,EQ,67.98,69.26,67.86,69.02,69.09,67.65,1983997,136270684.22,29-Jul-2026,14262,INE002L01015
SKFINDUS,EQ,2730,2767.9,2642.9,2667.6,2672,2731.8,35802,97130867.40,29-Jul-2026,12438,INE2J8701016
SKFINDIA,EQ,1488.6,1516.9,1470.1,1479.4,1480,1469.4,29436,43688059.40,29-Jul-2026,4477,INE640A01023
SKIPPER,EQ,510,531.95,506.5,526.8,526.5,505.25,546924,284450568.40,29-Jul-2026,16344,INE439E01022
SKMEGGPROD,EQ,278.95,296.5,265,273.5,275.9,270.5,2750564,771099512.60,29-Jul-2026,56711,INE411D01023
SKP,SM,160.1,160.1,159.2,159.2,159.2,160.9,1500,239700.00,29-Jul-2026,2,INE0KZA01016
SKYGOLD,EQ,672.4,689.9,648.15,653.5,654.3,668.5,1038421,696199468.15,29-Jul-2026,30317,INE01IU01018
SLONE,ST,131.2,132.3,130.9,132.1,132.3,126,7600,1002880.00,29-Jul-2026,12,INE0SMA01017
SMARTEN,ST,58,58,55.3,55.3,55.3,57.6,3600,202380.00,29-Jul-2026,3,INE14GK01016
SMARTLINK,BE,210.56,210.56,201.5,203.23,207.9,209.52,4668,949233.48,29-Jul-2026,62,INE178C01020
SMARTWORKS,EQ,486.15,486.95,477,480,480.55,478.95,29925,14472158.10,29-Jul-2026,4822,INE0NAZ01010
8SMC30,N2,518,518,518,518,518,509.9,7,3626.00,29-Jul-2026,1,INE05NX24031
SMCGLOBAL,EQ,80.47,81.2,78.37,80.03,80.4,79.87,1416310,113227354.83,29-Jul-2026,6243,INE103C01036
SMLMAH,EQ,3838,4566,3805,4566,4566,3805,475660,2073728287.90,29-Jul-2026,45283,INE294B01019
SMSPHARMA,EQ,382.3,398.75,380.35,396.65,397.95,380.75,228126,89577684.30,29-Jul-2026,6825,INE812G01025
SNEHAA,SM,48.9,49,48.1,48.1,48.1,48.9,3000,146000.00,29-Jul-2026,3,INE1OIC01018
SNOWMAN,EQ,36.9,36.9,35.83,36.19,36,36.06,65952,2388795.18,29-Jul-2026,893,INE734N01019
SOBHA,EQ,1346,1373.2,1341.7,1363.7,1363,1344.4,83844,113943066.60,29-Jul-2026,7922,INE671H01015
SOFTTECH,BE,411,411,411,411,411,413.6,229,94119.00,29-Jul-2026,3,INE728Z01015
SOLARINDS,EQ,18254,18527,18023,18080,18026,18244,72096,1310702588.00,29-Jul-2026,19722,INE343H01029
SOLARA,EQ,509.95,516.5,501.3,506.2,509,507,113955,57682588.00,29-Jul-2026,4020,INE624Z01016
SOLARWORLD,EQ,198.12,201.89,194,196.14,196.7,198.12,220423,43427309.53,29-Jul-2026,3551,INE0TY101024
SOLEX,EQ,917,924.9,909,917.8,924.9,912.1,18786,17202913.50,29-Jul-2026,1925,INE880Y01017
SDBL,EQ,70.9,72.14,70.59,71.15,71.37,70.59,557711,39804609.27,29-Jul-2026,5248,INE480C01038
SOMATEX,EQ,96.29,99.5,95.51,96.05,97.45,96.25,9724,941860.78,29-Jul-2026,289,INE314C01013
SOMANYCERA,EQ,481.1,492.25,480.5,485.9,484,479.3,112839,54686887.60,29-Jul-2026,6168,INE355A01028
SOMICONVEY,EQ,98,98.01,95.52,95.94,95.52,96.96,2795,269563.65,29-Jul-2026,113,INE323J01019
SONACOMS,EQ,718,724.75,711.1,720.5,722.05,713,1817710,1307534522.85,29-Jul-2026,32364,INE073K01018
SONAMAC,SM,35.3,35.3,35.25,35.25,35.25,35.25,6000,211550.00,29-Jul-2026,6,INE0Q6H01012
SONAL,EQ,92.69,92.69,92.69,92.69,92.69,88.28,1,92.69,29-Jul-2026,1,INE321M01017
SONAMLTD,EQ,55.2,56.99,54.55,55.1,54.65,55.67,22941,1272554.64,29-Jul-2026,860,INE00LM01029
SONATSOFTW,EQ,301.5,323,301.45,317.45,317.9,297.65,8134430,2574626769.55,29-Jul-2026,108146,INE269A01021
SONUINFRA,ST,40.85,40.85,40.85,40.85,40.85,40.85,1500,61275.00,29-Jul-2026,1,INE0JZA01018
SOTAC,SM,90.4,90.4,90.4,90.4,90.4,95.1,1200,108480.00,29-Jul-2026,1,INE0O2D01012
SOUTHWEST,EQ,226.72,231.45,225,229.76,231.45,226.61,71382,16301394.94,29-Jul-2026,1994,INE980Y01015
SPCENET,EQ,3.39,3.39,3.26,3.34,3.38,3.33,385424,1291180.15,29-Jul-2026,395,INE970N01027
SSFLPP,E1,141.5,142,141,141.45,141.25,141.45,2438,345144.70,29-Jul-2026,28,IN9572J01019
SPANDANA,EQ,266.95,270.2,261.55,266.65,266,266.95,254247,67642947.75,29-Jul-2026,6970,INE572J01011
SPEB,ST,83.1,83.1,83.1,83.1,83.1,83.1,2000,166200.00,29-Jul-2026,1,INE1CW901027
SPECIALITY,EQ,133.14,134.09,131.28,132.05,132.5,133.81,21719,2869290.99,29-Jul-2026,331,INE247M01014
SPECTRUM,EQ,2370,2462,2332.1,2444.8,2436,2357.3,47198,114074019.40,29-Jul-2026,5054,INE01EO01010
SPECTSTM,SM,70.5,70.8,67.4,69,69,68,4800,333120.00,29-Jul-2026,6,INE0OL001018
SPENCERS,EQ,34,34.16,32.81,33.27,33.48,32.86,30103,1005514.92,29-Jul-2026,725,INE020801028
SPIC,EQ,66,67.86,65.71,66.83,66.75,65.55,247242,16538361.48,29-Jul-2026,2781,INE147A01011
SPLIL,EQ,30.31,31.1,30,30.29,30.16,30.47,12099,365484.82,29-Jul-2026,82,INE978G01016
SPMLINFRA,EQ,195.1,198,194.75,196.19,196.5,194,80137,15752123.99,29-Jul-2026,2140,INE937A01023
SPORTKING,EQ,215.9,218.9,212.31,213.93,213.47,214.98,214419,46127990.52,29-Jul-2026,4634,INE885H01029
SHRIPISTON,EQ,4280,4376.9,4250.6,4315.2,4326,4270.3,37897,163858345.60,29-Jul-2026,7690,INE526E01018
SPUNWEB,SM,99.25,99.25,99.25,99.25,99.25,100,2400,238200.00,29-Jul-2026,2,INE19QH01010
SRHHYPOLTD,EQ,483.2,496.75,480,481.45,482.5,483,3093,1500478.35,29-Jul-2026,296,INE917H01012
SREEL,EQ,222,224.23,215.41,216.24,215.91,216.33,9356,2040736.11,29-Jul-2026,571,INE099F01013
SRF,EQ,2646,2659,2628,2643.8,2644.4,2633.4,168487,445214978.90,29-Jul-2026,12549,INE647A01010
SRGHFL,EQ,307.2,319,287,293.5,293,311.6,44087,13013410.50,29-Jul-2026,512,INE559N01010
HAVISHA,EQ,1.25,1.31,1.24,1.26,1.27,1.23,38714,48806.56,29-Jul-2026,99,INE293B01029
LOTUSDEV,EQ,190,191.7,188.65,189.75,189,188.88,4139547,789041604.14,29-Jul-2026,7510,INE0V9Q01010
SSFL,ST,252,254.75,245,253.5,253.5,254.9,11000,2739100.00,29-Jul-2026,22,INE0ON201012
SRIVASAVI,ST,89,89.2,85,86,86,86.25,5000,438350.00,29-Jul-2026,5,INE0NPI01014
SRM,EQ,508.1,514,501,505.2,507.7,506.15,55820,28333589.55,29-Jul-2026,2040,INE0R6Z01013
STALLION,EQ,249.03,249.03,239.4,244.34,244,249.69,2244067,549614655.87,29-Jul-2026,28873,INE0RYC01010
SETL,EQ,269.9,271.6,258.25,263,263.65,269.7,475759,125598111.90,29-Jul-2026,6824,INE0M4D01010
SIL,EQ,16.42,16.69,16.15,16.45,16.35,16.4,23296,382697.11,29-Jul-2026,166,INE173A01025
STANLEY,EQ,155.5,160.25,154.7,156.72,156.25,154.92,125161,19707261.85,29-Jul-2026,3731,INE01A001028
STARCEMENT,EQ,202.55,204,201.89,203.26,203,202.01,60150,12195134.81,29-Jul-2026,1264,INE460H01021
STARHEALTH,EQ,587.95,603.2,580.3,598.85,601.8,584,993642,588636814.50,29-Jul-2026,22464,INE575P01011
STARPAPER,EQ,147.56,149.25,147,148.61,148.95,147.21,8124,1204692.75,29-Jul-2026,207,INE733A01018
STARTECK,EQ,265.3,274.55,261.2,263.85,261.2,267.95,7402,1973141.45,29-Jul-2026,119,INE992I01013
SBIN,EQ,1020,1020.2,1012,1013.7,1014,1013.2,4792964,4864818265.20,29-Jul-2026,98762,INE062A01020
SAIL,EQ,165.86,175.9,165.86,170.96,171.39,165.85,45760047,7879981961.28,29-Jul-2026,180783,INE114A01011
STEELCITY,EQ,75.08,75.98,75,75.08,75.1,75.08,4520,339450.51,29-Jul-2026,96,INE395H01011
STEELXIND,EQ,11.25,11.35,11.11,11.23,11.2,11.2,884311,9934097.21,29-Jul-2026,1570,INE503B01021
SSWL,EQ,294.56,299.9,292.5,297.78,298,294.92,760966,226489501.01,29-Jul-2026,11488,INE802C01033
STEELCAS,EQ,305,307,300.3,305.4,305.45,300.25,32724,9954106.85,29-Jul-2026,968,INE124E01038
STEL,EQ,560,561.9,550,551.25,551.3,553.4,1761,978933.95,29-Jul-2026,146,INE577L01016
STERTOOLS,BE,237,242.87,235.1,239.27,240,238.51,10854,2587257.49,29-Jul-2026,223,INE334A01023
STLTECH,BE,511,529,503.55,519.95,524.1,530.05,3774287,1930225409.05,29-Jul-2026,50493,INE089C01029
SGL,EQ,9.71,9.98,9.65,9.87,9.87,9.72,1908,18685.19,29-Jul-2026,25,INE353H01010
STLNETWORK,BE,24,24.3,23.21,23.6,23.73,24.43,1148718,26932815.73,29-Jul-2026,2239,INE1VXE01018
STOVEKRAFT,EQ,796.7,818,796.7,807.2,810,796.7,139000,112511277.10,29-Jul-2026,5727,INE00IN01015
STRIDERS,SM,63.7,65.85,62.3,65.7,65.75,67.45,16000,1039280.00,29-Jul-2026,9,INE1XWN01017
STAR,EQ,1041,1087.2,1041,1060,1067,1041.7,151300,160454337.40,29-Jul-2026,17996,INE939A01011
SWSOLAR,EQ,208.8,210.09,207.51,209.27,209.5,206.39,605406,126581297.43,29-Jul-2026,7537,INE00M201021
STUDDS,EQ,441,448.35,441,443,442.1,440.95,22818,10128749.65,29-Jul-2026,1290,INE00Q601028
STUDIOLSD,SM,9.4,9.5,9,9,9,9.4,8000,74400.00,29-Jul-2026,4,INE17VO01028
STYLAMIND,EQ,3435,3435,3350,3366.6,3385,3407.3,25768,86947051.80,29-Jul-2026,6219,INE239C01020
STYRENIX,EQ,2469,2499.7,2424.7,2482.5,2476,2441.6,38165,94595926.00,29-Jul-2026,4568,INE189B01011
SUBAHOTELS,SM,109.9,109.9,107,109.2,109.2,107.85,9600,1041840.00,29-Jul-2026,8,INE0RYR01018
SUBEXLTD,BE,12.15,12.25,11.96,12.03,11.96,12.15,658044,7962267.19,29-Jul-2026,1025,INE754A01055
SUBROS,EQ,777.95,790.95,777.95,786.55,784,777.15,19275,15146329.20,29-Jul-2026,1985,INE287B01021
SUDARSCHEM,EQ,1032.5,1045.8,1017.05,1030.8,1031,1032.35,62506,64385739.05,29-Jul-2026,4936,INE659A01023
SUDARCOLOR,EQ,355.3,367.25,355.3,361.9,361,355.3,3059,1109859.45,29-Jul-2026,202,INE492A01029
SUDEEPPHRM,EQ,870,908,849,879.15,880,861.8,350184,310419446.45,29-Jul-2026,18247,INE0QPI01025
SUKHJITS,EQ,173,176.9,153.7,157.9,158,170.13,184249,30172628.07,29-Jul-2026,2795,INE450E01029
SULA,EQ,158,173,157.76,167.33,167,157.76,4610818,773541143.55,29-Jul-2026,50925,INE142Q01026
SUMEETINDS,EQ,24.69,24.69,24.69,24.69,24.69,25.98,25037,618163.53,29-Jul-2026,160,INE235C01036
SUMIT,BE,51.62,53.5,50.21,51.9,51.8,52.15,3711,193863.07,29-Jul-2026,39,INE748Z01013
SUMICHEM,EQ,530.45,530.65,497,501.7,501.4,528.4,966569,488617414.25,29-Jul-2026,27605,INE258G01013
SUMMITSEC,EQ,1485,1515,1480.8,1508,1515,1479.8,1367,2052381.60,29-Jul-2026,246,INE519C01017
SPARC,EQ,210.16,216.88,209.76,213.17,213.2,208.96,981764,209895775.58,29-Jul-2026,13138,INE232I01014
SUNPHARMA,EQ,1977,1992.7,1960.4,1989.9,1987.5,1976.7,2682295,5305826340.40,29-Jul-2026,106408,INE044A01036
SUNTV,EQ,494,517,494,512.85,512,490.45,1036019,530028445.90,29-Jul-2026,40717,INE424H01027
SUNCLAY,EQ,1308,1308,1251,1277.8,1275.9,1305.8,10295,13219928.40,29-Jul-2026,1475,INE0Q3R01026
SUNDARMFIN,EQ,4422.1,4498,4422.1,4480.1,4478.2,4422.1,30337,135650518.10,29-Jul-2026,7507,INE660A01013
SUNDARAM,EQ,1.28,1.31,1.27,1.28,1.28,1.28,189416,244660.10,29-Jul-2026,340,INE108E01023
SUNDRMBRAK,BE,780,794.75,780,794.65,794.65,775.95,415,324848.75,29-Jul-2026,18,INE073D01013
SUNDRMFAST,EQ,957.65,970,955.7,960.95,961,953.75,58963,56703359.20,29-Jul-2026,4155,INE387A01021
SOCL,ST,25.05,25.05,25.05,25.05,25.05,26.35,11200,280560.00,29-Jul-2026,7,INE0CTB01014
SUNDROP,EQ,671.1,683.9,667.05,679.5,676.1,674,13907,9388125.25,29-Jul-2026,531,INE209A01019
SUNFLAG,EQ,359.5,364.55,355.25,359.4,359,355.1,158599,57281484.80,29-Jul-2026,3496,INE947A01014
SUNLITE,ST,425.05,460,425.05,446.2,448,443.75,14100,6317880.00,29-Jul-2026,40,INE0U2N01013
SUNTECH,ST,30.1,31.8,30.1,31.8,31.8,30.5,11200,347040.00,29-Jul-2026,7,INE0SGZ01016
SUNTECK,EQ,309.25,311.7,307.2,309.1,310.8,307.05,212633,65758987.80,29-Jul-2026,3463,INE805D01034
SUPERSPIN,BE,5.82,5.82,5.8,5.8,5.8,5.71,27904,162401.26,29-Jul-2026,20,INE662A01027
SUPERHOUSE,EQ,156.35,160.99,156.05,158.24,157.5,157.93,8617,1363960.98,29-Jul-2026,362,INE712B01010
SUPRAJIT,EQ,489.55,497,480.95,493.5,494.9,487.15,44810,22087585.85,29-Jul-2026,2849,INE399C01030
SUPREMEENG,BZ,2.01,2.01,2.01,2.01,2.01,1.98,65405,131464.05,29-Jul-2026,23,INE319Z01021
SFML,SM,23.2,23.2,23.2,23.2,23.2,23.25,3200,74240.00,29-Jul-2026,2,INE0U6N01014
SUPREME,EQ,44.05,45.1,43.5,44.84,45.01,43.72,25799,1152500.62,29-Jul-2026,185,INE822E01011
SUPREMEIND,EQ,3399.1,3507.3,3379.6,3479.3,3479,3395.4,296570,1024840737.50,29-Jul-2026,28441,INE195A01028
SUPREMEINF,EQ,78.51,85.74,77.02,82.78,82.15,78.7,217911,18287249.96,29-Jul-2026,3655,INE550H01011
SPLPETRO,EQ,741.95,748.45,723.6,734.1,734.6,740.4,146167,107653910.75,29-Jul-2026,6696,INE663A01033
SUPREMEPWR,SM,202.5,219.75,202.5,211,214,203.25,57000,12203050.00,29-Jul-2026,106,INE0QHG01026
SUPRIYA,EQ,839.8,863.4,828,859.6,861,830.1,175356,149746844.70,29-Jul-2026,11717,INE07RO01027
SURAJEST,EQ,194.06,197.57,194.06,195.32,196.6,193.78,13930,2726266.63,29-Jul-2026,543,INE843S01025
SURAJLTD,EQ,219,227,219,224.15,224,223.43,795,176417.11,29-Jul-2026,39,INE713C01016
SURAKSHA,EQ,251.55,251.55,246.75,248.85,248,248.85,13584,3379269.40,29-Jul-2026,896,INE877V01027
SURANASOL,EQ,26.45,27.29,26.13,26.37,26.53,26.83,75744,2004095.79,29-Jul-2026,1029,INE272L01022
SURANAT&P,EQ,17.66,18,17.66,17.77,17.75,18.07,70964,1262035.98,29-Jul-2026,487,INE130B01031
SURANI,SM,95,101,95,100.5,100.5,95,1000,99700.00,29-Jul-2026,3,INE01ZJ01015
SBGLP,EQ,25.13,25.41,24.36,24.97,24.96,25.14,22629,564129.26,29-Jul-2026,73,INE05ST01028
SURYAROSNI,EQ,242,243.85,238.1,239.35,238.1,239.35,232870,55848302.95,29-Jul-2026,4807,INE335A01020
SURYALAXMI,EQ,58.18,58.71,55.52,57.07,56.4,57.9,5594,325708.23,29-Jul-2026,67,INE713B01026
SURYALA,EQ,422.5,449.9,422.45,429.6,430,422.2,1440,624153.30,29-Jul-2026,80,INE132C01027
SURYODAY,EQ,169,172.3,161.15,162.33,163.22,165.68,4190252,694471707.31,29-Jul-2026,33524,INE428Q01011
SUTLEJTEX,BE,36.52,39.49,36.52,38.09,38.01,38,40375,1565832.92,29-Jul-2026,251,INE645H01027
SUVEN,EQ,297,314.8,294.2,313.35,313,294.15,1098436,336444835.75,29-Jul-2026,24166,INE495B01038
SUVIDHAA,EQ,2.49,2.58,2.42,2.54,2.53,2.5,101724,254787.18,29-Jul-2026,299,INE018401013
SUYOG,EQ,885.75,891.7,860.2,875.2,879.8,889.1,28926,25424976.10,29-Jul-2026,1739,INE442P01014
SUZLON,EQ,48,48.7,45.93,47.45,47.52,48.02,221723792,10448936053.69,29-Jul-2026,288041,INE040H01021
SVPGLOB,BE,3.6,3.89,3.6,3.7,3.73,3.78,28109,103576.12,29-Jul-2026,58,INE308E01029
SWANCORP,EQ,309.35,312.95,308,310.25,310.55,309,652397,202657642.80,29-Jul-2026,12597,INE665A01038
SWANDEF,BE,2440,2459.8,2330,2334.1,2330.1,2408.3,12844,30363407.80,29-Jul-2026,567,INE542F01020
SWARAJENG,EQ,3560,3574.4,3545,3567.8,3571.5,3558.4,6539,23295737.70,29-Jul-2026,1259,INE277A01016
SWARAJ,SM,361.25,368.9,358,364.1,361,360.95,189500,69070175.00,29-Jul-2026,198,INE0GMR01016
SWASTIK,ST,19.7,19.7,19,19,19,19.35,40800,797880.00,29-Jul-2026,8,INE0DGC01025
SWELECTES,EQ,609.75,614.1,602.5,608.85,613.95,601.9,12046,7314846.20,29-Jul-2026,1145,INE409B01013
SWIGGY,EQ,272,290.88,271.99,287.34,286.5,268.47,73291848,20956954268.23,29-Jul-2026,378810,INE00H001014
SYLVANPLY,SM,53.7,53.7,53.7,53.7,53.7,53.7,2000,107400.00,29-Jul-2026,1,INE01IH01015
SYMPHONY,EQ,688.6,698,685.95,693.95,694,688.55,54551,37816643.10,29-Jul-2026,6771,INE225D01027
SYNCOMF,EQ,12.94,13.25,12.94,13.21,13.25,12.94,759647,9987980.74,29-Jul-2026,3107,INE312C01025
SGIL,EQ,596.1,607.95,590.05,593.15,597,600.95,3947,2367000.30,29-Jul-2026,216,INE00QT01015
SYNGENE,EQ,412.9,417.5,406,414.25,413.5,409.15,1219638,504001894.40,29-Jul-2026,35774,INE398R01022
SYRMA,EQ,1319.9,1355.4,1308,1343.4,1353,1306,1287698,1723275766.90,29-Jul-2026,50759,INE0DYJ01015
SYSTANGO,SM,221,221,216,218.05,218,218.5,11200,2444840.00,29-Jul-2026,26,INE0O7R01011
SYSTMTXC,BE,57.82,60.32,57.82,58.62,59.99,57.45,5637,333470.82,29-Jul-2026,81,INE356B01024
TTL,EQ,6.17,6.4,6,6.27,6.4,6.16,82742,510854.28,29-Jul-2026,205,INE592B01024
TAALTECH,EQ,3953.8,3980,3907,3970.2,3970,3925.1,631,2488464.20,29-Jul-2026,188,INE524T01011
TAC,SM,480.25,500,476.05,488.95,490,489.35,35200,17254360.00,29-Jul-2026,161,INE0SOY01013
TAINWALCHM,EQ,203.6,203.6,194.99,196.2,195.5,199.81,4382,868450.45,29-Jul-2026,157,INE123C01018
TAJGVK,EQ,363.9,363.9,357.6,359.95,360.5,360.05,54540,19644003.90,29-Jul-2026,2206,INE586B01026
TAKE,EQ,21.14,21.14,20.19,20.75,20.94,20.63,732306,15157668.50,29-Jul-2026,2021,INE142I01023
TALBROAUTO,EQ,396,400.8,391.8,398.1,396.5,394.65,75481,30006168.95,29-Jul-2026,2732,INE187D01029
TAMBOLIIN,BE,217.9,220.9,217.9,220.85,220.85,218,1222,269550.15,29-Jul-2026,16,INE864J01012
TMB,EQ,879.7,879.7,860.05,865.2,868,880.8,257127,222982328.45,29-Jul-2026,12711,INE668A01016
TNPL,EQ,151.15,152.6,149.25,150.38,149.55,150.84,186120,28010090.24,29-Jul-2026,2815,INE107A01015
TNPETRO,EQ,94.13,95.75,93.5,94.12,94.3,93.88,38659,3640980.14,29-Jul-2026,900,INE148A01019
TNTELE,EQ,9.75,9.75,8.61,8.88,8.99,9.2,35914,323149.10,29-Jul-2026,210,INE141D01018
TANKUP,ST,1168,1168,1168,1168,1168,1145,750,876000.00,29-Jul-2026,2,INE0Z7N01017
TANLA,EQ,605.2,627.05,603.6,610.9,610,597.5,2136744,1314650539.25,29-Jul-2026,45285,INE483C01032
TARACHAND,EQ,54.19,54.5,53.3,54.02,53.85,54.19,76137,4088600.56,29-Jul-2026,643,INE555Z01020
TARAPUR,EQ,17.12,17.86,16.27,16.34,16.59,17.12,57683,961506.82,29-Jul-2026,300,INE747K01017
TARC,EQ,131.5,140.28,130.75,134.16,133.7,130.88,1930170,262650394.94,29-Jul-2026,19496,INE0EK901012
TARMAT,EQ,51.99,51.99,50.3,50.33,50.3,50.42,7264,366762.61,29-Jul-2026,51,INE924H01018
TARSONS,EQ,313.45,334.9,310,320,321,310.95,122327,38946183.05,29-Jul-2026,3283,INE144Z01023
TASTYBITE,EQ,8977,9465,8977,9300,9242.5,9018,3995,37104872.00,29-Jul-2026,1239,INE488B01017
TATACAP,EQ,364.25,377.9,359.1,361.8,359.65,354.95,12164724,4467708332.90,29-Jul-2026,193694,INE976I01016
TATACHEM,EQ,680,685.3,673.15,679.05,679.9,674.3,553165,376004811.95,29-Jul-2026,19880,INE092A01019
TATACOMM,EQ,1779.4,1799.1,1761.8,1780.7,1788.8,1764.5,210812,375317032.90,29-Jul-2026,17011,INE151A01013
TCS,EQ,2440,2475.5,2415.1,2446.6,2440,2398,7169419,17571237330.30,29-Jul-2026,207914,INE467B01029
TATACONSUM,EQ,1092.5,1106.6,1085.7,1096.1,1092,1082.1,1130132,1240665523.90,29-Jul-2026,46918,INE192A01025
TATAELXSI,EQ,3610,3725,3603.3,3673.4,3674.9,3581.8,755828,2777331736.60,29-Jul-2026,51248,INE670A01012
TATAINVEST,EQ,656,690.15,654.5,675.75,677,654.3,887392,600728706.65,29-Jul-2026,41775,INE672A01026
TMCV,EQ,418.55,423.35,410.15,411.4,411.3,416.7,4747795,1979729623.65,29-Jul-2026,66464,INE1TAE01010
TMPV,EQ,326,330.5,325.35,329.8,329.7,324.4,7220810,2374100667.30,29-Jul-2026,72652,INE155A01022
TATAPOWER,EQ,371.35,379.7,370,377.25,376.85,371.35,4420793,1660562497.15,29-Jul-2026,50957,INE245A01021
TATASTEEL,EQ,183.5,188.67,183.04,187.27,187.5,182.63,24872418,4649360447.69,29-Jul-2026,138532,INE081A01020
TATATECH,EQ,749,754.4,739.3,742.4,743.4,738.6,573923,427749055.35,29-Jul-2026,22802,INE142M01025
TTML,EQ,38.34,40.4,38.34,39.75,40,38.98,1686169,66402753.49,29-Jul-2026,9981,INE517B01013
NETF,EQ,262.05,264,261.89,262.82,262.82,260.21,3142,825992.61,29-Jul-2026,125,INF277K015R5
NPBET,EQ,283.28,284.8,282.82,282.82,282.82,283.03,1300,369366.33,29-Jul-2026,16,INF277K010X4
TNIDETF,EQ,85.87,89.34,85.87,89.2,89.27,87.62,278900,24833630.54,29-Jul-2026,1148,INF277KA1364
TATAGOLD,EQ,13.79,13.79,13.62,13.74,13.75,13.74,30275421,415918860.26,29-Jul-2026,47916,INF277KA1976
TATSILV,EQ,21.44,21.44,20.93,21,20.99,20.94,33468331,703778645.77,29-Jul-2026,36742,INF277KA1984
TATVA,EQ,1740.3,1771,1710.1,1744.4,1742.3,1718.2,85006,147750816.90,29-Jul-2026,6834,INE0GK401011
TAURIAN,SM,371,376,365,368.7,366.05,376.5,21600,7976320.00,29-Jul-2026,26,INE0XWS01018
753IRFC30,NJ,1129,1129.11,1129,1129.11,1129.11,1131.97,80,90326.60,29-Jul-2026,3,INE053F07835
764IRFC31,NO,1142,1142,1141.99,1142,1142,1139.01,500,570998.00,29-Jul-2026,3,INE053F07900
769NHAI31,NE,1148.9,1148.9,1146,1146,1146,1148.9,46,52733.40,29-Jul-2026,2,INE906B07EP5
735NHAI31,N9,1108,1108,1108,1108,1108,1108,1,1108.00,29-Jul-2026,1,INE906B07EI0
750IRFC35,NK,1210,1211,1204,1211,1211,1207,1500,1810350.00,29-Jul-2026,8,INE053F07843
76NHAI31,NA,1108,1108,1106.51,1106.59,1106.51,1107.97,300,332015.05,29-Jul-2026,9,INE906B07EJ8
738REC27TF,N2,1070,1070,1070,1070,1070,1070,200,214000.00,29-Jul-2026,2,INE020B07GX4
TBI,SM,62.95,62.95,60.05,61.35,61.35,61.8,22800,1400310.00,29-Jul-2026,34,INE0N2D01013
TBOTEK,EQ,1515,1531,1510,1522.6,1520.1,1508.6,177747,270923577.20,29-Jul-2026,13111,INE673O01025
TCC,EQ,264.45,278.75,264.45,275.5,275.3,262.3,97686,26890291.70,29-Jul-2026,1380,INE887D01016
TCIEXP,EQ,552.5,554.85,534.05,545.95,550,548.4,34029,18526376.75,29-Jul-2026,2773,INE586V01016
TCIFINANCE,BE,15.44,15.44,14.11,15.15,15.16,14.79,20987,311142.16,29-Jul-2026,91,INE911B01018
TCPLPACK,EQ,3240,3285.6,3175,3183.1,3175.1,3234.6,2330,7493371.00,29-Jul-2026,617,INE822C01015
TDPOWERSYS,EQ,1120,1124.9,1029.7,1036,1039,1114.8,2186182,2306556334.10,29-Jul-2026,88908,INE419M01027
TEAMGTY,EQ,226,234.65,215,217.22,220,222.82,892,197457.42,29-Jul-2026,44,INE289C01025
TEAMLEASE,EQ,1291.3,1317.7,1290,1299.2,1294,1300.5,95150,123974290.40,29-Jul-2026,12744,INE985S01024
TPHQ,EQ,0.43,0.43,0.41,0.41,0.41,0.41,603816,250997.76,29-Jul-2026,262,INE065J01024
TEAMTECH,ST,113.3,118.9,113.3,116.1,116.1,119.25,58000,6756000.00,29-Jul-2026,25,INE2OL601013
TECHM,EQ,1661,1673,1640.1,1644.2,1642.1,1635.2,2189575,3618819140.40,29-Jul-2026,101771,INE669C01036
TECHD,ST,610,625,605.05,606,606,603.95,8400,5176695.00,29-Jul-2026,28,INE0Y5H01014
TECHERA,SM,144,148.9,143.1,147.25,147.5,144,44800,6533040.00,29-Jul-2026,50,INE0JQS01019
TECHNOE,EQ,999.1,1008.7,985,988.8,988.5,991.9,128138,127420119.00,29-Jul-2026,10192,INE285K01026
TIIL,EQ,2574.8,2584.3,2532,2544.2,2542.2,2572.2,2760,7048249.70,29-Jul-2026,517,INE545H01011
TECHNVISN,EQ,4889.5,4889.5,4715.6,4798.3,4772.7,4793.6,737,3528601.90,29-Jul-2026,147,INE314H01012
TECILCHEM,EQ,9.6,10.2,9.4,9.84,9.92,10.09,15851,156647.99,29-Jul-2026,72,INE014B01011
TGL,ST,20.6,20.6,19.1,19.35,19.25,19.85,11000,213710.00,29-Jul-2026,31,INE0K6601012
TEGA,EQ,1510,1535,1498.5,1504.4,1507,1501,109050,164890263.60,29-Jul-2026,7685,INE011K01018
TEJA,SM,673.5,673.5,630,658.1,658.75,665.25,39000,25456230.00,29-Jul-2026,61,INE0R1301019
TEJASCARGO,SM,356,356,350,350,350,356,4400,1542400.00,29-Jul-2026,2,INE17WC01013
TEJASNET,EQ,495,532,495,520,518.7,494.3,5394738,2810177458.80,29-Jul-2026,98937,INE010J01012
TEMBO,EQ,567.95,567.95,555.05,559.9,562.4,561.2,62290,34946132.70,29-Jul-2026,2226,INE869Y01010
TENNIND,EQ,533.1,540.3,528.1,538.6,540,526.9,970524,518742797.40,29-Jul-2026,22383,INE19RI01016
TERASOFT,EQ,392.45,392.45,380.7,383.55,387.8,387.7,2588,998744.45,29-Jul-2026,219,INE482B01010
TEXINFRA,EQ,114.21,115,113.72,114.89,114.95,114.41,94232,10788163.93,29-Jul-2026,657,INE435C01024
TEXRAIL,EQ,111,113,110.12,112.36,112.28,109.71,1573439,176407833.93,29-Jul-2026,12620,INE621L01012
TEXMOPIPES,EQ,43.19,43.87,42.25,43.23,43.3,43.19,7079,305256.49,29-Jul-2026,191,INE141K01013
737NTPC35C,NA,1378,1378,1378,1378,1378,1202,96,132288.00,29-Jul-2026,1,INE733E07JT8
762NTPC35F,ND,1214.01,1214.01,1214.01,1214.01,1214.01,1212,66,80124.66,29-Jul-2026,1,INE733E07JW2
TGBHOTELS,EQ,9.98,11.38,9.56,9.62,9.74,9.69,182381,1814459.35,29-Jul-2026,395,INE797H01018
TCL,SM,110,118.8,108,110,110,110,51200,5661120.00,29-Jul-2026,51,INE0QJL01014
THACKER,BE,991,1057.9,961.4,1011,1011,1011,25,24491.80,29-Jul-2026,9,INE077P01034
THAKDEV,EQ,158.49,158.49,145.5,145.5,145.5,152.95,3,462.44,29-Jul-2026,3,INE403F01017
THANGAMAYL,EQ,7229,7229,6452,6452,6452,7168.5,755621,5044866682.50,29-Jul-2026,90514,INE085J01014
ANUP,EQ,2149.4,2152.4,2085.5,2090.6,2087.1,2117.6,18067,38141614.90,29-Jul-2026,2692,INE294Z01018
BYKE,BE,32.2,33.5,32.2,33.5,33.5,32.5,8110,265936.15,29-Jul-2026,27,INE319B01014
GESHIP,EQ,1388.1,1391.7,1356.1,1370.7,1372,1377.4,290715,399155855.70,29-Jul-2026,26386,INE017A01032
GROBTEA,EQ,905,928,890,917.2,914,905,94,85959.95,29-Jul-2026,14,INE646C01018
HITECHGEAR,BE,584,584,555,562.5,574.95,577.3,3496,1988738.70,29-Jul-2026,124,INE127B01011
INDIACEM,EQ,389.95,400.3,386.55,398.2,395.9,389.95,208689,82579248.05,29-Jul-2026,13913,INE383A01012
INDHOTEL,EQ,737,740.5,731.9,738.2,739,734.7,1155231,851349617.20,29-Jul-2026,30970,INE053A01029
THEINVEST,EQ,96.06,98.48,95.6,96.72,95.6,96.03,2027,195508.88,29-Jul-2026,67,INE924D01017
NIACL,EQ,164,165.2,161.76,164.13,164.17,163.07,613652,100446597.02,29-Jul-2026,9135,INE470Y01017
PKTEA,EQ,705.05,705.05,690,690,690,705.05,19,13157.20,29-Jul-2026,5,INE431F01018
PHOENIXLTD,EQ,1989.9,1996.8,1896,1910.5,1903,2023.2,2509148,4814213940.90,29-Jul-2026,104802,INE211B01039
RAMCOCEM,EQ,912,927.8,912,921.5,926,908.5,51340,47265368.75,29-Jul-2026,4262,INE331A01037
RUBYMILLS,BE,395,400.95,384.8,394.2,397.95,390.1,6412,2522647.65,29-Jul-2026,130,INE301D01026
SOUTHBANK,EQ,47.21,47.47,46.36,46.49,46.55,47.13,9021635,420984227.41,29-Jul-2026,24295,INE683A01023
STCINDIA,EQ,118.6,121,118,119,118.71,117.61,22318,2668279.91,29-Jul-2026,477,INE655A01013
UGARSUGAR,EQ,41.48,41.93,40.3,40.45,40.4,41.48,138951,5656740.04,29-Jul-2026,1382,INE071E01023
WIPL,EQ,171,171,166.7,167,167,169,5779,968264.40,29-Jul-2026,33,INE215F01023
THEJO,EQ,1890.2,1928,1860.6,1889.4,1928,1901.9,4918,9218541.80,29-Jul-2026,434,INE121N01019
THEMISMED,EQ,109.14,109.14,106.34,107.28,106.82,105.78,34820,3747373.84,29-Jul-2026,1297,INE083B01024
THERMAX,EQ,4420,4444.5,4267,4378,4379.5,4416.5,133741,580365170.00,29-Jul-2026,26347,INE152A01029
TIRUMALCHM,EQ,171.66,174.6,168.05,169.46,168.3,172.46,379931,64613373.36,29-Jul-2026,4515,INE338A01024
THOMASCOOK,EQ,98,100.79,97.75,99.84,99.9,97.88,534097,53040859.72,29-Jul-2026,4843,INE332A01027
THOMASCOTT,EQ,302,311.4,294.85,302.05,302,298.35,42148,12725699.65,29-Jul-2026,1988,INE480M01011
THYROCARE,EQ,581.2,584.55,574,580,579.85,579.7,380650,221064314.90,29-Jul-2026,11744,INE594H01019
TIGERLOGS,BE,31.12,31.9,29.75,30.01,29.94,31.13,138326,4204480.00,29-Jul-2026,372,INE906O01029
TIJARIA,EQ,4.57,4.88,4.5,4.74,4.61,4.59,113532,533061.59,29-Jul-2026,194,INE440L01017
TIL,EQ,231,271.4,215.5,262.48,269.99,232.75,38163735,9529313408.34,29-Jul-2026,396794,INE806C01018
TI,EQ,446.3,469.6,443.55,465.4,465,444.1,2469337,1141771581.15,29-Jul-2026,50198,INE133E01013
TIMETECHNO,EQ,211.8,217.19,209.56,216.36,215.8,210.75,6861801,1469069997.38,29-Jul-2026,44747,INE508G01029
TIMEX,EQ,566.3,571.35,545.25,553.75,558.95,566.7,334535,187037140.45,29-Jul-2026,18422,INE064A01026
TIMKEN,EQ,3100,3125.9,3075,3096.6,3105,3075.6,18667,57821003.30,29-Jul-2026,5927,INE325A01013
TINNARUBR,EQ,1115,1139.7,1086.5,1101.05,1098.8,1103.6,86928,96809310.35,29-Jul-2026,7412,INE015C01016
TIPSFILMS,EQ,365.8,432.4,357.8,408.4,403.5,360.35,242528,100463549.65,29-Jul-2026,6778,INE0LQS01015
TIPSMUSIC,EQ,695.35,708.75,675.8,685,687.5,691.95,370392,254914225.95,29-Jul-2026,16597,INE716B01029
TIRUPATIFL,BE,73.99,75.5,72,72.67,73,73.34,208429,15346494.27,29-Jul-2026,1271,INE319Y01024
TITAGARH,EQ,815.1,839,806.95,833.85,835.5,810.4,435078,361660734.95,29-Jul-2026,19124,INE615H01020
TITAN,EQ,4849.7,4866.9,4823.2,4850.2,4855,4849.7,837059,4051135845.80,29-Jul-2026,77934,INE280A01028
TOKYOPLAST,BE,75.83,80.65,75.5,79.1,79.1,77.38,1348,104236.93,29-Jul-2026,31,INE932C01012
TOLINS,EQ,102.71,103.82,102.27,103.02,103,102.3,12847,1324823.17,29-Jul-2026,511,INE0RWQ01014
TORNTPHARM,EQ,4881.5,4949,4857.2,4878.5,4878,4898.3,776537,3793638708.10,29-Jul-2026,57810,INE685A01028
TORNTPOWER,EQ,1438,1440,1428,1431.1,1431,1431.8,118024,169002492.20,29-Jul-2026,8576,INE813H01021
TOTAL,EQ,49.14,49.78,48.22,48.55,48.85,49.14,1945,94525.39,29-Jul-2026,50,INE336X01012
TOUCHWOOD,EQ,65.11,66.9,65.11,66.16,66.48,65.79,456,30094.52,29-Jul-2026,32,INE486Y01013
TFCILTD,EQ,98.25,101.8,96.93,100.57,100.9,97.04,42989801,4317582960.30,29-Jul-2026,60975,INE305A01023
TPLPLASTEH,EQ,78.25,79.75,78.25,79.04,79,78.45,65252,5154416.31,29-Jul-2026,1059,INE413G01022
TRACXN,EQ,29.58,30.2,29.55,29.95,29.8,29.6,118817,3548251.27,29-Jul-2026,487,INE0HMF01019
TARIL,EQ,300,300.7,296.3,298,298.9,295.6,802783,239070153.45,29-Jul-2026,12694,INE763I01026
TREL,EQ,24,24.65,23.83,24.41,24.31,23.96,97701,2367749.90,29-Jul-2026,460,INE0O3901029
TRANSPEK,EQ,1093.05,1109.95,1040,1044.75,1040,1065.15,6440,6920991.35,29-Jul-2026,1085,INE687A01016
TCI,EQ,922,926.9,910.2,917,918,921.05,24140,22229861.65,29-Jul-2026,2660,INE688A01022
TRANSRAILL,EQ,481.1,499.9,480.9,497.75,498,481.1,501741,247907509.05,29-Jul-2026,13351,INE454P01035
TRANSTEEL,SM,114.15,123.3,114.15,120.2,120,114.1,95000,11325500.00,29-Jul-2026,58,INE0NVI01020
TFL,EQ,11.09,11.45,10.8,11.22,11.4,11.04,28518,316986.98,29-Jul-2026,361,INE804H01012
TRANSWORLD,BE,161,164.89,160.51,163.44,163.5,161.12,3177,518396.27,29-Jul-2026,57,INE757B01015
TRAVELFOOD,EQ,1300.4,1302.3,1282.6,1287.5,1284,1288.3,9626,12417934.80,29-Jul-2026,1736,INE103V01028
TREEHOUSE,EQ,6.47,6.47,6.27,6.3,6.3,6.34,9364,59529.94,29-Jul-2026,63,INE040M01013
TREJHARA,EQ,140.99,140.99,135.23,136.82,135.52,137.26,12843,1773292.94,29-Jul-2026,324,INE00CA01015
TRENT,EQ,2940,3010.1,2916.5,3005.2,3002,2930.7,1012733,3018025900.70,29-Jul-2026,81426,INE849A01020
TRF,EQ,229.49,232.5,229.22,230.36,231,227.8,8624,1988345.82,29-Jul-2026,321,INE391D01019
TBZ,EQ,289.76,295.7,265.25,274.48,273.8,291.1,3605689,1007885368.48,29-Jul-2026,58824,INE760L01018
TRIDENT,EQ,24.85,25.03,24.78,24.86,24.89,24.78,2419654,60286113.73,29-Jul-2026,8138,INE064C01022
TECHLABS,ST,122,129.4,122,126.9,126.55,123.25,15500,1986043.75,29-Jul-2026,74,INE0QD201012
TRIGYN,EQ,52.92,54.99,52.92,53.5,53.1,53.89,41044,2210697.83,29-Jul-2026,978,INE948A01012
TRIVENI,BE,229,239,229,233.85,234,228.75,319836,75152388.90,29-Jul-2026,3555,INE256C01024
TRITURBINE,EQ,612.3,621.2,606,615.9,615,609.35,764559,470574875.95,29-Jul-2026,14749,INE152M01016
TROM,ST,60.45,60.45,60.45,60.45,60.45,58,600,36270.00,29-Jul-2026,1,INE0SYV01018
TRUALT,EQ,450,454.7,425.5,430.15,431.35,419.15,2996757,1317223739.35,29-Jul-2026,68517,INE0MWH01014
TRU,EQ,4.78,4.88,4.52,4.67,4.69,4.69,242347,1134807.73,29-Jul-2026,459,INE615R01029
TRUST,SM,28.55,29.25,27.35,27.55,27.55,28.25,10800,301200.00,29-Jul-2026,17,INE0SWN01019
TSC,SM,34,34,34,34,34,34.5,2000,68000.00,29-Jul-2026,1,INE16VK01010
TSFINV,EQ,445.8,455.1,442,443.25,443,446.55,24788,11056721.65,29-Jul-2026,2039,INE202Z01029
TTKHLTCARE,EQ,1045.25,1086.9,1036.15,1045.5,1043,1048.15,12912,13707094.90,29-Jul-2026,1206,INE910C01018
TTKPRESTIG,EQ,693.75,704.2,673.55,677.15,680,702.25,1709371,1177123949.25,29-Jul-2026,46225,INE690A01028
TIINDIA,EQ,2831.9,2859.8,2778.5,2786.7,2790,2825.3,255465,715119122.80,29-Jul-2026,32205,INE974X01010
TUNWAL,SM,26.4,26.4,26.3,26.3,26.3,26.3,12000,316300.00,29-Jul-2026,6,INE0OXV01027
TURTLEMINT,EQ,123.51,123.51,116.86,117.73,117.3,121.84,810104,96064418.51,29-Jul-2026,10850,INE0OC301013
TVTODAY,EQ,115.32,117.27,115.32,115.98,116.32,115.97,14765,1714741.48,29-Jul-2026,323,INE038F01029
TVVISION,EQ,4.7,4.76,4.46,4.75,4.76,4.69,11648,53869.86,29-Jul-2026,53,INE871L01013
TVSELECT,EQ,484.35,496.45,484.35,490.1,491,484.25,16168,7932212.40,29-Jul-2026,990,INE236G01019
TVSHLTD,EQ,14890,15022,14657,14803,14800,14754,4722,69953949.00,29-Jul-2026,1791,INE105A01035
TVSMOTOR,EQ,4013,4085,3996.8,4075.6,4055,3993.5,1925276,7804833108.10,29-Jul-2026,86197,INE494B01023
TVSMNCRPS,P1,10.45,10.45,10.4,10.4,10.45,10.4,490581,5102333.55,29-Jul-2026,925,INE494B04019
TVSSRICHAK,EQ,3975.3,4020.9,3922.1,3949.6,3955,3989.7,2648,10477671.20,29-Jul-2026,644,INE421C01016
TVSSCS,EQ,135,137.4,135,137.15,137.4,135.6,160174,21893566.72,29-Jul-2026,3371,INE395N01027
TICL,BE,9.23,9.44,8.91,9.03,9.35,9.23,100751,923281.18,29-Jul-2026,231,INE388G01026
UYFINCORP,EQ,19.89,19.95,19.2,19.66,19.94,19.49,298245,5843287.89,29-Jul-2026,1403,INE152C01025
UCAL,EQ,116.47,117.59,116.31,117.01,116.8,116.47,3092,360779.57,29-Jul-2026,106,INE139B01016
10UCL26,ND,1001,1001,997.2,997.2,997.2,1000.1,25,24960.40,29-Jul-2026,3,INE583D07562
1025UCL27A,NG,1020,1020,1020,1020,1020,1005,24,24480.00,29-Jul-2026,1,INE583D07588
UCOBANK,EQ,26.7,26.8,26.45,26.51,26.49,26.67,4294029,114300295.58,29-Jul-2026,10340,INE691A01018
USK,EQ,21.79,23.9,21.75,22.68,22.5,21.79,31207,707929.86,29-Jul-2026,203,INE0N0Y01013
UFLEX,EQ,479.35,483.1,468.15,478.75,478,472,78684,37385963.00,29-Jul-2026,2667,INE516A01017
UFO,EQ,66.4,68.66,66.4,66.77,66.5,68.15,71624,4821759.85,29-Jul-2026,1558,INE527H01019
UGROCAP,EQ,94.86,96.17,94.66,95.99,96,94.86,102036,9770829.73,29-Jul-2026,912,INE583D01011
UEL,EQ,120,121.93,119.04,119.41,119.9,120.93,1466,176193.67,29-Jul-2026,103,INE899L01030
UJJIVANSFB,EQ,70.5,70.92,68.9,70.37,70.3,70.12,12337108,863394529.74,29-Jul-2026,37684,INE551W01018
ULTRAMAR,EQ,371.75,382.7,367.5,372.45,372.1,368.95,13741,5150166.85,29-Jul-2026,715,INE405A01021
ULTRACEMCO,EQ,12050,12090,11980,11998,11990,11956,282068,3387681281.00,29-Jul-2026,27831,INE481G01011
UMAEXPORTS,BE,19.96,20.17,19.59,20.07,20.1,19.59,7125,142250.32,29-Jul-2026,67,INE0GIU01018
UMIYA-MRO,EQ,90.06,90.06,87.5,90.05,90.06,90.06,2744,244536.24,29-Jul-2026,47,INE398B01018
TCHF30,NB,1099.99,1099.99,1098,1098,1098,1040,2,2197.99,29-Jul-2026,2,INE033L08270
UNICHEMLAB,EQ,533.55,544,530,533.25,534.95,533.55,38032,20377925.05,29-Jul-2026,2609,INE351A01035
UNIECOM,EQ,85.1,85.94,84,85,85,85.06,178580,15180159.32,29-Jul-2026,2264,INE00U401027
UNIHEALTH,SM,722,755,667,734.95,742,721.8,60500,43040800.00,29-Jul-2026,112,INE0PRF01011
UNIINFO,BE,12.35,12.35,11.74,12.3,12.3,12.35,3216,39076.40,29-Jul-2026,19,INE481Z01011
UNILEX,SM,26.8,26.8,26,26,26,25.5,9600,255840.00,29-Jul-2026,6,INE0B2801011
UNIMECH,EQ,1185,1200,1172.1,1191.2,1191.1,1180.8,40285,47927018.50,29-Jul-2026,4037,INE0U3I01011
UNIONBANK,EQ,168.24,171.94,168.14,171.08,171.1,168.24,12582530,2148789238.04,29-Jul-2026,50839,INE692A01016
UNIONGOLD,EQ,138.55,138.55,137.95,137.95,137.95,138.15,2093,289603.70,29-Jul-2026,36,INF582M01KS4
UNIPARTS,EQ,694.1,731.45,688,725.05,725,689.3,399301,287393475.70,29-Jul-2026,14394,INE244O01017
UNIENTER,EQ,96.62,97.9,94.25,95.08,95.87,96.62,17103,1635554.77,29-Jul-2026,630,INE037A01022
UNITECH,EQ,4.2,4.31,4.18,4.28,4.3,4.21,3255901,13813384.86,29-Jul-2026,1853,INE694A01020
UBL,EQ,1440.7,1447,1428,1440.2,1440,1434.7,78738,113360419.40,29-Jul-2026,5152,INE686F01025
UNIDT,BE,228,228,220,221.88,224.5,220.92,6103,1363272.88,29-Jul-2026,117,INE961D01019
UFBL,EQ,704,708.8,688.55,707.35,708,699.65,86644,61077618.10,29-Jul-2026,2468,INE382M01027
UHTL,ST,103.35,107.55,103.35,107.55,107.55,105.45,44000,4651500.00,29-Jul-2026,16,INE0SMR01011
UNITEDTEA,EQ,483,483,467.6,472.45,475,472.9,967,456301.75,29-Jul-2026,84,INE458F01011
UNITEDPOLY,BE,30.84,30.84,29.2,30.49,30.5,30.24,53608,1633073.20,29-Jul-2026,96,INE368U01029
UNITDSPR,EQ,1511.2,1536.8,1493.9,1504.4,1503.5,1508.8,1826758,2758734641.10,29-Jul-2026,49793,INE854D01024
UNIVASTU,BE,124.5,131.75,119.5,131.44,131,125.48,293340,37373861.11,29-Jul-2026,1112,INE562X01013
UNIVCABLES,EQ,1316.2,1363,1307.8,1347.3,1343.5,1316.2,175736,234769458.00,29-Jul-2026,10614,INE279A01012
UNIVPHOTO,BE,479.95,479.95,454,468.35,468.35,471.6,682,317311.70,29-Jul-2026,26,INE03V001013
UNOMINDA,EQ,1165,1184.8,1156.6,1168.7,1168,1163.9,518536,606565246.00,29-Jul-2026,31957,INE405E01023
915SCL26,NE,1070,1070,1068,1068.19,1068,1070,188,201127.50,29-Jul-2026,20,INE148I08256
SCLZC26A,NF,2350,2350,2350,2350,2350,2350,40,94000.00,29-Jul-2026,1,INE148I08272
IIFLZC28,NG,1649.8,1655,1649.8,1655,1655,1640,61,100903.00,29-Jul-2026,2,INE530B08110
10IIFL28A,NE,1032.55,1033,1032.55,1033,1033,1032.55,6,6197.55,29-Jul-2026,2,INE530B08094
850SCL25A,NW,991,991,991,991,991,991,100,99100.00,29-Jul-2026,1,INE148I08348
96IIFL28A,NF,1003.05,1007.5,1002,1002.71,1002.71,1002.53,2497,2508525.94,29-Jul-2026,26,INE530B08102
10IIFL28,N4,1003.99,1003.99,1000,1000,1000,1000,954,954312.43,29-Jul-2026,14,INE477L08147
96IIFL28,N5,1003,1003,1001.15,1002.02,1002,1003,1492,1494879.99,29-Jul-2026,27,INE477L08154
10IIFL29,N6,1025,1025,1025,1025,1025,1022,10,10250.00,29-Jul-2026,1,INE866I08279
105IIFL29,N7,1099,1099,1099,1099,1099,1046,80,87920.00,29-Jul-2026,1,INE866I08295
885TCAPS29,NC,1086.05,1086.05,1086.05,1086.05,1086.05,1115,20,21721.00,29-Jul-2026,1,INE306N08342
910TCAP28,NA,1106,1106,1106,1106,1106,1106,15,16590.00,29-Jul-2026,4,INE306N08292
UDS,EQ,209.37,209.37,198.16,200.21,200.1,207.97,298759,60173554.83,29-Jul-2026,6453,INE851I01011
UPL,EQ,602.2,611.6,602.2,609.15,608.1,599.65,1140985,693850146.90,29-Jul-2026,23703,INE628A01036
URAVIDEF,BE,114,115.8,111.85,113.01,112.6,111.85,2415,275998.34,29-Jul-2026,91,INE568Z01015
URBANCO,EQ,130.5,132,129.35,131.25,131.13,130.3,1149290,150344385.37,29-Jul-2026,18100,INE0CAZ01013
URBAN,SM,135,135.95,131.6,132.45,132.5,132.75,24800,3318320.00,29-Jul-2026,20,INE0O0201019
URJA,EQ,8.95,9.07,8.95,9.02,9.04,9.01,482776,4358540.81,29-Jul-2026,1947,INE550C01020
USHAFIN,SM,35.1,35.1,33.65,33.65,33.65,35.1,3200,110000.00,29-Jul-2026,2,INE0LS001014
UMESLTD,EQ,5.75,5.75,5.5,5.62,5.63,5.52,4617,25880.52,29-Jul-2026,38,INE240C01028
USHAMART,EQ,515,520,508.35,511.35,508.35,512.3,650998,334867004.30,29-Jul-2026,16140,INE228A01035
UCL,ST,197.6,197.6,197.45,197.45,197.45,193.75,8000,1580200.00,29-Jul-2026,4,INE00NI01015
UTIAMC,EQ,902.05,918.5,900,915.05,915.2,900.25,107263,97704776.30,29-Jul-2026,6217,INE094J01016
LIQUIDBETA,EQ,1001.98,1001.98,1001.98,1001.98,1001.98,1001.86,500,500990.00,29-Jul-2026,1,INF789F1AG68
BANKBETA,EQ,58.93,59.37,58.9,59.26,59.37,58.78,103131,6114553.73,29-Jul-2026,369,INF789F1AUV1
GILT10BETA,EQ,26.93,26.93,26.4,26.44,26.44,26.41,436,11521.89,29-Jul-2026,14,INF789F1AZF3
GILT5BETA,EQ,66.29,66.95,65.64,66.7,66.76,66.29,1199,80239.58,29-Jul-2026,10,INF789F1AZE6
ITBETA,EQ,324.33,329,324.33,327.84,326.93,320.65,1242,407308.83,29-Jul-2026,49,INF789F1AZD8
MIDCAPBETA,EQ,232.5,233.76,232.5,233.4,233.4,232.19,758,176926.10,29-Jul-2026,23,INF789F1AYX9
NEXT50BETA,EQ,77.9,78.48,77.35,77.89,77.35,77.91,183856,14366362.83,29-Jul-2026,508,INF789F1AUW9
NIFTYBETA,EQ,267.41,269.17,267.23,268.65,268.18,266.1,37334,10030382.00,29-Jul-2026,316,INF789F1AZC0
SENSEXBETA,EQ,853.95,861.15,846.05,852.3,848,846.8,2344,2007665.62,29-Jul-2026,144,INF789FB1X58
SILVERBETA,EQ,208.51,210.16,207.95,208.81,208.74,208.28,420796,87902371.35,29-Jul-2026,2882,INF789F1AYK6
SNXT50BETA,EQ,94.5,94.85,93.8,94.49,94.28,94.01,2587,244427.75,29-Jul-2026,66,INF789F1AUU3
GOLDBETA,EQ,118.1,119.2,118.1,118.85,118.95,119.05,233295,27736873.25,29-Jul-2026,2044,INF789F1AUX7
UTKAL,SM,44.35,44.35,44.35,44.35,44.35,42.25,30000,1330500.00,29-Jul-2026,11,INE1V1R01014
UTKARSHBNK,EQ,14.27,14.51,14.23,14.45,14.44,14.27,2622194,37606410.99,29-Jul-2026,6975,INE735W01017
UTSSAV,ST,506,531,490,510,510,514.95,34200,17500410.00,29-Jul-2026,49,INE06IJ01010
UTTAMSUGAR,EQ,223,225.99,221.7,222.47,223,223.79,37037,8293829.46,29-Jul-2026,938,INE786F01031
VMARCIND,SM,280,283.8,274,281.8,282.5,278.65,120000,33399075.00,29-Jul-2026,70,INE0GXK01018
VR,SM,119.05,119.05,119.05,119.05,119.05,113.4,800,95240.00,29-Jul-2026,2,INE0QQM01017
VGUARD,EQ,293.95,316.8,292.6,301.95,297.6,292.25,8673721,2661652817.05,29-Jul-2026,147288,INE951I01027
VLINFRA,ST,27.5,27.5,26.05,27.4,27.4,26.2,6000,162675.00,29-Jul-2026,4,INE0QXL01015
V2RETAIL,EQ,222,223.59,220,222.05,221.31,221.87,420275,93236614.37,29-Jul-2026,9601,INE945H01021
WABAG,EQ,1904.7,1934.4,1869.2,1876.7,1873,1893.6,518756,982404378.60,29-Jul-2026,32380,INE956G01038
VADILALIND,EQ,6745,7373,6745,7268.5,7250,6741.5,52041,370239509.00,29-Jul-2026,9377,INE694D01016
VAIBHAVGBL,EQ,270.7,274.86,265.1,266.6,267,271.2,378711,101902840.71,29-Jul-2026,9710,INE884A01027
MADHAVBAUG,ST,191.9,191.9,191.9,191.9,191.9,191.9,400,76760.00,29-Jul-2026,1,INE0JR301013
VAISHALI,EQ,7.76,7.76,7.4,7.47,7.4,7.39,51985,388078.82,29-Jul-2026,165,INE972X01022
VAKRANGEE,EQ,6.1,6.16,5.97,6.09,6.13,6.05,758152,4600186.95,29-Jul-2026,1414,INE051B01021
VALIANTLAB,BE,60.55,62.78,60,61.74,62.78,60.37,25556,1545042.85,29-Jul-2026,105,INE0JWS01017
VALIANTORG,BE,265,270,260.3,269.45,267.6,261.55,9882,2642340.85,29-Jul-2026,151,INE565V01010
DBREALTY,BE,115,115.5,113.2,113.72,114,113.09,288086,33009191.57,29-Jul-2026,901,INE879I01012
VALUE360,SM,79.5,79.5,74.05,75.6,74.05,79.45,13200,1010580.00,29-Jul-2026,10,INE1E7Y01018
VARDHACRLC,BE,48.55,48.55,46.3,46.82,46.6,46.24,233176,11117117.04,29-Jul-2026,694,INE116G01013
VHL,EQ,3466.5,3500.8,3454.2,3462.4,3460,3466.3,243,845296.90,29-Jul-2026,86,INE701A01023
VARDMNPOLY,EQ,6.05,6.23,5.95,5.99,5.97,6.09,259703,1565176.73,29-Jul-2026,434,INE835A01029
VSSL,EQ,298.5,312,296.45,306.15,306,296.9,166083,50452877.40,29-Jul-2026,3453,INE050M01012
VTL,EQ,612.95,634.7,612,629.55,630,612.5,180184,113128813.30,29-Jul-2026,9725,INE825A01020
VARROC,EQ,664,671,652.1,664.55,662.5,658.7,125863,83344013.50,29-Jul-2026,10827,INE665L01035
VBL,EQ,439.05,448.8,433.5,447.2,447.3,430,13449496,5950407697.35,29-Jul-2026,192018,INE200M01039
VGL,EQ,62,62,60.61,61.07,61.32,61.11,10979,671126.77,29-Jul-2026,159,INE273D01027
DENTALKART,SM,427.05,427.05,413,413.05,413,424.95,18750,7761162.50,29-Jul-2026,47,INE0N5801013
VASCONEQ,BE,32,32.06,31.61,31.88,31.8,31.92,143904,4586214.17,29-Jul-2026,688,INE893I01013
VASWANI,EQ,51.7,53.47,51.42,52.09,52,52.51,12448,651545.97,29-Jul-2026,220,INE590L01019
VCL,EQ,1.02,1.02,0.97,0.98,1,0.99,303513,301068.61,29-Jul-2026,268,INE098201036
115VCCL27,N0,99995.55,99995.55,99995.55,99995.55,99995.55,99995.55,1,99995.55,29-Jul-2026,1,INE04HY07286
116VCCL26A,N0,99999,99999,99999,99999,99999,99662.98,1,99999.00,29-Jul-2026,1,INE04HY07260
12VCCL29B,N0,100000,100000,100000,100000,100000,99000,1,100000.00,29-Jul-2026,1,INE04HY07229
VDEAL,SM,155.5,170,155.5,164,164,149.5,3000,487620.00,29-Jul-2026,5,INE0U2M01015
MANYAVAR,EQ,411.5,413.2,402,402.85,402.8,409.45,156432,63424321.35,29-Jul-2026,8103,INE825V01034
VAML,EQ,432.15,443.8,430.5,439.6,439.9,432.1,3493476,1532474511.05,29-Jul-2026,47267,INE1CDF01017
VISL,EQ,29.89,30.98,29.25,30.78,30.98,29.51,24766856,746760992.50,29-Jul-2026,52815,INE1CLE01013
VEDL,EQ,260.15,265.5,260.1,264.5,265.4,259.35,4780075,1258623098.50,29-Jul-2026,51164,INE205A01025
VOGL,EQ,34.21,35.48,33.71,35.07,35.31,34.18,23928089,824879536.79,29-Jul-2026,44269,INE704J01044
VEDPOWER,EQ,36,36.26,34.7,35.32,35.49,35.66,16950302,596997564.09,29-Jul-2026,54231,INE694L01019
VEEDOL,EQ,1391,1400,1380,1385.3,1386,1391,9079,12615974.50,29-Jul-2026,1442,INE484C01030
VEEKAYEM,SM,118.75,126,118.75,126,126,125,6000,716125.00,29-Jul-2026,9,INE0KTW01013
VELJAN,BE,1878.9,1878.9,1781,1830,1830,1795,272,501980.10,29-Jul-2026,30,INE232E01013
VENKEYS,EQ,1509.1,1524.9,1501,1510.5,1509,1505.1,21867,33083098.40,29-Jul-2026,2089,INE398A01010
VENTIVE,EQ,622.3,639.9,615.65,635.05,635.1,619.25,18222,11466799.05,29-Jul-2026,903,INE781S01027
VENUSPIPES,EQ,1680,1711.9,1675.3,1685.9,1688,1661.4,30996,52450543.00,29-Jul-2026,3249,INE0JA001018
VENUSREM,BE,1528,1607.2,1471.1,1603.4,1607.2,1530.7,35889,55784883.60,29-Jul-2026,1653,INE411B01019
VERANDA,EQ,239.7,242.89,228.1,229.39,229.22,228.75,232550,54596357.69,29-Jul-2026,4176,INE0IQ001011
VERTEXPLUS,SM,45.9,46,45,46,46,45.9,2400,109680.00,29-Jul-2026,3,INE0NLB01018
VERTIS,IV,112,113,112,112.8,113,113,450000,50745000.00,29-Jul-2026,14,INE0KXY23015
VERTOZ,BE,35,36,34.2,35.79,36,35.06,30066,1057938.97,29-Jul-2026,223,INE188Y01031
VESUVIUS,EQ,451.4,454.5,450.9,452.75,452.95,449.6,28610,12950904.40,29-Jul-2026,1352,INE386A01023
VETO,BE,121.4,122.9,119.55,120.84,120.62,119.55,12444,1514200.62,29-Jul-2026,151,INE918N01018
VSTL,EQ,111.26,112.6,109.26,110.45,110.93,111.26,6391,708911.23,29-Jul-2026,246,INE0QTF01015
VHLTD,BE,134.89,134.89,127.05,133.28,133.19,132.01,2901,379648.25,29-Jul-2026,61,INE048C01025
VICTORYEV,ST,16.5,16.5,16.5,16.5,16.5,16.5,3000,49500.00,29-Jul-2026,1,INE0F8901022
VIDHIING,EQ,315.1,333,292,300.5,301,312.75,470287,148900783.20,29-Jul-2026,11087,INE632C01026
VIDYAWIRES,EQ,91,91,88.68,89.3,89.45,89.66,460900,41346934.33,29-Jul-2026,4914,INE14UN01029
VIGOR,ST,103.5,103.5,98,100.5,101,99,32000,3191920.00,29-Jul-2026,19,INE1DM601016
VIJAYA,EQ,1354,1375,1351.1,1372,1372.8,1359.1,80746,110475594.80,29-Jul-2026,9529,INE043W01024
VIJAYPD,SM,64.25,65,64.25,65,65,63.5,4000,258500.00,29-Jul-2026,2,INE0WL901019
VIJIFIN,BE,9.82,9.82,9.82,9.82,9.82,9.63,35489,348501.98,29-Jul-2026,37,INE159N01027
VIKASECO,EQ,1.13,1.13,1.1,1.11,1.11,1.1,2054185,2283258.48,29-Jul-2026,813,INE806A01020
VIKASLIFE,EQ,1.28,1.31,1.28,1.29,1.3,1.28,1460375,1889628.72,29-Jul-2026,7471,INE161L01027
VIKRAMSOLR,EQ,178.05,183,178,181.62,180.9,177.31,2890644,521091246.31,29-Jul-2026,21860,INE078V01014
VIKRAN,EQ,71,73.77,70.88,73.18,73.05,70.71,2346541,170620661.37,29-Jul-2026,10312,INE01R501028
VILAS,SM,345,363.5,345,357,357,347.85,12750,4534400.00,29-Jul-2026,41,INE0AZY01017
VIMTALABS,EQ,603,611.8,595.5,599.05,600.9,601.95,198941,119863144.75,29-Jul-2026,8003,INE579C01029
VINATIORGA,EQ,1308.7,1362,1270.5,1309,1305,1300.9,226678,297528056.60,29-Jul-2026,16651,INE410B01037
VINDHYATEL,EQ,1873.1,1898,1855,1885.2,1889,1868,9392,17641182.50,29-Jul-2026,1349,INE707A01012
VINEETLAB,BE,38.92,40,37.46,39.21,39.19,38.92,74565,2947649.07,29-Jul-2026,149,INE505Y01010
VMOBILE,SM,74.6,74.6,74.6,74.6,74.6,71.05,18400,1372640.00,29-Jul-2026,18,INE27V201011
VINNY,EQ,1.07,1.08,1.05,1.06,1.08,1.07,483537,513402.71,29-Jul-2026,193,INE01KI01027
VINSYS,ST,527,532,523,530,530,527.55,4250,2245250.00,29-Jul-2026,16,INE0OSJ01014
VINCOFE,EQ,166.4,166.4,150.33,155.13,156.5,164.02,5881289,930427436.70,29-Jul-2026,54370,INE498Q01014
VINYAS,SM,1284.9,1284.9,1203.1,1241,1232,1259.7,7300,9032440.00,29-Jul-2026,62,INE0OLS01010
VINYLINDIA,EQ,242.9,248,242,246.05,247,241.95,8343,2052687.90,29-Jul-2026,426,INE250B01029
VIPCLOTHNG,BE,21.99,21.99,21.12,21.21,21.12,21.91,67253,1435505.06,29-Jul-2026,183,INE450G01024
VIPIND,EQ,294,299,291.5,296.4,295,291,144131,42529395.30,29-Jul-2026,3012,INE054A01027
VIPULLTD,BE,12.65,12.69,12.59,12.69,12.69,12.09,242183,3070170.79,29-Jul-2026,259,INE946H01037
VIRINCHI,EQ,15.41,15.82,15.32,15.57,15.65,15.48,63697,992330.54,29-Jul-2026,216,INE539B01017
VGINFOTECH,SM,148.4,155,148.05,154.45,154,148.2,23000,3495450.00,29-Jul-2026,22,INE0VRH01015
VOEPL,EQ,485,503.55,480.95,491.2,491.5,479,90119,44460888.40,29-Jul-2026,2794,INE0I0T01010
VISACHROME,BE,37.5,38.05,37,37.99,38.05,37.85,6953,261493.25,29-Jul-2026,48,INE286H01012
VIVIDHA,EQ,0.51,0.52,0.51,0.51,0.52,0.51,123802,63594.78,29-Jul-2026,104,INE370E01029
VISAKAIND,EQ,83,83.99,82.31,83.23,83.4,82.47,164129,13636355.99,29-Jul-2026,1487,INE392A01021
VMM,EQ,109.99,110.29,107.82,108.24,108.3,109.58,9891330,1073450704.50,29-Jul-2026,40555,INE01EA01019
VISHNU,EQ,620.5,625,616.1,617.45,618.9,620.3,62568,38765667.30,29-Jul-2026,5034,INE270I01022
VPRPL,BE,26.5,26.98,26.1,26.33,26.3,27.02,125918,3330520.35,29-Jul-2026,826,INE0AE001013
VISHNUINFR,SM,160,160.05,159.1,159.7,159.1,159.05,2500,399575.00,29-Jul-2026,4,INE0PQ001012
VISHWARAJ,EQ,5.21,5.33,5.21,5.26,5.28,5.21,100866,531054.91,29-Jul-2026,226,INE430N01022
VIESL,SM,306.4,313.5,300,301.65,301.5,305.2,34400,10530320.00,29-Jul-2026,37,INE0TR001017
VITAL,BE,46,46,46,46,46,46,1700,78200.00,29-Jul-2026,5,INE0L4K01016
VIVIANA,BE,767.95,780.4,724.75,727.6,728.95,762.85,14643,10821961.80,29-Jul-2026,398,INE0MEG01014
VIVIDEL,ST,1191.3,1191.3,1191.3,1191.3,1191.3,1254,23520,28019376.00,29-Jul-2026,19,INE24H301028
VIVIMEDLAB,BE,5.2,5.4,4.94,5.29,5.37,5.2,105794,543796.59,29-Jul-2026,155,INE526G01021
VIVO,SM,85.25,85.25,85.25,85.25,85.25,81.2,1600,136400.00,29-Jul-2026,1,INE0IA701014
VIYASH,EQ,252,260.5,251.6,256.75,256.45,253.45,922575,236704200.30,29-Jul-2026,21358,INE807F01027
VLEGOV,BE,11.11,11.11,10.69,10.69,10.69,10.9,68818,744797.83,29-Jul-2026,173,INE03HW01020
VLSFINANCE,EQ,254.65,255.7,252.3,253.55,252.85,253.1,9592,2436687.30,29-Jul-2026,233,INE709A01018
VMART,EQ,718.45,757.2,712.15,748,749,714.15,170102,126650054.50,29-Jul-2026,14899,INE665J01013
VMSTMT,BE,43.87,44,43.05,43.35,43.25,43.01,16566,723511.60,29-Jul-2026,135,INE0SJA01013
IDEA,EQ,13.02,13.19,12.95,13.05,13.07,12.95,275144292,3594126625.91,29-Jul-2026,429840,INE669E01016
VOLERCAR,SM,233.95,233.95,215,223,225,220,35200,7836880.00,29-Jul-2026,29,INE241X01014
VOLTAMP,EQ,9324,9385,9258,9319,9281,9290,40472,377735599.00,29-Jul-2026,14246,INE540H01012
VOLTAS,EQ,1311.1,1321.7,1300.5,1313.3,1316.7,1311.1,322855,423621106.90,29-Jul-2026,15556,INE226A01021
12VPT28,N0,10025,10025,10025,10025,10025,10000,2,20050.00,29-Jul-2026,1,INE0MEG07029
VRAJ,EQ,125.55,128,125.55,126.76,126.12,125.98,10275,1305587.29,29-Jul-2026,417,INE0S2V01010
VRLLOG,EQ,262.95,263.85,257.6,262.52,262.9,260.14,268051,70083763.41,29-Jul-2026,4460,INE366I01010
VSTIND,EQ,218,225,215,220,220.6,229.25,1288670,282621517.25,29-Jul-2026,21186,INE710A01016
VSTTILLERS,EQ,4389.2,4443.3,4367,4378.8,4377,4389.2,5884,25832312.50,29-Jul-2026,1362,INE764D01017
WPIL,EQ,439.8,440,427,430.55,438,434.75,43451,18832165.15,29-Jul-2026,3289,INE765D01022
WSI,EQ,62.95,63.9,60.25,61.2,61,62.68,164402,10166056.53,29-Jul-2026,3497,INE100D01014
WAAREEENER,EQ,2708.7,2751.2,2645,2736.2,2726.5,2694.3,1130793,3062305021.10,29-Jul-2026,51399,INE377N01017
WAAREERTL,EQ,920.2,927.5,910.8,913.5,917.9,923.5,215091,197226646.40,29-Jul-2026,12751,INE299N01021
WAKEFIT,EQ,126.7,128.64,125.6,127.47,127.62,126.18,1329609,169306130.30,29-Jul-2026,9707,INE0E7301029
WALCHANNAG,EQ,229,229.9,220.8,222.2,223,226.15,776589,173941072.40,29-Jul-2026,9040,INE711A01022
WANBURY,EQ,313,317.8,304.35,305.9,304.9,312.45,360716,111957604.95,29-Jul-2026,9545,INE107F01022
CORDELIA,EQ,804,817.9,797.15,806.2,803.15,804.2,109234,88272976.25,29-Jul-2026,5421,INE0LZF01013
WEWIN,BE,45.36,45.4,43.71,44.32,44.1,45.36,3245,144384.53,29-Jul-2026,47,INE082W01014
TWCGOLDETF,EQ,141.58,141.58,140.5,141.16,141.18,140.88,6292,889991.68,29-Jul-2026,110,INF2F0001370
WEALTH,EQ,993.5,993.5,941.1,946.15,958.65,969.1,2035,1949883.30,29-Jul-2026,396,INE658T01017
WEBELSOLAR,EQ,100,100.35,97.98,98.65,98.7,99.46,1199682,118307764.65,29-Jul-2026,8795,INE855C01023
WEIZMANIND,EQ,77.5,79.8,77,77.19,77.98,77.37,2611,203136.84,29-Jul-2026,47,INE080A01014
WELCORP,EQ,1645,1700,1626.3,1697,1696,1643.1,1181435,1995029945.80,29-Jul-2026,52535,INE191B01025
WELENT,EQ,596.85,601.35,590,593.15,594.95,594.35,69078,41068398.60,29-Jul-2026,3141,INE625G01013
WELINV,BE,1894.3,1894.3,1890,1890,1890,1895.2,23,43564.60,29-Jul-2026,3,INE389K01018
WELSPUNLIV,EQ,160.69,163,159.8,162.3,163,160.23,729060,118017061.38,29-Jul-2026,10337,INE192B01031
WELSPLSOL,EQ,53.15,53.2,51.1,51.47,51.98,52.42,237059,12319805.78,29-Jul-2026,1829,INE731F01037
WENDT,EQ,8340,8379.5,8211.5,8229,8229,8299.5,6003,49661639.00,29-Jul-2026,1734,INE274C01019
WSTCSTPAPR,EQ,570,582,566.3,570.3,567.5,570.3,96302,55320870.45,29-Jul-2026,4343,INE976A01021
WCIL,EQ,89.6,90.48,89.2,89.71,90,89.43,33105,2968465.01,29-Jul-2026,739,INE0CJF01024
WESTLIFE,EQ,466,492.65,466,489.05,489.3,466.8,141425,68594334.10,29-Jul-2026,13240,INE274F01020
WEWORK,EQ,709,715,693.55,705.55,709,710.1,133799,94258567.05,29-Jul-2026,9609,INE085001019
WHEELS,EQ,1418,1445.6,1411.8,1434.5,1442,1417.1,68725,98206222.10,29-Jul-2026,6453,INE715A01015
WHIRLPOOL,EQ,782,796.6,782,788.85,793,780.4,402362,317276623.65,29-Jul-2026,11442,INE716A01013
WILLAMAGOR,EQ,26.89,26.89,24.64,25,25.2,25.96,3182,83975.45,29-Jul-2026,46,INE210A01017
WINDLAS,EQ,847,870,841.15,858.55,856.55,849,26613,22792596.35,29-Jul-2026,2139,INE0H5O01029
WINDMACHIN,EQ,277.6,285,275.45,282.9,283.9,276.85,145865,41125218.85,29-Jul-2026,2127,INE052A01021
WINSOL,SM,113,114,112,113.3,113.7,109.4,4000,452840.00,29-Jul-2026,10,INE0S3D01016
WINSOME,BZ,2.47,2.47,2.47,2.47,2.47,2.43,19659,48557.73,29-Jul-2026,17,INE784B01035
WIPRO,EQ,183,185.76,181.45,183.61,183.3,181.12,26147867,4814563827.91,29-Jul-2026,121817,INE075A01022
WTICAB,SM,115.5,116,112,112.25,112,113,17000,1917875.00,29-Jul-2026,23,INE623Y01011
WOCKPHARMA,EQ,1901.8,1934,1893.1,1916.5,1916,1890.1,622248,1192746219.10,29-Jul-2026,30302,INE049B01025
WOL3D,ST,131,131.25,126.55,126.55,126.55,131,8000,1044200.00,29-Jul-2026,7,INE0OO201011
WOMANCART,SM,101,102.55,101,102,102,101.55,2400,243420.00,29-Jul-2026,5,INE0Q9601016
WEL,EQ,110.4,117,109.3,116.29,116,110.6,456917,52217153.17,29-Jul-2026,2547,INE02WG01024
WONDERLA,EQ,462.85,470,462,469,468.95,461.6,27440,12798622.55,29-Jul-2026,2003,INE066O01014
WORTHPERI,EQ,144.99,148,144.5,145.16,145,142.94,12916,1877235.26,29-Jul-2026,109,INE196Y01018
XCHANGING,EQ,66.25,67.99,66,66.82,67.35,65.86,210548,14150415.71,29-Jul-2026,2336,INE692G01013
XELPMOC,EQ,81.5,82.39,78,79.02,79,80.07,10692,846251.29,29-Jul-2026,344,INE01P501012
XPROINDIA,EQ,1379.4,1392,1341,1365,1360,1378,9298,12701746.00,29-Jul-2026,1318,INE445C01015
XTGLOBAL,EQ,31.28,32.35,31,31.45,31.74,31.28,286306,9034932.33,29-Jul-2026,1018,INE547B01028
YAAP,ST,151.55,153,151.55,152.25,153,157.35,2000,304550.00,29-Jul-2026,2,INE0U0J01015
YASHOPTICS,SM,111.3,115,111.3,114.9,114.9,111.3,4800,546800.00,29-Jul-2026,6,INE0TO601017
YASHO,EQ,3273,3365,3092.3,3121.1,3155,3195.3,51030,166069390.90,29-Jul-2026,7462,INE616Z01012
YCCL,SM,9.5,9.5,9.5,9.5,9.5,9.35,3000,28500.00,29-Jul-2026,1,INE08S201019
YATHARTH,EQ,838.05,844.8,830.2,832.9,834,833.95,105535,88257007.00,29-Jul-2026,7413,INE0JO301016
YATRA,EQ,107.95,109.48,107.31,108.15,108.36,107.34,366653,39663729.26,29-Jul-2026,4764,INE0JR601024
YESBANK,EQ,22.87,23,22.75,22.84,22.84,22.81,45390757,1037949298.66,29-Jul-2026,54672,INE528G01035
YUDIZ,SM,23,23,23,23,23,23,800,18400.00,29-Jul-2026,1,INE09FA01019
YUKEN,EQ,710.1,715,695,712.25,715,701.6,5402,3794354.60,29-Jul-2026,365,INE384C01016
ZFSTEERING,EQ,688,696.95,676.3,679,676.55,673.7,1940,1324769.80,29-Jul-2026,189,INE116C01012
ZTECH,SM,538,542,517.05,525.8,525,522.5,19800,10424325.00,29-Jul-2026,48,INE0ISZ01012
ZAGGLE,EQ,205.48,210.8,204.42,207.74,207.51,203.79,679216,141268326.01,29-Jul-2026,9389,INE07K301024
ZEAL,SM,61,63,60.5,61,61,61,4800,292500.00,29-Jul-2026,5,INE0PPS01018
ZEEL,EQ,108.01,108.58,106.26,108.13,108,107.57,10287458,1107547198.79,29-Jul-2026,39176,INE256A01028
ZEELEARN,BE,8.48,8.68,8.27,8.48,8.45,8.48,245242,2100969.71,29-Jul-2026,293,INE565L01011
ZEEMEDIA,EQ,7.86,7.99,7.58,7.65,7.69,7.92,1413437,10962768.31,29-Jul-2026,1896,INE966H01019
ZENTEC,EQ,1655,1658.4,1636.2,1646.1,1654,1640.6,219811,361929025.80,29-Jul-2026,13334,INE251B01027
ZENITHDRUG,SM,48.35,48.35,47.25,47.9,47.9,49.25,7200,344720.00,29-Jul-2026,7,INE0QWN01013
ZENITHEXPO,EQ,197.01,208.87,196.46,196.46,196.46,199.86,8,1588.18,29-Jul-2026,6,INE058B01018
ZENITHSTL,EQ,5.52,5.64,5.46,5.58,5.6,5.53,20886,115795.99,29-Jul-2026,144,INE318D01020
ZENSARTECH,EQ,529.9,553.1,529,534.95,535,524.65,4710563,2553311096.70,29-Jul-2026,85313,INE520A01027
GOLDCASE,EQ,22.33,22.33,22.16,22.22,22.24,22.23,10568168,235009609.95,29-Jul-2026,7387,INF0R8F01042
LIQUIDCASE,EQ,115.23,115.23,115.21,115.22,115.23,115.19,21938841,2527758953.24,29-Jul-2026,8761,INF0R8F01034
LTGILTCASE,EQ,30.99,30.99,30.52,30.54,30.55,30.55,47208,1441833.10,29-Jul-2026,99,INF0R8F01133
MID150CASE,EQ,11.75,11.75,11.52,11.62,11.62,11.52,779754,9048997.01,29-Jul-2026,2374,INF0R8F01059
NIFTYCASE,EQ,9.87,9.87,9.38,9.72,9.74,9.63,1033750,10047755.62,29-Jul-2026,1174,INF0R8F01166
SILVERCASE,EQ,22.32,22.32,21.82,21.89,21.88,21.88,5636480,123589809.47,29-Jul-2026,5770,INF0R8F01091
SML100CASE,EQ,10.85,11.02,10.75,10.99,11.01,10.85,1041974,11406681.89,29-Jul-2026,1030,INF0R8F01141
TOP100CASE,EQ,10.72,10.72,10.51,10.61,10.63,10.51,528750,5606827.09,29-Jul-2026,800,INF0R8F01067
ZFCVINDIA,EQ,2400,2400,2350.5,2389.7,2390.5,2376.9,92133,218867886.80,29-Jul-2026,12770,INE342J01019
ZIMLAB,BE,114,114,113.33,113.33,113.33,115.64,23197,2629801.08,29-Jul-2026,62,INE518E01015
ZODIACLOTH,EQ,75.12,78,75.12,76.54,75.31,75.08,6776,517853.77,29-Jul-2026,153,INE206B01013
ZODIAC,BE,245.85,248.9,242,242.1,242.2,244.65,7444,1815811.70,29-Jul-2026,263,INE761Y01019
ZOTA,EQ,1280,1283.9,1236.8,1242.6,1240.9,1274.9,27575,34523234.20,29-Jul-2026,2202,INE358U01012
ZUARI,EQ,228,242.5,228,235.49,235.42,225.68,482720,114313541.31,29-Jul-2026,11120,INE840M01016
ZUARIIND,EQ,254.95,265,254,260.15,261,250.15,53699,13973719.00,29-Jul-2026,1276,INE217A01012
ZYDUSLIFE,EQ,1098,1130,1097.9,1122.7,1122,1099.2,1097337,1229497222.80,29-Jul-2026,27811,INE010B01027
ZYDUSWELL,EQ,552.75,583.5,550,579.45,573.15,549.45,548547,314145178.25,29-Jul-2026,23926,INE768C01028
