SYMBOL,SERIES,OPEN,HIGH,LOW,CLOSE,LAST,PREVCLOSE,TOTTRDQTY,TOTTRDVAL,TIMESTAMP,TOTALTRADES,ISIN
SGBJUN28,GB,15186.73,15270,15155.02,15233.75,15190,15131.45,40,609591.61,04-Sep-2026,12,IN0020200104
SGBN28VIII,GB,15242,15300,15235,15261.04,15261.04,15176,41,625666.59,04-Sep-2026,14,IN0020200286
SGBMAY29I,GB,15211.01,15299,15211.01,15295.42,15299,15136.47,459,7008381.44,04-Sep-2026,51,IN0020210053
SGBJUN29II,GB,15175,15299.99,15175,15231.01,15231.01,15135,73,1116186.40,04-Sep-2026,8,IN0020210061
SGBJU29III,GB,15205,15300,15202,15293.8,15300,15120,120,1830103.70,04-Sep-2026,30,IN0020210087
SGBSEP29VI,GB,15303.2,15350.01,15152,15246.68,15299,15352.09,221,3372416.69,04-Sep-2026,71,IN0020210145
SGBNV29VII,GB,15250,15344,15250,15300,15300,15158,169,2584128.42,04-Sep-2026,20,IN0020210178
SGBDEC26,GB,15200,15275,15175,15175,15175,15150,9,136821.99,04-Sep-2026,7,IN0020180389
SGBJUN27,GB,15299.97,15299.97,15298.99,15298.99,15298.99,14950,4,61196.94,04-Sep-2026,3,IN0020190073
SGBAUG27,GB,15151,15288.98,15151,15241.31,15250,15105.26,57,867394.19,04-Sep-2026,28,IN0020190107
SGBSEP27,GB,15350.01,15350.01,15350.01,15350.01,15350.01,15251,27,414450.27,04-Sep-2026,1,IN0020190115
SGBJAN27,GB,15105.11,15249,15105.11,15248,15248,14950,9,136664.44,04-Sep-2026,4,IN0020180462
SGBOCT27,GB,15250,15300,15250,15300,15300,14962,6,91600.00,04-Sep-2026,3,IN0020190370
SGBFEB27,GB,15200,15200,15200,15200,15200,14849,4,60800.00,04-Sep-2026,4,IN0020180561
SGBDC27VII,GB,15125.11,15270,15125.11,15225,15225,15150,18,273898.33,04-Sep-2026,9,IN0020190461
SGBAPR28I,GB,15275,15350,15251,15323.99,15301,15180.84,61,933510.14,04-Sep-2026,24,IN0020200062
SGBMAY28,GB,15259.99,15280,15200.04,15260,15260,15123.33,59,900350.04,04-Sep-2026,12,IN0020200088
SGBJUL28IV,GB,15155.01,15279.5,15155.01,15249.78,15250,15116.01,253,3847953.81,04-Sep-2026,53,IN0020200146
SGBAUG28V,GB,15152,15279,15136.57,15228.56,15245,15112.39,530,8063028.67,04-Sep-2026,133,IN0020200161
SGBSEP28VI,GB,15261.89,15300.02,15200,15300,15300,15159.8,384,5860734.16,04-Sep-2026,88,IN0020200195
SGBOC28VII,GB,15250.02,15340,15250.02,15320.2,15340,15185,123,1879233.11,04-Sep-2026,29,IN0020200203
SGBJ28VIII,GB,15299.99,15299.99,15299.99,15299.99,15299.99,15099.9,1,15299.99,04-Sep-2026,1,IN0020190537
SGBMAR28X,GB,15274.17,15300.57,15255.01,15257,15257,15160,44,672225.75,04-Sep-2026,21,IN0020190552
SGBJUL29IV,GB,15170,15300,15170,15264.25,15250,15127.94,120,1831898.23,04-Sep-2026,24,IN0020210111
SGBJAN29IX,GB,15185.5,15266.55,15155.11,15227.5,15250,15111.99,53,807268.84,04-Sep-2026,19,IN0020200377
SGBAUG29V,GB,15255.55,15350,15255.55,15313.8,15270,15237.2,51,780777.10,04-Sep-2026,23,IN0020210129
SGBD29VIII,GB,15260,15379.99,15201,15345,15340,15239.92,104,1589686.28,04-Sep-2026,33,IN0020210228
SGBJAN29X,GB,15200.51,15250,15198.14,15245,15204,15108.22,267,4070604.30,04-Sep-2026,22,IN0020200385
SGBFEB29XI,GB,15200,15345,15155.01,15241.55,15250,15093.5,193,2940782.63,04-Sep-2026,59,IN0020200393
SGBMR29XII,GB,15261.27,15325,15211.01,15244.6,15250,15142.5,148,2259480.06,04-Sep-2026,52,IN0020200427
SGBJUN30,GB,15511,15511,15400,15449,15449,15287.44,49,757364.96,04-Sep-2026,10,IN0020220045
SGBAUG30,GB,15308.01,15575,15308.01,15470.42,15499.99,15281.42,268,4142981.84,04-Sep-2026,75,IN0020220078
SGBDE30III,GB,15365.01,15450,15365.01,15413.38,15410,15362.96,180,2776843.47,04-Sep-2026,38,IN0020220110
SGBJAN30IX,GB,15340,15379.02,15211,15242.2,15280,15160.71,224,3423542.62,04-Sep-2026,58,IN0020210236
SGBMAR30X,GB,15350,15450,15300,15425,15425,15318.46,116,1781943.44,04-Sep-2026,27,IN0020210319
SGBJUN31I,GB,15500,15535,15450.05,15505.82,15480,15379.14,145,2246085.48,04-Sep-2026,53,IN0020230069
SGBSEP31II,GB,15555.01,15674,15555.01,15620.76,15629.99,15509.43,338,5274605.48,04-Sep-2026,89,IN0020230093
SGBDE31III,GB,15556.56,15688.4,15556.56,15626.86,15630,15542.74,1138,17769033.37,04-Sep-2026,177,IN0020230168
SGBMAR31IV,GB,15436.57,15639.83,15436.57,15520.32,15500,15413.07,114,1769582.47,04-Sep-2026,46,IN0020220169
SGBFEB32IV,GB,15806.56,15849.97,15736,15787.91,15800,15742.54,1206,19046267.69,04-Sep-2026,238,IN0020230184
20MICRONS,EQ,218.91,224.9,216.5,222.49,222.95,217.82,174812,38639237.99,04-Sep-2026,4145,INE144J01027
21STCENMGM,EQ,38.49,38.7,37.36,38.13,38,38.1,2056,78150.66,04-Sep-2026,44,INE253B01015
360ONE,EQ,1149.1,1156.1,1127.1,1137,1137,1155,603451,688260495.50,04-Sep-2026,32281,INE466L01038
GOLD360,EQ,150.15,151,149.6,149.7,149.6,149.4,9775,1466887.95,04-Sep-2026,192,INF579M01BB5
MSCI360,EQ,10.12,10.27,10.04,10.27,10.27,10.06,6033,60999.36,04-Sep-2026,23,INF579M01BP5
SILVER360,EQ,227.4,229.69,227.4,229.11,229.5,226.38,14214,3253999.30,04-Sep-2026,265,INF579M01BC3
3BBLACKBIO,EQ,1508.5,1513.9,1411.2,1460.1,1476.2,1486.2,19626,28417563.40,04-Sep-2026,2351,INE994E01018
3IINFOLTD,BE,21.99,22.5,21.99,22.37,22.4,21.79,161133,3599783.63,04-Sep-2026,591,INE748C01038
3MINDIA,EQ,32730,32965,32680,32845,32955,32820,932,30562740.00,04-Sep-2026,600,INE470A01017
3PLAND,EQ,32.3,32.45,30.75,32.39,32.39,32.45,11543,365106.68,04-Sep-2026,223,INE105C01023
5PAISA,EQ,342.45,367.9,336.35,342.1,341.8,342.45,258086,90740393.40,04-Sep-2026,7643,INE618L01018
63MOONS,EQ,867.95,903,853.3,876.5,875,851.25,1136718,1003549857.90,04-Sep-2026,41951,INE111B01023
735PFCL35,N1,1202.1,1202.1,1202.1,1202.1,1202.1,1169.8,770,925617.00,04-Sep-2026,1,INE134E07570
764NABAR31,N2,1110.1,1118,1110.07,1118,1118,1119,931,1034878.00,04-Sep-2026,13,INE261F07032
764HUDCO31,N8,1130,1130,1125,1125,1125,1118,313,353435.00,04-Sep-2026,5,INE031A07AO5
769HUDCO31,N9,1136.5,1136.8,1136.1,1136.8,1136.8,1139.5,320,363570.00,04-Sep-2026,6,INE031A07AT4
82HUDCO27,N2,1058.75,1058.75,1053.01,1053.01,1053.01,1058.75,30,31672.06,04-Sep-2026,5,INE031A07840
875NHAI29,N6,1052,1119.99,1052,1118.24,1118.99,1115,440,490890.70,04-Sep-2026,10,INE906B07DF8
876HUDCO28,ND,1135.98,1135.98,1134,1135,1135,1133.51,470,533130.50,04-Sep-2026,8,INE031A07949
879NHPC28,N5,1110,1110,1110,1110,1110,1110,797,884670.00,04-Sep-2026,3,INE848E07559
891IIFCL34,N4,1255.01,1270,1255.01,1270,1270,1255.01,109,136811.08,04-Sep-2026,2,INE787H07370
891NTPC33,N6,1248,1284.9,1248,1273.74,1273.74,1280,176,224128.66,04-Sep-2026,6,INE733E07JJ9
892NHPC33,N6,1260,1260,1260,1260,1260,1260,700,882000.00,04-Sep-2026,10,INE848E07567
892PFCL33,N8,1276.05,1276.05,1276.05,1276.05,1276.05,1286.87,10,12760.50,04-Sep-2026,1,INE134E07463
901HUDCO34,NE,1284,1284,1278,1280,1280,1284.99,337,431900.45,04-Sep-2026,13,INE031A07AB2
ABCOTS,EQ,209.7,217.99,206.3,208.15,207,207.46,4500,943697.12,04-Sep-2026,298,INE08PH01015
ABINFRA,BE,11.15,11.59,10.95,11.35,11.5,11.18,234755,2613015.27,04-Sep-2026,399,INE00YB01025
ABMKNO,EQ,193.6,193.6,188,189.9,189.9,188,556,104689.50,04-Sep-2026,14,INE850B01026
ACSTECH,BE,51.9,52,51,51.83,51.8,50.69,124987,6427167.44,04-Sep-2026,235,INE366C01021
AKCAPIT,EQ,1698.9,1740,1684.2,1736.9,1740,1697.4,674,1163226.60,04-Sep-2026,128,INE701G01012
A2ZINFRA,EQ,15.98,16.24,15.33,15.61,15.74,15.98,308540,4823642.09,04-Sep-2026,740,INE619I01012
AAATECH,EQ,93.17,93.99,91.1,91.74,91.46,93.17,11314,1039757.08,04-Sep-2026,369,INE0D0U01013
AADHARHFC,EQ,478.7,488,477.7,483.55,485,478.65,197998,95642343.20,04-Sep-2026,10142,INE883F01010
AAKAAR,SM,61.3,62.9,61.3,62.7,62.7,63,11200,698800.00,04-Sep-2026,6,INE1GYP01013
AAKASH,EQ,8.88,8.89,8.69,8.75,8.8,8.77,139620,1224152.12,04-Sep-2026,248,INE087Z01024
AARADHYA,SM,97,110.8,97,110.8,110.8,100.75,398400,41959320.00,04-Sep-2026,83,INE124401014
AAREYDRUGS,EQ,96,96.99,93.55,95.79,96,94.44,109417,10430625.76,04-Sep-2026,828,INE198H01019
AARNAV,BE,32.22,32.95,32.1,32.17,32.1,32.22,2300,75047.71,04-Sep-2026,21,INE750R01016
AARON,EQ,131,131,127,128.45,128,128.98,4376,561249.74,04-Sep-2026,191,INE721Z01010
AARTECH,BE,49.5,49.5,48.5,48.64,48.5,49.16,13250,647138.84,04-Sep-2026,74,INE01C001026
AARTIDRUGS,EQ,429.25,443.75,426.2,431.65,435,425.85,250307,109111439.95,04-Sep-2026,8751,INE767A01016
AARTIIND,EQ,503.6,509.9,490,492.05,493.25,501.9,767774,381121164.50,04-Sep-2026,23817,INE769A01020
AARTIPHARM,EQ,872,879.75,854.1,858.8,856.25,868.1,463265,399406199.05,04-Sep-2026,19523,INE0LRU01027
AARTISURF,BE,549.9,554.9,540,548.5,550.9,544.25,9195,5028820.10,04-Sep-2026,319,INE09EO01013
AARVI,EQ,139.61,143.96,139.61,141.92,141.15,141.35,7773,1106368.64,04-Sep-2026,345,INE754X01016
AASTHA,EQ,79.56,80.87,77.92,78.12,78.3,80.05,228188,17965074.04,04-Sep-2026,1615,INE2FMX01012
AATMAJ,SM,18.25,18.25,18.25,18.25,18.25,18.25,2000,36500.00,04-Sep-2026,1,INE0OB201016
AAVAS,EQ,1298.3,1318,1298.3,1304.2,1307,1297.8,60456,79037732.10,04-Sep-2026,8307,INE216P01012
ABAN,BE,14.9,15.05,14.49,14.99,14.98,14.78,36824,542097.74,04-Sep-2026,279,INE421A01028
ABANSENT,EQ,28.4,28.4,27.2,27.86,27.5,27.45,6398,175622.07,04-Sep-2026,107,INE365O01028
AFSL,EQ,211.8,211.8,201.3,202.07,202,208.77,9724,1981541.43,04-Sep-2026,258,INE00ZE01026
ABB,EQ,7445.5,7470,7376,7410,7410,7432,150500,1116516031.50,04-Sep-2026,18754,INE117A01022
ABBOTINDIA,EQ,25945,26365,25810,26065,26090,25945,8803,229246080.00,04-Sep-2026,3571,INE358A01014
ABH,ST,80.7,80.7,80.7,80.7,80.7,84.9,138000,11136600.00,04-Sep-2026,68,INE1R2M01019
ABHAPOWER,SM,24,24.75,23.1,24.6,24.5,23.95,24000,570560.00,04-Sep-2026,15,INE0UYG01015
AILIMITED,SM,22.25,22.25,22.25,22.25,22.25,21.25,9000,200250.00,04-Sep-2026,3,INE0CAJ01017
ABMINTLLTD,BE,55.86,55.86,55.86,55.86,55.86,57,338,18880.68,04-Sep-2026,9,INE251C01025
ABSMARINE,SM,314.8,344,312,337.9,338.8,307.15,343500,114435100.00,04-Sep-2026,558,INE0QRV01016
ACC,EQ,1277,1289.3,1272,1283.8,1287,1272,101446,129978158.20,04-Sep-2026,6445,INE012A01025
ACCELYA,EQ,1130.7,1139.2,1125.7,1131,1133,1129.6,2359,2668464.90,04-Sep-2026,358,INE793A01012
ACCENTMIC,SM,612,619,608.7,617.8,619,607.4,56500,34771325.00,04-Sep-2026,97,INE0Q5D01013
ACCORD,ST,188.45,188.45,188.45,188.45,188.45,198.35,2000,376900.00,04-Sep-2026,1,INE113X01015
ACCPL,ST,202,202,200,200,200,202,13200,2660400.00,04-Sep-2026,9,INE0T8T01010
ACCURACY,BE,4.27,4.34,4.27,4.31,4.33,4.22,25313,109126.56,04-Sep-2026,142,INE648Z01023
ACEINTEG,EQ,17.4,18.7,17.29,17.83,18.4,17.02,17975,325265.72,04-Sep-2026,166,INE543V01017
ACETEC,SM,139,139,139,139,139,139,1200,166800.00,04-Sep-2026,1,INE1J6M01010
ACMESOLAR,EQ,402.9,430.5,399.55,418,419,401.9,6203953,2589884574.75,04-Sep-2026,110173,INE622W01025
ACE,EQ,1148.4,1189,1117.1,1125.4,1127,1145.5,557111,645285823.50,04-Sep-2026,33114,INE731H01025
ACUTAAS,EQ,3211.1,3228.8,3156.3,3168.5,3169,3201,149850,476850429.80,04-Sep-2026,21292,INE00FF01025
ADANIENSOL,EQ,1385.6,1412.7,1376.7,1409.6,1409.6,1385.7,1386991,1946073199.30,04-Sep-2026,34134,INE931S01010
ADANIENT,EQ,2900,2965,2882.8,2938,2938,2901,1060844,3113052524.00,04-Sep-2026,45143,INE423A01024
ADANIGREEN,EQ,1288,1304.5,1278.2,1301.3,1301.3,1283.4,768437,996144981.50,04-Sep-2026,25762,INE364U01010
ADANIPORTS,EQ,1699.9,1716.9,1692.4,1707.3,1707.3,1706.5,1281968,2188911301.80,04-Sep-2026,43769,INE742F01042
ADANIPOWER,EQ,208.29,208.99,206.75,207.2,207.2,208.29,9328145,1936433429.16,04-Sep-2026,49319,INE814H01029
ATGL,EQ,614,619.8,610.55,612.35,614,614.05,445851,274247319.60,04-Sep-2026,15365,INE399L01023
ADDIND,EQ,81.55,83.68,79,79.34,79,76.69,486,39273.15,04-Sep-2026,34,INE757C01021
ADDICTIVE,SM,43,44.75,43,43.3,43,43,8500,369500.00,04-Sep-2026,13,INE0RDH01021
ADFFOODS,EQ,267.5,269.15,262.4,264.8,266.85,267.5,78833,20904529.30,04-Sep-2026,2557,INE982B01027
ADISOFT,SM,199,208,199,206.25,204.55,200,49600,10136560.00,04-Sep-2026,60,INE20PL01012
ABSLAMC,EQ,1047.7,1065,1036.1,1062.3,1064,1045.2,127937,134726426.00,04-Sep-2026,11137,INE404A01024
ABCAPITAL,EQ,400.2,407.4,400.2,404.9,404.9,402,2167785,876957923.55,04-Sep-2026,34690,INE674K01013
ABFRL,EQ,50.76,53.5,50.45,52.97,53.07,50.41,8157673,426909612.43,04-Sep-2026,38913,INE647O01011
ABLBL,EQ,84.18,86.9,83.72,86.07,86.25,83.49,852050,72950470.97,04-Sep-2026,12676,INE14LE01019
BIRLAMONEY,EQ,126.77,129.19,123.5,126.37,126.29,127.15,62184,7868118.80,04-Sep-2026,1043,INE865C01022
ABREL,EQ,1376.9,1400.9,1362.5,1373.6,1372,1376.9,68679,94708293.30,04-Sep-2026,9841,INE055A01016
CPPLUS,EQ,3752.7,3797.9,3645,3704.6,3705,3751.3,202259,751762988.30,04-Sep-2026,23263,INE819V01029
AUSL,SM,24.55,24.55,24.55,24.55,24.55,25.8,2000,49100.00,04-Sep-2026,1,INE01YQ01013
AVL,EQ,604,604,590.4,600.05,598.1,600.4,226161,135134137.45,04-Sep-2026,18774,INE679V01027
BSLGOLDETF,EQ,136.33,136.33,134.7,135.36,135.1,134.18,224272,30340294.75,04-Sep-2026,2547,INF209KB18D3
BSLNIFTY,EQ,28.34,28.34,27.97,28.14,28.09,28.07,339470,9550069.71,04-Sep-2026,3601,INF209KB19D1
ADOR,EQ,1720,1731,1662.2,1674.4,1674,1714.6,26990,45410047.80,04-Sep-2026,3997,INE045A01017
ADROITINFO,EQ,10.2,10.6,10.2,10.31,10.3,10.31,10874,112986.73,04-Sep-2026,82,INE737B01033
ADVAIT,EQ,2230,2244.9,2136,2151.3,2165,2210.9,66736,145660106.80,04-Sep-2026,8813,INE0ALI01010
ADVANCE,EQ,119.75,119.76,116.86,117.43,118.09,118.53,118344,13967473.16,04-Sep-2026,1046,INE1B0W01010
ADVENZYMES,EQ,297.1,300.8,292.1,293.2,293.8,296,257142,76201264.90,04-Sep-2026,3866,INE837H01020
ADVANIHOTR,EQ,49.25,49.99,49,49.45,49.27,49.18,22126,1092467.18,04-Sep-2026,327,INE199C01026
ADVENTHTL,EQ,135.25,135.7,132.81,134.57,134.1,134.98,78410,10517378.30,04-Sep-2026,1234,INE28GN01010
ADVIKCA,EQ,1.15,1.16,1.11,1.12,1.14,1.13,329513,372742.22,04-Sep-2026,336,INE178T01024
RAMBHAJO,EQ,249.9,268.68,247.06,268.68,268.68,244.26,1915247,500788031.23,04-Sep-2026,24492,INE1SJO01012
AEGISLOG,EQ,1288.1,1327.3,1265,1270.2,1270,1287.2,665965,861114864.40,04-Sep-2026,35153,INE208C01025
AEGISVOPAK,EQ,286.5,294.1,283.1,284.5,284,286.85,788218,226886490.15,04-Sep-2026,17726,INE0INX01018
AEL170725,ND,1095,1095,1095,1095,1095,1095,35,38325.00,04-Sep-2026,2,INE423A07419
AEL170725A,NG,1095,1095,1095,1095,1095,1104.94,100,109500.00,04-Sep-2026,1,INE423A07468
860AEL28,NH,1035.7,1060,1035.2,1060,1060,1060,500,529572.70,04-Sep-2026,12,INE423A07484
862AEL31,NM,1025,1025,1025,1025,1025,1015,11,11275.00,04-Sep-2026,3,INE423A07518
875AEL29,NK,1053,1053,1053,1053,1053,1053,540,568620.00,04-Sep-2026,11,INE423A07534
885AEL28,NB,1030,1030,1030,1030,1030,1035,25,25750.00,04-Sep-2026,1,INE423A07427
890AEL31,NN,1056.9,1056.9,1056,1056.9,1056.9,1055.05,25,26415.30,04-Sep-2026,3,INE423A07526
9AEL30,NE,1049.85,1050.85,1049.85,1050.85,1050.85,1050.01,10,10503.50,04-Sep-2026,2,INE423A07443
915AEL28,NC,1025,1025,1019.22,1019.22,1019.22,1025,311,318711.42,04-Sep-2026,4,INE423A07435
930AEL30,NF,1040,1045,1037,1045,1045,1040,21,21815.00,04-Sep-2026,3,INE423A07393
AEQUS,EQ,247.9,249,241,242.18,241,247.23,1802739,439026679.44,04-Sep-2026,29668,INE947N01017
AEROENTER,EQ,143.88,145.19,140.2,141.81,144,142.86,477542,67996617.80,04-Sep-2026,4185,INE065D01027
AEROFLEX,EQ,544,552.95,527.1,537.45,539.65,542.15,1026759,554442601.85,04-Sep-2026,25542,INE024001021
AERONEU,EQ,78.25,87.7,77.71,80.57,79.89,78.99,80348,6549152.23,04-Sep-2026,1953,INE035801013
AERON,SM,78.8,83,78.8,83,83,78.8,25000,2039450.00,04-Sep-2026,23,INE0WL801011
AESTHETIK,SM,69,69.9,68.7,69.8,69.75,70,6000,415850.00,04-Sep-2026,6,INE0TSF01011
AETHER,EQ,1660.1,1666.3,1614.3,1625.6,1625,1654.7,205632,336102327.40,04-Sep-2026,21619,INE0BWX01014
AFCONS,EQ,295.05,297.4,291.35,292.8,292,294.7,400459,117672294.45,04-Sep-2026,15773,INE101I01011
AFFLE,EQ,1529,1645,1521,1616.5,1626,1519.2,3213241,5160546853.40,04-Sep-2026,162220,INE00WC01027
AFFORDABLE,EQ,164.93,164.93,155.15,157.47,161.49,159.68,21622,3443318.48,04-Sep-2026,547,INE692Z01013
1125AFIL29,N0,9809,9809,9809,9809,9809,9885,40,392360.00,04-Sep-2026,2,INE916Y07081
1150AFIL29,N0,9903,9909.02,9903,9903,9903,9909.02,21,208017.18,04-Sep-2026,3,INE916Y07073
12AFIL27,N0,10002.2,10002.2,10002.2,10002.2,10002.2,9980.84,5,50011.00,04-Sep-2026,1,INE916Y07032
12AFIL28,N0,9974,9974,9900,9900,9900,9974,15,149010.00,04-Sep-2026,4,INE916Y07057
AGARIND,EQ,441.45,455,440,450.8,452.9,440.5,56050,24999195.40,04-Sep-2026,2486,INE204E01012
AGARWALTUF,SM,138.45,140.9,137.75,140.6,140.4,136.3,48000,6638700.00,04-Sep-2026,33,INE0P8X01016
AGI,EQ,746.5,753.9,731.25,735.25,732.5,742.2,98049,72590554.10,04-Sep-2026,4203,INE415A01038
AGIIL,EQ,279,284.9,277.75,283.7,284.4,278.3,261176,73462216.05,04-Sep-2026,2813,INE976R01033
AGRITECH,EQ,101.1,103.8,99.85,101.21,101,101.1,3474,349121.82,04-Sep-2026,94,INE449G01018
AGROPHOS,EQ,26.19,26.89,25.5,25.77,26.24,26.19,12923,335196.88,04-Sep-2026,175,INE740V01019
AGSTRA,BZ,2,2.02,1.91,1.99,2,1.98,146893,289258.82,04-Sep-2026,249,INE583L01014
AHIMSA,ST,25.75,25.75,25.75,25.75,25.75,25.8,231000,5948250.00,04-Sep-2026,2,INE136T01014
AHLADA,EQ,36.51,38.5,35.51,37.29,37,37.51,11371,420014.00,04-Sep-2026,178,INE00PV01013
AHLUCONT,EQ,599.9,611.9,592.6,599.05,600,595.45,225666,135319422.35,04-Sep-2026,9251,INE758C01029
AIAENG,EQ,4250,4272.4,4206,4231.2,4211,4272.4,117943,501324698.20,04-Sep-2026,5899,INE212H01026
AIMTRON,SM,1631.9,1631.9,1579,1582.6,1579,1620.35,18600,29719650.00,04-Sep-2026,86,INE0RUV01018
GOLDTECH,BE,46.5,47.96,46.5,47.04,47.45,47.1,5814,276155.59,04-Sep-2026,60,INE805A01014
AIRAN,EQ,15.13,15.55,14.9,15.44,15.54,14.8,208770,3213186.77,04-Sep-2026,843,INE645W01026
AIROLAM,EQ,88,88,86.21,86.46,86.21,86.34,797,68975.27,04-Sep-2026,28,INE801L01010
AJANTPHARM,EQ,3503.5,3521.1,3455.3,3464.8,3460.1,3521.1,65346,227242339.40,04-Sep-2026,10255,INE031B01049
AJAXENGG,EQ,577,588,571,582.45,583,579.75,74192,43092839.40,04-Sep-2026,9241,INE274Y01021
AJMERA,EQ,116,121,116,117.76,117.5,115.45,443302,52557042.36,04-Sep-2026,6461,INE298G01035
AJOONI,EQ,3.73,3.76,3.68,3.71,3.73,3.71,147021,546054.63,04-Sep-2026,290,INE820Y01021
AKANKSHA,SM,130.25,136.7,127.25,136.7,136.7,130.2,55000,7385900.00,04-Sep-2026,41,INE0PCY01014
AKASH,EQ,25.1,25.97,24.67,25.6,25.64,24.92,5520,139892.29,04-Sep-2026,46,INE737W01013
AKG,EQ,9.4,9.79,9.2,9.59,9.36,9.34,37356,349804.21,04-Sep-2026,149,INE00Y801016
AKI,EQ,7.22,7.22,7.22,7.22,7.22,6.57,258805,1868572.10,04-Sep-2026,113,INE642Z01026
AKIKO,SM,398.05,419,398.05,416.15,419,404,27200,11153280.00,04-Sep-2026,26,INE0PMR01017
AFIL,EQ,9.5,9.54,9.19,9.22,9.25,9.31,579665,5389185.34,04-Sep-2026,493,INE916Y01027
AKSHOPTFBR,BE,6.99,7.43,6.99,7.43,7.43,7.08,227194,1660683.67,04-Sep-2026,287,INE523B01011
AKSHAR,EQ,0.42,0.44,0.42,0.42,0.43,0.42,1110421,474351.40,04-Sep-2026,300,INE256Z01025
AKSHARCHEM,BE,445.2,445.2,402.8,444.85,445.2,424,70539,30166261.30,04-Sep-2026,959,INE542B01011
AKUMS,EQ,784.4,785,748.35,765.75,764.8,780.55,338753,257909160.65,04-Sep-2026,21239,INE09XN01023
ALANKIT,EQ,8.05,8.19,7.95,8.14,8.15,8.02,76587,620142.69,04-Sep-2026,507,INE914E01040
ALBERTDAVD,EQ,876.9,878,851.6,860.25,869.9,870.15,3339,2877043.15,04-Sep-2026,357,INE155C01010
ALCODIS,SM,65.05,70.75,65.05,68.4,70.75,71.85,4375,295437.50,04-Sep-2026,6,INE448V01019
ALEMBICLTD,EQ,111.6,114.8,109.81,111.41,111.7,109.51,5309246,597581071.02,04-Sep-2026,39669,INE426A01027
APLLTD,EQ,805,811.75,792.6,808.2,804,803.65,174296,139867334.35,04-Sep-2026,13154,INE901L01018
ALFREDHE,EQ,2898,2900,2810,2898.9,2898.9,2898.3,23,65135.50,04-Sep-2026,9,INE782D01027
ALGOQUANT,EQ,64.27,64.89,64.03,64.5,64.19,64.27,1132524,72907576.62,04-Sep-2026,2150,INE598D01035
ALICON,EQ,685.25,691,667.55,684.2,691,684.55,12867,8746139.40,04-Sep-2026,969,INE062D01024
ALIVUS,EQ,1418.9,1446.9,1356.4,1366.3,1369.9,1418.8,169642,235034344.10,04-Sep-2026,15579,INE03Q201024
ALKALI,BE,66.5,68.85,65.25,65.55,65.55,66.52,5638,380375.74,04-Sep-2026,57,INE773I01017
ALKEM,EQ,5190,5210.5,5130,5190,5190,5193,63261,327423815.00,04-Sep-2026,10154,INE540L01014
ALKYLAMINE,EQ,1999,2068.1,1999,2020.9,2026,2003.2,97864,198998907.20,04-Sep-2026,14308,INE150B01039
ALLETEC,SM,135.9,137.65,135.9,137.25,137.3,133.25,22400,3068160.00,04-Sep-2026,43,INE0M2X01012
ALLTIME,EQ,201.97,210,200.5,206.08,206.45,199.78,171524,35356223.56,04-Sep-2026,4261,INE0GV601021
AGL,EQ,13.61,13.97,13.61,13.65,13.66,13.66,978529,13476262.97,04-Sep-2026,2387,INE1YPB01014
ALLCARGO,EQ,12.77,12.77,12.22,12.44,12.43,12.51,12711642,158348010.29,04-Sep-2026,12649,INE418H01029
ATL,EQ,24.49,25.65,24.32,25.31,25.2,24.26,220494,5518913.51,04-Sep-2026,2019,INE0NN701020
ALLDIGI,EQ,805.6,810,797,805.85,803.85,801.65,2586,2081171.05,04-Sep-2026,302,INE835G01018
ABDL,EQ,603.25,614.15,603.25,609.95,606.2,609.4,114222,69675581.95,04-Sep-2026,5160,INE552Z01027
ADSL,EQ,105.24,105.72,103.5,104.13,104.49,104.85,63640,6646060.64,04-Sep-2026,1471,INE102I01027
ALMONDZ,EQ,17.8,18.09,17.52,17.89,18,17.66,302678,5397065.14,04-Sep-2026,613,INE326B01035
ALOKINDS,EQ,7.56,8.28,7.54,7.83,7.86,7.53,65791332,524704517.19,04-Sep-2026,32342,INE270A01029
ALPA,EQ,64,64,61.5,62.71,62.05,63.3,9194,578468.52,04-Sep-2026,161,INE385I01010
ALPEXSOLAR,SM,877.65,905,864.95,889.3,890,877.75,101900,90475475.00,04-Sep-2026,617,INE0R4701017
ALPHAGEO,BE,321.7,329.8,317.1,323.85,324.9,315,15099,4880105.90,04-Sep-2026,388,INE137C01018
ALPINETEX,EQ,57.6,58.95,55.6,57.76,57.88,57.17,337604,19260026.54,04-Sep-2026,3446,INE1JCQ01037
ALUFLUOR,EQ,505,505,496.05,499.05,498.6,502.15,4229,2115600.30,04-Sep-2026,162,INE058F01019
ALUWIND,SM,48.5,49.4,47.55,49.2,49.2,48.5,9000,437775.00,04-Sep-2026,6,INE0STM01017
AMAGI,EQ,566.85,570,555.3,563.3,565.2,562.35,183462,103217270.05,04-Sep-2026,6580,INE121R01077
AMAL,EQ,748,756.7,735,743.2,756.4,749.8,4940,3672642.35,04-Sep-2026,369,INE841D01013
AMANTA,BE,194.03,194.03,194.03,194.03,194.03,190.23,11335,2199330.05,04-Sep-2026,28,INE084K01015
ARE&M,EQ,861.3,868.95,855.05,864.2,864.9,860.4,363791,314148605.05,04-Sep-2026,21774,INE885A01032
AMARJOTHI,EQ,159,164.68,158,160.94,162.39,158.81,9739,1570680.11,04-Sep-2026,85,INE484D01012
AMBAAUTO,SM,113.9,113.9,109.55,110.5,110.5,109.55,126000,14017200.00,04-Sep-2026,15,INE293601014
AMBALALSA,BE,43.67,45.6,42.8,43.73,43.5,43.67,39962,1760411.70,04-Sep-2026,185,INE432A01017
AMBER,EQ,7428,7524,7380,7474,7474,7410,128335,958773669.50,04-Sep-2026,19991,INE371P01015
AMBICAAGAR,EQ,27.69,28.35,25.54,27.21,26.06,26.33,520846,14246641.92,04-Sep-2026,1482,INE792B01012
AMBIKCO,EQ,1649.9,1650,1624.3,1639.1,1638,1634.7,5906,9678668.20,04-Sep-2026,825,INE540G01014
AMBUJACEM,EQ,404.95,408.2,404.25,405,405,405,807422,327743057.50,04-Sep-2026,13152,INE079A01024
AMDIND,EQ,58,61.75,58,60.32,60.3,58.51,73559,4470654.58,04-Sep-2026,950,INE005I01014
AMEYA,SM,107.15,107.15,107.15,107.15,107.15,107.15,2000,214300.00,04-Sep-2026,1,INE0KT901015
AMNPLST,EQ,179.95,179.95,172.8,172.89,172.8,176.07,5639,984167.66,04-Sep-2026,291,INE275D01022
AEROPLANE,EQ,188,197,187.15,194.29,196.2,188.07,724408,139871004.10,04-Sep-2026,9550,INE05TO01019
AMJLAND,EQ,39.79,39.92,38.63,39.47,39.65,39.6,3541,138832.95,04-Sep-2026,119,INE606A01024
AMRUTANJAN,EQ,509,516,500.1,505.45,502,507.35,41069,20742267.40,04-Sep-2026,1038,INE098F01031
ARSSBL,EQ,520.65,529.4,513.35,515.05,516,514.95,153131,79767694.15,04-Sep-2026,4296,INE549H01021
ANANDRATHI,EQ,2213,2224,2201,2215.9,2215,2205.3,119776,265196998.30,04-Sep-2026,13636,INE463V01026
ANANTRAJ,EQ,633,646.4,622.1,625.45,625.3,628.3,4215356,2673085693.55,04-Sep-2026,66431,INE242C01024
ANANTAM,IV,106,106.39,105.66,106,106,106,13503,1431325.96,04-Sep-2026,87,INE1UA823019
ANAWIL,SM,379.8,393.9,369,382.4,380,382.5,308800,117413600.00,04-Sep-2026,655,INE1J5V01013
AMCL,SM,357,370,357,370,370,363.5,1600,583960.00,04-Sep-2026,4,INE0VG001016
ACL,EQ,43.58,43.59,43,43.36,43.59,43.58,18265,790050.60,04-Sep-2026,274,INE666E01020
ANDHRAPAP,EQ,63.8,64.98,62.22,64.45,63.9,63.29,342517,21883284.51,04-Sep-2026,2631,INE435A01051
ANDHRSUGAR,EQ,102.19,102.71,98.75,99.51,99.5,101.29,477164,47824065.33,04-Sep-2026,5143,INE715B01021
ANDREWYU,EQ,28,28.5,27.79,27.93,28,27.98,42562,1197794.99,04-Sep-2026,286,INE449C01025
ANGELONE,EQ,295.1,308.35,294.75,299.8,299.8,286,29274355,8825066015.90,04-Sep-2026,175151,INE732I01021
AISL,SM,59.95,59.95,55.9,59.95,59.95,57.1,45000,2689890.00,04-Sep-2026,44,INE635Y01015
ANIKINDS,EQ,45.2,46.95,45,45,45.6,44.99,2038,92546.22,04-Sep-2026,35,INE087B01017
APCL,EQ,102.5,102.5,100.11,101.42,101.9,100.1,4976,504691.74,04-Sep-2026,106,INE071F01012
ANKITMETAL,BZ,1.69,1.7,1.66,1.7,1.7,1.69,6585,11137.41,04-Sep-2026,27,INE106I01010
AHCL,EQ,15.68,15.89,15.54,15.68,15.73,15.6,2049674,32180628.72,04-Sep-2026,2391,INE0Y8W01025
ANLON,SM,658,673.95,658,670,670,658,6800,4542580.00,04-Sep-2026,16,INE0LR101013
ANMOL,EQ,10,10.2,9.7,10.08,10.16,10.04,48326,485464.22,04-Sep-2026,241,INE02AR01019
ANNAPURNA,EQ,151.45,151.45,139,140.2,140.01,147.78,96996,13774275.44,04-Sep-2026,1165,INE0MGM01017
ANNU,BE,68.23,69,68.23,68.23,68.23,71.82,412335,28147292.89,04-Sep-2026,3486,INE103001017
ANONDITA,SM,1105,1144.8,1105,1109.55,1144.8,1099.9,71200,79668500.00,04-Sep-2026,200,INE0VTV01012
ANSALBU,EQ,75,83,75,80.68,83,76.35,905,71967.57,04-Sep-2026,13,INE030C01015
ANSALAPI,BZ,3.31,3.32,3.26,3.31,3.31,3.31,8384,27809.54,04-Sep-2026,13,INE436A01026
ANTGRAPHIC,EQ,0.75,0.76,0.73,0.73,0.74,0.75,202908,150438.62,04-Sep-2026,173,INE414B01021
ANTELOPUS,EQ,1001,1028.8,925.2,957.15,949,1013.3,4816181,4805165352.50,04-Sep-2026,130208,INE818A01017
ANTHEM,EQ,970,973.5,926.8,934.05,933.35,950.7,872940,821102343.75,04-Sep-2026,49939,INE0CZ201020
AWHCL,EQ,372.2,374.85,367.05,370.8,370.8,371.4,64504,23943766.70,04-Sep-2026,3214,INE01BK01022
ANUHPHR,EQ,80.75,82.35,79.7,81.1,80.73,79.68,80373,6539239.53,04-Sep-2026,1399,INE489G01022
ANURAS,EQ,1240,1246.1,1234,1238.7,1234,1240.2,82271,101814132.70,04-Sep-2026,3801,INE930P01018
ANYA,SM,15.3,15.3,15.3,15.3,15.3,15.05,5000,76500.00,04-Sep-2026,1,INE0SI601032
ANZEN,IV,129,129,129,129,129,130,25000,3225000.00,04-Sep-2026,1,INE0MIZ23019
AONEGOLD,EQ,14.29,14.48,14.29,14.37,14.35,14.28,470758,6764581.69,04-Sep-2026,1226,INF1J2R01114
AONELIQUID,EQ,1075.71,1075.71,1075.66,1075.67,1075.67,1075.29,18446,19841873.70,04-Sep-2026,138,INF1J2R01056
AONENIFTY,EQ,10.13,10.13,9.86,9.89,9.9,9.89,88348,875018.40,04-Sep-2026,1178,INF1J2R01064
AONESILVER,EQ,8.77,8.92,8.77,8.89,8.89,8.79,264493,2348916.25,04-Sep-2026,958,INF1J2R01171
AONETMMQ50,EQ,10.33,10.49,10.24,10.3,10.31,10.28,32103,330989.08,04-Sep-2026,250,INF1J2R01148
AONETOTAL,EQ,11.9,12,11.87,11.93,11.94,11.85,188125,2241719.70,04-Sep-2026,1193,INF1J2R01015
APARINDS,EQ,17689,17895,17365,17421,17437,17704,93101,1640579285.00,04-Sep-2026,27628,INE372A01015
APCOTEXIND,EQ,658,665,632.7,635.5,634,650.4,172649,111377373.60,04-Sep-2026,8268,INE116A01032
APEXECO,ST,251.9,278.2,251.9,278.2,278.2,265,10400,2786800.00,04-Sep-2026,13,INE0T4V01015
APEX,EQ,378,383.6,373.2,375.15,373.7,376.75,99807,37664500.90,04-Sep-2026,3751,INE346W01013
APLAPOLLO,EQ,2154.6,2281,2150.4,2250,2250,2159.4,955928,2123707808.80,04-Sep-2026,31541,INE702C01027
930APMD32,N0,105490,105500,105490,105495,105500,103201.01,2,210990.00,04-Sep-2026,2,INE0TLC07101
APOLLOHOSP,EQ,8702.5,8740,8641,8650,8650,8692,288351,2501175229.00,04-Sep-2026,30333,INE437A01024
APOLLO,EQ,383.5,392.95,383.5,388.9,389.8,383.25,4500219,1747437304.55,04-Sep-2026,33823,INE713T01028
APOLLOPIPE,EQ,617,617,600.55,605.1,605,614.55,76562,46377828.00,04-Sep-2026,2742,INE126J01016
APOLSINHOT,EQ,1233.1,1248,1212,1218.1,1214.2,1233.1,625,764974.90,04-Sep-2026,57,INE451F01024
APOLLOTYRE,EQ,433.85,435.15,428.25,429.55,430.85,433.85,407526,175436511.95,04-Sep-2026,15940,INE438A01022
APRAMEYA,SM,120,120.5,115,116.5,118.45,120.3,21000,2482975.00,04-Sep-2026,33,INE0LQG01010
915APSBC28,N0,101599,101599,101599,101599,101599,101000.01,1,101599.00,04-Sep-2026,1,INE0M2307370
915APSBC35,N0,105125,105125,105125,105125,105125,104450.02,1,105125.00,04-Sep-2026,1,INE0M2307396
APSISAERO,ST,611.3,611.3,611.3,611.3,611.3,599.35,2400,1467120.00,04-Sep-2026,2,INE1OOJ01011
APTECHT,BE,91,91.99,88.25,89.13,89.49,90.97,128869,11550891.02,04-Sep-2026,903,INE266F01018
APTUS,EQ,257.31,261.96,256.2,258.85,258.65,257.31,1203338,311197175.14,04-Sep-2026,33845,INE852O01025
AQYLON,EQ,22.18,22.66,21.76,22.46,22.66,21.59,555317,12377345.92,04-Sep-2026,1622,INE416A01051
ARCIIL,SM,37.2,37.2,36,36.95,36.95,37.9,4000,147150.00,04-Sep-2026,4,INE0YDV01010
ACI,EQ,501,512.7,495,504.2,501.35,495.2,640010,322552684.90,04-Sep-2026,31200,INE128X01021
ADL,EQ,75,75,71,72,72,72.79,757,55232.18,04-Sep-2026,24,INE0CHO01012
ARCHIDPLY,EQ,107.99,107.99,103.65,104.89,103.82,105.99,17295,1832632.45,04-Sep-2026,307,INE877I01016
ARCHIES,EQ,13,13.2,12.8,12.9,12.87,12.91,10318,134089.58,04-Sep-2026,98,INE731A01020
ARCL,EQ,238.25,238.25,216.89,225,225,228.3,998,220537.69,04-Sep-2026,54,INE372M01010
ARDEE,EQ,55.97,56.14,55.2,55.66,55.9,54.84,2239330,124632052.43,04-Sep-2026,12131,INE0XNF01022
ARFIN,EQ,89.02,89.02,85.89,87.24,86.9,89.09,1136109,99188227.23,04-Sep-2026,4595,INE784R01023
ARHAM,SM,215,215,208,213.95,214.5,214.45,81000,17230900.00,04-Sep-2026,59,INE0L2Y01011
ARIES,EQ,496.55,506.95,486.3,500.1,502.95,496.6,59836,29715171.55,04-Sep-2026,2666,INE298I01015
ARIHANTACA,SM,495,500,495,498.25,500,496,3600,1793780.00,04-Sep-2026,9,INE0NCC01015
ARIHANTCAP,EQ,78.88,80.4,78.35,79.69,80.25,78.52,235293,18733203.12,04-Sep-2026,1413,INE420B01036
ARIHANT,EQ,959,994.8,920.5,953.15,988.35,920.65,1172,1112764.10,04-Sep-2026,176,INE413D01011
ARIHANTSUP,EQ,239,239,228,229.5,229,236.15,37696,8916907.30,04-Sep-2026,412,INE643K01018
ARIS,EQ,130,132.89,127.1,128.56,128,129.43,1642011,213311946.96,04-Sep-2026,8777,INE0H9P01028
ARKADE,EQ,125.4,126.45,121.78,125.22,125.99,124.17,285467,35325916.48,04-Sep-2026,3435,INE0QRL01017
ARMANFIN,EQ,1987.2,2083,1987.2,2069.3,2073,1991.9,42583,87630756.30,04-Sep-2026,4530,INE109C01017
ARMOUR,ST,18,18,18,18,18,18,2000,36000.00,04-Sep-2026,1,INE0TZX01019
AROGRANITE,EQ,25.05,25.05,24.4,24.55,24.55,24.97,5191,127040.90,04-Sep-2026,39,INE210C01013
ARROWGREEN,BE,777.4,816,775.85,814.1,816,777.4,41808,33590157.45,04-Sep-2026,1054,INE570D01018
ARSHIYA,BZ,0.75,0.76,0.7,0.73,0.73,0.73,349656,249338.54,04-Sep-2026,200,INE968D01022
ARTNIRMAN,EQ,40.8,40.99,40.63,40.63,40.63,40.43,172,7044.81,04-Sep-2026,4,INE738V01013
AEPL,EQ,16.81,18.2,16,17.5,17.31,17.09,170886,2989103.37,04-Sep-2026,888,INE757T01025
ARTEMISMED,EQ,321,339.3,318.3,332.8,332.95,319.85,885338,295886045.55,04-Sep-2026,23561,INE025R01021
ARUNAYA,SM,14.3,14.5,14.3,14.45,14.4,14.6,12000,172200.00,04-Sep-2026,6,INE0TTG01017
ARVEE,EQ,165.61,171.9,163,165.1,171.9,165,790,130858.86,04-Sep-2026,41,INE006Z01016
ARVINDFASN,EQ,456.6,458.05,445,446.5,446,454.3,75363,34026053.60,04-Sep-2026,5220,INE955V01021
ARVIND,EQ,563.1,566,550,552.95,553,567,308497,171795722.55,04-Sep-2026,15618,INE034A01011
ARVINDPORT,SM,32,32,32,32,32,32,9000,288000.00,04-Sep-2026,1,INE0P4T01013
ARVSMART,EQ,645.6,653.8,640.05,642.5,645,639,28414,18379019.10,04-Sep-2026,1595,INE034S01021
ARYAMAN,EQ,615,626.35,615,620.2,622.95,626.5,129,79899.30,04-Sep-2026,10,INE032E01017
ASAHIINDIA,EQ,962.95,969.8,952.95,955.9,954,962.25,256318,246070003.90,04-Sep-2026,15061,INE439A01020
ASAHISONG,BE,372,377,367.1,372.65,373,368.8,18001,6722251.05,04-Sep-2026,194,INE228I01012
ASHALOG,SM,62.5,62.5,62.5,62.5,62.5,63.25,1000,62500.00,04-Sep-2026,1,INE0LAA01017
ASHAPURMIN,EQ,549.85,559.95,546,551,553,547.95,275733,152183165.65,04-Sep-2026,13177,INE348A01023
ASHIANA,EQ,366.2,370.4,358.2,359.55,358.75,366.55,40739,14826575.10,04-Sep-2026,991,INE365D01021
ASHIKAG,BE,443.85,443.85,421,426.85,426.9,429.25,82968,35284147.30,04-Sep-2026,168,INE094B01013
ASHIMASYN,EQ,17.6,18.34,17.5,17.89,17.94,17.88,207276,3675024.39,04-Sep-2026,330,INE440A01010
ASHOKLEY,EQ,168.98,173.29,168.18,169,169,169.35,13509881,2304474435.93,04-Sep-2026,59938,INE208A01029
ASHOKA,EQ,117.25,118.18,115,115.55,115.77,117.32,998292,115767124.26,04-Sep-2026,9403,INE442H01029
ASHOKAMET,EQ,13.95,13.99,13.38,13.58,13.55,13.47,17200,236690.95,04-Sep-2026,103,INE760Y01011
ASHWINI,SM,180,180,180,180,180,180,1000,180000.00,04-Sep-2026,1,INE1A6Q01010
ASIANENE,EQ,527.05,538,509,517.45,519,523,476280,249638101.80,04-Sep-2026,15683,INE276G01015
ASIANTILES,EQ,49.8,50.5,49.56,50.26,50.19,49.96,2049363,102651872.32,04-Sep-2026,5169,INE022I01019
AHLEAST,EQ,135.05,139,135,136.51,137.89,135.86,987,134946.95,04-Sep-2026,46,INE926K01017
ASIANHOTNR,EQ,389.95,390.85,378.55,384.75,388.75,383.85,10682,4117347.95,04-Sep-2026,448,INE363A01022
AHLWEST,BE,511.25,530.9,487,530.85,530.9,512.05,442,230619.50,04-Sep-2026,21,INE915K01010
ASIANPAINT,EQ,2540,2553.9,2519.8,2527.3,2527.3,2541.6,399368,1012472116.70,04-Sep-2026,32272,INE021A01026
ASTAR,EQ,590,597.9,585,585,585,578.5,9,5351.50,04-Sep-2026,4,INE194D01017
ASIANTNE,EQ,9.5,9.76,9.34,9.74,9.74,9.76,16866,161341.41,04-Sep-2026,64,INE822B01017
ASKAUTOLTD,EQ,639,639,615.15,618.85,619,632.2,164992,102854566.55,04-Sep-2026,7129,INE491J01022
ASPINWALL,EQ,257.65,265,257.55,259.25,257.55,257.55,2331,612578.30,04-Sep-2026,67,INE991I01015
ASPIRE,SM,12.5,13.25,12.5,13.25,13.25,13.05,4000,51500.00,04-Sep-2026,2,INE0S7801010
ASSAMENT,EQ,826.85,830,826.85,830,830,831,16,13273.70,04-Sep-2026,2,INE165G01010
ASALCBR,EQ,696.05,710,696.05,706.35,700.05,696.05,14302,10045732.95,04-Sep-2026,1497,INE073G01016
ASTEC,EQ,581.8,581.8,552.1,554.45,552.35,573.25,43913,24704757.90,04-Sep-2026,2181,INE563J01010
ASTERDM,EQ,790.85,792.05,780.35,785.75,785.35,787,1157850,911614568.70,04-Sep-2026,41732,INE914M01019
ASTRAMICRO,EQ,1666.1,1741,1666.1,1729,1734.4,1665.1,502645,863137245.10,04-Sep-2026,26428,INE386C01029
ASTRAL,EQ,1489.8,1509.9,1484,1492.9,1492.9,1495.2,658868,984779588.80,04-Sep-2026,24797,INE006I01046
ASTRAZEN,EQ,6999,7062,6900,6944,6950,6940.5,6489,45222732.00,04-Sep-2026,2682,INE203A01020
ASTRON,BZ,3,3.14,2.88,3.06,3,3,45331,136174.19,04-Sep-2026,106,INE646X01014
ATALREAL,EQ,26.09,26.4,26.04,26.22,26.15,25.9,13883610,362621060.47,04-Sep-2026,5677,INE0ALR01029
ATAM,EQ,55.99,58.4,50,52.99,52.67,54.79,42586,2280440.59,04-Sep-2026,445,INE09KD01013
ATCENERGY,ST,22.8,22.8,22.05,22.5,22.5,22.5,12000,272340.00,04-Sep-2026,7,INE0V0Q01019
ATHERENERG,EQ,1644,1644.5,1560.9,1584,1584,1638.9,5585636,8886302451.80,04-Sep-2026,146553,INE0LEZ01016
ATLPP,E1,9.06,9.2,9,9,9,9.1,342,3080.00,04-Sep-2026,9,IN90NN701011
ATLANTAELE,EQ,1905.9,1920,1847.9,1881.7,1884,1886.4,102999,193512208.80,04-Sep-2026,12287,INE0Z4F01028
ATLANTAA,EQ,41.28,41.28,39,39.15,39.29,39.86,20793,819155.34,04-Sep-2026,370,INE285H01022
ATLASCYCLE,EQ,96.44,96.44,93.5,96.18,96.2,95.44,3691,351615.80,04-Sep-2026,109,INE446A01025
ATMASTCO,SM,140,140.75,137.6,139.5,139.5,139.75,9200,1283240.00,04-Sep-2026,12,INE05DH01017
ATULAUTO,EQ,462,467.2,458.35,465.15,467,461.3,88513,40936212.50,04-Sep-2026,3469,INE951D01028
ATUL,EQ,6476,6515.5,6370.5,6386,6376,6469,18343,117557736.50,04-Sep-2026,6096,INE100A01010
AUBANK,EQ,1071.9,1074.1,1060.4,1065,1065,1072,602949,644294683.10,04-Sep-2026,31140,INE949L01017
AUGMONT,EQ,922.7,940.1,894,901.5,900,922.7,942895,864620013.85,04-Sep-2026,33716,INE16W401027
AURIONPRO,EQ,691,697.3,686,689.7,686.9,686.45,98258,67850598.35,04-Sep-2026,4773,INE132H01018
AUROIMPEX,SM,27.55,27.55,27.25,27.5,27.5,28.65,16000,437920.00,04-Sep-2026,10,INE0NUL01018
AUROPHARMA,EQ,1637.3,1661.5,1622.6,1653.1,1653.1,1637.3,573938,947192281.70,04-Sep-2026,26194,INE406A01037
AURUM,EQ,226.7,228.55,223.7,225.16,226.6,224.76,88743,20075958.83,04-Sep-2026,2073,INE898S01029
AURUS,EQ,4.7,4.95,4.57,4.84,4.85,4.62,26293,127387.94,04-Sep-2026,155,INE142K01011
AUSOMENT,EQ,162,166.59,155.2,161.79,160.45,159.95,18928,3064350.93,04-Sep-2026,204,INE218C01016
AUSTENG,EQ,124.7,124.7,121.3,124.7,124.7,124.7,951,117527.11,04-Sep-2026,37,INE759F01012
APS,SM,245,248.65,241,244.75,243,245,12000,2941150.00,04-Sep-2026,40,INE0P0001010
AIIL,EQ,521.9,528,518,519.9,518.5,519.05,145614,76063846.65,04-Sep-2026,9105,INE206F01022
AUTOIND,EQ,94,95.9,85.21,86.45,86.87,92.75,600314,53498993.66,04-Sep-2026,6554,INE718H01014
ACGL,EQ,1799.8,1842.9,1761.8,1797.6,1839,1790.9,616,1104711.50,04-Sep-2026,105,INE451C01013
AUTOAXLES,EQ,1710,1717.8,1684.1,1688.7,1685,1705.4,7212,12252961.80,04-Sep-2026,838,INE449A01011
ASAL,EQ,486.5,486.5,466.05,473.75,472.75,486.3,23916,11321120.85,04-Sep-2026,1757,INE900C01027
AVADHSUGAR,EQ,827,827,801,809.5,809.1,831.1,97497,78953673.35,04-Sep-2026,4353,INE349W01017
AVALON,EQ,2320,2347.7,2175,2196.6,2184.3,2248.6,683759,1543324603.50,04-Sep-2026,62829,INE0LCL01028
AVANA,ST,154.6,154.75,154.6,154.75,154.75,152.4,8000,1237300.00,04-Sep-2026,3,INE1KU201016
AVANCE,EQ,0.83,0.83,0.82,0.82,0.83,0.82,2992770,2465295.71,04-Sep-2026,1245,INE758A01072
AVANTEL,EQ,156.6,158.38,154.46,154.96,155.03,156.5,546755,85359412.18,04-Sep-2026,6048,INE005B01027
AVANTIFEED,EQ,797.1,805.8,795.5,798.6,798,795.85,208229,166776989.55,04-Sep-2026,14589,INE871C01038
DMART,EQ,3765,3779.9,3745.9,3770,3770,3763,288600,1085763180.50,04-Sep-2026,20814,INE192R01011
CCAVENUE,EQ,15.48,16.21,15.41,15.7,15.76,15.4,35876401,566531280.75,04-Sep-2026,39145,INE483S01020
AVG,BE,171.3,173,165.05,166.04,167,171.3,38132,6410621.30,04-Sep-2026,257,INE680Z01018
AVIANSH,SM,104.5,104.5,102.5,102.5,102.5,104.5,6000,618500.00,04-Sep-2026,5,INE0TFB01017
AVIENCE,SM,272,279,270.05,275,275,270.5,10200,2799270.00,04-Sep-2026,16,INE0V9I01017
ASMS,BE,7.11,7.23,7.01,7.07,7.12,7.11,65281,462030.78,04-Sep-2026,228,INE855F01042
AVONMORE,EQ,13.74,13.74,12.93,13.02,13.05,13.12,310318,4072896.71,04-Sep-2026,722,INE323B01024
AVPINFRA,SM,58.5,59,58,58.25,58.05,58.4,18400,1070960.00,04-Sep-2026,17,INE0R9401019
AVROIND,EQ,8.78,8.96,8.6,8.72,8.63,8.97,390578,3432490.36,04-Sep-2026,1288,INE652Z01025
AVTNPL,EQ,93.66,93.66,90.45,91.02,91.5,91.64,309025,28318141.42,04-Sep-2026,3137,INE488D01021
AWFIS,EQ,258,262.95,256.55,260.8,261.95,256.5,118804,30987027.95,04-Sep-2026,3931,INE108V01019
AWL,EQ,191.11,191.9,186.2,187.29,188,190.79,2987354,562059740.73,04-Sep-2026,35133,INE699H01024
AXISBANK,EQ,1270.3,1280.7,1262,1273,1273,1267,3810611,4856455094.70,04-Sep-2026,61874,INE238A01034
ENERGYAXIS,EQ,19,19.17,19,19.15,19.17,19.2,7399,141439.33,04-Sep-2026,52,INF846KA1598
BNKETFAXIS,EQ,593.46,595.93,591.8,592.5,592.5,593,145,86077.13,04-Sep-2026,25,INF846K01X63
CONSUMAXIS,EQ,120.17,120.37,119.02,119.02,119.02,119.64,1590,190909.80,04-Sep-2026,21,INF846K016C7
GOLDAXIS,EQ,128.47,129.25,127.84,128.11,128.19,127.2,333634,42818668.75,04-Sep-2026,2624,INF846K01W80
HEALTHAXIS,EQ,171.23,190,166.75,167.04,172,168.69,6611,1107251.43,04-Sep-2026,125,INF846K01Z12
ITAXIS,EQ,343.16,344.99,335.61,339.03,340,339.76,1669,567665.11,04-Sep-2026,62,INF846K01Y96
NIFTYAXIS,EQ,265.78,265.99,264.62,265.62,265.61,264.58,27062,7187756.04,04-Sep-2026,145,INF846K01W98
SENSEXAXIS,EQ,78.67,81,78.67,79.81,79.4,79.67,1362,108720.97,04-Sep-2026,52,INF846K010Q0
SILVERAXIS,EQ,230.02,232.5,230.02,231.46,231.42,228.73,144700,33498383.82,04-Sep-2026,1362,INF846K011K1
VALUEAXIS,EQ,32.6,32.9,32.55,32.88,32.89,32.71,20010,657617.04,04-Sep-2026,231,INF846KA1119
AXISCADES,EQ,1735.2,1765,1701.7,1711.6,1710.1,1730.4,168634,292321339.60,04-Sep-2026,14233,INE555B01013
AXITA,EQ,8.11,8.14,8.01,8.01,8.02,8.01,356179,2858146.74,04-Sep-2026,600,INE02EZ01022
AXTEL,EQ,388.6,396.7,388.6,394.5,394.5,394.8,1470,577845.15,04-Sep-2026,43,INE767C01012
AYE,EQ,182.05,188.95,180.84,184.81,184.71,180.61,1223851,227713546.74,04-Sep-2026,20556,INE501X01029
AYMSYNTEX,EQ,317.25,323.45,305.1,310.7,315.1,317.25,124761,39242961.35,04-Sep-2026,4405,INE193B01039
AZAD,EQ,2770,2824.3,2753.4,2777.3,2781,2766.9,224210,624898969.10,04-Sep-2026,18137,INE02IJ01035
AZADIND,EQ,90.32,90.97,89,89.59,89.9,90.32,36841,3302057.50,04-Sep-2026,402,INE566M01017
BNALTD,BE,360,360,360,360,360,360,42,15120.00,04-Sep-2026,2,INE489D01011
BBTCL,EQ,236,236,227,230.22,227.3,233.77,3429,793987.77,04-Sep-2026,169,INE01EE01011
BAGFILMS,EQ,4.35,4.6,4.29,4.51,4.49,4.32,225253,1010761.20,04-Sep-2026,226,INE116D01028
BAGDIGITAL,SM,106,106,105,105,105,106,11200,1180880.00,04-Sep-2026,5,INE17CQ01015
BLKASHYAP,EQ,57.6,62.45,57.04,59.34,59.4,57.6,2983058,181837695.18,04-Sep-2026,12864,INE350H01032
STYLEBAAZA,EQ,397.5,403.7,391.95,400.25,399.25,394.85,557524,222551207.15,04-Sep-2026,5822,INE01FR01028
BABAFP,SM,24,24,23.85,23.85,23.85,25.5,6400,153120.00,04-Sep-2026,4,INE0QW501012
BAFNAPH,BE,296.6,296.6,295.85,295.85,295.85,301.85,4794,1420561.95,04-Sep-2026,74,INE878I01022
BAGMANE,RR,107.04,107.04,105.9,106.28,106.15,106.38,399564,42466543.54,04-Sep-2026,4657,INE2OVN25015
BAHETI,SM,881,881,842.65,846,846,849.45,13875,11828850.00,04-Sep-2026,27,INE029Q01017
BAIDFIN,EQ,10.23,10.23,9.91,10.12,10.2,10.1,43775,444006.39,04-Sep-2026,165,INE020D01022
BAJAJ-AUTO,EQ,12005,12025,11873,11919,11919,11920,154199,1841113095.00,04-Sep-2026,19294,INE917I01010
BAJAJCON,EQ,512,519.8,507.5,517.55,516,508.95,1279757,657173077.40,04-Sep-2026,26101,INE933K01021
BAJAJELEC,EQ,334,337.15,330,331.15,331,334.2,73439,24434097.65,04-Sep-2026,2379,INE193E01025
BAJFINANCE,EQ,1050.6,1063.6,1049.7,1060.5,1060.5,1049,5952048,6285695160.10,04-Sep-2026,104933,INE296A01032
BAJAJFINSV,EQ,1985,1994.2,1970,1970,1970,1992.1,437793,866359784.40,04-Sep-2026,31032,INE918I01026
BAJAJHCARE,EQ,327.8,331.9,319.85,321.45,320.75,325.2,458849,148591192.70,04-Sep-2026,5529,INE411U01027
BAJAJHIND,EQ,22.18,22.18,21.5,21.86,21.96,22.08,21280859,462969000.48,04-Sep-2026,23788,INE306A01021
BAJAJHLDNG,EQ,11102,11355,11100,11162,11162,11165,37106,415823206.00,04-Sep-2026,10973,INE118A01012
BAJAJHFL,EQ,83,83.55,82.93,83.08,83.19,82.95,1824719,151768998.25,04-Sep-2026,19747,INE377Y01014
BAJAJST,EQ,366.7,366.85,361.7,362.95,364,361.5,4966,1809679.55,04-Sep-2026,438,INE704G01024
BAJEL,EQ,185.69,188.12,182.53,183.82,184.5,185.69,94742,17509910.49,04-Sep-2026,1983,INE0KQN01018
BALPHARMA,EQ,87.7,89.69,87.1,87.73,88,87.71,8210,720777.45,04-Sep-2026,199,INE083D01012
BALAMINES,EQ,2432,2550,2432,2525.2,2516,2417.8,608894,1533578295.50,04-Sep-2026,55081,INE050E01027
BALAJIPHOS,SM,109.95,114.8,109.95,114,114,108.25,13000,1458700.00,04-Sep-2026,10,INE0PQ601019
BALAJITELE,EQ,91.25,95.7,88.36,93.17,93,91.31,1526021,141071087.04,04-Sep-2026,10826,INE794B01026
BALAXI,EQ,26.6,26.6,24.93,25.37,24.93,25.8,50780,1302032.60,04-Sep-2026,216,INE618N01022
BALKRISIND,EQ,2330,2346.3,2264,2284.6,2281,2327.3,324489,742163483.20,04-Sep-2026,29526,INE787D01026
BALKRISHNA,EQ,17.5,17.5,17,17.08,17.4,17.48,6016,104245.52,04-Sep-2026,71,INE875R01011
BALMLAWRIE,EQ,177.75,178.44,177.3,177.98,178.24,176.93,106907,19010279.41,04-Sep-2026,1933,INE164A01016
BLIL,EQ,72.98,72.98,72.36,72.53,72.59,72.47,97501,7078873.12,04-Sep-2026,1045,INE525F01025
BALRAMCHIN,EQ,697,702,682.5,690.6,691.55,704.35,2232338,1543249872.90,04-Sep-2026,43329,INE119A01028
BALUFORGE,EQ,572.5,585.35,563.6,574.1,577.25,570.35,1304593,750415894.45,04-Sep-2026,21451,INE011E01029
BANARBEADS,EQ,114.01,115.89,113.52,113.9,113.75,114.85,1302,148988.04,04-Sep-2026,51,INE655B01011
BANCOINDIA,EQ,618.4,629.1,616.5,623.5,626,616.9,77773,48478421.00,04-Sep-2026,6891,INE213C01025
BANDHANBNK,EQ,165.11,166.74,164.5,164.95,164.95,164.23,2928918,484362717.92,04-Sep-2026,21919,INE545U01014
GOLDBND,EQ,154.98,154.98,152.93,153.82,153.83,152.71,2042,314178.65,04-Sep-2026,219,INF194KB1KJ7
IDFNIFTYET,EQ,266.63,268.89,263.95,264.49,264,265.31,1426,377329.65,04-Sep-2026,54,INF194KA1U07
SILVERBND,EQ,233.1,234.35,232.14,233.61,232.28,230.37,13449,3142247.16,04-Sep-2026,530,INF194KB1KI9
BANG,EQ,34.16,34.97,33.3,34.79,34.83,34.17,78335,2706437.32,04-Sep-2026,468,INE863I01016
BANKBARODA,EQ,242.37,242.37,239,239,239,240.44,7816984,1876863209.27,04-Sep-2026,34280,INE028A01039
BANKINDIA,EQ,144.8,145.8,144.11,145,145,145,2902558,421059917.66,04-Sep-2026,44590,INE084A01016
MAHABANK,EQ,86.75,86.95,85.7,85.95,85.95,86.32,13802528,1193277156.70,04-Sep-2026,37453,INE457A01014
BANKA,EQ,79,79,77.25,79,79,75.27,5253,411657.40,04-Sep-2026,37,INE862Y01015
BASML,BE,24.91,25.45,24.91,25.41,25.4,25.02,39871,1002543.29,04-Sep-2026,121,INE186H01022
BANARISUG,EQ,3878.2,3883,3774,3803.3,3800,3874.7,857,3276412.60,04-Sep-2026,190,INE459A01010
BANSALWIRE,EQ,319,322.75,313.25,315,313.4,319,63070,20019986.45,04-Sep-2026,2867,INE0B9K01025
BANSWRAS,EQ,119.38,120,116.26,117.05,117,117.78,31201,3671154.63,04-Sep-2026,314,INE629D01020
BVCL,EQ,44.7,44.7,43.17,43.48,43.21,43.14,85128,3738636.21,04-Sep-2026,300,INE139I01011
BARFLEX,SM,60.9,60.9,58.05,60.9,60.9,60.9,12000,718400.00,04-Sep-2026,6,INE0QX401014
BBNPNBETF,EQ,58.02,58.31,58,58.3,58.3,57.15,200,11621.00,04-Sep-2026,21,INF251K01TL6
BBNPPGOLD,EQ,148.2,149.5,146.8,148.7,148.5,147.5,1237,184494.80,04-Sep-2026,61,INF251K01SU9
BASF,EQ,3835,3907,3829.4,3864.9,3875,3832.4,30319,116983697.10,04-Sep-2026,4174,INE373A01013
BASILIC,SM,193,193,186.05,188.65,187.7,193.95,13800,2609475.00,04-Sep-2026,41,INE0OCC01013
BATAINDIA,EQ,677.45,682,671,672.75,673,677.4,89939,60853756.00,04-Sep-2026,5667,INE176A01028
BATLIBOI,EQ,89.9,91.94,88.88,90.81,90.51,88.39,25336,2287336.60,04-Sep-2026,879,INE177C01022
BAWEJA,ST,26,26.25,26,26.1,26.1,25.95,7200,187920.00,04-Sep-2026,9,INE0JFJ01011
BAYERCROP,EQ,3960.8,3998.9,3960.8,3989.9,3995,3960.8,9989,39796201.60,04-Sep-2026,1611,INE462A01022
BCLIND,EQ,36.37,37.95,36.04,36.62,36.9,36.22,526260,19266050.05,04-Sep-2026,2673,INE412G01024
BCPL,EQ,67.77,72,67.25,68.45,68.9,67.77,15587,1079191.11,04-Sep-2026,476,INE00SW01015
BEACON,SM,84.5,84.5,82.95,83.6,84.35,87.3,20000,1673200.00,04-Sep-2026,20,INE639X01027
BEARDSELL,EQ,25.29,26.32,24.62,25.31,25.79,25.41,7642,194932.07,04-Sep-2026,204,INE520H01022
BEDMUTHA,EQ,108.5,115,108.5,112.37,112,112.23,7077,794550.62,04-Sep-2026,115,INE844K01012
BEEKAY,EQ,419.55,421,406.85,417.4,421,419.55,4726,1932740.70,04-Sep-2026,172,INE213D01015
BLEL,EQ,454.25,458.8,448,453.15,454.95,454.25,823610,372026475.05,04-Sep-2026,13315,INE1EEM01017
BELLACASA,EQ,241.9,246.95,240.02,242.85,242,239.51,4050,985493.12,04-Sep-2026,263,INE344T01014
BELRISE,EQ,238.15,239.25,233.52,236.86,237,238.11,1873911,443187718.36,04-Sep-2026,26919,INE894V01022
BLAL,EQ,162,164.95,160.61,160.88,161.3,161.93,43253,7011275.35,04-Sep-2026,854,INE0N7W01012
BEML,EQ,2082,2127,2045,2057.8,2058,2079.4,687676,1435602230.90,04-Sep-2026,41468,INE258A01024
BENARAS,EQ,10270,10270,10200,10200,10200,10200,107,1091470.00,04-Sep-2026,30,INE664D01019
BENGALASM,EQ,6445,6499,6271,6332.5,6280,6375,362,2318625.00,04-Sep-2026,104,INE083K01017
BERGEPAINT,EQ,494,496.7,484,485.3,484.95,491.4,277300,135103354.40,04-Sep-2026,23139,INE463A01038
BESTAGRO,EQ,20.99,21.2,18.83,19.29,19.15,20.34,2082129,40865213.11,04-Sep-2026,5742,INE052T01021
BETA,EQ,2258,2275.7,2190.1,2218.5,2211,2258.9,13251,29458593.80,04-Sep-2026,2146,INE351Y01019
BEWLTD,SM,50.7,50.7,48.25,49.3,49.5,49.3,11500,567475.00,04-Sep-2026,21,INE0HQI01014
BFINVEST,EQ,475,475,464.1,469.35,470,469.45,33149,15575550.75,04-Sep-2026,1587,INE878K01010
BFUTILITIE,EQ,543.05,561.55,537,542.45,537,544,272295,149617948.20,04-Sep-2026,12608,INE243D01012
BANK10BETF,EQ,20.69,20.92,20.68,20.9,20.9,20.69,538,11240.22,04-Sep-2026,10,INF0QA701CI0
BANKBETF,EQ,58.42,58.75,58.32,58.56,58.5,58.4,5574,326182.97,04-Sep-2026,245,INF0QA701714
LIQUIDBETF,EQ,1097.63,1097.65,1097.63,1097.63,1097.63,1097.27,217506,238742512.82,04-Sep-2026,99,INF0QA701854
NIFTYBETF,EQ,249.51,249.51,245.75,246.65,245.75,245.83,1413872,348627438.05,04-Sep-2026,1596,INF0QA701722
BGRENERGY,BE,238.44,247.8,235.7,246.26,244.1,238.44,42914,10376265.87,04-Sep-2026,466,INE661I01014
BHADORA,ST,106,113.5,102.7,111.95,111.95,108.1,69600,7647660.00,04-Sep-2026,33,INE0ZRC01017
BHAGERIA,BE,288,304.65,286,304.65,304.65,290.15,218809,66049020.80,04-Sep-2026,1396,INE354C01027
BHAGCHEM,EQ,266.6,269.8,263.1,264.6,266,266.3,34606,9205198.15,04-Sep-2026,759,INE414D01027
BHAGYANGR,EQ,373.05,381.8,369,370.45,369.75,373.45,77510,28929252.80,04-Sep-2026,2681,INE458B01036
BHANDARI,EQ,3.02,3.05,3,3.03,3.04,3,101595,307877.04,04-Sep-2026,194,INE474E01029
BEPL,EQ,130,131.2,126.1,127.5,127.11,129.74,1190325,152708771.13,04-Sep-2026,11867,INE922A01025
BBL,EQ,2309.7,2315.9,2280,2289.3,2280,2298.3,26842,61721950.30,04-Sep-2026,2531,INE464A01036
BHARATCOAL,EQ,33.8,34.05,33.6,33.81,33.9,33.8,3546055,119753255.17,04-Sep-2026,12715,INE05XR01022
BDL,EQ,1253,1293,1253,1255,1255,1257.7,1391949,1772334434.50,04-Sep-2026,42408,INE171Z01026
BEL,EQ,409.25,413.1,405.35,405.35,405.35,408.6,8354982,3422432462.90,04-Sep-2026,92382,INE263A01024
BHARATFORG,EQ,1997.6,1997.6,1951,1956,1956,1981,1526364,3007566456.00,04-Sep-2026,88838,INE465A01025
BHARATGEAR,BE,104.49,106.48,102.05,102.93,103.01,104.49,18094,1872692.69,04-Sep-2026,187,INE561C01019
BPLPHARMA,EQ,1545,1568.8,1520,1533.3,1550,1520.8,586,902303.90,04-Sep-2026,110,INE365Y01019
BPCL,EQ,319.4,320.65,315.7,315.7,315.7,320.05,1834819,583852326.35,04-Sep-2026,19332,INE029A01011
BHARATRAS,EQ,1190.1,1207,1165.2,1171.8,1179.9,1184.2,25242,29857744.30,04-Sep-2026,2734,INE838B01021
BRNL,EQ,17.13,17.39,17.01,17.12,17.25,17.12,18030,309823.13,04-Sep-2026,191,INE727S01012
BHARATSE,EQ,213.69,214.7,210.5,211.69,211.99,213.69,93907,19950995.61,04-Sep-2026,2110,INE415D01024
BHARATWIRE,EQ,179.51,182.59,178.97,181.32,181.5,180.42,141594,25629840.72,04-Sep-2026,2287,INE316L01019
BHARTIARTL,EQ,1868.1,1870.7,1840,1840,1840,1869,3614328,6704394530.20,04-Sep-2026,93290,INE397D01024
BHARTIHEXA,EQ,1507,1520.2,1490,1495.4,1500,1505.6,37216,55877875.60,04-Sep-2026,4372,INE343G01021
BIL,EQ,924,924,899.95,907.85,913.75,915.85,8736,7951980.55,04-Sep-2026,638,INE828A01016
BHEL,EQ,433,439.2,429.2,431.1,431.1,431.8,5925391,2570597352.55,04-Sep-2026,52899,INE257A01026
BTTL,BE,43.08,43.49,41,41.53,42.5,42.66,4172,172553.10,04-Sep-2026,62,INE274K01012
BIGBLOC,EQ,41.95,42.4,40.31,41.92,42.4,41.29,56466,2332106.71,04-Sep-2026,623,INE412U01025
BIKAJI,EQ,587.15,589.85,582,584.2,583,587.15,52134,30526794.75,04-Sep-2026,3510,INE00E101023
BIKEWO,ST,103.95,103.95,97.8,97.8,97.8,102.9,74000,7287400.00,04-Sep-2026,29,INE0SQH01013
BILVYAPAR,BE,3.98,4.09,3.91,4.04,4.05,3.98,6223,25258.51,04-Sep-2026,29,INE071A01013
BI,BE,93.57,95.85,91.52,95.85,95.85,91.29,89587,8517750.05,04-Sep-2026,233,INE986A01012
GROWW,EQ,193,195.68,191.85,194,194.5,190.24,44702306,8674312538.27,04-Sep-2026,208015,INE0HOQ01053
BIMETAL,EQ,633.5,635.5,633.5,635,635,630.45,107,67953.00,04-Sep-2026,8,INE469A01019
BMLL,SM,165,181,165,177,180,162.3,67000,11441400.00,04-Sep-2026,56,INE1BKA01015
BIOCON,EQ,404,404.9,396.2,397.4,397.4,402,3108555,1246689437.30,04-Sep-2026,26399,INE376G01013
BIOFILCHEM,EQ,32.8,32.8,31.31,32,31.85,31.97,5543,177784.20,04-Sep-2026,151,INE829A01014
BIOPOL,SM,45.7,45.75,45.7,45.75,45.75,43.6,10800,494040.00,04-Sep-2026,4,INE0XW001014
BIRLACABLE,BE,376.55,376.55,375.55,376.55,376.55,358.65,174752,65801386.90,04-Sep-2026,1035,INE800A01015
BIRLACORPN,EQ,880,895,874.3,887.35,892,880.9,48723,43168944.65,04-Sep-2026,4366,INE340A01012
BIRLAPREC,EQ,53.25,59.79,52.73,57.92,57.4,51.67,2574084,147065385.94,04-Sep-2026,15177,INE372E01025
BIRLANU,EQ,1440,1451,1421.9,1448,1451,1423.5,5921,8498138.10,04-Sep-2026,437,INE557A01011
ABGSEC,EQ,114.94,114.94,113.54,113.58,113.58,114.33,104,11891.20,04-Sep-2026,22,INF209KC1134
ABSL10BANK,EQ,168.16,170.5,165.14,168.65,165.14,168.15,156,26329.98,04-Sep-2026,21,INF209KC1670
ABSLBANETF,EQ,59.05,59.26,58.85,59.06,58.85,59.05,61627,3638326.45,04-Sep-2026,306,INF209KB17D5
ABSLLIQUID,EQ,1000,1000.01,999.99,1000,1000,999.99,1302,1302003.74,04-Sep-2026,18,INF209KB18T9
ABSLMSCIN,EQ,29.79,29.85,29.31,29.44,29.44,29.5,1070,31525.25,04-Sep-2026,28,INF209KC1662
ABSLNN50ET,EQ,77.99,77.99,76.9,77.08,77.08,77.01,6022,464538.55,04-Sep-2026,182,INF209KB16D7
BSLSENETFG,EQ,78.67,78.67,77.12,77.52,77.52,77.15,2392,185300.74,04-Sep-2026,72,INF209KB10E8
HEALTHY,EQ,17,17.21,16.81,16.84,16.99,17.06,723183,12219886.76,04-Sep-2026,1399,INF209KB10C2
MOMENTUM,EQ,31.25,31.56,31,31.06,31,31.37,128103,3992672.86,04-Sep-2026,298,INF209KB14K7
NIFTYQLITY,EQ,21.29,21.43,21.24,21.32,21.33,21.36,16867,359496.32,04-Sep-2026,177,INF209KB15K4
SILVER,EQ,230.51,233.49,230.51,232.64,232.3,229.64,770617,179208505.07,04-Sep-2026,6547,INF209KB19F6
TECH,EQ,33.99,34.62,33.33,33.81,33.75,33.82,18515,626937.56,04-Sep-2026,177,INF209KB11D8
ABSLPSE,EQ,10.17,10.2,10.11,10.18,10.2,10.11,110576,1124325.08,04-Sep-2026,342,INF209KB19Z4
BSOFT,EQ,295,299.55,288.45,289.35,288.6,293.25,1083783,316444757.25,04-Sep-2026,30305,INE836A01035
BBOX,EQ,722,731.2,710,712.25,714,720.9,198315,142108721.00,04-Sep-2026,12698,INE676A01027
BLACKROSE,BE,113,115,111.15,113.02,112.91,112.43,16624,1876913.60,04-Sep-2026,191,INE761G01016
BLACKBUCK,EQ,582,588.95,580,586.1,585,582.4,157466,92049219.70,04-Sep-2026,18533,INE0UIZ01018
BLBLIMITED,EQ,17,17.1,16.42,16.68,16.95,16.96,117198,1961986.02,04-Sep-2026,443,INE791A01024
BLISSGVS,BE,630,671.3,607.4,671,671.3,639.35,347698,230043407.45,04-Sep-2026,3162,INE416D01022
BLSE,EQ,324.05,326.95,317.35,320.05,319.1,323.65,143302,46121607.30,04-Sep-2026,3292,INE0NLT01010
BLS,EQ,240.15,241.25,237,238.79,241,240.15,646943,154253178.63,04-Sep-2026,10399,INE153T01027
BLUECLOUDS,EQ,19.85,20.15,19.8,19.88,19.9,19.9,1013239,20176120.88,04-Sep-2026,2267,INE373T01047
BLUECOAST,BE,22.58,24.2,22.01,23.49,23.49,23.16,892,20401.83,04-Sep-2026,24,INE472B01011
BLUEDART,EQ,5034,5048.9,4968.1,4991.7,5000,5028.8,5838,29187141.70,04-Sep-2026,1318,INE233B01017
BLUEJET,EQ,582.05,584,565.5,569.8,571.15,579,442380,253500585.00,04-Sep-2026,11811,INE0KBH01020
BLUEPEBBLE,SM,73.95,84,73.95,84,84,70,18000,1479260.00,04-Sep-2026,45,INE0SAK01011
BLUESTARCO,EQ,1485.7,1514.7,1475,1484,1484,1485.7,419549,625702948.90,04-Sep-2026,29196,INE472A01039
BLUEWATER,ST,475,490,473.2,486.75,490,497.95,16000,7686050.00,04-Sep-2026,16,INE0X3M01010
BLUESTONE,EQ,802,848,800.05,842.75,845,804.9,1065449,889184612.20,04-Sep-2026,38110,INE304W01038
BLUSPRING,EQ,135.4,139.8,132,138.96,137.2,134.25,605059,83054803.33,04-Sep-2026,8224,INE0U4101014
BMWVENTLTD,EQ,56.22,56.22,55.1,55.36,55.21,55.13,40922,2263897.46,04-Sep-2026,1029,INE965W01036
BNAGROCHEM,EQ,226.28,227.69,215.4,216.73,215.5,226.73,1260,283171.03,04-Sep-2026,107,INE00HZ01011
BODALCHEM,EQ,147.26,159.99,146.36,155.62,155.49,150.76,5050468,785378513.84,04-Sep-2026,40463,INE338D01028
BTML,EQ,8.42,8.7,8.2,8.51,8.3,8.49,305536,2584157.40,04-Sep-2026,301,INE0EEJ01023
BOHRAIND,EQ,12.25,12.93,12.25,12.7,12.36,12.35,3714,47130.71,04-Sep-2026,39,INE802W01023
BBTC,EQ,1513.9,1513.9,1495.1,1496.8,1495.1,1501.6,43404,65156570.90,04-Sep-2026,3393,INE050A01025
BOMDYEING,EQ,113.19,115.25,113.05,113.47,113.68,113.19,381464,43408634.86,04-Sep-2026,3612,INE032A01023
BMETRICS,SM,39.85,40,35.05,35.15,35.15,34.7,8800,328240.00,04-Sep-2026,8,INE0I3Y01014
BSHSL,EQ,89.46,94.2,88.5,91.48,90.81,89.46,15418,1407871.24,04-Sep-2026,247,INE032Z01020
810IRFC27,N2,1082,1082,1082,1082,1082,1083,100,108200.00,04-Sep-2026,2,INE053F07538
830NHAI27,N2,1086.07,1088,1086.06,1086.4,1086.06,1086.06,713,775163.18,04-Sep-2026,18,INE906B07CB9
840IRFC29,N8,1307.8,1307.8,1307.8,1307.8,1307.8,1097.1,5,6539.00,04-Sep-2026,1,INE053F07660
865IRFC29,NA,1108,1108,1107,1107,1107,1108,20,22150.00,04-Sep-2026,2,INE053F07686
871REC28,N9,1120.5,1121.5,1120.5,1121.42,1120.7,1122.06,223,249973.70,04-Sep-2026,5,INE020B07HS2
901NHB34,N6,6380,6380,6365,6378.63,6365,6384,21,133965.00,04-Sep-2026,3,INE557F07132
BONLON,EQ,40.74,41.87,40.05,40.13,40.06,40.66,3268,132078.08,04-Sep-2026,99,INE0B9A01018
BORANA,EQ,303.65,309.4,303.65,307.6,307.8,300.35,11240,3446664.55,04-Sep-2026,295,INE16SF01016
BOROLTD,EQ,249,260,247.79,258.96,258.71,248.63,265545,68025456.75,04-Sep-2026,5949,INE02PY01013
BORORENEW,EQ,495,505.5,491.6,499.15,499.1,497.5,271428,135892472.80,04-Sep-2026,17675,INE666D01022
BOROSCI,EQ,136.41,136.8,131,132.16,131,134.93,46065,6134322.60,04-Sep-2026,876,INE02L001032
BOSCH-HCIL,EQ,1777.7,1843,1756.2,1818.8,1833,1777.7,64153,115223517.30,04-Sep-2026,6377,INE782A01015
BOSCHLTD,EQ,47195,47200,46660,46820,46820,47000,16913,792331010.00,04-Sep-2026,8679,INE323A01026
BOSS,SM,54.25,55.9,54.2,55.7,55.7,56.6,10000,551100.00,04-Sep-2026,5,INE0QNI01012
BPL,EQ,49.21,50.18,49,49.38,49.3,49.31,56301,2790503.90,04-Sep-2026,962,INE110A01019
BRAHMINFRA,EQ,160,167.89,160,163.82,164,162.17,26893,4408908.49,04-Sep-2026,669,INE320I01017
FIRSTCRY,EQ,179,183,176.25,180.16,180.07,178.67,1541167,276623996.81,04-Sep-2026,19085,INE02RE01045
BCONCEPTS,EQ,166,176.43,165,167.33,170.55,165.43,11790,2006386.40,04-Sep-2026,613,INE977Y01011
BRANDMAN,SM,174.5,176.5,171,171.3,171.1,172.55,12800,2215040.00,04-Sep-2026,15,INE0XUD01014
BRIGADE,EQ,714,735,685.8,696.1,693,712.3,1980508,1402448960.65,04-Sep-2026,67648,INE791I01019
BRIGHOTEL,EQ,58.95,59.89,58.9,59.19,59.07,58.95,84277,5006645.32,04-Sep-2026,2393,INE03NU01014
BRIGHTBR,EQ,254.6,260.55,252.1,254.8,254.8,254.6,20221,5238546.35,04-Sep-2026,151,INE630D01010
BCG,EQ,9.03,9.06,8.91,8.98,9.02,9,2648978,23820468.91,04-Sep-2026,3310,INE425B01027
BRITANNIA,EQ,5155,5160.5,5089.5,5101.5,5101.5,5130,269673,1382023857.50,04-Sep-2026,24426,INE216A01030
BIRET,RR,344,344,339.5,341.79,341.99,342.37,136167,46511470.16,04-Sep-2026,7282,INE0FDU25010
BROOKS,BE,65.95,66.68,64,66.07,66,64.15,12920,843757.90,04-Sep-2026,95,INE650L01011
BSE,EQ,3400,3474,3391.7,3409.8,3409.8,3306.1,7975058,27395759857.00,04-Sep-2026,321829,INE118H01025
BSL,EQ,124,124.99,122.75,123.58,123.85,123.22,1949,241010.39,04-Sep-2026,81,INE594B01012
BUTTERFLY,EQ,615.15,628.9,611.05,624.85,623,613.6,11660,7243780.40,04-Sep-2026,737,INE295F01017
BULKCORP,ST,78,78,78,78,78,75.6,1200,93600.00,04-Sep-2026,1,INE0SZ301012
BURNPUR,EQ,21.56,21.56,21.56,21.56,21.56,20.54,55339,1193108.84,04-Sep-2026,181,INE817H01022
CGVAK,EQ,155,155,148,148.21,148.2,148.01,1852,275043.86,04-Sep-2026,41,INE084D01010
CKKRETAIL,SM,151.05,151.05,151,151,151,157.95,1600,241640.00,04-Sep-2026,2,INE0SMX01019
CPS,SM,1169.8,1169.8,1105.8,1130,1130,1164,3000,3411705.00,04-Sep-2026,12,INE0QBU01012
MAPMYINDIA,EQ,975,982.9,967.6,972.2,972.4,968.6,65490,63751719.90,04-Sep-2026,6240,INE0BV301023
C2C,SM,225.05,226.5,220,221.8,223.45,223.85,57150,12679920.00,04-Sep-2026,256,INE0U7V01015
CMLL,EQ,508,517.05,501.1,503.05,502,501.4,314875,159964559.45,04-Sep-2026,8230,INE11XY01018
CALSOFT,BE,43,43,40.98,40.98,40.98,43.13,155604,6468149.79,04-Sep-2026,609,INE526B01014
CTE,BE,41.01,42.74,39.51,41.82,42.34,41.03,11345,471697.42,04-Sep-2026,76,INE627H01017
CAMLINFINE,EQ,102.9,105.37,102.1,103.13,103.01,102.28,689443,71371382.43,04-Sep-2026,6530,INE052I01032
CAMPUS,EQ,223.97,225,220.51,223.24,221.95,223.97,364174,81120146.52,04-Sep-2026,8786,INE278Y01022
CANFINHOME,EQ,808,815,802.6,807.4,807.05,804.95,222474,180019604.10,04-Sep-2026,12191,INE477A01020
CANBK,EQ,126.3,127.3,125.5,125.5,125.5,125.8,12141084,1536504463.99,04-Sep-2026,48968,INE476A01022
CANHLIFE,EQ,155.08,161.05,153.51,157.23,156.7,154.31,1086892,172038535.64,04-Sep-2026,21398,INE01TY01017
CRAMC,EQ,252.1,254,250,251.5,251.75,251.2,177971,44889731.70,04-Sep-2026,4315,INE218I01013
CANARYS,SM,25.8,26.55,24.85,26.1,26.25,25.8,96000,2482800.00,04-Sep-2026,21,INE0QG301017
CANTABIL,EQ,238.7,245,238,243.05,243.7,237.74,94452,22814791.81,04-Sep-2026,1486,INE068L01024
CAPACITE,EQ,209.95,217.9,208.22,216.22,216.5,208.88,373452,79914783.99,04-Sep-2026,5699,INE264T01014
CAPILLARY,EQ,485,492.35,480,490.05,486.5,480.05,109289,53268298.60,04-Sep-2026,3384,INE0ILV01024
CIFL,EQ,20.59,21.1,19.8,19.98,20.36,20.17,231565,4664461.66,04-Sep-2026,364,INE345H01024
CAPINVIT,IV,76.44,76.88,76.2,76.64,76.79,76.19,1210656,92500933.28,04-Sep-2026,1335,INE0Z8Z23013
CAPITALSFB,EQ,285.6,285.6,280.1,280.95,281.4,281.85,6864,1941225.25,04-Sep-2026,402,INE646H01017
CAPTRUST,BE,20,20.7,19.44,20.04,20.16,19.76,37318,748378.43,04-Sep-2026,101,INE707C01018
CAPLIPOINT,EQ,2845,2845,2759.6,2810.8,2794,2845,208526,581526237.50,04-Sep-2026,21861,INE475E01026
CGCL,EQ,274,284.8,271.5,279.9,281.9,271.7,7594713,2098998472.35,04-Sep-2026,54695,INE180C01042
CPL,EQ,62.4,62.9,61.45,62.11,62.5,62.4,138710,8595454.01,04-Sep-2026,975,INE536P01021
CARBORUNIV,EQ,1078.7,1140.9,1069.9,1130.6,1130,1078,338864,380595339.90,04-Sep-2026,21605,INE120A01034
CARERATING,EQ,1718,1762.9,1699.7,1738.2,1731,1708.4,354155,611432963.40,04-Sep-2026,11044,INE752H01013
CPEDU,EQ,190.39,195.01,188.48,191.97,193,189.76,5928,1142151.72,04-Sep-2026,131,INE0P6P01016
CARRARO,EQ,531.9,538.95,527.25,533.65,534.9,533.95,71136,37951939.30,04-Sep-2026,4781,INE0V7W01012
CARTRADE,EQ,2997,3051.9,2945.3,3000.2,3002,2992.2,315551,946580569.80,04-Sep-2026,42267,INE290S01011
CARYSIL,EQ,1161.9,1180,1136.5,1140.8,1146,1157,72848,84433023.30,04-Sep-2026,5628,INE482D01024
CUDML,SM,105,106,102,105.2,105.2,104,22000,2279300.00,04-Sep-2026,17,INE0WL201014
CASTROLIND,EQ,186.21,190.95,186.03,190.27,190.31,186.42,4231930,800519306.47,04-Sep-2026,28190,INE172A01027
CCL,EQ,1107.3,1114.9,1079.7,1106.2,1105.5,1107.3,193825,212723945.10,04-Sep-2026,18992,INE421D01022
CEATLTD,EQ,3323.3,3344,3291.2,3333.2,3333,3315.3,73368,243703499.40,04-Sep-2026,15232,INE482A01020
CEDAAR,ST,13.2,13.6,13.1,13.6,13.6,13.7,10000,131700.00,04-Sep-2026,5,INE11J101017
CEIGALL,EQ,359.85,359.85,351,355.8,355,347.55,949597,336816348.75,04-Sep-2026,18029,INE0AG901020
CEINSYS,EQ,682,702,672,677.85,680.8,678.65,71954,49369137.80,04-Sep-2026,4494,INE016Q01014
CELEBRITY,EQ,6.83,6.83,6.6,6.8,6.82,6.74,23532,158675.41,04-Sep-2026,83,INE185H01016
CELLPOINT,SM,15.35,16.3,15.35,16.3,16.3,15.35,2400,37980.00,04-Sep-2026,2,INE0O0001013
CELLECOR,SM,32.15,33,31.4,32.85,32.35,32.5,354000,11505600.00,04-Sep-2026,63,INE0OMO01025
CELLO,EQ,344.9,345.55,339.8,342,342.55,343.45,189002,64747052.90,04-Sep-2026,7403,INE0LMW01024
CEMPRO,EQ,1299,1314.7,1270.1,1297.4,1299,1296.9,359470,464714476.80,04-Sep-2026,19708,INE686A01026
CENTRALBK,EQ,30.85,31.18,30.78,31.08,31.1,30.77,5295221,164335328.96,04-Sep-2026,11961,INE483A01010
CDSL,EQ,1400,1417.9,1391.6,1394.6,1394.6,1394,1117172,1568607134.10,04-Sep-2026,38445,INE736A01011
CMPDI,EQ,239.39,244.55,236.67,243.92,243.6,239.66,2694037,651945967.52,04-Sep-2026,29485,INE05HV01027
CENTRUM,EQ,22.37,22.75,22,22.55,22.75,22.45,180060,4024032.66,04-Sep-2026,521,INE660C01027
CENTUM,EQ,3746.3,3800,3723,3767.3,3760,3776.1,29156,109470226.30,04-Sep-2026,6016,INE320B01020
CENTENKA,EQ,620,620,607.05,608.9,610,616.65,126471,77159305.10,04-Sep-2026,5991,INE485A01015
CENTEXT,EQ,21.29,22.2,19.75,20.19,20.5,21.24,957330,19723997.33,04-Sep-2026,3040,INE281A01026
CENTURYPLY,EQ,749.9,755.35,745.15,748.45,750.25,749.2,17510,13104301.20,04-Sep-2026,3279,INE348B01021
CERA,EQ,5800,5889.5,5737.5,5787.5,5790,5683.5,19476,113006082.50,04-Sep-2026,6266,INE739E01017
CEREBRAINT,BZ,2.6,2.72,2.55,2.69,2.7,2.6,60459,160051.86,04-Sep-2026,123,INE345B01019
CESC,EQ,148.29,149.14,145.91,146.5,146,147.96,1448303,213138918.29,04-Sep-2026,11780,INE486A01021
CGPOWER,EQ,895,899.8,888.05,891,891,895,2159759,1932433142.00,04-Sep-2026,39300,INE067A01029
CHALET,EQ,890,904,888.05,896.75,900,890.75,87842,78884369.90,04-Sep-2026,8774,INE427F01016
CLSEL,EQ,302.9,306.7,298.05,301.9,302,304.8,68370,20600620.55,04-Sep-2026,2038,INE419D01026
CMNL,SM,125,127,114.2,115.75,114.2,121.95,25500,3088875.00,04-Sep-2026,30,INE06PV01010
CHAMBLFERT,EQ,419.9,422.95,418.05,419.05,419.5,418.3,329143,138339506.70,04-Sep-2026,15583,INE085A01013
CHAMUNDA,SM,44.95,44.95,42.95,43.35,43.35,43.25,21000,914700.00,04-Sep-2026,7,INE11HG01018
CHANDAN,SM,208.1,214.95,204,211.5,212.5,208.95,27200,5690200.00,04-Sep-2026,32,INE0B2N01016
CHAVDA,SM,127.1,127.1,124,124.5,124.5,127.1,7000,876300.00,04-Sep-2026,7,INE0PT101017
CHEMBONDCH,BE,261.6,267.45,252,254.45,252,259,5353,1373339.95,04-Sep-2026,132,INE0TGX01019
CHEMBOND,EQ,178.96,178.96,169.01,170.9,172,173.02,6660,1145702.24,04-Sep-2026,219,INE995D01025
CHEMCON,BE,201.95,202.4,197.55,198.38,199.5,201.29,14633,2915702.51,04-Sep-2026,252,INE03YM01018
CHEMCRUX,EQ,82,83.2,80.05,82.16,82.28,82.48,5344,433971.00,04-Sep-2026,181,INE298W01016
CHEMFAB,EQ,364.45,364.45,356.05,360.1,360.05,358,4597,1650776.65,04-Sep-2026,53,INE783X01023
CHEMPLASTS,EQ,168,173.58,168,170.29,171,167.03,198762,33811368.40,04-Sep-2026,5114,INE488A01050
CHENNPETRO,EQ,1445.1,1463.9,1425.5,1452.2,1450,1440,934269,1352931844.30,04-Sep-2026,33069,INE178A01016
CHETANA,SM,43,43.8,43,43.65,43.8,43,6400,278480.00,04-Sep-2026,4,INE0U1T01012
CHEVIOT,EQ,1143,1166,1141,1159.4,1154.8,1143.1,1428,1648064.30,04-Sep-2026,118,INE974B01016
CHOICEIN,EQ,768.9,781.2,756.5,760.95,761,768.45,567061,436060020.30,04-Sep-2026,14203,INE102B01014
CHOICEGOLD,EQ,154.5,154.5,151.35,152.65,152.92,151.13,9699,1477156.71,04-Sep-2026,151,INF2KCX01012
CHOLAHLDNG,EQ,1516,1532.7,1498.3,1525.7,1525,1502.8,77666,117920772.90,04-Sep-2026,7808,INE149A01033
CHOLAFIN,EQ,1841,1859.9,1828,1839,1839,1849.3,677118,1246886816.90,04-Sep-2026,36495,INE121A01024
CIEINDIA,EQ,387,387,382.25,385.35,384.75,383.95,185100,71115590.65,04-Sep-2026,10934,INE536H01010
CINELINE,EQ,91.4,99.4,90.1,95.23,95.75,89.83,308404,29256601.78,04-Sep-2026,2264,INE704H01022
CINEVISTA,EQ,14.49,14.98,14.2,14.24,14.5,14.19,2982,43047.91,04-Sep-2026,57,INE039B01026
CIPLA,EQ,1397.7,1399.1,1375.5,1385,1385,1394.7,1326180,1835806472.20,04-Sep-2026,46344,INE059A01026
CITIUSINVT,IV,115.99,116.39,115,116.37,116.39,115.03,115340,13409027.65,04-Sep-2026,144,INE2Q7823014
CUB,EQ,234,242.9,233.69,236.01,235.24,234.36,2621193,628595752.93,04-Sep-2026,44237,INE491A01021
CLEDUCATE,BE,58.99,59.75,56.65,58.08,56.65,59.53,12818,754584.95,04-Sep-2026,81,INE201M01029
CLASSICEIL,SM,54.8,54.95,54.8,54.95,54.95,52.35,25600,1406240.00,04-Sep-2026,11,INE0UQ601012
CLAYCRAFT,SM,160,162,158,159.4,158.8,159.85,23400,3729810.00,04-Sep-2026,36,INE1QGM01024
CLEANMAX,EQ,1306,1357.9,1289.7,1347.9,1344,1298.7,256257,343150661.40,04-Sep-2026,20896,INE647U01026
CLEAN,EQ,853.5,855.95,834,836.15,835,852.95,297191,250280688.00,04-Sep-2026,19595,INE227W01023
CSSL,SM,90.5,93,89.75,91.65,93,90.15,26000,2347700.00,04-Sep-2026,14,INE1EF801010
CMRGREEN,EQ,231.55,231.55,225.81,228.34,228.5,230.74,270377,61628732.85,04-Sep-2026,5496,INE00WV01027
CMSINFO,EQ,245.45,246.94,241,243.46,243.7,244.86,528852,128495261.16,04-Sep-2026,16069,INE925R01014
COALINDIA,EQ,418,418,412.55,415.35,415.35,420.05,6126850,2538755745.65,04-Sep-2026,69442,INE522F01014
COASTCORP,EQ,42.32,43.09,41.54,41.88,42,41.93,69707,2942176.77,04-Sep-2026,673,INE377E01024
COCHINSHIP,EQ,1488.9,1522.9,1486,1499.1,1499.1,1486.7,630573,951865055.60,04-Sep-2026,22367,INE704P01025
COFFEEDAY,BE,32.2,32.86,31.92,32.86,32.86,31.3,1123239,36822270.17,04-Sep-2026,1393,INE335K01011
COFORGE,EQ,1982,1992.9,1962.4,1972.8,1972.8,1971.8,1108102,2189360687.50,04-Sep-2026,44156,INE591G01025
COHANCE,EQ,463.3,470,453.6,456.6,456,460.85,572792,264348542.20,04-Sep-2026,26506,INE03QK01018
COLPAL,EQ,1860,1863.9,1829.2,1829.2,1829.2,1850,562995,1036456365.10,04-Sep-2026,27974,INE259A01022
COMFINTE,EQ,6.15,6.26,6.07,6.21,6.22,6.19,114743,707750.26,04-Sep-2026,347,INE819A01049
COMSYN,EQ,300.5,306,285.3,301.3,300,302.7,108742,32623991.70,04-Sep-2026,1784,INE073V01015
COMPEAU,EQ,368.7,379.95,353,371.8,370,361.8,2858,1053347.55,04-Sep-2026,99,INE823B01015
COMPINFO,BZ,1.05,1.11,1.03,1.09,1.08,1.07,24498,26827.03,04-Sep-2026,27,INE070C01037
COMPUSOFT,EQ,13.2,13.2,12.62,13.02,13.1,12.89,23203,301866.70,04-Sep-2026,252,INE453B01029
CAMS,EQ,750,757.75,746.05,748.8,748.8,747.4,469646,352918733.85,04-Sep-2026,24622,INE596I01020
CONCORDBIO,EQ,1450,1450.4,1411.6,1417.1,1420,1447.7,59142,84504764.30,04-Sep-2026,7166,INE338H01029
CEWATER,EQ,266.15,266.9,261,262.55,262,265.4,42011,11058753.30,04-Sep-2026,1830,INE037Z01029
CFEL,EQ,32.1,32.67,31.41,32.48,32.48,32.05,14038,454299.91,04-Sep-2026,79,INE700F01024
CONFIPET,EQ,84.7,85.3,82,82.48,82.3,84.28,2371168,197624634.41,04-Sep-2026,14601,INE552D01024
CONNPLEX,SM,223,252.7,222,244.45,247,223.35,670400,155288440.00,04-Sep-2026,345,INE0EAS01014
CCCL,EQ,14.49,14.54,14.12,14.27,14.45,14.19,118802,1700420.52,04-Sep-2026,372,INE429I01024
CONSOFINVT,BE,288.3,288.3,288.3,288.3,288.3,274.6,21811,6288111.30,04-Sep-2026,40,INE025A01027
CONCOR,EQ,508.8,509.65,502,508,508,508.85,1107962,559654862.65,04-Sep-2026,20722,INE111A01025
CONTI,SM,11.1,11.1,10.95,11.1,11.1,11.1,203313,2246775.30,04-Sep-2026,4,INE340Z01019
CONTROLPR,EQ,602,602,591.15,593.35,593,600.3,7641,4537803.20,04-Sep-2026,1450,INE663B01015
COOLCAPS,ST,24.2,24.5,23.05,24.5,24.5,23.35,176250,4272437.50,04-Sep-2026,93,INE0HS001028
CORALFINAC,EQ,33.58,34,32.32,33.47,33.2,32.94,13197,441743.65,04-Sep-2026,247,INE558D01021
CORDSCABLE,EQ,306,330,306,317,315.8,302.9,264160,84483455.95,04-Sep-2026,4857,INE792I01017
COROMANDEL,EQ,1927,1948.3,1927,1938.8,1940.1,1931.3,143726,278602967.60,04-Sep-2026,11670,INE169A01031
CORONA,EQ,2121,2150.4,2090.8,2100.1,2094,2127.8,12081,25512564.10,04-Sep-2026,2434,INE02ZQ01018
COSMOFIRST,EQ,938.7,943.1,916,919.85,920,940.15,66169,61310195.75,04-Sep-2026,3778,INE757A01017
CCHHL,EQ,12.7,12.95,12.4,12.61,12.83,12.64,42082,530815.24,04-Sep-2026,142,INE652F01027
COUNCODOS,BE,6.65,6.65,6.44,6.45,6.44,6.52,11466,74684.95,04-Sep-2026,62,INE695B01025
CPCAP,EQ,121.69,139.79,117.25,128.33,128.7,118.3,85391,10850962.54,04-Sep-2026,1126,INE521J01018
CPSEETF,EQ,95.44,95.44,93.4,93.7,93.58,93.57,353172,33131903.92,04-Sep-2026,5424,INF457M01133
CRAFTSMAN,EQ,11248,11539,11097,11398,11360,11220,28595,325405364.00,04-Sep-2026,10263,INE00LO01017
CRAVATEX,EQ,326.75,339.9,314.95,329.5,317.35,326.75,1353,445774.35,04-Sep-2026,104,INE145E01017
CRAYONS,SM,26,26,24.8,25.1,25.1,26,9000,228500.00,04-Sep-2026,6,INE0OFK01019
CREATIVEYE,EQ,6.15,6.25,5.89,6.19,6.19,6.13,16063,98897.90,04-Sep-2026,55,INE230B01021
CGRAPHICS,SM,150.9,150.9,147,147.6,147.6,148.55,16000,2369400.00,04-Sep-2026,18,INE0R7401011
CNL,EQ,1246.5,1247.3,1210,1215.5,1229.8,1243.4,12127,14882988.20,04-Sep-2026,964,INE985W01018
CREDENT,SM,336.5,340,311,317.7,311,336.5,140400,45686040.00,04-Sep-2026,205,INE1KPX01025
CREDITACC,EQ,1453.9,1468,1438,1443.1,1440,1437.4,217925,315871104.10,04-Sep-2026,27335,INE741K01010
MUFTI,EQ,72.85,75.6,72.51,75.23,75.55,72.87,149617,11150002.93,04-Sep-2026,1414,INE220Q01020
CRSL,BE,2.61,2.74,2.48,2.73,2.74,2.61,702306,1882951.33,04-Sep-2026,867,INE716D01033
CREST,EQ,369.9,369.9,356.2,359,357.1,365.3,1505,542334.80,04-Sep-2026,118,INE559D01011
CRISIL,EQ,4775,4872,4726.3,4802,4790,4759.7,184833,891819123.40,04-Sep-2026,16015,INE007A01025
CRIZAC,EQ,163,163.77,159.95,160.29,160.31,162.27,294106,47373657.63,04-Sep-2026,6684,INE0S4R01014
CROMPTON,EQ,227.64,235.47,226.27,232.4,232.4,226.51,4443658,1037169878.01,04-Sep-2026,31875,INE299U01018
CROWN,EQ,114.45,114.69,110.03,112.84,114,111.8,37657,4251325.82,04-Sep-2026,279,INE491V01019
CSBBANK,EQ,325.15,331.65,320.8,328.55,329,324.95,658990,215977474.25,04-Sep-2026,15607,INE679A01013
CSLFINANCE,EQ,245.58,254.7,245.58,251.77,252,243.86,94290,23706633.74,04-Sep-2026,2410,INE718F01018
CSM,EQ,93.99,94.78,93.4,94.36,94.57,94,80421,7555333.62,04-Sep-2026,727,INE0ZK601013
CUBEINVIT,IV,157.78,158,156.5,157.5,156.5,157,504255,79221381.86,04-Sep-2026,5575,INE0NR623014
CUBEXTUB,EQ,76.6,78.66,75.95,76.8,76.7,76.41,48940,3782790.70,04-Sep-2026,1373,INE144D01012
CUMMINSIND,EQ,5071,5083,5013,5035,5035,5071,483825,2438711381.00,04-Sep-2026,28202,INE298A01020
CUPID,EQ,280,287,280,283.15,283.6,279.95,8434946,2392690721.30,04-Sep-2026,64825,INE509F01029
CURAA,EQ,78.5,78.5,60,72.46,74,66.2,2020,145016.75,04-Sep-2026,114,INE117B01020
CURIS,SM,145.7,153.5,145,151.35,151.9,145.1,38000,5657500.00,04-Sep-2026,37,INE1BZN01016
CURRENT,SM,86.2,86.2,85,85,85,89,6400,546400.00,04-Sep-2026,4,INE1CRQ01014
CYBERMEDIA,EQ,25.9,28.45,22.2,26.4,26.75,23.88,2157521,57564647.54,04-Sep-2026,7778,INE278G01037
CMRSL,SM,72.8,73.15,72,73.15,73.15,69.7,4000,291160.00,04-Sep-2026,5,INE075Z01011
CYBERTECH,BE,134.39,134.39,132.5,133.36,133.5,132.27,6933,923511.08,04-Sep-2026,135,INE214A01019
CYIENTDLM,EQ,833.8,894,830,856.95,855.5,836.55,1201568,1043626507.75,04-Sep-2026,45322,INE055S01018
CYIENT,EQ,1111.3,1131.7,1096.2,1101.8,1100.8,1111.3,327209,364488126.50,04-Sep-2026,17661,INE136B01020
DPWIRES,BE,154,156.5,154,154.62,154.55,153.99,2489,385164.87,04-Sep-2026,69,INE864X01013
DLINKINDIA,EQ,453,455.9,448.4,451.15,451.7,452.35,67520,30470522.05,04-Sep-2026,2802,INE250K01012
DPABHUSHAN,EQ,1362.8,1445,1362.8,1414.2,1414.2,1359.4,36359,51435916.10,04-Sep-2026,3609,INE266Y01019
DBCORP,EQ,195.79,197.09,193.79,195.65,194.8,193.78,43972,8603988.26,04-Sep-2026,1222,INE950I01011
DABUR,EQ,380.45,383.25,377.35,380.9,380.9,380.7,1702061,647998830.15,04-Sep-2026,28671,INE016A01026
DAICHI,EQ,374.7,374.7,359.8,364.8,363.1,369.75,5043,1858195.90,04-Sep-2026,169,INE928C01010
DALBHARAT,EQ,1770.1,1778.9,1740,1749.3,1752,1771.2,73496,129273173.80,04-Sep-2026,10844,INE00R701025
DALMIASUG,EQ,460.95,462.5,435.05,438.55,439,461.05,342704,151924209.35,04-Sep-2026,8816,INE495A01022
DAMCAPITAL,EQ,145.99,147.49,144.17,144.9,144.54,145.28,170224,24728890.10,04-Sep-2026,2298,INE284H01025
DAMODARIND,BE,29.12,29.12,28.22,28.45,28.45,28.98,1493,42828.52,04-Sep-2026,14,INE497D01022
DANGEE,EQ,2.94,2.98,2.9,2.94,2.95,2.94,40836,119966.69,04-Sep-2026,125,INE688Y01022
DANISH,SM,890,890.3,841.3,854.1,852.1,874.15,31500,27197610.00,04-Sep-2026,144,INE0YU901016
DCCL,SM,43,43,43,43,43,43,4000,172000.00,04-Sep-2026,2,INE04Q901010
DATAPATTNS,EQ,4588,4666,4546.4,4585,4570,4587.3,377845,1743792432.30,04-Sep-2026,36760,INE0IX101010
DATAMATICS,EQ,771.45,785,762.2,764.9,766,774.85,55826,43093997.80,04-Sep-2026,3293,INE365B01017
DAVANGERE,EQ,2.07,2.07,1.94,1.96,1.95,2.04,15393852,30556545.65,04-Sep-2026,5021,INE179G01029
DBSTOCKBRO,BE,29.19,29.19,28.4,28.63,28.95,29.07,4158,119870.65,04-Sep-2026,36,INE921B01025
DCI,EQ,362,362,346.1,350.55,352.85,357.65,87942,31027261.10,04-Sep-2026,2764,INE0A1101019
DCBBANK,EQ,222.4,223.9,220.2,220.74,221,222.2,539992,119697516.35,04-Sep-2026,13976,INE503A01015
1275DCCL28,N0,9976.14,9976.14,9976.14,9976.14,9976.14,9943.42,4,39904.56,04-Sep-2026,1,INE04Q907181
DCG,SM,68.25,69.95,67.5,68.8,67.6,65.35,22800,1567920.00,04-Sep-2026,18,INE0S8401018
DCMFINSERV,EQ,5.09,5.37,5.09,5.2,5.25,5.09,5995,31401.91,04-Sep-2026,67,INE891B01012
DCM,BE,77,78.4,76.8,77.01,76.95,76.97,16163,1246366.88,04-Sep-2026,42,INE498A01018
DCMNVL,EQ,188.94,191.14,183.25,184.96,185.78,182.04,16490,3106832.80,04-Sep-2026,245,INE08KP01019
DSFCL,BE,25.79,26.24,25.5,25.81,25.88,25.75,66854,1722068.96,04-Sep-2026,145,INE0OFM01015
DCMSRIND,EQ,46.6,46.63,44.1,44.91,45.4,46.51,182082,8280068.23,04-Sep-2026,1937,INE843D01027
DCMSIL,EQ,71.3,71.3,68.06,68.76,69,70.29,99773,6965654.31,04-Sep-2026,1074,INE0OU201013
DCMSHRIRAM,EQ,1024.9,1026.1,1014,1020.9,1020,1019.2,85914,87612778.40,04-Sep-2026,7325,INE499A01024
DCW,EQ,46.11,46.95,45.81,45.98,46.2,46.3,912734,42337853.46,04-Sep-2026,3660,INE500A01029
DCXINDIA,EQ,170.15,172.35,168.1,168.83,169.65,169.57,328462,55916426.70,04-Sep-2026,4906,INE0KL801015
DDEVPLSTIK,EQ,273.55,274.95,271.3,273,273.5,272.5,51629,14078282.70,04-Sep-2026,1229,INE0HR601026
DENEERS,SM,167.5,176,167.5,172.3,170.2,169.9,60000,10453950.00,04-Sep-2026,36,INE0JWV01011
DENORA,EQ,822.3,836,810.1,812.3,812,824.55,2711,2216710.10,04-Sep-2026,276,INE244A01016
DECCANCE,EQ,569.8,579.9,564.35,569.75,568.85,565.15,29858,17057303.20,04-Sep-2026,589,INE583C01021
DECNGOLD,EQ,215,219.3,212.43,213.87,215,213.8,959258,206954932.74,04-Sep-2026,14447,INE945F01025
DECCANTRAN,SM,20.25,20.25,20,20,20,20.25,117600,2352840.00,04-Sep-2026,6,INE0S7C01019
DEEDEV,EQ,645.8,673.8,642.05,658.25,659,645.9,327955,217359178.05,04-Sep-2026,18558,INE841L01016
DEEM,ST,42.25,42.3,42.25,42.3,42.3,40.3,3000,126850.00,04-Sep-2026,3,INE586O01011
DEEPINDS,EQ,757.75,793.7,749,786.45,783,744.85,1324171,1028587195.10,04-Sep-2026,35441,INE0FHS01024
DEEP,EQ,36.8,36.8,34.21,35,35.54,36,23168,820982.64,04-Sep-2026,193,INE00IY01012
DBEIL,BE,6.2,6.44,6.05,6.43,6.44,6.14,210682,1335262.16,04-Sep-2026,344,INE0OPA01027
DEEPAKFERT,EQ,1362.7,1395,1353.3,1362.1,1364.8,1355.9,229112,314400928.60,04-Sep-2026,16670,INE501A01019
DEEPAKNTR,EQ,1728,1743.7,1705.7,1712.4,1715.1,1725.3,196070,337182974.80,04-Sep-2026,22151,INE288B01029
DELAPLEX,SM,87,103,87,100,100,97.65,7800,772770.00,04-Sep-2026,13,INE0SK801018
DELHIVERY,EQ,465,465.9,457.9,457.9,457.9,464.35,1936111,892354627.20,04-Sep-2026,29259,INE148O01028
DELPHIFX,BE,6.17,6.17,5.8,6.04,6.07,5.94,117604,705470.25,04-Sep-2026,214,INE726L01027
DELTIC,SM,35.8,35.8,34.65,35.35,35.35,35.8,6000,210500.00,04-Sep-2026,6,INE0XRN01019
DELTACORP,EQ,56.79,57.4,55.56,56.12,56.26,56.25,1070574,60471936.89,04-Sep-2026,5816,INE124G01033
DELTAMAGNT,EQ,56.66,59.9,55.72,58.4,58.94,57.23,4124,238125.88,04-Sep-2026,188,INE393A01011
DEN,EQ,27.66,28.1,27.66,27.97,27.95,27.87,211531,5904118.35,04-Sep-2026,1022,INE947J01015
DENTA,EQ,273.2,276.9,271,275.35,275.6,270.4,56286,15427852.90,04-Sep-2026,1823,INE0R4L01018
DEVX,EQ,32.9,33.39,32.66,33.29,33.15,32.13,40903,1351995.92,04-Sep-2026,308,INE0VOV01021
DEVIT,EQ,24.9,25.5,23.61,24.21,24.4,24.52,69859,1696624.67,04-Sep-2026,477,INE060X01034
DEVYANI,EQ,138,142.86,137.37,139.28,139.32,138.05,2432975,342018744.90,04-Sep-2026,32970,INE872J01023
DHABRIYA,BE,515.85,528.9,501,503.45,510,513.3,8802,4496894.50,04-Sep-2026,178,INE260R01016
DBOL,EQ,128.96,128.96,124,124.99,125.2,129.64,232171,29060113.38,04-Sep-2026,3660,INE0I3401014
DHAMPURSUG,EQ,176.45,176.45,165.63,167.59,167.4,177.05,832821,140824914.24,04-Sep-2026,11069,INE041A01016
DHANBANK,EQ,31.8,32.03,31.69,31.86,31.95,31.72,349043,11124710.47,04-Sep-2026,1133,INE680A01011
DHANLAXMI,SM,24.3,25,24.3,25,25,24.25,8000,197200.00,04-Sep-2026,4,INE0V9V01010
DHANSA,SM,27.95,28.1,26.9,28.1,28.1,26.8,18000,500400.00,04-Sep-2026,9,INE0M3I01029
DHANUKA,EQ,1009,1014,994.8,1010.65,1014,1010.15,17124,17236231.40,04-Sep-2026,1253,INE435G01025
DHARARAIL,ST,140,140,134.5,136.6,134.5,140.05,15000,2079100.00,04-Sep-2026,12,INE2HJL01019
DHARAN,BZ,0.14,0.14,0.13,0.13,0.14,0.13,13130525,1815823.07,04-Sep-2026,1594,INE278R01034
DHARIWAL,SM,24.95,24.95,22.65,24,24.15,23.8,846000,20485350.00,04-Sep-2026,191,INE0YRN01025
DHARMAJ,EQ,268.3,271,264.3,270.05,270,269.05,29203,7846100.95,04-Sep-2026,1792,INE00OQ01016
DHATRE,EQ,4.33,4.59,4.21,4.33,4.43,4.35,17330,75111.74,04-Sep-2026,109,INE715T01031
DHOOTTRANS,EQ,1615,1665,1570.1,1615.7,1580,1583.5,6047122,9814338483.10,04-Sep-2026,317283,INE01NH01023
DHRUV,EQ,23.45,23.45,22.29,22.32,22.85,23.45,7195,162783.44,04-Sep-2026,100,INE506Z01015
DHUNINV,EQ,1046.25,1054.8,1012.65,1019.15,1015,1046.25,1224,1260977.95,04-Sep-2026,204,INE320L01011
DTIL,BE,153.63,153.63,146.6,150.64,150,152.87,6245,933038.39,04-Sep-2026,110,INE341R01014
DVL,EQ,284.45,292,284.45,290.05,292,285.8,15605,4512353.10,04-Sep-2026,492,INE477B01010
DIAMINESQ,EQ,243.54,245.39,240,240.99,240,244.76,3798,922791.21,04-Sep-2026,299,INE591D01014
DIACABS,BE,324,339,316.7,331.8,332.5,322.9,1146702,380195919.85,04-Sep-2026,9863,INE989C01038
DICIND,EQ,596,638.95,589.75,618.6,613.1,584,45846,28362168.05,04-Sep-2026,1548,INE303A01010
DIFFNKG,EQ,487,519.9,470,474.9,476.8,477.6,2072376,1030652502.70,04-Sep-2026,52420,INE184O01015
DGCONTENT,EQ,24.75,25,24.55,24.83,24.55,24.43,1564,38612.81,04-Sep-2026,45,INE03JI01017
DIGIDRIVE,EQ,17.31,18,17.31,17.65,17.8,17.8,6628,117599.76,04-Sep-2026,96,INE0PSC01024
DIGIKORE,SM,40,41,36,40.1,40.6,40,57600,2251860.00,04-Sep-2026,92,INE0QJ901011
DIGISPICE,EQ,17.29,17.29,16.52,16.98,16.99,16.96,73604,1242593.24,04-Sep-2026,282,INE927C01020
DIGITIDE,EQ,95.55,98.19,95.31,97.01,97.27,95.52,263762,25592595.82,04-Sep-2026,1597,INE0U4701011
DIGJAMLMTD,EQ,50.48,51,49.41,49.96,50.97,49.4,1422,71746.07,04-Sep-2026,33,INE731U01028
DNAMEDIA,EQ,2.68,2.7,2.51,2.63,2.67,2.63,34439,89524.71,04-Sep-2026,123,INE016M01021
DBL,EQ,402.75,404,398,401,401.25,398.55,58236,23313235.15,04-Sep-2026,1965,INE917M01012
DISAQ,EQ,11987,12119,11825,11990,11999,11775,61,732420.00,04-Sep-2026,48,INE131C01011
DISHTV,EQ,2.61,2.65,2.51,2.57,2.59,2.61,1807676,4665067.08,04-Sep-2026,1693,INE836F01026
DCAL,EQ,178.5,178.5,173.2,174.38,174.2,176.99,122894,21514844.96,04-Sep-2026,2245,INE385W01011
DIVGIITTS,EQ,1245.1,1268.3,1211.2,1235.8,1225.2,1235.2,94690,116523254.10,04-Sep-2026,7891,INE753U01022
DIVISLAB,EQ,9244,9269,9100,9100,9100,9250,250202,2294932463.50,04-Sep-2026,28411,INE361B01024
DIVINEHIRA,ST,115,115,109,109.45,113.5,113.7,16800,1859280.00,04-Sep-2026,8,INE0NA501011
DPEL,SM,579.95,580,577,578.75,578.1,577.3,12000,6947925.00,04-Sep-2026,21,INE0SCO01019
DIVYADHAN,ST,44.95,44.95,44.9,44.9,44.9,42.85,12000,539000.00,04-Sep-2026,3,INE0QYI01019
DIXON,EQ,14445,14463,14070,14240,14240,14445,350720,4991620441.00,04-Sep-2026,53585,INE935N01020
DJML,EQ,70.71,76.9,70.71,75.64,74.69,70.71,234263,17534023.77,04-Sep-2026,2757,INE0B1K01014
DLF,EQ,681.65,689.75,680.8,681.9,681.9,681.65,1911967,1310682796.55,04-Sep-2026,51851,INE271C01023
DMCC,EQ,294.7,302,291.1,293.35,291.5,295.5,46455,13786408.65,04-Sep-2026,1452,INE505A01010
DODLA,EQ,1081.7,1081.7,1062,1066.8,1065.1,1069.9,8579,9165812.60,04-Sep-2026,1616,INE021O01019
DOLATALGO,EQ,70.49,72.99,70.11,70.91,70.4,70.05,187699,13375547.68,04-Sep-2026,1685,INE966A01022
DOLLAR,EQ,265.55,267.1,262.8,264.25,263.5,265,36786,9736794.40,04-Sep-2026,1075,INE325C01035
DOLLEX,SM,36.8,36.8,36.8,36.8,36.8,35,4000,147200.00,04-Sep-2026,1,INE0JHH01011
DOLPHIN,EQ,625,681.55,623.3,674,677,619.6,169333,112078167.50,04-Sep-2026,3757,INE920A01037
DOMS,EQ,2205,2224.8,2183.2,2208.7,2208.3,2207.6,77261,170429112.60,04-Sep-2026,10476,INE321T01012
DONEAR,EQ,90.39,93.47,89.1,92.25,92.02,88.56,106790,9788380.93,04-Sep-2026,698,INE668D01028
DPSCLTD,BE,7.4,7.45,6.95,7.09,7.28,7.27,147130,1053716.27,04-Sep-2026,464,INE360C01024
AGARWALEYE,EQ,511.6,515.95,507.8,514.1,514.65,511.45,81568,41780131.50,04-Sep-2026,5450,INE943P01029
DRAGARWQ,EQ,5339,5474,5302,5422.5,5474,5339,954,5141819.50,04-Sep-2026,193,INE934C01018
LALPATHLAB,EQ,1920.5,1925.2,1855.7,1877.5,1895,1925.2,288144,540153730.00,04-Sep-2026,42647,INE600L01024
DRREDDY,EQ,1157,1166.8,1151,1151,1151,1155,568461,659407091.90,04-Sep-2026,33569,INE089A01031
DRCSYSTEMS,EQ,13.21,13.85,13.21,13.64,13.75,13.42,37863,516174.67,04-Sep-2026,229,INE03RS01027
DREAMFOLKS,EQ,66.1,67.47,66.07,66.93,67,66.33,38187,2537818.50,04-Sep-2026,694,INE0JS101016
DREDGECORP,EQ,1074.7,1117.5,1074.7,1087.7,1084.6,1074.7,128213,140581202.70,04-Sep-2026,8211,INE506A01018
DRONE,SM,34.15,34.15,32,33.5,33.45,34,43500,1445625.00,04-Sep-2026,75,INE0P7201019
KEEPLEARN,EQ,2.03,2.03,1.87,1.87,1.93,1.9,39241,75476.75,04-Sep-2026,116,INE055C01020
LIQUIDETF,EQ,1000.01,1000.01,999.99,999.99,1000,999.99,308648,308648440.26,04-Sep-2026,395,INF740KA1EU7
BANK10ADD,EQ,16.87,16.98,16.86,16.93,16.92,16.96,2303,38987.94,04-Sep-2026,68,INF740KA1YH2
BANKADD,EQ,58.96,59.14,58.82,58.99,59.01,58.95,5499,324237.69,04-Sep-2026,53,INF740KA1RX3
GOLDADD,EQ,15.14,15.14,14.87,14.95,14.95,14.84,4153135,62079806.65,04-Sep-2026,3490,INF740KA1ZP2
ITADD,EQ,32.99,32.99,32.52,32.57,32.63,32.67,6830,223894.56,04-Sep-2026,56,INF740KA1SX1
EQUAL50ADD,EQ,341.54,342,338.98,340.33,338.98,340.57,15781,5380814.05,04-Sep-2026,242,INF740KA1QK2
NIFTYADD,EQ,252.72,253.75,251.8,252.48,253.75,251.97,3105,784221.04,04-Sep-2026,119,INF740KA1CL0
PSUBANKADD,EQ,87.95,87.95,86.11,86.43,86.78,86.59,13572,1175509.09,04-Sep-2026,213,INF740KA1SY9
PVTBANKADD,EQ,28.37,28.4,28.24,28.34,28.4,28.38,17724,502266.52,04-Sep-2026,85,INF740KA1TA7
MIDQ50ADD,EQ,25.06,25.14,24.95,25.01,25.05,25.06,45658,1142951.88,04-Sep-2026,104,INF740KA1ZF3
SENSEXADD,EQ,79.33,79.33,79.29,79.29,79.29,79.18,56,4440.42,04-Sep-2026,4,INF740KA1SZ6
SILVERADD,EQ,22.36,22.57,22.31,22.44,22.47,22.19,2849876,63979878.04,04-Sep-2026,5395,INF740KA1ZQ0
FLEXIADD,EQ,10.31,10.44,10,10.06,10.05,10.05,35100,353408.81,04-Sep-2026,354,INF740KA1WU9
FMCGADD,EQ,46.22,48.8,46.11,46.25,46.34,46.22,47656,2202328.52,04-Sep-2026,191,INF740KA1ZA4
GSEC10ADD,EQ,26.79,26.79,26.48,26.79,26.79,26.49,42,1118.98,04-Sep-2026,4,INF740KA1ZI7
HEALTHADD,EQ,16.7,16.72,16.5,16.58,16.65,16.7,21553,357837.96,04-Sep-2026,100,INF740KA1ZG1
LIQUIDADD,EQ,1143.55,1143.67,1143.5,1143.51,1143.5,1143.13,332115,379778122.19,04-Sep-2026,281,INF740KA1UM0
MIDBANKADD,EQ,17.52,17.54,17.47,17.5,17.5,17.52,10430,182496.25,04-Sep-2026,24,INF740KA1ZH9
MIDCAPADD,EQ,23.14,23.36,23.14,23.28,23.28,23.14,1461,34058.04,04-Sep-2026,23,INF740KA1WW5
MSCIADD,EQ,29.37,29.53,29.37,29.53,29.53,29.37,836,24621.30,04-Sep-2026,11,INF740KA1WV7
NEXT30ADD,EQ,42.65,42.78,42.5,42.69,42.67,42.59,3585,152834.56,04-Sep-2026,97,INF740KA1VE5
NEXT50ADD,EQ,73.68,73.72,73.3,73.52,73.53,73.68,13815,1015976.34,04-Sep-2026,35,INF740KA1XU7
SMALLADD,EQ,18.66,18.7,18.49,18.53,18.69,18.56,67956,1267870.08,04-Sep-2026,114,INF740KA1WX3
TOP10ADD,EQ,88.04,88.3,87.81,87.98,88.08,87.79,305895,26921733.59,04-Sep-2026,452,INF740KA1UR9
DUCOL,SM,109,114.9,108,108,108,109,4000,439920.00,04-Sep-2026,5,INE0LZO01015
DUCON-RE1,BE,0.39,0.41,0.39,0.39,0.39,0.65,5721926,2231747.29,04-Sep-2026,1818,INE741L20034
DUCON,EQ,1.92,1.99,1.84,1.92,1.92,1.93,1709236,3232732.51,04-Sep-2026,1080,INE741L01018
DUGLOBAL,SM,25.7,25.7,25.5,25.55,25.65,25,12500,319625.00,04-Sep-2026,4,INE0HPK01020
DURLAX,SM,66.45,66.5,64.1,64.5,64.7,66.5,26000,1689100.00,04-Sep-2026,12,INE0OUW01013
DWARKESH,EQ,49.41,49.41,47.01,47.31,47.47,49.32,2333510,111445405.92,04-Sep-2026,9152,INE366A01041
DSSL,EQ,992.6,1053.1,990,1053.1,1053.1,1003,34708,36005221.90,04-Sep-2026,2982,INE417B01040
DYNAMATECH,EQ,11560,11775,11558,11654,11672,11532,8608,100306405.00,04-Sep-2026,3309,INE221B01012
DYCL,EQ,541.9,546.8,484,487.9,488,544.3,1789647,903416046.00,04-Sep-2026,44589,INE600Y01019
DYNAMIC,ST,141.8,148.75,139.05,146.3,148.75,141.7,14500,2105900.00,04-Sep-2026,29,INE0DZ701010
DYNPRO,EQ,240,248,235,236.06,236.89,237.81,37117,8974459.43,04-Sep-2026,1061,INE256H01015
EFACTOR,SM,180,180,168.15,173,173,175,3600,633120.00,04-Sep-2026,6,INE0KFF01017
E2ERAIL,SM,337,364.95,337,353.1,354.6,345.4,83200,29128080.00,04-Sep-2026,86,INE1CEJ01017
E2E,BE,573.1,615,573.1,601.55,602,592.7,631973,377008653.85,04-Sep-2026,11345,INE255Z01027
EASTWEST,EQ,2.3,2.4,2.28,2.36,2.37,2.34,61727,144474.77,04-Sep-2026,167,INE595R01023
EASTSILK,BE,63.99,63.99,60.8,61,60.86,63.99,1126,69304.19,04-Sep-2026,29,INE962C01035
EASEMYTRIP,EQ,6.03,6.03,5.98,6,5.99,5.97,5002636,30042736.89,04-Sep-2026,4499,INE07O001026
EBIX,BE,20.24,20.48,19.5,20.28,20.29,19.84,20412,404890.98,04-Sep-2026,75,INE432F01032
888ECL28,N1,987.05,987.05,980.01,982.1,982.1,984.01,410,403203.89,04-Sep-2026,13,INE528S07110
ECLERX,EQ,1960,1967.8,1878.3,1905.7,1901,1971.7,163141,314857907.80,04-Sep-2026,22979,INE738I01010
ECORECO,EQ,462,468.95,455.85,459.35,457,456.1,10145,4687844.30,04-Sep-2026,655,INE316A01038
ECOLINE,ST,181,183,176,180.35,183,180,31000,5583000.00,04-Sep-2026,19,INE0VBS01016
ECOSMOBLTY,EQ,113.93,115.9,112.13,113.54,113,113.93,79330,9019671.50,04-Sep-2026,1366,INE06HJ01020
BBETF0432,EQ,1361.18,1361.18,1340.96,1342.3,1345.55,1342.98,1332,1791874.22,04-Sep-2026,95,INF754K01OB1
EBANK10,EQ,16.83,16.84,16.66,16.84,16.84,16.83,401,6737.18,04-Sep-2026,15,INF754K01XH9
EBANKNIFTY,EQ,58.11,58.27,57.82,58.26,58.26,58.22,2088,120971.83,04-Sep-2026,15,INF754K01TE4
EBBETF0430,EQ,1611.98,1611.98,1607.71,1609.05,1608.75,1607.71,2002,3222468.37,04-Sep-2026,260,INF754K01KO2
EBBETF0431,EQ,1432.36,1443.67,1431,1440.43,1438.05,1439.55,5856,8433700.14,04-Sep-2026,200,INF754K01LE1
EBBETF0433,EQ,1313.15,1314.98,1306.53,1311.12,1311,1309.36,2625,3443561.30,04-Sep-2026,95,INF754K01QX0
ECAPINSURE,EQ,23.89,24,23.72,23.99,24,23.77,53393,1272499.51,04-Sep-2026,176,INF754K01TX4
EGOLD,EQ,153.2,154.4,153.05,153.8,153.75,152.6,167536,25768363.30,04-Sep-2026,360,INF754K01SE6
ELIQUID,EQ,1046.75,1046.75,1046.59,1046.6,1046.6,1046.25,11691,12235803.98,04-Sep-2026,7,INF754K01VW2
ELM250,EQ,16.8,16.8,16.51,16.61,16.68,16.65,355767,5926890.08,04-Sep-2026,278,INF754K01VV4
ELMDIV,EQ,36.99,36.99,36.49,36.5,36.5,36.38,602,21978.94,04-Sep-2026,12,INF754K01XI7
EMETAL,EQ,13.21,13.36,13.13,13.36,13.36,13.19,5051,66397.95,04-Sep-2026,14,INF754K01XG1
EMULTIMQ,EQ,42.19,42.24,41.75,42,42,41.77,11409,478594.20,04-Sep-2026,126,INF754K01TF1
ENEXT50,EQ,73.52,73.55,73.1,73.1,73.1,72.8,275,20112.90,04-Sep-2026,9,INF754K01XF3
ENIFTY,EQ,24.75,24.75,24.1,24.19,24.19,24.15,6023,146311.02,04-Sep-2026,58,INF754K01VX0
ESENSEX,EQ,77,77.56,77,77.46,77.46,77.32,37,2860.49,04-Sep-2026,10,INF754K01VY8
ESILVER,EQ,224.09,234.69,224.09,232.78,233.01,229.84,221315,51515156.04,04-Sep-2026,798,INF754K01SF3
EDELWEISS,EQ,136.11,138.24,134.76,136.08,135.9,134.76,11273587,1537790886.18,04-Sep-2026,64340,INE532F01054
EFCIL,EQ,198.09,202,192,193.24,193,200.84,235570,46246415.84,04-Sep-2026,4668,INE886D01026
EFFWA,ST,370,380,350.2,360,360,368.15,8800,3199960.00,04-Sep-2026,19,INE0U9101019
EICHERMOT,EQ,7665,7665.5,7590,7630.5,7630.5,7690,492954,3757757330.00,04-Sep-2026,47403,INE066A01021
EIDPARRY,EQ,778.25,784.5,774.85,781.35,782,778.25,270760,210982385.00,04-Sep-2026,11684,INE126A01031
EIHAHOTELS,EQ,305.45,308.6,295.3,297.65,299.55,303.85,11705,3509537.65,04-Sep-2026,1161,INE276C01014
EIHOTEL,EQ,292.65,293.4,290.1,291.9,291.8,290.75,154906,45192744.55,04-Sep-2026,10144,INE230A01023
EIMCOELECO,EQ,2286.1,2286.1,2240,2254.4,2250,2280.4,19567,44223867.50,04-Sep-2026,2517,INE158B01016
EKI,EQ,73.15,76,73.11,74.13,74.3,74.06,6162,457852.27,04-Sep-2026,205,INE0CPR01018
ELANTAS,EQ,12395,12400,12100,12219,12279,12114,1367,16691269.00,04-Sep-2026,588,INE280B01018
ELCIDIN,EQ,109880,109880,107400,107590,107900,106500,12,1295420.00,04-Sep-2026,12,INE927X01018
ELDEHSG,EQ,781,801,781,789.1,794.8,790.45,415,328025.85,04-Sep-2026,35,INE668G01021
ELECON,EQ,436.5,442.5,428.75,433.75,433,435.95,535067,232935467.45,04-Sep-2026,20353,INE205B01031
EFORCE,SM,19.3,21.4,19.3,20.05,20.05,19.5,16800,340620.00,04-Sep-2026,14,INE0Q1W01012
EMIL,EQ,175.4,176.67,167.54,173.74,172.6,176.16,1637322,282153941.77,04-Sep-2026,22574,INE02YR01019
ELECTCAST,EQ,84.3,84.9,82.61,83.71,83.15,83.85,1762760,147418215.75,04-Sep-2026,13251,INE086A01029
ELECTHERM,EQ,979.9,999.9,979.9,980.9,980,979.9,7385,7264252.75,04-Sep-2026,331,INE822G01016
ELGNZ,SM,85.5,88.25,84.3,87.55,88,84.05,25000,2150100.00,04-Sep-2026,24,INE0R9101015
ELGIEQUIP,EQ,632.95,645.4,627.5,642.1,643.45,630.35,691967,441570196.95,04-Sep-2026,22241,INE285A01027
ELGIRUBCO,EQ,59.98,59.98,58.1,58.69,58.59,59.08,44079,2593008.74,04-Sep-2026,1003,INE819L01012
ELIN,EQ,95.26,97.3,95,95.4,95.25,95.26,196524,18867538.08,04-Sep-2026,2356,INE050401020
ELITECON,EQ,8.68,8.68,8.68,8.68,8.68,9.13,1122582,9744011.76,04-Sep-2026,3278,INE669R01026
ELLEN,EQ,333.8,340.15,327.5,331.85,331.1,330.45,759237,254685099.40,04-Sep-2026,15867,INE236E01022
ELPROINTL,EQ,173.66,174.94,173.58,174,174,174.44,3631,632046.96,04-Sep-2026,75,INE579B01039
EMAPARTNER,SM,85,86,80.55,85.35,86,83.05,18000,1511700.00,04-Sep-2026,16,INE0ZOL01023
EMAMILTD,EQ,370,371.4,361.85,366.05,367,368.2,1293997,471912757.25,04-Sep-2026,22806,INE548C01032
EMAMIPAP,BE,112.35,115.92,111.7,115.92,115.92,110.4,35403,4063153.08,04-Sep-2026,307,INE830C01026
EMAMIREAL,EQ,69.29,69.3,65.7,66.74,66.45,68.7,24880,1664774.66,04-Sep-2026,382,INE778K01012
EMBDL,EQ,58.65,59.19,57.25,57.53,57.6,58.59,2533639,147091517.57,04-Sep-2026,11846,INE069I01010
EMBASSY,RR,439.97,439.97,435.11,438.69,438.36,438.57,641632,281459090.77,04-Sep-2026,10850,INE041025011
EMCURE,EQ,1888,1935,1874.7,1927.6,1925.9,1854.7,276608,529689047.40,04-Sep-2026,24433,INE168P01015
ETML,SM,80.8,85.8,80.8,81.95,81.95,82,6000,495660.00,04-Sep-2026,5,INE0RHD01013
EMKAY,EQ,259,270,255.15,267.25,267,257.75,54753,14479020.10,04-Sep-2026,1159,INE296H01011
EMKAYTOOLS,SM,93.5,98,93.5,98,98,96.05,1350,131617.50,04-Sep-2026,9,INE332S01011
ETL,SM,1035.15,1047,1035.15,1047,1047,1098.1,300,312322.50,04-Sep-2026,2,INE0PXC01024
EMMBI,BE,91.05,94.2,90.75,91,90.75,90.17,5830,536428.45,04-Sep-2026,66,INE753K01015
EMMVEE,EQ,327,330.9,322.3,325.2,325.35,326.4,873378,284298380.20,04-Sep-2026,27551,INE1C6T01020
EMPIND,EQ,1202,1208.3,1192,1195.6,1196,1195.9,6883,8241824.50,04-Sep-2026,500,INE515H01014
EMPOWER,EQ,1.73,1.9,1.73,1.84,1.89,1.82,26427168,46944709.51,04-Sep-2026,4753,INE507F01023
EMSLIMITED,EQ,387.35,388.95,381,383.05,383.75,387.35,166270,63676974.80,04-Sep-2026,4614,INE0OV601013
EMUDHRA,EQ,519.85,534.4,519.85,524.8,525,519.85,71392,37530852.35,04-Sep-2026,2873,INE01QM01018
ENCOMPAS,SM,251.45,258.95,248,256.8,258,248.65,9600,2429300.00,04-Sep-2026,21,INE433T01015
ENDURANCE,EQ,2757,2795,2736.6,2782.8,2772.3,2754.7,50285,138950309.30,04-Sep-2026,9180,INE913H01037
ENERGYDEV,EQ,15.99,15.99,15.45,15.49,15.5,15.5,11133,174359.58,04-Sep-2026,171,INE306C01019
EMMIL,SM,120,124,118.15,120.1,120.1,120.65,15750,1904662.50,04-Sep-2026,25,INE0S1L01013
ENFUSE,SM,155.05,155.05,155,155,155,160.75,1800,279030.00,04-Sep-2026,3,INE0S3X01014
ENGINERSIN,EQ,282.4,284.5,278.35,279.45,280,281.95,3490446,983697582.55,04-Sep-2026,51832,INE510A01028
ENKEIWHEL,EQ,396,400,384,389.8,399,380.8,776,305698.35,04-Sep-2026,73,INE130L01014
ENSER,SM,15.35,15.35,15.25,15.3,15.35,14.8,50000,766500.00,04-Sep-2026,10,INE0R9I01021
ENTERO,EQ,1848,1868.9,1811.1,1827.6,1824.8,1848,96165,177130908.20,04-Sep-2026,11496,INE010601016
ENIL,EQ,99.67,103.1,99.67,102.65,103,99.61,27341,2774564.67,04-Sep-2026,582,INE265F01028
EIEL,EQ,196.9,201.7,195.65,199.17,199.1,195.66,769678,153011435.07,04-Sep-2026,12654,INE0LLY01014
ENVIRO,SM,69.1,71.25,69.05,70.5,70.5,71.15,11000,772000.00,04-Sep-2026,11,INE0SUH01015
EPACK,EQ,191,192.5,187.99,189.27,188.5,189.08,343336,65142248.21,04-Sep-2026,5259,INE0G5901015
EPACKPEB,EQ,227.5,233.85,227.5,231.11,230,227.3,324727,74959483.05,04-Sep-2026,5343,INE0MLS01022
EPIGRAL,EQ,1230,1254.8,1214.5,1219.7,1227.4,1236.7,48188,59337209.50,04-Sep-2026,6030,INE071N01016
EPL,EQ,246.55,250.9,244.55,247.1,247.25,246.55,3718253,920059579.90,04-Sep-2026,30937,INE255A01020
EEPL,ST,132,141.7,132,139.7,141.7,135.05,18000,2489750.00,04-Sep-2026,18,INE11HF01010
EPWINDIA,ST,245,245,243.2,244.1,244.1,256,4800,1170660.00,04-Sep-2026,4,INE1KEC01023
EQUIPPP,BE,22.89,22.89,22.1,22.75,22.79,22.89,1891,42849.25,04-Sep-2026,12,INE217G01035
EQUITASBNK,EQ,73.05,73.99,72.8,72.95,73.6,73.04,534782,39248129.30,04-Sep-2026,6980,INE063P01018
ERIS,EQ,1301,1332.2,1301,1321.7,1319,1303.5,69111,91228515.30,04-Sep-2026,10716,INE406M01024
ESABINDIA,EQ,6107.5,6114,6050,6067.5,6060,6077.5,2820,17120522.50,04-Sep-2026,1113,INE284A01012
ESAFSFB,BE,41.67,41.84,41.05,41.41,41.6,41.67,271495,11238635.69,04-Sep-2026,1394,INE818W01011
ESCONET,SM,221,238.8,221,238.6,238.8,227.45,40800,9606660.00,04-Sep-2026,87,INE0RQZ01017
ESCORTS,EQ,2993,3001,2960.3,2968.8,2968.3,2978.2,62925,187046375.50,04-Sep-2026,12404,INE042A01014
ESDS,EQ,757,908.4,756,908.4,908.4,429,15790052,13115874910.25,04-Sep-2026,192111,INE0DRI01029
ESPRIT,SM,63,63.5,63,63,63,63.5,4800,303200.00,04-Sep-2026,3,INE0SBP01018
ESSARSHPNG,EQ,17,17.65,16.9,17.09,17,16.87,325102,5591360.40,04-Sep-2026,1388,INE122M01019
ESFL,SM,121,121.6,116.6,120.75,121.6,115.15,11160,1335312.00,04-Sep-2026,23,INE0ITO01014
ESTER,EQ,94.04,94.72,93,93.57,93.85,94.03,41294,3867472.19,04-Sep-2026,656,INE778B01029
ETERNAL,EQ,325.3,327.75,320.8,322.75,322.75,324.8,17824027,5767662223.90,04-Sep-2026,108841,INE758T01015
ETHOSLTD,EQ,2794,2905.6,2776,2792.8,2800,2793.1,79319,226257286.10,04-Sep-2026,7746,INE04TZ01018
EUREKAFORB,EQ,430,430,422.15,423.75,423.95,429.25,99508,42313116.50,04-Sep-2026,7971,INE0KCE01017
EIFFL,BE,273.05,273.05,273.05,273.05,273.05,278.6,1424,388823.20,04-Sep-2026,15,INE546V01010
EUROBOND,EQ,154,154,148.01,151,151,151.1,921,138382.81,04-Sep-2026,65,INE505V01016
EUROPRATIK,EQ,267,270.05,258,263.75,262,267,192832,50479118.80,04-Sep-2026,2636,INE198501012
EUROTEXIND,BE,13.73,13.73,13.73,13.73,13.73,13.99,300,4119.00,04-Sep-2026,1,INE022C01012
EVEREADY,EQ,319,322.3,316,317.9,316.2,319.45,57194,18243353.10,04-Sep-2026,1346,INE128A01029
EVERESTIND,BE,425,433.95,415,423.9,424.85,425.25,12743,5388365.65,04-Sep-2026,149,INE295A01018
EKC,EQ,107.4,107.65,105.15,106.42,106.5,107,150735,16017494.90,04-Sep-2026,1680,INE184H01027
EXCELINDUS,EQ,1035.1,1045,1026.1,1031.4,1045,1034.9,4529,4679881.20,04-Sep-2026,619,INE369A01029
EXCELLENT,ST,209,209.5,208,209.5,209.5,209,6400,1336800.00,04-Sep-2026,4,INE0Y4801011
EXCELSOFT,EQ,70.5,71.8,69.52,70.23,70,70.66,299626,21151747.91,04-Sep-2026,2293,INE606N01019
EXICOM,EQ,166.8,179.75,166.8,177.85,178.4,166.13,5389417,947959724.68,04-Sep-2026,51639,INE777F01014
EXIDEIND,EQ,423.9,428.5,416.4,424.35,424.2,423,2581393,1091713286.85,04-Sep-2026,39007,INE302A01020
EXIMROUTES,SM,107.1,107.1,107.1,107.1,107.1,107.1,1600,171360.00,04-Sep-2026,2,INE19I001020
EXPLEOSOL,EQ,904,910,888,899,901,898.75,27691,24795760.70,04-Sep-2026,2682,INE201K01015
EXXARO,EQ,6.6,6.85,6.5,6.59,6.58,6.7,298855,1979669.48,04-Sep-2026,712,INE0GFE01026
FABTECH,EQ,147.14,152.26,147.07,150.2,150.9,147.33,112484,16874519.20,04-Sep-2026,1375,INE0HF201011
FACT,EQ,803.05,812.5,798.15,801.4,801.5,800.2,97544,78504389.10,04-Sep-2026,6313,INE188A01015
FAIRCHEMOR,BE,661.1,661.1,652,660.25,660.25,661.1,3280,2160339.10,04-Sep-2026,57,INE0DNW01011
FALCONTECH,SM,12.45,12.45,12.45,12.45,12.45,12.45,1200,14940.00,04-Sep-2026,1,INE0PQK01013
FASCINATE,ST,72.55,72.55,72.55,72.55,72.55,76.35,13600,986680.00,04-Sep-2026,16,INE1Q2D01019
FAZE3Q,EQ,502.35,502.35,485.1,493.95,498.9,498.4,9304,4605629.95,04-Sep-2026,655,INE963C01033
FCSSOFT,EQ,1.44,1.46,1.44,1.45,1.46,1.44,1046769,1516593.44,04-Sep-2026,1057,INE512B01022
FDC,EQ,343,351.8,341.55,342.8,342.3,341.6,120312,41467748.10,04-Sep-2026,7719,INE258B01022
FEDFINA,EQ,156.32,163.2,156.32,161.56,161.87,157.86,818017,131437936.92,04-Sep-2026,12601,INE007N01010
FEDDERSHOL,EQ,47.4,47.7,46,47.28,47.25,46,1773925,83797880.18,04-Sep-2026,2439,INE417D01020
FEDERALBNK,EQ,344.9,344.9,341.8,343,343,344.6,4115397,1412014763.60,04-Sep-2026,56122,INE171A01029
FMGOETZE,EQ,511,517.5,499.6,501.45,503,613.7,1030188,519971975.30,04-Sep-2026,20491,INE529A01010
FELIX,SM,195.3,215,194.55,210.2,208.45,194.2,219000,44727375.00,04-Sep-2026,247,INE901X01013
FERMENTA,EQ,502.3,509.35,491.65,498.5,495.4,502.3,101413,50684682.15,04-Sep-2026,6328,INE225B01021
FIBERWEB,EQ,26.2,26.2,25.6,25.75,25.8,25.91,10675,275076.24,04-Sep-2026,91,INE296C01020
FIDEL,SM,140,142,140,142,142,139.05,10000,1417950.00,04-Sep-2026,6,INE0LQQ01019
FIEMIND,EQ,2050,2092.4,2036,2085.8,2087,2036.9,46943,96914162.60,04-Sep-2026,6225,INE737H01014
FILATFASH,EQ,0.19,0.19,0.18,0.18,0.19,0.18,21161213,3871529.79,04-Sep-2026,1613,INE185E01021
FILATEX,EQ,77.1,78.45,75.65,77.72,78.1,76.72,1156499,89450374.84,04-Sep-2026,9620,INE816B01035
FINBUD,SM,128,133.1,128,133,133,128,11000,1433200.00,04-Sep-2026,7,INE0EDU01014
FINEORG,EQ,5178.5,5190,5136,5152,5143.5,5179.5,12034,62084103.00,04-Sep-2026,3756,INE686Y01026
FCL,EQ,48.68,52.1,48.6,51.51,51.7,48.41,20692198,1054990708.86,04-Sep-2026,50149,INE045J01034
FINKURVE,EQ,69.9,73.72,69.74,72.31,72.9,70.23,62572,4520996.08,04-Sep-2026,987,INE734I01027
FINOPB,EQ,140.25,142.9,138.5,139.33,139.1,140.23,82299,11510167.70,04-Sep-2026,1305,INE02NC01014
FINCABLES,EQ,1223.5,1254.9,1211,1220.2,1225,1272.9,1492429,1844900504.20,04-Sep-2026,48647,INE235A01022
FINPIPE,EQ,160,160,156,158.63,158.95,158.9,507087,80271974.78,04-Sep-2026,17238,INE183A01024
FSL,EQ,265.6,273.85,263.75,264.4,264,265.3,942732,252426174.90,04-Sep-2026,19537,INE684F01012
FISCHER,EQ,37.44,37.62,35.8,36.04,36.16,37.03,329518,11981060.90,04-Sep-2026,1374,INE771F01041
FIVESTAR,EQ,538,538,512.5,523.05,521.5,534.6,915369,475711854.90,04-Sep-2026,39792,INE128S01021
FLAIR,EQ,249.55,249.95,242.4,243.71,242.61,248.11,105224,25765499.79,04-Sep-2026,2424,INE00Y201027
FLEXITUFF,BE,2.4,2.4,2.28,2.29,2.29,2.4,98460,227104.68,04-Sep-2026,175,INE060J01017
FLYSBS,SM,632.45,651,620.1,635.6,631,625.25,68800,43631900.00,04-Sep-2026,221,INE0VCK01011
FWSTC,SM,187,187,175,175.15,177.2,197,52200,9157920.00,04-Sep-2026,18,INE0SQZ01015
FOCE,SM,487,487,487,487,487,512,480,233760.00,04-Sep-2026,2,INE0I7D01019
FOCUS,BE,64.5,64.65,62.8,63.37,63.63,63.9,58966,3730692.34,04-Sep-2026,431,INE593W01028
FONEBOX,SM,99.5,100,99.5,100,100,95.25,2000,199500.00,04-Sep-2026,2,INE0Q4701019
FOODSIN,EQ,56,57.9,54.72,57.37,57.69,56.06,89638,5094782.40,04-Sep-2026,1022,INE976E01023
FORCEMOT,EQ,17515,17857,17500,17500,17500,17500,47840,845617989.00,04-Sep-2026,13497,INE451A01017
FORGEAUTO,SM,105,105,105,105,105,100,15600,1638000.00,04-Sep-2026,11,INE0YKW01013
FORTIS,EQ,914,917.45,903.8,905,905,917.5,627470,570533027.85,04-Sep-2026,18123,INE061F01013
FOSECOIND,EQ,6372.5,6404,6216.5,6263,6259,6372.5,7937,49993214.50,04-Sep-2026,1992,INE519A01011
FRACTAL,EQ,819,830,817.2,825.45,828.1,817.4,216017,178015206.10,04-Sep-2026,15692,INE212S01015
FREDUN,EQ,1502.9,1517,1458,1470.7,1462.3,1488.3,15103,22472687.60,04-Sep-2026,1248,INE194R01017
FRESHARA,ST,440,440,417.8,425.7,423.75,439.75,49800,21026460.00,04-Sep-2026,74,INE0SFW01015
FROG,ST,264,275.95,255,257.65,255,265.9,31600,8398240.00,04-Sep-2026,73,INE385O01018
FRONTSP,EQ,1267.3,1305,1255.9,1291.8,1289.8,1269.8,21620,27883996.20,04-Sep-2026,2204,INE572D01014
NYKAA,EQ,332.15,336.15,332,332.5,332.5,334.2,2156326,720378897.80,04-Sep-2026,19333,INE388Y01029
UTLSOLAR,EQ,427.1,435.05,425.15,429.75,426.7,428.5,169583,72900266.70,04-Sep-2026,6902,INE12UR01024
FUSION,EQ,199.73,207,199.21,203.19,203,199.73,1385863,282727614.70,04-Sep-2026,18954,INE139R01012
FLFL,BZ,1.22,1.27,1.16,1.25,1.25,1.22,107261,128916.72,04-Sep-2026,79,INE452O01016
FEL,BZ,0.39,0.4,0.38,0.38,0.39,0.39,197550,77751.52,04-Sep-2026,97,INE623B01027
FELDVR,BZ,2.19,2.21,2.1,2.17,2.2,2.2,2115,4548.97,04-Sep-2026,26,IN9623B01058
FMNL,EQ,9.81,10.1,9.63,10.1,10.1,9.62,18463,182286.74,04-Sep-2026,90,INE360L01017
GMBREW,EQ,910,924.95,910,919.85,921.9,910.55,40347,37018983.65,04-Sep-2026,2783,INE075D01018
GRINFRA,EQ,878.95,878.95,865.6,869.1,866.9,871.1,8369,7284755.45,04-Sep-2026,1224,INE201P01022
GTECJAINX,BE,29,29.29,28,29.27,29.27,28.85,5483,159237.22,04-Sep-2026,23,INE586X01012
GABRIEL,EQ,1349,1368,1310.6,1353.2,1355.5,1345.8,208239,278851146.20,04-Sep-2026,19505,INE524A01029
GATECH,BE,0.91,0.91,0.91,0.91,0.91,0.95,6348637,5777259.67,04-Sep-2026,4662,INE224E01028
GATECHDVR,BE,0.51,0.52,0.48,0.48,0.51,0.5,424573,209804.29,04-Sep-2026,284,INE224E01036
GAIL,EQ,174.27,174.27,171.92,173.4,173.4,174.67,3878219,671267881.16,04-Sep-2026,25389,INE129A01019
GAJA,EQ,158,162.01,157.51,161.1,161.9,157.62,1327301,212552736.11,04-Sep-2026,15002,INE18UN01038
GAJANAND,SM,8,8.85,8,8.4,8.85,8.9,6000,50550.00,04-Sep-2026,2,INE0QTE01018
GALAPREC,EQ,1036.1,1038.9,1015.2,1024,1024.9,1026.2,21048,21595370.60,04-Sep-2026,1748,INE0RE001014
GML,SM,18,18.45,17.85,17.85,17.85,17.85,6000,108600.00,04-Sep-2026,3,INE09A801015
GALAXYSURF,EQ,2251.6,2273.9,2143.5,2165,2172.5,2251.6,43774,95516434.00,04-Sep-2026,8192,INE600K01018
GALLANTT,EQ,585,597.45,568.45,574,573.5,572.65,300142,174201650.90,04-Sep-2026,19112,INE297H01019
GANDHAR,EQ,268.4,269.05,261,267.6,268,267.4,860917,228796954.15,04-Sep-2026,10840,INE717W01049
GANDHITUBE,EQ,901.75,904.95,898,900.15,900,902.55,1700,1531667.55,04-Sep-2026,207,INE524B01027
GANESHBE,BE,123.29,125,121,123.23,123.99,121.18,82123,10123287.63,04-Sep-2026,369,INE388A01029
GANESHCP,EQ,169.79,176.98,168.47,174.46,173,168.82,117370,20374221.28,04-Sep-2026,2220,INE652V01016
GGBL,SM,221,224.65,219.05,222.9,222.9,221.85,18600,4110135.00,04-Sep-2026,50,INE0R8C01018
GANESHHOU,EQ,767.2,770,753.9,758.95,755,765.5,25372,19314914.70,04-Sep-2026,1619,INE460C01014
GANESHIN,ST,99.8,100,96.35,99,99,99.75,58400,5763840.00,04-Sep-2026,55,INE0TVT01024
GANECOS,EQ,1023.5,1023.5,962.5,999.9,1000,1015.4,331101,327988442.10,04-Sep-2026,28534,INE845D01014
GANGABATH,SM,20.8,20.8,20.15,20.3,20.3,20.75,30000,612300.00,04-Sep-2026,10,INE0ZI101018
GANGAFORGE,EQ,1.68,1.75,1.68,1.68,1.7,1.76,8689563,14659134.13,04-Sep-2026,2873,INE691Z01023
GANGESSECU,EQ,120.05,123.9,118.02,118.71,118.5,119.9,1203,144804.81,04-Sep-2026,85,INE335W01016
GRSE,EQ,2517.9,2564.4,2517.9,2533.2,2538,2509.8,299818,761866939.10,04-Sep-2026,19311,INE382Z01011
GARUDA,EQ,178.75,181.11,178,178.73,178.37,178.88,285751,51281893.14,04-Sep-2026,3997,INE0JVO01026
GRWRHITECH,EQ,7117.5,7155,7050,7086.5,7067,7100,35292,250673747.50,04-Sep-2026,8008,INE291A01017
GARFIBRES,EQ,800,813.25,792.9,800.55,795,800.05,15701,12549971.90,04-Sep-2026,3136,INE276A01018
GATEWAY,EQ,54.77,55.06,54.36,54.69,54.69,54.5,387773,21200363.53,04-Sep-2026,3207,INE079J01017
GAUDIUMIVF,BE,115.01,122,113,116.43,117.2,117.24,193356,22637756.53,04-Sep-2026,1472,INE0P8B01020
GAYAHWS,EQ,2,2.04,1.92,1.93,1.93,1.96,206145,402168.63,04-Sep-2026,316,INE287Z01012
GAYAPROJ,EQ,22.37,22.4,21.3,21.76,21.87,22.18,363836,8008720.03,04-Sep-2026,1808,INE336H01023
GRCL,SM,565,575,565,575,575,570.15,1250,708750.00,04-Sep-2026,4,INE0LVM01018
GVPIL,EQ,668,668,644.35,649.6,647,663.75,255215,167079974.15,04-Sep-2026,11937,INE878A01011
GVT&D,EQ,4352,4399.5,4304.3,4306.3,4306.3,4362,549760,2388436842.90,04-Sep-2026,49520,INE200A01026
GEECEE,BE,369.5,371,365.2,366.2,369.7,369.5,1125,415591.55,04-Sep-2026,27,INE916G01016
GEEKAYWIRE,EQ,29.9,30.1,29.39,29.61,29.7,29.39,127142,3756246.99,04-Sep-2026,850,INE669X01032
GEMAROMA,EQ,163.04,166.7,160,161.5,162.9,162.22,90914,14768858.33,04-Sep-2026,1692,INE06XZ01023
GICRE,EQ,343.65,361.3,341.6,358.45,359.1,356.15,4931565,1747092626.40,04-Sep-2026,51131,INE481Y01014
GENCON,EQ,42.5,45.37,42.45,44.63,45,42.36,345096,15235746.59,04-Sep-2026,1905,INE854S01022
GENESYS,EQ,222.63,234,222.62,230.88,232,222.63,475906,108556438.29,04-Sep-2026,7656,INE727B01026
GENSOL,BZ,17.15,17.89,17.01,17.28,17.3,17.17,49395,854207.15,04-Sep-2026,550,INE06H201014
GENUSPAPER,EQ,12.57,12.83,12.21,12.76,12.7,12.44,216963,2754825.86,04-Sep-2026,413,INE949P01018
GENUSPOWER,EQ,340.8,349.35,334.75,337.8,339.4,339.7,2486451,847296283.05,04-Sep-2026,50287,INE955D01029
GENXAI,SM,82,82.5,80.1,80.3,80.1,81.5,15600,1276860.00,04-Sep-2026,13,INE1W0N01014
GEOJITFSL,EQ,82.79,83.9,82.31,82.72,82.65,82.77,332909,27654227.90,04-Sep-2026,2910,INE007B01023
GFLLIMITED,EQ,59.69,63.89,58.9,62.81,63.3,58.65,497897,30851291.86,04-Sep-2026,4337,INE538A01037
GHCL,EQ,442.5,442.5,436.1,436.6,436.2,437.55,84548,37109193.45,04-Sep-2026,3129,INE539A01019
GHCLTEXTIL,EQ,139.23,139.85,135.05,136.72,136.71,138.02,424691,58143635.08,04-Sep-2026,5069,INE0PA801013
GICHSGFIN,EQ,142.06,143.64,139.6,140.45,140.29,142.06,172955,24399468.05,04-Sep-2026,2171,INE289B01019
GILLANDERS,EQ,103,105.06,101.75,103.19,104,104.73,1894,194538.27,04-Sep-2026,46,INE047B01011
GILLETTE,EQ,7340,7371,7300,7312.5,7322,7341,9291,68059653.00,04-Sep-2026,2909,INE322A01010
GINNIFILA,BE,43.79,43.79,41.56,42.57,42.97,43.17,55171,2352418.74,04-Sep-2026,171,INE424C01010
GIRIRAJ,SM,78,78.55,74.65,74.65,74.65,78.55,879500,65965762.50,04-Sep-2026,10,INE614Z01017
GKENERGY,EQ,129.55,131,128,128.96,129,129.55,264878,34182558.87,04-Sep-2026,3758,INE1AG301022
GKB,EQ,65,66,63.01,63.97,64,65.8,13013,841500.33,04-Sep-2026,30,INE265D01015
GKWLIMITED,EQ,1622,1622,1582,1610.9,1618.5,1600,154,246718.80,04-Sep-2026,26,INE528A01020
GLAND,EQ,2915,2969,2851.1,2932.4,2939.7,2907.9,2977808,8644188339.80,04-Sep-2026,106175,INE068V01023
GLAXO,EQ,2938.9,2972.8,2925.5,2958.1,2954,2937.5,48109,141980334.40,04-Sep-2026,7671,INE159A01016
GLENMARK,EQ,2454.5,2456.7,2422.7,2437.2,2437.2,2459,412728,1005401462.60,04-Sep-2026,25342,INE935A01035
GLOBAL,EQ,116.3,126.45,115.39,120.45,121,116.27,570402,69977133.93,04-Sep-2026,3953,INE291W01037
MEDANTA,EQ,1424.3,1491.8,1424.3,1469.8,1478,1417.3,470026,691398767.20,04-Sep-2026,55760,INE474Q01031
GLOBALPET,ST,163.85,165,163.85,165,165,157.15,20250,3339000.00,04-Sep-2026,21,INE0PS501019
GSLSU,EQ,27.02,28.37,27.02,28.37,28.37,27.02,31054,867167.25,04-Sep-2026,127,INE0JSX01015
GLOBALVECT,EQ,144,144,140.1,141.16,140.5,142.65,2436,345287.74,04-Sep-2026,151,INE792H01019
GLOBALE,EQ,11.38,11.5,10.86,11.39,10.9,11.38,18110,204152.92,04-Sep-2026,43,INE0URU01010
GLOBECIVIL,EQ,48.85,49.01,47.61,48.15,48.24,48.92,41613,2010136.05,04-Sep-2026,439,INE0V3U01015
GLOBE,EQ,1.93,1.94,1.87,1.89,1.9,1.91,440779,833950.26,04-Sep-2026,294,INE581X01021
GICL,EQ,24,24.9,23.33,24.6,24.64,24,162762,3956977.79,04-Sep-2026,479,INE947T01022
GSTL,SM,12.05,12.3,11.95,12,12,11.9,12000,145350.00,04-Sep-2026,11,INE00WS01056
GLOBUSSPR,EQ,919.65,919.65,910,914.3,915,919.65,46420,42449276.10,04-Sep-2026,2535,INE615I01010
GLOSTERLTD,EQ,599.7,599.7,590.25,596.5,595.95,590.75,323,193204.65,04-Sep-2026,26,INE350Z01018
GLOTTIS,EQ,62.2,63.21,62,62.1,62.03,62.31,33918,2106687.86,04-Sep-2026,469,INE0TQE01026
GMMPFAUDLR,EQ,1073.5,1175,1073.5,1147.9,1160,1073.5,1049404,1202920783.20,04-Sep-2026,54027,INE541A01023
GMRAIRPORT,EQ,96.86,97.98,96.3,97.45,97.45,96.87,9286457,903811495.83,04-Sep-2026,42822,INE776C01039
GMRP&UI,EQ,91.61,96.78,90.71,95.3,95.29,91.69,1966833,185567727.58,04-Sep-2026,12699,INE0CU601026
GNA,EQ,537,557,529.55,551.05,554,531.8,276542,151513510.85,04-Sep-2026,8707,INE934S01014
EBGNG,EQ,622,633.4,583,601.25,604,622.1,1005022,608153509.80,04-Sep-2026,40195,INE18JU01028
GODIGIT,EQ,256.4,261,254.4,258.3,261,257.85,203109,52337712.70,04-Sep-2026,4972,INE03JT01014
GOCOLORS,EQ,323.6,328.5,323.1,326.65,326,322.55,46077,15013860.85,04-Sep-2026,1320,INE0BJS01011
GOACARBON,EQ,377.1,381,372,378.45,375.15,375.25,9112,3430190.35,04-Sep-2026,697,INE426D01013
GOCLCORP,EQ,425,431,423,427.45,428.5,422.95,304041,129867324.45,04-Sep-2026,8667,INE077F01035
GODAVARIB,EQ,246.85,246.85,240.5,241.7,241.76,245.25,53060,12846511.88,04-Sep-2026,1221,INE497S01012
GPIL,EQ,239.9,243.86,238.89,240.67,240.41,239.9,985110,237575251.09,04-Sep-2026,15181,INE177H01039
GODFRYPHLP,EQ,2045,2073.3,2040,2051,2051,2045,100359,206251705.80,04-Sep-2026,9709,INE260B01028
GODREJAGRO,EQ,657,665.5,638.7,644.85,646,658.95,306292,198404603.20,04-Sep-2026,17174,INE850D01014
GODREJCP,EQ,878.65,880,866.1,878,878,880,1306185,1142588892.55,04-Sep-2026,24785,INE102D01028
GODREJIND,EQ,1157.8,1187.2,1152,1163.5,1173,1154.3,60778,71163269.50,04-Sep-2026,7015,INE233A01035
GODREJPROP,EQ,2000,2021.7,1971,1982,1982,2001.5,307319,612979602.30,04-Sep-2026,17479,INE484J01027
620GS2029,GS,100.2,100.2,100.2,100.2,100.2,99.75,7000,701400.00,04-Sep-2026,1,IN0020260058
664GS2027,GS,101.2,101.2,101.2,101.2,101.2,101.4,100,10120.00,04-Sep-2026,1,IN0020240167
679GS2031,GS,101.5,101.5,100.5,100.5,100.5,101,110,11065.00,04-Sep-2026,2,IN0020240191
679GS2034A,GS,99.93,99.93,99.93,99.93,99.93,99.88,199,19886.07,04-Sep-2026,1,IN0020240159
692GS2039,GS,97.02,97.02,97.02,97.02,97.02,99,500,48510.00,04-Sep-2026,1,IN0020240134
709GS2074,GS,95.6,95.8,95.6,95.6,95.6,95.41,1551,148478.60,04-Sep-2026,5,IN0020240142
574GS2026,GS,101.95,101.95,101.95,101.95,101.95,101.05,1,101.95,04-Sep-2026,1,IN0020210186
585GS2030,GS,98.5,98.5,98.5,98.5,98.5,94.09,501,49348.50,04-Sep-2026,2,IN0020200294
591GS2028,GS,100.05,100.7,100,100.69,100,99.78,15340,1544224.70,04-Sep-2026,6,IN0020250034
601GS2030,GS,98.5,98.5,98.5,98.5,98.5,99,19,1871.50,04-Sep-2026,1,IN0020250067
603GS2029,GS,100.47,100.47,100.47,100.47,100.47,98.5,100,10047.00,04-Sep-2026,1,IN0020250125
610GS2031,GS,97,97,97,97,97,99.99,200,19400.00,04-Sep-2026,1,IN0020210095
633GS2035,GS,99.2,99.3,99.2,99.3,99.3,99.3,199,19750.80,04-Sep-2026,2,IN0020250026
648GS2035,GS,100,100,100,100,100,100,10,1000.00,04-Sep-2026,1,IN0020250091
654GS2032,GS,100,100.16,100,100.16,100.16,100,17692,1769516.61,04-Sep-2026,10,IN0020210244
667GS2035,GS,100.2,100.2,100.2,100.2,100.2,104,799,80059.80,04-Sep-2026,1,IN0020210152
667GS2050,GS,93,93,93,93,93,92.5,1,93.00,04-Sep-2026,1,IN0020200252
668GS2033,GS,98.66,100,98.66,100,100,100,300,29791.00,04-Sep-2026,3,IN0020250133
668GS2040,GS,98.5,98.5,97.8,97.8,97.8,97.68,20102,1966047.00,04-Sep-2026,2,IN0020250042
676GS2061,GS,90.67,90.67,90.55,90.65,90.67,90.26,3797,344184.05,04-Sep-2026,15,IN0020200401
68GS2060,GS,91,91,91,91,91,91.45,990,90090.00,04-Sep-2026,3,IN0020200187
690GS2065,GS,93.99,93.99,93.7,93.74,93.7,93.29,17185,1612385.00,04-Sep-2026,19,IN0020250018
694GS2036,GS,103.13,103.13,102.2,102.2,102.2,102.11,108,11045.04,04-Sep-2026,2,IN0020260025
695GS2061,GS,94,94.7,94,94.7,94.7,94,2,188.70,04-Sep-2026,2,IN0020210202
702GS2027,GS,102,102,102,102,102,103,100,10200.00,04-Sep-2026,1,IN0020240043
704GS2029,GS,103,103,103,103,103,103,100,10300.00,04-Sep-2026,1,IN0020240050
706GS2028,GS,104,104.35,104,104.32,104.2,104.2,16100,1679360.00,04-Sep-2026,5,IN0020230010
706GS2041,GS,101,101,100.15,100.15,100.15,100.5,3990,401973.50,04-Sep-2026,3,IN0020260041
709GS2054,GS,95.95,96,95.6,95.98,95.98,95.7,12308,1180670.19,04-Sep-2026,10,IN0020240118
717GS2030,GS,103.81,103.81,103.81,103.81,103.81,103.8,10000,1038100.00,04-Sep-2026,3,IN0020230036
718GS2033,GS,101.97,101.97,101.97,101.97,101.97,103,100,10197.00,04-Sep-2026,1,IN0020230085
718GS2037,GS,102.53,103,102,102.8,102.8,102.53,38273,3922112.02,04-Sep-2026,36,IN0020230077
723GS2039,GS,104.58,104.58,104.58,104.58,104.58,104.58,100,10458.00,04-Sep-2026,1,IN0020240027
724GS2055,GS,97.4,97.4,96.8,96.82,96.84,97.3,16037,1554247.86,04-Sep-2026,55,IN0020250075
725GS2063,GS,96.86,97.14,96.71,96.98,96.97,96.83,266232,25815010.02,04-Sep-2026,150,IN0020230044
726GS2032,GS,103,103.4,102.75,103.4,103.4,103.05,2400,247440.00,04-Sep-2026,4,IN0020220060
726GS2033,GS,103.25,103.25,103.25,103.25,103.25,102.55,1600,165200.00,04-Sep-2026,2,IN0020220151
73GS2053,GS,98.85,98.85,98.78,98.85,98.85,98.77,54492,5384594.52,04-Sep-2026,29,IN0020230051
732GS2030,GS,103.61,104,103.61,104,104,102.57,200,20761.00,04-Sep-2026,2,IN0020230135
733GS2026,GS,102.11,102.11,102.11,102.11,102.11,102.11,200,20422.00,04-Sep-2026,2,IN0020230119
734GS2064,GS,99.48,99.48,98.6,98.85,98.85,98.88,127566,12619575.22,04-Sep-2026,95,IN0020240035
736GS2052,GS,101,101.35,101,101.15,101.15,101.5,31009,3138812.65,04-Sep-2026,33,IN0020220086
737GS2028,GS,104.3,106.58,104.3,106.47,106.58,106.58,3575,380400.22,04-Sep-2026,7,IN0020230101
74GS2062,GS,103,103,100.11,103,103,103.98,502,50261.00,04-Sep-2026,3,IN0020220094
741GS2036,GS,104.95,105.1,104.6,105,105,104.99,2022,212284.58,04-Sep-2026,11,IN0020220102
743GS2076,GS,99.75,99.89,99.51,99.83,99.85,99.75,14967,1494093.65,04-Sep-2026,37,IN0020250117
746GS2073,GS,100.55,101.5,100.48,101.5,101.5,101.49,101,10149.85,04-Sep-2026,4,IN0020230127
750GS2056,GS,100.55,102.25,100.55,102.24,102.25,101.57,4412,450602.00,04-Sep-2026,9,IN0020260017
754GS2036,GS,106.05,106.25,106.05,106.18,106.25,106.14,379689,40313098.06,04-Sep-2026,179,IN0020220029
771GS2066,GS,103.8,103.95,103.6,103.66,103.65,103.9,129820,13465699.89,04-Sep-2026,53,IN0020260033
1018GS2026,GS,105,105,104.7,104.96,104.96,105,5208,545533.64,04-Sep-2026,10,IN0020010081
710GS2029,GS,103.26,104,103.26,104,104,104.39,1089,112515.80,04-Sep-2026,3,IN0020220011
716GS2050,GS,102,102,102,102,102,102,15,1530.00,04-Sep-2026,1,IN0020200054
719GS2060,GS,99.6,99.6,99.6,99.6,99.6,99.02,25,2490.00,04-Sep-2026,1,IN0020200039
738GS2027,GS,102.63,102.75,102.62,102.62,102.62,102.56,29686,3046813.98,04-Sep-2026,19,IN0020220037
795GS2032,GS,106.4,106.4,106.4,106.4,106.4,104.86,200,21280.00,04-Sep-2026,1,IN0020020106
824GS2033,GS,108.46,108.46,108.46,108.46,108.46,109.75,2000,216920.00,04-Sep-2026,2,IN0020140052
824GS2027,GS,101.75,101.75,101.7,101.7,101.7,103.6,615,62575.50,04-Sep-2026,6,IN0020060078
832GS2032,GS,107,110,107,107.01,107.01,106.94,202,21914.01,04-Sep-2026,3,IN0020070044
897GS2030,GS,112.98,113,112,112.5,112.5,111.5,13236,1490628.23,04-Sep-2026,16,IN0020110055
92GS2030,GS,118.38,118.38,115,115.25,115.25,115.5,18736,2159402.19,04-Sep-2026,19,IN0020130053
182D100926,TB,99.33,99.33,99.33,99.33,99.33,97.52,1000,99330.00,04-Sep-2026,1,IN002025Y495
182D260227,TB,96.5,96.51,96.5,96.5,96.51,97,200,19301.00,04-Sep-2026,2,IN002026Y212
364D031226,TB,98.71,98.71,98.71,98.71,98.71,98,15000,1480650.00,04-Sep-2026,1,IN002025Z369
364D100627,TB,94.89,95.73,94.89,95.73,95.73,94.9,2800,266868.00,04-Sep-2026,2,IN002026Z102
364D110227,TB,96.9,96.9,96.9,96.9,96.9,96.9,100,9690.00,04-Sep-2026,1,IN002025Z450
364D110327,TB,96.33,96.5,96.33,96.5,96.5,96.1,200,19283.00,04-Sep-2026,2,IN002025Z492
364D130527,TB,95.33,95.93,95.33,95.93,95.93,95.03,400,38279.00,04-Sep-2026,3,IN002026Z060
364D231026,TB,98.9,98.9,98.9,98.9,98.9,98.7,500,49450.00,04-Sep-2026,1,IN002025Z302
364D251226,TB,97.56,97.56,97.55,97.55,97.55,96.35,3000,292675.00,04-Sep-2026,3,IN002025Z393
364D290427,TB,95.55,96,95.55,96,96,94.41,1800,172395.00,04-Sep-2026,2,IN002026Z045
364D291026,TB,98.51,98.85,98.51,98.85,98.85,99.09,1000,98680.00,04-Sep-2026,2,IN002025Z310
91D121126,TB,98.69,98.69,98.69,98.69,98.69,98.96,500,49345.00,04-Sep-2026,5,IN002026X198
91D170926,TB,99.74,99.74,99.67,99.67,99.67,99.67,1000,99712.00,04-Sep-2026,7,IN002026X115
91D221026,TB,99.08,99.2,99.08,99.2,99.2,98.75,4200,416616.00,04-Sep-2026,3,IN002026X164
91D291026,TB,99,99,99,99,99,99,10000,990000.00,04-Sep-2026,3,IN002026X172
GOKEX,EQ,768.5,802.5,768.5,789.2,786.9,767.65,472178,372784295.80,04-Sep-2026,16074,INE887G01027
GOKULAGRO,EQ,234.1,236.67,229.98,231.17,231.78,234.91,282521,65697773.37,04-Sep-2026,7042,INE314T01033
GOKUL,EQ,41.6,43.9,41.44,42.96,43.75,41.95,221325,9410437.60,04-Sep-2026,1596,INE020J01029
GOLDENTOBC,BZ,25,25,24,24.96,24.98,25,3366,83074.09,04-Sep-2026,41,INE973A01010
GOLDIAM,EQ,341.05,350,341.05,345.3,346,340.65,332390,114813773.50,04-Sep-2026,7831,INE025B01025
GOLDKART,SM,102,102,102,102,102,100,1250,127500.00,04-Sep-2026,1,INE06MH01016
GOODLUCK,EQ,468.95,480,468.1,472.9,472.4,469.4,455214,215784018.90,04-Sep-2026,9833,INE127I01024
GOODYEAR,EQ,733.1,748,733.1,741.5,740.2,736.7,2498,1853276.85,04-Sep-2026,276,INE533A01012
GOPAL,EQ,267.45,267.5,263.8,265.1,266,265.4,84409,22380137.45,04-Sep-2026,6321,INE0L9R01028
GOYALALUM,EQ,6.31,6.45,6.16,6.22,6.27,6.31,74465,466947.27,04-Sep-2026,368,INE705X01026
GOYALSALT,SM,106,106,105,105,105,106.5,1800,190200.00,04-Sep-2026,3,INE0QFE01017
GPECO,ST,423,443.4,423,441.55,441,422.3,32800,14438120.00,04-Sep-2026,129,INE0S7E01015
GULFPETRO,BE,66.82,66.82,64.5,65.91,65.99,66.82,51859,3414364.74,04-Sep-2026,279,INE586G01017
GPTHEALTH,EQ,153.29,159,151.96,158.17,158.9,153.68,259291,40487627.52,04-Sep-2026,3723,INE486R01017
GPTINFRA,EQ,110.87,113.3,110.5,112.1,111.11,110.88,108936,12166028.41,04-Sep-2026,1779,INE390G01014
GRADIENTE,EQ,2.77,2.8,2.65,2.71,2.7,2.67,1829209,4999974.07,04-Sep-2026,462,INE361K01017
GCHOTELS,ST,96.9,101.9,95.2,99.85,99.85,98.25,19800,1946460.00,04-Sep-2026,33,INE12E301017
GRANDOAK,EQ,35.85,36.7,34.48,34.84,36.4,34.98,4351,153815.07,04-Sep-2026,320,INE926B01016
GRANULES,EQ,853,863.6,838.6,848.3,849.8,853.85,1172635,994732689.50,04-Sep-2026,27025,INE101D01020
GRAPHISAD,SM,26.1,26.6,25.1,25.5,25.5,25.6,10800,276600.00,04-Sep-2026,9,INE0POU01017
GRAPHITE,EQ,721.8,740.3,714.65,733.6,735,721.3,1066661,778683437.65,04-Sep-2026,27873,INE371A01025
GRASIM,EQ,3318.9,3332.6,3268.1,3322,3322,3310,892704,2961317292.40,04-Sep-2026,43703,INE047A01021
GRAUWEIL,EQ,70.61,71.99,70.05,70.59,71,70.84,175799,12475890.65,04-Sep-2026,2714,INE266D01021
GRAVISSHO,EQ,28.7,29.5,28.66,29.4,29.4,29.6,329,9648.38,04-Sep-2026,8,INE214F01026
GRAVITA,EQ,1684.8,1696.6,1615.1,1661.6,1668.9,1684.8,442686,730139705.60,04-Sep-2026,45023,INE024L01027
GREAVESCOT,EQ,193.5,197.07,193.21,195.56,195,194.78,467649,91205437.89,04-Sep-2026,8117,INE224A01026
GREENCHEF,SM,68,71.5,66.2,66.2,66.2,66.5,32000,2227560.00,04-Sep-2026,40,INE0O7P01015
GREENLAM,EQ,244.17,244.59,241.02,242.62,243.01,244.17,14287,3466599.62,04-Sep-2026,570,INE544R01021
GREENLEAF,ST,112.35,115.4,112.35,115,115,110,4000,457750.00,04-Sep-2026,4,INE0PLX01017
GREENPANEL,EQ,159.2,162,157.3,158.32,158.64,157.62,268737,42783562.45,04-Sep-2026,4915,INE08ZM01014
GREENPLY,EQ,292.1,307.9,292.1,304.7,305.9,293,387224,117191688.65,04-Sep-2026,6481,INE461C01038
GCSL,EQ,592,596.85,577.7,595.15,595.6,586.7,726731,427375209.70,04-Sep-2026,8753,INE199P01028
GRETEX,SM,247,247,235.5,237,237,247.5,3000,724875.00,04-Sep-2026,4,INE985P01012
GRINDWELL,EQ,1982.5,1997.3,1955,1962.5,1985,1974.4,10248,20246520.90,04-Sep-2026,2912,INE536A01023
GRMOVER,EQ,85.82,88.15,85.46,87.53,87.98,85.81,1151167,99389652.36,04-Sep-2026,4874,INE192H01020
GJL,ST,239,259.05,239,251,251,246.75,76800,18796240.00,04-Sep-2026,49,INE1TY801010
CEMNTGROWW,EQ,14.79,14.79,14.52,14.66,14.67,14.64,63765,934484.69,04-Sep-2026,335,INF666M01PH7
GROWWCAPM,EQ,11.49,11.57,11.33,11.44,11.49,11.33,279688,3203246.73,04-Sep-2026,643,INF666M01MM4
GROWWCHEM,EQ,30.19,30.68,30.1,30.24,30.32,30.19,4453571,134847615.02,04-Sep-2026,392,INF666M01NP5
GROWWDEFNC,EQ,97.1,98,96.76,97.42,97.44,96.61,231792,22607324.02,04-Sep-2026,2351,INF666M01IO8
GROWWEV,EQ,32.82,32.82,32.18,32.37,32.46,32.57,259593,8406959.14,04-Sep-2026,2060,INF666M01IH2
GROWWGOLD,EQ,14.98,15.21,14.93,15.03,15.04,14.91,2159184,32467292.80,04-Sep-2026,4385,INF666M01OE7
GROWWHOSPI,EQ,52.11,52.59,51.77,51.83,51.92,52.06,303066,15747274.39,04-Sep-2026,859,INF666M01OD9
GROWWLIQID,EQ,110.65,110.65,110.64,110.64,110.65,110.6,649969,71914211.71,04-Sep-2026,224,INF666M01IP5
GROWWLOVOL,EQ,10.5,10.5,10.24,10.3,10.31,10.34,4721,48573.11,04-Sep-2026,144,INF666M01LB9
GROWWMC150,EQ,233.72,233.72,231.63,233.51,233.72,233.72,303,70660.52,04-Sep-2026,34,INF666M01MV5
GROWWMETAL,EQ,12.48,12.77,12.32,12.72,12.68,12.48,467942,5918741.22,04-Sep-2026,1502,INF666M01NI0
GROWWMOM50,EQ,11.17,11.17,10.92,10.99,11,11.02,277790,3050260.73,04-Sep-2026,564,INF666M01KJ4
GROWWN200,EQ,11.04,11.53,11.04,11.34,11.36,11.33,29513,334380.22,04-Sep-2026,209,INF666M01JV1
GROWWNET,EQ,10.95,10.95,10.63,10.86,10.87,10.79,490430,5325755.49,04-Sep-2026,576,INF666M01LI4
GROWWNIFTY,EQ,9.65,9.76,9.65,9.68,9.69,9.66,684423,6629481.51,04-Sep-2026,3382,INF666M01LL8
GROWWNXT50,EQ,73.99,73.99,72.81,73.45,73.45,73.45,2293,168396.21,04-Sep-2026,74,INF666M01LZ8
GROWWPOWER,EQ,11.32,11.39,11.25,11.33,11.38,11.32,2199856,24884246.12,04-Sep-2026,2548,INF666M01LM6
GROWWPSE,EQ,97.3,99.48,95.9,98.3,98.44,97.89,4944,484934.92,04-Sep-2026,132,INF666M01NQ3
GROWWPSUBK,EQ,86.48,86.48,85.01,85.88,86,85.33,1830,157370.66,04-Sep-2026,108,INF666M01OG2
GROWWRAIL,EQ,28.19,28.22,27.85,28.08,28.09,28.05,2704363,75974798.64,04-Sep-2026,2019,INF666M01JJ6
GROWWRLTY,EQ,10.3,10.34,10.15,10.21,10.23,10.2,161707,1658220.63,04-Sep-2026,474,INF666M01MN2
GROWWSC250,EQ,10.72,10.72,10.6,10.69,10.67,10.66,100126,1070514.38,04-Sep-2026,522,INF666M01MO0
GROWWSLVR,EQ,22.81,22.94,22.69,22.83,22.83,22.55,1486031,33925366.74,04-Sep-2026,3142,INF666M01OF4
PVTBKGROWW,EQ,28.19,28.19,27.69,27.92,27.7,27.74,7168,200408.47,04-Sep-2026,114,INF666M01OT5
SMALLGROWW,EQ,39.41,49.79,39.41,49.06,49.05,48.96,6170,302441.74,04-Sep-2026,93,INF666M01PG9
GRPLTD,EQ,1998.2,2019,1959,2013,2010,1979.7,1281,2568607.10,04-Sep-2026,217,INE137I01015
GSMFOILS,SM,111.15,111.15,111.15,111.15,111.15,117,13500,1500525.00,04-Sep-2026,18,INE0SQY01018
GSPCROP,EQ,627,627.6,616,619.25,619.2,625.9,119185,73955457.95,04-Sep-2026,2145,INE713R01022
GSS,EQ,11.75,11.75,10.73,11.03,11.05,11.16,198815,2198602.38,04-Sep-2026,369,INE871H01011
GTLINFRA,EQ,1.17,1.17,1.14,1.16,1.17,1.16,35008053,40512071.99,04-Sep-2026,12244,INE221H01019
GTL,EQ,7.21,7.34,7.07,7.11,7.15,7.2,293515,2098866.94,04-Sep-2026,698,INE043A01012
GTPL,EQ,58.5,59.5,57.51,58.67,58.95,57.93,87796,5145108.83,04-Sep-2026,928,INE869I01013
GUFICBIO,EQ,440.5,447.2,437.15,444.9,446,439.35,88007,38954990.20,04-Sep-2026,3472,INE742B01025
GIPCL,EQ,208.9,208.9,204.26,205.18,205.51,208.04,400260,82405245.46,04-Sep-2026,6911,INE162A01010
GNFC,EQ,588.9,599,585.6,596.7,598,587.35,791924,469763958.30,04-Sep-2026,18983,INE113A01013
GSFC,EQ,162.73,165.85,162.02,162.88,162.95,161.86,1107016,181048546.95,04-Sep-2026,12987,INE026A01025
GUJAPOLLO,EQ,350.1,365,343.85,355.95,357.95,347.95,12193,4334116.25,04-Sep-2026,416,INE826C01016
GUJALKALI,EQ,728.5,736,715.1,721.6,720.5,722.85,109374,79663202.60,04-Sep-2026,9119,INE186A01019
GAEL,EQ,170.88,171.2,167.2,167.81,167.5,170.88,466226,78434013.70,04-Sep-2026,8584,INE036B01030
GUJENERGY,EQ,264.11,268.36,262.14,263.59,263.45,264.1,3952971,1047510016.27,04-Sep-2026,52229,INE844O01030
FLUOROCHEM,EQ,4839.3,4850,4461.1,4554,4565,4694.6,473510,2186635509.10,04-Sep-2026,77614,INE09N301011
GKSL,EQ,172.88,175.09,171.51,172.81,173,171.51,238346,41302033.61,04-Sep-2026,3887,INE0V0W01025
GLFL,EQ,5.64,5.8,5.55,5.8,5.8,5.66,4293,24874.60,04-Sep-2026,17,INE540A01017
GMDCLTD,EQ,566.2,570.75,561,562.95,563,565.85,503162,284277700.30,04-Sep-2026,15769,INE131A01031
GNRL,EQ,97.6,101.2,96.9,99.27,100.9,96.72,185644,18251793.36,04-Sep-2026,1776,INE207H01018
GPPL,EQ,165.5,165.83,160.81,161.62,162.18,165.43,1293533,209947747.59,04-Sep-2026,22993,INE517F01014
GUJRAFFIA,EQ,41.2,41.2,41,41,41,41.3,106,4355.00,04-Sep-2026,9,INE610B01024
GUJTHEM,EQ,428.7,433.85,408.5,411.35,412,425.1,605159,251461658.80,04-Sep-2026,15623,INE942C01045
GULFOILLUB,EQ,1089.9,1089.9,1054.5,1067.8,1074,1112.5,157655,168462242.30,04-Sep-2026,12754,INE635Q01029
GULPOLY,EQ,186.27,188.01,184.42,186.01,187.19,186.27,133134,24735317.56,04-Sep-2026,2261,INE255D01024
GURUNANAK,SM,34,36.9,33.4,36.9,36.9,35.15,28800,1009360.00,04-Sep-2026,18,INE1CCX01012
GVKPIL,BE,2.08,2.09,2.05,2.08,2.09,2.05,561750,1167764.30,04-Sep-2026,681,INE251H01024
GVPTECH,BE,8.5,8.59,8,8.05,8.13,8.25,90191,731656.40,04-Sep-2026,388,INE382T01030
GYFTR,EQ,182.22,186.38,180.01,182.54,181.01,180.23,27733,5082636.06,04-Sep-2026,629,INE724A01017
HBESD,EQ,75,76.9,75,75.1,75.1,75,1075,80767.80,04-Sep-2026,22,INE640B01021
HGINFRA,EQ,479.35,484,475,482,480,479.9,49859,23941751.90,04-Sep-2026,2622,INE926X01010
HALDER,EQ,282,295,282,293.5,294,284.9,26009,7592634.25,04-Sep-2026,398,INE115S01010
HALDYNGL,BE,146.6,149.25,145.1,147.7,147.1,144.65,40259,5933099.21,04-Sep-2026,352,INE506D01020
HALEOSLABS,EQ,1509.4,1509.4,1441,1451.3,1443,1482.1,5164,7528865.90,04-Sep-2026,100,INE320X01016
HAMPTON,EQ,8.06,8.3,7.8,7.86,8.09,8.1,9884,79438.87,04-Sep-2026,114,INE299D01022
HGM,EQ,51.6,54.05,50.55,52.63,53.3,51.54,31154,1653057.47,04-Sep-2026,287,INE596H01014
HAPPSTMNDS,EQ,355,358,352.6,354,353.5,353.95,1122676,397957557.20,04-Sep-2026,20317,INE419U01012
HAPPYFORGE,EQ,2265.1,2306.2,2226.6,2238.5,2240,2294.4,69563,156763624.90,04-Sep-2026,15374,INE330T01021
HAPPY,SM,87,93,82.65,89.65,90,86.65,116000,10225300.00,04-Sep-2026,54,INE1GFG01011
HARDWYN,EQ,9.11,9.35,8.99,9.13,9.1,9.11,1626111,14878930.00,04-Sep-2026,1141,INE626Z01029
HARIOMPIPE,EQ,357.5,364.6,352.75,359.2,359,355.45,113348,40573518.20,04-Sep-2026,3478,INE00EV01017
HRYNSHP,EQ,99,102,99,101.36,99.15,100.75,434,43310.20,04-Sep-2026,46,INE400G01011
HARRMALAYA,EQ,193,195.49,190.92,192.72,193.5,191.2,7134,1378402.85,04-Sep-2026,196,INE544A01019
HARSHA,EQ,451.35,457.1,447.3,454.35,455.8,451.05,132144,59874447.90,04-Sep-2026,5837,INE0JUS01029
HATHWAY,EQ,10.26,10.58,10.26,10.52,10.53,10.26,1819906,18944933.60,04-Sep-2026,1933,INE982F01036
HATSUN,EQ,1159.9,1185,1124.9,1168.8,1161.5,1160.8,65825,76284092.70,04-Sep-2026,5965,INE473B01035
HAVELLS,EQ,1178,1178,1149.7,1154,1154,1200,2840527,3291908157.40,04-Sep-2026,94606,INE176B01034
HAWKINCOOK,EQ,8338,8471,8225,8406.5,8358,8297,1806,15057021.00,04-Sep-2026,707,INE979B01015
HAZOOR,EQ,19.4,19.9,18.52,19.13,19.09,19.28,1290374,25215476.94,04-Sep-2026,1060,INE550F01049
HBPOR,EQ,59.66,60,58.26,58.38,58.36,59.66,115,6739.96,04-Sep-2026,10,INE638B01025
HBSL,EQ,54,55.93,54,54.91,55.29,54.5,1337,73313.46,04-Sep-2026,33,INE550B01022
HBLENGINE,EQ,668.5,724,667,695.75,695,665.55,14312325,10122587437.10,04-Sep-2026,270164,INE292B01021
HCL-INSYS,EQ,10.32,10.39,9.93,10.1,10.1,10.14,702510,7051191.27,04-Sep-2026,1092,INE236A01020
HCLTECH,EQ,1324.9,1331.4,1291.2,1293.4,1293.4,1319,2210569,2884545119.50,04-Sep-2026,71268,INE860A01027
HDBFS,EQ,693.45,705,680.05,682.7,682.35,693.45,366577,253453839.45,04-Sep-2026,17760,INE756I01012
HDFCAMC,EQ,2511.3,2517.8,2456,2458.3,2458.3,2510.8,844970,2093000834.40,04-Sep-2026,58081,INE127D01025
HDFCBANK,EQ,708.35,716.5,708.35,712.1,712.1,706.65,14488024,10338145691.25,04-Sep-2026,202544,INE040A01034
HDFCGOLD,EQ,132.5,133.62,130.72,131.45,131.4,130.37,3350795,440624127.60,04-Sep-2026,9122,INF179KC1981
HDFCLIFE,EQ,533.7,548,533.3,546.4,546.4,533.5,6016219,3266041841.30,04-Sep-2026,59921,INE795G01014
HDFCBSE500,EQ,38.48,38.48,37.42,37.56,37.62,37.73,862356,32375017.17,04-Sep-2026,224,INF179KC1EZ4
HDFCGROWTH,EQ,118.04,119.87,118.04,118.29,118.69,118.68,55143,6523701.61,04-Sep-2026,150,INF179KC1DJ0
HDFCLIQUID,EQ,1076.75,1076.77,1076.73,1076.75,1076.75,1076.39,14831,15969457.79,04-Sep-2026,41,INF179KC1JG3
HDFCLOWVOL,EQ,20.55,20.6,20.45,20.48,20.6,20.55,3372,69074.09,04-Sep-2026,80,INF179KC1HU8
HDFCMID150,EQ,23.78,23.78,23.45,23.5,23.48,23.53,422354,9933419.53,04-Sep-2026,1296,INF179KC1HT0
HDFCMOMENT,EQ,30.45,31.19,30.45,30.99,31.15,31.07,97334,3017635.24,04-Sep-2026,563,INF179KC1HV6
HDFCNEXT50,EQ,75.05,75.06,74.5,74.75,74.5,74.64,201831,15093455.03,04-Sep-2026,646,INF179KC1HS2
HDFCNIF100,EQ,25.94,26.08,25.89,25.93,26.08,25.94,17792,461932.21,04-Sep-2026,227,INF179KC1HR4
HDFCNIFBAN,EQ,60.65,60.65,59.08,59.22,59.31,59.18,123216,7304775.91,04-Sep-2026,473,INF179KC1HY0
HDFCNIFIT,EQ,33.32,33.43,32.81,32.86,32.97,33,128067,4219689.80,04-Sep-2026,212,INF179KC1IA8
HDFCNIFTY,EQ,271.02,271.42,269.8,270.3,270.05,269.79,140738,38102226.67,04-Sep-2026,900,INF179KC1965
HDFCNIMEG,EQ,131.73,133.99,131.5,133.56,133.99,131.49,46678,6214643.23,04-Sep-2026,163,INF179KC1KT4
HDFCPVTBAN,EQ,29.01,29.01,28.18,28.39,28.27,28.31,143631,4084255.15,04-Sep-2026,318,INF179KC1HZ7
HDFCQUAL,EQ,58.87,58.93,58.5,58.65,58.77,58.52,2788,163723.22,04-Sep-2026,69,INF179KC1DL6
HDFCSENSEX,EQ,86.67,87.59,86.67,87.15,87.27,86.75,23630,2059743.13,04-Sep-2026,447,INF179KC1HX2
HDFCSILVER,EQ,215,223.71,215,222.7,222.62,220.08,2287210,509369084.56,04-Sep-2026,8666,INF179KC1DI2
HDFCSML250,EQ,187.49,187.49,186.26,186.65,186.3,186.26,738277,137887480.64,04-Sep-2026,12380,INF179KC1FB2
HDFCVALUE,EQ,125.5,126.24,125.43,125.88,126.24,125.5,1613,203008.72,04-Sep-2026,75,INF179KC1DK8
HDFCPSUBK,EQ,86.57,87.11,86.03,86.16,86.49,86.33,44418,3845675.58,04-Sep-2026,218,INF179KC1HW4
HEADSUP,EQ,6.63,7.5,6.62,7.21,7.1,6.69,52608,384627.88,04-Sep-2026,124,INE759V01019
HEALTHX,EQ,295,303.7,289,300.3,301.5,292.05,17264,5103394.60,04-Sep-2026,414,INE019J01013
HCG,EQ,707.8,718.25,698.1,700.2,703.95,703.45,65274,46237662.25,04-Sep-2026,4683,INE075I01017
HECPROJECT,EQ,121.78,121.78,115.05,117.78,119,121.34,8085,950572.23,04-Sep-2026,102,INE558R01013
HEG,EQ,709,744.9,695.8,728.25,725.5,707.45,2565950,1848150773.15,04-Sep-2026,51535,INE545A01024
HEIDELBERG,EQ,158.3,160.89,158.3,160.17,160,158.19,218319,34919501.24,04-Sep-2026,3811,INE578A01017
HEMIPROP,EQ,125.93,127.77,125.91,126.55,126.3,125.93,269289,34091612.19,04-Sep-2026,2431,INE0AJG01018
HERANBA,EQ,175.9,177.99,173.3,173.83,173.6,175.93,13651,2387268.75,04-Sep-2026,802,INE694N01015
HERITGFOOD,EQ,373.4,384.7,369.1,382.35,381,371.55,1034903,392493886.55,04-Sep-2026,16079,INE978A01027
HEROMOTOCO,EQ,5319,5322.5,5260,5300,5300,5308.5,607423,3218068838.00,04-Sep-2026,52796,INE158A01026
HESTERBIO,EQ,2199.9,2540.9,2170,2405.4,2391,2201.7,93542,229059408.20,04-Sep-2026,8472,INE782E01017
HEXATRADEX,EQ,160,160,157,157.65,158,158,1741,275303.83,04-Sep-2026,52,INE750M01017
HEXAGON,BE,66.6,67.75,65.25,67.23,67.05,66.42,102191,6829003.53,04-Sep-2026,639,INE0JUI01012
HEXT,EQ,531.7,541,524,528.6,531,529.1,192374,101986205.45,04-Sep-2026,9496,INE093A01041
HFCL,BE,226,231.44,225,231.44,231.44,220.42,4395650,1012860693.07,04-Sep-2026,10733,INE548A01028
HIGREEN,SM,123,125,119.25,124,124,122.55,7200,881440.00,04-Sep-2026,9,INE0PIC01017
HITECH,EQ,75.45,76.34,74.25,75.77,75.8,75.15,1169763,87856663.01,04-Sep-2026,12087,INE106T01025
HILINFRA,EQ,44.68,45.4,44.2,44.45,44.52,44.68,36577,1628655.64,04-Sep-2026,410,INE00RL01028
HIKAL,EQ,234,236.74,220.1,222.3,222.9,240.36,5359400,1229709067.34,04-Sep-2026,59686,INE475B01022
HILTON,EQ,18.99,18.99,18.5,18.63,18.69,18.71,83646,1563536.59,04-Sep-2026,327,INE788H01017
HSCL,EQ,664.4,674.65,660.75,671.05,670.6,662,2597175,1735693577.20,04-Sep-2026,31607,INE019C01026
HIMATSEIDE,EQ,70.42,71.89,70.25,71.51,71.71,70.32,358084,25483332.22,04-Sep-2026,3631,INE049A01027
HINDALUMI,EQ,97,100.7,95.2,97.43,98.9,97.5,3024,294835.45,04-Sep-2026,128,INE227B01019
HINDALCO,EQ,1012.9,1020.8,1005,1011,1011,1010,3682428,3733979952.20,04-Sep-2026,93460,INE038A01020
HINDCON,EQ,25.19,25.19,23,23.9,23.98,24.28,42853,1032185.89,04-Sep-2026,345,INE642Y01029
HPIL,EQ,118.7,125.08,114.4,123.75,122.5,122.01,1499,182164.13,04-Sep-2026,44,INE05X901010
HGS,EQ,393,409,391.05,399.25,401,393,9933,3920965.60,04-Sep-2026,525,INE170I01016
HINDADH,EQ,383.75,383.75,363.25,370.9,372.9,370.85,517,192671.35,04-Sep-2026,52,INE074C01013
HAL,EQ,4831,4936,4817.4,4856,4856,4765.6,1399667,6851018941.70,04-Sep-2026,77137,INE066F01020
HINDCOMPOS,EQ,392.1,415,392.1,394.85,392.1,393.1,5640,2252730.35,04-Sep-2026,319,INE310C01029
HCC,EQ,23.06,23.54,22.9,22.98,22.97,23.13,20266993,468445826.53,04-Sep-2026,21413,INE549A01026
HINDCOPPER,EQ,522.15,523.95,518,521.65,521.7,518.5,3802351,1979833441.60,04-Sep-2026,45647,INE531E01026
HNDFDS,EQ,626.9,631.5,609.5,615.05,610.5,626.9,133631,82055114.50,04-Sep-2026,10581,INE254N01026
HMVL,BE,87.5,88,84,84.28,85,86.49,15089,1282426.11,04-Sep-2026,117,INE871K01015
HINDOILEXP,EQ,183,188,180.15,185,184.99,184.38,1959249,358064622.55,04-Sep-2026,18993,INE345A01011
HINDPETRO,EQ,359.9,360.05,355.55,356.5,356.5,361.35,3155139,1127620802.00,04-Sep-2026,28717,INE094A01015
HINDUNILVR,EQ,1967,1984.2,1950.4,1973.4,1973.4,1962,2247162,4433834276.90,04-Sep-2026,122231,INE030A01027
HINDZINC,EQ,598,603,592,601,601,587.95,4650039,2777865106.70,04-Sep-2026,42173,INE267A01025
HINDWAREAP,EQ,187,187.24,181,182.61,181.2,185.82,113928,20844298.27,04-Sep-2026,2584,INE05AN01011
HIRECT,EQ,1236,1249.7,1220.4,1222.4,1220.4,1235.8,18689,22997508.30,04-Sep-2026,1863,INE835D01023
HISARMETAL,EQ,163.89,166.01,161.6,162.19,162.5,162.81,964,157551.60,04-Sep-2026,56,INE598C01011
POWERINDIA,EQ,32000,32195,31545,31650,31650,32000,83443,2648166720.00,04-Sep-2026,30096,INE07Y701011
HITECHCORP,BE,339.85,339.85,330.1,337,337,337,6573,2200592.55,04-Sep-2026,63,INE120D01012
HLEGLAS,EQ,320.05,343,320.05,333.65,333.5,320.05,605651,200563938.60,04-Sep-2026,12941,INE461D01028
HLVLTD,EQ,6.54,6.74,6.34,6.48,6.49,6.41,143901,939291.47,04-Sep-2026,471,INE102A01024
HMAAGRO,EQ,20.9,21.15,20.8,20.84,20.91,20.93,314281,6559067.14,04-Sep-2026,1515,INE0ECP01024
HMT,BZ,69.99,69.99,65.7,66.91,67.15,69.07,31667,2156285.35,04-Sep-2026,244,INE262A01018
HOACFOODS,ST,965,1010,959.95,1009.95,1009.9,965,6375,6262706.25,04-Sep-2026,17,INE0S6S01017
HOLMARC,SM,107,107,102,105.05,105.05,104.95,16500,1712775.00,04-Sep-2026,19,INE0LXA01019
HOMEFIRST,EQ,1201.4,1229,1196,1210.1,1210,1201.4,128463,155979862.90,04-Sep-2026,15823,INE481N01025
HONASA,EQ,480.25,492.6,468.8,471.05,470,477.05,996548,477488987.90,04-Sep-2026,24279,INE0J5401028
HONDAPOWER,EQ,1986.4,2036,1976,2024.6,2025,1986.4,2712,5434695.30,04-Sep-2026,512,INE634A01018
HONAUT,EQ,35265,35870,35265,35655,35600,35265,1792,63859995.00,04-Sep-2026,1177,INE671A01010
HORIZONIND,EQ,55.49,55.99,54.6,55.13,54.85,55.69,6411837,351834248.97,04-Sep-2026,22902,INE685T01010
HDIL,BZ,1.51,1.54,1.47,1.47,1.49,1.51,144902,217174.78,04-Sep-2026,170,INE191I01012
HPAL,EQ,36.2,36.49,34.7,35.58,35.85,35.4,59982,2150293.18,04-Sep-2026,717,INE0GSL01024
HPL,EQ,304.4,308,300.6,304.15,305.7,303.25,97614,29723792.65,04-Sep-2026,3297,INE495S01016
HRHNEXT,SM,25,25.4,25,25.4,25.4,24.8,18000,456600.00,04-Sep-2026,3,INE0R3501012
HSBCGOLD,EQ,134.02,134.31,133.31,133.81,133.31,132.53,29190,3910736.33,04-Sep-2026,291,INF336L01RX2
HUDCO,EQ,181.96,181.96,179.82,180.52,180.5,181.07,946223,170877097.07,04-Sep-2026,13982,INE031A01017
HTMEDIA,EQ,26.56,26.9,26.06,26.12,26.3,26.56,43144,1135940.64,04-Sep-2026,334,INE501G01024
HUBTOWN,EQ,192,197.48,188.3,189.26,189.98,192.2,598031,114247996.29,04-Sep-2026,6200,INE703H01016
HUHTAMAKI,EQ,258.95,260.4,252,255,255.45,258.2,125656,32031661.25,04-Sep-2026,3335,INE275B01026
HVAX,SM,667,667,667,667,667,669.95,150,100050.00,04-Sep-2026,1,INE0TO501019
HTEL,BE,74.5,75.9,71.1,73.65,73.75,74.73,1652363,120943196.18,04-Sep-2026,8570,INE0LEG01024
HYBRIDFIN,BE,16.8,17.25,16.42,16.67,16.55,16.6,7267,120666.60,04-Sep-2026,49,INE965B01022
HYUNDAI,EQ,2152,2214.5,2150.7,2205,2205,2152,531330,1164538315.30,04-Sep-2026,36779,INE0V6F01027
IGPL,EQ,553.5,572,550.05,567.4,568.25,548.85,200277,112956198.85,04-Sep-2026,5882,INE204A01010
ISTLTD,EQ,672.75,675,650,654.55,650,659.55,357,236776.60,04-Sep-2026,46,INE684B01029
IBLFL,SM,58,58,58,58,58,60.9,2000,116000.00,04-Sep-2026,1,INE0O7401018
ICELCO,SM,120.1,124,118.05,119.05,119.05,119.25,91200,10977180.00,04-Sep-2026,24,INE0XE501015
ICDSLTD,EQ,70,71.45,66.2,71.45,71.45,64.96,53177,3744800.90,04-Sep-2026,575,INE613B01010
ICEMAKE,EQ,739.25,743.7,734.45,738.6,739,739.25,7174,5297857.40,04-Sep-2026,616,INE520Y01019
ICICIBANK,EQ,1432.1,1438.3,1421.4,1423.2,1423.2,1430,6693889,9566874557.40,04-Sep-2026,100896,INE090A01021
ICICIGI,EQ,1521.7,1533.8,1507.4,1510,1510,1521.7,824875,1250112822.80,04-Sep-2026,25036,INE765G01017
LOWVOLIETF,EQ,22.13,22.13,21.91,21.98,22.01,21.98,1319509,29099069.84,04-Sep-2026,1115,INF109KC19U5
ICICIPRULI,EQ,495.05,503.15,492.1,494.55,494.55,495.05,962782,479415949.85,04-Sep-2026,34371,INE726G01019
MIDSELIETF,EQ,19.92,20.05,19.88,19.93,19.89,19.92,137616,2747548.82,04-Sep-2026,608,INF109KC10W0
NIF100IETF,EQ,28.14,28.14,27.95,28.05,28.07,27.93,44315,1241100.30,04-Sep-2026,1146,INF109KC16V9
NIFTYIETF,EQ,272.23,272.4,270.51,271.88,271.73,270.98,315336,85766435.76,04-Sep-2026,8765,INF109K012R6
SENSEXIETF,EQ,903.99,903.99,881.95,884.24,882.51,881.95,28419,25159140.37,04-Sep-2026,284,INF346A01034
ICICIAMC,EQ,2990,2995.9,2958.5,2970.9,2965,2980,281169,837176994.60,04-Sep-2026,21106,INE346A01027
GOLDIETF,EQ,131.21,132.99,131.21,131.8,131.9,130.75,4150183,547286516.43,04-Sep-2026,25030,INF109KC1NT3
NV20IETF,EQ,13.55,13.65,13.55,13.62,13.64,13.55,322970,4400391.97,04-Sep-2026,1811,INF109KC11V0
ICICIB22,EQ,116.31,116.31,113.9,114.34,114.58,114.03,255356,29183219.96,04-Sep-2026,2694,INF109KB15Y7
CASHIETF,EQ,1078.37,1078.39,1078.37,1078.38,1078.39,1077.99,101592,109555358.06,04-Sep-2026,103,INF109K1A021
EVIETF,EQ,32.89,32.89,32.31,32.47,32.56,32.56,183629,5955722.16,04-Sep-2026,834,INF109K1A153
GSEC10IETF,EQ,262.5,262.5,262.5,262.5,262.5,262.5,42,11025.00,04-Sep-2026,3,INF109KC18O0
BSE500IETF,EQ,40.2,40.2,39.3,39.33,39.47,39.41,61545,2428557.33,04-Sep-2026,997,INF109KC1V59
GSEC5IETF,EQ,66.51,66.51,66.51,66.51,66.51,66.51,862,57331.62,04-Sep-2026,24,INF109KC14A8
ALPL30IETF,EQ,27.85,27.85,27.5,27.59,27.65,27.76,473904,13087658.22,04-Sep-2026,1194,INF109KC17V7
AUTOIETF,EQ,29.06,29.06,28.73,28.81,28.91,28.91,980798,28259587.58,04-Sep-2026,2654,INF109KC10V2
PVTBANIETF,EQ,28.26,28.35,28.06,28.17,28.22,28.15,672096,18933973.68,04-Sep-2026,1009,INF109KC18U7
COMMOIETF,EQ,99.7,100.43,99.25,100.33,100,99.41,28716,2868627.61,04-Sep-2026,1348,INF109KC19O8
CONSUMIETF,EQ,120.7,121.21,120.45,120.67,120.82,121.06,412702,49955671.21,04-Sep-2026,246,INF109KC1V42
FMCGIETF,EQ,49,49.75,49,49.47,49.6,49.46,2400471,118764844.86,04-Sep-2026,4684,INF109KC19V3
INFRAIETF,EQ,94.93,95.24,94.52,94.8,94.52,94.72,555466,52681113.05,04-Sep-2026,4446,INF109KC16E5
LIQUIDIETF,EQ,1000,1000.01,999.51,999.99,1000,999.99,540668,540667802.52,04-Sep-2026,315,INF109KC1KT9
MIDCAPIETF,EQ,24.54,24.54,24.02,24.06,24.13,24.06,669603,16137788.09,04-Sep-2026,1900,INF109KC11W8
MOM30IETF,EQ,30.64,31.41,30.64,31.36,31.39,31.27,501933,15726274.02,04-Sep-2026,1578,INF109KC17C7
NEXT50IETF,EQ,78.6,78.6,77.06,77.25,77.42,77.06,319174,24665262.08,04-Sep-2026,3652,INF109KC1NS5
HEALTHIETF,EQ,170.65,170.66,168.17,168.65,169.33,170.09,169428,28644796.99,04-Sep-2026,1685,INF109KC1Q72
QUAL30IETF,EQ,21.19,21.39,21.03,21.12,21.13,21.07,76847,1620417.39,04-Sep-2026,212,INF109KC18V5
SILVERIETF,EQ,232.88,233.46,230.51,232.48,232.34,229.94,2490162,578673745.86,04-Sep-2026,13707,INF109KC1Y56
ITIETF,EQ,34.59,34.73,33.95,34.01,33.95,34.24,354409,12124960.21,04-Sep-2026,1099,INF109KC16I6
INSUREIETF,EQ,15.06,15.33,15.05,15.23,15.21,15.04,402017,6096729.97,04-Sep-2026,138,INF109K1A567
BANKIETF,EQ,59.25,59.3,59,59.14,59.18,59.14,278048,16453430.89,04-Sep-2026,1204,INF109KC15I8
METALIETF,EQ,13.4,13.45,13.2,13.4,13.41,13.2,5744597,76492655.18,04-Sep-2026,8061,INF109KC19W1
OILIETF,EQ,11.34,11.41,11.28,11.37,11.38,11.33,1207003,13740795.54,04-Sep-2026,1509,INF109KC18W3
PSUBNKIETF,EQ,86.73,87.2,86.18,86.53,87.03,86.56,155480,13483737.28,04-Sep-2026,748,INF109KC10S8
SMALLIETF,EQ,18.89,19,18.45,18.57,18.62,18.54,65128,1210578.86,04-Sep-2026,138,INF109K1A476
TOP15IETF,EQ,9.81,9.95,9.78,9.82,9.85,9.82,89010,873341.70,04-Sep-2026,186,INF109K1A344
VAL30IETF,EQ,15.24,15.24,15.11,15.19,15.2,15.14,111743,1695743.98,04-Sep-2026,332,INF109KC16X5
FINIETF,EQ,33.46,33.46,32.69,32.95,32.9,32.65,174481,5740652.74,04-Sep-2026,1226,INF109KC17L8
ICRA,EQ,4890,4998.2,4866,4884.5,4885,4889.3,21042,104046442.10,04-Sep-2026,3220,INE725G01011
IDBI,EQ,92.4,92.4,90.42,90.63,90.62,91.97,5012839,456803855.04,04-Sep-2026,21010,INE008A01015
IDEAFORGE,EQ,783.95,799,774,777.05,776.55,776.55,208626,163808064.60,04-Sep-2026,15451,INE349Y01013
IDENTICAL,SM,22.45,22.45,18,18.05,18,19.1,20000,404800.00,04-Sep-2026,10,INE0TD101011
IDFCFIRSTB,EQ,87.81,87.98,86.5,86.71,86.71,87.5,15288105,1332126831.02,04-Sep-2026,52562,INE092T01019
IFBAGRO,EQ,913.9,916,887.3,903.3,912,889.05,4296,3875683.70,04-Sep-2026,418,INE076C01018
IFBIND,EQ,1317.2,1318.5,1300.5,1305.7,1306,1311.8,19145,25012839.00,04-Sep-2026,2025,INE559A01017
IFCI,EQ,96.5,107.5,96.41,101.38,102.17,95.91,407352536,41971792905.11,04-Sep-2026,954040,INE039A01010
IFGLEXPOR,EQ,205.5,210.58,202,204.69,207.5,207.44,22469,4621030.66,04-Sep-2026,834,INE133Y01011
IGARASHI,EQ,416.25,428,416.25,422.75,424,416.25,40948,17280997.45,04-Sep-2026,1646,INE188B01013
9IIFL31,Y9,1021,1021,1021,1021,1021,1014,150,153150.00,04-Sep-2026,1,INE530B07609
925IIFL32A,N0,100000,100000,100000,100000,100000,100000,1,100000.00,04-Sep-2026,1,INE530B08227
IIFLCAPS,EQ,337.4,341.95,337.4,341.2,340.9,338.05,330001,112273551.70,04-Sep-2026,6950,INE489L01022
IIFL,EQ,645.7,662.9,640.4,651.15,652,643.4,2119359,1382264919.60,04-Sep-2026,35534,INE530B01024
IIFL060326,YA,1012,1012,1012,1012,1012,1019,45,45540.00,04-Sep-2026,1,INE530B07583
IKIO,EQ,209.99,222,209.2,212.34,211,208.31,831128,179665389.52,04-Sep-2026,13990,INE0LOJ01019
IL&FSENGG,BZ,35,36.75,35,36.75,36.75,35,113314,4133967.25,04-Sep-2026,85,INE369I01014
IVC,EQ,10.84,10.84,10.19,10.24,10.24,10.09,1022586,10602756.57,04-Sep-2026,1918,INE050B01023
IL&FSTRANS,BZ,2.16,2.16,2.01,2.06,2.1,2.11,97511,202653.52,04-Sep-2026,104,INE975G01012
IMAGICAA,EQ,54.4,57.44,53.94,55.38,55.3,54.55,2402726,135071011.93,04-Sep-2026,10657,INE172N01012
IMPEXFERRO,BZ,4.72,4.72,4.72,4.72,4.72,4.63,11143,52594.96,04-Sep-2026,15,INE691G01015
INCREDIBLE,EQ,32.13,32.99,31.99,32.54,32.55,32.13,5276,169266.41,04-Sep-2026,38,INE452L01012
IMPAL,EQ,1096,1129,1081,1114.6,1127,1087.8,1266,1397282.50,04-Sep-2026,178,INE547E01014
INDSWFTLAB,EQ,373.1,373.1,350,355.95,351.5,372.7,695062,249450525.95,04-Sep-2026,11918,INE915B01019
INDTERRAIN,EQ,30.8,30.8,30.05,30.42,30.2,30.22,17159,519761.72,04-Sep-2026,89,INE611L01021
INDBANK,EQ,29.19,29.19,28.13,28.58,28.51,28.71,93377,2675425.60,04-Sep-2026,671,INE841B01017
BAJAJINDEF,EQ,221.3,224.9,220.53,222.69,223,220.84,30501,6763634.17,04-Sep-2026,435,INE0O9T01021
INDGN,EQ,603.15,611.4,598.3,601.5,599.8,600.15,804735,486320495.50,04-Sep-2026,21575,INE065X01017
INDIAGLYCO,BE,260.4,260.4,260.4,260.4,260.4,248,21597,5623858.80,04-Sep-2026,61,INE560A01023
INDNIPPON,EQ,1115.1,1175,1101.8,1158.2,1170,1109.4,63581,72459133.60,04-Sep-2026,3995,INE092B01025
IPL,EQ,137.1,138.96,137.1,138.34,138.9,137.5,67260,9298247.76,04-Sep-2026,1210,INE0D6701023
INDIASHLTR,EQ,669.05,680,669.05,677.1,676,673.1,70209,47426847.80,04-Sep-2026,5526,INE922K01024
ITDC,EQ,643.95,653,640.1,644.35,645,643.35,39915,25738549.20,04-Sep-2026,2475,INE353K01014
IBULLSLTD,EQ,25.92,26.12,25.12,25.67,25.69,25.84,7874352,200542020.69,04-Sep-2026,14317,INE126M01010
INDIAMART,EQ,1730,1745,1722.5,1726.4,1727.3,1729.5,43854,75932640.10,04-Sep-2026,6148,INE933S01016
INDIANB,EQ,883.05,892.4,879.1,879.7,879.7,888.75,786614,696181296.55,04-Sep-2026,22041,INE562A01011
INDIANCARD,EQ,214.79,225.01,208.61,219.97,223.98,214.82,3224,703064.87,04-Sep-2026,91,INE061A01014
IEML,ST,40.2,42.3,40.15,42.05,42,40.3,40000,1654675.00,04-Sep-2026,59,INE0RRU01016
IEX,EQ,121,121.63,118.51,118.91,118.91,119.15,11547227,1383522554.48,04-Sep-2026,78737,INE022Q01020
INDIANHUME,EQ,390.6,400.05,383.35,387.8,390,390.7,56614,22090461.75,04-Sep-2026,1975,INE323C01030
IMFA,EQ,1293,1312,1274.2,1288.4,1291,1281.7,162105,208839757.90,04-Sep-2026,11606,INE919H01018
IOC,EQ,137,137.76,136.87,137.6,137.6,137.8,4277697,587580873.31,04-Sep-2026,29860,INE242A01010
IOB,EQ,33.31,33.64,33.02,33.55,33.5,33.23,2673908,89329884.92,04-Sep-2026,10221,INE565A01014
IPHL,SM,71.6,77,69.05,74.95,74,72.75,54000,3900300.00,04-Sep-2026,45,INE0DHF01018
IRCTC,EQ,474.8,479,474.05,476.05,477,474.6,603706,287524371.05,04-Sep-2026,24156,INE335Y01020
IRFC,EQ,82.7,83.95,82.7,83.4,83.4,82.65,7883831,657085398.60,04-Sep-2026,36348,INE053F01010
IREDA,EQ,113.5,114.6,113.25,113.64,113.64,113,2627200,299275846.02,04-Sep-2026,16839,INE202E01016
IWP,EQ,34,35.49,33.52,34.38,34.06,34.08,25747,889274.67,04-Sep-2026,75,INE586E01020
INDIGOPNTS,EQ,1183.1,1195,1170,1185.8,1180,1183.1,94147,111608940.20,04-Sep-2026,10508,INE09VQ01012
INDIGRID,IV,175.59,175.6,174.99,175.49,175.41,175.07,489772,85868032.13,04-Sep-2026,4843,INE219X23014
INDIQUBE,EQ,194.52,195.9,193,194.54,194.5,193.09,16617,3224566.01,04-Sep-2026,574,INE06ST01018
INDOAMIN,BE,125.5,128.74,123,125.96,126.4,124.28,50224,6331991.82,04-Sep-2026,289,INE760F01028
INDOBORAX,EQ,524.5,524.5,507.15,514.9,512,512.8,126424,65260984.15,04-Sep-2026,5813,INE803D01021
ICIL,EQ,440.1,457.95,436.3,449.8,449.05,437.35,621520,278841904.45,04-Sep-2026,18147,INE483B01026
INDOFARM,EQ,135.59,136.59,132.91,134.03,133.6,134.54,68314,9178271.65,04-Sep-2026,1716,INE622H01018
INDORAMA,EQ,69.79,74.25,69.55,72.96,73.5,68.87,1609101,117104870.58,04-Sep-2026,15322,INE156A01020
INDOTECH,EQ,3619.7,3704,3606.4,3663.1,3650,3610.7,7508,27585809.80,04-Sep-2026,1393,INE332H01014
INDOTHAI,EQ,35.75,35.75,35.75,35.75,35.75,37.63,742070,26529002.50,04-Sep-2026,1626,INE337M01021
INDOUS,EQ,77.02,79.78,70,77.48,77.2,78.82,41730,3237959.31,04-Sep-2026,280,INE250Z01010
INDOMIM,EQ,926,983.6,926,971.5,967,922.4,4512815,4357475831.90,04-Sep-2026,135739,INE084101034
NIPPOBATRY,EQ,323.75,333.55,323,331.75,330,324,2225,727709.60,04-Sep-2026,142,INE567A01028
INDOCO,EQ,272.95,274.7,260.59,262.51,266.5,272.56,368891,98297234.29,04-Sep-2026,8462,INE873D01024
IGCL,EQ,73.27,73.49,72.34,72.89,72.5,73.27,54634,3980080.34,04-Sep-2026,879,INE05J901018
INDOKEM,EQ,636,640,615.1,625.55,638.85,628.7,3809,2416846.40,04-Sep-2026,244,INE716F01012
WAAREEINDO,EQ,277.95,277.95,268.05,272,271,274.85,75519,20531209.35,04-Sep-2026,1766,INE866K01023
INDOSTAR,EQ,256.5,261.6,255,258.66,256.51,255.88,111553,28850663.51,04-Sep-2026,1717,INE896L01010
INDOWIND,EQ,9.19,9.2,8.93,9.02,9.04,9.05,77378,700694.51,04-Sep-2026,468,INE227G01018
IGL,EQ,150.5,159.5,150.5,158.04,158.31,149.42,8174532,1283408019.19,04-Sep-2026,62988,INE203G01027
INDRAMEDCO,EQ,357.7,358.6,348.3,349.7,350,356.35,311569,109714718.40,04-Sep-2026,4724,INE681B01017
INDUSINVIT,IV,134.01,134.01,133.5,133.94,134,134.01,95377,12773978.14,04-Sep-2026,3232,INE0NHL23019
INDUSTOWER,EQ,375,380.45,374.15,376.8,376.8,374.95,1578193,595101179.35,04-Sep-2026,21308,INE121J01017
INDUSINDBK,EQ,1004.8,1008.6,998,1008.5,1008.5,1004.8,1321066,1324266351.20,04-Sep-2026,25721,INE095A01012
INDPRUD,EQ,6228,6390,6221,6305,6305,6325,94,591641.50,04-Sep-2026,20,INE620D01011
IITL,EQ,151.08,152.65,145.1,146.4,145.8,151.92,100778,15223633.69,04-Sep-2026,1053,INE886A01014
INFINIUM,SM,255.9,264,250.1,264,264,250,14500,3771000.00,04-Sep-2026,17,INE0MRE01011
INFLUX,SM,296,296,290,291.35,290,290.4,4200,1227420.00,04-Sep-2026,7,INE0MYZ01012
NAUKRI,EQ,1330.5,1349.5,1313.1,1319.8,1319.8,1330,556306,736786071.90,04-Sep-2026,32323,INE663F01032
INFOBEAN,EQ,157,167.4,157,162.08,161.27,157.68,750810,122941773.89,04-Sep-2026,13142,INE344S01016
INFOLLION,SM,159.9,160.1,155.15,159.8,159.9,158.4,13200,2106700.00,04-Sep-2026,21,INE0NNZ01013
INFOMEDIA,EQ,5.18,5.81,5.17,5.35,5.37,5.18,22935,122216.58,04-Sep-2026,140,INE669A01022
INFY,EQ,1133,1146.7,1125.4,1130,1130,1130.3,5881388,6658277427.90,04-Sep-2026,109162,INE009A01021
INGERRAND,EQ,4888,4888,4830,4844.7,4830,4846.4,11320,54911779.00,04-Sep-2026,1562,INE177A01018
INNOMET,ST,282.45,282.45,282.45,282.45,282.45,276.95,37200,10507140.00,04-Sep-2026,19,INE0S1D01010
INNOVACAP,EQ,1130.6,1199.9,1118,1175.4,1178.9,1125.4,321751,377036055.00,04-Sep-2026,26774,INE0DUT01020
INNOVANA,EQ,308,315,301,305.2,309.55,308.5,583,178347.15,04-Sep-2026,68,INE403Y01018
INNOVISION,EQ,269,269,253.6,254.9,254.25,255.65,11734,3015196.90,04-Sep-2026,765,INE0ADB01012
INOXGREEN,EQ,171.01,176.7,168.7,175.1,176.5,171.01,1333015,231096646.83,04-Sep-2026,13176,INE510W01014
INOXINDIA,EQ,2223,2320,2208,2247.8,2246.5,2176.2,1027233,2329875915.00,04-Sep-2026,83916,INE616N01034
INOXWIND,EQ,74.27,76.5,73.5,74.4,74.4,74,22688206,1692539148.27,04-Sep-2026,66739,INE066P01011
INSECTICID,EQ,619.6,624.8,612.2,618.45,615.55,614.15,22609,13973813.50,04-Sep-2026,1289,INE070I01018
INA,EQ,89.22,91.93,89.22,90.24,89.9,89.03,481868,43654978.73,04-Sep-2026,4760,INE0LGX01024
INSPIRE,SM,8.45,8.45,8.45,8.45,8.45,8.05,4000,33800.00,04-Sep-2026,2,INE0NDX01019
INSPIRISYS,EQ,94,95.77,89,89.53,91.6,93.03,2978,272667.60,04-Sep-2026,101,INE020G01017
ESSENTIA,EQ,1.05,1.08,1.05,1.05,1.07,1.05,2849052,3029362.19,04-Sep-2026,825,INE418N01035
IPSL,SM,215,215,215,215,215,210,500,107500.00,04-Sep-2026,1,INE02EE01019
INTEGRITY,ST,175,175,175,175,175,171.05,1200,210000.00,04-Sep-2026,1,INE0YSH01017
INTELLECT,EQ,680.3,703.65,680.3,686.65,688,678.3,491572,340748673.05,04-Sep-2026,32327,INE306R01017
INTENTECH,EQ,78.08,85.5,78.08,82.25,82,79.54,42907,3528306.56,04-Sep-2026,848,INE781A01025
INTERARCH,EQ,1692,1721,1692,1707,1700,1701.2,33231,56698113.60,04-Sep-2026,4580,INE00M901018
INDIGO,EQ,4980,5035,4977,4977,4977,4980,394117,1970691308.00,04-Sep-2026,37006,INE646L01027
INM,SM,151,151,141.05,148,148,148,7200,1058610.00,04-Sep-2026,12,INE0OPC01015
INTLCONV,EQ,79.88,83.28,79,81.18,81.25,79.44,92332,7539916.32,04-Sep-2026,1669,INE575C01027
IGIL,EQ,330,330.95,322.05,323.5,323.05,325.95,369135,120063221.90,04-Sep-2026,19190,INE0Q9301021
ISFT,EQ,85.12,86.79,80.8,81.61,82.77,84.79,132771,11294509.59,04-Sep-2026,1587,INE566K01011
INVENTURE,EQ,0.93,0.95,0.92,0.93,0.95,0.92,618481,577551.38,04-Sep-2026,354,INE878H01024
IKS,EQ,1728.5,1799.8,1728.5,1759.9,1751.9,1732.4,220451,388386681.60,04-Sep-2026,16983,INE115Q01022
IVZINGOLD,EQ,134.9,134.9,133.5,133.95,134,133.3,9964,1333574.35,04-Sep-2026,165,INF205KA1BP1
IVZINNIFTY,EQ,267.79,277.9,267.79,274.53,274.22,274.66,158,43473.14,04-Sep-2026,40,INF205KA1CC7
INVPRECQ,BE,1275,1275,1268,1273.6,1273.6,1280,1405,1785233.00,04-Sep-2026,27,INE155E01016
INVICTA,SM,68,68,68,68,68,68.3,1600,108800.00,04-Sep-2026,1,INE0XJ501010
IOLCP,EQ,197,204.98,192.5,199.95,199,196.43,5291531,1059245966.01,04-Sep-2026,49711,INE485C01029
IONEXCHANG,EQ,384.1,412,382.55,409.2,411.8,382.2,1293430,521802392.50,04-Sep-2026,34620,INE570A01022
IPRINGLTD,EQ,163,165.95,155.1,159.99,162,162.07,3047,491159.54,04-Sep-2026,84,INE558A01019
IPCALAB,EQ,1950,1969,1944.2,1965.3,1965,1956.1,80401,157696798.70,04-Sep-2026,9361,INE571A01038
IRB,EQ,19.85,19.91,19.6,19.65,19.66,19.67,6862525,135500390.13,04-Sep-2026,14986,INE821I01022
IRBINVIT,IV,64.74,64.83,64.3,64.54,64.65,64.5,411810,26580841.13,04-Sep-2026,3471,INE183W23014
IRCON,EQ,119.28,120.79,118.05,119.25,119.15,118.69,1686344,201266513.48,04-Sep-2026,24391,INE962Y01021
855IREDA29,N2,1110.1,1110.1,1110.1,1110.1,1110.1,1101.2,5,5550.50,04-Sep-2026,1,INE202E07120
880IREDA34,N6,1250,1250,1250,1250,1250,1280,100,125000.00,04-Sep-2026,1,INE202E07153
IRISDOREME,EQ,60.28,64.13,60.2,63.58,63.8,59.98,2431238,151623790.51,04-Sep-2026,7464,INE01GN01025
IRIS,EQ,256,273.99,256,265.92,265,253.93,92277,24703283.09,04-Sep-2026,3337,INE864K01010
IRMENERGY,EQ,287.15,287.15,278.65,281.4,280,283.85,76393,21614063.20,04-Sep-2026,2608,INE07U701015
965ISF28,N0,99000,99000,99000,99000,99000,99000,1,99000.00,04-Sep-2026,1,INE413U07434
975ISF28,N0,99000,99000,99000,99000,99000,99599,7,693000.00,04-Sep-2026,7,INE413U07418
ISGEC,EQ,775.55,790.85,773.05,787.35,785.85,771.1,30774,24088675.85,04-Sep-2026,6215,INE858B01029
ISHANCH,EQ,45.98,46.1,43.55,44.29,44.4,45.4,38670,1745676.07,04-Sep-2026,992,INE561M01018
ISHAN,SM,0.5,0.55,0.5,0.55,0.55,0.5,96000,50400.00,04-Sep-2026,2,INE0LCW01025
ITALIANE,SM,33,33.5,33,33.5,33.5,32,12000,400600.00,04-Sep-2026,6,INE0R7R01018
ITCHOTELS,EQ,161,164.5,160.01,161.23,161.32,160.25,2050484,331736284.58,04-Sep-2026,31365,INE379A01028
ITC,EQ,264,266.25,262.65,264.1,264.1,263,9519153,2519988718.35,04-Sep-2026,145963,INE154A01025
ITI,EQ,268.5,276.6,268.5,272.5,272.9,268.45,264152,71911567.65,04-Sep-2026,7251,INE248A01017
ITL,EQ,370,370,358.5,364.55,370,362.4,558,202877.15,04-Sep-2026,43,INE478D01014
IVALUE,EQ,237.04,239.39,228.61,230.26,229.1,236.18,133823,31111363.11,04-Sep-2026,4062,INE056801025
IVP,BE,202,209.97,202,203.34,203,206.25,10358,2128963.04,04-Sep-2026,87,INE043C01018
IWARE,ST,470,485.35,470,485.35,485.35,462.25,28800,13895370.00,04-Sep-2026,47,INE1AII01014
IZMO,EQ,915,926.1,900,902.45,902.6,921.95,87266,79268960.20,04-Sep-2026,7045,INE848A01014
J&KBANK,EQ,150.45,152.8,149.05,150.02,150.3,149.86,1883250,284346068.47,04-Sep-2026,25100,INE168A01041
JGCHEM,EQ,618.8,622,592.45,598.15,600,612.2,210794,126649542.60,04-Sep-2026,8687,INE0MB501011
JAGRAN,EQ,61.49,61.59,60.93,60.98,60.98,61.23,247379,15106098.64,04-Sep-2026,2075,INE199G01027
JAGSNPHARM,EQ,242,243.18,238.81,242.06,242.4,243.02,96227,23184485.69,04-Sep-2026,2506,INE048B01035
JAIBALAJI,EQ,71.08,71.55,69.32,69.73,69.7,70.85,293778,20671570.91,04-Sep-2026,2409,INE091G01026
JAICORPLTD,EQ,100.1,100.89,99.2,99.52,99.69,99.15,246316,24592293.76,04-Sep-2026,3112,INE070D01027
JISLDVREQS,EQ,21.2,23.34,20.81,21.93,21.79,21.03,310219,6787426.13,04-Sep-2026,614,IN9175A01010
JISLJALEQS,EQ,28.29,32.39,28.25,30.87,31.2,28.16,29548721,917440484.92,04-Sep-2026,56608,INE175A01038
JAINREC,EQ,280.55,282.3,276.15,277.95,277.2,279.8,1135766,315517120.35,04-Sep-2026,26345,INE0YD401026
JAINAM,SM,203.5,203.5,203.3,203.5,203.5,214,3000,610400.00,04-Sep-2026,3,INE02KC01010
JAINIK,SM,206.4,212,206.4,209.2,209.95,204.5,13200,2744160.00,04-Sep-2026,11,INE0XIL01012
JPPOWER,EQ,16.02,16.43,16.02,16.29,16.36,16.14,30695821,497842901.61,04-Sep-2026,24426,INE351F01018
JALAN,ST,1.8,1.8,1.8,1.8,1.8,1.85,6000,10800.00,04-Sep-2026,2,INE349X01015
JAMNAAUTO,EQ,122.15,122.29,120.36,120.69,121.5,122.04,691775,83733787.01,04-Sep-2026,8019,INE039C01032
JSFB,EQ,534.2,544,524.55,535.1,533,534.2,453979,242936537.95,04-Sep-2026,12898,INE953L01027
JARO,EQ,455.6,457.8,441.8,445.65,445.1,454.4,119338,53899081.65,04-Sep-2026,2609,INE00YJ01010
JASH,EQ,470.5,489.95,470.5,478.5,480.5,464.15,280288,135339835.75,04-Sep-2026,15722,INE039O01029
JAYBEE,SM,84.95,86.55,84.35,84.35,84.35,84.95,10000,851925.00,04-Sep-2026,15,INE0SMY01017
JAYBARMARU,EQ,122.4,122.79,121.5,122.29,122.5,121.81,141098,17228825.49,04-Sep-2026,2206,INE571B01036
KORE,SM,118.8,123.8,118.55,123.8,123.8,112.55,58000,7109375.00,04-Sep-2026,119,INE0J6801010
JAYAGROGN,EQ,232.04,235.96,227.01,230.6,229,230.83,8025,1861399.69,04-Sep-2026,261,INE785A01026
JAYNECOIND,EQ,92,94.37,85.22,89.04,88.7,98.68,49840056,4412245407.19,04-Sep-2026,185969,INE854B01010
JAYESH,SM,132.65,134.4,130.05,134.4,134.4,132.65,38000,5009150.00,04-Sep-2026,34,INE1AE401014
JAYKAY,EQ,165.37,167.88,151.76,153.69,153.58,166.46,470358,73794110.53,04-Sep-2026,7012,INE903A01025
JAYSREETEA,EQ,99.39,101.34,98,98.95,99.18,99.31,48814,4877743.27,04-Sep-2026,589,INE364A01020
JBMA,EQ,629.5,633.75,622.05,625.6,626.2,629.1,146607,92067451.25,04-Sep-2026,8913,INE927D01051
JSLL,EQ,504.4,529.9,502.15,516.3,519.95,501.45,921231,477132876.00,04-Sep-2026,30939,INE0J5801029
JENBURPH,EQ,1036.2,1045,1030,1038.8,1040,1031.5,422,436608.90,04-Sep-2026,38,INE354A01013
JETFREIGHT,EQ,21.24,21.44,20.9,21.18,21.06,20.91,123233,2605567.10,04-Sep-2026,1319,INE982V01025
JEYYAM,ST,22,22.65,22,22.15,22.15,22.4,44000,976400.00,04-Sep-2026,16,INE0RXB01022
JFLLIFE,SM,9.85,9.85,9.85,9.85,9.85,9.8,6000,59100.00,04-Sep-2026,1,INE0LA901015
JHS,EQ,7.86,8.08,7.81,7.89,7.95,7.86,45834,363316.50,04-Sep-2026,246,INE544H01014
RETAIL,EQ,17.1,17.44,16.5,17.24,17.24,17.45,2441,41096.20,04-Sep-2026,44,INE03DD01011
JPOLYINVST,EQ,1010,1011.8,992.5,997.45,1008,1006.5,3507,3513896.10,04-Sep-2026,564,INE147P01019
JINDRILL,EQ,652.85,672,647,663.05,663.95,649.9,708720,469776826.25,04-Sep-2026,24310,INE742C01031
JINDALPHOT,EQ,1002.1,1049.7,1002.1,1021.2,1035,1026.2,2011,2070762.40,04-Sep-2026,297,INE796G01012
JINDALPOLY,EQ,677.5,687.95,670,672.35,673.1,683.7,11895,8023559.30,04-Sep-2026,858,INE197D01010
JINDALSAW,EQ,312,312,304.3,305.3,305,310.85,868641,266863954.30,04-Sep-2026,16623,INE324A01032
JSL,EQ,738.4,741.25,732,737.85,740,738.4,780597,575854222.75,04-Sep-2026,21064,INE220G01021
JINDALSTEL,EQ,1147,1170.9,1138.7,1165,1165,1145,893053,1034222792.60,04-Sep-2026,32645,INE749A01030
JINDWORLD,EQ,49.67,57.78,49.02,57.51,57.78,48.15,188275533,10239526628.67,04-Sep-2026,320645,INE247D01039
JKIPL,EQ,107.5,107.5,100.38,100.56,101,105.66,19248,1978149.29,04-Sep-2026,475,INE1FF001016
JIOFIN,EQ,237.8,240.63,237.8,239.5,239.5,237.45,11860254,2839655454.46,04-Sep-2026,63338,INE758E01017
NIFTYJBLK,EQ,12.29,12.57,12.23,12.29,12.32,12.29,56629,696043.41,04-Sep-2026,626,INF22M001184
JITFINFRA,EQ,310.5,314.85,300,304.5,305,310.65,23808,7267504.95,04-Sep-2026,614,INE863T01013
JIWANRAM,SM,4.4,4.4,4.3,4.3,4.3,4.35,24000,104100.00,04-Sep-2026,4,INE0N5H01017
JKCEMENT,EQ,5044,5126,5025.5,5083.5,5120,5039.5,15032,76178120.50,04-Sep-2026,3618,INE823G01014
JKLAKSHMI,EQ,519,522.85,512.05,515.7,514,514.4,512153,264139384.85,04-Sep-2026,8011,INE786A01032
JKPAPER,EQ,412,413.75,401.6,405.8,405.65,410.15,381165,154772939.15,04-Sep-2026,11305,INE789E01012
JKTYRE,EQ,368.9,371.9,366.5,367.35,368.45,369.45,360957,133148130.60,04-Sep-2026,11588,INE573A01042
JKIL,EQ,488,492.95,486.15,487.35,486.65,487.7,24845,12152659.60,04-Sep-2026,1228,INE576I01022
JMFINANCIL,EQ,134.9,136.3,130.65,132.06,132,134.53,4507470,598254392.21,04-Sep-2026,48491,INE780C01023
JNKINDIA,EQ,431.5,450.4,431.5,445.05,444.8,431.45,128595,57227085.85,04-Sep-2026,4761,INE0OAF01028
JOCIL,BE,152.9,156.85,152.01,154.3,155,152.89,8078,1254761.25,04-Sep-2026,86,INE839G01010
COCKERILL,EQ,8095,8230,8025.5,8193.5,8210,8080,4524,36832125.00,04-Sep-2026,949,INE515A01019
JSWCEMENT,EQ,123.5,125.17,123.02,124.07,124.1,123.37,1203964,149841981.25,04-Sep-2026,37057,INE718I01012
JSWDULUX,EQ,3167.6,3209.5,3155.6,3174.5,3172,3167.6,24093,76472977.30,04-Sep-2026,3861,INE133A01011
JSWENERGY,EQ,537.55,540.25,534.25,539.85,539.85,539.5,2598872,1397317265.10,04-Sep-2026,48270,INE121E01018
JSWHL,EQ,11760,11811,11360,11472,11540,11590,2952,34329456.00,04-Sep-2026,1313,INE824G01012
JSWINFRA,EQ,334.1,337.8,332.5,333,333,334.1,2001532,669431538.60,04-Sep-2026,30842,INE880J01026
JSWSTEEL,EQ,1305,1331.7,1300.1,1325,1325,1308,1094356,1446084423.50,04-Sep-2026,31558,INE019A01038
JTEKTINDIA,EQ,122.5,123.05,120.71,121.27,121.46,121.82,143861,17491127.16,04-Sep-2026,1884,INE643A01035
JTLIND,EQ,90,92.89,89.77,91.67,91.45,89.67,2884117,263625202.83,04-Sep-2026,18506,INE391J01032
JUBLCPL,EQ,2329.1,2342.6,2203.5,2222.6,2234.1,2304.8,7185,16309967.40,04-Sep-2026,1167,INE03CC01015
JUBLFOOD,EQ,482.9,488,481.35,482.7,482.7,482.9,624576,302094808.65,04-Sep-2026,23258,INE797F01020
JUBLINGREA,EQ,694,697.35,678,680.3,680.95,690.55,91316,62558759.20,04-Sep-2026,7010,INE0BY001018
JUBLPHARMA,EQ,919,930,901.2,924.5,930,907.9,498346,455574687.60,04-Sep-2026,27270,INE700A01033
JMA,EQ,93.79,93.79,89,90.58,91,92.24,7483,683957.05,04-Sep-2026,139,INE412C01023
JNPR,EQ,261,273.25,259.6,265.1,264.2,259.2,983254,262038574.90,04-Sep-2026,18604,INE05C901015
JUNIPER,EQ,215,220.94,214.5,216.82,216,217.69,82885,17913852.20,04-Sep-2026,1689,INE696F01016
JLHL,EQ,293.35,293.35,284.15,286.45,285,290.3,102896,29712589.35,04-Sep-2026,3889,INE682M01020
JWL,EQ,240.71,249,240.71,243.24,244,241.09,1056588,259541803.06,04-Sep-2026,22313,INE209L01016
JUSTDIAL,EQ,697.2,697.2,688.1,692.85,693,697.35,106018,73408815.25,04-Sep-2026,4250,INE599M01018
JYOTHYLAB,EQ,201,203.55,200.05,201.54,202,200.5,469980,94819639.11,04-Sep-2026,9930,INE668F01031
JYOTICNC,EQ,1026.85,1043,1000.1,1003.9,1002.5,1026.85,1051995,1069801515.15,04-Sep-2026,35102,INE980O01024
JYOTIGLOBL,SM,40.4,40.4,38,40.3,40.3,38.5,30000,1196300.00,04-Sep-2026,15,INE1M3T01017
JYOTIRES,EQ,877,877,863.05,868.1,867.5,866.35,5189,4508176.15,04-Sep-2026,518,INE577D01013
JYOTISTRUC,EQ,9.85,10.2,9.6,10.02,10.09,9.8,10113711,100615811.04,04-Sep-2026,10569,INE197A01024
KJMCFIN,EQ,66.79,68,63.14,63.14,63.14,66.46,2504,162263.98,04-Sep-2026,47,INE533C01018
KMCSHIL,EQ,138,141.58,136.5,138.24,138.5,138,94440,13126833.28,04-Sep-2026,1567,INE879K01018
KMSUGAR,EQ,32,32.33,30.4,30.68,30.55,32,302618,9334203.42,04-Sep-2026,1900,INE157H01023
KPEL,EQ,242.99,253.03,239.28,247.32,246.6,240.89,382368,94471290.64,04-Sep-2026,6987,INE127T01021
K2INFRA,ST,50.45,50.45,48.7,48.8,48.7,48.95,6000,296040.00,04-Sep-2026,8,INE0DEZ01013
KABRAEXTRU,EQ,566,583.95,560.35,579.15,580,564.8,130668,75304633.00,04-Sep-2026,3898,INE900B01029
KKJEWELS,SM,99,99,98,98,98,99.5,2000,197000.00,04-Sep-2026,2,INE0XOW01017
KAJARIACER,EQ,1260.6,1262,1235,1239.6,1235,1260.6,319639,397076637.80,04-Sep-2026,19442,INE217B01036
KAKATCEM,EQ,110.7,112.4,108,109.6,109.12,110.67,2586,283435.29,04-Sep-2026,175,INE437B01014
KALANA,SM,19.95,19.95,18.55,18.8,18.8,19.3,38000,713600.00,04-Sep-2026,17,INE0T0L01014
KALPATARU,EQ,278.75,280.2,275,277.65,278.15,276.55,40767,11314076.30,04-Sep-2026,701,INE227J01012
KPIL,EQ,1421.1,1449,1402,1406.6,1408,1417.7,145207,206832487.70,04-Sep-2026,20841,INE220B01022
KALYANKJIL,EQ,588.2,604.95,585.3,598.8,598.8,585.3,9662044,5784265054.05,04-Sep-2026,94262,INE303R01014
KALYANIFRG,BE,1157.4,1157.4,1070,1081.05,1083,1125.25,8487,9382208.35,04-Sep-2026,451,INE314G01014
KICL,EQ,5222.5,5251,5200,5203,5200,5212.5,291,1520737.50,04-Sep-2026,107,INE029L01018
KSL,EQ,956.3,957.2,935,940.5,936,950.2,67652,63876039.75,04-Sep-2026,4532,INE907A01026
KAMAHOLD,EQ,2369.9,2369.9,2340,2348.2,2350,2341.1,1979,4648905.30,04-Sep-2026,284,INE411F01010
KAMANWALA,EQ,16.5,16.6,16.5,16.59,16.6,15.9,7692,126934.19,04-Sep-2026,18,INE344D01018
KAMATHOTEL,EQ,216.96,227.88,215.88,225.51,225,217.66,107699,24149119.80,04-Sep-2026,2471,INE967C01018
KAMDHENU,BE,39.05,40.44,38.5,39.24,39.3,38.77,1255794,49806849.75,04-Sep-2026,3154,INE390H01020
KAMOPAINTS,EQ,4.58,4.62,4.49,4.53,4.55,4.53,270171,1234549.50,04-Sep-2026,496,INE0BTI01037
KANANIIND,EQ,1.51,1.53,1.5,1.52,1.53,1.51,144024,218365.67,04-Sep-2026,260,INE879E01037
KANCHI,EQ,396.6,415,396.6,409.7,409,398.55,1607,658380.65,04-Sep-2026,84,INE081G01019
KANCOTEA,EQ,58.4,58.4,53.1,54.85,54.85,56.79,28,1526.99,04-Sep-2026,8,INE398L01017
KANDARP,SM,97,97,97,97,97,92.9,1000,97000.00,04-Sep-2026,1,INE0MOT01016
KANORICHEM,BE,155.68,158.89,152.02,155.56,154.2,155.68,14865,2310125.93,04-Sep-2026,118,INE138C01024
KANPRPLA,EQ,263.8,263.8,247.9,250.2,247.95,256.4,11967,3039451.90,04-Sep-2026,795,INE694E01014
KANSAINER,EQ,195.14,195.9,192.98,194.2,194.5,195.11,2465067,477076982.50,04-Sep-2026,6116,INE531A01024
KAPSTON,EQ,581.35,590,571.05,584.05,585.75,581.35,70957,41390094.50,04-Sep-2026,1852,INE542Z01028
KARMAENG,EQ,39,39,36.8,37.45,37.45,37.7,4181,155720.22,04-Sep-2026,128,INE725L01011
KTKBANK,EQ,341,345.9,338.25,340.1,340,339.75,1919012,654583525.35,04-Sep-2026,25327,INE614B01018
KARNIKA,SM,115.85,120,115,118.3,120,115.55,46000,5390150.00,04-Sep-2026,36,INE0MGA01012
KARURVYSYA,EQ,354,354,347.7,348.85,349,350,955056,334808901.35,04-Sep-2026,24176,INE036D01028
KATARIA,SM,105,107.75,105,107.45,107.75,103.85,3000,320580.00,04-Sep-2026,5,INE0SVY01018
KAUSHALYA,BE,864,887,850,850,850,864,202,176027.50,04-Sep-2026,29,INE234I01028
KLL,SM,24.15,25,24.15,25,25,24.65,12000,296480.00,04-Sep-2026,13,INE0Q2V01012
KSCL,EQ,748.5,751.8,741,744.1,745,744.8,46257,34554725.25,04-Sep-2026,2971,INE455I01029
KAVDEFENCE,EQ,56.95,67.38,56.78,67.14,66.77,56.15,1505543,99108521.05,04-Sep-2026,6294,INE641C01019
KCEIL,SM,79,80.4,78.1,79.1,80,79.1,11000,870375.00,04-Sep-2026,20,INE0RCG01017
KAYA,BE,342,345.1,340,345.1,345.1,328.7,11466,3953526.15,04-Sep-2026,118,INE587G01015
KAYNES,EQ,3487.8,3617.9,3450,3598,3598,3485,1211084,4300443267.40,04-Sep-2026,89485,INE918Z01012
KAYTEX,SM,58.25,58.25,56.5,56.5,56.5,55.35,4800,273960.00,04-Sep-2026,5,INE13ZD01013
KCK,ST,14.35,15.4,14.35,15.35,15.4,14.9,50000,762250.00,04-Sep-2026,13,INE0J1E01027
KCP,EQ,168.99,170.5,162.04,162.38,162.2,168.17,228887,37700700.16,04-Sep-2026,3391,INE805C01028
KCPSUGIND,BE,31.63,33.3,30.8,32.07,32.5,32.28,194150,6161686.89,04-Sep-2026,586,INE790B01024
KDGREEN,EQ,55.29,55.29,50.16,50.44,51.5,51.81,21136,1077832.11,04-Sep-2026,219,INE348N01042
KDDL,EQ,3864.9,3963,3864.9,3911,3914.4,3855.3,25376,99523320.60,04-Sep-2026,5630,INE291D01011
KEC,EQ,406.15,410.6,403.3,408.55,408.3,406.15,777483,316343017.60,04-Sep-2026,21480,INE389H01022
KEI,EQ,5000,5028,4820,4850,4850,5327,2381568,11729999998.50,04-Sep-2026,162655,INE878B01027
KELLTONTEC,EQ,13.98,14.25,13.79,13.87,13.9,13.99,2178042,30466817.27,04-Sep-2026,3979,INE164B01030
KEN,SM,39,39,39,39,39,40,3600,140400.00,04-Sep-2026,3,INE15DO01012
KENNAMET,EQ,4551.5,4722,4551,4688.5,4695,4532.2,21846,101766941.60,04-Sep-2026,3903,INE717A01029
KERNEX,EQ,1755,1869.7,1754.9,1817,1814.6,1709.6,852400,1553619097.00,04-Sep-2026,53107,INE202H01019
KESORAMIND,BE,11.05,11.05,10.9,10.9,10.9,11.05,119860,1319947.00,04-Sep-2026,176,INE087A01019
KKCL,EQ,505.95,519.45,499.95,514.3,510,503.8,34214,17366964.10,04-Sep-2026,2002,INE401H01017
KEYFINSERV,EQ,244.2,258.55,243.25,245.05,245,248.7,2872,710600.65,04-Sep-2026,142,INE681C01015
RUSTOMJEE,EQ,381.75,381.75,372.25,373.95,372.35,381.75,27990,10526379.70,04-Sep-2026,1208,INE263M01029
KFINTECH,EQ,933,947.95,923.55,928.9,928.9,927.7,715524,670183379.35,04-Sep-2026,22086,INE138Y01010
KHADIM,BE,113,117.3,113,117.3,117.3,115,15169,1743113.40,04-Sep-2026,89,INE834I01025
KHAITANLTD,EQ,163,166.5,160.61,162,162,162.41,2277,369427.12,04-Sep-2026,94,INE731C01018
KHAICHEM,EQ,54.85,55.54,54.3,54.86,54.9,54.83,94220,5173225.15,04-Sep-2026,817,INE745B01028
KHANDSE,EQ,18.4,18.41,17.2,18.38,18.38,18.11,698,12435.97,04-Sep-2026,43,INE060B01014
KHFM,SM,44.95,44.95,44.95,44.95,44.95,43.95,1550,69672.50,04-Sep-2026,1,INE00UG01014
KLBRENG-B,EQ,454,474,452.5,467.85,467,453.25,303427,140837692.05,04-Sep-2026,7643,INE338F01015
KILITCH,BE,172.8,181.14,172.8,180.95,180.95,172.52,33164,5924084.04,04-Sep-2026,306,INE729D01010
KINGFA,EQ,5910,6050,5887,5932.5,5910,5888,8112,48375746.50,04-Sep-2026,3173,INE473D01015
KIOCL,EQ,382.85,387.9,380.05,382.1,381.9,380.55,57868,22207874.25,04-Sep-2026,1944,INE880L01014
KIRANVYPAR,EQ,207,207.8,202.7,205.41,203.8,207.98,3402,702491.83,04-Sep-2026,99,INE555P01013
KIRIINDUS,EQ,578.75,599.35,555.1,559.1,561,578.95,2243746,1297310880.35,04-Sep-2026,48383,INE415I01015
KIRLOSBROS,EQ,1885.9,1901.8,1859.8,1862,1867,1881.3,19160,35971399.30,04-Sep-2026,3968,INE732A01036
KECL,EQ,125.49,127.07,125,126.41,126.7,125.2,55192,6962297.49,04-Sep-2026,1323,INE134B01017
KIRLFER,EQ,459.75,468.9,451.85,459.6,462.7,454.55,242037,112043366.55,04-Sep-2026,6831,INE884B01025
KIRLOSIND,EQ,3734,3783.9,3685,3731.5,3720,3724.7,7463,27757454.30,04-Sep-2026,1243,INE250A01039
KIRLOSENG,EQ,2270,2279,2182.2,2201.9,2192,2267.6,365394,815677512.50,04-Sep-2026,30188,INE146L01010
KIRLPNU,EQ,771,772.8,754.05,760.45,762.8,759.8,137821,104910775.70,04-Sep-2026,10596,INE811A01038
KITEX,EQ,123.65,130.57,123.65,128.85,129.6,123.64,679715,86615640.62,04-Sep-2026,6901,INE602G01020
KNAGRI,EQ,210,210,194.88,199.4,200.99,206.23,15550,3153384.93,04-Sep-2026,365,INE0KNW01016
KNACK,EQ,190.7,190.7,186.6,187.3,187.21,188.37,402969,75761269.10,04-Sep-2026,4435,INE17QZ01016
KMEW,EQ,3175,3175,3011.1,3033.4,3035,3150.4,98630,302397689.90,04-Sep-2026,17405,INE0CJD01029
KRT,RR,112.95,113.1,111.72,112.49,112.8,113.51,6191981,696421628.20,04-Sep-2026,8404,INE1JAR25012
KNRCON,EQ,119.8,125.95,118.05,124.66,124.79,119.27,2626704,321938154.27,04-Sep-2026,22699,INE634I01029
KODYTECH,ST,1570,1596,1550.1,1569.95,1570,1567,6000,9473895.00,04-Sep-2026,49,INE0Q7P01013
KOHINOOR,EQ,33.79,33.79,32.5,32.77,32.5,33.52,131797,4369429.28,04-Sep-2026,1926,INE080B01012
KOKUYOCMLN,EQ,79.49,81,78.61,80.61,80.24,78.44,40527,3252733.34,04-Sep-2026,661,INE760A01029
KOLTEPATIL,EQ,450.65,456.5,440.05,441.85,441.5,449.55,72213,32185239.30,04-Sep-2026,2754,INE094I01018
KONSTELEC,ST,62.05,64.75,61.9,62.05,62.05,62.05,51000,3201650.00,04-Sep-2026,21,INE0QEI01011
KONTOR,SM,52.95,52.95,52.95,52.95,52.95,53.5,600,31770.00,04-Sep-2026,1,INE0KZ301010
KOPRAN,EQ,232.4,242.8,229.29,232.54,233,232.24,661197,155487728.32,04-Sep-2026,12742,INE082A01010
KDL,SM,92.95,92.95,90.75,92.45,91.75,90.5,13950,1285875.00,04-Sep-2026,70,INE0O4R01018
GOLD1,EQ,128.75,129.99,127.95,128.47,128.5,127.48,1165650,149736715.23,04-Sep-2026,6196,INF174KA1HJ8
KOTAKBANK,EQ,421.65,425.95,421.65,424.5,424.5,421.15,9408316,3989733446.65,04-Sep-2026,243194,INE237A01036
NIFTY1,EQ,265.42,272.7,265.31,265.82,266.2,265.42,54358,14454378.15,04-Sep-2026,1346,INF174K014P6
PSUBANK,EQ,85.6,86.18,85.3,85.53,85.91,85.36,235393,20144731.37,04-Sep-2026,664,INF174KA1A86
CHEMICAL,EQ,30.54,30.54,30.1,30.2,30.29,30.29,539227,16344910.28,04-Sep-2026,1142,INF174KA1XV0
ALPHA,EQ,54.35,54.41,54.01,54.16,54.2,54.27,667379,36186904.44,04-Sep-2026,2029,INF174KA1IA5
CONS,EQ,11.97,12.04,11.95,11.98,12.03,12.01,14601,175167.19,04-Sep-2026,125,INF174KA1ZF8
IT,EQ,34.44,34.75,34,34.09,34.2,34.19,153062,5254826.54,04-Sep-2026,1016,INF174KA1GC5
LIQUID1,EQ,1121.04,1121.45,1121.04,1121.43,1121.44,1121.04,616507,691374614.82,04-Sep-2026,764,INF174KA1LV5
LOWVOL1,EQ,21.1,21.14,20.88,20.93,20.94,21.1,642373,13523990.01,04-Sep-2026,212,INF174KA1IY5
MIDCAP,EQ,18.89,18.89,17.9,18.51,18.57,18.52,695787,12876402.35,04-Sep-2026,940,INF174KA1ZC5
MNC,EQ,34.1,34.1,33.16,33.21,33.3,33.27,83789,2783498.68,04-Sep-2026,341,INF174KA1JF2
SILVER1,EQ,22.4,22.77,22.4,22.6,22.59,22.28,5918854,133621674.52,04-Sep-2026,5053,INF174KA1ZD3
NV20,EQ,14.28,14.28,13.93,13.99,13.99,13.94,87237,1216179.72,04-Sep-2026,179,INF174KA1ZE1
MID150,EQ,23.56,23.71,23.54,23.61,23.68,23.63,59978,1418605.93,04-Sep-2026,142,INF174KA1VW2
MOMENTUM30,EQ,30.79,30.87,30.66,30.81,30.81,30.65,21437,660215.71,04-Sep-2026,46,INF174KA1XS6
MSCIINDIA,EQ,29.85,29.89,29.71,29.82,29.87,29.71,544455,16240513.20,04-Sep-2026,95,INF174KA1VD2
NEXT50ETF,EQ,73.64,74,73.5,73.83,73.88,73.64,8527,628962.15,04-Sep-2026,85,INF174KA1YO3
NIFTY100EW,EQ,35,35.1,34.95,35.06,35.06,35,16624,582857.21,04-Sep-2026,122,INF174KA1UW4
PVTBANK,EQ,27.92,28,27.91,28,28,27.85,722,20183.93,04-Sep-2026,9,INF174KA1A94
QUALITY30,EQ,20.67,20.8,20.65,20.65,20.72,20.75,7309,151170.50,04-Sep-2026,45,INF174KA1WT6
BANKNIFTY1,EQ,60.19,60.19,59.61,59.71,59.7,59.75,149995,8967577.31,04-Sep-2026,731,INF174KA1ZB7
KOTIC,EQ,135.2,135.99,130.25,132.47,131.51,134.79,11357,1518466.47,04-Sep-2026,418,INE972A01020
KOTHARIPET,EQ,129.56,132,129,130.56,130.5,129.02,51588,6725282.52,04-Sep-2026,1127,INE720A01015
KOTHARIPRO,EQ,66.9,68.37,66.26,67.39,67.26,67.58,3862,260734.41,04-Sep-2026,83,INE823A01017
KOTARISUG,BE,30.5,30.5,29.26,29.92,29.83,30.53,27875,831455.14,04-Sep-2026,246,INE419A01022
KOTYARK,BE,33,33.76,33,33.76,33.76,32.16,133703,4494325.00,04-Sep-2026,365,INE0J0B01017
KOVAI,EQ,6140,6140,5994,6062.5,6025,6091.5,1977,11971613.50,04-Sep-2026,776,INE177F01017
KPIGREEN,EQ,303.3,307.95,303.3,307,307.5,303.25,525172,160471225.75,04-Sep-2026,12780,INE542W01025
KPITTECH,EQ,584,593.6,575,575.45,575.45,583.5,1239906,719954163.65,04-Sep-2026,22622,INE04I401011
KPRMILL,EQ,1179.7,1195,1168.1,1186.3,1184,1175.4,199902,237129848.60,04-Sep-2026,19612,INE930H01031
KRBL,EQ,425.5,429.65,416.85,421.95,421.45,424.9,313910,132314607.25,04-Sep-2026,9211,INE001B01026
KREBSBIO,EQ,56.5,56.5,54.45,55.95,55.14,54.5,5830,323638.65,04-Sep-2026,304,INE268B01013
KRIDHANINF,BE,2.09,2.1,2.02,2.03,2.04,2.01,20638,42420.08,04-Sep-2026,50,INE524L01026
KRISHANA,EQ,185.05,188.1,181.98,184.13,185.46,186.37,525256,96796380.47,04-Sep-2026,8805,INE506W01020
KRISHCA,SM,158.5,161.85,158.5,161.85,161.85,161.95,6500,1046050.00,04-Sep-2026,13,INE0NR701018
KRISHIVAL,EQ,413.95,419,409.25,416.3,416.8,413.5,31340,12976941.05,04-Sep-2026,1147,INE0GGO01015
KRISHNADEF,EQ,1011,1037,1008,1013.2,1016,1008.7,67885,69149315.80,04-Sep-2026,5396,INE0J5601015
KIMS,EQ,769.95,778.55,758.55,764.1,762,767.85,158954,121914488.65,04-Sep-2026,11617,INE967H01025
KRITI,EQ,60.11,62.98,59,61.6,62,60.94,23406,1416474.11,04-Sep-2026,300,INE479D01038
KRITINUT,EQ,87.4,87.4,83,86.45,86.39,83.36,13358,1148214.16,04-Sep-2026,189,INE798K01010
KRITIKA,EQ,5.49,5.49,5.13,5.37,5.39,5.39,76423,408592.47,04-Sep-2026,425,INE00Z501029
KRMAYURVED,SM,279,287.9,277.05,287.85,287.9,282.9,56000,15765000.00,04-Sep-2026,45,INE1MTV01019
KRN,EQ,1540.9,1581.1,1521.2,1578.7,1581.1,1505.9,408862,644204498.10,04-Sep-2026,8835,INE0Q3J01015
KRONOX,BE,182.45,189,182,184.69,184.35,183.37,86294,15922668.66,04-Sep-2026,554,INE0ATZ01017
KROSS,EQ,211.34,217.45,210.25,211.57,211.25,211.34,223590,47760940.57,04-Sep-2026,4637,INE0O6601022
KRSNAA,EQ,552.35,564.4,550.05,560,562,550.95,21497,11992361.95,04-Sep-2026,1790,INE08LI01020
KRYSTAL,EQ,659.2,661,650.25,654.6,657,661.95,8580,5627177.35,04-Sep-2026,462,INE0QN801017
KSB,EQ,815.3,817,807,813.55,815,810.6,89128,72448316.40,04-Sep-2026,8454,INE999A01023
KSE,EQ,184.97,184.97,177,180.12,178.02,180.29,15087,2706288.66,04-Sep-2026,374,INE953E01022
KSHINTL,EQ,1035.1,1098,1032.8,1087.8,1090.9,1022.7,542413,581945367.50,04-Sep-2026,39159,INE987S01020
KSHITIJPOL,EQ,3.15,3.3,3.15,3.3,3.3,3.15,2941441,9633333.30,04-Sep-2026,1040,INE013801027
KSHITIJ-RE,BE,0.08,0.08,0.08,0.08,0.08,0.07,4638413,371073.04,04-Sep-2026,1105,INE013820027
KSOLVES,EQ,271,276.5,270,272.05,275,271.5,16299,4439597.50,04-Sep-2026,774,INE0D6I01023
KSR,EQ,32.5,34.69,31.9,34.61,34.19,31.54,388546,12848288.28,04-Sep-2026,432,INE1SPP01016
KUANTUM,EQ,75.2,75.6,73.7,74.18,74.64,75.16,61468,4574354.39,04-Sep-2026,842,INE529I01021
KUSUMGAR,EQ,577,584.7,569.1,571.2,570,581.65,226964,130181471.60,04-Sep-2026,6096,INE0ISX01025
KPL,EQ,3350,3421.7,3211.1,3285.5,3281.1,3351.7,49245,162536046.40,04-Sep-2026,6325,INE552U01010
KWIL,EQ,42.31,42.73,41.8,42.12,42.15,42.31,11043010,466016367.74,04-Sep-2026,35932,INE2KCE01013
LKPSEC,EQ,15.59,15.99,14.62,15.28,15.2,15.02,7614,117723.45,04-Sep-2026,92,INE341H01023
LTF,EQ,317,320.5,313.4,314,314,316.9,3279672,1039647643.30,04-Sep-2026,27954,INE498L01015
LTTS,EQ,3520,3535.8,3462,3493.3,3482.2,3501.2,51558,180003250.30,04-Sep-2026,8628,INE010V01017
LAOPALA,EQ,171.56,174.86,171.56,173.9,173.02,171.55,75699,13135190.47,04-Sep-2026,1759,INE059D01020
LADDERUP,EQ,50.3,51.45,42.7,51.4,51.4,51.7,23,1105.50,04-Sep-2026,8,INE519D01015
LAGNAM,EQ,74.63,77.27,74,74.8,75,74.4,23024,1734115.89,04-Sep-2026,70,INE548Z01017
LAHOTIOV,EQ,46,46,43,43.08,43.01,45.08,3701,161729.06,04-Sep-2026,67,INE515C01023
LFIC,EQ,140,140,134.5,134.64,134.6,135.28,387,52463.84,04-Sep-2026,13,INE850E01012
LAKSHMIMIL,EQ,7621,7800,7621,7621,7621,7800,29,224783.00,04-Sep-2026,11,INE938C01019
LAKPRE,BZ,4.8,5.01,4.8,5.01,5.01,4.78,3002,15035.82,04-Sep-2026,4,INE651C01018
LAKSHYA,SM,83.5,85,81.05,81.8,81.8,83.65,10400,856480.00,04-Sep-2026,13,INE0VZS01015
LALITHAA,EQ,283,308.3,280.6,306.7,308.3,280.3,23781731,7051735553.40,04-Sep-2026,156381,INE0K9O01026
LAMBODHARA,EQ,138.81,139.91,133.96,134.67,134.5,137.47,4467,611464.48,04-Sep-2026,283,INE112F01022
LAMOSAIC,ST,60.5,61,59.6,60.85,61,61.4,72000,4387290.00,04-Sep-2026,38,INE0R0201012
LANCER,EQ,13.19,13.2,12.82,13.03,13.2,13.19,603720,7830495.80,04-Sep-2026,1168,INE359U01028
LANCORHOL,EQ,35.13,40.88,34.21,40.35,40.52,34.75,2381575,91709854.35,04-Sep-2026,9124,INE572G01025
LANDMARK,EQ,500,516.4,497,510.15,508,498,79884,40578607.95,04-Sep-2026,2759,INE559R01029
LPDC,EQ,7.03,7.06,6.61,6.73,6.66,6.69,41802,285082.51,04-Sep-2026,183,INE197J01017
LANDSMILL,EQ,0.67,0.71,0.63,0.63,0.64,0.67,10129295,6736156.04,04-Sep-2026,1760,INE688J01023
LT,EQ,3981,3994.9,3964.1,3964.1,3964.1,3975,1319056,5253026930.50,04-Sep-2026,98662,INE018A01030
LASA,EQ,6.99,7,6.69,6.73,6.69,6.82,24575,168015.52,04-Sep-2026,156,INE670X01014
LASERPOWER,EQ,303.7,305.95,291.5,295.65,297.9,301.05,999119,297239307.25,04-Sep-2026,13918,INE17IR01028
LATENTVIEW,EQ,267,270.8,265.85,267.25,266.9,266,351722,94382048.30,04-Sep-2026,9812,INE0I7C01011
LATTEYS,EQ,21.49,21.49,20.35,20.5,20.51,20.98,44829,928083.23,04-Sep-2026,245,INE262Z01023
LAURUSLABS,EQ,1855,1871.8,1835.2,1840,1840,1868.5,1075943,1991203312.40,04-Sep-2026,40157,INE947Q01028
LAXMICOT,EQ,12.58,14.25,12.58,13.73,13.98,12.71,72640,992845.73,04-Sep-2026,401,INE801V01019
LAXMIDENTL,EQ,199.2,201,197.5,199.14,200.5,199.2,40392,8038737.77,04-Sep-2026,1887,INE0WO601020
LGHL,EQ,175.2,183.48,173.26,175.42,176,178.95,6577,1173669.33,04-Sep-2026,235,INE258Y01016
LAXMIINDIA,EQ,128.7,135,128.37,132.6,132.55,128.13,360742,47642804.33,04-Sep-2026,4636,INE06WU01026
LXCHEM,EQ,174.4,176.46,171.7,172.04,172.2,175.58,416497,72319759.24,04-Sep-2026,7250,INE576O01020
LCCINFOTEC,EQ,4.07,4.08,3.72,3.81,3.86,3.85,44787,172107.30,04-Sep-2026,258,INE938A01021
LEMERITE,EQ,21.3,21.3,20.56,20.93,20.56,21.11,135407,2846906.14,04-Sep-2026,268,INE0G1L01025
IXIGO,EQ,163.76,170.63,163.39,166.75,167,162.15,3400102,565730322.35,04-Sep-2026,55718,INE0HV901016
LRRPL,SM,87,88,87,88,88,86.9,3000,262500.00,04-Sep-2026,2,INE0H4B01011
LEAPIND,EQ,153.5,155.3,149.5,150.26,150.11,152.41,5589910,851623129.86,04-Sep-2026,43498,INE00GO01025
LEENEE,BE,8.15,8.84,8.08,8.45,8.45,8.49,29014,241959.25,04-Sep-2026,77,INE791B01014
THELEELA,EQ,564.45,567.85,550,554.05,556,566.05,561774,313499905.10,04-Sep-2026,16509,INE0AQ201015
LEMONTREE,EQ,105.24,107,104.77,104.95,105,104.89,3464757,365276752.85,04-Sep-2026,24317,INE970X01018
LENSKART,EQ,672.55,694.8,672.55,684.9,683.05,672.45,10188245,6985526547.50,04-Sep-2026,172364,INE956O01016
LEXUS,EQ,13.22,13.94,13.22,13.53,13.72,13.54,5919,80339.17,04-Sep-2026,103,INE500X01013
LGBBROSLTD,EQ,1716.2,1738,1697,1702.8,1699.4,1716.2,50384,85879993.40,04-Sep-2026,5297,INE337A01034
LGEINDIA,EQ,1661.2,1672.6,1634,1640.7,1640,1662.3,387555,637524463.40,04-Sep-2026,29809,INE324D01010
LIBAS,EQ,10.65,10.9,10.26,10.46,10.4,10.48,19725,205757.90,04-Sep-2026,97,INE908V01012
LIBERTSHOE,EQ,234.31,238,231.9,233.27,232.5,234.3,15371,3605392.94,04-Sep-2026,564,INE557B01019
LICHSGFIN,EQ,554,579.4,554,562.05,562.05,554,7126780,4061104070.35,04-Sep-2026,56929,INE115A01026
LICMFGOLD,EQ,138.9,139.7,138.25,138.75,138.7,137.5,349843,48638952.55,04-Sep-2026,551,INF767K01SM1
LICNETFN50,EQ,269.53,270.02,267.59,267.77,267.7,267.67,347,93114.23,04-Sep-2026,21,INF767K01OS7
LICNETFSEN,EQ,868.17,875,860,862.89,860,863.46,22,19003.47,04-Sep-2026,6,INF767K01OT5
LICNFNHGP,EQ,274.66,275.99,270.11,270.61,270.5,276.04,386,104785.47,04-Sep-2026,28,INF767K01PC8
LICNETFGSC,EQ,29.51,29.51,29.26,29.34,29.34,29.21,75526,2216618.79,04-Sep-2026,92,INF767K01MV5
LICNMID100,EQ,63.42,64.05,63.42,63.84,63.84,63.42,2147,136965.25,04-Sep-2026,61,INF767K01RN1
LICI,EQ,416.85,419.3,415.3,415.35,415.35,416.9,5411741,2258499295.35,04-Sep-2026,42606,INE0J1Y01017
LIKHITHA,EQ,204.54,206.99,203.2,204.8,203.25,202.9,27488,5645209.95,04-Sep-2026,495,INE060901027
LINC,EQ,94.1,96.5,94.1,95.07,95.03,94.69,7202,687972.56,04-Sep-2026,227,INE802B01027
LINCOLN,EQ,627,631,618,620.8,623,622.65,29091,18107950.45,04-Sep-2026,1281,INE405C01035
LINDEINDIA,EQ,6409,6411,6330,6346,6368,6373,9490,60399613.00,04-Sep-2026,2441,INE473A01011
LLOYDSENGG,EQ,85.11,86.63,83.94,84.21,84.66,84.95,4801657,408703407.49,04-Sep-2026,23635,INE093R01011
LLOYDSENT,EQ,71.79,74.69,71.79,74.23,74.2,71.97,3684805,271090260.49,04-Sep-2026,15028,INE080I01025
LLOYDS,SM,56.35,60,55.05,58,58,57.5,9000,511950.00,04-Sep-2026,8,INE0DTQ01028
LLOYDSME,EQ,1848.7,1850.6,1820.1,1823,1826,1848.7,146092,267511423.00,04-Sep-2026,11968,INE281B01032
LMW,EQ,19195,19195,18700,18774,18760,18993,2214,41679617.00,04-Sep-2026,1009,INE269B01029
LODHA,EQ,1225,1237.8,1209.5,1222,1222,1234,948334,1159444969.30,04-Sep-2026,26054,INE670K01029
LCL,EQ,560,598,560,581.5,580.8,553.45,1628313,952065401.80,04-Sep-2026,89054,INE0QJW01029
LOKESHMACH,EQ,378.8,378.8,362.2,364.6,367,360.3,56473,20900044.80,04-Sep-2026,1499,INE397H01017
LORDSCHLO,EQ,142,148.34,142,146.6,146.75,141.55,40550,5906228.30,04-Sep-2026,878,INE846D01012
LAL,EQ,8.81,9.15,8.81,8.91,8.9,9,30223,271556.78,04-Sep-2026,107,INE740X01023
LOTUSCHO,EQ,635,649.95,624,630.4,633,650.95,4002,2544752.70,04-Sep-2026,330,INE026D01011
LOTUSEYE,EQ,109.9,110.45,108.3,109.43,108.5,109.28,8350,913772.63,04-Sep-2026,121,INE947I01017
LOVABLE,EQ,72.85,72.85,70.57,71.37,71,72.21,5969,425129.15,04-Sep-2026,264,INE597L01014
LOYALTEX,EQ,210,221.82,206,218.14,212.3,211.82,2285,501279.42,04-Sep-2026,47,INE970D01010
LTFOODS,EQ,442.45,448.9,439,444.8,442.25,442.55,450291,199681837.60,04-Sep-2026,18698,INE818H01020
LTM,EQ,4570.3,4656.3,4545.3,4554,4554,4560,243635,1116883247.90,04-Sep-2026,19950,INE214T01019
LUMAXTECH,EQ,1995.2,2010,1942.9,1951.9,1954.7,1985.4,81128,159397507.70,04-Sep-2026,11010,INE872H01027
LUMAXIND,EQ,6450,6450,6107.5,6181.5,6178,6380.5,15590,97493365.50,04-Sep-2026,3627,INE162B01018
LUMINO,EQ,112.4,122,111.22,114.5,114.95,110.32,139069849,16228033158.85,04-Sep-2026,451001,INE185Q01025
LUPIN,EQ,2140.1,2148,2100.6,2110,2110,2132,862828,1826614866.70,04-Sep-2026,39010,INE326A01037
LUXIND,EQ,1170.1,1191.9,1170.1,1175.1,1171.2,1171.7,9331,11002184.30,04-Sep-2026,910,INE150G01020
LYKALABS,BE,78.36,78.36,78.36,78.36,78.36,76.83,31844,2495295.84,04-Sep-2026,55,INE933A01014
MBEL,EQ,276.95,277,268,270.15,271,275.45,74971,20356120.45,04-Sep-2026,1586,INE08N601015
MKEXIM,EQ,61.89,63,60.24,62.18,62.99,60.18,17942,1106326.91,04-Sep-2026,249,INE227F01010
MKPL,EQ,4.06,4.12,3.92,4.02,4.02,4.06,143996,579000.30,04-Sep-2026,488,INE964W01021
MCL,EQ,58,58.9,57.21,58.3,58.49,58.5,25283,1465985.37,04-Sep-2026,951,INE813V01022
M&MFIN,EQ,379,380.95,371.5,373.65,374.75,376.05,2628655,988988636.40,04-Sep-2026,52603,INE774D01024
MVKAGRO,SM,236.35,236.35,236.35,236.35,236.35,225.1,12000,2836200.00,04-Sep-2026,11,INE0SGC01015
MAANALU,EQ,120.15,123,117.21,117.9,117.82,120.77,74246,8789296.95,04-Sep-2026,816,INE215I01027
MCCHRLS-B,EQ,682.6,682.6,656.05,670,670,679.95,310,206382.65,04-Sep-2026,50,INE435D01014
MACPOWER,EQ,1955.8,1960,1860,1904.9,1906,1944.1,38330,73149826.60,04-Sep-2026,5622,INE155Z01011
MADHAVIPL,EQ,7.92,8.3,7.92,7.98,7.98,7.92,78511,632542.32,04-Sep-2026,310,INE631R01026
MADHAV,EQ,36.7,36.7,34.11,35.36,35.75,34.84,6274,221393.48,04-Sep-2026,143,INE925C01016
MADHUCON,BE,4.81,5,4.6,4.63,4.6,4.81,34348,159228.42,04-Sep-2026,62,INE378D01032
MADHUSUDAN,ST,238,238,230,236,236,232,20000,4689750.00,04-Sep-2026,17,INE0P6701019
MBAPL,EQ,162.08,167.39,160.73,166.12,166.95,162.08,983522,161283576.66,04-Sep-2026,8749,INE900L01028
MADRASFERT,EQ,65.34,65.75,65.08,65.12,65.09,65.13,26810,1750411.55,04-Sep-2026,458,INE414A01015
MAFATIND,EQ,124.77,124.77,120.35,121.66,122.2,123.24,25114,3071337.00,04-Sep-2026,825,INE270B01035
MAGADSUGAR,EQ,568,568,546,552.05,552,566.7,19463,10765235.90,04-Sep-2026,1422,INE347W01011
MCLOUD,EQ,26.51,26.67,26.25,26.29,26.3,26.46,1615599,42656333.15,04-Sep-2026,3806,INE613C01026
MAGNUM,EQ,18.82,19.49,18.82,19,19,19,7566,144016.08,04-Sep-2026,48,INE387I01016
MAHAPEXLTD,EQ,54.7,54.75,53.01,53.51,53.01,54.72,6664,360408.25,04-Sep-2026,134,INE843B01013
MFML,EQ,18.63,18.8,18.12,18.59,18.8,18.36,3002,55773.73,04-Sep-2026,56,INE0US801024
MHLXMIRU,BE,172.1,174.9,172.1,174.89,174.85,174.89,3411,592966.04,04-Sep-2026,42,INE112D01035
MAHASTEEL,BE,1195.3,1320.9,1195.3,1282.5,1231,1258.2,10107,12448426.40,04-Sep-2026,527,INE451L01014
MGL,EQ,1067,1101.6,1067,1096.6,1100,1066.4,288338,314372145.40,04-Sep-2026,23619,INE002S01010
MTNL,EQ,26.59,26.98,26.47,26.55,26.55,26.42,518060,13794220.41,04-Sep-2026,2310,INE153A01019
MAHSCOOTER,EQ,13727,13727,13590,13602,13619,13639,1009,13729226.00,04-Sep-2026,324,INE288A01013
MAHSEAMLES,EQ,654.75,695.8,651.5,688.1,688,653.5,1179393,807572228.75,04-Sep-2026,42816,INE271B01025
MRIL,ST,58,58,57.3,57.3,57.3,60.15,4800,276160.00,04-Sep-2026,3,INE632Q01018
MAHESHWARI,BE,71.99,73,71.99,72.21,72.23,72.88,6852,495841.90,04-Sep-2026,26,INE263W01010
MAHICKRA,SM,285,290,285,290,290,295,1500,431250.00,04-Sep-2026,2,INE961Y01015
M&M,EQ,3158.7,3185.3,3144.2,3170,3170,3150,1489449,4719844845.80,04-Sep-2026,76929,INE101A01026
MAHEPC,EQ,103.3,104.9,103.2,103.62,103.22,103.25,7636,792592.80,04-Sep-2026,204,INE215D01010
MHRIL,EQ,208,211,206.55,207.4,207.55,207.91,155829,32438045.89,04-Sep-2026,2759,INE998I01010
MAHLIFE,EQ,365,366.7,360.15,362.4,361.4,363.1,37464,13605551.95,04-Sep-2026,2260,INE813A01018
MAHLOG,EQ,400.85,410.15,399.55,405.35,406.7,400.3,130587,52849165.10,04-Sep-2026,5680,INE766P01016
MAITHANALL,EQ,1044,1105,1035.5,1090.55,1099,1038.5,400161,432536086.95,04-Sep-2026,18948,INE683C01011
MAITREYA,SM,120,120,120,120,120,123.9,400,48000.00,04-Sep-2026,1,INE0PLQ01011
MAJESAUT,BE,355,356.25,345.1,354.95,354.95,352.7,3642,1276812.15,04-Sep-2026,184,INE201B01022
MAKERSL,EQ,206.85,206.85,188.4,189.9,191.99,200.77,6513,1272565.85,04-Sep-2026,439,INE987A01010
MAKS,SM,15.1,15.1,15.1,15.1,15.1,14.4,1500,22650.00,04-Sep-2026,1,INE0CDK01019
MALLCOM,EQ,1040,1040,998.8,1018.15,1028.8,998.8,1900,1928043.80,04-Sep-2026,157,INE389C01015
MALUPAPER,EQ,32.97,32.97,31.15,31.65,31.65,32.44,8353,268478.48,04-Sep-2026,105,INE383H01017
MAMATA,EQ,404.55,417,401.75,412.55,408.5,404.55,39601,16194928.50,04-Sep-2026,1594,INE0TO701015
MANAKCOAT,EQ,119.91,122.55,119.35,121.8,122,120.65,144960,17545643.12,04-Sep-2026,1579,INE830Q01018
MANINDS,EQ,801,807.75,781.5,788.55,785.9,793.4,505736,401890545.60,04-Sep-2026,23876,INE993A01026
MANINFRA,EQ,126,128.3,123.78,124.8,124.75,124.59,1748780,219252774.58,04-Sep-2026,11864,INE949H01023
MANAKALUCO,EQ,37.68,38.31,37.6,38.1,38.3,37.68,34763,1323755.87,04-Sep-2026,361,INE859Q01017
MANAKSIA,EQ,59.69,63.89,59.2,63.05,63.4,59.12,235473,14753757.53,04-Sep-2026,2316,INE015D01022
MANAKSTEEL,EQ,109,113,106.35,107.3,107.5,111.91,171136,18635112.70,04-Sep-2026,1885,INE824Q01011
MANALIPETC,EQ,89.56,90.61,86,86.76,86.55,89.73,6435710,568828644.91,04-Sep-2026,27514,INE201A01024
MANAPPURAM,EQ,345.05,345.2,338.2,339.7,339.7,341,2017457,687114464.10,04-Sep-2026,21527,INE522D01027
MPEL,ST,27.35,27.35,27.35,27.35,27.35,26.05,3200,87520.00,04-Sep-2026,2,INE0U4H01011
MANBA,EQ,131.5,133.32,128.5,128.95,130.5,129.45,26727,3489233.89,04-Sep-2026,285,INE939X01013
MANCREDIT,EQ,233.82,235.38,227.01,228.33,229.24,231.4,6769,1553413.85,04-Sep-2026,383,INE545L01039
MEIL,EQ,286.9,295.45,280,285.1,287,283.75,99521,28431931.00,04-Sep-2026,3061,INE0PKD01011
MAL,SM,38.05,38.2,37.25,38.2,38.2,34.75,177600,6775120.00,04-Sep-2026,86,INE00C401011
MANGLMCEM,EQ,1098,1114,1081.7,1095.2,1095,1098.2,64519,70897465.50,04-Sep-2026,3570,INE347A01017
MANGALAM,EQ,30.9,30.9,29.9,30.02,30,30.3,18726,567675.87,04-Sep-2026,225,INE584F01014
MGEL,BE,14.26,14.5,14.15,14.24,14.49,14.4,92187,1313057.90,04-Sep-2026,217,INE0APB01032
MANORG,EQ,487.8,513,484.2,489.5,489.85,490.25,16738,8248603.55,04-Sep-2026,1863,INE370D01013
MSL,EQ,145,149,137.53,142.22,141,137.53,1952,288179.69,04-Sep-2026,51,INE829S01016
MWL,EQ,39.7,39.7,37.6,38.56,38.35,39.08,243445,9428205.31,04-Sep-2026,831,INE0JYY01029
MIEL,SM,11.75,12.1,11.7,11.85,11.85,12.3,16000,189000.00,04-Sep-2026,6,INE0R3101011
MANIPALHOS,EQ,729,738,720.5,725.2,723,726,1177059,858466001.60,04-Sep-2026,36339,INE459N01021
MANKIND,EQ,2366.5,2390,2317,2327.9,2327.9,2368.8,122389,286487165.10,04-Sep-2026,12835,INE634S01028
MVGJL,EQ,172.1,187.8,172.1,179.9,179.06,171.97,1146917,208819396.03,04-Sep-2026,23530,INE0KNT01012
MANOMAY,EQ,232,237.8,224.5,234.97,235,226.83,390666,89664728.67,04-Sep-2026,4222,INE784W01015
MANORAMA,EQ,1984,2017.5,1957.7,1993.4,1976.9,1966.3,521970,1039576132.00,04-Sep-2026,44226,INE00VM01036
MANUGRAPH,BE,14.23,14.77,14.23,14.75,14.75,14.6,14661,213858.75,04-Sep-2026,36,INE867A01022
MARALOVER,EQ,55,65.69,55,61.83,62.8,55.26,313426,19533074.05,04-Sep-2026,2285,INE882A01013
MARATHON,EQ,436.05,450,434,437.9,438,434.95,388461,171862246.55,04-Sep-2026,7019,INE182D01020
MARCO,SM,32.8,32.8,31.15,31.15,31.15,32.2,12000,382875.00,04-Sep-2026,8,INE0QP001012
MARICO,EQ,824.05,824.7,814.1,815.15,815.15,827.4,1021459,835579944.30,04-Sep-2026,32320,INE196A01026
MARINE,EQ,432,442.95,426.7,432.15,430.5,430.4,826123,359166550.35,04-Sep-2026,22089,INE01JE01028
MARKOLINES,EQ,171.47,173.15,170,171.89,172,171.34,251690,43202993.72,04-Sep-2026,1111,INE0FW001016
MARKSANS,EQ,333,335.45,323.45,326.75,327.8,332.2,1654370,542841035.70,04-Sep-2026,25469,INE750C01026
MARSONS,EQ,125.89,140.73,125.3,137.56,137.91,125.53,12724657,1725581959.66,04-Sep-2026,82782,INE415B01044
MARUSHIKA,SM,110,110,109.6,109.6,109.6,110,3600,395040.00,04-Sep-2026,3,INE0X7G01013
MARUTI,EQ,12880,12880,12656,12694,12694,12857,322752,4108282962.00,04-Sep-2026,65754,INE585B01010
MASFIN,EQ,295,296.85,292.8,295,295.2,292.7,69659,20560066.05,04-Sep-2026,7392,INE348L01012
MASKINVEST,EQ,140,150.72,140,148.64,146.15,143.55,22,3239.78,04-Sep-2026,7,INE885F01015
MASON,SM,116.25,116.25,113.4,113.9,113.4,117.2,10000,1147650.00,04-Sep-2026,15,INE0SH001010
MASTEK,EQ,1815,1831.9,1752.9,1772.9,1766.5,1792.6,94020,167078136.20,04-Sep-2026,11844,INE759A01021
MASTER,SM,429.95,430,429.95,429.95,430,426,1000,429975.00,04-Sep-2026,2,INE0OJM01017
MASTERTR,EQ,81.05,95.5,81.05,89.16,89.5,81.03,8360812,761522949.41,04-Sep-2026,43240,INE677D01037
MATRIMONY,EQ,532.25,533.9,524,529.05,530.6,529.6,7124,3767785.45,04-Sep-2026,402,INE866R01028
MGSL,SM,75.05,76.5,72.5,73.8,73.9,74.55,16800,1247340.00,04-Sep-2026,13,INE132901013
MAWANASUG,EQ,146,146.98,143.2,145.43,145.5,146.27,186868,27046953.88,04-Sep-2026,3781,INE636A01039
MAXESTATES,EQ,535,546.85,529,542.1,536.4,530.7,111898,60054200.55,04-Sep-2026,3876,INE03EI01018
MFSL,EQ,1537,1569,1531.4,1548.4,1548.4,1537,543214,844436020.30,04-Sep-2026,27632,INE180A01020
MAXHEALTH,EQ,994.9,1001.3,981.1,984.8,984.8,994.9,1167047,1157409650.90,04-Sep-2026,34531,INE027H01010
MAXIND,EQ,154,154.58,150.1,150.66,150.45,152.89,24712,3758782.29,04-Sep-2026,906,INE0CG601016
MAXPOSURE,SM,29.3,30.7,29.3,29.8,29.8,29,189000,5668650.00,04-Sep-2026,26,INE0ECC01022
MAXVOLT,SM,328.4,334.7,321.25,324.8,328.5,328.4,23600,7712900.00,04-Sep-2026,55,INE10A501018
MAYURUNIQ,EQ,730,737.5,727.5,734.85,735.35,728.8,29504,21638954.85,04-Sep-2026,1657,INE040D01038
MAZDOCK,EQ,2489,2546.6,2475,2475,2475,2474,735425,1848934118.90,04-Sep-2026,32127,INE249Z01020
MAZDA,BE,269.45,274.2,260,270,267,272.85,28256,7563625.80,04-Sep-2026,270,INE885E01042
MBLINFRA,EQ,25,25,24,24.3,24.26,24.44,25935,630995.71,04-Sep-2026,154,INE912H01013
MCLEODRUSS,EQ,46.41,47.99,46,46.3,46.25,46.61,185910,8684197.66,04-Sep-2026,1097,INE942G01012
MBECL,BE,258.89,258.89,258.89,258.89,258.89,246.57,2944,762172.16,04-Sep-2026,78,INE748A01024
MCON,SM,44.6,44.6,44,44,44,42.5,8000,356100.00,04-Sep-2026,8,INE0O4M01019
MEDIASSIST,EQ,341.65,348.5,338.5,340.35,339.1,343.95,433407,148369566.65,04-Sep-2026,12318,INE456Z01021
MEDICAPQ,EQ,26.9,26.9,25.16,26.29,26.3,25.08,1645,43479.31,04-Sep-2026,38,INE442D01010
MMWL,EQ,14.1,14.59,14.1,14.53,14.23,14.07,8751,126608.37,04-Sep-2026,170,INE200D01020
MEDICAMEQ,EQ,262,276.8,260.65,270.25,271.75,259.4,118422,31980469.70,04-Sep-2026,2703,INE646B01010
MEDIORG,SM,26.5,26.7,26.5,26.5,26.5,25.65,44000,1166400.00,04-Sep-2026,10,INE0PE401018
MEDICO,EQ,39.4,40.19,39,39.87,39.52,39.5,52932,2087274.57,04-Sep-2026,756,INE630Y01024
MEDISTEP,SM,23.5,23.5,22.85,22.9,22.9,22.8,12000,278250.00,04-Sep-2026,3,INE0UOY01019
MEDPLUS,EQ,660.65,691.35,650.2,676.35,663.05,660.65,310867,208659458.25,04-Sep-2026,12964,INE804L01022
MEESHO,EQ,209.74,216.67,207.87,209,209.98,209.74,22949812,4878476094.93,04-Sep-2026,129113,INE0VDM01015
MEGAFLEX,SM,95,95,91,91,91,95,6000,558000.00,04-Sep-2026,5,INE0G1D01014
MEGASTAR,EQ,301.05,309.65,301.05,307.6,307.95,304.1,2947,898508.35,04-Sep-2026,114,INE00EM01016
MEGATHERM,SM,207,232.95,207,228.75,232.95,205.1,58000,12563740.00,04-Sep-2026,98,INE531R01010
MOL,EQ,68.23,68.75,66.28,66.66,66.28,67.52,1538689,103459938.08,04-Sep-2026,7566,INE0CT101020
MIIL,EQ,722,722.35,711.85,717.05,714,718.4,82890,59301056.50,04-Sep-2026,670,INE898Q01015
MENONBE,BE,311,323.95,311,321.4,320,308.55,202288,65288105.75,04-Sep-2026,2953,INE071D01033
MENNPIS,EQ,74.82,79.46,74.78,77.64,77.8,74.82,261863,20395542.82,04-Sep-2026,4156,INE650G01029
MEP,BZ,0.71,0.71,0.71,0.71,0.71,0.72,13408,9519.68,04-Sep-2026,32,INE776I01010
MERCANTILE,EQ,26.9,26.9,24.49,25.45,25.26,25.55,550263,14209516.99,04-Sep-2026,1130,INE689O01013
MERCURYEV,EQ,37.91,37.93,36.12,36.74,36.94,36.67,41943,1543568.74,04-Sep-2026,676,INE763M01028
METALIC,ST,135,141.5,134.5,134.65,135,137,48000,6579920.00,04-Sep-2026,27,INE1II801013
METROBRAND,EQ,915.65,935,909,929.15,927,915.65,39468,36399647.95,04-Sep-2026,4906,INE317I01021
METROGLOBL,EQ,137,139.5,133.25,136.14,137.99,137,601,80959.70,04-Sep-2026,44,INE085D01033
METROPOLIS,EQ,593.4,593.4,584.9,588.7,590.5,591.9,239323,140920630.75,04-Sep-2026,14831,INE112L01020
MICEL,BE,36.74,36.74,36.74,36.74,36.74,37.48,82417,3028000.58,04-Sep-2026,553,INE287C01037
MIDWESTLTD,EQ,1064.9,1065,1053,1062.1,1057.2,1054.3,7030,7448518.80,04-Sep-2026,725,INE0XAD01024
MLKFOOD,EQ,83.55,85,82.5,83.63,84.78,82.62,1824,152576.45,04-Sep-2026,62,INE588G01021
MILKYMIST,EQ,255,260.59,249.5,252.43,252.95,252.89,14599282,3704027052.08,04-Sep-2026,107595,INE00IT01020
MILTON,SM,36.5,38.3,34.7,38.1,38.3,36.5,19800,743270.00,04-Sep-2026,8,INE376Y01016
MINALIND,BE,5.35,5.35,5.35,5.35,5.35,5.1,73953,395648.55,04-Sep-2026,113,INE097E01028
MINDACORP,EQ,709.75,709.8,695.25,702.8,697.1,706.5,199782,139972697.75,04-Sep-2026,11199,INE842C01021
MINDSPACE,RR,503.84,505,500.39,501.11,500.4,499.92,139215,69893239.89,04-Sep-2026,8265,INE0CCU25019
MINDTECK,EQ,168,170.98,167.15,168.81,169.15,168.22,17432,2950540.06,04-Sep-2026,646,INE110B01017
ALPHAETF,EQ,26.5,26.71,26.49,26.58,26.62,26.52,481962,12827348.87,04-Sep-2026,696,INF769K01KU7
BANKETF,EQ,588.93,588.93,585.01,586.33,586.27,586,18870,11077831.07,04-Sep-2026,210,INF769K01KR3
BANKPSU,EQ,86.38,86.74,86.1,86.14,86.1,86.33,11350,981124.43,04-Sep-2026,76,INF769K01LZ4
CONSUMER,EQ,12.45,12.45,12,12.03,12.04,12.02,487786,5871987.23,04-Sep-2026,314,INF769K01NS5
DEFENCE,EQ,81.75,82.57,81.59,81.99,81.81,81.45,239629,19678953.87,04-Sep-2026,881,INF769K01QC2
DIVIDEND,EQ,35.72,35.72,35.49,35.62,35.61,35.55,2476,88047.11,04-Sep-2026,61,INF769K01PY8
ENERGY,EQ,38.49,38.81,38.3,38.41,38.3,38.41,274108,10543204.02,04-Sep-2026,773,INF769K01PR2
EQUAL200,EQ,13.95,13.95,13.81,13.82,13.82,13.83,10167,140661.36,04-Sep-2026,48,INF769K01OA1
EQUAL50,EQ,329.56,330.22,329.4,330.22,330.22,329.56,444,146412.62,04-Sep-2026,8,INF769K01OO2
EVINDIA,EQ,32.8,32.8,32.38,32.44,32.46,32.67,304394,9890195.36,04-Sep-2026,1987,INF769K01LQ3
HEALTHCARE,EQ,22.06,22.06,21.48,21.51,21.54,21.63,20094,433601.73,04-Sep-2026,251,INF769K01QA6
HYBRIDETF,EQ,10.27,10.27,10.03,10.03,10.05,10.07,41052,412539.52,04-Sep-2026,97,INF769K01RJ5
INFRA,EQ,12.21,12.21,12.01,12.04,12.03,12.03,14437,174063.96,04-Sep-2026,135,INF769K01QB4
INTERNET,EQ,14.65,14.74,14.44,14.61,14.59,14.52,534263,7811537.57,04-Sep-2026,242,INF769K01PB6
ITETF,EQ,33.05,33.17,32.5,32.54,32.59,32.69,127150,4159325.24,04-Sep-2026,481,INF769K01KV5
LARGEMID50,EQ,36.36,36.42,36.27,36.39,36.39,36.36,2309,83919.80,04-Sep-2026,14,INF769K01RK3
LIQUID,EQ,999.99,1000,999.99,999.99,1000,999.99,328991,328989768.63,04-Sep-2026,387,INF769K01KS1
LIQUIDPLUS,EQ,1101.95,1102.03,1101.95,1102.01,1102.03,1101.63,233686,257525607.29,04-Sep-2026,300,INF769K01MY5
ESG,EQ,41.16,41.2,41,41.15,41.15,41.07,2704,111332.66,04-Sep-2026,53,INF769K01GS9
MAFANG,EQ,207.56,207.56,207.56,207.56,207.56,207.08,59968,12446958.08,04-Sep-2026,351,INF769K01HF4
BFSI,EQ,27.61,27.61,27.02,27.17,27.15,27.02,323149,8773794.06,04-Sep-2026,608,INF769K01HI8
GOLDETF,EQ,148.61,150.73,148.61,149.46,149.4,148.23,1811520,270766313.90,04-Sep-2026,4481,INF769K01JP9
GSEC10YEAR,EQ,30.53,30.53,30.22,30.37,30.37,30.5,616,18678.77,04-Sep-2026,12,INF769K01KF8
MAHKTECH,EQ,22.1,22.1,22.1,22.1,22.1,22.26,436637,9649677.70,04-Sep-2026,473,INF769K01HS7
MIDCAPETF,EQ,24.23,24.23,23.7,23.73,23.74,23.75,1238138,29437846.60,04-Sep-2026,4406,INF769K01IC9
MAKEINDIA,EQ,165.42,165.79,165.06,165.23,165.37,165.47,32053,5299652.90,04-Sep-2026,383,INF769K01IB1
NIFTYETF,EQ,260.99,261.45,259.58,260.69,260.58,260.05,110752,28888266.06,04-Sep-2026,718,INF769K01EG9
LOWVOL,EQ,204.13,204.13,204.13,204.13,204.13,205.78,1,204.13,04-Sep-2026,1,INF769K01JU9
NEXT50,EQ,758.91,758.91,754.01,755.1,754.33,755.13,85666,64744883.19,04-Sep-2026,2449,INF769K01FN2
SILVERAG,EQ,229.69,229.69,225.34,227.02,227,224.43,122655,27816770.35,04-Sep-2026,2180,INF769K01KG6
MASPTOP50,EQ,79.86,79.86,79.86,79.86,79.86,79.26,25819,2061905.34,04-Sep-2026,131,INF769K01HP3
METAL,EQ,13.62,13.62,13.28,13.46,13.47,13.29,1538895,20641122.15,04-Sep-2026,3462,INF769K01LY7
MIDSMALL,EQ,52.07,53.07,51.7,51.82,51.83,52.03,148865,7724050.50,04-Sep-2026,728,INF769K01LJ8
MOMMIDCAP,EQ,13.01,13.07,12.98,12.99,12.99,13.02,463054,6026349.49,04-Sep-2026,472,INF769K01RC0
MULTICAP,EQ,16.83,16.84,16.76,16.79,16.76,16.75,75191,1262822.50,04-Sep-2026,361,INF769K01LX9
SELECTIPO,EQ,48.7,48.96,48.58,48.65,48.72,48.72,61110,2984005.29,04-Sep-2026,128,INF769K01ON4
SENSEXETF,EQ,79.5,79.5,79.07,79.2,79.14,79.12,14854,1176800.02,04-Sep-2026,163,INF769K01KT9
SMALL250,EQ,18.75,18.75,18.51,18.54,18.52,18.51,194876,3617900.02,04-Sep-2026,593,INF769K01PQ4
SMALLCAP,EQ,49.25,49.4,47.73,48.9,49.22,49.06,3500382,171723810.58,04-Sep-2026,3340,INF769K01LC3
TOP20,EQ,8.9,8.91,8.86,8.88,8.87,8.88,28580,254093.72,04-Sep-2026,118,INF769K01PZ5
VALUE,EQ,16.12,16.17,16.07,16.15,16.15,16.09,15902,256288.91,04-Sep-2026,52,INF769K01QV2
MIRZAINT,EQ,30.7,31.5,30.7,30.96,30.82,30.99,65986,2047715.05,04-Sep-2026,685,INE771A01026
MIDHANI,EQ,417,428.2,416.3,418.8,420.3,416.9,562610,236881910.30,04-Sep-2026,14315,INE099Z01011
MITCON,BE,78,78.25,77.8,77.8,77.8,78,1066,83051.30,04-Sep-2026,22,INE828O01033
MITTAL,EQ,0.8,0.82,0.78,0.8,0.82,0.78,713212,569834.67,04-Sep-2026,362,INE997Y01027
MMFL,EQ,643.8,649.9,620,630.1,629.65,641.8,163248,103245201.55,04-Sep-2026,7658,INE227C01017
MMP,EQ,399.9,404.95,383.35,404.15,400,395.95,112103,44513699.20,04-Sep-2026,2401,INE511Y01018
MMTC,EQ,62.61,66.2,62.53,64.18,64.19,62.32,8443462,548945723.35,04-Sep-2026,38101,INE123F01029
MOBILISE,SM,108.15,108.15,108.15,108.15,108.15,113.75,1600,173040.00,04-Sep-2026,1,INE1YNB01019
MODTHREAD,EQ,53,55.98,53,54.37,55,53.39,12306,666704.23,04-Sep-2026,178,INE794W01014
MODINATUR,EQ,345.1,345.1,328,340.95,338.4,334.3,3782,1289992.20,04-Sep-2026,147,INE537F01012
MODIRUBBER,EQ,135.38,135.38,130.42,131.3,131,131.83,1186,157077.78,04-Sep-2026,72,INE832A01018
MODIS,EQ,377.5,383.8,376.6,380.85,378,379.1,11292,4293558.80,04-Sep-2026,502,INE0L0L01012
MODISONLTD,EQ,479.2,494.65,469.95,469.95,469.95,494.65,412447,196800998.20,04-Sep-2026,6839,INE737D01021
MOHITIND,EQ,24.99,24.99,23.37,23.78,23.73,23.72,10348,244749.72,04-Sep-2026,86,INE954E01012
MOHITE,EQ,2.8,2.84,2.6,2.79,2.8,2.8,133842,367484.00,04-Sep-2026,151,INE154B01023
MOIL,EQ,252.7,253.7,249.97,252.3,252.55,250.68,505504,127219892.97,04-Sep-2026,9610,INE490G01020
MOKSH,EQ,9.99,10.2,9.99,10.07,10.05,9.98,112542,1135930.61,04-Sep-2026,268,INE514Y01020
MOLBIO,EQ,1139.9,1177,1117.2,1160.5,1158.9,1135.2,594273,680920445.30,04-Sep-2026,23770,INE869T01028
MOLDTKPAC,EQ,702.85,710.05,700,706.65,708,699.6,36489,25731025.90,04-Sep-2026,1951,INE893J01029
MOLDTECH,BE,207,215,200.55,208.96,209.3,207.31,27919,5819394.72,04-Sep-2026,446,INE835B01035
MONARCH,EQ,380.1,382.65,373,377.9,377,381.3,77678,29316751.50,04-Sep-2026,1927,INE903D01011
MONEYBOXX,EQ,56.93,68.66,56.93,58.8,58.79,57.22,92042,5791805.15,04-Sep-2026,1040,INE296Q01012
MONOPHARMA,SM,8.65,8.95,8.65,8.95,8.95,8.95,6000,53100.00,04-Sep-2026,3,INE0OIP01012
MONOLITH,SM,1295,1295,1240,1265.65,1284,1286.1,33250,42226700.00,04-Sep-2026,101,INE1DV401010
MONTECARLO,EQ,567.4,577,562.15,574.5,574,564.45,53976,30752426.25,04-Sep-2026,2042,INE950M01013
MOREPENLAB,EQ,117.91,118,112.55,113.74,113.6,117.45,17563502,2017342713.96,04-Sep-2026,68746,INE083A01026
MOS,ST,7.55,7.55,7.55,7.55,7.55,7.9,152000,1147600.00,04-Sep-2026,30,INE0N7S01028
MOSCHIP,EQ,213.56,215.19,211.11,212.22,212.4,213.57,1176516,250563929.33,04-Sep-2026,14637,INE935B01025
MSUMI,EQ,36.81,37.05,36.18,36.52,36.57,37.03,12064648,440018643.31,04-Sep-2026,36139,INE0FS801015
MOM100,EQ,68.6,68.73,68,68.18,68.12,68.18,153254,10472419.94,04-Sep-2026,2100,INF247L01023
MON100,EQ,324.67,324.67,324.67,324.67,324.67,323.86,70173,22783067.91,04-Sep-2026,747,INF247L01AP3
MOTILALOFS,EQ,1023,1040.8,1022.8,1037,1037,1012.8,807197,833675139.90,04-Sep-2026,27936,INE338I01027
MOM50,EQ,250.29,252,250.29,251.47,252,250.41,1830,459430.41,04-Sep-2026,81,INF247L01536
MOGSEC,EQ,65.38,65.7,65.34,65.69,65.62,65.4,1982,129963.11,04-Sep-2026,26,INF247L01AK4
MOALPHA50,EQ,56.36,57.5,56.16,56.36,56.45,56.62,5914,333230.89,04-Sep-2026,80,INF247L01FR8
MOBANK10,EQ,17,17,16.85,16.95,16.96,16.9,868,14682.08,04-Sep-2026,42,INF247L01GV8
MOCAPITAL,EQ,55.14,55.14,54.02,54.5,54.6,53.8,682395,37214197.57,04-Sep-2026,2510,INF247L01EV3
MODEFENCE,EQ,106.9,107.97,106.5,107.14,107.34,106.05,3442112,370564298.03,04-Sep-2026,6810,INF247L01DJ0
MOENERGY,EQ,38,38.99,37.86,38.42,38.42,38.31,118745,4561870.79,04-Sep-2026,534,INF247L01GH7
MOGOLD,EQ,150.55,153,150.55,151.75,151.65,150.65,39281,5969146.35,04-Sep-2026,609,INF247L01FY4
MOHEALTH,EQ,52.68,52.68,51.67,51.84,51.92,52.17,31140,1617347.98,04-Sep-2026,585,INF247L01BB1
MOINFRA,EQ,58.7,58.7,58.45,58.68,58.61,58.66,1827,107114.18,04-Sep-2026,27,INF247L01FL1
MOIPO,EQ,48.69,51,48.65,49.15,48.93,48.74,23258,1142614.04,04-Sep-2026,63,INF247L01GI5
MOLOWVOL,EQ,36.09,36.21,35.97,36.12,36.21,36.35,3927,141649.99,04-Sep-2026,89,INF247L01BL0
MOMENTUM50,EQ,54.54,54.55,53.78,54.38,54.5,54.25,675732,36727559.76,04-Sep-2026,1403,INF247L01DK8
MOMETAL,EQ,13.21,13.41,13.16,13.32,13.41,13.16,9735,129879.20,04-Sep-2026,25,INF247L01HG7
MOMGF,EQ,161.93,170,161.93,165.66,163,162.74,315,51168.06,04-Sep-2026,28,INF247L01FK3
MOMIDMTM,EQ,64.7,64.89,64.5,64.55,64.5,64.7,59852,3869045.06,04-Sep-2026,273,INF247L01FQ0
MOMNC,EQ,33,33,32.15,32.19,32.19,32.29,2895,93115.36,04-Sep-2026,23,INF247L01GK1
MOMOMENTUM,EQ,61.92,62.62,61.56,62.27,62.51,62.18,43375,2693998.75,04-Sep-2026,340,INF247L01BK2
MON50EQUAL,EQ,33.3,33.3,32.98,33.17,33.17,33.16,6254,206845.56,04-Sep-2026,61,INF247L01FC0
MONEXT50,EQ,73.05,73.33,72.84,73.14,73.26,73.05,1755,128053.28,04-Sep-2026,54,INF247L01FD8
MONIFTY100,EQ,25.28,25.35,25.2,25.32,25.32,25.17,23737,600887.34,04-Sep-2026,46,INF247L01GG9
MONIFTY500,EQ,23.8,23.93,23.8,23.91,23.93,23.8,249509,5962043.40,04-Sep-2026,1019,INF247L01BU1
MONQ50,EQ,141.93,141.93,141.93,141.93,141.93,141.73,17832,2530895.76,04-Sep-2026,95,INF247L01AU3
MOOILGAS,EQ,11.21,11.29,11.19,11.29,11.29,11.21,6633,74854.49,04-Sep-2026,36,INF247L01HH5
MOPSE,EQ,99.46,102.5,99.42,101.57,99.74,99.4,217,21691.95,04-Sep-2026,20,INF247L01FO5
MOQUALITY,EQ,199.49,199.53,198.14,198.73,198.73,199.01,1467,291916.19,04-Sep-2026,27,INF247L01BH8
MOREALTY,EQ,92,92.55,90.12,90.84,90.5,91.75,2200446,200892110.46,04-Sep-2026,2616,INF247L01CI4
MOSERVICE,EQ,30.91,30.99,30.9,30.91,30.91,30.64,4297,132823.85,04-Sep-2026,21,INF247L01GJ3
MOSILVER,EQ,231.14,231.15,228.28,230.02,230.4,227.19,20361,4683510.15,04-Sep-2026,747,INF247L01FZ1
MOSMALL250,EQ,18.96,18.96,18.45,18.52,18.58,18.55,1698632,31489971.79,04-Sep-2026,1854,INF247L01CH6
MOTOUR,EQ,78.21,78.21,77.63,77.74,77.63,77.89,14189,1105062.30,04-Sep-2026,128,INF247L01FP2
MOVALUE,EQ,115,115,112.8,113.26,112.8,112.8,33586,3801886.75,04-Sep-2026,499,INF247L01BE5
MOTISONS,EQ,15.21,17.5,15.21,16.48,16.6,15.37,123701270,2045895817.23,04-Sep-2026,165631,INE0FRK01020
MOTOGENFIN,BE,27.72,29,27.72,28.71,28.75,27.97,38267,1091292.06,04-Sep-2026,74,INE861B01023
MMEL,SM,24.55,25.75,24,25.25,25.25,24.5,54000,1334200.00,04-Sep-2026,20,INE0XM301010
MPDL,BE,34.89,34.89,33,33.98,33.99,33.23,957,32901.88,04-Sep-2026,18,INE493H01014
MPHASIS,EQ,2482,2502.7,2417.3,2422,2422,2471,160732,393634995.00,04-Sep-2026,13534,INE356A01018
MPSLTD,EQ,2633.6,2700,2631.6,2658.9,2650.1,2620.6,15166,40413315.80,04-Sep-2026,2535,INE943D01017
MRF,EQ,130950,131080,129705,129945,130000,130510,4656,606101075.00,04-Sep-2026,2742,INE883A01011
MRPL,EQ,176.4,178.9,174.25,174.83,175.4,175.99,3031271,533725531.34,04-Sep-2026,20658,INE103A01014
BECTORFOOD,EQ,230.01,231.7,225.16,225.96,226.5,229.41,493507,112658542.46,04-Sep-2026,13225,INE495P01020
MSPL,EQ,35.79,35.8,35.01,35.4,35.48,35.34,334614,11826438.24,04-Sep-2026,1689,INE752G01015
MSTCLTD,EQ,746.55,749,724,734.2,736,744.25,159233,117279477.20,04-Sep-2026,6930,INE255X01014
MTEDUCARE,BE,1.77,1.77,1.7,1.77,1.77,1.69,30604,54166.63,04-Sep-2026,61,INE472M01018
MTARTECH,BE,6930,7161,6850,7161,7161,6820,222417,1578958408.00,04-Sep-2026,16894,INE864I01014
MUFIN,EQ,137.45,138.78,136.42,137.56,136.87,136.92,1131652,155843904.35,04-Sep-2026,4050,INE08KJ01020
MUKANDLTD,EQ,133.49,134.9,132.81,134.44,134.2,132.97,44731,5988101.81,04-Sep-2026,684,INE304A01026
MUKESHB,EQ,134,134,133.9,133.91,133.99,134,312,41798.05,04-Sep-2026,5,INE596B01017
MUKKA,EQ,29.99,32.44,28.96,31.34,31.3,28.72,6910108,212354826.68,04-Sep-2026,25607,INE0CG401037
MUKTAARTS,BE,54.98,58.9,54.98,58.9,58.9,56.1,13799,811374.93,04-Sep-2026,64,INE374B01019
MCX,EQ,3187.8,3287.4,3165.6,3275.4,3275.4,3170.2,2485731,8037835436.70,04-Sep-2026,89140,INE745G01043
MUNISH,SM,82,83.95,82,83.05,83.05,82.55,15600,1294980.00,04-Sep-2026,12,INE1K8Y01018
MUNJALAU,EQ,113.45,114.99,111.34,112.28,112.1,112.92,317397,35752752.87,04-Sep-2026,4135,INE672B01032
MUNJALSHOW,EQ,129.27,130.8,128.1,129.21,129.8,129.27,19122,2485181.68,04-Sep-2026,424,INE577A01027
MURUDCERA,EQ,30.45,30.48,29.45,29.66,29.71,29.97,15994,476446.08,04-Sep-2026,227,INE692B01014
RADIOCITY,EQ,6.21,6.38,6.21,6.28,6.3,6.24,60215,377785.29,04-Sep-2026,128,INE919I01024
MUTHOOTCAP,EQ,248,249.88,238.9,241.72,240.75,243.75,9133,2220704.05,04-Sep-2026,465,INE296G01013
MUTHOOTFIN,EQ,2971,2979.9,2913,2913.8,2913.8,2926.5,583485,1712851706.40,04-Sep-2026,41017,INE414G01012
MUTHOOTMF,EQ,208.99,209.55,204.8,205.29,207,206.89,177382,36661543.02,04-Sep-2026,2299,INE046W01019
MVELECTRO,EQ,730.65,752.4,710,729.7,724,730.65,3173336,2323805264.80,04-Sep-2026,58930,INE0OWZ01020
MYMUDRA,SM,66.35,74,66.35,72,72,70,16800,1208580.00,04-Sep-2026,11,INE0RVQ01016
MYSORPETRO,BE,125.51,127.95,122,127.12,127.9,124.89,5905,747918.62,04-Sep-2026,73,INE741A01011
NRAIL,EQ,498.95,595.25,496.05,584,595,496.05,157426,89869362.85,04-Sep-2026,5383,INE740D01017
NRVANDANA,SM,69.9,69.9,69.9,69.9,69.9,68.1,3000,209700.00,04-Sep-2026,1,INE104101014
NTCIND,EQ,139,139,130.26,133.16,133.15,132.95,7739,1057015.13,04-Sep-2026,169,INE920C01017
NBIFIN,EQ,1971.7,1998.6,1960,1981.9,1985,1983.4,5313,10446802.90,04-Sep-2026,51,INE365I01020
NACLIND,EQ,166,168.45,165.21,166.84,167.8,166.45,220617,36785293.77,04-Sep-2026,3809,INE295D01020
NDGL,EQ,2760,2840,2735.5,2787.7,2785,2757.6,392,1092511.60,04-Sep-2026,77,INE756C01015
NAGREEKCAP,EQ,22.87,23.34,22.22,23.25,23.34,22.87,2918,66232.31,04-Sep-2026,88,INE245I01016
NAGREEKEXP,EQ,21.1,25,20.81,24.1,22.5,21.3,411783,9398787.95,04-Sep-2026,516,INE123B01028
NAHARCAP,EQ,259.5,261.9,258,261.75,261.85,259.5,798,207017.70,04-Sep-2026,29,INE049I01012
NAHARINDUS,EQ,137.96,139.23,136.23,137.63,136.6,137.96,17477,2408226.73,04-Sep-2026,408,INE289A01011
NAHARPOLY,EQ,247.86,247.86,239.4,244.54,243.1,248.39,12772,3112272.04,04-Sep-2026,365,INE308A01027
NAHARSPING,EQ,295.7,296,288.1,289.8,290.05,293,36995,10772032.40,04-Sep-2026,966,INE290A01027
NGIL,EQ,41.04,41.04,39.55,40.58,39.75,40.24,5259,211195.10,04-Sep-2026,40,INE236Y01012
NSIL,EQ,5683,5799,5636,5721.5,5701,5683,4333,24819823.00,04-Sep-2026,454,INE023A01030
NAMAN,SM,40.1,40.1,40.1,40.1,40.1,40,3200,128320.00,04-Sep-2026,4,INE0RJM01010
NAMOEWASTE,ST,264.9,275.3,262.15,274.1,272,262.2,32000,8683240.00,04-Sep-2026,40,INE08NZ01012
NDL,EQ,2.83,2.87,2.8,2.83,2.85,2.83,1205958,3416871.55,04-Sep-2026,1098,INE875G01048
JAIPURKURT,EQ,25.74,26.37,24.65,25.33,25,25.82,51045,1303944.88,04-Sep-2026,176,INE696V01013
NH,EQ,1881,1898.8,1850.5,1858.5,1862,1882.2,210266,393212322.30,04-Sep-2026,27450,INE410P01011
NARMADA,EQ,13.65,13.79,13.35,13.51,13.48,13.62,246596,3334588.74,04-Sep-2026,646,INE117Z01029
NATCOPHARM,EQ,839,841.8,826.5,828.65,827.7,838.3,445370,370453631.15,04-Sep-2026,34975,INE987B01026
NATHBIOGEN,EQ,154,154.94,151.66,153.12,153.1,153.07,7468,1141388.04,04-Sep-2026,183,INE448G01010
NATIONALUM,EQ,376,378.95,372.75,374.1,374.1,374,5517970,2070277862.75,04-Sep-2026,60913,INE139A01034
NFL,EQ,70.34,70.88,70.34,70.51,70.64,70.33,400837,28290910.11,04-Sep-2026,2425,INE870D01012
NATIONSTD,EQ,106.5,108.06,104,107.74,106.49,104.75,16687,1784538.65,04-Sep-2026,651,INE166R01015
NATCAPSUQ,BE,232.2,234,215.64,216.42,220.4,226.98,13334,2989488.22,04-Sep-2026,201,INE936B01015
NAVA,EQ,558.5,562.95,556.5,560.2,560.35,557.2,192328,107657977.90,04-Sep-2026,6564,INE725A01030
NAVINFLUOR,EQ,8700,8700,8512,8557.5,8553,8697,131131,1125883748.50,04-Sep-2026,24980,INE048G01026
NAVKARCORP,EQ,97.51,99.41,96,96.24,97,97.44,230610,22356555.54,04-Sep-2026,2050,INE278M01019
NAVKARURB,BE,0.92,0.92,0.88,0.9,0.91,0.89,226159,203556.63,04-Sep-2026,282,INE268H01044
NAVNETEDUL,EQ,132.75,132.75,130.88,131.21,131.16,132.08,77764,10240983.01,04-Sep-2026,874,INE060A01024
NAZARA,EQ,366.8,370.95,363.25,368.65,368.4,365.8,1088812,400026821.50,04-Sep-2026,13592,INE418L01047
NBCC,EQ,86.5,87.35,86.31,86.6,86.6,86.5,2548390,221150446.46,04-Sep-2026,16051,INE095N01031
NCC,EQ,146.6,150.45,145.87,149.7,150,147.24,2168692,320916227.67,04-Sep-2026,21637,INE868B01028
NCLIND,EQ,176.01,179,175.52,177.81,177.5,177.36,29351,5200378.58,04-Sep-2026,2878,INE732C01016
NDLVENTURE,EQ,123.9,125.1,123.18,124.72,125,123.01,18630,2314819.71,04-Sep-2026,178,INE353A01023
NDRAUTO,EQ,727.8,729,716.8,723.45,724.5,724.2,8337,6024804.80,04-Sep-2026,872,INE07OG01012
NDTV,EQ,71,75.3,70.75,74.27,74.4,70.66,236637,17345340.29,04-Sep-2026,1764,INE155G01029
NECLIFE,EQ,12.2,12.49,12.11,12.19,12.2,12.17,205001,2507347.93,04-Sep-2026,361,INE023H01027
NEAGI,EQ,3300.1,3300.1,3300.1,3300.1,3300.1,3370.1,1,3300.10,04-Sep-2026,1,INE605D01012
NELCAST,EQ,118.76,119.48,116.5,116.99,117,118.76,88011,10341702.69,04-Sep-2026,1262,INE189I01024
NELCO,EQ,939.5,942.75,908,911.25,912,933.75,159766,147264082.25,04-Sep-2026,7697,INE045B01015
NEOCHEM,SM,94.05,98.05,94,95.25,95.1,96.1,15600,1488840.00,04-Sep-2026,10,INE21UM01018
NEOGEN,EQ,2149,2172.6,2123,2137.9,2146,2137.1,88400,189807136.40,04-Sep-2026,19344,INE136S01016
NEPHROCARE,SM,98,98.5,89.95,93.55,93.75,98,26800,2523720.00,04-Sep-2026,58,INE0SUN01013
NEPHROPLUS,EQ,711.85,720,692,697.05,700,706.75,197509,139836547.60,04-Sep-2026,11171,INE428V01029
NEPTUNE,SM,175,175,175,175,175,174,500,87500.00,04-Sep-2026,1,INE156901014
NESCO,EQ,1039.5,1066.8,1039.5,1047.6,1043,1044.8,48170,50679111.20,04-Sep-2026,4726,INE317F01035
NESTLEIND,EQ,1415,1420,1402.5,1410.5,1410.5,1416,974257,1373795994.20,04-Sep-2026,39301,INE239A01024
NETWEB,EQ,5297.5,5424,5164.5,5193,5190,5270,1816227,9614867528.50,04-Sep-2026,130017,INE0NT901020
NPST,EQ,1720.9,1775,1705,1718.8,1724.6,1718.4,56393,98435352.10,04-Sep-2026,5758,INE0FFK01017
NETWORK18,EQ,27.56,28.53,27.56,28.38,28.31,27.55,3493333,98244784.81,04-Sep-2026,8433,INE870H01013
NEUEON,BE,10.95,11.38,10.88,11.22,11.24,10.94,51567,568092.33,04-Sep-2026,137,INE333I01044
NEULANDLAB,EQ,23095,23095,22550,22660,22640,22890,21110,481285770.00,04-Sep-2026,6268,INE794A01010
NEWGEN,EQ,522,543.95,522,524.8,526.5,517.65,2160906,1150974790.50,04-Sep-2026,48574,INE619B01017
NMSTEEL,SM,23.8,24,23.7,23.85,24,23.9,8000,190480.00,04-Sep-2026,5,INE0TP801012
NEXTMEDIA,EQ,3.86,4.12,3.86,3.89,3.87,4,54384,214224.20,04-Sep-2026,149,INE747B01016
NXST,BL,164,164,164,164,164,150,7495149,1229204436.00,04-Sep-2026,1,INE0NDH25011
NXST,RR,168,168.2,163.4,165.89,166.4,167.8,1115181,185314713.61,04-Sep-2026,5277,INE0NDH25011
NFPSAMPOOR,SM,20.6,20.6,20.6,20.6,20.6,20.5,6000,123600.00,04-Sep-2026,3,INE0T1501010
NGLFINE,EQ,2940,2981.9,2890.5,2907.5,2900,2940.8,7107,20808862.30,04-Sep-2026,1535,INE887E01022
893NHB29,N6,5600,5600,5600,5600,5600,5600,37,207200.00,04-Sep-2026,5,INE557F07181
NHPC,EQ,76.39,76.75,75.91,76.25,76.25,76.45,4059538,310146281.24,04-Sep-2026,21579,INE848E01016
NIBE,EQ,1327,1349,1325,1336.6,1340,1322,28848,38526842.00,04-Sep-2026,2713,INE149O01018
NICCOPAR,EQ,77.51,83.99,77.43,79.55,79.55,78.2,2885,230703.55,04-Sep-2026,71,INE653C01022
NIDAN,SM,15.45,15.45,14.1,14.1,14.1,14.85,6000,89500.00,04-Sep-2026,6,INE0J6L01013
NIITMTS,EQ,229.99,229.99,222.21,225.94,225,222.91,100147,22574341.77,04-Sep-2026,3678,INE342G01023
NIITLTD,EQ,97.5,100.57,97.5,98.96,99.1,97.57,255516,25343474.04,04-Sep-2026,3016,INE161A01038
NIKITA,SM,72.5,72.5,72.5,72.5,72.5,71.55,2400,174000.00,04-Sep-2026,2,INE0FLF01015
NILAINFRA,EQ,6.7,6.75,6.62,6.67,6.68,6.7,220311,1468805.32,04-Sep-2026,551,INE937C01029
NILASPACES,EQ,12.45,12.54,12.18,12.23,12.3,12.28,666134,8180127.99,04-Sep-2026,1272,INE00S901012
NILE,EQ,1456,1492,1450.3,1465.8,1470,1470.5,2840,4170838.10,04-Sep-2026,431,INE445D01013
NILKAMAL,EQ,2101.8,2130,2081,2116.5,2101.2,2111.1,19143,40349447.00,04-Sep-2026,2435,INE310A01015
NIMBSPROJ,EQ,154,154,144.34,147.84,150.8,151.93,4411,647697.00,04-Sep-2026,197,INE875B01015
NINSYS,EQ,716.9,716.95,702.6,712.75,713,709.25,2822,2001776.10,04-Sep-2026,410,INE395U01014
BANKBEES,EQ,599,599,595.03,596.2,596,596.02,345232,205955021.58,04-Sep-2026,5094,INF204KB15I9
CONSUMBEES,EQ,130.8,130.8,129.56,129.78,130.12,130.02,421784,54872145.55,04-Sep-2026,1348,INF204KA1LD7
DIVOPPBEES,EQ,76.68,77.4,76.27,76.77,76.95,76.68,97372,7475976.39,04-Sep-2026,980,INF204KA1MS3
NV20BEES,EQ,139.15,140.12,139,139.39,139.5,139.13,5065,707084.55,04-Sep-2026,228,INF204KB18I3
GOLDBEES,EQ,126.85,127.72,126.78,127.17,127.09,126.23,20415178,2597281031.44,04-Sep-2026,70327,INF204KB17I5
HNGSNGBEES,EQ,470.01,475.25,470,471.09,471.4,468.46,61650,29125452.78,04-Sep-2026,3201,INF204KB19I1
INFRABEES,EQ,954.38,958.63,952.54,956.45,952.85,954.28,3516,3359266.47,04-Sep-2026,395,INF732E01268
ITBEES,EQ,34.34,34.76,34,34.09,34.25,34.29,8504508,291229306.57,04-Sep-2026,14153,INF204KB15V2
JUNIORBEES,EQ,795.84,795.84,784,791.07,791.65,788.74,283994,224784393.96,04-Sep-2026,7296,INF732E01045
LIQUIDBEES,EQ,1020,1020,999.99,1000,1000.01,1000,2607097,2607107998.73,04-Sep-2026,5798,INF732E01037
LTGILTBEES,EQ,29.89,29.89,29.82,29.84,29.86,29.86,3617915,107952623.12,04-Sep-2026,773,INF204KB1882
MID150BEES,EQ,241.04,241.05,238.67,240.15,239.44,240.14,654280,157281222.97,04-Sep-2026,6417,INF204KB1V68
NIF100BEES,EQ,265.32,267.34,265.19,266.58,266.9,265.6,31122,8300600.00,04-Sep-2026,475,INF204K014N5
NIFTYBEES,EQ,278.08,278.08,272.56,273.27,273.23,272.63,3162846,864501747.89,04-Sep-2026,31548,INF204KB14I2
PSUBNKBEES,EQ,95.7,96.2,95.34,95.45,95.67,95.68,1284747,122937692.42,04-Sep-2026,4088,INF204KB16I7
SHARIABEES,EQ,458.12,458.12,451.93,452.84,452,453.44,25560,11567957.69,04-Sep-2026,507,INF732E01128
NAM-INDIA,EQ,1160,1184.5,1151.8,1159.9,1159.9,1164.9,1522876,1772927432.50,04-Sep-2026,34189,INE298J01013
LIQGRWBEES,EQ,1054.14,1054.49,1054.14,1054.46,1054.45,1054.14,101203,106716360.79,04-Sep-2026,196,INF204KC1FU1
MANUFGBEES,EQ,163.81,164.1,163.06,163.73,164.1,163.81,3201,522985.01,04-Sep-2026,113,INF204KC1GH6
AUTOBEES,EQ,289.86,289.87,286.9,287.47,288,288.19,194219,55870566.06,04-Sep-2026,2819,INF204KC1337
PHARMABEES,EQ,27.37,27.6,27.21,27.32,27.3,27.37,4482502,122533893.66,04-Sep-2026,10887,INF204KC1089
SILVERBEES,EQ,222.12,223.74,221.25,222.78,222.75,219.88,16085668,3580788752.88,04-Sep-2026,52588,INF204KC1402
SNXT30BEES,EQ,42.76,42.76,42.42,42.58,42.6,42.43,8325,353869.13,04-Sep-2026,54,INF204KC1EZ3
NIRAJ,EQ,29.1,29.4,28.37,28.72,28.5,29.13,30448,875323.03,04-Sep-2026,230,INE368I01016
NIRAJISPAT,BE,387.8,387.8,387.8,387.8,387.8,408.2,601,233067.80,04-Sep-2026,17,INE326T01011
NIRLON,EQ,621.6,624.5,610,620,620,621.6,10246,6356861.70,04-Sep-2026,596,INE910A01012
NIRMAN,SM,29,29.5,28.2,28.3,28.45,28.35,12300,351540.00,04-Sep-2026,23,INE0OK701014
NITCO,EQ,96.7,97,94.95,96.1,96.5,96.28,449640,43143194.89,04-Sep-2026,3222,INE858F01012
NITINSPIN,EQ,640.25,644.4,633.7,639.05,635,640.25,63257,40419328.75,04-Sep-2026,2393,INE229H01012
NITIRAJ,EQ,207.95,241,200,219.19,218.85,205.13,38842,8681735.30,04-Sep-2026,707,INE439T01012
NITTAGELA,EQ,1600.3,1654,1600,1632.5,1628,1639.1,5396,8783004.80,04-Sep-2026,650,INE265B01019
NIVABUPA,EQ,80.75,81.07,79.51,80.11,80.28,80.73,804923,64469835.32,04-Sep-2026,9110,INE995S01015
NKIND,EQ,58.85,59.9,57.01,57.1,57.1,56.32,937,55511.18,04-Sep-2026,24,INE542C01019
NLCINDIA,EQ,277,277.1,272.05,273.05,273.3,274.9,714404,195575108.75,04-Sep-2026,14879,INE589A01014
NMDC,EQ,84.52,85.18,84.26,84.7,84.7,84.19,13224234,1119930898.12,04-Sep-2026,36754,INE584A01023
NSLNISP,EQ,45.61,46.5,44.97,46.02,46.19,45.4,5132127,235298292.99,04-Sep-2026,16995,INE0NNS01018
NOCIL,EQ,172.3,174.5,170,172.44,172.39,171.8,403591,69494102.48,04-Sep-2026,4384,INE163A01018
NOIDATOLL,EQ,4.27,4.27,4.03,4.14,4.1,4.27,171080,713398.93,04-Sep-2026,292,INE781B01015
NORBTEAEXP,EQ,71.8,71.8,67,70.69,70.69,68.55,752,52937.80,04-Sep-2026,16,INE369C01017
NECCLTD,BE,17.71,18.51,17.65,18.51,18.51,17.63,337201,6083805.61,04-Sep-2026,221,INE553C01016
NORTHARC,EQ,306.7,307.1,299.15,302.15,302.45,304.6,1089238,329363673.85,04-Sep-2026,13431,INE850M01015
NOVAAGRI,BE,23.2,24.09,23.08,23.87,23.71,23.55,57585,1365936.99,04-Sep-2026,212,INE02H701025
NOVARTIND,EQ,1614.9,1665,1614.9,1646.7,1653,1614.1,22436,37090429.00,04-Sep-2026,1889,INE234A01025
NRBBEARING,EQ,453.9,453.9,443.6,447,447.9,451.05,195054,87328403.30,04-Sep-2026,6815,INE349A01021
NIBL,EQ,30.51,31.64,30.51,30.8,30.9,30.76,6851,212179.62,04-Sep-2026,83,INE047O01014
NTPCGREEN,EQ,88.74,89.5,88.65,89.36,89.2,88.73,1370420,122199187.80,04-Sep-2026,17094,INE0ONG01011
NTPC,EQ,332.75,334.05,329.8,332.5,332.5,330.9,7032282,2336377442.05,04-Sep-2026,64357,INE733E01010
NUCLEUS,EQ,740,743.45,726,729.15,728.2,740,38501,28382105.45,04-Sep-2026,1562,INE096B01018
NRL,BE,126.92,126.92,126.92,126.92,126.92,124.44,109113,13848621.96,04-Sep-2026,215,INE0JM501013
NURECA,BE,331.9,331.9,320.1,322.7,322,332.6,5556,1797607.90,04-Sep-2026,176,INE0DSF01015
NUVAMA,EQ,1856,1862.8,1796.4,1815.6,1812,1839.2,263032,481811354.40,04-Sep-2026,33688,INE531F01023
NUVOCO,EQ,336.65,354.8,336.45,352.15,352.3,338.1,1482368,518937072.50,04-Sep-2026,33070,INE118D01016
OBCL,EQ,55.13,55.7,55.1,55.19,55.7,54.99,1073,59145.35,04-Sep-2026,18,INE426Z01016
OBEROIRLTY,EQ,1914,1932.8,1874,1875.6,1875.6,1902,585940,1116248950.90,04-Sep-2026,45289,INE093I01010
OBSCP,SM,848.05,856.95,833.15,835.75,835.1,841.9,26400,22207880.00,04-Sep-2026,63,INE0YHV01011
OCCLLTD,BE,167.95,168,163.05,163.93,164.4,164.32,55824,9210002.37,04-Sep-2026,324,INE0PK601023
ODIGMA,EQ,23.99,23.99,23.21,23.45,23.54,23.47,11579,273154.13,04-Sep-2026,300,INE054301028
ODYCORP,EQ,6.93,8.31,6.81,7.46,7.39,6.93,311228,2401186.19,04-Sep-2026,678,INE839E01023
ONGC,EQ,235.44,235.44,233.6,234.65,234.65,236,5338085,1252209953.16,04-Sep-2026,49732,INE213A01029
OILCOUNTUB,BE,65,65,65,65,65,66.32,15996,1039740.00,04-Sep-2026,31,INE591A01010
OIL,EQ,492,492.55,486.5,488.3,488.3,490,1259478,616213591.55,04-Sep-2026,18062,INE274J01014
OLAELEC,EQ,37.65,38.95,37.56,38.2,38.21,37.47,42570426,1621617172.16,04-Sep-2026,88750,INE0LXG01040
OLECTRA,EQ,1247,1260.7,1223.2,1229,1229.1,1244.8,251277,311381847.30,04-Sep-2026,16875,INE260D01016
OMFREIGHT,BE,89,90.5,86.15,89.84,90.5,89,9030,802596.06,04-Sep-2026,99,INE1BZC01019
OMINFRAL,EQ,82,86,81.89,84.43,84.5,82.68,68243,5701653.19,04-Sep-2026,1144,INE239D01028
OMPOWER,EQ,171.23,176.9,170.2,175.68,175.5,171.09,75803,13222768.76,04-Sep-2026,1189,INE25E901019
OMAXAUTO,EQ,183.59,186.58,181.3,183.07,183,183.59,18555,3414123.77,04-Sep-2026,754,INE090B01011
OMAXE,EQ,128.42,138.89,127.01,136.38,136.05,127.29,5607789,750341842.41,04-Sep-2026,33417,INE800H01010
OMFURN,SM,55,55,53.85,53.85,53.85,56.5,3600,195240.00,04-Sep-2026,3,INE338Y01016
OMNI,EQ,523,529.85,518.8,526,526,519.25,303506,159498382.30,04-Sep-2026,13530,INE0UH301010
ONDOOR,SM,312.55,340,281,289.6,292,291.55,12300,3693870.00,04-Sep-2026,35,INE00ER01015
PAYTM,EQ,1635.2,1697.7,1626.6,1659.5,1659.5,1637,5191803,8666964801.00,04-Sep-2026,102813,INE982J01020
ONEGLOBAL,EQ,547.8,552.95,530.35,542.4,544,527.15,16907,9202248.80,04-Sep-2026,1044,INE670O01013
MOBIKWIK,EQ,191.15,193.72,189.9,192.12,191.98,190.61,393306,75634752.79,04-Sep-2026,5598,INE0HLU01028
ONEPOINT,EQ,54.6,58.77,54.51,57.01,56.4,54.62,2688123,154401863.76,04-Sep-2026,12028,INE840Y01029
OLIL,SM,404,427.05,399.1,427.05,427.05,408.65,23200,9499900.00,04-Sep-2026,54,INE0OPS01011
ONELIFECAP,BE,32.44,33.55,31,32.18,32.05,31.98,18280,591689.76,04-Sep-2026,61,INE912L01015
KISSHT,EQ,305.45,316.9,305.25,309.3,308.2,305.3,1041438,323852796.85,04-Sep-2026,28679,INE12F801023
ONESOURCE,EQ,1585,1596.3,1526,1537.8,1534.5,1575.7,112994,175398108.30,04-Sep-2026,12742,INE013P01021
ONIDA,EQ,34.3,34.89,33.56,34.64,34.55,34.35,244072,8369120.44,04-Sep-2026,1221,INE831A01028
ONIXSOLAR,EQ,402,403.2,399.95,403.2,403.2,384,265016,106798108.35,04-Sep-2026,830,INE173M01012
ONMOBILE,BE,46.59,48.49,46.59,48.49,48.49,47.54,130107,6191929.46,04-Sep-2026,410,INE809I01019
ONWARDTEC,EQ,283.3,288,280,284.35,284.5,283.3,37115,10554954.85,04-Sep-2026,1092,INE229A01017
ONYX,ST,37.5,38.75,37.3,37.5,37.5,39.25,126000,4721600.00,04-Sep-2026,26,INE0WVU01018
OPTIEMUS,EQ,569.1,579.25,562.1,569.3,575.15,564.85,61281,34903944.25,04-Sep-2026,4692,INE350C01017
OPTIFIN,EQ,14.98,15.87,14.25,14.84,14.98,14.98,167616,2557840.68,04-Sep-2026,491,INE031G01022
OPTIMYSTIX,SM,145,150,140,141.85,141.9,144.6,46400,6703080.00,04-Sep-2026,43,INE1JZB01022
OPTIVALUE,ST,166.5,174.05,166.5,174.05,174.05,165.8,52800,9082480.00,04-Sep-2026,18,INE15B101011
OFSS,EQ,12199,12348,12028,12058,12058,12149,166477,2025477054.00,04-Sep-2026,32216,INE881D01027
ORBTEXP,BE,238,243.98,238,239.02,239.03,238,2189,523926.76,04-Sep-2026,31,INE231G01010
ORCHASP,EQ,1.43,1.43,1.38,1.39,1.38,1.41,79157,110692.43,04-Sep-2026,136,INE215B01022
ORCHPHARMA,EQ,937,965.45,934.7,954.65,958,934.65,41657,39620833.85,04-Sep-2026,3178,INE191A01027
ORIANA,SM,1251,1251,1181,1205.7,1212,1239.7,73425,88427857.50,04-Sep-2026,825,INE0OUT01019
ORICONENT,EQ,53.2,54.7,52.66,54.15,53.6,52.99,22589,1218938.67,04-Sep-2026,601,INE730A01022
ORIENTBELL,EQ,417,423.95,410,420.1,420.7,412.65,69026,28832914.80,04-Sep-2026,1949,INE607D01018
ORIENTCEM,EQ,128,130.21,128,129.68,129.75,128.48,118199,15304845.19,04-Sep-2026,1215,INE876N01018
ORIENTCER,EQ,44.3,45.8,43.72,43.91,44.04,43.94,73584,3251822.33,04-Sep-2026,1770,INE569C01020
ORIENTELEC,EQ,179,181.28,176.57,179.19,178.58,178.15,74074,13208607.27,04-Sep-2026,1795,INE142Z01019
GREENPOWER,EQ,9.19,9.34,9.19,9.28,9.24,9.19,1505445,13952293.29,04-Sep-2026,3566,INE999K01014
ORIENTHOT,EQ,142.48,142.48,139.06,139.93,139.14,141.96,301159,42335423.48,04-Sep-2026,1630,INE750A01020
ORIENTPPR,EQ,17.14,17.35,17,17.08,17.04,17.13,100814,1729618.60,04-Sep-2026,510,INE592A01026
ORIENTLTD,BE,82.99,82.99,80.35,80.65,80.4,83.77,1884,151658.33,04-Sep-2026,21,INE609C01024
ORIENTTECH,EQ,239.88,242,236.44,238.39,239,238.75,63818,15245778.83,04-Sep-2026,1959,INE0PPK01015
OAL,EQ,507,532.5,503.7,519.9,516.5,502.3,181436,94379961.45,04-Sep-2026,8166,INE959C01023
ORIRAIL,EQ,125.3,134.94,125.3,130.76,131,125.72,263412,34464112.87,04-Sep-2026,1978,INE457G01029
ORIENTALTL,EQ,5.07,5.64,4.93,5.31,5.34,5.02,322042,1689287.32,04-Sep-2026,661,INE998H01012
ORISSAMINE,EQ,4302,4350,4270.1,4311.7,4295,4290.3,4863,20936066.70,04-Sep-2026,1181,INE725E01024
ORKLAINDIA,EQ,585.1,598.7,585.1,594.15,594,588.5,84660,50306192.90,04-Sep-2026,6301,INE16NZ01023
ORTINGLOBE,EQ,15.7,15.77,15.2,15.67,15.23,15.02,9743,153252.74,04-Sep-2026,66,INE749B01020
OSELDEVICE,SM,398.4,398.4,381.1,385.15,388.9,383.9,9400,3629480.00,04-Sep-2026,46,INE0RMF01018
OSIAHYPER,BE,2.48,2.49,2.41,2.47,2.49,2.48,338637,829253.47,04-Sep-2026,349,INE06IR01021
OSWALAGRO,EQ,36.88,37.29,36.5,36.66,36.66,36.88,21089,773801.06,04-Sep-2026,180,INE142A01012
OSWALGREEN,EQ,20,20.63,20,20.39,20.25,19.86,158014,3215205.41,04-Sep-2026,1301,INE143A01010
OSWALPUMPS,EQ,282.85,291.5,278,279.2,280,279.55,858028,241820863.70,04-Sep-2026,14523,INE0BYP01024
OWAIS,ST,80.1,81.9,79.2,80.45,81.9,80.8,10300,819430.00,04-Sep-2026,55,INE0R8M01017
PBMPOLY,EQ,59.3,64,57.14,61,61,58.67,528,31599.23,04-Sep-2026,9,INE501F01018
PNGJL,EQ,589,614.4,586.7,609.05,609.8,591.25,436673,265105299.10,04-Sep-2026,17468,INE953R01016
POEL,EQ,143.05,147.94,141,142.78,142.9,144.2,51934,7422842.32,04-Sep-2026,928,INE035S01028
PSRAJ,ST,77.2,84,77.2,83.95,84,80,50000,4133125.00,04-Sep-2026,15,INE0XUS01020
PGHH,EQ,7725,7754.5,7659,7667.5,7659,7725,21072,162066881.50,04-Sep-2026,6081,INE179A01014
PROPEQUITY,SM,229.95,230,225,225,225,210,3600,824370.00,04-Sep-2026,6,INE0KN801013
PACEDIGITK,EQ,167.5,168.39,166.12,167.59,167.21,166.23,512494,85815387.14,04-Sep-2026,6052,INE0S3G01027
PACIFICI,EQ,140.05,149,137.15,143.82,141,145,288,40931.79,04-Sep-2026,31,INE883C01025
PAGEIND,EQ,35865,36370,35680,36300,36300,35865,14523,524991635.00,04-Sep-2026,6597,INE761H01022
PAISALO,EQ,71.65,74.2,70.05,74.1,74.02,70.28,31201929,2279945788.20,04-Sep-2026,54941,INE420C01059
PAKKA,EQ,73.95,74.98,72.05,73.71,74,73.64,119489,8785950.84,04-Sep-2026,3006,INE551D01018
PALASHSECU,EQ,91.7,91.7,89,90.17,90.6,88.43,427,38851.72,04-Sep-2026,10,INE471W01019
PALREDTEC,BE,53.2,55.86,53.2,55.83,55.7,53.2,7128,394456.47,04-Sep-2026,22,INE218G01033
PANACEABIO,EQ,389,396.4,380,381.25,380.1,389.05,56486,21703758.90,04-Sep-2026,2070,INE922B01023
PANACHE,BE,515,525,514.5,525,525,525,3723,1938043.50,04-Sep-2026,51,INE895W01019
PANAMAPET,EQ,489,497.85,479,495.45,497,484.55,242825,118972200.10,04-Sep-2026,6523,INE305C01029
PANORAMA,EQ,46,48,44.6,47.41,46.87,45.83,473879,22283573.07,04-Sep-2026,1614,INE258R01028
PANSARI,EQ,301,310.4,292,300.05,299.95,300,589,177174.00,04-Sep-2026,31,INE697V01011
PAR,BE,168,168,156.71,156.71,156.71,164.95,10607,1675010.54,04-Sep-2026,238,INE04LG01015
PARADEEP,EQ,154,157.68,152.5,157,157.21,153.53,3778120,587418878.95,04-Sep-2026,39668,INE088F01024
PARAGMILK,EQ,255,255.7,247.05,249.6,250.8,254.2,613677,153227135.10,04-Sep-2026,7759,INE883N01014
PARAGON,SM,49,50,47.5,47.5,47.5,48,8400,411060.00,04-Sep-2026,6,INE0N4G01012
PARACABLES,EQ,64.1,69,64,65.51,65.4,64.3,4472304,300610733.88,04-Sep-2026,19294,INE074B01023
PARAMOUNT,SM,36.85,36.85,36.85,36.85,36.85,35.1,2400,88440.00,04-Sep-2026,2,INE0TG801013
PSFL,SM,33.1,34,33.05,34,34,33,42000,1401600.00,04-Sep-2026,12,INE0Q6001012
PARAS,EQ,1415.8,1439.9,1410,1414.9,1414.5,1411.5,552173,785278692.70,04-Sep-2026,26678,INE045601023
PARASPETRO,EQ,2.23,2.23,2.11,2.14,2.13,2.13,112807,241498.83,04-Sep-2026,216,INE162C01024
PARIN,SM,735,735,699,716.3,716.55,713.85,8500,6116300.00,04-Sep-2026,30,INE00U801010
PARKHOSPS,EQ,289,289.35,283.75,286.25,286.5,286.7,504932,144649293.65,04-Sep-2026,5915,INE119201023
PARKHOTELS,EQ,112.95,113.7,111.82,112.18,111.91,113.14,155104,17400151.70,04-Sep-2026,1559,INE988S01028
PARNAXLAB,EQ,135.54,135.54,130,134.8,134.8,135.54,736,98274.97,04-Sep-2026,40,INE383L01019
PARSVNATH,BE,1.57,1.57,1.57,1.57,1.57,1.54,127768,200595.76,04-Sep-2026,69,INE561H01026
PARTH,SM,537.5,545,523,525.7,525,537,13600,7226020.00,04-Sep-2026,32,INE1H7V01011
PASHUPATI,EQ,83.5,83.5,81.3,81.94,82.8,83.1,25243,2077643.14,04-Sep-2026,932,INE124Y01028
PASUPTAC,BE,67.5,69.82,66.95,67.64,67.65,66.79,108786,7377833.06,04-Sep-2026,719,INE818B01023
PATANJALI,EQ,345,345.75,341.2,342.5,342.5,342.9,1749871,600421012.45,04-Sep-2026,8505,INE619A01035
1025PATE28,N0,99500,99500,99500,99500,99500,101363.78,1,99500.00,04-Sep-2026,1,INE244B07243
PATELENG,EQ,27.12,27.5,27,27.28,27.3,27.11,2330616,63590996.26,04-Sep-2026,8796,INE244B01030
PATINTLOG,BE,13.4,13.68,13.27,13.32,13.27,13.41,22681,305132.53,04-Sep-2026,125,INE529D01014
PATELRMART,EQ,221.9,221.9,217.3,218.32,218.9,220.58,23300,5100649.76,04-Sep-2026,880,INE0R8B01010
PATILAUTOM,SM,265.05,284.9,265,279.35,278.75,264.45,271800,74184060.00,04-Sep-2026,351,INE17GV01016
PML,EQ,493.95,500,486,488.8,500,493.95,57,28141.50,04-Sep-2026,11,INE291E01019
PAUSHAKLTD,EQ,808,816.45,781,785.5,790,806.15,31723,25198556.45,04-Sep-2026,2491,INE111F01024
PAVNAIND,EQ,16.72,18.3,16.72,17.22,17.2,16.87,48040,831863.60,04-Sep-2026,462,INE07S101038
POLICYBZR,EQ,1848.2,1866.6,1828.7,1836,1836,1870,445054,820287272.10,04-Sep-2026,25654,INE417T01026
PCJEWELLER,EQ,10.6,12.17,10.51,11.86,11.99,10.52,1088942848,12427450209.39,04-Sep-2026,285367,INE785M01021
PCBL,EQ,315.7,318.4,315.15,317,318.1,314.25,621744,196675808.25,04-Sep-2026,9849,INE602A01031
PDSL,EQ,356,361.25,352.5,358.5,360,353.9,97344,34790247.55,04-Sep-2026,4396,INE111Q01021
PGIL,EQ,2316.7,2329.1,2268.3,2278.3,2277,2329,82043,187776070.00,04-Sep-2026,13315,INE940H01022
PEARLPOLY,EQ,15.05,15.9,15,15.08,15.05,15.29,14296,220500.86,04-Sep-2026,168,INE844A01013
PELATRO,SM,364,395,356,391.75,395,364,44400,16891605.00,04-Sep-2026,107,INE0VG601013
PENINLAND,BE,15.75,16.8,15.75,16.55,16.56,16.06,90635,1486289.23,04-Sep-2026,232,INE138A01028
PENIND,EQ,168.7,171,167.02,169.56,168.82,166.88,477553,80693088.29,04-Sep-2026,5875,INE932A01024
PENTAGON,SM,82.3,82.3,82.2,82.3,82.3,74.85,33000,2715650.00,04-Sep-2026,27,INE0ORS01017
PERMAGN,EQ,889.95,906.1,868.05,888.2,898,876.6,2962,2630444.25,04-Sep-2026,360,INE418E01018
PERSISTENT,EQ,5680,5724.5,5634,5643,5643,5657,302507,1716668563.50,04-Sep-2026,22664,INE262H01021
PCCL,SM,444.95,444.95,423.05,425.15,425.1,440.55,14400,6240180.00,04-Sep-2026,22,INE998U01015
PETRONET,EQ,290.25,292.15,287.8,288.1,288.1,289.5,1412952,409960104.10,04-Sep-2026,29476,INE347G01014
PFCL41A,NE,1000,1000.01,1000,1000,1000,1000,85,85000.25,04-Sep-2026,5,INE134E07DJ3
PFIZER,EQ,4628.2,4667.9,4575,4609.7,4600,4643.7,32739,151183048.90,04-Sep-2026,3276,INE182A01018
PGEL,EQ,554.9,564,552.05,562.3,562.3,553.9,990864,554311658.00,04-Sep-2026,20888,INE457L01029
PHANTOMFX,SM,112.25,119.8,112.25,116.85,115.5,112.95,31200,3638655.00,04-Sep-2026,51,INE0MLZ01019
PHOENXINTL,EQ,32.5,32.5,28.52,29.01,28.9,29.48,5152,152635.81,04-Sep-2026,84,INE245B01011
PWL,EQ,123.37,130.7,123.03,126.42,126.74,120.6,62160413,7880949747.05,04-Sep-2026,264548,INE0LP301011
PIIND,EQ,2415,2509,2410,2465,2465,2419.9,415878,1029374226.80,04-Sep-2026,27586,INE603J01030
PICCADIL,EQ,623.6,629.8,612,615.75,617,620.5,167134,103408799.35,04-Sep-2026,9013,INE546C01010
PPSL,SM,2.8,2.9,2.8,2.85,2.85,2.85,45000,127050.00,04-Sep-2026,11,INE0YAL01017
PIDILITIND,EQ,1635.2,1638.3,1625,1629.5,1629.5,1638.3,605836,988119870.70,04-Sep-2026,20726,INE318A01026
PILITA,EQ,8.27,8.27,7.75,8.02,8,7.95,40149,321050.26,04-Sep-2026,139,INE600A01035
PILANIINVS,EQ,4360,4375.4,4322,4323.8,4322,4354.5,699,3034304.90,04-Sep-2026,219,INE417C01014
PINELABS,EQ,157.4,168.2,155.38,166.37,166.52,156.5,46587163,7653141490.06,04-Sep-2026,205278,INE15B701018
PIONEEREMB,EQ,21.65,21.7,20.86,21.36,21.6,21.65,62157,1323864.69,04-Sep-2026,139,INE156C01018
PIONRINV,BE,80,83.89,76.05,83.89,83.89,80,1072,85523.10,04-Sep-2026,22,INE746D01014
PIRAMALFIN,EQ,2221,2258.3,2201.6,2225,2230,2232.9,98603,220718571.40,04-Sep-2026,14090,INE202B01038
PPLPHARMA,EQ,214.99,217,210.52,214.22,213.96,214.49,2618467,558289239.93,04-Sep-2026,27466,INE0DK501011
PITTIENG,EQ,1112,1112,1073,1084.9,1090,1105.1,48625,53096321.70,04-Sep-2026,3924,INE450D01021
PIXTRANS,EQ,1799.6,1810,1777,1791.7,1800,1799.4,12505,22410747.50,04-Sep-2026,1710,INE751B01018
PLADAINFO,SM,10.8,10.85,10.8,10.85,10.85,10.35,15000,162300.00,04-Sep-2026,5,INE0PXD01014
PLASTIBLEN,EQ,189.47,189.58,186,187.91,187.6,188.33,13407,2514432.49,04-Sep-2026,468,INE083C01022
PLATIND,EQ,237.01,237.01,230,231.54,232.65,234.45,92532,21495436.44,04-Sep-2026,1706,INE0PT501018
PLAZACABLE,EQ,62.75,63,60,61.32,61.46,62.62,128546,7967473.84,04-Sep-2026,1424,INE0INJ01017
PNBGILTS,EQ,78.99,85.5,78.99,83.08,83.3,78.63,2416618,201073765.80,04-Sep-2026,16087,INE859A01011
PNBHOUSING,EQ,1141.1,1195,1141.1,1166,1166,1145.5,923575,1085395412.90,04-Sep-2026,34433,INE572E01012
PNCINFRA,EQ,182.95,187.5,180.01,183.11,183,182.97,499774,91435527.05,04-Sep-2026,9078,INE195J01029
PNGSREVA,EQ,520.8,523,502.05,516.35,518.9,516.3,103324,53120423.35,04-Sep-2026,3156,INE1RDG01013
PODDARMENT,EQ,259.7,260,253.1,257.1,257.75,255.6,2908,746316.35,04-Sep-2026,87,INE371C01013
POKARNA,EQ,832.2,836,811,817.15,816.6,831.4,49926,41163028.50,04-Sep-2026,2768,INE637C01025
POLYMED,EQ,1760,1774.9,1690.1,1702.5,1699.9,1768.7,171700,296233247.70,04-Sep-2026,20605,INE205C01021
POLYCAB,EQ,8500,8500,8250,8300,8300,8807.5,1559741,13025481530.00,04-Sep-2026,162753,INE455K01017
POLYPLEX,EQ,1207.9,1207.9,1178.1,1191,1188,1202.7,72824,86625522.00,04-Sep-2026,2725,INE633B01018
POLYSIL,SM,70.4,70.4,70.4,70.4,70.4,67.05,7000,492800.00,04-Sep-2026,4,INE517M01028
POLYSPIN,EQ,28,29.87,28,29.64,29.64,28.35,1968,55976.43,04-Sep-2026,21,INE914G01029
POCL,EQ,479.7,490,475.25,477.8,479,476.1,292548,141396537.65,04-Sep-2026,14068,INE063E01061
PONNIERODE,EQ,402.9,402.9,379.6,382.45,383.4,398.65,31436,12169613.70,04-Sep-2026,1966,INE838E01017
POONAWALLA,EQ,466.55,476.35,464,468.45,468.05,465.1,713159,335439808.45,04-Sep-2026,25459,INE511C01022
PVSL,EQ,104.95,104.95,101.4,102.63,102,103.54,28205,2886053.44,04-Sep-2026,581,INE772T01024
POSITRON,SM,171.5,181,171,180,181,171,23400,4127910.00,04-Sep-2026,71,INE0S3H01017
PFC,EQ,344.9,357.7,344,355.6,355.6,345.5,19206290,6784877905.90,04-Sep-2026,93027,INE134E01011
POWERGRID,EQ,266.9,267.5,265.05,266,266,265.6,7967122,2120572391.70,04-Sep-2026,60237,INE752E01010
PIGL,EQ,101.8,101.8,98.2,98.78,98.99,99.83,28460,2832921.73,04-Sep-2026,516,INE557Z01018
POWERMECH,EQ,2399.9,2416,2270.1,2306.1,2336,2399.8,135843,315522739.70,04-Sep-2026,18425,INE211R01019
PGINVIT,IV,100.57,101.3,100.01,101.17,101.13,100.5,962443,97000873.60,04-Sep-2026,5825,INE0GGX23010
POWERICA,EQ,519.8,534,516.1,525.05,525,512.95,291923,153900643.85,04-Sep-2026,8896,INE921L01032
PPAP,BE,256.7,263,255.8,260.9,261.9,256.7,10692,2782884.30,04-Sep-2026,187,INE095I01015
PRABHA,EQ,221.99,258.4,218.81,230.6,234.99,220.97,11908766,2898374986.87,04-Sep-2026,138252,INE0I0M01023
PRADPME,BE,497.45,500,486,491.6,490,497.45,11144,5474019.90,04-Sep-2026,97,INE770A01010
PRAJIND,EQ,339.95,343.35,333.65,335.55,335,341.6,425298,143229059.95,04-Sep-2026,10510,INE074A01025
PRAENG,EQ,25.49,26.1,24.36,24.69,24.63,25.75,154995,3901465.00,04-Sep-2026,492,INE505C01016
PRAKASH,EQ,124.16,126.79,123.11,125.63,126,123.66,297033,37243388.33,04-Sep-2026,3287,INE603A01013
PPL,BE,256.5,263.9,255.1,262,262.15,257.4,23505,6119450.15,04-Sep-2026,310,INE050001010
PRAKASHSTL,EQ,3.65,3.9,3.65,3.82,3.83,3.65,213981,809051.87,04-Sep-2026,354,INE696K01024
PRAMARA,SM,102.45,104.85,101.25,102.25,102.95,103.25,6500,666625.00,04-Sep-2026,11,INE0O7A01017
PRAMODINI,SM,115,116.95,114.05,114.8,114.5,115.25,46800,5412660.00,04-Sep-2026,35,INE2JG601017
PRANIK,SM,41.45,47.85,41.45,47.85,47.85,39.9,43200,2040880.00,04-Sep-2026,22,INE0VJG01014
DIAMONDYD,EQ,1162.3,1162.3,1147.6,1158.3,1161,1159.8,5787,6672296.50,04-Sep-2026,713,INE393P01035
PRATHAM,SM,119,119,119,119,119,120,1200,142800.00,04-Sep-2026,1,INE0QA601016
PRAVEG,EQ,263,273.4,261,266.15,265,260.4,28429,7582929.95,04-Sep-2026,1605,INE722B01019
PRAXIS,EQ,4.46,4.65,4.45,4.65,4.65,4.43,292373,1346001.15,04-Sep-2026,210,INE546Y01022
PRECAM,EQ,122.65,126,122.47,124.02,124.4,122.1,118929,14710960.91,04-Sep-2026,2612,INE484I01029
PRECISION,ST,6.5,6.5,6.5,6.5,6.5,6.45,2000,13000.00,04-Sep-2026,1,INE0HKW01018
PRECWIRE,EQ,491.75,501.85,469.55,472.8,472,487.85,830119,402085823.05,04-Sep-2026,28644,INE372C01037
PRECOT,EQ,700.9,709.95,677.15,698.05,692,699.9,2308,1612694.70,04-Sep-2026,147,INE283A01014
PREMCO,EQ,388,392,385.45,390.95,390.95,385.55,2051,792274.20,04-Sep-2026,39,INE001E01012
PREMIERENE,EQ,1002.5,1008.8,996,1002,1002,1008,1046394,1046345313.50,04-Sep-2026,23550,INE0BS701011
PREMEXPLN,EQ,665,672,663,664,664,666.35,305895,203733077.50,04-Sep-2026,2677,INE863B01029
PREMIER,BE,2.7,2.77,2.57,2.75,2.75,2.64,8850,23932.73,04-Sep-2026,34,INE342A01018
PREMIERPOL,EQ,93.5,98.8,87.21,95.36,96,92.35,1113475,105573162.20,04-Sep-2026,12281,INE309M01020
PRLIND,SM,38.65,39,37.6,38.05,38.2,38.85,102000,3894550.00,04-Sep-2026,83,INE0CFG01012
PREMIUM,SM,41.25,42.2,38,38,38,41.2,21000,866850.00,04-Sep-2026,7,INE0M1F01011
PRESSTONIC,SM,35,35,32.4,33.05,32.95,34.3,55200,1832760.00,04-Sep-2026,46,INE0R1601012
PRESTIGE,EQ,1620.1,1646.6,1565.2,1587,1587,1615.2,588022,941515111.20,04-Sep-2026,23708,INE811K01011
PRICOLLTD,EQ,768.2,772.6,753.2,764.95,763,768.4,246508,188014405.05,04-Sep-2026,15204,INE726V01018
PRIMECAB,ST,198,209.35,194,197.5,197.5,200,25600,5068880.00,04-Sep-2026,16,INE0CQA01020
PFOCUS,EQ,298.95,309.95,289.85,307,307.05,291.65,1960283,588946594.50,04-Sep-2026,31885,INE367G01038
PRIMESECU,EQ,288.85,291.05,281.25,284.5,281.65,290.2,24727,7032932.10,04-Sep-2026,423,INE032B01021
PRIMO,EQ,20.94,21.89,20.4,21.27,21.19,20.68,157678,3328617.54,04-Sep-2026,1031,INE607A01022
PRINCEPIPE,EQ,284.5,291.5,281.5,283,284,289.5,140756,39969794.40,04-Sep-2026,3824,INE689W01016
PRIORITY,BE,230,241.5,230,241.5,241.5,200,1959092,457566030.15,04-Sep-2026,16280,INE15EH01014
PRSMJOHNSN,EQ,111.16,112.22,111,111.12,111,111.31,167167,18623299.06,04-Sep-2026,2108,INE010A01011
PRISMX,EQ,0.52,0.56,0.52,0.55,0.56,0.52,111170,59981.96,04-Sep-2026,126,INE286N01028
PRITI,BE,34.05,34.05,32.51,33.89,33.95,33.35,4101,136867.24,04-Sep-2026,59,INE974Z01015
PRITIKAUTO,BE,15.96,16.4,15.75,16.27,16.26,16.28,189451,3041221.40,04-Sep-2026,387,INE583R01029
PNC,EQ,16.45,16.9,16.26,16.72,16.75,16.62,4397,72597.76,04-Sep-2026,101,INE392B01011
PRIVISCL,EQ,3410,3410.6,3350,3367.3,3400.7,3373.5,42021,142088549.20,04-Sep-2026,6916,INE959A01019
PRIZOR,ST,1161,1200.4,1161,1200.4,1200.4,1176.9,6400,7594400.00,04-Sep-2026,16,INE0V9N01017
PROFX,SM,77,77,77,77,77,76.1,1600,123200.00,04-Sep-2026,1,INE0VJT01017
PGHL,EQ,5757.5,5780,5650,5660,5651,5757.5,7255,41204672.50,04-Sep-2026,2559,INE199A01012
PROLIFE,SM,78,79,78,79,79,79,1000,78500.00,04-Sep-2026,2,INE994V01012
PROPSHOP,SM,69,72,66.05,70.1,70.1,69.6,174000,12086000.00,04-Sep-2026,44,INE1FFX01018
PROSTARM,EQ,131.15,138,129.38,134.73,137,129.73,275346,36584770.99,04-Sep-2026,2776,INE0BX301013
PROTEAN,EQ,497,503,489.35,496.3,501,494.8,385965,191248327.85,04-Sep-2026,10626,INE004A01022
PROV,SM,1875,1925,1875,1910,1910,1875,240,456800.00,04-Sep-2026,3,INE0ONE01016
PROZONER,EQ,46.02,50.7,45.75,49.76,49.9,46.42,722413,35255816.95,04-Sep-2026,3869,INE195N01013
PRUDENT,EQ,3328.4,3358.5,3200,3347.6,3350,3328.5,53800,177108004.30,04-Sep-2026,11099,INE00F201020
PRUDMOULI,BE,16.5,16.5,15.85,16.25,16.25,16.49,4362,70303.47,04-Sep-2026,40,INE024D01016
PSPPROJECT,EQ,868,887.9,862,875.5,884,861.95,51382,44915249.10,04-Sep-2026,3446,INE488V01015
PFS,EQ,27.4,27.73,26.75,26.94,26.99,27.11,481425,13081786.28,04-Sep-2026,2116,INE560K01014
PTC,EQ,155.34,156.8,155.25,156.29,156.5,155.25,849440,132486414.18,04-Sep-2026,9419,INE877F01012
PTCIL,EQ,23705,24125,23410,23830,23680,23820,65344,1557565105.00,04-Sep-2026,24412,INE596F01018
PTL,EQ,38.64,39.25,38.25,38.74,38.55,38.22,62624,2430682.57,04-Sep-2026,985,INE034D01049
PDMJEPAPER,EQ,96,96.06,92.7,93.22,94,94.57,86197,8107159.55,04-Sep-2026,1518,INE865T01018
PULZ,SM,22.4,22.4,22.05,22.1,22.05,22.95,16000,355300.00,04-Sep-2026,7,INE335X01014
PSB,EQ,23.19,23.45,22.99,23.23,23.31,23.05,1431638,33265008.82,04-Sep-2026,4731,INE608A01012
PUNJABCHEM,EQ,1099.7,1110.1,1087.1,1100.3,1106,1097,2842,3133519.30,04-Sep-2026,295,INE277B01014
PNB,EQ,116.9,118.05,116.45,117,117,116.32,11160741,1311836105.82,04-Sep-2026,35033,INE160A01022
PURVA,EQ,215,236,215,230.72,227.5,211.09,17390475,4000964936.51,04-Sep-2026,139958,INE323I01011
PURPLEUTED,ST,400,416.45,400,416.2,416.45,396.65,40750,16713800.00,04-Sep-2026,115,INE0P5R01014
PURVFLEXI,SM,45.8,47,45.8,45.8,45.8,48.2,11200,514920.00,04-Sep-2026,10,INE0R6C01012
PUSHPA,SM,106.55,108.95,106.25,108.95,108.95,110,8000,859500.00,04-Sep-2026,8,INE154801018
PVP,EQ,64.89,68.14,62.11,67.94,68.14,64.9,5145513,339808573.21,04-Sep-2026,15960,INE362A01016
PVRINOX,EQ,1216,1232.8,1215,1227.2,1230,1247.5,213587,261244339.80,04-Sep-2026,19534,INE191H01014
PYRAMID,EQ,156.5,156.5,151.88,153.83,152.56,154.87,60009,9206887.37,04-Sep-2026,990,INE0MIS01010
QLINE,SM,637.6,655,635,639.6,640,637.6,64400,41382200.00,04-Sep-2026,150,INE1G2W01011
QMSMEDI,BE,163.7,163.7,152,158.97,158.95,159.07,14456,2264200.24,04-Sep-2026,140,INE0FMW01018
QUADPRO,SM,2.5,2.5,2.5,2.5,2.5,2.45,24000,60000.00,04-Sep-2026,1,INE0GOJ01027
QUADFUTURE,EQ,427,439,415.1,417.9,420.95,425.6,294130,124379673.25,04-Sep-2026,7422,INE0LRY01011
QPOWER,EQ,1435,1495.3,1431.2,1495.3,1495.3,1424.1,228191,338343853.20,04-Sep-2026,13078,INE0SII01026
QGOLDHALF,EQ,127.39,128.96,127.1,127.62,127.6,126.98,315196,40245518.01,04-Sep-2026,1196,INF082J01408
QNIFTY,EQ,270.24,270.24,262.8,264.15,264.4,263.65,2823,745391.50,04-Sep-2026,154,INF082J01499
SILVER001,EQ,23.72,23.83,23.26,23.54,23.56,23.25,14165,333441.82,04-Sep-2026,62,INF966L01EI5
QUESS,EQ,367,367,343.7,354.75,355.5,366.55,974018,341996289.60,04-Sep-2026,29950,INE615P01015
QUESTLAB,SM,85.05,85.5,84.9,85.5,85.5,84.8,6000,510420.00,04-Sep-2026,4,INE0TNW01017
QUICKHEAL,BE,137.14,141,136,140.94,141,137.14,56701,7915603.58,04-Sep-2026,594,INE306L01010
QUICKTOUCH,SM,14.7,16,14.7,16,16,15.25,5000,77725.00,04-Sep-2026,9,INE0K4D01020
QUINT,EQ,41,41.35,39.03,40.68,41.35,39.91,9343,373966.08,04-Sep-2026,86,INE641R01017
RKSWAMY,EQ,92.5,94.69,91.7,94.25,94,92,16462,1544250.87,04-Sep-2026,439,INE0NQ801033
RMDRIP,BE,21.4,21.8,21,21.13,21.1,21,262979,5560772.36,04-Sep-2026,528,INE219Y01026
RRIL,EQ,16.99,17,16.5,16.66,16.8,16.71,18631,311329.94,04-Sep-2026,113,INE951M01037
RRKABEL,EQ,2550,2609,2374.4,2454.1,2458,2617.7,2596720,6401107136.30,04-Sep-2026,180021,INE777K01022
RSDFIN,BE,105.1,105.1,95.22,96.75,100.64,100.11,2026,199570.24,04-Sep-2026,40,INE616F01022
RSYSTEMS,EQ,252.5,257.5,251,256.12,256.89,252.64,203978,52005307.20,04-Sep-2026,3980,INE411H01032
RTSPOWR,EQ,92.21,99,87.1,88.08,90,90.4,2343,211519.23,04-Sep-2026,62,INE005C01017
RNBDENIMS,EQ,10.81,10.81,10.27,10.27,10.27,10.81,424488,4383747.18,04-Sep-2026,764,INE012Q01039
RSSOFTWARE,EQ,30.1,31.4,29.5,30.61,30.9,29.91,50380,1546830.98,04-Sep-2026,354,INE165B01029
RPPINFRA,EQ,55.65,55.68,53.77,54.14,54,55.04,32609,1783201.00,04-Sep-2026,614,INE324L01013
RIIT,IV,122.4,122.4,121.41,121.57,121.57,121.4,56392,6856247.76,04-Sep-2026,1261,INE2PB023011
RACE,EQ,98.31,102.29,98.31,99.3,99.05,100.94,72608,7299943.38,04-Sep-2026,195,INE084Q01012
RILINFRA,SM,36,36,35.05,35.15,35.2,35.1,4900,173305.00,04-Sep-2026,25,INE02OY01016
RACLGEAR,EQ,1575,1617.9,1544.7,1576.1,1585,1558.8,47944,76130650.20,04-Sep-2026,5411,INE704B01017
RADAAN,EQ,3.05,3.11,2.82,2.97,2.97,2.89,44053,129642.18,04-Sep-2026,113,INE874F01027
RADHIKAJWE,EQ,71.55,85,71.55,83.16,84.2,71.32,14544177,1179993917.43,04-Sep-2026,82624,INE583V01021
RADIANTCMS,EQ,40.22,45.25,40.22,41.78,42.19,39.87,1713450,73368366.51,04-Sep-2026,7743,INE855R01021
RADICO,EQ,4536.4,4559.8,4444,4494,4494,4559,205308,919697746.20,04-Sep-2026,29577,INE944F01028
RADIOWALLA,ST,28.7,28.7,28.7,28.7,28.7,30.2,8000,229600.00,04-Sep-2026,4,INE430U01019
RPEL,EQ,1889.8,1943.7,1778.4,1807.2,1800,1885.2,209791,389159355.20,04-Sep-2026,27169,INE912T01018
RVNL,EQ,211,214.18,209.62,212.49,212.49,209.3,6287421,1333587361.14,04-Sep-2026,44145,INE415G01027
RAILTEL,EQ,270.8,273.9,270,271.05,272,270.9,401507,109092505.85,04-Sep-2026,9571,INE0DD101019
RAIN,EQ,212.6,217.3,210.1,215.72,214.98,211.71,4009182,859118962.85,04-Sep-2026,27891,INE855B01025
RAINBOW,EQ,1460,1460,1432.3,1447.2,1445,1440.8,49513,71466658.20,04-Sep-2026,8665,INE961O01016
ROML,EQ,42.2,42.8,41.31,42,42.42,42.35,11538,484795.95,04-Sep-2026,77,INE294G01026
RAJRILTD,BE,21.88,22.44,21.88,22.09,22.09,22.32,3031,66838.62,04-Sep-2026,51,INE533D01032
RAJTV,EQ,8.21,8.5,8.07,8.07,8.07,8.49,220386,1781351.41,04-Sep-2026,305,INE952H01027
RAJPALAYAM,EQ,800,809.8,795,795.3,795.9,799.7,1199,954846.40,04-Sep-2026,51,INE296E01026
ARENTERP,EQ,36,36,34.6,34.65,34.6,35.06,597,20991.39,04-Sep-2026,22,INE610C01014
RAJESHEXPO,BZ,86.4,86.6,82.2,83.02,82.9,83.46,234404,19926985.37,04-Sep-2026,2518,INE343B01030
RCDL-RE,ST,2.5,2.5,2.3,2.45,2.35,2.1,342000,849600.00,04-Sep-2026,70,INE0BZQ20011
RCDL,SM,15.05,15.5,14.1,14.15,14.1,15.65,123000,1782900.00,04-Sep-2026,35,INE0BZQ01011
RAJMET,EQ,3.16,3.18,3.1,3.15,3.18,3.11,289526,909862.15,04-Sep-2026,650,INE00KV01022
RAJOOENG,BE,49.62,51.59,49,51.59,51.59,49.14,412844,21057395.35,04-Sep-2026,1244,INE535F01024
RAJPUTANA,SM,220,221,217,219.95,219.95,216.55,6000,1315000.00,04-Sep-2026,9,INE0VHU01019
RAJINDLTD,SM,62.05,63,62.05,63,63,63.55,3000,187575.00,04-Sep-2026,2,INE0PCU01012
RSL,EQ,182.93,184.89,181.1,181.5,182,181.56,337269,61710391.53,04-Sep-2026,3608,INE313L01016
RAJRATAN,EQ,495.15,504.9,488,498.35,503,495.1,99899,49316575.60,04-Sep-2026,3471,INE451D01029
RPPL,BE,22.45,23.5,22.1,23.29,23.3,22.57,15868,362755.34,04-Sep-2026,62,INE760W01023
RAJSREESUG,EQ,37.14,37.14,35.35,35.47,35.55,36.43,29765,1063398.44,04-Sep-2026,461,INE562B01019
RALLIS,EQ,210,212.51,208.36,208.82,209.1,209.83,361939,75916120.92,04-Sep-2026,9082,INE613A01020
RAMRAT,EQ,563.6,574.3,555.2,560.65,561.25,560.8,342804,193274305.60,04-Sep-2026,19311,INE207E01023
RAMAPHO,EQ,125.5,125.65,123.01,123.48,123.5,124.01,11962,1482439.57,04-Sep-2026,312,INE809A01032
RAMASTEEL,BE,4.06,4.06,4.02,4.02,4.02,4.09,1376297,5558881.44,04-Sep-2026,2146,INE230R01035
RAMCOIND,EQ,326,329.7,320.3,323.25,323.95,324,105342,34182636.35,04-Sep-2026,2055,INE614A01028
RAMCOSYS,EQ,598.4,615.85,596.5,611.2,610,586.55,217405,132188751.05,04-Sep-2026,6491,INE246B01019
RBS,SM,88.5,90.75,88,88.1,88,88.5,5600,496200.00,04-Sep-2026,6,INE0RJH01010
RKFORGE,EQ,732.5,732.5,689.45,700.85,701.95,726.85,1116062,785298809.30,04-Sep-2026,32766,INE399G01023
RAMKY,EQ,354,354,343.6,347.4,348.2,351.35,33996,11802541.85,04-Sep-2026,1149,INE874I01013
RANASUG,EQ,15.15,15.21,14.72,14.8,14.76,15.15,346950,5160451.08,04-Sep-2026,740,INE625B01014
RML,EQ,1127.5,1333,1125.1,1295.9,1295.4,1127.4,2195205,2841884791.20,04-Sep-2026,80830,INE050H01012
RANEHOLDIN,EQ,1635.3,1740,1623.5,1651.1,1645,1635.3,102623,173124399.70,04-Sep-2026,10412,INE384A01010
RAPIDFLEET,SM,233.15,234.1,233,233,233,232,23400,5460060.00,04-Sep-2026,34,INE0QX901013
RPTECH,EQ,814,833,811.5,823.65,824.8,815.65,158904,130687743.10,04-Sep-2026,9903,INE0J1F01024
RCF,EQ,115.2,116.24,114.2,114.92,115.02,114.52,1043164,120316978.37,04-Sep-2026,9443,INE027A01015
RATEGAIN,EQ,870,888.45,845,851.15,852,869.75,551109,473111819.20,04-Sep-2026,24016,INE0CLI01024
RATNAMANI,EQ,2661,2748,2656.2,2727,2730,2669.7,72730,197169483.80,04-Sep-2026,13147,INE703B01027
RATNAVEER,EQ,289,308.25,288.95,304.75,308,286.1,4493978,1352427213.05,04-Sep-2026,29102,INE05CZ01011
RTNINDIA,EQ,27.63,28.13,27.63,27.82,27.8,27.43,1727353,48086625.10,04-Sep-2026,5278,INE834M01019
RTNPOWER,EQ,7.24,7.39,7.23,7.36,7.37,7.24,13604316,99367168.62,04-Sep-2026,12534,INE399K01017
RKDL,EQ,18.14,18.74,18.14,18.39,18.36,18.32,7502,139550.80,04-Sep-2026,97,INE722J01012
RVHL,EQ,39.87,40,38.25,39.84,40,39.09,8503,335592.41,04-Sep-2026,93,INE09E501017
RELTD,EQ,160,162,157.97,161.37,159.8,159.15,124230,19819609.88,04-Sep-2026,1896,INE206N01018
RAYMONDLSL,EQ,647.95,683.95,647,663.65,664.9,647.85,335816,223938630.95,04-Sep-2026,21448,INE02ID01020
RAYMOND,EQ,752.3,756.8,733.05,740.85,741.55,757.9,1867268,1396758010.25,04-Sep-2026,48935,INE301A01014
RAYMONDREL,EQ,542.5,559,524,529.15,532.9,536.75,936640,508150364.80,04-Sep-2026,20735,INE1SY401010
RBLBANK,EQ,409,417.05,406.7,414.35,414.35,408.1,7858699,3252233480.05,04-Sep-2026,86651,INE976G01028
RBMINFRA,SM,244.4,245.6,233,236.9,236,244.4,10000,2397720.00,04-Sep-2026,41,INE0NA301016
RBZJEWEL,EQ,197,204.7,194,200.69,201.4,191.68,6929954,1384659836.42,04-Sep-2026,72876,INE0PEQ01016
RRECL,EQ,138,138,129.99,136.83,136.83,138.37,309,40537.45,04-Sep-2026,12,INE0AK901016
READYMIX,SM,78.85,78.85,74.65,76,74.65,78.2,21000,1611200.00,04-Sep-2026,21,INE10QL01011
RECLTD,EQ,313.6,320.2,313.2,318.7,318.7,313.6,5894088,1865281157.50,04-Sep-2026,34787,INE020B01018
REDINGTON,EQ,374.4,378.8,367.2,371.3,371.3,372.45,3554885,1318349069.20,04-Sep-2026,44267,INE891D01026
REDTAPE,EQ,118.9,121.9,117.6,120.43,121,117.48,423314,50977603.28,04-Sep-2026,4359,INE0LXT01019
REFEX,EQ,279.05,288.2,279.05,282.55,282.45,279.25,249214,70742128.50,04-Sep-2026,4885,INE056I01025
REFRACTORY,SM,24.65,25.35,24.25,25.25,25.25,25.5,45000,1097000.00,04-Sep-2026,14,INE0TNX01015
REGAAL,EQ,89.76,92.69,87.5,88.51,88.29,89.17,576781,51873586.61,04-Sep-2026,2770,INE0MHO01029
REGENCERAM,EQ,38.2,38.2,34.41,34.86,34.68,36.47,1624,58167.65,04-Sep-2026,58,INE277C01012
RELAXO,EQ,345.95,346.9,342.75,344.75,345.7,343.95,48646,16776779.50,04-Sep-2026,2871,INE131B01039
GILT5YBEES,EQ,66.54,66.55,66.21,66.33,66.33,66.23,183586,12173192.30,04-Sep-2026,383,INF204KC1030
RELIABLE,EQ,141.2,141.54,139.21,140.88,141.2,141.26,15018,2113780.32,04-Sep-2026,654,INE375Y01018
RELCHEMQ,EQ,113.85,118,113.85,116.73,117.85,116.77,1295,150289.04,04-Sep-2026,67,INE750D01016
RCOM,BE,0.8,0.82,0.79,0.81,0.81,0.79,3829914,3076369.31,04-Sep-2026,1799,INE330H01018
RHFL,BZ,1.76,1.83,1.76,1.82,1.83,1.79,474713,857106.35,04-Sep-2026,900,INE217K01011
RIIL,EQ,757,762.75,748.1,750.95,748.15,752.95,42420,31997500.85,04-Sep-2026,1815,INE046A01015
RELIANCE,EQ,1304.1,1333,1304.1,1322,1322,1302.5,13031534,17283587823.90,04-Sep-2026,181295,INE002A01018
RELINFRA,BE,55.9,57.02,54.8,57.02,57.02,55.91,198794,11157485.48,04-Sep-2026,1111,INE036A01016
RPOWER,EQ,22.11,22.32,22.04,22.08,22.17,22.03,13517969,299362374.84,04-Sep-2026,23383,INE614G01033
IVZBANKNF,EQ,57.39,57.56,57.35,57.56,57.56,57.42,1513,86856.25,04-Sep-2026,11,INF205KA1CB9
IVZSENSEX,EQ,77.7,77.7,76.54,76.56,76.56,76.63,972,74506.45,04-Sep-2026,17,INF205KA1CA1
RELIGARE,EQ,251,258.4,248.11,257.08,256.8,251.89,1795582,453549885.53,04-Sep-2026,16103,INE621H01010
REMSONSIND,EQ,93.69,99.9,93.69,99.35,99.2,95.05,158912,15606485.47,04-Sep-2026,3980,INE474C01023
REMUS,SM,886.05,906,886.05,890.05,888,894.1,3000,2685400.00,04-Sep-2026,25,INE0O5T01011
RGL,EQ,137.94,150.38,137.89,149.26,149.35,137.12,3035236,447380963.07,04-Sep-2026,26139,INE722H01024
RNPL,SM,82,83,79,79,79,81.5,7200,589800.00,04-Sep-2026,6,INE0VZX01015
REPCOHOME,EQ,358.1,361.95,356.15,358.75,359.95,355.75,41434,14865171.15,04-Sep-2026,1032,INE612J01015
REPRO,EQ,326.7,326.7,317,319.45,322,323.15,4692,1501152.20,04-Sep-2026,290,INE461B01014
RESPONIND,EQ,151.25,176.14,150.37,154.9,151.99,151.87,40184929,6773146067.60,04-Sep-2026,227735,INE688D01026
RBA,EQ,98.47,101.16,96.5,97.15,96.85,97.89,2606009,257215040.53,04-Sep-2026,14332,INE07T201019
RVTH,EQ,729,743.9,729,734.45,740,729.05,277,202435.95,04-Sep-2026,18,INE0DAB01012
RHETAN,EQ,25.42,25.42,25.41,25.42,25.42,23.11,5456321,138674607.58,04-Sep-2026,2223,INE0KKN01029
RHIM,EQ,372.6,373.8,369,371.35,371.7,369.75,97629,36250194.80,04-Sep-2026,3202,INE743M01012
RICHA,ST,78,78,78,78,78,81,1000,78000.00,04-Sep-2026,1,INE0J1P01015
RICOAUTO,EQ,126.95,131.75,126.6,130.46,131.3,126.49,1119592,144760826.98,04-Sep-2026,9451,INE209B01025
RIR,EQ,158,175.45,158,169.86,174.49,157.58,335333,56131301.82,04-Sep-2026,3982,INE302D01024
RISHABH,EQ,738,750,714.6,738.45,743.5,734.95,208178,152030536.65,04-Sep-2026,8827,INE0N2P01017
RITCO,EQ,302.6,304.6,298.55,301.8,302,301,112935,34222086.25,04-Sep-2026,1065,INE01EG01016
RITEZONE,SM,20.5,20.5,20.5,20.5,20.5,19.65,3200,65600.00,04-Sep-2026,2,INE0MRA01019
RITES,EQ,214,217.2,214,215.8,216,213.78,278299,59999250.47,04-Sep-2026,7183,INE320J01015
RKEC,EQ,21.67,22.59,19.9,21.73,21.5,21.64,65608,1397043.94,04-Sep-2026,431,INE786W01010
RMC,EQ,225.3,236,224.41,233.54,233.5,225.97,40561,9353969.52,04-Sep-2026,1963,INE655V01019
RNFI,SM,303,309.3,297.1,299.15,299,299.75,100200,30242070.00,04-Sep-2026,93,INE0SA001017
RHL,EQ,167.15,174.79,166.2,167.89,166.6,167.6,1284,215982.07,04-Sep-2026,45,INE508K01013
ROCKPP,E1,64,64,64,64,64,70,2000,128000.00,04-Sep-2026,2,IN90PTR01010
ROCKINGDCE,SM,220,239.8,216.9,234.25,235,227.15,9000,2079762.50,04-Sep-2026,35,INE0PTR01012
ROLEXRINGS,EQ,176,176.36,171,171.72,172.6,174.83,743997,128892337.58,04-Sep-2026,9140,INE645S01024
ROLLT,BE,4.35,4.37,4.17,4.37,4.37,4.17,470102,2050212.88,04-Sep-2026,234,INE927A01040
ROSSARI,EQ,461,468.25,456.1,460.25,461,457,83247,38335079.35,04-Sep-2026,3103,INE02A801020
ROSSELLIND,EQ,57.8,58.05,55.99,56.96,57,57.67,77117,4392859.63,04-Sep-2026,764,INE847C01020
ROSSTECH,EQ,1116.3,1168,1116.3,1150.5,1152.8,1116.3,234989,269560031.20,04-Sep-2026,13499,INE0OJW01016
ROTO,EQ,64.45,65.9,63.6,65.03,64.89,63.76,233711,15066120.36,04-Sep-2026,3407,INE535D01037
ROUTE,EQ,503.65,508,500.5,501.55,501.8,503.65,76123,38336473.95,04-Sep-2026,3141,INE450U01017
ROXHITECH,SM,46.05,47.6,46.05,46.3,46.25,47.5,24000,1126960.00,04-Sep-2026,15,INE0PDJ01013
ROHLTD,EQ,298,305.2,297,298.55,297,298.5,7153,2141074.00,04-Sep-2026,361,INE283H01019
RPGLIFE,EQ,2652.4,2739,2638.9,2721.6,2720.2,2652.4,20463,55050361.60,04-Sep-2026,2723,INE105J01010
RPSGVENT,EQ,836.55,872.85,829,831.4,829,833.3,23012,19496528.55,04-Sep-2026,1386,INE425Y01011
RSWM,BE,218,226.5,217.99,220.63,220.1,217.28,67600,14980642.10,04-Sep-2026,999,INE611A01016
RUBFILA,EQ,66.42,72,66.05,70.69,70.75,66.42,76949,5385090.43,04-Sep-2026,666,INE642C01025
RUBICON,EQ,1788.8,1792,1752.2,1768.3,1763,1775.7,113571,201116688.20,04-Sep-2026,10409,INE506V01022
RUCHINFRA,EQ,6,6.11,5.51,5.82,5.75,6.04,367135,2136841.12,04-Sep-2026,1086,INE413B01023
RUCHIRA,EQ,105.5,108,105,107.5,107.72,105.12,61272,6519469.76,04-Sep-2026,1077,INE803H01014
RUDRA,EQ,20.3,20.8,20.3,20.33,20.35,20.38,25195,515258.10,04-Sep-2026,157,INE027T01023
REPL,BE,62.75,68,62.75,63.19,64.39,65.96,8034,508545.74,04-Sep-2026,84,INE364Z01019
RULKA,SM,105.4,110.9,105.4,106.25,106.25,109.6,3300,360300.00,04-Sep-2026,6,INE0R7301013
RUPA,EQ,144.43,145.4,143.05,144.49,144.81,144.43,81141,11680264.47,04-Sep-2026,2556,INE895B01021
RUSHIL,EQ,16.2,16.46,15.66,16.01,15.98,16.18,247963,3994613.74,04-Sep-2026,822,INE573K01025
SAB,EQ,183,183.75,183,183.5,183.5,175,365,66821.00,04-Sep-2026,6,INE137M01017
SATECH,SM,38.8,40.65,38.8,39.6,40,38.4,20000,798700.00,04-Sep-2026,18,INE0BSN01013
SCHAND,EQ,136,137.99,135.35,136.41,136.2,136.73,10647,1451067.69,04-Sep-2026,418,INE807K01035
SHK,EQ,150.4,153.58,149.11,150.87,150.17,150.14,432026,65543470.10,04-Sep-2026,6066,INE500L01026
SJLOGISTIC,SM,315,317.95,312.1,315.7,315.5,315.2,32000,10085487.50,04-Sep-2026,82,INE0F3301020
SVGLOBAL,EQ,162,172.81,157.15,163.62,160.21,144.01,286302,48043278.63,04-Sep-2026,4232,INE159L01013
S&SPOWER,EQ,317.9,327.8,310.05,323.95,327.8,319.85,1826,579981.90,04-Sep-2026,201,INE902B01017
SPAL,EQ,1062.8,1077,1025,1071.1,1061,1062.8,64434,67674687.80,04-Sep-2026,6330,INE212I01016
SALSTEEL,EQ,82.2,84.63,80.01,81.37,81.49,82.04,233867,19199256.30,04-Sep-2026,1594,INE658G01014
SAAKSHI,ST,300,321,300,317.3,321,312,15000,4644780.00,04-Sep-2026,20,INE0PSK01027
SAATVIKGL,EQ,422.5,428.4,417.1,424.4,421,421.65,40616,17160870.05,04-Sep-2026,1453,INE13B501022
SABAR,ST,9.5,9.5,9.5,9.5,9.5,9.05,55000,522500.00,04-Sep-2026,8,INE0DZ101013
SACHEEROME,SM,456,490.1,455,485.25,483,455.45,47400,22541805.00,04-Sep-2026,100,INE1ARD01016
SADBHAV,EQ,8.03,8.35,8.01,8.15,8.23,8.03,131919,1071903.25,04-Sep-2026,298,INE226H01026
SADBHIN,BE,2.51,2.57,2.51,2.55,2.56,2.53,60912,155384.35,04-Sep-2026,120,INE764L01010
SADHNANIQ,BE,2.7,2.72,2.7,2.72,2.72,2.67,462137,1255003.80,04-Sep-2026,138,INE888C01040
SADHAV,SM,111,112.5,109.55,110.65,109.55,111.95,9000,996750.00,04-Sep-2026,15,INE0K5H01010
SAFARI,EQ,1509.5,1550.1,1508.3,1540.4,1543.9,1509.5,23964,36873917.10,04-Sep-2026,2670,INE429E01023
SAFEENTP,SM,274,279.75,271,273,271,277.2,31000,8521975.00,04-Sep-2026,58,INE17D601016
SAGCEM,EQ,156.01,157.04,152.25,152.86,152.5,154.38,244455,37418653.13,04-Sep-2026,1466,INE229C01021
SAGARDEEP,EQ,23.76,24,23.53,23.62,23.6,23.76,5256,124820.33,04-Sep-2026,70,INE976T01013
SAGILITY,EQ,47,47.27,46.5,46.82,46.82,46.8,11136928,521834619.00,04-Sep-2026,26621,INE0W2G01015
SAHAJSOLAR,SM,99.2,100.7,95,99.95,99.95,99.4,16000,1564300.00,04-Sep-2026,39,INE0P4701011
SAHANA,SM,926,930.95,917,920.3,921,927.9,20100,18508485.00,04-Sep-2026,98,INE0LEX01011
SAHASRA,ST,308.95,310,301,307.85,310,306.25,24400,7476740.00,04-Sep-2026,52,INE0RBQ01018
SAHYADRI,EQ,360,402.7,360,392.15,388,359.4,111187,43409306.60,04-Sep-2026,5879,INE280H01015
SAICAPI,EQ,160.2,163.8,155.1,157.56,158.45,157.05,1101,177483.93,04-Sep-2026,41,INE531X01018
SAILIFE,EQ,1570,1622,1561.9,1584.3,1584.9,1574.8,561938,896431517.50,04-Sep-2026,30349,INE570L01029
SAIPARENT,EQ,523.8,523.8,516,519.55,518.05,518.15,45947,23873620.05,04-Sep-2026,1706,INE0H9F01037
KALAMANDIR,EQ,85.99,86.76,85.81,86.49,86.75,85.87,150963,13029962.87,04-Sep-2026,1955,INE438K01021
SEKURITIND,EQ,113.95,116,113.95,114.56,114.25,114.67,31358,3608169.35,04-Sep-2026,368,INE068B01017
SAKAR,EQ,1012,1019,987.95,1013.9,1012,1006.95,87982,88397021.40,04-Sep-2026,5941,INE732S01012
SAKSOFT,EQ,153.69,156.4,153.01,154.58,156.4,153.69,179015,27623243.88,04-Sep-2026,2898,INE667G01023
SAKHTISUG,EQ,20.35,20.4,19.61,19.78,19.87,20.35,175324,3479670.72,04-Sep-2026,907,INE623A01011
SAKUMA,EQ,1.6,1.65,1.55,1.62,1.65,1.58,721220,1155562.78,04-Sep-2026,898,INE190H01024
SALASAR,EQ,5.12,5.88,5.12,5.2,5.21,5.08,26712678,144034125.42,04-Sep-2026,20032,INE170V01027
SALONA,EQ,259.5,274.75,259,269.95,269.95,262.9,74,19418.20,04-Sep-2026,19,INE498E01010
SALZERELEC,EQ,540,555,537.05,549.7,548.7,537.3,54544,29911351.75,04-Sep-2026,2936,INE457F01013
SAMAY,ST,44.5,44.5,44.5,44.5,44.5,46,4000,178000.00,04-Sep-2026,1,INE124101010
SAMBANDAM,EQ,120,125,120,123.23,120,120,206,25556.00,04-Sep-2026,12,INE304D01012
SAMBHAAV,EQ,5.94,6.17,5.7,5.94,6.01,6,46902,277033.86,04-Sep-2026,87,INE699B01027
SAMBHV,EQ,130.7,131.8,127,128.69,129.05,129.64,1221798,158356728.68,04-Sep-2026,11539,INE12NJ01018
SAIFL,SM,5.05,5.05,4.8,4.8,4.8,4.95,296000,1441000.00,04-Sep-2026,49,INE0PZA01015
SAMHI,EQ,152.59,155.6,152.55,153.99,155.5,152.59,397845,61151563.19,04-Sep-2026,10909,INE08U801020
SAMMAANCAP,EQ,155,161,153.51,158.39,157.9,153.7,13853349,2195677474.92,04-Sep-2026,61464,INE148I01020
SAMPANN,EQ,24.31,25.58,24.31,25.19,25.19,24.61,10476,262300.50,04-Sep-2026,134,INE735M01018
MOTHERSON,EQ,162.01,162.9,160.26,160.7,160.7,162,7139764,1150561538.38,04-Sep-2026,38412,INE775A01035
SANATHAN,EQ,441.05,474.95,441.05,456.2,455.1,433.05,330832,152999251.85,04-Sep-2026,8764,INE0JPD01013
SANDESH,EQ,1069,1069,1035,1051.3,1050,1050.9,750,786852.70,04-Sep-2026,135,INE583B01015
SANDHAR,EQ,631,635,617.15,624,626,627.85,143060,89051055.45,04-Sep-2026,5495,INE278H01035
SANDUMA,EQ,198,199.5,196.5,197.83,197.56,197.89,375487,74289613.37,04-Sep-2026,7447,INE149K01016
SANGAMIND,EQ,573.25,582.8,572.1,578.8,575,571.85,7685,4441546.10,04-Sep-2026,733,INE495C01010
SANGANI,SM,54.6,54.6,54.6,54.6,54.6,52,12000,655200.00,04-Sep-2026,4,INE0OVI01010
SANGHVIMOV,EQ,456.4,472,436.65,439.2,439.5,453,455750,205817384.20,04-Sep-2026,20233,INE989A01032
SANGINITA,BE,59.5,59.5,59.5,59.5,59.5,58.34,64797,3855421.50,04-Sep-2026,85,INE753W01010
SANOFICONR,EQ,4205.3,4234.9,4108,4201.7,4185,4205.4,6432,26811768.00,04-Sep-2026,1451,INE0UOS01011
SANOFI,EQ,3206,3207.8,3151,3158.2,3154,3190.8,9898,31426796.70,04-Sep-2026,2236,INE058A01010
SANSERA,EQ,3808.8,3833.8,3733.7,3782.6,3772,3789.6,101677,384415391.40,04-Sep-2026,15246,INE953O01021
SANSTAR,EQ,108,114.9,108,111.31,110.56,108,633145,70871093.03,04-Sep-2026,4216,INE08NE01025
SANWARIA,BZ,0.19,0.2,0.18,0.18,0.19,0.19,871449,167978.34,04-Sep-2026,172,INE890C01046
SAPPHIRE,EQ,228.5,233.99,225.56,228.43,228.5,228.76,713459,163995016.31,04-Sep-2026,20970,INE806T01020
SARTELE,SM,91.5,93.5,89,89.4,89,91.35,39500,3584000.00,04-Sep-2026,58,INE0PUC01020
ZSARACOM,EQ,10096,11600,9808,11302,11448,10227,221,2367989.00,04-Sep-2026,127,INE967G01019
SSDL,EQ,55.92,57.78,55.51,56.69,56.2,55.92,14090,800129.53,04-Sep-2026,691,INE0PQ101010
SARDAEN,EQ,510.05,517.05,504.2,508.55,508,506.55,526969,268780675.65,04-Sep-2026,18591,INE385C01021
SAREGAMA,EQ,498.4,500,488.1,492.75,491.4,493.65,353123,175066514.35,04-Sep-2026,20683,INE979A01025
SARLAPOLY,EQ,102.75,102.98,97.75,100.2,99.9,102.15,97835,9805592.12,04-Sep-2026,1452,INE453D01025
SMLT,EQ,65.8,70,63.12,65.59,64.65,64.59,7074,458475.26,04-Sep-2026,193,INE017W01010
SARVESHWAR,EQ,3.38,3.43,3.33,3.36,3.38,3.35,1228078,4153755.00,04-Sep-2026,1558,INE324X01026
SASKEN,EQ,1925.4,1925.4,1870.5,1881.3,1886,1902.4,12365,23416269.10,04-Sep-2026,1492,INE231F01020
SATKARTAR,SM,118.4,118.4,115.95,116.7,116.25,118.2,28800,3371400.00,04-Sep-2026,27,INE0NB801022
SSEGL,SM,400,405.95,393.1,400.6,393.1,402.25,24400,9778290.00,04-Sep-2026,75,INE0RFP01011
SATIPOLY,ST,38,38.9,38,38.9,38.9,37.05,2000,76750.00,04-Sep-2026,4,INE0RPM01017
SATIA,EQ,60.74,63.85,60.01,63.36,63.8,60.37,251939,15846293.08,04-Sep-2026,2801,INE170E01023
SATIN,EQ,220.39,223.48,217.58,220.75,219.78,219.37,205973,45317702.96,04-Sep-2026,4012,INE836B01017
SATTVAENGG,SM,63,63,61.1,61.5,61.5,62,11200,695520.00,04-Sep-2026,7,INE14DW01018
SAURASHCEM,EQ,56.81,58.6,56,57.61,57.85,56.81,90990,5258779.65,04-Sep-2026,1185,INE626A01014
SOTL,EQ,743,744.95,731.15,740.75,744.25,737.35,273612,201712543.10,04-Sep-2026,12976,INE035D01020
SAVY,SM,135.1,141.2,135.1,136.15,140,135.1,139200,19156380.00,04-Sep-2026,48,INE0UCN01017
SAWALIYA,SM,152,159.95,152,159.95,159.95,150.15,8400,1323090.00,04-Sep-2026,14,INE10VS01016
SAYAJIHOTL,EQ,325,325,315,319.35,319.6,303.8,12,3820.40,04-Sep-2026,8,INE318C01014
SAYAJIIND,EQ,119.89,119.89,116.01,116.11,116.21,119.89,103,12340.11,04-Sep-2026,4,INE327G01032
SBC,EQ,43.48,46.89,43.45,45.76,45.95,43.25,13241116,597265711.23,04-Sep-2026,14431,INE04AK01028
SBFC,EQ,99.9,100.67,98.37,100.08,100,99.9,817043,81360850.16,04-Sep-2026,8451,INE423Y01016
SBICARD,EQ,661,668.7,656.3,658.25,658.25,661,1752698,1160644231.25,04-Sep-2026,25566,INE018E01016
SBIFUNDS,EQ,563.9,565.5,558.9,562.1,561.6,564,1143214,642526388.00,04-Sep-2026,26282,INE640G01020
SBILIFE,EQ,1715,1775,1707.4,1775,1775,1715,1720166,3022210304.30,04-Sep-2026,54483,INE123W01016
SETFGOLD,EQ,133.47,133.47,130.75,131.22,131.22,130.22,4422415,580258915.89,04-Sep-2026,10708,INF200KA16D8
SETFNIF50,EQ,259.9,259.9,257.33,258.08,258.5,257.33,561856,145024741.70,04-Sep-2026,3274,INF200KA1FS1
SETFNIFBK,EQ,593.87,593.87,589.83,590.86,590.31,591.31,18450,10914209.07,04-Sep-2026,604,INF200KA1580
SETFNN50,EQ,787.52,799,781.73,785.05,784,783.6,80614,63306294.45,04-Sep-2026,1956,INF200KA1598
LIQUIDSBI,EQ,999.99,1000.01,999.99,1000,1000.01,1000.01,5550,5550033.32,04-Sep-2026,27,INF200KA13Z8
SBIBPB,EQ,49.97,50.05,49.26,49.56,49.56,49.48,104576,5206668.47,04-Sep-2026,319,INF200KB1712
SBIETFCON,EQ,122.54,122.54,119.7,119.89,119.7,120.31,13201,1585294.34,04-Sep-2026,81,INF200KA1X17
SBIETFIT,EQ,342.1,346.1,338.69,340.64,342.1,342.1,1908,652762.76,04-Sep-2026,161,INF200KA1S14
SBIETFPB,EQ,290.89,290.89,282.98,283.57,285.46,285.51,2003,570122.87,04-Sep-2026,67,INF200KA1S22
SBIETFQLTY,EQ,223.5,223.5,221.5,221.86,222.21,223.32,718,159690.34,04-Sep-2026,70,INF200KA1WX6
SBILIQETF,EQ,1054.81,1054.83,1054.81,1054.81,1054.81,1054.43,104098,109804024.39,04-Sep-2026,73,INF200KB1969
SBIMIDMOM,EQ,63.7,64.07,63.56,63.73,63.79,63.87,5431,346524.16,04-Sep-2026,116,INF200KB1AJ0
SBINEQWETF,EQ,33.2,33.31,33.1,33.26,33.12,33.13,26479,880183.11,04-Sep-2026,184,INF200KB1282
SBINMID150,EQ,23.59,23.59,23.26,23.3,23.31,23.32,11172,260301.52,04-Sep-2026,126,INF200KB1AK8
SBISILVER,EQ,226.74,229.16,226.74,228.31,228.5,225.5,717256,163637700.27,04-Sep-2026,4637,INF200KB1217
SBISMLETF,EQ,18.47,18.67,18.47,18.55,18.6,18.47,29237,542275.50,04-Sep-2026,209,INF200KB1AY9
SBIVALETF,EQ,14.72,14.75,14.66,14.75,14.75,14.65,5269,77613.41,04-Sep-2026,63,INF200KB1AX1
SETF10GILT,EQ,264,264.49,263.01,263.1,263.1,263.85,7480,1973259.00,04-Sep-2026,72,INF200KA1JT1
SCANSTL,BE,58.81,60.8,56.5,59.22,60.8,58.82,33610,1960586.88,04-Sep-2026,154,INE099G01011
SCHAEFFLER,EQ,3950,4004.6,3871.7,3956.4,3958.9,3950.6,53652,211898727.40,04-Sep-2026,11259,INE513A01022
SCHNEIDER,EQ,1198,1235.7,1192.2,1232.4,1224.2,1191,255402,311385997.60,04-Sep-2026,20576,INE839M01018
865SCL27,N4,1001,1001,1001,1001,1001,1001,3,3003.00,04-Sep-2026,1,INE148I07XG8
902SCL28,N1,1000.64,1000.64,1000.64,1000.64,1000.64,998,75,75048.00,04-Sep-2026,2,INE148I07WU1
905SCL36,N0,100100,100100,100100,100100,100100,101000,150,15015000.00,04-Sep-2026,1,INE148I07YJ0
971SCL30,N1,1021.52,1021.52,1021.52,1021.52,1021.52,1029,104,106238.08,04-Sep-2026,3,INE148I07WP1
99SCL27V,N1,1041.8,1060,1024,1060,1060,1005,1525,1580535.60,04-Sep-2026,5,INE148I07VR9
995SCL2035,NM,1016,1016,1000,1008.64,1000,1000,50,50432.00,04-Sep-2026,2,INE148I07XY1
SCODATUBES,EQ,134.8,136.59,131.2,135.02,135.98,134.95,215520,29002212.51,04-Sep-2026,2686,INE090501011
764AP31,SG,96.48,96.48,96.48,96.48,96.48,96.48,100,9648.00,04-Sep-2026,1,IN1020230703
792BR51,SG,102.55,102.55,102.55,102.55,102.55,100.3,100,10255.00,04-Sep-2026,1,IN1320260012
653CG28,SG,96.8,96.8,96.8,96.8,96.8,96.8,200,19360.00,04-Sep-2026,2,IN3520210037
775DL41,SG,99.12,99.12,99.12,99.12,99.12,100.12,100,9912.00,04-Sep-2026,1,IN3920260020
755GJ30,SG,96.59,96.59,96.59,96.59,96.59,100,300,28977.00,04-Sep-2026,1,IN1520220170
777HP49,SG,99.75,99.75,92,97.2,97.2,95,2800,272180.00,04-Sep-2026,10,IN1720260034
726MH30,SG,99,99,99,99,99,100,100,9900.00,04-Sep-2026,1,IN2220230048
735MH31,SG,97.2,97.2,97.2,97.2,97.2,99.5,500,48600.00,04-Sep-2026,1,IN2220260011
757MH31,SG,96.03,96.03,95,95,95,100,2700,257530.00,04-Sep-2026,2,IN2220220155
737RJ30,SG,97.03,97.03,97.03,97.03,97.03,100,100,9703.00,04-Sep-2026,1,IN2920260071
797TS43,SG,96.43,96.43,96.43,96.43,96.43,100.64,800,77144.00,04-Sep-2026,1,IN4520260014
SEAMECLTD,EQ,1787,1804,1770.5,1793.6,1796.5,1786.6,130765,234142574.80,04-Sep-2026,10768,INE497B01018
IIFLZC28B,Y1,1275,1275,1275,1275,1275,1272,20,25500.00,04-Sep-2026,1,INE530B07369
10ISFL26,N3,1066.8,1066.8,1066.8,1066.8,1066.8,1066.8,25,26670.00,04-Sep-2026,1,INE413U07277
875SCL23A,YI,1010,1010,1010,1010,1010,1010,97,97970.00,04-Sep-2026,2,INE148I07RU1
1015SCL28,NR,1000,1000,1000,1000,1000,900,6,6000.00,04-Sep-2026,2,INE148I07QR9
1015SCL28B,AZ,864,864,864,864,864,720,1,864.00,04-Sep-2026,1,INE148I07OW4
1015SCL29B,N1,1105.38,1105.38,1105.38,1105.38,1105.38,1094.55,1,1105.38,04-Sep-2026,1,INE148I07UK6
1025UCL26A,N1,1000.12,1000.12,999.7,999.7,999.7,990.01,5,5000.18,04-Sep-2026,2,INE583D07521
888SCL25E,N4,915,915.2,915,915.2,915.2,939,75,68633.00,04-Sep-2026,3,INE148I07PV3
965SCL25F,NZ,840,840,840,840,840,875,20,16800.00,04-Sep-2026,1,INE148I07RB1
1003SFIL28,NX,411,411,411,411,411,446.41,4,1644.00,04-Sep-2026,1,INE244L07556
1065NFL27,NC,1011,1011,1011,1011,1011,1010.99,431,435741.00,04-Sep-2026,21,INE342T07460
79NHIT35,N1,311.25,311.25,311.25,311.25,311.25,311.01,50,15562.50,04-Sep-2026,1,INE0H7R07017
79NHIT40,N2,312,312,312,312,312,312,1,312.00,04-Sep-2026,1,INE0H7R07025
79NHIT47,N3,417.5,418,417.5,418,418,416.53,725,302871.00,04-Sep-2026,4,INE0H7R07033
797IGT31,NL,1017.8,1017.8,1015,1017.8,1017.8,1010,175,177879.00,04-Sep-2026,9,INE219X07280
842IIFL26,NL,999.98,999.98,998,998,998,996,380,379457.80,04-Sep-2026,6,INE530B07161
843IHFL29,NC,982,985,982,985,985,982,38,37373.00,04-Sep-2026,2,INE477L07AQ2
865IFL28,NZ,985,990,985,986.01,986.01,985,675,666253.75,04-Sep-2026,4,INE530B07385
865IIFL28,NS,992,992.5,985,991,991,993.76,338,334967.70,04-Sep-2026,9,INE530B07310
889SCFL27,YC,999,999,991.2,991.2,991.2,993.47,29,28822.86,04-Sep-2026,3,INE148I07LE8
89IHFL29,N1,980,980,980,980,980,975,120,117600.00,04-Sep-2026,5,INE477L07BG1
9PFL31A,NA,1038,1038,1038,1038,1038,1038,20,20760.00,04-Sep-2026,1,INE516Y07428
948SCL26A,NN,398.39,398.39,325.55,325.55,325.55,333.9,1170,465906.13,04-Sep-2026,3,INE148I07QK4
948SCL27D,N1,1060,1060,1060,1060,1060,981,3,3180.00,04-Sep-2026,1,INE148I07UC3
965AEL27,N4,1012,1012,1009.05,1012,1012,1011.5,123,124464.15,04-Sep-2026,11,INE423A07328
970CAGL28,ND,1021.9,1021.9,1021,1021,1021,1021,299,305292.40,04-Sep-2026,12,INE741K07579
990SCL26,N7,365.8,365.8,365.8,365.8,365.8,399.8,15,5487.00,04-Sep-2026,2,INE148I07PY7
99AEL29,N7,1055,1055,1055,1055,1055,1051,5,5275.00,04-Sep-2026,1,INE423A07344
0MOFSL27,N3,1215,1215,1210,1210.5,1210,1215,30,36315.00,04-Sep-2026,2,INE338I07099
AEL120924A,N5,1200,1200,1200,1200,1200,1185,31,37200.00,04-Sep-2026,3,INE423A07377
IMC1,N3,250,251,250,251,251,256.5,8,2005.00,04-Sep-2026,2,INE00QS24035
1015ECL29,NR,1017,1022.9,1015.6,1017,1017,1019,710,722424.32,04-Sep-2026,17,INE804IA7014
1060ECL29,NS,1069.5,1069.5,1069.5,1069.5,1069.5,1088.5,110,117645.00,04-Sep-2026,1,INE804IA7022
81TCHF28,N8,1014.8,1014.8,1014.4,1014.4,1014.4,1010,125,126809.00,04-Sep-2026,3,INE033L07GS6
875SFL27,ZF,1010,1010,1010,1010,1010,1000.2,3,3030.00,04-Sep-2026,1,INE721A07PK7
885SCL26,N9,1078.33,1080,1077,1077,1077,1077.02,3000,3233350.28,04-Sep-2026,60,INE148I07GK5
9SCL26BA,NA,1082,1083.25,1082,1083.25,1083.25,1081,60,64938.75,04-Sep-2026,2,INE148I07GL3
903SFL28,YI,1036,1036,1036,1036,1036,1030,10,10360.00,04-Sep-2026,1,INE721A07NU1
930SFL28,YP,1040,1040,1040,1040,1040,1050,13,13520.00,04-Sep-2026,1,INE721A07OC7
957ICCL25,YW,1041.5,1042,1041.5,1042,1042,1042.5,451,469941.50,04-Sep-2026,6,INE721A07ON4
943ECL28,NJ,1003.01,1003.01,1003,1003,1003,1009.9,558,559679.10,04-Sep-2026,5,INE804I078Y8
97SFL29,YZ,1091.55,1091.55,1091.55,1091.55,1091.55,1091,200,218310.00,04-Sep-2026,2,INE721A07OQ7
985ECL28,NK,1004.69,1004.69,1003.05,1003.99,1003.99,1002.52,520,521923.40,04-Sep-2026,35,INE804I079Y6
SECMARK,EQ,148.46,150,144.4,144.4,144.4,148.46,1139,165991.91,04-Sep-2026,51,INE0BTM01013
SECURKLOUD,EQ,17.58,17.8,16.98,17.01,17.3,17.41,24259,414284.70,04-Sep-2026,152,INE650K01021
SEDEMAC,EQ,2916.2,2919,2800,2814.4,2808.3,2905.9,102621,292271604.10,04-Sep-2026,10840,INE00XB01019
SEJALLTD,EQ,670.1,674.75,648,657.5,658.15,672.45,5519,3659508.30,04-Sep-2026,539,INE955I01044
SELMC,EQ,29.5,29.5,26.53,27.5,27.5,27.17,4456,122905.99,04-Sep-2026,82,INE105I01020
SELLOWRAP,SM,67.5,67.5,67.5,67.5,67.5,66.5,1600,108000.00,04-Sep-2026,1,INE0IJF01013
SEMAC,EQ,298.9,298.9,276.05,277.25,277,290.55,4531,1260927.65,04-Sep-2026,135,INE617A01013
SENCO,EQ,349.85,362.8,349.85,358.65,358.75,349.05,1141834,408131811.20,04-Sep-2026,27979,INE602W01027
SENORES,EQ,1442.8,1465.9,1420,1428.4,1433,1430.4,124425,178873521.80,04-Sep-2026,10741,INE0RB801010
SEPC,EQ,5.39,5.44,5.35,5.38,5.4,5.37,7339250,39538568.21,04-Sep-2026,4047,INE964H01014
865LTF26,NN,1065,1065,1065,1065,1065,1060,10,10650.00,04-Sep-2026,1,INE027E07BC8
898LTF29,N7,1067.01,1072,1066.01,1072,1072,1066.01,118,126068.72,04-Sep-2026,5,INE027E07998
865TCAPS27,N8,1011,1011,1009.05,1009.05,1009.05,1011,11,11119.05,04-Sep-2026,2,INE306N07LM5
96SFIL24A,NB,992,992,992,992,992,992.76,251,248992.00,04-Sep-2026,3,INE244L07168
SERVICE,SM,70.8,71.85,67.25,69.45,69.9,69.4,34000,2349400.00,04-Sep-2026,17,INE0P1Q01015
SERVOTECH,EQ,80.7,82.26,78.88,79.62,79.55,80.25,492370,39260240.06,04-Sep-2026,4199,INE782X01033
STYL,EQ,393,399,380.1,383.5,384.4,387.05,123059,47756858.25,04-Sep-2026,3455,INE04VU01023
SESHAPAPER,EQ,236,236,231,233.09,232.55,234.51,18854,4381519.98,04-Sep-2026,479,INE630A01024
SETCO,BE,17.88,18.1,17.11,17.45,17.5,17.36,24126,421075.99,04-Sep-2026,165,INE878E01021
SETUINFRA,BZ,0.57,0.57,0.57,0.57,0.57,0.55,46145,26302.65,04-Sep-2026,41,INE023M01027
SEYAIND,BE,12.3,12.3,11.9,12.25,12.01,12.06,4895,59246.25,04-Sep-2026,45,INE573R01012
SGFIN,EQ,682.5,682.5,655.9,675.7,678.5,676.8,164000,110674125.15,04-Sep-2026,5875,INE618R01015
SGMART,EQ,822,834.05,815.55,824.75,822,815.85,114546,94310750.00,04-Sep-2026,6666,INE385F01024
SGLRES,EQ,2.5,2.5,2.32,2.41,2.47,2.39,58369,140094.06,04-Sep-2026,131,INE967B01028
SHADOWFAX,EQ,260.9,262.3,256.25,259.55,260.7,259.9,1649661,428087704.75,04-Sep-2026,18502,INE12UN01015
SHAHALLOYS,BE,102.15,106,101.5,101.5,101.5,106.84,140569,14422489.03,04-Sep-2026,348,INE640C01011
SHAH,EQ,3.53,3.6,3.45,3.51,3.52,3.49,1297179,4562589.77,04-Sep-2026,827,INE482J01021
SHAILY,EQ,3265,3310,3240,3278.3,3266.5,3267.1,77257,252993207.70,04-Sep-2026,12260,INE151G01028
SHAKTIPUMP,EQ,475,482.8,470.8,473,474,472.2,419668,199414067.85,04-Sep-2026,15452,INE908D01010
SHALBY,EQ,152.65,154.49,152,152.71,152.51,152.64,31700,4855464.82,04-Sep-2026,983,INE597J01018
SAHLIBHFI,EQ,88.52,90.8,88,89.52,89.9,89.12,43843,3934193.91,04-Sep-2026,992,INE861D01011
SHALPAINTS,BE,85.6,85.62,85,85.47,85.26,81.55,141870,12143104.83,04-Sep-2026,488,INE849C01026
SRD,EQ,39.66,40.19,39.27,39.33,39.59,39.66,26155,1038284.25,04-Sep-2026,196,INE01NE01012
SHANKARA,EQ,147.01,148.99,147.01,148.18,147.46,147.09,46914,6927102.32,04-Sep-2026,563,INE274V01019
BUILDPRO,EQ,1288.8,1305,1282.5,1298.2,1294,1288.8,351369,455823214.20,04-Sep-2026,5087,INE24OJ01011
SHANKESH,EQ,97.35,103.45,97,98.92,98.78,97.4,8474688,854506536.70,04-Sep-2026,48883,INE1WFC01025
SHANTIGEAR,EQ,600,637.45,586.85,621.75,615.55,582.8,1612281,1001532765.40,04-Sep-2026,42943,INE631A01022
SEIL,EQ,202.1,202.34,198.5,200.76,201,202.34,440822,88307216.12,04-Sep-2026,1777,INE440T01028
SHANTIGOLD,EQ,247.01,259.48,246,256.34,258.3,245.05,2489253,634970088.05,04-Sep-2026,32519,INE06ZD01017
SHANTI,EQ,6.31,6.57,6.11,6.25,6.22,6.31,24947,157869.49,04-Sep-2026,91,INE933X01016
SHINDL,EQ,159.07,163,156.2,162.42,160.26,159.35,220380,35488787.87,04-Sep-2026,881,INE220Z01013
SHARDACROP,EQ,771.65,780.5,765,768.35,771.05,772.75,105369,81356860.75,04-Sep-2026,7338,INE221J01015
SHARDAMOTR,EQ,879.05,885.45,872.6,881.95,882.65,877.9,27320,24013703.25,04-Sep-2026,3219,INE597I01028
SHARDUL,BE,53.77,56.4,53.15,54.49,54.5,53.77,10278,555031.42,04-Sep-2026,59,INE037B01020
SHAREINDIA,EQ,171.06,172.75,170.1,170.5,170.11,169.27,316097,53979011.71,04-Sep-2026,1853,INE932X01026
SCML,SM,84,84.1,74,81,81,83.2,14000,1115100.00,04-Sep-2026,13,INE460Q01014
SHEEL,ST,63,63,61.6,61.6,61.6,64.5,6000,372400.00,04-Sep-2026,3,INE0YJV01017
SFL,EQ,647,650.2,642.1,646.8,643,644.9,59553,38515898.55,04-Sep-2026,6360,INE916U01025
SCPL,BE,643,657,627.1,646.45,653.5,641.9,8409,5414879.85,04-Sep-2026,184,INE501Y01019
SHEETAL,SM,348.1,348.1,348.1,348.1,348.1,348,500,174050.00,04-Sep-2026,1,INE04VX01019
SHEKHAWATI,BE,15.24,15.7,14.72,15.52,15.55,15.25,26781,412026.07,04-Sep-2026,116,INE268L01046
SHEMAROO,BE,124.01,127.5,124.01,126.61,125.51,125.74,3580,451863.78,04-Sep-2026,27,INE363M01019
SHERA,SM,183.1,186.8,181.9,182.3,182,182.4,34000,6246300.00,04-Sep-2026,34,INE0MM001019
SHERVANI,EQ,316,319.95,315.05,315.1,315.1,315.05,78,24655.75,04-Sep-2026,7,INE011D01013
SHIGAN,SM,74,74,71.1,71.1,71.1,73.95,9000,650925.00,04-Sep-2026,6,INE03KJ01013
SHILCTECH,EQ,4045.2,4104.5,4023.5,4065.3,4050.3,4041.6,17962,73233094.30,04-Sep-2026,3766,INE024F01011
SHILGRAVQ,EQ,149.42,151,143,144.8,149.89,150.42,9295,1360858.03,04-Sep-2026,225,INE960A01017
SHILPAMED,EQ,956.15,973.9,946.2,964.15,958,956.15,652726,629030552.05,04-Sep-2026,24194,INE790G01031
SCILAL,EQ,40.1,40.1,39.7,39.77,39.83,40.02,196582,7830374.19,04-Sep-2026,1416,INE0PB301013
SCI,EQ,296.4,300.25,293.75,295.35,296.1,294.95,1792086,531615243.10,04-Sep-2026,25743,INE109A01011
SHIPROCKET,EQ,137.19,138.2,134.21,135.92,135.99,135.89,4989875,678754817.19,04-Sep-2026,27339,INE0FOO01011
SHIVAUM,EQ,449.9,455,448,448.05,448.05,450,1042,470077.20,04-Sep-2026,57,INE719F01016
SHIVACEM,EQ,16.09,16.89,15.4,15.97,15.99,15.7,55679,892660.29,04-Sep-2026,302,INE555C01029
SHIVAAGRO,EQ,41.7,41.7,40.25,41.39,41.39,42.9,4883,200662.01,04-Sep-2026,24,INE960E01019
SHIVAMILLS,EQ,59,62,59,60.5,60.5,61.58,438,26567.39,04-Sep-2026,25,INE644Y01017
SHIVATEX,EQ,185.25,187.49,181.11,182.86,182.94,182.22,15793,2907276.00,04-Sep-2026,196,INE705C01020
SPCL,SM,61.3,62.95,61,62.6,62.1,61.2,22200,1372050.00,04-Sep-2026,29,INE0T7B01010
SBCL,EQ,1189.3,1215.7,1102.4,1121.1,1115,1155.9,810275,919033802.70,04-Sep-2026,44614,INE386D01027
SHIVALIK,BE,313.4,329.05,313.4,327.4,329.05,313.4,46428,15238920.20,04-Sep-2026,576,INE788J01021
SHIVAMAUTO,EQ,18.4,18.4,17.32,18.01,17.85,17.8,77913,1403506.74,04-Sep-2026,187,INE637H01024
SHIVASHRIT,SM,120.95,123.5,120,120,120,120.95,34000,4114350.00,04-Sep-2026,6,INE1DLF01018
SHOPERSTOP,EQ,391.45,394.95,381,381.75,381,391.45,14069,5445545.85,04-Sep-2026,1118,INE498B01024
SHRADDHA,EQ,157.49,159.8,153.21,156.48,158,152.78,3120,488973.95,04-Sep-2026,131,INE311M01018
SHRADHA,EQ,31.9,32,31.15,31.48,31.5,31.9,16176,508905.38,04-Sep-2026,127,INE715Y01031
SHREEPUSHK,EQ,482.2,483,465,475.25,472,477.45,50352,23934545.50,04-Sep-2026,2458,INE712K01011
SAPPL,EQ,292,292,275.45,281.85,285,280.6,796,222481.90,04-Sep-2026,42,INE185C01017
SHREECEM,EQ,23850,24140,23780,23855,23855,23910,15350,368039420.00,04-Sep-2026,6995,INE070A01015
SHREDIGCEM,EQ,74.28,74.79,72.98,74.44,74,74.28,189709,14022497.35,04-Sep-2026,1590,INE232A01011
SGRL,EQ,684,717,684,708.55,708.95,684.1,22022,15451083.05,04-Sep-2026,1184,INE414Y01015
SHREEKARNI,SM,382,383.5,372,380.2,380,386.65,4050,1530780.00,04-Sep-2026,23,INE0S4Y01010
SHREEOSFM,SM,56.4,56.5,56.4,56.5,56.5,55.95,2000,112900.00,04-Sep-2026,2,INE02S501018
SRTL,EQ,36.72,37.85,36.5,37.71,37.64,36.72,29437,1097636.24,04-Sep-2026,452,INE19GK01015
SHREERAMA,EQ,43.82,45.29,43.82,44.12,44,44.52,51339,2278863.77,04-Sep-2026,675,INE879A01019
RAMANEWS,EQ,32.96,32.96,31.66,31.75,31.9,32.35,4990,158599.09,04-Sep-2026,89,INE278B01020
RENUKA,EQ,24.3,24.66,23.46,24.04,24.14,24.27,13578560,323172128.88,04-Sep-2026,19992,INE087H01022
TIRUPATI,SM,308,308,308,308,308,324,125,38500.00,04-Sep-2026,1,INE238Y01018
BALAJEE,EQ,26.65,26.65,26.11,26.16,26.15,26.15,17375,455973.20,04-Sep-2026,129,INE0S2G01011
SVLL,BE,806,818,796,799.25,796,806,623,499088.45,04-Sep-2026,31,INE00CE01017
SHREEDHAR,ST,108.55,115,108.5,114.3,115,112.55,20000,2215700.00,04-Sep-2026,8,INE0K3301012
SHETHJI,SM,190.6,208.95,190.6,195.95,208.95,190.25,72000,13901000.00,04-Sep-2026,28,INE1FL101016
SHREEJISPG,EQ,670.65,684,657.3,680.15,684,664.25,2336669,1560690901.80,04-Sep-2026,21704,INE1B6101010
OSWALSEEDS,EQ,11.61,12,11.61,11.72,11.85,11.92,48433,573484.15,04-Sep-2026,230,INE00IK01029
SHREMINVIT,IV,100.5,100.5,100.5,100.5,100.5,100.5,575000,57787500.00,04-Sep-2026,2,INE0GTI23014
SHRENIK,BZ,0.29,0.3,0.28,0.29,0.3,0.29,346855,101923.82,04-Sep-2026,157,INE632X01030
SHREYANIND,EQ,130,130.7,126.9,128.93,130,129.3,6128,790453.37,04-Sep-2026,114,INE231C01019
SHRIAHIMSA,ST,480,488,458,485.5,488,473.1,12000,5700000.00,04-Sep-2026,20,INE0DM401012
SHBAJRG,EQ,161.05,165,160.02,160.67,162.97,160.83,2205,358531.37,04-Sep-2026,89,INE402H01015
SHKSIL,SM,35,35.5,32.95,34,34,34.25,32000,1086800.00,04-Sep-2026,14,INE0NON01025
SHRJAGP,EQ,621.3,636,600.05,625.65,620.05,621.3,782,485480.30,04-Sep-2026,89,INE564J01026
SHRIKANHA,SM,21.2,21.2,20.85,20.85,20.85,21.7,11200,234640.00,04-Sep-2026,6,INE1V4601019
SHRIKRISH,EQ,41,41,39,39.79,39.8,38.85,1225,49538.15,04-Sep-2026,34,INE997I01012
VASUPRADA,EQ,107.1,107.1,107.1,107.1,107.1,102,1,107.10,04-Sep-2026,1,INE574G01013
SHRINGARMS,EQ,218.35,222.7,216.51,217.91,218,217.28,255200,56151163.93,04-Sep-2026,1689,INE1B3L01017
LIQUIDSHRI,EQ,1120.31,1120.33,1120.31,1120.33,1120.33,1119.96,20717,23209543.58,04-Sep-2026,25,INF680P01422
SHRIRAMFIN,EQ,1044.2,1052.8,1037,1041,1041,1044.2,4135730,4311670826.30,04-Sep-2026,60483,INE721A01047
SHRIRAMPPS,EQ,76.8,77.28,76.02,76.9,76.55,75.68,248858,19099947.53,04-Sep-2026,2731,INE217L01019
SHUBHSHREE,SM,352,352,335,349.95,349.95,352,2100,731025.00,04-Sep-2026,3,INE0UL701015
SHUKRAPHAR,EQ,53.39,55.54,51.66,51.93,51.8,51.93,4036493,215195744.32,04-Sep-2026,13652,INE551C01044
SHYAMCENT,BE,4.94,5.05,4.91,5.03,5.03,4.96,164214,820527.54,04-Sep-2026,170,INE979R01011
SHYAMDHANI,ST,52.7,52.7,52.7,52.7,52.7,54,2000,105400.00,04-Sep-2026,1,INE1CRP01016
SHYAMMETL,EQ,1079.9,1087.3,1058.6,1065.3,1063,1076.4,199343,214363860.60,04-Sep-2026,10777,INE810G01011
SHYAMTEL,EQ,11.25,11.93,11.06,11.6,11.93,11.42,2583,29199.86,04-Sep-2026,44,INE635A01023
SICAGEN,EQ,59.45,59.45,57.93,58.28,58.07,58.65,18933,1104542.06,04-Sep-2026,258,INE176J01011
SICALLOG,BE,106.96,109.99,103.85,107.33,107.5,108.88,108364,11569650.21,04-Sep-2026,405,INE075B01020
SIDDHICOTS,SM,27.6,27.6,26.95,27.05,27.05,26.6,6000,162840.00,04-Sep-2026,5,INE0SVO01019
SIDDHIKA,SM,223,225,223,225,225,223,2500,561450.00,04-Sep-2026,5,INE0A1E01018
ENRIN,EQ,3160,3186.8,3106,3115.7,3115.1,3155.2,262111,819998384.00,04-Sep-2026,34297,INE1NPP01017
SIEMENS,EQ,4042,4042,3974.1,3977,3977,4030,177116,708941667.40,04-Sep-2026,15570,INE003A01024
SIGACHI,EQ,32.55,35.6,32.31,34.74,34.84,32.55,9215095,317743261.60,04-Sep-2026,27794,INE0D0K01022
SIGMAADV,BE,754.8,779.9,752.55,762.4,765.65,754.8,118525,91031376.15,04-Sep-2026,2501,INE933B01012
SIGMA,EQ,48,48.22,45.77,46.66,46.1,47.42,132618,6209463.99,04-Sep-2026,1386,INE0A0S01028
SIGNATURE,EQ,795,809.9,783,796.55,794,794.2,239499,189704278.45,04-Sep-2026,9471,INE903U01023
SIGIND,BE,72.45,72.45,69.01,70.37,71.15,71.14,3242,226815.12,04-Sep-2026,56,INE529F01035
SIGNPOST,EQ,245.7,250.8,243,244.25,243.3,245.45,56184,13805376.10,04-Sep-2026,1952,INE0KGZ01021
SIKA,EQ,974,1013.7,974,996.1,994,974.75,31520,31583740.75,04-Sep-2026,2347,INE438E01032
SIKKO,BE,5.3,5.45,5.19,5.41,5.4,5.33,228858,1221848.99,04-Sep-2026,423,INE112X01025
SILINV,EQ,484.9,491.9,470,478.8,478,487.5,2201,1052147.10,04-Sep-2026,133,INE923A01015
SILGO,EQ,71.45,71.71,67.3,69.97,70.5,71.16,113233,8054884.84,04-Sep-2026,673,INE01II01013
SILKFLEX,SM,288.3,288.3,283,288.3,288.3,274.6,60000,17228850.00,04-Sep-2026,57,INE0STN01015
SILKY,SM,68.5,71.95,68.5,71.95,71.95,69.95,3200,223480.00,04-Sep-2026,4,INE0SN801015
SILLYMONKS,EQ,15.6,16.49,15.6,16.19,16.19,16.24,2494,40293.28,04-Sep-2026,83,INE203Y01012
SILVERTUC,EQ,169.38,170.4,166.68,167.97,168.2,169.72,373676,62741610.70,04-Sep-2026,5889,INE625X01026
SIMBHALS,BZ,7.8,7.8,7.8,7.8,7.8,7.95,3573,27869.40,04-Sep-2026,13,INE748T01016
SIMCA,ST,258.6,260,258,260,260,257.65,3000,776760.00,04-Sep-2026,5,INE1K4J01018
SIMPLEXINF,EQ,270,274,264.35,270.5,274,266.95,96034,25860937.25,04-Sep-2026,1677,INE059B01024
SIMPLXREA,EQ,143.98,143.98,142.99,142.99,142.99,139.5,12,1726.77,04-Sep-2026,3,INE167H01014
SINCLAIR,EQ,84,84.75,82.6,83.5,84,83.85,26997,2262041.99,04-Sep-2026,424,INE985A01022
SINDHUTRAD,EQ,24.15,25.9,23.91,25.28,25.05,23.95,11832177,299881716.10,04-Sep-2026,16007,INE325D01025
SINGERIND,EQ,76.63,81.99,75.12,76.98,77.5,75.88,170692,13378394.19,04-Sep-2026,2126,INE638A01035
SINTERCOM,EQ,81.2,90,79.62,80.8,79.71,79.61,10325,853570.36,04-Sep-2026,139,INE129Z01016
SIRCA,EQ,440.5,443,437,439.25,438,440.4,156696,68953616.90,04-Sep-2026,2401,INE792Z01011
SIS,EQ,435.85,436.65,428.05,430.95,433,435.85,390191,168687345.60,04-Sep-2026,10574,INE285J01028
SITINET,BZ,0.3,0.3,0.29,0.29,0.3,0.29,228821,67079.25,04-Sep-2026,161,INE965H01011
SIYSIL,EQ,558.65,558.9,549.95,552.65,557.5,558.65,28594,15819893.20,04-Sep-2026,2091,INE076B01028
SJS,EQ,2411.1,2411.1,2285,2306.1,2320,2411.1,229418,536181194.30,04-Sep-2026,24799,INE284S01014
SJVN,EQ,65.05,65.55,64.75,65.23,65.5,64.98,1260938,81960956.00,04-Sep-2026,10831,INE002L01015
SKFINDUS,EQ,3070,3081.9,2981,3002.5,2981,3062.8,33944,103169807.80,04-Sep-2026,9035,INE2J8701016
SKFINDIA,EQ,1533,1563.9,1533,1553.2,1558,1540.6,91130,141555983.30,04-Sep-2026,6442,INE640A01023
SKIPPER,EQ,538.15,609,533.75,591.1,591.75,546.9,10118419,5970106374.95,04-Sep-2026,190678,INE439E01022
SKMEGGPROD,EQ,261.8,263.45,255.7,257.1,257.3,262.4,242481,62998673.25,04-Sep-2026,4760,INE411D01023
SKP,SM,147.1,152.5,146.85,151.5,151.5,146.6,46500,6960525.00,04-Sep-2026,54,INE0KZA01016
SKYGOLD,EQ,742,788,733,781.45,788,742,1069790,811262101.05,04-Sep-2026,32306,INE01IU01018
SKYTECH,SM,40.05,40.05,40.05,40.05,40.05,44.5,32000,1281600.00,04-Sep-2026,15,INE0VFE01017
SKYWAYS,EQ,131.5,133.65,120.1,122.72,121.15,130.06,8338807,1075533753.03,04-Sep-2026,45579,INE0PX301025
SLONE,ST,187.65,188.8,180,187,188.8,179.85,29600,5421680.00,04-Sep-2026,40,INE0SMA01017
SMARTEN,ST,54.85,54.85,54.85,54.85,54.85,54.85,1200,65820.00,04-Sep-2026,1,INE14GK01016
SMARTLINK,BE,213,215.2,206.8,213.81,214,212.72,4055,857880.81,04-Sep-2026,60,INE178C01020
SMARTWORKS,EQ,536.7,548.8,535.25,541.5,547,531.4,44075,23954953.65,04-Sep-2026,2063,INE0NAZ01010
SMCGLOBAL,EQ,79.99,81.9,79,81.25,81.3,79.42,865274,69818829.61,04-Sep-2026,3326,INE103C01036
SMLMAH,EQ,5725,6298.5,5719.5,6298.5,6298.5,5726,427607,2603149814.00,04-Sep-2026,63893,INE294B01019
SMSPHARMA,EQ,374,398.4,373,392.5,393.95,374.15,473075,184207087.80,04-Sep-2026,11260,INE812G01025
SNEHAA,SM,47,49.5,47,47,47,46,6000,288100.00,04-Sep-2026,6,INE1OIC01018
SNOWMAN,EQ,36.5,37,36.3,36.85,36.99,36.41,75311,2760278.41,04-Sep-2026,935,INE734N01019
SOBHA,EQ,1273.3,1276.6,1243.1,1263.8,1273,1259.1,74200,93366691.40,04-Sep-2026,7278,INE671H01015
SOFTTECH,EQ,421.9,425,414.4,423.15,422,421.8,2760,1165156.45,04-Sep-2026,45,INE728Z01015
SOLARINDS,EQ,21500,21695,21345,21445,21445,21500,127515,2744874780.00,04-Sep-2026,25107,INE343H01029
SOLARA,EQ,628,652,619,639.15,637.1,629.85,396998,252716772.45,04-Sep-2026,13734,INE624Z01016
SOLARWORLD,EQ,150.99,153.23,148.2,149.32,149.01,149.76,219235,32944743.37,04-Sep-2026,3713,INE0TY101024
SOLEX,EQ,734.8,761,720,725.3,721.55,728.95,113401,83505239.55,04-Sep-2026,7475,INE880Y01017
BALCO,SM,17.55,19,17.55,19,19,18.45,3600,66420.00,04-Sep-2026,3,INE0U0201016
SDBL,EQ,72.82,74.55,72.15,74,74.09,72.62,578202,42571970.35,04-Sep-2026,3720,INE480C01038
SOMATEX,EQ,96.74,97.38,88.25,90.22,90.9,92.75,33507,3117750.96,04-Sep-2026,544,INE314C01013
SOMANYCERA,EQ,573,573.6,552.55,557.35,556.7,569.5,78257,43949786.20,04-Sep-2026,3662,INE355A01028
SOMICONVEY,EQ,95,95,90.56,91.33,91.03,92.21,8738,798513.67,04-Sep-2026,240,INE323J01019
SONACOMS,EQ,800,805.5,783.2,789,789,800,816762,646356079.20,04-Sep-2026,23333,INE073K01018
SONAMAC,SM,35.8,35.8,33,33,33,34.1,7000,237150.00,04-Sep-2026,7,INE0Q6H01012
SONAL,EQ,88.98,88.98,88.9,88.98,88.98,88.99,5,444.74,04-Sep-2026,4,INE321M01017
SONAMLTD,BE,70,70,65.49,65.84,66.05,67.87,39654,2679905.26,04-Sep-2026,373,INE00LM01029
SONATSOFTW,EQ,286.25,291.05,282.15,285.25,285.15,284,830434,236872673.50,04-Sep-2026,15627,INE269A01021
SONUINFRA,ST,44.45,44.45,44.3,44.45,44.45,42.35,69000,3062550.00,04-Sep-2026,30,INE0JZA01018
SOUTHWEST,EQ,211.25,220,211.25,212.92,212.2,213.12,139283,30014878.22,04-Sep-2026,2892,INE980Y01015
SPRL,SM,102.5,102.5,102.5,102.5,102.5,102.5,800,82000.00,04-Sep-2026,1,INE0JW501011
SPCENET,EQ,3.35,3.53,3.3,3.41,3.43,3.24,1308892,4512283.59,04-Sep-2026,858,INE970N01027
SPANDANA,EQ,238.29,242,238.29,239.81,240,236.52,79485,19050306.43,04-Sep-2026,2229,INE572J01011
SPEB,SM,95,95,95,95,95,94.5,2000,190000.00,04-Sep-2026,1,INE1CW901027
SPECIALITY,BE,137,140.99,135.21,139.59,140.8,135.67,16598,2284497.35,04-Sep-2026,160,INE247M01014
SPECTRUM,BE,2360,2368.4,2256,2368.4,2368.4,2255.7,14242,33468690.80,04-Sep-2026,621,INE01EO01010
SPECTSTM,SM,56,56,56,56,56,56,800,44800.00,04-Sep-2026,1,INE0OL001018
SPELS,EQ,150.5,150.5,148,149.38,149.1,148.61,17175,2562810.25,04-Sep-2026,797,INE252A01019
SPENCERS,EQ,29.4,29.4,28.12,28.5,28.6,28.57,24318,701224.20,04-Sep-2026,293,INE020801028
SPIC,EQ,71.15,72.99,71,71.28,71.35,71.13,648651,46620413.78,04-Sep-2026,4349,INE147A01011
SPLIL,EQ,31.4,32.5,29.97,30.39,30.69,30.97,20970,639141.55,04-Sep-2026,148,INE978G01016
SPMLINFRA,EQ,173.6,183.58,172.38,181.41,180.2,173.31,407685,73291756.45,04-Sep-2026,6363,INE937A01023
SPORTKING,EQ,232,233.99,225.4,229.22,228.29,230.6,266293,61125376.95,04-Sep-2026,5971,INE885H01029
SHRIPISTON,EQ,4551.3,4568.9,4420,4536.9,4560,4551.3,68512,307806512.10,04-Sep-2026,13669,INE526E01018
SPUNWEB,SM,105,106,101.1,102.9,103.8,101.1,33600,3495060.00,04-Sep-2026,21,INE19QH01010
SRHHYPOLTD,EQ,512.95,542,507.1,531.05,531.2,508.9,49199,26098554.30,04-Sep-2026,3306,INE917H01012
SREEL,EQ,259,268.8,259,265.52,264.2,258.96,21434,5667580.44,04-Sep-2026,655,INE099F01013
SRF,EQ,2631.1,2631.1,2532.2,2547,2547,2617,352418,901947197.40,04-Sep-2026,33775,INE647A01010
SRGHFL,EQ,249.7,261,241,245.45,244.95,249.7,3956,968274.45,04-Sep-2026,114,INE559N01010
HAVISHA,EQ,1.47,1.47,1.4,1.41,1.43,1.4,107777,153753.58,04-Sep-2026,134,INE293B01029
SRIKPRIND,EQ,36.8,36.8,31.11,33.38,34.2,33.46,388915,13268023.35,04-Sep-2026,3208,INE009C01019
LOTUSDEV,BE,184.8,193.87,182.56,193.25,193.87,184.64,1589932,304251639.68,04-Sep-2026,3847,INE0V9Q01010
SSFL,ST,268,271,260,260,260,265.65,5000,1314550.00,04-Sep-2026,10,INE0ON201012
SRIVASAVI,ST,78,79,78,79,79,76.65,3000,236000.00,04-Sep-2026,3,INE0NPI01014
SRM,EQ,475,483.6,457.95,462.35,459,470.3,129358,60603464.10,04-Sep-2026,3278,INE0R6Z01013
STALLION,BE,206.1,210.99,205,206.68,207.45,207.61,352515,73085023.54,04-Sep-2026,2887,INE0RYC01010
SETL,EQ,395,410.7,390.1,408.95,408.5,391.15,1430578,580074954.40,04-Sep-2026,18974,INE0M4D01010
SIL,EQ,19.91,19.91,19.22,19.59,19.45,19.52,66127,1290811.07,04-Sep-2026,440,INE173A01025
STANLEY,EQ,137.4,138.99,135,135.48,135.21,137.46,62857,8564828.86,04-Sep-2026,1489,INE01A001028
STARCEMENT,EQ,184.47,192.8,184,190.19,192.6,184.47,192236,36201125.58,04-Sep-2026,3346,INE460H01021
STARHEALTH,EQ,562.2,567.8,553.05,557.35,558.9,559.35,260539,145078125.80,04-Sep-2026,12805,INE575P01011
STARPAPER,EQ,155.24,155.24,150,151.42,151.12,154.47,11085,1676187.05,04-Sep-2026,241,INE733A01018
STARTECK,EQ,249.8,250.95,244.1,249.25,249.6,245.55,162,40283.45,04-Sep-2026,50,INE992I01013
SBIN,EQ,1026,1029.2,1016.1,1016.1,1016.1,1023.4,6724566,6869612159.90,04-Sep-2026,146219,INE062A01020
SAIL,EQ,197.86,200.1,194.3,196.8,196.8,197,19094202,3774968357.97,04-Sep-2026,69085,INE114A01011
STEELCITY,EQ,87.9,87.9,85,85.55,86,86.47,6956,599784.01,04-Sep-2026,198,INE395H01011
STEELXIND,EQ,11.78,11.8,11.2,11.34,11.3,11.31,3888782,44308992.09,04-Sep-2026,4524,INE503B01021
STLSTRINF,EQ,19.5,20.2,19,19.55,19.55,19.49,168,3234.09,04-Sep-2026,13,INE205F01016
SSWL,EQ,360.75,365.7,348.5,361.85,360.9,360.8,1006017,358415129.25,04-Sep-2026,20263,INE802C01033
STEELCAS,EQ,318,332.4,314.05,328.05,324.5,317.85,106510,34572007.20,04-Sep-2026,4903,INE124E01038
STEL,EQ,615.05,616,598.2,607.9,613.7,606.95,3953,2399181.00,04-Sep-2026,288,INE577L01016
STERTOOLS,BE,220,224.94,220,221.31,221.25,220.78,14338,3187550.00,04-Sep-2026,266,INE334A01023
STLTECH,BE,748.9,748.9,748.9,748.9,748.9,713.25,295544,221332901.60,04-Sep-2026,3280,INE089C01029
SGL,EQ,10.31,10.31,9.93,10.05,10.15,10.26,2432,24666.77,04-Sep-2026,59,INE353H01010
STLNETWORK,EQ,28.01,28.87,27.78,28.87,28.87,27.5,2164957,62075793.03,04-Sep-2026,3184,INE1VXE01018
STOVEKRAFT,EQ,840.9,849,825,832.55,834,839.75,93139,77538874.55,04-Sep-2026,4844,INE00IN01015
STRIDERS,SM,64.7,64.7,64.7,64.7,64.7,66,4800,310560.00,04-Sep-2026,3,INE1XWN01017
STAR,EQ,1053.1,1066.5,1040,1059.6,1060,1053.6,217190,229647310.20,04-Sep-2026,14698,INE939A01011
SWSOLAR,EQ,188.2,191.85,185.5,186.23,187.2,187.79,580711,108774565.72,04-Sep-2026,8709,INE00M201021
STUDDS,EQ,431.35,431.35,422.7,424.2,425.15,426.95,34112,14533133.95,04-Sep-2026,2243,INE00Q601028
STUDIOLSD,SM,9.8,9.9,9.3,9.85,9.85,9.5,20000,193400.00,04-Sep-2026,10,INE17VO01028
STYLAMIND,EQ,3272.4,3400,3230.1,3387.4,3399.9,3240.9,65092,218070442.90,04-Sep-2026,11811,INE239C01020
STYRENIX,EQ,2007.6,2078,2007.6,2043.2,2051,2007,30372,61841401.20,04-Sep-2026,3926,INE189B01011
SUBAHOTELS,SM,100,101,97.7,98.3,98.95,100,36000,3568920.00,04-Sep-2026,26,INE0RYR01018
SUBEXLTD,EQ,17.65,17.85,17.21,17.28,17.28,17.69,1970415,34467156.40,04-Sep-2026,2978,INE754A01055
SUBROS,EQ,705.85,718,705.25,709.6,710.45,705.85,26816,19066462.55,04-Sep-2026,2029,INE287B01021
SUDARSCHEM,EQ,1249,1253.6,1216,1222.8,1222.5,1249.3,186180,229370685.50,04-Sep-2026,12038,INE659A01023
SUDARCOLOR,EQ,390.6,394.6,381,383.45,384.25,388,7856,3051873.35,04-Sep-2026,292,INE492A01029
SUDEEPPHRM,EQ,1300.1,1357.4,1300,1329.3,1335,1292.8,242835,323092256.20,04-Sep-2026,19583,INE0QPI01025
SUKHJITS,EQ,157.81,159.8,157.01,157.86,159.06,157.71,4696,742320.79,04-Sep-2026,99,INE450E01029
SULA,EQ,147.56,150,147.5,149,149.1,147.56,170121,25319400.79,04-Sep-2026,2733,INE142Q01026
SUMAX,ST,108.1,111.8,105.15,106.5,107.5,110.65,276000,29863740.00,04-Sep-2026,146,INE11Z001019
SUMEDHA,EQ,39.4,39.49,38.75,39.01,39.01,38.51,3377,131321.26,04-Sep-2026,15,INE886B01012
SUMEETINDS,EQ,11.65,11.65,11.14,11.5,11.52,11.44,1120467,12749091.28,04-Sep-2026,1434,INE235C01036
SUMIT,EQ,53,53,50.79,51.71,51.73,51.57,9572,492721.16,04-Sep-2026,370,INE748Z01013
SUMICHEM,EQ,500,504.9,490.2,493.4,496.5,498.35,142729,70923823.00,04-Sep-2026,8045,INE258G01013
SUMMITSEC,EQ,1459,1459,1431,1434.2,1433.3,1442.3,1566,2255314.90,04-Sep-2026,290,INE519C01017
SPARC,EQ,202.5,203.19,199,199.47,199.8,202.54,588034,117907772.44,04-Sep-2026,9746,INE232I01014
SUNPHARMA,EQ,1912,1917.3,1895,1899,1899,1916,761333,1448655808.50,04-Sep-2026,48684,INE044A01036
SUNTV,EQ,465.95,482.7,464.95,470.9,471.65,465.9,846938,402962289.80,04-Sep-2026,45751,INE424H01027
SUNCLAY,EQ,1296.8,1311.9,1285.7,1304.4,1308.8,1291.3,3165,4125225.30,04-Sep-2026,372,INE0Q3R01026
SUNDARMFIN,EQ,4561,4656.3,4561,4648.7,4654.9,4578,19600,90891627.20,04-Sep-2026,6938,INE660A01013
SUNDARAM,EQ,1.23,1.26,1.21,1.23,1.23,1.23,323987,399943.60,04-Sep-2026,231,INE108E01023
SUNDRMBRAK,BE,754.75,754.75,732.6,740,740,751,1401,1038696.40,04-Sep-2026,69,INE073D01013
SUNDRMFAST,EQ,1200,1217,1194.4,1212.3,1207,1199.1,44457,53588498.80,04-Sep-2026,5482,INE387A01021
SOCL,SM,29,29.6,29,29.5,29.5,29,11200,327600.00,04-Sep-2026,7,INE0CTB01014
SUNDROP,EQ,656.4,666.05,654.6,662.5,663.75,656.4,6390,4221271.05,04-Sep-2026,407,INE209A01019
SUNFLAG,EQ,349.95,350.75,342.2,343.7,344.75,346.5,90403,31186522.20,04-Sep-2026,1842,INE947A01014
SEL,SM,312.5,320.25,307,317.95,320.25,305,4800,1509660.00,04-Sep-2026,22,INE0O3O01017
SUNLOC,EQ,79.99,79.99,79.98,79.98,79.98,79.99,41,3279.58,04-Sep-2026,2,INE671C01016
SUNLITE,SM,540.35,550,540.05,542.5,540.1,540.35,11400,6220665.00,04-Sep-2026,38,INE0U2N01013
SUNRAKSHAK,EQ,370,375,365,369.55,366.05,373.8,13415,4965690.55,04-Sep-2026,177,INE671K01027
SUNREST,SM,38.45,39,38.45,39,39,38.75,9600,372720.00,04-Sep-2026,4,INE0PLZ01012
SUNSHIEL,EQ,1169.5,1169.5,1140.1,1144.9,1145,1145.1,981,1123951.20,04-Sep-2026,100,INE199E01014
SUNSHINE,EQ,443.05,476.85,440,441.45,444,438.8,2746047,1257856495.65,04-Sep-2026,43350,INE1B3O01011
SUNTECH,SM,40.1,40.1,40.05,40.05,40.05,41.05,3200,128240.00,04-Sep-2026,2,INE0SGZ01016
SUNTECK,EQ,297.5,300.7,297.5,299.5,300,297.75,71967,21548935.40,04-Sep-2026,1502,INE805D01034
SUPERSPIN,BE,7.03,7.17,6.84,6.95,7,6.83,105266,748020.24,04-Sep-2026,126,INE662A01027
SUPTANERY,BE,13.25,13.25,13.25,13.25,13.25,13.94,40062,530821.50,04-Sep-2026,304,INE460D01038
SUPERHOUSE,EQ,168.74,171,166.54,169.23,169.99,168.74,2738,463157.05,04-Sep-2026,99,INE712B01010
SIEL,EQ,32,32,30.88,31.9,31.9,30.89,748,23816.28,04-Sep-2026,10,INE843L01012
SUPRAJIT,EQ,488,488,476.5,479.45,480.4,489.7,56637,27276822.75,04-Sep-2026,4915,INE399C01030
SUPREMEENG,BZ,3.03,3.03,3.03,3.03,3.03,2.98,297128,900297.84,04-Sep-2026,101,INE319Z01021
SFML,SM,21.8,21.8,21.5,21.5,21.5,22,24000,516800.00,04-Sep-2026,6,INE0U6N01014
SUPREME,EQ,37.7,37.7,36.12,36.27,36.22,36.21,8259,301570.01,04-Sep-2026,102,INE822E01011
SUPREMEIND,EQ,3509.9,3526.4,3475,3475,3475,3508.1,139232,487326156.70,04-Sep-2026,11277,INE195A01028
SUPREMEINF,EQ,85.18,85.18,82.75,83.42,82.75,83.49,16081,1341258.38,04-Sep-2026,140,INE550H01011
SPLPETRO,EQ,725,783,724.95,771.05,768.2,725.8,1726190,1327866602.65,04-Sep-2026,53198,INE663A01033
SUPREMEPWR,SM,219.1,232,214.15,222.6,226,219.1,65500,14519750.00,04-Sep-2026,98,INE0QHG01026
SUPRIYA,EQ,838.55,868,838.55,852.85,845.9,842.7,324059,278427084.30,04-Sep-2026,22527,INE07RO01027
SURAJEST,EQ,177.9,181.48,177.52,178.25,177.62,177.8,129331,23270745.06,04-Sep-2026,1479,INE843S01025
SURAJLTD,EQ,204,204.99,201,201.79,201.01,203.17,3832,776262.15,04-Sep-2026,66,INE713C01016
SURAKSHA,EQ,339.6,340.7,331,332.45,332.1,339.6,38299,12820156.70,04-Sep-2026,1288,INE877V01027
SURANASOL,EQ,26,27.75,25.9,26.11,26.07,25.94,96327,2529435.48,04-Sep-2026,603,INE272L01022
SURANAT&P,EQ,16.49,16.6,16.12,16.57,16.58,16.21,29385,483109.05,04-Sep-2026,231,INE130B01031
SURANI,SM,99.8,99.8,94,99.7,99.7,100,9600,920130.00,04-Sep-2026,32,INE01ZJ01015
SBGLP,EQ,25.68,25.68,23.6,23.96,23.9,24.68,12199,295701.08,04-Sep-2026,187,INE05ST01028
SURYAROSNI,EQ,216.66,220.58,215.96,216.49,216.1,216.66,449482,97793705.68,04-Sep-2026,6657,INE335A01020
SURYALAXMI,EQ,61,62.49,60.01,60.79,61.13,60.03,1013,61787.92,04-Sep-2026,30,INE713B01026
SURYALA,EQ,419.9,419.9,405,411.85,415,407.7,1694,703979.85,04-Sep-2026,26,INE132C01027
SURYODAY,EQ,152.6,154.31,151.2,152.07,152.75,153.57,130519,19916785.20,04-Sep-2026,2120,INE428Q01011
SUTLEJTEX,BE,38.9,40.9,38.9,40.89,40.9,38.96,71822,2911820.70,04-Sep-2026,194,INE645H01027
SUVEN,EQ,382,388.45,376.7,378,378.4,378.35,494667,188268634.65,04-Sep-2026,19774,INE495B01038
SUVIDHAA,EQ,2.16,2.47,2.01,2.42,2.46,2.06,651333,1529412.51,04-Sep-2026,653,INE018401013
SUYOG,EQ,747.55,747.55,723,731.2,735,737.3,10651,7777227.65,04-Sep-2026,758,INE442P01014
SUZLON,EQ,46.11,46.37,45.03,45.35,45.35,46.03,55366085,2520349649.80,04-Sep-2026,106068,INE040H01021
SVPGLOB,EQ,3.58,3.71,3.5,3.65,3.65,3.59,48032,172877.78,04-Sep-2026,120,INE308E01029
SWANCORP,EQ,283.5,286.45,279.9,281.5,281.7,284.1,810711,229471134.40,04-Sep-2026,11721,INE665A01038
SWANDEF,BE,2439,2555,2429,2520.2,2520,2490,18892,47087876.30,04-Sep-2026,1311,INE542F01020
SWARAJENG,EQ,3544.1,3672,3540,3557.8,3550,3554.7,6552,23425777.00,04-Sep-2026,1529,INE277A01016
SWARAJ,BE,365,365,352.75,357.35,359,354.5,57932,20669907.05,04-Sep-2026,449,INE0GMR01016
SWARNSAR,EQ,35.05,35.44,34.17,35.25,35.25,35.48,6016,211514.70,04-Sep-2026,35,INE967A01012
SWASTIK,ST,20,20,19,19,19,20,3600,70800.00,04-Sep-2026,3,INE0DGC01025
SWELECTES,EQ,584,584,570.25,572.5,570.55,576.9,17212,9875701.15,04-Sep-2026,1465,INE409B01013
SWIGGY,EQ,269.3,284.4,269.3,276.1,276.1,269.3,184369387,51119834391.50,04-Sep-2026,239161,INE00H001014
SWISSMLTRY,BE,15.7,15.85,14.66,15.59,15.65,15.4,81525,1249049.78,04-Sep-2026,284,INE010C01025
SYLVANPLY,SM,55.55,55.55,55.55,55.55,55.55,53.05,4000,222200.00,04-Sep-2026,1,INE01IH01015
SYMBIOTEC,EQ,1085.05,1099.7,1056,1078.25,1075.5,1076.85,1509878,1622156680.65,04-Sep-2026,55703,INE899I01028
SYMPHONY,EQ,573,582.5,573,580.35,580.4,572.8,32564,18816927.05,04-Sep-2026,1815,INE225D01027
SYNCOMF,EQ,20.93,21.88,20.01,20.58,20.5,21.36,16788160,346402035.74,04-Sep-2026,39261,INE312C01025
SGIL,EQ,612.85,612.85,600,606.2,609,603.8,4698,2833803.90,04-Sep-2026,275,INE00QT01015
SYNGENE,EQ,399.7,403.15,394.3,395.6,395.15,400.8,522372,207177146.45,04-Sep-2026,19456,INE398R01022
SYNOPTICS,ST,47.2,49.35,44.65,49.35,49.35,47,6000,281250.00,04-Sep-2026,10,INE0BTR01012
SYRMA,EQ,1455.2,1470,1450.4,1457.3,1460,1452.8,569018,830434072.70,04-Sep-2026,34619,INE0DYJ01015
SYSTANGO,SM,228,230.2,223.25,225.25,223.25,230.1,12800,2891820.00,04-Sep-2026,31,INE0O7R01011
SYSTMTXC,BE,58,60.23,56,60.23,60.23,57.37,72839,4351907.83,04-Sep-2026,83,INE356B01024
TGVSL,EQ,109.8,114.24,108.01,109.98,109.85,108.57,615070,68556437.66,04-Sep-2026,5521,INE284B01028
TTL,EQ,7.03,7.08,6.77,6.81,6.87,6.86,210015,1440475.54,04-Sep-2026,356,INE592B01024
TAALTECH,EQ,4600,4634.8,4475.2,4502.2,4510,4496,5834,26583039.40,04-Sep-2026,1322,INE524T01011
TAC,ST,431,445,424.6,433.35,433,437.25,22800,9915350.00,04-Sep-2026,101,INE0SOY01013
TAINWALCHM,EQ,207.63,215.5,207.6,213.71,213.75,207.63,1124,237917.17,04-Sep-2026,24,INE123C01018
TAJGVK,EQ,333.7,336.5,330.35,332.55,335.8,333.8,150325,50198189.70,04-Sep-2026,2772,INE586B01026
TAKE,EQ,12.52,13.82,12.52,13.82,13.82,13.17,918186,11878318.31,04-Sep-2026,912,INE142I01023
TALBROAUTO,EQ,412.15,413.45,401.5,407.75,408,412.15,76183,30992551.55,04-Sep-2026,3610,INE187D01029
TAMBOLIIN,BE,255,261.5,250,259.7,258,250,11736,3022630.25,04-Sep-2026,80,INE864J01012
TMB,EQ,949.95,949.95,929,932.45,935,942.45,131784,123118792.75,04-Sep-2026,7872,INE668A01016
TNPL,EQ,154.36,158.8,152.5,155.75,156.5,154.36,382264,59499430.04,04-Sep-2026,8632,INE107A01015
TNPETRO,EQ,136.99,136.99,131.55,132.7,133,137.81,1119931,150742895.75,04-Sep-2026,12495,INE148A01019
TNTELE,EQ,8.83,9.07,8.83,8.88,8.89,8.86,22878,203630.31,04-Sep-2026,147,INE141D01018
TANAA,EQ,282.35,287.4,280,282.15,284.7,282.35,9298,2642119.60,04-Sep-2026,441,INE692C01020
TANKUP,ST,1639,1639,1598,1598,1598,1608.35,2250,3639000.00,04-Sep-2026,7,INE0Z7N01017
TANLA,EQ,515.45,528.95,515.45,521.15,521.3,514.8,368770,192266588.25,04-Sep-2026,12911,INE483C01032
TARACHAND,EQ,48.75,49.39,48,48.78,48.94,48.33,54428,2649840.95,04-Sep-2026,1343,INE555Z01020
TARAPUR,EQ,13.55,13.55,12.21,13.03,13.21,13.33,46363,597490.73,04-Sep-2026,303,INE747K01017
TARC,EQ,124.2,127.98,123.05,126.99,127,124.19,355398,44989660.89,04-Sep-2026,4209,INE0EK901012
TARMAT,EQ,64.49,64.79,60.55,61.23,60.55,64.49,36316,2277858.47,04-Sep-2026,623,INE924H01018
TARSONS,EQ,336.5,341.4,333,335.55,333.6,336.5,63661,21480639.60,04-Sep-2026,1903,INE144Z01023
TASTYBITE,EQ,10132,10224,9945,9982,10010,10052,1301,13037100.00,04-Sep-2026,513,INE488B01017
TATACAP,EQ,371.85,376.85,371.3,375.05,375.25,371.85,1331842,498921317.00,04-Sep-2026,22145,INE976I01016
TATACHEM,EQ,630,634.5,624,625.1,624.7,641.35,991042,622281905.90,04-Sep-2026,27730,INE092A01019
TATACOMM,EQ,1696.4,1763,1696.4,1756.1,1751.6,1696.4,276930,483458135.30,04-Sep-2026,26714,INE151A01013
TCS,EQ,2330,2363.9,2302.4,2304,2304,2320.1,2564322,5951009095.30,04-Sep-2026,112846,INE467B01029
TATACONSUM,EQ,1020,1022.9,1008.5,1010,1010,1019.2,1030689,1044105683.20,04-Sep-2026,33815,INE192A01025
TATAELXSI,EQ,3625,3659.5,3525,3558,3558,3580,203529,729965914.20,04-Sep-2026,17517,INE670A01012
TATAINVEST,EQ,637.95,644,631.55,633.7,636.8,637.95,130701,83299751.85,04-Sep-2026,6814,INE672A01026
TMCV,EQ,462.85,469.2,456.2,458.2,457.5,460.35,6245264,2887322626.00,04-Sep-2026,106104,INE1TAE01010
TMPV,EQ,312,315.5,310.65,311.5,311.5,312,4010174,1254810683.15,04-Sep-2026,46778,INE155A01022
TATAPOWER,EQ,365.1,368.5,364.1,368,368,365.7,3826383,1403868546.35,04-Sep-2026,35646,INE245A01021
TATASTEEL,EQ,184.2,189.9,182.84,188.79,188.79,184.2,36500951,6838451656.64,04-Sep-2026,121419,INE081A01020
TATATECH,EQ,808.05,830.95,796.1,800,802,805.1,1067933,865988164.05,04-Sep-2026,49944,INE142M01025
TTML,EQ,38,38.45,37.65,37.74,37.7,38.01,1380442,52398679.92,04-Sep-2026,6995,INE517B01013
NETF,EQ,262,263.89,260,261.4,263.89,260.55,5315,1387732.07,04-Sep-2026,170,INF277K015R5
NPBET,EQ,292.57,292.57,288.29,290.32,292,292.64,1194,345789.03,04-Sep-2026,65,INF277K010X4
TNIDETF,EQ,88.73,92.17,88.73,90.94,90.6,91.01,57515,5242685.58,04-Sep-2026,389,INF277KA1364
TATAGOLD,EQ,14.82,15.04,14.82,14.94,14.95,14.82,44264152,661636801.23,04-Sep-2026,64376,INF277KA1976
TATSILV,EQ,22.35,22.79,22.35,22.62,22.64,22.34,34470366,779462472.34,04-Sep-2026,38486,INF277KA1984
TATVA,EQ,1609.9,1688,1580.1,1678.5,1677,1596.2,85803,141769366.00,04-Sep-2026,9319,INE0GK401011
TAURIAN,ST,506,506,483.2,494,494,506,15200,7474800.00,04-Sep-2026,19,INE0XWS01018
753IRFC30,NJ,1137,1137.99,1137,1137,1137,1138.89,102,115974.99,04-Sep-2026,4,INE053F07835
769NHAI31,NE,1153,1154,1153,1153,1153,1152.25,1135,1308685.00,04-Sep-2026,5,INE906B07EP5
76NHAI31,NA,1110.05,1111,1110.05,1110.1,1110.1,1109.6,98,108829.55,04-Sep-2026,7,INE906B07EJ8
738REC27TF,N2,1075,1075,1075,1075,1075,1075,200,215000.00,04-Sep-2026,1,INE020B07GX4
TBI,SM,73.8,75.9,73,73.55,73.5,72.7,125400,9314370.00,04-Sep-2026,97,INE0N2D01013
TBOTEK,EQ,1733.7,1734.9,1671.5,1688.9,1679,1733.7,66445,113190643.30,04-Sep-2026,5726,INE673O01025
TCC,EQ,47.33,49.22,43.8,44.1,44,233.13,578711,26914347.29,04-Sep-2026,6528,INE887D01024
TCIEXP,EQ,549.5,557,539,552.9,554,541.3,65210,35915255.40,04-Sep-2026,3709,INE586V01016
TCIFINANCE,BE,15.78,15.78,14.41,15.1,15.34,15.08,19130,287603.78,04-Sep-2026,75,INE911B01018
TCPLPACK,EQ,3971.4,4157.2,3921,4091.9,4140,3956.6,15468,63228594.20,04-Sep-2026,3729,INE822C01015
TDPOWERSYS,EQ,723,742.8,717.95,740.1,739.5,722.55,1283741,941803466.95,04-Sep-2026,71146,INE419M01035
TEAMGTY,EQ,243.68,243.68,235.1,235.29,235.1,243.68,684,161520.01,04-Sep-2026,35,INE289C01025
TEAMLEASE,EQ,1260,1280,1235,1250.6,1252,1250,29000,36288777.50,04-Sep-2026,3424,INE985S01024
TPHQ,BE,0.55,0.56,0.53,0.55,0.55,0.55,1307895,703424.33,04-Sep-2026,483,INE065J01024
TEAMTECH,ST,136,137,136,137,137,138,8000,1090000.00,04-Sep-2026,4,INE2OL601013
TECHM,EQ,1605.1,1623.4,1586.9,1596.9,1596.9,1598,1173518,1874570781.10,04-Sep-2026,27058,INE669C01036
TECHD,SM,531.1,535,528,533.55,535,531,19500,10362645.00,04-Sep-2026,60,INE0Y5H01014
TECHERA,SM,158.65,161.8,156.25,160.9,160.9,158.8,19200,3056960.00,04-Sep-2026,24,INE0JQS01019
TECHNOE,EQ,975,983.35,969.3,979.5,978,973.65,82871,80873713.00,04-Sep-2026,7651,INE285K01026
TIIL,EQ,3283.7,3346.2,3152.3,3194.6,3192.2,3267.4,25085,81072924.90,04-Sep-2026,4689,INE545H01011
TECHNOCRAF,EQ,372,373.65,363.1,366.1,366.5,373.2,476411,175486648.10,04-Sep-2026,9749,INE1D0W01018
TECHNVISN,EQ,5135,5135,4880,4917.5,4880,5136.5,1147,5639657.00,04-Sep-2026,260,INE314H01012
TECILCHEM,EQ,10.1,10.2,9.6,9.72,9.9,9.98,21289,208490.98,04-Sep-2026,78,INE014B01011
TGL,ST,18.05,18.05,18.05,18.05,18.05,18.4,400,7220.00,04-Sep-2026,2,INE0K6601012
TEGA,EQ,1555.8,1558,1536,1548,1540.1,1552.8,55328,85537902.40,04-Sep-2026,4706,INE011K01018
TEJA,SM,235,238,231,236.05,236.7,240.3,58800,13868190.00,04-Sep-2026,62,INE0R1301019
TEJASNET,EQ,570,622.8,570,614.15,612,567.45,26085952,15898465329.30,04-Sep-2026,340750,INE010J01012
TEMBO,EQ,56.1,61.2,55.4,58.47,60.5,55.94,7416209,432120517.83,04-Sep-2026,10506,INE869Y01028
TEMPSENS,EQ,570.8,573.75,547.55,554.8,552.8,568.55,2650794,1486500998.80,04-Sep-2026,42688,INE1KZI01025
TENNIND,EQ,519.8,521.6,513.6,517.55,519.15,515.7,581989,301062124.60,04-Sep-2026,24132,INE19RI01016
TERASOFT,EQ,282,296.55,279.7,283.4,282.05,281.3,41365,11896447.80,04-Sep-2026,1207,INE482B01010
TERAI,EQ,121.1,132.95,121.1,121.43,121.26,124.3,1068,131362.10,04-Sep-2026,32,INE390D01011
TEXINFRA,EQ,116.32,117.14,114.5,115.02,115,116.7,122665,14138217.43,04-Sep-2026,1077,INE435C01024
TEXRAIL,EQ,113.6,117.53,113.33,115.99,115.75,113.63,3746637,435010329.17,04-Sep-2026,22755,INE621L01012
TEXMOPIPES,EQ,45.9,46.45,45.31,46.23,46.45,45.49,23440,1079316.10,04-Sep-2026,267,INE141K01013
762NTPC35F,ND,1217,1217,1217,1217,1217,1221.06,157,191069.00,04-Sep-2026,3,INE733E07JW2
TGBHOTELS,EQ,10,10,9.35,9.48,9.5,9.69,24575,233202.48,04-Sep-2026,150,INE797H01018
TCL,SM,123.6,124.5,120.1,123,123,123.6,28800,3534520.00,04-Sep-2026,36,INE0QJL01014
THACKER,BE,1002,1050,980,1050,1050,1002,38,37994.70,04-Sep-2026,14,INE077P01034
THAKDEV,EQ,144,144,137,144,144,147,33,4682.05,04-Sep-2026,7,INE403F01017
THANGAMAYL,EQ,5293.5,5351.5,5232,5332,5349,5295,65612,348456347.00,04-Sep-2026,13547,INE085J01014
ANUP,EQ,1820,1820,1781,1785.8,1784.1,1808,10691,19147500.50,04-Sep-2026,1718,INE294Z01018
BYKE,BE,32.88,32.88,31.22,32.11,32.4,31.9,33009,1058745.88,04-Sep-2026,128,INE319B01014
GESHIP,EQ,1360.4,1378,1340,1369.7,1366,1353.6,1043987,1423711526.10,04-Sep-2026,60758,INE017A01032
GROBTEA,EQ,980,999.4,971.5,977.65,973,980,101,99024.15,04-Sep-2026,19,INE646C01018
HITECHGEAR,BE,571,578,566,567.15,567,575.55,1037,590564.70,04-Sep-2026,30,INE127B01011
INDIACEM,EQ,358.8,363.9,358.15,362.5,362.75,358.8,42548,15367882.90,04-Sep-2026,3438,INE383A01012
INDHOTEL,EQ,730,732.95,717.5,720,720,732,1528492,1104177065.95,04-Sep-2026,25462,INE053A01029
THEINVEST,EQ,98.11,98.11,94.61,95,94.75,98.1,3714,355882.32,04-Sep-2026,172,INE924D01017
NIACL,EQ,196.49,234.39,196.49,229.91,231,195.33,66928665,14930434679.00,04-Sep-2026,399899,INE470Y01017
PKTEA,EQ,777.7,810,740.05,802.65,798,751.75,6257,4961437.85,04-Sep-2026,86,INE431F01018
PHOENIXLTD,EQ,1961.5,1969.3,1935.5,1942,1942,1960,263929,514432177.60,04-Sep-2026,26302,INE211B01039
RAMCOCEM,EQ,882.6,894,873.8,884.5,882,879.15,98361,87137162.05,04-Sep-2026,9195,INE331A01037
RUBYMILLS,BE,415,429.5,408,428.3,429,409.05,23319,9870280.85,04-Sep-2026,467,INE301D01026
SOUTHBANK,EQ,47.95,48.44,47.14,47.29,47.38,47.7,8819050,420419137.01,04-Sep-2026,26264,INE683A01023
STCINDIA,EQ,115.61,119.5,114.71,115.28,115.1,114.65,60350,7063306.76,04-Sep-2026,1147,INE655A01013
UGARSUGAR,EQ,58.4,58.5,53.01,53.35,53.29,58.56,1348315,73344806.93,04-Sep-2026,8614,INE071E01023
WIPL,EQ,169.94,169.94,167.99,167.99,167.99,165.61,16,2698.65,04-Sep-2026,4,INE215F01023
THEJO,EQ,2081,2142,2081,2125.3,2112.5,2091,5621,11895014.90,04-Sep-2026,668,INE121N01019
THEMISMED,EQ,125.27,128.08,119.71,120.42,120.25,124.87,159319,19659158.21,04-Sep-2026,2791,INE083B01024
THERMAX,EQ,3739,3765.6,3617,3637.6,3650,3733.9,258180,945066957.20,04-Sep-2026,35265,INE152A01029
TIRUMALCHM,EQ,158.7,159.52,156.21,157.19,157.5,157.86,236650,37363255.88,04-Sep-2026,4002,INE338A01024
THOMASCOOK,EQ,106,112.94,106,111.65,111.5,106.31,2297803,253665469.92,04-Sep-2026,19887,INE332A01027
THOMASCOTT,EQ,261.05,269.65,258.5,262.75,265,260.95,44350,11754260.80,04-Sep-2026,1716,INE480M01011
THYROCARE,EQ,575.05,581.9,573.35,576.15,576.4,578.65,137365,79356630.20,04-Sep-2026,17438,INE594H01019
TIGERLOGS,EQ,29.88,29.88,28.16,28.61,28.6,29.22,168111,4870254.39,04-Sep-2026,557,INE906O01029
TIJARIA,BE,9.4,9.54,9.4,9.54,9.54,9.09,250018,2381149.04,04-Sep-2026,167,INE440L01017
TIL,BE,249.98,257.25,246,252.88,255,245,296756,75107800.53,04-Sep-2026,1110,INE806C01018
TI,EQ,540,540.9,520,535.1,535,544.25,540041,287073173.75,04-Sep-2026,19586,INE133E01013
TIMETECHNO,EQ,189.4,191.15,188,188.49,188.83,189.36,1385822,263040381.16,04-Sep-2026,11544,INE508G01029
TIMEX,EQ,654.85,674,646.3,669.85,670,649.55,323553,214305591.20,04-Sep-2026,23545,INE064A01026
TIMKEN,EQ,3124.9,3139.3,3100,3125.3,3125.2,3124.8,15156,47307706.60,04-Sep-2026,4681,INE325A01013
TINNARUBR,EQ,1057.8,1057.8,1017.2,1028.2,1034.6,1036.8,38228,39517683.95,04-Sep-2026,2812,INE015C01016
TIPSFILMS,EQ,332,338,330,331,330.5,331.35,4667,1553202.05,04-Sep-2026,275,INE0LQS01015
TIPSMUSIC,EQ,651.9,656.65,642,649.75,650.45,652.05,146163,94924475.10,04-Sep-2026,19291,INE716B01029
TIRUPATIFL,BE,67.26,70,67.26,69.05,69,68.42,202133,13956839.62,04-Sep-2026,930,INE319Y01024
TITAGARH,EQ,848,898,845,871.85,872.3,844.2,3001183,2642248608.65,04-Sep-2026,92110,INE615H01020
TITAN,EQ,5010,5022,4980,5020,5020,5027,310845,1554778536.00,04-Sep-2026,34506,INE280A01028
TOKYOPLAST,EQ,75.14,77.68,75.14,76.51,77,77.79,1924,145704.62,04-Sep-2026,33,INE932C01012
TOLINS,EQ,91.7,93.5,90.16,91.98,92,91.94,44505,4083022.40,04-Sep-2026,817,INE0RWQ01014
TORNTPHARM,EQ,4930,4941,4823,4857,4857,4905.5,322787,1568119322.00,04-Sep-2026,27675,INE685A01028
TORNTPOWER,EQ,1289.9,1308,1260.2,1299.1,1302,1289.3,398524,513745258.50,04-Sep-2026,29173,INE813H01021
TOTAL,EQ,69.61,74.8,69.1,70.88,71.45,70.31,4743,334498.80,04-Sep-2026,116,INE336X01012
TOUCHWOOD,EQ,58.61,62.86,57.6,62.81,62.86,59.2,1237,74666.25,04-Sep-2026,54,INE486Y01013
TFCILTD,EQ,147.19,147.39,142.4,143.26,143.16,146.71,8211306,1185422062.43,04-Sep-2026,17636,INE305A01023
TOYAMSL,EQ,0.62,0.62,0.6,0.61,0.62,0.61,129950,79902.35,04-Sep-2026,151,INE457P01020
TPLPLASTEH,EQ,72.53,73.39,70.81,71.74,72,72.53,117553,8480091.39,04-Sep-2026,1088,INE413G01022
TRACXN,EQ,30.08,30.12,29.8,29.96,29.88,29.94,191760,5752336.36,04-Sep-2026,543,INE0HMF01019
TARIL,EQ,301.15,305.3,300,300.95,302,300.6,752285,227208315.45,04-Sep-2026,15735,INE763I01026
TRANSCOR,EQ,24.9,25.6,24.47,25.49,25.49,24.97,2509,63206.05,04-Sep-2026,28,INE330E01023
TREL,EQ,26.94,27.69,26.8,27.44,27.48,26.94,215792,5880682.37,04-Sep-2026,3571,INE0O3901029
TRANSPEK,BE,1459.5,1459.5,1370,1446.5,1459.5,1390,13477,19505737.90,04-Sep-2026,336,INE687A01016
TCI,EQ,874.8,888.25,864,868.2,868,870.9,18074,15713156.90,04-Sep-2026,2514,INE688A01022
TRANSRAILL,EQ,428.05,434.7,428.05,429.3,432,427.45,313125,134900903.95,04-Sep-2026,9964,INE454P01035
TRANSTEEL,SM,77,77.5,75.45,75.9,75.5,76.7,56000,4277250.00,04-Sep-2026,40,INE0NVI01020
TFL,EQ,12.56,12.74,12.26,12.36,12.4,12.56,23861,296263.94,04-Sep-2026,50,INE804H01012
TRANSWORLD,BE,169,172.38,169,171,171,169,5598,954756.96,04-Sep-2026,45,INE757B01015
TRAVELFOOD,EQ,1278.4,1304.5,1270,1296.3,1300,1278.4,61349,78638598.00,04-Sep-2026,4028,INE103V01028
TREEHOUSE,EQ,6.42,6.44,5.73,6.29,6.35,6.22,26470,161401.20,04-Sep-2026,171,INE040M01013
TREJHARA,EQ,148.83,154.65,146.5,152.01,153.45,145.99,18766,2816320.74,04-Sep-2026,400,INE00CA01015
TRENT,EQ,2849,2879,2833.2,2853,2853,2815.6,577393,1651637843.70,04-Sep-2026,49772,INE849A01020
TRF,EQ,231.9,232,229.13,231.59,231.64,230.03,4712,1085177.47,04-Sep-2026,235,INE391D01019
TBZ,EQ,456,480.85,456,480.85,480.85,437.15,3486401,1646736158.60,04-Sep-2026,34113,INE760L01018
TRIDENT,EQ,24.03,24.59,23.97,24.16,24.2,23.99,3292066,79632904.88,04-Sep-2026,10401,INE064C01022
TECHLABS,SM,121,121,114,115.2,116.75,118.3,15125,1773150.00,04-Sep-2026,78,INE0QD201012
TRIGYN,EQ,59.89,60.4,57.66,58.97,59.47,59.6,99874,5859383.93,04-Sep-2026,2412,INE948A01012
TRITONV,EQ,1100,1150,1100,1136.1,1140,1115.5,2321,2632040.00,04-Sep-2026,280,INE440G01017
TRIVENI,EQ,281.9,281.9,274.5,275.65,276,280.5,472150,130708659.30,04-Sep-2026,9430,INE256C01024
TRITURBINE,EQ,573.9,582.65,571.35,577.3,578,571.7,254725,147006536.55,04-Sep-2026,42114,INE152M01016
TROM,SM,60.35,60.55,59.5,59.5,59.5,60.35,9000,540090.00,04-Sep-2026,12,INE0SYV01018
TRUALT,EQ,426.4,430.95,420.4,425.25,425.2,426.4,121440,51720720.95,04-Sep-2026,4284,INE0MWH01014
TRU,EQ,4.05,4.13,4,4.05,4.02,4.08,93025,377758.66,04-Sep-2026,183,INE615R01029
TRUST,SM,30.95,31,29.5,30,30,31.4,19200,578370.00,04-Sep-2026,23,INE0SWN01019
TSC,ST,43.05,43.05,43,43.05,43.05,41,42000,1807200.00,04-Sep-2026,14,INE16VK01010
TSFINV,EQ,406.3,415,402.05,404.7,407.4,406.05,57607,23455434.40,04-Sep-2026,2499,INE202Z01029
TTKHLTCARE,EQ,1107,1123.2,1086.1,1100.2,1100,1103.2,19761,21702400.70,04-Sep-2026,2255,INE910C01018
TTKPRESTIG,EQ,582.05,586.65,560.3,562.75,563.5,583.95,90200,51336550.40,04-Sep-2026,6382,INE690A01028
TIINDIA,EQ,2727,2727,2685,2698,2698,2735.4,173117,467051982.30,04-Sep-2026,18353,INE974X01010
TUNWAL,SM,25.35,25.55,25,25.1,25.05,25.25,68000,1717500.00,04-Sep-2026,30,INE0OXV01027
TURTLEMINT,EQ,145.45,146.04,142.66,144.08,144,144.29,385856,55652671.50,04-Sep-2026,9478,INE0OC301013
TUTIALKA,EQ,62.35,62.9,59.05,60.36,60.25,61,28654,1731581.98,04-Sep-2026,203,INE400A01014
TVTODAY,EQ,112.75,112.75,110.09,110.95,110.75,111.14,34674,3842538.59,04-Sep-2026,260,INE038F01029
TVVISION,BE,3.45,3.56,3.23,3.38,3.38,3.4,52947,174966.71,04-Sep-2026,95,INE871L01013
TVSELECT,EQ,422.35,426,416.1,420.85,423,421.3,16780,7073108.95,04-Sep-2026,973,INE236G01019
TVSHLTD,EQ,13140,13499,13140,13374,13395,13156,7881,105422727.00,04-Sep-2026,2516,INE105A01035
TVSMOTOR,EQ,4181.2,4200,4127.8,4133.1,4133.1,4200,424571,1763494759.40,04-Sep-2026,38869,INE494B01023
TVSSRICHAK,EQ,5330,5404.5,5220,5237.5,5220,5249,12133,64335300.00,04-Sep-2026,2823,INE421C01016
TVSSCS,EQ,129.6,132.53,126.96,130.41,130.6,129.53,926210,120313116.54,04-Sep-2026,12531,INE395N01027
TICL,BE,8.19,8.4,8.08,8.12,8.17,8.08,51861,425009.81,04-Sep-2026,144,INE388G01026
UYFINCORP,BE,20.02,20.7,19.62,19.73,19.71,19.93,122444,2439259.48,04-Sep-2026,301,INE152C01025
UCAL,BE,151,151,145,146.02,147.45,148.08,10841,1591745.09,04-Sep-2026,101,INE139B01016
1050UCL28,NH,1015,1015,1015,1015,1015,1010.05,309,313635.00,04-Sep-2026,3,INE583D07596
UCOBANK,EQ,24.65,25.02,24.55,24.78,24.8,24.64,5993994,148780671.46,04-Sep-2026,13828,INE691A01018
UDAYJEW,EQ,143,143.2,136.7,143,143,138.14,3159,448973.81,04-Sep-2026,110,INE551B01012
USK,EQ,21.24,21.24,20.4,20.99,21.09,20.61,17245,359447.24,04-Sep-2026,147,INE0N0Y01013
UFLEX,EQ,683.3,691.45,671.4,675.6,677,686.7,168967,114760597.35,04-Sep-2026,5807,INE516A01017
UFO,EQ,66.4,66.4,64.25,65.09,65.02,65.44,42873,2801373.10,04-Sep-2026,398,INE527H01019
UGROCAP,EQ,85.1,87.25,84.67,86.35,86,84.89,574138,49800162.51,04-Sep-2026,2153,INE583D01011
UEL,EQ,236.99,241.6,234.2,241.6,241.6,230.1,18811,4510893.79,04-Sep-2026,301,INE899L01030
UJJIVANSFB,EQ,62.99,64.88,62.9,64.43,64.51,62.99,12168369,781074431.77,04-Sep-2026,53653,INE551W01018
ULTRAMAR,EQ,441.95,446.5,434.7,437.15,439.25,435.15,84008,37104764.95,04-Sep-2026,3580,INE405A01021
ULTRACEMCO,EQ,11357,11434,11292,11408,11408,11275,280870,3186985067.00,04-Sep-2026,34646,INE481G01011
UMA,SM,17.3,18,17.3,18,18,17.55,8000,141200.00,04-Sep-2026,2,INE067901012
UMAEXPORTS,BE,23.97,23.97,23.97,23.97,23.97,24.45,8944,214387.68,04-Sep-2026,34,INE0GIU01018
UMIYA-MRO,EQ,98.7,105.9,98.7,104.42,103.9,96.84,137662,14254903.24,04-Sep-2026,1798,INE398B01018
TCHF30,NB,1090,1090,1090,1090,1090,1090,10,10900.00,04-Sep-2026,1,INE033L08270
UNICHEMLAB,EQ,551.95,557.9,546.55,550.2,549,547.95,56415,31160372.15,04-Sep-2026,2615,INE351A01035
UNIECOM,EQ,86.85,88,84.1,87.62,87.34,85.93,273184,23714542.91,04-Sep-2026,2434,INE00U401027
UNIHEALTH,SM,719.95,725,700,724,725,719.95,11500,8230150.00,04-Sep-2026,18,INE0PRF01011
UNIINFO,EQ,11.26,11.26,10.95,11,11,11.26,1618,17810.81,04-Sep-2026,18,INE481Z01011
UNILEX,SM,28.25,28.25,27.75,27.75,27.75,27.45,3200,89600.00,04-Sep-2026,2,INE0B2801011
UNIMECH,EQ,1476,1517,1468.4,1502.7,1508,1465.3,179849,268932059.50,04-Sep-2026,14610,INE0U3I01011
UNIONBANK,EQ,189,189.95,187.05,187.22,187.22,189,7910433,1489578511.73,04-Sep-2026,33032,INE692A01016
UNIONGOLD,EQ,153.1,153.1,150.15,150.2,150.15,149.6,1581,238019.85,04-Sep-2026,74,INF582M01KS4
UNIPARTS,EQ,895.4,899.9,850,874.05,880,899.9,311978,272851627.70,04-Sep-2026,18351,INE244O01017
UNIENTER,EQ,96,96,93,93.19,93.07,94.06,6732,631623.98,04-Sep-2026,130,INE037A01022
UNITECH,EQ,3.71,4.08,3.71,4.08,4.08,3.71,14406516,57902067.46,04-Sep-2026,3337,INE694A01020
UBL,EQ,1299,1326,1277,1279.4,1279,1284.2,352868,455984062.80,04-Sep-2026,27321,INE686F01025
UNIDT,BE,222,230,217,225.46,228,221.96,31227,7072142.24,04-Sep-2026,190,INE961D01019
UFBL,BE,719.9,735,696.1,700.35,697.5,719.2,76997,55613230.05,04-Sep-2026,2318,INE382M01027
UHTL,ST,158.4,158.4,158.4,158.4,158.4,155.3,368000,58291200.00,04-Sep-2026,56,INE0SMR01011
UNITEDTEA,EQ,448.95,449,441,442.8,444,447.05,7393,3277335.25,04-Sep-2026,123,INE458F01011
UNITEDPOLY,EQ,40.5,42,40,41.66,42,40.41,210611,8730415.10,04-Sep-2026,1047,INE368U01029
UNITDSPR,EQ,1488.1,1489.9,1462.5,1471.7,1471.7,1488.9,357038,525520007.70,04-Sep-2026,16830,INE854D01024
UNIVASTU,BE,170.1,173.84,163.1,168.34,167,168.4,70087,11762234.26,04-Sep-2026,592,INE562X01013
UNIVCABLES,EQ,1631,1649.9,1540,1576.3,1576,1626.8,278353,439649790.30,04-Sep-2026,23447,INE279A01012
UNIVPHOTO,BE,456.5,490.6,456.5,490.4,490.6,467.25,2480,1205523.10,04-Sep-2026,85,INE03V001013
UNOMINDA,EQ,1258,1260.3,1237.5,1249.7,1249.7,1269,574742,714220336.30,04-Sep-2026,23640,INE405E01023
915SCL26,NE,1083.99,1083.99,1083.99,1083.99,1083.99,1083.99,106,114902.94,04-Sep-2026,3,INE148I08256
IIFLZC28,NG,1659.7,1659.7,1659.7,1659.7,1659.7,1668.95,100,165970.00,04-Sep-2026,3,INE530B08110
10IIFL28A,NE,1043.52,1047.94,1043.5,1046.98,1046.98,1042.46,770,805920.02,04-Sep-2026,6,INE530B08094
96IIFL28A,NF,1004,1004,1002.8,1003.63,1003.4,1004.68,619,620793.96,04-Sep-2026,12,INE530B08102
10IIFL28,N4,1007,1009.75,1000,1000,1000,1009.99,807,809928.41,04-Sep-2026,9,INE477L08147
96IIFL28,N5,1004,1004,1000.04,1002.24,1002.01,1004,5282,5289975.43,04-Sep-2026,83,INE477L08154
10IIFL29,N6,1024,1024,1024,1024,1024,1020,20,20480.00,04-Sep-2026,1,INE866I08279
885TCAPS29,NC,1021,1021,1021,1021,1021,1040,1,1021.00,04-Sep-2026,1,INE306N08342
910TCAP28,NA,1107,1107,1107,1107,1107,1114.99,1,1107.00,04-Sep-2026,1,INE306N08292
UDS,EQ,240,240.3,231.6,239.03,238.35,236.61,487592,115242109.14,04-Sep-2026,9651,INE851I01011
UPL,EQ,581.05,589.4,579.45,582.15,582.15,585.35,1730115,1011613942.30,04-Sep-2026,29048,INE628A01036
USASEEDS,SM,85,92.4,84.4,92.4,92.4,88.8,1284,112050.40,04-Sep-2026,3,INE0CBM01019
URAVIDEF,BE,120,120,118.18,118.2,118.2,120.59,2586,306081.66,04-Sep-2026,36,INE568Z01015
URBANCO,EQ,177.8,183.97,176.27,181.09,182,177.46,6940698,1244689535.65,04-Sep-2026,47935,INE0CAZ01013
URBAN,SM,119.55,121.5,116.65,117.6,117.55,119.85,43200,5088640.00,04-Sep-2026,47,INE0O0201019
URJA,EQ,9.06,9.69,9.04,9.18,9.19,9.15,672065,6186504.63,04-Sep-2026,1966,INE550C01020
USHAFIN,SM,51.5,54.95,51.25,54.7,54.7,51,57600,3058000.00,04-Sep-2026,23,INE0LS001014
UMESLTD,EQ,5.4,5.4,4.8,5.09,5.1,5,12835,65251.86,04-Sep-2026,140,INE240C01028
USHAMART,EQ,518,529.3,511.1,514.15,512,515.65,1631592,849128754.90,04-Sep-2026,39970,INE228A01035
UTIAMC,EQ,880.35,885,877.6,880.55,880,880.4,48517,42782692.05,04-Sep-2026,3902,INE094J01016
LIQUIDBETA,EQ,1007.06,1007.06,1007.03,1007.04,1007.04,1006.7,100142,100845999.87,04-Sep-2026,30,INF789F1AG68
NIF500BETA,EQ,38.3,38.3,37.39,37.54,37.55,37.45,990,37404.14,04-Sep-2026,18,INF789F1AG76
BANKBETA,EQ,59.58,59.71,59.41,59.57,59.58,59.58,65905,3925519.52,04-Sep-2026,440,INF789F1AUV1
GILT10BETA,EQ,26.68,26.75,26.22,26.58,26.67,26.68,1210,32296.03,04-Sep-2026,18,INF789F1AZF3
GILT5BETA,EQ,66.49,67.06,66.49,66.94,66.94,66.49,18441,1234083.55,04-Sep-2026,20,INF789F1AZE6
ITBETA,EQ,326.08,326.17,322.5,322.95,322.5,324.46,84,27196.92,04-Sep-2026,12,INF789F1AZD8
MIDCAPBETA,EQ,234.77,235.82,232.07,233.21,235.73,234.77,767,179832.03,04-Sep-2026,33,INF789F1AYX9
NEXT50BETA,EQ,78.9,79.58,78.81,79.05,78.93,78.93,686812,54344460.99,04-Sep-2026,1565,INF789F1AUW9
NIFTYBETA,EQ,267.57,267.57,265.15,265.73,265.55,264.92,8750,2327085.59,04-Sep-2026,314,INF789F1AZC0
SENSEXBETA,EQ,866.26,866.26,848.52,850.89,851.8,849.27,4022,3417382.57,04-Sep-2026,78,INF789FB1X58
SILVERBETA,EQ,223.12,225.86,223.12,224.83,224.93,221.96,288687,64896810.10,04-Sep-2026,2092,INF789F1AYK6
SNXT50BETA,EQ,96.31,96.58,94.5,94.98,94.5,95.56,727,69590.11,04-Sep-2026,81,INF789F1AUU3
GOLDBETA,EQ,129.05,130.3,129.05,129.5,129.6,128.5,548417,71011240.85,04-Sep-2026,2289,INF789F1AUX7
UTKAL,SM,49.2,49.2,48.95,48.95,48.95,46.9,4000,196300.00,04-Sep-2026,2,INE1V1R01014
UTKARSHBNK,EQ,15,15.1,14.51,14.56,14.59,14.89,5961768,88159940.97,04-Sep-2026,5603,INE735W01017
UTSSAV,ST,446,468.3,440,468.3,468.3,446,24000,10931940.00,04-Sep-2026,34,INE06IJ01010
UTTAMSUGAR,EQ,300.9,302,275.3,281.2,281,299,383064,109430728.80,04-Sep-2026,8840,INE786F01031
VMARCIND,SM,347.95,347.95,313.85,320.1,319.9,348.7,1140000,370329525.00,04-Sep-2026,686,INE0GXK01018
VTMLTD,EQ,56.29,57.7,55.3,56.12,57,56.57,3172,180189.41,04-Sep-2026,65,INE222F01029
VGUARD,EQ,339.5,339.5,329.05,335.4,335,339.25,751013,250167284.85,04-Sep-2026,15035,INE951I01027
VLINFRA,SM,27.45,27.8,27.4,27.8,27.8,26.5,9000,248100.00,04-Sep-2026,6,INE0QXL01015
V2RETAIL,EQ,219.94,219.94,211.31,216.5,216.2,219,1628077,350239074.01,04-Sep-2026,24592,INE945H01021
WABAG,EQ,2017,2031.2,1996,2005.3,2008,2011.1,193647,389142360.50,04-Sep-2026,15725,INE956G01038
VADILENT,EQ,10489,10489,9600,10045,10329,10495,35,356062.00,04-Sep-2026,32,INE693D01018
VADILALIND,EQ,7581.5,7690,7522,7655,7630.5,7615,7172,54563752.00,04-Sep-2026,2271,INE694D01016
VSCL,SM,21,21,20.9,20.9,20.9,21.95,21000,439350.00,04-Sep-2026,6,INE551Q01028
VAIBHAVGBL,EQ,215.3,224.49,215.3,218.74,219.01,215.3,304029,67128816.14,04-Sep-2026,8130,INE884A01027
MADHAVBAUG,ST,160.3,160.5,160.3,160.5,160.5,160.3,1200,192440.00,04-Sep-2026,2,INE0JR301013
VAISHALI,EQ,8.44,8.54,8.16,8.32,8.4,8.36,68892,575735.72,04-Sep-2026,232,INE972X01022
VAKRANGEE,EQ,5.8,5.89,5.7,5.79,5.81,5.8,1296846,7485470.56,04-Sep-2026,1962,INE051B01021
VALIANTLAB,BE,105.97,105.97,105,105.97,105.97,100.93,71202,7544863.98,04-Sep-2026,257,INE0JWS01017
VALIANTORG,BE,321.6,330,317,320.25,319.1,316.15,45087,14643011.05,04-Sep-2026,769,INE565V01010
DBREALTY,EQ,103.4,105,101,102.57,102.89,103.05,1439328,148040041.31,04-Sep-2026,7889,INE879I01012
VALUE360,SM,69,74.3,69,74,74,74.9,6000,432360.00,04-Sep-2026,5,INE1E7Y01018
VARDHACRLC,BE,43.48,44.3,43,43.59,43.95,43.27,13445,588088.27,04-Sep-2026,145,INE116G01013
VHL,EQ,3590,3696,3590,3626.4,3637,3607.1,779,2830533.20,04-Sep-2026,149,INE701A01023
VARDMNPOLY,EQ,6.1,6.1,5.85,5.87,5.85,5.94,118267,699020.62,04-Sep-2026,310,INE835A01029
VSSL,EQ,365.1,369.2,353.3,364.15,363.9,363.95,140547,50694198.65,04-Sep-2026,4110,INE050M01012
VTL,EQ,592,604.1,586.7,598.2,594,588.65,284973,169592098.95,04-Sep-2026,11338,INE825A01020
VARROC,EQ,842,843.4,808.05,826.35,827.5,839.15,282257,231597369.65,04-Sep-2026,14447,INE665L01035
VBL,EQ,407.55,412.65,406.1,407.6,407.6,407.15,4144842,1693655647.95,04-Sep-2026,42531,INE200M01039
VGL,EQ,57,58.95,51.35,53.31,52.5,56.56,123080,6632028.29,04-Sep-2026,651,INE273D01027
DENTALKART,SM,402,412,402,412,412,400,4250,1744075.00,04-Sep-2026,17,INE0N5801013
VASCONEQ,EQ,30.13,30.85,29.82,30.47,30.63,30.05,205749,6234668.17,04-Sep-2026,1192,INE893I01013
VASWANI,EQ,48.8,48.8,46.26,47.01,46.26,46.52,17934,845598.69,04-Sep-2026,197,INE590L01019
VCL,BE,1.58,1.58,1.58,1.58,1.58,1.66,461927,729844.66,04-Sep-2026,170,INE098201036
1025VCCL28,N0,95000,96000,95000,96000,96000,94000,15,1431000.00,04-Sep-2026,3,INE04HY07294
115VCCL31,N0,99000,99000,99000,99000,99000,97500,1,99000.00,04-Sep-2026,1,INE04HY07393
12VCCL29B,N0,98000,98000,98000,98000,98000,95910,10,980000.00,04-Sep-2026,1,INE04HY07229
125VCCL31,N0,97300,97300,97199,97199,97199,97499,4,388998.00,04-Sep-2026,4,INE04HY08011
VDEAL,SM,158.6,164,157,157,157,160,2400,381960.00,04-Sep-2026,4,INE0U2M01015
MANYAVAR,EQ,567.9,604,563,594.2,597,568.2,775723,456761488.00,04-Sep-2026,30614,INE825V01034
VAML,EQ,437.4,439.9,429.4,437.75,439,435.85,6641767,2885501797.20,04-Sep-2026,74214,INE1CDF01017
VISL,EQ,36.25,36.44,34.76,35.39,35.76,36.07,28223582,1003253665.85,04-Sep-2026,49071,INE1CLE01013
VEDL,EQ,272,274.5,268.85,272.1,272.1,270.5,5992724,1627710407.35,04-Sep-2026,52698,INE205A01025
VOGL,EQ,37.74,38.74,37.15,38.02,38.11,37.54,30917507,1175867730.04,04-Sep-2026,46929,INE704J01044
VEDPOWER,EQ,34.37,34.59,34.13,34.2,34.21,34.29,12242508,419844318.24,04-Sep-2026,35209,INE694L01019
VEDAVAAG,EQ,18.3,18.44,18.05,18.17,18.3,18.14,17174,313266.74,04-Sep-2026,80,INE359B01010
VEEDOL,EQ,1464.9,1486,1464.9,1476.8,1472.7,1462.8,4888,7201332.60,04-Sep-2026,1034,INE484C01030
VEEKAYEM,SM,111,114.5,108.65,113.05,109,114.35,7500,832275.00,04-Sep-2026,15,INE0KTW01013
VELJAN,BE,1848,1890,1802.1,1878.9,1890,1848.4,1181,2224348.80,04-Sep-2026,79,INE232E01013
VENKEYS,EQ,1677.1,1683.9,1655.2,1659.6,1663.8,1677.1,25085,41792363.20,04-Sep-2026,3287,INE398A01010
VENTIVE,EQ,594.45,594.45,581.95,588.2,587.15,585.7,16151,9467807.20,04-Sep-2026,941,INE781S01027
VENUSPIPES,EQ,1607.6,1645,1596,1631,1625,1594.8,91566,148761287.80,04-Sep-2026,6869,INE0JA001018
VENUSREM,BE,1705,1778.8,1666,1694.4,1700.5,1701.9,30621,52310745.10,04-Sep-2026,1377,INE411B01019
VERANDA,EQ,244.3,244.44,239.01,242.63,244,242.27,139217,33608132.48,04-Sep-2026,2225,INE0IQ001011
VERITAAS,SM,29.95,30,29.9,29.9,29.9,31.45,8400,251460.00,04-Sep-2026,6,INE0SRI01019
VERTEXPLUS,SM,51.7,56.7,51.3,56.7,56.7,54,3000,160800.00,04-Sep-2026,5,INE0NLB01018
VERTIS,IV,115.05,115.05,115.05,115.05,115.05,115,50000,5752500.00,04-Sep-2026,2,INE0KXY23015
VERTOZ,EQ,38.13,39.22,37,37.66,37,38.63,51344,1955283.68,04-Sep-2026,503,INE188Y01031
VESUVIUS,EQ,420,423.6,418.35,419.15,419.5,420,40711,17106837.35,04-Sep-2026,2493,INE386A01023
VETO,BE,127.97,129.25,123.1,125.5,126.37,127.97,31452,3931402.17,04-Sep-2026,123,INE918N01018
VSTL,EQ,115.15,118.35,115,117.66,117.2,115.15,22471,2628716.72,04-Sep-2026,566,INE0QTF01015
VGCL,EQ,54.59,54.84,51.07,52.62,52.19,52.36,7319,390144.38,04-Sep-2026,149,INE761Q01015
VHLTD,BE,116.39,118.44,116.39,118.21,117.26,116.39,25936,3052857.59,04-Sep-2026,82,INE048C01025
VHLTD-RE1,BE,0.49,0.49,0.49,0.49,0.49,0.35,93359,45745.91,04-Sep-2026,24,INE048C20025
VICTORYEV,SM,15.15,15.65,15.15,15.65,15.65,15.2,12000,185400.00,04-Sep-2026,4,INE0F8901022
VIDHIING,EQ,345,350.5,342.2,347.75,347.15,342.8,10251,3542497.10,04-Sep-2026,471,INE632C01026
VIDYAWIRES,EQ,89.99,90.51,88.53,90.13,89.9,89.45,838636,75088739.03,04-Sep-2026,8510,INE14UN01029
VIGOR,ST,101.3,105,101.3,102.5,102.5,101.3,32000,3339680.00,04-Sep-2026,20,INE1DM601016
VIJSOLX,EQ,678,693.7,678,687.7,693.7,684.4,222,152564.45,04-Sep-2026,49,INE362D01010
VIJAYA,EQ,1511,1521.6,1490,1493.2,1490,1505.5,45618,68471204.90,04-Sep-2026,9312,INE043W01024
VIJAYPD,SM,67.6,67.6,63,63,63,69.9,54000,3444700.00,04-Sep-2026,9,INE0WL901019
VIJIFIN,BE,16.58,16.58,16.58,16.58,16.58,16.26,20326,337005.08,04-Sep-2026,44,INE159N01027
VIKASECO,EQ,1.08,1.09,1.07,1.07,1.07,1.08,1815757,1962919.23,04-Sep-2026,1062,INE806A01020
VIKASLIFE,EQ,1.3,1.31,1.28,1.29,1.3,1.3,1315249,1703268.10,04-Sep-2026,8430,INE161L01027
VIKRAMSOLR,EQ,173,175.6,167.85,168.45,168.5,171.65,3550735,608902886.21,04-Sep-2026,29320,INE078V01014
VIKRAN,EQ,57.68,61.5,57.67,60.77,60.98,57.68,1930821,115452290.56,04-Sep-2026,8512,INE01R501028
VILAS,SM,356.1,360,350,353.7,352.1,356.1,21750,7732750.00,04-Sep-2026,68,INE0AZY01017
VILINBIO,SM,51.6,54.25,51.6,54.25,54.25,51.7,68000,3671200.00,04-Sep-2026,17,INE0L4V01013
VIMTALABS,EQ,655.45,657,631.05,635.65,639.5,652.25,219490,141175175.35,04-Sep-2026,11395,INE579C01029
VINATIORGA,EQ,1328,1336,1309,1310.7,1309,1313.7,57413,76000566.30,04-Sep-2026,9076,INE410B01037
VINDHYATEL,EQ,2748,2814,2710,2732.7,2717,2736.2,82288,227986949.80,04-Sep-2026,9683,INE707A01012
VINEETLAB,EQ,37.7,38.29,36.82,37.37,37.35,37.5,38381,1439291.78,04-Sep-2026,280,INE505Y01010
VMOBILE,SM,59.05,60,58.85,58.85,58.85,61,4800,285760.00,04-Sep-2026,6,INE27V201011
VINNY,EQ,1.04,1.04,1,1.02,1.02,1.03,236444,242333.76,04-Sep-2026,172,INE01KI01027
VINSYS,ST,598,598,597,597,597,597,750,448000.00,04-Sep-2026,3,INE0OSJ01014
VINCOFE,EQ,176.8,177.66,168.18,170.65,171.1,176.48,2286890,397812133.51,04-Sep-2026,19538,INE498Q01014
VINYAS,SM,1555,1600,1550,1559.35,1560,1537.55,6700,10536155.00,04-Sep-2026,53,INE0OLS01010
VINYLINDIA,EQ,227.94,234,224,232.38,233.6,227.94,10241,2379015.87,04-Sep-2026,314,INE250B01029
VIPCLOTHNG,EQ,20.5,20.7,19.92,20.15,20.19,20.17,82615,1668526.88,04-Sep-2026,309,INE450G01024
VIPIND,EQ,309.8,317.75,308.95,314.05,313,310.35,440277,138278530.75,04-Sep-2026,6947,INE054A01027
VIPULLTD,BE,13.98,13.98,13.98,13.98,13.98,14.26,2455,34320.90,04-Sep-2026,62,INE946H01037
VIRAT,EQ,430,436.4,414.3,423.35,424,429.5,5617,2367871.20,04-Sep-2026,128,INE467D01017
VIRINCHI,EQ,14.85,15.08,14.38,14.7,14.74,14.86,115200,1687086.54,04-Sep-2026,265,INE539B01017
VGINFOTECH,SM,143.8,143.95,138,139.4,139.9,143.75,64000,8959850.00,04-Sep-2026,60,INE0VRH01015
VIRTUALG,BE,0.49,0.49,0.47,0.47,0.48,0.48,279547,133946.27,04-Sep-2026,269,INE247C01023
VOEPL,EQ,545.9,558.45,540.05,553.2,554.9,545.9,95767,52619922.45,04-Sep-2026,2104,INE0I0T01010
VISACHROME,EQ,40.49,40.49,37.8,38.34,38.09,39.53,33107,1275080.00,04-Sep-2026,207,INE286H01012
VIVIDHA,EQ,0.52,0.54,0.5,0.52,0.53,0.5,80310,41638.22,04-Sep-2026,131,INE370E01029
VISAKAIND,EQ,90.5,96,90.18,93.37,94.5,90.5,440201,40961940.05,04-Sep-2026,4419,INE392A01021
VISAMAN,SM,61.4,61.4,61.4,61.4,61.4,64.6,521000,31989400.00,04-Sep-2026,14,INE0BHK01012
VISDEM,SM,94.7,107.95,94.7,103.75,105,94.7,24000,2432340.00,04-Sep-2026,20,INE0OWX01025
VISHAL,EQ,18.92,19.1,18.22,18.67,18.78,18.47,55662,1041690.13,04-Sep-2026,353,INE755Q01025
VMM,EQ,107,107.39,105.92,106.14,106.14,107.8,7783965,829985261.55,04-Sep-2026,75778,INE01EA01019
VISHNU,EQ,694.1,723.2,681,702,699.8,688.45,623372,441196865.25,04-Sep-2026,25286,INE270I01022
VPRPL,EQ,36.99,37.7,36,36.28,36.4,35.99,589692,21596467.63,04-Sep-2026,3806,INE0AE001013
VISHNUINFR,SM,160,160.5,158,158,158,160.55,1500,239250.00,04-Sep-2026,3,INE0PQ001012
VISHWARAJ,EQ,6,6.03,5.86,5.9,5.9,5.93,290468,1718418.43,04-Sep-2026,576,INE430N01022
VIESL,SM,393,398,384,393.1,388,396.35,44000,17183560.00,04-Sep-2026,51,INE0TR001017
VITAL,EQ,54,56,53.55,55.72,56,54.49,15658,856987.10,04-Sep-2026,58,INE0L4K01016
VIVIANA,BE,761,804.7,751.25,804.7,804.7,766.4,24977,19681439.35,04-Sep-2026,871,INE0MEG01014
VIVIDEL,SM,1631.55,1648,1565,1591.6,1581.05,1631.55,27360,44099004.00,04-Sep-2026,105,INE24H301028
VIVIMEDLAB,BE,6.41,6.67,6.41,6.58,6.67,6.54,211247,1376107.15,04-Sep-2026,172,INE526G01021
VIVOBIOT,EQ,18.79,19.38,18.32,18.8,19,18.7,13081,247738.39,04-Sep-2026,116,INE380K01017
VIYASH,EQ,260.8,268.3,260.75,265.85,266.15,260.45,3313584,878066516.80,04-Sep-2026,26625,INE807F01027
VLEGOV,BE,10.76,10.86,10.11,10.61,10.82,10.48,72389,777617.46,04-Sep-2026,241,INE03HW01020
VLSFINANCE,EQ,245.2,248.35,245.2,246.44,247.05,246.57,6476,1593892.96,04-Sep-2026,156,INE709A01018
VMART,EQ,841,847,813.3,824.2,822.1,839.1,68219,56503394.55,04-Sep-2026,7962,INE665J01013
VMSTMT,EQ,46,46,45.02,45.46,45.36,45.53,19824,901176.10,04-Sep-2026,236,INE0SJA01013
IDEA,EQ,14.53,15.16,14.51,15.02,15.02,14.48,525960563,7870972078.36,04-Sep-2026,774211,INE669E01016
VOITHPAPR,EQ,1490,1504.4,1455.1,1458.6,1455.1,1480.2,643,950431.40,04-Sep-2026,57,INE285C01015
VOLERCAR,SM,214.95,252,214.95,246.95,252,210,160800,38209360.00,04-Sep-2026,91,INE241X01014
VOLTAMP,EQ,11206,11550,11206,11418,11426,11182,50836,581442515.00,04-Sep-2026,17493,INE540H01012
VOLTAS,EQ,1172,1189.7,1167,1170,1170,1178,460619,543177400.90,04-Sep-2026,22604,INE226A01021
VRAJ,EQ,122.26,125.71,120.24,121.71,122.48,122.71,12164,1488552.35,04-Sep-2026,409,INE0S2V01010
VRLLOG,EQ,297.3,298.95,294.8,297.7,296.6,297.85,133531,39741467.15,04-Sep-2026,5719,INE366I01010
VSTIND,EQ,207.95,209.02,207.21,208.15,208.3,207.96,96626,20111630.30,04-Sep-2026,3519,INE710A01016
VSTTILLERS,EQ,4196.1,4220.4,4151.8,4187.6,4152.5,4175.3,4042,16945556.90,04-Sep-2026,951,INE764D01017
WHBRADY,EQ,500.3,500.3,480,482.2,481.3,497.85,248,120912.20,04-Sep-2026,21,INE855A01019
WPIL,EQ,446.8,452.6,440,443.9,444,445.5,12409,5513970.45,04-Sep-2026,814,INE765D01022
WSI,EQ,59.65,61.46,58.77,60.37,60.5,59.44,64372,3876816.96,04-Sep-2026,1895,INE100D01014
WAAREEENER,EQ,2580,2650,2576.6,2635,2635,2579.9,547994,1432828154.50,04-Sep-2026,32169,INE377N01017
WAAREERTL,EQ,847.9,863.6,847.9,858.95,860.45,847.9,81592,69708691.85,04-Sep-2026,6906,INE299N01021
WAKEFIT,EQ,151.5,156.18,149.94,151.55,152.75,149.64,1231198,188254771.20,04-Sep-2026,13903,INE0E7301029
WALCHANNAG,EQ,206.94,212,206.94,208.61,208.6,206.13,400336,83721881.94,04-Sep-2026,6130,INE711A01022
WALPAR,SM,23.75,23.75,23.75,23.75,23.75,24.1,2000,47500.00,04-Sep-2026,1,INE0G2G01015
WANBURY,EQ,243.95,249.3,243,246.2,244.25,243.35,51910,12789717.10,04-Sep-2026,1519,INE107F01022
WARDINMOBI,EQ,5.85,5.89,5.7,5.86,5.88,5.7,288674,1673602.97,04-Sep-2026,684,INE945P01024
WATERBASE,EQ,48.73,48.99,47.11,48.63,48.94,47.36,22127,1066004.85,04-Sep-2026,174,INE054C01015
CORDELIA,EQ,102.5,106.96,101.81,103.9,103.39,101.87,2698667,284249691.56,04-Sep-2026,8937,INE0LZF01039
1075WCA28,N0,9633,9633,9405,9405,9405,9633,4,38304.00,04-Sep-2026,3,INE0A3007065
WEWIN,EQ,42,45.25,40.83,41.91,41.25,42.53,2680,111994.61,04-Sep-2026,55,INE082W01014
TWCGOLDETF,EQ,152.95,153.52,152.54,152.93,153.12,152.19,5230,800235.80,04-Sep-2026,119,INF2F0001370
WEALTH,EQ,850,850,831.15,841.7,848.4,847.5,1333,1123960.70,04-Sep-2026,182,INE658T01017
WEBELSOLAR,EQ,77.6,79.8,73.55,74.53,74.25,77.33,2610445,199205752.90,04-Sep-2026,15138,INE855C01023
WEIZMANIND,EQ,76.78,76.78,72.2,74.5,74.79,74.21,1005,74060.98,04-Sep-2026,47,INE080A01014
WELCORP,EQ,2649.2,2662,2566,2590.6,2573.9,2641.6,1247810,3260493473.30,04-Sep-2026,90933,INE191B01025
WELENT,EQ,761.8,825,757.4,813.6,818,764.75,2915318,2347717221.80,04-Sep-2026,76010,INE625G01013
WELINV,BE,2187.9,2230.7,2187.9,2230.7,2230.7,2187,89,197761.90,04-Sep-2026,10,INE389K01018
WELSPUNLIV,EQ,201,209.93,199.9,208.51,209,200.61,7470859,1540684488.28,04-Sep-2026,54289,INE192B01031
WELSPLSOL,EQ,56.95,59.95,56.01,59.55,59.85,56.02,4319775,253749951.00,04-Sep-2026,19334,INE731F01037
WENDT,EQ,8359,8360,8124,8160,8152,8307,4236,34736768.00,04-Sep-2026,1236,INE274C01019
WSTCSTPAPR,EQ,655.35,662.65,643.1,650.25,652.8,656.95,276595,181299648.75,04-Sep-2026,13751,INE976A01021
WCIL,EQ,84.4,84.76,83.06,83.38,83.06,83.96,25920,2176883.95,04-Sep-2026,784,INE0CJF01024
WESTLIFE,EQ,540.55,542,528.1,530.6,528.4,540.55,34235,18270806.05,04-Sep-2026,2315,INE274F01020
WEWORK,EQ,662,681.65,659.25,666.95,668.75,654.7,335811,225976465.25,04-Sep-2026,19077,INE085001019
WHEELS,EQ,1660,1778.7,1645.2,1724.9,1725,1654.4,336451,577445967.90,04-Sep-2026,28376,INE715A01015
WHIRLPOOL,EQ,805.95,820.65,802.4,815.95,818.7,804.4,193831,157603054.05,04-Sep-2026,13291,INE716A01013
WILLAMAGOR,EQ,26.5,26.5,24,25.4,25.46,24.58,4157,103049.36,04-Sep-2026,74,INE210A01017
WINDLAS,EQ,1129.9,1152.4,1115,1126.35,1131,1127.1,190854,216628386.55,04-Sep-2026,13776,INE0H5O01029
WINDMACHIN,EQ,312,312.75,302,304.25,306.85,312.1,39051,12035674.35,04-Sep-2026,943,INE052A01021
WINSOL,SM,111.95,120,111.95,116,116,112.5,8000,936220.00,04-Sep-2026,19,INE0S3D01016
WIPRO,EQ,176.74,178.75,176.4,176.4,176.4,175.72,6882678,1222502362.77,04-Sep-2026,48742,INE075A01022
WTICAB,SM,110,110,104,104.15,104,107,21500,2273950.00,04-Sep-2026,41,INE623Y01011
WOCKPHARMA,EQ,1980,2108.5,1976.1,2088.7,2097,1950.6,3557646,7325712597.30,04-Sep-2026,156657,INE049B01025
WOL3D,SM,136,136.5,136,136.5,136.5,130,2000,272500.00,04-Sep-2026,2,INE0OO201011
WOMANCART,ST,111.9,113,104.1,105.7,107.95,108.3,20000,2169500.00,04-Sep-2026,38,INE0Q9601016
WEL,EQ,79.25,79.25,75.41,76.03,76,79.37,1935872,147960005.65,04-Sep-2026,8169,INE02WG01024
WONDERLA,EQ,525,536.7,520,533.9,534.5,525.25,74859,39601312.50,04-Sep-2026,4214,INE066O01014
WORTHPERI,EQ,157,157,152.7,154.99,155,153.99,4169,641987.80,04-Sep-2026,80,INE196Y01018
XCHANGING,EQ,60.4,61.55,60.25,61.4,61.54,60.99,61684,3764739.55,04-Sep-2026,663,INE692G01013
XELPMOC,EQ,79.41,81.7,78.51,80.14,80.97,79.4,24153,1923822.86,04-Sep-2026,556,INE01P501012
XPROINDIA,EQ,1279,1337.4,1279,1325.1,1321.5,1280.3,154351,202552331.00,04-Sep-2026,8506,INE445C01015
XTGLOBAL,EQ,32.39,33.04,30.35,31.69,31.8,31.58,190376,6055792.23,04-Sep-2026,1262,INE547B01028
XTRANET,EQ,197.2,234.24,193.11,234.24,234.24,195.2,5584599,1262045286.66,04-Sep-2026,39510,INE0NG701011
YAAP,SM,141.9,141.9,135,137.8,138,132,39000,5367900.00,04-Sep-2026,39,INE0U0J01015
YASHOPTICS,SM,122,125,122,123.75,123,121,7200,889080.00,04-Sep-2026,9,INE0TO601017
YASHO,EQ,4080,4184.6,3966.1,4134.1,4142,4051.2,38997,159014984.10,04-Sep-2026,7784,INE616Z01012
YCCL,SM,9.25,9.25,8.4,8.6,8.4,9.25,27000,241500.00,04-Sep-2026,9,INE08S201019
YATHARTH,EQ,971.5,994.7,963.1,991.1,992.2,962.3,314144,309134504.70,04-Sep-2026,14526,INE0JO301016
YATRA,EQ,113.2,116.25,112.65,113.49,113.5,113.08,1067659,122230656.85,04-Sep-2026,11837,INE0JR601024
YESBANK,EQ,22.47,22.62,22.44,22.5,22.5,22.54,31739702,714928561.27,04-Sep-2026,64395,INE528G01035
YOGI,EQ,167,167,163.45,163.45,163.45,161.9,90,14825.00,04-Sep-2026,5,INE290E01011
YUDIZ,SM,25.8,26.95,25.5,26.95,26.95,25.8,2400,62600.00,04-Sep-2026,3,INE09FA01019
YUKEN,EQ,1010.05,1024.95,999,1010.8,1014,1010.05,9116,9223074.30,04-Sep-2026,910,INE384C01016
ZFSTEERING,EQ,673,677.9,661,667.5,667,667.75,7552,5023066.80,04-Sep-2026,163,INE116C01012
ZTECH,SM,493.15,500,468,476.3,468,498,25800,12430950.00,04-Sep-2026,77,INE0ISZ01012
ZAGGLE,EQ,183.5,186.98,180.1,180.77,181.11,182.63,912980,166114727.54,04-Sep-2026,9981,INE07K301024
ZEAL,SM,66,66,65,65.5,65.5,65,1800,117900.00,04-Sep-2026,3,INE0PPS01018
ZEEL,EQ,92,92.95,90.5,91.61,91.52,91.64,13036739,1191582646.95,04-Sep-2026,52576,INE256A01028
ZEELEARN,BE,7.2,7.36,6.92,7.09,7.17,7.19,452784,3196621.52,04-Sep-2026,687,INE565L01011
ZEEMEDIA,EQ,8.31,8.34,8.1,8.22,8.32,8.11,1442303,11832974.88,04-Sep-2026,1680,INE966H01019
ZENTEC,EQ,1810.8,1838.2,1795.2,1801.4,1799,1810.3,169326,307724705.20,04-Sep-2026,13069,INE251B01027
ZENITHDRUG,SM,40.5,43,40.5,42.75,43,39.85,11200,474080.00,04-Sep-2026,13,INE0QWN01013
ZENITHSTL,EQ,5.39,6.43,5.25,5.9,5.81,5.37,845763,5126569.76,04-Sep-2026,1281,INE318D01020
ZENSARTECH,EQ,468.5,475.95,460.5,461.55,461.7,465.45,499424,232508256.00,04-Sep-2026,16414,INE520A01027
GOLDCASE,EQ,24.51,24.51,24.13,24.21,24.22,24.03,8672063,210100334.22,04-Sep-2026,9012,INF0R8F01042
LIQUIDCASE,EQ,115.81,115.81,115.79,115.8,115.79,115.76,18435860,2134869531.47,04-Sep-2026,15767,INF0R8F01034
LTGILTCASE,EQ,30.45,30.6,30.38,30.41,30.42,30.42,131619,4004643.67,04-Sep-2026,194,INF0R8F01133
MID150CASE,EQ,11.72,11.74,11.65,11.68,11.7,11.68,879546,10292722.15,04-Sep-2026,3209,INF0R8F01059
NIFTYCASE,EQ,9.8,9.8,9.59,9.64,9.64,9.59,560039,5397655.63,04-Sep-2026,1342,INF0R8F01166
SILVERCASE,EQ,23.3,23.88,23.3,23.61,23.63,23.3,5606876,132380172.22,04-Sep-2026,5687,INF0R8F01091
SML100CASE,EQ,11.49,11.5,11.4,11.43,11.44,11.41,2300711,26331470.76,04-Sep-2026,1744,INF0R8F01141
TOP100CASE,EQ,10.54,10.57,10.5,10.54,10.56,10.52,498182,5255212.29,04-Sep-2026,1015,INF0R8F01067
ZFCVINDIA,EQ,2532,2575,2514,2551.9,2550.1,2524.8,30385,77236917.20,04-Sep-2026,8920,INE342J01019
ZIMLAB,EQ,128.66,129,125.25,125.5,125.25,128.02,54799,6951981.07,04-Sep-2026,871,INE518E01015
ZODIACLOTH,EQ,72.4,73.12,71.43,72.23,73,72.85,9323,675030.05,04-Sep-2026,220,INE206B01013
ZODIAC,EQ,242.99,246,237,240.17,238.1,240.22,11622,2797680.22,04-Sep-2026,388,INE761Y01019
ZOTA,EQ,1100,1159.3,1100,1132.4,1128.5,1101.2,91901,104564890.00,04-Sep-2026,5781,INE358U01012
ZUARI,EQ,225,226.99,224.42,225.56,226.1,225.04,66309,14963113.46,04-Sep-2026,1148,INE840M01016
ZUARIIND,EQ,273.9,279.35,271.8,276.45,275.05,273.2,45048,12370663.40,04-Sep-2026,1427,INE217A01012
ZYDUSLIFE,EQ,1146,1146,1120,1120,1120,1143,516768,584161932.30,04-Sep-2026,17541,INE010B01027
ZYDUSWELL,EQ,536.95,546.6,527.15,531.7,530,538.2,209449,112801571.30,04-Sep-2026,17559,INE768C01028
